Price,Adj Close,Close,High,Low,Open,Volume
Ticker,SLB,SLB,SLB,SLB,SLB,SLB
Date,,,,,,
1995-01-03,6.541036128997803,12.78125,12.8125,12.65625,12.6875,2851600
1995-01-04,6.573020935058594,12.84375,12.9375,12.75,12.78125,1824000
1995-01-05,6.541036128997803,12.78125,12.90625,12.6875,12.875,1222400
1995-01-06,6.589013576507568,12.875,12.90625,12.78125,12.8125,1411200
1995-01-09,6.700962543487549,13.09375,13.125,12.875,12.875,4362400
1995-01-10,6.509048938751221,12.71875,13.15625,12.6875,13.15625,4611600
1995-01-11,6.541036128997803,12.78125,12.78125,12.53125,12.71875,2719600
1995-01-12,6.493057727813721,12.6875,12.75,12.625,12.75,1889600
1995-01-13,6.477067470550537,12.65625,12.75,12.625,12.6875,1987200
1995-01-16,6.509048938751221,12.71875,12.78125,12.625,12.71875,1120800
1995-01-17,6.636992454528809,12.96875,12.96875,12.75,12.75,1638400
1995-01-18,6.652981758117676,13.0,13.09375,12.9375,13.0,2253600
1995-01-19,6.732948780059815,13.15625,13.21875,13.0,13.03125,3107600
1995-01-20,6.796921730041504,13.28125,13.3125,13.15625,13.1875,4588000
1995-01-23,6.780928611755371,13.25,13.3125,13.125,13.125,2612400
1995-01-24,6.732948780059815,13.15625,13.375,13.15625,13.375,1499200
1995-01-25,6.908872127532959,13.5,13.6875,13.25,13.34375,7383600
1995-01-26,6.908872127532959,13.5,13.5625,13.40625,13.5625,1104800
1995-01-27,6.924859523773193,13.53125,13.59375,13.46875,13.53125,1575200
1995-01-30,6.860894680023193,13.40625,13.53125,13.40625,13.53125,1118800
1995-01-31,6.748944282531738,13.1875,13.4375,13.15625,13.4375,1938800
1995-02-01,6.716958522796631,13.125,13.3125,13.125,13.25,1742800
1995-02-02,6.780928611755371,13.25,13.3125,13.125,13.21875,2274000
1995-02-03,6.892877101898193,13.46875,13.5625,13.25,13.25,2632000
1995-02-06,7.020820617675781,13.71875,13.8125,13.46875,13.5,3085200
1995-02-07,6.988829612731934,13.65625,13.71875,13.59375,13.71875,1811200
1995-02-08,7.020820617675781,13.71875,13.8125,13.65625,13.65625,1546000
1995-02-09,6.940854549407959,13.5625,13.75,13.5625,13.75,1228000
1995-02-10,6.924859523773193,13.53125,13.65625,13.4375,13.625,1284400
1995-02-13,7.020820617675781,13.71875,13.75,13.6875,13.71875,2143200
1995-02-14,7.036810874938965,13.75,13.75,13.65625,13.71875,1463600
1995-02-15,7.068797111511231,13.8125,13.9375,13.75,13.75,2438400
1995-02-16,7.036810874938965,13.75,13.875,13.75,13.84375,1126800
1995-02-17,7.1807475090026855,14.03125,14.125,13.8125,13.8125,3650000
1995-02-21,7.299726963043213,14.1875,14.34375,14.0625,14.09375,2990800
1995-02-22,7.364045143127441,14.3125,14.34375,14.1875,14.25,2660400
1995-02-23,7.315809726715088,14.21875,14.375,14.15625,14.375,2018400
1995-02-24,7.380125045776367,14.34375,14.375,14.21875,14.21875,2122800
1995-02-27,7.283652305603027,14.15625,14.375,14.125,14.28125,2399600
1995-02-28,7.315809726715088,14.21875,14.4375,14.15625,14.15625,2330400
1995-03-01,7.283652305603027,14.15625,14.3125,14.125,14.3125,2624400
1995-03-02,7.4283576011657715,14.4375,14.4375,14.125,14.15625,2086800
1995-03-03,7.331887722015381,14.25,14.375,14.125,14.375,2071200
1995-03-06,7.364045143127441,14.3125,14.34375,14.15625,14.21875,1764400
1995-03-07,7.315809726715088,14.21875,14.46875,14.15625,14.34375,1639200
1995-03-08,7.412280082702637,14.40625,14.53125,14.25,14.25,2361200
1995-03-09,7.347966194152832,14.28125,14.40625,14.1875,14.34375,1558400
1995-03-10,7.412280082702637,14.40625,14.4375,14.125,14.21875,2298400
1995-03-13,7.492673873901367,14.5625,14.59375,14.34375,14.40625,1689200
1995-03-14,7.4283576011657715,14.4375,14.8125,14.4375,14.6875,1784800
1995-03-15,7.380125045776367,14.34375,14.40625,14.25,14.25,1481600
1995-03-16,7.492673873901367,14.5625,14.59375,14.3125,14.34375,2404400
1995-03-17,7.540907859802246,14.65625,14.65625,14.5625,14.59375,2273200
1995-03-20,7.476594924926758,14.53125,14.6875,14.46875,14.65625,1622800
1995-03-21,7.4283576011657715,14.4375,14.53125,14.3125,14.5,1590000
1995-03-22,7.508749485015869,14.59375,14.65625,14.375,14.46875,2189200
1995-03-23,7.540907859802246,14.65625,14.6875,14.5,14.5625,2388800
1995-03-24,7.524832248687744,14.625,14.6875,14.53125,14.59375,1106000
1995-03-27,7.573065757751465,14.71875,14.71875,14.5,14.6875,1146800
1995-03-28,7.621304988861084,14.8125,14.8125,14.59375,14.75,2034400
1995-03-29,7.589144229888916,14.75,14.875,14.625,14.6875,3263600
1995-03-30,7.621304988861084,14.8125,14.90625,14.59375,14.6875,2387600
1995-03-31,7.669535160064697,14.90625,15.03125,14.5625,14.5625,3363600
1995-04-03,7.556988716125488,14.6875,14.96875,14.65625,14.90625,2084800
1995-04-04,7.573065757751465,14.71875,14.78125,14.59375,14.6875,2306800
1995-04-05,7.669535160064697,14.90625,14.90625,14.71875,14.75,2889200
1995-04-06,7.653459548950195,14.875,14.96875,14.75,14.9375,1572000
1995-04-07,7.717775821685791,15.0,15.0,14.78125,14.9375,1284000
1995-04-10,7.621304988861084,14.8125,14.9375,14.78125,14.84375,1462000
1995-04-11,7.605221748352051,14.78125,14.8125,14.65625,14.8125,1522000
1995-04-12,7.589144229888916,14.75,14.84375,14.6875,14.8125,1038400
1995-04-13,7.573065757751465,14.71875,14.78125,14.6875,14.6875,1046000
1995-04-17,7.508749485015869,14.59375,14.84375,14.59375,14.78125,2337200
1995-04-18,7.540907859802246,14.65625,14.78125,14.53125,14.625,1921200
1995-04-19,7.701693534851074,14.96875,15.03125,14.6875,14.6875,3125600
1995-04-20,8.16798210144043,15.875,15.90625,15.34375,15.40625,9348800
1995-04-21,8.16798210144043,15.875,16.0,15.625,15.875,6975600
1995-04-24,8.232291221618652,16.0,16.0,15.75,15.75,2712800
1995-04-25,8.184059143066406,15.90625,15.9375,15.65625,15.75,2966800
1995-04-26,8.151899337768555,15.84375,15.90625,15.75,15.75,1652400
1995-04-27,8.151899337768555,15.84375,15.90625,15.71875,15.71875,1714400
1995-04-28,8.087587356567383,15.71875,15.875,15.71875,15.84375,1523200
1995-05-01,8.312686920166016,16.15625,16.21875,15.875,15.875,4546800
1995-05-02,8.232291221618652,16.0,16.09375,15.90625,16.09375,2996000
1995-05-03,8.28053092956543,16.09375,16.21875,16.0,16.0,3720400
1995-05-04,8.344841957092285,16.21875,16.21875,16.0625,16.0625,2228800
1995-05-05,8.296609878540039,16.125,16.25,16.03125,16.21875,1556400
1995-05-08,8.28053092956543,16.09375,16.1875,16.03125,16.0625,1632400
1995-05-09,8.184059143066406,15.90625,16.15625,15.875,16.09375,1891200
1995-05-10,8.16798210144043,15.875,16.03125,15.71875,15.90625,2025200
1995-05-11,8.119743347167969,15.78125,15.84375,15.65625,15.8125,3313600
1995-05-12,8.119743347167969,15.78125,15.78125,15.6875,15.71875,2180000
1995-05-15,8.087587356567383,15.71875,15.90625,15.6875,15.6875,1970800
1995-05-16,8.441315650939941,16.40625,16.46875,15.75,15.75,4412000
1995-05-17,8.48955249786377,16.5,16.59375,16.3125,16.34375,4984000
1995-05-18,8.328763008117676,16.1875,16.5,16.15625,16.4375,1812800
1995-05-19,8.28053092956543,16.09375,16.1875,16.03125,16.09375,2867200
1995-05-22,8.087587356567383,15.71875,16.125,15.71875,16.09375,2113600
1995-05-23,8.184059143066406,15.90625,15.96875,15.78125,15.8125,2429200
1995-05-24,8.296609878540039,16.125,16.125,16.03125,16.0625,3826000
1995-05-25,8.409162521362305,16.34375,16.4375,16.1875,16.25,3556000
1995-05-26,8.23127269744873,15.90625,16.28125,15.875,16.21875,3256000
1995-05-30,8.247443199157715,15.9375,16.09375,15.875,15.9375,1143600
1995-05-31,8.409160614013672,16.25,16.25,15.96875,16.0,1858400
1995-06-01,8.392984390258789,16.21875,16.3125,16.09375,16.25,1907600
1995-06-02,8.360645294189453,16.15625,16.28125,16.03125,16.15625,1497600
1995-06-05,8.425332069396973,16.28125,16.4375,16.15625,16.15625,1957600
1995-06-06,8.441502571105957,16.3125,16.4375,16.25,16.3125,1926800
1995-06-07,8.376811981201172,16.1875,16.28125,16.15625,16.28125,1100400
1995-06-08,8.360645294189453,16.15625,16.1875,16.125,16.15625,1169200
1995-06-09,8.247443199157715,15.9375,16.15625,15.90625,16.125,907200
1995-06-12,8.182760238647461,15.8125,16.03125,15.8125,16.0,1317600
1995-06-13,8.23127269744873,15.90625,16.15625,15.78125,15.78125,1465600
1995-06-14,8.328302383422852,16.09375,16.15625,15.875,15.9375,1921200
1995-06-15,8.457676887512207,16.34375,16.4375,16.0625,16.09375,2270800
1995-06-16,8.554699897766113,16.53125,16.59375,16.40625,16.46875,3610000
1995-06-19,8.522359848022461,16.46875,16.65625,16.4375,16.53125,2190800
1995-06-20,8.409160614013672,16.25,16.46875,16.25,16.375,2044800
1995-06-21,7.972530841827393,15.40625,16.21875,15.375,16.125,5314000
1995-06-22,8.037217140197754,15.53125,15.59375,15.4375,15.46875,4797600
1995-06-23,8.166589736938477,15.78125,15.90625,15.5625,15.5625,4431200
1995-06-26,8.101899147033691,15.65625,15.71875,15.5625,15.71875,2028000
1995-06-27,8.23127269744873,15.90625,15.9375,15.625,15.625,2405600
1995-06-28,8.247443199157715,15.9375,16.0,15.71875,15.875,2220800
1995-06-29,8.182760238647461,15.8125,16.03125,15.78125,15.9375,2255600
1995-06-30,8.037217140197754,15.53125,15.796875,15.4375,15.75,2012000
1995-07-03,8.101899147033691,15.65625,15.71875,15.53125,15.53125,450000
1995-07-05,8.004875183105469,15.46875,15.65625,15.4375,15.625,2411200
1995-07-06,8.101899147033691,15.65625,15.75,15.5,15.5,1950400
1995-07-07,8.279786109924316,16.0,16.0,15.5,15.71875,3487200
1995-07-10,8.085728645324707,15.625,16.03125,15.59375,15.9375,1908800
1995-07-11,8.134247779846191,15.71875,15.78125,15.59375,15.59375,1975600
1995-07-12,8.150415420532227,15.75,15.84375,15.53125,15.71875,1726000
1995-07-13,8.182760238647461,15.8125,15.84375,15.6875,15.78125,769200
1995-07-14,8.279786109924316,16.0,16.03125,15.71875,15.96875,1305600
1995-07-17,8.344472885131836,16.125,16.15625,16.0,16.03125,1774000
1995-07-18,8.247443199157715,15.9375,16.09375,15.8125,16.0625,1836800
1995-07-19,8.150415420532227,15.75,16.03125,15.65625,15.90625,3106000
1995-07-20,8.473846435546875,16.375,16.375,16.0,16.0625,3811600
1995-07-21,8.68407154083252,16.78125,16.84375,16.375,16.375,7560800
1995-07-24,8.635558128356934,16.6875,16.875,16.625,16.78125,2082800
1995-07-25,8.522359848022461,16.46875,16.65625,16.34375,16.65625,2160000
1995-07-26,8.748760223388672,16.90625,16.9375,16.6875,16.6875,4335200
1995-07-27,8.716418266296387,16.84375,16.90625,16.78125,16.875,2680800
1995-07-28,8.732583045959473,16.875,16.96875,16.75,16.875,1888800
1995-07-31,8.667903900146484,16.75,16.875,16.5,16.875,2622400
1995-08-01,8.603217124938965,16.625,16.6875,16.46875,16.6875,2156400
1995-08-02,8.619390487670898,16.65625,16.71875,16.5625,16.6875,1305200
1995-08-03,8.554699897766113,16.53125,16.625,16.375,16.625,2230800
1995-08-04,8.635558128356934,16.6875,16.71875,16.53125,16.5625,1322400
1995-08-07,8.490015029907227,16.40625,16.59375,16.375,16.59375,1757600
1995-08-08,8.522359848022461,16.46875,16.59375,16.34375,16.40625,1073600
1995-08-09,8.441502571105957,16.3125,16.46875,16.25,16.46875,1138400
1995-08-10,8.409160614013672,16.25,16.40625,16.125,16.3125,1573600
1995-08-11,8.441502571105957,16.3125,16.40625,16.21875,16.40625,1299200
1995-08-14,8.392984390258789,16.21875,16.28125,16.15625,16.25,2318800
1995-08-15,8.328302383422852,16.09375,16.21875,15.875,16.15625,2684400
1995-08-16,8.182760238647461,15.8125,16.0625,15.71875,16.0625,2495600
1995-08-17,8.134247779846191,15.71875,15.78125,15.625,15.625,2343600
1995-08-18,8.166589736938477,15.78125,15.875,15.65625,15.75,3437600
1995-08-21,8.166589736938477,15.78125,15.9375,15.75,15.78125,2354000
1995-08-22,8.198929786682129,15.84375,15.875,15.65625,15.75,2866400
1995-08-23,8.166589736938477,15.78125,15.9375,15.75,15.875,2234400
1995-08-24,8.134247779846191,15.71875,15.75,15.65625,15.71875,1386400
1995-08-25,8.02104377746582,15.5,15.6875,15.5,15.65625,2817600
1995-08-28,7.956357002258301,15.375,15.59375,15.3125,15.53125,3264400
1995-08-29,8.085728645324707,15.625,15.65625,15.34375,15.34375,1833200
1995-08-30,8.264693260192871,15.875,15.875,15.46875,15.53125,4228800
1995-08-31,8.394843101501465,16.125,16.1875,15.8125,15.84375,2784800
1995-09-01,8.769030570983887,16.84375,16.90625,16.25,16.375,4389600
1995-09-05,8.996797561645508,17.28125,17.3125,16.9375,16.96875,6961200
1995-09-06,8.882912635803223,17.0625,17.1875,17.03125,17.1875,6144800
1995-09-07,8.89918041229248,17.09375,17.09375,16.9375,17.03125,3610800
1995-09-08,8.817840576171875,16.9375,17.125,16.90625,17.09375,3182800
1995-09-11,8.89918041229248,17.09375,17.09375,16.96875,17.0,2240800
1995-09-12,9.045608520507812,17.375,17.375,17.0,17.125,4162800
1995-09-13,9.029339790344238,17.34375,17.375,17.1875,17.34375,2406800
1995-09-14,9.013066291809082,17.3125,17.40625,17.21875,17.375,1398000
1995-09-15,8.947993278503418,17.1875,17.375,17.15625,17.375,2566400
1995-09-18,8.801567077636719,16.90625,17.125,16.875,17.0625,1767200
1995-09-19,8.89918041229248,17.09375,17.125,16.71875,16.78125,3216400
1995-09-20,8.89918041229248,17.09375,17.09375,16.96875,17.03125,2110000
1995-09-21,8.785296440124512,16.875,17.0625,16.75,17.0625,2141200
1995-09-22,8.655146598815918,16.625,16.78125,16.625,16.71875,2489200
1995-09-25,8.42737865447998,16.1875,16.46875,16.1875,16.375,1902400
1995-09-26,8.362303733825684,16.0625,16.34375,15.96875,16.25,2656000
1995-09-27,8.264693260192871,15.875,16.03125,15.8125,15.96875,1827600
1995-09-28,8.492456436157227,16.3125,16.40625,16.03125,16.03125,2085200
1995-09-29,8.508726119995117,16.34375,16.4375,16.28125,16.375,1228400
1995-10-02,8.508726119995117,16.34375,16.4375,16.3125,16.34375,707200
1995-10-03,8.524993896484375,16.375,16.625,16.34375,16.40625,1636800
1995-10-04,8.655146598815918,16.625,16.65625,16.28125,16.40625,1393200
1995-10-05,8.655146598815918,16.625,16.84375,16.59375,16.6875,2995600
1995-10-06,8.655146598815918,16.625,16.6875,16.59375,16.65625,1658800
1995-10-09,8.606339454650879,16.53125,16.59375,16.40625,16.59375,829600
1995-10-10,8.573801040649414,16.46875,16.46875,16.25,16.28125,1437600
1995-10-11,8.557530403137207,16.4375,16.59375,16.28125,16.40625,1234800
1995-10-12,8.524993896484375,16.375,16.46875,16.3125,16.4375,1260000
1995-10-13,8.541264533996582,16.40625,16.53125,16.40625,16.40625,1494000
1995-10-16,8.573801040649414,16.46875,16.5,16.34375,16.46875,673200
1995-10-17,8.606339454650879,16.53125,16.5625,16.34375,16.375,1090400
1995-10-18,8.752760887145996,16.8125,17.0625,16.78125,16.875,2862400
1995-10-19,8.394843101501465,16.125,16.6875,16.0,16.6875,4383200
1995-10-20,8.183345794677734,15.71875,16.0,15.71875,15.9375,5421200
1995-10-23,8.199610710144043,15.75,15.84375,15.65625,15.71875,4938400
1995-10-24,8.13453483581543,15.625,15.8125,15.625,15.78125,2981600
1995-10-25,8.150805473327637,15.65625,15.875,15.375,15.65625,3709600
1995-10-26,7.85796308517456,15.09375,15.75,14.90625,15.65625,4122800
1995-10-27,7.744078636169434,14.875,15.09375,14.71875,15.09375,4635600
1995-10-30,7.955583095550537,15.28125,15.375,15.0,15.0,3520000
1995-10-31,8.101995468139648,15.5625,15.9375,15.5625,15.6875,3792000
1995-11-01,8.118269920349121,15.59375,15.78125,15.53125,15.625,1770400
1995-11-02,8.150805473327637,15.65625,15.65625,15.53125,15.625,1492800
1995-11-03,8.069459915161133,15.5,15.6875,15.46875,15.65625,1742800
1995-11-06,8.053192138671875,15.46875,15.59375,15.4375,15.5625,1730800
1995-11-07,8.02065658569336,15.40625,15.4375,15.25,15.40625,2610400
1995-11-08,7.988116264343262,15.34375,15.5,15.3125,15.46875,2625600
1995-11-09,8.00438117980957,15.375,15.40625,15.15625,15.375,4387600
1995-11-10,7.906765460968018,15.1875,15.3125,15.09375,15.1875,1822800
1995-11-13,8.118269920349121,15.59375,15.625,15.125,15.15625,1907600
1995-11-14,8.150805473327637,15.65625,15.84375,15.59375,15.59375,2526000
1995-11-15,8.232152938842773,15.8125,15.8125,15.625,15.6875,1096400
1995-11-16,8.313493728637695,15.96875,16.0625,15.78125,15.8125,1994800
1995-11-17,8.687684059143066,16.6875,16.75,16.03125,16.0625,4720800
1995-11-20,8.606339454650879,16.53125,16.71875,16.5,16.71875,2023600
1995-11-21,8.703953742980957,16.71875,16.71875,16.5,16.5,1848800
1995-11-22,8.524993896484375,16.375,16.71875,16.375,16.71875,2258800
1995-11-24,8.622610092163086,16.5625,16.5625,16.375,16.40625,864400
1995-11-27,8.63888168334961,16.59375,16.8125,16.4375,16.5,2544800
1995-11-28,8.459918022155762,16.25,16.65625,16.21875,16.65625,3537600
1995-11-29,8.346037864685059,16.03125,16.21875,16.03125,16.1875,2268000
1995-11-30,8.264693260192871,15.875,16.125,15.78125,15.8125,2919600
1995-12-01,8.443652153015137,16.21875,16.21875,15.90625,15.96875,6225600
1995-12-04,8.703953742980957,16.71875,16.875,16.28125,16.3125,4298400
1995-12-05,8.752760887145996,16.8125,16.90625,16.75,16.75,3316800
1995-12-06,8.83410930633545,16.96875,16.96875,16.8125,16.875,2336000
1995-12-07,8.89918041229248,17.09375,17.15625,16.84375,16.84375,2795200
1995-12-08,8.850373268127441,17.0,17.125,16.875,17.125,2218000
1995-12-11,9.029339790344238,17.34375,17.46875,17.0,17.0,4848000
1995-12-12,9.029339790344238,17.34375,17.4375,17.125,17.25,2756400
1995-12-13,9.061874389648438,17.40625,17.46875,17.3125,17.4375,2840400
1995-12-14,8.980091094970703,17.15625,17.4375,17.0,17.4375,2511600
1995-12-15,8.980091094970703,17.15625,17.1875,17.09375,17.1875,3392400
1995-12-18,8.881948471069336,16.96875,17.15625,16.96875,17.09375,3304000
1995-12-19,8.931015014648438,17.0625,17.09375,16.78125,16.875,1870800
1995-12-20,9.127299308776855,17.4375,17.5625,17.0,17.0,5098000
1995-12-21,8.947373390197754,17.09375,17.4375,17.0625,17.40625,2542000
1995-12-22,9.012802124023438,17.21875,17.3125,17.09375,17.125,1580800
1995-12-26,9.012802124023438,17.21875,17.34375,17.15625,17.25,556800
1995-12-27,9.078234672546388,17.34375,17.40625,17.25,17.28125,1250800
1995-12-28,9.192729949951172,17.5625,17.625,17.21875,17.34375,1390000
1995-12-29,9.061874389648438,17.3125,17.53125,17.3125,17.46875,1613200
1996-01-02,9.061874389648438,17.3125,17.3125,17.1875,17.21875,1564400
1996-01-03,8.86558723449707,16.9375,17.28125,16.78125,16.90625,4122800
1996-01-04,8.881948471069336,16.96875,17.21875,16.84375,17.21875,2749600
1996-01-05,8.767446517944336,16.75,17.0,16.5625,16.78125,3759600
1996-01-08,8.86558723449707,16.9375,16.9375,16.875,16.875,637200
1996-01-09,8.86558723449707,16.9375,17.09375,16.875,17.0,3060400
1996-01-10,8.70201587677002,16.625,16.90625,16.59375,16.84375,2340000
1996-01-11,8.767446517944336,16.75,16.84375,16.625,16.6875,1795200
1996-01-12,8.669301986694336,16.5625,16.75,16.34375,16.75,2261600
1996-01-15,8.669301986694336,16.5625,16.625,16.4375,16.5625,1621600
1996-01-16,8.751084327697754,16.71875,16.875,16.5625,16.875,3178400
1996-01-17,8.767446517944336,16.75,16.84375,16.59375,16.71875,3409600
1996-01-18,8.86558723449707,16.9375,16.96875,16.75,16.84375,2368800
1996-01-19,8.83287239074707,16.875,16.9375,16.78125,16.9375,2201600
1996-01-22,8.84923267364502,16.90625,16.90625,16.59375,16.84375,1980800
1996-01-23,8.73473072052002,16.6875,16.90625,16.6875,16.84375,2169600
1996-01-24,8.914654731750488,17.03125,17.0625,16.6875,16.75,2040400
1996-01-25,8.73473072052002,16.6875,16.90625,16.4375,16.75,5454800
1996-01-26,8.783804893493652,16.78125,16.84375,16.5625,16.65625,3003200
1996-01-29,8.947373390197754,17.09375,17.15625,16.65625,16.65625,2652000
1996-01-30,9.241804122924805,17.65625,17.6875,17.15625,17.15625,4146400
1996-01-31,9.176377296447754,17.53125,17.625,17.34375,17.5,3542000
1996-02-01,9.389018058776855,17.9375,18.0,17.4375,17.4375,4771200
1996-02-02,9.290878295898438,17.75,17.96875,17.75,17.875,2631200
1996-02-05,9.127299308776855,17.4375,17.6875,17.375,17.6875,1684400
1996-02-06,9.16001796722412,17.5,17.5,17.28125,17.34375,1831200
1996-02-07,9.176377296447754,17.53125,17.6875,17.40625,17.5625,1923200
1996-02-08,9.192729949951172,17.5625,17.71875,17.4375,17.59375,3091600
1996-02-09,9.372663497924805,17.90625,17.90625,17.59375,17.59375,4520400
1996-02-12,9.519878387451172,18.1875,18.21875,17.84375,17.90625,2632000
1996-02-13,9.503520965576172,18.15625,18.1875,17.71875,18.0,4329200
1996-02-14,9.487160682678224,18.125,18.28125,18.0,18.15625,4359200
1996-02-15,9.830660820007324,18.78125,18.96875,18.0625,18.0625,5640800
1996-02-16,9.87973403930664,18.875,19.0,18.5,18.65625,6132400
1996-02-20,9.683446884155272,18.5,18.71875,18.4375,18.5625,3000400
1996-02-21,9.880731582641602,18.78125,18.8125,18.5,18.53125,2730800
1996-02-22,9.913616180419922,18.84375,18.84375,18.6875,18.8125,2465200
1996-02-23,9.798523902893066,18.625,18.90625,18.5,18.90625,3921600
1996-02-26,9.749204635620115,18.53125,18.875,18.5,18.625,2970800
1996-02-27,9.699885368347168,18.4375,18.5,18.03125,18.46875,2946000
1996-02-28,9.634124755859377,18.3125,18.6875,18.3125,18.4375,3245600
1996-02-29,9.584803581237791,18.21875,18.40625,18.15625,18.15625,2093600
1996-03-01,9.601247787475586,18.25,18.28125,18.0625,18.25,2193200
1996-03-04,9.617687225341797,18.28125,18.4375,18.1875,18.34375,1782000
1996-03-05,9.617687225341797,18.28125,18.3125,18.21875,18.21875,1844000
1996-03-06,9.897173881530762,18.8125,18.96875,18.25,18.28125,4302000
1996-03-07,9.864288330078123,18.75,18.8125,18.71875,18.78125,2194000
1996-03-08,9.568366050720217,18.1875,18.71875,18.125,18.71875,3811600
1996-03-11,9.798523902893066,18.625,18.625,18.125,18.125,3998800
1996-03-12,9.798523902893066,18.625,18.6875,18.46875,18.5,2620000
1996-03-13,10.258858680725098,19.5,19.75,18.78125,18.84375,4684800
1996-03-14,10.571229934692385,20.09375,20.15625,19.5625,19.5625,4771200
1996-03-15,10.225982666015623,19.4375,20.0,19.40625,20.0,4754000
1996-03-18,10.193096160888672,19.375,19.46875,19.1875,19.46875,3986400
1996-03-19,10.291740417480469,19.5625,19.78125,19.40625,19.40625,4519200
1996-03-20,10.242424964904783,19.46875,19.625,19.3125,19.53125,2142800
1996-03-21,10.176658630371094,19.34375,19.53125,19.1875,19.5,1708400
1996-03-22,10.193096160888672,19.375,19.46875,19.3125,19.40625,1376400
1996-03-25,10.291740417480469,19.5625,19.71875,19.4375,19.4375,3251600
1996-03-26,10.521912574768066,20.0,20.125,19.4375,19.4375,4893200
1996-03-27,10.423266410827637,19.8125,20.09375,19.75,20.0,3482000
1996-03-28,10.505473136901855,19.96875,20.0625,19.65625,19.6875,2234400
1996-03-29,10.40682888031006,19.78125,20.125,19.75,20.125,3005600
1996-04-01,10.768519401550291,20.46875,20.6875,20.1875,20.1875,4218800
1996-04-02,10.784964561462402,20.5,20.5,20.375,20.46875,2824400
1996-04-03,10.883596420288086,20.6875,20.78125,20.34375,20.4375,3373600
1996-04-04,11.146648406982422,21.1875,21.375,20.53125,20.53125,5486800
1996-04-08,11.080883979797363,21.0625,21.28125,20.53125,20.96875,3490800
1996-04-09,11.311053276062012,21.5,21.71875,21.15625,21.21875,4362800
1996-04-10,11.261734008789062,21.40625,21.8125,21.28125,21.46875,5609200
1996-04-11,11.261734008789062,21.40625,21.5,21.15625,21.46875,3717200
1996-04-12,11.04800510406494,21.0,21.40625,20.53125,21.40625,4919600
1996-04-15,10.883596420288086,20.6875,21.0,20.5625,21.0,3612400
1996-04-16,11.146648406982422,21.1875,21.4375,20.84375,20.9375,4353200
1996-04-17,10.768519401550291,20.46875,21.0,20.375,20.9375,2934800
1996-04-18,10.752079963684082,20.4375,20.9375,20.25,20.8125,3711600
1996-04-19,10.883596420288086,20.6875,21.03125,20.6875,20.78125,5145600
1996-04-22,11.13021183013916,21.15625,21.5625,20.96875,21.0,3074000
1996-04-23,11.04800510406494,21.0,21.25,20.875,21.1875,3608800
1996-04-24,11.393258094787598,21.65625,21.8125,21.09375,21.09375,4045600
1996-04-25,11.49189567565918,21.84375,21.84375,21.53125,21.65625,2695600
1996-04-26,11.771387100219728,22.375,22.84375,21.8125,21.84375,6591200
1996-04-29,11.639864921569824,22.125,22.4375,22.0625,22.28125,4353200
1996-04-30,11.606985092163086,22.0625,22.0625,21.9375,21.96875,3684800
1996-05-01,11.508336067199709,21.875,22.1875,21.875,22.09375,5514000
1996-05-02,11.32749843597412,21.53125,21.9375,21.46875,21.78125,5416400
1996-05-03,11.212408065795898,21.3125,21.75,21.25,21.59375,4325600
1996-05-06,11.097331047058104,21.09375,21.5625,20.875,21.28125,3457200
1996-05-07,11.113777160644531,21.125,21.21875,20.875,20.875,3652000
1996-05-08,11.080883979797363,21.0625,21.15625,20.71875,21.0625,3650800
1996-05-09,11.508336067199709,21.875,22.0,21.125,21.125,4545200
1996-05-10,11.442582130432127,21.75,22.125,21.75,22.0625,3439200
1996-05-13,11.49189567565918,21.84375,21.875,21.71875,21.8125,2822400
1996-05-14,11.639864921569824,22.125,22.28125,21.90625,21.90625,3301200
1996-05-15,11.393258094787598,21.65625,22.03125,21.53125,22.03125,3046000
1996-05-16,11.261734008789062,21.40625,21.59375,21.125,21.53125,2541200
1996-05-17,11.06445026397705,21.03125,21.40625,21.0,21.40625,3586400
1996-05-20,11.49189567565918,21.84375,21.84375,20.90625,21.03125,5820800
1996-05-21,11.557662010192873,21.96875,22.03125,21.625,21.78125,3222800
1996-05-22,11.574109077453612,22.0,22.1875,21.84375,21.96875,3162800
1996-05-23,11.68918514251709,22.21875,22.5,21.9375,22.0,3328400
1996-05-24,11.639864921569824,22.125,22.46875,22.03125,22.0625,1981200
1996-05-28,11.36037540435791,21.59375,22.125,21.59375,21.9375,2514000
1996-05-29,11.163095474243164,21.21875,21.5,21.09375,21.5,4036400
1996-05-30,11.163100242614746,21.125,21.46875,20.96875,21.0625,3961200
1996-05-31,11.014470100402832,20.84375,21.21875,20.8125,21.15625,2764000
1996-06-03,10.86584758758545,20.5625,21.0,20.46875,20.78125,3135200
1996-06-04,11.047496795654297,20.90625,21.09375,20.65625,20.71875,4143600
1996-06-05,10.981443405151367,20.78125,21.125,20.59375,20.96875,2988000
1996-06-06,10.766768455505373,20.375,20.75,20.28125,20.75,1576000
1996-06-07,10.93189525604248,20.6875,20.6875,20.03125,20.03125,4215600
1996-06-10,10.915387153625488,20.65625,20.96875,20.625,20.71875,1742000
1996-06-11,10.948418617248535,20.71875,20.9375,20.65625,20.65625,2375600
1996-06-12,11.014470100402832,20.84375,20.9375,20.53125,20.78125,2743600
1996-06-13,11.113551139831545,21.03125,21.0625,20.8125,20.90625,2528800
1996-06-14,10.997957229614258,20.8125,21.0625,20.71875,21.0625,3018800
1996-06-17,10.733739852905272,20.3125,20.78125,20.3125,20.78125,2343600
1996-06-18,10.717228889465332,20.28125,20.5625,20.28125,20.375,3878800
1996-06-19,10.66768741607666,20.1875,20.28125,20.125,20.28125,2397200
1996-06-20,10.618142127990724,20.09375,20.40625,20.0625,20.3125,2434800
1996-06-21,10.915387153625488,20.65625,20.65625,20.125,20.125,4845200
1996-06-24,10.981443405151367,20.78125,21.0,20.78125,21.0,2080000
1996-06-25,11.21263313293457,21.21875,21.21875,20.78125,20.875,2046400
1996-06-26,11.21263313293457,21.21875,21.59375,21.0,21.03125,4019600
1996-06-27,11.03098487854004,20.875,21.1875,20.84375,21.1875,2004800
1996-06-28,11.130060195922852,21.0625,21.34375,20.96875,21.0,2126400
1996-07-01,11.196114540100098,21.1875,21.1875,20.875,21.1875,1927200
1996-07-02,11.344736099243164,21.46875,21.625,21.0625,21.1875,2496800
1996-07-03,11.526381492614746,21.8125,21.84375,21.34375,21.46875,4147200
1996-07-05,11.146577835083008,21.09375,21.4375,21.03125,21.4375,1708800
1996-07-08,11.21263313293457,21.21875,21.375,21.125,21.15625,2793200
1996-07-09,11.377766609191896,21.53125,21.6875,21.3125,21.34375,2660400
1996-07-10,11.509875297546388,21.78125,21.96875,21.625,21.65625,2834000
1996-07-11,11.641983032226562,22.03125,22.125,21.625,21.875,4929200
1996-07-12,11.741060256958008,22.21875,22.28125,21.96875,21.96875,3303600
1996-07-15,11.476846694946287,21.71875,22.15625,21.6875,22.125,2672800
1996-07-16,11.097034454345703,21.0,21.5625,20.71875,21.5,4744400
1996-07-17,10.948418617248535,20.71875,21.03125,20.46875,21.03125,3686800
1996-07-18,10.964940071105955,20.75,20.96875,20.65625,20.875,2277600
1996-07-19,10.86584758758545,20.5625,20.78125,20.4375,20.78125,2413600
1996-07-22,10.79979419708252,20.4375,20.65625,20.3125,20.5,2451200
1996-07-23,10.816307067871094,20.46875,20.65625,20.4375,20.625,4665600
1996-07-24,10.8328275680542,20.5,20.71875,20.28125,20.375,3106400
1996-07-25,10.816307067871094,20.46875,20.6875,20.40625,20.6875,3403600
1996-07-26,10.915387153625488,20.65625,20.71875,20.5625,20.5625,1234800
1996-07-29,10.93189525604248,20.6875,21.03125,20.59375,20.59375,1819200
1996-07-30,10.66768741607666,20.1875,20.71875,19.875,20.71875,4706400
1996-07-31,10.56860637664795,20.0,20.1875,19.84375,20.1875,3404000
1996-08-01,10.898876190185549,20.625,20.75,20.0,20.0,3765200
1996-08-02,10.898876190185549,20.625,20.75,20.40625,20.65625,2079200
1996-08-05,10.948418617248535,20.71875,20.96875,20.625,20.625,1657600
1996-08-06,11.146577835083008,21.09375,21.25,20.78125,20.8125,1937600
1996-08-07,11.179607391357422,21.15625,21.3125,21.09375,21.125,2122400
1996-08-08,11.2786865234375,21.34375,21.34375,21.125,21.15625,2180400
1996-08-09,11.229145050048828,21.25,21.28125,21.15625,21.28125,1240800
1996-08-12,11.229145050048828,21.25,21.28125,20.90625,21.21875,2174000
1996-08-13,11.014470100402832,20.84375,21.1875,20.8125,21.1875,2224000
1996-08-14,11.080526351928713,20.96875,21.09375,20.78125,20.78125,1927600
1996-08-15,11.080526351928713,20.96875,21.125,20.90625,20.9375,1034000
1996-08-16,11.163100242614746,21.125,21.21875,20.875,21.03125,2607600
1996-08-19,11.29520034790039,21.375,21.5,21.1875,21.25,2128400
1996-08-20,11.526381492614746,21.8125,21.875,21.375,21.40625,2687200
1996-08-21,11.526381492614746,21.8125,21.90625,21.71875,21.75,2653200
1996-08-22,11.526381492614746,21.8125,21.96875,21.78125,21.8125,1760000
1996-08-23,11.44382095336914,21.65625,21.71875,21.5625,21.6875,1396000
1996-08-26,11.229145050048828,21.25,21.71875,21.25,21.71875,1215200
1996-08-27,11.361250877380373,21.5,21.625,21.21875,21.34375,1490000
1996-08-28,11.476846694946287,21.71875,21.84375,21.5625,21.625,1696400
1996-08-29,11.311711311340332,21.40625,21.59375,21.28125,21.5625,1916800
1996-08-30,11.146577835083008,21.09375,21.46875,21.0625,21.46875,1177600
1996-09-03,11.361250877380373,21.5,21.6875,21.34375,21.46875,2741200
1996-09-04,11.344669342041016,21.375,21.5,21.1875,21.40625,1859600
1996-09-05,11.361250877380373,21.40625,21.53125,21.3125,21.3125,1706400
1996-09-06,11.328082084655762,21.34375,21.4375,21.125,21.3125,2335600
1996-09-09,11.344669342041016,21.375,21.46875,21.1875,21.375,1311600
1996-09-10,11.411008834838867,21.5,21.5625,21.40625,21.5,1889200
1996-09-11,11.659795761108398,21.96875,22.0625,21.53125,21.53125,4111600
1996-09-12,11.394418716430664,21.46875,22.09375,21.46875,22.09375,4136400
1996-09-13,11.328082084655762,21.34375,21.71875,21.34375,21.625,2748400
1996-09-16,11.26173973083496,21.21875,21.4375,21.21875,21.40625,2379200
1996-09-17,11.07929229736328,20.875,21.28125,20.84375,21.28125,3362400
1996-09-18,10.880268096923828,20.5,20.9375,20.5,20.875,2546000
1996-09-19,11.145636558532717,21.0,21.0625,20.65625,20.75,2514400
1996-09-20,11.278321266174316,21.25,21.25,21.03125,21.125,3871600
1996-09-23,11.26173973083496,21.21875,21.21875,20.78125,21.1875,1534000
1996-09-24,11.046120643615724,20.8125,21.15625,20.71875,21.0625,1940400
1996-09-25,11.095881462097168,20.90625,21.21875,20.78125,20.78125,4078800
1996-09-26,11.278321266174316,21.25,21.3125,20.84375,20.875,3185200
1996-09-27,11.129055976867676,20.96875,21.28125,20.84375,21.28125,1539600
1996-09-30,11.211979866027832,21.125,21.25,21.03125,21.0625,1216000
1996-10-01,11.411008834838867,21.5,21.5,21.0625,21.15625,2505200
1996-10-02,11.543693542480469,21.75,21.78125,21.53125,21.53125,1762800
1996-10-03,11.659795761108398,21.96875,22.1875,21.75,21.75,2777600
1996-10-04,11.775901794433594,22.1875,22.21875,21.875,21.875,2401200
1996-10-07,12.02468490600586,22.65625,22.78125,22.25,22.25,3488000
1996-10-08,11.858821868896484,22.34375,22.65625,22.28125,22.65625,2697200
1996-10-09,11.775901794433594,22.1875,22.5625,22.09375,22.4375,2522400
1996-10-10,11.709556579589844,22.0625,22.4375,22.0625,22.28125,1762000
1996-10-11,11.75931167602539,22.15625,22.3125,22.03125,22.125,1386400
1996-10-14,11.842236518859863,22.3125,22.34375,22.1875,22.21875,3330000
1996-10-15,12.124191284179688,22.84375,22.875,22.34375,22.375,3660800
1996-10-16,12.505672454833984,23.5625,23.71875,23.09375,23.125,5740400
1996-10-17,12.771044731140137,24.0625,24.75,23.96875,24.0,8115200
1996-10-18,12.936901092529297,24.375,24.625,24.15625,24.15625,3968800
1996-10-21,13.003244400024414,24.5,25.0,24.375,24.4375,7728000
1996-10-22,12.771044731140137,24.0625,24.5625,24.03125,24.5625,3168400
1996-10-23,12.721288681030272,23.96875,24.125,23.8125,23.8125,2867200
1996-10-24,12.953484535217283,24.40625,24.65625,23.9375,23.9375,4880800
1996-10-25,13.01982879638672,24.53125,24.65625,24.3125,24.34375,2996400
1996-10-28,13.202276229858398,24.875,25.375,24.53125,24.53125,5506400
1996-10-29,13.069586753845217,24.625,25.0,24.53125,24.96875,2484800
1996-10-30,13.334956169128418,25.125,25.40625,24.71875,24.90625,3233200
1996-10-31,13.152515411376951,24.78125,25.15625,24.75,25.15625,3254400
1996-11-01,12.903725624084473,24.3125,24.6875,24.1875,24.6875,3353600
1996-11-04,12.87055778503418,24.25,24.46875,24.1875,24.25,1869600
1996-11-05,12.87055778503418,24.25,24.40625,23.84375,24.28125,2376400
1996-11-06,13.10275936126709,24.6875,24.6875,24.25,24.25,4093200
1996-11-07,13.235447883605955,24.9375,25.0625,24.59375,24.59375,2629600
1996-11-08,13.119341850280762,24.71875,24.90625,24.65625,24.90625,1677600
1996-11-11,13.152515411376951,24.78125,24.875,24.6875,24.71875,1988800
1996-11-12,13.05299472808838,24.59375,24.8125,24.53125,24.78125,2644400
1996-11-13,13.30178451538086,25.0625,25.28125,24.5625,24.59375,3944800
1996-11-14,13.533980369567873,25.5,25.5,24.8125,25.0,3356800
1996-11-15,13.63350772857666,25.6875,25.84375,25.3125,25.6875,3402800
1996-11-18,13.849119186401367,26.09375,26.21875,25.40625,25.65625,3033200
1996-11-19,13.733015060424805,25.875,26.03125,25.8125,25.90625,1850800
1996-11-20,13.666666984558104,25.75,26.0625,25.71875,25.90625,1576000
1996-11-21,13.616912841796877,25.65625,25.8125,25.625,25.8125,944400
1996-11-22,13.882293701171877,26.15625,26.5625,25.5625,25.5625,2742000
1996-11-25,14.34669303894043,27.03125,27.0625,26.15625,26.15625,2525600
1996-11-26,13.766188621520996,25.9375,26.96875,25.875,26.96875,3636000
1996-11-27,13.832528114318848,26.0625,26.3125,26.03125,26.125,1742400
1996-11-29,13.832528114318848,26.0625,26.09375,25.96875,25.96875,532000
1996-12-02,13.733015060424805,25.875,26.0,25.59375,26.0,2785200
1996-12-03,13.650090217590332,25.71875,26.21875,25.6875,25.6875,2877200
1996-12-04,13.63350772857666,25.6875,26.03125,25.625,25.6875,3006000
1996-12-05,13.915453910827637,26.21875,26.40625,25.9375,25.9375,1991600
1996-12-06,13.567152976989746,25.5625,26.125,25.5625,26.0,2753200
1996-12-09,13.716434478759766,25.84375,25.84375,25.53125,25.625,1246000
1996-12-10,13.384719848632812,25.21875,25.8125,25.21875,25.71875,1540400
1996-12-11,13.119341850280762,24.71875,24.875,24.625,24.75,3408400
1996-12-12,13.002796173095703,24.40625,25.03125,24.375,24.875,3676000
1996-12-13,13.185935974121094,24.75,24.78125,24.09375,24.34375,3072000
1996-12-16,13.219236373901367,24.8125,25.25,24.8125,24.8125,4076800
1996-12-17,13.302483558654783,24.96875,25.1875,24.6875,24.6875,2474800
1996-12-18,13.485615730285645,25.3125,25.5,25.03125,25.03125,2256800
1996-12-19,13.935138702392578,26.15625,26.21875,25.53125,25.625,3364000
1996-12-20,14.035035133361816,26.34375,26.65625,26.28125,26.625,5120800
1996-12-23,14.01838207244873,26.3125,26.6875,26.1875,26.34375,1445200
1996-12-24,14.035035133361816,26.34375,26.34375,26.21875,26.34375,913600
1996-12-26,14.101624488830566,26.46875,26.59375,26.3125,26.34375,1010400
1996-12-27,13.918493270874023,26.125,26.53125,26.09375,26.46875,803600
1996-12-30,13.652103424072266,25.625,26.25,25.59375,26.1875,1177200
1996-12-31,13.302483558654783,24.96875,25.6875,24.8125,25.59375,2092000
1997-01-02,13.319129943847656,25.0,25.1875,24.875,25.09375,3512400
1997-01-03,13.385729789733888,25.125,25.34375,25.09375,25.1875,2509600
1997-01-06,14.068330764770508,26.40625,26.5,25.25,25.25,3946000
1997-01-07,14.368013381958008,26.96875,26.96875,26.0625,26.28125,3937600
1997-01-08,14.334711074829102,26.90625,27.125,26.78125,27.0625,2545200
1997-01-09,14.717637062072754,27.625,27.8125,26.84375,26.90625,4130000
1997-01-10,15.16714859008789,28.46875,28.53125,27.28125,27.375,6641200
1997-01-13,15.13386058807373,28.40625,28.84375,28.25,28.625,4232000
1997-01-14,15.050622940063477,28.25,28.34375,27.90625,28.34375,3454400
1997-01-15,15.267059326171877,28.65625,29.0625,28.125,28.125,4593200
1997-01-16,15.333650588989258,28.78125,28.96875,28.59375,28.6875,2293200
1997-01-17,15.38359832763672,28.875,29.0,28.4375,28.78125,3861600
1997-01-20,15.250401496887209,28.625,28.84375,28.53125,28.8125,1772800
1997-01-21,14.817535400390623,27.8125,28.4375,27.5,28.375,6651600
1997-01-22,14.700986862182615,27.59375,28.0625,27.40625,28.0625,4569600
1997-01-23,14.717637062072754,27.625,28.59375,27.53125,28.25,7173600
1997-01-24,14.667691230773926,27.53125,28.0,27.28125,27.6875,7534000
1997-01-27,14.45126247406006,27.125,27.4375,27.09375,27.4375,5313600
1997-01-28,14.251468658447266,26.75,27.40625,26.6875,27.3125,5820000
1997-01-29,14.434602737426758,27.09375,27.21875,26.5625,26.75,5913600
1997-01-30,14.784238815307615,27.75,27.84375,26.9375,27.09375,5714000
1997-01-31,14.80087947845459,27.78125,28.5,27.71875,28.0,3408400
1997-02-03,14.50119686126709,27.21875,27.875,27.15625,27.8125,1968400
1997-02-04,14.817535400390623,27.8125,27.8125,27.09375,27.1875,2298000
1997-02-05,14.334711074829102,26.90625,27.90625,26.75,27.84375,4810400
1997-02-06,14.20152759552002,26.65625,27.03125,26.4375,27.03125,4850800
1997-02-07,13.918493270874023,26.125,26.75,25.84375,26.6875,6299200
1997-02-10,13.435670852661133,25.21875,26.375,25.15625,26.21875,6441600
1997-02-11,13.935138702392578,26.15625,26.15625,25.21875,25.28125,7675200
1997-02-12,14.118271827697754,26.5,26.90625,25.9375,26.1875,5846400
1997-02-13,14.251468658447266,26.75,26.84375,26.4375,26.59375,5550400
1997-02-14,14.234824180603027,26.71875,26.9375,26.5625,26.6875,2520800
1997-02-18,14.035035133361816,26.34375,26.875,26.1875,26.75,3070000
1997-02-19,13.868548393249512,26.03125,26.53125,26.03125,26.34375,2933600
1997-02-20,13.701446533203123,25.625,26.25,25.625,26.0625,3368400
1997-02-21,13.85184097290039,25.90625,26.03125,25.53125,25.6875,3330800
1997-02-24,13.617908477783203,25.46875,26.0625,25.46875,25.71875,3565600
1997-02-25,13.651320457458496,25.53125,25.6875,25.28125,25.5625,3595600
1997-02-26,13.617908477783203,25.46875,26.0625,25.40625,25.8125,4483600
1997-02-27,13.333855628967283,24.9375,25.59375,24.84375,25.46875,5081600
1997-02-28,13.450815200805664,25.15625,25.375,24.84375,24.96875,4405200
1997-03-03,13.166763305664062,24.625,25.09375,24.5,24.8125,3620000
1997-03-04,13.751580238342283,25.71875,26.15625,25.0,25.03125,5736400
1997-03-05,14.186017990112305,26.53125,26.5625,25.8125,25.875,4146400
1997-03-06,14.15259838104248,26.46875,27.03125,26.4375,27.0,4233600
1997-03-07,14.31969165802002,26.78125,26.875,26.34375,26.40625,3591200
1997-03-10,14.419943809509276,26.96875,27.28125,26.84375,26.875,3575200
1997-03-11,14.36981964111328,26.875,27.125,26.84375,27.0,3023600
1997-03-12,14.018924713134766,26.21875,26.84375,26.0625,26.8125,3994000
1997-03-13,14.26956558227539,26.6875,26.96875,25.953125,26.03125,4090000
1997-03-14,14.73741340637207,27.5625,27.625,26.8125,26.8125,5791600
1997-03-17,14.83766746520996,27.75,27.8125,27.25,27.5,3621200
1997-03-18,14.770835876464844,27.625,27.78125,27.53125,27.6875,2575200
1997-03-19,14.754127502441406,27.59375,27.71875,27.4375,27.5625,2936000
1997-03-20,14.770835876464844,27.625,27.8125,27.3125,27.59375,2922400
1997-03-21,14.70400047302246,27.5,27.6875,27.46875,27.6875,2626800
1997-03-24,14.70400047302246,27.5,27.75,27.15625,27.625,2236800
1997-03-25,15.071593284606934,28.1875,28.3125,27.375,27.5625,3846000
1997-03-26,15.35565185546875,28.71875,29.09375,28.15625,28.25,4357600
1997-03-27,14.83766746520996,27.75,29.0,27.4375,28.71875,3270000
1997-03-31,14.33640193939209,26.8125,27.90625,26.8125,27.71875,5018400
1997-04-01,14.70400047302246,27.5,27.53125,26.875,26.875,4365200
1997-04-02,14.25285530090332,26.65625,27.5,26.5,27.5,3835600
1997-04-03,14.018924713134766,26.21875,26.4375,25.84375,26.25,5124400
1997-04-04,13.85184097290039,25.90625,26.125,25.59375,25.875,6062800
1997-04-07,14.018924713134766,26.21875,26.4375,25.8125,25.875,4522400
1997-04-08,14.52020263671875,27.15625,27.46875,26.625,26.6875,6361200
1997-04-09,14.403236389160156,26.9375,27.4375,26.9375,27.375,2912400
1997-04-10,14.15259838104248,26.46875,26.84375,26.375,26.84375,3264000
1997-04-11,13.701446533203123,25.625,26.15625,25.625,25.9375,3707200
1997-04-14,13.86854648590088,25.9375,26.375,25.78125,25.84375,3754000
1997-04-15,13.935379028320312,26.0625,26.15625,25.5625,26.125,4434400
1997-04-16,14.219438552856444,26.59375,26.625,26.0625,26.0625,2651600
1997-04-17,14.085756301879885,26.34375,27.28125,26.25,26.96875,4898800
1997-04-18,14.403236389160156,26.9375,26.9375,26.3125,26.34375,4172000
1997-04-21,14.436652183532717,27.0,27.375,26.78125,27.125,3119600
1997-04-22,14.770835876464844,27.625,27.625,26.84375,27.1875,3730400
1997-04-23,15.105013847351074,28.25,28.375,27.6875,27.75,4008000
1997-04-24,14.93793487548828,27.9375,28.3125,27.9375,28.28125,5684400
1997-04-25,14.754127502441406,27.59375,28.15625,27.5625,27.9375,2304800
1997-04-28,14.653867721557615,27.40625,27.59375,27.21875,27.5625,4538000
1997-04-29,14.57032299041748,27.25,27.4375,26.9375,27.40625,6126800
1997-04-30,14.8042573928833,27.6875,28.21875,27.3125,27.3125,4696400
1997-05-01,14.687283515930176,27.46875,27.96875,27.25,27.96875,2498400
1997-05-02,15.038179397583008,28.125,28.125,26.75,27.25,6796000
1997-05-05,14.93793487548828,27.9375,28.3125,27.625,28.0,3947200
1997-05-06,15.121724128723145,28.28125,28.875,27.875,27.875,5340800
1997-05-07,14.687283515930176,27.46875,28.53125,27.4375,28.3125,3192400
1997-05-08,15.105013847351074,28.25,28.75,27.46875,27.46875,2962800
1997-05-09,15.656417846679688,29.28125,29.40625,28.53125,28.5625,4359200
1997-05-12,16.090852737426758,30.09375,30.3125,29.09375,29.28125,6148800
1997-05-13,15.639699935913086,29.25,29.875,29.125,29.875,4412000
1997-05-14,15.756672859191896,29.46875,29.6875,29.28125,29.59375,4666400
1997-05-15,15.623001098632812,29.21875,29.5625,29.0,29.5625,2476400
1997-05-16,15.70654010772705,29.375,29.5625,29.0625,29.125,4200000
1997-05-19,15.773375511169434,29.5,29.9375,29.21875,29.375,3419600
1997-05-20,15.890339851379396,29.71875,29.8125,29.03125,29.46875,4160400
1997-05-21,15.823512077331545,29.59375,30.25,29.40625,29.875,3784000
1997-05-22,15.907044410705566,29.75,29.96875,29.5625,29.78125,1855200
1997-05-23,15.873624801635742,29.6875,30.1875,29.625,30.0625,2459200
1997-05-27,15.756672859191896,29.46875,29.625,29.3125,29.625,2473600
1997-05-28,15.940467834472656,29.8125,29.84375,29.34375,29.375,3024400
1997-05-29,16.12485122680664,30.0625,30.34375,29.65625,29.8125,3131600
1997-05-30,15.973995208740234,29.78125,29.9375,29.625,29.75,3202400
1997-06-02,16.426565170288086,30.625,30.71875,29.78125,29.9375,3815600
1997-06-03,16.66122817993164,31.0625,31.15625,30.1875,30.40625,4343600
1997-06-04,16.409805297851562,30.59375,31.03125,30.375,31.03125,3174400
1997-06-05,16.64446258544922,31.03125,31.125,30.3125,30.625,3630800
1997-06-06,16.493606567382812,30.75,31.5625,30.75,30.96875,4466800
1997-06-09,16.17513656616211,30.15625,30.75,29.90625,30.75,6499200
1997-06-10,16.091337203979492,30.0,30.4375,29.8125,29.8125,5550800
1997-06-11,15.739335060119627,29.34375,30.34375,29.1875,30.0625,4789600
1997-06-12,15.82313632965088,29.5,29.875,28.90625,29.71875,7886800
1997-06-13,15.957229614257812,29.75,30.09375,29.625,29.84375,4278800
1997-06-16,16.35951805114746,30.5,30.65625,29.75,29.75,4498800
1997-06-17,16.510372161865234,30.78125,30.96875,30.28125,30.4375,3686000
1997-06-18,16.35951805114746,30.5,31.0625,30.5,30.78125,4049600
1997-06-19,16.19189453125,30.1875,30.5625,30.03125,30.5625,4456000
1997-06-20,15.940468788146973,29.71875,30.28125,29.40625,30.1875,6838400
1997-06-23,15.672284126281738,29.21875,30.1875,29.21875,30.03125,2810000
1997-06-24,16.06618881225586,29.953125,30.03125,29.5625,29.875,4101200
1997-06-25,15.999139785766602,29.828125,30.125,29.5625,29.984375,3770000
1997-06-26,16.099700927734375,30.015625,30.546875,29.765625,29.765625,3970800
1997-06-27,16.761791229248047,31.25,31.25,30.65625,30.6875,3586800
1997-06-30,16.761791229248047,31.25,31.625,31.09375,31.5,3489600
1997-07-01,17.70046615600586,33.0,33.5,31.1875,31.375,9160000
1997-07-02,18.337411880493164,34.1875,34.8125,33.40625,33.5,9122000
1997-07-03,18.010549545288086,33.578125,34.34375,33.25,34.34375,4862400
1997-07-07,18.11112594604492,33.765625,34.515625,33.484375,34.03125,4104400
1997-07-08,18.102745056152344,33.75,33.875,33.484375,33.515625,2944000
1997-07-09,18.23684310913086,34.0,34.375,33.796875,33.8125,4000800
1997-07-10,18.64750099182129,34.765625,35.0,33.53125,34.0,3955200
1997-07-11,18.9743595123291,35.375,35.625,34.890625,34.890625,3286000
1997-07-14,19.17549133300781,35.75,36.0,35.15625,36.0,2260800
1997-07-15,19.762157440185547,36.84375,37.0,35.5625,35.75,3959000
1997-07-16,20.11415100097656,37.5,37.5,36.5,36.5,3069400
1997-07-17,20.71758270263672,38.625,39.6875,37.75,38.0,5750000
1997-07-18,19.99682235717773,37.28125,38.53125,36.8125,38.5,4971200
1997-07-21,19.56101417541504,36.46875,37.28125,36.34375,37.28125,2411400
1997-07-22,20.3153076171875,37.875,37.875,36.65625,37.40625,3893200
1997-07-23,19.695112228393555,36.71875,38.28125,36.71875,37.9375,5408800
1997-07-24,19.711877822875977,36.75,37.625,36.28125,37.5,3598400
1997-07-25,19.86272621154785,37.03125,37.375,36.65625,37.21875,1899000
1997-07-28,19.59454917907715,36.53125,37.0625,36.34375,36.90625,2198600
1997-07-29,19.87948989868164,37.0625,37.75,36.25,36.6875,3541600
1997-07-30,20.09739112854004,37.46875,37.9375,37.1875,37.1875,2442000
1997-07-31,20.482908248901367,38.1875,38.59375,37.53125,37.9375,3689400
1997-08-01,20.44939994812012,38.125,38.34375,37.5,38.28125,2218200
1997-08-04,20.181198120117188,37.625,38.125,37.625,37.90625,1660600
1997-08-05,20.66730308532715,38.53125,38.65625,37.65625,37.75,2596000
1997-08-06,20.834903717041016,38.84375,38.96875,38.375,38.5625,2793600
1997-08-07,20.80139923095703,38.78125,39.25,38.375,38.8125,2479800
1997-08-08,20.19796371459961,37.65625,38.5625,37.21875,38.53125,2556200
1997-08-11,20.08063316345215,37.4375,37.625,37.15625,37.375,2024800
1997-08-12,19.711877822875977,36.75,37.875,36.71875,37.46875,2091400
1997-08-13,19.829206466674805,36.96875,37.3125,36.125,37.125,2303800
1997-08-14,19.37664222717285,36.125,37.3125,35.0,37.125,5540000
1997-08-15,18.722936630249023,34.90625,36.46875,34.90625,36.0625,3296600
1997-08-18,19.20902633666992,35.8125,35.875,34.8125,34.90625,3231800
1997-08-19,19.84597396850586,37.0,37.0,36.125,36.3125,2896600
1997-08-20,20.281776428222656,37.8125,37.96875,36.75,36.875,2636000
1997-08-21,19.946542739868164,37.1875,37.84375,37.0625,37.8125,2247600
1997-08-22,19.77892303466797,36.875,36.875,36.15625,36.53125,2339400
1997-08-25,19.81244850158692,36.9375,37.625,36.71875,36.75,2644800
1997-08-26,20.26501846313477,37.78125,37.78125,36.5,36.625,2816800
1997-08-27,20.78462600708008,38.75,38.75,37.8125,38.4375,4795600
1997-08-28,20.98577117919922,39.125,39.625,38.125,38.75,4684400
1997-08-29,20.43263435363769,38.09375,39.15625,38.09375,39.15625,1774400
1997-09-02,20.969013214111328,39.09375,39.25,38.1875,38.1875,2394600
1997-09-03,20.78432273864746,38.65625,39.09375,38.53125,38.96875,2302600
1997-09-04,20.80112648010254,38.6875,39.15625,38.0,38.0,2808800
1997-09-05,20.80112648010254,38.6875,39.03125,38.15625,39.0,1913000
1997-09-08,20.54908943176269,38.21875,39.1875,38.21875,39.0,1490000
1997-09-09,20.71711540222168,38.53125,38.875,37.96875,38.03125,1736000
1997-09-10,21.036348342895508,39.125,40.0625,38.21875,38.5,5092600
1997-09-11,20.76752281188965,38.625,38.90625,38.25,38.8125,2491200
1997-09-12,21.6412353515625,40.25,40.25,38.71875,38.9375,3279000
1997-09-15,21.89327049255371,40.71875,41.34375,39.875,39.9375,3562400
1997-09-16,21.977275848388672,40.875,41.21875,40.0625,40.71875,2862600
1997-09-17,22.178897857666016,41.25,42.15625,41.125,41.1875,3614400
1997-09-18,22.212514877319336,41.3125,42.1875,41.3125,41.4375,2162000
1997-09-19,22.514942169189453,41.875,42.0,40.9375,41.3125,3216400
1997-09-22,22.582155227661133,42.0,42.25,41.78125,42.03125,2004800
1997-09-23,22.29651260375977,41.46875,42.0,40.75,42.0,2529600
1997-09-24,21.70844459533692,40.375,41.1875,40.34375,40.78125,2807400
1997-09-25,21.89327049255371,40.71875,41.4375,40.4375,40.5,2282200
1997-09-26,22.128494262695312,41.15625,41.25,40.4375,41.125,1875000
1997-09-29,22.313331604003903,41.5,41.8125,40.875,41.15625,1982200
1997-09-30,22.63257026672364,42.09375,42.3125,41.15625,41.5,2396600
1997-10-01,23.17023277282715,43.09375,43.125,42.25,42.25,4113000
1997-10-02,23.18702507019043,43.125,43.21875,42.875,43.0,1860400
1997-10-03,23.439077377319336,43.59375,43.625,42.875,43.25,3098200
1997-10-06,23.38867378234864,43.5,43.71875,42.9375,43.625,2507400
1997-10-07,23.57348823547364,43.84375,43.90625,43.3125,43.4375,3235600
1997-10-08,23.287857055664062,43.3125,43.875,43.25,43.625,3358000
1997-10-09,23.976741790771484,44.59375,44.6875,43.3125,43.34375,4581800
1997-10-10,23.976741790771484,44.59375,44.6875,44.125,44.125,3461000
1997-10-13,23.37185287475586,43.46875,44.78125,43.375,44.6875,2189400
1997-10-14,23.086225509643555,42.9375,43.875,42.3125,43.875,4144400
1997-10-15,22.85099601745605,42.5,43.1875,42.34375,42.5,2523200
1997-10-16,22.514942169189453,41.875,43.1875,41.5625,43.0,2657800
1997-10-17,22.951812744140625,42.6875,42.96875,41.15625,42.25,5699000
1997-10-20,24.06074905395508,44.75,44.875,42.65625,42.6875,3556200
1997-10-21,24.80003929138184,46.125,46.125,44.375,44.625,6290200
1997-10-22,24.497604370117188,45.5625,46.25,45.15625,46.0625,2582800
1997-10-23,24.682432174682617,45.90625,46.21875,44.5,44.5,3503600
1997-10-24,24.144758224487305,44.90625,46.34375,44.90625,46.25,2489000
1997-10-27,21.439599990844727,39.875,44.9375,39.6875,44.9375,3660800
1997-10-28,23.37185287475586,43.46875,43.875,38.875,39.0,10725000
1997-10-29,23.10301971435547,42.96875,44.75,42.65625,43.6875,4113600
1997-10-30,23.607086181640625,43.90625,45.0,42.15625,42.15625,4483400
1997-10-31,23.52308464050293,43.75,44.90625,43.75,44.5,3210800
1997-11-03,24.31278610229492,45.21875,45.21875,44.34375,44.6875,3386600
1997-11-04,24.934457778930664,46.375,46.4375,44.875,45.125,4015000
1997-11-05,25.320911407470703,47.09375,47.21875,46.3125,46.5625,4177000
1997-11-06,25.00167655944824,46.5,47.09375,46.34375,47.09375,2999200
1997-11-07,24.26237869262696,45.125,46.25,44.75,45.59375,3345000
1997-11-10,23.993549346923828,44.625,46.28125,44.625,45.625,2813600
1997-11-11,23.842330932617188,44.34375,45.15625,44.1875,44.96875,2223400
1997-11-12,23.439077377319336,43.59375,45.375,43.5,43.90625,2786200
1997-11-13,23.11983108520508,43.0,44.5,41.5,44.25,5317200
1997-11-14,23.18702507019043,43.125,43.9375,42.78125,43.46875,3562000
1997-11-17,23.70790100097656,44.09375,44.59375,42.875,43.75,3859200
1997-11-18,22.481351852416992,41.8125,44.53125,41.625,44.53125,5380200
1997-11-19,22.111690521240234,41.125,42.125,40.6875,41.875,7091200
1997-11-20,22.531753540039062,41.90625,43.0625,41.53125,41.9375,5969800
1997-11-21,22.817398071289062,42.4375,43.1875,41.8125,42.0625,5002400
1997-11-24,21.943675994873047,40.8125,42.6875,40.59375,42.375,3554000
1997-11-25,21.977275848388672,40.875,41.59375,40.0,41.0,6629600
1997-11-26,21.92686080932617,40.78125,41.3125,40.625,40.875,3791200
1997-11-28,22.128494262695312,41.15625,41.5625,41.03125,41.25,871800
1997-12-01,20.98594665527344,39.03125,41.15625,38.9375,41.15625,11421600
1997-12-02,21.74204444885254,40.4375,40.5625,39.25,39.5,7908400
1997-12-03,22.0612907409668,41.03125,41.8125,40.65625,41.21875,5419400
1997-12-04,22.178897857666016,41.25,43.0,40.9375,41.1875,6613400
1997-12-05,23.254240036010746,43.25,43.46875,41.4375,41.4375,4853200
1997-12-08,23.52308464050293,43.75,44.25,43.3125,44.25,3186400
1997-12-09,22.985410690307617,42.75,44.21875,42.6875,43.78125,4474600
1997-12-10,22.699766159057617,42.21875,43.03125,41.9375,42.75,3811400
1997-12-11,21.725236892700195,40.40625,41.96875,40.3125,41.96875,4559800
1997-12-12,21.422794342041016,39.84375,41.3125,39.78125,40.75,5728400
1997-12-15,21.1203670501709,39.28125,40.125,38.0,39.875,5754400
1997-12-16,21.23797416687012,39.5,40.46875,38.6875,40.125,5136600
1997-12-17,20.969139099121094,39.0,40.25,38.84375,39.625,5784000
1997-12-18,20.73391532897949,38.5625,39.6875,38.3125,39.0,4456600
1997-12-19,20.11222076416016,37.40625,38.46875,36.90625,38.46875,7421800
1997-12-22,19.82659912109375,36.875,37.84375,36.5625,37.84375,4898200
1997-12-23,19.60815620422364,36.46875,37.5625,36.3125,37.5625,4464800
1997-12-24,19.827299118041992,36.78125,37.0625,36.1875,36.875,2803400
1997-12-26,19.658830642700195,36.46875,37.09375,36.3125,36.875,1060800
1997-12-29,20.248441696166992,37.5625,37.90625,36.75,36.75,4069600
1997-12-30,21.36024284362793,39.625,39.625,37.84375,38.09375,5688600
1997-12-31,21.69715881347656,40.25,40.9375,39.75,39.75,3860800
1998-01-02,21.74769401550293,40.34375,40.375,39.875,40.375,2626800
1998-01-05,20.92226791381836,38.8125,40.5625,38.5625,40.34375,6709400
1998-01-06,20.164194107055664,37.40625,38.3125,36.625,38.1875,8116600
1998-01-07,20.534801483154297,38.09375,38.1875,36.5625,37.5,10080400
1998-01-08,19.844141006469727,36.8125,37.9375,36.5625,37.53125,7413800
1998-01-09,18.799705505371094,34.875,36.5,34.8125,36.5,9044400
1998-01-12,18.749168395996094,34.78125,35.875,34.0,34.0625,8921600
1998-01-13,19.37246322631836,35.9375,36.21875,35.40625,35.75,6331800
1998-01-14,19.844141006469727,36.8125,37.09375,36.125,36.875,5357200
1998-01-15,20.096830368041992,37.28125,38.28125,36.625,38.0,5587600
1998-01-16,21.006498336791992,38.96875,39.09375,37.46875,37.46875,5701800
1998-01-20,21.596080780029297,40.0625,40.0625,39.28125,39.6875,4665200
1998-01-21,21.96668815612793,40.75,40.75,39.0625,39.8125,5629000
1998-01-22,19.288236618041992,35.78125,38.625,35.5,38.625,21124800
1998-01-23,18.934473037719727,35.125,36.4375,34.6875,36.25,11963600
1998-01-26,19.473541259765625,36.125,36.25,34.6875,36.0,8698800
1998-01-27,19.37246322631836,35.9375,36.5625,35.5625,36.1875,6324000
1998-01-28,20.046289443969727,37.1875,37.1875,36.0,36.46875,5567400
1998-01-29,20.501121520996094,38.03125,39.09375,37.4375,37.625,7222400
1998-01-30,19.860986709594727,36.84375,38.125,36.5625,38.0625,4571600
1998-02-02,19.759918212890625,36.65625,37.59375,36.28125,37.59375,9307600
1998-02-03,19.928369522094727,36.96875,37.28125,36.25,36.65625,5456200
1998-02-04,20.68641471862793,38.375,38.75,36.9375,36.96875,7244200
1998-02-05,20.753808975219727,38.5,39.4375,38.40625,38.59375,7948000
1998-02-06,20.720104217529297,38.4375,38.875,38.15625,38.46875,4022200
1998-02-09,20.315820693969727,37.6875,38.75,37.40625,38.5625,3857800
1998-02-10,20.501121520996094,38.03125,38.53125,37.71875,38.125,4826000
1998-02-11,20.416887283325195,37.875,38.46875,37.78125,38.03125,4612600
1998-02-12,20.265275955200195,37.59375,37.59375,36.78125,37.5,7461200
1998-02-13,20.551652908325195,38.125,38.3125,37.5,37.5,5350800
1998-02-17,19.860986709594727,36.84375,38.34375,36.5625,38.34375,6401400
1998-02-18,20.181047439575195,37.4375,37.5,36.6875,37.0,9281200
1998-02-19,20.36695671081543,37.6875,37.96875,37.09375,37.4375,6940400
1998-02-20,20.130529403686523,37.25,37.625,37.125,37.625,5229400
1998-02-23,19.47189140319824,36.03125,37.40625,35.75,37.1875,9252800
1998-02-24,19.13413619995117,35.40625,36.375,35.1875,36.125,7982800
1998-02-25,19.89409065246582,36.8125,36.96875,35.5625,35.9375,5338200
1998-02-26,20.50205421447754,37.9375,38.5,37.375,37.6875,7276800
1998-02-27,20.434494018554688,37.8125,38.15625,37.5,37.84375,4481200
1998-03-02,21.025585174560547,38.90625,39.25,37.28125,37.28125,5164400
1998-03-03,21.32956886291504,39.46875,39.5625,38.0,38.53125,7549200
1998-03-04,20.839815139770508,38.5625,40.25,38.375,39.5,6274400
1998-03-05,20.535831451416016,38.0,39.3125,37.8125,37.8125,6481400
1998-03-06,19.96164894104004,36.9375,38.28125,36.21875,38.25,8658800
1998-03-09,19.201679229736328,35.53125,36.875,35.46875,36.875,8401000
1998-03-10,19.590103149414062,36.25,36.34375,35.125,35.53125,13160400
1998-03-11,19.319902420043945,35.75,36.75,35.25,36.46875,10922200
1998-03-12,19.151023864746094,35.4375,35.71875,34.84375,35.71875,13071600
1998-03-13,19.353673934936523,35.8125,36.0,35.03125,35.46875,8668200
1998-03-16,18.86393165588379,34.90625,35.75,34.84375,35.6875,8446000
1998-03-17,18.13773727416992,33.5625,35.03125,32.9375,35.0,20208600
1998-03-18,19.032808303833008,35.21875,35.25,33.71875,33.75,15292200
1998-03-19,19.353673934936523,35.8125,35.9375,34.71875,35.75,12115600
1998-03-20,19.877206802368164,36.78125,36.9375,35.8125,36.0625,9140000
1998-03-23,21.11004066467285,39.0625,40.0625,38.5,39.75,15685400
1998-03-24,20.907379150390625,38.6875,38.9375,38.53125,38.75,6043600
1998-03-25,21.21136283874512,39.25,39.71875,38.5625,38.96875,6010600
1998-03-26,21.312679290771484,39.4375,39.8125,39.125,39.1875,6789200
1998-03-27,21.076248168945312,39.0,39.78125,38.90625,39.75,6439800
1998-03-30,20.806049346923828,38.5,39.375,38.1875,39.0625,3631800
1998-03-31,20.46828269958496,37.875,38.375,37.53125,38.375,4284600
1998-04-01,21.042478561401367,38.9375,39.3125,38.0625,38.15625,6576000
1998-04-02,20.87360000610352,38.625,39.25,37.96875,39.09375,4472000
1998-04-03,20.451396942138672,37.84375,39.09375,37.71875,38.96875,3788200
1998-04-06,20.19808578491211,37.375,38.09375,37.34375,37.875,3644000
1998-04-07,19.89409065246582,36.8125,37.46875,36.65625,37.375,3877400
1998-04-08,20.02919006347656,37.0625,37.5625,36.65625,36.875,3766400
1998-04-09,20.09674835205078,37.1875,37.46875,36.8125,37.0625,3311000
1998-04-13,19.725215911865234,36.5,37.625,36.375,37.15625,3267800
1998-04-14,20.14741516113281,37.28125,37.4375,36.3125,36.5,3884600
1998-04-15,21.21136283874512,39.25,39.25,37.25,37.34375,5541800
1998-04-16,21.21136283874512,39.25,39.59375,38.40625,39.25,5239800
1998-04-17,20.9580307006836,38.78125,39.21875,38.53125,38.875,4506800
1998-04-20,20.78914833068848,38.46875,39.625,38.3125,39.0,6437600
1998-04-21,21.78555679321289,40.3125,40.3125,38.6875,38.8125,6316200
1998-04-22,21.44779396057129,39.6875,40.75,39.65625,40.5,5676200
1998-04-23,21.34646415710449,39.5,40.21875,39.375,39.5625,3758600
1998-04-24,21.00871086120605,38.875,39.5,38.8125,39.375,3406200
1998-04-27,20.78914833068848,38.46875,38.78125,37.75,38.5,4143600
1998-04-28,21.19446563720703,39.21875,39.21875,38.5625,38.84375,3057800
1998-04-29,22.545515060424805,41.71875,41.875,39.4375,39.5,8013200
1998-04-30,22.42729949951172,41.5,42.09375,40.84375,41.25,6265000
1998-05-01,23.11970901489257,42.78125,43.375,41.125,41.8125,6164000
1998-05-04,22.697492599487305,42.0,42.75,41.9375,42.5625,4102800
1998-05-05,22.83260154724121,42.25,42.6875,41.5625,41.875,5877800
1998-05-06,22.562389373779297,41.75,42.25,41.28125,41.90625,4026800
1998-05-07,22.02197456359864,40.75,41.71875,40.625,41.625,3376000
1998-05-08,22.27528381347656,41.21875,41.75,40.59375,40.75,4440200
1998-05-11,22.157093048095703,41.0,42.125,40.90625,41.625,4499600
1998-05-12,22.27528381347656,41.21875,41.59375,40.96875,41.125,2345600
1998-05-13,22.27528381347656,41.21875,41.75,40.84375,41.21875,3426800
1998-05-14,22.19086647033692,41.0625,41.3125,40.875,41.0,2813200
1998-05-15,22.0726375579834,40.84375,41.5,40.625,41.25,3982200
1998-05-18,21.58289337158203,39.9375,40.75,39.53125,40.65625,3027200
1998-05-19,21.616680145263672,40.0,40.625,39.65625,40.5625,4439400
1998-05-20,21.54910659790039,39.875,40.3125,39.125,40.25,4182400
1998-05-21,21.39711570739746,39.59375,40.34375,39.28125,39.96875,3760800
1998-05-22,21.43089485168457,39.65625,39.71875,39.3125,39.375,2135800
1998-05-26,20.9580307006836,38.78125,39.875,38.59375,39.75,3662400
1998-05-27,20.704708099365234,38.3125,38.65625,37.5625,38.5,5150800
1998-05-28,20.94114112854004,38.75,39.0,37.40625,38.25,4155000
1998-05-29,21.14443588256836,39.03125,39.21875,38.40625,38.78125,4622800
1998-06-01,20.281049728393555,37.4375,38.84375,37.3125,38.75,3806600
1998-06-02,20.60270118713379,38.03125,38.46875,37.28125,37.625,3838600
1998-06-03,20.060970306396484,37.03125,38.15625,37.03125,38.15625,3961600
1998-06-04,20.822763442993164,38.4375,38.59375,37.5625,37.625,5180200
1998-06-05,21.432241439819336,39.5625,39.59375,38.8125,38.875,4102600
1998-06-08,20.822763442993164,38.4375,39.5625,38.3125,39.5625,3349800
1998-06-09,20.26411819458008,37.40625,38.25,37.28125,38.09375,4470200
1998-06-10,19.959386825561523,36.84375,37.4375,36.59375,37.4375,4722400
1998-06-11,19.180662155151367,35.40625,36.90625,35.25,36.875,7660800
1998-06-12,19.705463409423828,36.375,36.375,34.90625,35.40625,8261600
1998-06-15,18.638931274414062,34.40625,35.75,34.375,35.625,5715800
1998-06-16,19.163726806640625,35.375,36.0,34.75,34.90625,6601400
1998-06-17,19.688535690307617,36.34375,37.0,36.1875,36.5,4580200
1998-06-18,18.943649291992188,34.96875,36.1875,34.875,36.1875,5139600
1998-06-19,17.944833755493164,33.125,34.96875,33.015625,34.625,30639600
1998-06-22,18.249555587768555,33.6875,33.71875,33.0,33.125,11559200
1998-06-23,18.418853759765625,34.0,34.5625,33.90625,33.96875,9715600
1998-06-24,18.62200355529785,34.375,34.875,34.125,34.875,9715200
1998-06-25,18.300352096557617,33.78125,34.6875,33.53125,34.6875,7944400
1998-06-26,18.08026123046875,33.375,34.15625,33.15625,34.15625,4996200
1998-06-29,18.401918411254883,33.96875,34.15625,33.1875,33.4375,6250000
1998-06-30,18.50349235534668,34.15625,34.53125,34.09375,34.46875,5912800
1998-07-01,18.1649112701416,33.53125,34.4375,33.375,34.4375,4822600
1998-07-02,18.469633102416992,34.09375,34.25,33.40625,33.53125,5163000
1998-07-06,18.368066787719727,33.90625,34.34375,33.75,34.34375,5064000
1998-07-07,18.08026123046875,33.375,33.96875,33.375,33.875,5299600
1998-07-08,18.300352096557617,33.78125,34.5625,33.59375,33.59375,6487400
1998-07-09,18.249555587768555,33.6875,34.03125,33.25,33.78125,4671200
1998-07-10,18.232627868652344,33.65625,34.125,33.15625,33.6875,6840800
1998-07-13,17.77553939819336,32.8125,34.0,32.5625,33.75,7738800
1998-07-14,18.334205627441406,33.84375,34.0625,32.8125,33.0625,7753800
1998-07-15,18.84207344055176,34.78125,34.96875,34.28125,34.5,7075000
1998-07-16,18.60506629943848,34.34375,34.875,34.3125,34.84375,5400800
1998-07-17,18.198774337768555,33.59375,34.71875,33.53125,34.5625,4298200
1998-07-20,17.572389602661133,32.4375,33.75,32.40625,33.625,9527800
1998-07-21,17.538532257080078,32.375,32.875,32.0,32.71875,7040800
1998-07-22,17.79246711730957,32.84375,33.09375,31.53125,32.21875,6975000
1998-07-23,16.8275146484375,31.0625,32.84375,31.0625,32.75,7496600
1998-07-24,16.48893165588379,30.4375,31.09375,29.9375,31.09375,7249800
1998-07-27,16.89522933959961,31.1875,31.1875,30.15625,30.15625,7005200
1998-07-28,16.48893165588379,30.4375,31.375,30.0625,31.0625,5809800
1998-07-29,16.370437622070312,30.21875,30.90625,30.0625,30.53125,4845400
1998-07-30,16.979875564575195,31.34375,31.34375,30.3125,30.375,7114200
1998-07-31,16.4042911529541,30.28125,31.34375,30.0625,31.34375,3717000
1998-08-03,16.116500854492188,29.75,30.5625,29.625,30.3125,4857800
1998-08-04,15.490119934082031,28.59375,30.15625,28.5625,30.09375,8048800
1998-08-05,15.236184120178224,28.125,29.15625,27.1875,29.125,9459400
1998-08-06,15.55783462524414,28.71875,29.09375,27.84375,28.0,7921800
1998-08-07,15.794842720031738,29.15625,30.1875,29.03125,29.09375,9245400
1998-08-10,15.236184120178224,28.125,29.125,28.03125,28.8125,6454400
1998-08-11,14.89759349822998,27.5,28.0625,27.1875,28.0,7088200
1998-08-12,15.168466567993164,28.0,28.21875,27.5,28.0,5907000
1998-08-13,14.846816062927246,27.40625,28.46875,27.40625,28.125,6684400
1998-08-14,14.186579704284668,26.1875,27.84375,26.15625,27.6875,7767800
1998-08-17,14.017282485961914,25.875,26.25,25.5,26.25,6387800
1998-08-18,14.592876434326172,26.9375,26.96875,25.65625,25.875,7684200
1998-08-19,15.016105651855469,27.71875,28.34375,27.5625,27.8125,8989200
1998-08-20,14.93145751953125,27.5625,27.9375,27.0625,27.65625,6917800
1998-08-21,14.93145751953125,27.5625,27.65625,26.375,27.375,5902400
1998-08-24,14.96531581878662,27.625,27.8125,27.0,27.53125,5379000
1998-08-25,14.69444751739502,27.125,27.71875,26.8125,27.40625,5865600
1998-08-26,14.034218788146973,25.90625,26.625,25.53125,26.4375,8146200
1998-08-27,13.001548767089844,24.0,25.875,23.71875,25.375,10785000
1998-08-28,13.23855209350586,24.4375,24.625,23.84375,24.25,7086600
1998-08-31,11.913114547729492,21.90625,24.78125,21.71875,24.5625,9416400
1998-09-01,12.67786979675293,23.3125,23.3125,21.8125,22.03125,13241400
1998-09-02,12.4739351272583,22.9375,24.15625,22.8125,23.5,10254400
1998-09-03,12.847813606262209,23.625,23.625,22.125,22.375,13082600
1998-09-04,13.595565795898438,25.0,25.0625,23.15625,23.875,12651600
1998-09-08,13.45961093902588,24.75,25.90625,24.125,25.875,9217600
1998-09-09,13.06873893737793,24.03125,24.71875,23.84375,24.625,7474800
1998-09-10,13.323654174804688,24.5,25.65625,24.09375,24.21875,13835400
1998-09-11,13.901471138000488,25.5625,26.0625,24.71875,24.8125,14034600
1998-09-14,14.292344093322754,26.28125,26.71875,26.15625,26.4375,9994800
1998-09-15,14.122400283813477,25.96875,26.25,25.5625,26.25,6162400
1998-09-16,14.377307891845703,26.4375,26.8125,26.03125,26.21875,7952400
1998-09-17,13.867478370666504,25.5,25.96875,25.3125,25.3125,9110200
1998-09-18,13.561574935913086,24.9375,25.34375,24.4375,25.28125,8800200
1998-09-21,13.578571319580078,24.96875,25.625,24.03125,24.125,5661400
1998-09-22,13.42562770843506,24.6875,24.9375,24.15625,24.90625,6121200
1998-09-23,14.377307891845703,26.4375,26.625,25.0625,25.25,9008600
1998-09-24,13.697535514831545,25.1875,26.0,25.0625,25.9375,5776000
1998-09-25,13.816499710083008,25.40625,25.59375,24.71875,24.8125,7416000
1998-09-28,13.680534362792969,25.15625,26.125,25.125,25.5,5881600
1998-09-29,14.275344848632812,26.25,26.375,25.34375,25.34375,5760800
1998-09-30,13.833486557006836,25.4375,25.875,25.15625,25.6875,5324200
1998-10-01,13.306666374206545,24.46875,25.96875,24.125,25.25,6635800
1998-10-02,13.204696655273438,24.28125,24.6875,23.6875,24.40625,7056200
1998-10-05,12.91578197479248,23.75,24.71875,23.53125,24.46875,4507800
1998-10-06,12.983762741088867,23.875,24.3125,23.4375,23.9375,4757600
1998-10-07,12.422947883605955,22.84375,24.125,22.5625,23.9375,5266600
1998-10-08,11.9301118850708,21.9375,22.5625,21.25,22.375,7124600
1998-10-09,11.964097023010254,22.0,22.46875,21.6875,22.125,5917600
1998-10-12,12.5589017868042,23.09375,23.21875,22.28125,22.28125,5079400
1998-10-13,12.100062370300291,22.25,23.375,21.8125,23.09375,6458400
1998-10-14,12.253009796142578,22.53125,22.59375,21.84375,22.34375,5190800
1998-10-15,12.813825607299805,23.5625,23.625,22.46875,22.5,6803600
1998-10-16,14.13938331604004,26.0,26.125,24.25,24.34375,13068000
1998-10-19,14.105401039123535,25.9375,26.625,25.3125,25.875,8846200
1998-10-20,13.833486557006836,25.4375,26.21875,25.3125,25.5,7579400
1998-10-21,14.275344848632812,26.25,26.375,25.4375,25.5625,8944000
1998-10-22,14.547263145446776,26.75,27.0,25.78125,26.375,7959800
1998-10-23,13.935452461242676,25.625,26.28125,25.5,26.125,4648000
1998-10-26,14.241358757019045,26.1875,26.71875,25.1875,25.75,8044000
1998-10-27,14.071404457092283,25.875,27.375,25.875,26.65625,8816400
1998-10-28,14.156381607055664,26.03125,26.46875,25.3125,25.5,4990200
1998-10-29,13.935452461242676,25.625,26.59375,25.46875,26.1875,4121400
1998-10-30,14.275344848632812,26.25,26.59375,25.4375,25.875,5347200
1998-11-02,15.02310848236084,27.625,27.875,27.125,27.1875,9841800
1998-11-03,14.921136856079102,27.4375,27.9375,26.9375,27.75,6713400
1998-11-04,14.802166938781738,27.21875,27.59375,26.90625,27.5,8385000
1998-11-05,15.244026184082031,28.03125,28.15625,26.90625,27.125,6733400
1998-11-06,15.481950759887695,28.46875,28.90625,27.5,28.09375,6854600
1998-11-09,15.176051139831545,27.90625,29.125,27.78125,28.46875,4812000
1998-11-10,14.46229076385498,26.59375,27.625,26.5,27.59375,7599200
1998-11-11,14.122400283813477,25.96875,27.0625,25.65625,26.875,6104600
1998-11-12,14.071404457092283,25.875,26.65625,25.5625,26.4375,6321000
1998-11-13,14.088412284851074,25.90625,26.46875,25.625,26.3125,4395200
1998-11-16,13.731522560119627,25.25,25.625,25.0,25.59375,5965400
1998-11-17,13.799505233764648,25.375,25.6875,25.25,25.40625,3853800
1998-11-18,13.51059913635254,24.84375,25.46875,24.375,25.25,7294600
1998-11-19,13.527588844299316,24.875,25.125,24.3125,25.0,5852800
1998-11-20,13.986442565917969,25.71875,26.0625,25.21875,25.34375,7822400
1998-11-23,13.561574935913086,24.9375,25.6875,24.78125,25.6875,7803200
1998-11-24,13.45961093902588,24.75,25.65625,24.71875,24.84375,7187400
1998-11-25,13.45961093902588,24.75,25.34375,24.65625,24.9375,5319000
1998-11-27,13.051746368408203,24.0,24.75,23.9375,24.75,5826400
1998-11-30,12.151044845581056,22.34375,23.71875,22.1875,23.65625,14679600
1998-12-01,11.709186553955078,21.53125,22.5625,21.25,22.28125,18276400
1998-12-02,11.318313598632812,20.8125,21.5625,20.34375,21.5625,18986800
1998-12-03,11.233339309692385,20.65625,21.40625,20.375,20.8125,17993600
1998-12-04,11.216341972351074,20.625,20.8125,20.03125,20.59375,15774600
1998-12-07,11.981091499328612,22.03125,22.125,20.84375,20.84375,16991400
1998-12-08,11.556236267089844,21.25,22.3125,21.25,22.125,15755000
1998-12-09,11.828146934509276,21.75,21.8125,21.0,21.5,10526200
1998-12-10,11.87912940979004,21.84375,22.28125,21.25,21.71875,9845000
1998-12-11,11.87912940979004,21.84375,22.1875,21.53125,21.59375,6172400
1998-12-14,12.219016075134276,22.46875,22.90625,21.875,21.9375,9555600
1998-12-15,11.9301118850708,21.9375,22.78125,21.78125,22.75,7866200
1998-12-16,12.69486141204834,23.34375,23.9375,22.65625,22.875,11405800
1998-12-17,12.219016075134276,22.46875,23.125,22.03125,23.125,7922000
1998-12-18,12.13404369354248,22.3125,22.75,22.1875,22.25,7384400
1998-12-21,11.985342979431152,22.0390625,22.46875,21.78125,22.15625,10221200
1998-12-22,12.083060264587402,22.21875,22.78125,22.0625,22.0625,7492000
1998-12-23,13.017755508422852,23.9375,24.0,22.28125,22.28125,6906400
1998-12-24,13.103200912475586,24.0,24.0,23.625,23.78125,2847600
1998-12-28,12.932589530944824,23.6875,23.90625,23.125,23.875,4842800
1998-12-29,12.796092987060549,23.4375,23.5,22.625,23.25,7927800
1998-12-30,12.454863548278809,22.8125,23.40625,22.625,23.40625,5067200
1998-12-31,12.659602165222168,23.1875,23.6875,22.5625,22.5625,8038200
1999-01-04,13.052016258239746,23.90625,24.15625,23.3125,23.3125,6812400
1999-01-05,13.034948348999023,23.875,24.3125,23.625,24.03125,5456400
1999-01-06,14.007452011108398,25.65625,25.75,24.34375,24.5,9907200
1999-01-07,14.57048797607422,26.6875,26.75,24.96875,25.15625,12249600
1999-01-08,14.212190628051758,26.03125,26.96875,26.0,26.65625,8321600
1999-01-11,14.433989524841309,26.4375,26.65625,26.0,26.125,8098600
1999-01-12,13.922149658203123,25.5,26.78125,25.5,26.5625,6900200
1999-01-13,13.376181602478027,24.5,24.8125,24.1875,24.6875,8112800
1999-01-14,13.137321472167969,24.0625,24.90625,23.9375,24.4375,5536000
1999-01-15,13.478556632995604,24.6875,24.75,24.0,24.25,4657800
1999-01-19,13.58091926574707,24.875,24.9375,24.34375,24.65625,5761400
1999-01-20,13.171449661254885,24.125,25.0625,23.75,25.0625,6593000
1999-01-21,13.615038871765137,24.9375,25.28125,24.25,24.25,10441200
1999-01-22,14.058642387390137,25.75,25.75,25.34375,25.5625,7725000
1999-01-25,13.649164199829102,25.0,25.75,24.96875,25.75,4101800
1999-01-26,13.103200912475586,24.0,24.84375,23.5,24.78125,6266400
1999-01-27,12.864340782165527,23.5625,24.40625,23.5625,24.125,5149200
1999-01-28,12.676655769348145,23.21875,23.96875,23.0,23.59375,5703000
1999-01-29,13.000828742980955,23.8125,23.90625,22.71875,23.09375,6253400
1999-02-01,13.034948348999023,23.875,24.25,23.59375,23.75,5360600
1999-02-02,13.546802520751951,24.8125,24.96875,23.75,23.875,8198200
1999-02-03,14.314562797546388,26.21875,26.375,24.90625,24.96875,9922200
1999-02-04,14.041582107543944,25.71875,26.25,25.6875,26.25,6216600
1999-02-05,14.46811294555664,26.5,26.5,25.59375,25.59375,6898600
1999-02-08,14.229256629943848,26.0625,26.40625,25.8125,26.15625,4516200
1999-02-09,13.75153636932373,25.1875,26.1875,25.125,26.1875,4036600
1999-02-10,13.870967864990234,25.40625,25.75,25.3125,25.40625,3092400
1999-02-11,14.17807388305664,25.96875,25.96875,25.15625,25.375,3698600
1999-02-12,13.734468460083008,25.15625,26.28125,25.15625,25.9375,2961000
1999-02-16,13.563862800598145,24.84375,25.34375,24.78125,25.15625,4986400
1999-02-17,13.273816108703612,24.3125,24.75,24.3125,24.53125,3296800
1999-02-18,13.717408180236816,25.125,25.375,24.09375,24.46875,4477800
1999-02-19,13.427363395690918,24.59375,24.90625,24.5625,24.90625,3190000
1999-02-22,13.290489196777344,24.25,24.84375,24.125,24.5625,5007000
1999-02-23,13.187726974487305,24.0625,24.625,23.9375,24.25,7351600
1999-02-24,13.170598983764648,24.03125,24.59375,23.8125,23.8125,7286000
1999-02-25,13.393251419067385,24.4375,24.9375,23.84375,23.875,6808200
1999-02-26,13.307615280151367,24.28125,24.8125,24.125,24.6875,4180400
1999-03-01,13.341869354248049,24.34375,24.6875,24.0,24.28125,3037000
1999-03-02,13.564516067504885,24.75,24.75,24.28125,24.28125,3142000
1999-03-03,14.181089401245115,25.875,25.9375,24.96875,25.0,8033000
1999-03-04,15.44848346710205,28.1875,28.25,25.75,25.96875,14836800
1999-03-05,15.071697235107422,27.5,28.59375,27.25,28.59375,10448200
1999-03-08,15.277214050292969,27.875,28.5625,27.875,27.96875,8938200
1999-03-09,15.15732765197754,27.65625,28.1875,27.25,27.75,7305000
1999-03-10,16.030790328979492,29.25,29.3125,28.03125,28.21875,18893400
1999-03-11,15.61974811553955,28.5,29.625,28.34375,29.5,14213000
1999-03-12,15.465608596801758,28.21875,29.15625,28.0625,29.0,10827200
1999-03-15,15.585498809814451,28.4375,28.4375,27.25,27.78125,5915600
1999-03-16,15.311467170715332,27.9375,28.625,27.53125,28.375,5775000
1999-03-17,16.373340606689453,29.875,29.90625,28.28125,28.3125,9778000
1999-03-18,16.20206069946289,29.5625,30.3125,29.375,30.0625,9898200
1999-03-19,15.636870384216309,28.53125,29.6875,28.5,29.625,9161600
1999-03-22,16.11642837524414,29.40625,29.46875,28.65625,28.875,5174000
1999-03-23,15.585498809814451,28.4375,29.15625,28.34375,29.0,4675400
1999-03-24,15.345722198486328,28.0,29.125,27.9375,29.0,5282800
1999-03-25,15.962285995483398,29.125,29.125,27.65625,28.09375,5567200
1999-03-26,16.30482292175293,29.75,30.0,29.03125,29.3125,5717800
1999-03-29,16.972774505615234,30.96875,31.15625,30.25,30.25,9302400
1999-03-30,16.972774505615234,30.96875,31.0625,30.59375,30.96875,6785600
1999-03-31,16.493223190307617,30.09375,30.96875,29.8125,30.96875,5788200
1999-04-01,15.893774032592772,29.0,29.5,29.0,29.5,4967000
1999-04-05,15.996541976928713,29.1875,29.6875,29.1875,29.25,4991800
1999-04-06,15.85953140258789,28.9375,29.6875,28.84375,29.625,3603600
1999-04-07,15.208704948425291,27.75,28.9375,27.75,28.9375,4943400
1999-04-08,15.431350708007812,28.15625,28.3125,27.78125,27.78125,6345600
1999-04-09,15.979415893554688,29.15625,29.4375,28.0,28.40625,5003000
1999-04-12,15.842399597167969,28.90625,29.8125,28.90625,29.5,4757600
1999-04-13,15.928034782409668,29.0625,29.46875,28.78125,28.90625,4349200
1999-04-14,15.499859809875488,28.28125,28.78125,28.25,28.75,4045000
1999-04-15,16.715871810913086,30.5,30.75,28.3125,28.5,9299600
1999-04-16,16.767257690429688,30.59375,32.0625,30.0,30.625,15373800
1999-04-19,17.10979461669922,31.21875,32.9375,31.1875,32.25,10395600
1999-04-20,16.613117218017578,30.3125,31.0,30.0,30.96875,6278000
1999-04-21,16.544607162475586,30.1875,31.125,30.0,30.4375,5984400
1999-04-22,17.43520164489746,31.8125,31.84375,30.0,30.53125,6450600
1999-04-23,16.681617736816406,30.4375,31.59375,30.375,31.375,4742800
1999-04-26,16.424718856811523,29.96875,30.1875,29.53125,30.15625,3719000
1999-04-27,16.407588958740234,29.9375,30.6875,29.71875,29.96875,7286800
1999-04-28,17.400951385498047,31.75,32.09375,30.78125,30.875,7689000
1999-04-29,17.81199073791504,32.5,32.75,31.09375,31.96875,10686800
1999-04-30,17.503704071044922,31.9375,32.5,31.625,32.5,4896200
1999-05-03,17.914758682250977,32.6875,32.8125,31.0625,31.5,7197800
1999-05-04,17.64072608947754,32.1875,32.9375,31.90625,32.5,5359400
1999-05-05,17.64072608947754,32.1875,32.25,30.8125,31.75,6380200
1999-05-06,17.31531524658203,31.59375,32.09375,31.25,32.0625,3262000
1999-05-07,17.126916885375977,31.25,31.71875,30.59375,31.5,5244000
1999-05-10,17.10979461669922,31.21875,31.96875,30.9375,31.3125,4673200
1999-05-11,16.93852424621582,30.90625,31.125,30.625,31.125,3447200
1999-05-12,16.989896774291992,31.0,31.46875,30.0625,30.5,4801200
1999-05-13,17.281057357788086,31.53125,32.1875,31.1875,31.40625,4143200
1999-05-14,16.95564842224121,30.9375,32.21875,30.625,31.65625,4421200
1999-05-17,16.784378051757812,30.625,31.0,30.34375,30.625,2801200
1999-05-18,16.493223190307617,30.09375,30.53125,29.84375,30.5,5537000
1999-05-19,16.167816162109375,29.5,30.46875,29.25,29.75,8396400
1999-05-20,16.30482292175293,29.75,30.0625,29.125,29.53125,5590400
1999-05-21,16.73300552368164,30.53125,30.5625,29.9375,30.09375,5128200
1999-05-24,15.910914421081545,29.03125,31.125,29.0,30.96875,4239400
1999-05-25,15.808144569396973,28.84375,29.9375,28.625,29.0,4440800
1999-05-26,16.767257690429688,30.59375,31.0,29.3125,29.375,5006600
1999-05-27,16.441843032836914,30.0,31.03125,29.5625,30.3125,4122200
1999-05-28,16.493223190307617,30.09375,30.5,29.78125,30.0,3484000
1999-06-01,16.236310958862305,29.625,29.75,29.3125,29.75,4843200
1999-06-02,16.441843032836914,30.0,30.46875,29.84375,29.875,5923800
1999-06-03,16.561729431152344,30.21875,31.09375,30.21875,30.84375,8082400
1999-06-04,16.75084114074707,30.46875,30.6875,29.875,30.5625,4488400
1999-06-07,17.07728385925293,31.0625,31.59375,30.25,30.40625,4636400
1999-06-08,16.68212890625,30.34375,31.3125,30.03125,30.9375,4212400
1999-06-09,16.441604614257812,29.90625,30.09375,29.625,29.90625,5478000
1999-06-10,16.510324478149414,30.03125,30.59375,29.875,29.875,5038000
1999-06-11,16.85392951965332,30.65625,30.84375,29.9375,29.9375,4850400
1999-06-14,17.1460018157959,31.1875,31.4375,30.125,30.90625,4224800
1999-06-15,17.661413192749023,32.125,32.1875,30.6875,31.0,5199200
1999-06-16,17.11164665222168,31.125,32.25,31.0625,32.25,5886000
1999-06-17,17.455244064331055,31.75,32.03125,31.03125,31.03125,4511800
1999-06-18,17.730125427246094,32.25,32.46875,31.625,31.90625,7553800
1999-06-21,17.317798614501953,31.5,32.15625,30.8125,32.15625,4672800
1999-06-22,16.71649169921875,30.40625,31.75,30.25,31.125,4697200
1999-06-23,16.733671188354492,30.4375,31.15625,30.28125,30.71875,5534000
1999-06-24,16.28697967529297,29.625,30.625,29.53125,30.3125,6966800
1999-06-25,16.269804000854492,29.59375,29.90625,29.46875,29.75,3648800
1999-06-28,16.25261688232422,29.5625,30.34375,29.40625,29.5,4102400
1999-06-29,16.85392951965332,30.65625,30.65625,29.625,29.78125,4119200
1999-06-30,17.506792068481445,31.84375,31.9375,30.90625,31.0,9510200
1999-07-01,17.008554458618164,30.9375,31.59375,30.8125,31.5,6747000
1999-07-02,17.07728385925293,31.0625,31.34375,30.5,30.6875,4414400
1999-07-06,16.93983268737793,30.8125,31.84375,30.6875,31.46875,10026800
1999-07-07,16.579042434692383,30.15625,31.25,29.75,30.8125,9045400
1999-07-08,17.249074935913086,31.375,31.4375,30.75,31.0,9759200
1999-07-09,17.678586959838867,32.15625,32.4375,31.03125,31.25,6564000
1999-07-12,17.816036224365234,32.40625,32.5,31.375,32.1875,6552600
1999-07-13,17.506792068481445,31.84375,32.3125,31.53125,32.25,8030400
1999-07-14,17.730125427246094,32.25,32.625,32.0,32.0625,5770600
1999-07-15,17.7473087310791,32.28125,32.34375,31.875,32.28125,3326400
1999-07-16,17.48960304260254,31.8125,32.34375,31.78125,32.1875,4029800
1999-07-19,17.386531829833984,31.625,31.8125,31.5625,31.8125,2918200
1999-07-20,16.836748123168945,30.625,31.65625,30.625,31.625,4986400
1999-07-21,17.163179397583008,31.21875,31.53125,30.15625,30.15625,4757200
1999-07-22,16.768033981323242,30.5,31.0,30.25,30.8125,5717400
1999-07-23,16.733671188354492,30.4375,31.1875,30.375,30.71875,2934000
1999-07-26,16.630586624145508,30.25,30.875,30.25,30.40625,2587400
1999-07-27,16.25261688232422,29.5625,30.71875,29.4375,30.5,7204200
1999-07-28,16.510324478149414,30.03125,30.125,29.4375,29.5,7032400
1999-07-29,16.59623146057129,30.1875,30.65625,29.78125,29.9375,5157200
1999-07-30,16.64776611328125,30.28125,31.15625,30.25,30.34375,5181600
1999-08-02,16.407243728637695,29.84375,30.1875,29.5625,29.9375,3659400
1999-08-03,16.630586624145508,30.25,30.375,29.8125,29.8125,2909600
1999-08-04,16.92265510559082,30.78125,31.09375,30.3125,30.5,4413800
1999-08-05,17.558317184448242,31.9375,31.96875,30.5625,30.75,5523800
1999-08-06,17.40370750427246,31.65625,31.9375,31.375,31.875,4603000
1999-08-09,18.537607192993164,33.71875,33.8125,31.59375,31.59375,10542200
1999-08-10,18.24555778503418,33.1875,33.84375,32.6875,33.71875,6129600
1999-08-11,18.57197380065918,33.78125,33.84375,32.75,33.3125,4903800
1999-08-12,18.279905319213867,33.25,34.25,33.25,33.65625,5259000
1999-08-13,17.936294555664062,32.625,33.59375,32.5,33.53125,3892000
1999-08-16,17.798847198486328,32.375,32.84375,31.90625,32.59375,3502800
1999-08-17,18.31426048278809,33.3125,33.5625,32.46875,32.59375,3875600
1999-08-18,18.09092140197754,32.90625,33.65625,32.90625,33.5,3128600
1999-08-19,18.486064910888672,33.625,34.0,32.71875,32.78125,4663600
1999-08-20,18.537607192993164,33.71875,34.4375,33.6875,33.9375,4663200
1999-08-23,18.812503814697266,34.21875,34.25,33.25,33.53125,4249000
1999-08-24,18.55478858947754,33.75,34.15625,33.5625,33.875,3641000
1999-08-25,18.0737361907959,32.875,34.34375,32.75,34.21875,5464600
1999-08-26,17.816036224365234,32.40625,33.03125,31.9375,33.03125,7354400
1999-08-27,18.00501823425293,32.75,33.3125,32.21875,32.5,3314000
1999-08-30,17.644235610961914,32.09375,32.9375,32.09375,32.75,3863600
1999-08-31,18.33144187927246,33.34375,33.75,32.03125,32.21875,6608600
1999-09-01,18.09092140197754,32.90625,33.65625,32.65625,33.375,4282400
1999-09-02,17.627050399780273,32.0625,32.34375,32.0,32.125,3702000
1999-09-03,17.85118293762207,32.375,32.59375,32.21875,32.40625,2659000
1999-09-07,18.609346389770508,33.75,34.09375,32.4375,32.4375,5264200
1999-09-08,18.45427322387696,33.46875,34.21875,33.40625,33.78125,3594600
1999-09-09,19.38473320007324,35.15625,35.3125,33.96875,33.96875,7936800
1999-09-10,19.29857635498047,35.0,35.34375,34.875,35.21875,6859200
1999-09-13,18.953962326049805,34.375,34.84375,34.15625,34.75,5161600
1999-09-14,18.23026466369629,33.0625,34.6875,32.8125,34.34375,5181000
1999-09-15,17.816730499267578,32.3125,33.625,32.25,33.0,6459600
1999-09-16,17.954578399658203,32.5625,32.84375,32.46875,32.625,3299200
1999-09-17,18.17858123779297,32.96875,33.125,32.34375,32.625,3913400
1999-09-20,17.36872673034668,31.5,33.1875,31.1875,32.96875,6632400
1999-09-21,16.817338943481445,30.5,31.65625,30.34375,31.5,10519200
1999-09-22,16.57611083984375,30.0625,31.28125,30.0625,30.96875,5773400
1999-09-23,16.48995018005371,29.90625,30.96875,29.875,30.84375,6140600
1999-09-24,16.35210418701172,29.65625,29.96875,28.84375,29.9375,6394600
1999-09-27,16.627796173095703,30.15625,30.71875,29.71875,30.0,5723400
1999-09-28,16.162555694580078,29.3125,30.03125,29.0625,30.0,5692400
1999-09-29,16.7484130859375,30.375,30.96875,29.875,29.96875,7731800
1999-09-30,17.179187774658203,31.15625,31.21875,30.34375,30.5625,6341600
1999-10-01,17.23087501525879,31.25,31.65625,31.1875,31.21875,3572000
1999-10-04,17.02410888671875,30.875,31.40625,30.5625,31.40625,4271800
1999-10-05,16.07640838623047,29.15625,30.34375,28.125,30.125,12830200
1999-10-06,15.852412223815918,28.75,29.59375,28.75,29.28125,6676000
1999-10-07,15.576714515686035,28.25,28.75,28.15625,28.75,6107000
1999-10-08,15.180402755737305,27.53125,28.0625,26.84375,27.5625,9793000
1999-10-11,15.680099487304688,28.4375,28.8125,28.0,28.125,7759400
1999-10-12,15.456092834472656,28.03125,29.0,28.03125,28.75,6906800
1999-10-13,15.628409385681152,28.34375,29.1875,28.15625,28.5,5752600
1999-10-14,15.232101440429688,27.625,28.3125,27.5625,28.15625,4029400
1999-10-15,14.990864753723145,27.1875,27.53125,26.8125,27.125,3815000
1999-10-18,15.094250679016112,27.375,27.96875,27.21875,27.5625,4110800
1999-10-19,15.731792449951172,28.53125,28.78125,27.8125,27.875,5213400
1999-10-20,16.145336151123047,29.28125,29.5,28.1875,28.53125,3678000
1999-10-21,16.30040740966797,29.5625,29.90625,29.3125,29.71875,3093200
1999-10-22,16.627796173095703,30.15625,30.375,29.84375,29.90625,4380600
1999-10-25,16.50718116760254,29.9375,30.71875,29.84375,30.375,3784800
1999-10-26,16.145336151123047,29.28125,30.09375,29.125,29.96875,2463800
1999-10-27,16.024717330932617,29.0625,30.21875,29.0625,30.0,5046400
1999-10-28,16.093645095825195,29.1875,29.6875,28.71875,29.1875,5625000
1999-10-29,16.69671630859375,30.28125,30.53125,29.5,29.59375,4412000
1999-11-01,17.23087501525879,31.25,31.28125,29.875,30.625,5709600
1999-11-02,16.50718116760254,29.9375,31.03125,29.84375,31.03125,4911600
1999-11-03,16.713958740234375,30.3125,30.71875,29.59375,29.9375,3700400
1999-11-04,16.57611083984375,30.0625,30.59375,29.6875,30.5,4736200
1999-11-05,15.783491134643556,28.625,30.46875,28.375,30.46875,5960600
1999-11-08,16.593334197998047,30.09375,30.21875,28.875,29.09375,4716800
1999-11-09,17.179187774658203,31.15625,31.28125,30.21875,30.25,4442800
1999-11-10,17.36872673034668,31.5,32.0,31.09375,31.375,6033000
1999-11-11,17.041345596313477,30.90625,31.71875,30.71875,31.4375,3302600
1999-11-12,17.78226661682129,32.25,32.25,30.59375,30.9375,3993800
1999-11-15,17.92011070251465,32.5,32.59375,32.0625,32.40625,6446200
1999-11-16,18.33365249633789,33.25,33.65625,32.65625,32.84375,7792400
1999-11-17,18.885040283203125,34.25,34.46875,33.125,33.125,7369600
1999-11-18,18.38534545898437,33.34375,34.0,33.25,33.875,5449400
1999-11-19,18.195804595947266,33.0,33.75,32.875,33.53125,4753200
1999-11-22,17.989032745361328,32.625,34.34375,32.59375,33.9375,6130600
1999-11-23,17.7478084564209,32.1875,32.625,31.90625,32.625,5425000
1999-11-24,17.5238037109375,31.78125,32.46875,31.40625,32.375,5111000
1999-11-26,17.213638305664062,31.21875,31.75,30.875,31.75,2099200
1999-11-29,16.679489135742188,30.25,30.78125,29.75,30.75,5637000
1999-11-30,16.735488891601562,30.3515625,30.90625,29.65625,30.0,6777200
1999-12-01,16.83026123046875,30.5234375,31.25,29.875,30.28125,6458000
1999-12-02,16.95518684387207,30.75,31.25,30.4375,30.75,6238000
1999-12-03,16.472719192504883,29.875,30.78125,29.75,30.75,4208200
1999-12-06,16.35210418701172,29.65625,30.34375,29.03125,30.03125,5121800
1999-12-07,15.81794548034668,28.6875,29.90625,28.625,29.09375,4803000
1999-12-08,16.369321823120117,29.6875,29.84375,27.6875,28.375,8825600
1999-12-09,16.024717330932617,29.0625,29.625,28.53125,29.5,6255600
1999-12-10,15.473329544067385,28.0625,28.46875,27.625,28.3125,8409800
1999-12-13,14.887478828430176,27.0,28.5625,26.96875,28.53125,8935600
1999-12-14,15.145936965942385,27.46875,27.6875,26.34375,26.5,8541000
1999-12-15,15.843792915344238,28.734375,29.34375,27.90625,28.09375,8918000
1999-12-16,15.766253471374512,28.59375,29.03125,28.3125,28.5625,6250800
1999-12-17,15.318248748779297,27.78125,28.625,27.5625,28.34375,6524800
1999-12-20,15.257941246032717,27.671875,27.96875,27.5,27.53125,4547800
1999-12-21,15.421640396118164,27.96875,28.40625,27.75,27.75,4822000
1999-12-22,15.645637512207031,28.375,28.375,27.65625,28.21875,3459000
1999-12-23,16.406457901000977,29.65625,29.875,27.90625,28.15625,6952600
1999-12-27,16.11255645751953,29.125,29.78125,29.125,29.375,2512800
1999-12-28,16.07797622680664,29.0625,29.71875,28.9375,29.125,2996600
1999-12-29,16.510183334350586,29.84375,29.875,29.0625,29.1875,2988000
1999-12-30,16.11255645751953,29.125,29.75,29.09375,29.75,2339600
1999-12-31,17.503475189208984,28.0625,28.21875,26.5,26.5,3818200
2000-01-03,17.133132934570312,27.46875,27.84375,26.8125,27.8125,7239800
2000-01-04,16.899232864379883,27.09375,27.78125,26.875,26.96875,7963000
2000-01-05,16.860254287719727,27.03125,27.5,26.75,27.03125,4826200
2000-01-06,18.010255813598633,28.875,29.03125,27.03125,27.1875,8005000
2000-01-07,18.34161758422852,29.40625,30.03125,29.0625,29.21875,7368600
2000-01-10,18.51703834533692,29.6875,29.78125,28.9375,29.375,5301600
2000-01-11,18.88739585876465,30.28125,30.4375,29.21875,29.78125,5525600
2000-01-12,18.45856094360352,29.59375,30.53125,29.53125,30.03125,4767600
2000-01-13,18.984840393066406,30.4375,30.75,29.6875,29.6875,4431000
2000-01-14,19.17975616455078,30.75,31.1875,30.125,30.59375,4340400
2000-01-18,20.62213706970215,33.0625,33.375,30.875,31.0,10215200
2000-01-19,20.544174194335938,32.9375,33.25,32.53125,33.0,6894200
2000-01-20,20.134849548339844,32.28125,32.625,31.625,32.40625,5076800
2000-01-21,20.58315086364746,33.0,33.8125,32.4375,32.46875,8978600
2000-01-24,20.05688095092773,32.15625,33.46875,32.0,33.125,5464400
2000-01-25,19.80349349975586,31.75,32.375,31.25,31.65625,6135600
2000-01-26,19.608577728271484,31.4375,32.5,30.78125,32.125,6799600
2000-01-27,19.491619110107425,31.25,32.25,30.65625,31.3125,8198000
2000-01-28,18.711963653564453,30.0,31.625,29.875,31.0625,6604200
2000-01-31,19.04331398010254,30.53125,30.78125,29.875,30.1875,4803200
2000-02-01,19.939929962158203,31.96875,32.03125,30.875,30.96875,3888400
2000-02-02,19.17975616455078,30.75,32.5625,30.625,32.25,6333000
2000-02-03,19.12128639221192,30.65625,31.125,30.375,31.0,4744400
2000-02-04,18.556026458740234,29.75,30.65625,29.375,30.375,6238600
2000-02-07,18.92636680603028,30.34375,30.75,29.5625,29.5625,4456000
2000-02-08,18.556026458740234,29.75,30.84375,29.375,30.5625,3218600
2000-02-09,17.795852661132812,28.53125,30.15625,28.46875,29.75,5931400
2000-02-10,18.41958236694336,29.53125,29.8125,28.75,29.0,7112800
2000-02-11,18.22466087341309,29.21875,30.09375,29.15625,29.75,5045000
2000-02-14,18.867897033691406,30.25,30.25,28.75,29.21875,4750600
2000-02-15,20.27129173278809,32.5,32.625,30.65625,30.75,10922200
2000-02-16,20.58315086364746,33.0,33.1875,32.53125,32.90625,11507000
2000-02-17,20.856033325195312,33.4375,33.84375,32.375,32.75,10306800
2000-02-18,20.739086151123047,33.25,33.875,32.9375,33.59375,5774400
2000-02-22,20.426488876342773,32.65625,33.375,32.125,32.9375,5059000
2000-02-23,20.17238426208496,32.25,32.5625,31.875,32.25,4034800
2000-02-24,21.40384101867676,34.21875,34.34375,32.1875,32.25,12022800
2000-02-25,20.954265594482425,33.5,34.625,33.4375,34.125,7579800
2000-02-28,21.65794563293457,34.625,35.09375,33.28125,33.3125,7540600
2000-02-29,23.09952163696289,36.9296875,36.9375,35.15625,35.25,9574600
2000-03-01,24.101306915283203,38.53125,41.0625,37.5,37.90625,15547800
2000-03-02,25.52821922302246,40.8125,42.1875,40.3125,40.5,19973800
2000-03-03,24.58998107910156,39.3125,40.46875,38.25,40.4375,12784000
2000-03-06,24.19903564453125,38.6875,39.59375,38.59375,38.875,7330800
2000-03-07,25.70416641235352,41.09375,42.1875,39.0,39.0,10148000
2000-03-08,24.101306915283203,38.53125,39.4375,38.03125,38.5,9460400
2000-03-09,23.96448135375977,38.3125,38.65625,37.15625,38.0,7907000
2000-03-10,23.9840145111084,38.34375,40.375,38.0625,38.125,6666000
2000-03-13,24.33587646484375,38.90625,40.21875,37.78125,38.0,6680200
2000-03-14,23.847198486328125,38.125,38.84375,37.28125,38.4375,6117400
2000-03-15,23.104415893554688,36.9375,38.09375,36.6875,37.6875,5643800
2000-03-16,23.612632751464844,37.75,37.96875,36.09375,36.8125,8374600
2000-03-17,23.24124526977539,37.15625,38.25,37.09375,37.375,6825400
2000-03-20,21.97069358825684,35.125,37.1875,34.71875,37.1875,7996400
2000-03-21,22.518007278442383,36.0,37.09375,35.28125,35.28125,6822000
2000-03-22,23.96448135375977,38.3125,39.3125,36.5,36.625,8403800
2000-03-23,24.179492950439453,38.65625,39.6875,37.90625,38.75,6109800
2000-03-24,24.45313835144043,39.09375,40.40625,38.71875,39.75,6014600
2000-03-27,24.902719497680664,39.8125,40.65625,37.90625,38.625,7670200
2000-03-28,24.04267120361328,38.4375,40.21875,38.15625,39.125,6372400
2000-03-29,25.371850967407227,40.5625,40.96875,37.78125,37.84375,8049400
2000-03-30,24.31632232666016,38.875,41.9375,38.875,41.375,6718600
2000-03-31,23.925386428833008,38.25,40.15625,38.25,39.5,4591600
2000-04-03,25.39138984680176,40.59375,40.9375,39.0,39.0,5759000
2000-04-04,24.76590919494629,39.59375,41.375,38.375,40.5,10392000
2000-04-05,23.06532096862793,36.875,39.96875,36.5,39.5,8733600
2000-04-06,23.45625305175781,37.5,38.09375,36.25,37.46875,7037800
2000-04-07,23.02622604370117,36.8125,39.0,36.71875,37.53125,6043000
2000-04-10,21.990238189697266,35.15625,36.1875,35.15625,36.0625,6623200
2000-04-11,22.811208724975582,36.46875,36.625,35.25,35.53125,6611200
2000-04-12,22.90894889831543,36.625,37.46875,36.15625,36.75,6125800
2000-04-13,22.43982696533203,35.875,37.21875,35.875,36.5,4631400
2000-04-14,21.95115089416504,35.09375,37.3125,34.59375,35.6875,5751000
2000-04-17,21.36474800109864,34.15625,35.1875,33.40625,35.09375,5328400
2000-04-18,23.104415893554688,36.9375,36.9375,34.75,34.8125,6359200
2000-04-19,23.06532096862793,36.875,37.21875,35.8125,36.84375,4802800
2000-04-20,23.006690979003903,36.78125,37.3125,36.65625,37.0,5146600
2000-04-24,23.24124526977539,37.15625,37.5625,36.625,37.25,5022400
2000-04-25,23.43671607971192,37.46875,37.875,36.84375,37.46875,5275800
2000-04-26,24.179492950439453,38.65625,38.8125,36.71875,37.40625,6795800
2000-04-27,24.58998107910156,39.3125,39.9375,38.0,38.78125,7609800
2000-04-28,23.944934844970703,38.28125,39.375,38.125,38.8125,3429000
2000-05-01,23.45625305175781,37.5,38.3125,36.9375,38.15625,9229000
2000-05-02,24.25767135620117,38.78125,38.875,37.625,37.6875,7892200
2000-05-03,23.573549270629883,37.6875,38.6875,37.03125,38.28125,6925800
2000-05-04,23.769004821777344,38.0,38.625,37.5,37.5,5382200
2000-05-05,24.2772274017334,38.8125,38.96875,37.53125,37.875,3227200
2000-05-08,23.944934844970703,38.28125,39.6875,37.875,38.6875,4600400
2000-05-09,24.29677391052246,38.84375,39.21875,37.9375,38.3125,4070200
2000-05-10,24.04267120361328,38.4375,38.9375,37.5,38.8125,4237400
2000-05-11,24.43361473083496,39.0625,39.3125,38.25,38.25,3292800
2000-05-12,25.19592666625977,40.28125,40.46875,38.75,39.46875,5167200
2000-05-15,26.01690673828125,41.59375,41.78125,39.90625,40.0,5640200
2000-05-16,25.89962387084961,41.40625,41.65625,40.53125,41.46875,5723200
2000-05-17,25.9582576751709,41.5,42.125,40.8125,41.03125,5177200
2000-05-18,25.254573822021484,40.375,40.65625,39.53125,40.375,8317400
2000-05-19,24.76590919494629,39.59375,40.75,39.40625,40.28125,6987600
2000-05-22,23.006690979003903,36.78125,39.25,36.625,39.09375,6371800
2000-05-23,23.514902114868164,37.59375,38.21875,36.5625,36.96875,6294200
2000-05-24,23.22170066833496,37.125,37.9375,36.4375,37.6875,4444000
2000-05-25,23.16305923461914,37.03125,37.125,34.625,37.125,11573000
2000-05-26,22.22479820251465,35.53125,37.59375,35.28125,37.25,3754200
2000-05-30,22.20526695251465,35.5,36.625,35.28125,35.78125,6325600
2000-05-31,23.006690979003903,36.78125,37.40625,36.0625,36.4375,7982400
2000-06-01,22.86985206604004,36.5625,37.15625,35.625,36.78125,6380800
2000-06-02,21.814313888549805,34.875,36.6875,34.75,36.46875,7873400
2000-06-05,21.65766906738281,34.53125,36.25,34.53125,36.25,6763200
2000-06-06,22.46127319335937,35.8125,36.40625,35.125,35.3125,7713000
2000-06-07,22.539661407470703,35.9375,36.375,35.1875,36.03125,5683000
2000-06-08,22.814069747924805,36.375,36.6875,35.65625,35.90625,4516200
2000-06-09,22.42207145690918,35.75,36.5,35.4375,36.5,4499400
2000-06-12,22.90226554870605,36.515625,37.25,36.25,36.25,3897400
2000-06-13,23.362850189208984,37.25,37.59375,36.78125,36.9375,4607000
2000-06-14,23.28445816040039,37.125,38.15625,36.875,37.25,5216000
2000-06-15,23.049259185791016,36.75,37.3125,36.09375,37.125,7113400
2000-06-16,23.77444839477539,37.90625,37.96875,37.25,37.28125,5728800
2000-06-19,23.14725875854492,36.90625,37.71875,36.3125,37.59375,5023800
2000-06-20,23.225664138793945,37.03125,37.125,35.6875,37.03125,5971600
2000-06-21,24.34284400939941,38.8125,39.75,37.21875,37.96875,7738600
2000-06-22,23.578453063964844,37.59375,39.0625,36.875,39.0,5384400
2000-06-23,23.362850189208984,37.25,38.125,36.78125,37.5625,4079600
2000-06-26,23.264863967895508,37.09375,37.78125,36.59375,37.28125,3770000
2000-06-27,23.598045349121094,37.625,37.65625,36.5625,37.125,4911600
2000-06-28,22.912071228027344,36.53125,37.59375,36.40625,37.5625,3963200
2000-06-29,23.225664138793945,37.03125,37.4375,36.375,36.8125,3488600
2000-06-30,23.402042388916016,37.3125,37.5625,36.09375,37.03125,3640000
2000-07-03,23.30405235290528,37.15625,37.25,36.71875,37.1875,1451400
2000-07-05,21.95168113708496,35.0,36.5,34.9375,36.5,5633800
2000-07-06,22.500471115112305,35.875,36.34375,35.53125,35.8125,6730600
2000-07-07,22.36327171325684,35.65625,36.09375,35.3125,35.9375,4153000
2000-07-10,21.59888458251953,34.4375,36.0,34.3125,35.5,8763200
2000-07-11,23.50495719909668,37.4765625,37.59375,35.5,35.5,8150600
2000-07-12,23.108057022094727,36.84375,38.0,36.78125,37.46875,5816400
2000-07-13,23.264863967895508,37.09375,37.3125,36.34375,37.0,3248400
2000-07-14,23.46084785461425,37.40625,37.5,36.34375,36.75,2902600
2000-07-17,22.686668395996094,36.171875,37.0,36.15625,37.0,3060000
2000-07-18,23.735248565673828,37.84375,37.875,36.90625,37.125,5144600
2000-07-19,23.85285186767578,38.03125,38.59375,37.3125,38.125,3421000
2000-07-20,23.598045349121094,37.625,38.46875,37.53125,38.15625,4868800
2000-07-21,22.990459442138672,36.65625,37.5,36.3125,37.5,3390400
2000-07-24,22.26527976989746,35.5,36.9375,35.0625,36.59375,5082600
2000-07-25,22.128074645996094,35.28125,36.46875,35.03125,36.375,3843200
2000-07-26,22.36327171325684,35.65625,36.28125,35.1875,35.5,5616600
2000-07-27,23.01006507873535,36.6875,36.71875,35.96875,36.1875,4049600
2000-07-28,23.15215110778809,36.9140625,37.0625,35.78125,36.75,3910000
2000-07-31,23.18155860900879,36.9609375,37.21875,36.34375,36.9375,5163400
2000-08-01,23.67645072937012,37.75,37.84375,37.0625,37.1875,5692000
2000-08-02,24.46043586730957,39.0,39.3125,38.5625,38.71875,7042000
2000-08-03,23.93124008178711,38.15625,39.34375,38.03125,39.25,4270000
2000-08-04,24.40653610229492,38.9140625,39.21875,37.71875,38.3125,4168400
2000-08-07,24.50454330444336,39.0703125,39.53125,38.40625,38.5,4018000
2000-08-08,24.90632438659668,39.7109375,39.75,39.03125,39.09375,4126600
2000-08-09,25.79322052001953,41.125,41.125,40.0,40.25,10249000
2000-08-10,25.38652801513672,40.4765625,41.0,40.25,40.6875,4784400
2000-08-11,24.97001838684082,39.8125,40.46875,39.5,40.46875,4015000
2000-08-14,25.714820861816406,41.0,41.0,39.875,40.0,5805600
2000-08-15,25.7540340423584,41.0625,41.34375,40.28125,41.25,6431200
2000-08-16,27.052499771118164,43.1328125,43.1328125,40.75,41.0,10025400
2000-08-17,27.145584106445312,43.28125,43.375,42.625,43.0,6963800
2000-08-18,26.734010696411133,42.625,43.3125,42.40625,43.3125,5890600
2000-08-21,26.949602127075195,42.96875,43.28125,42.21875,42.78125,6026600
2000-08-22,27.047607421875,43.125,43.46875,42.8125,43.25,5946600
2000-08-23,27.38079833984375,43.65625,44.25,43.40625,43.6875,5019600
2000-08-24,26.988807678222656,43.03125,43.4375,42.8125,43.4375,4283200
2000-08-25,26.89080810546875,42.875,43.0,41.71875,43.0,5113000
2000-08-28,27.55719757080078,43.9375,44.4375,42.34375,42.75,4515600
2000-08-29,27.03288459777832,43.1015625,44.25,42.84375,43.4375,4295800
2000-08-30,26.631103515625,42.4609375,43.34375,41.84375,43.03125,4236400
2000-08-31,26.75849914550781,42.6640625,42.96875,42.03125,42.71875,3911800
2000-09-01,27.131885528564453,43.1640625,43.34375,42.53125,42.5625,2273600
2000-09-05,26.9305477142334,42.84375,43.09375,41.8125,42.8125,4661600
2000-09-06,27.185911178588867,43.25,43.84375,42.46875,43.25,6145200
2000-09-07,26.30195999145508,41.84375,42.6875,41.53125,42.5625,5047600
2000-09-08,25.92874336242676,41.25,41.375,40.25,41.03125,5201800
2000-09-11,26.793025970458984,42.625,42.96875,41.625,41.96875,5363200
2000-09-12,26.616254806518555,42.34375,42.96875,41.4375,42.96875,7890200
2000-09-13,26.066238403320312,41.46875,41.84375,41.34375,41.84375,5625000
2000-09-14,26.32651901245117,41.8828125,42.28125,41.03125,41.5625,5095000
2000-09-15,26.616254806518555,42.34375,42.65625,42.0,42.0,6191600
2000-09-18,26.090803146362305,41.5078125,42.625,41.3125,42.375,4971800
2000-09-19,25.418041229248047,40.4375,41.9375,40.4375,41.625,5181200
2000-09-20,25.02517318725586,39.8125,42.0,39.375,41.0,9586000
2000-09-21,25.319805145263672,40.28125,40.53125,38.90625,39.25,8329000
2000-09-22,24.88276100158692,39.5859375,40.96875,39.5,40.3125,5719200
2000-09-25,24.823829650878903,39.4921875,39.625,38.09375,39.34375,12461800
2000-09-26,24.828733444213867,39.5,39.90625,38.96875,39.6875,6619400
2000-09-27,25.63410377502441,40.78125,40.96875,39.125,39.875,5964400
2000-09-28,25.580081939697266,40.6953125,41.15625,40.25,40.75,6761000
2000-09-29,25.86981964111328,41.15625,41.8125,41.09375,41.5,4716000
2000-10-02,26.69482040405273,42.46875,42.46875,40.875,41.5625,4958400
2000-10-03,26.59661102294922,42.3125,43.125,42.125,42.5,5240000
2000-10-04,25.673398971557617,40.84375,41.6875,40.46875,41.5,4915200
2000-10-05,25.810895919799805,41.0625,41.125,39.875,40.4375,4756200
2000-10-06,25.22160720825196,40.125,41.65625,40.125,41.0625,3292000
2000-10-09,25.673398971557617,40.84375,41.25,40.5625,40.71875,2921800
2000-10-10,26.34124183654785,41.90625,42.5,41.4375,41.5,6658800
2000-10-11,26.203758239746094,41.6875,43.0,41.1875,42.21875,4805600
2000-10-12,26.71446228027344,42.5,43.1875,41.90625,41.90625,5212400
2000-10-13,25.59481239318848,40.71875,42.1875,40.53125,42.1875,4443800
2000-10-16,25.103731155395508,39.9375,40.71875,39.78125,40.71875,3931600
2000-10-17,25.732318878173828,40.9375,41.4375,40.375,40.5625,5374800
2000-10-18,25.59481239318848,40.71875,41.75,40.3125,41.5625,4715600
2000-10-19,25.63410377502441,40.78125,41.9375,40.34375,40.71875,4036600
2000-10-20,26.43946647644043,42.0625,42.21875,40.625,40.6875,3895600
2000-10-23,25.300172805786133,40.25,41.96875,40.0,41.96875,7477800
2000-10-24,24.7697982788086,39.40625,40.71875,39.34375,40.46875,5115400
2000-10-25,23.669811248779297,37.65625,39.5,37.625,38.5,7717200
2000-10-26,23.944799423217773,38.09375,38.6875,37.0,38.3125,6468600
2000-10-27,23.610877990722656,37.5625,38.28125,36.28125,38.28125,5877000
2000-10-30,23.84659194946289,37.9375,38.09375,36.5,37.53125,7002600
2000-10-31,23.925168991088867,38.0625,38.375,37.28125,38.1875,5921800
2000-11-01,25.18231201171875,40.0625,40.15625,38.46875,38.46875,6985400
2000-11-02,24.730531692504883,39.34375,39.96875,39.09375,39.9375,6221200
2000-11-03,24.809106826782227,39.46875,40.375,39.15625,39.25,3713600
2000-11-06,24.37694549560547,38.78125,39.71875,38.0625,39.71875,6350200
2000-11-07,24.86801719665528,39.5625,39.71875,39.03125,39.125,5338400
2000-11-08,25.14304542541504,40.0,40.28125,39.46875,39.65625,4664600
2000-11-09,24.789447784423828,39.4375,40.4375,38.625,40.1875,5405200
2000-11-10,24.298377990722656,38.65625,39.90625,38.5625,39.65625,3832600
2000-11-13,23.375152587890625,37.1875,39.375,37.1875,39.0625,6970200
2000-11-14,23.866230010986328,37.96875,38.4375,36.875,37.125,5647600
2000-11-15,25.044822692871094,39.84375,39.96875,38.46875,38.6875,4967400
2000-11-16,24.86801719665528,39.5625,40.15625,39.03125,39.75,4200000
2000-11-17,24.00373077392578,38.1875,39.1875,37.6875,39.0,6403600
2000-11-20,23.49301147460937,37.375,38.71875,37.125,38.5,5656600
2000-11-21,23.53230667114257,37.4375,37.9375,37.15625,37.40625,5145800
2000-11-22,22.53051948547364,35.84375,37.09375,35.5625,36.75,5369000
2000-11-24,23.080516815185547,36.71875,36.96875,35.875,36.15625,2009800
2000-11-27,22.43229484558105,35.6875,36.65625,35.40625,36.5,6554600
2000-11-28,21.784074783325195,34.65625,36.15625,34.625,35.65625,8257000
2000-11-29,20.762638092041016,33.03125,34.78125,32.375,34.6875,13534400
2000-11-30,19.485843658447266,31.0,33.40625,30.59375,33.15625,15274400
2000-12-01,20.97870445251465,33.375,33.90625,30.5625,31.46875,15577400
2000-12-04,21.469785690307617,34.15625,34.3125,33.3125,33.40625,8304400
2000-12-05,21.45013999938965,34.125,34.84375,33.8125,34.65625,7855800
2000-12-06,21.509071350097656,34.21875,35.15625,33.625,34.71875,11115600
2000-12-07,21.94122314453125,34.90625,35.1875,34.34375,34.5625,7360000
2000-12-08,21.8037109375,34.6875,35.125,34.125,34.90625,10317600
2000-12-11,22.72694396972656,36.15625,36.28125,34.84375,34.9375,5058000
2000-12-12,23.060874938964844,36.6875,37.1875,36.1875,36.875,6886000
2000-12-13,22.62872886657715,36.0,37.40625,35.875,36.78125,9114200
2000-12-14,22.15729331970215,35.25,36.90625,35.21875,36.15625,5136000
2000-12-15,22.60908508300781,35.96875,36.4375,35.03125,35.15625,6299400
2000-12-18,24.20016288757324,38.5,38.59375,36.4375,36.46875,8165200
2000-12-19,25.06445503234864,39.875,40.46875,38.25,38.25,10096600
2000-12-20,23.68945503234864,37.6875,39.8125,37.59375,39.65625,9137200
2000-12-21,23.630529403686523,37.5,37.84375,37.09375,37.6875,8684200
2000-12-22,24.1031436920166,38.25,38.34375,37.5625,37.75,6404400
2000-12-26,25.501277923583984,40.46875,40.875,38.40625,38.40625,5614200
2000-12-27,25.284671783447266,40.125,40.96875,39.34375,40.46875,5103200
2000-12-28,25.658823013305664,40.71875,40.9375,39.65625,39.90625,4469200
2000-12-29,25.186208724975582,39.96875,41.21875,39.96875,40.75,3986600
2001-01-02,25.75728225708008,40.875,41.40625,40.09375,40.09375,6675800
2001-01-03,25.12713432312012,39.875,40.75,39.375,40.71875,12393800
2001-01-04,24.477277755737305,38.84375,39.53125,37.5,39.5,11791400
2001-01-05,24.18191146850586,38.375,39.625,38.09375,38.84375,6584200
2001-01-08,24.26066970825196,38.5,39.21875,38.25,38.71875,4615000
2001-01-09,24.31974983215332,38.59375,39.4375,38.1875,39.28125,7282400
2001-01-10,24.654518127441406,39.125,39.4375,38.4375,38.5,7696000
2001-01-11,25.34373664855957,40.21875,40.3125,39.1875,39.59375,9695000
2001-01-12,25.540658950805664,40.53125,40.625,39.8125,40.0,5219600
2001-01-16,25.383132934570312,40.28125,40.875,39.4375,40.53125,7114000
2001-01-17,24.1031436920166,38.25,39.25,37.8125,39.25,9685600
2001-01-18,22.941295623779297,36.40625,38.6875,36.1875,38.28125,10294000
2001-01-19,23.21699905395508,36.84375,37.03125,35.8125,36.4375,8969400
2001-01-22,23.19730567932129,36.8125,37.5625,36.46875,37.0,6045400
2001-01-23,23.27606964111328,36.9375,37.53125,36.53125,37.28125,6757200
2001-01-24,23.788070678710938,37.75,38.3125,36.78125,37.5,5649800
2001-01-25,24.87113571166992,39.46875,39.5,37.34375,37.78125,9040200
2001-01-26,24.3591423034668,38.65625,39.46875,38.28125,39.4375,7697000
2001-01-29,23.82902908325196,37.81499862670898,38.45000076293945,37.58000183105469,38.25,5055800
2001-01-30,23.788070678710938,37.75,38.375,37.34999847412109,38.150001525878906,5095000
2001-01-31,24.197660446166992,38.400001525878906,38.42499923706055,37.54999923706055,37.875,4706600
2001-02-01,23.791202545166016,37.755001068115234,37.90499877929688,37.31999969482422,37.900001525878906,3812400
2001-02-02,24.26066970825196,38.5,38.72499847412109,38.0,38.255001068115234,4939600
2001-02-05,24.578903198242188,39.005001068115234,39.32500076293945,38.5,38.5,6697800
2001-02-06,24.982192993164062,39.64500045776367,39.775001525878906,38.47499847412109,39.18000030517578,6371800
2001-02-07,24.94123649597168,39.58000183105469,39.95500183105469,39.0,39.47499847412109,8329200
2001-02-08,24.69861602783203,39.19499969482422,39.93999862670898,39.11000061035156,39.58000183105469,5878200
2001-02-09,24.63875389099121,39.09999847412109,39.92499923706055,38.880001068115234,39.5,4858200
2001-02-12,21.74008560180664,34.5,37.54999923706055,34.25,37.25,30477000
2001-02-13,20.1710147857666,32.0099983215332,34.20000076293945,31.89999961853028,34.0,37295200
2001-02-14,20.61842155456543,32.720001220703125,32.91999816894531,31.75,32.369998931884766,27961000
2001-02-15,20.243484497070312,32.125,32.75,31.690000534057617,32.75,15092400
2001-02-16,20.32225608825684,32.25,32.69499969482422,31.77499961853028,32.5,17278800
2001-02-20,20.533334732055664,32.4900016784668,32.849998474121094,32.25,32.474998474121094,11110000
2001-02-21,20.002466201782227,31.64999961853028,32.369998931884766,31.600000381469727,31.75,11131800
2001-02-22,19.7307186126709,31.21999931335449,32.650001525878906,31.0,32.400001525878906,11803000
2001-02-23,18.962841033935547,30.0049991607666,31.625,29.854999542236328,31.299999237060547,12068000
2001-02-26,20.429067611694336,32.32500076293945,32.5,30.76499938964844,30.950000762939453,15737800
2001-02-27,20.350059509277344,32.20000076293945,32.47999954223633,32.0,32.349998474121094,8766200
2001-02-28,20.1446590423584,31.875,32.369998931884766,31.450000762939453,32.29999923706055,7727000
2001-03-01,20.0087833404541,31.65999984741211,32.27000045776367,31.5,31.89999961853028,8348400
2001-03-02,20.666059494018555,32.70000076293945,33.0,31.584999084472656,31.799999237060547,8198600
2001-03-05,20.92832565307617,33.1150016784668,33.599998474121094,32.525001525878906,32.7400016784668,5393600
2001-03-06,21.200082778930664,33.54499816894531,33.779998779296875,32.75,33.0,5632000
2001-03-07,21.866832733154297,34.599998474121094,34.60499954223633,33.54999923706055,33.54999923706055,8284600
2001-03-08,21.791000366210938,34.47999954223633,34.779998779296875,33.75,34.375,7693200
2001-03-09,21.711997985839844,34.35499954223633,34.79999923706055,33.91999816894531,34.29999923706055,7160800
2001-03-12,21.48448944091797,33.994998931884766,34.67499923706055,33.21500015258789,34.36000061035156,6853600
2001-03-13,20.903051376342773,33.07500076293945,33.79999923706055,32.92499923706055,33.79999923706055,6283200
2001-03-14,20.57124710083008,32.54999923706055,33.724998474121094,32.33000183105469,33.0,6947200
2001-03-15,20.10991096496582,31.81999969482422,32.79999923706055,31.5,32.54999923706055,7691400
2001-03-16,19.3388729095459,30.600000381469727,31.89999961853028,30.5,31.049999237060547,12111800
2001-03-19,20.05302619934082,31.729999542236328,32.0,30.924999237060547,30.924999237060547,6448000
2001-03-20,20.55862236022949,32.529998779296875,33.150001525878906,31.864999771118164,32.07500076293945,7572400
2001-03-21,19.907670974731445,31.5,32.529998779296875,31.39999961853028,31.825000762939453,6491400
2001-03-22,19.26303482055664,30.479999542236328,31.334999084472656,29.89999961853028,31.26000022888184,10645400
2001-03-23,19.847640991210938,31.405000686645508,31.950000762939453,30.38500022888184,30.924999237060547,7771000
2001-03-26,20.16046714782715,31.89999961853028,32.375,31.700000762939453,31.700000762939453,6153000
2001-03-27,19.844463348388672,31.39999961853028,32.3650016784668,31.02499961853028,32.150001525878906,6205400
2001-03-28,19.13031959533692,30.270000457763672,31.34499931335449,30.14999961853028,31.299999237060547,6342600
2001-03-29,18.261335372924805,28.895000457763672,29.90999984741211,28.64999961853028,29.799999237060547,10501200
2001-03-30,18.20445442199707,28.80500030517578,29.7450008392334,28.76000022888184,29.0,14008800
2001-04-02,17.461872100830078,27.6299991607666,28.924999237060547,27.309999465942383,28.875,10109000
2001-04-03,16.760360717773438,26.520000457763672,28.049999237060547,26.420000076293945,27.950000762939453,12499200
2001-04-04,17.07318878173828,27.01499938964844,27.7549991607666,26.674999237060547,26.75,12803400
2001-04-05,18.0085391998291,28.4950008392334,28.674999237060547,27.40999984741211,27.684999465942383,10900200
2001-04-06,18.31189727783203,28.975000381469727,29.479999542236328,27.70499992370605,28.03499984741211,12761800
2001-04-09,19.054481506347656,30.14999961853028,30.200000762939453,29.5,29.950000762939453,9108600
2001-04-10,19.49687957763672,30.850000381469727,30.895000457763672,29.78499984741211,30.5,11152000
2001-04-11,19.016563415527344,30.09000015258789,30.84499931335449,30.09000015258789,30.75,6420800
2001-04-12,19.342041015625,30.604999542236328,30.950000762939453,30.225000381469727,30.225000381469727,10133400
2001-04-16,19.639068603515625,31.075000762939453,31.280000686645508,30.424999237060547,30.604999542236328,4219600
2001-04-17,19.79390335083008,31.31999969482422,31.63500022888184,30.71999931335449,30.875,6406600
2001-04-18,19.31359100341797,30.559999465942383,31.9950008392334,30.3799991607666,31.424999237060547,12383600
2001-04-19,18.70689010620117,29.600000381469727,30.875,29.39999961853028,30.700000762939453,10390800
2001-04-20,19.20300674438477,30.38500022888184,30.6200008392334,29.64999961853028,30.0049991607666,8965800
2001-04-23,19.66751289367676,31.1200008392334,31.21999931335449,30.799999237060547,30.88500022888184,6096600
2001-04-24,19.47475814819336,30.815000534057617,31.350000381469727,30.5049991607666,31.100000381469727,5730600
2001-04-25,19.91082572937012,31.5049991607666,31.600000381469727,30.350000381469727,30.81999969482422,5394400
2001-04-26,21.28540802001953,33.68000030517578,33.69499969482422,32.0,32.0,10673600
2001-04-27,20.855653762817383,33.0,33.75,32.71500015258789,33.75,8228800
2001-04-30,20.95045280456543,33.150001525878906,33.70000076293945,32.70000076293945,33.099998474121094,5836600
2001-05-01,20.50489616394043,32.44499969482422,33.224998474121094,32.10499954223633,33.150001525878906,6225800
2001-05-02,19.4526309967041,30.780000686645508,31.075000762939453,30.549999237060547,31.0,10264600
2001-05-03,19.50319480895996,30.86000061035156,31.350000381469727,30.375,31.0,7375400
2001-05-04,19.891860961914062,31.475000381469727,31.700000762939453,31.040000915527344,31.30500030517578,4643600
2001-05-07,19.708585739135746,31.184999465942383,32.04999923706055,30.75,31.934999465942383,4284600
2001-05-08,19.531639099121094,30.905000686645508,31.114999771118164,30.450000762939453,30.77499961853028,5327200
2001-05-09,19.891860961914062,31.475000381469727,31.545000076293945,31.174999237060547,31.2450008392334,6782600
2001-05-10,19.7844352722168,31.30500030517578,31.75,31.0,31.475000381469727,4658200
2001-05-11,19.57270812988281,30.96999931335449,31.21500015258789,30.77499961853028,31.200000762939453,3062400
2001-05-14,20.1446590423584,31.875,31.875,31.145000457763672,31.325000762939453,4443400
2001-05-15,20.770339965820312,32.8650016784668,33.05500030517578,32.2400016784668,32.42499923706055,6769800
2001-05-16,20.922008514404297,33.10499954223633,33.25,32.57500076293945,32.79999923706055,5467200
2001-05-17,21.48448944091797,33.994998931884766,34.119998931884766,32.709999084472656,33.275001525878906,8565000
2001-05-18,21.655128479003903,34.26499938964844,34.625,33.834999084472656,34.2400016784668,7151800
2001-05-21,21.62983703613281,34.224998474121094,34.525001525878906,33.92499923706055,34.349998474121094,5602000
2001-05-22,21.25064849853516,33.625,34.2400016784668,33.45000076293945,34.22999954223633,6720200
2001-05-23,20.53965950012207,32.5,33.35499954223633,32.45000076293945,33.349998474121094,5735800
2001-05-24,20.176254272460938,31.924999237060547,32.5,31.65999984741211,32.5,5385200
2001-05-25,20.24262428283692,32.029998779296875,32.435001373291016,31.950000762939453,32.25,4415800
2001-05-29,20.01827621459961,31.674999237060547,32.564998626708984,31.565000534057617,32.349998474121094,6082400
2001-05-30,19.695951461791992,31.165000915527344,31.850000381469727,30.799999237060547,31.77499961853028,5217400
2001-05-31,19.91714859008789,31.51499938964844,31.75,30.604999542236328,30.924999237060547,6643200
2001-06-01,19.853960037231445,31.415000915527344,31.700000762939453,30.96500015258789,31.51499938964844,4085600
2001-06-04,20.575946807861328,32.459999084472656,32.474998474121094,31.63500022888184,31.64999961853028,5687200
2001-06-05,20.753433227539062,32.7400016784668,32.93000030517578,32.0099983215332,32.459999084472656,4721200
2001-06-06,19.618783950805664,30.950000762939453,32.04999923706055,30.950000762939453,32.04999923706055,8314600
2001-06-07,19.38106918334961,30.575000762939453,31.549999237060547,30.44499969482422,30.950000762939453,7744200
2001-06-08,19.11166000366211,30.14999961853028,30.989999771118164,30.059999465942383,30.975000381469727,6429600
2001-06-11,18.95319366455078,29.89999961853028,30.549999237060547,29.77499961853028,30.479999542236328,6405800
2001-06-12,19.206750869750977,30.299999237060547,30.43000030517578,29.975000381469727,30.25,5616000
2001-06-13,19.08631134033203,30.11000061035156,31.229999542236328,30.07999992370605,30.924999237060547,5439200
2001-06-14,18.034067153930664,28.450000762939453,29.670000076293945,28.0,29.625,15453200
2001-06-15,18.16083526611328,28.64999961853028,29.0,28.375,28.825000762939453,8602200
2001-06-18,17.945316314697266,28.309999465942383,28.89999961853028,28.174999237060547,28.52499961853028,4120200
2001-06-19,17.859739303588867,28.174999237060547,28.674999237060547,27.834999084472656,28.674999237060547,4826400
2001-06-20,17.40017318725586,27.450000762939453,28.59000015258789,27.434999465942383,28.450000762939453,5981600
2001-06-21,16.981815338134766,26.790000915527344,27.75,26.059999465942383,27.700000762939453,12288400
2001-06-22,17.146621704101562,27.049999237060547,27.39999961853028,26.299999237060547,26.799999237060547,10020200
2001-06-25,17.070552825927734,26.93000030517578,27.28499984741211,26.68000030517578,27.225000381469727,8094200
2001-06-26,17.279735565185547,27.26000022888184,27.34499931335449,26.799999237060547,26.950000762939453,8447800
2001-06-27,16.8138370513916,26.52499961853028,27.125,26.52499961853028,27.125,7142000
2001-06-28,16.677553176879883,26.309999465942383,26.575000762939453,25.575000762939453,26.40999984741211,12943000
2001-06-29,16.687061309814453,26.325000762939453,27.020000457763672,25.975000381469727,26.52499961853028,8217400
2001-07-02,16.51273536682129,26.049999237060547,26.684999465942383,25.725000381469727,26.64999961853028,6965400
2001-07-03,16.92476463317871,26.700000762939453,26.96999931335449,26.375,26.475000381469727,5731800
2001-07-05,17.05153465270996,26.89999961853028,27.290000915527344,26.7549991607666,26.7549991607666,7359000
2001-07-06,16.88355255126953,26.63500022888184,27.325000762939453,26.225000381469727,27.25,7747000
2001-07-09,16.41765594482422,25.89999961853028,26.700000762939453,25.59499931335449,26.674999237060547,8547600
2001-07-10,16.132404327392578,25.450000762939453,26.299999237060547,25.299999237060547,25.975000381469727,10049600
2001-07-11,16.24333381652832,25.625,25.64999961853028,24.350000381469727,25.30500030517578,10841000
2001-07-12,15.76475715637207,24.8700008392334,26.125,24.625,25.350000381469727,10839400
2001-07-13,15.98978042602539,25.225000381469727,25.940000534057617,24.52499961853028,24.549999237060547,7428000
2001-07-16,15.498510360717772,24.450000762939453,25.450000762939453,24.02499961853028,25.225000381469727,10356000
2001-07-17,15.514365196228027,24.475000381469727,24.950000762939453,24.1299991607666,24.674999237060547,9072200
2001-07-18,15.736231803894045,24.825000762939453,25.14999961853028,23.450000762939453,24.14999961853028,13194400
2001-07-19,16.15777015686035,25.489999771118164,25.57999992370605,25.0,25.0,9390800
2001-07-20,16.940603256225586,26.725000381469727,26.725000381469727,25.709999084472656,25.75,12876200
2001-07-23,17.108596801757812,26.989999771118164,27.174999237060547,26.5049991607666,26.825000762939453,7212800
2001-07-24,17.019845962524414,26.850000381469727,27.049999237060547,26.549999237060547,27.0,6975400
2001-07-25,17.900941848754883,28.239999771118164,28.239999771118164,26.700000762939453,27.0,10307000
2001-07-26,17.358976364135742,27.38500022888184,28.450000762939453,26.875,28.13999938964844,11183600
2001-07-27,17.758323669433594,28.01499938964844,28.09499931335449,26.690000534057617,27.39999961853028,5333200
2001-07-30,17.81220054626465,28.100000381469727,28.39999961853028,27.825000762939453,28.049999237060547,4395600
2001-07-31,17.035690307617188,26.875,28.39999961853028,26.875,28.0,6812000
2001-08-01,16.65536880493164,26.27499961853028,27.799999237060547,26.145000457763672,27.25,9626400
2001-08-02,16.83601951599121,26.559999465942383,26.6200008392334,26.045000076293945,26.350000381469727,8999400
2001-08-03,16.487384796142578,26.01000022888184,26.59000015258789,25.98500061035156,26.5,4603400
2001-08-06,16.582456588745117,26.15999984741211,26.290000915527344,25.89999961853028,26.174999237060547,4133000
2001-08-07,16.322568893432617,25.75,26.354999542236328,25.69499969482422,26.225000381469727,5691800
2001-08-08,15.416114807128906,24.31999969482422,26.065000534057617,24.25,25.950000762939453,9360000
2001-08-09,15.485843658447266,24.43000030517578,24.975000381469727,24.125,24.325000762939453,7828000
2001-08-10,15.701356887817385,24.770000457763672,25.049999237060547,24.350000381469727,24.64999961853028,5627200
2001-08-13,15.726712226867676,24.809999465942383,25.11000061035156,24.700000762939453,25.01000022888184,6336200
2001-08-14,15.926384925842283,25.125,25.14999961853028,24.64999961853028,24.799999237060547,5924800
2001-08-15,16.861377716064453,26.600000381469727,26.75,25.31999969482422,25.424999237060547,7343400
2001-08-16,16.671205520629883,26.299999237060547,26.729999542236328,25.78499984741211,26.64999961853028,7764400
2001-08-17,16.522241592407227,26.065000534057617,26.450000762939453,25.709999084472656,26.299999237060547,5438800
2001-08-20,16.316225051879883,25.739999771118164,26.350000381469727,25.71999931335449,26.065000534057617,2993600
2001-08-21,16.401805877685547,25.875,26.30500030517578,25.81999969482422,25.950000762939453,4015200
2001-08-22,16.4493465423584,25.950000762939453,27.075000762939453,25.799999237060547,26.424999237060547,9476800
2001-08-23,16.132404327392578,25.450000762939453,26.100000381469727,25.44499969482422,25.95499992370605,4094600
2001-08-24,16.179943084716797,25.52499961853028,25.625,25.229999542236328,25.325000762939453,4127200
2001-08-27,16.265514373779297,25.65999984741211,25.799999237060547,25.5049991607666,25.64999961853028,3270000
2001-08-28,16.164104461669922,25.5,25.875,25.25,25.600000381469727,5863600
2001-08-29,16.132404327392578,25.450000762939453,25.8700008392334,25.26499938964844,25.75,5400200
2001-08-30,15.479493141174316,24.420000076293945,25.48500061035156,24.40999984741211,25.25,7149400
2001-08-31,15.59022045135498,24.5,24.700000762939453,24.27499961853028,24.325000762939453,3838600
2001-09-04,16.026107788085938,25.184999465942383,25.450000762939453,24.56999969482422,24.575000762939453,4318400
2001-09-05,16.05792808532715,25.23500061035156,25.39999961853028,24.69499969482422,25.084999084472656,4590800
2001-09-06,16.070663452148438,25.2549991607666,25.52499961853028,24.90999984741211,25.125,5775400
2001-09-07,16.112022399902344,25.31999969482422,25.39999961853028,24.975000381469727,25.049999237060547,5798200
2001-09-10,16.022924423217773,25.18000030517578,25.39999961853028,24.799999237060547,25.225000381469727,4857600
2001-09-17,15.367501258850098,24.14999961853028,25.75,24.0,25.325000762939453,7971400
2001-09-18,15.144786834716797,23.799999237060547,24.424999237060547,23.30500030517578,24.225000381469727,9014200
2001-09-19,14.06302547454834,22.100000381469727,23.39999961853028,21.09000015258789,23.39999961853028,13543000
2001-09-20,14.317551612854004,22.5,23.030000686645508,21.364999771118164,21.39999961853028,13031200
2001-09-21,14.941162109375,23.479999542236328,23.51000022888184,21.84499931335449,22.5049991607666,9567800
2001-09-24,14.215737342834473,22.34000015258789,23.43000030517578,21.75,23.424999237060547,12284200
2001-09-25,13.343958854675291,20.96999931335449,22.46500015258789,20.73500061035156,22.350000381469727,13175600
2001-09-26,13.363044738769531,21.0,21.71500015258789,20.52499961853028,21.0,9678200
2001-09-27,13.808480262756348,21.700000762939453,21.739999771118164,20.420000076293945,21.0,9541600
2001-09-28,14.540264129638672,22.850000381469727,22.96999931335449,21.950000762939453,21.989999771118164,7514600
2001-10-01,14.028016090393066,22.045000076293945,22.684999465942383,21.5,22.600000381469727,7176400
2001-10-02,14.253917694091797,22.39999961853028,22.39999961853028,21.61000061035156,22.0,5692200
2001-10-03,14.04392433166504,22.06999969482422,22.540000915527344,21.02499961853028,21.625,9827400
2001-10-04,14.460729598999023,22.725000381469727,23.2450008392334,22.100000381469727,22.225000381469727,10940600
2001-10-05,14.413005828857422,22.64999961853028,23.100000381469727,21.975000381469727,22.825000762939453,5526600
2001-10-08,14.349364280700684,22.549999237060547,23.450000762939453,21.950000762939453,22.655000686645508,6092200
2001-10-09,14.58481502532959,22.920000076293945,23.084999084472656,22.51499938964844,22.950000762939453,4298600
2001-10-10,15.135246276855469,23.78499984741211,23.905000686645508,22.875,23.02499961853028,5886800
2001-10-11,14.839350700378418,23.31999969482422,24.14999961853028,22.975000381469727,23.920000076293945,7839200
2001-10-12,15.046162605285645,23.645000457763672,23.739999771118164,22.924999237060547,23.225000381469727,5691800
2001-10-15,14.61663055419922,22.96999931335449,23.700000762939453,22.36000061035156,23.25,5118400
2001-10-16,15.125696182250977,23.770000457763672,23.78499984741211,22.725000381469727,22.96999931335449,6761200
2001-10-17,15.027061462402344,23.614999771118164,24.424999237060547,23.5,24.25,6689800
2001-10-18,14.68980312347412,23.084999084472656,23.46500015258789,22.78499984741211,23.2549991607666,4880000
2001-10-19,15.030251502990724,23.6200008392334,23.645000457763672,22.565000534057617,23.450000762939453,6247600
2001-10-22,15.335692405700684,24.100000381469727,24.100000381469727,23.02499961853028,23.76499938964844,4696000
2001-10-23,15.46295928955078,24.299999237060547,24.7450008392334,23.450000762939453,23.75,7848400
2001-10-24,15.141605377197266,23.795000076293945,24.21999931335449,23.100000381469727,24.0,7886000
2001-10-25,16.051563262939453,25.225000381469727,25.225000381469727,23.3799991607666,23.39999961853028,9816400
2001-10-26,16.894710540771484,26.549999237060547,26.614999771118164,25.084999084472656,25.25,9156000
2001-10-29,16.417461395263672,25.799999237060547,27.075000762939453,25.75,26.584999084472656,9082600
2001-10-30,15.841574668884276,24.895000457763672,25.799999237060547,24.39999961853028,25.375,7655600
2001-10-31,15.405681610107422,24.209999084472656,25.049999237060547,24.05500030517578,24.770000457763672,8171000
2001-11-01,15.431132316589355,24.25,24.325000762939453,23.25,23.924999237060547,8806600
2001-11-02,15.112974166870115,23.75,24.20499992370605,23.39999961853028,24.200000762939453,4556800
2001-11-05,15.062061309814451,23.670000076293945,24.09000015258789,23.405000686645508,24.0,4806200
2001-11-06,14.626182556152344,22.98500061035156,23.489999771118164,22.299999237060547,23.46999931335449,11683800
2001-11-07,15.100247383117676,23.729999542236328,23.950000762939453,22.51000022888184,22.64999961853028,8116400
2001-11-08,15.35159683227539,24.125,24.584999084472656,23.75,24.200000762939453,6331200
2001-11-09,15.82567310333252,24.8700008392334,24.924999237060547,24.375,24.52499961853028,6912400
2001-11-12,15.72385311126709,24.709999084472656,24.915000915527344,23.65999984741211,23.89999961853028,4719000
2001-11-13,15.68568229675293,24.64999961853028,25.1200008392334,24.05500030517578,24.809999465942383,7921800
2001-11-14,14.667536735534668,23.049999237060547,24.100000381469727,22.975000381469727,23.850000381469727,9838200
2001-11-15,13.738487243652344,21.59000015258789,22.18000030517578,21.049999237060547,22.075000762939453,21840400
2001-11-16,14.349364280700684,22.549999237060547,22.549999237060547,21.75,22.0,14014000
2001-11-19,14.295282363891602,22.46500015258789,22.975000381469727,21.850000381469727,22.100000381469727,11202200
2001-11-20,15.227513313293455,23.93000030517578,24.049999237060547,23.31999969482422,23.450000762939453,11195600
2001-11-21,15.020705223083496,23.604999542236328,24.174999237060547,23.25,23.93000030517578,8175800
2001-11-23,15.106600761413574,23.739999771118164,23.854999542236328,22.89999961853028,23.225000381469727,3684200
2001-11-26,14.73116970062256,23.14999961853028,23.46999931335449,22.975000381469727,23.405000686645508,7358800
2001-11-27,15.023887634277344,23.61000061035156,23.9950008392334,22.825000762939453,23.14999961853028,8964200
2001-11-28,14.890254974365234,23.39999961853028,23.98500061035156,22.975000381469727,23.25,6449400
2001-11-29,15.272051811218262,24.0,24.14999961853028,23.07999992370605,23.395000457763672,5320200
2001-11-30,15.27524185180664,24.0049991607666,24.290000915527344,23.540000915527344,23.89999961853028,5615800
2001-12-03,15.727036476135254,24.71500015258789,25.0,23.63500022888184,23.84000015258789,8260600
2001-12-04,16.115203857421875,25.325000762939453,25.46999931335449,24.5,24.75,9275800
2001-12-05,16.990158081054688,26.700000762939453,26.850000381469727,25.88500022888184,25.89999961853028,14684600
2001-12-06,16.627450942993164,26.1299991607666,26.549999237060547,25.975000381469727,26.39999961853028,10384800
2001-12-07,16.796077728271484,26.395000457763672,26.549999237060547,25.125,25.975000381469727,8752800
2001-12-10,16.36337661743164,25.71500015258789,26.375,25.61000061035156,26.03499984741211,7966600
2001-12-11,16.229740142822266,25.5049991607666,25.940000534057617,25.28499984741211,25.700000762939453,4724800
2001-12-12,16.30609703063965,25.625,25.625,24.89999961853028,25.5,5775200
2001-12-13,16.1756591796875,25.420000076293945,25.709999084472656,24.89999961853028,24.950000762939453,5088000
2001-12-14,16.544729232788086,26.0,26.174999237060547,25.100000381469727,25.540000915527344,4821200
2001-12-17,16.34746742248535,25.690000534057617,26.450000762939453,25.674999237060547,25.850000381469727,5694200
2001-12-18,16.481096267700195,25.89999961853028,26.34000015258789,25.475000381469727,25.690000534057617,6786400
2001-12-19,16.99652862548828,26.709999084472656,26.729999542236328,25.95499992370605,26.0,8081200
2001-12-20,16.53518295288086,25.98500061035156,26.9950008392334,25.975000381469727,26.975000381469727,6701600
2001-12-21,16.687816619873047,26.1299991607666,26.225000381469727,25.52499961853028,25.88500022888184,7371200
2001-12-24,16.956045150756836,26.549999237060547,26.850000381469727,26.2549991607666,26.39999961853028,1729000
2001-12-26,17.866113662719727,27.975000381469727,28.045000076293945,26.690000534057617,26.690000534057617,6259600
2001-12-27,17.725614547729492,27.7549991607666,27.8700008392334,27.155000686645508,27.799999237060547,5963000
2001-12-28,17.556373596191406,27.489999771118164,28.375,27.3700008392334,28.0,5731000
2001-12-31,17.546796798706055,27.475000381469727,27.69499969482422,27.049999237060547,27.540000915527344,5351600
2002-01-02,17.06142807006836,26.71500015258789,27.475000381469727,26.3799991607666,27.475000381469727,7632400
2002-01-03,17.077388763427734,26.739999771118164,26.88500022888184,26.375,26.59000015258789,6227200
2002-01-04,17.33924102783203,27.14999961853028,27.549999237060547,26.424999237060547,26.799999237060547,6032000
2002-01-07,17.36797332763672,27.19499969482422,27.545000076293945,26.81999969482422,26.905000686645508,4957000
2002-01-08,16.962438583374023,26.559999465942383,27.0,26.5,26.950000762939453,3998000
2002-01-09,16.90814781188965,26.475000381469727,26.559999465942383,25.924999237060547,26.200000762939453,7777000
2002-01-10,16.780420303344727,26.27499961853028,26.5049991607666,25.86000061035156,26.450000762939453,5048600
2002-01-11,16.419591903686523,25.709999084472656,26.125,25.52499961853028,25.875,6780800
2002-01-14,16.224803924560547,25.405000686645508,25.645000457763672,25.13500022888184,25.375,5029000
2002-01-15,16.528160095214844,25.8799991607666,26.06999969482422,25.405000686645508,25.405000686645508,4458000
2002-01-16,15.966144561767578,25.0,25.5049991607666,25.0,25.5,7262600
2002-01-17,15.966144561767578,25.0,25.299999237060547,24.575000762939453,25.209999084472656,4886800
2002-01-18,15.844799041748049,24.809999465942383,25.315000534057617,24.70499992370605,25.125,5076000
2002-01-22,15.806479454040527,24.75,25.3700008392334,24.625,24.825000762939453,4774000
2002-01-23,16.489845275878906,25.81999969482422,25.875,24.7549991607666,24.89999961853028,6295400
2002-01-24,16.997568130493164,26.614999771118164,26.64999961853028,25.575000762939453,25.825000762939453,6417400
2002-01-25,17.43184471130371,27.295000076293945,27.5,26.51499938964844,26.614999771118164,6945600
2002-01-28,17.14445686340332,26.84499931335449,27.19499969482422,26.64999961853028,27.14999961853028,6367200
2002-01-29,16.77404022216797,26.26499938964844,26.57999992370605,26.1299991607666,26.5,5291800
2002-01-30,17.34881019592285,27.165000915527344,27.31999969482422,26.0,26.100000381469727,5576000
2002-01-31,18.00662612915039,28.19499969482422,28.229999542236328,27.209999084472656,27.229999542236328,8533800
2002-02-01,17.626625061035156,27.600000381469727,28.309999465942383,27.39999961853028,28.190000534057617,7968600
2002-02-04,17.074201583862305,26.73500061035156,27.63999938964844,26.350000381469727,27.604999542236328,6868000
2002-02-05,17.112512588500977,26.795000076293945,27.170000076293945,26.299999237060547,26.934999465942383,4953000
2002-02-06,17.390331268310547,27.229999542236328,27.850000381469727,26.825000762939453,26.875,5708600
2002-02-07,16.946474075317383,26.53499984741211,27.045000076293945,26.530000686645508,26.799999237060547,4214400
2002-02-08,17.20831298828125,26.94499969482422,27.11000061035156,26.28499984741211,26.424999237060547,3958200
2002-02-11,17.837377548217773,27.93000030517578,28.02499961853028,26.674999237060547,26.850000381469727,6165600
2002-02-12,17.562759399414062,27.5,28.299999237060547,27.299999237060547,27.89999961853028,7092000
2002-02-13,17.7000789642334,27.71500015258789,28.0,27.059999465942383,27.45499992370605,6133400
2002-02-14,17.645780563354492,27.6299991607666,28.125,27.459999084472656,27.875,5633600
2002-02-15,17.850149154663086,27.950000762939453,28.28499984741211,27.64999961853028,27.77499961853028,5458400
2002-02-19,17.65086555480957,27.545000076293945,27.75,26.75,27.39999961853028,5462200
2002-02-20,17.429780960083008,27.200000762939453,27.5,26.940000534057617,27.350000381469727,5197200
2002-02-21,17.763010025024414,27.71999931335449,28.18000030517578,27.415000915527344,27.450000762939453,7767600
2002-02-22,18.37496566772461,28.674999237060547,28.950000762939453,27.600000381469727,27.875,7863000
2002-02-25,19.12149810791016,29.84000015258789,29.934999465942383,28.934999465942383,29.0,11991000
2002-02-26,18.69536781311035,29.174999237060547,29.799999237060547,29.09499931335449,29.799999237060547,9230000
2002-02-27,18.38778686523437,28.69499969482422,29.450000762939453,28.450000762939453,29.200000762939453,5777000
2002-02-28,18.6505126953125,29.104999542236328,29.5,28.739999771118164,28.739999771118164,5805600
2002-03-01,18.85556602478028,29.424999237060547,29.51000022888184,28.799999237060547,29.325000762939453,6080800
2002-03-04,19.284910202026367,30.09499931335449,30.225000381469727,29.530000686645508,29.700000762939453,9076000
2002-03-05,19.37141227722168,30.229999542236328,30.424999237060547,29.75,30.075000762939453,6822600
2002-03-06,19.70463180541992,30.75,30.75,29.459999084472656,29.950000762939453,8291000
2002-03-07,19.33617401123047,30.174999237060547,31.21500015258789,29.920000076293945,31.0049991607666,7266200
2002-03-08,18.62808609008789,29.06999969482422,29.89999961853028,28.7549991607666,29.75,9644400
2002-03-11,18.817123413085938,29.364999771118164,29.68000030517578,29.049999237060547,29.420000076293945,6643600
2002-03-12,19.143930435180664,29.875,29.875,28.88500022888184,29.0,6890600
2002-03-13,18.749832153320312,29.26000022888184,30.790000915527344,29.19499969482422,30.75,8660800
2002-03-14,18.919652938842773,29.52499961853028,29.57999992370605,28.77499961853028,29.299999237060547,5586800
2002-03-15,19.320146560668945,30.14999961853028,30.190000534057617,29.40999984741211,29.7450008392334,6806400
2002-03-18,19.352197647094727,30.200000762939453,30.59000015258789,29.600000381469727,29.799999237060547,8761400
2002-03-19,19.352197647094727,30.200000762939453,30.26000022888184,29.7549991607666,30.14999961853028,6275200
2002-03-20,18.967708587646484,29.600000381469727,30.489999771118164,29.540000915527344,29.84000015258789,5105600
2002-03-21,19.240053176879883,30.02499961853028,30.09000015258789,29.375,29.59499931335449,4203200
2002-03-22,18.310890197753903,28.575000762939453,29.32999992370605,28.450000762939453,29.325000762939453,8124800
2002-03-25,18.18914031982422,28.38500022888184,28.98500061035156,28.36000061035156,28.5,5163000
2002-03-26,18.38458251953125,28.690000534057617,28.864999771118164,28.045000076293945,28.645000457763672,4935600
2002-03-27,18.88119888305664,29.46500015258789,29.5,29.0049991607666,29.059999465942383,7113800
2002-03-28,18.8459587097168,29.40999984741211,29.6200008392334,29.200000762939453,29.375,4834600
2002-04-01,18.64411163330078,29.09499931335449,29.94499969482422,29.0,29.89999961853028,9892000
2002-04-02,18.631288528442383,29.075000762939453,29.424999237060547,28.89999961853028,29.100000381469727,6657000
2002-04-03,18.1474838256836,28.31999969482422,28.81999969482422,28.174999237060547,28.75,5914400
2002-04-04,17.955242156982422,28.020000457763672,28.674999237060547,27.665000915527344,28.674999237060547,6550400
2002-04-05,17.42658042907715,27.19499969482422,28.239999771118164,27.049999237060547,28.07999992370605,8293000
2002-04-08,17.519502639770508,27.34000015258789,27.9950008392334,27.200000762939453,27.924999237060547,5834800
2002-04-09,17.352893829345703,27.07999992370605,27.420000076293945,26.950000762939453,27.34000015258789,4629400
2002-04-10,17.53872299194336,27.3700008392334,27.600000381469727,26.75,26.75,6326800
2002-04-11,17.570764541625977,27.420000076293945,27.799999237060547,27.065000534057617,27.125,5752600
2002-04-12,16.90753936767578,26.38500022888184,27.02499961853028,25.934999465942383,26.975000381469727,11059200
2002-04-15,17.468236923217773,27.26000022888184,27.354999542236328,26.799999237060547,26.975000381469727,6630600
2002-04-16,17.589990615844727,27.450000762939453,27.975000381469727,27.049999237060547,27.309999465942383,6709400
2002-04-17,17.955242156982422,28.020000457763672,28.1200008392334,27.625,27.98500061035156,7117000
2002-04-18,17.942420959472656,28.0,28.364999771118164,27.55500030517578,27.950000762939453,6890200
2002-04-19,17.721349716186523,27.655000686645508,27.875,27.25,27.815000534057617,6382800
2002-04-22,17.404155731201172,27.15999984741211,27.780000686645508,26.88500022888184,27.51000022888184,6603200
2002-04-23,17.541929244995117,27.375,27.45499992370605,26.94499969482422,27.1200008392334,5926200
2002-04-24,17.525909423828125,27.350000381469727,27.600000381469727,26.64999961853028,26.950000762939453,5097400
2002-04-25,17.910377502441406,27.950000762939453,28.040000915527344,27.084999084472656,27.350000381469727,6864400
2002-04-26,18.20195198059082,28.405000686645508,28.52499961853028,27.71999931335449,28.0,6626200
2002-04-29,17.910377502441406,27.950000762939453,28.325000762939453,27.854999542236328,28.075000762939453,6282200
2002-04-30,17.541929244995117,27.375,28.200000762939453,27.375,28.02499961853028,4806000
2002-05-01,18.019332885742188,28.1200008392334,28.225000381469727,27.100000381469727,27.190000534057617,6723200
2002-05-02,18.246814727783203,28.475000381469727,28.52499961853028,27.78499984741211,27.80500030517578,5931000
2002-05-03,18.250009536743164,28.479999542236328,29.25,28.20499992370605,28.725000381469727,6277600
2002-05-06,17.365711212158203,27.100000381469727,28.07999992370605,27.02499961853028,28.02499961853028,5885000
2002-05-07,17.311243057250977,27.01499938964844,27.32999992370605,26.64999961853028,27.0,4977800
2002-05-08,18.054563522338867,28.174999237060547,28.38999938964844,27.64999961853028,27.674999237060547,5233800
2002-05-09,17.55154037475586,27.38999938964844,28.14999961853028,27.350000381469727,28.075000762939453,4537800
2002-05-10,17.7822265625,27.75,28.075000762939453,27.424999237060547,27.424999237060547,5264600
2002-05-13,18.115447998046875,28.270000457763672,28.350000381469727,27.424999237060547,27.64999961853028,4307400
2002-05-14,17.74698257446289,27.69499969482422,28.299999237060547,27.415000915527344,28.270000457763672,8125800
2002-05-15,17.666881561279297,27.56999969482422,28.030000686645508,27.34000015258789,27.625,7110800
2002-05-16,17.798250198364258,27.77499961853028,27.905000686645508,27.5,27.56999969482422,4866200
2002-05-17,17.622020721435547,27.5,27.700000762939453,27.05500030517578,27.52499961853028,5773000
2002-05-20,17.596391677856445,27.459999084472656,27.600000381469727,27.145000457763672,27.39999961853028,4067600
2002-05-21,16.856271743774414,26.30500030517578,27.200000762939453,26.30500030517578,27.075000762939453,7217400
2002-05-22,16.981220245361328,26.5,26.77499961853028,25.88500022888184,25.88500022888184,9198800
2002-05-23,16.926761627197266,26.415000915527344,26.725000381469727,26.09000015258789,26.584999084472656,6296400
2002-05-24,16.612760543823242,25.924999237060547,26.295000076293945,25.655000686645508,26.200000762939453,6147400
2002-05-28,16.74092674255371,26.125,26.2450008392334,25.854999542236328,26.049999237060547,4736800
2002-05-29,16.80500602722168,26.225000381469727,26.32999992370605,25.674999237060547,25.799999237060547,4763600
2002-05-30,16.638399124145508,25.96500015258789,26.225000381469727,25.71500015258789,25.725000381469727,5971400
2002-05-31,16.54547882080078,25.81999969482422,26.25,25.77499961853028,25.989999771118164,5112200
2002-06-03,16.14287757873535,25.100000381469727,25.924999237060547,24.8700008392334,25.924999237060547,5741800
2002-06-04,16.094646453857422,25.02499961853028,25.350000381469727,24.32999992370605,25.174999237060547,7391000
2002-06-05,15.756987571716309,24.5,24.690000534057617,23.82999992370605,24.64999961853028,9169800
2002-06-06,15.715185165405272,24.434999465942383,25.0,23.7549991607666,24.850000381469727,9225800
2002-06-07,15.869545936584473,24.674999237060547,25.049999237060547,24.0049991607666,24.5,7295000
2002-06-10,15.5158109664917,24.125,24.96999931335449,24.065000534057617,24.39999961853028,3601600
2002-06-11,15.072044372558594,23.434999465942383,24.325000762939453,23.31999969482422,24.325000762939453,5714600
2002-06-12,15.49973201751709,24.100000381469727,24.1299991607666,23.424999237060547,23.700000762939453,7694200
2002-06-13,15.531888961791992,24.14999961853028,24.475000381469727,23.5049991607666,24.075000762939453,7014000
2002-06-14,15.599417686462402,24.2549991607666,24.39999961853028,23.64999961853028,23.89999961853028,5249400
2002-06-17,16.030324935913086,24.924999237060547,25.09499931335449,24.575000762939453,24.700000762939453,4210200
2002-06-18,15.708765029907228,24.424999237060547,24.905000686645508,24.280000686645508,24.725000381469727,3591600
2002-06-19,15.586556434631348,24.23500061035156,24.68000030517578,24.07999992370605,24.174999237060547,5639800
2002-06-20,15.969229698181152,24.82999992370605,25.125,24.38500022888184,24.600000381469727,7344600
2002-06-21,15.782718658447266,24.540000915527344,25.125,24.350000381469727,24.8700008392334,9150200
2002-06-24,15.885624885559082,24.700000762939453,24.8700008392334,24.315000534057617,24.354999542236328,4260400
2002-06-25,15.647655487060549,24.32999992370605,25.25,24.299999237060547,25.125,5226800
2002-06-26,15.657306671142578,24.34499931335449,24.39999961853028,23.76499938964844,24.25,5800000
2002-06-27,15.383968353271484,23.920000076293945,24.4950008392334,23.625,24.39999961853028,5431400
2002-06-28,14.953069686889648,23.25,24.209999084472656,23.14999961853028,23.875,8591800
2002-07-01,14.972362518310549,23.280000686645508,23.700000762939453,22.64999961853028,22.64999961853028,5982400
2002-07-02,14.663650512695312,22.799999237060547,23.559999465942383,22.38500022888184,23.39999961853028,5324000
2002-07-03,14.792276382446287,23.0,23.100000381469727,21.950000762939453,22.674999237060547,5061200
2002-07-05,15.023807525634766,23.36000061035156,23.450000762939453,23.049999237060547,23.364999771118164,2668200
2002-07-08,14.489998817443848,22.530000686645508,23.27499961853028,22.5,23.25,4435600
2002-07-09,14.396740913391112,22.38500022888184,22.799999237060547,22.27499961853028,22.5,5178400
2002-07-10,14.049445152282717,21.84499931335449,22.975000381469727,21.739999771118164,22.674999237060547,6409800
2002-07-11,13.898311614990234,21.61000061035156,21.799999237060547,21.084999084472656,21.52499961853028,7971400
2002-07-12,13.904743194580078,21.6200008392334,22.07999992370605,21.14999961853028,21.700000762939453,5837800
2002-07-15,13.650699615478516,21.225000381469727,21.700000762939453,19.915000915527344,21.2549991607666,8188600
2002-07-16,13.650699615478516,21.225000381469727,21.600000381469727,20.415000915527344,20.75,7497800
2002-07-17,13.666775703430176,21.25,21.915000915527344,20.924999237060547,21.625,7017200
2002-07-18,14.05909538269043,21.86000061035156,22.045000076293945,21.51000022888184,21.825000762939453,7606600
2002-07-19,13.602457046508787,21.14999961853028,21.875,20.5,21.875,8547600
2002-07-22,12.573437690734863,19.549999237060547,20.989999771118164,19.28499984741211,20.655000686645508,9449800
2002-07-23,12.09107780456543,18.799999237060547,19.895000457763672,18.725000381469727,19.5,7312200
2002-07-24,13.055792808532717,20.299999237060547,20.459999084472656,18.21500015258789,18.229999542236328,9072600
2002-07-25,13.104025840759276,20.375,21.075000762939453,19.915000915527344,20.225000381469727,8431600
2002-07-26,13.02363395690918,20.25,20.70499992370605,19.950000762939453,20.3799991607666,6502600
2002-07-29,13.76646614074707,21.405000686645508,21.450000762939453,20.334999084472656,20.375,6819000
2002-07-30,14.033364295959473,21.81999969482422,21.9950008392334,20.950000762939453,21.395000457763672,7211600
2002-07-31,13.801840782165527,21.459999084472656,21.975000381469727,21.030000686645508,21.96999931335449,5998000
2002-08-01,12.753514289855955,19.82999992370605,21.200000762939453,19.7450008392334,20.725000381469727,11340600
2002-08-02,12.219708442687988,19.0,20.020000457763672,18.73500061035156,19.799999237060547,7306000
2002-08-05,11.653742790222168,18.1200008392334,19.27499961853028,18.06999969482422,18.895000457763672,5630800
2002-08-06,12.110374450683594,18.82999992370605,19.375,18.39999961853028,18.39999961853028,5443200
2002-08-07,12.00425624847412,18.665000915527344,18.89999961853028,17.93000030517578,18.89999961853028,7826600
2002-08-08,12.689199447631836,19.729999542236328,19.799999237060547,18.65999984741211,18.665000915527344,6253800
2002-08-09,13.145830154418944,20.440000534057617,20.59000015258789,19.100000381469727,19.350000381469727,6304600
2002-08-12,13.280893325805664,20.64999961853028,20.89999961853028,19.600000381469727,19.975000381469727,4975400
2002-08-13,12.747081756591797,19.81999969482422,20.77499961853028,19.795000076293945,20.450000762939453,6161800
2002-08-14,13.42559814453125,20.875,20.875,19.674999237060547,20.125,5340000
2002-08-15,14.084821701049805,21.89999961853028,22.0,20.70499992370605,20.73500061035156,8718000
2002-08-16,13.827560424804688,21.5,21.700000762939453,21.1200008392334,21.700000762939453,5537200
2002-08-19,13.679635047912598,21.270000457763672,21.709999084472656,20.604999542236328,21.375,7266400
2002-08-20,13.348421096801758,20.7549991607666,21.270000457763672,20.5,21.270000457763672,7567200
2002-08-21,13.22300910949707,20.559999465942383,20.739999771118164,20.059999465942383,20.5,8360800
2002-08-22,14.149130821228027,22.0,22.170000076293945,20.43000030517578,20.520000457763672,8046600
2002-08-23,14.00121021270752,21.770000457763672,22.39999961853028,21.625,21.825000762939453,7310800
2002-08-26,14.531805038452148,22.59499931335449,22.70499992370605,21.600000381469727,21.875,5269600
2002-08-27,14.190940856933594,22.065000534057617,22.940000534057617,21.70499992370605,22.924999237060547,5319200
2002-08-28,13.92403793334961,21.64999961853028,22.100000381469727,21.375,21.78499984741211,5485400
2002-08-29,13.795405387878418,21.450000762939453,21.915000915527344,21.1200008392334,21.27499961853028,4794800
2002-08-30,13.956253051757812,21.604999542236328,22.0,21.315000534057617,21.38500022888184,3758200
2002-09-03,13.026056289672852,20.165000915527344,21.09499931335449,20.07999992370605,21.020000457763672,6355800
2002-09-04,13.31027889251709,20.604999542236328,20.700000762939453,19.65999984741211,20.290000915527344,5647600
2002-09-05,13.12294578552246,20.315000534057617,20.895000457763672,20.184999465942383,20.5,5445000
2002-09-06,13.642951965332031,21.1200008392334,21.225000381469727,20.75,20.799999237060547,4472200
2002-09-09,13.759227752685549,21.299999237060547,21.45499992370605,20.68000030517578,21.1200008392334,3948000
2002-09-10,14.095135688781738,21.81999969482422,22.0,21.299999237060547,21.299999237060547,4585800
2002-09-11,14.040233612060549,21.73500061035156,22.225000381469727,21.71500015258789,22.14999961853028,3094600
2002-09-12,13.5331449508667,20.950000762939453,21.799999237060547,20.799999237060547,21.64999961853028,3658600
2002-09-13,13.765692710876465,21.309999465942383,21.5,20.670000076293945,20.850000381469727,3711400
2002-09-16,13.759227752685549,21.299999237060547,21.684999465942383,21.049999237060547,21.309999465942383,4038800
2002-09-17,13.429783821105955,20.790000915527344,21.1299991607666,20.559999465942383,20.825000762939453,4455600
2002-09-18,13.342581748962402,20.655000686645508,21.354999542236328,20.489999771118164,20.86000061035156,4956800
2002-09-19,12.712754249572754,19.68000030517578,20.63500022888184,19.63500022888184,20.0,10651600
2002-09-20,12.677230834960938,19.625,20.049999237060547,19.405000686645508,19.920000076293945,6228800
2002-09-23,12.683683395385742,19.63500022888184,19.975000381469727,19.32999992370605,19.75,5051200
2002-09-24,12.305792808532717,19.049999237060547,19.73500061035156,18.89999961853028,19.63999938964844,6067400
2002-09-25,12.528650283813477,19.395000457763672,19.655000686645508,18.614999771118164,19.27499961853028,9782600
2002-09-26,13.242456436157228,20.5,20.700000762939453,19.5,19.63500022888184,9040200
2002-09-27,12.861323356628418,19.90999984741211,20.73500061035156,19.809999465942383,20.38500022888184,4775400
2002-09-30,12.422062873840332,19.229999542236328,19.625,18.975000381469727,19.52499961853028,7864800
2002-10-01,13.055115699768066,20.209999084472656,20.38999938964844,18.940000534057617,19.350000381469727,5946800
2002-10-02,12.664302825927734,19.604999542236328,20.475000381469727,19.375,19.450000762939453,8149800
2002-10-03,12.612627983093262,19.52499961853028,20.280000686645508,19.280000686645508,19.604999542236328,4935800
2002-10-04,12.005416870117188,18.584999084472656,19.549999237060547,18.31999969482422,19.299999237060547,7440800
2002-10-07,11.911745071411133,18.440000534057617,18.93000030517578,18.325000762939453,18.59000015258789,5430400
2002-10-08,11.695345878601074,18.104999542236328,18.625,17.649999618530273,18.225000381469727,6667800
2002-10-09,11.068750381469728,17.135000228881836,18.299999237060547,17.049999237060547,17.719999313354492,7974800
2002-10-10,11.327138900756836,17.53499984741211,17.55500030517578,16.700000762939453,17.075000762939453,8126400
2002-10-11,11.84391975402832,18.334999084472656,18.46500015258789,17.510000228881836,17.71500015258789,6245600
2002-10-14,12.137840270996094,18.790000915527344,18.850000381469727,18.06999969482422,18.34000015258789,4060400
2002-10-15,12.625544548034668,19.545000076293945,19.549999237060547,18.854999542236328,19.350000381469727,7555400
2002-10-16,12.202435493469238,18.88999938964844,19.645000457763672,18.815000534057617,19.545000076293945,6360200
2002-10-17,12.176594734191896,18.850000381469727,19.520000457763672,18.549999237060547,19.049999237060547,8122200
2002-10-18,13.142325401306152,20.34499931335449,20.5,19.5,19.5,13459800
2002-10-21,12.942076683044434,20.03499984741211,20.145000457763672,19.809999465942383,20.0,7922200
2002-10-22,13.048661231994627,20.200000762939453,20.45499992370605,19.905000686645508,20.0,9509200
2002-10-23,13.84320831298828,21.43000030517578,21.5,20.07999992370605,20.14999961853028,10175000
2002-10-24,13.297361373901367,20.584999084472656,21.725000381469727,20.3700008392334,21.725000381469727,8975400
2002-10-25,12.793506622314451,19.80500030517578,20.549999237060547,19.565000534057617,20.549999237060547,6860000
2002-10-28,12.77411937713623,19.77499961853028,20.34000015258789,19.375,19.89999961853028,8094600
2002-10-29,12.45436668395996,19.280000686645508,19.88999938964844,19.0049991607666,19.780000686645508,7939800
2002-10-30,13.148785591125488,20.354999542236328,20.549999237060547,19.46999931335449,19.5,6794400
2002-10-31,12.954995155334473,20.05500030517578,20.799999237060547,20.0049991607666,20.36000061035156,5115200
2002-11-01,13.552517890930176,20.979999542236328,21.174999237060547,19.854999542236328,19.95499992370605,6562000
2002-11-04,13.28121566772461,20.559999465942383,21.299999237060547,20.405000686645508,20.98500061035156,6700200
2002-11-05,13.581591606140137,21.02499961853028,21.02499961853028,20.209999084472656,20.325000762939453,6464800
2002-11-06,13.978864669799805,21.63999938964844,21.739999771118164,21.174999237060547,21.325000762939453,11726400
2002-11-07,13.633264541625977,21.104999542236328,21.850000381469727,21.030000686645508,21.559999465942383,6414800
2002-11-08,13.607428550720217,21.065000534057617,21.34000015258789,20.82999992370605,21.19499969482422,4652600
2002-11-11,13.216612815856934,20.459999084472656,21.184999465942383,20.30500030517578,20.875,4238400
2002-11-12,13.171396255493164,20.38999938964844,20.77499961853028,20.25,20.674999237060547,3741000
2002-11-13,12.787042617797852,19.795000076293945,20.94499969482422,19.440000534057617,20.450000762939453,9092800
2002-11-14,13.345810890197754,20.65999984741211,20.77499961853028,19.799999237060547,19.799999237060547,6386600
2002-11-15,13.520222663879396,20.93000030517578,21.0,20.299999237060547,20.52499961853028,4267200
2002-11-18,13.48469066619873,20.875,21.200000762939453,20.5,21.01000022888184,3333200
2002-11-19,13.426554679870604,20.78499984741211,21.15999984741211,20.65999984741211,20.75,3516400
2002-11-20,13.726927757263184,21.25,21.39999961853028,20.790000915527344,20.790000915527344,11423200
2002-11-21,14.172646522521973,21.940000534057617,22.1299991607666,21.2549991607666,21.2549991607666,7849200
2002-11-22,14.049918174743652,21.75,22.21999931335449,21.5,22.200000762939453,5711200
2002-11-25,13.927190780639648,21.559999465942383,21.71999931335449,21.2450008392334,21.709999084472656,4929800
2002-11-26,13.57189655303955,21.01000022888184,21.450000762939453,20.950000762939453,21.375,5534400
2002-11-27,14.033767700195312,21.725000381469727,21.780000686645508,21.09499931335449,21.27499961853028,3536200
2002-11-29,14.292160987854004,22.125,22.25,21.799999237060547,21.825000762939453,2426600
2002-12-02,14.892909049987791,23.05500030517578,23.225000381469727,22.165000915527344,22.375,6617000
2002-12-03,14.792791366577148,22.89999961853028,23.424999237060547,22.80500030517578,23.059999465942383,8262400
2002-12-04,14.58930778503418,22.584999084472656,22.905000686645508,22.26499938964844,22.905000686645508,6895800
2002-12-05,14.747576713562012,22.82999992370605,23.09000015258789,22.59000015258789,22.59000015258789,6136800
2002-12-06,14.915520668029783,23.09000015258789,23.39999961853028,22.43000030517578,22.43000030517578,4942600
2002-12-09,14.537622451782228,22.5049991607666,23.350000381469727,22.48500061035156,23.26499938964844,6388400
2002-12-10,14.598998069763184,22.600000381469727,22.905000686645508,22.30500030517578,22.51000022888184,6230400
2002-12-11,14.489182472229004,22.43000030517578,22.51000022888184,21.924999237060547,22.5049991607666,7763800
2002-12-12,14.576385498046877,22.565000534057617,22.64999961853028,22.2450008392334,22.424999237060547,7776000
2002-12-13,14.329242706298828,22.09000015258789,22.73500061035156,22.049999237060547,22.350000381469727,4599600
2002-12-16,14.692510604858398,22.64999961853028,22.64999961853028,22.02499961853028,22.13999938964844,4298200
2002-12-17,14.4395170211792,22.26000022888184,22.655000686645508,22.18000030517578,22.655000686645508,3435400
2002-12-18,14.108691215515137,21.75,22.26499938964844,21.530000686645508,22.100000381469727,5358200
2002-12-19,13.965986251831056,21.530000686645508,21.850000381469727,21.415000915527344,21.600000381469727,6094200
2002-12-20,14.212482452392578,21.90999984741211,21.90999984741211,21.55500030517578,21.725000381469727,8329800
2002-12-23,14.19301700592041,21.8799991607666,22.01499938964844,21.61000061035156,22.0,4152000
2002-12-24,13.95625114440918,21.51499938964844,21.864999771118164,21.475000381469727,21.71999931335449,1805600
2002-12-26,13.865442276000977,21.375,21.81999969482422,21.31999969482422,21.424999237060547,2135400
2002-12-27,13.596234321594238,20.959999084472656,21.520000457763672,20.86000061035156,21.28499984741211,3016400
2002-12-30,13.531371116638184,20.86000061035156,21.21500015258789,20.700000762939453,21.084999084472656,4568400
2002-12-31,13.651371955871582,21.045000076293945,21.045000076293945,20.6299991607666,20.86000061035156,3758200
2003-01-02,13.978952407836914,21.549999237060547,21.584999084472656,20.854999542236328,21.14999961853028,4436400
2003-01-03,13.88165283203125,21.39999961853028,21.665000915527344,21.295000076293945,21.424999237060547,3601400
2003-01-06,13.751927375793455,21.200000762939453,21.325000762939453,20.9950008392334,21.229999542236328,5618200
2003-01-07,13.200549125671388,20.350000381469727,21.20499992370605,20.280000686645508,21.20499992370605,6014200
2003-01-08,13.330280303955078,20.549999237060547,20.614999771118164,20.2450008392334,20.25,7475000
2003-01-09,13.570290565490724,20.920000076293945,21.040000915527344,20.57999992370605,20.625,6149800
2003-01-10,13.54758358001709,20.88500022888184,21.14999961853028,20.64999961853028,20.924999237060547,4993200
2003-01-13,13.375692367553713,20.6200008392334,20.815000534057617,20.5049991607666,20.809999465942383,4892800
2003-01-14,13.255684852600098,20.434999465942383,20.825000762939453,20.2549991607666,20.600000381469727,6202000
2003-01-15,13.39515209197998,20.64999961853028,20.86000061035156,20.434999465942383,20.475000381469727,8168400
2003-01-16,13.58001708984375,20.934999465942383,21.0,20.770000457763672,20.799999237060547,6323400
2003-01-17,13.203789710998535,20.354999542236328,20.84000015258789,20.280000686645508,20.684999465942383,5805200
2003-01-21,12.56809139251709,19.375,20.36000061035156,19.25,20.36000061035156,8807600
2003-01-22,12.34429168701172,19.030000686645508,19.395000457763672,17.809999465942383,18.450000762939453,21398000
2003-01-23,12.470786094665527,19.225000381469727,19.46500015258789,18.63999938964844,19.03499984741211,10236000
2003-01-24,12.117258071899414,18.68000030517578,19.30500030517578,18.549999237060547,19.229999542236328,7255600
2003-01-27,11.698861122131348,18.03499984741211,18.674999237060547,17.860000610351562,18.674999237060547,11034800
2003-01-28,11.883736610412598,18.31999969482422,18.5,18.075000762939453,18.075000762939453,6152400
2003-01-29,12.214561462402344,18.82999992370605,19.065000534057617,18.0,18.325000762939453,7491600
2003-01-30,12.036169052124023,18.55500030517578,19.290000915527344,18.52499961853028,19.14999961853028,6786000
2003-01-31,12.227530479431152,18.850000381469727,19.01000022888184,18.36000061035156,18.450000762939453,6071600
2003-02-03,12.22429084777832,18.84499931335449,19.09499931335449,18.645000457763672,18.854999542236328,5149000
2003-02-04,12.42538070678711,19.155000686645508,19.19499969482422,18.5,18.850000381469727,6064800
2003-02-05,12.360512733459473,19.05500030517578,19.604999542236328,18.98500061035156,19.43000030517578,6395200
2003-02-06,12.396195411682127,19.11000061035156,19.2549991607666,18.795000076293945,19.02499961853028,5467800
2003-02-07,12.169157028198242,18.76000022888184,19.21999931335449,18.674999237060547,19.075000762939453,4623800
2003-02-10,12.668636322021484,19.530000686645508,19.53499984741211,18.81999969482422,18.924999237060547,6347200
2003-02-11,12.649178504943848,19.5,19.75,19.30500030517578,19.53499984741211,7993000
2003-02-12,12.444843292236328,19.184999465942383,19.540000915527344,19.125,19.375,5832400
2003-02-13,12.315105438232422,18.98500061035156,19.299999237060547,18.790000915527344,19.075000762939453,5408000
2003-02-14,12.610251426696776,19.440000534057617,19.5049991607666,19.0,19.5049991607666,4011600
2003-02-18,12.915955543518066,19.815000534057617,19.979999542236328,19.299999237060547,19.3700008392334,6291600
2003-02-19,12.984400749206545,19.920000076293945,20.030000686645508,19.68000030517578,19.825000762939453,5785400
2003-02-20,13.202762603759766,20.2549991607666,20.334999084472656,19.88999938964844,19.924999237060547,6795600
2003-02-21,13.67208194732666,20.975000381469727,21.09000015258789,20.434999465942383,20.549999237060547,10262800
2003-02-24,13.786147117614746,21.14999961853028,21.25,20.8799991607666,20.975000381469727,7777600
2003-02-25,13.297276496887209,20.39999961853028,21.489999771118164,20.19499969482422,21.200000762939453,16136800
2003-02-26,13.541712760925291,20.77499961853028,21.059999465942383,20.280000686645508,20.39999961853028,9077800
2003-02-27,13.31683349609375,20.43000030517578,20.924999237060547,20.28499984741211,20.77499961853028,7692800
2003-02-28,13.561271667480469,20.80500030517578,20.979999542236328,20.450000762939453,20.52499961853028,9681600
2003-03-03,13.476523399353027,20.674999237060547,20.924999237060547,20.52499961853028,20.729999542236328,7189600
2003-03-04,13.199506759643556,20.25,20.545000076293945,20.15999984741211,20.15999984741211,8881400
2003-03-05,13.091955184936523,20.084999084472656,20.375,19.875,20.209999084472656,5867800
2003-03-06,13.349420547485352,20.479999542236328,20.48500061035156,20.0,20.0,5567400
2003-03-07,13.082178115844728,20.06999969482422,20.479999542236328,19.77499961853028,20.125,6094000
2003-03-10,12.7269287109375,19.52499961853028,20.350000381469727,19.43000030517578,20.325000762939453,5321400
2003-03-11,12.391236305236816,19.01000022888184,19.7450008392334,18.979999542236328,19.5,6340000
2003-03-12,12.22828197479248,18.76000022888184,18.975000381469727,18.43000030517578,18.975000381469727,8187400
2003-03-13,12.374940872192385,18.98500061035156,19.07999992370605,18.625,19.049999237060547,7029800
2003-03-14,12.290210723876951,18.854999542236328,19.190000534057617,18.75,18.98500061035156,7670600
2003-03-17,12.410794258117676,19.040000915527344,19.174999237060547,18.64999961853028,18.854999542236328,7436800
2003-03-18,12.873589515686035,19.75,19.86000061035156,18.875,19.040000915527344,11386400
2003-03-19,12.80514907836914,19.645000457763672,20.06999969482422,19.450000762939453,19.75,6857600
2003-03-20,13.016990661621094,19.96999931335449,20.239999771118164,19.280000686645508,19.424999237060547,7948200
2003-03-21,12.684561729431152,19.459999084472656,20.02499961853028,19.40999984741211,19.975000381469727,7304600
2003-03-24,12.40101718902588,19.02499961853028,19.80500030517578,18.950000762939453,19.459999084472656,5414800
2003-03-25,12.449902534484863,19.100000381469727,19.44499969482422,18.96999931335449,19.075000762939453,6066000
2003-03-26,12.417315483093262,19.049999237060547,19.30500030517578,18.799999237060547,19.100000381469727,7695000
2003-03-27,12.518339157104492,19.20499992370605,19.4950008392334,19.01499938964844,19.049999237060547,7017400
2003-03-28,12.720416069030762,19.51499938964844,19.625,19.209999084472656,19.209999084472656,4419000
2003-03-31,12.38797664642334,19.0049991607666,19.475000381469727,18.82999992370605,18.82999992370605,5463200
2003-04-01,12.629155158996582,19.375,19.4950008392334,18.975000381469727,19.049999237060547,6824800
2003-04-02,12.495532035827637,19.170000076293945,19.375,18.950000762939453,19.375,6378400
2003-04-03,12.332569122314451,18.920000076293945,19.239999771118164,18.850000381469727,19.170000076293945,5236200
2003-04-04,12.293462753295898,18.86000061035156,19.06999969482422,18.73500061035156,18.93000030517578,5931200
2003-04-07,12.283686637878418,18.84499931335449,18.975000381469727,18.68000030517578,18.86000061035156,7077200
2003-04-08,12.234806060791016,18.770000457763672,18.89999961853028,18.65999984741211,18.84499931335449,4242800
2003-04-09,12.286940574645996,18.850000381469727,19.0,18.729999542236328,18.88999938964844,4392800
2003-04-10,12.625896453857422,19.3700008392334,19.459999084472656,19.0049991607666,19.174999237060547,7882200
2003-04-11,12.407532691955566,19.03499984741211,19.3700008392334,18.8700008392334,19.3700008392334,7291600
2003-04-14,12.49879264831543,19.174999237060547,19.190000534057617,18.040000915527344,18.040000915527344,4493400
2003-04-15,12.306501388549805,18.8799991607666,19.559999465942383,18.78499984741211,19.450000762939453,4323000
2003-04-16,12.192434310913086,18.70499992370605,19.200000762939453,18.63999938964844,18.93000030517578,6329600
2003-04-17,12.671524047851562,19.440000534057617,19.5,18.51000022888184,18.655000686645508,5424800
2003-04-21,12.798633575439451,19.63500022888184,19.809999465942383,19.350000381469727,19.44499969482422,4998800
2003-04-22,12.919219970703123,19.81999969482422,19.924999237060547,19.350000381469727,19.600000381469727,4808400
2003-04-23,13.577566146850586,20.82999992370605,20.924999237060547,19.834999084472656,20.31999969482422,13220400
2003-04-24,13.642748832702637,20.93000030517578,20.975000381469727,20.700000762939453,20.82999992370605,8470600
2003-04-25,13.52867603302002,20.7549991607666,21.0,20.53499984741211,20.93000030517578,5545400
2003-04-28,13.606894493103027,20.875,21.125,20.59499931335449,20.700000762939453,7436600
2003-04-29,13.46023941040039,20.64999961853028,21.01499938964844,20.44499969482422,20.875,4587600
2003-04-30,13.66555881500244,20.96500015258789,21.225000381469727,20.63500022888184,20.700000762939453,9270400
2003-05-01,13.730738639831545,21.065000534057617,21.239999771118164,20.895000457763672,21.14999961853028,4888000
2003-05-02,14.141398429870604,21.69499969482422,21.76000022888184,21.174999237060547,21.295000076293945,6193600
2003-05-05,14.22939395904541,21.82999992370605,21.98500061035156,21.604999542236328,21.645000457763672,5672000
2003-05-06,14.571603775024414,22.354999542236328,22.475000381469727,21.78499984741211,21.82999992370605,7565400
2003-05-07,14.692191123962402,22.540000915527344,22.729999542236328,22.114999771118164,22.354999542236328,8016800
2003-05-08,14.47708511352539,22.209999084472656,22.565000534057617,22.0,22.5,8039600
2003-05-09,14.659595489501951,22.489999771118164,22.63999938964844,22.0,22.350000381469727,4403000
2003-05-12,14.832332611083984,22.7549991607666,22.975000381469727,22.334999084472656,22.424999237060547,6070600
2003-05-13,14.97573947906494,22.975000381469727,23.0049991607666,22.5049991607666,22.7549991607666,6187000
2003-05-14,15.26905632019043,23.424999237060547,23.625,22.80500030517578,22.989999771118164,8420600
2003-05-15,15.278838157653809,23.440000534057617,23.55500030517578,23.18000030517578,23.43000030517578,5733800
2003-05-16,15.448307037353516,23.700000762939453,23.7549991607666,23.20499992370605,23.44499969482422,7041200
2003-05-19,15.301650047302246,23.475000381469727,23.69499969482422,23.424999237060547,23.575000762939453,7043200
2003-05-20,15.187577247619627,23.299999237060547,23.459999084472656,22.950000762939453,23.3799991607666,8050600
2003-05-21,15.48089599609375,23.75,24.0,23.01000022888184,23.02499961853028,7476800
2003-05-22,15.360312461853027,23.565000534057617,23.84499931335449,23.52499961853028,23.625,5627800
2003-05-23,15.376608848571776,23.59000015258789,23.690000534057617,23.125,23.565000534057617,4126400
2003-05-27,15.784001350402832,24.21500015258789,24.25,23.27499961853028,23.27499961853028,7082200
2003-05-28,15.572151184082031,23.88999938964844,24.299999237060547,23.780000686645508,24.21500015258789,5844800
2003-05-29,15.418975830078123,23.655000686645508,23.875,23.56999969482422,23.850000381469727,6005200
2003-05-30,15.845928192138672,24.309999465942383,24.5,23.440000534057617,23.655000686645508,6244800
2003-06-02,15.822361946105955,24.18000030517578,24.375,23.89999961853028,24.21500015258789,5618600
2003-06-03,15.671862602233888,23.950000762939453,24.18000030517578,23.7549991607666,24.18000030517578,5673800
2003-06-04,15.429755210876465,23.57999992370605,23.80500030517578,23.100000381469727,23.125,19449000
2003-06-05,15.49191951751709,23.674999237060547,23.725000381469727,23.295000076293945,23.299999237060547,7947600
2003-06-06,15.501726150512695,23.690000534057617,23.89999961853028,23.530000686645508,23.530000686645508,7264400
2003-06-09,15.586799621582031,23.81999969482422,23.920000076293945,23.46999931335449,23.600000381469727,5626000
2003-06-10,15.7373046875,24.049999237060547,24.229999542236328,23.850000381469727,23.924999237060547,6439000
2003-06-11,16.286964416503906,24.88999938964844,24.915000915527344,23.95499992370605,24.229999542236328,8213400
2003-06-12,16.146272659301758,24.674999237060547,25.075000762939453,24.36000061035156,24.88999938964844,7406200
2003-06-13,15.766746520996094,24.09499931335449,24.68000030517578,23.924999237060547,24.674999237060547,5308000
2003-06-16,15.720947265625,24.02499961853028,24.549999237060547,23.684999465942383,24.09499931335449,7570000
2003-06-17,15.54426383972168,23.7549991607666,24.350000381469727,23.545000076293945,24.02499961853028,5998000
2003-06-18,15.455926895141602,23.6200008392334,23.96500015258789,23.434999465942383,23.7549991607666,7147600
2003-06-19,15.658777236938477,23.93000030517578,24.2450008392334,23.46999931335449,23.6200008392334,5145800
2003-06-20,15.465750694274902,23.63500022888184,24.200000762939453,23.625,23.93000030517578,7903400
2003-06-23,15.45919704437256,23.625,23.920000076293945,23.114999771118164,23.63500022888184,4052600
2003-06-24,15.540995597839355,23.75,23.895000457763672,23.450000762939453,23.5,6353800
2003-06-25,15.753662109375,24.075000762939453,24.350000381469727,23.725000381469727,23.89999961853028,7909000
2003-06-26,15.626063346862791,23.8799991607666,24.315000534057617,23.71500015258789,23.975000381469727,9741200
2003-06-27,15.603151321411133,23.84499931335449,24.19499969482422,23.815000534057617,23.8799991607666,5317800
2003-06-30,15.563895225524902,23.78499984741211,24.100000381469727,23.739999771118164,24.0,4387800
2003-07-01,15.655505180358888,23.924999237060547,24.01499938964844,23.26000022888184,23.78499984741211,5406400
2003-07-02,15.711127281188965,24.01000022888184,24.13500022888184,23.4950008392334,23.924999237060547,5536000
2003-07-03,15.717666625976562,24.020000457763672,24.30500030517578,23.350000381469727,24.01499938964844,4239400
2003-07-07,15.540995597839355,23.75,24.0,23.56999969482422,24.0,7122400
2003-07-08,15.563895225524902,23.78499984741211,23.854999542236328,23.5,23.75,5681800
2003-07-09,15.724214553833008,24.030000686645508,24.225000381469727,23.850000381469727,23.850000381469727,6669600
2003-07-10,15.262889862060549,23.325000762939453,24.0,23.09000015258789,24.0,9149600
2003-07-11,15.47228717803955,23.645000457763672,23.770000457763672,23.174999237060547,23.325000762939453,4571000
2003-07-14,15.16474151611328,23.174999237060547,23.790000915527344,23.059999465942383,23.700000762939453,5847800
2003-07-15,15.099303245544434,23.075000762939453,23.43000030517578,22.850000381469727,23.18000030517578,5826400
2003-07-16,14.952073097229004,22.850000381469727,23.25,22.770000457763672,23.100000381469727,5225200
2003-07-17,15.027324676513672,22.96500015258789,23.229999542236328,22.2549991607666,22.850000381469727,6964600
2003-07-18,15.52790641784668,23.729999542236328,23.82999992370605,22.575000762939453,22.96500015258789,6755800
2003-07-21,15.419934272766112,23.565000534057617,24.125,23.405000686645508,24.0,8789000
2003-07-22,15.181097030639648,23.200000762939453,23.655000686645508,23.01499938964844,23.565000534057617,8141600
2003-07-23,14.889902114868164,22.7549991607666,23.549999237060547,22.39999961853028,23.475000381469727,11994800
2003-07-24,14.729599952697754,22.51000022888184,23.2450008392334,22.475000381469727,23.0,8236600
2003-07-25,14.961884498596191,22.864999771118164,22.8700008392334,22.395000457763672,22.549999237060547,5362400
2003-07-28,15.099303245544434,23.075000762939453,23.209999084472656,22.549999237060547,22.864999771118164,7481600
2003-07-29,14.667424201965332,22.415000915527344,23.075000762939453,22.27499961853028,23.075000762939453,7935600
2003-07-30,14.687056541442873,22.44499969482422,22.55500030517578,22.25,22.489999771118164,6572800
2003-07-31,14.745941162109377,22.53499984741211,22.975000381469727,22.25,22.600000381469727,5925200
2003-08-01,14.893178939819336,22.76000022888184,22.915000915527344,22.3799991607666,22.3799991607666,5116600
2003-08-04,14.759032249450684,22.55500030517578,22.76499938964844,22.25,22.76000022888184,5527800
2003-08-05,14.605262756347656,22.31999969482422,22.71999931335449,22.290000915527344,22.549999237060547,4400000
2003-08-06,14.886639595031738,22.75,22.809999465942383,22.26499938964844,22.325000762939453,5933400
2003-08-07,15.23344612121582,23.280000686645508,23.395000457763672,22.59000015258789,22.75,9357000
2003-08-08,15.223628044128418,23.26499938964844,23.354999542236328,22.975000381469727,23.280000686645508,7045400
2003-08-11,15.351226806640623,23.459999084472656,23.549999237060547,23.114999771118164,23.26499938964844,5256400
2003-08-12,15.416668891906738,23.559999465942383,23.6200008392334,23.059999465942383,23.459999084472656,5039400
2003-08-13,15.498459815979004,23.684999465942383,23.875,23.475000381469727,23.799999237060547,6364800
2003-08-14,15.547537803649902,23.76000022888184,23.86000061035156,23.395000457763672,23.725000381469727,7874000
2003-08-15,15.45919704437256,23.625,23.864999771118164,23.59499931335449,23.799999237060547,2458200
2003-08-18,15.688218116760254,23.975000381469727,24.01000022888184,23.700000762939453,23.75,3730600
2003-08-19,15.760202407836914,24.084999084472656,24.11000061035156,23.84499931335449,23.950000762939453,4218000
2003-08-20,15.995771408081056,24.44499969482422,24.65999984741211,23.55500030517578,24.084999084472656,7011800
2003-08-21,16.113555908203125,24.625,24.8799991607666,24.145000457763672,24.450000762939453,6548000
2003-08-22,15.848539352416992,24.21999931335449,24.850000381469727,24.190000534057617,24.850000381469727,4867400
2003-08-25,15.590070724487305,23.825000762939453,24.27499961853028,23.75,24.21999931335449,6164600
2003-08-26,15.67513942718506,23.95499992370605,23.989999771118164,23.55500030517578,23.82999992370605,4181000
2003-08-27,15.560620307922363,23.780000686645508,24.32999992370605,23.780000686645508,23.84000015258789,4755000
2003-08-28,16.18880271911621,24.739999771118164,24.7549991607666,23.6299991607666,23.799999237060547,7934800
2003-08-29,16.26039695739746,24.7549991607666,24.7549991607666,24.155000686645508,24.645000457763672,5309400
2003-09-02,16.194717407226562,24.655000686645508,24.7549991607666,24.1200008392334,24.7549991607666,7661200
2003-09-03,16.03707504272461,24.415000915527344,24.7450008392334,24.26000022888184,24.70499992370605,4756400
2003-09-04,15.68894386291504,23.88500022888184,24.415000915527344,23.799999237060547,24.415000915527344,7965200
2003-09-05,15.912271499633787,24.225000381469727,24.3700008392334,23.834999084472656,23.88500022888184,6419200
2003-09-08,16.25383949279785,24.7450008392334,24.895000457763672,24.25,24.27499961853028,5943400
2003-09-09,16.079769134521484,24.479999542236328,24.7450008392334,24.25,24.7450008392334,5313400
2003-09-10,15.807172775268556,24.065000534057617,24.53499984741211,23.93000030517578,24.479999542236328,5462000
2003-09-11,15.79732608795166,24.049999237060547,24.34000015258789,23.875,24.125,5428400
2003-09-12,15.872861862182615,24.165000915527344,24.170000076293945,23.895000457763672,24.049999237060547,3518000
2003-09-15,15.79732608795166,24.049999237060547,24.459999084472656,24.02499961853028,24.170000076293945,3485800
2003-09-16,15.89585781097412,24.200000762939453,24.25,23.8799991607666,24.104999542236328,4407400
2003-09-17,15.846583366394045,24.125,24.440000534057617,23.950000762939453,24.39999961853028,4854800
2003-09-18,16.175012588500977,24.625,24.655000686645508,23.924999237060547,24.1299991607666,6463200
2003-09-19,16.746475219726562,25.4950008392334,25.545000076293945,24.13500022888184,24.64999961853028,13572400
2003-09-22,16.77274513244629,25.53499984741211,26.049999237060547,25.334999084472656,25.75,12163800
2003-09-23,16.651229858398438,25.350000381469727,25.875,25.26000022888184,25.540000915527344,6837200
2003-09-24,16.72676658630371,25.46500015258789,25.875,25.315000534057617,25.5,11821000
2003-09-25,16.22099494934082,24.69499969482422,25.45499992370605,24.64999961853028,25.450000762939453,8039200
2003-09-26,16.000946044921875,24.36000061035156,24.53499984741211,24.14999961853028,24.53499984741211,5626000
2003-09-29,16.152013778686523,24.59000015258789,24.68000030517578,24.299999237060547,24.354999542236328,4456400
2003-09-30,15.89585781097412,24.200000762939453,24.725000381469727,24.045000076293945,24.51000022888184,7577200
2003-10-01,16.250551223754883,24.739999771118164,24.809999465942383,24.200000762939453,24.200000762939453,7491200
2003-10-02,16.312950134277344,24.834999084472656,24.905000686645508,24.540000915527344,24.665000915527344,4096400
2003-10-03,16.447616577148438,25.040000915527344,25.32999992370605,24.5,25.0,5094800
2003-10-06,16.539566040039062,25.18000030517578,25.34499931335449,24.895000457763672,25.049999237060547,3651200
2003-10-07,16.575693130493164,25.23500061035156,25.34499931335449,24.799999237060547,25.18000030517578,4064000
2003-10-08,16.58555030822754,25.25,25.4950008392334,24.770000457763672,25.25,4799200
2003-10-09,16.526432037353516,25.15999984741211,25.2549991607666,25.0,25.25,5824400
2003-10-10,16.680789947509766,25.395000457763672,25.575000762939453,25.100000381469727,25.100000381469727,6166600
2003-10-13,16.575693130493164,25.23500061035156,25.5049991607666,25.125,25.39999961853028,3397800
2003-10-14,16.473880767822266,25.07999992370605,25.27499961853028,24.915000915527344,25.27499961853028,3913000
2003-10-15,16.17829704284668,24.6299991607666,25.084999084472656,24.5,25.084999084472656,7325600
2003-10-16,16.43446922302246,25.020000457763672,25.184999465942383,24.4950008392334,24.5,5856200
2003-10-17,16.257123947143555,24.75,25.11000061035156,24.6299991607666,25.02499961853028,5106200
2003-10-20,16.368789672851562,24.920000076293945,24.9950008392334,24.549999237060547,24.77499961853028,4391200
2003-10-21,16.867990493774414,25.68000030517578,25.780000686645508,24.924999237060547,24.924999237060547,9978200
2003-10-22,15.74805736541748,23.975000381469727,24.64999961853028,23.8799991607666,24.48500061035156,19447400
2003-10-23,15.764479637145996,24.0,24.0049991607666,23.600000381469727,23.979999542236328,9829000
2003-10-24,15.472186088562012,23.55500030517578,23.86000061035156,23.44499969482422,23.725000381469727,6784200
2003-10-27,15.44590663909912,23.51499938964844,23.875,23.440000534057617,23.559999465942383,5822600
2003-10-28,15.518160820007324,23.625,23.65999984741211,23.315000534057617,23.51499938964844,7291200
2003-10-29,15.271842956542969,23.25,23.89999961853028,23.170000076293945,23.51499938964844,7919800
2003-10-30,15.189730644226074,23.125,23.295000076293945,22.739999771118164,23.27499961853028,9186200
2003-10-31,15.42620086669922,23.48500061035156,23.6200008392334,23.0,23.1299991607666,7511600
2003-11-03,15.15689182281494,23.075000762939453,23.559999465942383,23.0049991607666,23.48500061035156,7465600
2003-11-04,15.275120735168455,23.2549991607666,23.434999465942383,22.80500030517578,23.075000762939453,5206000
2003-11-05,15.337525367736816,23.350000381469727,23.46999931335449,23.125,23.2549991607666,5311600
2003-11-06,15.31782054901123,23.31999969482422,23.450000762939453,22.905000686645508,23.350000381469727,4098800
2003-11-07,15.31124496459961,23.309999465942383,23.479999542236328,23.225000381469727,23.31999969482422,4161600
2003-11-10,15.140462875366213,23.049999237060547,23.45499992370605,23.0,23.299999237060547,4558200
2003-11-11,15.202869415283203,23.145000457763672,23.209999084472656,23.030000686645508,23.05500030517578,3454800
2003-11-12,15.334237098693848,23.34499931335449,23.45499992370605,22.729999542236328,23.14999961853028,3076000
2003-11-13,15.639670372009276,23.809999465942383,23.875,23.34499931335449,23.34499931335449,6175200
2003-11-14,15.63311004638672,23.799999237060547,24.104999542236328,23.69499969482422,23.809999465942383,5968800
2003-11-17,15.42620086669922,23.48500061035156,23.799999237060547,23.170000076293945,23.799999237060547,3969200
2003-11-18,15.147037506103516,23.059999465942383,23.479999542236328,23.030000686645508,23.450000762939453,5061200
2003-11-19,15.281689643859863,23.26499938964844,23.309999465942383,23.02499961853028,23.02499961853028,4730400
2003-11-20,15.25869846343994,23.229999542236328,23.5,23.104999542236328,23.165000915527344,5186600
2003-11-21,15.19301986694336,23.1299991607666,23.23500061035156,23.0,23.209999084472656,3938600
2003-11-24,15.202869415283203,23.145000457763672,23.21999931335449,22.975000381469727,23.1299991607666,4435200
2003-11-25,15.31453800201416,23.315000534057617,23.64999961853028,23.155000686645508,23.170000076293945,5437600
2003-11-26,15.403215408325195,23.450000762939453,23.53499984741211,23.174999237060547,23.375,4863200
2003-11-28,15.409777641296388,23.459999084472656,23.520000457763672,23.295000076293945,23.450000762939453,1272200
2003-12-01,15.350662231445312,23.3700008392334,23.549999237060547,23.34000015258789,23.48500061035156,4563600
2003-12-02,15.715221405029297,23.924999237060547,24.0,23.325000762939453,23.434999465942383,7635200
2003-12-03,15.514875411987305,23.6200008392334,23.96999931335449,23.56999969482422,23.93000030517578,5457200
2003-12-04,15.8203125,24.084999084472656,24.3799991607666,23.52499961853028,23.549999237060547,8922800
2003-12-05,16.171722412109375,24.6200008392334,24.71500015258789,24.065000534057617,24.065000534057617,8401600
2003-12-08,16.329370498657227,24.86000061035156,24.915000915527344,24.45499992370605,24.5,5372000
2003-12-09,16.358932495117188,24.905000686645508,25.02499961853028,24.71500015258789,24.950000762939453,6545600
2003-12-10,16.414764404296875,24.989999771118164,25.125,24.77499961853028,24.905000686645508,6905000
2003-12-11,16.444326400756836,25.03499984741211,25.07999992370605,24.725000381469727,25.0,5506800
2003-12-12,16.72348403930664,25.459999084472656,25.545000076293945,25.02499961853028,25.045000076293945,4930000
2003-12-15,16.54481315612793,25.09499931335449,25.51499938964844,25.06999969482422,25.475000381469727,5378200
2003-12-16,16.60085678100586,25.18000030517578,25.48500061035156,25.09499931335449,25.100000381469727,5606800
2003-12-17,16.61404800415039,25.200000762939453,25.209999084472656,24.975000381469727,25.125,7219000
2003-12-18,17.388715744018555,26.375,26.975000381469727,25.3700008392334,25.375,18616800
2003-12-19,17.513973236083984,26.565000534057617,26.799999237060547,26.39999961853028,26.614999771118164,9221800
2003-12-22,18.01502799987793,27.325000762939453,27.375,26.57999992370605,26.625,10627400
2003-12-23,17.800762176513672,27.0,27.2549991607666,26.76499938964844,27.25,5282800
2003-12-24,18.11721992492676,27.479999542236328,27.59499931335449,26.979999542236328,27.0049991607666,3323400
2003-12-26,18.22270774841309,27.63999938964844,27.739999771118164,27.39999961853028,27.475000381469727,1915600
2003-12-29,18.35127258300781,27.834999084472656,27.88999938964844,27.64999961853028,27.700000762939453,4640400
2003-12-30,18.30842018127441,27.770000457763672,28.1200008392334,27.655000686645508,27.799999237060547,4730000
2003-12-31,18.038105010986328,27.36000061035156,27.799999237060547,27.18000030517578,27.799999237060547,4909400
2004-01-02,18.018329620361328,27.32999992370605,27.549999237060547,27.229999542236328,27.36000061035156,3667000
2004-01-05,18.29852294921875,27.7549991607666,27.780000686645508,26.989999771118164,27.100000381469727,5984000
2004-01-06,18.100736618041992,27.45499992370605,27.95499992370605,27.27499961853028,27.77499961853028,6237000
2004-01-07,17.65241050720215,26.77499961853028,27.32999992370605,26.645000457763672,27.32999992370605,9240800
2004-01-08,17.751317977905273,26.924999237060547,27.040000915527344,26.38999938964844,26.5,9339600
2004-01-09,17.800762176513672,27.0,27.670000076293945,26.45499992370605,27.299999237060547,13982400
2004-01-12,17.58650016784668,26.674999237060547,27.100000381469727,26.549999237060547,27.100000381469727,7300000
2004-01-13,17.635936737060547,26.75,27.045000076293945,26.700000762939453,26.924999237060547,7284000
2004-01-14,17.543636322021484,26.61000061035156,26.96500015258789,26.375,26.875,4697800
2004-01-15,17.36892318725586,26.34499931335449,27.01000022888184,26.315000534057617,26.725000381469727,5384400
2004-01-16,17.76450538635254,26.94499969482422,27.059999465942383,26.26499938964844,26.3799991607666,5289800
2004-01-20,18.33807945251465,27.815000534057617,27.979999542236328,27.25,27.299999237060547,8509400
2004-01-21,18.476524353027344,28.02499961853028,28.27499961853028,27.625,27.75,6352000
2004-01-22,18.32160377502441,27.790000915527344,28.32999992370605,27.549999237060547,28.125,7829400
2004-01-23,19.702810287475582,29.88500022888184,30.23500061035156,28.674999237060547,28.75,24420800
2004-01-26,20.128040313720703,30.530000686645508,30.600000381469727,29.600000381469727,29.93000030517578,13178000
2004-01-27,20.43791389465332,31.0,31.424999237060547,30.530000686645508,30.530000686645508,19312400
2004-01-28,20.388463973999023,30.924999237060547,31.2450008392334,30.780000686645508,30.94499969482422,13595200
2004-01-29,20.37857437133789,30.90999984741211,31.174999237060547,30.64999961853028,30.975000381469727,12227600
2004-01-30,20.167600631713867,30.59000015258789,30.98500061035156,30.450000762939453,30.8700008392334,8319200
2004-02-02,20.30605125427246,30.799999237060547,31.02499961853028,30.52499961853028,30.59499931335449,9218800
2004-02-03,20.31593513488769,30.815000534057617,30.89999961853028,30.325000762939453,30.799999237060547,7229800
2004-02-04,20.332427978515625,30.84000015258789,31.1299991607666,30.645000457763672,30.75,7874200
2004-02-05,20.058813095092773,30.424999237060547,30.88500022888184,30.21999931335449,30.799999237060547,8638200
2004-02-06,20.18078994750977,30.61000061035156,30.795000076293945,30.420000076293945,30.424999237060547,6525800
2004-02-09,20.48076057434082,31.065000534057617,31.395000457763672,30.684999465942383,30.700000762939453,6463000
2004-02-10,20.919189453125,31.729999542236328,31.93000030517578,31.06999969482422,31.06999969482422,10354800
2004-02-11,20.92248916625977,31.73500061035156,31.84499931335449,31.354999542236328,31.5,7905800
2004-02-12,21.09060859680176,31.989999771118164,32.15999984741211,31.700000762939453,31.73500061035156,5018400
2004-02-13,21.107080459594727,32.01499938964844,32.18000030517578,31.57999992370605,31.64999961853028,5774600
2004-02-17,21.12027359008789,32.03499984741211,32.16999816894531,31.834999084472656,32.02000045776367,7699000
2004-02-18,20.76755142211914,31.5,32.084999084472656,31.415000915527344,32.03499984741211,7200400
2004-02-19,20.91259765625,31.71999931335449,31.975000381469727,31.375,31.725000381469727,5663400
2004-02-20,20.80381202697754,31.55500030517578,31.924999237060547,31.51000022888184,31.850000381469727,5891200
2004-02-23,20.89573097229004,31.600000381469727,31.670000076293945,31.415000915527344,31.575000762939453,4947000
2004-02-24,21.31562614440918,32.23500061035156,32.25,31.5,31.549999237060547,6597400
2004-02-25,21.31232452392578,32.22999954223633,32.52000045776367,32.07500076293945,32.07500076293945,6562600
2004-02-26,21.411518096923828,32.380001068115234,32.54499816894531,32.189998626708984,32.5,6400600
2004-02-27,21.32223892211914,32.244998931884766,32.52000045776367,31.8700008392334,31.8700008392334,4608000
2004-03-01,21.97688102722168,33.23500061035156,33.25,32.3650016784668,32.45000076293945,5921400
2004-03-02,21.940519332885746,33.18000030517578,33.375,33.04499816894531,33.04999923706055,6274000
2004-03-03,21.748748779296875,32.88999938964844,32.98500061035156,32.42499923706055,32.97999954223633,5250600
2004-03-04,21.613195419311523,32.685001373291016,32.900001525878906,32.54999923706055,32.70000076293945,5117800
2004-03-05,21.487558364868164,32.494998931884766,33.165000915527344,32.404998779296875,32.685001373291016,6031600
2004-03-08,21.533842086791992,32.564998626708984,32.974998474121094,32.54499816894531,32.54999923706055,3919200
2004-03-09,21.418121337890625,32.38999938964844,32.48500061035156,32.125,32.439998626708984,4825400
2004-03-10,20.89573097229004,31.600000381469727,32.29999923706055,31.4950008392334,32.29999923706055,49387800
2004-03-11,20.5518741607666,31.07999992370605,31.799999237060547,31.07999992370605,31.5,5693200
2004-03-12,20.664289474487305,31.25,31.56999969482422,30.89999961853028,31.25,6626600
2004-03-15,20.717193603515625,31.32999992370605,31.81999969482422,31.31999969482422,31.325000762939453,5402200
2004-03-16,20.66758918762207,31.2549991607666,31.52499961853028,31.059999465942383,31.51000022888184,4932200
2004-03-17,21.41481208801269,32.3849983215332,32.474998474121094,31.2549991607666,31.2549991607666,5635600
2004-03-18,21.484249114990234,32.4900016784668,32.75,32.17499923706055,32.29999923706055,6813400
2004-03-19,21.047822952270508,31.82999992370605,32.64500045776367,31.81999969482422,32.494998931884766,6739400
2004-03-22,20.614688873291016,31.174999237060547,31.8700008392334,31.07999992370605,31.725000381469727,4967400
2004-03-23,20.54526138305664,31.06999969482422,31.51000022888184,30.70499992370605,31.350000381469727,9613600
2004-03-24,20.19480323791504,30.540000915527344,31.600000381469727,30.5049991607666,31.209999084472656,13512800
2004-03-25,20.2047176361084,30.55500030517578,30.77499961853028,30.28499984741211,30.7549991607666,9090000
2004-03-26,20.3237361907959,30.73500061035156,31.049999237060547,30.45499992370605,30.475000381469727,6952200
2004-03-29,20.287372589111328,30.68000030517578,30.9950008392334,30.46999931335449,30.924999237060547,7083800
2004-03-30,20.984996795654297,31.73500061035156,31.94499969482422,30.68000030517578,30.68000030517578,9335800
2004-03-31,21.11063575744629,31.924999237060547,32.1150016784668,31.40999984741211,31.75,8422600
2004-04-01,20.46590805053711,30.950000762939453,31.94499969482422,30.71999931335449,31.924999237060547,9476600
2004-04-02,20.429536819458008,30.895000457763672,31.15999984741211,30.69499969482422,31.02499961853028,7120600
2004-04-05,20.36672782897949,30.799999237060547,31.059999465942383,30.645000457763672,31.0,5821400
2004-04-06,20.270841598510746,30.655000686645508,30.825000762939453,30.48500061035156,30.674999237060547,6010200
2004-04-07,20.08899688720703,30.3799991607666,30.834999084472656,30.05500030517578,30.52499961853028,10902000
2004-04-08,20.26422691345215,30.645000457763672,30.799999237060547,30.375,30.53499984741211,6237200
2004-04-12,20.750253677368164,31.3799991607666,31.405000686645508,30.670000076293945,30.709999084472656,6363400
2004-04-13,20.512195587158203,31.020000457763672,31.614999771118164,30.93000030517578,31.45499992370605,6329600
2004-04-14,20.43285751342773,30.89999961853028,31.239999771118164,30.645000457763672,30.77499961853028,4921400
2004-04-15,20.72380256652832,31.34000015258789,31.46999931335449,30.934999465942383,30.950000762939453,5619200
2004-04-16,21.20982551574707,32.07500076293945,32.125,31.225000381469727,31.350000381469727,6176600
2004-04-19,21.011445999145508,31.77499961853028,32.349998474121094,31.7450008392334,32.04999923706055,7143200
2004-04-20,20.62792205810547,31.19499969482422,31.96999931335449,31.19499969482422,31.77499961853028,5362800
2004-04-21,20.43946075439453,30.90999984741211,31.200000762939453,30.700000762939453,31.200000762939453,6310200
2004-04-22,21.107330322265625,31.920000076293945,32.2400016784668,30.875,30.979999542236328,7040800
2004-04-23,20.399791717529297,30.850000381469727,31.540000915527344,30.68000030517578,31.02499961853028,10111000
2004-04-26,20.49236488342285,30.989999771118164,31.295000076293945,30.850000381469727,30.90999984741211,4652600
2004-04-27,20.64776039123535,31.225000381469727,31.700000762939453,30.65999984741211,30.65999984741211,8003000
2004-04-28,20.16835021972656,30.5,31.315000534057617,30.5,30.975000381469727,7027600
2004-04-29,19.46741485595703,29.440000534057617,30.7450008392334,28.9950008392334,30.5049991607666,9452200
2004-04-30,19.351694107055664,29.26499938964844,29.655000686645508,28.52499961853028,29.5,11481800
2004-05-03,19.695545196533203,29.78499984741211,29.78499984741211,29.125,29.26499938964844,6015200
2004-05-04,19.56660270690918,29.59000015258789,30.020000457763672,29.21999931335449,29.700000762939453,5648000
2004-05-05,19.305404663085938,29.19499969482422,29.40999984741211,28.299999237060547,29.14999961853028,17071800
2004-05-06,19.027677536010746,28.77499961853028,29.375,28.64999961853028,29.0,5775200
2004-05-07,18.5317325592041,28.02499961853028,28.989999771118164,27.975000381469727,28.799999237060547,6574800
2004-05-10,18.3366641998291,27.729999542236328,27.86000061035156,27.375,27.75,9558400
2004-05-11,18.392866134643555,27.815000534057617,28.200000762939453,27.45499992370605,27.905000686645508,8196800
2004-05-12,18.746644973754883,28.350000381469727,28.540000915527344,27.770000457763672,27.815000534057617,10855800
2004-05-13,18.96816635131836,28.684999465942383,28.93000030517578,28.354999542236328,28.354999542236328,8488400
2004-05-14,18.945018768310547,28.64999961853028,28.950000762939453,28.440000534057617,28.690000534057617,6048200
2004-05-17,18.95494270324707,28.665000915527344,28.89999961853028,28.31999969482422,28.46500015258789,7052200
2004-05-18,18.859066009521484,28.520000457763672,28.709999084472656,28.30500030517578,28.665000915527344,7808200
2004-05-19,18.82268524169922,28.46500015258789,28.815000534057617,28.354999542236328,28.520000457763672,8592400
2004-05-20,18.81938362121582,28.459999084472656,28.725000381469727,28.450000762939453,28.46999931335449,4733600
2004-05-21,18.71357727050781,28.299999237060547,28.75,28.27499961853028,28.64999961853028,7223400
2004-05-24,19.18307113647461,29.01000022888184,29.174999237060547,28.065000534057617,28.309999465942383,9507400
2004-05-25,19.48724937438965,29.46999931335449,29.625,29.01499938964844,29.200000762939453,7795200
2004-05-26,19.216140747070312,29.059999465942383,29.725000381469727,28.950000762939453,29.48500061035156,6535400
2004-05-27,18.812782287597656,28.450000762939453,29.0049991607666,28.25,29.0,9109000
2004-05-28,18.96469688415528,28.584999084472656,28.875,28.450000762939453,28.450000762939453,4126600
2004-06-01,19.20353889465332,28.94499969482422,29.190000534057617,28.46999931335449,29.075000762939453,6589200
2004-06-02,18.95474433898925,28.56999969482422,29.01499938964844,28.364999771118164,28.920000076293945,5353800
2004-06-03,18.63960647583008,28.09499931335449,28.94499969482422,28.09499931335449,28.63999938964844,5959000
2004-06-04,18.69931411743164,28.184999465942383,28.44499969482422,28.01000022888184,28.424999237060547,7615200
2004-06-07,19.213491439819336,28.959999084472656,29.030000686645508,28.07999992370605,28.225000381469727,7768000
2004-06-08,19.20686149597168,28.950000762939453,29.415000915527344,28.76499938964844,29.27499961853028,7255200
2004-06-09,19.213491439819336,28.959999084472656,29.100000381469727,28.44499969482422,28.75,7497600
2004-06-10,19.372722625732425,29.200000762939453,29.475000381469727,29.125,29.225000381469727,5388400
2004-06-14,19.472240447998047,29.350000381469727,29.59000015258789,29.065000534057617,29.155000686645508,7690800
2004-06-15,19.876937866210938,29.959999084472656,30.045000076293945,29.4950008392334,29.575000762939453,7867400
2004-06-16,20.643234252929688,31.114999771118164,31.145000457763672,30.475000381469727,30.549999237060547,13802600
2004-06-17,20.576879501342773,31.01499938964844,31.39999961853028,30.90999984741211,31.114999771118164,6970600
2004-06-18,20.573570251464844,31.01000022888184,31.200000762939453,30.56999969482422,31.020000457763672,6763600
2004-06-21,20.397750854492188,30.7450008392334,31.075000762939453,30.71999931335449,31.01000022888184,4480600
2004-06-22,20.40106201171875,30.75,30.940000534057617,30.530000686645508,30.790000915527344,6321200
2004-06-23,20.98158836364746,31.625,31.739999771118164,30.780000686645508,30.975000381469727,8005400
2004-06-24,20.81240463256836,31.3700008392334,31.790000915527344,31.3700008392334,31.6299991607666,6433800
2004-06-25,20.98490333557129,31.6299991607666,31.875,31.27499961853028,31.375,5337400
2004-06-28,20.696304321289062,31.19499969482422,31.670000076293945,31.100000381469727,31.6299991607666,4722400
2004-06-29,20.673084259033203,31.15999984741211,31.475000381469727,30.924999237060547,31.1200008392334,4856200
2004-06-30,21.067832946777344,31.7549991607666,31.915000915527344,31.104999542236328,31.165000915527344,5657600
2004-07-01,21.04129409790039,31.71500015258789,31.799999237060547,31.299999237060547,31.299999237060547,7034000
2004-07-02,21.09106636047364,31.790000915527344,31.975000381469727,31.39999961853028,31.674999237060547,4192000
2004-07-06,20.93183135986328,31.549999237060547,32.08000183105469,31.549999237060547,31.850000381469727,8323000
2004-07-07,20.88539123535156,31.479999542236328,31.825000762939453,31.364999771118164,31.825000762939453,5268800
2004-07-08,20.702939987182617,31.20499992370605,31.709999084472656,31.020000457763672,31.549999237060547,5596800
2004-07-09,20.83231544494629,31.39999961853028,31.5,31.05500030517578,31.27499961853028,5049400
2004-07-12,20.696304321289062,31.19499969482422,31.489999771118164,30.905000686645508,31.405000686645508,3723800
2004-07-13,20.673084259033203,31.15999984741211,31.31999969482422,30.77499961853028,31.225000381469727,3781800
2004-07-14,21.087730407714844,31.78499984741211,31.834999084472656,31.049999237060547,31.049999237060547,5840400
2004-07-15,21.518983840942383,32.435001373291016,32.494998931884766,31.52499961853028,31.780000686645508,7925000
2004-07-16,21.5322494506836,32.45500183105469,32.900001525878906,32.32500076293945,32.5099983215332,8097400
2004-07-19,21.56210327148437,32.5,32.625,32.275001525878906,32.5,5935600
2004-07-20,21.694793701171875,32.70000076293945,32.70000076293945,32.25,32.5,5997000
2004-07-21,21.28013610839844,32.07500076293945,33.18000030517578,32.05500030517578,32.70000076293945,9182200
2004-07-22,21.316625595092773,32.130001068115234,32.255001068115234,31.52499961853028,32.07500076293945,8968400
2004-07-23,20.901973724365234,31.5049991607666,32.130001068115234,31.5049991607666,32.130001068115234,7376200
2004-07-26,20.6929874420166,31.190000534057617,31.864999771118164,30.875,31.600000381469727,5170400
2004-07-27,21.230382919311523,32.0,32.21500015258789,31.1299991607666,31.299999237060547,8601200
2004-07-28,21.43273162841797,32.30500030517578,32.67499923706055,32.125,32.125,8703600
2004-07-29,21.47916984558105,32.375,32.54999923706055,31.94499969482422,32.310001373291016,6510800
2004-07-30,21.336530685424805,32.15999984741211,32.494998931884766,32.0,32.275001525878906,6961800
2004-08-02,21.386287689208984,32.23500061035156,32.369998931884766,31.64999961853028,32.11000061035156,5117000
2004-08-03,21.46590232849121,32.35499954223633,32.61000061035156,32.26499938964844,32.275001525878906,8796600
2004-08-04,21.02139472961425,31.684999465942383,32.375,31.5,32.095001220703125,6637800
2004-08-05,20.86216354370117,31.44499969482422,31.88999938964844,31.325000762939453,31.684999465942383,7491000
2004-08-06,20.40770530700684,30.76000022888184,31.4950008392334,30.334999084472656,31.44499969482422,7441400
2004-08-09,20.676401138305664,31.165000915527344,31.39999961853028,30.700000762939453,30.77499961853028,5772200
2004-08-10,20.434234619140625,30.799999237060547,31.26000022888184,30.76000022888184,31.13999938964844,7404000
2004-08-11,20.23520851135254,30.5,30.989999771118164,30.39999961853028,30.475000381469727,9932400
2004-08-12,19.886892318725582,29.975000381469727,30.625,29.94499969482422,30.5049991607666,8679800
2004-08-13,19.90347671508789,30.0,30.184999465942383,29.86000061035156,30.02499961853028,6969800
2004-08-16,19.949914932250977,30.06999969482422,30.239999771118164,29.8799991607666,30.075000762939453,6769200
2004-08-17,19.541898727416992,29.45499992370605,30.06999969482422,29.31999969482422,30.065000534057617,10446000
2004-08-18,19.90347671508789,30.0,30.030000686645508,29.45499992370605,29.459999084472656,8884400
2004-08-19,19.866989135742188,29.94499969482422,30.364999771118164,29.825000762939453,30.0,9608400
2004-08-20,20.2949161529541,30.59000015258789,30.8700008392334,30.350000381469727,30.375,10520800
2004-08-23,20.01958656311035,30.174999237060547,30.565000534057617,30.13500022888184,30.549999237060547,5729400
2004-08-24,20.072660446166992,30.2549991607666,30.334999084472656,29.725000381469727,30.200000762939453,6219200
2004-08-25,20.2949161529541,30.59000015258789,30.71999931335449,30.34499931335449,30.350000381469727,6149400
2004-08-26,20.619997024536133,31.07999992370605,31.13999938964844,30.165000915527344,30.375,6187000
2004-08-27,20.65650177001953,31.13500022888184,31.239999771118164,30.875,30.875,4903400
2004-08-30,20.35637283325196,30.59000015258789,31.225000381469727,30.45499992370605,31.045000076293945,4171600
2004-08-31,20.562667846679688,30.89999961853028,31.040000915527344,30.665000915527344,30.665000915527344,5092400
2004-09-01,20.951953887939453,31.48500061035156,31.57999992370605,30.864999771118164,31.02499961853028,7845800
2004-09-02,21.00187110900879,31.559999465942383,32.0,31.40999984741211,32.0,6583600
2004-09-03,21.45438003540039,32.2400016784668,32.31999969482422,31.46500015258789,31.559999465942383,6506600
2004-09-07,21.29133987426757,31.9950008392334,32.125,31.684999465942383,32.125,4703400
2004-09-08,21.324615478515625,32.04499816894531,32.310001373291016,31.625,31.924999237060547,3776200
2004-09-09,21.557525634765625,32.39500045776367,32.59000015258789,32.03499984741211,32.04499816894531,6606000
2004-09-10,21.39781379699707,32.154998779296875,32.44499969482422,31.88500022888184,32.39500045776367,4452600
2004-09-13,21.48764991760254,32.290000915527344,32.59000015258789,32.220001220703125,32.25,5143000
2004-09-14,21.311309814453125,32.025001525878906,32.375,31.96999931335449,32.290000915527344,5315600
2004-09-15,21.39781379699707,32.154998779296875,32.474998474121094,31.57999992370605,31.86000061035156,5490400
2004-09-16,21.44439697265625,32.224998474121094,32.435001373291016,31.959999084472656,32.154998779296875,4236600
2004-09-17,21.950145721435547,32.98500061035156,32.994998931884766,32.36000061035156,32.474998474121094,8297600
2004-09-20,21.69061279296875,32.595001220703125,33.25,32.54999923706055,33.0,10400000
2004-09-21,22.076595306396484,33.17499923706055,33.20000076293945,32.380001068115234,32.595001220703125,9035400
2004-09-22,22.09987068176269,33.209999084472656,33.5,32.7599983215332,33.15999984741211,8719000
2004-09-23,22.119842529296875,33.2400016784668,33.3650016784668,32.630001068115234,33.025001525878906,7627600
2004-09-24,22.173078536987305,33.31999969482422,33.619998931884766,33.15999984741211,33.2400016784668,7360800
2004-09-27,21.98008918762207,33.029998779296875,33.72999954223633,33.025001525878906,33.474998474121094,8040000
2004-09-28,22.51246452331543,33.83000183105469,33.92499923706055,33.3849983215332,33.42499923706055,8829400
2004-09-29,22.36938667297364,33.6150016784668,33.82500076293945,33.310001373291016,33.7400016784668,10637000
2004-09-30,22.39600372314453,33.654998779296875,33.8849983215332,33.505001068115234,33.63999938964844,7131400
2004-10-01,22.708778381347656,34.125,34.32500076293945,33.43000030517578,33.5,10110200
2004-10-04,22.61227035522461,33.97999954223633,34.375,33.82500076293945,34.125,6270000
2004-10-05,22.59896850585937,33.959999084472656,34.400001525878906,33.8849983215332,34.150001525878906,6567000
2004-10-06,23.044830322265625,34.630001068115234,34.650001525878906,33.79999923706055,34.150001525878906,8065800
2004-10-07,22.79860115051269,34.2599983215332,34.94499969482422,34.084999084472656,34.724998474121094,5758000
2004-10-08,23.024866104125977,34.599998474121094,34.845001220703125,34.20000076293945,34.26499938964844,5532600
2004-10-11,22.625587463378903,34.0,34.630001068115234,33.68000030517578,34.599998474121094,6777600
2004-10-12,22.1497859954834,33.28499984741211,34.36000061035156,33.28499984741211,33.540000915527344,7270600
2004-10-13,21.70060539245605,32.61000061035156,33.02000045776367,32.404998779296875,33.0,11237400
2004-10-14,22.076595306396484,33.17499923706055,33.525001525878906,32.915000915527344,32.92499923706055,8416000
2004-10-15,22.20967483520508,33.375,33.52000045776367,32.974998474121094,33.5,6455800
2004-10-18,21.80707359313965,32.77000045776367,33.53499984741211,32.75,33.375,5638000
2004-10-19,21.66067123413086,32.54999923706055,32.834999084472656,32.36000061035156,32.375,6964800
2004-10-20,22.2263126373291,33.400001525878906,33.474998474121094,32.54999923706055,32.54999923706055,7861400
2004-10-21,22.522443771362305,33.845001220703125,33.959999084472656,33.53499984741211,33.75,7904200
2004-10-22,21.8902530670166,32.89500045776367,33.54999923706055,32.625,33.20000076293945,14542400
2004-10-25,21.727224349975582,32.650001525878906,32.834999084472656,32.255001068115234,32.630001068115234,8609000
2004-10-26,21.79043960571289,32.744998931884766,32.94499969482422,32.42499923706055,32.654998779296875,9346600
2004-10-27,20.97525215148925,31.520000457763672,32.75,31.25,32.64500045776367,16117600
2004-10-28,20.645845413208008,31.02499961853028,32.084999084472656,30.905000686645508,32.084999084472656,15232000
2004-10-29,20.941978454589844,31.46999931335449,31.575000762939453,30.924999237060547,31.065000534057617,7730000
2004-11-01,20.72237205505371,31.13999938964844,31.96500015258789,31.02499961853028,31.75,8285800
2004-11-02,20.366352081298828,30.604999542236328,31.48500061035156,30.5049991607666,31.200000762939453,11229200
2004-11-03,20.845483779907227,31.325000762939453,31.94499969482422,30.90999984741211,31.924999237060547,13183800
2004-11-04,21.00187110900879,31.559999465942383,31.739999771118164,31.19499969482422,31.424999237060547,9322800
2004-11-05,21.18154525756836,31.82999992370605,32.25,31.565000534057617,31.700000762939453,8678200
2004-11-08,20.77893829345703,31.225000381469727,31.7450008392334,31.1299991607666,31.725000381469727,9182400
2004-11-09,20.838830947875977,31.315000534057617,31.5049991607666,30.989999771118164,31.225000381469727,10278800
2004-11-10,21.26473045349121,31.95499992370605,32.22999954223633,31.225000381469727,31.424999237060547,10265600
2004-11-11,21.354564666748047,32.09000015258789,32.23500061035156,31.7549991607666,31.95499992370605,6547200
2004-11-12,21.84367561340332,32.82500076293945,32.875,32.04999923706055,32.07500076293945,7086600
2004-11-15,21.20484161376953,31.864999771118164,32.834999084472656,31.77499961853028,32.775001525878906,12708200
2004-11-16,21.32794189453125,32.04999923706055,32.369998931884766,32.025001525878906,32.04999923706055,5856600
2004-11-17,21.477670669555664,32.275001525878906,32.459999084472656,31.77499961853028,32.04999923706055,6741000
2004-11-18,21.720563888549805,32.63999938964844,32.79999923706055,32.275001525878906,32.439998626708984,7371800
2004-11-19,21.99340057373047,33.04999923706055,33.130001068115234,32.57500076293945,32.76499938964844,7658600
2004-11-22,22.05994987487793,33.150001525878906,33.290000915527344,32.7599983215332,33.095001220703125,5820200
2004-11-23,21.99340057373047,33.04999923706055,33.55500030517578,32.94499969482422,33.224998474121094,9288200
2004-11-24,22.34610366821289,33.58000183105469,33.59000015258789,32.625,33.025001525878906,7324800
2004-11-26,22.319475173950195,33.540000915527344,33.900001525878906,33.45500183105469,33.474998474121094,2182200
2004-11-29,21.98008918762207,33.029998779296875,33.619998931884766,32.79499816894531,33.599998474121094,6023000
2004-11-30,21.83701515197754,32.814998626708984,33.255001068115234,32.790000915527344,32.900001525878906,5258800
2004-12-01,21.17156219482422,31.815000534057617,32.79999923706055,31.52499961853028,32.7599983215332,11283000
2004-12-02,20.645845413208008,31.02499961853028,31.52499961853028,30.600000381469727,31.39999961853028,15302000
2004-12-03,21.11831855773925,31.73500061035156,31.834999084472656,30.96999931335449,31.02499961853028,12148200
2004-12-06,21.081727981567383,31.68000030517578,32.07500076293945,31.315000534057617,31.89999961853028,8440600
2004-12-07,20.71239471435547,31.125,31.7450008392334,31.05500030517578,31.68000030517578,11626000
2004-12-08,20.7257022857666,31.145000457763672,31.434999465942383,30.665000915527344,31.125,9558800
2004-12-09,21.0617618560791,31.64999961853028,31.65999984741211,31.06999969482422,31.225000381469727,7774600
2004-12-10,20.95861053466797,31.4950008392334,32.275001525878906,31.280000686645508,32.275001525878906,6257000
2004-12-13,21.321287155151367,32.040000915527344,32.04499816894531,31.540000915527344,31.549999237060547,6855000
2004-12-14,21.65401840209961,32.540000915527344,32.82500076293945,32.23500061035156,32.25,7121800
2004-12-15,22.00337791442871,33.064998626708984,33.17499923706055,32.45000076293945,32.57500076293945,8227200
2004-12-16,21.79376983642578,32.75,33.20500183105469,32.54999923706055,33.0,6510400
2004-12-17,21.817052841186523,32.78499984741211,33.025001525878906,32.584999084472656,32.75,6689000
2004-12-20,22.1066951751709,33.125,33.220001220703125,32.69499969482422,32.69499969482422,5226000
2004-12-21,22.40367126464844,33.56999969482422,33.57500076293945,33.02000045776367,33.17499923706055,6274200
2004-12-22,22.150075912475582,33.189998626708984,33.59000015258789,32.85499954223633,33.40999984741211,9944200
2004-12-23,22.366968154907227,33.51499938964844,33.57500076293945,33.119998931884766,33.19499969482422,5122800
2004-12-27,21.97655487060547,32.93000030517578,33.4900016784668,32.900001525878906,33.48500061035156,7274800
2004-12-28,22.126708984375,33.154998779296875,33.21500015258789,32.92499923706055,32.95500183105469,6560600
2004-12-29,22.360294342041016,33.505001068115234,33.70000076293945,33.10499954223633,33.45000076293945,5860400
2004-12-30,22.34027671813965,33.474998474121094,33.47999954223633,33.275001525878906,33.45000076293945,4639000
2004-12-31,22.34027671813965,33.474998474121094,33.64500045776367,33.46500015258789,33.474998474121094,3272200
2005-01-03,21.4393253326416,32.125,33.400001525878906,32.07500076293945,33.400001525878906,10130600
2005-01-04,21.275821685791016,31.8799991607666,32.505001068115234,31.864999771118164,32.32500076293945,8614400
2005-01-05,21.342554092407227,31.979999542236328,32.255001068115234,31.76000022888184,31.8799991607666,8224600
2005-01-06,21.75965881347656,32.60499954223633,32.779998779296875,31.89999961853028,31.93000030517578,9059200
2005-01-07,21.19906616210937,31.76499938964844,32.42499923706055,31.56999969482422,32.42499923706055,8865800
2005-01-10,21.329200744628903,31.959999084472656,32.32500076293945,31.795000076293945,31.975000381469727,8187800
2005-01-11,21.17905235290528,31.73500061035156,32.09000015258789,31.700000762939453,31.77499961853028,6664400
2005-01-12,21.36590385437012,32.01499938964844,32.05500030517578,31.59499931335449,31.73500061035156,17020000
2005-01-13,21.422637939453125,32.099998474121094,32.5099983215332,31.979999542236328,32.165000915527344,8252000
2005-01-14,21.482704162597656,32.189998626708984,32.30500030517578,31.875,32.099998474121094,6466600
2005-01-18,21.52274513244629,32.25,32.79499816894531,32.150001525878906,32.625,8354000
2005-01-19,21.63953399658203,32.42499923706055,32.66999816894531,32.2400016784668,32.255001068115234,7097600
2005-01-20,21.529420852661133,32.2599983215332,32.6150016784668,31.875,32.040000915527344,8724600
2005-01-21,21.57280158996582,32.32500076293945,32.97999954223633,32.314998626708984,32.540000915527344,13477400
2005-01-24,21.95653533935547,32.900001525878906,33.220001220703125,32.595001220703125,32.599998474121094,15933200
2005-01-25,22.18345069885254,33.2400016784668,33.755001068115234,32.92499923706055,33.20000076293945,14764200
2005-01-26,22.33360290527344,33.46500015258789,33.599998474121094,33.095001220703125,33.25,11585800
2005-01-27,22.53046607971192,33.7599983215332,33.92499923706055,33.3650016784668,33.525001525878906,9123800
2005-01-28,22.373645782470703,33.525001525878906,33.70000076293945,33.09000015258789,33.6349983215332,8415400
2005-01-31,22.703989028930664,34.02000045776367,34.2400016784668,33.064998626708984,33.20000076293945,10706600
2005-02-01,22.80077171325684,34.165000915527344,34.415000915527344,33.779998779296875,34.02000045776367,7533600
2005-02-02,23.398067474365234,35.060001373291016,35.125,34.16999816894531,34.17499923706055,13925800
2005-02-03,23.48480796813965,35.189998626708984,35.290000915527344,34.53499984741211,34.974998474121094,9727800
2005-02-04,23.558225631713867,35.29999923706055,35.7400016784668,35.040000915527344,35.40999984741211,7210400
2005-02-07,23.264583587646484,34.86000061035156,35.40999984741211,34.459999084472656,35.29999923706055,8289200
2005-02-08,23.514856338500977,35.23500061035156,35.39500045776367,34.58000183105469,34.79999923706055,6448800
2005-02-09,23.46813201904297,35.165000915527344,35.80500030517578,34.95500183105469,35.23500061035156,10011200
2005-02-10,24.36574363708496,36.5099983215332,36.755001068115234,35.32500076293945,35.415000915527344,10760200
2005-02-11,24.505895614624023,36.720001220703125,37.08000183105469,36.53499984741211,36.619998931884766,9304200
2005-02-14,24.31569099426269,36.435001373291016,36.82500076293945,36.220001220703125,36.66999816894531,5936600
2005-02-15,24.232276916503903,36.310001373291016,36.744998931884766,35.95000076293945,36.32500076293945,7247000
2005-02-16,24.65605735778809,36.94499969482422,37.125,36.25,36.31499862670898,8144000
2005-02-17,24.152189254760746,36.18999862670898,37.21500015258789,36.18999862670898,37.11000061035156,8487600
2005-02-18,24.53591728210449,36.76499938964844,37.04999923706055,36.09999847412109,36.26499938964844,9585000
2005-02-22,24.25563621520996,36.345001220703125,37.03499984741211,36.334999084472656,36.97499847412109,7847800
2005-02-23,24.72278213500977,37.04499816894531,37.04499816894531,36.29999923706055,36.29999923706055,5907200
2005-02-24,24.993078231811523,37.45000076293945,37.46500015258789,36.54499816894531,37.25,8550800
2005-02-25,25.2199764251709,37.790000915527344,37.93999862670898,37.15999984741211,37.32500076293945,7303200
2005-02-28,25.246755599975582,37.72499847412109,38.060001373291016,35.72999954223633,37.59999847412109,14485600
2005-03-01,24.922182083129883,37.2400016784668,37.79499816894531,37.04999923706055,37.57500076293945,10356600
2005-03-02,25.36721420288086,37.90499877929688,37.9900016784668,37.025001525878906,37.025001525878906,13881400
2005-03-03,25.90595054626465,38.709999084472656,38.80500030517578,37.994998931884766,38.025001525878906,12681800
2005-03-04,26.100027084350582,39.0,39.15999984741211,38.415000915527344,38.67499923706055,11406800
2005-03-07,25.69514846801757,38.39500045776367,38.70000076293945,37.84999847412109,38.5,8523000
2005-03-08,25.43078994750977,38.0,38.709999084472656,37.79999923706055,38.25,8365600
2005-03-09,24.674558639526367,36.869998931884766,38.25,36.834999084472656,38.09999847412109,8986800
2005-03-10,24.473791122436523,36.56999969482422,36.775001525878906,35.974998474121094,36.744998931884766,13990000
2005-03-11,24.34329605102539,36.375,36.90499877929688,36.095001220703125,36.34999847412109,9355200
2005-03-14,24.41356658935547,36.47999954223633,36.56999969482422,35.6349983215332,36.375,9476400
2005-03-15,23.941761016845703,35.775001525878906,36.95000076293945,35.775001525878906,36.47999954223633,7530800
2005-03-16,24.192716598510746,36.150001525878906,36.43999862670898,35.525001525878906,35.650001525878906,8530400
2005-03-17,23.9517822265625,35.790000915527344,36.47499847412109,35.59000015258789,36.42499923706055,9180800
2005-03-18,24.02206802368164,35.89500045776367,36.244998931884766,35.66999816894531,35.790000915527344,11312800
2005-03-21,23.814599990844727,35.584999084472656,36.19499969482422,35.1349983215332,35.89500045776367,7098400
2005-03-22,23.93170547485352,35.7599983215332,36.67499923706055,35.7599983215332,35.86000061035156,10597800
2005-03-23,23.35617446899414,34.900001525878906,35.595001220703125,34.720001220703125,35.45000076293945,12586800
2005-03-24,23.433141708374023,35.01499938964844,35.435001373291016,34.900001525878906,35.07500076293945,5844800
2005-03-28,23.69079971313477,35.400001525878906,35.61000061035156,35.0,35.02000045776367,6819400
2005-03-29,22.921173095703125,34.25,35.744998931884766,34.25,35.400001525878906,9910600
2005-03-30,23.205596923828125,34.67499923706055,34.72999954223633,33.70500183105469,34.29999923706055,12143600
2005-03-31,23.58370780944824,35.2400016784668,35.6150016784668,35.04499816894531,35.099998474121094,9971800
2005-04-01,23.965177536010746,35.810001373291016,35.849998474121094,35.20000076293945,35.54999923706055,7097000
2005-04-04,23.925024032592773,35.75,36.47499847412109,35.290000915527344,36.09999847412109,9830200
2005-04-05,23.69413185119629,35.404998779296875,35.82500076293945,35.025001525878906,35.42499923706055,7936600
2005-04-06,24.132492065429688,36.060001373291016,36.15499877929688,35.349998474121094,35.599998474121094,8901800
2005-04-07,23.76439476013184,35.5099983215332,36.48500061035156,35.31999969482422,36.42499923706055,9693000
2005-04-08,23.396324157714844,34.959999084472656,35.73500061035156,34.93000030517578,35.51499938964844,6289800
2005-04-11,23.556941986083984,35.20000076293945,35.400001525878906,34.6150016784668,34.89500045776367,6842600
2005-04-12,23.272518157958984,34.775001525878906,35.25,34.400001525878906,35.125,7768800
2005-04-13,23.08848190307617,34.5,35.369998931884766,34.32500076293945,34.875,10335200
2005-04-14,23.08848190307617,34.5,35.0099983215332,34.29999923706055,34.70000076293945,9377000
2005-04-15,22.39248275756836,33.459999084472656,34.869998931884766,33.45000076293945,34.625,11606000
2005-04-18,22.51293182373047,33.63999938964844,33.974998474121094,33.45500183105469,33.525001525878906,8817400
2005-04-19,22.850914001464844,34.14500045776367,34.42499923706055,33.75,33.95000076293945,7074800
2005-04-20,22.62002754211425,33.79999923706055,34.625,33.76499938964844,34.42499923706055,8239600
2005-04-21,23.51009750366211,35.130001068115234,35.130001068115234,33.85499954223633,34.0,7584600
2005-04-22,23.730928421020508,35.459999084472656,35.810001373291016,34.814998626708984,35.130001068115234,9349800
2005-04-25,23.991947174072266,35.849998474121094,35.994998931884766,35.59000015258789,35.75,6564600
2005-04-26,23.42979431152344,35.0099983215332,36.0,35.0099983215332,35.849998474121094,9220800
2005-04-27,22.957977294921875,34.30500030517578,34.94499969482422,34.18000030517578,34.875,12011600
2005-04-28,22.891063690185547,34.20500183105469,34.40999984741211,33.76499938964844,34.310001373291016,10487200
2005-04-29,22.891063690185547,34.20500183105469,34.70000076293945,33.915000915527344,34.5,9139400
2005-05-02,23.31602096557617,34.84000015258789,34.875,34.09000015258789,34.20500183105469,7269200
2005-05-03,22.613327026367188,33.790000915527344,34.69499969482422,33.709999084472656,34.689998626708984,8176200
2005-05-04,22.91114044189453,34.23500061035156,34.27000045776367,33.38999938964844,33.974998474121094,13832600
2005-05-05,23.18887519836425,34.650001525878906,34.97999954223633,34.310001373291016,34.439998626708984,8532200
2005-05-06,23.121936798095703,34.54999923706055,35.209999084472656,34.54499816894531,34.915000915527344,5532800
2005-05-09,23.58036994934082,35.23500061035156,35.2400016784668,34.525001525878906,34.650001525878906,5776000
2005-05-10,23.06170654296875,34.459999084472656,35.20500183105469,34.45000076293945,35.040000915527344,7138600
2005-05-11,23.055015563964844,34.45000076293945,34.689998626708984,33.974998474121094,34.36000061035156,7001600
2005-05-12,21.9273624420166,32.76499938964844,34.380001068115234,32.6150016784668,34.375,15578400
2005-05-13,21.920669555664062,32.755001068115234,33.09000015258789,32.470001220703125,32.849998474121094,13568400
2005-05-16,21.80021858215332,32.57500076293945,32.994998931884766,32.310001373291016,32.75,17567200
2005-05-17,21.934059143066406,32.775001525878906,32.849998474121094,32.505001068115234,32.57500076293945,11959000
2005-05-18,21.89055633544922,32.709999084472656,33.275001525878906,32.47999954223633,33.040000915527344,11565800
2005-05-19,22.41925430297852,33.5,33.5,32.625,32.810001373291016,7117600
2005-05-20,22.07459259033203,32.98500061035156,33.81999969482422,32.98500061035156,33.42499923706055,7894000
2005-05-23,22.35233497619629,33.400001525878906,33.58000183105469,33.064998626708984,33.4900016784668,7004200
2005-05-24,22.37909698486328,33.439998626708984,33.69499969482422,33.28499984741211,33.5,6157200
2005-05-25,22.686941146850582,33.900001525878906,34.09000015258789,33.0099983215332,33.400001525878906,7862400
2005-05-26,22.700319290161133,33.91999816894531,34.09000015258789,33.625,34.09000015258789,6458600
2005-05-27,22.991443634033203,34.35499954223633,34.459999084472656,33.92499923706055,34.0,5355000
2005-05-31,22.87768173217773,34.185001373291016,34.42499923706055,33.75,34.35499954223633,5491200
2005-06-01,23.202247619628903,34.66999816894531,35.18000030517578,34.30500030517578,34.30500030517578,9343000
2005-06-02,23.39299201965332,34.95500183105469,35.2400016784668,34.5,34.904998779296875,6745000
2005-06-03,23.7978744506836,35.560001373291016,35.82500076293945,35.36000061035156,35.474998474121094,7767200
2005-06-06,23.78109359741211,35.43000030517578,35.744998931884766,35.0099983215332,35.650001525878906,5100000
2005-06-07,23.640146255493164,35.220001220703125,35.68000030517578,35.16999816894531,35.375,5340800
2005-06-08,23.83813667297364,35.51499938964844,35.94499969482422,34.95500183105469,34.974998474121094,8788800
2005-06-09,24.552976608276367,36.58000183105469,36.68000030517578,35.54999923706055,35.724998474121094,8066600
2005-06-10,24.583181381225582,36.625,36.84999847412109,36.20000076293945,36.57500076293945,6614200
2005-06-13,24.71743392944336,36.82500076293945,36.8650016784668,36.29499816894531,36.59999847412109,5211600
2005-06-14,24.75098991394043,36.875,37.125,36.665000915527344,36.875,5900400
2005-06-15,25.06646728515625,37.345001220703125,37.36000061035156,36.72999954223633,36.9900016784668,6748600
2005-06-16,25.39535903930664,37.834999084472656,37.834999084472656,37.42499923706055,37.5,7657600
2005-06-17,25.657133102416992,38.22499847412109,38.345001220703125,37.45000076293945,38.29999923706055,11781000
2005-06-20,25.65377616882324,38.220001220703125,38.459999084472656,37.98500061035156,38.22499847412109,8145800
2005-06-21,25.294677734375,37.685001373291016,38.22499847412109,37.630001068115234,38.220001220703125,7675400
2005-06-22,25.66048622131348,38.22999954223633,38.2400016784668,37.64500045776367,37.775001525878906,7885000
2005-06-23,25.60342788696289,38.14500045776367,38.9900016784668,37.97499847412109,38.2400016784668,8176800
2005-06-24,25.66048622131348,38.22999954223633,38.584999084472656,38.04999923706055,38.5,7714000
2005-06-27,26.23773002624512,39.09000015258789,39.22499847412109,38.525001525878906,38.52999877929688,10129200
2005-06-28,25.690692901611328,38.275001525878906,38.900001525878906,38.275001525878906,38.60499954223633,11815200
2005-06-29,25.751100540161133,38.3650016784668,38.67499923706055,37.90499877929688,38.20000076293945,8659800
2005-06-30,25.48596954345703,37.970001220703125,38.744998931884766,37.90999984741211,38.0,7330000
2005-07-01,25.710817337036133,38.30500030517578,38.375,37.869998931884766,38.025001525878906,5507600
2005-07-05,26.4525089263916,39.40999984741211,39.44499969482422,38.43000030517578,38.43000030517578,7329200
2005-07-06,26.079998016357425,38.85499954223633,39.75,38.70000076293945,39.5,6807200
2005-07-07,26.231016159057617,39.08000183105469,39.08000183105469,38.334999084472656,38.775001525878906,8297600
2005-07-08,25.99944877624512,38.73500061035156,39.54499816894531,38.57500076293945,39.0,6936400
2005-07-11,26.36860656738281,39.28499984741211,39.34999847412109,38.2599983215332,38.73500061035156,6305200
2005-07-12,26.48270606994629,39.45500183105469,39.6349983215332,39.04999923706055,39.34000015258789,6818400
2005-07-13,26.37532997131348,39.29499816894531,39.73500061035156,39.0,39.459999084472656,6236600
2005-07-14,25.606788635253903,38.150001525878906,39.5,37.68000030517578,39.29499816894531,15821200
2005-07-15,25.44234085083008,37.90499877929688,38.43000030517578,37.7599983215332,38.34999847412109,7061000
2005-07-18,25.44569206237793,37.90999984741211,38.16999816894531,37.42499923706055,37.8849983215332,6826600
2005-07-19,26.23773002624512,39.09000015258789,39.14500045776367,37.915000915527344,37.915000915527344,9082600
2005-07-20,26.328344345092773,39.22499847412109,39.44499969482422,38.709999084472656,39.0,8011800
2005-07-21,26.16388893127441,38.97999954223633,39.47499847412109,38.6150016784668,39.22499847412109,9973200
2005-07-22,27.613725662231445,41.13999938964844,41.19499969482422,39.84999847412109,39.97499847412109,17875400
2005-07-25,28.486299514770508,42.43999862670898,42.81999969482422,41.05500030517578,41.13999938964844,16069200
2005-07-26,28.570186614990234,42.56499862670898,42.869998931884766,41.93999862670898,41.95000076293945,10181800
2005-07-27,28.51650047302246,42.48500061035156,42.709999084472656,42.0,42.57500076293945,7760600
2005-07-28,28.42587661743164,42.34999847412109,42.75,41.95000076293945,42.650001525878906,8807200
2005-07-29,28.10370445251465,41.869998931884766,42.54499816894531,41.80500030517578,42.51499938964844,6487400
2005-08-01,28.43260765075684,42.36000061035156,42.75,42.07500076293945,42.07500076293945,7013600
2005-08-02,29.10382080078125,43.36000061035156,43.36000061035156,42.525001525878906,42.68999862670898,9214000
2005-08-03,29.11387634277344,43.375,43.6150016784668,43.095001220703125,43.6150016784668,8406000
2005-08-04,28.982994079589844,43.18000030517578,43.60499954223633,43.07500076293945,43.07500076293945,8493400
2005-08-05,28.788349151611328,42.88999938964844,43.5,42.540000915527344,43.29999923706055,7560400
2005-08-08,28.93937873840332,43.1150016784668,43.45000076293945,42.845001220703125,43.18999862670898,8722400
2005-08-09,28.8017692565918,42.90999984741211,43.20000076293945,42.75,43.1150016784668,4553600
2005-08-10,29.204498291015625,43.5099983215332,43.900001525878906,42.709999084472656,43.025001525878906,8278200
2005-08-11,29.274961471557617,43.6150016784668,43.900001525878906,43.20000076293945,43.650001525878906,7123200
2005-08-12,28.868879318237305,43.0099983215332,43.775001525878906,42.69499969482422,43.66999816894531,6142000
2005-08-15,28.583606719970703,42.584999084472656,43.10499954223633,42.3650016784668,43.01499938964844,5795600
2005-08-16,28.039941787719727,41.775001525878906,42.81999969482422,41.744998931884766,42.584999084472656,6836200
2005-08-17,27.432485580444336,40.869998931884766,42.07500076293945,40.7400016784668,41.82500076293945,10046800
2005-08-18,27.388856887817383,40.80500030517578,41.21500015258789,40.45000076293945,40.625,9417400
2005-08-19,27.69426918029785,41.2599983215332,41.46500015258789,40.90999984741211,41.32500076293945,6201800
2005-08-22,27.479469299316406,40.93999862670898,41.69499969482422,40.54499816894531,41.45000076293945,6214400
2005-08-23,27.570087432861328,41.07500076293945,41.35499954223633,40.43000030517578,41.20000076293945,7056800
2005-08-24,27.747949600219727,41.34000015258789,41.84999847412109,40.96500015258789,41.20000076293945,7527600
2005-08-25,27.62042999267578,41.150001525878906,41.25,40.720001220703125,41.22499847412109,6731200
2005-08-26,27.546600341796875,41.040000915527344,41.40499877929688,40.86000061035156,41.15999984741211,7778600
2005-08-29,27.86877822875977,41.52000045776367,42.025001525878906,41.290000915527344,41.72499847412109,11617200
2005-08-30,28.137264251708984,41.91999816894531,42.81499862670898,41.880001068115234,41.95000076293945,13650000
2005-08-31,28.93937873840332,43.1150016784668,43.630001068115234,42.01499938964844,42.125,13607000
2005-09-01,29.15078926086425,43.43000030517578,43.84000015258789,42.52999877929688,43.1150016784668,9641000
2005-09-02,28.20208740234375,41.915000915527344,43.33000183105469,41.915000915527344,43.33000183105469,8214000
2005-09-06,28.63271141052246,42.55500030517578,42.81499862670898,41.650001525878906,42.3650016784668,8709400
2005-09-07,28.34674453735352,42.130001068115234,42.64500045776367,41.869998931884766,42.560001373291016,6608800
2005-09-08,28.023786544799805,41.650001525878906,42.38999938964844,41.56499862670898,42.1349983215332,7147600
2005-09-09,28.66297721862793,42.59999847412109,42.72499847412109,41.81499862670898,41.95500183105469,7866800
2005-09-12,27.99013900756836,41.59999847412109,42.47999954223633,41.47999954223633,42.47499847412109,10950400
2005-09-13,27.66046524047852,41.11000061035156,41.88999938964844,41.09999847412109,41.625,7668800
2005-09-14,27.872392654418945,41.42499923706055,41.76499938964844,41.04999923706055,41.34999847412109,6744000
2005-09-15,27.912765502929688,41.48500061035156,41.845001220703125,40.70000076293945,41.525001525878906,8950000
2005-09-16,27.9766788482666,41.58000183105469,41.72499847412109,41.09999847412109,41.6150016784668,10028400
2005-09-19,28.72017478942871,42.685001373291016,43.060001373291016,41.93999862670898,42.0,9601200
2005-09-20,28.45103454589844,42.28499984741211,42.869998931884766,41.94499969482422,42.68999862670898,7525600
2005-09-21,28.42075538635254,42.2400016784668,42.75,41.92499923706055,42.75,8850000
2005-09-22,28.403940200805664,42.21500015258789,42.875,41.80500030517578,42.57500076293945,12510200
2005-09-23,27.906044006347656,41.47499847412109,42.25,41.29999923706055,42.21500015258789,8923400
2005-09-26,28.235736846923828,41.96500015258789,42.09999847412109,41.22499847412109,41.275001525878906,9331200
2005-09-27,28.356842041015625,42.14500045776367,42.14500045776367,41.43999862670898,41.84999847412109,7220200
2005-09-28,28.528438568115234,42.400001525878906,42.47499847412109,41.84999847412109,42.25,7659400
2005-09-29,28.67643547058105,42.619998931884766,42.65999984741211,41.97499847412109,42.41999816894531,6570600
2005-09-30,28.38711929321289,42.18999862670898,42.744998931884766,42.02000045776367,42.54999923706055,5928400
2005-10-03,28.067529678344727,41.71500015258789,42.650001525878906,41.619998931884766,42.19499969482422,7014800
2005-10-04,27.22311210632324,40.459999084472656,41.775001525878906,40.459999084472656,41.71500015258789,11669000
2005-10-05,26.40224266052246,39.2400016784668,40.560001373291016,39.09999847412109,40.459999084472656,15204200
2005-10-06,26.425785064697266,39.275001525878906,39.94499969482422,38.650001525878906,39.244998931884766,22043800
2005-10-07,26.86987495422364,39.935001373291016,40.04499816894531,39.61000061035156,39.900001525878906,15086200
2005-10-10,26.913599014282227,40.0,40.2599983215332,39.52999877929688,40.04999923706055,10013800
2005-10-11,27.213022232055664,40.44499969482422,41.07500076293945,40.34999847412109,40.375,7912000
2005-10-12,27.091896057128903,40.26499938964844,40.81999969482422,39.93999862670898,40.32500076293945,9735600
2005-10-13,26.674745559692383,39.64500045776367,40.095001220703125,38.65999984741211,40.0,12718000
2005-10-14,27.858945846557617,41.40499877929688,41.42499923706055,39.494998931884766,39.67499923706055,13960600
2005-10-17,27.68400955200196,41.14500045776367,41.935001373291016,41.1150016784668,41.72499847412109,10710000
2005-10-18,26.775665283203125,39.79499816894531,41.5099983215332,39.73500061035156,41.0,15813200
2005-10-19,27.593175888061523,41.0099983215332,41.04999923706055,38.959999084472656,39.900001525878906,15670400
2005-10-20,27.10873413085937,40.290000915527344,41.130001068115234,39.775001525878906,40.900001525878906,14949200
2005-10-21,26.916961669921875,40.005001068115234,40.3849983215332,39.30500030517578,39.75,22528000
2005-10-24,27.633544921875,41.06999969482422,41.23500061035156,39.89500045776367,40.005001068115234,9536600
2005-10-25,28.82109832763672,42.834999084472656,42.959999084472656,40.845001220703125,41.09999847412109,15583800
2005-10-26,29.319011688232425,43.57500076293945,44.51499938964844,42.63999938964844,42.8849983215332,21327800
2005-10-27,28.99603080749512,43.095001220703125,43.97499847412109,42.880001068115234,43.68000030517578,14208400
2005-10-28,30.0692195892334,44.68999862670898,44.93999862670898,42.79999923706055,43.220001220703125,15716200
2005-10-31,30.53685569763184,45.3849983215332,45.665000915527344,44.34999847412109,44.56499862670898,16035200
2005-11-01,30.580570220947266,45.45000076293945,45.6150016784668,44.90999984741211,45.3849983215332,14581000
2005-11-02,31.5360107421875,46.869998931884766,47.04499816894531,45.22499847412109,45.32500076293945,14621600
2005-11-03,31.8421630859375,47.32500076293945,47.90999984741211,46.89500045776367,46.89500045776367,15604600
2005-11-04,31.017927169799805,46.09999847412109,47.33000183105469,45.90999984741211,47.32500076293945,15251800
2005-11-07,31.23324012756348,46.41999816894531,46.744998931884766,45.810001373291016,46.025001525878906,12778800
2005-11-08,31.32070541381836,46.54999923706055,47.1150016784668,45.84999847412109,46.04999923706055,9494800
2005-11-09,31.290430068969727,46.505001068115234,47.470001220703125,46.09999847412109,46.54999923706055,14418200
2005-11-10,30.61422348022461,45.5,46.400001525878906,45.27999877929688,46.22499847412109,20310000
2005-11-11,30.96410369873047,46.02000045776367,46.29999923706055,45.08000183105469,45.38999938964844,9383600
2005-11-14,31.549467086791992,46.88999938964844,47.040000915527344,46.14500045776367,46.165000915527344,11322400
2005-11-15,31.28707504272461,46.5,48.01499938964844,46.3650016784668,46.88999938964844,15269600
2005-11-16,31.912805557250977,47.43000030517578,47.619998931884766,46.650001525878906,46.70000076293945,13121400
2005-11-17,32.003623962402344,47.56499862670898,47.80500030517578,46.869998931884766,47.69499969482422,11075400
2005-11-18,31.976726531982425,47.525001525878906,47.67499923706055,47.02000045776367,47.67499923706055,9736400
2005-11-21,32.370330810546875,48.11000061035156,48.1150016784668,47.39500045776367,47.59000015258789,10784200
2005-11-22,32.84468460083008,48.81499862670898,49.0,47.685001373291016,48.0,11407800
2005-11-23,32.71684265136719,48.625,49.27999877929688,47.5099983215332,48.25,10039400
2005-11-25,32.6428337097168,48.51499938964844,48.77999877929688,48.18999862670898,48.57500076293945,2285000
2005-11-28,31.5595645904541,46.90499877929688,48.275001525878906,46.90499877929688,48.125,9701000
2005-11-29,31.774864196777344,47.22499847412109,47.72499847412109,46.775001525878906,47.040000915527344,9612800
2005-11-30,32.20549392700195,47.8650016784668,48.47999954223633,47.18999862670898,47.22499847412109,8767200
2005-12-01,32.95233917236328,48.97499847412109,49.06999969482422,47.70000076293945,48.275001525878906,9872800
2005-12-02,33.30221939086914,49.494998931884766,49.78499984741211,48.775001525878906,49.17499923706055,9246200
2005-12-05,33.12016296386719,49.119998931884766,49.84999847412109,48.77999877929688,49.68999862670898,8141800
2005-12-06,33.116790771484375,49.1150016784668,49.7599983215332,48.67499923706055,48.8849983215332,8244800
2005-12-07,32.850460052490234,48.720001220703125,49.44499969482422,48.23500061035156,49.275001525878906,11295400
2005-12-08,33.93265914916992,50.32500076293945,50.435001373291016,49.0,49.125,10912800
2005-12-09,33.656219482421875,49.915000915527344,50.13999938964844,49.25,49.875,8736400
2005-12-12,33.88545608520508,50.255001068115234,50.375,49.53499984741211,50.125,6217400
2005-12-13,33.74723815917969,50.04999923706055,51.43000030517578,49.994998931884766,50.380001068115234,10129000
2005-12-14,34.68447494506836,51.43999862670898,51.4900016784668,49.95000076293945,50.05500030517578,11310000
2005-12-15,34.09784698486328,50.56999969482422,51.375,50.125,51.375,9263400
2005-12-16,33.686546325683594,49.959999084472656,50.84999847412109,49.900001525878906,50.82500076293945,9683200
2005-12-19,33.02238845825195,48.97499847412109,50.10499954223633,48.84000015258789,49.959999084472656,9982800
2005-12-20,33.43032455444336,49.58000183105469,49.98500061035156,48.97499847412109,48.97499847412109,6225400
2005-12-21,33.6966667175293,49.97499847412109,50.17499923706055,49.625,49.70500183105469,5927400
2005-12-22,33.5550537109375,49.76499938964844,50.28499984741211,49.44499969482422,50.25,5596800
2005-12-23,33.76409912109375,50.07500076293945,50.15999984741211,48.89500045776367,49.32500076293945,4756600
2005-12-27,32.73582458496094,48.54999923706055,49.6349983215332,47.915000915527344,49.5,8294000
2005-12-28,33.14712142944336,49.15999984741211,49.59999847412109,48.54999923706055,48.68000030517578,6328600
2005-12-29,32.66840744018555,48.45000076293945,49.46500015258789,48.39500045776367,49.060001373291016,6096200
2005-12-30,32.75269317626953,48.57500076293945,49.2400016784668,47.89500045776367,48.275001525878906,5194600
2006-01-03,34.846309661865234,51.68000030517578,51.68999862670898,49.20000076293945,49.42499923706055,12823400
2006-01-04,35.311546325683594,52.369998931884766,52.5,51.17499923706055,51.68000030517578,12854200
2006-01-05,35.12948226928711,52.09999847412109,52.619998931884766,51.470001220703125,52.375,14754400
2006-01-06,36.235294342041016,53.7400016784668,53.744998931884766,52.34999847412109,52.5,8610200
2006-01-09,35.736331939697266,53.0,53.93999862670898,52.72499847412109,53.64500045776367,8638400
2006-01-10,36.12741470336914,53.58000183105469,54.63999938964844,53.040000915527344,53.375,11065400
2006-01-11,36.15774917602539,53.625,54.09999847412109,52.36000061035156,53.58000183105469,10035400
2006-01-12,35.53742218017578,52.70500183105469,54.25,52.52999877929688,53.79999923706055,11623600
2006-01-13,36.16786193847656,53.63999938964844,53.900001525878906,52.625,52.709999084472656,8119600
2006-01-17,36.57916641235352,54.25,54.875,54.25,54.59999847412109,8847400
2006-01-18,36.78483581542969,54.55500030517578,54.70000076293945,53.77000045776367,54.70000076293945,10673400
2006-01-19,38.72671890258789,57.435001373291016,57.67499923706055,54.04999923706055,54.04999923706055,18956800
2006-01-20,41.21479415893555,61.125,61.23500061035156,58.55500030517578,58.67499923706055,33200200
2006-01-23,42.479042053222656,63.0,63.435001373291016,60.57500076293945,61.625,21525000
2006-01-24,41.66653060913086,61.79499816894531,62.630001068115234,61.59999847412109,62.630001068115234,18992800
2006-01-25,40.692230224609375,60.34999847412109,62.39500045776367,59.52000045776367,62.39500045776367,18524000
2006-01-26,41.919376373291016,62.16999816894531,62.244998931884766,59.06499862670898,60.125,14055800
2006-01-27,42.94091796875,63.685001373291016,63.915000915527344,62.04499816894531,62.95000076293945,16341600
2006-01-30,44.04671096801758,65.32499694824219,65.875,63.73500061035156,63.73500061035156,16296200
2006-01-31,42.96787643432617,63.72499847412109,65.00499725341797,63.55500030517578,65.00499725341797,15323200
2006-02-01,41.53841400146485,61.60499954223633,64.54000091552734,61.43000030517578,64.0,12691400
2006-02-02,41.17094421386719,61.060001373291016,62.41999816894531,60.005001068115234,61.625,14865800
2006-02-03,41.26872253417969,61.20500183105469,62.34999847412109,59.75,61.185001373291016,12577400
2006-02-06,42.04752349853516,62.36000061035156,63.09999847412109,61.28499984741211,62.220001220703125,11981600
2006-02-07,39.6133918762207,58.75,61.875,58.42499923706055,61.875,16325200
2006-02-08,40.193267822265625,59.61000061035156,60.0,57.880001068115234,59.09999847412109,17756400
2006-02-09,39.14815139770508,58.060001373291016,60.39500045776367,57.76499938964844,60.005001068115234,13823400
2006-02-10,40.22023010253906,59.650001525878906,60.005001068115234,56.875,58.15499877929688,18237400
2006-02-13,39.748233795166016,58.95000076293945,60.17499923706055,58.459999084472656,59.900001525878906,12781200
2006-02-14,38.72671890258789,57.435001373291016,58.650001525878906,57.42499923706055,57.70000076293945,18526400
2006-02-15,37.978275299072266,56.32500076293945,57.94499969482422,55.525001525878906,57.94499969482422,19058800
2006-02-16,38.44352722167969,57.01499938964844,58.334999084472656,56.880001068115234,57.0,18108200
2006-02-17,38.595245361328125,57.2400016784668,57.994998931884766,56.36000061035156,57.30500030517578,15123200
2006-02-21,39.95389175415039,59.255001068115234,59.4900016784668,57.9900016784668,57.9900016784668,13985800
2006-02-22,39.45156478881836,58.5099983215332,59.0,58.04499816894531,59.0,9212200
2006-02-23,39.41111755371094,58.45000076293945,59.15499877929688,56.54999923706055,56.54999923706055,10217200
2006-02-24,39.91344833374024,59.19499969482422,60.040000915527344,59.0,59.375,8976000
2006-02-27,38.98098373413086,57.68999862670898,59.06999969482422,57.584999084472656,58.97499847412109,8649400
2006-02-28,38.85260009765625,57.5,58.08000183105469,57.150001525878906,57.650001525878906,11207400
2006-03-01,39.886417388916016,59.02999877929688,59.02999877929688,57.810001373291016,58.07500076293945,9298600
2006-03-02,41.021583557128906,60.709999084472656,60.915000915527344,59.290000915527344,59.75,13458600
2006-03-03,41.2918701171875,61.11000061035156,61.625,60.29999923706055,60.459999084472656,8180400
2006-03-06,39.64316940307617,58.66999816894531,60.880001068115234,58.525001525878906,60.875,12622600
2006-03-07,38.80192565917969,57.42499923706055,58.54999923706055,57.09999847412109,58.5,14757000
2006-03-08,39.20733642578125,58.025001525878906,58.3849983215332,56.70000076293945,57.42499923706055,14293000
2006-03-09,38.76812362670898,57.375,58.650001525878906,57.19499969482422,58.40499877929688,10099800
2006-03-10,39.48439025878906,58.435001373291016,58.875,56.880001068115234,57.34999847412109,10094600
2006-03-13,39.55192947387695,58.53499984741211,58.90499877929688,57.900001525878906,58.72499847412109,11747000
2006-03-14,40.693878173828125,60.22499847412109,60.2599983215332,58.040000915527344,58.650001525878906,9847200
2006-03-15,40.72425842285156,60.27000045776367,60.48500061035156,59.29499816894531,60.0,9356000
2006-03-16,41.82565307617188,61.900001525878906,62.25,60.0,60.20000076293945,12132800
2006-03-17,41.63984298706055,61.625,62.400001525878906,61.209999084472656,61.5,12266000
2006-03-20,40.75130844116211,60.310001373291016,62.67499923706055,60.084999084472656,61.5099983215332,12864600
2006-03-21,40.78171157836914,60.35499954223633,61.48500061035156,59.70000076293945,60.0099983215332,11905800
2006-03-22,40.57562255859375,60.04999923706055,61.53499984741211,59.51499938964844,60.35499954223633,10579000
2006-03-23,41.562137603759766,61.5099983215332,61.79499816894531,60.220001220703125,60.255001068115234,10487400
2006-03-24,41.27836227416992,61.09000015258789,61.7599983215332,60.625,61.58000183105469,8368200
2006-03-27,41.53849411010742,61.47499847412109,61.77999877929688,60.435001373291016,61.09000015258789,8770000
2006-03-28,42.08918380737305,62.290000915527344,62.875,61.900001525878906,62.09999847412109,10740600
2006-03-29,42.83921432495117,63.400001525878906,63.43000030517578,62.275001525878906,62.400001525878906,10560400
2006-03-30,43.32233428955078,64.11499786376953,64.16999816894531,63.20000076293945,63.5,9577600
2006-03-31,42.76149368286133,63.28499984741211,63.720001220703125,62.47499847412109,63.625,10456000
2006-04-03,43.00812911987305,63.650001525878906,65.99500274658203,63.5,64.125,13558800
2006-04-04,44.12302780151367,65.30000305175781,65.34500122070312,63.32500076293945,63.375,11098400
2006-04-05,44.933868408203125,66.5,66.5,64.65499877929688,65.5,11308400
2006-04-06,44.79872894287109,66.30000305175781,66.94499969482422,65.44000244140625,66.5999984741211,12400600
2006-04-07,43.59938049316406,64.5250015258789,66.5,64.28500366210938,66.25,12555400
2006-04-10,43.69060134887695,64.66000366210938,66.0,64.0999984741211,65.69000244140625,8714000
2006-04-11,42.3662223815918,62.70000076293945,65.11000061035156,62.43999862670898,65.0999984741211,10331000
2006-04-12,41.69728469848633,61.709999084472656,63.0,61.560001373291016,62.95000076293945,8215100
2006-04-13,41.92701721191406,62.04999923706055,62.18999862670898,60.400001525878906,61.04999923706055,8229400
2006-04-17,42.29865646362305,62.59999847412109,63.22999954223633,62.34999847412109,62.880001068115234,6708000
2006-04-18,43.568973541259766,64.4800033569336,64.66000366210938,63.11000061035156,63.20000076293945,10659000
2006-04-19,45.77848434448242,67.75,67.75,64.30999755859375,64.4800033569336,11893200
2006-04-20,45.99470520019531,68.06999969482422,68.76000213623047,66.29000091552734,68.30000305175781,16796300
2006-04-21,46.2920150756836,68.51000213623047,69.4000015258789,67.45999908447266,69.4000015258789,11307700
2006-04-24,46.40012741088867,68.66999816894531,68.83999633789062,67.69999694824219,68.6500015258789,8310100
2006-04-25,46.45420455932617,68.75,69.98999786376953,67.12999725341797,69.23999786376953,10425500
2006-04-26,46.33256912231445,68.56999969482422,70.6500015258789,68.33000183105469,69.0,11439300
2006-04-27,45.77848434448242,67.75,69.66999816894531,66.06999969482422,67.75,10362100
2006-04-28,46.71770477294922,69.13999938964844,70.0,68.41999816894531,68.4800033569336,7240600
2006-05-01,48.07586288452149,71.1500015258789,71.63999938964844,69.3499984741211,69.6500015258789,8390500
2006-05-02,49.5759162902832,73.37000274658203,73.45999908447266,71.1500015258789,72.02999877929688,8122800
2006-05-03,49.08940124511719,72.6500015258789,73.19999694824219,71.66999816894531,73.19999694824219,9413800
2006-05-04,48.35290145874024,71.55999755859375,72.58999633789062,69.25,71.5,10350400
2006-05-05,48.28532791137695,71.45999908447266,72.41999816894531,70.83000183105469,72.19999694824219,7562600
2006-05-08,47.96100616455078,70.9800033569336,71.2300033569336,69.73999786376953,70.9000015258789,6095600
2006-05-09,48.50153732299805,71.77999877929688,72.31999969482422,70.80000305175781,71.0999984741211,5419900
2006-05-10,49.36643981933594,73.05999755859375,73.05999755859375,71.33000183105469,71.6500015258789,7363500
2006-05-11,48.31910705566406,71.51000213623047,74.75,71.25,74.0,8240200
2006-05-12,46.521751403808594,68.8499984741211,71.31999969482422,68.69999694824219,70.9800033569336,9011500
2006-05-15,45.2717170715332,67.0,68.69000244140625,66.05000305175781,67.02999877929688,10472100
2006-05-16,45.25822067260742,66.9800033569336,67.88999938964844,65.8499984741211,67.8499984741211,8830800
2006-05-17,44.5487174987793,65.93000030517578,67.36000061035156,65.0199966430664,66.25,9592000
2006-05-18,43.5149040222168,64.4000015258789,66.5,64.4000015258789,66.02999877929688,10686800
2006-05-19,43.650047302246094,64.5999984741211,65.3499984741211,62.52999877929688,64.38999938964844,14276400
2006-05-22,42.89326858520508,63.47999954223633,64.20999908447266,61.5,63.119998931884766,13175100
2006-05-23,43.156776428222656,63.869998931884766,66.23999786376953,63.84000015258789,64.44999694824219,11768800
2006-05-24,42.7108268737793,63.209999084472656,64.79000091552734,61.84999847412109,63.09999847412109,13045800
2006-05-25,44.096004486083984,65.26000213623047,65.55000305175781,63.470001220703125,64.25,9545600
2006-05-26,44.10276412963867,65.2699966430664,65.5199966430664,64.41999816894531,64.75,6324700
2006-05-30,43.325714111328125,64.12000274658203,66.13999938964844,64.12000274658203,66.0999984741211,8234900
2006-05-31,44.30546951293945,65.56999969482422,65.56999969482422,63.54999923706055,64.11000061035156,9757900
2006-06-01,44.05546569824219,65.19999694824219,65.55000305175781,63.75,64.94999694824219,8289800
2006-06-02,44.7176399230957,66.18000030517578,66.54000091552734,64.98999786376953,65.8499984741211,7621100
2006-06-05,42.83226776123047,63.27000045776367,66.75,63.2400016784668,66.75,9900600
2006-06-06,43.29939270019531,63.959999084472656,65.0199966430664,62.790000915527344,63.27000045776367,9607700
2006-06-07,40.96381378173828,60.5099983215332,63.400001525878906,60.459999084472656,63.150001525878906,11481500
2006-06-08,40.76749038696289,60.220001220703125,60.25,57.4900016784668,59.20000076293945,19744800
2006-06-09,40.09052276611328,59.220001220703125,60.7400016784668,58.52999877929688,60.5099983215332,11717900
2006-06-12,38.303314208984375,56.58000183105469,59.75,56.52999877929688,59.75,9907300
2006-06-13,36.942569732666016,54.56999969482422,57.720001220703125,54.0,55.79999923706055,16097400
2006-06-14,38.12051010131836,56.310001373291016,56.369998931884766,54.75,54.75,12374300
2006-06-15,39.96187973022461,59.02999877929688,59.400001525878906,56.59999847412109,56.970001220703125,13384600
2006-06-16,39.43385696411133,58.25,58.95000076293945,57.400001525878906,58.72999954223633,10476400
2006-06-19,37.84971618652344,55.90999984741211,58.11000061035156,55.77999877929688,58.09999847412109,9622700
2006-06-20,36.90195083618164,54.5099983215332,56.95000076293945,54.43999862670898,56.400001525878906,9771600
2006-06-21,37.84295272827149,55.900001525878906,56.54999923706055,54.5099983215332,54.709999084472656,14418900
2006-06-22,38.72980117797852,57.209999084472656,57.77999877929688,55.79999923706055,55.88999938964844,14463800
2006-06-23,39.87388229370117,58.900001525878906,59.77999877929688,57.81999969482422,58.29999923706055,11364200
2006-06-26,40.4966926574707,59.81999969482422,59.900001525878906,58.2599983215332,59.150001525878906,6642400
2006-06-27,40.381614685058594,59.650001525878906,61.06999969482422,59.27999877929688,60.0,9245900
2006-06-28,41.07890319824219,60.68000030517578,60.70000076293945,59.33000183105469,59.7599983215332,8564800
2006-06-29,43.40770721435547,64.12000274658203,64.19000244140625,61.33000183105469,61.59000015258789,10052800
2006-06-30,44.077903747558594,65.11000061035156,65.58999633789062,63.9900016784668,64.41999816894531,7720000
2006-07-03,44.240379333496094,65.3499984741211,65.41000366210938,64.72000122070312,64.9000015258789,3716900
2006-07-05,43.91543197631836,64.87000274658203,65.30000305175781,63.27000045776367,65.30000305175781,7484900
2006-07-06,43.326454162597656,64.0,65.98999786376953,63.70000076293945,64.87999725341797,7241400
2006-07-07,42.480247497558594,62.75,65.29000091552734,62.52999877929688,64.5,6736600
2006-07-10,42.98798370361328,63.5,64.63999938964844,62.84999847412109,63.400001525878906,6086000
2006-07-11,45.23553466796875,66.81999969482422,66.94000244140625,63.790000915527344,63.790000915527344,8813900
2006-07-12,45.38445663452149,67.04000091552734,67.75,66.25,66.81999969482422,9762400
2006-07-13,44.83610153198242,66.2300033569336,67.69999694824219,66.19999694824219,67.1500015258789,9142300
2006-07-14,46.08176040649414,68.06999969482422,68.12000274658203,65.27999877929688,67.05000305175781,8858700
2006-07-17,43.17753219604492,63.77999877929688,67.44000244140625,63.470001220703125,67.41999816894531,12011900
2006-07-18,42.41255187988281,62.650001525878906,65.1500015258789,61.56999969482422,64.48999786376953,13449700
2006-07-19,43.48894500732422,64.23999786376953,64.66000366210938,62.43000030517578,62.900001525878906,9386600
2006-07-20,41.74232864379883,61.65999984741211,64.87999725341797,61.34999847412109,64.75,10514500
2006-07-21,41.60017776489258,61.45000076293945,63.25,60.119998931884766,63.15999984741211,19892700
2006-07-24,43.64463806152344,64.47000122070312,64.4800033569336,61.43999862670898,61.75,11433400
2006-07-25,44.5517692565918,65.80999755859375,65.98999786376953,64.2300033569336,64.98999786376953,9214700
2006-07-26,45.20845413208008,66.77999877929688,67.11000061035156,64.33000183105469,65.44999694824219,10320600
2006-07-27,45.15428924560547,66.69999694824219,68.4000015258789,65.56999969482422,67.4800033569336,9163600
2006-07-28,44.17267608642578,65.25,67.0,64.30000305175781,66.70999908447266,7723100
2006-07-31,45.25583267211914,66.8499984741211,67.6500015258789,65.41999816894531,65.41999816894531,7712700
2006-08-01,45.23553466796875,66.81999969482422,67.77999877929688,65.5,66.75,5970300
2006-08-02,45.55369186401367,67.29000091552734,68.55000305175781,66.05999755859375,67.44000244140625,10112800
2006-08-03,45.51307678222656,67.2300033569336,67.79000091552734,65.91999816894531,66.48999786376953,7013100
2006-08-04,44.10498428344727,65.1500015258789,67.94999694824219,64.86000061035156,67.43000030517578,7947200
2006-08-07,44.84288024902344,66.23999786376953,66.75,64.44999694824219,65.80000305175781,8270500
2006-08-08,44.05082321166992,65.06999969482422,67.05000305175781,64.7699966430664,66.25,5914900
2006-08-09,43.75294876098633,64.62999725341797,66.0,64.3499984741211,65.5999984741211,8002400
2006-08-10,43.543094635009766,64.31999969482422,64.76000213623047,63.34999847412109,64.55000305175781,6558500
2006-08-11,43.29939270019531,63.959999084472656,64.98999786376953,63.34000015258789,64.19999694824219,5298800
2006-08-14,42.43284606933594,62.68000030517578,63.970001220703125,62.209999084472656,63.5,5686400
2006-08-15,43.028594970703125,63.560001373291016,63.77999877929688,62.41999816894531,63.0099983215332,5434000
2006-08-16,42.94057083129883,63.43000030517578,64.95999908447266,62.77999877929688,63.5,7196500
2006-08-17,42.182373046875,62.310001373291016,63.310001373291016,61.68000030517578,62.54999923706055,6380900
2006-08-18,43.326454162597656,64.0,64.02999877929688,62.0,62.400001525878906,7059100
2006-08-21,44.03727722167969,65.05000305175781,65.0999984741211,64.41000366210938,64.5,5082400
2006-08-22,44.49762725830078,65.7300033569336,65.83999633789062,65.0999984741211,65.5,6102400
2006-08-23,43.52279281616211,64.29000091552734,65.6500015258789,63.9900016784668,65.30000305175781,5573000
2006-08-24,43.22492218017578,63.84999847412109,64.44000244140625,63.29999923706055,64.25,5386500
2006-08-25,43.63109588623047,64.44999694824219,65.4000015258789,64.16999816894531,64.37000274658203,4167200
2006-08-28,42.4464111328125,62.70000076293945,64.12999725341797,62.59999847412109,64.12000274658203,4356300
2006-08-29,42.94057083129883,63.43000030517578,63.459999084472656,62.02999877929688,62.209999084472656,5948700
2006-08-30,42.019901275634766,62.06999969482422,63.45000076293945,61.79999923706055,63.43000030517578,7296800
2006-08-31,41.498626708984375,61.29999923706055,62.77000045776367,61.22999954223633,61.5,6858400
2006-09-01,41.94973373413086,61.84000015258789,62.0,60.86000061035156,61.70000076293945,6061500
2006-09-05,42.26177597045898,62.29999923706055,62.77000045776367,61.20000076293945,61.20000076293945,8317700
2006-09-06,39.96215057373047,58.90999984741211,61.9900016784668,58.79999923706055,61.619998931884766,9138700
2006-09-07,39.68402862548828,58.5,59.130001068115234,57.81999969482422,58.84000015258789,11326100
2006-09-08,39.310916900634766,57.95000076293945,60.5099983215332,57.84999847412109,59.79999923706055,11054300
2006-09-11,37.513275146484375,55.29999923706055,57.369998931884766,55.0,57.29999923706055,15782500
2006-09-12,37.12661361694336,54.72999954223633,56.08000183105469,54.22999954223633,55.13999938964844,13805200
2006-09-13,38.35442733764648,56.540000915527344,57.25,55.43000030517578,55.70000076293945,11541200
2006-09-14,37.37759399414063,55.09999847412109,57.25,54.91999816894531,56.709999084472656,11759900
2006-09-15,38.17805480957031,56.27999877929688,56.630001068115234,54.72999954223633,55.150001525878906,12520600
2006-09-18,39.91465759277344,58.84000015258789,58.880001068115234,56.970001220703125,57.45000076293945,12945700
2006-09-19,39.19562149047852,57.77999877929688,59.400001525878906,56.95000076293945,59.09999847412109,10779000
2006-09-20,38.04917907714844,56.09000015258789,58.560001373291016,56.06999969482422,57.5,12668700
2006-09-21,39.00566101074219,57.5,58.09999847412109,56.4900016784668,56.4900016784668,11660000
2006-09-22,38.73430252075195,57.09999847412109,57.97999954223633,56.56999969482422,57.77999877929688,11163800
2006-09-25,38.693626403808594,57.040000915527344,57.91999816894531,55.68999862670898,57.09999847412109,15860900
2006-09-26,39.446590423583984,58.150001525878906,58.619998931884766,56.95000076293945,57.04999923706055,12996400
2006-09-27,41.07464599609375,60.54999923706055,60.72999954223633,58.86000061035156,59.25,14885000
2006-09-28,41.20352935791016,60.7400016784668,62.130001068115234,60.33000183105469,60.900001525878906,14592500
2006-09-29,42.07862091064453,62.02999877929688,62.02999877929688,60.20000076293945,60.56999969482422,9180200
2006-10-02,41.31887435913086,60.90999984741211,62.2599983215332,60.810001373291016,62.02999877929688,9015700
2006-10-03,39.57547378540039,58.34000015258789,60.02999877929688,57.84000015258789,60.02999877929688,15515000
2006-10-04,40.091041564941406,59.09999847412109,59.20000076293945,56.84999847412109,58.709999084472656,15980800
2006-10-05,40.63372802734375,59.900001525878906,60.709999084472656,58.77999877929688,59.84999847412109,14338500
2006-10-06,40.430213928222656,59.59999847412109,60.0099983215332,58.400001525878906,59.75,8803500
2006-10-09,39.5958251953125,58.369998931884766,60.70000076293945,58.27999877929688,60.09999847412109,9117500
2006-10-10,40.19278335571289,59.25,60.13999938964844,58.16999816894531,58.18000030517578,11042900
2006-10-11,38.97853469848633,57.459999084472656,59.310001373291016,57.34000015258789,59.25,11823100
2006-10-12,39.22950744628906,57.83000183105469,58.34999847412109,57.22999954223633,57.880001068115234,10583400
2006-10-13,39.88072967529297,58.790000915527344,59.61000061035156,58.34000015258789,58.47999954223633,12214100
2006-10-16,41.16283416748047,60.68000030517578,60.790000915527344,58.45000076293945,59.0,11673900
2006-10-17,41.5291633605957,61.220001220703125,61.220001220703125,59.0,59.470001220703125,10788700
2006-10-18,40.810089111328125,60.15999984741211,61.619998931884766,59.61000061035156,60.79999923706055,10386200
2006-10-19,42.53313827514648,62.70000076293945,62.70000076293945,59.93999862670898,60.2599983215332,13304800
2006-10-20,40.76938247680664,60.09999847412109,63.310001373291016,60.02999877929688,63.310001373291016,15213700
2006-10-23,41.26460266113281,60.83000183105469,61.560001373291016,59.5099983215332,60.0,10562400
2006-10-24,42.29571914672852,62.34999847412109,62.470001220703125,60.56999969482422,60.84000015258789,12171700
2006-10-25,43.34037780761719,63.88999938964844,64.68000030517578,61.79999923706055,62.34999847412109,14438600
2006-10-26,43.48960113525391,64.11000061035156,64.62000274658203,63.7400016784668,64.08999633789062,11007500
2006-10-27,42.60775375366211,62.810001373291016,64.31999969482422,62.400001525878906,63.5,8796500
2006-10-30,41.79372024536133,61.61000061035156,62.68000030517578,61.5,62.0,6967700
2006-10-31,42.79091262817383,63.08000183105469,63.150001525878906,61.33000183105469,61.619998931884766,9210600
2006-11-01,42.44495391845703,62.56999969482422,63.47999954223633,61.63999938964844,63.0099983215332,9009400
2006-11-02,42.02434921264648,61.95000076293945,62.52999877929688,61.22999954223633,62.369998931884766,9432700
2006-11-03,43.075809478759766,63.5,63.81999969482422,61.2400016784668,62.20000076293945,7593700
2006-11-06,43.65242385864258,64.3499984741211,64.41000366210938,62.81999969482422,63.0,9406000
2006-11-07,43.421783447265625,64.01000213623047,64.5,63.25,64.30000305175781,7744300
2006-11-08,44.28329086303711,65.27999877929688,65.30000305175781,63.4900016784668,63.84999847412109,9555800
2006-11-09,44.07300567626953,64.97000122070312,66.23999786376953,64.66000366210938,65.62000274658203,11862000
2006-11-10,42.94013977050781,63.29999923706055,64.7300033569336,62.880001068115234,64.72000122070312,7506000
2006-11-13,42.872314453125,63.20000076293945,63.79999923706055,62.7599983215332,63.29999923706055,6677700
2006-11-14,43.60493850708008,64.27999877929688,64.33999633789062,63.119998931884766,63.79999923706055,7132200
2006-11-15,44.39861679077149,65.44999694824219,66.0,63.959999084472656,64.27999877929688,8810200
2006-11-16,42.49920654296875,62.650001525878906,66.12000274658203,62.619998931884766,65.51000213623047,10723400
2006-11-17,42.953712463378906,63.31999969482422,64.0199966430664,61.72999954223633,62.04999923706055,10021600
2006-11-20,42.90624237060547,63.25,63.66999816894531,62.15999984741211,62.900001525878906,6606900
2006-11-21,44.50716018676758,65.61000061035156,65.7699966430664,63.40999984741211,63.40999984741211,8626000
2006-11-22,44.2154541015625,65.18000030517578,65.70999908447266,64.06999969482422,65.22000122070312,6781200
2006-11-24,44.33757019042969,65.36000061035156,65.91000366210938,65.0999984741211,65.33000183105469,2217700
2006-11-27,43.84235382080078,64.62999725341797,66.02999877929688,64.4000015258789,65.5199966430664,6307200
2006-11-28,44.54785537719727,65.66999816894531,66.20999908447266,64.9000015258789,64.9000015258789,7196700
2006-11-29,46.1487922668457,68.02999877929688,68.20999908447266,65.5999984741211,65.9000015258789,12307400
2006-11-30,46.45404052734375,68.4800033569336,69.30000305175781,67.29000091552734,68.0,12492000
2006-12-01,46.35907745361328,68.33999633789062,69.18000030517578,67.7300033569336,68.13999938964844,10707500
2006-12-04,46.83819580078125,68.91999816894531,69.0,67.45999908447266,68.0,9188600
2006-12-05,45.7440299987793,67.30999755859375,69.0,67.12000274658203,68.6500015258789,9731600
2006-12-06,45.60810470581055,67.11000061035156,67.86000061035156,66.83000183105469,67.13999938964844,8285300
2006-12-07,45.349853515625,66.7300033569336,67.69999694824219,66.43000030517578,67.11000061035156,7133600
2006-12-08,45.20713424682617,66.5199966430664,67.87000274658203,66.13999938964844,67.3499984741211,5398100
2006-12-11,44.785789489746094,65.9000015258789,67.05999755859375,65.75,66.38999938964844,5630000
2006-12-12,44.8741340637207,66.02999877929688,66.8499984741211,65.58999633789062,66.8499984741211,7032800
2006-12-13,45.78480911254883,67.37000274658203,67.75,66.16999816894531,66.5,8531600
2006-12-14,46.702266693115234,68.72000122070312,69.05999755859375,67.44000244140625,67.87999725341797,9796300
2006-12-15,45.90713119506836,67.55000305175781,69.05000305175781,67.44999694824219,68.08000183105469,7612100
2006-12-18,44.22171401977539,65.06999969482422,67.27999877929688,64.9000015258789,66.97000122070312,8903100
2006-12-19,44.69742965698242,65.7699966430664,66.05999755859375,63.88999938964844,64.93000030517578,9155200
2006-12-20,44.07221603393555,64.8499984741211,66.16999816894531,64.83999633789062,65.7699966430664,6829900
2006-12-21,43.40618515014648,63.869998931884766,65.13999938964844,63.33000183105469,64.86000061035156,8612100
2006-12-22,42.74017333984375,62.88999938964844,64.12999725341797,62.810001373291016,64.12000274658203,5892600
2006-12-26,42.34603500366211,62.310001373291016,63.43999862670898,61.68000030517578,62.88999938964844,4595700
2006-12-27,43.4197883605957,63.88999938964844,64.01000213623047,62.36000061035156,62.43999862670898,7306100
2006-12-28,43.24309539794922,63.630001068115234,64.25,63.130001068115234,64.2300033569336,4297200
2006-12-29,42.92368316650391,63.15999984741211,63.52999877929688,62.5099983215332,63.09999847412109,5725200
2007-01-03,41.33340835571289,60.81999969482422,63.02000045776367,60.060001373291016,63.0099983215332,13473900
2007-01-04,40.300411224365234,59.29999923706055,60.68000030517578,59.25,60.59000015258789,13932800
2007-01-05,40.232452392578125,59.20000076293945,60.06999969482422,59.09999847412109,59.79999923706055,10295500
2007-01-08,39.87227249145508,58.66999816894531,60.20000076293945,58.58000183105469,60.02999877929688,11255600
2007-01-09,39.54605865478516,58.18999862670898,58.650001525878906,57.02999877929688,57.77000045776367,16272000
2007-01-10,38.75771331787109,57.02999877929688,58.900001525878906,55.68000030517578,57.93000030517578,13254500
2007-01-11,38.41113662719727,56.52000045776367,58.65999984741211,56.310001373291016,57.29999923706055,14208800
2007-01-12,39.34218215942383,57.88999938964844,58.04999923706055,57.0099983215332,57.2400016784668,15343200
2007-01-16,39.27421951293945,57.790000915527344,58.20000076293945,57.150001525878906,57.400001525878906,12805900
2007-01-17,39.74313735961914,58.47999954223633,58.90999984741211,58.0,58.0,14842900
2007-01-18,39.34897613525391,57.900001525878906,59.380001068115234,57.40999984741211,58.900001525878906,13552800
2007-01-19,41.45573806762695,61.0,61.11000061035156,58.84000015258789,59.45000076293945,18668500
2007-01-22,41.45573806762695,61.0,62.88999938964844,60.68999862670898,61.59999847412109,15783100
2007-01-23,43.23629760742188,63.619998931884766,63.91999816894531,62.459999084472656,62.54999923706055,13556200
2007-01-24,43.5013427734375,64.01000213623047,64.37000274658203,62.27999877929688,63.5,10901500
2007-01-25,42.55670166015625,62.619998931884766,63.900001525878906,62.470001220703125,63.79999923706055,8387200
2007-01-26,42.57707595825195,62.650001525878906,63.4900016784668,62.2599983215332,62.95000076293945,7423100
2007-01-29,42.14894104003906,62.02000045776367,63.220001220703125,61.79999923706055,62.70000076293945,7297600
2007-01-30,43.127559661865234,63.459999084472656,63.70000076293945,62.18000030517578,62.40999984741211,9442700
2007-01-31,43.14794921875,63.4900016784668,63.77000045776367,62.66999816894531,63.11000061035156,12777800
2007-02-01,43.75958633422852,64.38999938964844,64.5,63.22999954223633,63.59999847412109,11514400
2007-02-02,44.255706787109375,65.12000274658203,65.5999984741211,63.95000076293945,64.66999816894531,8848600
2007-02-05,44.255706787109375,65.12000274658203,65.70999908447266,64.76000213623047,65.5,6071800
2007-02-06,44.08580780029297,64.87000274658203,65.77999877929688,64.30999755859375,65.75,9343600
2007-02-07,43.80035781860352,64.44999694824219,65.79000091552734,63.900001525878906,65.05000305175781,6593900
2007-02-08,44.1401596069336,64.94999694824219,65.22000122070312,63.790000915527344,64.86000061035156,6947900
2007-02-09,43.80714416503906,64.45999908447266,65.33000183105469,64.22000122070312,64.9000015258789,7720300
2007-02-12,43.22270965576172,63.59999847412109,63.869998931884766,63.209999084472656,63.869998931884766,9093800
2007-02-13,43.90230178833008,64.5999984741211,64.66999816894531,63.86000061035156,63.86000061035156,6641400
2007-02-14,43.943092346191406,64.66000366210938,65.33000183105469,64.1500015258789,64.68000030517578,7184000
2007-02-15,43.35184097290039,63.790000915527344,64.44000244140625,63.54999923706055,64.30999755859375,9088300
2007-02-16,43.1576042175293,63.33000183105469,63.93999862670898,63.119998931884766,63.790000915527344,7350900
2007-02-20,42.482948303222656,62.34000015258789,62.65999984741211,61.79999923706055,62.650001525878906,9200900
2007-02-21,43.30752944946289,63.54999923706055,63.56999969482422,62.150001525878906,62.15999984741211,8198500
2007-02-22,44.27522659301758,64.97000122070312,65.18000030517578,63.04999923706055,63.369998931884766,10270200
2007-02-23,44.00946807861328,64.58000183105469,65.75,64.58000183105469,65.30999755859375,7536400
2007-02-26,44.43196105957031,65.19999694824219,65.69999694824219,64.5,64.98999786376953,7092300
2007-02-27,42.796424865722656,62.79999923706055,64.44999694824219,61.93000030517578,64.13999938964844,12576100
2007-02-28,42.796424865722656,62.79999923706055,63.459999084472656,62.310001373291016,62.79999923706055,11163300
2007-03-01,43.21894073486328,63.41999816894531,64.0,61.810001373291016,62.0,11055500
2007-03-02,42.42161560058594,62.25,63.59999847412109,61.970001220703125,63.18999862670898,9234400
2007-03-05,42.0263786315918,61.66999816894531,62.54999923706055,61.0,61.59000015258789,10379200
2007-03-06,43.1235466003418,63.27999877929688,63.540000915527344,62.310001373291016,62.400001525878906,8057900
2007-03-07,44.33655548095703,65.05999755859375,66.0,63.02000045776367,63.15999984741211,11143900
2007-03-08,44.75907516479492,65.68000030517578,66.0,64.91999816894531,65.5,8212900
2007-03-09,44.36381149291992,65.0999984741211,65.87000274658203,64.6500015258789,65.80000305175781,8591100
2007-03-12,44.29566192626953,65.0,65.30000305175781,64.19999694824219,64.80999755859375,5505200
2007-03-13,43.689151763916016,64.11000061035156,65.7300033569336,63.720001220703125,65.01000213623047,8565700
2007-03-14,44.24796295166016,64.93000030517578,65.19999694824219,63.619998931884766,64.26000213623047,12327800
2007-03-15,43.88679122924805,64.4000015258789,65.1500015258789,64.0199966430664,64.93000030517578,7776200
2007-03-16,43.94131088256836,64.4800033569336,65.05000305175781,64.05999755859375,64.41000366210938,9474100
2007-03-19,45.14068603515625,66.23999786376953,66.55000305175781,65.16999816894531,65.16999816894531,8081400
2007-03-20,44.84083557128906,65.80000305175781,66.69999694824219,64.77999877929688,66.1500015258789,12354700
2007-03-21,46.28557205200195,67.91999816894531,68.5,65.9000015258789,66.0999984741211,10651400
2007-03-22,47.01473236083984,68.98999786376953,69.70999908447266,68.0,68.05999755859375,12763900
2007-03-23,47.08969879150391,69.0999984741211,69.69000244140625,68.2699966430664,69.3499984741211,6924900
2007-03-26,47.41682052612305,69.58000183105469,69.6500015258789,68.61000061035156,69.25,10039800
2007-03-27,47.60763168334961,69.86000061035156,70.0999984741211,68.48999786376953,68.91999816894531,8643800
2007-03-28,47.23962020874024,69.31999969482422,70.5,69.31999969482422,70.25,10932800
2007-03-29,48.15961456298828,70.66999816894531,71.16999816894531,69.23999786376953,69.5,7943700
2007-03-30,47.08969879150391,69.0999984741211,70.2699966430664,69.0,69.91999816894531,8111200
2007-04-02,48.2618293762207,70.81999969482422,70.91000366210938,68.25,69.0999984741211,10567000
2007-04-03,48.35041427612305,70.94999694824219,71.19999694824219,70.06999969482422,70.55999755859375,6226700
2007-04-04,48.65026473999024,71.38999938964844,71.52999877929688,70.01000213623047,70.23999786376953,6502100
2007-04-05,48.95695495605469,71.83999633789062,72.37000274658203,71.0,71.22000122070312,7056200
2007-04-09,48.77291870117188,71.56999969482422,72.63999938964844,71.44000244140625,72.0,6288800
2007-04-10,49.83604431152344,73.12999725341797,73.19000244140625,71.58999633789062,71.63999938964844,8286000
2007-04-11,49.740604400634766,72.98999786376953,73.9800033569336,72.52999877929688,72.5999984741211,9657000
2007-04-12,51.32165145874024,75.30999755859375,75.37000274658203,72.37000274658203,73.05000305175781,9372500
2007-04-13,51.7918586730957,76.0,76.26000213623047,74.7699966430664,75.19999694824219,8476400
2007-04-16,52.86176681518555,77.56999969482422,78.0,75.31999969482422,76.25,13571300
2007-04-17,52.814056396484375,77.5,78.25,77.23999786376953,77.66000366210938,12196100
2007-04-18,51.04904556274414,74.91000366210938,76.69999694824219,74.33999633789062,76.62000274658203,15764400
2007-04-19,50.646968841552734,74.31999969482422,74.55000305175781,73.44000244140625,74.5,12048400
2007-04-20,51.267120361328125,75.2300033569336,77.23999786376953,74.02999877929688,75.66000366210938,16289000
2007-04-23,50.80373764038086,74.55000305175781,76.5,74.31999969482422,75.36000061035156,10639300
2007-04-24,50.97410202026367,74.80000305175781,74.9800033569336,73.5,74.05000305175781,8447800
2007-04-25,51.70328140258789,75.87000274658203,76.63999938964844,74.72000122070312,75.0199966430664,9815800
2007-04-26,51.47837448120117,75.54000091552734,76.0199966430664,74.87999725341797,75.81999969482422,6844100
2007-04-27,51.5465202331543,75.63999938964844,76.81999969482422,74.69000244140625,75.47000122070312,6965800
2007-04-30,50.31304550170898,73.83000183105469,76.0999984741211,73.62000274658203,76.0,9997700
2007-05-01,50.31304550170898,73.83000183105469,74.55000305175781,72.30999755859375,73.88999938964844,9415600
2007-05-02,50.40166091918945,73.95999908447266,74.87000274658203,73.22000122070312,74.1500015258789,9375000
2007-05-03,50.953643798828125,74.7699966430664,75.08999633789062,73.69000244140625,73.88999938964844,8028000
2007-05-04,50.84461975097656,74.61000061035156,76.0,74.16999816894531,74.8499984741211,8948500
2007-05-07,51.11040878295898,75.0,75.19999694824219,74.11000061035156,74.5,6109500
2007-05-08,50.85825347900391,74.62999725341797,74.97000122070312,73.55000305175781,74.83999633789062,6830700
2007-05-09,50.667423248291016,74.3499984741211,74.80000305175781,73.06999969482422,74.23999786376953,8084900
2007-05-10,49.69291687011719,72.91999816894531,74.88999938964844,72.80999755859375,74.41000366210938,5625800
2007-05-11,50.68788909912109,74.37999725341797,74.56999969482422,72.63999938964844,73.22000122070312,6951600
2007-05-14,50.93320083618164,74.73999786376953,75.44999694824219,74.3499984741211,74.3499984741211,5804200
2007-05-15,51.45795440673828,75.51000213623047,76.87000274658203,74.26000213623047,74.5,8311700
2007-05-16,52.13258361816406,76.5,76.55999755859375,74.76000213623047,75.5199966430664,7575800
2007-05-17,53.63864135742188,78.70999908447266,79.18000030517578,76.19999694824219,76.25,11048800
2007-05-18,54.10885620117188,79.4000015258789,79.6500015258789,78.48999786376953,78.9800033569336,9672200
2007-05-21,54.61314010620117,80.13999938964844,81.0,79.05000305175781,79.7699966430664,9980400
2007-05-22,53.91124725341797,79.11000061035156,80.7300033569336,78.70999908447266,80.13999938964844,7443700
2007-05-23,54.92661285400391,80.5999984741211,81.83000183105469,79.11000061035156,79.30000305175781,9079100
2007-05-24,53.73403930664063,78.8499984741211,81.20999908447266,78.27999877929688,80.41999816894531,8610500
2007-05-25,53.99980926513672,79.23999786376953,79.9000015258789,78.31999969482422,79.54000091552734,5577000
2007-05-29,53.07301712036133,77.87999725341797,79.16999816894531,77.41999816894531,78.86000061035156,7276000
2007-05-30,54.45639801025391,79.91000366210938,79.91000366210938,77.48999786376953,77.48999786376953,6798700
2007-05-31,53.06620788574219,77.87000274658203,80.29000091552734,77.73999786376953,79.5,11261000
2007-06-01,53.28426742553711,78.19000244140625,79.30999755859375,77.70999908447266,78.45999908447266,8220300
2007-06-04,54.68101119995117,80.05999755859375,80.4000015258789,77.51000213623047,77.62000274658203,7165400
2007-06-05,54.0936393737793,79.19999694824219,80.22000122070312,78.62999725341797,79.55999755859375,7336700
2007-06-06,54.48976516723633,79.77999877929688,80.44000244140625,78.94999694824219,79.20999908447266,9354900
2007-06-07,53.123783111572266,77.77999877929688,80.30999755859375,77.77999877929688,79.37999725341797,8180300
2007-06-08,53.79312515258789,78.76000213623047,79.0,77.44999694824219,77.63999938964844,8746200
2007-06-11,54.76298141479492,80.18000030517578,81.12000274658203,78.26000213623047,78.26000213623047,7166300
2007-06-12,53.77944946289063,78.73999786376953,81.01000213623047,78.6500015258789,79.72000122070312,7404000
2007-06-13,55.97871780395508,81.95999908447266,82.19000244140625,78.87999725341797,79.45999908447266,8762300
2007-06-14,57.52913665771485,84.2300033569336,84.45999908447266,82.02999877929688,82.02999877929688,7370300
2007-06-15,57.78183364868164,84.5999984741211,85.3499984741211,84.4800033569336,84.94000244140625,9580200
2007-06-18,58.362403869628906,85.44999694824219,85.66999816894531,83.62999725341797,84.36000061035156,7501600
2007-06-19,58.58094787597656,85.7699966430664,86.66999816894531,84.8499984741211,85.44999694824219,7980200
2007-06-20,57.89113235473633,84.76000213623047,85.51000213623047,83.41999816894531,85.05000305175781,11527800
2007-06-21,58.57414627075195,85.76000213623047,86.16999816894531,84.38999938964844,85.41000366210938,9602900
2007-06-22,60.92363739013672,89.19999694824219,89.19999694824219,85.5,86.0,55743800
2007-06-25,59.53033065795898,87.16000366210938,88.4800033569336,86.66000366210938,88.2300033569336,19532200
2007-06-26,58.93611145019531,86.29000091552734,87.55000305175781,85.87000274658203,87.08000183105469,12607900
2007-06-27,59.4005241394043,86.97000122070312,87.36000061035156,85.05999755859375,85.66999816894531,13202500
2007-06-28,58.43067169189453,85.55000305175781,87.83000183105469,85.2300033569336,87.41999816894531,9784000
2007-06-29,58.01405715942383,84.94000244140625,87.30999755859375,84.41000366210938,85.97000122070312,11807100
2007-07-02,59.243438720703125,86.73999786376953,86.73999786376953,84.41000366210938,85.41000366210938,8958500
2007-07-03,60.02889251708984,87.88999938964844,88.33999633789062,86.98999786376953,87.0,3714900
2007-07-05,60.09040069580078,87.9800033569336,89.0,87.11000061035156,87.27999877929688,6607200
2007-07-06,60.3294677734375,88.33000183105469,89.16999816894531,87.79000091552734,88.4800033569336,7103100
2007-07-09,60.33626556396485,88.33999633789062,88.72000122070312,87.4000015258789,87.76000213623047,6841500
2007-07-10,59.60545349121094,87.2699966430664,88.56999969482422,86.8499984741211,87.94999694824219,9347600
2007-07-11,59.42106246948242,87.0,87.86000061035156,86.11000061035156,86.7699966430664,9113200
2007-07-12,60.45236206054688,88.51000213623047,88.58000183105469,87.0,87.94999694824219,8722100
2007-07-13,61.2241439819336,89.63999938964844,90.23999786376952,87.55000305175781,88.33999633789062,8540000
2007-07-16,61.83885955810547,90.54000091552734,91.25,89.30000305175781,90.01000213623047,8714200
2007-07-17,61.38126754760742,89.87000274658203,91.79000091552734,88.81999969482422,90.5,9261400
2007-07-18,62.289649963378906,91.1999969482422,91.4499969482422,88.52999877929688,89.5199966430664,9717900
2007-07-19,63.82638168334961,93.4499969482422,93.5999984741211,91.8000030517578,91.9800033569336,10932000
2007-07-20,66.0324935913086,96.68000030517578,97.68000030517578,94.88999938964844,95.45999908447266,18167700
2007-07-23,65.78663635253906,96.31999969482422,98.5999984741211,96.02999877929688,98.58999633789062,10359700
2007-07-24,64.7484359741211,94.8000030517578,96.73999786376952,94.5,96.0,9720000
2007-07-25,66.18959045410156,96.91000366210938,97.29000091552734,93.41000366210938,95.29000091552734,10292800
2007-07-26,64.63919067382812,94.63999938964844,97.66000366210938,93.19000244140624,95.98999786376952,12893000
2007-07-27,63.53268814086914,93.0199966430664,97.12000274658205,92.81999969482422,94.73999786376952,15021600
2007-07-30,65.12409210205078,95.3499984741211,95.61000061035156,92.18000030517578,93.9800033569336,10050000
2007-07-31,64.6938247680664,94.72000122070312,97.66000366210938,94.52999877929688,95.9000015258789,9918300
2007-08-01,64.62550354003906,94.62000274658205,99.4000015258789,91.81999969482422,94.33999633789062,12690100
2007-08-02,62.83601760864258,92.0,95.5,91.41999816894533,94.70999908447266,14045800
2007-08-03,59.92646789550781,87.73999786376953,92.9000015258789,87.5,92.0,12609700
2007-08-06,59.59180068969727,87.25,88.97000122070312,85.2699966430664,87.75,14800400
2007-08-07,60.62310028076172,88.76000213623047,89.54000091552734,86.31999969482422,86.56999969482422,14791200
2007-08-08,64.01082611083984,93.72000122070312,94.0,88.22000122070312,89.4000015258789,15914900
2007-08-09,62.97263717651367,92.1999969482422,94.6500015258789,90.86000061035156,91.8000030517578,11952300
2007-08-10,62.90433883666992,92.0999984741211,93.12000274658205,88.5,89.98999786376953,10545700
2007-08-13,61.934478759765625,90.68000030517578,93.22000122070312,89.44000244140625,92.76000213623048,7018300
2007-08-14,60.90316390991211,89.16999816894531,91.75,88.9800033569336,91.41999816894533,7292600
2007-08-15,59.5849723815918,87.23999786376953,90.4499969482422,86.66999816894531,89.41000366210938,10168800
2007-08-16,58.62875747680664,85.83999633789062,86.94999694824219,81.26000213623047,85.54000091552734,17268400
2007-08-17,60.48649978637695,88.55999755859375,91.26000213623048,87.01000213623047,88.0,13075300
2007-08-20,61.94813919067383,90.6999969482422,90.95999908447266,87.4000015258789,88.43000030517578,7845400
2007-08-21,60.957763671875,89.25,90.98999786376952,88.7699966430664,89.30000305175781,6606700
2007-08-22,62.18035125732422,91.04000091552734,91.3499984741211,89.58000183105469,90.33000183105467,6715900
2007-08-23,63.12289047241211,92.41999816894533,92.98999786376952,90.95999908447266,91.30999755859376,6445000
2007-08-24,64.3591537475586,94.2300033569336,94.98999786376952,92.75,92.9800033569336,6692100
2007-08-27,63.61466598510742,93.13999938964844,94.0,92.02999877929688,93.91999816894533,4375300
2007-08-28,62.36479187011719,91.30999755859376,93.79000091552734,90.9000015258789,93.08999633789062,6855500
2007-08-29,65.37680053710938,95.72000122070312,96.41000366210938,91.68000030517578,92.37999725341795,8313300
2007-08-30,64.88502502441406,95.0,95.79000091552734,94.2699966430664,94.75,6474700
2007-08-31,66.03120422363281,96.5,97.69000244140624,95.8499984741211,96.68000030517578,6249100
2007-09-04,68.52188110351562,100.13999938964844,101.1999969482422,96.19000244140624,96.19000244140624,9103400
2007-09-05,67.81710052490234,99.11000061035156,100.12000274658205,98.08000183105467,99.63999938964844,8375300
2007-09-06,66.79071044921875,97.61000061035156,100.4800033569336,96.88999938964844,100.06999969482422,11301600
2007-09-07,66.69493103027344,97.47000122070312,98.11000061035156,95.25,96.4800033569336,7660500
2007-09-10,67.76236724853516,99.02999877929688,99.75,95.30999755859376,97.73999786376952,9251800
2007-09-11,68.54927062988281,100.18000030517578,100.48999786376952,97.6500015258789,99.05999755859376,10234900
2007-09-12,68.30294036865234,99.81999969482422,100.97000122070312,99.11000061035156,100.0500030517578,9977900
2007-09-13,68.80243682861328,100.5500030517578,101.0,99.08999633789062,99.98999786376952,6545500
2007-09-14,68.67924499511719,100.37000274658205,100.56999969482422,99.4000015258789,99.76000213623048,5880200
2007-09-17,68.17291259765625,99.62999725341795,101.86000061035156,99.4499969482422,99.98999786376952,5695300
2007-09-18,71.70369720458984,104.79000091552734,105.06999969482422,99.20999908447266,100.48999786376952,11482900
2007-09-19,73.19540405273438,106.97000122070312,107.80999755859376,104.6999969482422,105.4800033569336,9241000
2007-09-20,73.40067291259766,107.2699966430664,108.08000183105467,105.41999816894533,106.63999938964844,7044200
2007-09-21,72.66850280761719,106.1999969482422,108.75,106.1999969482422,108.75,12232600
2007-09-24,71.79268646240234,104.91999816894533,106.5,103.75,106.23999786376952,7877900
2007-09-25,71.58737182617188,104.62000274658205,105.0,102.5999984741211,103.2699966430664,7477300
2007-09-26,70.47887420654297,103.0,105.47000122070312,100.7300033569336,104.94000244140624,10745800
2007-09-27,71.86795043945312,105.02999877929688,105.73999786376952,103.79000091552734,103.79000091552734,6957100
2007-09-28,71.84744262695312,105.0,107.20999908447266,104.51000213623048,105.8499984741211,7144800
2007-10-01,72.93537902832031,106.58999633789062,107.04000091552734,104.05999755859376,105.0,7306800
2007-10-02,72.85328674316406,106.47000122070312,107.11000061035156,103.98999786376952,105.5199966430664,7740200
2007-10-03,72.36746215820312,105.76000213623048,106.25,104.70999908447266,105.80999755859376,6443400
2007-10-04,72.66168212890625,106.19000244140624,106.70999908447266,104.01000213623048,105.48999786376952,6393700
2007-10-05,71.79950714111328,104.93000030517578,106.43000030517578,104.3499984741211,106.36000061035156,6583900
2007-10-08,71.12890625,103.9499969482422,104.43000030517578,103.16000366210938,104.25,4822300
2007-10-09,71.59423828125,104.62999725341795,105.0,102.88999938964844,104.80999755859376,7698400
2007-10-10,74.07810974121094,108.26000213623048,108.87000274658205,103.3499984741211,103.47000122070312,11740400
2007-10-11,74.29704284667969,108.58000183105467,111.23999786376952,106.66000366210938,109.0999984741211,10479500
2007-10-12,75.15921783447266,109.83999633789062,110.30999755859376,108.19000244140624,109.1999969482422,5408600
2007-10-15,76.21985626220703,111.38999938964844,114.83999633789062,110.7699966430664,111.68000030517578,8366800
2007-10-16,76.69881439208984,112.08999633789062,113.41000366210938,111.22000122070312,111.5,9004100
2007-10-17,75.97348022460938,111.02999877929688,112.86000061035156,109.6500015258789,112.6999969482422,8270500
2007-10-18,76.37720489501953,111.62000274658205,111.87000274658205,109.68000030517578,110.45999908447266,7668400
2007-10-19,67.96080017089844,99.31999969482422,105.4800033569336,98.0,105.0,38174400
2007-10-22,65.23744201660156,95.33999633789062,97.8000030517578,94.7699966430664,97.63999938964844,24007900
2007-10-23,68.37134552001953,99.91999816894533,100.05999755859376,96.0500030517578,97.3000030517578,14655900
2007-10-24,69.01456451416016,100.86000061035156,101.55999755859376,98.56999969482422,99.6500015258789,12744100
2007-10-25,67.12600708007812,98.0999984741211,101.98999786376952,97.87000274658205,101.3000030517578,15077200
2007-10-26,68.0908203125,99.51000213623048,100.75,98.80999755859376,99.52999877929688,7978200
2007-10-29,68.28240203857422,99.79000091552734,101.4499969482422,99.08000183105467,100.31999969482422,5794700
2007-10-30,65.68221282958984,95.98999786376952,99.73999786376952,95.63999938964844,99.0199966430664,9194400
2007-10-31,66.07908630371094,96.56999969482422,97.06999969482422,94.5199966430664,96.61000061035156,15816800
2007-11-01,65.79167175292969,96.1500015258789,99.47000122070312,94.9800033569336,95.69000244140624,13658700
2007-11-02,67.61868286132812,98.81999969482422,99.5500030517578,96.87999725341795,97.4499969482422,9610100
2007-11-05,66.83858489990234,97.68000030517578,99.47000122070312,96.58000183105467,97.5999984741211,8061800
2007-11-06,67.16018676757812,98.1500015258789,98.9800033569336,97.68000030517578,98.2300033569336,8897400
2007-11-07,64.84052276611328,94.76000213623048,98.76000213623048,94.73999786376952,98.23999786376952,9913300
2007-11-08,65.91484832763672,96.33000183105467,97.27999877929688,93.43000030517578,95.22000122070312,11347000
2007-11-09,64.84052276611328,94.76000213623048,97.13999938964844,94.33999633789062,95.25,7754100
2007-11-12,62.29509353637695,91.04000091552734,94.5,90.55999755859376,94.5,10868200
2007-11-13,63.59524154663086,92.94000244140624,94.18000030517578,91.0,91.16999816894533,10637100
2007-11-14,63.834720611572266,93.29000091552734,94.30999755859376,92.02999877929688,93.69000244140624,9658300
2007-11-15,62.158233642578125,90.83999633789062,93.76000213623048,90.12000274658205,92.7300033569336,8611600
2007-11-16,63.95100402832031,93.45999908447266,93.4800033569336,90.73999786376952,91.9000015258789,8596600
2007-11-19,62.623565673828125,91.5199966430664,93.8000030517578,90.7699966430664,93.0999984741211,6135900
2007-11-20,63.81419372558594,93.26000213623048,94.18000030517578,91.30999755859376,91.7699966430664,9089700
2007-11-21,62.80146026611328,91.77999877929688,94.4800033569336,91.06999969482422,92.68000030517578,8195300
2007-11-23,64.39582061767578,94.11000061035156,94.58000183105467,91.4000015258789,92.1999969482422,3033900
2007-11-26,61.96666717529297,90.55999755859376,94.95999908447266,90.4800033569336,93.93000030517578,6951700
2007-11-27,61.01554489135742,89.16999816894531,90.66999816894533,87.41999816894531,89.3499984741211,10845300
2007-11-28,62.01461791992188,90.62999725341795,91.38999938964844,89.5,89.69999694824219,9287600
2007-11-29,63.06149673461914,92.16000366210938,92.9800033569336,90.51000213623048,90.5199966430664,6891700
2007-11-30,63.94419479370117,93.4499969482422,94.16999816894533,92.20999908447266,93.41999816894533,9760100
2007-12-03,64.33150482177734,93.83999633789062,94.29000091552734,91.75,92.68000030517578,6798000
2007-12-04,64.33150482177734,93.83999633789062,94.3000030517578,92.1500015258789,93.47000122070312,8229400
2007-12-05,65.67521667480469,95.8000030517578,97.37999725341795,94.5199966430664,94.86000061035156,9385200
2007-12-06,67.79351043701172,98.88999938964844,99.25,95.36000061035156,95.7699966430664,6532900
2007-12-07,66.62808990478516,97.19000244140624,99.08999633789062,96.79000091552734,98.0,5813400
2007-12-10,67.49187469482422,98.4499969482422,99.0500030517578,97.2699966430664,97.2699966430664,5090500
2007-12-11,65.46952056884766,95.5,99.48999786376952,94.9800033569336,98.4000015258789,6373700
2007-12-12,66.94344329833984,97.6500015258789,99.58000183105467,96.22000122070312,97.70999908447266,9782000
2007-12-13,66.23734283447266,96.62000274658205,97.97000122070312,94.72000122070312,97.1999969482422,6842600
2007-12-14,64.83195495605469,94.56999969482422,95.98999786376952,94.43000030517578,95.68000030517578,6158900
2007-12-17,61.8909912109375,90.27999877929688,93.75,88.30000305175781,93.73999786376952,12581100
2007-12-18,61.96637344360352,90.38999938964844,91.69000244140624,89.04000091552734,91.12000274658205,7041200
2007-12-19,62.45999526977539,91.11000061035156,94.4000015258789,91.0999984741211,91.69000244140624,9684100
2007-12-20,62.233768463134766,90.77999877929688,92.41999816894533,89.91000366210938,91.87000274658205,7830600
2007-12-21,64.87997436523438,94.63999938964844,94.77999877929688,91.0,91.0,10431600
2007-12-24,65.69576263427734,95.83000183105467,96.0999984741211,93.83999633789062,94.62000274658205,2205300
2007-12-26,67.56043243408203,98.5500030517578,99.16999816894533,95.87000274658205,95.87000274658205,5696200
2007-12-27,66.73778533935547,97.3499984741211,99.0,97.26000213623048,98.5,5139300
2007-12-28,67.7318115234375,98.8000030517578,99.73999786376952,98.16999816894533,98.16999816894533,4536200
2007-12-31,67.43704986572266,98.37000274658205,99.0500030517578,98.06999969482422,98.37999725341795,4525500
2008-01-02,68.95208740234375,100.58000183105467,102.5199966430664,98.80999755859376,99.44000244140624,9177800
2008-01-03,70.13806915283203,102.30999755859376,102.70999908447266,99.87999725341795,100.6999969482422,8587500
2008-01-04,67.1833724975586,98.0,101.3499984741211,97.4800033569336,101.30999755859376,9891100
2008-01-07,66.36759185791016,96.80999755859376,99.97000122070312,95.68000030517578,98.79000091552734,10334000
2008-01-08,66.29901123046875,96.70999908447266,100.30999755859376,96.44000244140624,97.93000030517578,10650100
2008-01-09,67.60154724121094,98.61000061035156,99.0,96.05999755859376,97.3499984741211,8010400
2008-01-10,66.55951690673828,97.08999633789062,97.94000244140624,95.19000244140624,97.11000061035156,10320800
2008-01-11,64.44807434082031,94.01000213623048,96.56999969482422,93.77999877929688,96.01000213623048,9877500
2008-01-14,65.49005126953125,95.52999877929688,95.9499969482422,93.5,94.7699966430664,7813000
2008-01-15,60.96549606323242,88.93000030517578,93.0500030517578,88.79000091552734,93.0,15830600
2008-01-16,58.888275146484375,85.9000015258789,88.5,83.2699966430664,87.9800033569336,22827300
2008-01-17,56.5643196105957,82.51000213623047,88.37000274658203,81.48999786376953,86.88999938964844,18038400
2008-01-18,54.51450347900391,79.5199966430664,80.25,72.30000305175781,78.38999938964844,57291400
2008-01-22,52.848628997802734,77.08999633789062,79.22000122070312,74.43000030517578,74.43000030517578,21785100
2008-01-23,55.0766716003418,80.33999633789062,80.44000244140625,72.68000030517578,74.9800033569336,18894200
2008-01-24,55.062965393066406,80.31999969482422,83.48999786376953,79.04000091552734,80.81999969482422,15241600
2008-01-25,53.26680755615234,77.69999694824219,82.70999908447266,76.45999908447266,82.38999938964844,14391800
2008-01-28,54.31571960449219,79.2300033569336,79.94999694824219,76.5,77.6500015258789,9310400
2008-01-29,53.94552230834961,78.69000244140625,79.91000366210938,77.88999938964844,79.76000213623047,10565400
2008-01-30,51.93001937866211,75.75,79.12000274658203,75.55000305175781,78.19999694824219,14109000
2008-01-31,51.690067291259766,75.4000015258789,75.95999908447266,73.19999694824219,74.02999877929688,25331800
2008-02-01,53.664432525634766,78.27999877929688,78.5,75.72000122070312,76.11000061035156,12507200
2008-02-04,54.219757080078125,79.08999633789062,79.97000122070312,77.27999877929688,78.30000305175781,8186200
2008-02-05,52.73896408081055,76.93000030517578,77.93000030517578,76.75,77.86000061035156,18192600
2008-02-06,51.31986618041992,74.86000061035156,77.76000213623047,74.7300033569336,77.5999984741211,13125700
2008-02-07,51.936859130859375,75.76000213623047,77.12999725341797,73.54000091552734,74.58999633789062,11042200
2008-02-08,53.04061508178711,77.37000274658203,77.9800033569336,75.77999877929688,76.98999786376953,10244300
2008-02-11,55.179481506347656,80.48999786376953,80.77999877929688,76.94000244140625,77.5,9925100
2008-02-12,55.86502456665039,81.48999786376953,83.81999969482422,80.7699966430664,82.0,11288100
2008-02-13,58.19586944580078,84.88999938964844,85.6500015258789,82.33999633789062,82.86000061035156,10109500
2008-02-14,57.661163330078125,84.11000061035156,86.43000030517578,83.9800033569336,85.4800033569336,7791900
2008-02-15,57.78489685058594,84.08000183105469,84.80999755859375,82.2300033569336,83.62000274658203,9390900
2008-02-19,59.59923553466797,86.72000122070312,87.83999633789062,85.61000061035156,86.19999694824219,10066700
2008-02-20,59.1456413269043,86.05999755859375,86.87999725341797,85.4800033569336,86.13999938964844,8848600
2008-02-21,57.66802597045898,83.91000366210938,86.7300033569336,83.55999755859375,86.25,9729000
2008-02-22,58.72639083862305,85.44999694824219,85.62999725341797,82.2300033569336,84.41999816894531,6165500
2008-02-25,60.16281509399414,87.54000091552734,87.80000305175781,85.22000122070312,85.33000183105469,7430800
2008-02-26,61.23490905761719,89.0999984741211,89.37999725341797,86.0,87.29000091552734,7708800
2008-02-27,60.65074920654297,88.25,89.11000061035156,87.58999633789062,88.73999786376953,7237700
2008-02-28,61.64039993286133,89.69000244140625,90.36000061035156,87.5,87.77999877929688,8175600
2008-02-29,59.413673400878906,86.44999694824219,89.19000244140625,85.93000030517578,88.91000366210938,8606300
2008-03-03,59.77793884277344,86.9800033569336,89.0,85.2300033569336,86.41000366210938,9407100
2008-03-04,58.1078987121582,84.55000305175781,87.16999816894531,82.66999816894531,86.33999633789062,10326600
2008-03-05,60.37582778930664,87.8499984741211,88.0,85.01000213623047,85.01000213623047,10181800
2008-03-06,60.24527359008789,87.66000366210938,89.5,87.0,87.5999984741211,10236200
2008-03-07,58.83639144897461,85.61000061035156,87.69999694824219,84.22000122070312,87.0999984741211,8947600
2008-03-10,56.90516662597656,82.80000305175781,85.94999694824219,82.51000213623047,85.66000366210938,10124500
2008-03-11,59.52365112304688,86.61000061035156,86.61000061035156,84.36000061035156,84.36000061035156,10591000
2008-03-12,57.96354675292969,84.33999633789062,87.48999786376953,84.11000061035156,86.62999725341797,10058500
2008-03-13,58.5271110534668,85.16000366210938,85.76000213623047,81.81999969482422,83.1500015258789,9684500
2008-03-14,57.66116714477539,83.9000015258789,85.68000030517578,81.83999633789062,85.68000030517578,10254200
2008-03-17,55.82617950439453,81.2300033569336,82.80000305175781,79.87999725341797,81.73999786376953,11851700
2008-03-18,57.98418045043945,84.37000274658203,84.37000274658203,81.86000061035156,83.08000183105469,9894900
2008-03-19,55.09767532348633,80.16999816894531,84.25,79.88999938964844,83.04000091552734,10977800
2008-03-20,55.42069625854492,80.63999938964844,82.04000091552734,78.94999694824219,79.04000091552734,12296700
2008-03-24,55.85368728637695,81.2699966430664,82.77999877929688,80.44999694824219,80.80999755859375,7505000
2008-03-25,56.79520797729492,82.63999938964844,83.33999633789062,81.36000061035156,81.45999908447266,9753900
2008-03-26,59.46179962158203,86.5199966430664,86.76000213623047,82.26000213623047,82.87999725341797,10408300
2008-03-27,58.67830657958984,85.37999725341797,87.7300033569336,85.31999969482422,86.41000366210938,8727900
2008-03-28,58.8707275390625,85.66000366210938,86.95999908447266,84.18000030517578,85.62999725341797,6754800
2008-03-31,59.79164505004883,87.0,88.66999816894531,85.4800033569336,85.5999984741211,9225900
2008-04-01,61.33113098144531,89.23999786376953,89.23999786376953,85.72000122070312,87.0,8595200
2008-04-02,62.40328598022461,90.8000030517578,91.36000061035156,88.0199966430664,89.1500015258789,8613000
2008-04-03,62.74689865112305,91.3000030517578,92.5,89.16000366210938,90.43000030517578,7287900
2008-04-04,62.79500198364258,91.37000274658205,92.88999938964844,90.41999816894533,91.62000274658205,6935500
2008-04-07,62.25209045410156,90.58000183105467,95.0,90.5,92.55999755859376,13870600
2008-04-08,61.59230422973633,89.62000274658203,92.19000244140624,89.05000305175781,90.27999877929688,10757300
2008-04-09,61.97718048095703,90.18000030517578,91.29000091552734,88.5,89.8499984741211,11534600
2008-04-10,63.64034271240234,92.5999984741211,93.18000030517578,90.37000274658205,90.37000274658205,11560700
2008-04-11,62.27267837524414,90.61000061035156,92.58999633789062,90.5,92.2300033569336,7155200
2008-04-14,62.67131423950195,91.19000244140624,91.58999633789062,89.93000030517578,90.76000213623048,7092900
2008-04-15,62.63005447387695,91.12999725341795,92.3000030517578,90.11000061035156,91.58999633789062,7009600
2008-04-16,65.15230560302734,94.8000030517578,95.0,90.88999938964844,91.98999786376952,9444900
2008-04-17,65.4959487915039,95.3000030517578,95.3000030517578,92.63999938964844,94.8000030517578,8257400
2008-04-18,69.99750518798828,101.8499984741211,101.91000366210938,92.68000030517578,93.25,24207000
2008-04-21,73.47501373291016,106.91000366210938,107.22000122070312,102.20999908447266,102.3000030517578,14142100
2008-04-22,72.78777313232422,105.91000366210938,106.33000183105467,104.0199966430664,105.5,10700300
2008-04-23,72.07302856445312,104.87000274658205,106.4800033569336,103.79000091552734,105.41000366210938,10388400
2008-04-24,70.05935668945312,101.94000244140624,103.9000015258789,100.5199966430664,103.9000015258789,8902600
2008-04-25,70.60917663574219,102.73999786376952,103.58999633789062,100.5199966430664,102.6500015258789,6957800
2008-04-28,70.34801483154297,102.36000061035156,103.79000091552734,101.47000122070312,103.26000213623048,5938800
2008-04-29,68.21746826171875,99.26000213623048,101.41999816894533,98.73999786376952,101.30999755859376,7350800
2008-04-30,69.10405731201172,100.5500030517578,101.9499969482422,99.0199966430664,100.2300033569336,9723500
2008-05-01,67.59209442138672,98.3499984741211,99.51000213623048,95.80999755859376,98.88999938964844,10312600
2008-05-02,68.47178649902344,99.62999725341795,100.51000213623048,98.16999816894533,99.0999984741211,7563100
2008-05-05,69.7981948852539,101.55999755859376,102.66000366210938,100.13999938964844,100.25,5565100
2008-05-06,71.18647003173828,103.58000183105467,104.1999969482422,101.0999984741211,101.0999984741211,6791500
2008-05-07,70.10746765136719,102.01000213623048,104.5,102.0,104.1999969482422,7986800
2008-05-08,72.54722595214844,105.55999755859376,105.75,102.06999969482422,102.61000061035156,7322000
2008-05-09,72.16923522949219,105.01000213623048,105.9499969482422,103.3000030517578,105.26000213623048,6093200
2008-05-12,71.09710693359375,103.4499969482422,104.44000244140624,101.6500015258789,104.44000244140624,7138100
2008-05-13,72.09363555908203,104.9000015258789,105.0,101.08999633789062,103.5999984741211,7266800
2008-05-14,70.8290786743164,103.05999755859376,104.98999786376952,102.81999969482422,104.3000030517578,8291000
2008-05-15,71.09710693359375,103.4499969482422,104.6999969482422,100.01000213623048,104.36000061035156,10962000
2008-05-16,72.37541198730469,105.30999755859376,105.75,103.8499984741211,104.83000183105467,9684300
2008-05-19,73.28260803222656,106.62999725341795,107.97000122070312,104.26000213623048,105.66999816894533,7712500
2008-05-20,72.79463958740234,105.91999816894533,107.5199966430664,104.8499984741211,107.0,8424400
2008-05-21,71.65381622314453,104.26000213623048,108.52999877929688,103.9000015258789,105.8499984741211,9357300
2008-05-22,70.42359161376953,102.47000122070312,104.58000183105467,101.93000030517578,104.58000183105467,9112600
2008-05-23,68.74669647216797,100.02999877929688,103.51000213623048,99.0,103.31999969482422,8184500
2008-05-27,69.4339370727539,101.02999877929688,101.88999938964844,98.06999969482422,99.5,7942200
2008-05-28,70.71228790283203,102.88999938964844,103.0,98.8499984741211,100.06999969482422,6918200
2008-05-29,69.40644836425781,100.98999786376952,102.91000366210938,100.55999755859376,102.3499984741211,7441300
2008-05-30,69.50267028808594,101.12999725341795,102.54000091552734,100.66999816894533,101.13999938964844,8362100
2008-06-02,69.0481185913086,100.26000213623048,101.9499969482422,99.0500030517578,100.54000091552734,6009400
2008-06-03,68.1666030883789,98.9800033569336,101.22000122070312,98.79000091552734,99.66999816894533,8071200
2008-06-04,68.28368377685547,99.1500015258789,100.9800033569336,98.4800033569336,98.51000213623048,8385300
2008-06-05,72.30561828613281,104.98999786376952,105.0,99.37000274658205,99.37000274658205,7773900
2008-06-06,70.20513916015625,101.94000244140624,108.58000183105467,101.83999633789062,105.66999816894533,13101500
2008-06-09,72.18167877197266,104.80999755859376,105.4000015258789,101.8000030517578,102.66000366210938,7057600
2008-06-10,70.48057556152344,102.33999633789062,104.9000015258789,101.08999633789062,104.2699966430664,7799800
2008-06-11,69.76435089111328,101.3000030517578,103.12999725341795,100.0999984741211,102.72000122070312,6748100
2008-06-12,68.0564193725586,98.81999969482422,100.43000030517578,98.20999908447266,100.0199966430664,9059000
2008-06-13,68.65555572509766,99.69000244140624,100.66999816894533,98.26000213623048,98.5,5667500
2008-06-16,69.46823120117188,100.87000274658205,101.81999969482422,100.01000213623048,100.44000244140624,5617500
2008-06-17,71.25882720947266,103.47000122070312,103.87000274658205,100.01000213623048,100.0999984741211,6875900
2008-06-18,72.25746154785156,104.91999816894533,105.58999633789062,103.0,103.3000030517578,9617400
2008-06-19,72.19546508789062,104.83000183105467,107.83000183105467,104.69000244140624,106.16000366210938,11428300
2008-06-20,71.69269561767578,104.0999984741211,106.4000015258789,103.66999816894533,105.87999725341795,8593100
2008-06-23,74.66783905029297,108.41999816894533,108.48999786376952,103.6999969482422,104.0,10519800
2008-06-24,73.52460479736328,106.76000213623048,110.11000061035156,106.31999969482422,107.79000091552734,10249200
2008-06-25,72.46403503417969,105.22000122070312,107.5999984741211,102.12999725341795,107.37000274658205,10768200
2008-06-26,72.3194351196289,105.01000213623048,107.19000244140624,102.75,105.33000183105467,8327300
2008-06-27,72.9323501586914,105.9000015258789,107.33000183105467,104.83000183105467,105.33000183105467,8627100
2008-06-30,73.9860610961914,107.43000030517578,108.6500015258789,106.2699966430664,106.2699966430664,8051500
2008-07-01,75.65958404541016,109.86000061035156,110.1500015258789,105.6999969482422,107.13999938964844,11915100
2008-07-02,71.18307495117188,103.36000061035156,111.9499969482422,103.2300033569336,110.36000061035156,11342400
2008-07-03,70.16382598876953,101.87999725341795,104.88999938964844,100.0,104.0,8433400
2008-07-07,68.5316162109375,99.51000213623048,101.98999786376952,98.25,100.95999908447266,9728400
2008-07-08,66.24517059326172,96.19000244140624,98.77999877929688,94.19000244140624,98.6999969482422,14244300
2008-07-09,66.9614028930664,97.2300033569336,100.86000061035156,96.98999786376952,98.0500030517578,12030800
2008-07-10,68.33880615234375,99.2300033569336,99.41000366210938,94.68000030517578,97.44000244140624,10766700
2008-07-11,68.29060363769531,99.16000366210938,101.5500030517578,97.8499984741211,98.77999877929688,9137700
2008-07-14,70.10182189941406,101.79000091552734,103.0,98.6999969482422,98.6999969482422,8544300
2008-07-15,67.01651000976562,97.30999755859376,102.23999786376952,96.79000091552734,101.18000030517578,11359100
2008-07-16,66.01788330078125,95.86000061035156,97.98999786376952,93.13999938964844,96.9499969482422,13275400
2008-07-17,66.65150451660156,96.77999877929688,99.88999938964844,94.55999755859376,97.7699966430664,19265400
2008-07-18,69.24786376953125,100.5500030517578,102.6999969482422,98.8000030517578,99.86000061035156,19957500
2008-07-21,73.05632781982422,106.08000183105467,106.08000183105467,101.1999969482422,101.48999786376952,12308100
2008-07-22,71.6858139038086,104.08999633789062,108.0,103.12000274658205,106.16999816894533,11349800
2008-07-23,69.24099731445312,100.54000091552734,104.0999984741211,99.08000183105467,103.91999816894533,16185400
2008-07-24,68.3663330078125,99.2699966430664,102.36000061035156,97.51000213623048,101.0,17255900
2008-07-25,68.15284729003906,98.95999908447266,100.95999908447266,97.72000122070312,99.95999908447266,9898500
2008-07-28,67.2437744140625,97.63999938964844,99.8000030517578,97.51000213623048,99.0,8029400
2008-07-29,66.272705078125,96.2300033569336,98.12999725341795,95.54000091552734,97.86000061035156,10652000
2008-07-30,70.52883911132812,102.41000366210938,102.41000366210938,95.5,96.18000030517578,13150800
2008-07-31,69.97101593017578,101.5999984741211,103.0,100.13999938964844,100.69000244140624,11811200
2008-08-01,69.00685119628906,100.1999969482422,103.06999969482422,99.02999877929688,100.9000015258789,8657600
2008-08-04,65.0193099975586,94.41000366210938,100.0,93.81999969482422,99.93000030517578,11627300
2008-08-05,66.05233001708984,95.91000366210938,96.5,93.77999877929688,94.41999816894533,10407100
2008-08-06,67.11289978027344,97.4499969482422,97.91000366210938,94.75,96.18000030517578,8535200
2008-08-07,65.95590209960938,95.7699966430664,99.08999633789062,95.5999984741211,98.0,7660600
2008-08-08,63.5523681640625,92.27999877929688,95.41000366210938,91.0199966430664,95.11000061035156,11414300
2008-08-11,63.834739685058594,92.69000244140624,93.66999816894533,90.05000305175781,93.66999816894533,9763100
2008-08-12,63.80717849731445,92.6500015258789,94.98999786376952,92.0199966430664,93.5,10076600
2008-08-13,66.05233001708984,95.91000366210938,96.37000274658205,92.69000244140624,92.87000274658205,9984000
2008-08-14,64.7713851928711,94.0500030517578,95.5,92.22000122070312,94.83999633789062,7929400
2008-08-15,62.99455642700195,91.47000122070312,93.37000274658205,90.0999984741211,93.29000091552734,11430900
2008-08-18,61.54828643798828,89.37000274658203,93.0,89.27999877929688,92.0500030517578,8870800
2008-08-19,63.96561813354492,92.87999725341795,93.68000030517578,88.86000061035156,89.0,8571500
2008-08-20,65.85258483886719,95.62000274658205,96.0999984741211,92.91999816894533,93.9000015258789,8891200
2008-08-21,68.15284729003906,98.95999908447266,100.0,96.8499984741211,96.86000061035156,11120300
2008-08-22,66.98208618164062,97.26000213623048,99.0500030517578,96.70999908447266,98.0999984741211,5937400
2008-08-25,66.23827362060547,96.18000030517578,98.29000091552734,95.72000122070312,96.98999786376952,4987000
2008-08-26,67.49169921875,98.0,98.80999755859376,96.8499984741211,97.22000122070312,5324400
2008-08-27,67.84980773925781,98.5199966430664,99.31999969482422,97.12999725341795,98.88999938964844,8770000
2008-08-28,66.5826187133789,96.68000030517578,99.23999786376952,96.12000274658205,99.0500030517578,6871500
2008-08-29,65.0296859741211,94.22000122070312,97.54000091552734,94.22000122070312,97.38999938964844,7504100
2008-09-02,62.43457794189453,90.45999908447266,92.08000183105467,90.08000183105467,92.08000183105467,11913200
2008-09-03,61.18534851074219,88.6500015258789,91.4800033569336,86.22000122070312,89.94999694824219,12478800
2008-09-04,59.867095947265625,86.73999786376953,89.9800033569336,85.75,88.5999984741211,10907500
2008-09-05,59.211387634277344,85.79000091552734,87.44999694824219,83.88999938964844,86.86000061035156,10966600
2008-09-08,59.36323165893555,86.01000213623047,89.0,84.9000015258789,88.2699966430664,13473800
2008-09-09,55.83635711669922,80.9000015258789,85.55000305175781,80.68000030517578,85.2300033569336,16508800
2008-09-10,58.39699935913086,84.61000061035156,85.69000244140625,81.7300033569336,82.0,15809400
2008-09-11,60.0672492980957,87.02999877929688,87.55000305175781,83.4000015258789,84.22000122070312,13031500
2008-09-12,61.20603561401367,88.68000030517578,89.5,87.02999877929688,87.04000091552734,10643400
2008-09-15,57.25125503540039,82.94999694824219,88.05000305175781,82.94999694824219,84.86000061035156,12541600
2008-09-16,59.942962646484375,86.8499984741211,86.86000061035156,78.16999816894531,80.0,15430900
2008-09-17,56.609371185302734,82.0199966430664,88.20999908447266,81.5199966430664,86.69000244140625,14184200
2008-09-18,57.03731155395508,82.63999938964844,85.06999969482422,79.20999908447266,84.6500015258789,17480700
2008-09-19,62.60711669921875,90.70999908447266,90.70999908447266,82.94999694824219,85.5,15728900
2008-09-22,62.07568740844727,89.94000244140625,93.69000244140624,89.93000030517578,90.6999969482422,9530100
2008-09-23,59.50817489624024,86.22000122070312,90.20999908447266,85.8499984741211,89.37000274658203,12190800
2008-09-24,59.51509094238281,86.2300033569336,87.93000030517578,84.91999816894531,87.93000030517578,9526700
2008-09-25,60.75049591064453,88.0199966430664,89.12999725341797,86.2300033569336,86.45999908447266,9099600
2008-09-26,59.37704849243164,86.02999877929688,86.52999877929688,83.61000061035156,85.5999984741211,7683700
2008-09-29,50.90149688720703,73.75,83.9800033569336,73.52999877929688,83.36000061035156,21839100
2008-09-30,53.89692306518555,78.08999633789062,80.0,75.19000244140625,75.33999633789062,16477900
2008-10-01,53.05488586425781,76.87000274658203,77.73999786376953,73.25,77.01000213623047,12592600
2008-10-02,49.735084533691406,72.05999755859375,75.25,69.7699966430664,74.93000030517578,15950300
2008-10-03,50.05947113037109,72.52999877929688,78.0,71.80999755859375,72.61000061035156,16611200
2008-10-06,47.96818923950195,69.5,71.08000183105469,61.29999923706055,70.69000244140625,23617700
2008-10-07,45.20053863525391,65.48999786376953,75.36000061035156,64.8499984741211,73.87999725341797,21212900
2008-10-08,45.64915466308594,66.13999938964844,69.95999908447266,61.34999847412109,63.0099983215332,25344200
2008-10-09,41.79100036621094,60.54999923706055,69.94999694824219,60.54999923706055,67.81999969482422,18932100
2008-10-10,41.75648880004883,60.5,60.54999923706055,51.25,56.060001373291016,32167700
2008-10-13,45.2419548034668,65.55000305175781,66.0,60.43000030517578,63.31999969482422,23010100
2008-10-14,46.01494598388672,66.66999816894531,68.48999786376953,62.290000915527344,67.30999755859375,25178400
2008-10-15,37.546329498291016,54.400001525878906,64.80999755859375,53.400001525878906,64.52999877929688,20941500
2008-10-16,36.71809768676758,53.20000076293945,57.29999923706055,49.720001220703125,55.900001525878906,33140400
2008-10-17,34.50260162353516,49.9900016784668,52.900001525878906,45.220001220703125,50.59999847412109,45550400
2008-10-20,38.47119522094727,55.7400016784668,55.959999084472656,51.619998931884766,51.790000915527344,16204700
2008-10-21,37.118412017822266,53.77999877929688,56.61000061035156,52.880001068115234,54.06999969482422,14583400
2008-10-22,34.330047607421875,49.7400016784668,51.68000030517578,49.220001220703125,51.5,19337500
2008-10-23,35.91748046875,52.040000915527344,52.84999847412109,47.65999984741211,50.68999862670898,18181000
2008-10-24,32.797828674316406,47.52000045776367,49.4900016784668,45.369998931884766,47.459999084472656,18302100
2008-10-27,29.871427536010746,43.27999877929688,47.709999084472656,43.08000183105469,46.369998931884766,15857400
2008-10-28,33.129112243652344,48.0,48.18000030517578,42.0099983215332,45.0099983215332,18822700
2008-10-29,35.11685562133789,50.880001068115234,54.5,48.619998931884766,49.0,18754200
2008-10-30,36.40751647949219,52.75,54.91999816894531,50.630001068115234,53.470001220703125,17682300
2008-10-31,35.648319244384766,51.650001525878906,53.09999847412109,50.45000076293945,51.58000183105469,19069200
2008-11-03,34.32314682006836,49.72999954223633,52.65999984741211,49.18999862670898,52.34000015258789,17089400
2008-11-04,35.945106506347656,52.08000183105469,52.34000015258789,50.2400016784668,51.40999984741211,24755100
2008-11-05,34.67512512207031,50.2400016784668,52.31999969482422,49.869998931884766,50.790000915527344,18512100
2008-11-06,33.232662200927734,48.150001525878906,50.9900016784668,47.43000030517578,50.66999816894531,18187300
2008-11-07,35.461971282958984,51.380001068115234,51.68000030517578,48.47999954223633,48.540000915527344,11714100
2008-11-10,35.29631042480469,51.13999938964844,55.09999847412109,49.540000915527344,53.02999877929688,12359500
2008-11-11,33.57083511352539,48.63999938964844,50.59999847412109,47.72999954223633,50.54999923706055,9797600
2008-11-12,31.051637649536133,44.9900016784668,47.869998931884766,44.959999084472656,47.52000045776367,17342700
2008-11-13,35.68280792236328,51.70000076293945,51.959999084472656,44.0,45.2400016784668,19589400
2008-11-14,33.653656005859375,48.7599983215332,52.400001525878906,47.5099983215332,50.220001220703125,14553600
2008-11-17,33.09459686279297,47.95000076293945,50.79999923706055,47.2599983215332,48.40999984741211,11826700
2008-11-18,34.668251037597656,50.22999954223633,50.400001525878906,47.43999862670898,48.36000061035156,13231900
2008-11-19,32.64598083496094,47.29999923706055,51.29999923706055,46.9900016784668,49.93000030517578,16048700
2008-11-20,27.331514358520508,39.59999847412109,46.470001220703125,39.0,45.97999954223633,27127700
2008-11-21,31.05854797363281,45.0,45.20000076293945,39.36000061035156,41.130001068115234,23663900
2008-11-24,32.017921447753906,46.38999938964844,46.93999862670898,44.58000183105469,45.970001220703125,24195500
2008-11-25,32.23184585571289,46.70000076293945,47.06999969482422,44.25,46.70000076293945,13147000
2008-11-26,34.60611724853516,50.13999938964844,50.27999877929688,45.66999816894531,46.31999969482422,10058500
2008-11-28,35.020233154296875,50.7400016784668,51.0,48.59999847412109,49.34999847412109,4869600
2008-12-01,29.16391563415528,42.08000183105469,47.47999954223633,41.86000061035156,47.43999862670898,17728500
2008-12-02,30.439117431640625,43.91999816894531,44.310001373291016,41.650001525878906,43.38999938964844,14679900
2008-12-03,29.47576713562012,42.52999877929688,42.66999816894531,38.630001068115234,41.25,19822500
2008-12-04,27.72233009338379,40.0,42.70000076293945,38.77000045776367,41.5,15950300
2008-12-05,27.0847225189209,39.08000183105469,40.18000030517578,37.2400016784668,39.18999862670898,20954300
2008-12-08,28.630239486694336,41.310001373291016,42.34999847412109,40.77999877929688,40.970001220703125,17022200
2008-12-09,29.115379333496094,42.0099983215332,43.97999954223633,40.20000076293945,40.560001373291016,12855900
2008-12-10,30.23814010620117,43.630001068115234,44.34000015258789,42.72999954223633,43.22999954223633,12757700
2008-12-11,29.351009368896484,42.34999847412109,44.4900016784668,42.0099983215332,44.290000915527344,14060400
2008-12-12,28.48470115661621,41.09999847412109,41.29999923706055,39.06999969482422,40.11000061035156,12020700
2008-12-15,29.669818878173828,42.810001373291016,43.959999084472656,41.66999816894531,41.97999954223633,10855800
2008-12-16,29.71834373474121,42.880001068115234,43.900001525878906,41.150001525878906,43.619998931884766,15860900
2008-12-17,29.4826889038086,42.540000915527344,43.68000030517578,41.31999969482422,42.720001220703125,12607300
2008-12-18,27.327289581298828,39.43000030517578,42.5099983215332,39.290000915527344,42.47999954223633,17634900
2008-12-19,28.027284622192383,40.43999862670898,41.88999938964844,39.36000061035156,39.59000015258789,16365500
2008-12-22,26.96689796447754,38.90999984741211,41.70000076293945,38.43999862670898,40.68000030517578,11278500
2008-12-23,26.15601921081543,37.7400016784668,40.0,37.619998931884766,39.83000183105469,11669500
2008-12-24,26.48868179321289,38.220001220703125,38.5,37.06999969482422,37.70000076293945,3733000
2008-12-26,27.355016708374023,39.470001220703125,39.5,38.2599983215332,38.4900016784668,4378600
2008-12-29,28.35302352905273,40.90999984741211,41.400001525878906,39.5,40.400001525878906,8586500
2008-12-30,29.19162368774414,42.119998931884766,42.150001525878906,40.13999938964844,41.09000015258789,8826200
2008-12-31,29.3371524810791,42.33000183105469,43.369998931884766,41.68999862670898,41.900001525878906,8537100
2009-01-02,31.61732482910156,45.619998931884766,46.20000076293945,42.34999847412109,42.75,10122900
2009-01-05,32.44898986816406,46.81999969482422,48.9900016784668,44.810001373291016,45.119998931884766,13666000
2009-01-06,32.98956680297852,47.59999847412109,49.25,47.220001220703125,47.900001525878906,13246000
2009-01-07,31.610389709472656,45.61000061035156,46.77999877929688,44.52999877929688,46.45000076293945,10124000
2009-01-08,31.762874603271484,45.83000183105469,46.130001068115234,44.18000030517578,45.25,11149900
2009-01-09,29.801523208618164,43.0,45.65999984741211,42.63999938964844,45.65999984741211,11239800
2009-01-12,28.657962799072266,41.34999847412109,43.2400016784668,40.84999847412109,42.34000015258789,11937500
2009-01-13,29.676755905151367,42.81999969482422,42.97999954223633,40.72999954223633,41.400001525878906,12121600
2009-01-14,28.02035140991211,40.43000030517578,42.380001068115234,40.0,42.09000015258789,11524000
2009-01-15,27.847082138061523,40.18000030517578,40.7599983215332,37.84000015258789,40.470001220703125,15270500
2009-01-16,27.65302848815918,39.900001525878906,41.0,38.630001068115234,40.84000015258789,14240300
2009-01-20,25.52533912658692,36.83000183105469,40.97999954223633,36.68000030517578,38.619998931884766,12994700
2009-01-21,27.0223445892334,38.9900016784668,39.209999084472656,36.380001068115234,37.54999923706055,14437200
2009-01-22,25.830286026000977,37.27000045776367,39.34000015258789,36.34999847412109,37.790000915527344,14397800
2009-01-23,28.477764129638672,41.09000015258789,41.869998931884766,36.11000061035156,36.11000061035156,21970700
2009-01-26,29.10843849182129,42.0,43.34999847412109,40.61000061035156,41.150001525878906,12284100
2009-01-27,29.087661743164062,41.970001220703125,42.650001525878906,40.75,41.959999084472656,10242300
2009-01-28,30.605449676513672,44.15999984741211,44.540000915527344,42.119998931884766,42.619998931884766,11838900
2009-01-29,29.059934616088867,41.93000030517578,43.29999923706055,41.59000015258789,43.09999847412109,9056900
2009-01-30,28.28370857238769,40.810001373291016,43.0,40.43999862670898,42.9900016784668,10075400
2009-02-02,28.269847869873047,40.790000915527344,41.310001373291016,39.400001525878906,40.0099983215332,11262100
2009-02-03,28.40846061706543,40.9900016784668,41.33000183105469,40.0,41.18999862670898,10255200
2009-02-04,29.30250740051269,42.27999877929688,43.290000915527344,41.400001525878906,41.5,9644000
2009-02-05,30.87575340270996,44.54999923706055,44.810001373291016,41.18999862670898,42.09999847412109,12637200
2009-02-06,31.388614654541016,45.290000915527344,45.7400016784668,43.36000061035156,43.900001525878906,9513700
2009-02-09,31.96385955810547,46.119998931884766,47.880001068115234,45.310001373291016,46.61000061035156,13357500
2009-02-10,30.051008224487305,43.36000061035156,47.09999847412109,42.869998931884766,46.380001068115234,13227900
2009-02-11,29.4896297454834,42.54999923706055,44.18000030517578,41.36000061035156,43.77999877929688,12744000
2009-02-12,29.087661743164062,41.970001220703125,42.04999923706055,40.77000045776367,41.88999938964844,15066400
2009-02-13,28.920473098754883,41.52000045776367,42.95000076293945,41.13999938964844,41.68999862670898,10693500
2009-02-17,26.607967376708984,38.20000076293945,40.33000183105469,38.130001068115234,40.040000915527344,14973500
2009-02-18,26.607967376708984,38.20000076293945,38.959999084472656,37.41999816894531,38.63999938964844,11307500
2009-02-19,26.84478187561035,38.540000915527344,39.7599983215332,38.290000915527344,38.959999084472656,10700400
2009-02-20,25.68851661682129,36.880001068115234,38.41999816894531,36.13999938964844,37.77000045776367,18951200
2009-02-23,24.511363983154297,35.189998626708984,37.68000030517578,35.04999923706055,37.470001220703125,14468800
2009-02-24,26.503494262695312,38.04999923706055,38.2400016784668,35.2599983215332,35.720001220703125,15210700
2009-02-25,25.932313919067383,37.22999954223633,38.61000061035156,36.65999984741211,38.0099983215332,18585200
2009-02-26,26.58706283569336,38.16999816894531,39.84000015258789,37.93000030517578,37.9900016784668,13525900
2009-02-27,26.510438919067383,38.060001373291016,39.43999862670898,36.68000030517578,37.11000061035156,14399500
2009-03-02,24.96412467956543,35.84000015258789,37.54999923706055,35.52000045776367,37.0,17389800
2009-03-03,24.8387393951416,35.65999984741211,37.040000915527344,35.29999923706055,36.459999084472656,13935300
2009-03-04,27.046783447265625,38.83000183105469,39.959999084472656,36.84000015258789,37.04999923706055,15510000
2009-03-05,25.1870174407959,36.15999984741211,37.97999954223633,35.52000045776367,37.560001373291016,16269400
2009-03-06,25.58403968811035,36.72999954223633,37.41999816894531,35.33000183105469,36.56999969482422,14843600
2009-03-09,25.542251586914062,36.66999816894531,38.59999847412109,35.91999816894531,36.18000030517578,13395300
2009-03-10,27.527389526367188,39.52000045776367,40.61000061035156,37.4900016784668,37.5,22234000
2009-03-11,27.0258846282959,38.79999923706055,39.54999923706055,38.0099983215332,39.27000045776367,12061200
2009-03-12,27.83387565612793,39.959999084472656,40.0099983215332,37.33000183105469,38.66999816894531,16604100
2009-03-13,27.374162673950195,39.29999923706055,40.34999847412109,38.54999923706055,40.34999847412109,12218100
2009-03-16,28.86476707458496,41.43999862670898,42.68000030517578,39.130001068115234,39.130001068115234,16530800
2009-03-17,29.33144187927246,42.11000061035156,42.52000045776367,40.58000183105469,41.43999862670898,11775100
2009-03-18,29.88867950439453,42.90999984741211,43.52999877929688,40.18999862670898,41.77999877929688,14788300
2009-03-19,30.863859176635746,44.310001373291016,46.20000076293945,44.15999984741211,44.25,19427400
2009-03-20,28.920473098754883,41.52000045776367,44.77000045776367,41.2400016784668,44.59000015258789,17382300
2009-03-23,32.56340026855469,46.75,46.79999923706055,42.29999923706055,42.959999084472656,18918400
2009-03-24,32.15245056152344,46.15999984741211,47.2599983215332,45.119998931884766,45.40999984741211,15498000
2009-03-25,31.581281661987305,45.34000015258789,46.63999938964844,43.709999084472656,45.93999862670898,15614200
2009-03-26,31.72058868408203,45.540000915527344,46.970001220703125,44.970001220703125,46.34999847412109,13728500
2009-03-27,30.313587188720703,43.52000045776367,44.869998931884766,43.15999984741211,44.58000183105469,11021400
2009-03-30,28.6418685913086,41.119998931884766,42.56999969482422,40.47999954223633,42.20000076293945,12934500
2009-03-31,28.293601989746094,40.619998931884766,42.11000061035156,40.15999984741211,42.11000061035156,15211900
2009-04-01,28.627944946289062,41.09999847412109,41.27999877929688,39.11000061035156,39.81999969482422,17581700
2009-04-02,30.50162506103516,43.790000915527344,44.880001068115234,42.70000076293945,42.84000015258789,16864600
2009-04-03,31.39321517944336,45.06999969482422,45.47999954223633,43.560001373291016,43.7400016784668,13504300
2009-04-06,30.61307716369629,43.95000076293945,44.36000061035156,43.04999923706055,44.040000915527344,10581900
2009-04-07,29.94440460205078,42.9900016784668,43.5099983215332,42.25,43.11000061035156,8334100
2009-04-08,30.32748794555664,43.540000915527344,44.06999969482422,41.97999954223633,42.709999084472656,10649200
2009-04-09,30.759353637695312,44.15999984741211,45.290000915527344,43.59999847412109,45.0,12769100
2009-04-13,30.822065353393555,44.25,44.88999938964844,42.29999923706055,42.81999969482422,10236100
2009-04-14,30.724544525146484,44.11000061035156,45.5,43.22999954223633,43.70000076293945,9373700
2009-04-15,31.7136287689209,45.52999877929688,45.75,43.90999984741211,43.90999984741211,10565000
2009-04-16,32.041011810302734,46.0,46.65999984741211,44.810001373291016,46.220001220703125,11040300
2009-04-17,32.43802261352539,46.56999969482422,46.77000045776367,45.16999816894531,46.11000061035156,14281500
2009-04-20,30.717567443847656,44.09999847412109,45.56999969482422,43.970001220703125,45.0099983215332,10772600
2009-04-21,32.47982406616211,46.630001068115234,46.83000183105469,42.84000015258789,43.18999862670898,12674500
2009-04-22,32.20120620727539,46.22999954223633,48.2400016784668,45.2400016784668,45.650001525878906,16060200
2009-04-23,32.46589660644531,46.61000061035156,46.84999847412109,44.90999984741211,46.7400016784668,12246900
2009-04-24,34.63910675048828,49.72999954223633,50.91999816894531,48.54999923706055,49.81999969482422,20509100
2009-04-27,33.69876480102539,48.380001068115234,48.9900016784668,47.5,47.93999862670898,10676200
2009-04-28,33.46194839477539,48.040000915527344,48.93999862670898,47.40999984741211,47.40999984741211,7835100
2009-04-29,34.84806442260742,50.02999877929688,50.459999084472656,48.20000076293945,48.20000076293945,9555900
2009-04-30,34.1236572265625,48.9900016784668,50.790000915527344,47.90999984741211,50.790000915527344,13093000
2009-05-01,35.29385757446289,50.66999816894531,51.13999938964844,48.63999938964844,49.220001220703125,10088400
2009-05-04,37.6690788269043,54.08000183105469,54.209999084472656,51.90999984741211,52.18999862670898,13270000
2009-05-05,37.75265502929688,54.20000076293945,54.41999816894531,52.5099983215332,53.91999816894531,10112300
2009-05-06,39.04125595092773,56.04999923706055,56.400001525878906,54.34999847412109,55.02999877929688,14222000
2009-05-07,37.68299865722656,54.09999847412109,58.63999938964844,52.970001220703125,58.63999938964844,16014200
2009-05-08,39.3756103515625,56.52999877929688,56.9900016784668,54.36000061035156,55.040000915527344,13007500
2009-05-11,38.14968490600586,54.77000045776367,55.68000030517578,54.31999969482422,55.40999984741211,8934500
2009-05-12,38.832298278808594,55.75,56.20000076293945,54.459999084472656,55.0099983215332,11501100
2009-05-13,37.29294204711914,53.540000915527344,55.040000915527344,52.72999954223633,54.77999877929688,12672200
2009-05-14,37.564598083496094,53.93000030517578,54.29999923706055,52.630001068115234,53.06999969482422,8997000
2009-05-15,36.25508499145508,52.04999923706055,54.34000015258789,51.560001373291016,53.7599983215332,10421500
2009-05-18,37.71783065795898,54.150001525878906,54.25,52.75,52.7599983215332,10750200
2009-05-19,37.62031555175781,54.0099983215332,54.70000076293945,52.650001525878906,54.0099983215332,8589300
2009-05-20,38.33775329589844,55.040000915527344,57.09999847412109,54.81999969482422,55.08000183105469,10318000
2009-05-21,36.17846298217773,51.93999862670898,53.709999084472656,51.5,53.59999847412109,11097800
2009-05-22,36.0461311340332,51.75,53.33000183105469,51.650001525878906,52.84000015258789,8624000
2009-05-26,37.55763244628906,53.91999816894531,54.08000183105469,50.63999938964844,51.25,9912000
2009-05-27,37.202392578125,53.40999984741211,54.90999984741211,53.27000045776367,54.06999969482422,8407700
2009-05-28,39.250221252441406,56.34999847412109,56.880001068115234,53.220001220703125,54.04999923706055,13384100
2009-05-29,39.86318588256836,57.22999954223633,57.68000030517578,56.34999847412109,57.619998931884766,11172500
2009-06-01,41.36626434326172,59.16999816894531,59.4900016784668,57.959999084472656,58.630001068115234,11568600
2009-06-02,41.37326431274414,59.18000030517578,59.65999984741211,58.119998931884766,58.810001373291016,9630000
2009-06-03,39.77229690551758,56.88999938964844,58.400001525878906,55.880001068115234,58.060001373291016,11786300
2009-06-04,40.76504135131836,58.310001373291016,58.77999877929688,56.86000061035156,57.630001068115234,9228600
2009-06-05,40.0379524230957,57.27000045776367,59.27999877929688,56.63999938964844,59.0,8592300
2009-06-08,40.07990264892578,57.33000183105469,57.7400016784668,55.66999816894531,56.81999969482422,8119400
2009-06-09,41.142555236816406,58.84999847412109,59.38999938964844,57.709999084472656,58.06999969482422,9068800
2009-06-10,41.43618774414063,59.27000045776367,60.150001525878906,57.83000183105469,59.86000061035156,10641800
2009-06-11,43.47058868408203,62.18000030517578,63.77999877929688,59.15999984741211,59.79999923706055,17138500
2009-06-12,42.13528823852539,60.27000045776367,61.18999862670898,59.209999084472656,60.959999084472656,11039100
2009-06-15,40.96078109741211,58.59000015258789,59.36000061035156,57.29999923706055,59.25,8322800
2009-06-16,39.82823181152344,56.970001220703125,59.790000915527344,56.790000915527344,59.5099983215332,9050600
2009-06-17,39.13610458374024,55.97999954223633,56.65999984741211,55.34000015258789,56.43999862670898,11632500
2009-06-18,38.975318908691406,55.75,56.66999816894531,55.25,55.84999847412109,6662200
2009-06-19,38.69567489624024,55.34999847412109,56.5,54.72999954223633,56.369998931884766,11275400
2009-06-22,36.57736587524414,52.31999969482422,54.34000015258789,51.77999877929688,54.34000015258789,11026700
2009-06-23,37.26248550415039,53.29999923706055,53.720001220703125,51.959999084472656,52.84999847412109,9143200
2009-06-24,37.37435531616211,53.459999084472656,54.400001525878906,52.88999938964844,53.630001068115234,8024800
2009-06-25,38.69567489624024,55.34999847412109,55.56999969482422,53.20000076293945,53.2400016784668,9772300
2009-06-26,38.08744812011719,54.47999954223633,55.34999847412109,54.2599983215332,54.900001525878906,15785900
2009-06-29,38.43001556396485,54.970001220703125,55.47999954223633,54.22999954223633,55.209999084472656,8459900
2009-06-30,37.82877349853516,54.11000061035156,55.630001068115234,53.04999923706055,55.0,10819200
2009-07-01,37.9476318359375,54.27999877929688,55.72999954223633,54.16999816894531,55.09000015258789,7944000
2009-07-02,36.73815155029297,52.54999923706055,52.97999954223633,51.18000030517578,52.959999084472656,9215200
2009-07-06,35.96915435791016,51.45000076293945,51.540000915527344,50.34999847412109,50.70000076293945,11994700
2009-07-07,34.39613342285156,49.20000076293945,51.619998931884766,49.02999877929688,51.34999847412109,11649600
2009-07-08,34.84356689453125,49.84000015258789,50.06999969482422,48.130001068115234,49.41999816894531,12880900
2009-07-09,35.10923385620117,50.220001220703125,51.18000030517578,49.27999877929688,50.15999984741211,10848900
2009-07-10,35.311988830566406,50.5099983215332,50.84999847412109,49.31999969482422,49.47999954223633,8811500
2009-07-13,35.64756393432617,50.9900016784668,51.04999923706055,49.18000030517578,50.310001373291016,9034100
2009-07-14,36.23481750488281,51.83000183105469,52.45000076293945,51.31999969482422,51.900001525878906,7321000
2009-07-15,38.14337539672852,54.560001373291016,54.790000915527344,52.77999877929688,52.79999923706055,11734400
2009-07-16,38.78655242919922,55.47999954223633,55.77000045776367,53.88999938964844,54.38999938964844,8072500
2009-07-17,39.15708923339844,56.0099983215332,56.22999954223633,54.86000061035156,55.400001525878906,9769500
2009-07-20,39.76530838012695,56.880001068115234,57.31999969482422,55.40999984741211,56.58000183105469,10116900
2009-07-21,39.84918594360352,57.0,57.900001525878906,56.0,57.43000030517578,10023500
2009-07-22,38.66072463989258,55.29999923706055,56.59999847412109,55.150001525878906,56.47999954223633,10328500
2009-07-23,40.38751983642578,57.77000045776367,58.18999862670898,55.02000045776367,55.36000061035156,10792900
2009-07-24,40.08689498901367,57.34000015258789,57.56999969482422,55.119998931884766,57.5,12528300
2009-07-27,39.49265670776367,56.4900016784668,57.5,55.810001373291016,57.369998931884766,7146200
2009-07-28,38.17134094238281,54.59999847412109,55.810001373291016,53.400001525878906,55.810001373291016,11000000
2009-07-29,36.69622039794922,52.4900016784668,53.880001068115234,52.15999984741211,53.630001068115234,12390200
2009-07-30,37.35337066650391,53.43000030517578,54.34000015258789,52.54999923706055,53.63999938964844,11540100
2009-07-31,37.402320861816406,53.5,54.0,52.5099983215332,52.84999847412109,9532600
2009-08-03,39.11512756347656,55.95000076293945,56.43000030517578,54.59999847412109,54.86000061035156,9836400
2009-08-04,38.590797424316406,55.20000076293945,56.29999923706055,54.7400016784668,55.34000015258789,9652000
2009-08-05,37.82178497314453,54.09999847412109,55.220001220703125,53.86000061035156,54.959999084472656,8747900
2009-08-06,37.542137145996094,53.70000076293945,54.459999084472656,53.08000183105469,54.29999923706055,6498600
2009-08-07,37.2275390625,53.25,54.7599983215332,52.41999816894531,54.36000061035156,7546900
2009-08-10,37.4093132019043,53.5099983215332,53.83000183105469,52.790000915527344,53.2599983215332,6268400
2009-08-11,36.9688720703125,52.880001068115234,53.400001525878906,52.58000183105469,53.16999816894531,6766900
2009-08-12,37.6679916381836,53.880001068115234,54.4900016784668,52.75,52.93999862670898,7805400
2009-08-13,38.5418701171875,55.130001068115234,55.25,53.61000061035156,54.52000045776367,6731200
2009-08-14,37.31843185424805,53.380001068115234,55.150001525878906,52.75,55.09000015258789,8902800
2009-08-17,35.86429214477539,51.29999923706055,52.150001525878906,50.52000045776367,52.0,9162100
2009-08-18,36.374629974365234,52.02999877929688,52.29999923706055,51.0,51.47999954223633,6752400
2009-08-19,36.961891174316406,52.869998931884766,53.20000076293945,51.02000045776367,51.20000076293945,8508100
2009-08-20,37.61205291748047,53.79999923706055,53.97999954223633,52.959999084472656,53.31999969482422,8664400
2009-08-21,39.54159927368164,56.560001373291016,56.68000030517578,54.02000045776367,54.52999877929688,13368400
2009-08-24,40.08689498901367,57.34000015258789,58.29999923706055,56.880001068115234,57.58000183105469,9325700
2009-08-25,39.24099349975586,56.130001068115234,58.08000183105469,55.79999923706055,57.93000030517578,9613200
2009-08-26,39.55557632446289,56.58000183105469,56.7599983215332,55.43000030517578,55.61000061035156,7969800
2009-08-27,39.77928161621094,56.900001525878906,57.29999923706055,55.25,56.52000045776367,9377200
2009-08-28,40.10087203979492,57.36000061035156,57.97999954223633,56.79999923706055,57.5099983215332,10755200
2009-08-31,39.43428802490234,56.20000076293945,56.560001373291016,55.52999877929688,56.40999984741211,8511800
2009-09-01,38.52913665771485,54.90999984741211,56.77999877929688,54.66999816894531,55.61000061035156,13465500
2009-09-02,37.93268966674805,54.060001373291016,54.91999816894531,53.91999816894531,54.20000076293945,8877000
2009-09-03,38.18529510498047,54.41999816894531,54.97999954223633,54.04999923706055,54.72999954223633,6623800
2009-09-04,39.202728271484375,55.869998931884766,56.02999877929688,54.130001068115234,54.380001068115234,6220600
2009-09-08,40.76747512817383,58.09999847412109,58.41999816894531,56.630001068115234,56.93000030517578,10123700
2009-09-09,40.24821853637695,57.36000061035156,58.29999923706055,56.84999847412109,58.130001068115234,7703100
2009-09-10,40.99902725219727,58.43000030517578,58.5,56.86000061035156,57.33000183105469,7647100
2009-09-11,42.37430953979492,60.38999938964844,61.77000045776367,59.650001525878906,59.810001373291016,14910500
2009-09-14,41.96734237670898,59.810001373291016,60.27000045776367,58.5,59.02000045776367,9151800
2009-09-15,41.98137664794922,59.83000183105469,60.4900016784668,58.83000183105469,60.27999877929688,9723600
2009-09-16,43.79171371459961,62.40999984741211,62.59000015258789,60.77000045776367,61.04999923706055,13077800
2009-09-17,43.35667037963867,61.790000915527344,63.0,61.08000183105469,62.04999923706055,9528300
2009-09-18,43.398773193359375,61.84999847412109,62.86000061035156,61.09000015258789,62.34000015258789,9572200
2009-09-21,42.65499877929688,60.790000915527344,61.0099983215332,59.79999923706055,60.459999084472656,5685100
2009-09-22,43.20230484008789,61.56999969482422,61.84999847412109,61.0,61.7400016784668,6350500
2009-09-23,42.28308868408203,60.2599983215332,61.970001220703125,59.880001068115234,61.79999923706055,7931000
2009-09-24,41.51124954223633,59.15999984741211,60.4900016784668,58.630001068115234,60.34000015258789,6908500
2009-09-25,41.735782623291016,59.47999954223633,60.38999938964844,58.4900016784668,58.75,7204500
2009-09-28,42.47255325317383,60.52999877929688,60.790000915527344,59.04999923706055,59.310001373291016,3649600
2009-09-29,42.39536285400391,60.41999816894531,61.150001525878906,60.02000045776367,60.45000076293945,5841000
2009-09-30,41.81998062133789,59.59999847412109,61.04999923706055,58.90999984741211,60.91999816894531,8466700
2009-10-01,40.08684539794922,57.130001068115234,59.72999954223633,57.130001068115234,59.59999847412109,10031600
2009-10-02,39.8763427734375,56.83000183105469,57.130001068115234,56.0,56.34999847412109,6857600
2009-10-05,40.66923141479492,57.959999084472656,58.09999847412109,56.5,56.7599983215332,8063100
2009-10-06,41.56738662719727,59.2400016784668,59.959999084472656,58.650001525878906,58.709999084472656,7572800
2009-10-07,42.81637573242188,61.02000045776367,61.27999877929688,59.31999969482422,59.43999862670898,10417100
2009-10-08,43.960105895996094,62.650001525878906,62.959999084472656,60.70000076293945,61.0,10028900
2009-10-09,44.128509521484375,62.88999938964844,63.29999923706055,62.290000915527344,62.59000015258789,7394500
2009-10-12,45.06174850463867,64.22000122070312,64.66999816894531,63.40999984741211,63.5099983215332,8252600
2009-10-13,45.01261520385742,64.1500015258789,64.33999633789062,63.0099983215332,64.1500015258789,7914200
2009-10-14,46.33878707885742,66.04000091552734,66.18000030517578,64.91000366210938,64.97000122070312,9004500
2009-10-15,48.26841354370117,68.79000091552734,68.95999908447266,65.69999694824219,65.77999877929688,13670000
2009-10-16,48.471900939941406,69.08000183105469,69.62000274658203,67.91999816894531,68.2300033569336,13329000
2009-10-19,49.650726318359375,70.76000213623047,71.0999984741211,68.30999755859375,69.02999877929688,9737500
2009-10-20,48.52803039550781,69.16000366210938,70.58999633789062,68.30999755859375,70.4800033569336,9938200
2009-10-21,47.72110748291016,68.01000213623047,70.02999877929688,67.79000091552734,68.43000030517578,13632300
2009-10-22,48.13509750366211,68.5999984741211,68.87999725341797,66.86000061035156,67.75,10839900
2009-10-23,45.74938583374024,65.19999694824219,68.54000091552734,64.0,68.2300033569336,18768800
2009-10-26,45.117897033691406,64.30000305175781,67.30000305175781,64.1500015258789,65.13999938964844,11323700
2009-10-27,45.55993270874024,64.93000030517578,65.55000305175781,63.95000076293945,64.55000305175781,9534300
2009-10-28,43.69346237182617,62.27000045776367,64.3499984741211,62.09999847412109,64.33999633789062,9000200
2009-10-29,45.46871566772461,64.80000305175781,65.08000183105469,62.72999954223633,62.86000061035156,9310800
2009-10-30,43.64436340332031,62.20000076293945,64.5,61.29999923706055,64.48999786376953,12762000
2009-11-02,44.002220153808594,62.709999084472656,64.1500015258789,61.68999862670898,62.52000045776367,8449100
2009-11-03,45.23716735839844,64.47000122070312,64.79000091552734,61.5,62.119998931884766,9355600
2009-11-04,45.117897033691406,64.30000305175781,65.44000244140625,63.959999084472656,64.75,7885900
2009-11-05,45.67921447753906,65.0999984741211,65.55000305175781,64.38999938964844,64.87999725341797,6349100
2009-11-06,45.18804168701172,64.4000015258789,66.01000213623047,63.77000045776367,64.3499984741211,7669100
2009-11-09,45.70025253295898,65.12999725341797,65.97000122070312,64.66999816894531,65.75,13389200
2009-11-10,45.87567138671875,65.37999725341797,65.80000305175781,64.37000274658203,64.87999725341797,6247600
2009-11-11,46.408958435058594,66.13999938964844,67.08999633789062,65.75,65.81999969482422,6892600
2009-11-12,45.32837677001953,64.5999984741211,66.31999969482422,64.18000030517578,65.66999816894531,6035300
2009-11-13,45.97391128540039,65.5199966430664,65.81999969482422,63.75,64.2300033569336,7978800
2009-11-16,47.63689804077149,67.88999938964844,68.33999633789062,66.45999908447266,66.55000305175781,8632800
2009-11-17,47.07555770874024,67.08999633789062,67.68000030517578,66.36000061035156,67.30000305175781,9070200
2009-11-18,46.80892181396485,66.70999908447266,67.5199966430664,66.0199966430664,67.3499984741211,6739200
2009-11-19,45.286277770996094,64.54000091552734,66.31999969482422,64.06999969482422,66.25,7778600
2009-11-20,44.44426727294922,63.34000015258789,64.52999877929688,62.84999847412109,64.22000122070312,8522500
2009-11-23,45.34943008422852,64.62999725341797,66.19000244140625,64.3499984741211,64.9800033569336,8527200
2009-11-24,46.0019760131836,65.55999755859375,65.5999984741211,63.86000061035156,64.37000274658203,7119100
2009-11-25,45.63008499145508,65.02999877929688,65.33000183105469,64.04000091552734,65.16999816894531,7173400
2009-11-27,44.30391693115234,63.13999938964844,63.5,62.150001525878906,62.630001068115234,4143100
2009-11-30,44.979793548583984,63.88999938964844,64.20999908447266,62.5,62.5,6701700
2009-12-01,45.51484680175781,64.6500015258789,66.02999877929688,64.58000183105469,64.6500015258789,8717900
2009-12-02,45.05020523071289,63.9900016784668,64.9000015258789,63.5,64.3499984741211,5841800
2009-12-03,43.790000915527344,62.20000076293945,63.9900016784668,62.08000183105469,63.75,7465100
2009-12-04,43.20565414428711,61.369998931884766,63.70000076293945,60.75,63.18999862670898,8695200
2009-12-07,43.1986198425293,61.36000061035156,62.18000030517578,60.369998931884766,61.0099983215332,6854400
2009-12-08,42.241153717041016,60.0,61.16999816894531,59.56999969482422,61.0099983215332,8014400
2009-12-09,42.25524139404297,60.02000045776367,60.59999847412109,58.97999954223633,60.25,9348800
2009-12-10,43.28310775756836,61.47999954223633,61.59000015258789,60.18999862670898,60.68999862670898,8126200
2009-12-11,43.21271896362305,61.380001068115234,62.04999923706055,61.0,61.709999084472656,5705200
2009-12-14,43.62807083129883,61.970001220703125,62.380001068115234,61.63999938964844,62.06999969482422,4879600
2009-12-15,43.81816101074219,62.2400016784668,63.09000015258789,61.75,62.119998931884766,6608200
2009-12-16,44.726348876953125,63.52999877929688,64.4000015258789,62.470001220703125,62.54999923706055,7310400
2009-12-17,44.050479888916016,62.56999969482422,63.4900016784668,62.400001525878906,63.060001373291016,5978200
2009-12-18,44.31800842285156,62.95000076293945,63.65999984741211,62.650001525878906,63.20000076293945,10903200
2009-12-21,44.89530563354492,63.77000045776367,64.86000061035156,63.209999084472656,63.45000076293945,5884500
2009-12-22,45.04315948486328,63.97999954223633,64.75,63.75,64.04000091552734,4906700
2009-12-23,45.92318344116211,65.2300033569336,65.91000366210938,64.55000305175781,65.0,5447500
2009-12-24,46.00766372680664,65.3499984741211,65.80000305175781,65.16000366210938,65.41000366210938,1492400
2009-12-28,46.26814651489258,65.72000122070312,66.44000244140625,65.44999694824219,65.95999908447266,3665800
2009-12-29,45.90205383300781,65.19999694824219,66.27999877929688,64.77999877929688,66.0,3381600
2009-12-30,46.15549087524414,65.55999755859375,65.5999984741211,64.66999816894531,64.94999694824219,2798700
2009-12-31,45.824615478515625,65.08999633789062,66.0,65.05000305175781,65.63999938964844,3451200
2010-01-04,47.24673080444336,67.11000061035156,67.19999694824219,66.12000274658203,66.38999938964844,5771300
2010-01-05,47.3804817199707,67.30000305175781,67.62000274658203,66.7300033569336,66.98999786376953,7365300
2010-01-06,48.43650817871094,68.80000305175781,68.94000244140625,67.02999877929688,67.16999816894531,9950000
2010-01-07,48.93636703491211,69.51000213623047,69.80999755859375,68.20999908447266,68.48999786376953,7691900
2010-01-08,49.738956451416016,70.6500015258789,72.0,69.08999633789062,69.19000244140625,13487200
2010-01-11,49.738956451416016,70.6500015258789,71.55999755859375,69.37000274658203,71.30000305175781,10301600
2010-01-12,48.992671966552734,69.58999633789062,70.70999908447266,68.80000305175781,69.19999694824219,9407300
2010-01-13,49.87976837158203,70.8499984741211,71.08000183105469,68.22000122070312,69.70999908447266,8803900
2010-01-14,50.18954086303711,71.29000091552734,71.83000183105469,70.11000061035156,70.11000061035156,7211800
2010-01-15,49.86566925048828,70.83000183105469,71.97000122070312,70.13999938964844,71.22000122070312,12585500
2010-01-19,49.93607711791992,70.93000030517578,71.25,69.54000091552734,69.87000274658203,7363000
2010-01-20,48.64067840576172,69.08999633789062,70.1500015258789,67.9800033569336,69.7699966430664,10724500
2010-01-21,48.0915412902832,68.30999755859375,69.48999786376953,67.5199966430664,69.0199966430664,11573600
2010-01-22,45.93021774291992,65.23999786376953,68.37999725341797,64.91999816894531,67.38999938964844,14339800
2010-01-25,46.33151245117188,65.80999755859375,66.58000183105469,64.5,65.69000244140625,9890500
2010-01-26,46.28926467895508,65.75,67.75,64.7699966430664,65.25,9105700
2010-01-27,46.25406646728516,65.69999694824219,66.29000091552734,64.81999969482422,65.45999908447266,9693300
2010-01-28,45.500762939453125,64.62999725341797,66.75,64.2300033569336,66.12000274658203,8888400
2010-01-29,44.67706680297852,63.459999084472656,66.19000244140625,62.88999938964844,65.4000015258789,11921200
2010-02-01,45.613407135009766,64.79000091552734,65.19999694824219,63.93000030517578,64.30000305175781,8508100
2010-02-02,46.54973983764648,66.12000274658203,66.52999877929688,64.97000122070312,65.5,7972100
2010-02-03,46.45822143554688,65.98999786376953,66.87999725341797,65.56999969482422,65.72000122070312,6110700
2010-02-04,44.00120544433594,62.5,65.19000244140625,62.33000183105469,64.98999786376953,9732100
2010-02-05,43.691444396972656,62.060001373291016,63.16999816894531,60.2599983215332,62.61000061035156,11505100
2010-02-08,43.733665466308594,62.119998931884766,63.68000030517578,61.56999969482422,62.22999954223633,7956800
2010-02-09,44.88826751708984,63.7599983215332,64.98999786376953,63.0,63.130001068115234,9163500
2010-02-10,44.81083297729492,63.650001525878906,64.25,62.34999847412109,63.61000061035156,6904200
2010-02-11,45.59228897094727,64.76000213623047,64.9000015258789,62.54999923706055,63.560001373291016,7325000
2010-02-12,45.41571044921875,64.30000305175781,64.7300033569336,63.119998931884766,63.70000076293945,8400000
2010-02-16,46.369239807128906,65.6500015258789,65.75,64.56999969482422,65.33000183105469,6115900
2010-02-17,46.21383285522461,65.43000030517578,66.0,64.87999725341797,65.83000183105469,6430200
2010-02-18,46.48222732543945,65.80999755859375,66.33000183105469,65.08999633789062,65.87999725341797,7704400
2010-02-19,45.1331901550293,63.900001525878906,64.38999938964844,62.97999954223633,63.36000061035156,18088700
2010-02-22,43.48747634887695,61.56999969482422,61.93999862670898,59.75,60.09000015258789,87130600
2010-02-23,43.0001335144043,60.880001068115234,61.720001220703125,60.15999984741211,61.5,35857500
2010-02-24,43.02131271362305,60.90999984741211,61.5,60.36000061035156,61.130001068115234,22980900
2010-02-25,42.95068740844727,60.810001373291016,60.93999862670898,59.41999816894531,60.09000015258789,17558200
2010-02-26,43.1555061340332,61.09999847412109,61.400001525878906,60.52000045776367,61.130001068115234,15524000
2010-03-01,43.38154220581055,61.41999816894531,61.97999954223633,60.959999084472656,61.83000183105469,12843400
2010-03-02,44.3633041381836,62.810001373291016,62.880001068115234,61.0,61.59000015258789,17688300
2010-03-03,44.65993881225586,63.22999954223633,64.02999877929688,63.02999877929688,63.38999938964844,15293200
2010-03-04,44.412742614746094,62.880001068115234,63.72999954223633,62.27000045776367,63.2400016784668,12989200
2010-03-05,45.069618225097656,63.810001373291016,63.93999862670898,63.209999084472656,63.40999984741211,11023900
2010-03-08,45.54286193847656,64.4800033569336,64.6500015258789,63.77999877929688,63.83000183105469,12253000
2010-03-09,45.27445602416992,64.0999984741211,64.56999969482422,63.70000076293945,64.04000091552734,12032000
2010-03-10,45.34507369995117,64.19999694824219,64.5199966430664,63.22999954223633,64.01000213623047,11854600
2010-03-11,45.1331901550293,63.900001525878906,64.19000244140625,63.34999847412109,64.05999755859375,8021300
2010-03-12,45.585227966308594,64.54000091552734,64.66999816894531,63.79999923706055,64.16999816894531,8398200
2010-03-15,45.42276382446289,64.30999755859375,64.66999816894531,63.29999923706055,64.0999984741211,10054100
2010-03-16,46.27739715576172,65.5199966430664,65.66000366210938,64.16999816894531,64.80999755859375,9911800
2010-03-17,47.04021835327149,66.5999984741211,66.9800033569336,65.5,65.7699966430664,12425700
2010-03-18,46.08670425415039,65.25,66.7300033569336,64.80000305175781,66.5,12906100
2010-03-19,45.42984390258789,64.31999969482422,65.77999877929688,63.7400016784668,64.31999969482422,18665900
2010-03-22,44.843597412109375,63.4900016784668,64.30000305175781,62.040000915527344,62.70000076293945,15691300
2010-03-23,44.5186882019043,63.02999877929688,63.970001220703125,62.77999877929688,63.52999877929688,10663100
2010-03-24,43.93952178955078,62.209999084472656,63.310001373291016,62.0099983215332,62.40999984741211,11762400
2010-03-25,42.91537094116211,60.7599983215332,63.25,60.66999816894531,62.84999847412109,12399200
2010-03-26,43.558101654052734,61.66999816894531,61.9900016784668,61.09999847412109,61.119998931884766,11645300
2010-03-29,44.54693603515625,63.06999969482422,63.400001525878906,62.18000030517578,62.31999969482422,10952500
2010-03-30,44.53282165527344,63.04999923706055,63.83000183105469,62.77000045776367,63.29999923706055,10340600
2010-03-31,44.82240676879883,63.459999084472656,63.560001373291016,62.93999862670898,63.43000030517578,11957700
2010-04-01,45.60640335083008,64.56999969482422,64.87000274658203,63.970001220703125,64.23999786376953,11194100
2010-04-05,46.45396423339844,65.7699966430664,66.2300033569336,64.76000213623047,65.02999877929688,9733800
2010-04-06,47.174415588378906,66.79000091552734,67.0199966430664,65.80000305175781,65.88999938964844,10429500
2010-04-07,46.64469146728516,66.04000091552734,66.8499984741211,65.68000030517578,66.8499984741211,9757000
2010-04-08,47.05434036254883,66.62000274658203,66.79000091552734,65.04000091552734,65.4800033569336,8790900
2010-04-09,46.990760803222656,66.52999877929688,67.3499984741211,66.2300033569336,67.06999969482422,7648400
2010-04-12,46.83537673950195,66.30999755859375,66.83999633789062,66.1500015258789,66.19999694824219,5928200
2010-04-13,46.27034759521485,65.51000213623047,66.4000015258789,64.61000061035156,66.4000015258789,10312400
2010-04-14,47.393367767333984,67.0999984741211,67.41999816894531,65.7699966430664,66.0,9175700
2010-04-15,47.47106552124024,67.20999908447266,67.5,66.68000030517578,67.01000213623047,5998100
2010-04-16,46.47517395019531,65.80000305175781,67.16000366210938,64.86000061035156,66.45999908447266,11292900
2010-04-19,46.07964706420898,65.23999786376953,65.91999816894531,64.51000213623047,65.18000030517578,9762400
2010-04-20,47.92310333251953,67.8499984741211,68.0,66.19000244140625,66.4000015258789,11961900
2010-04-21,48.04316329956055,68.0199966430664,68.5,67.16999816894531,67.88999938964844,8688900
2010-04-22,48.15618133544922,68.18000030517578,68.41000366210938,66.77999877929688,67.26000213623047,11255300
2010-04-23,51.334571838378906,72.68000030517578,73.19000244140625,69.9000015258789,70.13999938964844,22082900
2010-04-26,51.34163284301758,72.69000244140625,73.16999816894531,72.25,72.5999984741211,10580700
2010-04-27,49.66062545776367,70.30999755859375,72.58999633789062,70.0,72.38999938964844,14671400
2010-04-28,50.15504455566406,71.01000213623047,71.13999938964844,69.12000274658203,70.7699966430664,10860300
2010-04-29,51.66653823852539,73.1500015258789,73.98999786376953,71.30000305175781,72.2699966430664,27991300
2010-04-30,50.44461441040039,71.41999816894531,73.80000305175781,70.52999877929688,73.33000183105469,24492000
2010-05-03,50.36692428588867,71.30999755859375,71.9800033569336,70.05999755859375,71.12000274658203,14228400
2010-05-04,48.70004653930664,68.94999694824219,70.55999755859375,68.51000213623047,69.55000305175781,14154100
2010-05-05,47.53463363647461,67.30000305175781,68.31999969482422,66.44000244140625,67.36000061035156,14303300
2010-05-06,46.1573371887207,65.3499984741211,68.11000061035156,61.0,67.12000274658203,18571600
2010-05-07,44.39862823486328,62.86000061035156,65.63999938964844,62.209999084472656,64.58999633789062,21513600
2010-05-10,47.20269012451172,66.83000183105469,67.0,65.5199966430664,65.5199966430664,19198700
2010-05-11,47.20973587036133,66.83999633789062,67.88999938964844,65.95999908447266,66.02999877929688,11655400
2010-05-12,47.07553863525391,66.6500015258789,67.6500015258789,65.61000061035156,67.30999755859375,11561700
2010-05-13,47.280364990234375,66.94000244140625,68.31999969482422,65.9800033569336,67.06999969482422,9807600
2010-05-14,45.82535934448242,64.87999725341797,66.68000030517578,64.0199966430664,66.54000091552734,12514100
2010-05-17,45.30976867675781,64.1500015258789,65.38999938964844,62.5,65.22000122070312,12538500
2010-05-18,45.02016830444336,63.7400016784668,66.1500015258789,63.45000076293945,65.11000061035156,13130100
2010-05-19,44.207916259765625,62.59000015258789,64.41000366210938,61.63999938964844,63.45000076293945,15471800
2010-05-20,41.82765197753906,59.220001220703125,61.15999984741211,58.93000030517578,60.91999816894531,19423500
2010-05-21,42.73172378540039,60.5,60.66999816894531,57.54999923706055,57.790000915527344,21535400
2010-05-24,40.68343734741211,57.59999847412109,60.540000915527344,57.54999923706055,60.130001068115234,19525800
2010-05-25,41.29084777832031,58.459999084472656,58.59000015258789,55.65999984741211,56.04999923706055,20573000
2010-05-26,41.49568939208984,58.75,60.34000015258789,58.650001525878906,59.33000183105469,17318000
2010-05-27,42.392696380615234,60.02000045776367,61.08000183105469,58.59999847412109,60.58000183105469,20613000
2010-05-28,39.798526763916016,56.150001525878906,59.810001373291016,55.459999084472656,59.47999954223633,27777000
2010-06-01,36.67986679077149,51.75,54.45000076293945,51.66999816894531,54.45000076293945,35731200
2010-06-02,39.91191864013672,56.310001373291016,56.41999816894531,53.34999847412109,53.720001220703125,26839300
2010-06-03,40.13875579833984,56.630001068115234,57.52999877929688,54.45000076293945,57.33000183105469,25274400
2010-06-04,39.5079460144043,55.7400016784668,57.95000076293945,55.16999816894531,55.70000076293945,20070400
2010-06-07,38.43765640258789,54.22999954223633,56.59999847412109,54.11000061035156,55.869998931884766,14146300
2010-06-08,39.380348205566406,55.560001373291016,55.709999084472656,53.84999847412109,54.43000030517578,16140500
2010-06-09,39.31655502319336,55.470001220703125,57.93999862670898,55.209999084472656,56.34999847412109,13576100
2010-06-10,41.9390754699707,59.16999816894531,59.34999847412109,57.34999847412109,57.790000915527344,16931400
2010-06-11,42.1588020324707,59.47999954223633,59.709999084472656,58.220001220703125,58.43999862670898,10919100
2010-06-14,41.577598571777344,58.65999984741211,60.90999984741211,58.5099983215332,60.400001525878906,11821200
2010-06-15,43.14402389526367,60.869998931884766,61.060001373291016,59.150001525878906,59.709999084472656,9340600
2010-06-16,43.101505279541016,60.810001373291016,61.650001525878906,59.790000915527344,59.790000915527344,9602000
2010-06-17,43.491329193115234,61.36000061035156,61.59000015258789,60.560001373291016,61.36000061035156,9951400
2010-06-18,42.90303039550781,60.52999877929688,61.2400016784668,59.459999084472656,61.13999938964844,16572100
2010-06-21,42.76127624511719,60.33000183105469,61.88999938964844,59.810001373291016,61.63999938964844,10320700
2010-06-22,41.29408645629883,58.2599983215332,60.560001373291016,58.18999862670898,60.33000183105469,15054100
2010-06-23,41.34368133544922,58.33000183105469,58.7400016784668,57.43999862670898,58.22999954223633,8165300
2010-06-24,40.50024032592773,57.13999938964844,58.310001373291016,56.869998931884766,58.040000915527344,7830400
2010-06-25,41.26572036743164,58.220001220703125,58.5,56.650001525878906,57.36000061035156,24144300
2010-06-28,40.64198684692383,57.34000015258789,58.290000915527344,57.06999969482422,57.84999847412109,8834400
2010-06-29,39.04012680053711,55.08000183105469,56.58000183105469,54.84999847412109,56.119998931884766,12915500
2010-06-30,39.22441101074219,55.34000015258789,56.619998931884766,55.02000045776367,55.34000015258789,13046800
2010-07-01,39.16771697998047,55.2599983215332,55.79999923706055,53.61000061035156,55.290000915527344,14512400
2010-07-02,38.955074310302734,54.959999084472656,56.15999984741211,54.220001220703125,55.2599983215332,11996700
2010-07-06,39.36616897583008,55.540000915527344,56.72999954223633,54.70000076293945,56.150001525878906,10999000
2010-07-07,40.78374099731445,57.540000915527344,57.54999923706055,55.400001525878906,55.68000030517578,12151000
2010-07-08,41.49253845214844,58.540000915527344,58.540000915527344,57.02000045776367,58.36000061035156,9054900
2010-07-09,41.5067138671875,58.560001373291016,58.86000061035156,57.84999847412109,58.59999847412109,6312900
2010-07-12,41.2869873046875,58.25,58.959999084472656,57.59999847412109,58.41999816894531,7019600
2010-07-13,41.54924392700195,58.619998931884766,59.70000076293945,58.560001373291016,59.09999847412109,9267000
2010-07-14,41.74062728881836,58.88999938964844,59.52000045776367,57.93000030517578,58.400001525878906,7879700
2010-07-15,41.58467483520508,58.66999816894531,58.91999816894531,57.41999816894531,58.91999816894531,11485800
2010-07-16,40.17419052124024,56.68000030517578,58.5099983215332,56.59999847412109,58.5,17111800
2010-07-19,41.924896240234375,59.150001525878906,59.68000030517578,57.34000015258789,57.77000045776367,14266600
2010-07-20,43.26451873779297,61.040000915527344,61.33000183105469,58.02000045776367,58.4900016784668,13817800
2010-07-21,42.23676681518555,59.59000015258789,61.5,58.90999984741211,61.25,12534900
2010-07-22,43.44879913330078,61.29999923706055,61.869998931884766,60.27000045776367,60.5,12752300
2010-07-23,42.06665802001953,59.34999847412109,60.0,58.20000076293945,59.08000183105469,18903000
2010-07-26,41.71226501464844,58.84999847412109,59.650001525878906,57.84000015258789,59.650001525878906,9594800
2010-07-27,41.76897811889648,58.93000030517578,59.25,57.58000183105469,59.25,13798400
2010-07-28,42.33600234985352,59.72999954223633,60.06999969482422,58.61000061035156,58.91999816894531,10541400
2010-07-29,42.3927001953125,59.810001373291016,60.97999954223633,58.709999084472656,60.150001525878906,10262400
2010-07-30,42.286380767822266,59.65999984741211,60.0,58.720001220703125,58.90999984741211,8901600
2010-08-02,44.46945571899414,62.7400016784668,63.369998931884766,60.88999938964844,60.959999084472656,15300200
2010-08-03,44.55451965332031,62.86000061035156,63.369998931884766,61.84000015258789,61.84000015258789,11709800
2010-08-04,44.59703063964844,62.91999816894531,63.720001220703125,62.34999847412109,62.869998931884766,8673400
2010-08-05,44.83803176879883,63.2599983215332,63.27999877929688,61.93999862670898,62.630001068115234,5842000
2010-08-06,44.18593215942383,62.34000015258789,63.290000915527344,61.43000030517578,62.7599983215332,7151800
2010-08-09,44.47654724121094,62.75,63.18999862670898,62.43999862670898,62.84000015258789,4657700
2010-08-10,44.051265716552734,62.150001525878906,62.52999877929688,61.15999984741211,61.900001525878906,6889400
2010-08-11,42.56990432739258,60.060001373291016,61.08000183105469,59.630001068115234,60.97999954223633,9892000
2010-08-12,42.03123474121094,59.29999923706055,59.88999938964844,58.630001068115234,58.72999954223633,7802900
2010-08-13,41.648468017578125,58.7599983215332,59.84000015258789,58.720001220703125,59.0,5605500
2010-08-16,42.08083724975586,59.369998931884766,59.83000183105469,58.400001525878906,58.5099983215332,5973300
2010-08-17,42.74709701538086,60.310001373291016,60.9900016784668,59.63999938964844,60.0,5836800
2010-08-18,41.94615936279297,59.18000030517578,60.16999816894531,58.720001220703125,60.06999969482422,8503600
2010-08-19,40.982208251953125,57.81999969482422,59.150001525878906,57.369998931884766,59.04999923706055,8520200
2010-08-20,40.01826477050781,56.459999084472656,57.43000030517578,55.81999969482422,57.150001525878906,9342100
2010-08-23,39.56462478637695,55.81999969482422,56.72999954223633,55.5,55.630001068115234,10497100
2010-08-24,38.82041549682617,54.77000045776367,56.36000061035156,54.66999816894531,54.86000061035156,15218100
2010-08-25,38.763702392578125,54.68999862670898,54.91999816894531,53.95000076293945,54.709999084472656,9070900
2010-08-26,37.89188003540039,53.459999084472656,55.41999816894531,53.41999816894531,55.18999862670898,13380200
2010-08-27,39.52210235595703,55.7599983215332,55.93999862670898,53.43999862670898,53.91999816894531,12558600
2010-08-30,38.54026794433594,54.16999816894531,55.91999816894531,54.09999847412109,55.61000061035156,9392600
2010-08-31,37.94264602661133,53.33000183105469,54.0099983215332,52.90999984741211,53.90999984741211,13104300
2010-09-01,39.25886535644531,55.18000030517578,55.40999984741211,53.900001525878906,54.09999847412109,11269600
2010-09-02,40.14106750488281,56.41999816894531,56.470001220703125,55.08000183105469,55.52999877929688,8583300
2010-09-03,40.81697082519531,57.369998931884766,57.900001525878906,56.790000915527344,57.16999816894531,9442800
2010-09-07,40.64622497558594,57.130001068115234,57.5099983215332,56.61000061035156,57.43000030517578,9281700
2010-09-08,41.50711441040039,58.34000015258789,58.900001525878906,57.130001068115234,57.27999877929688,8950300
2010-09-09,41.64228439331055,58.52999877929688,59.380001068115234,58.36000061035156,59.150001525878906,7350100
2010-09-10,42.19723129272461,59.310001373291016,59.77999877929688,58.7400016784668,59.13999938964844,7791700
2010-09-13,42.79487609863281,60.150001525878906,60.45000076293945,59.720001220703125,59.93000030517578,7280700
2010-09-14,41.86995697021485,58.84999847412109,59.9900016784668,58.040000915527344,59.97999954223633,13382300
2010-09-15,41.4003791809082,58.18999862670898,59.43000030517578,57.27999877929688,58.52000045776367,15781100
2010-09-16,41.39326477050781,58.18000030517578,58.54999923706055,57.70000076293945,58.0,6871700
2010-09-17,41.33636093139648,58.09999847412109,58.869998931884766,58.09000015258789,58.66999816894531,9750100
2010-09-20,41.86285781860352,58.84000015258789,59.130001068115234,57.77000045776367,58.209999084472656,9372100
2010-09-21,42.18301010131836,59.290000915527344,59.810001373291016,58.65999984741211,58.84999847412109,8339000
2010-09-22,41.96245193481445,58.97999954223633,59.93000030517578,58.790000915527344,59.400001525878906,6702000
2010-09-23,41.34347152709961,58.11000061035156,58.84000015258789,57.79999923706055,58.11000061035156,8540000
2010-09-24,43.14348983764648,60.63999938964844,61.060001373291016,58.90999984741211,59.119998931884766,9836300
2010-09-27,42.58852767944336,59.86000061035156,61.06999969482422,59.66999816894531,61.02999877929688,7828500
2010-09-28,42.89446258544922,60.290000915527344,60.43999862670898,59.38999938964844,59.970001220703125,8281600
2010-09-29,43.76957702636719,61.52000045776367,62.16999816894531,60.11000061035156,60.369998931884766,9778600
2010-09-30,43.833621978759766,61.61000061035156,62.959999084472656,61.290000915527344,62.209999084472656,10171200
2010-10-01,44.41700744628906,62.43000030517578,62.84999847412109,61.79999923706055,62.369998931884766,8841500
2010-10-04,43.54189682006836,61.20000076293945,63.0,60.56999969482422,62.27999877929688,7277500
2010-10-05,44.79409790039063,62.959999084472656,63.20000076293945,61.869998931884766,62.13999938964844,9926500
2010-10-06,44.91504287719727,63.130001068115234,63.91999816894531,62.72999954223633,62.810001373291016,8339500
2010-10-07,44.81543731689453,62.9900016784668,63.68000030517578,62.41999816894531,63.68000030517578,7831300
2010-10-08,45.220970153808594,63.560001373291016,63.790000915527344,61.59999847412109,62.7400016784668,8344400
2010-10-11,45.17828750610352,63.5,64.08999633789062,62.869998931884766,63.38999938964844,5621700
2010-10-12,44.58064651489258,62.65999984741211,63.22999954223633,61.970001220703125,63.15999984741211,12047900
2010-10-13,45.975128173828125,64.62000274658203,64.9800033569336,63.2599983215332,63.4900016784668,10551300
2010-10-14,45.7190055847168,64.26000213623047,64.9800033569336,63.70000076293945,64.7300033569336,8009000
2010-10-15,45.88975143432617,64.5,64.87999725341797,63.52000045776367,64.70999908447266,11585900
2010-10-18,45.89687347412109,64.51000213623047,65.66000366210938,63.52999877929688,63.900001525878906,8083000
2010-10-19,44.92216873168945,63.13999938964844,63.880001068115234,62.36000061035156,63.619998931884766,13664200
2010-10-20,45.74033737182617,64.29000091552734,64.75,63.11000061035156,63.43999862670898,8642700
2010-10-21,45.754581451416016,64.30999755859375,64.94999694824219,63.5,64.5,10354600
2010-10-22,48.216251373291016,67.7699966430664,68.19999694824219,66.01000213623047,66.06999969482422,14852800
2010-10-25,48.756980895996094,68.52999877929688,69.91000366210938,68.48999786376953,68.52999877929688,12847200
2010-10-26,49.16962814331055,69.11000061035156,69.58999633789062,68.20999908447266,68.44000244140625,9675000
2010-10-27,49.262115478515625,69.23999786376953,69.3499984741211,67.5999984741211,68.23999786376953,7859900
2010-10-28,49.64628982543945,69.77999877929688,69.9800033569336,68.54000091552734,69.58999633789062,14198400
2010-10-29,49.724571228027344,69.88999938964844,70.2300033569336,69.02999877929688,69.48999786376953,12555700
2010-11-01,49.92377853393555,70.16999816894531,70.45999908447266,69.54000091552734,70.44000244140625,12298100
2010-11-02,50.84868621826172,71.47000122070312,72.08000183105469,70.61000061035156,70.87000274658203,9437600
2010-11-03,51.37517547607422,72.20999908447266,72.20999908447266,70.94999694824219,71.69999694824219,9473200
2010-11-04,53.92935562133789,75.80000305175781,75.83999633789062,73.63999938964844,73.83999633789062,14364800
2010-11-05,53.829776763916016,75.66000366210938,76.33000183105469,74.66000366210938,75.44999694824219,11414200
2010-11-08,53.246337890625,74.83999633789062,75.66000366210938,74.23999786376953,75.38999938964844,10578800
2010-11-09,52.5918083190918,73.91999816894531,76.30000305175781,73.5,75.0999984741211,11238400
2010-11-10,53.11115264892578,74.6500015258789,74.76000213623047,73.2300033569336,73.83000183105469,11753900
2010-11-11,53.37441253662109,75.0199966430664,75.13999938964844,73.5199966430664,73.98999786376953,9052300
2010-11-12,52.72696685791016,74.11000061035156,74.9000015258789,73.23999786376953,73.58999633789062,11112500
2010-11-15,52.862152099609375,74.30000305175781,74.77999877929688,73.80000305175781,74.30999755859375,8442000
2010-11-16,52.06529235839844,73.18000030517578,74.31999969482422,72.5,72.94999694824219,12451900
2010-11-17,52.933292388916016,74.4000015258789,74.7699966430664,72.58000183105469,72.73999786376953,9636900
2010-11-18,53.71590042114258,75.5,75.9800033569336,75.0,75.18000030517578,9381300
2010-11-19,54.37759017944336,76.43000030517578,76.47000122070312,74.27999877929688,75.48999786376953,7682000
2010-11-22,54.35622024536133,76.4000015258789,76.4000015258789,74.62999725341797,75.9000015258789,8319400
2010-11-23,53.673248291015625,75.44000244140625,75.4800033569336,73.83000183105469,75.41999816894531,9621500
2010-11-24,54.88984298706055,77.1500015258789,77.19999694824219,75.69999694824219,75.73999786376953,6859600
2010-11-26,54.057403564453125,75.9800033569336,77.3499984741211,75.9800033569336,76.12999725341797,2771200
2010-11-29,54.93494415283203,77.0,77.16000366210938,75.05999755859375,75.9000015258789,8594800
2010-11-30,55.17752456665039,77.33999633789062,77.79000091552734,74.7300033569336,75.44000244140625,11115700
2010-12-01,57.68171310424805,80.8499984741211,81.19999694824219,78.30000305175781,78.30000305175781,11990000
2010-12-02,57.60321044921875,80.73999786376953,81.12000274658203,80.27999877929688,80.55999755859375,7863000
2010-12-03,59.030086517333984,82.73999786376953,83.0,79.66999816894531,79.66999816894531,10792400
2010-12-06,59.115718841552734,82.86000061035156,83.20999908447266,81.30000305175781,82.73999786376953,6948200
2010-12-07,57.78871154785156,81.0,84.11000061035156,80.72000122070312,83.88999938964844,9649600
2010-12-08,57.71735763549805,80.9000015258789,81.83999633789062,80.30000305175781,81.18000030517578,7405100
2010-12-09,57.95992660522461,81.23999786376953,82.41999816894531,80.51000213623047,82.02999877929688,5713500
2010-12-10,58.1739501953125,81.54000091552734,81.83999633789062,80.91999816894531,81.0199966430664,5861900
2010-12-13,58.80895233154297,82.43000030517578,83.8499984741211,82.19999694824219,82.30999755859375,8058000
2010-12-14,58.02415084838867,81.33000183105469,82.58999633789062,81.01000213623047,82.43000030517578,7112600
2010-12-15,57.58894348144531,80.72000122070312,81.77999877929688,80.55000305175781,80.5999984741211,6427800
2010-12-16,57.8814697265625,81.12999725341797,81.18000030517578,79.70999908447266,80.58000183105469,6678700
2010-12-17,58.0312728881836,81.33999633789062,81.69000244140625,80.70999908447266,81.01000213623047,7632400
2010-12-20,58.63056945800781,82.18000030517578,82.4000015258789,81.38999938964844,81.54000091552734,5902200
2010-12-21,58.81607437133789,82.44000244140625,82.7300033569336,81.73999786376953,82.31999969482422,5391200
2010-12-22,59.080020904541016,82.80999755859375,83.16000366210938,82.2300033569336,82.77999877929688,4041700
2010-12-23,58.87312698364258,82.5199966430664,83.0,82.25,82.55000305175781,3738300
2010-12-27,58.80178451538086,82.41999816894531,82.63999938964844,81.69999694824219,81.8499984741211,2858000
2010-12-28,58.651954650878906,82.20999908447266,82.94000244140625,82.19000244140625,82.19000244140625,2753100
2010-12-29,59.66508483886719,83.62999725341797,84.0,82.2699966430664,82.2699966430664,4512500
2010-12-30,59.47242736816406,83.36000061035156,84.0,82.83000183105469,83.70999908447266,3297200
2010-12-31,59.57233047485352,83.5,83.81999969482422,83.0,83.31999969482422,3385000
2011-01-03,59.67931365966797,83.6500015258789,84.55000305175781,83.37000274658203,84.0,5429100
2011-01-04,58.238189697265625,81.62999725341797,84.2300033569336,80.6500015258789,83.80999755859375,8640400
2011-01-05,58.923095703125,82.58999633789062,82.69999694824219,80.5999984741211,80.94000244140625,6215800
2011-01-06,57.45340347290039,80.52999877929688,82.68000030517578,79.73999786376953,82.5999984741211,8257200
2011-01-07,58.188236236572266,81.55999755859375,82.25,80.29000091552734,80.55999755859375,6604800
2011-01-10,57.560394287109375,80.68000030517578,81.47000122070312,80.16999816894531,80.93000030517578,6480600
2011-01-11,58.68763732910156,82.26000213623047,82.45999908447266,81.38999938964844,81.41000366210938,6606700
2011-01-12,60.25007629394531,84.44999694824219,84.48999786376953,82.87999725341797,82.93000030517578,6797800
2011-01-13,60.3570671081543,84.5999984741211,85.30000305175781,83.9000015258789,84.30000305175781,7352900
2011-01-14,62.00516891479492,86.91000366210938,86.95999908447266,84.11000061035156,84.58000183105469,8400900
2011-01-18,61.89812469482422,86.76000213623047,86.9000015258789,85.94000244140625,86.58999633789062,7381700
2011-01-19,61.54141998291016,86.26000213623047,87.69999694824219,85.77999877929688,87.08000183105469,11819700
2011-01-20,60.84224319458008,85.27999877929688,85.33000183105469,82.44000244140625,84.58999633789062,11931900
2011-01-21,59.55806350708008,83.4800033569336,87.55999755859375,82.83999633789062,87.4000015258789,19141800
2011-01-24,60.107398986816406,84.25,84.76000213623047,82.0,84.0,9926200
2011-01-25,59.39394378662109,83.25,84.54000091552734,82.2300033569336,84.26000213623047,9155200
2011-01-26,62.39042282104492,87.44999694824219,87.75,83.83000183105469,83.98999786376953,10597600
2011-01-27,61.341644287109375,85.9800033569336,87.87000274658203,85.51000213623047,87.3499984741211,9216100
2011-01-28,61.83390426635742,86.66999816894531,87.48999786376953,85.70999908447266,87.4000015258789,8792000
2011-01-31,63.48912811279297,88.98999786376953,89.0,86.11000061035156,86.41000366210938,8150600
2011-02-01,63.95283126831055,89.63999938964844,90.41999816894533,88.9000015258789,89.4800033569336,10033100
2011-02-02,63.55327606201172,89.08000183105469,89.80999755859375,88.43000030517578,89.44000244140625,5519300
2011-02-03,63.803009033203125,89.43000030517578,89.54000091552734,87.72000122070312,89.4000015258789,5515400
2011-02-04,63.73167419433594,89.33000183105469,89.97000122070312,88.16000366210938,89.58999633789062,6035400
2011-02-07,64.08838653564453,89.83000183105469,91.23999786376952,89.0999984741211,89.62000274658203,6746200
2011-02-08,63.53905487060547,89.05999755859375,89.69000244140625,87.5999984741211,89.37000274658203,6173300
2011-02-09,63.132362365722656,88.48999786376953,89.63999938964844,87.25,88.38999938964844,6166100
2011-02-10,64.6591567993164,90.62999725341795,90.6999969482422,88.30000305175781,88.58999633789062,6874100
2011-02-11,64.47364807128906,90.37000274658205,91.61000061035156,89.6500015258789,89.98999786376953,5893400
2011-02-14,65.99034118652344,92.23999786376952,92.33999633789062,90.20999908447266,90.20999908447266,5718600
2011-02-15,66.0618667602539,92.33999633789062,92.66000366210938,91.1500015258789,92.08999633789062,7363000
2011-02-16,67.25666809082031,94.01000213623048,94.5,91.77999877929688,92.36000061035156,8895100
2011-02-17,67.51419830322266,94.37000274658205,94.91999816894533,92.45999908447266,92.45999908447266,6732700
2011-02-18,67.99354553222656,95.04000091552734,95.1500015258789,93.6500015258789,94.75,8260700
2011-02-22,66.46967315673828,92.91000366210938,95.63999938964844,91.41000366210938,95.0,13636900
2011-02-23,66.46253204345703,92.9000015258789,94.61000061035156,92.02999877929688,92.1999969482422,10386900
2011-02-24,64.13740539550781,89.6500015258789,92.61000061035156,89.5199966430664,91.8499984741211,11831400
2011-02-25,66.4267807006836,92.8499984741211,92.9800033569336,90.25,90.62999725341795,8013200
2011-02-28,66.83453369140625,93.41999816894533,93.61000061035156,91.81999969482422,93.12999725341795,8325600
2011-03-01,65.46090698242188,91.5,95.0,91.4000015258789,94.48999786376952,9201700
2011-03-02,65.09607696533203,90.98999786376952,91.43000030517578,89.5199966430664,90.86000061035156,9360200
2011-03-03,66.4267807006836,92.8499984741211,93.01000213623048,91.52999877929688,92.3499984741211,7650200
2011-03-04,65.389404296875,91.4000015258789,92.9800033569336,90.4499969482422,92.63999938964844,6040500
2011-03-07,64.5666732788086,90.25,92.33000183105467,89.91999816894531,91.77999877929688,6867200
2011-03-08,64.28048706054688,89.8499984741211,91.36000061035156,89.52999877929688,91.3000030517578,5960800
2011-03-09,63.35042953491211,88.55000305175781,89.9800033569336,88.02999877929688,89.43000030517578,7590600
2011-03-10,60.53169631958008,84.61000061035156,86.9000015258789,84.38999938964844,86.62000274658203,13749600
2011-03-11,61.69782638549805,86.23999786376953,86.87999725341797,83.6500015258789,83.66999816894531,8581000
2011-03-14,61.06827163696289,85.36000061035156,85.80999755859375,83.63999938964844,85.37000274658203,11384400
2011-03-15,60.66763305664063,84.80000305175781,85.48999786376953,82.06999969482422,82.1500015258789,8797200
2011-03-16,59.45141220092773,83.0999984741211,84.86000061035156,81.93000030517578,84.06999969482422,13268400
2011-03-17,62.27732467651367,87.05000305175781,87.5,84.12000274658203,84.80999755859375,11245500
2011-03-18,61.47604751586914,85.93000030517578,88.1500015258789,85.31999969482422,87.76000213623047,11632900
2011-03-21,64.19464111328125,89.7300033569336,89.73999786376953,87.13999938964844,87.13999938964844,8190700
2011-03-22,63.507843017578125,88.7699966430664,89.7300033569336,88.2699966430664,89.31999969482422,6441200
2011-03-23,63.31467819213867,88.5,89.0199966430664,87.62999725341797,88.72000122070312,4816900
2011-03-24,63.02851867675781,88.0999984741211,88.98999786376953,86.70999908447266,88.86000061035156,6523300
2011-03-25,62.162845611572266,86.88999938964844,87.91999816894531,86.37999725341797,87.7300033569336,10845300
2011-03-28,64.69544219970703,90.43000030517578,91.3499984741211,86.2699966430664,86.5199966430664,15765500
2011-03-29,67.50704193115234,94.36000061035156,94.69000244140624,90.16000366210938,90.75,13461600
2011-03-30,66.99909210205078,93.6500015258789,94.83000183105467,92.5199966430664,94.83000183105467,8207800
2011-03-31,66.72006225585938,93.26000213623048,95.29000091552734,93.1500015258789,94.26000213623048,7492400
2011-04-01,67.03482055664062,93.6999969482422,95.0,93.22000122070312,94.0999984741211,5993200
2011-04-04,66.36952209472656,92.7699966430664,94.86000061035156,92.63999938964844,94.33000183105467,6643100
2011-04-05,66.4410629272461,92.87000274658205,94.18000030517578,92.38999938964844,92.58999633789062,7527900
2011-04-06,65.77572631835938,91.94000244140624,93.9000015258789,90.88999938964844,93.61000061035156,7262400
2011-04-07,65.54680633544922,91.62000274658205,92.4000015258789,90.70999908447266,92.13999938964844,6255200
2011-04-08,64.99590301513672,90.8499984741211,92.76000213623048,90.41000366210938,92.6999969482422,7803400
2011-04-11,63.529296875,88.80000305175781,91.87999725341795,88.4000015258789,90.9800033569336,8314700
2011-04-12,61.69782638549805,86.23999786376953,88.18000030517578,85.55000305175781,87.79000091552734,10670700
2011-04-13,61.37588882446289,85.79000091552734,87.27999877929688,85.6500015258789,86.86000061035156,7479400
2011-04-14,61.54043960571289,86.0199966430664,86.3499984741211,84.72000122070312,85.13999938964844,6720200
2011-04-15,61.998291015625,86.66000366210938,87.18000030517578,85.19000244140625,86.69999694824219,8173300
2011-04-18,60.63184356689453,84.75,85.4000015258789,83.5999984741211,85.11000061035156,9273900
2011-04-19,61.61909866333008,86.12999725341797,86.25,84.45999908447266,84.63999938964844,8700100
2011-04-20,62.878265380859375,87.88999938964844,88.08000183105469,87.0999984741211,87.62000274658203,8503200
2011-04-21,64.23041534423828,89.77999877929688,91.16000366210938,88.97000122070312,89.41000366210938,10957100
2011-04-25,62.99273681640625,88.05000305175781,89.77999877929688,87.5999984741211,89.55999755859375,5486000
2011-04-26,64.00863647460938,89.47000122070312,89.73999786376953,88.0199966430664,88.19000244140625,5999300
2011-04-27,63.94427108764648,89.37999725341797,90.12999725341795,87.33000183105469,89.83999633789062,7656300
2011-04-28,63.751068115234375,89.11000061035156,89.73999786376953,87.95999908447266,88.0999984741211,4793000
2011-04-29,64.20893859863281,89.75,90.0,87.94999694824219,88.80999755859375,6900000
2011-05-02,62.80672454833984,87.79000091552734,90.91999816894533,86.9000015258789,89.94000244140625,8564400
2011-05-03,61.41881561279297,85.8499984741211,87.93000030517578,85.19000244140625,87.20999908447266,8361200
2011-05-04,60.66048431396485,84.79000091552734,85.88999938964844,83.80999755859375,85.88999938964844,8643300
2011-05-05,59.265380859375,82.83999633789062,85.4000015258789,81.73999786376953,83.01000213623047,13356100
2011-05-06,59.13661956787109,82.66000366210938,85.12999725341797,81.95999908447266,84.08999633789062,10724200
2011-05-09,59.80197525024414,83.58999633789062,84.02999877929688,82.66999816894531,83.4000015258789,8670500
2011-05-10,60.44584655761719,84.48999786376953,85.23999786376953,83.4800033569336,84.02999877929688,7293700
2011-05-11,58.843292236328125,82.25,84.2699966430664,80.83000183105469,84.2699966430664,12673300
2011-05-12,59.75189971923828,83.5199966430664,84.06999969482422,81.33000183105469,82.19000244140625,13427300
2011-05-13,59.172393798828125,82.70999908447266,84.25,81.72000122070312,83.68000030517578,10234500
2011-05-16,58.80037689208984,82.19000244140625,83.66000366210938,81.8499984741211,82.19999694824219,9597500
2011-05-17,58.707366943359375,82.05999755859375,82.66000366210938,80.8499984741211,81.41000366210938,11787500
2011-05-18,59.91643524169922,83.75,84.41000366210938,82.25,82.48999786376953,8621700
2011-05-19,59.79481506347656,83.58000183105469,84.5999984741211,82.8499984741211,84.1500015258789,7768000
2011-05-20,59.73759460449219,83.5,84.31999969482422,82.30000305175781,83.33000183105469,8242200
2011-05-23,58.72167205810547,82.08000183105469,82.41999816894531,81.37999725341797,81.86000061035156,6315800
2011-05-24,59.58017349243164,83.27999877929688,84.5199966430664,82.81999969482422,82.81999969482422,9057800
2011-05-25,60.1596565246582,84.08999633789062,84.7699966430664,82.77999877929688,82.77999877929688,10897200
2011-05-26,60.94664764404297,85.19000244140625,85.43000030517578,83.8499984741211,84.0,6455100
2011-05-27,60.78161239624024,84.70999908447266,86.4800033569336,84.55999755859375,85.48999786376953,6360900
2011-05-31,61.50630187988281,85.72000122070312,86.33999633789062,84.83999633789062,86.06999969482422,7380300
2011-06-01,59.69098281860352,83.19000244140625,86.13999938964844,82.86000061035156,85.7300033569336,8074900
2011-06-02,60.480262756347656,84.29000091552734,84.75,82.9000015258789,83.30999755859375,8082900
2011-06-03,61.01839828491211,85.04000091552734,86.1500015258789,82.66999816894531,82.87000274658203,8344200
2011-06-06,59.59769058227539,83.05999755859375,85.4800033569336,82.80999755859375,85.22000122070312,7455400
2011-06-07,59.468544006347656,82.87999725341797,84.58999633789062,82.83999633789062,84.20999908447266,5975300
2011-06-08,60.07841873168945,83.7300033569336,84.58999633789062,82.88999938964844,82.9000015258789,7472100
2011-06-09,61.5924072265625,85.83999633789062,86.5199966430664,84.11000061035156,84.18000030517578,8700500
2011-06-10,60.02819442749024,83.66000366210938,85.5199966430664,83.56999969482422,85.19999694824219,7328400
2011-06-13,59.3393783569336,82.69999694824219,84.48999786376953,81.66000366210938,83.7699966430664,7053100
2011-06-14,60.63092422485352,84.5,85.1500015258789,83.94999694824219,84.25,7476300
2011-06-15,59.31068420410156,82.66000366210938,85.23999786376953,82.04000091552734,83.54000091552734,8695300
2011-06-16,59.01648712158203,82.25,83.41000366210938,81.4000015258789,82.76000213623047,8468400
2011-06-17,58.68643569946289,81.79000091552734,82.94000244140625,81.33000183105469,82.94000244140625,7916800
2011-06-20,58.93038940429688,82.12999725341797,82.7300033569336,80.91000366210938,81.37000274658203,6434600
2011-06-21,59.91341400146485,83.5,84.18000030517578,82.37999725341797,82.4800033569336,6475900
2011-06-22,59.970802307128906,83.58000183105469,84.79000091552734,82.88999938964844,83.08999633789062,6003000
2011-06-23,59.604862213134766,83.06999969482422,83.20999908447266,80.25,81.04000091552734,10391400
2011-06-24,58.06219482421875,80.91999816894531,83.19999694824219,80.63999938964844,83.12000274658203,9958000
2011-06-27,57.86125946044922,80.63999938964844,81.2699966430664,79.55000305175781,80.30999755859375,8411700
2011-06-28,60.523284912109375,84.3499984741211,84.61000061035156,81.36000061035156,81.4800033569336,11133500
2011-06-29,61.1403694152832,85.20999908447266,86.4000015258789,84.0,84.81999969482422,9570300
2011-06-30,61.99422836303711,86.4000015258789,86.79000091552734,85.5,85.5,8670400
2011-07-01,62.855262756347656,87.5999984741211,87.73999786376953,85.25,85.88999938964844,7299600
2011-07-05,63.393402099609375,88.3499984741211,88.7300033569336,87.1500015258789,87.37000274658203,6140700
2011-07-06,63.93869400024414,89.11000061035156,89.2699966430664,87.8499984741211,88.5,6884100
2011-07-07,64.86431884765625,90.4000015258789,90.88999938964844,89.30000305175781,89.98999786376953,8340400
2011-07-08,64.5486068725586,89.95999908447266,90.29000091552734,88.22000122070312,88.37999725341797,6410600
2011-07-11,63.192481994628906,88.06999969482422,88.9000015258789,87.45999908447266,88.13999938964844,6201900
2011-07-12,62.30992126464844,86.83999633789062,87.97000122070312,86.68000030517578,87.38999938964844,8460000
2011-07-13,62.42475891113281,87.0,88.6500015258789,86.54000091552734,86.73999786376953,7116900
2011-07-14,61.6497917175293,85.91999816894531,87.62999725341797,85.76000213623047,87.2300033569336,6905000
2011-07-15,63.13510513305664,87.98999786376953,88.19999694824219,86.47000122070312,86.63999938964844,8109800
2011-07-18,62.57545852661133,87.20999908447266,88.04000091552734,86.69999694824219,88.04000091552734,7884600
2011-07-19,63.64452362060547,88.69999694824219,88.98999786376953,87.66000366210938,88.13999938964844,6959500
2011-07-20,63.43643569946289,88.41000366210938,89.55000305175781,88.11000061035156,89.55000305175781,6259200
2011-07-21,65.26615905761719,90.95999908447266,91.0199966430664,88.97000122070312,88.9800033569336,11176300
2011-07-22,67.31108093261719,93.80999755859376,94.44000244140624,92.25,93.16999816894533,15458500
2011-07-25,67.94969940185547,94.6999969482422,95.52999877929688,92.70999908447266,92.75,10266700
2011-07-26,67.39718627929688,93.93000030517578,94.95999908447266,93.66000366210938,94.54000091552734,8456400
2011-07-27,65.78277587890625,91.68000030517578,93.79000091552734,91.3499984741211,93.12000274658205,8745000
2011-07-28,65.58183288574219,91.4000015258789,92.7300033569336,91.36000061035156,91.5199966430664,6977200
2011-07-29,64.84280395507812,90.37000274658205,91.54000091552734,89.80000305175781,90.04000091552734,9173600
2011-08-01,64.72797393798828,90.20999908447266,92.22000122070312,89.19000244140625,91.86000061035156,8591900
2011-08-02,62.86959457397461,87.62000274658203,90.9000015258789,87.52999877929688,89.20999908447266,10362700
2011-08-03,62.56107711791992,87.19000244140625,87.66000366210938,84.31999969482422,87.5,11528200
2011-08-04,57.96891021728516,80.79000091552734,85.54000091552734,80.61000061035156,85.27999877929688,19612600
2011-08-05,58.03346633911133,80.87999725341797,82.8499984741211,77.23999786376953,82.5,18744400
2011-08-08,52.86011505126953,73.66999816894531,79.33999633789062,73.11000061035156,77.2699966430664,20292300
2011-08-09,55.7015266418457,77.62999725341797,77.77999877929688,72.81999969482422,75.55999755859375,22079400
2011-08-10,52.9605712890625,73.80999755859375,78.0,73.4800033569336,77.5999984741211,18124000
2011-08-11,55.6297607421875,77.52999877929688,78.80000305175781,72.80000305175781,74.91000366210938,17316300
2011-08-12,55.9598388671875,77.98999786376953,79.08000183105469,77.01000213623047,78.80999755859375,8806700
2011-08-15,57.45229721069336,80.06999969482422,80.63999938964844,78.87999725341797,78.91000366210938,9052400
2011-08-16,56.41905975341797,78.62999725341797,80.26000213623047,77.69000244140625,79.08999633789062,9372400
2011-08-17,57.05765151977539,79.5199966430664,81.33000183105469,78.9000015258789,80.19000244140625,9077100
2011-08-18,53.391090393066406,74.41000366210938,77.2699966430664,73.45999908447266,76.5,14628500
2011-08-19,52.46548080444336,73.12000274658203,75.66000366210938,72.36000061035156,73.0,13280700
2011-08-22,52.013431549072266,72.48999786376953,75.48999786376953,72.26000213623047,75.37999725341797,8761400
2011-08-23,54.62522888183594,76.12999725341797,76.16999816894531,72.12999725341797,72.95999908447266,8675000
2011-08-24,54.69698715209961,76.2300033569336,76.4000015258789,74.3499984741211,75.80000305175781,8635200
2011-08-25,52.45828628540039,73.11000061035156,77.2300033569336,72.7699966430664,76.69999694824219,11468400
2011-08-26,53.69960784912109,74.83999633789062,75.41000366210938,72.0999984741211,73.05000305175781,12202500
2011-08-29,55.42887115478516,77.25,77.37000274658203,75.54000091552734,76.41000366210938,7015200
2011-08-30,55.66640853881836,77.33000183105469,78.0199966430664,75.69000244140625,76.79000091552734,10297600
2011-08-31,56.2350959777832,78.12000274658203,79.29000091552734,77.44000244140625,77.91000366210938,11718800
2011-09-01,55.06893157958984,76.5,79.54000091552734,76.41999816894531,78.19000244140625,11194400
2011-09-02,53.57163238525391,74.41999816894531,75.3499984741211,73.37000274658203,74.51000213623047,8994800
2011-09-06,53.49965286254883,74.31999969482422,74.5,71.3499984741211,71.94999694824219,10659700
2011-09-07,55.27769088745117,76.79000091552734,76.88999938964844,75.4000015258789,75.6500015258789,7942100
2011-09-08,54.32748031616211,75.47000122070312,76.73999786376953,75.12999725341797,75.3499984741211,10678300
2011-09-09,51.68560409545898,71.80000305175781,74.12000274658203,71.33000183105469,73.87000274658203,13356900
2011-09-12,52.10313034057617,72.37999725341797,72.41000366210938,69.94000244140625,70.79000091552734,11095200
2011-09-13,51.92316818237305,72.12999725341797,72.79000091552734,70.62000274658203,72.20999908447266,8844600
2011-09-14,52.49906539916992,72.93000030517578,73.88999938964844,70.33999633789062,72.69999694824219,10924600
2011-09-15,53.42766571044922,74.22000122070312,74.58999633789062,72.83999633789062,74.30999755859375,8775500
2011-09-16,52.43426132202149,72.83999633789062,75.25,72.16000366210938,74.94999694824219,11825500
2011-09-19,50.936973571777344,70.76000213623047,71.29000091552734,69.25,70.4000015258789,12894800
2011-09-20,49.8787841796875,69.29000091552734,71.44999694824219,69.27999877929688,71.36000061035156,13277500
2011-09-21,46.89857864379883,65.1500015258789,69.44999694824219,65.12000274658203,69.37999725341797,18360900
2011-09-22,44.06954574584961,61.220001220703125,63.20000076293945,59.880001068115234,62.540000915527344,24607300
2011-09-23,44.055137634277344,61.20000076293945,62.220001220703125,60.22999954223633,60.54999923706055,16739000
2011-09-26,45.54524993896485,63.27000045776367,63.38999938964844,58.77000045776367,61.77000045776367,19665100
2011-09-27,45.65322113037109,63.41999816894531,66.18000030517578,62.77000045776367,64.8499984741211,16527500
2011-09-28,43.42887878417969,60.33000183105469,63.95000076293945,60.09999847412109,63.59000015258789,12653300
2011-09-29,44.14873123168945,61.33000183105469,62.68000030517578,60.02999877929688,62.18999862670898,12355700
2011-09-30,42.99694442749024,59.72999954223633,61.25,59.380001068115234,60.0,14907900
2011-10-03,41.550048828125,57.720001220703125,59.95000076293945,57.720001220703125,58.900001525878906,15979500
2011-10-04,42.55065155029297,59.11000061035156,59.31999969482422,54.790000915527344,56.119998931884766,20200000
2011-10-05,44.32870101928711,61.58000183105469,62.09999847412109,58.25,59.27000045776367,15234300
2011-10-06,45.991546630859375,63.88999938964844,64.25,61.02000045776367,62.5099983215332,14736600
2011-10-07,45.09173202514648,62.63999938964844,64.08000183105469,61.91999816894531,63.95000076293945,12001000
2011-10-10,47.35927200317383,65.79000091552734,66.08000183105469,64.61000061035156,64.61000061035156,10357300
2011-10-11,48.100730895996094,66.81999969482422,68.04000091552734,65.25,65.45999908447266,14478800
2011-10-12,48.45345687866211,67.30999755859375,68.62000274658203,66.81999969482422,67.36000061035156,12050200
2011-10-13,48.37426376342773,67.19999694824219,67.58000183105469,65.73999786376953,67.0,10978500
2011-10-14,51.0665397644043,70.94000244140625,70.98999786376953,68.52999877929688,68.63999938964844,11507200
2011-10-17,48.604637145996094,67.5199966430664,69.93000030517578,67.16999816894531,69.73999786376953,12283400
2011-10-18,50.32508087158203,69.91000366210938,70.4000015258789,66.5999984741211,67.54000091552734,10030100
2011-10-19,48.8781852722168,67.9000015258789,70.93000030517578,67.7300033569336,69.83000183105469,10644500
2011-10-20,48.94295501708984,67.98999786376953,68.80999755859375,66.5,68.0,13141800
2011-10-21,48.50385284423828,67.37999725341797,69.27999877929688,66.5199966430664,68.63999938964844,21586000
2011-10-24,50.30348205566406,69.87999725341797,69.94999694824219,67.4000015258789,67.77999877929688,11199000
2011-10-25,48.97175598144531,68.02999877929688,70.5199966430664,67.77999877929688,70.31999969482422,11877600
2011-10-26,50.274696350097656,69.83999633789062,70.33999633789062,67.30999755859375,69.33999633789062,11804900
2011-10-27,54.5434455871582,75.7699966430664,76.55999755859375,72.76000213623047,72.76000213623047,18198200
2011-10-28,54.68022155761719,75.95999908447266,76.93000030517578,74.63999938964844,74.94999694824219,10836500
2011-10-31,52.88777542114258,73.47000122070312,75.48999786376953,73.11000061035156,74.98999786376953,10499400
2011-11-01,51.20330429077149,71.12999725341797,72.43000030517578,69.0,69.80999755859375,15945300
2011-11-02,52.36228561401367,72.73999786376953,72.9800033569336,71.4000015258789,72.88999938964844,8187400
2011-11-03,54.65860366821289,75.93000030517578,76.19999694824219,73.12999725341797,73.80999755859375,11993400
2011-11-04,53.96756362915039,74.97000122070312,76.7300033569336,73.91999816894531,74.75,10631700
2011-11-07,54.22670364379883,75.33000183105469,76.47000122070312,73.97000122070312,75.0199966430664,6755300
2011-11-08,55.30648040771485,76.83000183105469,77.05000305175781,74.72000122070312,75.94000244140625,8863600
2011-11-09,52.61422729492188,73.08999633789062,74.69000244140625,72.86000061035156,74.4000015258789,12582300
2011-11-10,53.305267333984375,74.05000305175781,74.87999725341797,72.81999969482422,74.33999633789062,7601100
2011-11-11,55.09771347045898,76.54000091552734,77.1500015258789,74.37000274658203,75.22000122070312,8356900
2011-11-14,54.43546295166016,75.62000274658203,76.62999725341797,75.0,75.51000213623047,5961600
2011-11-15,54.68740081787109,75.97000122070312,76.62999725341797,74.51000213623047,75.30000305175781,7884700
2011-11-16,53.82358169555664,74.7699966430664,76.87000274658203,74.69000244140625,75.3499984741211,13264800
2011-11-17,51.620826721191406,71.70999908447266,74.97000122070312,70.88999938964844,74.68000030517578,12043200
2011-11-18,51.34007263183594,71.31999969482422,72.76000213623047,70.16000366210938,72.76000213623047,9627200
2011-11-21,50.51944351196289,70.18000030517578,70.6500015258789,68.6500015258789,69.94000244140625,8495000
2011-11-22,49.63401794433594,68.94999694824219,70.48999786376953,68.5999984741211,69.79000091552734,7931700
2011-11-23,47.870361328125,66.5,68.36000061035156,66.18000030517578,67.94999694824219,9720700
2011-11-25,47.77679443359375,66.37000274658203,67.80999755859375,66.05999755859375,66.11000061035156,3545200
2011-11-28,49.82838821411133,69.22000122070312,69.87000274658203,68.44000244140625,68.48999786376953,8294100
2011-11-29,50.88317108154297,70.43000030517578,71.33000183105469,69.06999969482422,69.83999633789062,7446700
2011-11-30,54.42326736450195,75.33000183105469,75.5,73.04000091552734,73.18000030517578,12319400
2011-12-01,54.09092712402344,74.87000274658203,76.05000305175781,74.25,75.16000366210938,7541900
2011-12-02,54.19205474853516,75.01000213623047,76.72000122070312,74.83999633789062,75.9000015258789,7055000
2011-12-05,55.73813629150391,77.1500015258789,77.38999938964844,75.93000030517578,76.29000091552734,9641900
2011-12-06,55.37691116333008,76.6500015258789,77.6500015258789,75.93000030517578,76.86000061035156,7791800
2011-12-07,54.24986267089844,75.08999633789062,76.0999984741211,74.33999633789062,75.79000091552734,9843700
2011-12-08,51.9813346862793,71.94999694824219,75.3499984741211,71.6500015258789,74.23999786376953,12315900
2011-12-09,53.57075119018555,74.1500015258789,74.55999755859375,72.04000091552734,72.13999938964844,10490400
2011-12-12,51.95964431762695,71.91999816894531,72.98999786376953,70.58000183105469,72.8499984741211,9502600
2011-12-13,50.86874008178711,70.41000366210938,73.76000213623047,70.01000213623047,72.58000183105469,9908400
2011-12-14,48.40511703491211,67.0,69.51000213623047,66.81999969482422,69.18000030517578,13809700
2011-12-15,47.92107772827149,66.33000183105469,68.4800033569336,66.18000030517578,68.08000183105469,8450500
2011-12-16,48.34010696411133,66.91000366210938,67.94999694824219,65.80999755859375,67.12999725341797,11767900
2011-12-19,47.01077651977539,65.06999969482422,67.41999816894531,64.94999694824219,67.41999816894531,8046700
2011-12-20,49.25040435791016,68.16999816894531,68.58000183105469,66.69000244140625,66.69999694824219,8083800
2011-12-21,48.9180908203125,67.70999908447266,68.62000274658203,66.36000061035156,68.38999938964844,7831300
2011-12-22,49.07700729370117,67.93000030517578,68.4000015258789,66.72000122070312,68.4000015258789,8720600
2011-12-23,49.95118713378906,69.13999938964844,69.13999938964844,68.01000213623047,68.25,4506700
2011-12-27,49.56106948852539,68.5999984741211,69.55999755859375,68.5999984741211,69.05999755859375,4343600
2011-12-28,48.43402862548828,67.04000091552734,69.0,66.79000091552734,68.58999633789062,6324000
2011-12-29,48.70133590698242,67.41000366210938,67.73999786376953,67.0,67.06999969482422,4690200
2011-12-30,49.35155487060547,68.30999755859375,68.54000091552734,67.13999938964844,67.23999786376953,5536100
2012-01-03,50.63753509521485,70.08999633789062,70.88999938964844,69.5999984741211,70.4000015258789,7668200
2012-01-04,50.25462341308594,69.55999755859375,70.44000244140625,69.2300033569336,70.12999725341797,6568800
2012-01-05,49.17815780639648,68.06999969482422,69.06999969482422,67.13999938964844,68.9800033569336,10803500
2012-01-06,48.96865463256836,67.77999877929688,68.7300033569336,67.36000061035156,68.5,8985900
2012-01-09,49.72002029418945,68.81999969482422,68.95999908447266,67.87999725341797,68.2699966430664,5622500
2012-01-10,51.11438751220703,70.75,71.05999755859375,70.25,70.45999908447266,8984900
2012-01-11,50.68812561035156,70.16000366210938,70.5999984741211,69.41000366210938,70.58999633789062,7503800
2012-01-12,50.35577392578125,69.69999694824219,71.48999786376953,68.19000244140625,70.58000183105469,8774900
2012-01-13,49.120365142822266,67.98999786376953,69.1500015258789,67.72000122070312,69.01000213623047,9711900
2012-01-17,48.86751937866211,67.63999938964844,69.73999786376953,67.4000015258789,69.37000274658203,11758700
2012-01-18,51.02768325805664,70.62999725341797,70.66000366210938,67.12000274658203,67.13999938964844,13097000
2012-01-19,52.63875961303711,72.86000061035156,73.0,71.22000122070312,71.22000122070312,12785200
2012-01-20,53.31789016723633,73.80000305175781,75.75,72.5999984741211,73.80000305175781,18100200
2012-01-23,53.57796478271485,74.16000366210938,74.80000305175781,73.08999633789062,74.22000122070312,9017500
2012-01-24,53.88863754272461,74.58999633789062,74.58999633789062,72.87000274658203,73.16999816894531,7401800
2012-01-25,55.04459762573242,76.19000244140625,76.5199966430664,73.0999984741211,74.13999938964844,10427200
2012-01-26,54.89286422729492,75.9800033569336,77.75,75.80000305175781,77.04000091552734,7839900
2012-01-27,55.3841438293457,76.66000366210938,77.48999786376953,75.8499984741211,75.8499984741211,7239400
2012-01-30,55.10237121582031,76.2699966430664,76.27999877929688,74.44999694824219,75.47000122070312,6589600
2012-01-31,54.30768203735352,75.16999816894531,76.94999694824219,74.94999694824219,76.94999694824219,8976500
2012-02-01,54.9940185546875,76.12000274658203,77.1500015258789,75.11000061035156,76.3499984741211,7260900
2012-02-02,55.85373306274414,77.30999755859375,77.44999694824219,75.97000122070312,76.25,7418700
2012-02-03,56.82908248901367,78.66000366210938,78.69999694824219,77.70999908447266,78.30999755859375,7382700
2012-02-06,57.53709030151367,79.63999938964844,79.73999786376953,77.75,78.19999694824219,5360600
2012-02-07,57.43593597412109,79.5,79.69000244140625,78.0,79.33999633789062,7552900
2012-02-08,56.64846420288086,78.41000366210938,79.87000274658203,77.97000122070312,79.81999969482422,6645200
2012-02-09,56.81461715698242,78.63999938964844,78.94000244140625,77.7300033569336,78.80999755859375,7370000
2012-02-10,55.75259399414063,77.16999816894531,78.04000091552734,76.62000274658203,77.69000244140625,7208800
2012-02-13,56.37391662597656,78.02999877929688,78.41000366210938,77.12000274658203,78.08999633789062,4708100
2012-02-14,56.207767486572266,77.80000305175781,77.9800033569336,76.94999694824219,77.70999908447266,4414500
2012-02-15,55.88987350463867,77.36000061035156,78.16999816894531,76.73999786376953,78.16000366210938,6178100
2012-02-16,56.39558029174805,78.05999755859375,78.29000091552734,76.5,77.12000274658203,10820000
2012-02-17,56.36296463012695,77.73999786376953,78.66999816894531,77.58000183105469,78.58000183105469,8603800
2012-02-21,56.97196960449219,78.58000183105469,79.7699966430664,78.26000213623047,78.93000030517578,8227200
2012-02-22,58.001502990722656,80.0,80.77999877929688,78.55000305175781,78.55000305175781,8156000
2012-02-23,57.70425796508789,79.58999633789062,80.4000015258789,78.55999755859375,80.4000015258789,7399100
2012-02-24,57.89276123046875,79.8499984741211,80.5,79.5999984741211,80.0999984741211,5083900
2012-02-27,57.35625076293945,79.11000061035156,79.66999816894531,78.05000305175781,79.22000122070312,5594400
2012-02-28,57.11700820922852,78.77999877929688,79.54000091552734,78.22000122070312,79.0999984741211,6347500
2012-02-29,56.26872253417969,77.61000061035156,79.41999816894531,77.4000015258789,78.80999755859375,8363200
2012-03-01,56.81972503662109,78.37000274658203,78.88999938964844,77.4000015258789,78.13999938964844,6116700
2012-03-02,55.96417999267578,77.19000244140625,78.31999969482422,76.7300033569336,78.0,6636700
2012-03-05,54.87669372558594,75.69000244140625,76.87999725341797,75.02999877929688,76.80999755859375,6201100
2012-03-06,53.49916076660156,73.79000091552734,74.08000183105469,72.7300033569336,73.86000061035156,10354000
2012-03-07,54.15890884399414,74.69999694824219,74.93000030517578,73.91000366210938,74.38999938964844,6386200
2012-03-08,54.97092056274414,75.81999969482422,76.33999633789062,75.0199966430664,75.20999908447266,6017200
2012-03-09,54.98541641235352,75.83999633789062,76.76000213623047,75.51000213623047,75.98999786376953,6691300
2012-03-12,53.6658935546875,74.0199966430664,75.76000213623047,73.75,75.6500015258789,8034900
2012-03-13,54.20965576171875,74.7699966430664,74.9000015258789,73.5199966430664,74.4000015258789,9371700
2012-03-14,53.6658935546875,74.0199966430664,74.80000305175781,73.52999877929688,74.66000366210938,8145300
2012-03-15,54.31840515136719,74.91999816894531,75.05999755859375,73.26000213623047,74.16999816894531,6748600
2012-03-16,55.652462005615234,76.76000213623047,77.04000091552734,75.06999969482422,75.31999969482422,11839000
2012-03-19,55.8989372253418,77.0999984741211,77.43000030517578,76.5999984741211,76.75,5659200
2012-03-20,54.89118576049805,75.70999908447266,76.23999786376953,75.23999786376953,76.23999786376953,6569000
2012-03-21,53.658653259277344,74.01000213623047,75.16999816894531,73.66999816894531,75.16999816894531,14069500
2012-03-22,52.18686294555664,71.9800033569336,73.11000061035156,71.12000274658203,73.0199966430664,15866700
2012-03-23,53.0568733215332,73.18000030517578,73.51000213623047,71.55999755859375,72.33000183105469,11529300
2012-03-26,52.491355895996094,72.4000015258789,73.83999633789062,71.97000122070312,73.61000061035156,10051000
2012-03-27,50.7222900390625,69.95999908447266,72.36000061035156,69.93000030517578,72.33000183105469,16967700
2012-03-28,50.5918083190918,69.77999877929688,70.69999694824219,68.5999984741211,69.61000061035156,10484000
2012-03-29,50.12779235839844,69.13999938964844,70.45999908447266,68.33000183105469,69.33000183105469,11229700
2012-03-30,50.7005615234375,69.93000030517578,70.41999816894531,68.80000305175781,69.87999725341797,10874100
2012-04-02,50.63531494140625,69.83999633789062,71.08999633789062,69.0999984741211,69.5999984741211,8855600
2012-04-03,50.55556869506836,69.7300033569336,70.6500015258789,68.98999786376953,70.5,10094100
2012-04-04,49.801544189453125,68.69000244140625,69.58999633789062,68.23999786376953,68.80999755859375,6752000
2012-04-05,49.60578536987305,68.41999816894531,69.4000015258789,68.27999877929688,68.54000091552734,7967700
2012-04-09,49.004024505615234,67.58999633789062,68.6500015258789,67.25,67.48999786376953,6451000
2012-04-10,48.7647705078125,67.26000213623047,68.05999755859375,66.44999694824219,67.36000061035156,11013900
2012-04-11,49.3882942199707,68.12000274658203,68.9000015258789,68.0,68.73999786376953,8967400
2012-04-12,50.9978141784668,70.33999633789062,70.41999816894531,68.12999725341797,68.45999908447266,9136900
2012-04-13,49.576786041259766,68.37999725341797,70.19999694824219,68.31999969482422,69.91000366210938,7561800
2012-04-16,48.89527130126953,67.44000244140625,69.08000183105469,67.36000061035156,68.75,6851200
2012-04-17,50.28005599975586,69.3499984741211,69.66000366210938,68.5,68.62999725341797,8246200
2012-04-18,50.7005615234375,69.93000030517578,70.80999755859375,69.2699966430664,69.37000274658203,7650000
2012-04-19,50.60631561279297,69.80000305175781,71.25,69.37000274658203,70.12000274658203,9066800
2012-04-20,51.98385620117188,71.69999694824219,74.5199966430664,71.61000061035156,72.7300033569336,19478500
2012-04-23,51.61409378051758,71.19000244140625,72.25,69.88999938964844,70.7699966430664,10055600
2012-04-24,52.716121673583984,72.70999908447266,73.5,71.19000244140625,71.5,9015000
2012-04-25,53.98489761352539,74.45999908447266,74.91999816894531,73.1500015258789,73.6500015258789,10808300
2012-04-26,53.832637786865234,74.25,74.72000122070312,73.2699966430664,73.86000061035156,7059500
2012-04-27,53.61515808105469,73.94999694824219,74.7300033569336,73.5,74.54000091552734,6885200
2012-04-30,53.75288391113281,74.13999938964844,74.27999877929688,73.33999633789062,73.33999633789062,5017700
2012-05-01,54.47066116333008,75.12999725341797,76.19000244140625,73.79000091552734,74.16000366210938,6779600
2012-05-02,53.77464294433594,74.16999816894531,74.68000030517578,73.83000183105469,74.45999908447266,6132000
2012-05-03,52.64363861083984,72.61000061035156,74.29000091552734,72.18000030517578,74.19999694824219,6813200
2012-05-04,50.7222900390625,69.95999908447266,71.88999938964844,69.44999694824219,71.88999938964844,9632700
2012-05-07,51.18632125854492,70.5999984741211,71.0999984741211,69.3499984741211,69.80999755859375,5581500
2012-05-08,51.03407669067383,70.38999938964844,70.5999984741211,68.37000274658203,69.91999816894531,8520500
2012-05-09,50.49029541015625,69.63999938964844,70.58999633789062,68.73999786376953,69.23999786376953,7291000
2012-05-10,50.345314025878906,69.44000244140625,71.18000030517578,69.19999694824219,70.5,5869600
2012-05-11,49.88129425048828,68.80000305175781,70.1500015258789,68.66000366210938,68.83999633789062,5170200
2012-05-14,48.75752258300781,67.25,67.81999969482422,66.8499984741211,67.81999969482422,6861000
2012-05-15,47.503231048583984,65.5199966430664,67.62000274658203,65.27999877929688,67.37999725341797,7730600
2012-05-16,46.98847198486328,64.80999755859375,67.0,64.19999694824219,65.76000213623047,10064600
2012-05-17,46.94497299194336,64.75,65.6500015258789,64.1500015258789,64.54000091552734,9274100
2012-05-18,46.444705963134766,64.05999755859375,65.80000305175781,63.880001068115234,64.91000366210938,9286600
2012-05-21,48.40226364135742,66.76000213623047,66.86000061035156,64.20999908447266,64.81999969482422,7711700
2012-05-22,48.141258239746094,66.4000015258789,67.7699966430664,65.83999633789062,67.06999969482422,8172300
2012-05-23,48.70677947998047,67.18000030517578,67.26000213623047,64.88999938964844,65.62999725341797,6913000
2012-05-24,47.742488861083984,65.8499984741211,67.6500015258789,65.11000061035156,67.58000183105469,8848300
2012-05-25,47.423484802246094,65.41000366210938,66.33000183105469,65.11000061035156,65.5199966430664,6177400
2012-05-29,48.7502555847168,67.23999786376953,68.12999725341797,66.0199966430664,66.05999755859375,7034700
2012-05-30,46.72279739379883,64.18000030517578,66.08000183105469,63.79999923706055,66.06999969482422,9792000
2012-05-31,46.04575729370117,63.25,64.01000213623047,61.22999954223633,63.810001373291016,15048100
2012-06-01,45.18671417236328,62.06999969482422,62.70000076293945,60.869998931884766,61.630001068115234,12230900
2012-06-04,45.28864669799805,62.209999084472656,62.290000915527344,60.75,62.09999847412109,12004800
2012-06-05,45.31049346923828,62.2400016784668,63.27999877929688,61.540000915527344,61.91999816894531,7092300
2012-06-06,47.021263122558594,64.58999633789062,64.75,62.93000030517578,63.18999862670898,12185700
2012-06-07,46.9048080444336,64.43000030517578,66.5,64.0999984741211,65.7699966430664,8169500
2012-06-08,46.9848861694336,64.54000091552734,64.69999694824219,62.84000015258789,63.95000076293945,6758700
2012-06-11,46.64271545410156,64.06999969482422,65.7300033569336,63.91999816894531,65.5,7745000
2012-06-12,47.26879119873047,64.93000030517578,65.13999938964844,63.790000915527344,64.45999908447266,6297500
2012-06-13,46.55535888671875,63.95000076293945,65.55999755859375,63.4900016784668,64.47000122070312,6784100
2012-06-14,47.59638977050781,65.37999725341797,65.58999633789062,63.84000015258789,64.12999725341797,5945700
2012-06-15,48.38263702392578,66.45999908447266,66.7699966430664,65.51000213623047,66.13999938964844,9563600
2012-06-18,48.44086456298828,66.54000091552734,66.69999694824219,65.38999938964844,65.48999786376953,6647700
2012-06-19,48.88496017456055,67.1500015258789,67.69000244140625,66.5999984741211,67.11000061035156,5267600
2012-06-20,47.71287155151367,65.54000091552734,67.2300033569336,65.0,66.83000183105469,9314900
2012-06-21,45.54345703125,62.560001373291016,65.47000122070312,62.43000030517578,65.19999694824219,9460300
2012-06-22,44.81544876098633,61.560001373291016,63.06999969482422,61.20000076293945,62.83000183105469,12120300
2012-06-25,43.72344970703125,60.060001373291016,60.93000030517578,59.68000030517578,60.75,10411200
2012-06-26,43.43953323364258,59.66999816894531,60.45000076293945,59.119998931884766,60.16999816894531,10251000
2012-06-27,44.74992752075195,61.470001220703125,61.79999923706055,60.0099983215332,60.09999847412109,9085900
2012-06-28,45.65992736816406,62.720001220703125,62.880001068115234,61.209999084472656,61.47999954223633,8757600
2012-06-29,47.25423812866211,64.91000366210938,65.4800033569336,64.0199966430664,64.41999816894531,10193500
2012-07-02,47.27606964111328,64.94000244140625,66.01000213623047,64.4800033569336,64.86000061035156,6915800
2012-07-03,49.02327346801758,67.33999633789062,67.37999725341797,65.58000183105469,65.81999969482422,5385200
2012-07-05,48.120548248291016,66.0999984741211,67.13999938964844,65.8499984741211,67.05000305175781,5128200
2012-07-06,47.44351577758789,65.16999816894531,66.0999984741211,64.56999969482422,65.08999633789062,6731700
2012-07-09,47.91671371459961,65.81999969482422,66.29000091552734,64.48999786376953,64.83000183105469,5597700
2012-07-10,47.29791641235352,64.97000122070312,66.36000061035156,64.5,66.05000305175781,7977900
2012-07-11,47.80022811889648,65.66000366210938,66.1500015258789,64.9000015258789,65.18000030517578,6956500
2012-07-12,47.60367202758789,65.38999938964844,65.73999786376953,64.19000244140625,64.81999969482422,5837300
2012-07-13,48.5719108581543,66.72000122070312,66.93000030517578,65.41999816894531,65.44000244140625,5068200
2012-07-16,48.26614761352539,66.30000305175781,66.79000091552734,65.54000091552734,66.2699966430664,5673800
2012-07-17,49.35087203979492,67.79000091552734,67.94999694824219,66.08000183105469,66.94999694824219,8774800
2012-07-18,50.05701446533203,68.76000213623047,69.18000030517578,67.26000213623047,67.44000244140625,7001700
2012-07-19,49.96966552734375,68.63999938964844,69.38999938964844,68.2699966430664,68.87000274658203,8950800
2012-07-20,50.47197723388672,69.33000183105469,70.44000244140625,68.80000305175781,69.91999816894531,12357600
2012-07-23,50.63213348388672,69.55000305175781,69.79000091552734,67.5199966430664,68.37000274658203,8057500
2012-07-24,49.4600715637207,67.94000244140625,69.6500015258789,67.04000091552734,69.5,8154800
2012-07-25,49.685733795166016,68.25,68.86000061035156,67.45999908447266,68.22000122070312,6464300
2012-07-26,51.91339492797852,71.30999755859375,71.66999816894531,69.33999633789062,70.01000213623047,10055900
2012-07-27,53.11461639404297,72.95999908447266,73.47000122070312,71.18000030517578,71.7699966430664,9535300
2012-07-30,52.8088493347168,72.54000091552734,72.86000061035156,72.08999633789062,72.81999969482422,6438100
2012-07-31,51.87702560424805,71.26000213623047,72.76000213623047,71.01000213623047,72.16000366210938,6820100
2012-08-01,52.18276596069336,71.68000030517578,72.4800033569336,70.26000213623047,71.41000366210938,6387700
2012-08-02,51.56395721435547,70.83000183105469,71.54000091552734,69.8499984741211,70.44999694824219,6358300
2012-08-03,52.699649810791016,72.38999938964844,72.83999633789062,71.70999908447266,72.5,5083600
2012-08-06,52.706912994384766,72.4000015258789,72.87999725341797,72.04000091552734,72.66999816894531,4007100
2012-08-07,53.58779144287109,73.61000061035156,74.22000122070312,72.66000366210938,72.83000183105469,8110800
2012-08-08,53.62420272827149,73.66000366210938,73.8499984741211,72.77999877929688,72.93000030517578,6903900
2012-08-09,54.11195755004883,74.33000183105469,74.4000015258789,73.0999984741211,73.45999908447266,5763200
2012-08-10,54.8545150756836,75.3499984741211,75.47000122070312,73.7699966430664,74.04000091552734,7304800
2012-08-13,54.74532699584961,75.19999694824219,75.4000015258789,74.5999984741211,75.12999725341797,6294500
2012-08-14,54.21387481689453,74.47000122070312,75.68000030517578,74.1500015258789,75.41000366210938,5864100
2012-08-15,53.777076721191406,73.87000274658203,74.5,73.30000305175781,74.38999938964844,4853200
2012-08-16,54.58515930175781,74.9800033569336,75.11000061035156,73.55999755859375,74.0199966430664,5303500
2012-08-17,54.439571380615234,74.77999877929688,75.11000061035156,74.52999877929688,74.95999908447266,5107400
2012-08-20,54.11922836303711,74.33999633789062,74.83000183105469,74.0999984741211,74.48999786376953,4983600
2012-08-21,54.12651062011719,74.3499984741211,74.98999786376953,74.13999938964844,74.5999984741211,5131200
2012-08-22,54.46868515014648,74.81999969482422,74.97000122070312,73.83000183105469,74.0,4720400
2012-08-23,54.01004409790039,74.19000244140625,74.87000274658203,73.8499984741211,74.70999908447266,4870100
2012-08-24,54.30123901367188,74.58999633789062,74.75,73.72000122070312,74.0,3783700
2012-08-27,54.49052429199219,74.8499984741211,75.43000030517578,74.33000183105469,74.68000030517578,4279100
2012-08-28,54.14836120605469,74.37999725341797,74.77999877929688,73.9800033569336,74.41000366210938,4771900
2012-08-29,53.31171798706055,72.95999908447266,74.4000015258789,72.87000274658203,74.4000015258789,6009900
2012-08-30,52.31795883178711,71.5999984741211,72.5,71.47000122070312,72.5,6167300
2012-08-31,52.88790512084961,72.37999725341797,72.79000091552734,71.7300033569336,72.0999984741211,5754000
2012-09-04,52.18642807006836,71.41999816894531,72.33999633789062,70.72000122070312,72.12000274658203,7177300
2012-09-05,52.06221771240234,71.25,72.0999984741211,70.66999816894531,71.31999969482422,6499000
2012-09-06,52.94635391235352,72.45999908447266,73.62999725341797,71.86000061035156,71.87000274658203,8041100
2012-09-07,53.465145111083984,73.16999816894531,73.6500015258789,72.58000183105469,72.68000030517578,5466500
2012-09-10,53.11441040039063,72.69000244140625,73.80000305175781,72.68000030517578,73.05000305175781,4900100
2012-09-11,53.823204040527344,73.66000366210938,73.70999908447266,72.61000061035156,72.80999755859375,5165400
2012-09-12,54.305458068847656,74.31999969482422,74.7300033569336,74.05000305175781,74.36000061035156,5425900
2012-09-13,55.29191207885742,75.66999816894531,75.95999908447266,74.23999786376953,74.51000213623047,6425700
2012-09-14,56.702144622802734,77.5999984741211,78.47000122070312,77.25,77.77999877929688,8624900
2012-09-17,56.366024017333984,77.13999938964844,78.2699966430664,76.80999755859375,77.29000091552734,6258900
2012-09-18,55.70110702514648,76.2300033569336,76.87000274658203,75.30999755859375,76.86000061035156,7164100
2012-09-19,54.590423583984375,74.70999908447266,76.30000305175781,74.30000305175781,76.12999725341797,6214100
2012-09-20,54.97039794921875,75.2300033569336,75.29000091552734,73.75,74.31999969482422,6961900
2012-09-21,54.81694412231445,75.0199966430664,76.0,74.5,75.94999694824219,8943900
2012-09-24,54.26162338256836,74.26000213623047,74.80000305175781,74.0,74.0199966430664,4747000
2012-09-25,53.11441040039063,72.69000244140625,74.55999755859375,72.58999633789062,74.55999755859375,9193500
2012-09-26,52.64677810668945,72.05000305175781,72.58000183105469,71.70999908447266,72.33999633789062,5103700
2012-09-27,53.51629638671875,73.23999786376953,73.52999877929688,72.0199966430664,72.48999786376953,6131800
2012-09-28,52.85136795043945,72.33000183105469,73.31999969482422,71.98999786376953,73.31999969482422,5769000
2012-10-01,53.03404998779297,72.58000183105469,73.68000030517578,72.36000061035156,72.98999786376953,4289600
2012-10-02,52.80022430419922,72.26000213623047,73.19999694824219,71.91999816894531,72.88999938964844,4760400
2012-10-03,52.01838302612305,71.19000244140625,72.52999877929688,70.72000122070312,72.25,5846400
2012-10-04,52.36911010742188,71.66999816894531,71.95999908447266,71.20999908447266,71.66000366210938,5121200
2012-10-05,52.23757553100586,71.48999786376953,72.58999633789062,71.27999877929688,72.4000015258789,5798700
2012-10-08,52.32526779174805,71.61000061035156,71.75,70.69999694824219,70.93000030517578,3478800
2012-10-09,52.4129638671875,71.7300033569336,72.41999816894531,71.56999969482422,71.61000061035156,3933000
2012-10-10,51.93800354003906,71.08000183105469,71.75,70.87000274658203,71.66000366210938,4344000
2012-10-11,52.91713333129883,72.41999816894531,72.83999633789062,72.0,72.22000122070312,4523900
2012-10-12,52.74908447265625,72.19000244140625,72.91000366210938,71.66000366210938,72.75,3598500
2012-10-15,53.16557312011719,72.76000213623047,73.01000213623047,71.52999877929688,72.20999908447266,4638200
2012-10-16,53.72089385986328,73.5199966430664,74.0,73.1500015258789,73.19000244140625,5731100
2012-10-17,54.4735107421875,74.55000305175781,74.76000213623047,73.05000305175781,73.52999877929688,5799300
2012-10-18,54.65618515014648,74.80000305175781,75.08999633789062,74.05000305175781,74.55000305175781,6578200
2012-10-19,54.0716438293457,74.0,75.69999694824219,73.75,75.47000122070312,8325600
2012-10-22,53.45785140991211,73.16000366210938,74.19999694824219,72.25,73.62999725341797,5340400
2012-10-23,52.06953811645508,71.26000213623047,71.95999908447266,70.9800033569336,71.91999816894531,6442400
2012-10-24,51.214599609375,70.08999633789062,71.79000091552734,69.75,71.66999816894531,6442700
2012-10-25,51.68954849243164,70.73999786376953,71.33000183105469,70.01000213623047,71.0,6077800
2012-10-26,51.221900939941406,70.0999984741211,71.04000091552734,69.9000015258789,70.73999786376953,4879200
2012-10-31,50.8054084777832,69.52999877929688,70.8499984741211,69.05999755859375,70.30000305175781,6975800
2012-11-01,51.25844192504883,70.1500015258789,70.25,68.5999984741211,69.7699966430664,6532500
2012-11-02,50.25008010864258,68.7699966430664,70.8499984741211,68.58999633789062,70.5999984741211,6240100
2012-11-05,51.112300872802734,69.94999694824219,70.18000030517578,68.62999725341797,68.6500015258789,5648200
2012-11-06,51.9891471862793,71.1500015258789,71.36000061035156,70.02999877929688,70.26000213623047,6442400
2012-11-07,51.24383544921875,70.12999725341797,70.55999755859375,69.31999969482422,69.9800033569336,7556900
2012-11-08,49.51939010620117,67.7699966430664,70.29000091552734,67.69999694824219,69.94999694824219,10199900
2012-11-09,49.95780563354492,68.37000274658203,69.45999908447266,67.31999969482422,67.5,6409800
2012-11-12,50.03818130493164,68.4800033569336,69.45999908447266,68.0999984741211,68.47000122070312,2780300
2012-11-13,50.46929550170898,69.06999969482422,70.0,67.5,67.70999908447266,7922200
2012-11-14,49.563236236572266,67.83000183105469,69.47000122070312,67.62000274658203,69.33999633789062,8248100
2012-11-15,50.53507232666016,69.16000366210938,69.44999694824219,67.69000244140625,67.80000305175781,7414700
2012-11-16,49.84820938110352,68.22000122070312,69.33999633789062,66.8499984741211,69.33000183105469,10051900
2012-11-19,51.65301513671875,70.69000244140625,70.69999694824219,68.83999633789062,68.94999694824219,6742500
2012-11-20,51.163455963134766,70.0199966430664,70.63999938964844,69.63999938964844,70.43000030517578,5425600
2012-11-21,51.30229187011719,70.20999908447266,70.5,69.7300033569336,70.33000183105469,3021400
2012-11-23,52.01108932495117,71.18000030517578,71.20999908447266,70.29000091552734,70.76000213623047,1730800
2012-11-26,51.463035583496094,70.43000030517578,70.56999969482422,69.93000030517578,70.20999908447266,3490100
2012-11-27,51.05385971069336,69.87000274658203,70.37000274658203,69.55000305175781,70.0999984741211,6397500
2012-11-28,51.68225860595703,70.7300033569336,70.80000305175781,68.91000366210938,69.47000122070312,6187500
2012-11-29,51.788612365722656,70.5999984741211,71.3499984741211,70.38999938964844,70.95999908447266,4465700
2012-11-30,52.536842346191406,71.62000274658203,71.88999938964844,70.41999816894531,70.54000091552734,6505500
2012-12-03,52.096710205078125,71.0199966430664,72.48999786376953,70.87000274658203,72.0,6352300
2012-12-04,52.243412017822266,71.22000122070312,71.97000122070312,70.73999786376953,70.91999816894531,4302000
2012-12-05,52.31676483154297,71.31999969482422,72.11000061035156,71.16999816894531,71.47000122070312,5416700
2012-12-06,52.44881820678711,71.5,71.61000061035156,70.70999908447266,71.11000061035156,4154300
2012-12-07,52.69088363647461,71.83000183105469,72.0,71.27999877929688,71.80000305175781,4348500
2012-12-10,52.81557083129883,72.0,72.30000305175781,71.55000305175781,71.72000122070312,3963500
2012-12-11,53.255706787109375,72.5999984741211,72.80000305175781,71.9800033569336,72.3499984741211,7017700
2012-12-12,53.39510345458984,72.79000091552734,73.51000213623047,72.48999786376953,73.12999725341797,9634100
2012-12-13,53.22637939453125,72.55999755859375,72.98999786376953,72.04000091552734,72.04000091552734,7116600
2012-12-14,50.548927307128906,68.91000366210938,70.0,67.5999984741211,69.9000015258789,27755400
2012-12-17,51.11373901367188,69.68000030517578,69.91999816894531,69.0199966430664,69.2300033569336,7851600
2012-12-18,52.338775634765625,71.3499984741211,71.77999877929688,69.30000305175781,69.45999908447266,8909600
2012-12-19,51.8326301574707,70.66000366210938,72.0,70.61000061035156,71.73999786376953,5797500
2012-12-20,52.1553955078125,71.0999984741211,71.52999877929688,70.0,70.13999938964844,5973900
2012-12-21,51.121089935302734,69.69000244140625,70.55000305175781,68.91999816894531,70.22000122070312,12506400
2012-12-24,50.82032775878906,69.27999877929688,69.88999938964844,68.94999694824219,69.55000305175781,2272100
2012-12-26,50.688289642333984,69.0999984741211,69.88999938964844,68.91999816894531,69.73999786376953,3373000
2012-12-27,50.73964309692383,69.16999816894531,69.29000091552734,68.26000213623047,69.08999633789062,5283300
2012-12-28,49.85204315185547,67.95999908447266,68.73999786376953,67.87999725341797,68.58000183105469,5635200
2012-12-31,50.834999084472656,69.30000305175781,69.3499984741211,67.63999938964844,67.87000274658203,6375100
2013-01-02,52.37545394897461,71.4000015258789,71.41000366210938,70.12000274658203,70.80000305175781,6391400
2013-01-03,52.02334976196289,70.91999816894531,72.0,70.66000366210938,71.25,6063000
2013-01-04,52.822898864746094,72.01000213623047,72.22000122070312,71.04000091552734,71.33000183105469,5165300
2013-01-07,52.96961975097656,72.20999908447266,72.2300033569336,71.41999816894531,71.52999877929688,4104500
2013-01-08,53.189697265625,72.51000213623047,72.5999984741211,71.5,71.94000244140625,5274500
2013-01-09,52.96228790283203,72.19999694824219,72.97000122070312,72.01000213623047,72.76000213623047,4626500
2013-01-10,53.73252487182617,73.25,73.25,72.54000091552734,72.69999694824219,5591000
2013-01-11,54.09929656982422,73.75,73.80000305175781,73.05999755859375,73.19000244140625,4101500
2013-01-14,53.38041687011719,72.7699966430664,73.7699966430664,72.54000091552734,73.38999938964844,4155100
2013-01-15,53.24838638305664,72.58999633789062,72.86000061035156,72.19000244140625,72.47000122070312,4285900
2013-01-16,53.71052169799805,73.22000122070312,73.62999725341797,72.52999877929688,72.52999877929688,4952000
2013-01-17,53.82056427001953,73.37000274658203,73.95999908447266,72.54000091552734,73.45999908447266,6501200
2013-01-18,56.1165657043457,76.5,76.7300033569336,73.5,73.94999694824219,14231500
2013-01-22,57.216888427734375,78.0,78.04000091552734,76.56999969482422,76.56999969482422,9649300
2013-01-23,57.34156036376953,78.16999816894531,78.62000274658203,77.36000061035156,77.79000091552734,7556800
2013-01-24,57.2315673828125,78.0199966430664,78.87000274658203,77.76000213623047,78.16000366210938,7167100
2013-01-25,58.32456207275391,79.51000213623047,79.80000305175781,78.0999984741211,78.62999725341797,7817800
2013-01-28,58.15583038330078,79.27999877929688,79.80999755859375,79.0999984741211,79.7300033569336,7152800
2013-01-29,58.64732360839844,79.94999694824219,79.98999786376953,78.77999877929688,79.04000091552734,6286500
2013-01-30,57.657020568847656,78.5999984741211,79.9000015258789,78.45999908447266,79.83000183105469,8794700
2013-01-31,57.25357055664063,78.05000305175781,78.79000091552734,77.55000305175781,78.44000244140625,5751500
2013-02-01,58.46391296386719,79.69999694824219,79.83000183105469,78.4000015258789,78.94000244140625,6224100
2013-02-04,58.28052520751953,79.44999694824219,79.8499984741211,78.87999725341797,79.11000061035156,6620700
2013-02-05,58.801368713378906,80.16000366210938,80.43000030517578,79.5,79.81999969482422,5389200
2013-02-06,57.75239944458008,78.7300033569336,79.56999969482422,77.76000213623047,79.41999816894531,7131200
2013-02-07,57.216888427734375,78.0,79.20999908447266,77.81999969482422,78.86000061035156,6101200
2013-02-08,58.00177001953125,79.06999969482422,79.06999969482422,78.12999725341797,78.23999786376953,4632700
2013-02-11,57.1655502319336,77.93000030517578,78.8499984741211,77.80999755859375,78.55999755859375,4785000
2013-02-12,57.60566329956055,78.52999877929688,78.6500015258789,78.0199966430664,78.51000213623047,4646300
2013-02-13,57.679012298583984,78.62999725341797,78.7300033569336,78.25,78.48999786376953,3552000
2013-02-14,59.828311920166016,81.55999755859375,82.0,78.13999938964844,78.51000213623047,11691800
2013-02-15,58.9321517944336,80.02999877929688,81.22000122070312,79.5,81.02999877929688,8755900
2013-02-19,58.90268707275391,79.98999786376953,80.55000305175781,79.56999969482422,80.08999633789062,5096900
2013-02-20,57.82759475708008,78.52999877929688,80.19999694824219,78.47000122070312,80.06999969482422,6395300
2013-02-21,57.01758575439453,77.43000030517578,77.97000122070312,76.55000305175781,77.97000122070312,5789200
2013-02-22,57.28268051147461,77.79000091552734,78.1500015258789,76.87000274658203,77.93000030517578,4085100
2013-02-25,55.83938217163086,75.83000183105469,78.94999694824219,75.73999786376953,78.36000061035156,6143800
2013-02-26,56.207557678222656,76.33000183105469,76.7699966430664,74.98999786376953,76.33999633789062,6506100
2013-02-27,57.36368179321289,77.9000015258789,78.18000030517578,75.9800033569336,76.20999908447266,4923100
2013-02-28,57.326847076416016,77.8499984741211,78.58000183105469,77.47000122070312,77.81999969482422,5396500
2013-03-01,57.17221450805664,77.63999938964844,77.91999816894531,76.91999816894531,77.3499984741211,4893300
2013-03-04,56.33275604248047,76.5,77.58999633789062,75.72000122070312,77.48999786376953,5076700
2013-03-05,56.66411209106445,76.94999694824219,77.5999984741211,76.27999877929688,77.23999786376953,8957500
2013-03-06,56.81875991821289,77.16000366210938,77.7699966430664,76.44999694824219,77.54000091552734,4648700
2013-03-07,57.30475997924805,77.81999969482422,78.0,77.0999984741211,77.19999694824219,3620500
2013-03-08,57.40784454345703,77.95999908447266,78.44000244140625,77.23999786376953,78.0199966430664,3916100
2013-03-11,57.27530670166016,77.77999877929688,77.86000061035156,77.12000274658203,77.56999969482422,4377600
2013-03-12,57.024932861328125,77.44000244140625,78.37000274658203,77.01000213623047,77.9800033569336,5544100
2013-03-13,56.98814010620117,77.38999938964844,77.83000183105469,77.23999786376953,77.70999908447266,3744000
2013-03-14,57.98958969116211,78.75,78.93000030517578,77.58000183105469,77.83999633789062,5630900
2013-03-15,58.46824645996094,79.4000015258789,79.73999786376953,78.4800033569336,78.4800033569336,8072800
2013-03-18,56.21493148803711,76.33999633789062,77.79000091552734,76.11000061035156,77.33000183105469,9343800
2013-03-19,54.47707748413086,73.9800033569336,76.62999725341797,73.01000213623047,76.62999725341797,14392200
2013-03-20,54.337181091308594,73.79000091552734,74.25,73.41000366210938,74.18000030517578,8933000
2013-03-21,54.07943344116211,73.44000244140625,74.01000213623047,73.25,73.31999969482422,6693800
2013-03-22,54.76425552368164,74.37000274658203,74.38999938964844,73.55999755859375,73.83999633789062,6395500
2013-03-25,54.38872146606445,73.86000061035156,74.94999694824219,73.36000061035156,74.72000122070312,5960100
2013-03-26,54.801082611083984,74.41999816894531,74.5199966430664,73.83000183105469,74.41000366210938,6183800
2013-03-27,55.30181884765625,75.0999984741211,75.2699966430664,73.55000305175781,73.88999938964844,5632400
2013-03-28,55.147193908691406,74.88999938964844,75.63999938964844,74.5,74.97000122070312,7267200
2013-04-01,54.50654983520508,74.0199966430664,75.2300033569336,73.36000061035156,75.08000183105469,5535800
2013-04-02,55.08827972412109,74.80999755859375,75.22000122070312,74.01000213623047,74.4800033569336,7297900
2013-04-03,54.49917984008789,74.01000213623047,75.1500015258789,73.51000213623047,74.81999969482422,9089700
2013-04-04,54.44762420654297,73.94000244140625,74.31999969482422,73.41000366210938,73.91000366210938,5456900
2013-04-05,54.74953079223633,74.3499984741211,74.48999786376953,72.69999694824219,73.08999633789062,4829200
2013-04-08,55.1987190246582,74.95999908447266,75.0999984741211,74.0999984741211,74.30000305175781,3874200
2013-04-09,55.54482650756836,75.43000030517578,75.77999877929688,74.52999877929688,75.11000061035156,4047700
2013-04-10,56.69356155395508,76.98999786376953,77.30000305175781,75.44999694824219,75.47000122070312,7208300
2013-04-11,56.80402374267578,77.13999938964844,77.55999755859375,76.5199966430664,77.19000244140625,5097900
2013-04-12,55.71419143676758,75.66000366210938,76.75,74.88999938964844,76.62000274658203,6829700
2013-04-15,52.93805313110352,71.88999938964844,74.61000061035156,71.5999984741211,74.61000061035156,11536400
2013-04-16,53.96897888183594,73.29000091552734,73.44000244140625,71.76000213623047,72.76000213623047,7792200
2013-04-17,52.26059341430664,70.97000122070312,72.38999938964844,70.19999694824219,72.38999938964844,10266600
2013-04-18,52.282691955566406,71.0,71.66000366210938,70.19000244140625,71.4000015258789,8245500
2013-04-19,51.50948333740234,69.94999694824219,73.69999694824219,69.08000183105469,73.69999694824219,13971800
2013-04-22,52.45206069946289,71.2300033569336,71.56999969482422,69.76000213623047,71.01000213623047,9191500
2013-04-23,52.97486114501953,71.94000244140625,71.98999786376953,70.83000183105469,71.63999938964844,7122100
2013-04-24,53.8806037902832,73.16999816894531,73.70999908447266,72.05999755859375,72.41000366210938,8791200
2013-04-25,54.07943344116211,73.44000244140625,74.06999969482422,72.80000305175781,73.25,7380700
2013-04-26,54.00580978393555,73.33999633789062,73.7699966430664,72.62999725341797,73.31999969482422,5270100
2013-04-29,54.51390075683594,74.02999877929688,74.27999877929688,72.94000244140625,73.55999755859375,5212200
2013-04-30,54.80845642089844,74.43000030517578,74.62000274658203,73.33999633789062,74.16999816894531,7392800
2013-05-01,54.337181091308594,73.79000091552734,74.18000030517578,73.33999633789062,73.93000030517578,6586500
2013-05-02,54.67589569091797,74.25,74.58000183105469,73.45999908447266,73.81999969482422,4641400
2013-05-03,55.75837326049805,75.72000122070312,76.4000015258789,75.01000213623047,75.04000091552734,6582600
2013-05-06,56.0823860168457,76.16000366210938,76.41999816894531,75.4800033569336,75.72000122070312,4501800
2013-05-07,56.61991500854492,76.88999938964844,77.44999694824219,76.41000366210938,76.58999633789062,5866100
2013-05-08,57.1353874206543,77.58999633789062,77.69000244140625,76.52999877929688,76.87000274658203,4793800
2013-05-09,56.8850212097168,77.25,77.66000366210938,76.73999786376953,77.4800033569336,4382700
2013-05-10,56.568389892578125,76.81999969482422,77.04000091552734,75.83000183105469,76.94000244140625,6331900
2013-05-13,56.73039245605469,77.04000091552734,77.41000366210938,76.5999984741211,76.73999786376953,8105600
2013-05-14,56.59783554077149,76.86000061035156,77.2699966430664,76.58000183105469,76.7300033569336,6602300
2013-05-15,55.72891616821289,75.68000030517578,76.2300033569336,74.95999908447266,75.58999633789062,9423800
2013-05-16,55.42700958251953,75.2699966430664,76.16999816894531,75.06999969482422,75.76000213623047,6200800
2013-05-17,55.77309036254883,75.73999786376953,76.16999816894531,74.87999725341797,75.9000015258789,9533300
2013-05-20,57.01023483276367,77.41999816894531,77.48999786376953,75.41999816894531,75.55999755859375,9940800
2013-05-21,56.75984573364258,77.08000183105469,77.83999633789062,76.66999816894531,77.38999938964844,6334800
2013-05-22,55.65527725219727,75.58000183105469,77.79000091552734,75.11000061035156,76.94999694824219,9235500
2013-05-23,55.50799179077149,75.37999725341797,75.44999694824219,73.81999969482422,74.44000244140625,6712900
2013-05-24,54.97780227661133,74.66000366210938,74.87999725341797,73.66000366210938,74.66999816894531,6632100
2013-05-28,55.52272033691406,75.4000015258789,76.18000030517578,75.25,75.87000274658203,6700100
2013-05-29,55.21345138549805,74.9800033569336,75.31999969482422,74.27999877929688,74.81999969482422,4889900
2013-05-30,55.08827972412109,74.80999755859375,75.19999694824219,73.94999694824219,74.58000183105469,5747400
2013-05-31,53.77750778198242,73.02999877929688,74.51000213623047,73.0199966430664,74.38999938964844,7897400
2013-06-03,54.17169952392578,73.25,73.52999877929688,72.73999786376953,73.19000244140625,8164000
2013-06-04,53.875885009765625,72.8499984741211,73.55999755859375,72.56999969482422,73.13999938964844,9450800
2013-06-05,53.38039779663086,72.18000030517578,73.11000061035156,72.0999984741211,72.5999984741211,7499400
2013-06-06,54.20868682861328,73.30000305175781,73.30000305175781,71.80000305175781,72.12000274658203,7292900
2013-06-07,54.67458724975586,73.93000030517578,74.3499984741211,73.29000091552734,74.04000091552734,6703700
2013-06-10,54.20868682861328,73.30000305175781,74.38999938964844,73.11000061035156,74.11000061035156,6263700
2013-06-11,52.833126068115234,71.44000244140625,72.61000061035156,71.30999755859375,72.37000274658203,8572800
2013-06-12,52.470741271972656,70.94999694824219,72.19000244140625,70.87999725341797,72.13999938964844,6256100
2013-06-13,53.58745956420898,72.45999908447266,72.56999969482422,71.0,71.11000061035156,6800300
2013-06-14,52.951438903808594,71.5999984741211,72.68000030517578,71.55000305175781,72.51000213623047,4937500
2013-06-17,54.0607795715332,73.0999984741211,73.43000030517578,72.4000015258789,72.4000015258789,5376400
2013-06-18,54.84468460083008,74.16000366210938,74.5999984741211,73.05999755859375,73.18000030517578,5682300
2013-06-19,54.28263854980469,73.4000015258789,74.79000091552734,73.4000015258789,74.26000213623047,6332400
2013-06-20,53.35081481933594,72.13999938964844,72.81999969482422,71.80999755859375,72.61000061035156,8916000
2013-06-21,53.861083984375,72.83000183105469,73.12999725341797,71.80999755859375,72.77999877929688,9785400
2013-06-24,52.68522262573242,71.23999786376953,71.9800033569336,70.25,71.83999633789062,7984300
2013-06-25,53.31383895874024,72.08999633789062,72.98999786376953,71.87000274658203,72.04000091552734,6693400
2013-06-26,53.106746673583984,71.80999755859375,72.7300033569336,71.61000061035156,72.62000274658203,5199700
2013-06-27,53.19550704956055,71.93000030517578,72.54000091552734,71.8499984741211,72.12000274658203,5951000
2013-06-28,52.99584579467773,71.66000366210938,72.27999877929688,71.5999984741211,71.80999755859375,7497100
2013-07-01,53.82411575317383,72.77999877929688,73.33999633789062,71.94999694824219,72.19000244140625,6432900
2013-07-02,53.69839859008789,72.61000061035156,73.30999755859375,72.25,73.30999755859375,4931300
2013-07-03,53.99422073364258,73.01000213623047,73.13999938964844,71.83999633789062,72.48999786376953,3147100
2013-07-05,54.79290008544922,74.08999633789062,74.37999725341797,72.9800033569336,73.41999816894531,3992100
2013-07-08,55.31058883666992,74.79000091552734,75.22000122070312,74.30999755859375,74.62000274658203,5457700
2013-07-09,56.604793548583984,76.54000091552734,76.79000091552734,75.2300033569336,75.2300033569336,7159600
2013-07-10,56.33857345581055,76.18000030517578,76.54000091552734,75.95999908447266,76.37000274658203,4594000
2013-07-11,56.67137908935547,76.62999725341797,77.22000122070312,76.01000213623047,77.08000183105469,4889800
2013-07-12,56.82666778564453,76.83999633789062,76.87999725341797,76.33999633789062,76.41999816894531,4254400
2013-07-15,56.95978927612305,77.0199966430664,77.30999755859375,76.38999938964844,76.83999633789062,3927800
2013-07-16,56.59000015258789,76.5199966430664,77.52999877929688,75.94000244140625,77.19000244140625,6037200
2013-07-17,57.3961296081543,77.61000061035156,77.7699966430664,76.76000213623047,76.76000213623047,6667600
2013-07-18,58.039527893066406,78.4800033569336,78.8499984741211,77.76000213623047,77.76000213623047,6141300
2013-07-19,61.18996810913086,82.73999786376953,83.55000305175781,80.88999938964844,81.20999908447266,17430400
2013-07-22,61.98127746582031,83.80999755859375,85.0199966430664,82.22000122070312,82.36000061035156,11197700
2013-07-23,61.803810119628906,83.56999969482422,84.47000122070312,83.4000015258789,83.86000061035156,6866900
2013-07-24,61.271331787109375,82.8499984741211,83.80000305175781,82.33000183105469,83.7300033569336,5378100
2013-07-25,61.06427764892578,82.56999969482422,83.27999877929688,82.0199966430664,82.5199966430664,5837900
2013-07-26,60.57617568969727,81.91000366210938,82.2699966430664,81.1500015258789,82.2699966430664,5040600
2013-07-29,60.01408767700195,81.1500015258789,81.5199966430664,80.80000305175781,81.11000061035156,4867300
2013-07-30,60.22119140625,81.43000030517578,81.87999725341797,81.23999786376953,81.4800033569336,5142600
2013-07-31,60.147254943847656,81.33000183105469,82.12999725341797,81.11000061035156,81.98999786376953,5034500
2013-08-01,61.78901672363281,83.55000305175781,83.69999694824219,82.3499984741211,82.3499984741211,7005700
2013-08-02,61.30093383789063,82.88999938964844,83.58999633789062,82.55000305175781,83.48999786376953,5881400
2013-08-05,61.30093383789063,82.88999938964844,83.01000213623047,81.94999694824219,82.87000274658203,4036200
2013-08-06,60.80541229248047,82.22000122070312,82.95999908447266,82.0999984741211,82.7300033569336,5372400
2013-08-07,59.94014358520508,81.05000305175781,81.80000305175781,80.41000366210938,81.63999938964844,7098700
2013-08-08,60.07329940795898,81.2300033569336,82.02999877929688,81.12000274658203,81.56999969482422,3996900
2013-08-09,59.52599334716797,80.48999786376953,81.52999877929688,80.26000213623047,81.13999938964844,4523100
2013-08-12,59.34850692749024,80.25,80.7300033569336,79.80000305175781,80.02999877929688,4988700
2013-08-13,60.80541229248047,82.22000122070312,82.5,80.58000183105469,80.66999816894531,7282400
2013-08-14,60.76105499267578,82.16000366210938,82.73999786376953,81.98999786376953,82.30000305175781,4401200
2013-08-15,60.63533020019531,81.98999786376953,82.31999969482422,81.4800033569336,81.62000274658203,4601100
2013-08-16,60.58354949951172,81.91999816894531,82.33000183105469,81.72000122070312,81.91999816894531,4754300
2013-08-19,59.466827392578125,80.41000366210938,81.9000015258789,80.30000305175781,81.26000213623047,4684300
2013-08-20,59.62213516235352,80.62000274658203,81.18000030517578,80.1500015258789,80.47000122070312,3642200
2013-08-21,59.20061111450195,80.05000305175781,80.93000030517578,80.0,80.26000213623047,4118100
2013-08-22,60.79803466796875,82.20999908447266,82.63999938964844,80.51000213623047,80.7699966430664,4504300
2013-08-23,60.398658752441406,81.66999816894531,82.51000213623047,81.3499984741211,82.51000213623047,5122500
2013-08-26,60.56876373291016,81.9000015258789,82.5199966430664,81.73999786376953,81.83000183105469,4677000
2013-08-27,60.02889633178711,81.16999816894531,82.12999725341797,80.91999816894531,81.0999984741211,4422500
2013-08-28,61.14561462402344,82.68000030517578,83.33000183105469,81.23999786376953,81.4000015258789,5511700
2013-08-29,60.34690475463867,81.5999984741211,82.91000366210938,81.4800033569336,82.69999694824219,4834400
2013-08-30,60.08929443359375,80.94000244140625,81.5999984741211,80.68000030517578,81.55999755859375,4455500
2013-09-03,61.18804168701172,82.41999816894531,82.83000183105469,81.68000030517578,81.69000244140625,5299300
2013-09-04,61.51470565795898,82.86000061035156,83.48999786376953,81.86000061035156,82.11000061035156,5521100
2013-09-05,62.52434158325195,84.22000122070312,84.55000305175781,83.0,83.2300033569336,8640500
2013-09-06,63.20734786987305,85.13999938964844,85.91999816894531,83.72000122070312,84.72000122070312,9117100
2013-09-09,64.17988586425781,86.44999694824219,86.75,85.18000030517578,85.18000030517578,5954500
2013-09-10,64.51396179199219,86.9000015258789,86.9000015258789,85.45999908447266,86.1500015258789,10257200
2013-09-11,64.62533569335938,87.05000305175781,87.11000061035156,86.19000244140625,86.80999755859375,5414000
2013-09-12,64.2763900756836,86.58000183105469,87.18000030517578,86.0,86.8499984741211,5860700
2013-09-13,64.38031005859375,86.72000122070312,86.91000366210938,86.08000183105469,86.47000122070312,3874800
2013-09-16,64.58821868896484,87.0,87.61000061035156,86.58999633789062,87.36000061035156,4213300
2013-09-17,65.13756561279297,87.73999786376953,88.22000122070312,86.66000366210938,86.95999908447266,6074500
2013-09-18,66.03585815429688,88.94999694824219,89.4800033569336,86.94000244140625,87.63999938964844,6756500
2013-09-19,65.91709899902344,88.79000091552734,89.72000122070312,88.72000122070312,88.83999633789062,6010200
2013-09-20,64.91484832763672,87.44000244140625,89.27999877929688,87.44000244140625,89.08000183105469,8555600
2013-09-23,64.61791229248047,87.04000091552734,87.86000061035156,87.02999877929688,87.16000366210938,5480900
2013-09-24,65.26378631591797,87.91000366210938,88.5199966430664,86.56999969482422,87.41999816894531,5688300
2013-09-25,65.7537612915039,88.56999969482422,89.23999786376953,87.51000213623047,87.83000183105469,8082500
2013-09-26,65.94676971435547,88.83000183105469,89.25,88.43000030517578,88.7699966430664,5042900
2013-09-27,65.93936157226562,88.81999969482422,89.0999984741211,88.12000274658203,88.30999755859375,4980100
2013-09-30,65.59786224365234,88.36000061035156,88.87999725341797,87.16000366210938,87.48999786376953,5597200
2013-10-01,66.110107421875,89.05000305175781,89.58999633789062,87.9800033569336,87.98999786376953,5580200
2013-10-02,66.70401000976562,89.8499984741211,89.9000015258789,88.75,89.0,7487100
2013-10-03,66.39962768554688,89.44000244140625,89.9800033569336,89.0,89.62999725341797,6618300
2013-10-04,66.82282257080078,90.01000213623047,90.47000122070312,89.0,89.55999755859375,3983600
2013-10-07,66.28827667236328,89.29000091552734,90.0999984741211,89.01000213623047,89.27999877929688,4570100
2013-10-08,65.29347229003906,87.94999694824219,89.41000366210938,87.83999633789062,89.33000183105469,5902800
2013-10-09,64.61791229248047,87.04000091552734,88.08000183105469,86.30000305175781,87.94999694824219,6185100
2013-10-10,66.384765625,89.41999816894531,89.44000244140625,87.9000015258789,87.97000122070312,6081800
2013-10-11,66.83023834228516,90.0199966430664,90.29000091552734,88.5199966430664,89.05000305175781,5335400
2013-10-14,67.6839828491211,91.16999816894533,91.3000030517578,89.23999786376953,89.33000183105469,5475000
2013-10-15,67.2162857055664,90.54000091552734,91.26000213623048,89.62999725341797,90.54000091552734,6370800
2013-10-16,68.43379211425781,92.18000030517578,92.4000015258789,90.8499984741211,90.93000030517578,9084500
2013-10-17,67.87698364257812,91.43000030517578,91.8499984741211,90.70999908447266,91.83000183105467,8871400
2013-10-18,69.77752685546875,93.98999786376952,94.87999725341795,92.98999786376952,93.0999984741211,11240000
2013-10-21,69.39892578125,93.4800033569336,94.91000366210938,92.91000366210938,94.12000274658205,7325900
2013-10-22,70.12645721435547,94.45999908447266,94.9000015258789,93.29000091552734,93.38999938964844,7692500
2013-10-23,68.92377471923828,92.83999633789062,93.75,92.62000274658205,93.66999816894533,7718600
2013-10-24,68.93122100830078,92.8499984741211,93.4499969482422,92.30999755859376,92.80999755859376,4376500
2013-10-25,68.96831512451172,92.9000015258789,93.27999877929688,92.41000366210938,92.47000122070312,4697700
2013-10-28,68.93122100830078,92.8499984741211,93.13999938964844,92.12000274658205,92.70999908447266,4936700
2013-10-29,69.78495788574219,94.0,94.01000213623048,92.88999938964844,93.23999786376952,4078100
2013-10-30,69.69585418701172,93.87999725341795,94.7699966430664,93.36000061035156,94.43000030517578,5615900
2013-10-31,69.57709503173828,93.72000122070312,94.4499969482422,93.2699966430664,93.87999725341795,5305400
2013-11-01,69.04254150390625,93.0,94.0999984741211,92.12999725341795,93.9499969482422,5907400
2013-11-04,69.42117309570312,93.51000213623048,93.72000122070312,92.83000183105467,93.4000015258789,3841400
2013-11-05,68.58971405029297,92.38999938964844,93.11000061035156,91.86000061035156,92.97000122070312,4892700
2013-11-06,69.21331787109375,93.2300033569336,93.87999725341795,92.5999984741211,93.06999969482422,4244300
2013-11-07,68.3372802734375,92.0500030517578,93.79000091552734,91.83999633789062,93.6500015258789,5349000
2013-11-08,69.6290283203125,93.79000091552734,93.88999938964844,91.80999755859376,91.87000274658205,6832400
2013-11-11,69.6884536743164,93.87000274658205,94.80999755859376,93.51000213623048,93.77999877929688,3847200
2013-11-12,68.29273986816406,91.98999786376952,93.56999969482422,91.29000091552734,93.47000122070312,6598400
2013-11-13,69.10195922851562,93.08000183105467,93.0999984741211,90.77999877929688,91.66000366210938,6008000
2013-11-14,69.27269744873047,93.30999755859376,93.5,92.66999816894533,93.18000030517578,4226700
2013-11-15,69.02771759033203,92.9800033569336,93.87000274658205,92.33000183105467,93.38999938964844,5056400
2013-11-18,68.31501007080078,92.0199966430664,93.3000030517578,91.62999725341795,93.20999908447266,4352100
2013-11-19,67.7656478881836,91.27999877929688,92.1999969482422,90.56999969482422,91.66999816894533,6261800
2013-11-20,67.14949035644531,90.4499969482422,91.97000122070312,90.30999755859376,91.94000244140624,5554300
2013-11-21,67.56517791748047,91.01000213623048,91.13999938964844,90.38999938964844,90.80999755859376,5774700
2013-11-22,68.84210968017578,92.7300033569336,92.79000091552734,91.0,91.30999755859376,5274000
2013-11-25,66.67432403564453,89.80999755859375,92.6999969482422,89.5,92.45999908447266,7255000
2013-11-26,66.41447448730469,89.45999908447266,90.01000213623047,88.9000015258789,89.87000274658203,6987200
2013-11-27,65.29347229003906,87.94999694824219,89.48999786376953,86.79000091552734,89.31999969482422,8571100
2013-11-29,65.64240264892578,88.41999816894531,89.66000366210938,87.68000030517578,88.12999725341797,4093900
2013-12-02,65.26466369628906,87.5999984741211,88.98999786376953,87.33999633789062,88.63999938964844,4653800
2013-12-03,65.2944564819336,87.63999938964844,88.0999984741211,86.37999725341797,87.16000366210938,5831900
2013-12-04,65.0262451171875,87.27999877929688,87.9000015258789,86.5,87.37000274658203,6694500
2013-12-05,64.72081756591797,86.87000274658203,87.91000366210938,86.55999755859375,86.73999786376953,5986200
2013-12-06,65.67444610595703,88.1500015258789,88.52999877929688,87.7699966430664,88.0999984741211,6102400
2013-12-09,65.58502960205078,88.02999877929688,88.5199966430664,86.94000244140625,88.5199966430664,5066900
2013-12-10,64.8250961303711,87.01000213623047,88.0999984741211,86.8499984741211,87.69999694824219,4867100
2013-12-11,64.17691040039062,86.13999938964844,87.4800033569336,85.9000015258789,87.0,5387500
2013-12-12,64.78784942626953,86.95999908447266,87.63999938964844,85.97000122070312,86.2300033569336,5923400
2013-12-13,64.34825897216797,86.37000274658203,87.51000213623047,85.8499984741211,87.37999725341797,6089300
2013-12-16,64.81766510009766,87.0,87.12999725341797,86.1500015258789,86.98999786376953,5083600
2013-12-17,63.72989273071289,85.54000091552734,87.5199966430664,85.44999694824219,87.02999877929688,7275800
2013-12-18,65.01136779785156,87.26000213623047,87.30999755859375,84.91000366210938,85.58000183105469,8990400
2013-12-19,64.42276763916016,86.47000122070312,87.08000183105469,85.6500015258789,87.04000091552734,6374800
2013-12-20,65.018798828125,87.2699966430664,87.76000213623047,86.0,86.51000213623047,9322500
2013-12-23,65.05604553222656,87.31999969482422,88.12999725341797,87.2699966430664,87.87999725341797,5214500
2013-12-24,65.79361724853516,88.30999755859375,88.5,87.37000274658203,87.52999877929688,1849900
2013-12-26,66.59827423095703,89.38999938964844,89.55999755859375,88.4000015258789,88.4800033569336,3640400
2013-12-27,66.978271484375,89.9000015258789,89.98999786376953,89.05000305175781,89.54000091552734,3488600
2013-12-30,66.43436431884766,89.16999816894531,90.26000213623048,89.13999938964844,89.97000122070312,4028500
2013-12-31,67.13471221923828,90.11000061035156,90.20999908447266,89.06999969482422,89.5,3397400
2014-01-02,66.1736068725586,88.81999969482422,90.12000274658205,88.61000061035156,89.4800033569336,4958100
2014-01-03,65.82344055175781,88.3499984741211,89.3499984741211,88.20999908447266,88.94000244140625,4212000
2014-01-06,65.57758331298828,88.0199966430664,88.91999816894531,87.30000305175781,88.87999725341797,6370100
2014-01-07,65.1976318359375,87.51000213623047,88.45999908447266,86.7699966430664,88.05000305175781,6423800
2014-01-08,64.8027572631836,86.9800033569336,87.66000366210938,86.37999725341797,87.36000061035156,8527100
2014-01-09,64.43024444580078,86.4800033569336,87.6500015258789,86.05000305175781,87.5199966430664,6559200
2014-01-10,65.6893310546875,88.16999816894531,88.19999694824219,85.7699966430664,86.08000183105469,8417100
2014-01-13,65.16035461425781,87.45999908447266,88.54000091552734,87.29000091552734,88.4000015258789,6824000
2014-01-14,66.21086120605469,88.87000274658203,88.93000030517578,87.37000274658203,87.91000366210938,5523900
2014-01-15,66.22577667236328,88.88999938964844,89.30000305175781,87.9000015258789,88.91000366210938,6804700
2014-01-16,66.01715087890625,88.61000061035156,89.38999938964844,88.13999938964844,88.87999725341797,6930700
2014-01-17,67.20917510986328,90.20999908447266,90.41000366210938,88.0,89.80999755859375,11923900
2014-01-21,67.86483001708984,91.08999633789062,92.11000061035156,90.37999725341795,91.1999969482422,8312400
2014-01-22,67.95423889160156,91.20999908447266,91.36000061035156,90.27999877929688,91.31999969482422,5123800
2014-01-23,67.2464599609375,90.26000213623048,91.19000244140624,89.9800033569336,90.63999938964844,6603500
2014-01-24,65.67444610595703,88.1500015258789,89.33999633789062,87.81999969482422,89.2300033569336,8402100
2014-01-27,65.49563598632812,87.91000366210938,88.62000274658203,86.9000015258789,88.30000305175781,6073300
2014-01-28,65.38387298583984,87.76000213623047,88.5199966430664,87.19000244140625,88.22000122070312,4677700
2014-01-29,65.04117584228516,87.30000305175781,87.5199966430664,86.43000030517578,87.08000183105469,6662400
2014-01-30,66.16614532470703,88.80999755859375,89.48999786376953,87.88999938964844,87.9000015258789,5613700
2014-01-31,65.24231719970703,87.56999969482422,88.58999633789062,87.30000305175781,87.87000274658203,6337900
2014-02-03,64.24398803710938,86.2300033569336,88.0,85.88999938964844,87.80000305175781,7207100
2014-02-04,64.95921325683594,87.19000244140625,87.83000183105469,86.20999908447266,86.3499984741211,6288000
2014-02-05,64.19181060791016,86.16000366210938,87.63999938964844,86.0,87.1500015258789,6650900
2014-02-06,65.9426498413086,88.51000213623047,88.7699966430664,86.48999786376953,86.55000305175781,5384000
2014-02-07,66.68022155761719,89.5,89.73999786376953,88.33000183105469,88.98999786376953,5985000
2014-02-10,66.3375015258789,89.04000091552734,89.4800033569336,88.38999938964844,89.45999908447266,5186900
2014-02-11,67.32839965820312,90.37000274658205,90.6500015258789,89.01000213623047,89.02999877929688,5925100
2014-02-12,67.07508850097656,90.02999877929688,91.05999755859376,89.95999908447266,90.41999816894533,4285000
2014-02-13,67.2464599609375,90.26000213623048,90.70999908447266,89.1500015258789,89.55000305175781,5060900
2014-02-14,67.68798828125,90.4499969482422,91.19000244140624,89.94999694824219,90.05999755859375,4661800
2014-02-18,67.82268524169922,90.62999725341795,90.7699966430664,89.69999694824219,90.45999908447266,5336000
2014-02-19,67.71041107177734,90.4800033569336,91.68000030517578,90.27999877929688,90.27999877929688,5990400
2014-02-20,68.12202453613281,91.02999877929688,91.12999725341795,90.3000030517578,90.41000366210938,4917000
2014-02-21,67.40362548828125,90.06999969482422,91.4800033569336,90.05999755859375,91.25,6322800
2014-02-24,69.38672637939453,92.72000122070312,93.66999816894533,90.38999938964844,90.41999816894533,8868900
2014-02-25,69.26700592041016,92.55999755859376,92.75,91.44000244140624,92.23999786376952,5254300
2014-02-26,69.10982513427734,92.3499984741211,93.47000122070312,92.11000061035156,93.29000091552734,4337700
2014-02-27,69.27447509765625,92.56999969482422,92.6999969482422,91.4800033569336,91.9800033569336,3947400
2014-02-28,69.59623718261719,93.0,93.83999633789062,92.66999816894533,93.16999816894533,5966900
2014-03-03,68.29413604736328,91.26000213623048,92.87999725341795,90.5999984741211,92.26000213623048,7741200
2014-03-04,69.21459197998047,92.48999786376952,93.01000213623048,91.87999725341795,92.5,6768400
2014-03-05,68.85540008544922,92.01000213623048,92.5999984741211,91.58000183105467,92.13999938964844,3995800
2014-03-06,69.40916442871094,92.75,93.05999755859376,91.88999938964844,92.2300033569336,4612000
2014-03-07,69.581298828125,92.9800033569336,93.3499984741211,92.5,93.2300033569336,4690300
2014-03-10,69.49898529052734,92.87000274658205,93.0,92.05999755859376,92.66999816894533,3301800
2014-03-11,68.81048583984375,91.9499969482422,93.62000274658205,91.55999755859376,93.27999877929688,5301500
2014-03-12,68.22677612304688,91.16999816894533,91.41000366210938,90.38999938964844,91.19000244140624,4992700
2014-03-13,67.55327606201172,90.2699966430664,91.7300033569336,89.5999984741211,91.56999969482422,6466500
2014-03-14,66.67024230957031,89.08999633789062,90.58999633789062,88.87999725341797,90.20999908447266,7657300
2014-03-17,67.18658447265625,89.77999877929688,89.97000122070312,89.1500015258789,89.1500015258789,8924900
2014-03-18,67.72537994384766,90.5,90.98999786376952,89.94999694824219,90.1999969482422,4377000
2014-03-19,67.62060546875,90.36000061035156,91.0999984741211,89.86000061035156,90.58000183105467,4160200
2014-03-20,68.18189239501953,91.11000061035156,91.44000244140624,89.91000366210938,90.3499984741211,4289500
2014-03-21,69.34932708740234,92.66999816894533,93.4000015258789,90.9499969482422,91.91000366210938,11148800
2014-03-24,69.76837921142578,93.2300033569336,94.8000030517578,93.0199966430664,93.0999984741211,7381600
2014-03-25,71.51203155517578,95.55999755859376,95.87999725341795,94.41000366210938,94.48999786376952,9651800
2014-03-26,71.41474151611328,95.43000030517578,96.43000030517578,95.36000061035156,95.83999633789062,6515700
2014-03-27,72.20797729492188,96.48999786376952,97.43000030517578,95.25,95.41000366210938,7174100
2014-03-28,73.01620483398438,97.56999969482422,98.4499969482422,96.48999786376952,96.69000244140624,7801000
2014-03-31,72.96382904052734,97.5,98.27999877929688,97.22000122070312,97.83000183105467,5278100
2014-04-01,73.30806732177734,97.95999908447266,98.16000366210938,97.12999725341795,97.19000244140624,4185300
2014-04-02,73.10604095458984,97.69000244140624,98.41000366210938,97.58000183105467,98.06999969482422,4997600
2014-04-03,73.390380859375,98.06999969482422,98.70999908447266,97.79000091552734,97.9800033569336,4499100
2014-04-04,73.36044311523438,98.02999877929688,99.69000244140624,97.80999755859376,98.23999786376952,8265600
2014-04-07,73.03868103027344,97.5999984741211,98.52999877929688,97.5500030517578,97.91999816894533,7552900
2014-04-08,73.66728210449219,98.44000244140624,98.69000244140624,97.36000061035156,97.41999816894533,6689200
2014-04-09,74.101318359375,99.0199966430664,99.16000366210938,97.55999755859376,98.55999755859376,5434000
2014-04-10,72.82909393310547,97.31999969482422,99.4499969482422,97.16000366210938,98.88999938964844,5482500
2014-04-11,72.66448211669922,97.0999984741211,97.54000091552734,96.66000366210938,96.91999816894533,5563900
2014-04-14,73.69721221923828,98.4800033569336,99.33000183105467,97.70999908447266,97.8499984741211,6203500
2014-04-15,74.91699981689453,100.11000061035156,100.5,98.12000274658205,98.4800033569336,8585700
2014-04-16,75.53814697265625,100.94000244140624,101.05999755859376,100.0500030517578,100.5199966430664,6955500
2014-04-17,74.76732635498047,99.91000366210938,101.87000274658205,99.22000122070312,101.58000183105467,10169700
2014-04-21,76.18172454833984,101.8000030517578,102.08999633789062,99.91000366210938,100.33000183105467,7005300
2014-04-22,76.35383605957031,102.02999877929688,102.66000366210938,100.9000015258789,101.30999755859376,6939500
2014-04-23,76.488525390625,102.20999908447266,102.8000030517578,101.7699966430664,102.0199966430664,5547200
2014-04-24,76.18172454833984,101.8000030517578,102.62000274658205,101.5199966430664,102.05999755859376,5168700
2014-04-25,76.14427185058594,101.75,102.1500015258789,101.12000274658205,101.56999969482422,6998500
2014-04-28,75.80005645751953,101.29000091552734,102.2699966430664,100.36000061035156,102.12999725341795,6183500
2014-04-29,75.87488555908203,101.38999938964844,103.58000183105467,101.33999633789062,101.83999633789062,7020600
2014-04-30,75.9946060180664,101.5500030517578,101.91000366210938,100.8499984741211,101.2300033569336,5426900
2014-05-01,75.43338012695312,100.8000030517578,101.77999877929688,100.56999969482422,101.58000183105467,4174900
2014-05-02,75.60545349121094,101.02999877929688,101.72000122070312,100.70999908447266,101.38999938964844,4471200
2014-05-05,75.65787506103516,101.0999984741211,101.66999816894533,100.48999786376952,100.6500015258789,3112000
2014-05-06,75.5830307006836,101.0,101.5,100.62000274658205,101.0500030517578,4681300
2014-05-07,76.24156188964844,101.87999725341795,102.08000183105467,100.80999755859376,101.27999877929688,4075200
2014-05-08,75.04424285888672,100.27999877929688,102.12000274658205,100.16999816894533,101.83999633789062,4374900
2014-05-09,74.99932098388672,100.22000122070312,100.5199966430664,99.68000030517578,100.2699966430664,4659700
2014-05-12,75.05171203613281,100.29000091552734,100.7699966430664,99.93000030517578,100.6500015258789,4071200
2014-05-13,75.02177429199219,100.25,100.81999969482422,99.76000213623048,100.27999877929688,4518200
2014-05-14,75.38847351074219,100.73999786376952,101.2300033569336,100.26000213623048,100.26000213623048,5134100
2014-05-15,74.46050262451172,99.5,100.36000061035156,98.33999633789062,100.36000061035156,6593900
2014-05-16,74.52787780761719,99.58999633789062,99.83000183105467,98.5,99.1999969482422,4965100
2014-05-19,75.05171203613281,100.29000091552734,100.44000244140624,99.26000213623048,99.37000274658205,4095900
2014-05-20,75.12654113769531,100.38999938964844,100.91999816894533,99.97000122070312,100.02999877929688,3904100
2014-05-21,76.01708984375,101.58000183105467,101.73999786376952,100.80999755859376,100.83999633789062,4114200
2014-05-22,76.03204345703125,101.5999984741211,101.95999908447266,101.20999908447266,101.4499969482422,3757800
2014-05-23,75.87488555908203,101.38999938964844,101.9000015258789,101.0500030517578,101.5999984741211,4463200
2014-05-27,76.45112609863281,102.16000366210938,102.33999633789062,101.5,101.91000366210938,3660300
2014-05-28,76.23408508300781,101.87000274658205,102.51000213623048,101.0199966430664,102.4000015258789,3660000
2014-05-29,77.72332000732422,103.86000061035156,104.12000274658205,102.3000030517578,102.33999633789062,4792000
2014-05-30,77.85801696777344,104.04000091552734,104.20999908447266,103.1999969482422,103.69000244140624,4666500
2014-06-02,78.06086730957031,103.91000366210938,104.68000030517578,103.20999908447266,104.06999969482422,3748000
2014-06-03,78.0157470703125,103.8499984741211,103.95999908447266,102.91999816894533,103.93000030517578,3503900
2014-06-04,77.91810607910156,103.72000122070312,103.8000030517578,102.91000366210938,103.5199966430664,4815100
2014-06-05,78.06086730957031,103.91000366210938,104.0999984741211,103.16000366210938,103.63999938964844,4055600
2014-06-06,79.62339782714844,105.98999786376952,105.98999786376952,104.13999938964844,104.45999908447266,6205600
2014-06-09,80.17179870605469,106.72000122070312,106.9499969482422,105.5199966430664,105.9499969482422,5692300
2014-06-10,80.02908325195312,106.52999877929688,107.20999908447266,106.12999725341795,106.20999908447266,4148000
2014-06-11,80.03659057617188,106.54000091552734,107.01000213623048,106.0,106.26000213623048,3199100
2014-06-12,79.87882232666016,106.33000183105467,108.08000183105467,106.13999938964844,106.83999633789062,5847600
2014-06-13,81.32121276855469,108.25,108.2699966430664,106.0199966430664,106.9000015258789,4749000
2014-06-16,80.41971588134766,107.0500030517578,107.87999725341795,106.62999725341795,107.8000030517578,4126700
2014-06-17,79.7060317993164,106.0999984741211,107.19000244140624,106.01000213623048,106.66000366210938,4321500
2014-06-18,80.44227600097656,107.08000183105467,107.16999816894533,105.44000244140624,106.08999633789062,6129400
2014-06-19,80.83291625976562,107.5999984741211,107.98999786376952,106.7699966430664,107.1500015258789,5892900
2014-06-20,81.75691986083984,108.83000183105467,109.75,107.8499984741211,108.04000091552734,8860300
2014-06-23,81.80948638916016,108.9000015258789,109.41999816894533,108.41999816894533,109.29000091552734,4284100
2014-06-24,80.36713409423828,106.9800033569336,109.5,106.77999877929688,108.8499984741211,5762000
2014-06-25,85.52810668945312,113.8499984741211,114.44000244140624,106.8499984741211,106.8499984741211,17541800
2014-06-26,87.23342895507812,116.12000274658205,117.55999755859376,114.6999969482422,114.91999816894533,14230400
2014-06-27,88.4955062866211,117.8000030517578,117.8000030517578,115.25,115.94000244140624,7830900
2014-06-30,88.6081771850586,117.9499969482422,118.12999725341795,117.02999877929688,117.48999786376952,6529400
2014-07-01,88.53305053710938,117.8499984741211,118.76000213623048,117.3499984741211,118.3000030517578,6644900
2014-07-02,88.44293975830078,117.7300033569336,118.25,117.19000244140624,117.9800033569336,4321100
2014-07-03,88.2701187133789,117.5,117.94000244140624,116.37999725341795,117.73999786376952,3574000
2014-07-07,88.21755981445312,117.43000030517578,117.62999725341795,116.70999908447266,117.33999633789062,4887400
2014-07-08,87.70667266845703,116.75,117.3499984741211,116.23999786376952,117.0500030517578,6460900
2014-07-09,87.86446380615234,116.95999908447266,117.31999969482422,116.13999938964844,117.2699966430664,6769500
2014-07-10,86.6925277709961,115.4000015258789,116.37999725341795,114.8000030517578,115.83999633789062,5112800
2014-07-11,86.16667938232422,114.6999969482422,115.45999908447266,114.12999725341795,115.30999755859376,4831900
2014-07-14,87.09819793701172,115.94000244140624,116.05999755859376,114.7300033569336,114.81999969482422,5160000
2014-07-15,85.98636627197266,114.45999908447266,115.76000213623048,113.5500030517578,114.4499969482422,6472400
2014-07-16,87.05311584472656,115.87999725341795,115.9000015258789,114.30999755859376,115.0,5303200
2014-07-17,86.12158203125,114.63999938964844,115.6500015258789,114.0,115.6500015258789,5348000
2014-07-18,84.40877532958984,112.36000061035156,113.6500015258789,110.7699966430664,113.5,9057900
2014-07-21,84.91959381103516,113.04000091552734,113.97000122070312,112.36000061035156,112.37999725341795,4427800
2014-07-22,85.19756317138672,113.41000366210938,114.1500015258789,113.26000213623048,113.73999786376952,4174100
2014-07-23,84.22097778320312,112.11000061035156,113.58999633789062,111.93000030517578,113.58999633789062,4745400
2014-07-24,84.96468353271484,113.0999984741211,113.29000091552734,112.22000122070312,112.3000030517578,4750600
2014-07-25,83.97306060791016,111.77999877929688,112.9000015258789,111.66999816894533,112.75,5837300
2014-07-28,84.05569458007812,111.88999938964844,112.2699966430664,110.9000015258789,111.93000030517578,4811000
2014-07-29,83.47721862792969,111.12000274658205,112.61000061035156,111.12000274658205,112.1999969482422,3981800
2014-07-30,82.83869171142578,110.2699966430664,111.97000122070312,109.86000061035156,111.52999877929688,5750400
2014-07-31,81.4263687133789,108.38999938964844,109.93000030517578,107.94000244140624,109.58000183105467,7561900
2014-08-01,81.0958251953125,107.9499969482422,109.08999633789062,106.83999633789062,107.86000061035156,6045800
2014-08-04,82.3879623413086,109.66999816894533,110.0500030517578,107.5199966430664,108.04000091552734,5759800
2014-08-05,80.44227600097656,107.08000183105467,108.97000122070312,106.3499984741211,108.88999938964844,6946200
2014-08-06,80.8103256225586,107.56999969482422,108.9000015258789,106.3000030517578,106.44000244140624,5352900
2014-08-07,80.38968658447266,107.01000213623048,108.62000274658205,106.5999984741211,107.97000122070312,4653100
2014-08-08,81.41886138916016,108.37999725341795,108.4800033569336,107.1999969482422,107.25,4168900
2014-08-11,82.04239654541016,109.20999908447266,110.3499984741211,108.5199966430664,108.97000122070312,5354100
2014-08-12,81.03572082519531,107.87000274658205,109.30999755859376,107.5199966430664,108.9499969482422,4625000
2014-08-13,80.84791564941406,107.62000274658205,109.23999786376952,107.41999816894533,108.69000244140624,4294700
2014-08-14,79.56330108642578,105.91000366210938,108.41000366210938,105.5500030517578,107.95999908447266,5857600
2014-08-15,80.02908325195312,106.52999877929688,106.87999725341795,105.38999938964844,106.3000030517578,5322500
2014-08-18,81.23856353759766,108.13999938964844,109.48999786376952,107.54000091552734,109.26000213623048,7806500
2014-08-19,82.20014953613281,109.41999816894533,109.6500015258789,108.37000274658205,109.06999969482422,6228900
2014-08-20,82.52318572998047,109.8499984741211,110.02999877929688,108.70999908447266,109.86000061035156,4627300
2014-08-21,82.2151870727539,109.44000244140624,109.98999786376952,108.9000015258789,109.95999908447266,4642900
2014-08-22,81.90718841552734,109.02999877929688,109.70999908447266,108.05999755859376,109.05999755859376,4162600
2014-08-25,82.8011474609375,110.22000122070312,110.5,109.33000183105467,109.66999816894533,4497400
2014-08-26,83.402099609375,111.0199966430664,111.87999725341795,110.68000030517578,110.75,4827000
2014-08-27,83.4171371459961,111.04000091552734,112.0,110.5199966430664,111.4800033569336,4339700
2014-08-28,82.75605010986328,110.16000366210938,110.83999633789062,110.01000213623048,110.83999633789062,3515800
2014-08-29,82.6655502319336,109.63999938964844,110.37999725341795,109.16999816894533,110.29000091552734,4594700
2014-09-02,81.47431945800781,108.05999755859376,109.66000366210938,107.5199966430664,109.62999725341795,6242700
2014-09-03,81.55724334716797,108.16999816894533,109.93000030517578,108.11000061035156,109.25,4598900
2014-09-04,79.64969635009766,105.63999938964844,108.2699966430664,105.08999633789062,108.23999786376952,7410500
2014-09-05,80.49414825439453,106.76000213623048,106.79000091552734,104.88999938964844,106.02999877929688,5971700
2014-09-08,78.78263092041016,104.48999786376952,105.98999786376952,103.7699966430664,105.91999816894533,7000000
2014-09-09,78.39057922363281,103.97000122070312,105.41999816894533,103.26000213623048,104.66999816894533,6221300
2014-09-10,78.61674499511719,104.2699966430664,104.43000030517578,102.75,104.06999969482422,5709500
2014-09-11,78.7524642944336,104.4499969482422,104.9000015258789,103.0,103.22000122070312,5823100
2014-09-12,77.07108306884766,102.22000122070312,104.08000183105467,102.08999633789062,103.7300033569336,7383100
2014-09-15,77.69689178466797,103.0500030517578,103.5999984741211,101.8499984741211,102.02999877929688,5737800
2014-09-16,79.13699340820312,104.95999908447266,105.8499984741211,102.86000061035156,102.87000274658205,6676400
2014-09-17,77.89293670654297,103.30999755859376,105.81999969482422,103.0999984741211,105.41000366210938,8185000
2014-09-18,78.76753997802734,104.47000122070312,104.94000244140624,103.31999969482422,103.77999877929688,6514100
2014-09-19,77.81753540039062,103.20999908447266,105.18000030517578,103.20999908447266,104.56999969482422,9520200
2014-09-22,76.69412994384766,101.72000122070312,103.23999786376952,101.23999786376952,103.23999786376952,5644100
2014-09-23,76.97310638427734,102.08999633789062,103.06999969482422,101.25,101.80999755859376,4969000
2014-09-24,76.9580307006836,102.06999969482422,102.77999877929688,100.3000030517578,102.20999908447266,6742900
2014-09-25,76.1587905883789,101.01000213623048,103.43000030517578,100.37000274658205,103.38999938964844,7353300
2014-09-26,78.00602722167969,103.45999908447266,103.62000274658205,100.8499984741211,101.3499984741211,6353800
2014-09-29,77.87030792236328,103.27999877929688,103.63999938964844,101.62000274658205,102.25,7040600
2014-09-30,76.67152404785156,101.69000244140624,104.37999725341795,101.31999969482422,103.62999725341795,8082800
2014-10-01,74.53022003173828,98.8499984741211,102.4000015258789,98.37999725341795,101.41000366210938,8674100
2014-10-02,73.72345733642578,97.77999877929688,98.4499969482422,96.8000030517578,98.13999938964844,10864100
2014-10-03,73.8139419555664,97.9000015258789,98.4499969482422,96.5500030517578,98.23999786376952,6807000
2014-10-06,74.31156921386719,98.55999755859376,99.81999969482422,97.62999725341795,98.37999725341795,6058800
2014-10-07,74.06275177001953,98.2300033569336,100.18000030517578,97.5500030517578,98.18000030517578,9573500
2014-10-08,74.22110748291016,98.44000244140624,98.52999877929688,95.75,97.6999969482422,10521000
2014-10-09,71.56709289550781,94.91999816894533,97.97000122070312,94.6999969482422,97.95999908447266,14844800
2014-10-10,70.17225646972656,93.06999969482422,94.97000122070312,92.06999969482422,94.0999984741211,13965100
2014-10-13,68.5587387084961,90.93000030517578,94.2300033569336,90.73999786376952,92.83000183105467,13965300
2014-10-14,67.07344055175781,88.95999908447266,92.5199966430664,88.20999908447266,91.0999984741211,14772500
2014-10-15,67.26192474365234,89.20999908447266,89.77999877929688,86.19999694824219,87.9000015258789,18304100
2014-10-16,68.34008026123047,90.63999938964844,91.22000122070312,86.0,86.75,15422000
2014-10-17,70.85084533691406,93.97000122070312,98.44000244140624,93.08000183105467,97.30999755859376,17948500
2014-10-20,71.3258285522461,94.5999984741211,94.94000244140624,93.75,94.5199966430664,8209900
2014-10-21,73.7008285522461,97.75,97.75,95.66999816894533,96.95999908447266,9180700
2014-10-22,72.37383270263672,95.98999786376952,98.66000366210938,95.93000030517578,98.18000030517578,8312300
2014-10-23,74.08536529541016,98.26000213623048,99.4000015258789,97.06999969482422,98.20999908447266,7767700
2014-10-24,73.31631469726562,97.23999786376952,98.1999969482422,96.27999877929688,98.1999969482422,7489500
2014-10-27,70.51155090332031,93.5199966430664,95.30999755859376,92.4499969482422,95.30999755859376,15256800
2014-10-28,72.76591491699219,96.51000213623048,96.75,93.54000091552734,94.2300033569336,8323400
2014-10-29,73.44449615478516,97.41000366210938,98.66000366210938,96.4499969482422,97.87000274658205,7375200
2014-10-30,73.60284423828125,97.62000274658205,97.91000366210938,96.02999877929688,96.87999725341795,5104700
2014-10-31,74.38697814941406,98.66000366210938,98.8000030517578,96.54000091552734,96.8000030517578,8293900
2014-11-03,72.77344512939453,96.5199966430664,99.18000030517578,96.16000366210938,98.0199966430664,7732700
2014-11-04,70.99407958984375,94.16000366210938,95.5199966430664,93.44000244140624,95.5199966430664,9568200
2014-11-05,72.86395263671875,96.63999938964844,97.1500015258789,94.1500015258789,94.58000183105467,7443600
2014-11-06,73.12027740478516,96.9800033569336,97.08000183105467,94.0999984741211,95.5,9507500
2014-11-07,74.43974304199219,98.7300033569336,99.93000030517578,97.2699966430664,97.38999938964844,7826000
2014-11-10,74.10799407958984,98.29000091552734,100.54000091552734,98.18000030517578,99.4499969482422,7972900
2014-11-11,74.16078186035156,98.36000061035156,98.48999786376952,96.75,98.37000274658205,6111500
2014-11-12,73.4595718383789,97.43000030517578,99.69000244140624,97.23999786376952,97.75,6683300
2014-11-13,71.51432800292969,94.8499984741211,97.47000122070312,92.72000122070312,96.61000061035156,18117300
2014-11-14,71.86869812011719,95.31999969482422,96.8499984741211,94.41999816894533,96.26000213623048,11825000
2014-11-17,72.10243225097656,95.62999725341795,96.5,94.94000244140624,95.25,8499600
2014-11-18,71.83853149414062,95.27999877929688,96.66999816894533,94.9499969482422,96.66999816894533,5971400
2014-11-19,71.62738800048828,95.0,95.75,93.93000030517578,95.12000274658205,6553200
2014-11-20,72.48692321777344,96.13999938964844,96.25,94.66000366210938,95.0,8198700
2014-11-21,73.79132080078125,97.87000274658205,98.75,96.8000030517578,98.08000183105467,9293900
2014-11-24,74.22863006591797,98.4499969482422,99.20999908447266,97.97000122070312,98.70999908447266,10324700
2014-11-25,71.7781982421875,95.1999969482422,99.0199966430664,95.0500030517578,98.80999755859376,10729600
2014-11-26,69.9762191772461,92.80999755859376,94.91000366210938,92.3000030517578,94.83000183105467,9882600
2014-11-28,64.80397033691406,85.94999694824219,86.68000030517578,83.25,86.30000305175781,18876100
2014-12-01,64.26614379882812,84.83999633789062,85.81999969482422,82.66000366210938,84.52999877929688,18083200
2014-12-02,64.55398559570312,85.22000122070312,86.0999984741211,83.83000183105469,85.05999755859375,13759400
2014-12-03,65.72055053710938,86.76000213623047,87.16999816894531,85.0999984741211,85.7699966430664,11464800
2014-12-04,66.22807312011719,87.43000030517578,88.16000366210938,85.4000015258789,86.08000183105469,9000100
2014-12-05,66.02355194091797,87.16000366210938,88.16000366210938,86.0,87.20999908447266,8983600
2014-12-08,63.78893280029297,84.20999908447266,86.18000030517578,83.91000366210938,86.04000091552734,11306800
2014-12-09,64.74336242675781,85.47000122070312,85.52999877929688,82.9000015258789,83.30999755859375,10595600
2014-12-10,63.00111770629883,83.16999816894531,84.05999755859375,82.12999725341797,83.98999786376953,11166500
2014-12-11,62.87993621826172,83.01000213623047,85.19999694824219,82.75,82.94999694824219,12332600
2014-12-12,60.5998649597168,80.0,82.8499984741211,79.7300033569336,82.05000305175781,17708800
2014-12-15,60.52410507202149,79.9000015258789,81.83000183105469,79.83999633789062,80.23999786376953,11164500
2014-12-16,60.7437744140625,80.19000244140625,83.41000366210938,78.47000122070312,78.87000274658203,16034600
2014-12-17,62.78146362304688,82.87999725341797,84.43000030517578,80.25,81.16999816894531,13900600
2014-12-18,63.80406188964844,84.2300033569336,85.5199966430664,82.06999969482422,85.25,13255300
2014-12-19,66.29623413085938,87.5199966430664,87.72000122070312,84.0199966430664,84.30999755859375,15493800
2014-12-22,65.71296691894531,86.75,87.80000305175781,85.9000015258789,87.33999633789062,10563800
2014-12-23,66.1447525024414,87.31999969482422,87.69000244140625,86.26000213623047,87.0999984741211,8377900
2014-12-24,65.94776153564453,87.05999755859375,87.63999938964844,85.5999984741211,86.76000213623047,3624100
2014-12-26,66.00080871582031,87.12999725341797,88.02999877929688,86.5199966430664,87.55000305175781,4835500
2014-12-29,66.16743469238281,87.3499984741211,88.08999633789062,86.55999755859375,87.4000015258789,5872800
2014-12-30,65.47813415527344,86.44000244140625,87.19999694824219,86.05000305175781,87.05999755859375,6116200
2014-12-31,64.69790649414062,85.41000366210938,86.43000030517578,84.80000305175781,85.72000122070312,5346800
2015-01-02,64.89485931396484,85.66999816894531,86.19999694824219,84.62000274658203,84.80999755859375,5500800
2015-01-05,63.137474060058594,83.3499984741211,84.4000015258789,82.58999633789062,84.4000015258789,10039400
2015-01-06,61.90274429321289,81.72000122070312,83.36000061035156,80.66000366210938,82.94000244140625,9758400
2015-01-07,61.89517593383789,81.70999908447266,82.66000366210938,80.52999877929688,82.55000305175781,7951600
2015-01-08,62.64507675170898,82.69999694824219,83.29000091552734,81.94000244140625,82.48999786376953,7911600
2015-01-09,61.52402114868164,81.22000122070312,83.37000274658203,80.58000183105469,83.27999877929688,7652400
2015-01-12,59.122745513916016,78.05000305175781,79.12999725341797,76.7300033569336,79.12999725341797,13257100
2015-01-13,58.91819763183594,77.77999877929688,79.0,77.02999877929688,78.0,11931600
2015-01-14,59.38028335571289,78.38999938964844,78.55999755859375,75.5999984741211,75.98999786376953,12226700
2015-01-15,58.04709243774414,76.62999725341797,79.16000366210938,76.43000030517578,78.73999786376953,10918900
2015-01-16,61.6073112487793,81.33000183105469,81.5199966430664,77.47000122070312,77.4800033569336,17587500
2015-01-20,60.96342468261719,80.4800033569336,80.94000244140625,78.9000015258789,80.37999725341797,10948600
2015-01-21,62.27391052246094,82.20999908447266,82.63999938964844,79.5999984741211,80.41999816894531,9178800
2015-01-22,62.22089767456055,82.13999938964844,83.12000274658203,80.70999908447266,82.94000244140625,9040000
2015-01-23,62.11481857299805,82.0,83.19999694824219,81.5999984741211,81.93000030517578,8032800
2015-01-26,63.38744735717773,83.68000030517578,84.0999984741211,81.55000305175781,82.05999755859375,7060500
2015-01-27,64.04646301269531,84.55000305175781,85.0,82.72000122070312,82.72000122070312,7332800
2015-01-28,61.16796875,80.75,84.23999786376953,80.52999877929688,84.19999694824219,10041700
2015-01-29,62.03909683227539,81.9000015258789,82.05999755859375,79.5199966430664,81.16000366210938,9037300
2015-01-30,62.41025924682617,82.38999938964844,83.81999969482422,80.7699966430664,81.33999633789062,9947200
2015-02-02,64.1146469116211,84.63999938964844,84.75,82.5,83.98999786376953,9426800
2015-02-03,65.96295928955078,87.08000183105469,88.08000183105469,85.87000274658203,85.98999786376953,15913300
2015-02-04,64.04646301269531,84.55000305175781,85.87000274658203,83.63999938964844,85.75,12071700
2015-02-05,65.084228515625,85.91999816894531,86.44000244140625,84.91000366210938,85.63999938964844,7749700
2015-02-06,65.26604461669922,86.16000366210938,87.41999816894531,85.80000305175781,86.81999969482422,8577800
2015-02-09,65.3879623413086,85.81999969482422,86.87000274658203,85.52999877929688,86.16000366210938,7614600
2015-02-10,64.9307861328125,85.22000122070312,86.0999984741211,84.02999877929688,85.77999877929688,7217600
2015-02-11,64.55746459960938,84.7300033569336,85.33000183105469,83.5,83.9000015258789,6630800
2015-02-12,65.4946060180664,85.95999908447266,87.4000015258789,85.4800033569336,86.16000366210938,6561100
2015-02-13,67.33844757080078,88.37999725341797,88.52999877929688,86.95999908447266,87.37000274658203,7562900
2015-02-17,67.72704315185547,88.88999938964844,89.0,87.27999877929688,88.43000030517578,7958300
2015-02-18,66.850830078125,87.73999786376953,88.33000183105469,87.3499984741211,88.12000274658203,7182100
2015-02-19,66.27178192138672,86.9800033569336,87.58000183105469,85.12000274658203,85.23999786376953,6764800
2015-02-20,65.43367004394531,85.87999725341797,87.23999786376953,85.25,86.66999816894531,8123200
2015-02-23,65.17459869384766,85.54000091552734,86.19000244140625,84.38999938964844,84.79000091552734,6033800
2015-02-24,64.99935913085938,85.30999755859375,86.7300033569336,84.52999877929688,86.58999633789062,8430700
2015-02-25,64.92317199707031,85.20999908447266,85.63999938964844,84.55000305175781,85.38999938964844,5597000
2015-02-26,63.917442321777344,83.88999938964844,84.62000274658203,83.2699966430664,84.4800033569336,8485400
2015-02-27,64.12316131591797,84.16000366210938,84.76000213623047,83.97000122070312,83.97000122070312,7836000
2015-03-02,64.47366333007812,84.62000274658203,84.86000061035156,83.16000366210938,83.69000244140625,7725600
2015-03-03,64.69458770751953,84.91000366210938,85.5,83.97000122070312,84.86000061035156,6774800
2015-03-04,64.8698501586914,85.13999938964844,85.29000091552734,83.76000213623047,85.05999755859375,8229900
2015-03-05,64.62603759765625,84.81999969482422,85.08000183105469,83.91999816894531,84.33999633789062,5798200
2015-03-06,63.32316589355469,83.11000061035156,84.4800033569336,82.9000015258789,84.0199966430664,9674500
2015-03-09,62.75168991088867,82.36000061035156,83.38999938964844,82.05000305175781,82.87000274658203,6296400
2015-03-10,61.95167922973633,81.30999755859375,82.44999694824219,81.23999786376953,81.31999969482422,8140600
2015-03-11,61.92121887207031,81.2699966430664,81.91999816894531,81.13999938964844,81.44000244140625,6157000
2015-03-12,61.66977691650391,80.94000244140625,81.63999938964844,80.7699966430664,81.45999908447266,7630200
2015-03-13,61.27356719970703,80.41999816894531,80.9000015258789,79.66999816894531,80.23999786376953,8836700
2015-03-16,61.9135971069336,81.26000213623047,81.4000015258789,79.66999816894531,79.91000366210938,8265500
2015-03-17,61.31167221069336,80.47000122070312,81.08999633789062,79.98999786376953,80.3499984741211,7954600
2015-03-18,62.5155143737793,82.05000305175781,82.66000366210938,79.38999938964844,80.05999755859375,11542100
2015-03-19,61.72312545776367,81.01000213623047,81.9000015258789,80.61000061035156,80.7300033569336,8425600
2015-03-20,62.75933074951172,82.37000274658203,83.18000030517578,81.54000091552734,81.61000061035156,14383800
2015-03-23,62.477386474609375,82.0,83.56999969482422,82.0,82.48999786376953,8932100
2015-03-24,62.36313629150391,81.8499984741211,82.51000213623047,81.66000366210938,81.9000015258789,6446100
2015-03-25,63.46030807495117,83.29000091552734,84.12000274658203,82.31999969482422,82.6500015258789,8243100
2015-03-26,63.36125564575195,83.16000366210938,84.5999984741211,82.76000213623047,84.0,8150500
2015-03-27,63.47552490234375,83.30999755859375,83.47000122070312,82.31999969482422,83.01000213623047,5729100
2015-03-30,64.36698150634766,84.4800033569336,84.7300033569336,83.41000366210938,83.87999725341797,6537900
2015-03-31,63.5745849609375,83.44000244140625,84.26000213623047,83.3499984741211,83.72000122070312,7304700
2015-04-01,64.214599609375,84.27999877929688,84.80000305175781,83.5999984741211,84.0,7808400
2015-04-02,64.29838562011719,84.38999938964844,85.43000030517578,83.88999938964844,84.08999633789062,6039400
2015-04-06,65.45650482177734,85.91000366210938,87.04000091552734,84.80999755859375,84.95999908447266,8092500
2015-04-07,65.73081970214844,86.2699966430664,86.98999786376953,85.25,86.13999938964844,7175700
2015-04-08,65.61653137207031,86.12000274658203,87.08000183105469,85.26000213623047,86.55999755859375,8739200
2015-04-09,67.39178466796875,88.44999694824219,88.93000030517578,86.26000213623047,86.37999725341797,9207300
2015-04-10,67.89466094970703,89.11000061035156,89.37000274658203,88.19999694824219,88.77999877929688,7315700
2015-04-13,67.06419372558594,88.0199966430664,89.30000305175781,87.76000213623047,88.9800033569336,7936900
2015-04-14,67.65848541259766,88.80000305175781,89.33999633789062,88.3499984741211,88.58999633789062,12053100
2015-04-15,70.09659576416016,92.0,92.0,88.9000015258789,89.45999908447266,13207800
2015-04-16,70.01278686523438,91.88999938964844,93.26000213623048,90.2300033569336,91.25,17143200
2015-04-17,70.75187683105469,92.86000061035156,94.88999938964844,91.54000091552734,94.11000061035156,20002600
2015-04-20,70.45469665527344,92.47000122070312,93.8000030517578,92.20999908447266,92.58000183105467,8938000
2015-04-21,69.55565643310547,91.29000091552734,92.68000030517578,90.61000061035156,92.45999908447266,6850200
2015-04-22,70.2185287475586,92.16000366210938,92.45999908447266,91.11000061035156,91.87000274658205,5910200
2015-04-23,70.8966293334961,93.0500030517578,93.94000244140624,92.31999969482422,92.31999969482422,6192500
2015-04-24,69.79946899414062,91.61000061035156,92.69000244140624,91.16000366210938,92.51000213623048,7604000
2015-04-27,70.34805297851562,92.33000183105467,92.58999633789062,91.4499969482422,92.18000030517578,7422500
2015-04-28,70.59947967529297,92.66000366210938,92.8000030517578,91.4800033569336,92.08999633789062,4480500
2015-04-29,71.83380889892578,94.27999877929688,94.4000015258789,91.9000015258789,92.58000183105467,8134100
2015-04-30,72.085205078125,94.61000061035156,95.12999725341795,93.43000030517578,94.2300033569336,8166600
2015-05-01,70.85853576660156,93.0,94.88999938964844,92.80999755859376,94.4800033569336,6926700
2015-05-04,70.84329223632812,92.9800033569336,94.18000030517578,92.37999725341795,94.18000030517578,4993700
2015-05-05,70.12710571289062,92.04000091552734,94.41000366210938,92.02999877929688,93.66000366210938,7349800
2015-05-06,70.30233001708984,92.2699966430664,93.56999969482422,91.5500030517578,92.70999908447266,6665500
2015-05-07,68.74803161621094,90.2300033569336,91.68000030517578,89.56999969482422,91.61000061035156,8670100
2015-05-08,70.42423248291016,92.43000030517578,92.55999755859376,90.12999725341795,91.31999969482422,6078900
2015-05-11,69.9213638305664,91.7699966430664,93.41000366210938,91.66999816894533,93.38999938964844,7335800
2015-05-12,70.45469665527344,92.47000122070312,92.94000244140624,91.13999938964844,91.37999725341795,5088100
2015-05-13,70.48518371582031,92.51000213623048,93.16999816894533,91.7699966430664,93.12000274658205,5913600
2015-05-14,70.22615051269531,92.16999816894533,93.25,91.9000015258789,92.8000030517578,5266400
2015-05-15,70.2032699584961,92.13999938964844,92.69000244140624,91.16999816894533,91.8499984741211,4640500
2015-05-18,70.6680679321289,92.75,93.0,91.6500015258789,91.95999908447266,4023600
2015-05-19,68.99944305419922,90.55999755859376,91.73999786376952,89.94000244140625,91.73999786376952,6213000
2015-05-20,69.14423370361328,90.75,91.18000030517578,89.81999969482422,90.6999969482422,4476300
2015-05-21,70.11944580078125,92.02999877929688,92.66999816894533,90.77999877929688,91.36000061035156,5117000
2015-05-22,70.1118392944336,92.0199966430664,92.3499984741211,90.7699966430664,91.45999908447266,4104200
2015-05-26,69.1365966796875,90.73999786376952,91.69000244140624,90.25,91.12000274658205,6106700
2015-05-27,69.33470153808594,91.0,91.69000244140624,90.08999633789062,90.08999633789062,5406800
2015-05-28,69.06800842285156,90.6500015258789,90.83999633789062,89.72000122070312,90.66000366210938,4400300
2015-05-29,69.15945434570312,90.7699966430664,91.6500015258789,90.76000213623048,91.0199966430664,6089700
2015-06-01,69.45056915283203,90.6500015258789,91.0500030517578,89.68000030517578,90.19000244140624,5003300
2015-06-02,70.10179138183594,91.5,92.61000061035156,90.75,91.05999755859376,5290600
2015-06-03,69.9945297241211,91.36000061035156,92.47000122070312,91.08000183105467,91.27999877929688,3967200
2015-06-04,69.00619506835938,90.06999969482422,91.33999633789062,90.0,90.83999633789062,6451800
2015-06-05,69.08282470703125,90.16999816894533,91.72000122070312,89.54000091552734,89.69000244140625,7120000
2015-06-08,68.46994018554688,89.37000274658203,90.66999816894533,89.13999938964844,89.83000183105469,7115200
2015-06-09,68.84532928466797,89.86000061035156,90.62999725341795,89.79000091552734,90.16000366210938,5077800
2015-06-10,70.20140075683594,91.62999725341795,91.83000183105467,90.7300033569336,90.9800033569336,6045600
2015-06-11,69.46588897705078,90.66999816894533,91.68000030517578,90.5500030517578,91.62999725341795,5134600
2015-06-12,69.0675277709961,90.1500015258789,90.5999984741211,89.81999969482422,90.23999786376952,3997800
2015-06-15,68.51587677001953,89.43000030517578,89.80000305175781,88.69999694824219,89.41000366210938,5330500
2015-06-16,68.71507263183594,89.69000244140625,89.77999877929688,89.0999984741211,89.5999984741211,3731700
2015-06-17,68.69976043701172,89.66999816894531,90.62000274658205,89.19999694824219,90.02999877929688,4656400
2015-06-18,67.90299224853516,88.62999725341797,90.5500030517578,88.5999984741211,90.08999633789062,7862800
2015-06-19,66.36305236816406,86.62000274658203,87.7699966430664,86.2300033569336,87.56999969482422,13888600
2015-06-22,66.63118743896484,86.97000122070312,87.23999786376953,85.80000305175781,86.91000366210938,7415400
2015-06-23,67.42030334472656,88.0,88.08999633789062,86.48999786376953,86.68000030517578,5931000
2015-06-24,67.04490661621094,87.51000213623047,88.12000274658203,87.02999877929688,87.26000213623047,6565600
2015-06-25,66.40135192871094,86.66999816894531,87.72000122070312,86.66999816894531,87.36000061035156,5865800
2015-06-26,66.40135192871094,86.66999816894531,87.31999969482422,86.06999969482422,86.38999938964844,25487300
2015-06-29,65.6275634765625,85.66000366210938,86.61000061035156,85.55000305175781,85.5999984741211,7008400
2015-06-30,66.03358459472656,86.19000244140625,86.48999786376953,85.01000213623047,86.37999725341797,8043500
2015-07-01,64.5855941772461,84.30000305175781,86.69000244140625,83.91999816894531,86.41999816894531,10109000
2015-07-02,64.36341857910156,84.01000213623047,84.88999938964844,83.94000244140625,84.5999984741211,7607200
2015-07-06,63.96500396728516,83.48999786376953,84.2300033569336,82.4000015258789,82.87000274658203,7612700
2015-07-07,64.50895690917969,84.19999694824219,84.63999938964844,82.22000122070312,83.62999725341797,9442300
2015-07-08,63.52830505371094,82.91999816894531,84.45999908447266,82.58000183105469,83.94000244140625,6747000
2015-07-09,64.01100158691406,83.55000305175781,84.33999633789062,83.33000183105469,84.27999877929688,7410500
2015-07-10,64.32511138916016,83.95999908447266,84.55000305175781,83.23999786376953,84.27999877929688,6512200
2015-07-13,64.57794189453125,84.29000091552734,84.4800033569336,83.47000122070312,84.0199966430664,5613700
2015-07-14,65.34407806396484,85.29000091552734,86.11000061035156,84.18000030517578,84.4000015258789,6151600
2015-07-15,64.07228088378906,83.62999725341797,84.9800033569336,83.5199966430664,84.76000213623047,8792900
2015-07-16,64.27147674560547,83.88999938964844,84.76000213623047,83.66999816894531,84.58000183105469,6623500
2015-07-17,64.13358306884766,83.70999908447266,84.94999694824219,83.16999816894531,84.20999908447266,9097800
2015-07-20,63.98799514770508,83.5199966430664,84.52999877929688,83.44999694824219,84.23999786376953,7110800
2015-07-21,64.5855941772461,84.30000305175781,85.29000091552734,83.12000274658203,83.37999725341797,7809200
2015-07-22,65.32109069824219,85.26000213623047,85.86000061035156,83.55000305175781,83.9800033569336,10589000
2015-07-23,65.90335083007812,86.0199966430664,86.61000061035156,84.91999816894531,85.2300033569336,6419300
2015-07-24,63.51301193237305,82.9000015258789,85.80999755859375,82.66000366210938,85.75,8745800
2015-07-27,62.63959503173828,81.76000213623047,82.5,81.25,82.0,7186200
2015-07-28,63.206520080566406,82.5,83.05999755859375,81.1500015258789,82.54000091552734,8330600
2015-07-29,64.27147674560547,83.88999938964844,84.2699966430664,81.91999816894531,82.0,8491100
2015-07-30,63.98799514770508,83.5199966430664,84.41999816894531,83.08000183105469,84.05999755859375,4653500
2015-07-31,63.45171356201172,82.81999969482422,83.51000213623047,82.62999725341797,83.0999984741211,5568600
2015-08-03,62.8847541809082,82.08000183105469,83.1500015258789,81.66000366210938,82.04000091552734,6808800
2015-08-04,63.03031539916992,82.2699966430664,83.0,81.87000274658203,82.33999633789062,4707300
2015-08-05,63.206520080566406,82.5,83.94999694824219,82.12999725341797,82.94000244140625,5812500
2015-08-06,64.0416488647461,83.58999633789062,84.19000244140625,81.75,82.12999725341797,8265700
2015-08-07,63.01499557495117,82.25,83.8499984741211,81.94999694824219,83.22000122070312,6275900
2015-08-10,64.69285583496094,84.44000244140625,84.4800033569336,82.16000366210938,82.19999694824219,6776600
2015-08-11,64.63153076171875,84.36000061035156,84.44999694824219,82.55999755859375,82.97000122070312,6088400
2015-08-12,64.99166870117188,84.83000183105469,85.04000091552734,82.87000274658203,83.98999786376953,6682100
2015-08-13,64.4247055053711,84.08999633789062,84.69000244140625,83.44000244140625,84.38999938964844,5908500
2015-08-14,64.2485122680664,83.86000061035156,85.12000274658203,83.5199966430664,84.0199966430664,4201500
2015-08-17,63.97267532348633,83.5,83.8499984741211,83.05999755859375,83.05999755859375,4845400
2015-08-18,63.70453643798828,83.1500015258789,83.77999877929688,82.62000274658203,83.55000305175781,5106500
2015-08-19,61.80452728271485,80.66999816894531,82.94000244140625,80.4000015258789,82.37000274658203,9410300
2015-08-20,60.86215972900391,79.44000244140625,81.83000183105469,79.44000244140625,80.47000122070312,8483800
2015-08-21,59.37583923339844,77.5,79.9000015258789,77.5,78.80000305175781,11130500
2015-08-24,56.594757080078125,73.87000274658203,76.30000305175781,73.0199966430664,73.91999816894531,17350900
2015-08-25,55.56046295166016,72.5199966430664,76.61000061035156,72.5,76.5999984741211,12085200
2015-08-26,53.69873046875,70.08999633789062,72.5199966430664,68.01000213623047,72.5199966430664,58004300
2015-08-27,56.57944488525391,73.8499984741211,73.98999786376953,70.9000015258789,72.30000305175781,28622100
2015-08-28,58.27259063720703,76.05999755859375,76.86000061035156,73.27999877929688,74.0999984741211,15702900
2015-08-31,59.66847610473633,77.37000274658203,77.70999908447266,74.61000061035156,75.12999725341797,17008400
2015-09-01,58.16461944580078,75.41999816894531,76.56999969482422,74.83999633789062,75.30000305175781,14970000
2015-09-02,58.15690612792969,75.41000366210938,76.9000015258789,73.86000061035156,76.66000366210938,12993100
2015-09-03,58.81243896484375,76.26000213623047,77.5199966430664,75.0199966430664,76.16000366210938,11091000
2015-09-04,57.8407096862793,75.0,75.38999938964844,74.41999816894531,75.12999725341797,9072100
2015-09-08,58.25719833374024,75.54000091552734,75.86000061035156,74.73999786376953,75.30000305175781,7189500
2015-09-09,57.37799453735352,74.4000015258789,77.23999786376953,74.23999786376953,75.66000366210938,10927200
2015-09-10,57.12349319458008,74.06999969482422,74.83999633789062,72.88999938964844,74.55000305175781,8261000
2015-09-11,56.838134765625,73.69999694824219,73.72000122070312,72.2699966430664,73.47000122070312,8359800
2015-09-14,56.17490768432617,72.83999633789062,73.4000015258789,72.3499984741211,73.4000015258789,5997600
2015-09-15,56.75331115722656,73.58999633789062,73.81999969482422,72.69999694824219,73.27999877929688,8408800
2015-09-16,58.73533248901367,76.16000366210938,76.5,73.98999786376953,74.22000122070312,7685200
2015-09-17,58.07208633422852,75.30000305175781,76.81999969482422,75.08000183105469,76.16000366210938,8500100
2015-09-18,55.94355010986328,72.54000091552734,74.0999984741211,72.19999694824219,73.9800033569336,12646500
2015-09-21,56.19806289672852,72.87000274658203,73.4800033569336,72.27999877929688,73.26000213623047,5935900
2015-09-22,55.9666862487793,72.56999969482422,73.12000274658203,71.5,71.5199966430664,5894900
2015-09-23,55.48081970214844,71.94000244140625,73.37999725341797,71.9000015258789,73.20999908447266,5726700
2015-09-24,56.05923461914063,72.69000244140625,73.41999816894531,71.11000061035156,71.38999938964844,7655300
2015-09-25,56.22117614746094,72.9000015258789,73.30999755859375,72.2300033569336,73.25,5655600
2015-09-28,53.49882888793945,69.37000274658203,71.72000122070312,69.31999969482422,71.6500015258789,9189100
2015-09-29,53.29057312011719,69.0999984741211,69.88999938964844,68.02999877929688,69.61000061035156,11467000
2015-09-30,53.19033050537109,68.97000122070312,69.80000305175781,67.75,69.27999877929688,11785800
2015-10-01,52.172325134277344,67.6500015258789,70.98999786376953,67.41000366210938,70.11000061035156,12055400
2015-10-02,54.2314682006836,70.31999969482422,70.44999694824219,66.56999969482422,66.93000030517578,12738800
2015-10-05,55.59649658203125,72.08999633789062,72.7300033569336,71.05000305175781,71.25,8800800
2015-10-06,57.02325439453125,73.94000244140625,74.41000366210938,71.87999725341797,72.30000305175781,11672500
2015-10-07,58.110652923583984,75.3499984741211,76.9000015258789,74.55000305175781,75.43000030517578,12631100
2015-10-08,59.105506896972656,76.63999938964844,76.93000030517578,74.41000366210938,75.27999877929688,8446600
2015-10-09,58.88956069946289,76.36000061035156,77.37000274658203,75.86000061035156,77.1500015258789,6842500
2015-10-12,57.79444885253906,74.94000244140625,76.6500015258789,74.2699966430664,76.6500015258789,7575700
2015-10-13,57.563106536865234,74.63999938964844,76.08000183105469,74.0,74.19000244140625,6666300
2015-10-14,57.84844207763672,75.01000213623047,75.33999633789062,73.7699966430664,74.5999984741211,7187800
2015-10-15,58.73533248901367,76.16000366210938,76.2699966430664,73.87999725341797,75.36000061035156,11034700
2015-10-16,57.46283721923828,74.51000213623047,75.80000305175781,72.48999786376953,75.75,17828700
2015-10-19,57.177490234375,74.13999938964844,75.41999816894531,73.20999908447266,73.3499984741211,7586000
2015-10-20,58.26488494873047,75.55000305175781,76.08999633789062,73.8499984741211,73.88999938964844,8901400
2015-10-21,58.32658004760742,75.62999725341797,76.9800033569336,75.11000061035156,75.30000305175781,7928600
2015-10-22,60.3548698425293,78.26000213623047,78.5199966430664,76.23999786376953,76.37000274658203,9091200
2015-10-23,60.424278259277344,78.3499984741211,79.23999786376953,77.4000015258789,77.83999633789062,8867400
2015-10-26,59.49882125854492,77.1500015258789,78.1500015258789,76.97000122070312,78.05999755859375,7887200
2015-10-27,59.34456634521485,76.94999694824219,77.41999816894531,75.3499984741211,75.45999908447266,9291600
2015-10-28,61.02579879760742,79.12999725341797,79.70999908447266,77.19999694824219,77.8499984741211,11293200
2015-10-29,60.686485290527344,78.69000244140625,79.94999694824219,78.37000274658203,78.7300033569336,6612800
2015-10-30,60.27774429321289,78.16000366210938,78.88999938964844,76.66000366210938,78.63999938964844,9474800
2015-11-02,61.25717544555664,79.43000030517578,79.7300033569336,77.44999694824219,77.6500015258789,8480100
2015-11-03,62.86899948120117,81.5199966430664,82.43000030517578,79.69000244140625,79.87000274658203,10257000
2015-11-04,61.93583679199219,80.30999755859375,81.70999908447266,79.80000305175781,81.44999694824219,8788400
2015-11-05,60.77132034301758,78.80000305175781,80.72000122070312,78.61000061035156,79.73999786376953,6730900
2015-11-06,60.97182083129883,79.05999755859375,79.06999969482422,77.0,78.05000305175781,7444300
2015-11-09,60.084938049316406,77.91000366210938,79.29000091552734,77.33000183105469,78.81999969482422,5860000
2015-11-10,60.7481689453125,78.7699966430664,78.87000274658203,77.27999877929688,77.4000015258789,5949900
2015-11-11,59.86899566650391,77.62999725341797,78.58999633789062,76.76000213623047,78.4800033569336,5575200
2015-11-12,59.074649810791016,76.5999984741211,77.79000091552734,75.91000366210938,76.3499984741211,8141900
2015-11-13,58.71990585327149,76.13999938964844,77.04000091552734,75.70999908447266,76.25,7311400
2015-11-16,60.40885543823242,78.33000183105469,78.5,75.7699966430664,76.2699966430664,6662500
2015-11-17,59.18262481689453,76.73999786376953,78.33999633789062,76.66000366210938,78.04000091552734,5579200
2015-11-18,60.57851409912109,78.55000305175781,78.68000030517578,76.76000213623047,77.0,6955100
2015-11-19,60.0926513671875,77.91999816894531,78.69999694824219,77.62999725341797,77.7300033569336,6674600
2015-11-20,59.49882125854492,77.1500015258789,78.12999725341797,76.2300033569336,77.91999816894531,8480500
2015-11-23,59.55281066894531,77.22000122070312,77.41999816894531,76.30999755859375,76.69000244140625,5859600
2015-11-24,60.29317092895508,78.18000030517578,78.9800033569336,77.05000305175781,77.51000213623047,6960500
2015-11-25,59.79188537597656,77.52999877929688,78.5,76.45999908447266,77.43000030517578,4055400
2015-11-27,59.63765335083008,77.33000183105469,77.5,76.44000244140625,76.79000091552734,3147300
2015-11-30,59.88603591918945,77.1500015258789,77.87000274658203,76.81999969482422,77.08999633789062,7979400
2015-12-01,60.677772521972656,78.16999816894531,78.22000122070312,76.5,76.80999755859375,8172200
2015-12-02,58.84587478637695,75.80999755859375,78.19999694824219,75.62000274658203,77.38999938964844,9595000
2015-12-03,58.06966018676758,74.80999755859375,76.62000274658203,74.13999938964844,76.45999908447266,8292700
2015-12-04,57.99205017089844,74.70999908447266,75.05999755859375,73.16000366210938,73.83000183105469,8605300
2015-12-07,56.50944519042969,72.80000305175781,73.27999877929688,72.06999969482422,72.6500015258789,10563000
2015-12-08,55.50033187866211,71.5,72.98999786376953,69.69999694824219,71.22000122070312,8305200
2015-12-09,55.98159408569336,72.12000274658203,74.05000305175781,71.41999816894531,72.0999984741211,9310300
2015-12-10,55.48481369018555,71.4800033569336,73.2300033569336,71.4000015258789,71.79000091552734,7200900
2015-12-11,54.19627380371094,69.81999969482422,71.4800033569336,69.72000122070312,71.4800033569336,9436100
2015-12-14,54.35152053833008,70.0199966430664,70.52999877929688,69.11000061035156,69.37999725341797,11322500
2015-12-15,55.76424789428711,71.83999633789062,72.12999725341797,70.55999755859375,71.0,10511800
2015-12-16,55.28297424316406,71.22000122070312,72.30000305175781,70.7699966430664,71.5,7865600
2015-12-17,53.71501541137695,69.19999694824219,71.47000122070312,69.13999938964844,71.11000061035156,8278600
2015-12-18,52.271217346191406,67.33999633789062,69.16999816894531,67.33000183105469,69.04000091552734,15152600
2015-12-21,52.74473190307617,67.94999694824219,68.33999633789062,67.1500015258789,67.44000244140625,7861300
2015-12-22,53.94010543823242,69.48999786376953,69.7699966430664,68.16999816894531,68.41999816894531,7950900
2015-12-23,55.119998931884766,71.01000213623047,71.04000091552734,69.9800033569336,70.61000061035156,7757700
2015-12-24,54.74739456176758,70.52999877929688,71.20999908447266,70.37000274658203,70.9000015258789,2968800
2015-12-28,54.66200637817383,70.41999816894531,70.44999694824219,69.02999877929688,69.5199966430664,6616900
2015-12-29,54.73188018798828,70.51000213623047,71.8499984741211,69.9000015258789,71.68000030517578,6987000
2015-12-30,54.05655288696289,69.63999938964844,70.52999877929688,69.37999725341797,69.41000366210938,5744600
2015-12-31,54.141937255859375,69.75,70.37999725341797,69.0,69.37000274658203,5271100
2016-01-04,53.699485778808594,69.18000030517578,70.0199966430664,67.95999908447266,69.44999694824219,9160200
2016-01-05,53.9478874206543,69.5,69.83999633789062,68.08999633789062,69.33999633789062,6783600
2016-01-06,52.55067443847656,67.69999694824219,69.4000015258789,67.47000122070312,67.91999816894531,11923000
2016-01-07,51.37857437133789,66.19000244140625,67.76000213623047,65.80000305175781,66.2300033569336,12041000
2016-01-08,50.51696395874024,65.08000183105469,66.80999755859375,64.88999938964844,66.36000061035156,9657900
2016-01-11,50.32288360595703,64.83000183105469,65.47000122070312,63.790000915527344,65.19000244140625,8693100
2016-01-12,50.25302505493164,64.73999786376953,66.11000061035156,63.18999862670898,65.94999694824219,10189000
2016-01-13,49.63982009887695,63.95000076293945,66.3499984741211,63.5099983215332,65.5999984741211,12729900
2016-01-14,50.20645904541016,64.68000030517578,65.3499984741211,61.75,64.36000061035156,13814700
2016-01-15,48.91015625,63.0099983215332,63.83000183105469,61.709999084472656,62.060001373291016,14702300
2016-01-19,48.762672424316406,62.81999969482422,64.30000305175781,62.04999923706055,63.15999984741211,11463500
2016-01-20,47.396522521972656,61.060001373291016,62.27000045776367,59.59999847412109,61.400001525878906,16075400
2016-01-21,47.69923782348633,61.45000076293945,63.470001220703125,60.369998931884766,61.209999084472656,12999400
2016-01-22,50.6100959777832,65.19999694824219,66.25,62.970001220703125,64.5199966430664,19387700
2016-01-25,49.1352653503418,63.29999923706055,66.12999725341797,63.22999954223633,63.900001525878906,13865300
2016-01-26,50.71100616455078,65.33000183105469,65.7699966430664,63.41999816894531,64.38999938964844,13829900
2016-01-27,50.88178253173828,65.55000305175781,67.12999725341797,64.58000183105469,65.33999633789062,12629000
2016-01-28,53.95565414428711,69.51000213623047,69.5999984741211,67.23999786376953,68.2300033569336,16450700
2016-01-29,56.098026275634766,72.2699966430664,72.5,69.56999969482422,69.9800033569336,18255300
2016-02-01,55.46928405761719,71.45999908447266,71.66999816894531,70.04000091552734,71.12000274658203,12047100
2016-02-02,53.43557357788086,68.83999633789062,69.9800033569336,68.37000274658203,69.31999969482422,13600800
2016-02-03,54.980255126953125,70.83000183105469,70.86000061035156,67.63999938964844,70.02999877929688,12837100
2016-02-04,54.75516891479492,70.54000091552734,72.87000274658203,70.30999755859375,71.52999877929688,10892700
2016-02-05,53.41228866577149,68.80999755859375,70.06999969482422,68.08999633789062,69.73999786376953,16470500
2016-02-08,54.165225982666016,69.77999877929688,70.26000213623047,67.33999633789062,68.02999877929688,12547500
2016-02-09,52.62828826904297,67.80000305175781,69.70999908447266,67.0,68.91000366210938,11138200
2016-02-10,52.5739631652832,67.7300033569336,68.94999694824219,67.38999938964844,67.7699966430664,8324500
2016-02-11,53.42781066894531,68.83000183105469,69.44999694824219,66.0999984741211,66.30000305175781,12122900
2016-02-12,54.97597503662109,70.30999755859375,70.80999755859375,68.7699966430664,68.87999725341797,10756300
2016-02-16,56.10193634033203,71.75,72.23999786376953,70.38999938964844,71.3499984741211,9571800
2016-02-17,57.02459716796875,72.93000030517578,73.69000244140625,72.16999816894531,72.55000305175781,10132100
2016-02-18,56.82911682128906,72.68000030517578,73.7300033569336,72.31999969482422,73.7300033569336,8123700
2016-02-19,56.97769546508789,72.87000274658203,72.88999938964844,71.77999877929688,71.97000122070312,8339000
2016-02-22,58.15053176879883,74.37000274658203,74.62999725341797,73.58000183105469,73.81999969482422,7649900
2016-02-23,56.35997772216797,72.08000183105469,74.7699966430664,71.86000061035156,73.87999725341797,8201900
2016-02-24,56.46160507202149,72.20999908447266,72.31999969482422,70.4000015258789,70.88999938964844,7857700
2016-02-25,56.57107925415039,72.3499984741211,72.3499984741211,70.6500015258789,71.93000030517578,6358300
2016-02-26,56.66490936279297,72.47000122070312,73.61000061035156,72.19999694824219,73.12000274658203,6000700
2016-02-29,56.07846832275391,71.72000122070312,73.38999938964844,71.69000244140625,72.3499984741211,7726100
2016-03-01,57.86905670166016,74.01000213623047,74.05999755859375,72.27999877929688,72.45999908447266,8321000
2016-03-02,58.18181228637695,74.41000366210938,74.44000244140625,72.47000122070312,73.47000122070312,8584000
2016-03-03,58.52585220336914,74.8499984741211,74.97000122070312,73.77999877929688,74.04000091552734,7811500
2016-03-04,58.510231018066406,74.83000183105469,76.01000213623047,73.80999755859375,75.11000061035156,11415900
2016-03-07,59.55015563964844,76.16000366210938,76.16000366210938,73.25,74.30999755859375,9614000
2016-03-08,56.84475326538086,72.69999694824219,75.72000122070312,72.68000030517578,75.26000213623047,8727100
2016-03-09,56.88383865356445,72.75,73.93000030517578,72.5999984741211,73.75,6966600
2016-03-10,57.22007369995117,73.18000030517578,73.3499984741211,72.12000274658203,72.80000305175781,7058400
2016-03-11,58.64311981201172,75.0,75.13999938964844,73.30999755859375,73.9000015258789,8054500
2016-03-14,57.42337417602539,73.44000244140625,74.37000274658203,73.01000213623047,73.97000122070312,5949500
2016-03-15,57.2591667175293,73.2300033569336,73.25,71.94000244140625,72.4800033569336,6815400
2016-03-16,57.35299682617188,73.3499984741211,73.8499984741211,72.16000366210938,73.68000030517578,7173100
2016-03-17,58.283470153808594,74.54000091552734,75.0,73.54000091552734,74.11000061035156,7072100
2016-03-18,57.48590850830078,73.5199966430664,75.01000213623047,73.2699966430664,75.01000213623047,9549100
2016-03-21,58.55713653564453,74.88999938964844,75.04000091552734,72.18000030517578,72.37000274658203,7508500
2016-03-22,57.5562858581543,73.61000061035156,75.2300033569336,73.54000091552734,74.05000305175781,6230700
2016-03-23,57.04805755615234,72.95999908447266,73.5199966430664,72.62999725341797,73.04000091552734,5923600
2016-03-24,56.750919342041016,72.58000183105469,72.66000366210938,71.5,71.91000366210938,8185200
2016-03-28,56.92293930053711,72.80000305175781,73.02999877929688,71.9800033569336,72.88999938964844,8008800
2016-03-29,57.079322814941406,73.0,73.08999633789062,71.33999633789062,71.58000183105469,10450200
2016-03-30,58.18181228637695,74.41000366210938,74.62000274658203,73.2699966430664,73.66999816894531,8328700
2016-03-31,57.66574096679688,73.75,75.02999877929688,73.4800033569336,74.29000091552734,8608700
2016-04-01,56.39124298095703,72.12000274658203,73.19999694824219,71.76000213623047,72.37000274658203,21467800
2016-04-04,56.7978401184082,72.63999938964844,72.91999816894531,71.9000015258789,72.44000244140625,9265300
2016-04-05,56.8134880065918,72.66000366210938,73.1500015258789,71.95999908447266,72.01000213623047,9575200
2016-04-06,57.20444488525391,73.16000366210938,74.41999816894531,71.9000015258789,73.0,10080700
2016-04-07,56.30523300170898,72.01000213623047,72.94000244140625,71.69000244140625,72.51000213623047,7505800
2016-04-08,57.74394607543945,73.8499984741211,74.2699966430664,73.02999877929688,73.44000244140625,6129600
2016-04-11,57.76739883422852,73.87999725341797,74.91000366210938,73.87000274658203,74.36000061035156,7465100
2016-04-12,59.34686279296875,75.9000015258789,76.16000366210938,73.86000061035156,74.16999816894531,8227600
2016-04-13,60.49625015258789,77.37000274658203,77.55000305175781,75.69999694824219,75.9800033569336,8647500
2016-04-14,60.332061767578125,77.16000366210938,77.66000366210938,76.56999969482422,77.45999908447266,5349700
2016-04-15,59.62833786010742,76.26000213623047,77.16000366210938,75.94999694824219,77.16000366210938,6869900
2016-04-18,60.55883026123047,77.44999694824219,77.5,74.44000244140625,74.73999786376953,5947500
2016-04-19,62.271183013916016,79.63999938964844,79.66000366210938,77.8499984741211,77.98999786376953,10334200
2016-04-20,63.41279220581055,81.0999984741211,81.9000015258789,79.1500015258789,79.1500015258789,12106100
2016-04-21,62.7637939453125,80.2699966430664,81.95999908447266,80.16000366210938,80.87999725341797,8294100
2016-04-22,62.49794006347656,79.93000030517578,81.0199966430664,77.72000122070312,77.72000122070312,9933400
2016-04-25,61.59093475341797,78.7699966430664,79.80000305175781,77.95999908447266,79.55999755859375,6684400
2016-04-26,61.92714691162109,79.19999694824219,79.3499984741211,78.41999816894531,79.12999725341797,5452600
2016-04-27,63.02182769775391,80.5999984741211,81.18000030517578,79.5999984741211,79.77999877929688,7311700
2016-04-28,62.38066482543945,79.77999877929688,81.31999969482422,79.43000030517578,79.98999786376953,6661100
2016-04-29,62.81851196289063,80.33999633789062,81.2699966430664,79.05000305175781,79.98999786376953,8606600
2016-05-02,62.08354187011719,79.4000015258789,80.72000122070312,78.29000091552734,79.94999694824219,7388100
2016-05-03,60.38679504394531,77.2300033569336,78.43000030517578,76.48999786376953,78.33000183105469,8861400
2016-05-04,59.21394729614258,75.7300033569336,77.69000244140625,75.19999694824219,77.20999908447266,7859000
2016-05-05,58.955902099609375,75.4000015258789,76.91000366210938,74.93000030517578,76.76000213623047,7306900
2016-05-06,58.73697280883789,75.12000274658203,76.01000213623047,74.5999984741211,75.02999877929688,8083800
2016-05-09,56.89948272705078,72.7699966430664,74.29000091552734,72.3499984741211,73.48999786376953,10161700
2016-05-10,58.06454086303711,74.26000213623047,74.54000091552734,73.08999633789062,73.33000183105469,7380900
2016-05-11,57.71267318725586,73.80999755859375,74.8499984741211,73.47000122070312,74.01000213623047,5815800
2016-05-12,57.93161010742188,74.08999633789062,74.83999633789062,73.5999984741211,74.23999786376953,5058100
2016-05-13,56.63363265991211,72.43000030517578,74.30000305175781,72.41999816894531,73.55999755859375,6090400
2016-05-16,57.86124801635742,74.0,74.44999694824219,73.0199966430664,73.30000305175781,5407100
2016-05-17,58.54929733276367,74.87999725341797,75.23999786376953,74.0999984741211,74.23999786376953,7226300
2016-05-18,57.21223831176758,73.16999816894531,74.69999694824219,72.6500015258789,74.5,6077900
2016-05-19,58.01762390136719,74.19999694824219,74.36000061035156,72.0,72.56999969482422,8874800
2016-05-20,58.61186981201172,74.95999908447266,75.13999938964844,74.18000030517578,74.66999816894531,7389400
2016-05-23,58.65096664428711,75.01000213623047,75.66000366210938,74.37999725341797,75.5199966430664,6250900
2016-05-24,59.1279411315918,75.62000274658203,76.05000305175781,75.11000061035156,75.5,6500600
2016-05-25,60.91849136352539,77.91000366210938,78.0,75.91999816894531,76.0,7489300
2016-05-26,60.895050048828125,77.87999725341797,78.97000122070312,77.68000030517578,78.37999725341797,7932200
2016-05-27,60.72976303100586,77.16999816894531,77.25,76.37999725341797,77.05000305175781,5050300
2016-05-31,60.04511260986328,76.30000305175781,77.5999984741211,75.80999755859375,77.06999969482422,5780000
2016-06-01,59.698856353759766,75.86000061035156,76.33999633789062,74.91000366210938,76.30000305175781,5542200
2016-06-02,59.37618637084961,75.44999694824219,75.70999908447266,74.61000061035156,75.47000122070312,4827300
2016-06-03,59.51786422729492,75.62999725341797,76.0999984741211,74.86000061035156,75.69999694824219,4342200
2016-06-06,62.24075698852539,79.08999633789062,79.27999877929688,76.22000122070312,76.55999755859375,8019200
2016-06-07,63.03556823730469,80.0999984741211,80.37000274658203,79.27999877929688,79.44999694824219,8546400
2016-06-08,63.59430694580078,80.80999755859375,81.41000366210938,80.01000213623047,80.7300033569336,6979900
2016-06-09,62.9254035949707,79.95999908447266,80.12000274658203,79.30999755859375,79.47000122070312,5030200
2016-06-10,61.80004501342773,78.52999877929688,79.48999786376953,78.26000213623047,78.69000244140625,5585100
2016-06-13,61.099639892578125,77.63999938964844,78.94000244140625,77.56999969482422,78.01000213623047,5115400
2016-06-14,60.95799255371094,77.45999908447266,77.88999938964844,76.62000274658203,77.18000030517578,5361900
2016-06-15,60.47794342041016,76.8499984741211,77.88999938964844,76.7300033569336,77.18000030517578,5384800
2016-06-16,60.07658767700195,76.33999633789062,76.4800033569336,74.91999816894531,76.1500015258789,6033100
2016-06-17,60.98947143554688,77.5,77.79000091552734,76.22000122070312,76.87999725341797,6583900
2016-06-20,61.0603141784668,77.58999633789062,79.12000274658203,77.5199966430664,78.87999725341797,5257200
2016-06-21,61.79218673706055,78.5199966430664,78.97000122070312,77.18000030517578,77.5,5634800
2016-06-22,61.59543991088867,78.2699966430664,79.13999938964844,78.19999694824219,79.01000213623047,5274000
2016-06-23,62.63421249389648,79.58999633789062,79.58999633789062,78.69000244140625,78.98999786376953,4734400
2016-06-24,60.32844924926758,76.66000366210938,77.7699966430664,76.2300033569336,76.62999725341797,9561500
2016-06-27,59.0771713256836,75.06999969482422,75.69999694824219,74.52999877929688,75.41000366210938,7036800
2016-06-28,60.3048210144043,76.62999725341797,76.7300033569336,75.5199966430664,75.95999908447266,5555300
2016-06-29,61.24917602539063,77.83000183105469,78.88999938964844,77.4000015258789,77.52999877929688,5854500
2016-06-30,62.23286437988281,79.08000183105469,79.13999938964844,77.8499984741211,77.95999908447266,4941300
2016-07-01,62.57912826538086,79.5199966430664,79.91000366210938,79.01000213623047,79.13999938964844,4050100
2016-07-05,61.09178924560547,77.62999725341797,78.95999908447266,76.87999725341797,78.7300033569336,5656900
2016-07-06,61.43017959594727,78.05999755859375,78.11000061035156,76.83000183105469,77.43000030517578,4562800
2016-07-07,61.146854400634766,77.69999694824219,79.22000122070312,77.01000213623047,78.30000305175781,4922500
2016-07-08,61.96529769897461,78.73999786376953,78.97000122070312,78.12000274658203,78.31999969482422,4217400
2016-07-11,61.39867782592773,78.0199966430664,79.20999908447266,77.95999908447266,79.0,4702800
2016-07-12,62.68144226074219,79.6500015258789,80.16000366210938,78.69000244140625,79.13999938964844,6356300
2016-07-13,62.075477600097656,78.87999725341797,80.12999725341797,78.30999755859375,79.6500015258789,5328900
2016-07-14,62.24862289428711,79.0999984741211,79.93000030517578,78.9800033569336,79.7699966430664,3817600
2016-07-15,62.44533920288086,79.3499984741211,79.95999908447266,79.02999877929688,79.81999969482422,4723400
2016-07-18,62.72077941894531,79.69999694824219,79.70999908447266,78.4800033569336,78.80999755859375,4333600
2016-07-19,62.807350158691406,79.80999755859375,80.30000305175781,79.51000213623047,79.58999633789062,5780700
2016-07-20,63.42905426025391,80.5999984741211,80.83000183105469,78.87000274658203,79.43000030517578,5937900
2016-07-21,62.97261428833008,80.0199966430664,81.36000061035156,79.66000366210938,80.51000213623047,6140700
2016-07-22,64.223876953125,81.61000061035156,81.61000061035156,78.87000274658203,80.0199966430664,10027500
2016-07-25,63.515625,80.70999908447266,81.5,80.0999984741211,81.30000305175781,11223400
2016-07-26,63.42905426025391,80.5999984741211,80.61000061035156,78.94999694824219,79.9000015258789,11685500
2016-07-27,62.86244583129883,79.87999725341797,80.97000122070312,79.66000366210938,80.68000030517578,8415100
2016-07-28,62.209259033203125,79.05000305175781,80.51000213623047,78.5999984741211,79.7699966430664,5567300
2016-07-29,63.3661003112793,80.5199966430664,80.62000274658203,78.11000061035156,78.2300033569336,6200600
2016-08-01,61.74493789672852,78.45999908447266,79.87999725341797,78.08000183105469,79.79000091552734,8197800
2016-08-02,62.08333969116211,78.88999938964844,78.91999816894531,77.91000366210938,78.80999755859375,6648300
2016-08-03,62.657833099365234,79.62000274658203,79.63999938964844,78.2699966430664,78.70999908447266,5416300
2016-08-04,63.26380157470703,80.38999938964844,80.41000366210938,79.11000061035156,79.5999984741211,8183100
2016-08-05,63.90122604370117,81.19999694824219,81.41999816894531,80.0199966430664,80.62000274658203,6838600
2016-08-08,64.92427062988281,82.5,82.98999786376953,81.56999969482422,81.63999938964844,6213900
2016-08-09,64.39701080322266,81.83000183105469,83.04000091552734,81.4800033569336,83.02999877929688,4143800
2016-08-10,63.62579727172852,80.8499984741211,82.33999633789062,80.63999938964844,82.02999877929688,3863100
2016-08-11,64.13732147216797,81.5,82.41000366210938,80.97000122070312,81.13999938964844,4385400
2016-08-12,63.90122604370117,81.19999694824219,82.08999633789062,80.93000030517578,81.80000305175781,3902400
2016-08-15,64.56228637695312,82.04000091552734,82.12999725341797,81.08999633789062,81.75,4016000
2016-08-16,64.46781921386719,81.91999816894531,82.37999725341797,81.44999694824219,81.93000030517578,3584400
2016-08-17,64.696044921875,82.20999908447266,82.25,81.22000122070312,81.5999984741211,3905500
2016-08-18,65.99453735351562,83.86000061035156,83.97000122070312,82.36000061035156,82.4800033569336,5467000
2016-08-19,65.56169128417969,83.30999755859375,83.66999816894531,82.72000122070312,83.51000213623047,5185600
2016-08-22,64.57013702392578,82.05000305175781,82.70999908447266,81.61000061035156,82.6500015258789,5091600
2016-08-23,64.33405303955078,81.75,82.4000015258789,81.54000091552734,82.16999816894531,4473700
2016-08-24,64.00350952148438,81.33000183105469,81.81999969482422,81.11000061035156,81.4800033569336,4462500
2016-08-25,64.01138305664062,81.33999633789062,81.7300033569336,81.02999877929688,81.38999938964844,3767100
2016-08-26,63.66514587402344,80.9000015258789,82.02999877929688,80.47000122070312,81.27999877929688,4535400
2016-08-29,63.85400772094727,81.13999938964844,81.5,80.61000061035156,80.61000061035156,3359000
2016-08-30,63.46052169799805,80.63999938964844,81.9000015258789,80.48999786376953,81.66999816894531,7873600
2016-08-31,62.169898986816406,79.0,80.33999633789062,78.62999725341797,80.1500015258789,8306100
2016-09-01,62.1384391784668,78.95999908447266,79.12999725341797,78.23999786376953,78.44000244140625,6705200
2016-09-02,62.20971298217773,78.55000305175781,79.69999694824219,78.51000213623047,79.25,4912100
2016-09-06,62.391883850097656,78.77999877929688,78.94999694824219,78.25,78.66000366210938,5560900
2016-09-07,62.25722122192383,78.61000061035156,79.05000305175781,78.4800033569336,78.83000183105469,3970700
2016-09-08,62.86705780029297,79.37999725341797,79.76000213623047,78.2300033569336,78.98999786376953,4845300
2016-09-09,61.42565536499024,77.55999755859375,79.22000122070312,77.55999755859375,78.76000213623047,7626600
2016-09-12,62.407691955566406,78.80000305175781,79.2699966430664,77.0999984741211,77.80999755859375,6343100
2016-09-13,61.04551315307617,77.08000183105469,78.0999984741211,76.87999725341797,77.9800033569336,7482000
2016-09-14,60.48322677612305,76.37000274658203,77.9000015258789,76.16999816894531,76.9000015258789,5190400
2016-09-15,60.82374572753906,76.80000305175781,77.1500015258789,76.08999633789062,76.16000366210938,5177400
2016-09-16,60.45153427124024,76.33000183105469,77.0999984741211,75.93000030517578,76.0999984741211,7243200
2016-09-19,60.15850067138672,75.95999908447266,77.4000015258789,75.93000030517578,76.83999633789062,5925000
2016-09-20,59.69123840332031,75.37000274658203,76.19999694824219,75.37000274658203,76.08000183105469,6821800
2016-09-21,60.633670806884766,76.55999755859375,76.70999908447266,75.86000061035156,76.0,7152500
2016-09-22,60.99007034301758,77.01000213623047,77.63999938964844,76.91000366210938,77.19999694824219,5639400
2016-09-23,60.12679672241211,75.91999816894531,77.05999755859375,75.56999969482422,76.69000244140625,6847400
2016-09-26,59.857540130615234,75.58000183105469,76.61000061035156,75.4800033569336,76.12999725341797,5499300
2016-09-27,59.6595344543457,75.33000183105469,75.45999908447266,74.33000183105469,75.12999725341797,6457200
2016-09-28,61.78205108642578,78.01000213623047,78.0999984741211,75.06999969482422,75.58999633789062,9420800
2016-09-29,61.275169372558594,77.37000274658203,78.97000122070312,77.37000274658203,78.11000061035156,9859500
2016-09-30,62.28099060058594,78.63999938964844,78.98999786376953,77.61000061035156,77.83999633789062,6485700
2016-10-03,62.48691940307617,78.9000015258789,79.05999755859375,78.3499984741211,78.81999969482422,4854700
2016-10-04,62.2017936706543,78.54000091552734,79.0999984741211,78.33999633789062,78.9800033569336,5211100
2016-10-05,63.47687530517578,80.1500015258789,80.94999694824219,79.05999755859375,79.41000366210938,7249400
2016-10-06,64.4826889038086,81.41999816894531,81.58999633789062,80.2699966430664,80.43000030517578,6469500
2016-10-07,64.39556121826172,81.30999755859375,82.0999984741211,80.9800033569336,81.79000091552734,5305300
2016-10-10,65.20338439941406,82.33000183105469,82.44000244140625,81.7300033569336,81.7300033569336,4565100
2016-10-11,64.6965103149414,81.69000244140625,82.2300033569336,81.16000366210938,82.08000183105469,5063000
2016-10-12,64.49851989746094,81.44000244140625,81.79000091552734,81.02999877929688,81.76000213623047,4059400
2016-10-13,64.56978607177734,81.52999877929688,81.91999816894531,80.62000274658203,81.0199966430664,4656600
2016-10-14,64.40347290039062,81.31999969482422,82.36000061035156,81.30999755859375,81.97000122070312,4681500
2016-10-17,64.13420104980469,80.9800033569336,81.76000213623047,80.69000244140625,81.31999969482422,3710900
2016-10-18,64.45890808105469,81.38999938964844,81.80000305175781,80.66999816894531,81.58000183105469,3956800
2016-10-19,66.08248901367188,83.44000244140625,84.30000305175781,82.0,82.0,9926100
2016-10-20,65.7260971069336,82.98999786376953,83.36000061035156,81.87999725341797,82.75,7773200
2016-10-21,63.73029327392578,80.47000122070312,82.41999816894531,79.68000030517578,81.8499984741211,10221800
2016-10-24,63.603607177734375,80.30999755859375,80.73999786376953,79.51000213623047,80.55999755859375,5617400
2016-10-25,63.53230667114258,80.22000122070312,81.5,79.91999816894531,80.3499984741211,5436600
2016-10-26,63.37388610839844,80.0199966430664,80.6500015258789,79.31999969482422,79.48999786376953,4238200
2016-10-27,63.041297912597656,79.5999984741211,80.58000183105469,79.52999877929688,80.4000015258789,3919600
2016-10-28,62.7244873046875,79.19999694824219,80.19000244140625,78.62999725341797,79.76000213623047,5001000
2016-10-31,61.95629501342773,78.2300033569336,79.0999984741211,78.02999877929688,78.87999725341797,6225100
2016-11-01,62.32851409912109,78.69999694824219,78.80999755859375,77.70999908447266,78.66000366210938,6825500
2016-11-02,61.58406448364258,77.76000213623047,78.22000122070312,76.91999816894531,78.08000183105469,6395900
2016-11-03,62.1384391784668,78.45999908447266,78.66000366210938,77.80000305175781,77.93000030517578,4935800
2016-11-04,61.64739990234375,77.83999633789062,78.93000030517578,77.66000366210938,78.5199966430664,5178300
2016-11-07,63.16007995605469,79.75,79.80000305175781,78.70999908447266,78.9000015258789,4756400
2016-11-08,63.23135757446289,79.83999633789062,80.48999786376953,79.12999725341797,79.33000183105469,4012600
2016-11-09,63.31053924560547,79.94000244140625,80.43000030517578,78.8499984741211,79.26000213623047,6737600
2016-11-10,63.26301956176758,79.87999725341797,80.70999908447266,79.4800033569336,79.4800033569336,6798600
2016-11-11,62.296836853027344,78.66000366210938,79.43000030517578,78.06999969482422,79.19999694824219,4955700
2016-11-14,62.3364143371582,78.70999908447266,78.91999816894531,77.4800033569336,78.4000015258789,6060900
2016-11-15,64.2767562866211,81.16000366210938,81.55999755859375,79.4000015258789,79.44000244140625,5833900
2016-11-16,64.1817398071289,81.04000091552734,81.9000015258789,80.7699966430664,81.0199966430664,4501300
2016-11-17,63.43726348876953,80.0999984741211,81.87000274658203,79.87000274658203,81.51000213623047,4733600
2016-11-18,63.35809326171875,80.0,80.5199966430664,79.72000122070312,80.0999984741211,3951100
2016-11-21,64.71236419677734,81.70999908447266,81.91000366210938,81.02999877929688,81.11000061035156,5202100
2016-11-22,64.54605102539062,81.5,82.0,80.27999877929688,81.9800033569336,4646400
2016-11-23,64.46685028076172,81.4000015258789,81.91999816894531,81.01000213623047,81.06999969482422,3122000
2016-11-25,64.37971496582031,81.29000091552734,81.38999938964844,80.75,81.02999877929688,1819700
2016-11-28,64.19756317138672,81.05999755859375,82.02999877929688,80.83000183105469,81.41000366210938,5909400
2016-11-29,63.29474639892578,79.91999816894531,80.29000091552734,78.73999786376953,79.61000061035156,6326400
2016-11-30,66.56559753417969,84.05000305175781,84.37000274658203,82.05000305175781,82.47000122070312,13534300
2016-12-01,67.00909423828125,84.61000061035156,86.41000366210938,84.37000274658203,84.98999786376953,7991700
2016-12-02,67.32589721679688,85.01000213623047,85.44000244140625,84.26000213623047,84.5999984741211,5090300
2016-12-05,67.26213073730469,84.43000030517578,85.18000030517578,84.2300033569336,84.91999816894531,5976100
2016-12-06,66.88772583007812,83.95999908447266,84.29000091552734,83.16000366210938,83.76000213623047,4878600
2016-12-07,67.19842529296875,84.3499984741211,84.80000305175781,83.55999755859375,84.05000305175781,5138900
2016-12-08,67.29401397705078,84.47000122070312,84.76000213623047,83.80000305175781,84.44000244140625,4848400
2016-12-09,67.54097747802734,84.77999877929688,84.9800033569336,83.94000244140625,84.87000274658203,4829000
2016-12-12,67.72422790527344,85.01000213623047,86.81999969482422,84.66999816894531,86.08999633789062,8233600
2016-12-13,68.61644744873047,86.12999725341797,86.7300033569336,85.05000305175781,85.7300033569336,6273400
2016-12-14,67.84369659423828,85.16000366210938,86.45999908447266,84.80999755859375,85.52999877929688,5858700
2016-12-15,67.93932342529297,85.27999877929688,85.69999694824219,84.30000305175781,84.5,6171000
2016-12-16,68.11457061767578,85.5,85.55000305175781,84.9800033569336,85.5,9524800
2016-12-19,67.81183624267578,85.12000274658203,85.69999694824219,84.97000122070312,85.4000015258789,3155900
2016-12-20,67.93932342529297,85.27999877929688,85.87999725341797,85.02999877929688,85.61000061035156,5185600
2016-12-21,68.640380859375,86.16000366210938,86.26000213623047,85.05999755859375,85.56999969482422,4825200
2016-12-22,68.81562805175781,86.37999725341797,87.0,85.58999633789062,85.79000091552734,3991700
2016-12-23,68.12255859375,85.51000213623047,86.2699966430664,85.2300033569336,86.02999877929688,2894200
2016-12-27,68.0667724609375,85.44000244140625,85.94999694824219,85.2300033569336,85.80000305175781,2634200
2016-12-28,67.42147827148438,84.62999725341797,85.4800033569336,84.41000366210938,85.27999877929688,4222700
2016-12-29,67.07891082763672,84.19999694824219,84.8499984741211,83.79000091552734,84.26000213623047,3535400
2016-12-30,66.87974548339844,83.94999694824219,84.5,83.66000366210938,84.30000305175781,4149700
2017-01-03,67.5569076538086,84.80000305175781,85.11000061035156,83.70999908447266,84.86000061035156,6667100
2017-01-04,68.05879211425781,85.43000030517578,85.70999908447266,84.54000091552734,85.0,4655400
2017-01-05,67.95524597167969,85.30000305175781,85.87000274658203,85.19000244140625,85.58000183105469,4543000
2017-01-06,68.89530944824219,86.4800033569336,86.83000183105469,84.83999633789062,85.4800033569336,5689900
2017-01-09,68.32966613769531,85.7699966430664,86.4000015258789,85.43000030517578,85.98999786376953,4336500
2017-01-10,67.39757537841797,84.5999984741211,85.70999908447266,84.58000183105469,85.69000244140625,4306200
2017-01-11,68.24205017089844,85.66000366210938,85.80999755859375,84.62000274658203,84.98999786376953,4149600
2017-01-12,67.97916412353516,85.33000183105469,85.69999694824219,84.6500015258789,85.69000244140625,4286500
2017-01-13,67.57284545898438,84.81999969482422,85.73999786376953,84.77999877929688,84.94999694824219,5117000
2017-01-17,68.85546875,86.43000030517578,86.52999877929688,84.80000305175781,84.80999755859375,5795300
2017-01-18,69.69194793701172,87.4800033569336,87.54000091552734,85.79000091552734,85.79000091552734,8744900
2017-01-19,69.46891021728516,87.19999694824219,87.83999633789062,86.91000366210938,87.05000305175781,7261400
2017-01-20,68.90326690673828,86.48999786376953,87.77999877929688,85.56999969482422,87.12000274658203,10368600
2017-01-23,67.1346664428711,84.2699966430664,85.93000030517578,83.9000015258789,85.8499984741211,6870200
2017-01-24,67.38166046142578,84.58000183105469,84.9000015258789,83.80000305175781,84.38999938964844,6027400
2017-01-25,68.12255859375,85.51000213623047,85.69000244140625,84.6500015258789,85.08000183105469,5939500
2017-01-26,67.62065887451172,84.87999725341797,86.05000305175781,84.43000030517578,85.93000030517578,5623600
2017-01-27,67.31791687011719,84.5,85.19000244140625,84.30999755859375,84.86000061035156,4758200
2017-01-30,66.60888671875,83.61000061035156,84.47000122070312,83.19999694824219,84.16999816894531,5550700
2017-01-31,66.68856811523438,83.70999908447266,84.25,83.11000061035156,83.9000015258789,4567900
2017-02-01,66.25836181640625,83.16999816894531,84.44000244140625,82.69999694824219,84.05999755859375,5193600
2017-02-02,65.67681121826172,82.44000244140625,83.61000061035156,81.56999969482422,83.5999984741211,8857700
2017-02-03,65.72460174560547,82.5,83.20999908447266,82.38999938964844,82.63999938964844,5084000
2017-02-06,65.07928466796875,81.69000244140625,82.97000122070312,81.45999908447266,82.55000305175781,5958000
2017-02-07,64.58536529541016,81.06999969482422,81.73999786376953,80.48999786376953,81.20999908447266,5841700
2017-02-08,64.62519073486328,81.12000274658203,81.19000244140625,79.5199966430664,80.61000061035156,5366400
2017-02-09,64.69688415527344,81.20999908447266,81.76000213623047,81.12000274658203,81.12000274658203,6119000
2017-02-10,65.45372772216797,82.16000366210938,82.70999908447266,81.8499984741211,81.9800033569336,6199900
2017-02-13,65.58197021484375,81.81999969482422,82.12999725341797,81.48999786376953,81.75,4135800
2017-02-14,66.09495544433594,82.45999908447266,82.5,81.54000091552734,82.04000091552734,4672300
2017-02-15,65.5258560180664,81.75,82.37000274658203,81.62000274658203,82.0,4947600
2017-02-16,65.02890014648438,81.12999725341797,82.16999816894531,81.0,82.12999725341797,5097900
2017-02-17,64.64415740966797,80.6500015258789,81.12000274658203,80.54000091552734,80.94999694824219,4345600
2017-02-21,64.66822814941406,80.68000030517578,81.55000305175781,80.5999984741211,81.4800033569336,4746100
2017-02-22,63.88268661499024,79.69999694824219,80.54000091552734,79.66000366210938,80.37999725341797,5905400
2017-02-23,64.49988555908203,80.47000122070312,80.70999908447266,79.87999725341797,80.47000122070312,5754100
2017-02-24,64.24339294433594,80.1500015258789,80.4000015258789,79.4800033569336,79.66000366210938,5464100
2017-02-27,64.97278594970703,81.05999755859375,81.81999969482422,80.16000366210938,80.2300033569336,8033000
2017-02-28,64.41171264648438,80.36000061035156,80.86000061035156,80.0,80.86000061035156,7842000
2017-03-01,65.94265747070312,82.2699966430664,82.69000244140625,80.5999984741211,80.91000366210938,6692400
2017-03-02,64.88461303710938,80.94999694824219,82.16000366210938,80.81999969482422,81.63999938964844,5104500
2017-03-03,64.68423461914062,80.69999694824219,81.58000183105469,80.6500015258789,81.22000122070312,3357000
2017-03-06,64.70028686523438,80.72000122070312,80.88999938964844,80.02999877929688,80.33999633789062,5524600
2017-03-07,64.08306884765625,79.94999694824219,80.7699966430664,79.73999786376953,80.69000244140625,5807400
2017-03-08,62.60026550292969,78.0999984741211,79.91999816894531,77.91000366210938,79.54000091552734,10152900
2017-03-09,63.08116149902344,78.69999694824219,78.94000244140625,77.27999877929688,77.5199966430664,9411800
2017-03-10,63.07316207885742,78.69000244140625,79.4000015258789,78.44999694824219,79.36000061035156,5633400
2017-03-13,62.99296569824219,78.58999633789062,79.12999725341797,78.08000183105469,78.83000183105469,6708900
2017-03-14,62.82466506958008,78.37999725341797,78.55000305175781,77.30000305175781,78.0199966430664,6541800
2017-03-15,64.32356262207031,80.25,80.58999633789062,78.91000366210938,79.0,7968100
2017-03-16,63.84263610839844,79.6500015258789,80.4800033569336,79.26000213623047,80.27999877929688,6196400
2017-03-17,63.762474060058594,79.55000305175781,80.26000213623047,79.48999786376953,79.6500015258789,8645700
2017-03-20,63.25749588012695,78.91999816894531,79.06999969482422,78.16000366210938,79.06999969482422,7318900
2017-03-21,63.07316207885742,78.69000244140625,79.6500015258789,78.56999969482422,79.52999877929688,6210500
2017-03-22,62.82466506958008,78.37999725341797,78.62000274658203,77.75,78.3499984741211,5341500
2017-03-23,62.25557708740234,77.66999816894531,78.44999694824219,77.55999755859375,78.11000061035156,5804100
2017-03-24,61.68649291992188,76.95999908447266,77.94000244140625,76.7699966430664,77.76000213623047,9805900
2017-03-27,61.73458480834961,77.0199966430664,77.18000030517578,76.13999938964844,76.20999908447266,6435100
2017-03-28,62.76855850219727,78.30999755859375,78.58999633789062,76.94000244140625,77.4000015258789,7274600
2017-03-29,63.05713272094727,78.66999816894531,78.95999908447266,77.58000183105469,78.20999908447266,4403000
2017-03-30,62.391849517822266,77.83999633789062,78.87000274658203,77.55999755859375,78.7300033569336,5585100
2017-03-31,62.60026550292969,78.0999984741211,78.37000274658203,77.33000183105469,77.55000305175781,5858500
2017-04-03,62.27961349487305,77.69999694824219,78.33000183105469,77.12999725341797,78.30000305175781,6994700
2017-04-04,62.68840408325195,78.20999908447266,78.37999725341797,77.22000122070312,77.70999908447266,4687800
2017-04-05,62.76054000854492,78.30000305175781,79.4800033569336,78.26000213623047,78.66000366210938,5290600
2017-04-06,63.01704025268555,78.62000274658203,78.93000030517578,78.36000061035156,78.69999694824219,5128500
2017-04-07,62.784610748291016,78.33000183105469,78.87000274658203,78.1500015258789,78.7300033569336,4265200
2017-04-10,63.089168548583984,78.70999908447266,78.94999694824219,78.4000015258789,78.66999816894531,3339900
2017-04-11,63.84263610839844,79.6500015258789,79.70999908447266,78.08000183105469,78.70999908447266,6722200
2017-04-12,63.77851104736328,79.56999969482422,80.88999938964844,79.25,79.7300033569336,6024200
2017-04-13,62.640323638916016,78.1500015258789,79.4000015258789,77.95999908447266,79.33000183105469,5030200
2017-04-17,62.71244430541992,78.23999786376953,78.41999816894531,77.79000091552734,77.81999969482422,5559300
2017-04-18,62.463993072509766,77.93000030517578,78.58999633789062,77.66999816894531,77.7699966430664,4078800
2017-04-19,61.301753997802734,76.4800033569336,78.4800033569336,76.16000366210938,78.29000091552734,8138400
2017-04-20,61.32579803466797,76.51000213623047,77.33999633789062,76.12999725341797,76.48999786376953,8053900
2017-04-21,59.98722457885742,74.83999633789062,75.16000366210938,73.1500015258789,73.97000122070312,14539700
2017-04-24,59.39409637451172,74.0999984741211,75.0999984741211,73.94000244140625,75.0,8461800
2017-04-25,59.38606643676758,74.08999633789062,74.33000183105469,73.7699966430664,74.22000122070312,9066400
2017-04-26,59.4021110534668,74.11000061035156,74.91000366210938,73.7300033569336,73.75,6064800
2017-04-27,58.3841438293457,72.83999633789062,73.93000030517578,72.0999984741211,73.8499984741211,10844900
2017-04-28,58.18373489379883,72.58999633789062,73.45999908447266,72.47000122070312,73.4000015258789,7214400
2017-05-01,57.95130157470703,72.30000305175781,73.08999633789062,72.13999938964844,72.69999694824219,6909400
2017-05-02,57.27000045776367,71.44999694824219,72.4000015258789,70.97000122070312,72.33999633789062,9142000
2017-05-03,57.334129333496094,71.52999877929688,71.94999694824219,70.97000122070312,71.41000366210938,7843600
2017-05-04,56.861209869384766,70.94000244140625,71.25,70.22000122070312,71.16000366210938,12175200
2017-05-05,57.68679428100586,71.97000122070312,72.19999694824219,70.9000015258789,71.04000091552734,11115400
2017-05-08,57.88718795776367,72.22000122070312,72.95999908447266,72.02999877929688,72.29000091552734,8160500
2017-05-09,57.93526840209961,72.27999877929688,72.5999984741211,71.88999938964844,72.33999633789062,6631900
2017-05-10,58.24787521362305,72.66999816894531,73.19999694824219,72.3499984741211,72.83999633789062,7021200
2017-05-11,57.53451919555664,71.77999877929688,73.08000183105469,71.6500015258789,73.04000091552734,7380200
2017-05-12,56.92533874511719,71.0199966430664,71.80999755859375,70.77999877929688,71.73999786376953,7308500
2017-05-15,57.71084976196289,72.0,72.69000244140625,71.94000244140625,72.4800033569336,8573000
2017-05-16,57.20587539672852,71.37000274658203,72.41000366210938,70.88999938964844,72.30000305175781,7029200
2017-05-17,56.90128326416016,70.98999786376953,71.63999938964844,70.80000305175781,71.37000274658203,6347700
2017-05-18,57.25397872924805,71.43000030517578,71.91999816894531,70.66000366210938,70.66000366210938,6073400
2017-05-19,57.51046752929688,71.75,72.30999755859375,71.55999755859375,71.7699966430664,7681800
2017-05-22,57.6226692199707,71.88999938964844,72.37999725341797,71.37000274658203,72.26000213623047,6209800
2017-05-23,57.78300476074219,72.08999633789062,72.30999755859375,71.5199966430664,72.16999816894531,4969900
2017-05-24,57.197872161865234,71.36000061035156,72.27999877929688,71.06999969482422,72.12999725341797,5257900
2017-05-25,55.61883544921875,69.38999938964844,71.69000244140625,68.94000244140625,71.2699966430664,14649400
2017-05-26,56.17988967895508,70.08999633789062,70.3499984741211,69.0,69.5,8960700
2017-05-30,55.49371337890625,68.73999786376953,69.48999786376953,68.6500015258789,69.22000122070312,7263500
2017-05-31,56.17990493774414,69.58999633789062,69.93000030517578,68.2300033569336,68.30999755859375,8944200
2017-06-01,56.333290100097656,69.77999877929688,70.19000244140625,69.22000122070312,69.66999816894531,5874800
2017-06-02,55.67132186889648,68.95999908447266,69.12000274658203,68.02999877929688,68.87999725341797,8646500
2017-06-05,55.92156219482422,69.2699966430664,69.5,68.62999725341797,68.79000091552734,4670800
2017-06-06,56.48667907714844,69.97000122070312,70.19000244140625,68.70999908447266,69.13999938964844,6588600
2017-06-07,55.43718719482422,68.66999816894531,69.86000061035156,67.91999816894531,69.55000305175781,10227700
2017-06-08,55.14655303955078,68.30999755859375,69.11000061035156,68.2300033569336,68.66999816894531,7739800
2017-06-09,56.252567291259766,69.68000030517578,70.38999938964844,68.31999969482422,68.3499984741211,8141100
2017-06-12,55.95387268066406,69.30999755859375,70.69000244140625,69.06999969482422,70.25,7999200
2017-06-13,55.98616409301758,69.3499984741211,69.69999694824219,68.83999633789062,69.30999755859375,7882700
2017-06-14,55.0416145324707,68.18000030517578,69.08999633789062,67.33999633789062,69.05999755859375,10261300
2017-06-15,54.355411529541016,67.33000183105469,68.08000183105469,67.0,67.95999908447266,9465900
2017-06-16,55.36453628540039,68.58000183105469,68.58000183105469,67.05000305175781,67.5999984741211,10179200
2017-06-19,54.97702407836914,68.0999984741211,68.77999877929688,67.9000015258789,68.52999877929688,5037600
2017-06-20,53.88717651367188,66.75,67.05000305175781,66.04000091552734,67.05000305175781,9580000
2017-06-21,52.85384368896485,65.47000122070312,66.48999786376953,65.26000213623047,66.4800033569336,11374200
2017-06-22,52.77310562133789,65.37000274658203,66.43000030517578,65.1500015258789,65.5,8088000
2017-06-23,53.225189208984375,65.93000030517578,66.16000366210938,65.1500015258789,65.33000183105469,7402500
2017-06-26,53.19289779663086,65.88999938964844,66.4000015258789,65.52999877929688,66.11000061035156,8042700
2017-06-27,52.76502990722656,65.36000061035156,66.04000091552734,65.12999725341797,65.6500015258789,6498400
2017-06-28,52.676231384277344,65.25,66.04000091552734,65.0999984741211,65.44000244140625,6243500
2017-06-29,52.78117752075195,65.37999725341797,66.30000305175781,65.30000305175781,65.5999984741211,7194800
2017-06-30,53.15253829956055,65.83999633789062,66.11000061035156,65.37999725341797,65.8499984741211,7981900
2017-07-03,54.064788818359375,66.97000122070312,67.4000015258789,65.9000015258789,66.12000274658203,5201400
2017-07-05,53.07181930541992,65.73999786376953,67.26000213623047,65.33999633789062,67.26000213623047,8872900
2017-07-06,52.57935333251953,65.12999725341797,66.5,65.0199966430664,66.16000366210938,6503800
2017-07-07,52.53899765014648,65.08000183105469,65.18000030517578,64.1500015258789,64.98999786376953,6743400
2017-07-10,52.756961822509766,65.3499984741211,65.69000244140625,64.77999877929688,64.81999969482422,5873600
2017-07-11,53.11217498779297,65.79000091552734,66.23999786376953,65.06999969482422,65.3499984741211,5534000
2017-07-12,52.94263458251953,65.58000183105469,66.5999984741211,65.33999633789062,66.5199966430664,6497600
2017-07-13,53.67729187011719,66.48999786376953,66.54000091552734,65.44000244140625,65.47000122070312,6252300
2017-07-14,53.96790313720703,66.8499984741211,67.08999633789062,66.37000274658203,66.5,5340600
2017-07-17,53.9517707824707,66.83000183105469,67.54000091552734,66.6500015258789,66.75,6438500
2017-07-18,53.427024841308594,66.18000030517578,67.31999969482422,65.9800033569336,67.30999755859375,5359800
2017-07-19,54.44422149658203,67.44000244140625,67.63999938964844,66.0999984741211,66.12999725341797,6642300
2017-07-20,54.10515594482422,67.0199966430664,67.9000015258789,66.76000213623047,67.7699966430664,7458200
2017-07-21,53.70957946777344,66.52999877929688,68.95999908447266,66.19999694824219,67.80000305175781,10910300
2017-07-24,53.62078094482422,66.41999816894531,66.83999633789062,65.8499984741211,66.68000030517578,6211000
2017-07-25,54.09708786010742,67.01000213623047,67.55000305175781,66.93000030517578,67.0,6947200
2017-07-26,54.0809326171875,66.98999786376953,68.16000366210938,66.72000122070312,67.4800033569336,8350800
2017-07-27,54.71870040893555,67.77999877929688,67.80000305175781,66.38999938964844,66.95999908447266,6968600
2017-07-28,55.26766586303711,68.45999908447266,69.04000091552734,67.5,67.54000091552734,10545600
2017-07-31,55.38067626953125,68.5999984741211,68.79000091552734,67.69000244140625,68.44000244140625,10621100
2017-08-01,55.711669921875,69.01000213623047,69.01000213623047,68.05000305175781,68.5,10295700
2017-08-02,55.80854797363281,69.12999725341797,69.37000274658203,68.41999816894531,68.87999725341797,7973400
2017-08-03,55.07390213012695,68.22000122070312,69.25,67.75,68.95999908447266,9869700
2017-08-04,54.52495574951172,67.54000091552734,68.38999938964844,67.45999908447266,68.1500015258789,5411600
2017-08-07,53.72572326660156,66.55000305175781,67.5,66.52999877929688,67.25,5756600
2017-08-08,52.86999130249024,65.48999786376953,66.62999725341797,65.26000213623047,66.25,8700100
2017-08-09,52.86999130249024,65.48999786376953,65.9000015258789,65.06999969482422,65.7300033569336,6274900
2017-08-10,51.990020751953125,64.4000015258789,65.77999877929688,64.19000244140625,65.55000305175781,8060500
2017-08-11,51.52986526489258,63.83000183105469,64.66999816894531,63.7400016784668,64.0999984741211,4627500
2017-08-14,51.626739501953125,63.95000076293945,64.27999877929688,63.66999816894531,64.0,4961000
2017-08-15,51.21501541137695,63.43999862670898,63.93999862670898,63.02999877929688,63.93999862670898,6850800
2017-08-16,51.4329948425293,63.709999084472656,63.95000076293945,63.22999954223633,63.63999938964844,6329600
2017-08-17,50.88404083251953,63.02999877929688,63.79999923706055,62.95000076293945,63.459999084472656,5292100
2017-08-18,51.11814498901367,63.31999969482422,63.810001373291016,62.93000030517578,63.06999969482422,9096300
2017-08-21,50.859806060791016,63.0,63.40999984741211,62.9900016784668,63.11000061035156,4498200
2017-08-22,51.14236831665039,63.34999847412109,63.63999938964844,63.11000061035156,63.15999984741211,4710200
2017-08-23,51.01320266723633,63.18999862670898,63.5,62.869998931884766,63.09999847412109,4433400
2017-08-24,50.76293563842773,62.880001068115234,63.2400016784668,62.560001373291016,63.09999847412109,5674100
2017-08-25,51.57024765014648,63.880001068115234,64.12999725341797,62.9900016784668,63.11000061035156,5712600
2017-08-28,51.223106384277344,63.45000076293945,64.08000183105469,63.0,63.84000015258789,4505600
2017-08-29,51.263458251953125,63.5,63.619998931884766,62.810001373291016,63.2599983215332,4076300
2017-08-30,51.17465972900391,63.38999938964844,63.7599983215332,63.06999969482422,63.400001525878906,4629100
2017-08-31,51.27153396606445,63.5099983215332,63.77999877929688,63.15999984741211,63.59999847412109,5833500
2017-09-01,51.54819488525391,63.34999847412109,63.91999816894531,62.970001220703125,63.20000076293945,4907400
2017-09-05,52.97217559814453,65.0999984741211,65.25,63.34999847412109,63.47999954223633,7517600
2017-09-06,53.476688385009766,65.72000122070312,66.23999786376953,65.27999877929688,65.29000091552734,6806200
2017-09-07,53.598731994628906,65.87000274658203,66.12999725341797,65.36000061035156,65.72000122070312,4236400
2017-09-08,52.77688217163086,64.86000061035156,65.76000213623047,64.54000091552734,65.72000122070312,5487000
2017-09-11,53.51736068725586,65.7699966430664,65.88999938964844,64.9800033569336,65.19000244140625,5617100
2017-09-12,54.05440521240234,66.43000030517578,66.62000274658203,65.33999633789062,65.76000213623047,5308600
2017-09-13,54.4531135559082,66.91999816894531,67.47000122070312,66.43000030517578,66.5199966430664,5728200
2017-09-14,55.08781051635742,67.69999694824219,67.94000244140625,67.16999816894531,67.41999816894531,5954100
2017-09-15,54.713497161865234,67.23999786376953,67.9000015258789,66.75,67.69000244140625,11428400
2017-09-18,55.22613525390625,67.87000274658203,68.0,67.0,67.08000183105469,6688900
2017-09-19,55.24240112304688,67.88999938964844,68.26000213623047,67.47000122070312,68.0,6817200
2017-09-20,55.022727966308594,67.62000274658203,68.16000366210938,67.47000122070312,68.13999938964844,6766000
2017-09-21,55.405155181884766,68.08999633789062,68.5,67.01000213623047,67.52999877929688,8315100
2017-09-22,55.98287582397461,68.80000305175781,68.94000244140625,67.7300033569336,67.7300033569336,6797600
2017-09-25,56.67453384399414,69.6500015258789,70.01000213623047,69.08000183105469,69.0999984741211,6914300
2017-09-26,55.9991569519043,68.81999969482422,69.55999755859375,68.54000091552734,69.2699966430664,6393400
2017-09-27,56.210723876953125,69.08000183105469,69.19000244140625,68.29000091552734,68.94000244140625,6043100
2017-09-28,56.275821685791016,69.16000366210938,69.66000366210938,68.55000305175781,69.33000183105469,6464300
2017-09-29,56.76404571533203,69.76000213623047,69.7699966430664,68.26000213623047,69.02999877929688,6559100
2017-10-02,56.40602111816406,69.31999969482422,69.31999969482422,68.54000091552734,68.7300033569336,7254800
2017-10-03,56.1944465637207,69.05999755859375,69.56999969482422,68.8499984741211,69.26000213623047,6124500
2017-10-04,55.9991569519043,68.81999969482422,69.33000183105469,68.66999816894531,69.12000274658203,6319700
2017-10-05,56.03984451293945,68.87000274658203,69.18000030517578,68.56999969482422,69.1500015258789,6293100
2017-10-06,55.60857009887695,68.33999633789062,68.72000122070312,67.87000274658203,68.72000122070312,5717400
2017-10-09,55.60044097900391,68.33000183105469,68.80000305175781,68.23999786376953,68.36000061035156,3587100
2017-10-10,55.60044097900391,68.33000183105469,69.02999877929688,68.2699966430664,68.76000213623047,3824700
2017-10-11,55.12035751342773,67.73999786376953,67.80000305175781,66.83999633789062,67.31999969482422,8060500
2017-10-12,54.754188537597656,67.29000091552734,67.41999816894531,66.79000091552734,67.22000122070312,6225800
2017-10-13,54.65654373168945,67.16999816894531,68.08000183105469,67.12999725341797,67.62999725341797,4248700
2017-10-16,54.35547637939453,66.80000305175781,67.83000183105469,66.77999877929688,67.55999755859375,4846100
2017-10-17,54.11136245727539,66.5,67.19000244140625,66.26000213623047,66.87999725341797,6621400
2017-10-18,53.63127517700195,65.91000366210938,66.6500015258789,65.68000030517578,66.45999908447266,5936500
2017-10-19,52.48394775390625,64.5,65.70999908447266,64.47000122070312,65.36000061035156,13577600
2017-10-20,51.38545989990234,63.150001525878906,63.95000076293945,61.400001525878906,63.56999969482422,19259600
2017-10-23,50.37646484375,61.90999984741211,63.47999954223633,61.810001373291016,63.150001525878906,14054100
2017-10-24,50.8077278137207,62.43999862670898,62.84000015258789,61.91999816894531,62.52999877929688,9639500
2017-10-25,51.621429443359375,63.43999862670898,63.619998931884766,62.400001525878906,62.5,10748200
2017-10-26,51.5644645690918,63.369998931884766,63.810001373291016,63.060001373291016,63.45000076293945,8668300
2017-10-27,51.71094512939453,63.54999923706055,63.869998931884766,62.880001068115234,63.11000061035156,12972700
2017-10-30,52.16659927368164,64.11000061035156,64.5,63.52999877929688,63.75,6632800
2017-10-31,52.07710647583008,64.0,64.73999786376953,63.93000030517578,63.9900016784668,8519500
2017-11-01,52.3049430847168,64.27999877929688,64.95999908447266,63.9900016784668,64.62000274658203,11329300
2017-11-02,51.46682357788086,63.25,64.33999633789062,63.09999847412109,64.33999633789062,8984100
2017-11-03,51.73534393310547,63.58000183105469,63.72999954223633,62.91999816894531,63.13999938964844,10035100
2017-11-06,54.58330535888672,67.08000183105469,67.41999816894531,63.93000030517578,64.0999984741211,14246300
2017-11-07,54.05440521240234,66.43000030517578,67.68000030517578,66.26000213623047,67.56999969482422,7147400
2017-11-08,54.56703567504883,67.05999755859375,67.58000183105469,66.08000183105469,66.6500015258789,8008300
2017-11-09,54.42871475219727,66.88999938964844,67.0999984741211,66.5,66.8499984741211,6163400
2017-11-10,53.492950439453125,65.73999786376953,66.62000274658203,65.18000030517578,66.58999633789062,6577000
2017-11-13,52.92335891723633,65.04000091552734,65.54000091552734,64.86000061035156,65.25,5506300
2017-11-14,51.084381103515625,62.77999877929688,64.63999938964844,62.72999954223633,64.63999938964844,10606800
2017-11-15,50.08353042602539,61.54999923706055,62.43000030517578,61.11000061035156,62.150001525878906,11273200
2017-11-16,49.88824462890625,61.310001373291016,61.650001525878906,61.02000045776367,61.59999847412109,7791600
2017-11-17,50.41714096069336,61.959999084472656,62.33000183105469,61.2599983215332,61.36000061035156,8088700
2017-11-20,50.22185516357422,61.720001220703125,62.09999847412109,61.220001220703125,61.709999084472656,7103500
2017-11-21,50.35205459594727,61.880001068115234,62.150001525878906,61.43999862670898,61.970001220703125,8491100
2017-11-22,50.5635986328125,62.13999938964844,62.59999847412109,61.84000015258789,62.43999862670898,7610300
2017-11-24,50.39274215698242,61.93000030517578,62.45000076293945,61.84999847412109,62.400001525878906,2967500
2017-11-27,49.92891693115234,61.36000061035156,61.91999816894531,61.04999923706055,61.72999954223633,6741600
2017-11-28,50.6856689453125,62.290000915527344,62.470001220703125,61.209999084472656,61.2400016784668,8737700
2017-11-29,50.57175064086914,62.150001525878906,63.29999923706055,61.93000030517578,62.400001525878906,8805900
2017-11-30,51.14134216308594,62.84999847412109,63.650001525878906,62.5,62.56999969482422,11308900
2017-12-01,52.67110824584961,64.7300033569336,65.12999725341797,63.02000045776367,63.22999954223633,11964000
2017-12-04,52.56532287597656,64.5999984741211,65.98999786376953,64.4800033569336,64.79000091552734,9505000
2017-12-05,52.03229522705078,63.45000076293945,65.0,63.43999862670898,64.12999725341797,8212800
2017-12-06,50.9006233215332,62.06999969482422,63.27999877929688,61.77999877929688,63.27999877929688,9299300
2017-12-07,50.9006233215332,62.06999969482422,62.52000045776367,61.959999084472656,62.060001373291016,7862500
2017-12-08,52.10609436035156,63.540000915527344,63.540000915527344,62.09999847412109,62.380001068115234,11030100
2017-12-11,52.94254302978516,64.55999755859375,64.94000244140625,63.0099983215332,63.380001068115234,11702900
2017-12-12,52.63092041015625,64.18000030517578,65.0,64.0999984741211,64.41000366210938,6487800
2017-12-13,51.90928649902344,63.29999923706055,64.52999877929688,63.27999877929688,64.12000274658203,7485600
2017-12-14,51.14664459228516,62.369998931884766,63.34999847412109,62.36000061035156,62.95000076293945,8550100
2017-12-15,50.917022705078125,62.09000015258789,62.95000076293945,62.0099983215332,62.720001220703125,15834700
2017-12-18,52.1552963256836,63.59999847412109,64.04000091552734,62.25,62.290000915527344,10716600
2017-12-19,52.80314254760742,64.38999938964844,64.9800033569336,63.58000183105469,63.790000915527344,8949500
2017-12-20,53.53298568725586,65.27999877929688,65.5199966430664,64.25,64.44000244140625,9227500
2017-12-21,55.64872360229492,67.86000061035156,68.31999969482422,65.25,65.4800033569336,15943700
2017-12-22,55.30431365966797,67.44000244140625,68.33000183105469,67.16000366210938,67.66000366210938,6695900
2017-12-26,55.44371795654297,67.61000061035156,68.08000183105469,67.41999816894531,67.5,5028200
2017-12-27,55.69791793823242,67.91999816894531,68.4000015258789,67.61000061035156,67.76000213623047,7107900
2017-12-28,55.32070541381836,67.45999908447266,68.22000122070312,67.29000091552734,67.94999694824219,4386800
2017-12-29,55.263301849365234,67.38999938964844,67.72000122070312,66.80000305175781,67.45999908447266,5918800
2018-01-02,57.01000213623047,69.5199966430664,69.83000183105469,67.5999984741211,68.06999969482422,8678200
2018-01-03,58.49430084228516,71.33000183105469,71.63999938964844,69.12999725341797,69.97000122070312,9529200
2018-01-04,59.94579315185547,73.0999984741211,73.19000244140625,71.26000213623047,71.76000213623047,12252300
2018-01-05,60.35580825805664,73.5999984741211,73.68000030517578,72.25,72.94999694824219,8552700
2018-01-08,61.33989334106445,74.80000305175781,74.91999816894531,72.70999908447266,73.3499984741211,9778900
2018-01-09,61.42189407348633,74.9000015258789,75.30000305175781,74.55999755859375,74.77999877929688,9370300
2018-01-10,61.995906829833984,75.5999984741211,76.06999969482422,75.0,75.12000274658203,10017600
2018-01-11,63.18498992919922,77.05000305175781,77.22000122070312,75.41999816894531,75.66999816894531,10248700
2018-01-12,63.9394416809082,77.97000122070312,78.08999633789062,77.05000305175781,77.37000274658203,9211500
2018-01-16,63.28340148925781,77.16999816894531,78.0,76.94999694824219,77.75,11902500
2018-01-17,63.31618881225586,77.20999908447266,77.79000091552734,76.41000366210938,77.0,8009600
2018-01-18,62.62736129760742,76.37000274658203,77.47000122070312,75.69000244140625,76.56999969482422,10588500
2018-01-19,62.668365478515625,76.41999816894531,77.18000030517578,74.25,75.0,13389800
2018-01-22,65.43192291259766,79.79000091552734,79.87999725341797,76.83999633789062,77.04000091552734,13192700
2018-01-23,64.95632934570312,79.20999908447266,80.3499984741211,78.58000183105469,79.81999969482422,9332600
2018-01-24,64.11165618896484,78.18000030517578,79.25,77.66999816894531,78.95999908447266,10369000
2018-01-25,63.41460418701172,77.33000183105469,79.08999633789062,77.2300033569336,78.9800033569336,7142000
2018-01-26,63.64423370361328,77.61000061035156,78.18000030517578,77.38999938964844,77.69000244140625,6055300
2018-01-29,62.63554763793945,76.37999725341797,77.41000366210938,76.0999984741211,77.08999633789062,7877900
2018-01-30,61.12667083740234,74.54000091552734,75.79000091552734,73.93000030517578,75.4000015258789,11371000
2018-01-31,60.33942413330078,73.58000183105469,74.94999694824219,73.11000061035156,74.88999938964844,10198700
2018-02-01,61.92211532592773,75.51000213623047,75.55999755859375,73.79000091552734,73.79000091552734,8671600
2018-02-02,60.42962265014648,73.69000244140625,75.25,73.36000061035156,74.87999725341797,9066600
2018-02-05,58.51070022583008,71.3499984741211,74.37999725341797,70.58999633789062,72.8499984741211,11310300
2018-02-06,58.66761016845703,71.04000091552734,72.55999755859375,69.0,69.51000213623047,12391900
2018-02-07,57.60228729248047,69.75,72.52999877929688,69.62000274658203,71.1500015258789,7345000
2018-02-08,55.66155242919922,67.4000015258789,69.9000015258789,67.3499984741211,69.80000305175781,12186000
2018-02-09,53.836456298828125,65.19000244140625,68.37000274658203,63.369998931884766,68.18000030517578,19725600
2018-02-12,55.1990852355957,66.83999633789062,67.68000030517578,66.2699966430664,66.37000274658203,11382800
2018-02-13,54.43932723999024,65.91999816894531,66.86000061035156,65.68000030517578,66.62999725341797,7959900
2018-02-14,54.39802551269531,65.87000274658203,66.2699966430664,64.56999969482422,65.33999633789062,13030900
2018-02-15,54.678810119628906,66.20999908447266,66.25,64.81999969482422,66.25,8844500
2018-02-16,54.736610412597656,66.27999877929688,67.29000091552734,65.9000015258789,66.1500015258789,7512500
2018-02-20,54.18330764770508,65.61000061035156,67.19999694824219,65.26000213623047,66.70999908447266,6840700
2018-02-21,53.18404006958008,64.4000015258789,66.08999633789062,64.37999725341797,65.3499984741211,7855000
2018-02-22,53.64651107788086,64.95999908447266,65.97000122070312,64.69999694824219,64.83999633789062,8393800
2018-02-23,54.91830062866211,66.5,66.69999694824219,65.06999969482422,65.30000305175781,7652000
2018-02-26,55.10824203491211,66.7300033569336,67.2699966430664,66.30000305175781,67.1500015258789,6605000
2018-02-27,55.25688934326172,66.91000366210938,69.05000305175781,66.86000061035156,67.30000305175781,8736100
2018-02-28,54.20808029174805,65.63999938964844,67.68000030517578,65.62000274658203,67.38999938964844,10144600
2018-03-01,53.86122512817383,65.22000122070312,66.72000122070312,65.02999877929688,65.48999786376953,9674000
2018-03-02,54.067684173583984,65.47000122070312,65.72000122070312,63.900001525878906,64.6500015258789,6797200
2018-03-05,54.63752365112305,66.16000366210938,66.58999633789062,64.91000366210938,64.93000030517578,5274300
2018-03-06,55.02566146850586,66.62999725341797,67.12000274658203,66.08999633789062,66.83999633789062,5131400
2018-03-07,54.6953353881836,66.2300033569336,66.5,65.22000122070312,65.87000274658203,5851900
2018-03-08,55.11650085449219,66.73999786376953,66.77999877929688,65.77999877929688,66.33999633789062,6099100
2018-03-09,56.80120849609375,68.77999877929688,69.06999969482422,67.25,67.29000091552734,8309700
2018-03-12,56.23139190673828,68.08999633789062,69.20999908447266,67.8499984741211,68.7300033569336,5226700
2018-03-13,55.44684600830078,67.13999938964844,68.45999908447266,66.76000213623047,68.33999633789062,6964300
2018-03-14,54.86049270629883,66.43000030517578,67.6500015258789,66.26000213623047,67.27999877929688,5963300
2018-03-15,53.96858978271485,65.3499984741211,66.9000015258789,65.01000213623047,66.5999984741211,6310900
2018-03-16,54.58796691894531,66.0999984741211,66.63999938964844,65.31999969482422,65.37000274658203,9394300
2018-03-19,53.43178939819336,64.69999694824219,66.12000274658203,64.13999938964844,66.08999633789062,6097500
2018-03-20,54.14201354980469,65.55999755859375,66.0999984741211,65.12999725341797,65.12999725341797,5446300
2018-03-21,55.94232940673828,67.73999786376953,68.2699966430664,65.77999877929688,65.91999816894531,7240300
2018-03-22,54.108978271484375,65.5199966430664,66.97000122070312,65.19000244140625,66.75,7500000
2018-03-23,52.96932220458984,64.13999938964844,66.69999694824219,64.0,65.54000091552734,8622100
2018-03-26,53.23359298706055,64.45999908447266,65.22000122070312,63.560001373291016,64.8499984741211,7386100
2018-03-27,53.2501106262207,64.4800033569336,66.08999633789062,63.970001220703125,64.91000366210938,6318000
2018-03-28,52.2012825012207,63.209999084472656,64.62999725341797,62.66999816894531,64.3499984741211,7702900
2018-03-29,53.497859954833984,64.77999877929688,65.20999908447266,63.47999954223633,63.66999816894531,7282800
2018-04-02,52.42426681518555,63.47999954223633,64.66000366210938,62.02000045776367,64.37000274658203,7598600
2018-04-03,53.50611877441406,64.79000091552734,64.8499984741211,62.68999862670898,63.93000030517578,8844500
2018-04-04,53.52263259887695,64.80999755859375,64.98999786376953,63.06999969482422,63.5,6645700
2018-04-05,54.31543731689453,65.7699966430664,66.38999938964844,65.06999969482422,65.12000274658203,6032900
2018-04-06,53.1510009765625,64.36000061035156,65.54000091552734,63.45000076293945,65.54000091552734,7515900
2018-04-09,53.06842422485352,64.26000213623047,65.08000183105469,64.11000061035156,64.77999877929688,6369700
2018-04-10,55.09172439575195,66.70999908447266,67.43000030517578,65.25,65.44999694824219,8172300
2018-04-11,55.78544235229492,67.55000305175781,67.9800033569336,66.37999725341797,66.62000274658203,8141900
2018-04-12,55.7936897277832,67.55999755859375,68.04000091552734,67.20999908447266,67.68000030517578,5845300
2018-04-13,56.11576461791992,67.94999694824219,68.0999984741211,67.30999755859375,67.58999633789062,7853500
2018-04-16,56.58649063110352,68.5199966430664,68.73999786376953,67.43000030517578,68.27999877929688,9026400
2018-04-17,56.70212173461914,68.66000366210938,68.9800033569336,67.94999694824219,68.5199966430664,6490400
2018-04-18,58.08952331542969,70.33999633789062,71.0,69.55000305175781,69.62000274658203,8640300
2018-04-19,58.03997039794922,70.27999877929688,70.91999816894531,69.69999694824219,70.37000274658203,7184700
2018-04-20,57.17284393310547,69.2300033569336,71.25,68.62999725341797,70.80999755859375,9967400
2018-04-23,56.908573150634766,68.91000366210938,68.97000122070312,67.51000213623047,68.69999694824219,6792000
2018-04-24,56.38828659057617,68.27999877929688,69.80000305175781,67.72000122070312,69.05999755859375,7474500
2018-04-25,57.06548309326172,69.0999984741211,69.2699966430664,67.87999725341797,67.9800033569336,5994000
2018-04-26,57.37103271484375,69.47000122070312,70.0999984741211,69.18000030517578,69.4800033569336,8145000
2018-04-27,57.048973083496094,69.08000183105469,69.69999694824219,68.9000015258789,69.05999755859375,4559500
2018-04-30,56.6195182800293,68.55999755859375,69.37999725341797,68.43000030517578,69.0,6249900
2018-05-01,56.487396240234375,68.4000015258789,68.41999816894531,67.08000183105469,68.11000061035156,6197600
2018-05-02,56.70212173461914,68.66000366210938,69.18000030517578,67.9000015258789,67.9800033569336,6460300
2018-05-03,55.92582702636719,67.72000122070312,68.58000183105469,66.88999938964844,68.48999786376953,6563900
2018-05-04,56.80948257446289,68.79000091552734,69.19000244140625,67.12999725341797,67.48999786376953,5620900
2018-05-07,57.15632629394531,69.20999908447266,70.8499984741211,69.08000183105469,69.23999786376953,6388900
2018-05-08,57.42885971069336,69.54000091552734,69.62000274658203,67.69999694824219,69.44999694824219,6142300
2018-05-09,58.53547668457031,70.87999725341797,71.77999877929688,70.41999816894531,70.51000213623047,7774400
2018-05-10,58.733680725097656,71.12000274658203,71.56999969482422,70.23999786376953,71.41999816894531,5650400
2018-05-11,58.70063400268555,71.08000183105469,71.52999877929688,70.87000274658203,71.33000183105469,5449200
2018-05-14,59.13008880615234,71.5999984741211,72.05000305175781,71.16999816894531,71.18000030517578,5142400
2018-05-15,59.13008880615234,71.5999984741211,71.75,70.91000366210938,71.5,3571600
2018-05-16,60.37710189819336,73.11000061035156,73.20999908447266,71.5999984741211,71.5999984741211,7121700
2018-05-17,61.46720886230469,74.43000030517578,75.43000030517578,73.4800033569336,73.5,10825700
2018-05-18,61.351600646972656,74.29000091552734,74.86000061035156,74.16000366210938,74.19000244140625,5715400
2018-05-21,61.96271133422852,75.02999877929688,75.05999755859375,73.95999908447266,74.7699966430664,4641200
2018-05-22,60.889137268066406,73.7300033569336,75.25,73.38999938964844,75.0,5881200
2018-05-23,60.65788650512695,73.44999694824219,73.47000122070312,72.3499984741211,73.0,5737200
2018-05-24,58.81626129150391,71.22000122070312,72.72000122070312,71.08999633789062,72.5999984741211,8648500
2018-05-25,56.65254974365234,68.5999984741211,69.9000015258789,68.02999877929688,69.80000305175781,10719800
2018-05-29,56.214874267578125,68.06999969482422,68.37000274658203,67.16999816894531,67.62999725341797,8369200
2018-05-30,57.37929916381836,69.4800033569336,69.83000183105469,68.44999694824219,68.72000122070312,7710300
2018-05-31,56.71036148071289,68.66999816894531,69.31999969482422,68.25,69.08000183105469,8419700
2018-06-01,56.94987487792969,68.95999908447266,69.08000183105469,68.37000274658203,68.63999938964844,6512800
2018-06-04,57.04070281982422,69.06999969482422,69.48999786376953,68.68000030517578,69.16000366210938,8104200
2018-06-05,56.94920349121094,68.45999908447266,68.86000061035156,67.9000015258789,68.48999786376953,7058000
2018-06-06,57.3068962097168,68.88999938964844,69.05999755859375,68.06999969482422,68.83000183105469,6387900
2018-06-07,57.89751815795898,69.5999984741211,70.29000091552734,69.12999725341797,69.37000274658203,8330600
2018-06-08,57.75612258911133,69.43000030517578,70.08999633789062,68.97000122070312,69.9000015258789,5125200
2018-06-11,58.12213516235352,69.87000274658203,70.44000244140625,69.11000061035156,69.4800033569336,6970700
2018-06-12,57.065650939941406,68.5999984741211,70.47000122070312,68.08000183105469,70.0,9664000
2018-06-13,56.54159927368164,67.97000122070312,68.75,67.43000030517578,67.76000213623047,7161000
2018-06-14,56.84107208251953,68.33000183105469,68.56999969482422,67.66000366210938,68.16000366210938,7104000
2018-06-15,55.59326553344727,66.83000183105469,67.9800033569336,66.54000091552734,67.91999816894531,15094700
2018-06-18,55.7679557800293,67.04000091552734,67.30000305175781,66.19999694824219,66.26000213623047,6110400
2018-06-19,54.65327072143555,65.69999694824219,66.1500015258789,65.19999694824219,66.01000213623047,11577800
2018-06-20,54.52849197387695,65.55000305175781,66.06999969482422,65.27999877929688,65.94000244140625,7567700
2018-06-21,53.896270751953125,64.79000091552734,65.58000183105469,64.51000213623047,65.41999816894531,6371400
2018-06-22,55.38529968261719,66.58000183105469,67.94999694824219,66.4000015258789,67.12999725341797,10995000
2018-06-25,54.428672790527344,65.43000030517578,66.36000061035156,64.9000015258789,66.29000091552734,7608700
2018-06-26,54.91946029663086,66.0199966430664,66.30000305175781,65.04000091552734,65.4000015258789,5618500
2018-06-27,55.57663345336914,66.80999755859375,67.69000244140625,66.45999908447266,66.73999786376953,6856500
2018-06-28,55.74301528930664,67.01000213623047,67.2300033569336,66.2699966430664,67.11000061035156,5827800
2018-06-29,55.7596435546875,67.02999877929688,67.8499984741211,67.01000213623047,67.0199966430664,5350900
2018-07-02,54.24565887451172,65.20999908447266,66.72000122070312,65.01000213623047,66.44999694824219,9404700
2018-07-03,54.76972198486328,65.83999633789062,66.30000305175781,65.2300033569336,66.23999786376953,5207700
2018-07-05,55.26052474975586,66.43000030517578,66.94999694824219,65.94000244140625,66.37999725341797,6492800
2018-07-06,55.7596435546875,67.02999877929688,67.25,65.7300033569336,65.95999908447266,4303400
2018-07-09,56.84937286376953,68.33999633789062,68.62000274658203,67.5,67.5,5230900
2018-07-10,57.80600357055664,69.48999786376953,69.61000061035156,68.76000213623047,68.9000015258789,6343100
2018-07-11,56.84937286376953,68.33999633789062,69.27999877929688,68.0999984741211,68.62999725341797,7497400
2018-07-12,56.12565994262695,67.47000122070312,68.70999908447266,67.0,68.6500015258789,6217000
2018-07-13,56.63310623168945,68.08000183105469,68.33999633789062,67.41000366210938,67.75,4607000
2018-07-16,56.08406066894531,67.41999816894531,67.5199966430664,66.86000061035156,67.08999633789062,4544100
2018-07-17,55.51839828491211,66.73999786376953,67.19999694824219,66.36000061035156,67.08999633789062,6614300
2018-07-18,55.78459930419922,67.05999755859375,67.44999694824219,65.88999938964844,66.4000015258789,6493200
2018-07-19,55.66812515258789,66.91999816894531,67.55000305175781,66.5,66.5999984741211,7049000
2018-07-20,54.97769546508789,66.08999633789062,68.43000030517578,66.02999877929688,68.33999633789062,7510300
2018-07-23,54.68655014038086,65.73999786376953,66.5999984741211,65.47000122070312,65.97000122070312,8542800
2018-07-24,54.50352096557617,65.5199966430664,66.41000366210938,65.38999938964844,66.01000213623047,8872000
2018-07-25,54.719818115234375,65.77999877929688,65.86000061035156,64.7300033569336,65.5999984741211,7586700
2018-07-26,55.61822509765625,66.86000061035156,67.0199966430664,65.5199966430664,66.22000122070312,6497500
2018-07-27,55.7679557800293,67.04000091552734,67.4000015258789,66.33000183105469,66.33000183105469,5888100
2018-07-30,56.21717834472656,67.58000183105469,68.30000305175781,67.30999755859375,67.51000213623047,5816900
2018-07-31,56.16724395751953,67.5199966430664,67.88999938964844,67.08000183105469,67.62999725341797,5986900
2018-08-01,55.45186233520508,66.66000366210938,67.16000366210938,66.01000213623047,67.0,4834900
2018-08-02,54.8529167175293,65.94000244140625,66.41999816894531,65.62999725341797,66.04000091552734,4985000
2018-08-03,54.81132125854492,65.88999938964844,66.6500015258789,65.63999938964844,65.83999633789062,4588300
2018-08-06,54.68655014038086,65.73999786376953,66.12999725341797,65.55000305175781,65.97000122070312,4348800
2018-08-07,55.46849822998047,66.68000030517578,67.30999755859375,65.72000122070312,66.41999816894531,5745200
2018-08-08,55.2438850402832,66.41000366210938,66.62999725341797,65.9800033569336,66.2300033569336,3549300
2018-08-09,54.40370559692383,65.4000015258789,66.66999816894531,65.12000274658203,66.56999969482422,4760800
2018-08-10,54.93610000610352,66.04000091552734,66.0999984741211,64.87999725341797,65.36000061035156,4851200
2018-08-13,54.045997619628906,64.97000122070312,66.04000091552734,64.69999694824219,65.94999694824219,4563400
2018-08-14,53.90458679199219,64.80000305175781,65.73999786376953,64.79000091552734,65.27999877929688,4851000
2018-08-15,51.81660842895508,62.290000915527344,64.36000061035156,61.81999969482422,64.31999969482422,9831900
2018-08-16,51.98299407958984,62.4900016784668,63.08000183105469,62.400001525878906,62.61000061035156,6080800
2018-08-17,52.26582717895508,62.83000183105469,63.02000045776367,62.060001373291016,62.470001220703125,5657500
2018-08-20,52.82317733764648,63.5,63.65999984741211,62.7400016784668,63.060001373291016,3670300
2018-08-21,53.87131881713867,64.76000213623047,65.22000122070312,64.13999938964844,64.26000213623047,6092600
2018-08-22,54.14582824707031,65.08999633789062,65.61000061035156,64.91000366210938,65.29000091552734,5134400
2018-08-23,53.779823303222656,64.6500015258789,64.97000122070312,64.2699966430664,64.7699966430664,4430200
2018-08-24,54.278934478759766,65.25,65.36000061035156,64.9800033569336,64.9800033569336,6418000
2018-08-27,53.94618606567383,64.8499984741211,65.56999969482422,64.61000061035156,65.36000061035156,8459200
2018-08-28,53.29733276367188,64.06999969482422,65.5199966430664,64.02999877929688,64.94000244140625,9470700
2018-08-29,53.64672088623047,64.48999786376953,64.63999938964844,63.90999984741211,64.2300033569336,7611600
2018-08-30,53.52193832397461,64.33999633789062,65.08000183105469,64.05999755859375,64.5999984741211,6300100
2018-08-31,52.54033660888672,63.15999984741211,64.13999938964844,62.970001220703125,64.06999969482422,7953200
2018-09-04,51.91984558105469,61.91999816894531,63.13999938964844,61.7400016784668,63.060001373291016,8287000
2018-09-05,51.16520309448242,61.02000045776367,61.54999923706055,60.18999862670898,61.470001220703125,10127200
2018-09-06,50.48601531982422,60.209999084472656,60.959999084472656,59.79999923706055,60.79999923706055,9684100
2018-09-07,50.05837631225586,59.70000076293945,60.18999862670898,59.25,59.790000915527344,11056200
2018-09-10,50.29316329956055,59.97999954223633,60.77999877929688,59.959999084472656,60.0,6954600
2018-09-11,50.578250885009766,60.31999969482422,60.79999923706055,59.43000030517578,60.08000183105469,9782200
2018-09-12,50.99751281738281,60.81999969482422,61.59999847412109,60.70000076293945,60.70000076293945,7931700
2018-09-13,51.16520309448242,61.02000045776367,61.310001373291016,60.43000030517578,60.709999084472656,6006300
2018-09-14,51.341285705566406,61.22999954223633,61.560001373291016,60.7599983215332,61.0,8059100
2018-09-17,51.1232795715332,60.970001220703125,61.66999816894531,60.68000030517578,61.59000015258789,6825400
2018-09-18,51.14005279541016,60.9900016784668,61.970001220703125,60.95000076293945,61.619998931884766,6779700
2018-09-19,51.341285705566406,61.22999954223633,61.709999084472656,60.5099983215332,60.83000183105469,9367100
2018-09-20,51.62637710571289,61.56999969482422,62.27000045776367,61.560001373291016,61.95000076293945,7364100
2018-09-21,51.25743865966797,61.130001068115234,61.84000015258789,61.130001068115234,61.75,21545100
2018-09-24,51.65153503417969,61.59999847412109,62.08000183105469,61.40999984741211,61.81999969482422,8715200
2018-09-25,52.431339263916016,62.52999877929688,62.880001068115234,62.06999969482422,62.20000076293945,8517500
2018-09-26,51.04782104492188,60.880001068115234,62.16999816894531,60.79999923706055,61.90999984741211,10408600
2018-09-27,51.290977478027344,61.16999816894531,61.68999862670898,60.400001525878906,61.13999938964844,6553000
2018-09-28,51.08134841918945,60.91999816894531,61.709999084472656,60.86000061035156,61.02999877929688,7206600
2018-10-01,51.64315032958984,61.59000015258789,62.369998931884766,60.880001068115234,61.20000076293945,7667000
2018-10-02,51.89470291137695,61.88999938964844,62.09999847412109,60.869998931884766,61.29999923706055,5660200
2018-10-03,52.50680160522461,62.619998931884766,62.90999984741211,61.59000015258789,62.150001525878906,7315700
2018-10-04,52.69966506958008,62.84999847412109,63.290000915527344,62.29999923706055,62.68999862670898,6920100
2018-10-05,52.82543563842773,63.0,63.36000061035156,62.43999862670898,62.75,7358200
2018-10-08,52.77513122558594,62.93999862670898,63.08000183105469,62.09000015258789,62.220001220703125,4725700
2018-10-09,52.91767120361328,63.11000061035156,63.650001525878906,62.29999923706055,63.18999862670898,6410500
2018-10-10,50.99751281738281,60.81999969482422,63.040000915527344,60.66999816894531,62.77999877929688,10393700
2018-10-11,49.57205581665039,59.119998931884766,60.58000183105469,58.650001525878906,60.31999969482422,12620400
2018-10-12,49.74814224243164,59.33000183105469,60.13999938964844,58.29999923706055,59.77999877929688,9737400
2018-10-15,49.93260192871094,59.54999923706055,60.11000061035156,58.86000061035156,59.400001525878906,7302100
2018-10-16,50.04160690307617,59.68000030517578,60.130001068115234,59.52000045776367,59.88999938964844,6310100
2018-10-17,49.67266845703125,59.2400016784668,59.52999877929688,58.68000030517578,59.25,6484100
2018-10-18,48.99348831176758,58.43000030517578,59.310001373291016,58.08000183105469,58.81999969482422,11215300
2018-10-19,49.02702331542969,58.470001220703125,61.18999862670898,57.59000015258789,58.0,11347900
2018-10-22,47.63512420654297,56.810001373291016,58.61000061035156,56.16999816894531,58.45000076293945,13371500
2018-10-23,46.19289779663086,55.09000015258789,55.75,54.47999954223633,55.619998931884766,13516700
2018-10-24,44.448829650878906,53.0099983215332,55.61000061035156,52.970001220703125,55.5099983215332,16957500
2018-10-25,44.691993713378906,53.29999923706055,54.25,52.77000045776367,53.77999877929688,9850400
2018-10-26,44.35660552978516,52.900001525878906,53.84000015258789,51.84000015258789,52.560001373291016,11131300
2018-10-29,43.14077758789063,51.45000076293945,53.20000076293945,50.79999923706055,53.20000076293945,11125100
2018-10-30,43.87026977539063,52.31999969482422,52.54999923706055,50.81999969482422,51.36000061035156,12235800
2018-10-31,43.02339172363281,51.310001373291016,53.0099983215332,51.2400016784668,52.84999847412109,13260600
2018-11-01,43.31684875488281,51.65999984741211,52.18999862670898,50.810001373291016,51.59999847412109,10799400
2018-11-02,43.098854064941406,51.400001525878906,52.27999877929688,50.720001220703125,52.220001220703125,8458000
2018-11-05,43.56840133666992,51.959999084472656,52.27999877929688,51.29999923706055,51.95000076293945,8644900
2018-11-06,43.66902923583984,52.08000183105469,52.2400016784668,51.5,52.0,6433500
2018-11-07,43.87026977539063,52.31999969482422,52.93999862670898,51.70000076293945,52.59999847412109,9417300
2018-11-08,43.249778747558594,51.58000183105469,52.59000015258789,51.470001220703125,52.209999084472656,10936000
2018-11-09,42.26034927368164,50.400001525878906,51.290000915527344,50.0,50.70000076293945,13347100
2018-11-12,41.46377182006836,49.45000076293945,50.95000076293945,49.34999847412109,50.93999862670898,10256900
2018-11-13,39.69453430175781,47.34000015258789,49.369998931884766,47.25,49.34999847412109,19044100
2018-11-14,40.0886344909668,47.810001373291016,48.880001068115234,47.34999847412109,48.209999084472656,17285400
2018-11-15,40.31502532958984,48.08000183105469,48.380001068115234,47.06999969482422,47.61000061035156,16015200
2018-11-16,40.43242645263672,48.220001220703125,48.75,47.72999954223633,48.27999877929688,11775800
2018-11-19,40.50789260864258,48.310001373291016,49.18000030517578,47.869998931884766,47.970001220703125,9449600
2018-11-20,39.32558822631836,46.900001525878906,47.70000076293945,46.34000015258789,47.5099983215332,12276800
2018-11-21,39.94609451293945,47.63999938964844,48.0,47.18999862670898,47.59999847412109,9262500
2018-11-23,38.88118743896485,46.369998931884766,46.61000061035156,45.79999923706055,46.20000076293945,8001400
2018-11-26,39.09920501708984,46.630001068115234,47.540000915527344,46.27999877929688,47.0099983215332,11263600
2018-11-27,38.7386589050293,46.20000076293945,46.709999084472656,45.540000915527344,46.54999923706055,11644400
2018-11-28,38.91473007202149,46.40999984741211,46.5099983215332,45.2599983215332,46.29999923706055,10630200
2018-11-29,38.487098693847656,45.900001525878906,46.650001525878906,45.81999969482422,46.52999877929688,13565000
2018-11-30,37.816287994384766,45.09999847412109,45.54999923706055,44.68000030517578,45.47999954223633,16183600
2018-12-03,38.82250595092773,46.29999923706055,46.61000061035156,45.79999923706055,46.27999877929688,12790700
2018-12-04,37.39844131469727,44.119998931884766,45.88999938964844,44.02000045776367,45.790000915527344,12979400
2018-12-06,35.87266540527344,42.31999969482422,42.97999954223633,41.869998931884766,42.79999923706055,23678300
2018-12-07,36.48297119140625,43.040000915527344,44.650001525878906,43.0099983215332,43.15999984741211,14196900
2018-12-10,35.575984954833984,41.970001220703125,42.91999816894531,41.02000045776367,41.790000915527344,15376600
2018-12-11,34.95719909667969,41.2400016784668,42.5,40.52999877929688,42.33000183105469,19863000
2018-12-12,35.126731872558594,41.43999862670898,42.540000915527344,41.380001068115234,41.61000061035156,13509300
2018-12-13,34.77071762084961,41.02000045776367,41.36000061035156,40.380001068115234,41.2599983215332,15276200
2018-12-14,33.143218994140625,39.09999847412109,40.59000015258789,38.81999969482422,40.560001373291016,18278300
2018-12-17,33.1008415222168,39.04999923706055,39.900001525878906,38.810001373291016,39.0,20140600
2018-12-18,32.07517623901367,37.84000015258789,39.0,37.66999816894531,38.97999954223633,20384400
2018-12-19,32.03281021118164,37.790000915527344,38.959999084472656,37.310001373291016,37.880001068115234,25769400
2018-12-20,30.685035705566406,36.20000076293945,38.02999877929688,36.060001373291016,37.34000015258789,24543700
2018-12-21,30.26120376586914,35.70000076293945,36.68000030517578,35.22999954223633,35.470001220703125,30594300
2018-12-24,29.82889747619629,35.189998626708984,35.880001068115234,35.0,35.45000076293945,14037400
2018-12-26,31.03257179260254,36.61000061035156,36.630001068115234,34.9900016784668,35.40999984741211,19950500
2018-12-27,30.79522705078125,36.33000183105469,36.470001220703125,35.02000045776367,36.09999847412109,16779100
2018-12-28,31.02409744262696,36.59999847412109,37.15999984741211,36.34000015258789,36.52000045776367,15785500
2018-12-31,30.583311080932617,36.08000183105469,36.810001373291016,35.2599983215332,36.65999984741211,19349800
2019-01-02,31.53268241882324,37.20000076293945,37.75,35.34000015258789,35.4900016784668,15926100
2019-01-03,31.871749877929688,37.59999847412109,38.59000015258789,36.86000061035156,37.310001373291016,20007900
2019-01-04,33.13474655151367,39.09000015258789,39.22999954223633,38.02999877929688,38.29999923706055,19506600
2019-01-07,34.05020523071289,40.16999816894531,40.470001220703125,38.95000076293945,39.209999084472656,15736900
2019-01-08,34.47403335571289,40.66999816894531,41.0,40.22999954223633,40.77000045776367,13070200
2019-01-09,34.95719909667969,41.2400016784668,41.619998931884766,40.7400016784668,41.2599983215332,17909200
2019-01-10,35.304744720458984,41.650001525878906,41.84000015258789,40.75,40.93000030517578,13299600
2019-01-11,35.38103485107422,41.7400016784668,41.77000045776367,40.68999862670898,41.11000061035156,13330500
2019-01-14,35.025020599365234,41.31999969482422,41.56999969482422,40.9900016784668,41.09999847412109,11804200
2019-01-15,35.364070892333984,41.720001220703125,42.20000076293945,41.43000030517578,41.84000015258789,9398400
2019-01-16,34.965675354003906,41.25,41.7400016784668,41.20000076293945,41.5,12481600
2019-01-17,35.06739044189453,41.369998931884766,41.7400016784668,40.52999877929688,40.88999938964844,13889800
2019-01-18,37.91550827026367,44.72999954223633,44.93999862670898,43.0,43.84999847412109,26638600
2019-01-22,37.262813568115234,43.959999084472656,44.27000045776367,43.31999969482422,43.88999938964844,21523500
2019-01-23,36.71185302734375,43.310001373291016,44.18999862670898,42.709999084472656,44.060001373291016,13765800
2019-01-24,36.92375946044922,43.560001373291016,44.380001068115234,43.18999862670898,43.4900016784668,10990900
2019-01-25,38.144378662109375,45.0,45.04999923706055,43.97999954223633,44.0,15921400
2019-01-28,37.50016403198242,44.2400016784668,44.54999923706055,43.77000045776367,44.27000045776367,11225300
2019-01-29,37.296722412109375,44.0,44.84000015258789,43.84000015258789,44.68000030517578,8097500
2019-01-30,38.144378662109375,45.0,45.04999923706055,43.93999862670898,44.16999816894531,7961500
2019-01-31,37.474727630615234,44.209999084472656,45.0099983215332,43.72999954223633,45.0,15458100
2019-02-01,37.77141189575195,44.560001373291016,44.970001220703125,44.20000076293945,44.400001525878906,8583700
2019-02-04,37.80531692504883,44.59999847412109,44.650001525878906,43.880001068115234,44.220001220703125,12786700
2019-02-05,38.26303863525391,45.13999938964844,45.27000045776367,44.38999938964844,44.59999847412109,10662700
2019-02-06,38.203712463378906,45.06999969482422,45.220001220703125,44.77999877929688,44.970001220703125,6945800
2019-02-07,36.838993072509766,43.459999084472656,44.869998931884766,42.900001525878906,44.68999862670898,12647300
2019-02-08,36.26258850097656,42.77999877929688,43.5,42.22999954223633,43.31999969482422,9173500
2019-02-11,37.03395462036133,43.68999862670898,43.7400016784668,42.459999084472656,42.47999954223633,9541800
2019-02-12,37.77994918823242,44.060001373291016,44.36000061035156,43.7400016784668,43.86000061035156,8981100
2019-02-13,38.08864212036133,44.41999816894531,45.130001068115234,44.06999969482422,44.16999816894531,11036100
2019-02-14,37.84853744506836,44.13999938964844,44.52000045776367,44.119998931884766,44.27999877929688,9671200
2019-02-15,38.54309844970703,44.95000076293945,45.09999847412109,44.470001220703125,44.630001068115234,8174900
2019-02-19,39.04899978637695,45.540000915527344,45.79999923706055,44.43999862670898,44.52000045776367,10039200
2019-02-20,39.357688903808594,45.900001525878906,46.34999847412109,45.34999847412109,45.34999847412109,8565600
2019-02-21,38.34587478637695,44.720001220703125,45.95000076293945,44.59999847412109,45.86000061035156,9527400
2019-02-22,38.03718566894531,44.36000061035156,45.13999938964844,44.18999862670898,45.08000183105469,5716500
2019-02-25,38.4058952331543,44.790000915527344,45.0099983215332,44.25,44.33000183105469,6033300
2019-02-26,37.99431991577149,44.310001373291016,45.150001525878906,44.2599983215332,44.79999923706055,5853200
2019-02-27,38.02860641479492,44.34999847412109,44.77999877929688,44.08000183105469,44.400001525878906,7442700
2019-02-28,37.77994918823242,44.060001373291016,44.540000915527344,43.41999816894531,44.459999084472656,8846900
2019-03-01,38.74888610839844,45.18999862670898,45.18999862670898,44.220001220703125,44.220001220703125,8811700
2019-03-04,38.7917594909668,45.2400016784668,45.65999984741211,44.56999969482422,45.43000030517578,6946300
2019-03-05,38.4058952331543,44.790000915527344,45.27000045776367,44.310001373291016,45.20000076293945,7391100
2019-03-06,37.18830108642578,43.369998931884766,44.709999084472656,43.20000076293945,44.5099983215332,9948900
2019-03-07,36.43372344970703,42.4900016784668,43.459999084472656,42.45000076293945,43.41999816894531,8086500
2019-03-08,35.40476989746094,41.290000915527344,41.790000915527344,40.880001068115234,41.72999954223633,12739200
2019-03-11,36.0821647644043,42.08000183105469,42.31999969482422,41.43999862670898,41.790000915527344,9494500
2019-03-12,36.51947021484375,42.59000015258789,42.91999816894531,42.119998931884766,42.150001525878906,8230600
2019-03-13,36.99966049194336,43.150001525878906,43.29999923706055,42.83000183105469,43.0099983215332,8822800
2019-03-14,36.94820022583008,43.09000015258789,43.5,43.04999923706055,43.150001525878906,7934400
2019-03-15,36.34798431396485,42.38999938964844,43.15999984741211,42.34000015258789,42.70000076293945,14144900
2019-03-18,37.17972183227539,43.36000061035156,43.650001525878906,42.470001220703125,42.70000076293945,13518800
2019-03-19,37.08539581298828,43.25,43.9900016784668,43.09000015258789,43.77999877929688,8834700
2019-03-20,37.97716522216797,44.290000915527344,44.59999847412109,43.08000183105469,43.22999954223633,9512500
2019-03-21,37.917137145996094,44.220001220703125,44.38999938964844,43.77999877929688,44.11000061035156,6168400
2019-03-22,36.41658020019531,42.470001220703125,43.970001220703125,42.310001373291016,43.75,7892200
2019-03-25,36.41658020019531,42.470001220703125,42.54999923706055,41.720001220703125,41.7599983215332,6390000
2019-03-26,36.91389846801758,43.04999923706055,43.720001220703125,42.77000045776367,42.91999816894531,6500500
2019-03-27,36.596641540527344,42.68000030517578,43.27999877929688,42.38999938964844,43.02999877929688,5254400
2019-03-28,37.40265655517578,43.619998931884766,43.68000030517578,42.33000183105469,42.4900016784668,7419800
2019-03-29,37.35979461669922,43.56999969482422,44.34999847412109,43.220001220703125,44.22999954223633,7984800
2019-04-01,38.38018035888672,44.7599983215332,44.9900016784668,43.720001220703125,43.97999954223633,9717800
2019-04-02,38.14865493774414,44.4900016784668,45.45000076293945,44.34999847412109,44.900001525878906,6899400
2019-04-03,37.376949310302734,43.59000015258789,44.83000183105469,43.38999938964844,44.790000915527344,7230600
2019-04-04,37.814247131347656,44.09999847412109,44.11000061035156,43.060001373291016,43.40999984741211,6670900
2019-04-05,38.58595657348633,45.0,45.540000915527344,44.2599983215332,44.40999984741211,9149600
2019-04-08,39.58919906616211,46.16999816894531,46.2400016784668,45.09999847412109,45.150001525878906,11421400
2019-04-09,39.08329772949219,45.58000183105469,46.040000915527344,45.220001220703125,45.86000061035156,7577500
2019-04-10,39.05758285522461,45.54999923706055,46.0,45.400001525878906,45.79999923706055,6148800
2019-04-11,38.85178756713867,45.310001373291016,45.90999984741211,44.90999984741211,45.54999923706055,5291400
2019-04-12,39.1433219909668,45.650001525878906,46.45000076293945,45.58000183105469,46.0,8667000
2019-04-15,39.78641128540039,46.400001525878906,46.83000183105469,45.25,45.560001373291016,11178400
2019-04-16,40.59243392944336,47.34000015258789,47.54999923706055,46.61000061035156,46.63999938964844,7654400
2019-04-17,40.65245056152344,47.40999984741211,47.959999084472656,47.130001068115234,47.810001373291016,8346300
2019-04-18,39.06614685058594,45.560001373291016,48.880001068115234,45.5099983215332,48.130001068115234,15721600
2019-04-22,39.31481170654297,45.84999847412109,46.18000030517578,45.209999084472656,45.63999938964844,7901000
2019-04-23,39.349098205566406,45.88999938964844,46.09000015258789,45.27000045776367,45.66999816894531,8539400
2019-04-24,37.93429946899414,44.2400016784668,45.810001373291016,44.2400016784668,45.720001220703125,8941800
2019-04-25,37.12826919555664,43.29999923706055,44.18999862670898,43.16999816894531,44.150001525878906,9404900
2019-04-26,37.12826919555664,43.29999923706055,43.470001220703125,42.459999084472656,42.95000076293945,8527500
2019-04-29,37.239742279052734,43.43000030517578,44.369998931884766,43.25,43.34000015258789,8927300
2019-04-30,36.596641540527344,42.68000030517578,43.900001525878906,42.38999938964844,43.86000061035156,12163700
2019-05-01,35.47337341308594,41.369998931884766,42.88999938964844,41.34000015258789,42.630001068115234,10523300
2019-05-02,35.25899124145508,41.119998931884766,41.54999923706055,40.66999816894531,40.97999954223633,9108300
2019-05-03,35.39619064331055,41.27999877929688,41.810001373291016,41.11000061035156,41.560001373291016,7184800
2019-05-06,35.36190414428711,41.2400016784668,41.4900016784668,40.70000076293945,40.84000015258789,6571600
2019-05-07,34.81311798095703,40.59999847412109,40.7599983215332,39.970001220703125,40.7599983215332,10438900
2019-05-08,34.53015899658203,40.27000045776367,40.59999847412109,39.91999816894531,40.52000045776367,9237900
2019-05-09,34.53015899658203,40.27000045776367,40.45000076293945,39.4900016784668,39.91999816894531,12928500
2019-05-10,33.92136001586914,39.560001373291016,40.119998931884766,38.650001525878906,39.900001525878906,12810800
2019-05-13,32.72089767456055,38.15999984741211,39.150001525878906,37.630001068115234,38.880001068115234,16732200
2019-05-14,33.441165924072266,39.0,39.970001220703125,38.36000061035156,38.4900016784668,12042900
2019-05-15,33.72413635253906,39.33000183105469,39.43999862670898,38.400001525878906,38.40999984741211,10558400
2019-05-16,34.17859649658203,39.86000061035156,40.0099983215332,39.470001220703125,39.59000015258789,7632500
2019-05-17,33.45831680297852,39.02000045776367,39.75,38.93999862670898,39.5,7252400
2019-05-20,33.5440559387207,39.119998931884766,39.15999984741211,38.65999984741211,38.83000183105469,5922600
2019-05-21,33.869903564453125,39.5,39.72999954223633,38.959999084472656,39.290000915527344,6716300
2019-05-22,32.875244140625,38.34000015258789,39.2599983215332,38.0099983215332,39.15999984741211,7429900
2019-05-23,32.14640045166016,37.4900016784668,37.52999877929688,36.79999923706055,37.52999877929688,12398900
2019-05-24,31.726238250732425,37.0,37.900001525878906,36.93000030517578,37.650001525878906,7665200
2019-05-28,31.29751205444336,36.5,37.130001068115234,36.43999862670898,37.09999847412109,11869600
2019-05-29,31.023113250732425,36.18000030517578,36.27000045776367,35.459999084472656,36.0,10072100
2019-05-30,30.165645599365234,35.18000030517578,36.27999877929688,35.119998931884766,36.040000915527344,11763600
2019-05-31,29.74548721313477,34.689998626708984,34.939998626708984,34.459999084472656,34.720001220703125,11445600
2019-06-03,30.43146705627441,35.4900016784668,35.650001525878906,34.83000183105469,34.9900016784668,9878700
2019-06-04,31.07505798339844,35.72999954223633,35.97999954223633,35.15999984741211,35.5099983215332,8021100
2019-06-05,30.38797378540039,34.939998626708984,35.849998474121094,34.689998626708984,35.810001373291016,9098900
2019-06-06,30.483642578125,35.04999923706055,35.56999969482422,34.65999984741211,34.93000030517578,12356100
2019-06-07,30.96198844909668,35.599998474121094,36.150001525878906,35.209999084472656,35.40999984741211,12881200
2019-06-10,30.848926544189453,35.470001220703125,36.220001220703125,35.380001068115234,35.810001373291016,12121000
2019-06-11,31.909984588623047,36.68999862670898,37.02000045776367,35.79999923706055,36.09000015258789,12121500
2019-06-12,30.94459342956543,35.58000183105469,36.79999923706055,35.5,36.79999923706055,12258800
2019-06-13,31.99696350097656,36.790000915527344,36.959999084472656,35.91999816894531,36.18000030517578,14336200
2019-06-14,31.249000549316406,35.93000030517578,36.70000076293945,35.63999938964844,36.66999816894531,11571500
2019-06-17,31.88389205932617,36.65999984741211,36.72999954223633,35.689998626708984,35.77000045776367,7574600
2019-06-18,32.11871719360352,36.93000030517578,37.380001068115234,36.540000915527344,36.68999862670898,10127400
2019-06-19,31.75343894958496,36.5099983215332,37.130001068115234,36.310001373291016,37.09999847412109,10273200
2019-06-20,33.266746520996094,38.25,38.34999847412109,37.27999877929688,37.38999938964844,13067900
2019-06-21,33.81467056274414,38.880001068115234,38.90999984741211,38.08000183105469,38.36000061035156,16111400
2019-06-24,33.61463165283203,38.650001525878906,39.18000030517578,38.41999816894531,38.70000076293945,9348100
2019-06-25,33.55375289916992,38.58000183105469,38.7400016784668,38.09999847412109,38.58000183105469,7969100
2019-06-26,33.936431884765625,39.02000045776367,39.75,38.7599983215332,39.02999877929688,8362900
2019-06-27,34.014705657958984,39.11000061035156,39.34999847412109,38.84999847412109,39.18000030517578,6417500
2019-06-28,34.56262969970703,39.7400016784668,39.77999877929688,39.18999862670898,39.22999954223633,9742700
2019-07-01,34.19734191894531,39.31999969482422,40.630001068115234,39.2599983215332,40.41999816894531,13048500
2019-07-02,34.075584411621094,39.18000030517578,39.43999862670898,38.630001068115234,39.43999862670898,8732500
2019-07-03,34.34519577026367,39.4900016784668,39.5099983215332,38.900001525878906,39.13999938964844,4954500
2019-07-05,34.41477966308594,39.56999969482422,39.59999847412109,39.08000183105469,39.20000076293945,5885500
2019-07-08,34.693084716796875,39.88999938964844,40.09999847412109,39.27999877929688,39.43000030517578,10899100
2019-07-09,34.96269989013672,40.20000076293945,40.220001220703125,39.54999923706055,39.77999877929688,8699200
2019-07-10,35.327972412109375,40.619998931884766,40.88999938964844,40.290000915527344,40.61000061035156,7003300
2019-07-11,35.632381439208984,40.970001220703125,41.0,40.06999969482422,40.59999847412109,9695200
2019-07-12,35.493221282958984,40.810001373291016,41.400001525878906,40.70000076293945,41.11000061035156,6788100
2019-07-15,35.1975212097168,40.470001220703125,41.0,40.34000015258789,40.84999847412109,6903800
2019-07-16,34.849632263183594,40.06999969482422,40.7599983215332,39.880001068115234,40.34999847412109,9257000
2019-07-17,33.59724044799805,38.630001068115234,40.06999969482422,38.54999923706055,39.81999969482422,12523600
2019-07-18,33.72769927978516,38.77999877929688,38.77999877929688,37.959999084472656,38.18999862670898,13563000
2019-07-19,33.66682434082031,38.709999084472656,39.34000015258789,37.290000915527344,39.34000015258789,12811700
2019-07-22,34.34519577026367,39.4900016784668,39.7599983215332,38.619998931884766,39.119998931884766,10961200
2019-07-23,34.571319580078125,39.75,40.16999816894531,39.25,39.54999923706055,10610500
2019-07-24,35.075767517089844,40.33000183105469,40.68999862670898,39.58000183105469,39.63999938964844,10763300
2019-07-25,34.74527740478516,39.95000076293945,40.59000015258789,39.560001373291016,40.59000015258789,7701100
2019-07-26,34.797454833984375,40.0099983215332,40.310001373291016,39.68000030517578,39.900001525878906,6731100
2019-07-29,34.10167694091797,39.209999084472656,40.0,38.650001525878906,39.9900016784668,6549500
2019-07-30,34.39738464355469,39.54999923706055,39.7599983215332,38.59000015258789,38.9900016784668,9256500
2019-07-31,34.76266860961914,39.970001220703125,40.61000061035156,39.310001373291016,39.66999816894531,10673300
2019-08-01,33.49286651611328,38.5099983215332,39.45000076293945,38.06999969482422,39.380001068115234,13280000
2019-08-02,32.54487991333008,37.41999816894531,38.72999954223633,37.18999862670898,38.5099983215332,8738200
2019-08-05,31.301189422607425,35.9900016784668,36.79999923706055,35.900001525878906,36.68999862670898,10771600
2019-08-06,30.840232849121094,35.459999084472656,36.38999938964844,34.709999084472656,36.130001068115234,11639900
2019-08-07,30.21403312683105,34.7400016784668,35.0099983215332,33.939998626708984,34.619998931884766,12162700
2019-08-08,30.62279891967773,35.209999084472656,35.22999954223633,34.36000061035156,34.939998626708984,10805500
2019-08-09,30.031396865844727,34.529998779296875,35.290000915527344,34.25,35.209999084472656,7866600
2019-08-12,29.80526161193848,34.27000045776367,34.529998779296875,34.02000045776367,34.369998931884766,8030000
2019-08-13,30.11837387084961,34.630001068115234,35.7599983215332,33.86000061035156,34.099998474121094,11075400
2019-08-14,28.126708984375,32.34000015258789,33.810001373291016,32.20000076293945,33.77000045776367,12761500
2019-08-15,27.52660179138184,31.64999961853028,32.150001525878906,31.11000061035156,32.099998474121094,20155700
2019-08-16,28.45720291137696,32.720001220703125,32.779998779296875,31.600000381469727,31.63999938964844,13561300
2019-08-19,29.657413482666016,34.099998474121094,34.31999969482422,33.439998626708984,33.529998779296875,11073600
2019-08-20,29.48346900939941,33.900001525878906,34.16999816894531,33.540000915527344,33.810001373291016,7770100
2019-08-21,29.300825119018555,33.689998626708984,34.43000030517578,33.619998931884766,34.2400016784668,6427200
2019-08-22,29.31822395324707,33.709999084472656,34.369998931884766,33.66999816894531,33.959999084472656,6975600
2019-08-23,27.85708999633789,32.029998779296875,33.33000183105469,31.89999961853028,33.150001525878906,13952100
2019-08-26,27.47442054748535,31.59000015258789,32.63999938964844,31.34000015258789,32.5099983215332,11611200
2019-08-27,27.178714752197266,31.25,32.0099983215332,31.14999961853028,31.93000030517578,10000600
2019-08-28,27.500513076782227,31.6200008392334,32.099998474121094,31.030000686645508,31.3799991607666,11557000
2019-08-29,28.05713081359864,32.2599983215332,32.689998626708984,31.84000015258789,31.96999931335449,12614300
2019-08-30,28.204984664916992,32.43000030517578,33.119998931884766,32.130001068115234,32.5,12443800
2019-09-03,28.01947784423828,31.71999931335449,31.86000061035156,31.11000061035156,31.18000030517578,9366900
2019-09-04,29.13248634338379,32.97999954223633,33.43000030517578,31.940000534057617,32.279998779296875,11018400
2019-09-05,30.08649063110352,34.060001373291016,34.79999923706055,33.279998779296875,33.369998931884766,12117900
2019-09-06,30.210161209106445,34.20000076293945,34.47999954223633,33.2599983215332,33.79999923706055,11976700
2019-09-09,32.00334167480469,36.22999954223633,36.459999084472656,34.33000183105469,34.5,13461600
2019-09-10,33.08984375,37.459999084472656,38.38999938964844,36.83000183105469,37.04999923706055,19638200
2019-09-11,32.96617889404297,37.31999969482422,38.83000183105469,37.08000183105469,37.63999938964844,17918600
2019-09-12,32.59516906738281,36.900001525878906,37.060001373291016,35.5,36.52999877929688,13089500
2019-09-13,32.97500228881836,37.33000183105469,38.08000183105469,36.79999923706055,37.43000030517578,8453300
2019-09-16,34.7240104675293,39.310001373291016,40.25,38.84000015258789,40.02999877929688,22533100
2019-09-17,33.71700668334961,38.16999816894531,38.970001220703125,37.5099983215332,38.91999816894531,13493400
2019-09-18,33.59334182739258,38.02999877929688,38.43999862670898,37.540000915527344,37.630001068115234,6949000
2019-09-19,33.3548469543457,37.7599983215332,38.58000183105469,37.63999938964844,38.5,6234900
2019-09-20,32.94851303100586,37.29999923706055,38.04999923706055,37.16999816894531,37.880001068115234,17917800
2019-09-23,32.97500228881836,37.33000183105469,37.5,36.59999847412109,36.810001373291016,5849400
2019-09-24,31.4115047454834,35.560001373291016,37.220001220703125,35.41999816894531,37.130001068115234,12212700
2019-09-25,31.12883758544922,35.2400016784668,35.54999923706055,34.83000183105469,35.29999923706055,11344800
2019-09-26,30.5104923248291,34.540000915527344,35.099998474121094,34.290000915527344,35.0,12359300
2019-09-27,30.324996948242188,34.33000183105469,34.93000030517578,34.11000061035156,34.2599983215332,9969900
2019-09-30,30.18365859985352,34.16999816894531,34.470001220703125,33.810001373291016,34.150001525878906,9583500
2019-10-01,28.88515281677246,32.70000076293945,34.56999969482422,32.66999816894531,34.36000061035156,12617900
2019-10-02,28.05481338500977,31.76000022888184,32.75,31.64999961853028,32.63999938964844,13468900
2019-10-03,28.31098365783692,32.04999923706055,32.310001373291016,31.459999084472656,31.59000015258789,11557200
2019-10-04,28.160818099975582,31.8799991607666,32.40999984741211,31.690000534057617,32.08000183105469,10554400
2019-10-07,28.090147018432617,31.799999237060547,32.619998931884766,31.790000915527344,32.11000061035156,15854500
2019-10-08,27.127307891845703,30.709999084472656,31.86000061035156,30.64999961853028,31.489999771118164,16807100
2019-10-09,27.29514503479004,30.89999961853028,31.15999984741211,30.71999931335449,30.940000534057617,12176900
2019-10-10,27.44531440734864,31.06999969482422,31.38999938964844,30.709999084472656,31.01000022888184,12784900
2019-10-11,28.69081115722656,32.47999954223633,32.91999816894531,31.270000457763672,31.5,12652600
2019-10-14,28.77032470703125,32.56999969482422,32.83000183105469,31.739999771118164,31.989999771118164,9294400
2019-10-15,28.982318878173828,32.810001373291016,33.5099983215332,32.36000061035156,32.470001220703125,8943600
2019-10-16,28.22264671325684,31.950000762939453,33.06999969482422,31.950000762939453,32.79999923706055,22004600
2019-10-17,28.169647216796875,31.88999938964844,32.310001373291016,31.770000457763672,32.220001220703125,15730800
2019-10-18,28.54065322875977,32.310001373291016,33.20000076293945,32.09000015258789,32.189998626708984,17218300
2019-10-21,29.67131996154785,33.59000015258789,33.79999923706055,32.220001220703125,32.220001220703125,16441100
2019-10-22,30.75782012939453,34.81999969482422,35.189998626708984,33.459999084472656,33.7599983215332,17598700
2019-10-23,31.20833778381348,35.33000183105469,35.650001525878906,34.220001220703125,34.56999969482422,12862300
2019-10-24,31.01400375366211,35.11000061035156,35.52000045776367,34.279998779296875,35.400001525878906,11551700
2019-10-25,30.99632835388184,35.09000015258789,35.310001373291016,34.59000015258789,35.0,12385700
2019-10-28,30.934494018554688,35.02000045776367,35.560001373291016,34.810001373291016,35.38999938964844,12727500
2019-10-29,30.7313289642334,34.790000915527344,35.0099983215332,34.20000076293945,34.75,10309100
2019-10-30,29.23848342895508,33.099998474121094,34.75,33.0,34.65999984741211,13940300
2019-10-31,28.87631797790528,32.689998626708984,33.119998931884766,32.349998474121094,33.119998931884766,10079200
2019-11-01,30.422164916992188,34.439998626708984,34.529998779296875,32.970001220703125,33.04999923706055,11094400
2019-11-04,32.01216506958008,36.2400016784668,36.459999084472656,34.779998779296875,34.900001525878906,14206000
2019-11-05,32.43617630004883,36.720001220703125,37.06999969482422,36.41999816894531,36.43000030517578,15720300
2019-11-06,31.4115047454834,35.560001373291016,36.720001220703125,35.33000183105469,36.59999847412109,10647900
2019-11-07,31.870832443237305,36.08000183105469,36.77999877929688,35.81999969482422,36.13999938964844,8832400
2019-11-08,32.10050582885742,36.34000015258789,36.5099983215332,35.02000045776367,35.7599983215332,8382200
2019-11-11,32.162330627441406,36.40999984741211,36.5,35.310001373291016,35.75,8804100
2019-11-12,31.985673904418945,36.209999084472656,37.20000076293945,36.02999877929688,36.5,11652100
2019-11-13,30.94332504272461,35.029998779296875,36.060001373291016,34.97999954223633,36.0,9728100
2019-11-14,30.6606502532959,34.709999084472656,35.349998474121094,34.5,34.959999084472656,14068000
2019-11-15,31.23483085632324,35.36000061035156,35.720001220703125,34.93000030517578,34.939998626708984,9017400
2019-11-18,30.642986297607425,34.689998626708984,35.0,34.13999938964844,34.97999954223633,11671500
2019-11-19,30.30733299255371,34.310001373291016,34.68000030517578,34.040000915527344,34.52000045776367,10174100
2019-11-20,31.92382431030273,36.13999938964844,36.22999954223633,34.13999938964844,34.36000061035156,15805500
2019-11-21,32.34783172607422,36.619998931884766,36.91999816894531,36.040000915527344,36.41999816894531,11451700
2019-11-22,32.33900451660156,36.61000061035156,37.09000015258789,36.2400016784668,36.70000076293945,7515000
2019-11-25,32.754180908203125,37.08000183105469,37.20000076293945,36.02999877929688,36.29999923706055,8711700
2019-11-26,32.1446647644043,36.38999938964844,37.220001220703125,36.220001220703125,36.97999954223633,9578300
2019-11-27,32.4803352355957,36.77000045776367,36.93999862670898,36.130001068115234,36.40999984741211,6538200
2019-11-29,31.97683525085449,36.20000076293945,36.47999954223633,35.91999816894531,36.27999877929688,5445400
2019-12-02,32.118167877197266,36.36000061035156,37.02000045776367,36.33000183105469,36.45000076293945,8583000
2019-12-03,31.33895301818848,34.9900016784668,35.38999938964844,34.52000045776367,35.15999984741211,10351800
2019-12-04,32.41373825073242,36.18999862670898,36.36000061035156,35.279998779296875,35.47999954223633,9780100
2019-12-05,32.109214782714844,35.849998474121094,36.470001220703125,35.560001373291016,36.400001525878906,6836700
2019-12-06,33.04069519042969,36.88999938964844,37.02999877929688,36.0099983215332,36.060001373291016,8525400
2019-12-09,33.282508850097656,37.15999984741211,37.459999084472656,36.540000915527344,36.540000915527344,8713500
2019-12-10,33.4437370300293,37.34000015258789,37.47999954223633,36.709999084472656,37.22999954223633,9497000
2019-12-11,34.39313507080078,38.400001525878906,38.5,37.47999954223633,37.5,15742800
2019-12-12,34.99322509765625,39.06999969482422,39.63999938964844,38.33000183105469,38.41999816894531,13609000
2019-12-13,34.930519104003906,39.0,39.5099983215332,38.54999923706055,39.34999847412109,11981100
2019-12-16,35.288787841796875,39.400001525878906,39.84000015258789,39.11000061035156,39.11000061035156,12149000
2019-12-17,35.34252166748047,39.459999084472656,39.91999816894531,39.29999923706055,39.5,9658500
2019-12-18,35.48582458496094,39.619998931884766,40.0,38.970001220703125,39.20000076293945,9204400
2019-12-19,35.47688293457031,39.61000061035156,39.83000183105469,39.47999954223633,39.59000015258789,7048600
2019-12-20,35.31565856933594,39.43000030517578,39.970001220703125,39.18000030517578,39.93000030517578,13465800
2019-12-23,36.53374862670898,40.790000915527344,40.88999938964844,39.43000030517578,39.43999862670898,9911300
2019-12-24,36.40835571289063,40.650001525878906,40.93000030517578,40.34999847412109,40.7400016784668,3860400
2019-12-26,35.88888168334961,40.06999969482422,40.880001068115234,39.93000030517578,40.86000061035156,7629700
2019-12-27,35.826171875,40.0,40.380001068115234,39.83000183105469,40.130001068115234,6769100
2019-12-30,36.18444442749024,40.400001525878906,40.75,40.0,40.0099983215332,8155800
2019-12-31,36.00531005859375,40.20000076293945,40.220001220703125,39.52999877929688,40.0099983215332,10649000
2020-01-02,35.97844314575195,40.16999816894531,40.720001220703125,40.08000183105469,40.52000045776367,9147400
2020-01-03,36.3277587890625,40.560001373291016,41.13999938964844,40.0,41.0,9752000
2020-01-06,36.56061935424805,40.81999969482422,41.08000183105469,40.18999862670898,40.61000061035156,15534100
2020-01-07,36.37253189086914,40.61000061035156,40.61000061035156,39.72999954223633,40.52999877929688,10971700
2020-01-08,35.29774475097656,39.40999984741211,40.43999862670898,39.310001373291016,40.27999877929688,11327600
2020-01-09,35.70078659057617,39.86000061035156,40.09000015258789,38.72999954223633,39.52000045776367,12186000
2020-01-10,35.67391586303711,39.83000183105469,40.09000015258789,39.5099983215332,39.72999954223633,8089700
2020-01-13,35.13652420043945,39.22999954223633,39.84000015258789,38.970001220703125,39.83000183105469,11665600
2020-01-14,35.405216217041016,39.52999877929688,39.52999877929688,38.38999938964844,38.97999954223633,13958700
2020-01-15,34.330440521240234,38.33000183105469,39.36000061035156,38.13999938964844,39.20000076293945,13737700
2020-01-16,34.73347854614258,38.77999877929688,38.93000030517578,38.34999847412109,38.56999969482422,11771100
2020-01-17,34.36626434326172,38.369998931884766,39.970001220703125,38.18000030517578,39.0099983215332,17644600
2020-01-21,33.09443283081055,36.95000076293945,37.72999954223633,36.88999938964844,37.630001068115234,16710200
2020-01-22,32.85260009765625,36.68000030517578,36.81999969482422,36.22999954223633,36.79999923706055,12796800
2020-01-23,32.628700256347656,36.43000030517578,36.52999877929688,35.56999969482422,36.06999969482422,11844000
2020-01-24,32.037559509277344,35.77000045776367,36.220001220703125,35.349998474121094,36.220001220703125,10408600
2020-01-27,30.416433334350582,33.959999084472656,34.7400016784668,33.869998931884766,34.54999923706055,17360600
2020-01-28,30.416433334350582,33.959999084472656,34.22999954223633,33.4900016784668,34.220001220703125,10938000
2020-01-29,30.210426330566406,33.72999954223633,34.630001068115234,33.720001220703125,34.29999923706055,9003800
2020-01-30,30.488080978393555,34.040000915527344,34.08000183105469,33.0,33.13999938964844,10489600
2020-01-31,30.01337623596192,33.5099983215332,33.86000061035156,33.18000030517578,33.4900016784668,16887900
2020-02-03,29.96859741210937,33.459999084472656,33.70000076293945,33.189998626708984,33.439998626708984,9202500
2020-02-04,30.51494789123535,34.06999969482422,34.72999954223633,33.95000076293945,34.22999954223633,12373600
2020-02-05,31.41060256958008,35.06999969482422,35.65999984741211,34.72999954223633,34.77000045776367,11399900
2020-02-06,30.909029006958008,34.5099983215332,35.220001220703125,34.41999816894531,35.220001220703125,7980300
2020-02-07,30.828428268432617,34.41999816894531,34.7599983215332,33.880001068115234,34.0,8582100
2020-02-10,30.76573181152344,34.349998474121094,34.369998931884766,33.810001373291016,34.119998931884766,7197400
2020-02-11,31.1656494140625,34.290000915527344,34.349998474121094,33.869998931884766,34.150001525878906,8825600
2020-02-12,31.85639762878418,35.04999923706055,35.380001068115234,34.439998626708984,35.220001220703125,9094900
2020-02-13,31.51101303100586,34.66999816894531,35.02000045776367,33.970001220703125,34.84000015258789,11718000
2020-02-14,31.283790588378903,34.41999816894531,34.869998931884766,34.13999938964844,34.810001373291016,7904500
2020-02-18,30.583961486816406,33.650001525878906,33.9900016784668,32.880001068115234,33.900001525878906,11792800
2020-02-19,31.1656494140625,34.290000915527344,34.34000015258789,33.63999938964844,33.880001068115234,6592300
2020-02-20,30.74755859375,33.83000183105469,34.709999084472656,33.779998779296875,34.4900016784668,7836000
2020-02-21,30.347637176513672,33.38999938964844,33.54999923706055,32.869998931884766,33.470001220703125,7246300
2020-02-24,28.111793518066406,30.93000030517578,31.989999771118164,30.809999465942383,31.88999938964844,16714900
2020-02-25,26.66666412353516,29.34000015258789,31.049999237060547,29.21999931335449,30.989999771118164,18709700
2020-02-26,25.794132232666016,28.3799991607666,29.739999771118164,28.3799991607666,29.59000015258789,19240700
2020-02-27,24.39444923400879,26.84000015258789,28.280000686645508,26.81999969482422,27.530000686645508,23765700
2020-02-28,24.621675491333008,27.09000015258789,27.15999984741211,25.450000762939453,25.809999465942383,26830600
2020-03-02,25.257896423339844,27.790000915527344,27.790000915527344,26.170000076293945,27.64999961853028,23253000
2020-03-03,24.3671875,26.809999465942383,27.90999984741211,26.270000457763672,27.6200008392334,22020400
2020-03-04,24.612585067749023,27.07999992370605,27.3799991607666,26.26000022888184,27.209999084472656,16155900
2020-03-05,23.47647857666016,25.82999992370605,26.25,25.239999771118164,26.1299991607666,15754600
2020-03-06,21.676889419555664,23.850000381469727,25.15999984741211,23.520000457763672,24.8799991607666,23793200
2020-03-09,15.732781410217283,17.309999465942383,17.899999618530273,12.90999984741211,17.899999618530273,86148000
2020-03-10,16.53260612487793,18.190000534057617,19.229999542236328,17.1299991607666,19.13999938964844,40409000
2020-03-11,15.796406745910645,17.3799991607666,18.13999938964844,17.049999237060547,17.31999969482422,33291900
2020-03-12,13.10611343383789,14.420000076293944,16.690000534057617,14.40999984741211,15.619999885559082,47922900
2020-03-13,14.687570571899414,16.15999984741211,16.170000076293945,14.31999969482422,15.720000267028809,29182100
2020-03-16,13.09702205657959,14.40999984741211,16.040000915527344,13.260000228881836,14.020000457763672,24971100
2020-03-17,12.724382400512695,14.0,14.5600004196167,13.109999656677246,14.539999961853027,25536500
2020-03-18,10.952055931091309,12.050000190734863,13.720000267028809,11.890000343322754,13.0,28198200
2020-03-19,12.60622501373291,13.869999885559082,14.279999732971191,11.869999885559082,12.170000076293944,25449300
2020-03-20,12.978866577148438,14.279999732971191,14.579999923706056,13.100000381469728,14.300000190734863,32875200
2020-03-23,11.660985946655272,12.829999923706056,14.43000030517578,12.600000381469728,14.170000076293944,24393500
2020-03-24,13.315156936645508,14.649999618530272,14.93000030517578,13.5,13.539999961853027,25812600
2020-03-25,13.2697114944458,14.600000381469728,15.869999885559082,13.579999923706056,14.989999771118164,24201200
2020-03-26,14.105883598327637,15.520000457763672,15.640000343322754,14.380000114440918,14.510000228881836,22180200
2020-03-27,12.506247520446776,13.760000228881836,14.699999809265137,13.739999771118164,14.539999961853027,21794500
2020-03-30,12.06998348236084,13.279999732971191,13.6899995803833,12.949999809265137,13.350000381469728,25981500
2020-03-31,12.260849952697754,13.489999771118164,13.890000343322754,13.300000190734863,13.880000114440918,25754200
2020-04-01,11.442852973937988,12.59000015258789,13.1899995803833,12.170000076293944,13.09000015258789,25393800
2020-04-02,12.615313529968262,13.880000114440918,14.989999771118164,12.949999809265137,13.100000381469728,33976500
2020-04-03,12.987957954406738,14.289999961853027,14.600000381469728,13.779999732971191,14.479999542236328,24822900
2020-04-06,14.242215156555176,15.670000076293944,15.81999969482422,14.529999732971191,14.960000038146973,24572200
2020-04-07,14.969325065612791,16.469999313354492,17.700000762939453,16.25,16.93000030517578,29091500
2020-04-08,15.705522537231444,17.280000686645508,17.389999389648438,16.43000030517578,16.899999618530273,16039000
2020-04-09,14.969325065612791,16.469999313354492,18.600000381469727,15.880000114440918,18.3799991607666,25065500
2020-04-13,14.496705055236816,15.949999809265137,16.81999969482422,15.699999809265137,16.6200008392334,16740700
2020-04-14,14.124061584472656,15.539999961853027,16.450000762939453,15.449999809265137,16.0,20214400
2020-04-15,13.38786506652832,14.729999542236328,14.979999542236328,14.020000457763672,14.670000076293944,22681400
2020-04-16,12.76982307434082,14.050000190734863,14.789999961853027,13.960000038146973,14.640000343322754,18242900
2020-04-17,13.8877534866333,15.279999732971191,15.399999618530272,14.199999809265137,14.720000267028809,33939700
2020-04-20,13.824129104614258,15.210000038146973,15.739999771118164,14.010000228881836,14.06999969482422,21290600
2020-04-21,13.35150909423828,14.6899995803833,15.619999885559082,14.369999885559082,14.84000015258789,22926600
2020-04-22,13.94228458404541,15.34000015258789,16.040000915527344,14.9399995803833,15.460000038146973,20596000
2020-04-23,15.01476764678955,16.520000457763672,16.850000381469727,15.75,15.850000381469728,20619600
2020-04-24,14.64212703704834,16.110000610351562,17.399999618530273,15.979999542236328,16.850000381469727,22709600
2020-04-27,14.587589263916016,16.049999237060547,16.389999389648438,15.18000030517578,15.75,17717100
2020-04-28,14.678479194641112,16.149999618530273,16.65999984741211,15.899999618530272,16.399999618530273,18234000
2020-04-29,16.54169464111328,18.200000762939453,18.25,16.770000457763672,16.950000762939453,19406700
2020-04-30,15.287432670593262,16.81999969482422,18.25,16.670000076293945,18.25,25829800
2020-05-01,14.314927101135254,15.75,16.649999618530273,15.510000228881836,16.31999969482422,18752100
2020-05-04,14.751191139221191,16.229999542236328,16.260000228881836,15.109999656677246,15.260000228881836,23079600
2020-05-05,14.769370079040527,16.25,17.329999923706055,16.1200008392334,16.969999313354492,15936300
2020-05-06,14.378548622131348,15.81999969482422,16.559999465942383,15.8100004196167,16.239999771118164,8990700
2020-05-07,15.205634117126465,16.729999542236328,17.049999237060547,16.290000915527344,16.309999465942383,14609800
2020-05-08,16.405363082885742,18.049999237060547,18.100000381469727,17.09000015258789,17.1200008392334,16418000
2020-05-11,15.77823257446289,17.360000610351562,17.940000534057617,17.110000610351562,17.700000762939453,12661300
2020-05-12,15.5237455368042,17.079999923706055,17.81999969482422,16.899999618530273,17.5,14169600
2020-05-13,14.405816078186035,15.850000381469728,16.959999084472656,15.75,16.8700008392334,15827300
2020-05-14,14.633038520812988,16.100000381469727,16.530000686645508,15.140000343322754,15.5,13323200
2020-05-15,14.496705055236816,15.949999809265137,16.510000228881836,15.829999923706056,15.979999542236328,10347800
2020-05-18,16.314472198486328,17.950000762939453,18.09000015258789,17.0,17.040000915527344,22646700
2020-05-19,15.551008224487305,17.110000610351562,17.860000610351562,17.049999237060547,17.809999465942383,12776600
2020-05-20,16.550779342651367,18.209999084472656,18.25,17.299999237060547,17.469999313354492,14142800
2020-05-21,16.16904640197754,17.790000915527344,18.5,17.540000915527344,18.21999931335449,17533800
2020-05-22,15.97818660736084,17.579999923706055,17.719999313354492,17.09000015258789,17.56999969482422,9974700
2020-05-26,16.72347068786621,18.39999961853028,18.670000076293945,18.170000076293945,18.309999465942383,11760900
2020-05-27,17.314247131347656,19.049999237060547,19.270000457763672,18.190000534057617,18.88999938964844,13778600
2020-05-28,17.07793617248535,18.790000915527344,19.36000061035156,18.63999938964844,19.13999938964844,10372900
2020-05-29,16.787094116210938,18.46999931335449,18.729999542236328,17.790000915527344,18.549999237060547,21018100
2020-06-01,16.750736236572266,18.43000030517578,18.86000061035156,18.239999771118164,18.51000022888184,10251700
2020-06-02,17.258615493774414,18.86000061035156,19.040000915527344,18.459999084472656,18.5,16286900
2020-06-03,17.944936752319336,19.61000061035156,19.709999084472656,19.09000015258789,19.32999992370605,13986600
2020-06-04,18.603796005249023,20.32999992370605,20.61000061035156,19.36000061035156,19.6299991607666,20361300
2020-06-05,20.122846603393555,21.989999771118164,23.09000015258789,21.56999969482422,22.32999992370605,26486400
2020-06-08,21.64189720153809,23.64999961853028,23.739999771118164,22.540000915527344,23.3700008392334,21082500
2020-06-09,20.598691940307617,22.51000022888184,22.8799991607666,21.709999084472656,22.559999465942383,17914700
2020-06-10,19.180299758911133,20.959999084472656,22.059999465942383,20.940000534057617,21.979999542236328,16602500
2020-06-11,16.938329696655273,18.51000022888184,19.71999931335449,18.450000762939453,19.1200008392334,19638300
2020-06-12,17.38672637939453,19.0,19.81999969482422,18.440000534057617,19.56999969482422,14646700
2020-06-15,17.67955780029297,19.31999969482422,19.61000061035156,17.709999084472656,17.979999542236328,12742000
2020-06-16,17.89002227783203,19.549999237060547,20.670000076293945,19.170000076293945,20.57999992370605,17831200
2020-06-17,18.1462516784668,19.82999992370605,20.040000915527344,19.270000457763672,19.51000022888184,15816600
2020-06-18,18.466533660888672,20.18000030517578,20.229999542236328,19.190000534057617,19.309999465942383,15867700
2020-06-19,18.036439895629883,19.709999084472656,20.959999084472656,19.450000762939453,20.940000534057617,22249100
2020-06-22,18.137102127075195,19.81999969482422,20.0,19.36000061035156,19.479999542236328,9110100
2020-06-23,17.908327102661133,19.56999969482422,20.1299991607666,19.440000534057617,19.96999931335449,18440100
2020-06-24,16.343524932861328,17.860000610351562,19.200000762939453,17.850000381469727,19.09000015258789,17967800
2020-06-25,16.85597038269043,18.420000076293945,18.59000015258789,17.5,17.639999389648438,18885600
2020-06-26,15.959178924560549,17.440000534057617,18.190000534057617,17.299999237060547,18.18000030517578,18480300
2020-06-29,16.480785369873047,18.010000228881836,18.290000915527344,17.459999084472656,17.6299991607666,14061300
2020-06-30,16.82851791381836,18.38999938964844,18.51000022888184,17.59000015258789,17.780000686645508,18613000
2020-07-01,16.215404510498047,17.719999313354492,18.780000686645508,17.700000762939453,18.5,13923300
2020-07-02,16.453332901000977,17.979999542236328,18.489999771118164,17.899999618530273,18.18000030517578,10301000
2020-07-06,17.15795135498047,18.75,18.93000030517578,18.309999465942383,18.46999931335449,11469600
2020-07-07,16.636348724365234,18.18000030517578,18.6299991607666,18.13999938964844,18.6299991607666,9742500
2020-07-08,16.535688400268555,18.06999969482422,18.61000061035156,17.940000534057617,18.200000762939453,10031300
2020-07-09,15.675506591796877,17.1299991607666,18.239999771118164,17.09000015258789,18.0,12015300
2020-07-10,16.279462814331055,17.790000915527344,17.81999969482422,16.959999084472656,17.09000015258789,9806200
2020-07-13,15.904274940490724,17.3799991607666,18.0,17.350000381469727,17.989999771118164,10945400
2020-07-14,16.82851791381836,18.38999938964844,18.440000534057617,17.1200008392334,17.270000457763672,13525000
2020-07-15,17.295211791992188,18.89999961853028,19.270000457763672,18.549999237060547,19.0,13852400
2020-07-16,17.222007751464844,18.81999969482422,19.21999931335449,18.530000686645508,18.76000022888184,9806100
2020-07-17,17.03899574279785,18.6200008392334,19.18000030517578,18.450000762939453,18.959999084472656,8818600
2020-07-20,16.874277114868164,18.440000534057617,18.950000762939453,18.38999938964844,18.600000381469727,13673700
2020-07-21,17.899181365966797,19.559999465942383,19.920000076293945,18.76000022888184,18.86000061035156,18805000
2020-07-22,17.542295455932617,19.170000076293945,19.450000762939453,18.90999984741211,19.299999237060547,12653600
2020-07-23,17.6612491607666,19.299999237060547,19.36000061035156,18.780000686645508,18.979999542236328,13233200
2020-07-24,17.82596778869629,19.479999542236328,19.65999984741211,18.89999961853028,19.5,16738200
2020-07-27,18.008991241455078,19.68000030517578,19.729999542236328,19.13999938964844,19.700000762939453,15020100
2020-07-28,17.523988723754883,19.14999961853028,19.600000381469727,18.989999771118164,19.489999771118164,14551100
2020-07-29,17.780216217041016,19.43000030517578,19.479999542236328,18.950000762939453,19.100000381469727,7444900
2020-07-30,16.874277114868164,18.440000534057617,19.15999984741211,18.200000762939453,19.049999237060547,15563300
2020-07-31,16.599748611450195,18.13999938964844,18.559999465942383,17.920000076293945,18.11000061035156,15338900
2020-08-03,17.1304988861084,18.71999931335449,18.96999931335449,17.8700008392334,18.100000381469727,9618800
2020-08-04,17.597192764282227,19.229999542236328,19.36000061035156,18.600000381469727,18.68000030517578,10141800
2020-08-05,17.84427261352539,19.5,19.950000762939453,19.3700008392334,19.65999984741211,9127500
2020-08-06,17.67955780029297,19.31999969482422,19.690000534057617,19.209999084472656,19.450000762939453,6751100
2020-08-07,17.96323013305664,19.6299991607666,19.64999961853028,19.020000457763672,19.190000534057617,7084800
2020-08-10,18.503137588500977,20.21999931335449,20.38999938964844,19.479999542236328,19.559999465942383,11555800
2020-08-11,18.57634162902832,20.299999237060547,21.270000457763672,20.190000534057617,20.86000061035156,12373700
2020-08-12,18.631248474121094,20.36000061035156,20.76000022888184,19.809999465942383,20.65999984741211,14560900
2020-08-13,18.18285369873047,19.8700008392334,20.290000915527344,19.729999542236328,20.290000915527344,8551500
2020-08-14,18.36587715148925,20.06999969482422,20.170000076293945,19.59000015258789,19.670000076293945,7290300
2020-08-17,18.310970306396484,20.01000022888184,20.239999771118164,19.86000061035156,19.950000762939453,8658100
2020-08-18,18.091346740722656,19.770000457763672,20.14999961853028,19.68000030517578,19.86000061035156,7845500
2020-08-19,18.04559135437012,19.71999931335449,20.1299991607666,19.6299991607666,19.739999771118164,8055100
2020-08-20,17.17626190185547,18.770000457763672,19.57999992370605,18.770000457763672,19.38999938964844,10240700
2020-08-21,17.00238800048828,18.57999992370605,18.700000762939453,18.3700008392334,18.549999237060547,8913900
2020-08-24,17.89002227783203,19.549999237060547,19.729999542236328,18.670000076293945,18.71999931335449,8702700
2020-08-25,17.624652862548828,19.26000022888184,19.979999542236328,19.11000061035156,19.96999931335449,11012500
2020-08-26,17.084745407104492,18.670000076293945,19.270000457763672,18.63999938964844,19.229999542236328,7982000
2020-08-27,17.11219596862793,18.700000762939453,18.8700008392334,18.440000534057617,18.75,8549000
2020-08-28,17.771060943603516,19.420000076293945,19.459999084472656,18.770000457763672,18.799999237060547,12613700
2020-08-31,17.3958797454834,19.01000022888184,19.540000915527344,18.940000534057617,19.5,13596300
2020-09-01,17.16098403930664,18.6299991607666,18.920000076293945,18.459999084472656,18.520000457763672,9446800
2020-09-02,17.289945602416992,18.770000457763672,18.790000915527344,18.36000061035156,18.530000686645508,10875100
2020-09-03,17.612348556518555,19.1200008392334,19.559999465942383,18.670000076293945,18.770000457763672,16863200
2020-09-04,17.78736114501953,19.309999465942383,19.68000030517578,18.88999938964844,19.350000381469727,15384300
2020-09-08,16.930694580078125,18.3799991607666,19.020000457763672,17.93000030517578,18.89999961853028,15677400
2020-09-09,17.142560958862305,18.61000061035156,18.739999771118164,18.3700008392334,18.479999542236328,9925300
2020-09-10,16.313528060913086,17.709999084472656,18.64999961853028,17.639999389648438,18.64999961853028,16190800
2020-09-11,16.46091079711914,17.8700008392334,17.969999313354492,17.489999771118164,17.760000228881836,8634200
2020-09-14,16.608295440673828,18.030000686645508,18.209999084472656,17.639999389648438,17.889999389648438,9913100
2020-09-15,16.764894485473633,18.200000762939453,18.450000762939453,17.969999313354492,18.06999969482422,10611400
2020-09-16,17.667612075805664,19.18000030517578,19.38999938964844,18.21999931335449,18.540000915527344,14177400
2020-09-17,17.57550048828125,19.07999992370605,19.1299991607666,18.450000762939453,18.809999465942383,11677400
2020-09-18,17.25309944152832,18.729999542236328,19.34000015258789,18.520000457763672,18.790000915527344,19118700
2020-09-21,15.908221244812012,17.270000457763672,18.190000534057617,17.09000015258789,18.100000381469727,16106800
2020-09-22,15.963488578796388,17.329999923706055,17.739999771118164,17.170000076293945,17.40999984741211,8862700
2020-09-23,15.300263404846191,16.610000610351562,17.6200008392334,16.59000015258789,17.280000686645508,10684200
2020-09-24,15.309477806091309,16.6200008392334,17.079999923706055,15.93000030517578,16.34000015258789,17772300
2020-09-25,14.664673805236816,15.920000076293944,16.40999984741211,15.81999969482422,16.280000686645508,16290200
2020-09-28,15.152881622314451,16.450000762939453,16.850000381469727,16.260000228881836,16.360000610351562,11912400
2020-09-29,14.369906425476074,15.600000381469728,16.399999618530273,15.470000267028809,16.350000381469727,15827200
2020-09-30,14.333059310913086,15.5600004196167,16.020000457763672,15.420000076293944,15.8100004196167,15527200
2020-10-01,13.826427459716797,15.010000228881836,15.529999732971191,14.880000114440918,15.359999656677246,17901600
2020-10-02,14.342270851135254,15.56999969482422,15.729999542236328,14.520000457763672,14.56999969482422,14625800
2020-10-05,14.80284309387207,16.06999969482422,16.1299991607666,15.630000114440918,15.770000457763672,12192000
2020-10-06,14.4343843460083,15.670000076293944,16.559999465942383,15.640000343322754,16.440000534057617,13187300
2020-10-07,14.692306518554688,15.949999809265137,16.030000686645508,15.579999923706056,15.720000267028809,10374000
2020-10-08,15.134458541870115,16.43000030517578,16.440000534057617,15.9399995803833,16.1200008392334,10855600
2020-10-09,14.950227737426758,16.229999542236328,16.600000381469727,16.049999237060547,16.579999923706055,11704100
2020-10-12,14.848902702331545,16.1200008392334,16.200000762939453,15.760000228881836,16.030000686645508,12381400
2020-10-13,14.489654541015623,15.729999542236328,16.139999389648438,15.520000457763672,15.960000038146973,14015000
2020-10-14,14.692306518554688,15.949999809265137,16.510000228881836,15.739999771118164,15.75,15875200
2020-10-15,15.12524700164795,16.420000076293945,16.440000534057617,15.550000190734863,15.75,15709600
2020-10-16,13.78958225250244,14.970000267028809,16.260000228881836,14.899999618530272,15.619999885559082,39866400
2020-10-19,13.826427459716797,15.010000228881836,15.4399995803833,14.90999984741211,15.15999984741211,18285500
2020-10-20,14.268579483032228,15.489999771118164,15.649999618530272,15.18000030517578,15.239999771118164,20802200
2020-10-21,13.826427459716797,15.010000228881836,15.59000015258789,14.979999542236328,15.359999656677246,18537500
2020-10-22,14.093561172485352,15.300000190734863,15.420000076293944,14.90999984741211,15.0600004196167,15937500
2020-10-23,14.185674667358398,15.399999618530272,15.779999732971191,15.170000076293944,15.460000038146973,13862100
2020-10-26,13.973811149597168,15.170000076293944,15.260000228881836,14.859999656677246,15.149999618530272,17382400
2020-10-27,13.900121688842772,15.09000015258789,15.229999542236328,14.75,15.109999656677246,14749700
2020-10-28,13.061875343322754,14.18000030517578,14.75,14.149999618530272,14.5,18198000
2020-10-29,13.310585021972656,14.449999809265137,14.489999771118164,13.699999809265137,13.899999618530272,16151800
2020-10-30,13.76194667816162,14.9399995803833,14.960000038146973,14.31999969482422,14.40999984741211,17496700
2020-11-02,14.351484298706056,15.579999923706056,15.800000190734863,14.779999732971191,15.119999885559082,18490900
2020-11-03,14.517289161682127,15.760000228881836,16.049999237060547,15.5600004196167,15.920000076293944,13028200
2020-11-04,14.710729598999023,15.970000267028809,16.200000762939453,15.06999969482422,15.699999809265137,17689400
2020-11-05,14.296213150024414,15.520000457763672,16.1299991607666,15.5,15.899999618530272,15004600
2020-11-06,14.019868850708008,15.220000267028809,15.829999923706056,15.140000343322754,15.489999771118164,10324200
2020-11-09,16.810945510864258,18.25,18.76000022888184,16.93000030517578,17.020000457763672,31835600
2020-11-10,16.866214752197266,18.309999465942383,18.90999984741211,18.0,18.770000457763672,19098500
2020-11-11,16.313528060913086,17.709999084472656,18.51000022888184,17.399999618530273,18.5,16402100
2020-11-12,15.935857772827148,17.299999237060547,17.8799991607666,17.15999984741211,17.350000381469727,10762200
2020-11-13,16.580659866333008,18.0,18.11000061035156,17.420000076293945,17.440000534057617,9321400
2020-11-16,18.45979881286621,20.040000915527344,20.049999237060547,18.559999465942383,18.88999938964844,23092800
2020-11-17,18.505859375,20.09000015258789,20.100000381469727,19.270000457763672,19.440000534057617,13972500
2020-11-18,18.39531898498535,19.96999931335449,20.56999969482422,19.920000076293945,20.18000030517578,15408300
2020-11-19,18.8466854095459,20.459999084472656,20.5,19.549999237060547,19.690000534057617,11924300
2020-11-20,18.61639404296875,20.209999084472656,20.5,19.979999542236328,20.36000061035156,10300900
2020-11-23,19.906003952026367,21.61000061035156,21.64999961853028,20.450000762939453,20.600000381469727,14791600
2020-11-24,20.47711753845215,22.229999542236328,22.5,21.920000076293945,22.440000534057617,20774100
2020-11-25,20.357364654541016,22.100000381469727,22.309999465942383,21.65999984741211,21.729999542236328,12188700
2020-11-27,20.15471267700196,21.8799991607666,22.11000061035156,21.709999084472656,21.96999931335449,6550900
2020-11-30,19.15066337585449,20.790000915527344,21.979999542236328,20.780000686645508,21.959999084472656,21516100
2020-12-01,19.52598190307617,21.06999969482422,21.57999992370605,20.8700008392334,21.3700008392334,12717300
2020-12-02,20.05421257019043,21.63999938964844,22.06999969482422,20.8700008392334,20.950000762939453,9741900
2020-12-03,20.452699661254883,22.06999969482422,22.440000534057617,21.739999771118164,21.850000381469727,12517400
2020-12-04,21.73157501220703,23.450000762939453,23.5,22.459999084472656,22.559999465942383,16201300
2020-12-07,21.15701103210449,22.82999992370605,23.36000061035156,22.709999084472656,23.299999237060547,10067500
2020-12-08,21.527698516845703,23.229999542236328,23.299999237060547,22.440000534057617,22.5,8064600
2020-12-09,21.657434463500977,23.3700008392334,23.790000915527344,22.96999931335449,23.299999237060547,15063300
2020-12-10,21.66670608520508,23.3799991607666,23.88999938964844,22.21999931335449,22.46999931335449,13977800
2020-12-11,21.258953094482425,22.940000534057617,23.190000534057617,22.479999542236328,23.1299991607666,14589200
2020-12-14,20.55463981628418,22.18000030517578,23.39999961853028,21.989999771118164,23.309999465942383,11809700
2020-12-15,21.28675079345703,22.96999931335449,23.06999969482422,22.239999771118164,22.459999084472656,12686700
2020-12-16,21.166278839111328,22.84000015258789,23.06999969482422,22.450000762939453,22.920000076293945,11062700
2020-12-17,21.24968147277832,22.93000030517578,23.1200008392334,22.65999984741211,22.989999771118164,8481200
2020-12-18,20.67511558532715,22.309999465942383,22.959999084472656,22.239999771118164,22.850000381469727,20038600
2020-12-21,20.183958053588867,21.780000686645508,21.979999542236328,21.07999992370605,21.40999984741211,10778300
2020-12-22,19.794736862182617,21.36000061035156,21.81999969482422,21.239999771118164,21.780000686645508,17182900
2020-12-23,20.313692092895508,21.920000076293945,22.299999237060547,21.450000762939453,21.5,9474500
2020-12-24,20.05421257019043,21.63999938964844,21.989999771118164,21.459999084472656,21.979999542236328,3664900
2020-12-28,19.989347457885746,21.56999969482422,22.030000686645508,21.459999084472656,21.61000061035156,6461100
2020-12-29,19.81326484680176,21.3799991607666,21.770000457763672,21.1299991607666,21.709999084472656,7140300
2020-12-30,20.27662467956543,21.8799991607666,21.979999542236328,21.290000915527344,21.420000076293945,7077100
2020-12-31,20.23029136657715,21.82999992370605,21.96999931335449,21.440000534057617,21.46999931335449,7844300
2021-01-04,20.341495513916016,21.950000762939453,22.3799991607666,21.59000015258789,22.07999992370605,8743400
2021-01-05,21.435022354125977,23.1299991607666,23.809999465942383,22.209999084472656,22.21999931335449,16256600
2021-01-06,22.62122917175293,24.40999984741211,25.030000686645508,23.709999084472656,23.959999084472656,19456300
2021-01-07,23.05678367614746,24.8799991607666,25.46999931335449,24.46999931335449,24.540000915527344,14502400
2021-01-08,23.019716262817383,24.84000015258789,25.3700008392334,24.479999542236328,25.0,11951900
2021-01-11,23.15872383117676,24.989999771118164,25.1200008392334,24.049999237060547,24.200000762939453,16877000
2021-01-12,24.22445106506348,26.13999938964844,26.729999542236328,25.170000076293945,25.5,20803200
2021-01-13,23.594284057617188,25.459999084472656,26.450000762939453,25.25,26.18000030517578,11276800
2021-01-14,24.057641983032227,25.959999084472656,26.3799991607666,25.450000762939453,25.530000686645508,10285800
2021-01-15,23.084590911865234,24.90999984741211,25.690000534057617,24.63999938964844,25.450000762939453,13449000
2021-01-19,23.55721664428711,25.420000076293945,25.89999961853028,25.11000061035156,25.200000762939453,21249400
2021-01-20,23.49234199523925,25.350000381469727,25.68000030517578,24.920000076293945,25.549999237060547,10571800
2021-01-21,22.417348861694336,24.190000534057617,25.32999992370605,23.950000762939453,25.1200008392334,21086200
2021-01-22,22.62122917175293,24.40999984741211,24.530000686645508,23.450000762939453,23.709999084472656,13559500
2021-01-25,22.000322341918945,23.739999771118164,24.3700008392334,23.209999084472656,24.3700008392334,15541000
2021-01-26,21.073606491088867,22.739999771118164,24.38999938964844,22.729999542236328,24.06999969482422,20225800
2021-01-27,20.211753845214844,21.809999465942383,22.6200008392334,21.229999542236328,22.450000762939453,17044000
2021-01-28,20.98093032836914,22.63999938964844,22.950000762939453,21.96999931335449,22.1200008392334,12418200
2021-01-29,20.582443237304688,22.209999084472656,22.82999992370605,22.0,22.39999961853028,15573600
2021-02-01,20.53611183166504,22.15999984741211,22.57999992370605,21.799999237060547,22.5,10081500
2021-02-02,20.86046028137207,22.51000022888184,23.09000015258789,22.350000381469727,22.75,11058000
2021-02-03,22.4080810546875,24.18000030517578,24.25,22.63999938964844,22.700000762939453,15843700
2021-02-04,22.991914749145508,24.809999465942383,24.950000762939453,23.739999771118164,24.34000015258789,12894700
2021-02-05,23.17725944519043,25.01000022888184,25.64999961853028,24.86000061035156,25.229999542236328,11370200
2021-02-08,24.08543968200684,25.989999771118164,26.170000076293945,25.34000015258789,25.450000762939453,11496300
2021-02-09,24.094711303710938,26.0,26.299999237060547,25.43000030517578,25.75,10799800
2021-02-10,24.669279098510746,26.6200008392334,26.729999542236328,25.96999931335449,26.239999771118164,11602000
2021-02-11,24.437599182128903,26.3700008392334,26.780000686645508,25.940000534057617,26.38999938964844,9773300
2021-02-12,24.808284759521484,26.770000457763672,26.790000915527344,25.950000762939453,26.059999465942383,9063400
2021-02-16,24.961912155151367,26.809999465942383,27.549999237060547,26.799999237060547,27.0,14337900
2021-02-17,25.01777648925781,26.8700008392334,27.14999961853028,26.350000381469727,27.14999961853028,11554300
2021-02-18,23.81669807434082,25.57999992370605,26.739999771118164,25.549999237060547,26.600000381469727,11173100
2021-02-19,24.319477081298828,26.1200008392334,26.440000534057617,25.559999465942383,25.63999938964844,10063700
2021-02-22,25.64159202575684,27.540000915527344,28.18000030517578,25.979999542236328,26.0,13964700
2021-02-23,25.82780647277832,27.739999771118164,27.89999961853028,26.38999938964844,27.76000022888184,13549000
2021-02-24,27.382688522338867,29.40999984741211,29.68000030517578,27.770000457763672,28.07999992370605,21674000
2021-02-25,26.544727325439453,28.51000022888184,29.8700008392334,28.200000762939453,29.39999961853028,20387400
2021-02-26,25.986087799072266,27.90999984741211,28.350000381469727,26.540000915527344,27.81999969482422,22478700
2021-03-01,26.74024772644043,28.71999931335449,29.100000381469727,28.3700008392334,28.76000022888184,17121600
2021-03-02,26.20022964477539,28.13999938964844,29.200000762939453,28.1200008392334,28.75,13582700
2021-03-03,26.41437339782715,28.3700008392334,29.020000457763672,28.31999969482422,28.34000015258789,20695600
2021-03-04,26.609901428222656,28.57999992370605,29.309999465942383,27.670000076293945,28.700000762939453,21586700
2021-03-05,27.06612205505371,29.06999969482422,29.709999084472656,27.90999984741211,29.670000076293945,26809000
2021-03-08,27.662006378173828,29.709999084472656,30.06999969482422,28.799999237060547,29.36000061035156,14971200
2021-03-09,27.326828002929688,29.350000381469727,29.979999542236328,28.959999084472656,29.790000915527344,20585200
2021-03-10,27.88546371459961,29.950000762939453,30.06999969482422,29.0,29.34000015258789,18685600
2021-03-11,27.37337684631348,29.39999961853028,30.40999984741211,29.32999992370605,30.07999992370605,13239500
2021-03-12,27.01026153564453,29.01000022888184,29.600000381469727,28.8799991607666,29.420000076293945,12829500
2021-03-15,27.11267852783203,29.1200008392334,29.489999771118164,28.65999984741211,29.14999961853028,7888000
2021-03-16,26.1257438659668,28.059999465942383,28.790000915527344,27.82999992370605,28.739999771118164,11347200
2021-03-17,26.3585147857666,28.309999465942383,28.420000076293945,27.56999969482422,27.82999992370605,11302800
2021-03-18,25.37158393859864,27.25,28.799999237060547,27.170000076293945,28.01000022888184,14585300
2021-03-19,25.18536949157715,27.049999237060547,27.600000381469727,26.82999992370605,27.26000022888184,22577500
2021-03-22,25.74401092529297,27.64999961853028,27.8700008392334,26.75,27.049999237060547,19700200
2021-03-23,24.83156013488769,26.670000076293945,27.790000915527344,26.479999542236328,26.979999542236328,14459000
2021-03-24,25.529861450195312,27.420000076293945,28.0,27.15999984741211,27.280000686645508,13642400
2021-03-25,25.51124382019043,27.39999961853028,27.530000686645508,26.190000534057617,26.770000457763672,14595800
2021-03-26,26.3585147857666,28.309999465942383,28.350000381469727,27.600000381469727,27.84000015258789,11722600
2021-03-29,25.79056167602539,27.700000762939453,28.520000457763672,27.489999771118164,28.229999542236328,11397400
2021-03-30,25.343647003173828,27.21999931335449,27.790000915527344,27.13999938964844,27.3799991607666,11439700
2021-03-31,25.315723419189453,27.190000534057617,27.3799991607666,26.90999984741211,27.21999931335449,11046300
2021-04-01,26.162988662719727,28.100000381469727,28.13999938964844,27.11000061035156,27.450000762939453,10463300
2021-04-05,25.6509017944336,27.549999237060547,28.299999237060547,27.350000381469727,28.280000686645508,9880900
2021-04-06,25.548484802246094,27.440000534057617,28.34000015258789,27.38999938964844,27.61000061035156,9306600
2021-04-07,25.46469116210937,27.350000381469727,27.700000762939453,27.14999961853028,27.51000022888184,7973300
2021-04-08,25.19467735290528,27.059999465942383,27.18000030517578,26.440000534057617,27.0,10548700
2021-04-09,24.915359497070312,26.76000022888184,27.229999542236328,26.420000076293945,27.11000061035156,8624800
2021-04-12,24.710525512695312,26.540000915527344,27.100000381469727,26.31999969482422,26.8700008392334,10969200
2021-04-13,24.2449893951416,26.040000915527344,26.46999931335449,25.86000061035156,26.239999771118164,13688500
2021-04-14,25.427446365356445,27.309999465942383,27.780000686645508,26.26000022888184,26.26000022888184,14755400
2021-04-15,24.822250366210938,26.65999984741211,27.36000061035156,26.56999969482422,27.209999084472656,9107100
2021-04-16,24.477760314941406,26.290000915527344,26.959999084472656,26.25,26.88999938964844,9234300
2021-04-19,24.70121192932129,26.530000686645508,26.780000686645508,26.25,26.38999938964844,7711200
2021-04-20,23.509450912475582,25.25,26.32999992370605,25.020000457763672,26.15999984741211,12657300
2021-04-21,23.956361770629883,25.729999542236328,25.790000915527344,24.520000457763672,24.75,13113300
2021-04-22,23.509450912475582,25.25,25.770000457763672,25.200000762939453,25.700000762939453,16091800
2021-04-23,23.93773651123047,25.709999084472656,25.979999542236328,24.56999969482422,24.809999465942383,12875200
2021-04-26,24.552244186401367,26.3700008392334,26.68000030517578,25.75,25.86000061035156,13934000
2021-04-27,24.37533950805664,26.18000030517578,26.61000061035156,25.64999961853028,26.39999961853028,13033500
2021-04-28,25.4739990234375,27.36000061035156,27.489999771118164,26.15999984741211,26.3700008392334,10643900
2021-04-29,25.90229034423828,27.81999969482422,28.09000015258789,27.270000457763672,27.71999931335449,13827900
2021-04-30,25.18536949157715,27.049999237060547,27.809999465942383,26.959999084472656,27.479999542236328,13237300
2021-05-03,26.274717330932617,28.21999931335449,28.5,27.479999542236328,27.530000686645508,12395600
2021-05-04,26.43299674987793,28.38999938964844,28.68000030517578,27.82999992370605,28.239999771118164,15195400
2021-05-05,28.248579025268555,30.34000015258789,30.350000381469727,28.56999969482422,28.770000457763672,22805400
2021-05-06,28.6116943359375,30.729999542236328,30.770000457763672,29.6200008392334,30.229999542236328,15034800
2021-05-07,29.69173049926757,31.88999938964844,32.0,30.190000534057617,30.290000915527344,16483400
2021-05-10,29.44965171813965,31.6299991607666,32.869998931884766,31.61000061035156,32.220001220703125,16905900
2021-05-11,29.10516357421875,31.26000022888184,31.56999969482422,30.63999938964844,30.93000030517578,18232800
2021-05-12,29.887256622314453,32.099998474121094,32.63999938964844,31.25,31.350000381469727,23375400
2021-05-13,29.570697784423828,31.76000022888184,32.470001220703125,31.31999969482422,31.68000030517578,16385800
2021-05-14,30.548316955566406,32.810001373291016,32.97999954223633,32.189998626708984,32.2400016784668,11637200
2021-05-17,31.702836990356445,34.04999923706055,34.099998474121094,32.400001525878906,32.529998779296875,14531300
2021-05-18,30.790395736694336,33.06999969482422,34.33000183105469,33.0099983215332,34.119998931884766,12438600
2021-05-19,29.794151306152344,32.0,32.52000045776367,31.65999984741211,32.400001525878906,13633600
2021-05-20,29.58000373840332,31.770000457763672,32.0,31.200000762939453,31.989999771118164,12478300
2021-05-21,29.74759864807129,31.950000762939453,32.459999084472656,31.86000061035156,32.27000045776367,8573800
2021-05-24,29.51483726501465,31.700000762939453,32.130001068115234,31.559999465942383,32.130001068115234,9755900
2021-05-25,29.0865421295166,31.239999771118164,31.809999465942383,31.07999992370605,31.6299991607666,10064400
2021-05-26,29.37517166137696,31.549999237060547,31.84000015258789,30.96999931335449,31.1299991607666,9358100
2021-05-27,29.179649353027344,31.34000015258789,32.029998779296875,31.309999465942383,31.81999969482422,14893200
2021-05-28,29.170333862304688,31.32999992370605,31.64999961853028,31.09000015258789,31.63999938964844,8307800
2021-06-01,30.782859802246094,32.93000030517578,33.09000015258789,31.950000762939453,31.959999084472656,15701900
2021-06-02,33.14789581298828,35.459999084472656,35.599998474121094,32.709999084472656,33.38999938964844,28422100
2021-06-03,34.1387825012207,36.52000045776367,36.58000183105469,35.20000076293945,35.25,19992700
2021-06-04,34.0452995300293,36.41999816894531,36.869998931884766,35.56999969482422,36.61000061035156,13756400
2021-06-07,33.493778228759766,35.83000183105469,36.77999877929688,35.65999984741211,36.52000045776367,10082500
2021-06-08,33.559207916259766,35.900001525878906,36.209999084472656,35.220001220703125,35.59000015258789,12822000
2021-06-09,33.42833709716797,35.7599983215332,36.13999938964844,35.4900016784668,35.90999984741211,9229900
2021-06-10,32.661800384521484,34.939998626708984,36.22999954223633,34.7400016784668,36.15999984741211,11364300
2021-06-11,32.61505889892578,34.88999938964844,35.65999984741211,34.7599983215332,35.380001068115234,7243600
2021-06-14,31.82983016967773,34.04999923706055,35.16999816894531,33.7599983215332,34.869998931884766,10015500
2021-06-15,31.960702896118164,34.189998626708984,34.720001220703125,34.0,34.060001373291016,9834000
2021-06-16,31.820486068725582,34.040000915527344,34.65999984741211,33.529998779296875,33.849998474121094,10924400
2021-06-17,30.352855682373047,32.470001220703125,34.2599983215332,31.88999938964844,33.970001220703125,14511300
2021-06-18,29.249794006347656,31.290000915527344,32.09000015258789,31.280000686645508,31.790000915527344,24774200
2021-06-21,30.96047019958496,33.119998931884766,33.2400016784668,31.670000076293945,31.75,11198400
2021-06-22,30.86699485778809,33.02000045776367,33.36000061035156,32.630001068115234,32.84000015258789,7675200
2021-06-23,30.73611831665039,32.880001068115234,34.08000183105469,32.869998931884766,33.54999923706055,8113100
2021-06-24,31.091346740722656,33.2599983215332,33.349998474121094,32.529998779296875,33.04999923706055,6238300
2021-06-25,31.17547607421875,33.349998474121094,33.4900016784668,33.060001373291016,33.310001373291016,7823400
2021-06-28,29.93219757080078,32.02000045776367,33.2400016784668,31.770000457763672,33.150001525878906,11191500
2021-06-29,29.801326751708984,31.8799991607666,32.65999984741211,31.84000015258789,32.279998779296875,7321600
2021-06-30,29.9228458404541,32.0099983215332,32.380001068115234,31.8700008392334,32.099998474121094,10883200
2021-07-01,30.91373443603516,33.06999969482422,33.560001373291016,32.779998779296875,33.0,9819000
2021-07-02,30.65199279785156,32.790000915527344,32.93000030517578,32.529998779296875,32.79999923706055,7582700
2021-07-06,29.13762092590332,31.170000076293945,32.970001220703125,31.040000915527344,32.970001220703125,13943600
2021-07-07,28.67956924438477,30.68000030517578,31.36000061035156,30.06999969482422,31.1200008392334,10579700
2021-07-08,28.539350509643555,30.530000686645508,30.850000381469727,29.8700008392334,29.959999084472656,8903000
2021-07-09,29.15631675720215,31.190000534057617,31.540000915527344,30.63999938964844,31.0,8547300
2021-07-12,29.18435859680176,31.21999931335449,31.51000022888184,30.5,30.770000457763672,5799700
2021-07-13,28.614131927490234,30.61000061035156,31.1299991607666,30.459999084472656,30.920000076293945,8169700
2021-07-14,27.623247146606445,29.549999237060547,31.450000762939453,29.32999992370605,30.979999542236328,11845600
2021-07-15,26.85671615600586,28.729999542236328,29.61000061035156,28.530000686645508,29.229999542236328,12341400
2021-07-16,26.05278778076172,27.8700008392334,29.200000762939453,27.600000381469727,29.1299991607666,12381500
2021-07-19,24.912336349487305,26.64999961853028,26.920000076293945,25.90999984741211,26.530000686645508,18636600
2021-07-20,25.463865280151367,27.239999771118164,27.670000076293945,26.440000534057617,26.700000762939453,11854700
2021-07-21,26.57627487182617,28.43000030517578,28.68000030517578,28.020000457763672,28.030000686645508,12423400
2021-07-22,26.15561294555664,27.979999542236328,28.459999084472656,27.71999931335449,28.34000015258789,11761400
2021-07-23,26.557580947875977,28.40999984741211,28.780000686645508,27.6200008392334,28.280000686645508,12759200
2021-07-26,27.53911781311035,29.459999084472656,29.6299991607666,28.670000076293945,29.06999969482422,12815500
2021-07-27,27.27737045288086,29.18000030517578,29.440000534057617,28.540000915527344,29.030000686645508,9333500
2021-07-28,27.408239364624023,29.31999969482422,29.68000030517578,28.809999465942383,29.290000915527344,7088100
2021-07-29,27.707380294799805,29.63999938964844,29.979999542236328,29.32999992370605,29.86000061035156,7420800
2021-07-30,26.950193405151367,28.82999992370605,29.549999237060547,28.64999961853028,29.34000015258789,9241600
2021-08-02,26.64171028137207,28.5,29.709999084472656,28.39999961853028,28.850000381469727,12466300
2021-08-03,27.01563262939453,28.89999961853028,28.920000076293945,27.690000534057617,28.309999465942383,8724900
2021-08-04,25.82843971252441,27.6299991607666,28.75,27.61000061035156,28.51000022888184,14324200
2021-08-05,26.099529266357425,27.920000076293945,28.309999465942383,27.57999992370605,27.86000061035156,10146900
2021-08-06,26.56692886352539,28.420000076293945,28.75,28.15999984741211,28.350000381469727,6061000
2021-08-09,26.164962768554688,27.989999771118164,28.1299991607666,27.440000534057617,27.780000686645508,7758700
2021-08-10,26.56692886352539,28.420000076293945,28.6200008392334,28.06999969482422,28.190000534057617,9416000
2021-08-11,27.090415954589844,28.979999542236328,29.13999938964844,28.15999984741211,28.3799991607666,7649400
2021-08-12,26.688451766967773,28.549999237060547,29.030000686645508,28.100000381469727,28.739999771118164,7432700
2021-08-13,26.50149154663086,28.350000381469727,28.6299991607666,28.18000030517578,28.530000686645508,7430800
2021-08-16,25.96866035461425,27.780000686645508,27.979999542236328,27.3700008392334,27.93000030517578,9864300
2021-08-17,25.417131423950195,27.190000534057617,27.84000015258789,26.799999237060547,27.479999542236328,10539800
2021-08-18,25.06190299987793,26.809999465942383,27.540000915527344,26.790000915527344,27.26000022888184,9697100
2021-08-19,24.71603012084961,26.440000534057617,26.5,25.89999961853028,26.14999961853028,18962600
2021-08-20,24.734724044799805,26.459999084472656,26.57999992370605,25.920000076293945,26.100000381469727,12082300
2021-08-23,25.69756507873535,27.489999771118164,27.690000534057617,26.89999961853028,26.989999771118164,8298000
2021-08-24,26.37996864318848,28.21999931335449,28.46999931335449,27.68000030517578,27.690000534057617,8183200
2021-08-25,26.594970703125,28.450000762939453,28.770000457763672,27.920000076293945,28.21999931335449,6545200
2021-08-26,26.29583740234375,28.1299991607666,28.600000381469727,28.020000457763672,28.25,6150300
2021-08-27,27.18389320373535,29.07999992370605,29.299999237060547,28.479999542236328,28.479999542236328,7534300
2021-08-30,26.43605613708496,28.280000686645508,29.34000015258789,28.239999771118164,29.270000457763672,6887200
2021-08-31,26.32807922363281,28.040000915527344,28.489999771118164,27.88999938964844,27.959999084472656,9872700
2021-09-01,26.2717399597168,27.979999542236328,28.39999961853028,27.809999465942383,28.06999969482422,9724400
2021-09-02,26.863279342651367,28.61000061035156,28.76000022888184,28.209999084472656,28.309999465942383,9514100
2021-09-03,26.375024795532227,28.09000015258789,28.75,27.93000030517578,28.540000915527344,6174700
2021-09-07,26.13089942932129,27.82999992370605,28.200000762939453,27.3799991607666,27.6200008392334,8178400
2021-09-08,25.03232955932617,26.65999984741211,28.1299991607666,26.600000381469727,27.959999084472656,13279700
2021-09-09,24.994773864746094,26.6200008392334,27.239999771118164,26.440000534057617,26.59000015258789,10975000
2021-09-10,25.14500617980957,26.780000686645508,27.1299991607666,26.479999542236328,27.040000915527344,7712200
2021-09-13,26.393802642822266,28.11000061035156,28.25,27.25,27.270000457763672,9877900
2021-09-14,25.980669021606445,27.670000076293945,28.489999771118164,27.549999237060547,28.46999931335449,7106200
2021-09-15,27.45481300354004,29.239999771118164,29.299999237060547,28.030000686645508,28.200000762939453,11912200
2021-09-16,27.098011016845703,28.86000061035156,29.290000915527344,28.559999465942383,28.989999771118164,8079200
2021-09-17,26.581592559814453,28.309999465942383,29.26000022888184,28.0,28.700000762939453,17376500
2021-09-20,25.5863094329834,27.25,27.709999084472656,26.709999084472656,27.3700008392334,10708200
2021-09-21,25.28584861755371,26.93000030517578,27.780000686645508,26.63999938964844,27.61000061035156,10499100
2021-09-22,25.49241828918457,27.14999961853028,27.809999465942383,27.1200008392334,27.51000022888184,10547600
2021-09-23,27.116792678833008,28.8799991607666,29.1299991607666,27.229999542236328,27.31999969482422,13562300
2021-09-24,27.23885726928711,29.01000022888184,29.3700008392334,28.56999969482422,28.709999084472656,7414100
2021-09-27,28.346811294555664,30.190000534057617,30.63999938964844,29.76000022888184,29.799999237060547,13469000
2021-09-28,29.02285957336425,30.90999984741211,31.57999992370605,30.65999984741211,30.809999465942383,19922800
2021-09-29,28.47826766967773,30.32999992370605,30.959999084472656,30.13999938964844,30.959999084472656,13176500
2021-09-30,27.83039093017578,29.63999938964844,30.350000381469727,29.40999984741211,30.270000457763672,13322800
2021-10-01,28.50643920898437,30.36000061035156,31.6299991607666,29.600000381469727,29.84000015258789,12079600
2021-10-04,28.994686126708984,30.8799991607666,31.46999931335449,30.64999961853028,30.93000030517578,16285600
2021-10-05,28.722396850585938,30.59000015258789,31.690000534057617,30.549999237060547,31.26000022888184,12264600
2021-10-06,28.11207389831543,29.940000534057617,30.540000915527344,29.479999542236328,30.09000015258789,12070700
2021-10-07,29.126140594482425,31.020000457763672,31.200000762939453,30.549999237060547,30.6299991607666,15928000
2021-10-08,29.727069854736328,31.65999984741211,31.959999084472656,31.1200008392334,31.38999938964844,11854100
2021-10-11,30.478221893310547,32.459999084472656,33.2400016784668,32.04999923706055,32.290000915527344,16941800
2021-10-12,30.8725814819336,32.880001068115234,33.459999084472656,32.220001220703125,32.45000076293945,18377900
2021-10-13,30.75990295410156,32.7599983215332,32.93000030517578,31.89999961853028,32.459999084472656,12504100
2021-10-14,31.473508834838867,33.52000045776367,33.58000183105469,32.939998626708984,33.2599983215332,8671200
2021-10-15,31.9242000579834,34.0,34.209999084472656,33.7599983215332,33.97999954223633,9352100
2021-10-18,32.07443618774414,34.15999984741211,34.63999938964844,33.810001373291016,34.13999938964844,11548300
2021-10-19,32.431236267089844,34.540000915527344,34.77000045776367,33.70000076293945,34.400001525878906,10417100
2021-10-20,32.61902618408203,34.7400016784668,34.7599983215332,33.79999923706055,34.029998779296875,10818700
2021-10-21,32.20588684082031,34.29999923706055,34.61000061035156,33.849998474121094,34.349998474121094,12151400
2021-10-22,31.83970069885254,33.90999984741211,34.54999923706055,33.38999938964844,33.849998474121094,12077000
2021-10-25,32.26222229003906,34.36000061035156,34.77000045776367,34.029998779296875,34.43000030517578,9768400
2021-10-26,32.1683235168457,34.2599983215332,34.9900016784668,34.2400016784668,34.70000076293945,11666500
2021-10-27,30.553342819213867,32.540000915527344,34.18000030517578,32.4900016784668,33.869998931884766,13929600
2021-10-28,31.26694107055664,33.29999923706055,33.310001373291016,32.5,32.52000045776367,11364300
2021-10-29,30.29043769836425,32.2599983215332,33.189998626708984,32.16999816894531,33.189998626708984,13940600
2021-11-01,31.26694107055664,33.29999923706055,33.56999969482422,32.58000183105469,32.75,8514000
2021-11-02,31.17304420471192,33.20000076293945,33.59000015258789,32.90999984741211,33.0,7293900
2021-11-03,30.966476440429688,32.97999954223633,33.369998931884766,32.189998626708984,32.560001373291016,10448800
2021-11-04,31.1260986328125,33.150001525878906,33.7400016784668,32.7400016784668,33.619998931884766,12516200
2021-11-05,31.464115142822266,33.5099983215332,34.060001373291016,33.43000030517578,33.70000076293945,11279200
2021-11-08,32.20588684082031,34.29999923706055,34.63999938964844,33.560001373291016,33.689998626708984,14225900
2021-11-09,32.05564880371094,34.13999938964844,34.290000915527344,33.31999969482422,34.209999084472656,10925500
2021-11-10,30.73173713684082,32.72999954223633,34.08000183105469,32.4900016784668,33.939998626708984,10311700
2021-11-11,30.7786865234375,32.779998779296875,33.130001068115234,32.599998474121094,32.880001068115234,6363900
2021-11-12,30.75990295410156,32.7599983215332,32.869998931884766,32.34000015258789,32.47999954223633,7346100
2021-11-15,30.722352981567383,32.720001220703125,32.95000076293945,32.220001220703125,32.689998626708984,8358900
2021-11-16,30.88196563720703,32.88999938964844,33.349998474121094,32.470001220703125,32.81999969482422,7683800
2021-11-17,30.10264587402344,32.060001373291016,33.060001373291016,31.82999992370605,32.5099983215332,9716800
2021-11-18,29.914857864379883,31.86000061035156,32.33000183105469,31.299999237060547,31.979999542236328,8860200
2021-11-19,28.21536064147949,30.049999237060547,31.209999084472656,29.8799991607666,31.200000762939453,19098700
2021-11-22,28.487653732299805,30.34000015258789,30.89999961853028,29.950000762939453,30.01000022888184,12772600
2021-11-23,29.27636909484864,31.18000030517578,31.559999465942383,30.81999969482422,30.920000076293945,10914800
2021-11-24,29.49232482910156,31.40999984741211,31.93000030517578,30.81999969482422,30.81999969482422,9490500
2021-11-26,27.8867301940918,29.700000762939453,29.809999465942383,28.40999984741211,29.25,12412300
2021-11-29,27.83978080749512,29.64999961853028,30.739999771118164,29.530000686645508,30.440000534057617,12588500
2021-11-30,27.043014526367188,28.68000030517578,29.36000061035156,28.34000015258789,28.920000076293945,39947700
2021-12-01,26.7601375579834,28.3799991607666,29.959999084472656,28.34000015258789,29.57999992370605,14888300
2021-12-02,27.6464786529541,29.31999969482422,29.489999771118164,28.059999465942383,28.459999084472656,12517300
2021-12-03,27.571048736572266,29.239999771118164,29.950000762939453,28.809999465942383,29.82999992370605,9816300
2021-12-06,28.29709815979004,30.01000022888184,30.43000030517578,29.3700008392334,29.75,8977600
2021-12-07,29.00429344177246,30.76000022888184,31.1200008392334,30.34000015258789,30.5,9153800
2021-12-08,29.287166595458984,31.059999465942383,31.270000457763672,30.670000076293945,30.920000076293945,8963300
2021-12-09,28.872285842895508,30.6200008392334,30.739999771118164,30.280000686645508,30.530000686645508,6726700
2021-12-10,29.221166610717773,30.989999771118164,31.170000076293945,30.39999961853028,31.09000015258789,7445900
2021-12-13,28.12737464904785,29.82999992370605,30.76000022888184,29.59000015258789,30.559999465942383,8387000
2021-12-14,27.97650718688965,29.670000076293945,30.280000686645508,29.559999465942383,29.690000534057617,8515900
2021-12-15,27.637056350708008,29.309999465942383,29.65999984741211,28.530000686645508,29.59000015258789,9370000
2021-12-16,28.00479316711425,29.700000762939453,30.459999084472656,29.57999992370605,29.709999084472656,8547600
2021-12-17,27.31645965576172,28.96999931335449,29.6200008392334,28.63999938964844,29.57999992370605,17089100
2021-12-20,26.84499931335449,28.46999931335449,28.549999237060547,27.64999961853028,28.100000381469727,10479400
2021-12-21,27.76906394958496,29.450000762939453,29.600000381469727,28.81999969482422,28.950000762939453,8440200
2021-12-22,27.81621360778809,29.5,29.75,29.030000686645508,29.40999984741211,9699500
2021-12-23,27.882213592529297,29.56999969482422,29.8799991607666,29.43000030517578,29.5,7160100
2021-12-27,28.13680076599121,29.84000015258789,29.86000061035156,28.959999084472656,29.51000022888184,6891400
2021-12-28,28.39138984680176,30.11000061035156,30.239999771118164,29.700000762939453,29.799999237060547,7146300
2021-12-29,27.9576473236084,29.64999961853028,30.049999237060547,29.51000022888184,29.950000762939453,6817700
2021-12-30,28.1179428100586,29.81999969482422,30.049999237060547,29.63999938964844,29.700000762939453,7205000
2021-12-31,28.24052619934082,29.950000762939453,30.15999984741211,29.489999771118164,29.56999969482422,7785200
2022-01-03,29.90949440002441,31.71999931335449,31.96999931335449,29.979999542236328,30.06999969482422,18781000
2022-01-04,31.3615951538086,33.2599983215332,33.529998779296875,32.130001068115234,32.13999938964844,17954000
2022-01-05,31.3615951538086,33.2599983215332,34.06999969482422,33.2400016784668,33.619998931884766,15846900
2022-01-06,32.10650634765625,34.04999923706055,34.41999816894531,33.439998626708984,34.369998931884766,11163900
2022-01-07,33.03056716918945,35.029998779296875,35.13999938964844,34.0,34.02000045776367,14324300
2022-01-10,33.11543655395508,35.119998931884766,35.38999938964844,34.47999954223633,34.970001220703125,15515600
2022-01-11,34.39781188964844,36.47999954223633,36.52999877929688,35.22999954223633,35.400001525878906,15432500
2022-01-12,34.36952209472656,36.45000076293945,36.7599983215332,35.95000076293945,36.52000045776367,13196800
2022-01-13,34.105499267578125,36.16999816894531,37.119998931884766,36.02999877929688,36.470001220703125,12799600
2022-01-14,35.651893615722656,37.810001373291016,37.900001525878906,36.130001068115234,36.22999954223633,17414000
2022-01-18,35.397308349609375,37.540000915527344,38.52999877929688,36.9900016784668,38.11000061035156,19101100
2022-01-19,34.982421875,37.09999847412109,37.9900016784668,36.630001068115234,37.83000183105469,11154600
2022-01-20,34.93526840209961,37.04999923706055,38.33000183105469,36.66999816894531,36.66999816894531,14720200
2022-01-21,34.28465270996094,36.36000061035156,37.59999847412109,35.68000030517578,37.54999923706055,15762200
2022-01-24,34.51095962524414,36.59999847412109,36.68000030517578,34.68000030517578,35.290000915527344,17956500
2022-01-25,36.575958251953125,38.790000915527344,39.0,35.7599983215332,36.5099983215332,24167100
2022-01-26,37.5283088684082,39.79999923706055,40.27999877929688,38.41999816894531,39.060001373291016,25985100
2022-01-27,36.64196395874024,38.86000061035156,41.040000915527344,38.220001220703125,40.2599983215332,24350400
2022-01-28,37.415164947509766,39.68000030517578,40.34000015258789,38.68999862670898,38.91999816894531,18155000
2022-01-31,36.83998107910156,39.06999969482422,39.58000183105469,38.630001068115234,39.22999954223633,16444600
2022-02-01,37.26428985595703,39.52000045776367,39.86000061035156,38.43999862670898,38.77000045776367,18792000
2022-02-02,37.00970077514648,39.25,39.56999969482422,38.63999938964844,39.56999969482422,16356600
2022-02-03,36.37794494628906,38.58000183105469,39.43000030517578,38.40999984741211,39.43000030517578,12302100
2022-02-04,36.31193542480469,38.5099983215332,39.59999847412109,38.5099983215332,39.02000045776367,19955400
2022-02-07,37.97148132324219,40.27000045776367,40.880001068115234,38.040000915527344,38.2400016784668,20523700
2022-02-08,36.793888092041016,38.900001525878906,40.13999938964844,38.58000183105469,40.04999923706055,13575900
2022-02-09,37.26681137084961,39.400001525878906,39.720001220703125,38.86000061035156,39.0099983215332,12472500
2022-02-10,37.04927444458008,39.16999816894531,40.560001373291016,38.93999862670898,39.18000030517578,11082700
2022-02-11,38.4207649230957,40.619998931884766,40.7400016784668,39.09000015258789,39.40999984741211,15533600
2022-02-14,37.17223739624024,39.29999923706055,40.43000030517578,39.0,40.400001525878906,12804400
2022-02-15,37.919464111328125,40.09000015258789,40.18000030517578,38.119998931884766,38.43999862670898,14924600
2022-02-16,39.43282699584961,41.68999862670898,42.63999938964844,40.650001525878906,40.66999816894531,21249800
2022-02-17,38.88423156738281,41.11000061035156,41.54999923706055,40.810001373291016,41.09000015258789,9526500
2022-02-18,38.03295516967773,40.209999084472656,41.11000061035156,39.709999084472656,40.4900016784668,11301500
2022-02-22,37.40869522094727,39.54999923706055,41.560001373291016,38.959999084472656,41.43000030517578,20930000
2022-02-23,37.588417053222656,39.7400016784668,40.380001068115234,39.38999938964844,39.79999923706055,9462300
2022-02-24,36.24528503417969,38.31999969482422,39.97999954223633,37.290000915527344,39.7400016784668,21602400
2022-02-25,37.314109802246094,39.45000076293945,39.59999847412109,38.290000915527344,38.43999862670898,11382000
2022-02-28,37.115482330322266,39.2400016784668,39.27000045776367,37.970001220703125,38.880001068115234,14946300
2022-03-01,35.63048553466797,37.66999816894531,39.91999816894531,36.66999816894531,39.63999938964844,20586200
2022-03-02,37.115482330322266,39.2400016784668,39.470001220703125,38.18999862670898,38.56999969482422,16209100
2022-03-03,36.43446350097656,38.52000045776367,38.83000183105469,37.52000045776367,38.630001068115234,22756100
2022-03-04,36.83172225952149,38.93999862670898,39.06999969482422,37.70000076293945,38.150001525878906,22922900
2022-03-07,39.82062911987305,42.09999847412109,43.400001525878906,39.380001068115234,39.4900016784668,29778900
2022-03-08,42.63930130004883,45.08000183105469,46.27000045776367,43.04999923706055,43.04999923706055,41068100
2022-03-09,40.25573348999024,42.560001373291016,44.27999877929688,41.5,43.38999938964844,30347200
2022-03-10,41.05025100708008,43.400001525878906,43.720001220703125,42.09000015258789,43.09999847412109,15498300
2022-03-11,40.57732391357422,42.900001525878906,43.70000076293945,42.43999862670898,42.68000030517578,13251200
2022-03-14,39.300411224365234,41.54999923706055,42.06999969482422,40.84000015258789,42.06999969482422,14389400
2022-03-15,37.13439178466797,39.2599983215332,40.54999923706055,38.68999862670898,39.81999969482422,17239000
2022-03-16,35.82912063598633,37.880001068115234,39.880001068115234,37.59999847412109,39.369998931884766,27499200
2022-03-17,37.37085723876953,39.5099983215332,39.84000015258789,38.310001373291016,38.75,37986300
2022-03-18,37.57895278930664,39.72999954223633,40.290000915527344,39.13999938964844,39.45000076293945,28267600
2022-03-21,38.959903717041016,41.18999862670898,41.4900016784668,40.52000045776367,40.66999816894531,19283700
2022-03-22,38.969364166259766,41.20000076293945,42.0099983215332,40.869998931884766,41.20000076293945,15467100
2022-03-23,40.11385345458984,42.40999984741211,42.869998931884766,41.9900016784668,42.119998931884766,19967500
2022-03-24,40.33140182495117,42.63999938964844,43.720001220703125,42.310001373291016,42.4900016784668,16281400
2022-03-25,41.315086364746094,43.68000030517578,43.70000076293945,42.27000045776367,42.470001220703125,12252900
2022-03-28,39.47066879272461,41.72999954223633,42.63999938964844,41.43999862670898,42.59999847412109,13984200
2022-03-29,40.32194137573242,42.630001068115234,42.79999923706055,40.18999862670898,40.4900016784668,13207500
2022-03-30,39.9246826171875,42.209999084472656,43.45000076293945,41.95000076293945,42.83000183105469,10201700
2022-03-31,39.07341003417969,41.310001373291016,42.40999984741211,41.2400016784668,41.68999862670898,11618700
2022-04-01,39.43282699584961,41.68999862670898,42.470001220703125,41.18000030517578,41.20000076293945,12210600
2022-04-04,39.300411224365234,41.54999923706055,42.27000045776367,40.7400016784668,41.91999816894531,10618200
2022-04-05,38.26942825317383,40.459999084472656,42.36000061035156,40.380001068115234,41.470001220703125,10473900
2022-04-06,38.57210159301758,40.77999877929688,41.34000015258789,40.31999969482422,40.970001220703125,8726600
2022-04-07,38.75181198120117,40.970001220703125,41.459999084472656,39.7400016784668,41.0099983215332,8895800
2022-04-08,40.24627685546875,42.54999923706055,42.720001220703125,41.11000061035156,41.33000183105469,10526400
2022-04-11,39.09232711791992,41.33000183105469,42.63999938964844,41.27000045776367,42.63999938964844,7999000
2022-04-12,39.281497955322266,41.52999877929688,42.90999984741211,41.29999923706055,41.9900016784668,8112800
2022-04-13,40.26518249511719,42.56999969482422,42.66999816894531,41.5099983215332,42.09999847412109,8596100
2022-04-14,40.90837097167969,43.25,43.470001220703125,42.13999938964844,42.36000061035156,10714500
2022-04-18,41.315086364746094,43.68000030517578,44.43999862670898,43.150001525878906,43.54999923706055,11127900
2022-04-19,41.07863235473633,43.43000030517578,44.5099983215332,43.0,43.130001068115234,10033700
2022-04-20,40.36922836303711,42.68000030517578,43.869998931884766,41.77999877929688,43.56999969482422,11945100
2022-04-21,38.44913864135742,40.650001525878906,43.43000030517578,40.119998931884766,43.34000015258789,18181500
2022-04-22,39.39500045776367,41.650001525878906,43.4900016784668,39.68999862670898,39.970001220703125,20746000
2022-04-25,36.59526062011719,38.68999862670898,40.02999877929688,36.95000076293945,40.0,23976100
2022-04-26,37.39923095703125,39.540000915527344,40.630001068115234,38.02000045776367,38.79999923706055,19941000
2022-04-27,37.78704071044922,39.95000076293945,40.459999084472656,39.290000915527344,40.150001525878906,10619400
2022-04-28,37.93837356567383,40.11000061035156,40.4900016784668,38.540000915527344,40.36000061035156,11502600
2022-04-29,36.8979377746582,39.0099983215332,40.90999984741211,38.83000183105469,40.52000045776367,10611900
2022-05-02,36.99251556396485,39.11000061035156,39.52000045776367,38.16999816894531,38.34000015258789,11445200
2022-05-03,37.97621154785156,40.150001525878906,40.4900016784668,38.90999984741211,38.9900016784668,8876500
2022-05-04,40.2935676574707,42.59999847412109,42.68999862670898,40.45000076293945,41.290000915527344,11713700
2022-05-05,39.80172348022461,42.08000183105469,43.43000030517578,41.41999816894531,43.2400016784668,16281500
2022-05-06,40.70027542114258,43.02999877929688,43.59999847412109,41.5099983215332,42.58000183105469,12396000
2022-05-09,35.98044967651367,38.040000915527344,42.16999816894531,38.02999877929688,41.84000015258789,14845900
2022-05-10,35.83857345581055,37.88999938964844,39.150001525878906,36.959999084472656,38.470001220703125,11063400
2022-05-11,36.29258346557617,38.369998931884766,39.93000030517578,38.2599983215332,38.41999816894531,11569100
2022-05-12,36.91685104370117,39.02999877929688,39.06999969482422,37.08000183105469,37.97999954223633,13434300
2022-05-13,38.534271240234375,40.7400016784668,40.83000183105469,39.56999969482422,39.68999862670898,9798900
2022-05-16,39.85846710205078,42.13999938964844,42.58000183105469,40.79999923706055,40.86000061035156,10181600
2022-05-17,40.62461853027344,42.95000076293945,43.43000030517578,42.40999984741211,42.52000045776367,9936900
2022-05-18,38.90316009521485,41.130001068115234,43.52000045776367,40.52000045776367,43.34000015258789,9734900
2022-05-19,38.6383056640625,40.84999847412109,41.41999816894531,40.0099983215332,40.040000915527344,12123900
2022-05-20,38.8936882019043,41.119998931884766,42.06999969482422,40.43000030517578,41.38999938964844,9870700
2022-05-23,41.43805694580078,43.810001373291016,43.9900016784668,41.459999084472656,41.90999984741211,13288000
2022-05-24,41.52317428588867,43.900001525878906,44.20000076293945,42.459999084472656,42.970001220703125,11259800
2022-05-25,42.61091613769531,45.04999923706055,45.310001373291016,43.56999969482422,43.70000076293945,17205000
2022-05-26,44.16212463378906,46.68999862670898,47.08000183105469,45.40999984741211,45.5,16282900
2022-05-27,45.59983444213867,48.209999084472656,48.41999816894531,46.130001068115234,46.2599983215332,13950700
2022-05-31,43.63002014160156,45.959999084472656,48.68999862670898,45.43000030517578,48.68999862670898,28706600
2022-06-01,44.31352233886719,46.68000030517578,47.33000183105469,46.0,47.040000915527344,15207500
2022-06-02,43.95278549194336,46.29999923706055,46.869998931884766,45.91999816894531,46.709999084472656,8155100
2022-06-03,45.0634651184082,47.470001220703125,47.72999954223633,46.33000183105469,46.40999984741211,8854400
2022-06-06,44.82614517211914,47.220001220703125,48.0,46.880001068115234,47.790000915527344,6697000
2022-06-07,46.44945907592773,48.93000030517578,49.08000183105469,46.869998931884766,47.0,14735800
2022-06-08,47.057010650634766,49.56999969482422,49.83000183105469,48.08000183105469,49.0,15101200
2022-06-09,45.69950485229492,48.13999938964844,49.15999984741211,48.09999847412109,48.790000915527344,11473800
2022-06-10,44.816654205322266,47.209999084472656,47.880001068115234,46.52000045776367,47.16999816894531,11294000
2022-06-13,42.07316970825195,44.31999969482422,45.560001373291016,43.54999923706055,45.31999969482422,12470100
2022-06-14,41.0289306640625,43.220001220703125,45.40999984741211,42.5099983215332,45.040000915527344,13488800
2022-06-15,39.41510391235352,41.52000045776367,43.59000015258789,41.150001525878906,43.59000015258789,15091800
2022-06-16,36.52922439575195,38.47999954223633,40.65999984741211,38.31999969482422,40.52999877929688,21591700
2022-06-17,34.782501220703125,36.63999938964844,39.150001525878906,36.470001220703125,38.59999847412109,32283000
2022-06-21,36.85198974609375,38.81999969482422,39.27000045776367,37.61000061035156,37.88999938964844,18172900
2022-06-22,35.61789321899414,37.52000045776367,38.31999969482422,36.09000015258789,36.470001220703125,17335000
2022-06-23,33.20665740966797,34.97999954223633,37.7599983215332,34.369998931884766,37.66999816894531,28165700
2022-06-24,33.28261184692383,35.060001373291016,36.5,34.65999984741211,35.220001220703125,22910700
2022-06-27,34.070526123046875,35.88999938964844,35.97999954223633,34.91999816894531,35.779998779296875,29428500
2022-06-28,35.09577941894531,36.970001220703125,37.72999954223633,36.470001220703125,36.810001373291016,13896200
2022-06-29,34.345821380615234,36.18000030517578,37.630001068115234,35.95000076293945,37.52000045776367,12475300
2022-06-30,33.94712448120117,35.7599983215332,36.93999862670898,35.31999969482422,35.36000061035156,15332400
2022-07-01,33.84269332885742,35.650001525878906,36.040000915527344,34.11000061035156,35.959999084472656,10823800
2022-07-05,31.64030838012696,33.33000183105469,35.150001525878906,32.70000076293945,34.529998779296875,17642100
2022-07-06,31.070730209350582,32.72999954223633,33.619998931884766,31.6299991607666,32.88999938964844,13030900
2022-07-07,32.63707733154297,34.380001068115234,34.93000030517578,33.779998779296875,33.939998626708984,10077500
2022-07-08,32.58012008666992,34.31999969482422,35.220001220703125,33.880001068115234,34.90999984741211,11027700
2022-07-11,31.67828369140625,33.369998931884766,33.970001220703125,33.08000183105469,33.619998931884766,8918700
2022-07-12,31.070730209350582,32.72999954223633,33.18000030517578,32.09000015258789,32.16999816894531,10281400
2022-07-13,30.653038024902344,32.290000915527344,33.43000030517578,32.02000045776367,32.18000030517578,9137200
2022-07-14,29.74170112609864,31.32999992370605,31.440000534057617,30.64999961853028,31.0,14827800
2022-07-15,30.662527084350582,32.29999923706055,32.36000061035156,31.34000015258789,32.060001373291016,10672600
2022-07-18,31.4504451751709,33.130001068115234,33.56999969482422,32.900001525878906,33.20000076293945,11493100
2022-07-19,32.485198974609375,34.220001220703125,34.34000015258789,33.08000183105469,33.08000183105469,10867200
2022-07-20,32.40924072265625,34.13999938964844,34.25,33.2599983215332,33.54999923706055,9984500
2022-07-21,31.925106048583984,33.630001068115234,33.63999938964844,32.2599983215332,32.97999954223633,14583000
2022-07-22,33.292091369628906,35.06999969482422,36.4900016784668,34.849998474121094,35.40999984741211,19748000
2022-07-25,34.33633041381836,36.16999816894531,36.2599983215332,35.0099983215332,35.650001525878906,13120000
2022-07-26,33.795223236083984,35.599998474121094,37.11000061035156,35.04999923706055,36.79999923706055,17232100
2022-07-27,34.488224029541016,36.33000183105469,36.619998931884766,35.540000915527344,36.040000915527344,11075300
2022-07-28,33.8996467590332,35.709999084472656,36.900001525878906,35.2400016784668,36.63999938964844,10292800
2022-07-29,35.15273666381836,37.02999877929688,37.20000076293945,35.779998779296875,36.2599983215332,12313200
2022-08-01,34.55467224121094,36.400001525878906,36.77999877929688,35.380001068115234,36.2400016784668,12620600
2022-08-02,34.82997131347656,36.68999862670898,37.18000030517578,36.33000183105469,36.5,9987500
2022-08-03,33.738277435302734,35.540000915527344,37.040000915527344,35.369998931884766,36.90999984741211,11558500
2022-08-04,32.2288818359375,33.95000076293945,35.380001068115234,33.79999923706055,35.29999923706055,11744100
2022-08-05,32.90288162231445,34.65999984741211,35.130001068115234,33.43000030517578,33.5099983215332,6863400
2022-08-08,32.893394470214844,34.650001525878906,35.15999984741211,34.5,34.689998626708984,6053100
2022-08-09,33.216148376464844,34.9900016784668,35.369998931884766,34.650001525878906,35.2400016784668,7616100
2022-08-10,33.14970016479492,34.91999816894531,35.27000045776367,33.81999969482422,34.9900016784668,13302600
2022-08-11,35.019832611083984,36.88999938964844,37.310001373291016,35.59000015258789,35.599998474121094,13140900
2022-08-12,35.257164001464844,37.13999938964844,37.22999954223633,36.25,36.59000015258789,6642800
2022-08-15,33.94712448120117,35.7599983215332,36.02999877929688,35.029998779296875,35.7400016784668,7639400
2022-08-16,33.7762451171875,35.58000183105469,36.61000061035156,35.290000915527344,35.97999954223633,9698300
2022-08-17,33.60537338256836,35.400001525878906,35.81999969482422,34.849998474121094,35.22999954223633,7703300
2022-08-18,35.24766159057617,37.130001068115234,37.22999954223633,35.970001220703125,36.040000915527344,10758700
2022-08-19,35.23817443847656,37.119998931884766,37.56999969482422,36.61000061035156,36.86000061035156,12893900
2022-08-22,35.048309326171875,36.91999816894531,37.41999816894531,36.09000015258789,36.709999084472656,9126300
2022-08-23,37.36461639404297,39.36000061035156,39.560001373291016,37.560001373291016,37.709999084472656,15983600
2022-08-24,37.88673400878906,39.90999984741211,40.09999847412109,39.13999938964844,39.13999938964844,11498400
2022-08-25,38.133548736572266,40.16999816894531,40.900001525878906,40.02000045776367,40.119998931884766,12737900
2022-08-26,37.421573638916016,39.41999816894531,40.27000045776367,39.20000076293945,39.91999816894531,8944200
2022-08-29,38.33290481567383,40.380001068115234,40.84000015258789,39.060001373291016,39.29999923706055,11663700
2022-08-30,36.71908950805664,38.68000030517578,39.70000076293945,38.22999954223633,39.630001068115234,12149300
2022-08-31,36.21596145629883,38.150001525878906,39.15999984741211,37.29999923706055,37.77000045776367,12383000
2022-09-01,34.98185729980469,36.84999847412109,37.83000183105469,36.43000030517578,37.54999923706055,10516700
2022-09-02,36.14001083374024,38.06999969482422,38.630001068115234,37.4900016784668,38.09999847412109,11375100
2022-09-06,35.62978744506836,37.36000061035156,38.52999877929688,37.13999938964844,38.2400016784668,10785100
2022-09-07,35.343685150146484,37.060001373291016,37.18000030517578,35.9900016784668,36.43999862670898,11759900
2022-09-08,36.40227508544922,38.16999816894531,38.5099983215332,37.16999816894531,37.38999938964844,14681800
2022-09-09,37.8137321472168,39.650001525878906,39.869998931884766,38.65999984741211,39.04999923706055,9628600
2022-09-12,38.29058074951172,40.150001525878906,40.47999954223633,39.59000015258789,40.02999877929688,8935200
2022-09-13,36.68838119506836,38.470001220703125,40.06999969482422,38.22999954223633,39.56999969482422,11124100
2022-09-14,38.37641143798828,40.2400016784668,40.45000076293945,38.97999954223633,38.97999954223633,9958200
2022-09-15,37.79465866088867,39.630001068115234,40.040000915527344,39.150001525878906,39.36000061035156,9945700
2022-09-16,36.59300994873047,38.369998931884766,39.380001068115234,37.63999938964844,39.29999923706055,16890300
2022-09-19,37.16522216796875,38.970001220703125,39.02999877929688,37.09000015258789,37.16999816894531,7377600
2022-09-20,36.71698760986328,38.5,38.75,38.040000915527344,38.709999084472656,9360500
2022-09-21,35.839603424072266,37.58000183105469,39.43000030517578,37.54999923706055,39.11000061035156,9153000
2022-09-22,36.45949935913086,38.22999954223633,38.7400016784668,37.84000015258789,38.09999847412109,12875000
2022-09-23,33.37908172607422,35.0,36.459999084472656,34.380001068115234,36.25,17421000
2022-09-26,32.2918815612793,33.86000061035156,35.349998474121094,33.79999923706055,34.95000076293945,12006400
2022-09-27,32.40632247924805,33.97999954223633,35.29999923706055,33.86000061035156,34.599998474121094,12712500
2022-09-28,33.798709869384766,35.439998626708984,35.63999938964844,34.099998474121094,34.40999984741211,12205400
2022-09-29,34.304161071777344,35.970001220703125,36.0099983215332,34.29999923706055,35.150001525878906,12191700
2022-09-30,34.237403869628906,35.900001525878906,36.61000061035156,35.27000045776367,35.470001220703125,15329800
2022-10-03,36.52625274658203,38.29999923706055,38.52999877929688,37.31999969482422,37.58000183105469,13978200
2022-10-04,37.30827713012695,39.119998931884766,39.84000015258789,38.59000015258789,39.16999816894531,16268000
2022-10-05,39.64480972290039,41.56999969482422,41.93999862670898,39.130001068115234,39.130001068115234,28104400
2022-10-06,40.5222053527832,42.4900016784668,42.84000015258789,41.220001220703125,41.380001068115234,16403000
2022-10-07,40.61757659912109,42.59000015258789,43.119998931884766,41.68000030517578,42.52999877929688,15953800
2022-10-10,40.17888259887695,42.130001068115234,43.02000045776367,41.59000015258789,42.33000183105469,10380600
2022-10-11,39.82601165771485,41.7599983215332,42.290000915527344,41.09999847412109,41.27000045776367,10474800
2022-10-12,40.073978424072266,42.02000045776367,42.33000183105469,41.20000076293945,41.5,11271700
2022-10-13,42.14347839355469,44.18999862670898,44.33000183105469,41.77999877929688,41.810001373291016,16364400
2022-10-14,40.20748901367188,42.15999984741211,44.09999847412109,42.09000015258789,43.540000915527344,11504700
2022-10-17,40.87507629394531,42.86000061035156,43.40999984741211,42.209999084472656,43.0,10330300
2022-10-18,41.3519172668457,43.36000061035156,43.970001220703125,42.560001373291016,43.41999816894531,9734500
2022-10-19,43.36419296264648,45.470001220703125,45.619998931884766,43.84000015258789,44.0,16869400
2022-10-20,43.57400894165039,45.68999862670898,46.22999954223633,45.2400016784668,46.0,15915700
2022-10-21,48.075416564941406,50.40999984741211,50.540000915527344,46.790000915527344,46.970001220703125,35351400
2022-10-24,49.73483276367188,52.150001525878906,52.5099983215332,49.65999984741211,50.060001373291016,27296600
2022-10-25,50.040016174316406,52.470001220703125,52.68000030517578,51.209999084472656,51.88999938964844,18932500
2022-10-26,49.76344299316406,52.18000030517578,53.88999938964844,52.13999938964844,52.93000030517578,18232500
2022-10-27,49.28659439086914,51.68000030517578,53.59999847412109,51.5,53.0,18298200
2022-10-28,48.11356735229492,50.45000076293945,51.709999084472656,49.77000045776367,51.040000915527344,15772800
2022-10-31,49.62038803100586,52.02999877929688,52.41999816894531,50.0099983215332,50.0099983215332,16663800
2022-11-01,49.16262435913086,51.54999923706055,52.93999862670898,51.5,52.70000076293945,11932200
2022-11-02,48.77161407470703,51.13999938964844,52.380001068115234,50.70000076293945,51.27000045776367,11892300
2022-11-03,49.40103912353516,51.79999923706055,52.130001068115234,50.5,50.61000061035156,15764600
2022-11-04,50.64083480834961,53.09999847412109,54.02999877929688,52.22999954223633,53.34999847412109,16764500
2022-11-07,52.27164459228516,54.810001373291016,55.11000061035156,52.810001373291016,53.0,19928100
2022-11-08,52.157203674316406,54.68999862670898,55.119998931884766,54.18000030517578,54.810001373291016,15249600
2022-11-09,50.61222839355469,53.06999969482422,54.09000015258789,52.790000915527344,54.09000015258789,21809000
2022-11-10,50.64083480834961,53.09999847412109,54.15999984741211,52.45000076293945,53.790000915527344,13088700
2022-11-11,52.28118133544922,54.81999969482422,55.2599983215332,54.16999816894531,54.18999862670898,14725000
2022-11-14,51.565914154052734,54.06999969482422,56.040000915527344,53.869998931884766,54.619998931884766,9089200
2022-11-15,52.13813018798828,54.66999816894531,55.0,53.58000183105469,54.45000076293945,9513400
2022-11-16,50.53593444824219,52.9900016784668,54.61000061035156,52.61000061035156,54.150001525878906,13414600
2022-11-17,50.38334655761719,52.83000183105469,52.86000061035156,51.41999816894531,52.0,9868200
2022-11-18,50.965087890625,53.43999862670898,53.61000061035156,50.880001068115234,51.84999847412109,12140200
2022-11-21,49.84927368164063,52.27000045776367,52.68999862670898,48.86000061035156,51.2400016784668,18814400
2022-11-22,51.15583419799805,53.63999938964844,53.77000045776367,51.83000183105469,53.02000045776367,8969800
2022-11-23,49.03863906860352,51.41999816894531,52.88999938964844,51.060001373291016,52.45000076293945,10463200
2022-11-25,48.4759635925293,50.83000183105469,51.52000045776367,50.52999877929688,51.13999938964844,4951900
2022-11-28,47.5699577331543,49.880001068115234,50.83000183105469,49.08000183105469,49.5099983215332,15397500
2022-11-29,48.68577194213867,51.04999923706055,51.38999938964844,49.93000030517578,50.59999847412109,10809300
2022-11-30,49.16262435913086,51.54999923706055,51.900001525878906,50.47999954223633,51.58000183105469,19230300
2022-12-01,49.36289596557617,51.7599983215332,52.7400016784668,51.459999084472656,52.31999969482422,8152900
2022-12-02,50.34519577026367,52.790000915527344,52.880001068115234,51.290000915527344,51.5,9378600
2022-12-05,49.0004997253418,51.380001068115234,54.18000030517578,50.95000076293945,53.52999877929688,12047000
2022-12-06,48.68948745727539,50.880001068115234,52.09999847412109,50.47999954223633,50.93999862670898,12311000
2022-12-07,47.65597915649414,49.79999923706055,51.79999923706055,49.54999923706055,50.97999954223633,9700900
2022-12-08,47.77082061767578,49.91999816894531,51.619998931884766,49.5,50.90999984741211,9367800
2022-12-09,44.94781875610352,46.970001220703125,50.52999877929688,46.83000183105469,49.91999816894531,16079900
2022-12-12,46.986114501953125,49.09999847412109,49.209999084472656,47.0,47.060001373291016,11416900
2022-12-13,48.852169036865234,51.04999923706055,51.380001068115234,49.95000076293945,50.25,11659700
2022-12-14,48.25885772705078,50.43000030517578,51.560001373291016,49.93999862670898,51.33000183105469,10212200
2022-12-15,47.95263671875,50.11000061035156,50.45000076293945,49.34999847412109,50.119998931884766,11048100
2022-12-16,47.25406646728516,49.380001068115234,49.459999084472656,48.25,48.95000076293945,22945200
2022-12-19,47.6846923828125,49.83000183105469,50.540000915527344,49.41999816894531,49.959999084472656,7447000
2022-12-20,49.53160095214844,51.7599983215332,52.09000015258789,49.81999969482422,49.95000076293945,11496100
2022-12-21,51.014869689941406,53.310001373291016,53.59000015258789,51.91999816894531,52.84999847412109,9019500
2022-12-22,49.17753219604492,51.38999938964844,53.52999877929688,50.130001068115234,53.31999969482422,7574500
2022-12-23,50.70865249633789,52.9900016784668,53.0,51.380001068115234,52.20000076293945,8082300
2022-12-27,51.19668960571289,53.5,53.869998931884766,52.790000915527344,53.34000015258789,6200900
2022-12-28,50.33543395996094,52.59999847412109,53.63999938964844,51.9900016784668,53.369998931884766,7192700
2022-12-29,50.6320915222168,52.90999984741211,53.15999984741211,52.060001373291016,52.40999984741211,5200000
2022-12-30,51.15840530395508,53.459999084472656,53.54999923706055,52.400001525878906,52.52000045776367,4629800
2023-01-03,49.28279495239258,51.5,53.59000015258789,50.36000061035156,52.86000061035156,8487800
2023-01-04,49.47418594360352,51.70000076293945,52.02999877929688,50.18999862670898,50.459999084472656,9069800
2023-01-05,50.40241622924805,52.66999816894531,53.209999084472656,51.65999984741211,51.65999984741211,6622100
2023-01-06,52.15363693237305,54.5,54.70000076293945,53.29999923706055,53.45000076293945,10171800
2023-01-09,53.24456024169922,55.63999938964844,56.27999877929688,55.09999847412109,55.27999877929688,12104300
2023-01-10,53.55078125,55.959999084472656,56.16999816894531,54.95000076293945,55.59999847412109,7080300
2023-01-11,53.89528274536133,56.31999969482422,56.75,55.72999954223633,55.95000076293945,8856900
2023-01-12,55.5029525756836,58.0,58.61000061035156,56.18000030517578,56.22999954223633,12857100
2023-01-13,55.77089691162109,58.27999877929688,58.52000045776367,57.33000183105469,57.9900016784668,7345000
2023-01-17,55.943145751953125,58.459999084472656,58.93000030517578,57.959999084472656,58.150001525878906,8467200
2023-01-18,54.67041015625,57.130001068115234,59.45000076293945,57.02999877929688,58.93999862670898,11332700
2023-01-19,54.90964889526367,57.380001068115234,57.93999862670898,56.209999084472656,56.290000915527344,15283700
2023-01-20,54.88093566894531,57.34999847412109,58.9900016784668,56.220001220703125,57.4900016784668,19204800
2023-01-23,53.45508575439453,55.86000061035156,57.70000076293945,55.22999954223633,57.5,15090600
2023-01-24,53.08187484741211,55.470001220703125,56.43999862670898,54.06999969482422,54.06999969482422,8784400
2023-01-25,53.82829284667969,56.25,56.5,54.27000045776367,55.150001525878906,9053000
2023-01-26,54.99576950073242,57.470001220703125,57.54999923706055,55.29999923706055,56.619998931884766,8581500
2023-01-27,54.51729583740234,56.970001220703125,58.09999847412109,56.59999847412109,57.31999969482422,7669500
2023-01-30,53.91442108154297,56.34000015258789,56.83000183105469,56.119998931884766,56.630001068115234,6181100
2023-01-31,54.52686309814453,56.97999954223633,57.43999862670898,55.97999954223633,56.27999877929688,5951900
2023-02-01,53.301979064941406,55.70000076293945,57.43999862670898,55.0,56.90999984741211,10454000
2023-02-02,50.03878402709961,52.290000915527344,55.2599983215332,51.970001220703125,55.2599983215332,17007600
2023-02-03,50.37371444702149,52.63999938964844,54.66999816894531,52.54999923706055,52.81999969482422,10737000
2023-02-06,50.804344177246094,53.09000015258789,53.380001068115234,52.18999862670898,52.79999923706055,6482100
2023-02-07,51.81388854980469,53.88999938964844,54.130001068115234,52.7400016784668,53.43999862670898,9109700
2023-02-08,52.602294921875,54.709999084472656,55.130001068115234,53.75,54.0,7939900
2023-02-09,51.765811920166016,53.84000015258789,54.7400016784668,53.7400016784668,54.459999084472656,7116500
2023-02-10,54.18873596191406,56.36000061035156,56.41999816894531,54.47999954223633,54.77000045776367,9410700
2023-02-13,55.10213470458984,57.310001373291016,57.36000061035156,55.2400016784668,55.900001525878906,8964200
2023-02-14,54.63101196289063,56.81999969482422,57.79999923706055,56.11000061035156,56.40999984741211,7437300
2023-02-15,53.83299255371094,55.9900016784668,56.29999923706055,55.02000045776367,56.150001525878906,7077200
2023-02-16,53.631080627441406,55.77999877929688,56.59000015258789,55.41999816894531,56.0,5089700
2023-02-17,51.28507614135742,53.34000015258789,55.060001373291016,53.130001068115234,55.0,9162900
2023-02-21,51.34276580810547,53.400001525878906,54.59000015258789,53.27000045776367,53.29999923706055,7422100
2023-02-22,50.390907287597656,52.40999984741211,53.93999862670898,52.040000915527344,53.15999984741211,9181100
2023-02-23,51.26585006713867,53.31999969482422,54.02000045776367,52.869998931884766,53.58000183105469,6324500
2023-02-24,51.84273147583008,53.91999816894531,54.130001068115234,52.20000076293945,52.79999923706055,8458700
2023-02-27,52.30424499511719,54.400001525878906,54.52999877929688,53.38999938964844,54.02999877929688,6287000
2023-02-28,51.16008758544922,53.209999084472656,55.290000915527344,53.20000076293945,54.9900016784668,10634200
2023-03-01,52.775367736816406,54.88999938964844,55.15999984741211,53.119998931884766,53.25,7166500
2023-03-02,53.1695671081543,55.29999923706055,55.47999954223633,54.04999923706055,54.619998931884766,5668300
2023-03-03,53.83299255371094,55.9900016784668,56.13999938964844,54.18999862670898,54.4900016784668,6726500
2023-03-06,53.21764373779297,55.34999847412109,55.72999954223633,54.93999862670898,55.470001220703125,6116600
2023-03-07,51.95811462402344,54.040000915527344,55.06999969482422,54.0,55.02000045776367,6908500
2023-03-08,51.47737503051758,53.540000915527344,54.2599983215332,52.31999969482422,53.709999084472656,7555000
2023-03-09,50.17937850952149,52.18999862670898,54.43999862670898,52.09999847412109,53.900001525878906,8844300
2023-03-10,49.03522109985352,51.0,52.95000076293945,50.65999984741211,51.77000045776367,8608400
2023-03-13,46.95844268798828,48.84000015258789,50.4900016784668,48.31999969482422,49.369998931884766,10914700
2023-03-14,47.45840835571289,49.36000061035156,50.88999938964844,48.45000076293945,49.25,10345900
2023-03-15,43.57404708862305,45.31999969482422,46.959999084472656,44.720001220703125,46.77000045776367,18103300
2023-03-16,44.400917053222656,46.18000030517578,46.52999877929688,44.08000183105469,44.34000015258789,16769500
2023-03-17,42.95870590209961,44.68000030517578,46.0,44.369998931884766,45.95000076293945,20723800
2023-03-20,44.43938064575195,46.220001220703125,46.54999923706055,44.70000076293945,44.88999938964844,10496100
2023-03-21,46.420013427734375,48.27999877929688,48.65999984741211,47.52000045776367,47.9900016784668,10486500
2023-03-22,45.573917388916016,47.400001525878906,48.90999984741211,47.290000915527344,48.54999923706055,11557000
2023-03-23,43.72789001464844,45.47999954223633,47.84000015258789,45.040000915527344,47.43999862670898,12213400
2023-03-24,42.85294723510742,44.56999969482422,45.0,43.81999969482422,44.209999084472656,19753600
2023-03-27,44.96818923950195,46.77000045776367,46.93000030517578,45.209999084472656,45.619998931884766,10579800
2023-03-28,45.80467224121094,47.63999938964844,47.869998931884766,46.5099983215332,46.77000045776367,6816200
2023-03-29,46.82383346557617,48.70000076293945,48.79999923706055,48.02999877929688,48.25,9569700
2023-03-30,46.862300872802734,48.7400016784668,49.52999877929688,48.4900016784668,49.38999938964844,7353600
2023-03-31,47.20842361450195,49.09999847412109,49.47999954223633,48.619998931884766,48.84999847412109,8154000
2023-04-03,50.3139877319336,52.33000183105469,53.810001373291016,51.970001220703125,52.27000045776367,20003400
2023-04-04,48.51602935791016,50.459999084472656,52.52999877929688,49.959999084472656,52.36000061035156,9378100
2023-04-05,48.74678802490234,50.70000076293945,51.15999984741211,49.90999984741211,50.58000183105469,9102100
2023-04-06,47.70839309692383,49.619998931884766,50.84000015258789,49.5,50.68000030517578,6734100
2023-04-10,48.112213134765625,50.040000915527344,50.959999084472656,49.72999954223633,49.810001373291016,5278400
2023-04-11,49.16983413696289,51.13999938964844,51.400001525878906,49.95000076293945,50.33000183105469,8081100
2023-04-12,49.97746658325195,51.97999954223633,52.220001220703125,50.7599983215332,51.31999969482422,8400500
2023-04-13,49.89093399047852,51.88999938964844,52.29999923706055,51.7599983215332,51.93999862670898,6544300
2023-04-14,50.45820617675781,52.47999954223633,53.150001525878906,51.88999938964844,52.400001525878906,8037000
2023-04-17,50.05438995361328,52.060001373291016,52.75,51.400001525878906,52.29999923706055,7374800
2023-04-18,50.16014862060547,52.16999816894531,52.709999084472656,51.5099983215332,51.720001220703125,5551200
2023-04-19,50.60243225097656,52.630001068115234,52.7599983215332,51.65999984741211,51.91999816894531,7791400
2023-04-20,49.96786117553711,51.970001220703125,52.220001220703125,51.40999984741211,51.95000076293945,8134100
2023-04-21,47.8814582824707,49.79999923706055,51.75,49.09000015258789,51.7400016784668,15776000
2023-04-24,48.285274505615234,50.220001220703125,50.97999954223633,49.36000061035156,49.5099983215332,10252300
2023-04-25,47.07381439208984,48.959999084472656,49.63999938964844,47.97999954223633,49.400001525878906,9312100
2023-04-26,45.93927383422852,47.77999877929688,49.16999816894531,47.43999862670898,48.84999847412109,9098500
2023-04-27,46.11234664916992,47.959999084472656,48.290000915527344,46.97999954223633,47.38999938964844,9231400
2023-04-28,47.44879150390625,49.34999847412109,49.630001068115234,47.38999938964844,47.93000030517578,8621200
2023-05-01,47.25650024414063,49.150001525878906,49.58000183105469,48.459999084472656,48.84000015258789,5053300
2023-05-02,44.400917053222656,46.18000030517578,48.54999923706055,45.91999816894531,48.36000061035156,11963800
2023-05-03,43.52597427368164,45.27000045776367,46.06999969482422,45.08000183105469,45.470001220703125,9217900
2023-05-04,43.33367538452149,45.06999969482422,45.9900016784668,44.59999847412109,45.43999862670898,10085400
2023-05-05,43.98748397827149,45.75,46.68000030517578,45.58000183105469,46.540000915527344,9900400
2023-05-08,44.81435394287109,46.61000061035156,46.83000183105469,46.040000915527344,46.66999816894531,8861800
2023-05-09,45.3527717590332,47.16999816894531,47.709999084472656,46.290000915527344,46.369998931884766,9834600
2023-05-10,44.09324645996094,45.86000061035156,47.290000915527344,45.5099983215332,47.130001068115234,10124100
2023-05-11,42.43950653076172,44.13999938964844,45.310001373291016,43.900001525878906,45.15999984741211,15134300
2023-05-12,42.37221145629883,44.06999969482422,45.20000076293945,43.77999877929688,44.540000915527344,10198900
2023-05-15,42.88178253173828,44.59999847412109,44.880001068115234,43.90999984741211,44.380001068115234,6813200
2023-05-16,41.58379364013672,43.25,44.40999984741211,42.95000076293945,44.33000183105469,11890400
2023-05-17,42.78563690185547,44.5,44.5099983215332,43.040000915527344,43.84000015258789,12579400
2023-05-18,43.12215805053711,44.84999847412109,44.9900016784668,43.68999862670898,44.02000045776367,8372600
2023-05-19,43.52597427368164,45.27000045776367,45.7599983215332,45.02000045776367,45.380001068115234,8359100
2023-05-22,44.22785186767578,46.0,46.18000030517578,45.18999862670898,45.27000045776367,11126700
2023-05-23,44.28554153442383,46.060001373291016,46.5,45.79999923706055,46.31999969482422,7538700
2023-05-24,44.44898986816406,46.22999954223633,46.59999847412109,45.5,45.959999084472656,6895600
2023-05-25,43.42021560668945,45.15999984741211,45.70000076293945,44.58000183105469,45.29999923706055,15889300
2023-05-26,42.76640701293945,44.47999954223633,45.900001525878906,44.02999877929688,45.70000076293945,12290400
2023-05-30,42.60295867919922,44.310001373291016,44.34999847412109,43.25,43.58000183105469,8381900
2023-05-31,41.17997741699219,42.83000183105469,43.5,42.72999954223633,42.77000045776367,15547400
2023-06-01,43.24714660644531,44.97999954223633,45.619998931884766,42.900001525878906,43.060001373291016,12222900
2023-06-02,44.96818923950195,46.77000045776367,47.43999862670898,45.630001068115234,46.06999969482422,11282700
2023-06-05,44.43938064575195,46.220001220703125,47.61000061035156,46.09000015258789,47.61000061035156,7202400
2023-06-06,45.38674545288086,46.95000076293945,46.970001220703125,45.33000183105469,45.470001220703125,12366300
2023-06-07,46.527462005615234,48.130001068115234,48.33000183105469,47.130001068115234,47.31999969482422,9213700
2023-06-08,45.87010192871094,47.45000076293945,48.470001220703125,46.970001220703125,48.25,8289600
2023-06-09,45.94743347167969,47.52999877929688,48.18999862670898,47.15999984741211,47.560001373291016,6946100
2023-06-12,45.45441818237305,47.02000045776367,47.52999877929688,46.45000076293945,46.47999954223633,5885600
2023-06-13,46.36312103271485,47.959999084472656,49.09000015258789,47.7599983215332,47.88999938964844,8821300
2023-06-14,45.69609451293945,47.27000045776367,48.86000061035156,46.83000183105469,48.52999877929688,7072100
2023-06-15,46.30512237548828,47.900001525878906,48.34000015258789,47.72999954223633,47.77000045776367,6370500
2023-06-16,46.18910598754883,47.77999877929688,48.400001525878906,47.72999954223633,48.11000061035156,14740700
2023-06-20,45.68642044067383,47.2599983215332,47.36000061035156,46.470001220703125,46.93000030517578,7806600
2023-06-21,46.16977310180664,47.7599983215332,48.40999984741211,46.81999969482422,47.150001525878906,6725600
2023-06-22,45.28041458129883,46.84000015258789,47.630001068115234,46.79999923706055,47.5,8533100
2023-06-23,45.03873825073242,46.59000015258789,46.61000061035156,45.75,46.13999938964844,9302000
2023-06-26,45.78310012817383,47.36000061035156,47.7400016784668,46.5099983215332,46.66999816894531,6202500
2023-06-27,46.53712463378906,48.13999938964844,48.47999954223633,47.2599983215332,47.900001525878906,13198000
2023-06-28,46.97213745117188,48.59000015258789,48.880001068115234,47.33000183105469,48.060001373291016,9204400
2023-06-29,46.85613632202149,48.470001220703125,48.90999984741211,47.65999984741211,48.869998931884766,10506200
2023-06-30,47.484493255615234,49.119998931884766,49.709999084472656,48.66999816894531,49.0,13413300
2023-07-03,47.82284164428711,49.470001220703125,49.900001525878906,48.93999862670898,49.29999923706055,3543100
2023-07-05,47.65849685668945,49.29999923706055,49.77999877929688,49.119998931884766,49.709999084472656,8724200
2023-07-06,47.484493255615234,49.119998931884766,49.54999923706055,48.310001373291016,48.90999984741211,9411600
2023-07-07,51.57365036010742,53.34999847412109,53.619998931884766,48.810001373291016,48.93999862670898,23176800
2023-07-10,51.83466339111328,53.619998931884766,53.72999954223633,52.650001525878906,52.84000015258789,14817100
2023-07-11,54.18375396728516,56.04999923706055,56.2400016784668,53.84999847412109,53.93999862670898,18096600
2023-07-12,54.79277038574219,56.68000030517578,57.09000015258789,55.97999954223633,56.52999877929688,14304600
2023-07-13,55.50813674926758,57.41999816894531,57.619998931884766,56.36000061035156,57.0,15775100
2023-07-14,55.2277946472168,57.130001068115234,57.16999816894531,56.43000030517578,56.83000183105469,14419000
2023-07-17,54.62843704223633,56.5099983215332,57.02000045776367,56.04999923706055,56.619998931884766,13598700
2023-07-18,55.08278274536133,56.97999954223633,57.56999969482422,56.18999862670898,56.34999847412109,11387000
2023-07-19,55.45013046264648,57.36000061035156,57.43999862670898,56.130001068115234,56.310001373291016,13074900
2023-07-20,55.35346603393555,57.2599983215332,57.90999984741211,56.68999862670898,57.650001525878906,9963500
2023-07-21,54.14508438110352,56.0099983215332,56.61000061035156,54.70000076293945,55.81999969482422,16637900
2023-07-24,55.12145614624024,57.02000045776367,57.09000015258789,55.91999816894531,56.220001220703125,10596100
2023-07-25,55.95281982421875,57.880001068115234,58.119998931884766,56.77000045776367,57.08000183105469,10686100
2023-07-26,55.74980926513672,57.66999816894531,58.220001220703125,57.0099983215332,57.04999923706055,8113500
2023-07-27,55.12145614624024,57.02000045776367,58.13999938964844,56.81999969482422,57.970001220703125,7791900
2023-07-28,55.24712753295898,57.150001525878906,57.43999862670898,56.63999938964844,57.119998931884766,7019900
2023-07-31,56.39750671386719,58.34000015258789,58.70000076293945,57.380001068115234,57.56999969482422,8278400
2023-08-01,55.69181442260742,57.61000061035156,58.220001220703125,56.97999954223633,58.02000045776367,6930400
2023-08-02,55.55647277832031,57.470001220703125,57.66999816894531,56.43999862670898,57.220001220703125,6726900
2023-08-03,56.04948806762695,57.97999954223633,58.380001068115234,57.310001373291016,57.709999084472656,7387300
2023-08-04,55.74980926513672,57.66999816894531,58.59999847412109,57.56999969482422,58.2400016784668,7624800
2023-08-07,56.039825439453125,57.970001220703125,58.40999984741211,57.68000030517578,57.900001525878906,5956400
2023-08-08,56.56184387207031,58.5099983215332,58.61000061035156,56.08000183105469,56.79999923706055,7751000
2023-08-09,57.52854919433594,59.5099983215332,60.119998931884766,58.68999862670898,59.0,11975900
2023-08-10,56.95818710327149,58.91999816894531,59.95000076293945,58.34000015258789,59.38999938964844,8857100
2023-08-11,57.66388702392578,59.650001525878906,59.93000030517578,58.72999954223633,58.84000015258789,7090900
2023-08-14,57.53821563720703,59.52000045776367,59.79999923706055,59.08000183105469,59.45000076293945,5736400
2023-08-15,56.387840270996094,58.33000183105469,58.86000061035156,57.869998931884766,58.84000015258789,6040000
2023-08-16,55.84648513793945,57.77000045776367,58.810001373291016,57.52000045776367,58.31999969482422,6234300
2023-08-17,55.96248245239258,57.88999938964844,59.040000915527344,57.7400016784668,58.7599983215332,5925600
2023-08-18,56.09782791137695,58.02999877929688,58.15999984741211,56.959999084472656,57.18000030517578,7095100
2023-08-21,55.527469635009766,57.43999862670898,58.83000183105469,57.040000915527344,58.4900016784668,6269300
2023-08-22,54.53177261352539,56.40999984741211,57.459999084472656,56.25,57.36000061035156,8609900
2023-08-23,55.96248245239258,57.88999938964844,58.150001525878906,55.52000045776367,55.68000030517578,10717600
2023-08-24,54.89911651611328,56.790000915527344,58.0099983215332,56.709999084472656,57.40999984741211,6685900
2023-08-25,54.5801010131836,56.459999084472656,57.2400016784668,56.150001525878906,57.18999862670898,8619100
2023-08-28,55.90448760986328,57.83000183105469,57.93999862670898,56.619998931884766,56.619998931884766,4813200
2023-08-29,56.28150177001953,58.220001220703125,58.43000030517578,57.18000030517578,57.95000076293945,4911000
2023-08-30,57.03553009033203,59.0,59.0099983215332,58.36000061035156,58.7400016784668,5843100
2023-08-31,56.99686050415039,58.959999084472656,59.380001068115234,58.25,59.119998931884766,10102500
2023-09-01,58.11823654174805,60.119998931884766,60.4900016784668,59.4900016784668,59.84999847412109,6898600
2023-09-05,58.44829177856445,60.209999084472656,61.150001525878906,59.959999084472656,60.20000076293945,8428600
2023-09-06,59.21517562866211,61.0,61.36000061035156,60.09999847412109,60.31999969482422,9299800
2023-09-07,59.05015182495117,60.83000183105469,61.380001068115234,60.68999862670898,60.970001220703125,7867600
2023-09-08,58.40945816040039,60.16999816894531,61.15999984741211,59.81999969482422,60.619998931884766,8323600
2023-09-11,58.99190521240234,60.77000045776367,61.400001525878906,60.380001068115234,61.0099983215332,8392300
2023-09-12,60.282989501953125,62.09999847412109,62.119998931884766,60.84999847412109,61.29999923706055,11476400
2023-09-13,58.84629821777344,60.619998931884766,62.02999877929688,60.470001220703125,61.93000030517578,7914300
2023-09-14,59.79762268066406,61.59999847412109,61.65999984741211,60.84000015258789,61.369998931884766,6862500
2023-09-15,58.80746841430664,60.58000183105469,61.41999816894531,60.06999969482422,61.060001373291016,19777100
2023-09-18,59.41902923583984,61.209999084472656,61.77999877929688,60.81999969482422,61.0,6232100
2023-09-19,58.66185760498047,60.43000030517578,61.70000076293945,59.83000183105469,61.70000076293945,9067700
2023-09-20,58.04058074951172,59.790000915527344,61.040000915527344,59.75,60.130001068115234,5351100
2023-09-21,57.09896087646485,58.81999969482422,60.09999847412109,58.630001068115234,60.09999847412109,6841600
2023-09-22,57.312530517578125,59.040000915527344,59.5,58.84000015258789,59.18000030517578,5979000
2023-09-25,58.089115142822266,59.84000015258789,59.880001068115234,58.7400016784668,58.93000030517578,6279300
2023-09-26,57.39989471435547,59.130001068115234,59.77999877929688,58.970001220703125,59.150001525878906,5796100
2023-09-27,59.02103042602539,60.79999923706055,61.06999969482422,59.58000183105469,60.0,7663100
2023-09-28,59.15693283081055,60.93999862670898,61.40999984741211,60.310001373291016,60.54999923706055,7574000
2023-09-29,56.59417724609375,58.29999923706055,60.84000015258789,58.20000076293945,60.75,11278100
2023-10-02,56.24470520019531,57.93999862670898,58.47999954223633,56.86000061035156,58.31999969482422,7553600
2023-10-03,56.895111083984375,58.61000061035156,58.63999938964844,57.20000076293945,57.5,8407900
2023-10-04,54.19644927978516,55.83000183105469,57.869998931884766,55.31999969482422,57.7400016784668,10923300
2023-10-05,53.779029846191406,55.400001525878906,56.459999084472656,55.119998931884766,55.52999877929688,7491800
2023-10-06,54.070255279541016,55.70000076293945,56.220001220703125,54.810001373291016,55.58000183105469,8642600
2023-10-09,56.53593444824219,58.2400016784668,58.52000045776367,56.970001220703125,57.27000045776367,6667700
2023-10-10,56.90481185913086,58.619998931884766,58.97999954223633,57.95000076293945,58.31999969482422,6608900
2023-10-11,57.040714263916016,58.7599983215332,58.88999938964844,57.7599983215332,58.02000045776367,5641100
2023-10-12,56.66212844848633,58.369998931884766,59.619998931884766,57.77999877929688,59.47999954223633,5023100
2023-10-13,57.23486709594727,58.959999084472656,59.81999969482422,58.84999847412109,59.400001525878906,6819500
2023-10-16,57.71052932739258,59.45000076293945,59.7400016784668,58.77999877929688,59.40999984741211,5949900
2023-10-17,58.47741317749024,60.2400016784668,60.38999938964844,59.13999938964844,59.27000045776367,6525000
2023-10-18,58.81717300415039,60.59000015258789,61.20000076293945,60.34999847412109,60.36000061035156,6964100
2023-10-19,58.21531677246094,59.970001220703125,60.84999847412109,59.40999984741211,60.02999877929688,7488400
2023-10-20,56.50680541992188,58.209999084472656,60.20000076293945,56.7400016784668,59.220001220703125,13100700
2023-10-23,57.11837387084961,58.84000015258789,59.02999877929688,56.88999938964844,58.38999938964844,9655500
2023-10-24,55.332218170166016,57.0,59.04999923706055,56.970001220703125,58.93999862670898,8407100
2023-10-25,54.96332931518555,56.619998931884766,57.27000045776367,55.720001220703125,56.880001068115234,8571800
2023-10-26,54.23527526855469,55.869998931884766,56.630001068115234,55.25,56.0099983215332,8157500
2023-10-27,54.19644927978516,55.83000183105469,56.18000030517578,55.02000045776367,56.0,6944500
2023-10-30,54.74977111816406,56.400001525878906,56.52999877929688,55.34999847412109,56.31999969482422,6698000
2023-10-31,54.03142547607422,55.65999984741211,56.5,55.43999862670898,56.11000061035156,8045900
2023-11-01,54.22557067871094,55.86000061035156,56.70000076293945,55.619998931884766,56.0,6197300
2023-11-02,55.681678771972656,57.36000061035156,57.43000030517578,55.709999084472656,55.880001068115234,5811800
2023-11-03,55.20601272583008,56.869998931884766,57.75,56.59000015258789,57.40999984741211,5895900
2023-11-06,54.827430725097656,56.47999954223633,57.470001220703125,56.20000076293945,57.40999984741211,5165500
2023-11-07,51.76959991455078,53.33000183105469,55.5,53.0,55.34999847412109,17838000
2023-11-08,51.38129806518555,52.93000030517578,53.63999938964844,52.43999862670898,52.88999938964844,13767100
2023-11-09,51.19686126708984,52.7400016784668,53.52999877929688,52.58000183105469,53.130001068115234,9278600
2023-11-10,51.7404670715332,53.29999923706055,53.4900016784668,52.66999816894531,53.27000045776367,9267900
2023-11-13,52.41999053955078,54.0,54.36000061035156,53.02999877929688,53.29999923706055,6853600
2023-11-14,52.7597541809082,54.34999847412109,54.709999084472656,53.86000061035156,54.18000030517578,6989700
2023-11-15,52.10935974121094,53.68000030517578,54.709999084472656,53.43999862670898,54.31999969482422,8328000
2023-11-16,50.58529281616211,52.11000061035156,53.59999847412109,51.31999969482422,53.18999862670898,11053300
2023-11-17,51.30363845825195,52.84999847412109,53.36000061035156,52.22999954223633,52.77000045776367,14077300
2023-11-20,51.19686126708984,52.7400016784668,53.43999862670898,52.59999847412109,53.43999862670898,8086900
2023-11-21,51.17744445800781,52.720001220703125,52.84000015258789,51.9900016784668,52.22999954223633,6888800
2023-11-22,50.98329544067383,52.52000045776367,52.72999954223633,50.77999877929688,51.56999969482422,7941900
2023-11-24,51.06095504760742,52.59999847412109,53.09000015258789,52.47999954223633,52.7400016784668,3077600
2023-11-27,51.01242065429688,52.54999923706055,52.63999938964844,51.75,52.47999954223633,6371200
2023-11-28,50.77943801879883,52.310001373291016,52.869998931884766,52.15999984741211,52.70000076293945,5620900
2023-11-29,50.35231399536133,51.869998931884766,52.7599983215332,51.47999954223633,52.70000076293945,8002000
2023-11-30,50.51734161376953,52.040000915527344,53.400001525878906,51.54999923706055,52.58000183105469,11520300
2023-12-01,50.85710144042969,52.38999938964844,53.09000015258789,51.72999954223633,51.97999954223633,6377200
2023-12-04,50.50763702392578,52.02999877929688,52.4900016784668,51.40999984741211,51.97999954223633,7772600
2023-12-05,49.36638259887695,50.61000061035156,51.7400016784668,50.5,51.65999984741211,6902700
2023-12-06,47.92275238037109,49.130001068115234,50.77000045776367,48.970001220703125,50.27000045776367,13575300
2023-12-07,47.26921463012695,48.459999084472656,49.40999984741211,48.09000015258789,49.38999938964844,12955100
2023-12-08,47.600860595703125,48.79999923706055,49.11000061035156,48.119998931884766,48.43000030517578,13209200
2023-12-11,47.9422607421875,49.150001525878906,49.630001068115234,48.83000183105469,49.0,8820900
2023-12-12,47.8349609375,49.040000915527344,49.2599983215332,48.20000076293945,48.4900016784668,8871400
2023-12-13,47.98127365112305,49.18999862670898,49.61000061035156,48.43999862670898,49.31999969482422,10502400
2023-12-14,51.13190460205078,52.41999816894531,52.75,49.88999938964844,49.9900016784668,19567600
2023-12-15,50.90755462646485,52.18999862670898,52.5,51.61000061035156,52.08000183105469,21720200
2023-12-18,50.99534606933594,52.27999877929688,53.84000015258789,52.2400016784668,53.06999969482422,9356700
2023-12-19,51.67814254760742,52.97999954223633,53.06999969482422,52.27000045776367,52.43000030517578,7351000
2023-12-20,51.25870895385742,52.54999923706055,53.97999954223633,52.5099983215332,52.75,6480200
2023-12-21,51.2879753112793,52.58000183105469,53.02999877929688,52.209999084472656,52.5,7470900
2023-12-22,51.775691986083984,53.08000183105469,53.43000030517578,52.72999954223633,52.9900016784668,5115200
2023-12-26,52.36094665527344,53.68000030517578,54.369998931884766,53.56999969482422,53.86000061035156,5632300
2023-12-27,51.7269172668457,53.02999877929688,53.97999954223633,52.880001068115234,53.47999954223633,7132900
2023-12-28,50.95633316040039,52.2400016784668,53.119998931884766,52.16999816894531,52.7599983215332,6995300
2023-12-29,50.76124572753906,52.040000915527344,52.400001525878906,51.77000045776367,52.25,8641800
2024-01-02,50.70271682739258,51.97999954223633,52.84999847412109,51.83000183105469,52.43999862670898,12105200
2024-01-03,51.35625457763672,52.650001525878906,53.0,51.65999984741211,51.869998931884766,6572400
2024-01-04,50.41983795166016,51.68999862670898,53.34999847412109,51.63999938964844,53.0099983215332,8268800
2024-01-05,50.58566665649414,51.86000061035156,52.630001068115234,51.70000076293945,51.93000030517578,9827700
2024-01-08,49.0835075378418,50.31999969482422,50.77999877929688,49.400001525878906,50.59000015258789,16693600
2024-01-09,47.36675643920898,48.560001373291016,50.119998931884766,48.5,50.119998931884766,18420800
2024-01-10,47.25946044921875,48.45000076293945,48.91999816894531,47.880001068115234,48.5099983215332,17704900
2024-01-11,47.600860595703125,48.79999923706055,48.84999847412109,48.33000183105469,48.77000045776367,8783200
2024-01-12,48.72260284423828,49.95000076293945,49.959999084472656,49.29999923706055,49.709999084472656,12725600
2024-01-16,47.1131477355957,48.29999923706055,50.13999938964844,48.22999954223633,49.86000061035156,14966000
2024-01-17,46.71321868896485,47.88999938964844,48.59999847412109,47.16999816894531,47.41999816894531,12992700
2024-01-18,47.36675643920898,48.560001373291016,48.810001373291016,47.709999084472656,47.900001525878906,13695800
2024-01-19,48.42021560668945,49.63999938964844,50.34999847412109,49.0,49.540000915527344,20325300
2024-01-22,49.434661865234375,50.68000030517578,51.36000061035156,49.369998931884766,49.560001373291016,18491300
2024-01-23,49.18105316162109,50.41999816894531,51.52000045776367,50.27000045776367,50.459999084472656,11432900
2024-01-24,50.40032958984375,51.66999816894531,51.7599983215332,50.56999969482422,50.79999923706055,10498000
2024-01-25,51.18067932128906,52.470001220703125,52.4900016784668,51.33000183105469,52.09000015258789,11845300
2024-01-26,51.6196174621582,52.91999816894531,53.2400016784668,52.310001373291016,52.40999984741211,9172000
2024-01-29,51.89274597167969,53.20000076293945,53.22999954223633,52.400001525878906,52.77999877929688,10072600
2024-01-30,48.1373405456543,49.34999847412109,49.56999969482422,47.75,48.880001068115234,47358300
2024-01-31,47.50331497192383,48.70000076293945,49.68999862670898,48.25,49.45000076293945,26286300
2024-02-01,47.79594421386719,49.0,49.56999969482422,48.36000061035156,49.04999923706055,18539700
2024-02-02,47.79594421386719,49.0,49.18000030517578,48.4900016784668,48.900001525878906,19020300
2024-02-05,47.35699844360352,48.54999923706055,49.08000183105469,48.2400016784668,48.68999862670898,18305800
2024-02-06,47.09704208374024,48.0099983215332,48.61000061035156,47.81999969482422,48.470001220703125,12807900
2024-02-07,46.54769515991211,47.45000076293945,48.36000061035156,47.09999847412109,48.220001220703125,11848000
2024-02-08,46.8812255859375,47.790000915527344,47.93000030517578,47.11000061035156,47.29999923706055,12157800
2024-02-09,46.18472671508789,47.08000183105469,47.84999847412109,46.90999984741211,47.56999969482422,8258300
2024-02-12,47.224571228027344,48.13999938964844,48.619998931884766,47.470001220703125,47.54999923706055,13460800
2024-02-13,46.67522048950195,47.58000183105469,48.29999923706055,47.0,48.060001373291016,11578800
2024-02-14,46.841983795166016,47.75,48.02000045776367,47.2400016784668,48.02000045776367,9389200
2024-02-15,47.65620803833008,48.58000183105469,48.869998931884766,47.7400016784668,47.84999847412109,9901900
2024-02-16,47.646392822265625,48.56999969482422,48.88999938964844,48.2599983215332,48.70000076293945,6360500
2024-02-20,47.59734344482422,48.52000045776367,48.88999938964844,48.2599983215332,48.5099983215332,10236400
2024-02-21,48.27421951293945,49.209999084472656,49.27999877929688,48.59000015258789,48.77999877929688,9695300
2024-02-22,48.323272705078125,49.2599983215332,49.59999847412109,48.83000183105469,49.16999816894531,8047900
2024-02-23,47.891639709472656,48.81999969482422,49.06999969482422,48.41999816894531,48.880001068115234,7420700
2024-02-26,47.6365852355957,48.560001373291016,49.02000045776367,48.40999984741211,48.70000076293945,5793800
2024-02-27,47.53848648071289,48.459999084472656,49.0099983215332,48.15999984741211,48.93000030517578,8009200
2024-02-28,47.24419021606445,48.15999984741211,48.7400016784668,47.95000076293945,48.2400016784668,6991600
2024-02-29,47.41095733642578,48.33000183105469,48.880001068115234,48.130001068115234,48.56999969482422,12542800
2024-03-01,48.41156005859375,49.34999847412109,49.720001220703125,48.810001373291016,49.0,7879300
2024-03-04,48.480228424072266,49.41999816894531,49.959999084472656,49.0099983215332,49.54999923706055,7684100
2024-03-05,48.71566390991211,49.65999984741211,50.040000915527344,49.209999084472656,49.209999084472656,6684300
2024-03-06,49.07862854003906,50.02999877929688,50.52000045776367,49.59999847412109,50.5,7861000
2024-03-07,49.81436538696289,50.77999877929688,50.95000076293945,49.91999816894531,49.9900016784668,8501400
2024-03-08,49.44159698486328,50.400001525878906,50.81999969482422,50.18000030517578,50.68999862670898,7026500
2024-03-11,50.550106048583984,51.52999877929688,51.58000183105469,50.119998931884766,50.119998931884766,10392700
2024-03-12,50.58934783935547,51.56999969482422,51.84000015258789,51.06999969482422,51.84000015258789,6986100
2024-03-13,51.57033157348633,52.56999969482422,52.72999954223633,51.97999954223633,52.2599983215332,8861000
2024-03-14,52.21778106689453,53.22999954223633,53.720001220703125,52.79999923706055,52.79999923706055,9387200
2024-03-15,51.864627838134766,52.869998931884766,53.91999816894531,52.79999923706055,52.79999923706055,16718500
2024-03-18,52.41397857666016,53.43000030517578,53.68000030517578,52.70000076293945,53.20000076293945,5667300
2024-03-19,53.44400787353516,54.47999954223633,54.54999923706055,53.459999084472656,53.52999877929688,7467600
2024-03-20,53.36553192138672,54.400001525878906,54.56999969482422,53.91999816894531,54.119998931884766,6819300
2024-03-21,53.40476989746094,54.43999862670898,54.79999923706055,54.33000183105469,54.47999954223633,6457200
2024-03-22,52.96332931518555,53.9900016784668,55.08000183105469,53.58000183105469,54.68999862670898,9009500
2024-03-25,53.27724075317383,54.310001373291016,54.7400016784668,54.20000076293945,54.290000915527344,7975300
2024-03-26,53.041805267333984,54.06999969482422,54.59999847412109,53.970001220703125,54.380001068115234,5912600
2024-03-27,53.85602569580078,54.900001525878906,54.91999816894531,53.900001525878906,54.04999923706055,6995700
2024-03-28,53.76773452758789,54.810001373291016,55.68999862670898,54.68000030517578,55.41999816894531,8032400
2024-04-01,54.16993713378906,55.220001220703125,55.4900016784668,54.43000030517578,55.150001525878906,4871500
2024-04-02,53.64020538330078,54.68000030517578,55.25,53.18000030517578,54.95000076293945,18540100
2024-04-03,53.8167839050293,54.86000061035156,55.34999847412109,54.290000915527344,55.2400016784668,13255900
2024-04-04,53.23799896240234,54.27000045776367,55.0,53.970001220703125,54.86000061035156,12040800
2024-04-05,53.98354721069336,55.02999877929688,55.290000915527344,53.97999954223633,54.5,10008800
2024-04-08,53.01237869262695,54.040000915527344,55.650001525878906,53.959999084472656,55.43999862670898,8975900
2024-04-09,53.1399040222168,54.16999816894531,54.61000061035156,53.869998931884766,54.5,6686500
2024-04-10,53.16933441162109,54.20000076293945,54.52000045776367,53.29999923706055,53.880001068115234,8179200
2024-04-11,52.9731330871582,54.0,54.369998931884766,53.150001525878906,54.29999923706055,7522300
2024-04-12,51.01116561889648,52.0,54.630001068115234,51.869998931884766,54.09999847412109,13005100
2024-04-15,50.68743896484375,51.66999816894531,52.90999984741211,51.45000076293945,52.70000076293945,9480000
2024-04-16,50.43238830566406,51.40999984741211,51.70000076293945,50.68999862670898,51.5,10349000
2024-04-17,49.84379959106445,50.810001373291016,51.959999084472656,50.75,51.540000915527344,7821600
2024-04-18,49.9713249206543,50.93999862670898,51.77000045776367,50.79999923706055,51.18999862670898,8422100
2024-04-19,48.90205001831055,49.84999847412109,50.77000045776367,49.02000045776367,49.65999984741211,16839600
2024-04-22,48.56851577758789,49.5099983215332,50.04999923706055,48.70000076293945,49.369998931884766,10880000
2024-04-23,48.607757568359375,49.54999923706055,49.84000015258789,48.93000030517578,49.25,11136300
2024-04-24,48.17612457275391,49.11000061035156,49.709999084472656,48.619998931884766,49.2400016784668,10180400
2024-04-25,48.499847412109375,49.43999862670898,49.630001068115234,48.65999984741211,49.27999877929688,7966900
2024-04-26,48.2644157409668,49.20000076293945,49.650001525878906,48.9900016784668,49.33000183105469,8250900
2024-04-29,48.27421951293945,49.209999084472656,49.400001525878906,48.61000061035156,49.04999923706055,8941700
2024-04-30,46.57712173461914,47.47999954223633,49.34999847412109,47.43000030517578,48.93000030517578,14143700
2024-05-01,46.2632064819336,47.15999984741211,47.77999877929688,46.91999816894531,47.400001525878906,11217900
2024-05-02,46.67522048950195,47.58000183105469,48.0,47.2599983215332,47.560001373291016,8933600
2024-05-03,46.75369644165039,47.65999984741211,47.970001220703125,47.130001068115234,47.970001220703125,11007400
2024-05-06,47.047996520996094,47.959999084472656,48.54999923706055,47.810001373291016,48.08000183105469,9857700
2024-05-07,47.253997802734375,48.16999816894531,48.43999862670898,47.790000915527344,47.93999862670898,8587000
2024-05-08,46.94989776611328,47.86000061035156,48.18000030517578,47.58000183105469,47.650001525878906,6453400
2024-05-09,47.55810546875,48.47999954223633,48.630001068115234,47.95000076293945,48.040000915527344,6367600
2024-05-10,47.57772445678711,48.5,48.83000183105469,48.130001068115234,48.77000045776367,9206600
2024-05-13,47.82297134399414,48.75,48.95000076293945,48.54999923706055,48.7400016784668,6555800
2024-05-14,47.6954460144043,48.619998931884766,49.0,48.0099983215332,48.900001525878906,8404900
2024-05-15,47.39134216308594,48.310001373291016,48.66999816894531,47.400001525878906,48.66999816894531,6939700
2024-05-16,47.499244689941406,48.41999816894531,48.65999984741211,47.970001220703125,47.97999954223633,7625100
2024-05-17,47.666015625,48.59000015258789,48.77000045776367,48.290000915527344,48.70000076293945,5534400
2024-05-20,47.31285858154297,48.22999954223633,48.66999816894531,47.880001068115234,48.59999847412109,6877400
2024-05-21,47.37172317504883,48.290000915527344,49.119998931884766,48.20000076293945,48.2400016784668,6926500
2024-05-22,45.59613800048828,46.47999954223633,48.290000915527344,46.25,48.220001220703125,11801400
2024-05-23,45.43917846679688,46.31999969482422,47.150001525878906,46.040000915527344,46.619998931884766,8766100
2024-05-24,45.36070251464844,46.2400016784668,46.869998931884766,46.119998931884766,46.59000015258789,6800300
2024-05-28,45.64518356323242,46.52999877929688,47.22999954223633,46.31999969482422,46.540000915527344,10387400
2024-05-29,44.77210998535156,45.63999938964844,46.41999816894531,45.40999984741211,46.0,13138900
2024-05-30,44.72306060791016,45.59000015258789,46.18000030517578,45.45000076293945,45.59999847412109,14337100
2024-05-31,45.01735305786133,45.88999938964844,46.02999877929688,45.459999084472656,45.65999984741211,41723600
2024-06-03,43.231964111328125,44.06999969482422,46.150001525878906,43.810001373291016,46.150001525878906,15482100
2024-06-04,42.58451461791992,43.40999984741211,43.86000061035156,42.959999084472656,43.75,15700900
2024-06-05,42.64868927001953,43.20000076293945,43.720001220703125,42.77999877929688,43.619998931884766,10660500
2024-06-06,43.10281753540039,43.65999984741211,43.75,42.77000045776367,43.06999969482422,10522200
2024-06-07,43.9814567565918,44.54999923706055,44.720001220703125,43.36000061035156,43.43000030517578,15023100
2024-06-10,44.40597152709961,44.97999954223633,45.29999923706055,43.93999862670898,44.54999923706055,12967800
2024-06-11,44.386226654052734,44.959999084472656,45.08000183105469,44.27000045776367,44.58000183105469,8300300
2024-06-12,44.1394157409668,44.709999084472656,45.5,44.66999816894531,45.41999816894531,8142100
2024-06-13,43.25090408325195,43.810001373291016,44.68000030517578,43.43000030517578,44.43999862670898,12180200
2024-06-14,42.45124053955078,43.0,43.459999084472656,42.61000061035156,43.459999084472656,12740300
2024-06-17,43.07320022583008,43.630001068115234,43.84999847412109,43.0099983215332,43.09999847412109,11065500
2024-06-18,43.872859954833984,44.43999862670898,45.18999862670898,43.810001373291016,44.27999877929688,13068900
2024-06-20,44.879844665527344,45.459999084472656,45.81999969482422,44.34000015258789,44.43999862670898,14612900
2024-06-21,45.077293395996094,45.65999984741211,46.0,45.459999084472656,45.66999816894531,26457000
2024-06-24,46.87406539916992,47.47999954223633,47.66999816894531,45.869998931884766,45.93999862670898,19090400
2024-06-25,46.91355514526367,47.52000045776367,47.63999938964844,46.90999984741211,46.97999954223633,14305000
2024-06-26,45.640018463134766,46.22999954223633,47.459999084472656,46.209999084472656,47.34999847412109,13501700
2024-06-27,46.410064697265625,47.0099983215332,47.040000915527344,46.38999938964844,46.47999954223633,9948000
2024-06-28,46.57789611816406,47.18000030517578,47.619998931884766,46.84000015258789,47.25,14139900
2024-07-01,45.98555374145508,46.58000183105469,47.47999954223633,46.47999954223633,47.47999954223633,8464000
2024-07-02,46.094146728515625,46.68999862670898,47.27000045776367,46.150001525878906,47.02000045776367,7927800
2024-07-03,46.70623779296875,47.310001373291016,47.540000915527344,46.90999984741211,47.02000045776367,6655500
2024-07-05,45.55116653442383,46.13999938964844,47.34000015258789,45.959999084472656,47.18000030517578,7917100
2024-07-08,45.6498908996582,46.2400016784668,46.34999847412109,45.77999877929688,46.0099983215332,5470400
2024-07-09,44.623165130615234,45.20000076293945,45.93000030517578,45.15999984741211,45.88999938964844,6740300
2024-07-10,44.70214080810547,45.27999877929688,45.29999923706055,44.77999877929688,45.09999847412109,8538300
2024-07-11,45.600528717041016,46.18999862670898,46.310001373291016,45.150001525878906,45.380001068115234,6239400
2024-07-12,45.82759094238281,46.41999816894531,46.7599983215332,46.15999984741211,46.7599983215332,6584000
2024-07-15,47.34794235229492,47.959999084472656,48.68000030517578,46.56999969482422,46.790000915527344,11441800
2024-07-16,48.09823989868164,48.720001220703125,48.95000076293945,47.43999862670898,47.5099983215332,8220200
2024-07-17,48.27594375610352,48.900001525878906,49.2599983215332,48.560001373291016,48.75,8453300
2024-07-18,48.09823989868164,48.720001220703125,49.34000015258789,48.58000183105469,48.77000045776367,10758700
2024-07-19,49.03611373901367,49.66999816894531,50.93999862670898,48.34999847412109,49.47999954223633,17681000
2024-07-22,48.80905151367188,49.43999862670898,50.52000045776367,49.22999954223633,49.34000015258789,11212800
2024-07-23,48.42402648925781,49.04999923706055,49.93000030517578,48.65999984741211,49.290000915527344,10099000
2024-07-24,47.41704559326172,48.02999877929688,49.18000030517578,47.86000061035156,49.09999847412109,8552900
2024-07-25,47.61449432373047,48.22999954223633,48.900001525878906,47.68999862670898,47.72999954223633,9608000
2024-07-26,48.20684051513672,48.83000183105469,49.310001373291016,48.15999984741211,48.790000915527344,8231500
2024-07-29,47.24921798706055,47.86000061035156,48.810001373291016,47.65999984741211,48.18000030517578,9104400
2024-07-30,47.00241088867188,47.61000061035156,47.95000076293945,47.150001525878906,47.540000915527344,9880400
2024-07-31,47.67373275756836,48.290000915527344,48.56999969482422,47.93999862670898,48.130001068115234,6599800
2024-08-01,46.06453323364258,46.65999984741211,48.33000183105469,46.25,48.27999877929688,8952100
2024-08-02,44.35660934448242,44.93000030517578,46.0099983215332,44.560001373291016,45.97999954223633,11848400
2024-08-05,43.21141052246094,43.77000045776367,44.29999923706055,43.31999969482422,43.47999954223633,13010800
2024-08-06,42.84613800048828,43.400001525878906,44.16999816894531,43.33000183105469,43.79999923706055,8364000
2024-08-07,42.313026428222656,42.86000061035156,44.41999816894531,42.810001373291016,43.9900016784668,9259000
2024-08-08,43.1324348449707,43.68999862670898,43.75,42.90999984741211,42.97999954223633,6697400
2024-08-09,42.99422073364258,43.54999923706055,43.810001373291016,43.31999969482422,43.47999954223633,5418000
2024-08-12,43.33975601196289,43.900001525878906,44.130001068115234,43.5,43.84000015258789,6599200
2024-08-13,43.21141052246094,43.77000045776367,43.970001220703125,43.38999938964844,43.59999847412109,5253400
2024-08-14,43.221282958984375,43.77999877929688,44.06999969482422,43.5,44.0,6305300
2024-08-15,44.46520614624024,45.040000915527344,45.119998931884766,44.34000015258789,44.470001220703125,7940000
2024-08-16,44.2085189819336,44.77999877929688,45.040000915527344,44.54999923706055,44.56999969482422,6013000
2024-08-19,44.78112411499024,45.36000061035156,45.77999877929688,45.0099983215332,45.13999938964844,8046500
2024-08-20,43.46809387207031,44.02999877929688,45.34000015258789,44.0099983215332,45.220001220703125,7409000
2024-08-21,43.63592529296875,44.20000076293945,44.68000030517578,44.11000061035156,44.540000915527344,5529900
2024-08-22,43.556941986083984,44.119998931884766,44.43999862670898,43.97999954223633,44.25,7164300
2024-08-23,44.54418182373047,45.119998931884766,45.29999923706055,44.38999938964844,44.5,6244500
2024-08-26,45.0180549621582,45.59999847412109,46.15999984741211,45.2400016784668,46.0,6222100
2024-08-27,44.46520614624024,45.040000915527344,45.540000915527344,44.77999877929688,45.45000076293945,5199400
2024-08-28,43.18179702758789,43.7400016784668,44.15999984741211,43.5099983215332,43.959999084472656,9866400
2024-08-29,43.61618041992188,44.18000030517578,44.41999816894531,43.40999984741211,44.2400016784668,8000800
2024-08-30,43.42860794067383,43.9900016784668,44.040000915527344,43.38999938964844,43.81999969482422,10174700
2024-09-03,41.750301361083984,42.290000915527344,43.18999862670898,42.0,43.15999984741211,12685000
2024-09-04,41.0596809387207,41.31999969482422,42.38999938964844,41.27000045776367,42.040000915527344,10048600
2024-09-05,40.96031188964844,41.220001220703125,41.79999923706055,40.959999084472656,41.68999862670898,10621900
2024-09-06,40.36408996582031,40.619998931884766,41.630001068115234,40.369998931884766,41.20000076293945,9864100
2024-09-09,40.15541458129883,40.40999984741211,41.16999816894531,40.34999847412109,40.79999923706055,11082500
2024-09-10,39.340579986572266,39.59000015258789,40.47999954223633,39.119998931884766,40.47999954223633,10782700
2024-09-11,39.32070541381836,39.56999969482422,39.77000045776367,38.65999984741211,39.560001373291016,15568300
2024-09-12,39.54925537109375,39.79999923706055,40.220001220703125,39.369998931884766,39.75,15405500
2024-09-13,39.70824813842773,39.959999084472656,40.5,39.5099983215332,40.11000061035156,17481700
2024-09-16,40.14547729492188,40.400001525878906,41.15999984741211,40.02999877929688,40.79999923706055,24556100
2024-09-17,41.23854446411133,41.5,41.68000030517578,40.43999862670898,40.52999877929688,18400300
2024-09-18,41.15904998779297,41.41999816894531,42.09000015258789,41.18000030517578,41.52000045776367,12663600
2024-09-19,42.48067092895508,42.75,43.27000045776367,42.02999877929688,42.70000076293945,17113300
2024-09-20,42.14281463623047,42.40999984741211,42.88999938964844,42.0,42.88999938964844,22881600
2024-09-23,42.62972640991211,42.900001525878906,43.209999084472656,42.380001068115234,42.54999923706055,12921100
2024-09-24,42.70922088623047,42.97999954223633,44.040000915527344,42.95000076293945,43.84000015258789,12006200
2024-09-25,41.54659271240234,41.810001373291016,43.0099983215332,41.65999984741211,42.79999923706055,12552400
2024-09-26,40.910621643066406,41.16999816894531,41.5099983215332,40.52999877929688,41.08000183105469,20933300
2024-09-27,42.0235710144043,42.290000915527344,42.31999969482422,41.59999847412109,41.70000076293945,14875800
2024-09-30,41.68571090698242,41.95000076293945,42.470001220703125,41.560001373291016,41.970001220703125,12219600
2024-10-01,42.86821365356445,43.13999938964844,43.59000015258789,41.7400016784668,41.75,14716500
2024-10-02,43.66317367553711,43.93999862670898,44.18000030517578,43.290000915527344,43.459999084472656,14614600
2024-10-03,44.6071891784668,44.88999938964844,44.93999862670898,43.540000915527344,43.93999862670898,13775400
2024-10-04,45.1735954284668,45.459999084472656,45.709999084472656,44.900001525878906,45.52999877929688,11294700
2024-10-07,45.30278015136719,45.59000015258789,46.15999984741211,45.380001068115234,45.59999847412109,8963600
2024-10-08,43.86191177368164,44.13999938964844,45.16999816894531,43.970001220703125,44.95000076293945,13404700
2024-10-09,43.93147277832031,44.209999084472656,44.43000030517578,43.630001068115234,43.77999877929688,9980700
2024-10-10,44.31901550292969,44.59999847412109,45.119998931884766,44.25,44.58000183105469,9707400
2024-10-11,44.49787902832031,44.77999877929688,44.959999084472656,44.27999877929688,44.31999969482422,8892300
2024-10-14,44.41838836669922,44.70000076293945,44.720001220703125,44.220001220703125,44.38999938964844,7048100
2024-10-15,42.67941284179688,42.95000076293945,43.90999984741211,42.88999938964844,43.56999969482422,10230900
2024-10-16,43.40481185913086,43.68000030517578,43.68999862670898,43.11000061035156,43.38999938964844,8692900
2024-10-17,43.71286010742188,43.9900016784668,44.04999923706055,43.290000915527344,43.5,14481300
2024-10-18,41.65589904785156,41.91999816894531,44.09000015258789,41.88999938964844,43.9900016784668,21355900
2024-10-21,42.162689208984375,42.43000030517578,42.93999862670898,42.08000183105469,42.08000183105469,13839400
2024-10-22,41.66583633422852,41.93000030517578,42.7400016784668,41.790000915527344,42.72999954223633,11377900
2024-10-23,41.86457824707031,42.130001068115234,42.33000183105469,41.63999938964844,41.880001068115234,11117900
2024-10-24,40.99011993408203,41.25,42.130001068115234,41.20000076293945,41.900001525878906,13897100
2024-10-25,41.47703552246094,41.7400016784668,42.15999984741211,41.36000061035156,41.54999923706055,15345700
2024-10-28,41.12923812866211,41.38999938964844,41.619998931884766,40.400001525878906,40.619998931884766,10589900
2024-10-29,40.175289154052734,40.43000030517578,41.310001373291016,40.220001220703125,41.310001373291016,15895600
2024-10-30,39.89705276489258,40.150001525878906,40.84999847412109,40.119998931884766,40.54999923706055,12252100
2024-10-31,39.81755447387695,40.06999969482422,40.59000015258789,40.0099983215332,40.400001525878906,14264900
2024-11-01,39.50950622558594,39.7599983215332,40.38999938964844,39.68999862670898,40.15999984741211,12605900
2024-11-04,40.06597900390625,40.31999969482422,40.59999847412109,39.86000061035156,39.90999984741211,11103000
2024-11-05,40.29452896118164,40.54999923706055,40.75,40.15999984741211,40.400001525878906,10810900
2024-11-06,43.49424362182617,43.77000045776367,44.33000183105469,41.75,42.52000045776367,25379300
2024-11-07,42.967586517333984,43.2400016784668,43.90999984741211,42.7400016784668,43.75,15426700
2024-11-08,42.907962799072266,43.18000030517578,43.5099983215332,42.52999877929688,42.9900016784668,13598100
2024-11-11,44.01097106933594,44.290000915527344,44.43999862670898,43.20000076293945,43.290000915527344,12193700
2024-11-12,44.05072021484375,44.33000183105469,44.970001220703125,44.20000076293945,44.400001525878906,13725800
2024-11-13,43.31538009643555,43.59000015258789,44.5,43.220001220703125,44.470001220703125,9900400
2024-11-14,43.17626190185547,43.45000076293945,44.0,43.02000045776367,43.81999969482422,10061400
2024-11-15,42.907962799072266,43.18000030517578,43.970001220703125,42.86000061035156,43.36000061035156,9632100
2024-11-18,43.21601104736328,43.4900016784668,43.93999862670898,43.18000030517578,43.84000015258789,6955500
2024-11-19,42.82846450805664,43.09999847412109,43.4900016784668,42.65999984741211,42.720001220703125,8178400
2024-11-20,43.25575637817383,43.52999877929688,43.650001525878906,42.91999816894531,43.25,8329600
2024-11-21,43.78242111206055,44.060001373291016,44.54999923706055,43.63999938964844,43.84999847412109,11529000
2024-11-22,43.95134735107422,44.22999954223633,44.70000076293945,44.040000915527344,44.15999984741211,9015500
2024-11-25,43.47437286376953,43.75,44.970001220703125,43.619998931884766,44.630001068115234,14173200
2024-11-26,43.20606994628906,43.47999954223633,43.88999938964844,43.18000030517578,43.869998931884766,11192300
2024-11-27,43.38493728637695,43.65999984741211,44.29999923706055,43.4900016784668,43.59999847412109,8297200
2024-11-29,43.66317367553711,43.93999862670898,44.08000183105469,43.650001525878906,43.79999923706055,4143300
2024-12-02,43.35512924194336,43.630001068115234,43.93000030517578,43.040000915527344,43.83000183105469,8511400
2024-12-03,43.37500381469727,43.650001525878906,44.22999954223633,43.09999847412109,44.20000076293945,7429600
2024-12-04,42.7400016784668,42.7400016784668,43.45000076293945,42.31999969482422,43.34999847412109,10231100
2024-12-05,42.02000045776367,42.02000045776367,43.150001525878906,41.959999084472656,42.959999084472656,8466500
2024-12-06,40.959999084472656,40.959999084472656,41.900001525878906,40.84000015258789,41.75,15727500
2024-12-09,41.16999816894531,41.16999816894531,41.7400016784668,41.119998931884766,41.5,10656900
2024-12-10,40.869998931884766,40.869998931884766,41.59999847412109,40.470001220703125,41.11000061035156,10075800
2024-12-11,41.560001373291016,41.560001373291016,41.790000915527344,40.970001220703125,41.09999847412109,9958300
2024-12-12,41.09999847412109,41.09999847412109,41.61000061035156,41.0099983215332,41.52999877929688,7309700
2024-12-13,40.220001220703125,40.220001220703125,41.15999984741211,40.06999969482422,41.13999938964844,10763100
2024-12-16,39.880001068115234,39.880001068115234,41.02000045776367,39.77000045776367,40.09999847412109,14900700
2024-12-17,38.93000030517578,38.93000030517578,39.59999847412109,38.70000076293945,39.380001068115234,18705300
2024-12-18,37.33000183105469,37.33000183105469,39.209999084472656,37.27999877929688,38.970001220703125,15657400
2024-12-19,36.90999984741211,36.90999984741211,37.86000061035156,36.52000045776367,37.7400016784668,16159200
2024-12-20,36.83000183105469,36.83000183105469,37.380001068115234,36.619998931884766,36.83000183105469,36346900
2024-12-23,,37.2599983215332,37.380001068115234,36.650001525878906,36.77000045776367,10833900
2024-12-24,,37.72999954223633,37.77000045776367,36.88999938964844,37.27999877929688,4555400
2024-12-26,,37.72999954223633,37.869998931884766,37.25,37.7400016784668,8145400
2024-12-27,,37.79999923706055,38.310001373291016,37.5,37.63999938964844,9492600
2024-12-30,,37.810001373291016,37.93000030517578,37.2400016784668,37.63999938964844,10992000
2024-12-31,,38.34000015258789,38.58000183105469,37.84999847412109,37.869998931884766,7815200
2025-01-02,,38.400001525878906,39.43000030517578,38.25,38.86000061035156,11557000
2025-01-03,,38.59000015258789,38.7400016784668,38.029998779296875,38.68000030517578,10312700
