Price,Adj Close,Close,High,Low,Open,Volume
Ticker,L,L,L,L,L,L
Date,,,,,,
1995-01-03,5.780777931213379,7.3229169845581055,7.3229169845581055,7.21875,7.2291669845581055,602400
1995-01-04,5.887674808502197,7.4583330154418945,7.4583330154418945,7.3541669845581055,7.3645830154418945,841200
1995-01-05,5.904118537902832,7.4791669845581055,7.5,7.4583330154418945,7.4583330154418945,711600
1995-01-06,5.863004684448242,7.4270830154418945,7.5,7.40625,7.4791669845581055,802800
1995-01-09,5.87945032119751,7.4479169845581055,7.5,7.4270830154418945,7.4270830154418945,919200
1995-01-10,5.928790092468262,7.5104169845581055,7.5625,7.46875,7.46875,852000
1995-01-11,5.978128433227539,7.5729169845581055,7.59375,7.5208330154418945,7.53125,550800
1995-01-12,6.019241809844971,7.625,7.65625,7.59375,7.6145830154418945,686400
1995-01-13,6.085024833679199,7.7083330154418945,7.7083330154418945,7.6354169845581055,7.6354169845581055,798000
1995-01-16,6.150812149047852,7.7916669845581055,7.8020830154418945,7.7291669845581055,7.7291669845581055,914400
1995-01-17,6.142586708068848,7.78125,7.8229169845581055,7.7604169845581055,7.7708330154418945,1004400
1995-01-18,6.150812149047852,7.7916669845581055,7.7916669845581055,7.7291669845581055,7.7916669845581055,651600
1995-01-19,6.101473331451416,7.7291669845581055,7.7916669845581055,7.71875,7.7916669845581055,522000
1995-01-20,6.052133083343506,7.6666669845581055,7.75,7.6666669845581055,7.75,516000
1995-01-23,6.068577766418457,7.6875,7.6875,7.6458330154418945,7.6666669845581055,716400
1995-01-24,6.076805591583252,7.6979169845581055,7.71875,7.6770830154418945,7.6979169845581055,597600
1995-01-25,6.093250274658203,7.71875,7.7395830154418945,7.6875,7.6875,585600
1995-01-26,6.085024833679199,7.7083330154418945,7.71875,7.65625,7.7083330154418945,494400
1995-01-27,6.101473331451416,7.7291669845581055,7.7291669845581055,7.65625,7.6875,1309200
1995-01-30,6.109715938568115,7.71875,7.75,7.71875,7.7291669845581055,387600
1995-01-31,6.0932297706604,7.6979169845581055,7.7291669845581055,7.6979169845581055,7.7291669845581055,373200
1995-02-01,6.150942325592041,7.7708330154418945,7.78125,7.6770830154418945,7.6875,804000
1995-02-02,6.159186840057373,7.78125,7.8020830154418945,7.75,7.7916669845581055,505200
1995-02-03,6.2169060707092285,7.8541669845581055,7.8645830154418945,7.7604169845581055,7.7708330154418945,1789200
1995-02-06,6.324092864990234,7.9895830154418945,7.9895830154418945,7.8541669845581055,7.8541669845581055,1105200
1995-02-07,6.348827838897705,8.020833015441895,8.020833015441895,7.9791669845581055,8.0,1360800
1995-02-08,6.365318298339844,8.041666984558105,8.052083015441895,8.0,8.0,662400
1995-02-09,6.365318298339844,8.041666984558105,8.083333015441895,8.020833015441895,8.041666984558105,906000
1995-02-10,6.332338333129883,8.0,8.041666984558105,7.9895830154418945,8.041666984558105,472800
1995-02-13,6.315846920013428,7.9791669845581055,7.9895830154418945,7.96875,7.9895830154418945,288000
1995-02-14,6.340585708618164,8.010416984558105,8.010416984558105,7.96875,7.9895830154418945,246000
1995-02-15,6.439525127410889,8.135416984558105,8.15625,7.9583330154418945,8.020833015441895,906000
1995-02-16,6.431278705596924,8.125,8.135416984558105,8.09375,8.135416984558105,621600
1995-02-17,6.431278705596924,8.125,8.145833015441895,8.072916984558105,8.125,1083600
1995-02-21,6.324092864990234,7.9895830154418945,8.0625,7.9791669845581055,8.0625,3717600
1995-02-22,6.233396530151367,7.875,7.9791669845581055,7.875,7.96875,961200
1995-02-23,6.324092864990234,7.9895830154418945,8.020833015441895,7.8958330154418945,7.8958330154418945,1440000
1995-02-24,6.365318298339844,8.041666984558105,8.041666984558105,7.96875,7.96875,362400
1995-02-27,6.340585708618164,8.010416984558105,8.0625,8.010416984558105,8.0625,610800
1995-02-28,6.406543254852295,8.09375,8.09375,8.010416984558105,8.03125,319200
1995-03-01,6.340585708618164,8.010416984558105,8.083333015441895,8.0,8.072916984558105,440400
1995-03-02,6.348827838897705,8.020833015441895,8.03125,7.9895830154418945,8.0,510000
1995-03-03,6.332338333129883,8.0,8.03125,7.9895830154418945,8.03125,136800
1995-03-06,6.406543254852295,8.09375,8.09375,8.010416984558105,8.020833015441895,728400
1995-03-07,6.348827838897705,8.020833015441895,8.09375,8.0,8.09375,488400
1995-03-08,6.340585708618164,8.010416984558105,8.03125,8.0,8.020833015441895,334800
1995-03-09,6.373565673828125,8.052083015441895,8.072916984558105,8.020833015441895,8.03125,490800
1995-03-10,6.381807804107666,8.0625,8.072916984558105,8.041666984558105,8.0625,417600
1995-03-13,6.381807804107666,8.0625,8.072916984558105,8.041666984558105,8.0625,256800
1995-03-14,6.398299694061279,8.083333015441895,8.083333015441895,8.0,8.041666984558105,1495200
1995-03-15,6.456015586853027,8.15625,8.166666984558105,8.03125,8.03125,2395200
1995-03-16,6.464261531829834,8.166666984558105,8.1875,8.135416984558105,8.145833015441895,690000
1995-03-17,6.4972429275512695,8.208333015441895,8.21875,8.166666984558105,8.166666984558105,994800
1995-03-20,6.530223369598389,8.25,8.28125,8.229166984558105,8.229166984558105,987600
1995-03-21,6.505484580993652,8.21875,8.239583015441895,8.125,8.208333015441895,1014000
1995-03-22,6.447773456573486,8.145833015441895,8.25,8.145833015441895,8.208333015441895,1356000
1995-03-23,6.456015586853027,8.15625,8.166666984558105,8.072916984558105,8.125,424800
1995-03-24,6.530223369598389,8.25,8.25,8.145833015441895,8.145833015441895,378000
1995-03-27,6.52197790145874,8.239583015441895,8.260416984558105,8.229166984558105,8.25,1501200
1995-03-28,6.530223369598389,8.25,8.25,8.21875,8.239583015441895,756000
1995-03-29,6.480751991271973,8.1875,8.3125,8.177083015441895,8.270833015441895,2707200
1995-03-30,6.51373291015625,8.229166984558105,8.229166984558105,8.166666984558105,8.21875,417600
1995-03-31,6.51373291015625,8.229166984558105,8.239583015441895,8.177083015441895,8.21875,644400
1995-04-03,6.612679481506348,8.354166984558105,8.354166984558105,8.239583015441895,8.270833015441895,505200
1995-04-04,6.827050685882568,8.625,8.65625,8.416666984558105,8.427083015441895,1814400
1995-04-05,6.752846717834473,8.53125,8.6875,8.520833015441895,8.625,1269600
1995-04-06,6.71986198425293,8.489583015441895,8.541666984558105,8.416666984558105,8.541666984558105,686400
1995-04-07,6.678640365600586,8.4375,8.5,8.427083015441895,8.479166984558105,504000
1995-04-10,6.744601249694824,8.520833015441895,8.541666984558105,8.4375,8.458333015441895,524400
1995-04-11,6.777582168579102,8.5625,8.572916984558105,8.520833015441895,8.53125,499200
1995-04-12,6.736354351043701,8.510416984558105,8.5625,8.5,8.5625,322800
1995-04-13,6.744601249694824,8.520833015441895,8.541666984558105,8.510416984558105,8.510416984558105,216000
1995-04-17,6.736354351043701,8.510416984558105,8.53125,8.489583015441895,8.53125,277200
1995-04-18,6.711620807647705,8.479166984558105,8.572916984558105,8.479166984558105,8.5,396000
1995-04-19,6.711620807647705,8.479166984558105,8.510416984558105,8.46875,8.5,1218000
1995-04-20,6.695128440856934,8.458333015441895,8.489583015441895,8.4375,8.479166984558105,364800
1995-04-21,6.6621503829956055,8.416666984558105,8.46875,8.395833015441895,8.447916984558105,1312800
1995-04-24,6.579694271087647,8.3125,8.416666984558105,8.229166984558105,8.395833015441895,1453200
1995-04-25,6.637411594390869,8.385416984558105,8.40625,8.3125,8.322916984558105,648000
1995-04-26,6.620920181274414,8.364583015441895,8.416666984558105,8.364583015441895,8.40625,291600
1995-04-27,6.653903961181641,8.40625,8.427083015441895,8.333333015441895,8.385416984558105,250800
1995-04-28,6.71986198425293,8.489583015441895,8.510416984558105,8.395833015441895,8.4375,349200
1995-05-01,6.670271396636963,8.40625,8.489583015441895,8.385416984558105,8.489583015441895,404400
1995-05-02,6.62894344329834,8.354166984558105,8.416666984558105,8.34375,8.385416984558105,817200
1995-05-03,6.943033695220947,8.75,8.875,8.71875,8.833333015441895,5958000
1995-05-04,6.959564685821533,8.770833015441895,8.854166984558105,8.75,8.770833015441895,2845200
1995-05-05,7.10834264755249,8.958333015441895,8.958333015441895,8.770833015441895,8.791666984558105,2599200
1995-05-08,7.2653889656066895,9.15625,9.15625,8.958333015441895,8.958333015441895,3458400
1995-05-09,7.314975738525391,9.21875,9.229166984558104,9.09375,9.166666984558104,31569600
1995-05-10,7.438963890075684,9.375,9.375,9.197916984558104,9.208333015441896,10305600
1995-05-11,7.546414852142334,9.510416984558104,9.510416984558104,9.270833015441896,9.3125,2587200
1995-05-12,7.52988338470459,9.489583015441896,9.572916984558104,9.447916984558104,9.510416984558104,2235600
1995-05-15,7.629064559936523,9.614583015441896,9.635416984558104,9.458333015441896,9.489583015441896,2017200
1995-05-16,7.587743759155273,9.5625,9.729166984558104,9.552083015441896,9.729166984558104,1881600
1995-05-17,7.60427713394165,9.583333015441896,9.604166984558104,9.552083015441896,9.572916984558104,835200
1995-05-18,7.562950611114502,9.53125,9.572916984558104,9.510416984558104,9.5625,945600
1995-05-19,7.587743759155273,9.5625,9.59375,9.520833015441896,9.53125,2032800
1995-05-22,7.662132263183594,9.65625,9.729166984558104,9.5625,9.5625,1642800
1995-05-23,7.596010684967041,9.572916984558104,9.635416984558104,9.53125,9.635416984558104,1162800
1995-05-24,7.662132263183594,9.65625,9.6875,9.572916984558104,9.583333015441896,897600
1995-05-25,7.736520290374756,9.75,9.78125,9.65625,9.666666984558104,2103600
1995-05-26,7.761317729949951,9.78125,9.802083015441896,9.739583015441896,9.75,1718400
1995-05-30,7.794385433197021,9.822916984558104,9.84375,9.791666984558104,9.822916984558104,2088000
1995-05-31,7.860507965087891,9.90625,9.916666984558104,9.802083015441896,9.802083015441896,2697600
1995-06-01,7.918365955352783,9.979166984558104,9.989583015441896,9.885416984558104,9.90625,1266000
1995-06-02,7.984488010406494,10.0625,10.083333015441896,9.947916984558104,9.96875,1329600
1995-06-05,7.959688663482666,10.03125,10.114583015441896,10.020833015441896,10.052083015441896,1167600
1995-06-06,7.959688663482666,10.03125,10.072916984558104,10.020833015441896,10.03125,824400
1995-06-07,7.835711479187012,9.875,10.041666984558104,9.833333015441896,10.010416984558104,981600
1995-06-08,7.753055095672607,9.770833015441896,9.895833015441896,9.770833015441896,9.791666984558104,1819200
1995-06-09,7.703457832336426,9.708333015441896,9.770833015441896,9.583333015441896,9.770833015441896,2664000
1995-06-12,7.736520290374756,9.75,9.8125,9.729166984558104,9.729166984558104,1168800
1995-06-13,7.728253364562988,9.739583015441896,9.770833015441896,9.6875,9.75,1437600
1995-06-14,7.744787693023682,9.760416984558104,9.791666984558104,9.739583015441896,9.760416984558104,1156800
1995-06-15,7.761317729949951,9.78125,9.822916984558104,9.75,9.760416984558104,698400
1995-06-16,7.827442169189453,9.864583015441896,9.875,9.791666984558104,9.822916984558104,1825200
1995-06-19,7.89356517791748,9.947916984558104,9.947916984558104,9.875,9.875,688800
1995-06-20,7.877036571502685,9.927083015441896,9.947916984558104,9.833333015441896,9.947916984558104,480000
1995-06-21,7.868772029876709,9.916666984558104,9.947916984558104,9.854166984558104,9.927083015441896,525600
1995-06-22,7.943160057067871,10.010416984558104,10.125,9.96875,9.96875,1383600
1995-06-23,7.80264139175415,9.833333015441896,10.020833015441896,9.822916984558104,9.958333015441896,777600
1995-06-26,7.719992637634277,9.729166984558104,9.84375,9.71875,9.833333015441896,867600
1995-06-27,7.80264139175415,9.833333015441896,9.90625,9.770833015441896,9.770833015441896,583200
1995-06-28,7.918365955352783,9.979166984558104,10.052083015441896,9.78125,9.8125,937200
1995-06-29,8.042346000671387,10.135416984558104,10.15625,9.90625,9.979166984558104,2268000
1995-06-30,8.001015663146973,10.083333015441896,10.166666984558104,10.083333015441896,10.145833015441896,2094000
1995-07-03,8.009285926818848,10.09375,10.09375,10.03125,10.072916984558104,261600
1995-07-05,8.001015663146973,10.083333015441896,10.145833015441896,10.083333015441896,10.114583015441896,1366800
1995-07-06,8.083675384521484,10.1875,10.1875,10.0,10.083333015441896,1485600
1995-07-07,8.075407028198242,10.177083015441896,10.25,10.145833015441896,10.166666984558104,771600
1995-07-10,8.141535758972168,10.260416984558104,10.333333015441896,10.197916984558104,10.197916984558104,552000
1995-07-11,8.191126823425293,10.322916984558104,10.34375,10.177083015441896,10.25,1152000
1995-07-12,8.224186897277832,10.364583015441896,10.40625,10.302083015441896,10.302083015441896,1458000
1995-07-13,8.133262634277344,10.25,10.291666984558104,10.197916984558104,10.291666984558104,536400
1995-07-14,8.042346000671387,10.135416984558104,10.239583015441896,10.09375,10.104166984558104,1497600
1995-07-17,7.992759704589844,10.072916984558104,10.145833015441896,10.03125,10.125,2380800
1995-07-18,7.88530158996582,9.9375,10.135416984558104,9.90625,10.104166984558104,1887600
1995-07-19,7.835711479187012,9.875,9.989583015441896,9.854166984558104,9.927083015441896,1490400
1995-07-20,7.794385433197021,9.822916984558104,9.875,9.645833015441896,9.875,3040800
1995-07-21,7.810912132263184,9.84375,9.885416984558104,9.802083015441896,9.84375,1576800
1995-07-24,8.001015663146973,10.083333015441896,10.083333015441896,9.802083015441896,9.8125,2205600
1995-07-25,8.108470916748047,10.21875,10.260416984558104,9.916666984558104,10.072916984558104,1593600
1995-07-26,8.067146301269531,10.166666984558104,10.291666984558104,10.072916984558104,10.197916984558104,1684800
1995-07-27,8.017557144165039,10.104166984558104,10.177083015441896,10.09375,10.166666984558104,842400
1995-07-28,8.009285926818848,10.09375,10.229166984558104,10.072916984558104,10.09375,440400
1995-07-31,7.959688663482666,10.03125,10.114583015441896,9.989583015441896,10.114583015441896,696000
1995-08-01,7.967955112457275,10.041666984558104,10.072916984558104,9.989583015441896,10.052083015441896,896400
1995-08-02,8.415226936340332,10.583333015441896,10.625,10.104166984558104,10.104166984558104,4723200
1995-08-03,8.348959922790527,10.5,10.541666984558104,10.416666984558104,10.541666984558104,2205600
1995-08-04,8.36552906036377,10.520833015441896,10.583333015441896,10.4375,10.541666984558104,1554000
1995-08-07,8.514617919921875,10.708333015441896,10.708333015441896,10.614583015441896,10.635416984558104,1382400
1995-08-08,8.514617919921875,10.708333015441896,10.729166984558104,10.697916984558104,10.708333015441896,1755600
1995-08-09,8.49804973602295,10.6875,10.729166984558104,10.635416984558104,10.697916984558104,1257600
1995-08-10,8.440069198608398,10.614583015441896,10.708333015441896,10.604166984558104,10.6875,1026000
1995-08-11,8.266134262084961,10.395833015441896,10.645833015441896,10.395833015441896,10.614583015441896,1092000
1995-08-14,8.423508644104004,10.59375,10.625,10.322916984558104,10.322916984558104,2223600
1995-08-15,8.415226936340332,10.583333015441896,10.604166984558104,10.520833015441896,10.604166984558104,1376400
1995-08-16,8.415226936340332,10.583333015441896,10.59375,10.552083015441896,10.59375,843600
1995-08-17,8.398652076721191,10.5625,10.604166984558104,10.40625,10.572916984558104,3309600
1995-08-18,8.423508644104004,10.59375,10.645833015441896,10.552083015441896,10.572916984558104,913200
1995-08-21,8.522899627685547,10.71875,10.78125,10.645833015441896,10.645833015441896,802800
1995-08-22,8.531182289123535,10.729166984558104,10.75,10.6875,10.71875,447600
1995-08-23,8.489765167236328,10.677083015441896,10.75,10.666666984558104,10.75,439200
1995-08-24,8.62228775024414,10.84375,10.84375,10.71875,10.71875,1366800
1995-08-25,8.680270195007324,10.916666984558104,11.0,10.84375,10.84375,1095600
1995-08-28,8.68854808807373,10.927083015441896,10.947916984558104,10.875,10.885416984558104,555600
1995-08-29,8.630570411682129,10.854166984558104,11.0625,10.854166984558104,10.927083015441896,1258800
1995-08-30,8.63885498046875,10.864583015441896,10.90625,10.822916984558104,10.895833015441896,897600
1995-08-31,8.70511531829834,10.947916984558104,10.947916984558104,10.78125,10.802083015441896,670800
1995-09-01,8.787946701049805,11.052083015441896,11.125,10.927083015441896,10.927083015441896,807600
1995-09-05,8.754809379577637,11.010416984558104,11.041666984558104,10.958333015441896,11.03125,1173600
1995-09-06,8.779661178588867,11.041666984558104,11.0625,10.947916984558104,11.0625,722400
1995-09-07,8.821074485778809,11.09375,11.104166984558104,10.96875,11.0625,876000
1995-09-08,8.821074485778809,11.09375,11.125,11.0,11.114583015441896,728400
1995-09-11,8.87905502319336,11.166666984558104,11.177083015441896,11.104166984558104,11.114583015441896,714000
1995-09-12,8.986724853515625,11.302083015441896,11.3125,11.15625,11.208333015441896,1244400
1995-09-13,9.069554328918455,11.40625,11.489583015441896,11.302083015441896,11.302083015441896,2024400
1995-09-14,9.193793296813965,11.5625,11.59375,11.5,11.5,1194000
1995-09-15,9.276625633239746,11.666666984558104,11.71875,11.604166984558104,11.645833015441896,2246400
1995-09-18,9.318038940429688,11.71875,11.760416984558104,11.645833015441896,11.645833015441896,948000
1995-09-19,9.243494987487791,11.625,11.739583015441896,11.572916984558104,11.729166984558104,1710000
1995-09-20,9.558234214782717,12.020833015441896,12.020833015441896,11.625,11.635416984558104,1746000
1995-09-21,9.42570972442627,11.854166984558104,12.03125,11.729166984558104,12.020833015441896,1784400
1995-09-22,9.342883110046388,11.75,11.84375,11.6875,11.75,482400
1995-09-25,9.49197006225586,11.9375,11.9375,11.729166984558104,11.760416984558104,588000
1995-09-26,9.44227695465088,11.875,12.0625,11.84375,11.958333015441896,949200
1995-09-27,9.342883110046388,11.75,11.90625,11.708333015441896,11.854166984558104,2102400
1995-09-28,9.641058921813965,12.125,12.125,11.78125,11.833333015441896,1410000
1995-09-29,9.690756797790527,12.1875,12.25,12.104166984558104,12.104166984558104,1346400
1995-10-02,9.715604782104492,12.21875,12.354166984558104,12.15625,12.208333015441896,1938000
1995-10-03,9.78187084197998,12.302083015441896,12.302083015441896,12.145833015441896,12.239583015441896,882000
1995-10-04,9.806716918945312,12.333333015441896,12.354166984558104,12.25,12.322916984558104,1278000
1995-10-05,9.83984661102295,12.375,12.375,12.28125,12.333333015441896,1123200
1995-10-06,9.922672271728516,12.479166984558104,12.520833015441896,12.375,12.416666984558104,1305600
1995-10-09,10.11317539215088,12.71875,12.71875,12.427083015441896,12.479166984558104,740400
1995-10-10,10.154590606689451,12.770833015441896,12.770833015441896,12.583333015441896,12.71875,1566000
1995-10-11,10.245697021484377,12.885416984558104,12.885416984558104,12.71875,12.739583015441896,1383600
1995-10-12,10.270546913146973,12.916666984558104,12.947916984558104,12.822916984558104,12.885416984558104,1548000
1995-10-13,10.253981590270996,12.895833015441896,12.947916984558104,12.885416984558104,12.90625,2516400
1995-10-16,10.22913932800293,12.864583015441896,12.90625,12.822916984558104,12.895833015441896,1527600
1995-10-17,10.262264251708984,12.90625,12.947916984558104,12.8125,12.864583015441896,2154000
1995-10-18,10.245697021484377,12.885416984558104,12.947916984558104,12.8125,12.927083015441896,1100400
1995-10-19,10.196003913879396,12.822916984558104,12.895833015441896,12.78125,12.885416984558104,1371600
1995-10-20,9.889540672302246,12.4375,12.802083015441896,12.4375,12.802083015441896,1119600
1995-10-23,9.964086532592772,12.53125,12.604166984558104,12.197916984558104,12.416666984558104,1356000
1995-10-24,10.005499839782717,12.583333015441896,12.65625,12.541666984558104,12.552083015441896,1189200
1995-10-25,9.674190521240234,12.166666984558104,12.635416984558104,12.072916984558104,12.583333015441896,1316400
1995-10-26,9.376017570495604,11.791666984558104,12.3125,11.760416984558104,12.1875,1616400
1995-10-27,9.591363906860352,12.0625,12.135416984558104,11.59375,11.614583015441896,1776000
1995-10-30,9.541666984558104,12.0,12.177083015441896,11.9375,12.072916984558104,966000
1995-10-31,9.715604782104492,12.21875,12.34375,11.979166984558104,11.979166984558104,1476000
1995-11-01,9.748851776123049,12.21875,12.458333015441896,12.125,12.15625,1275600
1995-11-02,9.890141487121582,12.395833015441896,12.4375,12.229166984558104,12.229166984558104,818400
1995-11-03,9.798712730407717,12.28125,12.427083015441896,12.25,12.395833015441896,756000
1995-11-06,9.765472412109377,12.239583015441896,12.291666984558104,12.21875,12.291666984558104,676800
1995-11-07,9.674049377441406,12.125,12.229166984558104,12.0625,12.229166984558104,981600
1995-11-08,9.765472412109377,12.239583015441896,12.239583015441896,12.177083015441896,12.1875,930000
1995-11-09,9.773786544799805,12.25,12.25,12.041666984558104,12.239583015441896,1300800
1995-11-10,9.740537643432615,12.208333015441896,12.25,12.177083015441896,12.229166984558104,447600
1995-11-13,9.690671920776367,12.145833015441896,12.239583015441896,12.125,12.229166984558104,625200
1995-11-14,9.748851776123049,12.21875,12.229166984558104,12.104166984558104,12.104166984558104,364800
1995-11-15,9.773786544799805,12.25,12.25,12.09375,12.177083015441896,716400
1995-11-16,9.989870071411133,12.520833015441896,12.53125,12.291666984558104,12.291666984558104,2818800
1995-11-17,10.081291198730469,12.635416984558104,12.708333015441896,12.520833015441896,12.520833015441896,1009200
1995-11-20,10.30568790435791,12.916666984558104,12.916666984558104,12.708333015441896,12.729166984558104,1051200
1995-11-21,10.30568790435791,12.916666984558104,12.9375,12.885416984558104,12.916666984558104,919200
1995-11-22,10.27244758605957,12.875,12.916666984558104,12.75,12.916666984558104,1002000
1995-11-24,10.27244758605957,12.875,12.90625,12.854166984558104,12.885416984558104,130800
1995-11-27,10.23088836669922,12.822916984558104,12.90625,12.802083015441896,12.875,836400
1995-11-28,10.280754089355469,12.885416984558104,12.916666984558104,12.75,12.822916984558104,771600
1995-11-29,10.247512817382812,12.84375,12.895833015441896,12.645833015441896,12.895833015441896,820800
1995-11-30,10.20595645904541,12.791666984558104,12.885416984558104,12.78125,12.864583015441896,417600
1995-12-01,10.239200592041016,12.833333015441896,12.875,12.708333015441896,12.708333015441896,542400
1995-12-04,10.25582504272461,12.854166984558104,12.90625,12.8125,12.875,688200
1995-12-05,10.189335823059082,12.770833015441896,12.875,12.729166984558104,12.875,1064400
1995-12-06,10.289067268371582,12.895833015441896,13.083333015441896,12.875,12.9375,1560600
1995-12-07,10.27244758605957,12.875,12.9375,12.791666984558104,12.895833015441896,655200
1995-12-08,10.30568790435791,12.916666984558104,13.041666984558104,12.875,12.916666984558104,982800
1995-12-11,10.372179985046388,13.0,13.020833015441896,12.916666984558104,12.9375,1149600
1995-12-12,10.50515365600586,13.166666984558104,13.166666984558104,12.9375,13.0,1255200
1995-12-13,10.422043800354004,13.0625,13.166666984558104,12.958333015441896,13.166666984558104,786600
1995-12-14,10.289067268371582,12.895833015441896,13.0625,12.854166984558104,13.0625,802800
1995-12-15,10.388802528381348,13.020833015441896,13.041666984558104,12.958333015441896,13.0,2889600
1995-12-18,10.30568790435791,12.916666984558104,12.958333015441896,12.854166984558104,12.875,1957800
1995-12-19,10.355555534362791,12.979166984558104,13.020833015441896,12.8125,12.854166984558104,3100200
1995-12-20,10.30568790435791,12.916666984558104,12.979166984558104,12.916666984558104,12.958333015441896,844800
1995-12-21,10.355555534362791,12.979166984558104,13.041666984558104,12.916666984558104,12.9375,1985400
1995-12-22,10.372179985046388,13.0,13.0625,12.958333015441896,12.979166984558104,434400
1995-12-26,10.53839874267578,13.208333015441896,13.208333015441896,13.0,13.020833015441896,516600
1995-12-27,10.52177906036377,13.1875,13.3125,13.1875,13.25,783000
1995-12-28,10.438669204711914,13.083333015441896,13.1875,13.041666984558104,13.1875,1390800
1995-12-29,10.422043800354004,13.0625,13.125,13.020833015441896,13.104166984558104,908400
1996-01-02,10.30568790435791,12.916666984558104,13.083333015441896,12.875,13.083333015441896,795000
1996-01-03,10.20595645904541,12.791666984558104,13.0,12.708333015441896,12.958333015441896,1300200
1996-01-04,10.156089782714844,12.729166984558104,12.854166984558104,12.666666984558104,12.791666984558104,2109000
1996-01-05,10.122851371765137,12.6875,12.75,12.645833015441896,12.729166984558104,1501800
1996-01-08,10.322311401367188,12.9375,12.958333015441896,12.666666984558104,12.666666984558104,109800
1996-01-09,10.156089782714844,12.729166984558104,12.958333015441896,12.708333015441896,12.958333015441896,1411200
1996-01-10,10.189335823059082,12.770833015441896,12.854166984558104,12.6875,12.708333015441896,1395000
1996-01-11,10.239200592041016,12.833333015441896,12.895833015441896,12.6875,12.770833015441896,1186800
1996-01-12,10.172715187072754,12.75,12.854166984558104,12.729166984558104,12.791666984558104,1102800
1996-01-15,10.172715187072754,12.75,12.8125,12.708333015441896,12.75,1146000
1996-01-16,10.422043800354004,13.0625,13.0625,12.708333015441896,12.75,764400
1996-01-17,10.47191047668457,13.125,13.270833015441896,13.0625,13.083333015441896,1508400
1996-01-18,10.704625129699709,13.416666984558104,13.5,12.854166984558104,13.083333015441896,1108800
1996-01-19,10.6381254196167,13.333333015441896,13.416666984558104,13.291666984558104,13.375,1033200
1996-01-22,10.555021286010742,13.229166984558104,13.333333015441896,13.208333015441896,13.333333015441896,735600
1996-01-23,10.571650505065918,13.25,13.291666984558104,13.145833015441896,13.25,747600
1996-01-24,10.588268280029297,13.270833015441896,13.333333015441896,13.270833015441896,13.291666984558104,958200
1996-01-25,10.6381254196167,13.333333015441896,13.4375,13.270833015441896,13.270833015441896,1101600
1996-01-26,10.6381254196167,13.333333015441896,13.375,13.3125,13.3125,586800
1996-01-29,10.571650505065918,13.25,13.354166984558104,13.25,13.333333015441896,736200
1996-01-30,10.604884147644045,13.291666984558104,13.354166984558104,13.270833015441896,13.291666984558104,1041000
1996-01-31,11.021742820739746,13.770833015441896,13.895833015441896,13.375,13.375,3332400
1996-02-01,11.071769714355469,13.833333015441896,13.854166984558104,13.666666984558104,13.791666984558104,1344000
1996-02-02,10.83832836151123,13.541666984558104,13.791666984558104,13.541666984558104,13.791666984558104,766200
1996-02-05,10.871674537658691,13.583333015441896,13.604166984558104,13.5,13.541666984558104,1070400
1996-02-06,11.155143737792969,13.9375,14.104166984558104,13.520833015441896,13.583333015441896,1336200
1996-02-07,11.205169677734377,14.0,14.041666984558104,13.833333015441896,13.916666984558104,1249200
1996-02-08,11.205169677734377,14.0,14.0625,13.958333015441896,14.041666984558104,828000
1996-02-09,11.105116844177246,13.875,14.020833015441896,13.770833015441896,14.0,691800
1996-02-12,11.371906280517578,14.208333015441896,14.25,13.916666984558104,13.916666984558104,1269000
1996-02-13,11.355230331420898,14.1875,14.208333015441896,14.083333015441896,14.083333015441896,735000
1996-02-14,11.40525722503662,14.25,14.354166984558104,14.083333015441896,14.208333015441896,1072200
1996-02-15,11.438605308532717,14.291666984558104,14.3125,14.229166984558104,14.25,1537200
1996-02-16,11.421936988830566,14.270833015441896,14.3125,14.208333015441896,14.3125,1429200
1996-02-20,11.238512992858888,14.041666984558104,14.1875,14.020833015441896,14.1875,562800
1996-02-21,11.255181312561035,14.0625,14.145833015441896,13.958333015441896,14.0625,677400
1996-02-22,11.571998596191406,14.458333015441896,14.479166984558104,14.104166984558104,14.104166984558104,1542600
1996-02-23,11.67204761505127,14.583333015441896,14.708333015441896,14.5625,14.583333015441896,729600
1996-02-26,11.571998596191406,14.458333015441896,14.541666984558104,14.354166984558104,14.541666984558104,2275800
1996-02-27,11.455286979675291,14.3125,14.375,14.041666984558104,14.375,1275600
1996-02-28,11.571998596191406,14.458333015441896,14.666666984558104,14.333333015441896,14.416666984558104,1420800
1996-02-29,11.338555335998535,14.166666984558104,14.479166984558104,14.166666984558104,14.375,948000
1996-03-01,11.38858699798584,14.229166984558104,14.229166984558104,14.041666984558104,14.208333015441896,944400
1996-03-04,11.471951484680176,14.333333015441896,14.395833015441896,14.25,14.270833015441896,1095600
1996-03-05,11.40525722503662,14.25,14.3125,14.208333015441896,14.291666984558104,1068000
1996-03-06,11.305212020874023,14.125,14.3125,14.125,14.270833015441896,1066200
1996-03-07,11.355230331420898,14.1875,14.1875,14.083333015441896,14.145833015441896,625800
1996-03-08,10.821657180786133,13.520833015441896,14.145833015441896,13.5,14.145833015441896,1134600
1996-03-11,11.221840858459473,14.020833015441896,14.020833015441896,13.458333015441896,13.479166984558104,1231800
1996-03-12,10.88835334777832,13.604166984558104,13.9375,13.604166984558104,13.9375,996600
1996-03-13,10.804984092712402,13.5,13.625,13.375,13.625,1587000
1996-03-14,10.588216781616213,13.229166984558104,13.5,13.229166984558104,13.5,2351400
1996-03-15,10.50484561920166,13.125,13.229166984558104,13.083333015441896,13.229166984558104,2480400
1996-03-18,9.95458698272705,12.4375,13.166666984558104,12.375,13.145833015441896,4771800
1996-03-19,10.021288871765137,12.520833015441896,12.625,12.4375,12.520833015441896,5479200
1996-03-20,10.037956237792969,12.541666984558104,12.875,12.5,12.583333015441896,2707800
1996-03-21,10.071304321289062,12.583333015441896,12.770833015441896,12.5,12.583333015441896,1300800
1996-03-22,10.238056182861328,12.791666984558104,12.958333015441896,12.604166984558104,12.604166984558104,1720200
1996-03-25,10.071304321289062,12.583333015441896,12.854166984558104,12.5,12.833333015441896,906600
1996-03-26,10.054635047912598,12.5625,12.645833015441896,12.458333015441896,12.458333015441896,901800
1996-03-27,10.037956237792969,12.541666984558104,12.833333015441896,12.541666984558104,12.666666984558104,1105800
1996-03-28,10.087986946105955,12.604166984558104,12.6875,12.520833015441896,12.520833015441896,1455000
1996-03-29,10.071304321289062,12.583333015441896,12.666666984558104,12.520833015441896,12.645833015441896,2121000
1996-04-01,10.021288871765137,12.520833015441896,12.6875,12.520833015441896,12.625,1404000
1996-04-02,9.971258163452148,12.458333015441896,12.520833015441896,12.333333015441896,12.520833015441896,2115000
1996-04-03,10.037956237792969,12.541666984558104,12.583333015441896,12.4375,12.5,2158200
1996-04-04,10.288079261779783,12.854166984558104,12.895833015441896,12.5625,12.5625,1747800
1996-04-08,10.15468692779541,12.6875,12.770833015441896,12.583333015441896,12.770833015441896,2191200
1996-04-09,10.138004302978516,12.666666984558104,12.729166984558104,12.645833015441896,12.708333015441896,1860600
1996-04-10,9.93791389465332,12.416666984558104,12.645833015441896,12.333333015441896,12.645833015441896,2824800
1996-04-11,9.78785228729248,12.229166984558104,12.458333015441896,12.166666984558104,12.416666984558104,2989200
1996-04-12,10.021288871765137,12.520833015441896,12.541666984558104,12.25,12.25,1267800
1996-04-15,10.037956237792969,12.541666984558104,12.5625,12.458333015441896,12.541666984558104,1468800
1996-04-16,9.78785228729248,12.229166984558104,12.520833015441896,12.229166984558104,12.520833015441896,2292000
1996-04-17,9.93791389465332,12.416666984558104,12.5,12.270833015441896,12.270833015441896,2129400
1996-04-18,9.921239852905272,12.395833015441896,12.4375,12.3125,12.4375,778200
1996-04-19,10.037956237792969,12.541666984558104,12.666666984558104,12.416666984558104,12.416666984558104,1278600
1996-04-22,10.10466194152832,12.625,12.708333015441896,12.625,12.625,1002600
1996-04-23,10.15468692779541,12.6875,12.729166984558104,12.604166984558104,12.625,1321800
1996-04-24,10.121331214904783,12.645833015441896,12.833333015441896,12.604166984558104,12.729166984558104,1100400
1996-04-25,10.15468692779541,12.6875,12.8125,12.583333015441896,12.625,2562600
1996-04-26,10.138004302978516,12.666666984558104,12.770833015441896,12.666666984558104,12.770833015441896,1131600
1996-04-29,10.037956237792969,12.541666984558104,12.645833015441896,12.520833015441896,12.625,410400
1996-04-30,10.171356201171877,12.708333015441896,12.708333015441896,12.458333015441896,12.5,614400
1996-05-01,10.305188179016112,12.833333015441896,12.9375,12.770833015441896,12.770833015441896,1683000
1996-05-02,10.020791053771973,12.479166984558104,12.6875,12.479166984558104,12.666666984558104,1845600
1996-05-03,9.853503227233888,12.270833015441896,12.520833015441896,12.270833015441896,12.5,2987400
1996-05-06,9.836773872375488,12.25,12.354166984558104,12.083333015441896,12.270833015441896,2531400
1996-05-07,9.836773872375488,12.25,12.354166984558104,12.208333015441896,12.208333015441896,2334000
1996-05-08,10.05424976348877,12.520833015441896,12.541666984558104,12.270833015441896,12.291666984558104,1447200
1996-05-09,9.937149047851562,12.375,12.520833015441896,12.25,12.458333015441896,2347200
1996-05-10,10.070977210998535,12.541666984558104,12.583333015441896,12.395833015441896,12.458333015441896,2263800
1996-05-13,10.355376243591309,12.895833015441896,12.916666984558104,12.4375,12.541666984558104,1347000
1996-05-14,10.338647842407228,12.875,13.020833015441896,12.791666984558104,12.916666984558104,958800
1996-05-15,10.288456916809082,12.8125,12.958333015441896,12.791666984558104,12.854166984558104,995400
1996-05-16,10.255002975463867,12.770833015441896,12.875,12.75,12.770833015441896,399000
1996-05-17,10.439023971557615,13.0,13.041666984558104,12.8125,12.8125,890400
1996-05-20,10.505940437316896,13.083333015441896,13.25,13.020833015441896,13.125,1177200
1996-05-21,10.405567169189451,12.958333015441896,13.104166984558104,12.958333015441896,13.104166984558104,461400
1996-05-22,10.522663116455078,13.104166984558104,13.104166984558104,12.916666984558104,12.9375,693000
1996-05-23,10.991086959838867,13.6875,13.916666984558104,13.0,13.145833015441896,3132600
1996-05-24,10.991086959838867,13.6875,13.854166984558104,13.645833015441896,13.791666984558104,2289000
1996-05-28,10.656500816345217,13.270833015441896,13.6875,13.25,13.6875,1066200
1996-05-29,10.723418235778809,13.354166984558104,13.458333015441896,13.270833015441896,13.291666984558104,1048200
1996-05-30,10.857254981994627,13.520833015441896,13.625,13.25,13.3125,834600
1996-05-31,10.673233032226562,13.291666984558104,13.479166984558104,13.083333015441896,13.479166984558104,708000
1996-06-03,10.673233032226562,13.291666984558104,13.333333015441896,13.1875,13.25,859200
1996-06-04,10.723418235778809,13.354166984558104,13.375,13.291666984558104,13.3125,1370400
1996-06-05,10.790334701538086,13.4375,13.4375,13.3125,13.375,865800
1996-06-06,10.68996238708496,13.3125,13.479166984558104,13.291666984558104,13.4375,418200
1996-06-07,10.606310844421388,13.208333015441896,13.208333015441896,12.90625,13.083333015441896,997200
1996-06-10,10.405567169189451,12.958333015441896,13.229166984558104,12.916666984558104,13.208333015441896,1045200
1996-06-11,10.505940437316896,13.083333015441896,13.145833015441896,13.0,13.041666984558104,723000
1996-06-12,10.372100830078123,12.916666984558104,13.166666984558104,12.895833015441896,13.083333015441896,471600
1996-06-13,10.439023971557615,13.0,13.104166984558104,12.854166984558104,12.854166984558104,1218000
1996-06-14,10.422292709350586,12.979166984558104,13.0625,12.854166984558104,13.0,718200
1996-06-17,10.305188179016112,12.833333015441896,12.9375,12.770833015441896,12.9375,909000
1996-06-18,10.405567169189451,12.958333015441896,13.020833015441896,12.833333015441896,12.854166984558104,565200
1996-06-19,10.372100830078123,12.916666984558104,13.083333015441896,12.854166984558104,12.958333015441896,702000
1996-06-20,10.305188179016112,12.833333015441896,13.041666984558104,12.833333015441896,12.958333015441896,686400
1996-06-21,10.372100830078123,12.916666984558104,12.958333015441896,12.854166984558104,12.958333015441896,1618200
1996-06-24,10.305188179016112,12.833333015441896,12.916666984558104,12.791666984558104,12.916666984558104,512400
1996-06-25,10.221542358398438,12.729166984558104,12.833333015441896,12.583333015441896,12.833333015441896,1696800
1996-06-26,10.204811096191406,12.708333015441896,12.770833015441896,12.645833015441896,12.75,682800
1996-06-27,10.472477912902832,13.041666984558104,13.041666984558104,12.666666984558104,12.6875,1131000
1996-06-28,10.556130409240724,13.145833015441896,13.416666984558104,12.958333015441896,13.0,1660800
1996-07-01,10.589587211608888,13.1875,13.25,13.166666984558104,13.1875,899400
1996-07-02,10.639778137207031,13.25,13.25,13.145833015441896,13.229166984558104,791400
1996-07-03,10.539401054382324,13.125,13.25,13.104166984558104,13.25,436200
1996-07-05,10.27173137664795,12.791666984558104,12.895833015441896,12.770833015441896,12.875,545400
1996-07-08,10.15462589263916,12.645833015441896,12.770833015441896,12.625,12.645833015441896,1150200
1996-07-09,10.171358108520508,12.666666984558104,12.729166984558104,12.625,12.729166984558104,630600
1996-07-10,10.505940437316896,13.083333015441896,13.104166984558104,12.666666984558104,12.666666984558104,1240200
1996-07-11,10.338647842407228,12.875,12.958333015441896,12.6875,12.958333015441896,1626600
1996-07-12,10.489208221435549,13.0625,13.0625,12.791666984558104,12.833333015441896,1083600
1996-07-15,10.522663116455078,13.104166984558104,13.333333015441896,13.0625,13.0625,1359000
1996-07-16,10.305188179016112,12.833333015441896,12.979166984558104,12.645833015441896,12.875,1931400
1996-07-17,10.656500816345217,13.270833015441896,13.270833015441896,12.9375,13.083333015441896,1043400
1996-07-18,10.639778137207031,13.25,13.291666984558104,13.083333015441896,13.229166984558104,903000
1996-07-19,10.623044967651367,13.229166984558104,13.354166984558104,13.041666984558104,13.270833015441896,1205400
1996-07-22,10.539401054382324,13.125,13.333333015441896,13.041666984558104,13.0625,1728600
1996-07-23,10.68996238708496,13.3125,13.3125,13.145833015441896,13.208333015441896,705000
1996-07-24,10.656500816345217,13.270833015441896,13.395833015441896,13.208333015441896,13.25,1735200
1996-07-25,10.656500816345217,13.270833015441896,13.333333015441896,13.25,13.291666984558104,1215000
1996-07-26,10.656500816345217,13.270833015441896,13.354166984558104,13.25,13.3125,1025400
1996-07-29,10.773608207702637,13.416666984558104,13.4375,13.208333015441896,13.25,3110400
1996-07-30,10.89071273803711,13.5625,13.604166984558104,13.4375,13.458333015441896,656400
1996-07-31,10.823591232299805,13.4375,13.645833015441896,13.4375,13.541666984558104,1280400
1996-08-01,10.840365409851074,13.458333015441896,13.541666984558104,13.375,13.458333015441896,1158000
1996-08-02,10.99139404296875,13.645833015441896,13.75,13.479166984558104,13.520833015441896,1347600
1996-08-05,10.857151985168455,13.479166984558104,13.770833015441896,13.479166984558104,13.75,1278600
1996-08-06,11.125643730163574,13.8125,13.833333015441896,13.3125,13.333333015441896,905400
1996-08-07,11.175984382629396,13.875,13.979166984558104,13.770833015441896,13.958333015441896,1239000
1996-08-08,11.075297355651855,13.75,13.833333015441896,13.6875,13.833333015441896,700800
1996-08-09,10.588656425476074,13.145833015441896,13.875,13.104166984558104,13.791666984558104,1032600
1996-08-12,10.404067993164062,12.916666984558104,13.145833015441896,12.729166984558104,13.145833015441896,3916800
1996-08-13,10.169139862060549,12.625,12.9375,12.479166984558104,12.916666984558104,3351600
1996-08-14,10.303389549255373,12.791666984558104,12.875,12.666666984558104,12.6875,3432000
1996-08-15,10.353726387023926,12.854166984558104,12.895833015441896,12.770833015441896,12.833333015441896,844800
1996-08-16,10.420848846435549,12.9375,12.979166984558104,12.854166984558104,12.9375,438600
1996-08-19,10.420848846435549,12.9375,13.041666984558104,12.9375,12.9375,1120800
1996-08-20,10.454407691955566,12.979166984558104,13.0,12.9375,12.9375,683400
1996-08-21,10.286603927612305,12.770833015441896,12.979166984558104,12.75,12.9375,1786200
1996-08-22,10.085232734680176,12.520833015441896,12.6875,12.416666984558104,12.645833015441896,1404000
1996-08-23,10.034894943237305,12.458333015441896,12.645833015441896,12.291666984558104,12.479166984558104,1342800
1996-08-26,10.202704429626465,12.666666984558104,12.8125,12.645833015441896,12.666666984558104,1458600
1996-08-27,10.118800163269045,12.5625,12.6875,12.5,12.6875,1095000
1996-08-28,10.185920715332031,12.645833015441896,12.666666984558104,12.5625,12.5625,596400
1996-08-29,10.169139862060549,12.625,12.625,12.479166984558104,12.604166984558104,952200
1996-08-30,10.034894943237305,12.458333015441896,12.604166984558104,12.458333015441896,12.583333015441896,745200
1996-09-03,10.051668167114258,12.479166984558104,12.479166984558104,12.270833015441896,12.416666984558104,1449600
1996-09-04,10.018112182617188,12.4375,12.5,12.354166984558104,12.5,1535400
1996-09-05,10.135575294494627,12.583333015441896,12.625,12.458333015441896,12.458333015441896,983400
1996-09-06,10.135575294494627,12.583333015441896,12.625,12.520833015441896,12.583333015441896,1479000
1996-09-09,10.185920715332031,12.645833015441896,12.75,12.583333015441896,12.666666984558104,1434000
1996-09-10,10.202704429626465,12.666666984558104,12.75,12.625,12.729166984558104,1522200
1996-09-11,10.32016372680664,12.8125,12.8125,12.645833015441896,12.666666984558104,1244400
1996-09-12,10.253042221069336,12.729166984558104,12.875,12.729166984558104,12.8125,877200
1996-09-13,10.33694553375244,12.833333015441896,12.875,12.729166984558104,12.729166984558104,1223400
1996-09-16,10.571873664855955,13.125,13.145833015441896,12.833333015441896,12.833333015441896,1016400
1996-09-17,10.706124305725098,13.291666984558104,13.3125,13.0625,13.166666984558104,1795800
1996-09-18,10.655778884887695,13.229166984558104,13.270833015441896,13.125,13.270833015441896,829200
1996-09-19,10.504754066467283,13.041666984558104,13.1875,13.0,13.1875,996000
1996-09-20,10.48796844482422,13.020833015441896,13.0625,12.979166984558104,13.041666984558104,2113800
1996-09-23,10.471189498901367,13.0,13.0,12.9375,12.979166984558104,1254600
1996-09-24,10.538314819335938,13.083333015441896,13.145833015441896,12.979166984558104,13.0,1014000
1996-09-25,10.37051010131836,12.875,13.166666984558104,12.854166984558104,13.166666984558104,1536000
1996-09-26,10.32016372680664,12.8125,12.875,12.770833015441896,12.875,1852200
1996-09-27,10.48796844482422,13.020833015441896,13.166666984558104,12.833333015441896,12.854166984558104,1041600
1996-09-30,10.387286186218262,12.895833015441896,13.083333015441896,12.895833015441896,13.020833015441896,1005600
1996-10-01,10.504754066467283,13.041666984558104,13.083333015441896,12.854166984558104,12.854166984558104,1079400
1996-10-02,10.639001846313477,13.208333015441896,13.25,13.104166984558104,13.104166984558104,816000
1996-10-03,10.672561645507812,13.25,13.291666984558104,13.104166984558104,13.208333015441896,2283600
1996-10-04,10.92427921295166,13.5625,13.583333015441896,13.291666984558104,13.3125,1036800
1996-10-07,10.857151985168455,13.479166984558104,13.583333015441896,13.416666984558104,13.5625,1709400
1996-10-08,10.756467819213867,13.354166984558104,13.479166984558104,13.333333015441896,13.479166984558104,1132800
1996-10-09,10.773245811462402,13.375,13.395833015441896,13.3125,13.333333015441896,776400
1996-10-10,10.739690780639648,13.333333015441896,13.375,13.3125,13.375,334800
1996-10-11,10.739690780639648,13.333333015441896,13.395833015441896,13.3125,13.333333015441896,282000
1996-10-14,10.739690780639648,13.333333015441896,13.479166984558104,13.3125,13.333333015441896,301800
1996-10-15,10.706124305725098,13.291666984558104,13.354166984558104,13.208333015441896,13.354166984558104,1032000
1996-10-16,10.907493591308594,13.541666984558104,13.541666984558104,13.208333015441896,13.270833015441896,2619000
1996-10-17,10.95783805847168,13.604166984558104,13.729166984558104,13.583333015441896,13.625,1553400
1996-10-18,10.739690780639648,13.333333015441896,13.583333015441896,13.145833015441896,13.583333015441896,3376800
1996-10-21,10.941052436828612,13.583333015441896,13.583333015441896,13.3125,13.333333015441896,3720000
1996-10-22,10.840365409851074,13.458333015441896,13.5625,13.416666984558104,13.541666984558104,1791600
1996-10-23,10.907493591308594,13.541666984558104,13.5625,13.375,13.375,2043600
1996-10-24,10.907493591308594,13.541666984558104,13.625,13.458333015441896,13.5,1090200
1996-10-25,11.04173755645752,13.708333015441896,13.791666984558104,13.5,13.5,1148400
1996-10-28,10.974613189697266,13.625,13.770833015441896,13.583333015441896,13.729166984558104,928200
1996-10-29,11.05852222442627,13.729166984558104,13.75,13.541666984558104,13.541666984558104,1159200
1996-10-30,11.00802230834961,13.625,13.6875,13.583333015441896,13.6875,458400
1996-10-31,11.125846862792969,13.770833015441896,13.791666984558104,13.604166984558104,13.625,1544400
1996-11-01,11.092185974121094,13.729166984558104,13.75,13.625,13.729166984558104,1374600
1996-11-04,11.041686058044434,13.666666984558104,13.770833015441896,13.666666984558104,13.75,1287600
1996-11-05,11.092185974121094,13.729166984558104,13.729166984558104,13.5,13.520833015441896,2256000
1996-11-06,11.445652961730955,14.166666984558104,14.1875,13.75,13.770833015441896,1917000
1996-11-07,11.630800247192385,14.395833015441896,14.416666984558104,14.104166984558104,14.125,1936200
1996-11-08,11.563472747802734,14.3125,14.333333015441896,14.25,14.333333015441896,990600
1996-11-11,11.529809951782228,14.270833015441896,14.354166984558104,14.25,14.354166984558104,1942800
1996-11-12,11.731788635253906,14.520833015441896,14.541666984558104,14.333333015441896,14.375,3222600
1996-11-13,11.59714126586914,14.354166984558104,14.5,14.333333015441896,14.458333015441896,1057200
1996-11-14,11.664464950561523,14.4375,14.520833015441896,14.291666984558104,14.3125,2308200
1996-11-15,11.698127746582031,14.479166984558104,14.6875,14.458333015441896,14.541666984558104,880800
1996-11-18,11.916942596435549,14.75,14.791666984558104,14.5,14.5,861000
1996-11-19,11.849618911743164,14.666666984558104,14.958333015441896,14.666666984558104,14.729166984558104,865200
1996-11-20,11.815946578979492,14.625,14.666666984558104,14.5,14.645833015441896,834000
1996-11-21,12.08525848388672,14.958333015441896,14.958333015441896,14.666666984558104,14.708333015441896,1414200
1996-11-22,12.253579139709473,15.166666984558104,15.229166984558104,14.916666984558104,14.916666984558104,817200
1996-11-25,12.741705894470217,15.770833015441896,15.791666984558104,15.145833015441896,15.166666984558104,1532400
1996-11-26,12.405067443847656,15.354166984558104,15.729166984558104,15.25,15.729166984558104,2609400
1996-11-27,12.489225387573242,15.458333015441896,15.458333015441896,15.3125,15.354166984558104,2677200
1996-11-29,12.489225387573242,15.458333015441896,15.520833015441896,15.458333015441896,15.5,741600
1996-12-02,12.38823413848877,15.333333015441896,15.4375,14.958333015441896,15.375,908400
1996-12-03,12.169422149658203,15.0625,15.4375,15.0625,15.416666984558104,815400
1996-12-04,12.203083038330078,15.104166984558104,15.125,14.770833015441896,15.020833015441896,667200
1996-12-05,12.11892032623291,15.0,15.166666984558104,14.958333015441896,15.104166984558104,784200
1996-12-06,12.169422149658203,15.0625,15.125,14.6875,14.8125,784800
1996-12-09,12.33773708343506,15.270833015441896,15.270833015441896,15.0,15.166666984558104,504600
1996-12-10,12.472393035888672,15.4375,15.5625,15.395833015441896,15.4375,1311600
1996-12-11,12.556550979614258,15.541666984558104,15.645833015441896,15.333333015441896,15.395833015441896,1327200
1996-12-12,12.522892951965332,15.5,15.625,15.4375,15.583333015441896,1749600
1996-12-13,12.50605583190918,15.479166984558104,15.604166984558104,15.104166984558104,15.291666984558104,1165800
1996-12-16,12.219921112060549,15.125,15.4375,15.083333015441896,15.4375,2912400
1996-12-17,12.135754585266112,15.020833015441896,15.1875,15.0,15.166666984558104,1624800
1996-12-18,12.11892032623291,15.0,15.0625,14.979166984558104,15.0625,798000
1996-12-19,12.421897888183594,15.375,15.416666984558104,15.041666984558104,15.083333015441896,1504200
1996-12-20,12.522892951965332,15.5,15.541666984558104,15.229166984558104,15.5,2590800
1996-12-23,12.522892951965332,15.5,15.5,15.333333015441896,15.458333015441896,486600
1996-12-24,12.590221405029297,15.583333015441896,15.583333015441896,15.4375,15.5,186600
1996-12-26,12.758537292480469,15.791666984558104,15.8125,15.604166984558104,15.604166984558104,403800
1996-12-27,12.741705894470217,15.770833015441896,15.916666984558104,15.729166984558104,15.833333015441896,400200
1996-12-30,12.825864791870115,15.875,15.979166984558104,15.645833015441896,15.791666984558104,547800
1996-12-31,12.691206932067873,15.708333015441896,15.9375,15.708333015441896,15.854166984558104,791400
1997-01-02,12.674378395080566,15.6875,15.729166984558104,15.520833015441896,15.708333015441896,1286400
1997-01-03,12.943685531616213,16.020832061767578,16.020832061767578,15.729166984558104,15.729166984558104,1438200
1997-01-06,13.027846336364746,16.125,16.4375,16.020832061767578,16.104167938232422,1294800
1997-01-07,12.792200088500977,15.833333015441896,15.958333015441896,15.729166984558104,15.958333015441896,840600
1997-01-08,12.623884201049805,15.625,16.0,15.5,16.0,1119000
1997-01-09,12.657544136047363,15.666666984558104,15.6875,15.375,15.4375,1251000
1997-01-10,12.50605583190918,15.479166984558104,15.604166984558104,15.333333015441896,15.583333015441896,1108200
1997-01-13,12.640710830688477,15.645833015441896,15.729166984558104,15.5,15.5,792600
1997-01-14,13.044675827026367,16.145832061767578,16.25,15.75,15.75,748200
1997-01-15,12.994178771972656,16.083332061767578,16.1875,16.020832061767578,16.104167938232422,718800
1997-01-16,13.06151008605957,16.166667938232422,16.229167938232422,16.041667938232422,16.104167938232422,960600
1997-01-17,13.044675827026367,16.145832061767578,16.1875,16.083332061767578,16.166667938232422,759600
1997-01-20,12.87635612487793,15.9375,16.166667938232422,15.9375,16.145832061767578,727200
1997-01-21,12.977346420288086,16.0625,16.3125,15.833333015441896,15.916666984558104,789600
1997-01-22,13.095173835754396,16.208332061767578,16.208332061767578,16.041667938232422,16.083332061767578,409200
1997-01-23,13.212997436523438,16.354167938232422,16.541667938232422,16.166667938232422,16.1875,1002000
1997-01-24,12.53972339630127,15.520833015441896,16.1875,15.520833015441896,16.1875,1648200
1997-01-27,12.758537292480469,15.791666984558104,15.833333015441896,15.5625,15.604166984558104,1153800
1997-01-28,12.691206932067873,15.708333015441896,15.916666984558104,15.6875,15.833333015441896,1299600
1997-01-29,12.758537292480469,15.791666984558104,15.833333015441896,15.729166984558104,15.729166984558104,780600
1997-01-30,13.246664047241213,16.395832061767578,16.4375,15.9375,15.9375,829200
1997-01-31,13.313993453979492,16.479167938232422,16.604167938232422,16.3125,16.395832061767578,1464600
1997-02-03,13.313993453979492,16.479167938232422,16.5,16.208332061767578,16.458332061767578,630600
1997-02-04,13.431807518005373,16.625,16.625,16.458332061767578,16.458332061767578,372000
1997-02-05,13.347441673278809,16.479167938232422,16.729167938232422,16.375,16.625,808800
1997-02-06,13.19556999206543,16.291667938232422,16.458332061767578,16.25,16.4375,543000
1997-02-07,13.701800346374512,16.916667938232422,16.979167938232422,16.333332061767578,16.333332061767578,1051200
1997-02-10,13.398063659667969,16.541667938232422,17.020832061767578,16.541667938232422,16.916667938232422,873600
1997-02-11,13.347441673278809,16.479167938232422,16.729167938232422,16.416667938232422,16.5625,1063200
1997-02-12,13.668045997619627,16.875,16.979167938232422,16.5,16.5,853200
1997-02-13,14.03927516937256,17.333332061767578,17.333332061767578,16.8125,16.875,1103400
1997-02-14,13.904291152954102,17.166667938232422,17.333332061767578,17.104167938232422,17.333332061767578,934800
1997-02-18,14.03927516937256,17.333332061767578,17.354167938232422,17.0625,17.166667938232422,2224800
1997-02-19,13.95490264892578,17.229167938232422,17.416667938232422,17.145832061767578,17.416667938232422,997200
1997-02-20,13.887409210205078,17.145832061767578,17.1875,17.041667938232422,17.166667938232422,1186200
1997-02-21,14.005532264709473,17.291667938232422,17.520832061767578,17.0625,17.145832061767578,2279400
1997-02-24,14.174266815185549,17.5,17.5625,17.25,17.333332061767578,1589400
1997-02-25,14.359889030456545,17.729167938232422,17.8125,17.520832061767578,17.541667938232422,1359600
1997-02-26,14.106773376464844,17.416667938232422,17.8125,17.145832061767578,17.75,1131000
1997-02-27,13.83678913116455,17.083332061767578,17.395832061767578,17.0,17.375,712200
1997-02-28,13.786169052124023,17.020832061767578,17.520832061767578,17.020832061767578,17.083332061767578,1141200
1997-03-03,13.870532035827637,17.125,17.125,16.895832061767578,17.020832061767578,1564800
1997-03-04,14.0224027633667,17.3125,17.541667938232422,17.125,17.125,865800
1997-03-05,14.03927516937256,17.333332061767578,17.333332061767578,17.020832061767578,17.291667938232422,1401600
1997-03-06,14.359889030456545,17.729167938232422,17.791667938232422,17.354167938232422,17.375,2099400
1997-03-07,14.714250564575195,18.166667938232425,18.1875,17.958332061767578,17.979167938232422,2216400
1997-03-10,14.882981300354004,18.375,18.45833206176757,18.104167938232425,18.375,1338000
1997-03-11,15.085476875305176,18.625,18.8125,18.354167938232425,18.416667938232425,1404000
1997-03-12,14.89986515045166,18.39583206176757,18.479167938232425,18.27083206176757,18.479167938232425,2188800
1997-03-13,14.089902877807615,17.395832061767578,18.3125,17.333332061767578,18.291667938232425,1913400
1997-03-14,13.988656044006348,17.270832061767578,17.416667938232422,17.104167938232422,17.375,2246400
1997-03-17,13.769290924072266,17.0,17.229167938232422,16.6875,17.229167938232422,1468800
1997-03-18,13.448681831359863,16.604167938232422,17.0625,16.479167938232422,17.041667938232422,1251600
1997-03-19,13.600552558898926,16.791667938232422,16.8125,16.5,16.645832061767578,1526400
1997-03-20,13.296815872192385,16.416667938232422,16.625,16.333332061767578,16.583332061767578,1108200
1997-03-21,12.604976654052734,15.5625,16.416667938232422,15.5625,16.416667938232422,3544800
1997-03-24,12.621851921081545,15.583333015441896,15.604166984558104,15.333333015441896,15.5625,5654400
1997-03-25,12.672473907470703,15.645833015441896,15.8125,15.4375,15.645833015441896,2598000
1997-03-26,12.604976654052734,15.5625,15.854166984558104,15.458333015441896,15.854166984558104,2465400
1997-03-27,12.216870307922363,15.083333015441896,15.541666984558104,14.979166984558104,15.541666984558104,2527800
1997-03-31,11.997506141662598,14.8125,15.104166984558104,14.6875,15.104166984558104,1833000
1997-04-01,11.946884155273438,14.75,14.9375,14.604166984558104,14.770833015441896,1242600
1997-04-02,11.727521896362305,14.479166984558104,14.729166984558104,14.354166984558104,14.666666984558104,1128600
1997-04-03,11.862515449523926,14.645833015441896,14.666666984558104,14.270833015441896,14.416666984558104,900600
1997-04-04,11.845635414123535,14.625,14.625,14.354166984558104,14.479166984558104,1224000
1997-04-07,11.761263847351074,14.520833015441896,14.979166984558104,14.479166984558104,14.625,1924800
1997-04-08,12.031254768371582,14.854166984558104,14.854166984558104,14.333333015441896,14.541666984558104,1304400
1997-04-09,11.609403610229492,14.333333015441896,14.9375,14.3125,14.895833015441896,1508400
1997-04-10,11.643150329589844,14.375,14.416666984558104,14.291666984558104,14.333333015441896,1899600
1997-04-11,11.676901817321776,14.416666984558104,14.541666984558104,14.354166984558104,14.375,1862400
1997-04-14,11.592529296875,14.3125,14.4375,14.25,14.395833015441896,2224800
1997-04-15,11.660022735595703,14.395833015441896,14.5625,14.354166984558104,14.5,1499400
1997-04-16,12.385611534118652,15.291666984558104,15.333333015441896,14.666666984558104,14.666666984558104,2554800
1997-04-17,12.132501602172852,14.979166984558104,15.270833015441896,14.8125,15.25,2210400
1997-04-18,12.604976654052734,15.5625,15.625,15.0625,15.0625,1893600
1997-04-21,12.334990501403809,15.229166984558104,15.520833015441896,15.145833015441896,15.5,2128200
1997-04-22,12.368735313415527,15.270833015441896,15.541666984558104,15.125,15.25,1042200
1997-04-23,12.351865768432615,15.25,15.395833015441896,15.208333015441896,15.333333015441896,761400
1997-04-24,12.368735313415527,15.270833015441896,15.333333015441896,15.125,15.166666984558104,1167000
1997-04-25,12.166244506835938,15.020833015441896,15.395833015441896,14.875,15.270833015441896,2086800
1997-04-28,12.318119049072266,15.208333015441896,15.270833015441896,14.9375,15.0,947400
1997-04-29,12.368735313415527,15.270833015441896,15.354166984558104,15.083333015441896,15.1875,2117400
1997-04-30,12.436420440673828,15.3125,15.354166984558104,15.104166984558104,15.229166984558104,2104200
1997-05-01,12.656383514404297,15.583333015441896,15.583333015441896,15.291666984558104,15.3125,1203000
1997-05-02,12.7240629196167,15.666666984558104,15.666666984558104,15.416666984558104,15.520833015441896,482400
1997-05-05,12.944025039672852,15.9375,15.9375,15.333333015441896,15.625,964200
1997-05-06,13.079392433166504,16.104167938232422,16.354167938232422,15.875,16.291667938232422,2196600
1997-05-07,12.60562515258789,15.520833015441896,16.1875,15.520833015441896,16.125,1147800
1997-05-08,12.85942554473877,15.833333015441896,15.895833015441896,15.520833015441896,15.541666984558104,2064000
1997-05-09,12.92710304260254,15.916666984558104,16.020832061767578,15.708333015441896,15.854166984558104,1030800
1997-05-12,13.045547485351562,16.0625,16.270832061767578,16.041667938232422,16.083332061767578,699600
1997-05-13,12.7240629196167,15.666666984558104,15.875,15.604166984558104,15.833333015441896,1090800
1997-05-14,12.63945770263672,15.5625,15.854166984558104,15.541666984558104,15.8125,1258200
1997-05-15,12.554858207702637,15.458333015441896,15.6875,15.375,15.5625,1264800
1997-05-16,12.487180709838867,15.375,15.458333015441896,15.1875,15.4375,1918800
1997-05-19,12.690224647521973,15.625,15.708333015441896,15.395833015441896,15.416666984558104,997800
1997-05-20,12.7240629196167,15.666666984558104,15.666666984558104,15.3125,15.458333015441896,1321800
1997-05-21,12.690224647521973,15.625,15.875,15.5,15.666666984558104,1720200
1997-05-22,12.757905960083008,15.708333015441896,15.791666984558104,15.541666984558104,15.75,968400
1997-05-23,13.130152702331545,16.166667938232422,16.3125,16.083332061767578,16.166667938232422,1218000
1997-05-27,13.062467575073242,16.083332061767578,16.145832061767578,15.895833015441896,16.104167938232422,1459800
1997-05-28,13.028632164001465,16.041667938232422,16.104167938232422,15.958333015441896,16.0625,1527600
1997-05-29,12.944025039672852,15.9375,16.083332061767578,15.8125,16.083332061767578,652800
1997-05-30,13.163987159729004,16.208332061767578,16.270832061767578,15.791666984558104,15.854166984558104,1535400
1997-06-02,13.096311569213867,16.125,16.166667938232422,16.020832061767578,16.166667938232422,1273200
1997-06-03,13.096311569213867,16.125,16.208332061767578,16.125,16.125,1518600
1997-06-04,12.994793891906738,16.0,16.041667938232422,15.875,16.041667938232422,1188600
1997-06-05,13.14707374572754,16.1875,16.229167938232422,16.020832061767578,16.020832061767578,1409400
1997-06-06,13.214755058288574,16.270832061767578,16.291667938232422,16.0625,16.145832061767578,1329600
1997-06-09,13.282440185546877,16.354167938232422,16.4375,16.291667938232422,16.3125,1099200
1997-06-10,13.214755058288574,16.270832061767578,16.5625,16.208332061767578,16.354167938232422,1980600
1997-06-11,13.333195686340332,16.416667938232422,16.416667938232422,16.125,16.25,3399000
1997-06-12,13.671598434448242,16.833332061767578,16.895832061767578,16.604167938232422,16.625,2986200
1997-06-13,13.942337989807127,17.166667938232422,17.520832061767578,17.0625,17.0625,1624800
1997-06-16,13.959245681762695,17.1875,17.25,17.125,17.208332061767578,1036200
1997-06-17,13.908479690551758,17.125,17.166667938232422,16.854167938232422,17.145832061767578,1596600
1997-06-18,13.908479690551758,17.125,17.208332061767578,16.875,17.104167938232422,798000
1997-06-19,14.433013916015623,17.770832061767578,17.833332061767578,17.333332061767578,17.354167938232422,1555200
1997-06-20,13.993085861206056,17.229167938232422,17.8125,17.1875,17.770832061767578,3066600
1997-06-23,13.502400398254396,16.625,17.1875,16.625,17.041667938232422,1981200
1997-06-24,13.806965827941896,17.0,17.0,16.5625,16.666667938232422,1918200
1997-06-25,13.426257133483888,16.53125,17.166667938232422,16.458332061767578,17.0,1719600
1997-06-26,13.48547649383545,16.604167938232422,16.708332061767578,16.4375,16.458332061767578,1618200
1997-06-27,13.443178176879885,16.552082061767578,16.6875,16.520832061767578,16.583332061767578,711600
1997-06-30,13.553160667419434,16.6875,16.75,16.333332061767578,16.59375,1792200
1997-07-01,13.443178176879885,16.552082061767578,16.760417938232422,16.5,16.6875,1417200
1997-07-02,13.764663696289062,16.947917938232422,17.010417938232422,16.552082061767578,16.583332061767578,859800
1997-07-03,14.060763359069824,17.3125,17.322917938232422,17.041667938232422,17.041667938232422,749400
1997-07-07,13.942337989807127,17.166667938232422,17.458332061767578,17.03125,17.354167938232422,1146000
1997-07-08,13.967703819274902,17.197917938232422,17.25,17.041667938232422,17.145832061767578,610200
1997-07-09,13.823881149291992,17.020832061767578,17.333332061767578,16.791667938232422,17.197917938232422,1998000
1997-07-10,13.89157009124756,17.104167938232422,17.145832061767578,17.0,17.0,1381800
1997-07-11,14.052303314208984,17.302082061767578,17.385417938232422,17.010417938232422,17.041667938232422,1664400
1997-07-14,13.654674530029297,16.8125,17.302082061767578,16.708332061767578,17.302082061767578,1377600
1997-07-15,13.671598434448242,16.833332061767578,16.947917938232422,16.65625,16.770832061767578,1934400
1997-07-16,13.764663696289062,16.947917938232422,16.947917938232422,16.65625,16.84375,1285200
1997-07-17,13.916943550109863,17.135417938232422,17.145832061767578,16.875,16.90625,1435200
1997-07-18,13.48547649383545,16.604167938232422,17.104167938232422,16.604167938232422,17.072917938232422,1129200
1997-07-21,13.536240577697754,16.666667938232422,16.791667938232422,16.552082061767578,16.645832061767578,1534200
1997-07-22,13.883106231689451,17.09375,17.15625,16.708332061767578,16.708332061767578,639600
1997-07-23,13.959245681762695,17.1875,17.25,17.0,17.145832061767578,742800
1997-07-24,14.077682495117188,17.333332061767578,17.375,17.197917938232422,17.25,1377000
1997-07-25,14.035391807556152,17.28125,17.510417938232422,17.229167938232422,17.333332061767578,615000
1997-07-28,14.111526489257812,17.375,17.395832061767578,17.166667938232422,17.166667938232422,571200
1997-07-29,14.483781814575195,17.833332061767578,17.916667938232422,17.416667938232422,17.416667938232422,1315800
1997-07-30,14.475295066833496,17.78125,17.84375,17.760417938232422,17.791667938232422,2213400
1997-07-31,14.670337677001951,18.02083206176757,18.08333206176757,17.6875,17.708332061767578,2280600
1997-08-01,14.432896614074709,17.729167938232422,18.11458206176757,17.583332061767578,18.02083206176757,853200
1997-08-04,14.551615715026855,17.875,17.947917938232422,17.708332061767578,17.708332061767578,1116600
1997-08-05,14.30569553375244,17.572917938232422,17.854167938232422,17.458332061767578,17.854167938232422,1395000
1997-08-06,14.348099708557127,17.625,17.9375,17.5,17.572917938232422,2369400
1997-08-07,14.1276216506958,17.354167938232422,17.625,17.322917938232422,17.625,2448600
1997-08-08,13.805383682250977,16.958332061767578,17.166667938232422,16.697917938232422,17.166667938232422,1614000
1997-08-11,13.96649932861328,17.15625,17.21875,16.947917938232422,17.020832061767578,1397400
1997-08-12,13.60186004638672,16.708332061767578,17.239582061767578,16.65625,17.114582061767578,1356000
1997-08-13,13.54249668121338,16.635417938232422,16.90625,16.5625,16.875,2290200
1997-08-14,13.466179847717283,16.541667938232422,16.677082061767578,16.260417938232422,16.65625,2840400
1997-08-15,13.160903930664062,16.166667938232422,16.447917938232422,16.145832061767578,16.4375,1782000
1997-08-18,13.008260726928713,15.979166984558104,16.125,15.833333015441896,16.125,1933800
1997-08-19,13.245705604553224,16.270832061767578,16.291667938232422,15.770833015441896,15.989583015441896,3487200
1997-08-20,13.322026252746582,16.364582061767578,16.46875,16.104167938232422,16.25,1878000
1997-08-21,13.237218856811523,16.260417938232422,16.5,16.1875,16.40625,1035000
1997-08-22,13.313546180725098,16.354167938232422,16.354167938232422,16.0625,16.0625,1085400
1997-08-25,13.28809928894043,16.322917938232422,16.4375,16.291667938232422,16.34375,2300400
1997-08-26,13.44074249267578,16.510417938232422,16.583332061767578,16.208332061767578,16.239582061767578,1083600
1997-08-27,13.474660873413086,16.552082061767578,16.583332061767578,16.229167938232422,16.3125,3051000
1997-08-28,13.576422691345217,16.677082061767578,16.958332061767578,16.427082061767578,16.53125,6585600
1997-08-29,13.830817222595217,16.989582061767578,17.166667938232422,16.59375,16.635417938232422,3111600
1997-09-02,14.246333122253418,17.5,17.666667938232422,17.03125,17.03125,1591800
1997-09-03,14.19545841217041,17.4375,17.583332061767578,17.427082061767578,17.489582061767578,1314000
1997-09-04,14.373531341552734,17.65625,17.677082061767578,17.40625,17.40625,3480000
1997-09-05,14.424423217773438,17.71875,17.947917938232422,17.59375,17.9375,1010400
1997-09-08,14.500737190246582,17.8125,17.854167938232422,17.677082061767578,17.708332061767578,1276200
1997-09-09,14.653374671936035,18.0,18.0,17.677082061767578,17.71875,1021800
1997-09-10,14.50921630859375,17.822917938232422,17.96875,17.791667938232422,17.96875,1623000
1997-09-11,14.39897346496582,17.6875,17.8125,17.645832061767578,17.78125,2491800
1997-09-12,14.661863327026367,18.010417938232422,18.010417938232422,17.666667938232422,17.677082061767578,987000
1997-09-15,14.780569076538086,18.15625,18.21875,17.979167938232422,18.02083206176757,1413000
1997-09-16,15.331774711608888,18.83333206176757,18.916667938232425,18.135417938232425,18.135417938232425,2356800
1997-09-17,15.22153377532959,18.697917938232425,19.02083206176757,18.61458206176757,19.02083206176757,1885200
1997-09-18,15.238492965698242,18.71875,18.86458206176757,18.61458206176757,18.697917938232425,859800
1997-09-19,15.213050842285156,18.6875,18.80208206176757,18.64583206176757,18.64583206176757,987000
1997-09-22,15.297861099243164,18.791667938232425,18.791667938232425,18.604167938232425,18.6875,757200
1997-09-23,15.297861099243164,18.791667938232425,18.875,18.760417938232425,18.791667938232425,1423200
1997-09-24,15.136727333068848,18.59375,18.760417938232425,18.52083206176757,18.64583206176757,1761600
1997-09-25,15.187615394592283,18.65625,18.697917938232425,18.59375,18.604167938232425,1551000
1997-09-26,15.12825870513916,18.58333206176757,18.666667938232425,18.541667938232425,18.5625,1198200
1997-09-29,15.119772911071776,18.572917938232425,18.59375,18.5,18.5625,1026000
1997-09-30,15.331774711608888,18.83333206176757,18.875,18.541667938232425,18.572917938232425,2574600
1997-10-01,15.35720920562744,18.86458206176757,19.0,18.75,19.0,2313600
1997-10-02,15.331774711608888,18.83333206176757,19.0,18.70833206176757,18.84375,1154400
1997-10-03,15.382647514343262,18.89583206176757,19.0,18.666667938232425,18.875,1729200
1997-10-06,15.518329620361328,19.0625,19.20833206176757,18.916667938232425,18.916667938232425,733800
1997-10-07,15.603132247924805,19.166667938232425,19.27083206176757,18.916667938232425,18.916667938232425,996600
1997-10-08,15.230016708374023,18.70833206176757,19.05208206176757,18.58333206176757,19.0,1753800
1997-10-09,15.35720920562744,18.86458206176757,18.947917938232425,18.479167938232425,18.541667938232425,1437600
1997-10-10,15.382647514343262,18.89583206176757,19.072917938232425,18.70833206176757,18.822917938232425,741000
1997-10-13,15.263933181762695,18.75,19.05208206176757,18.666667938232425,18.9375,706200
1997-10-14,15.374160766601562,18.885417938232425,18.916667938232425,18.70833206176757,18.791667938232425,776400
1997-10-15,15.46745491027832,19.0,19.0,18.760417938232425,18.83333206176757,706800
1997-10-16,15.19609260559082,18.666667938232425,19.15625,18.59375,19.02083206176757,571800
1997-10-17,15.179129600524902,18.64583206176757,18.80208206176757,18.5625,18.5625,1727400
1997-10-20,15.35720920562744,18.86458206176757,18.90625,18.635417938232425,18.64583206176757,748200
1997-10-21,15.458970069885254,18.98958206176757,19.072917938232425,18.80208206176757,18.822917938232425,780600
1997-10-22,15.442005157470703,18.96875,19.03125,18.90625,19.03125,788400
1997-10-23,15.213050842285156,18.6875,18.791667938232425,18.385417938232425,18.760417938232425,674400
1997-10-24,15.19609260559082,18.666667938232425,18.760417938232425,18.572917938232425,18.70833206176757,1690800
1997-10-27,14.483776092529297,17.791667938232422,18.71875,17.791667938232422,18.666667938232425,1529400
1997-10-28,14.87385082244873,18.27083206176757,18.27083206176757,17.333332061767578,17.5,2089200
1997-10-29,15.153690338134766,18.61458206176757,18.729167938232425,18.05208206176757,18.229167938232425,1373400
1997-10-30,15.094208717346191,18.5,18.75,18.25,18.25,1396800
1997-10-31,15.187687873840332,18.61458206176757,18.95833206176757,18.45833206176757,18.58333206176757,1043400
1997-11-03,15.221688270568848,18.65625,18.8125,18.59375,18.59375,831600
1997-11-04,15.38316535949707,18.854167938232425,18.90625,18.572917938232425,18.572917938232425,500400
1997-11-05,15.247180938720703,18.6875,18.979167938232425,18.64583206176757,18.8125,620400
1997-11-06,15.06870174407959,18.46875,18.58333206176757,18.1875,18.58333206176757,1075200
1997-11-07,14.915724754333496,18.28125,18.30208206176757,18.0,18.21875,715800
1997-11-10,14.97521686553955,18.354167938232425,18.42708206176757,18.041667938232425,18.3125,862200
1997-11-11,14.966708183288574,18.34375,18.541667938232425,18.21875,18.385417938232425,709800
1997-11-12,14.890226364135742,18.25,18.5,18.104167938232425,18.3125,1787400
1997-11-13,14.839229583740234,18.1875,18.354167938232425,17.864582061767578,18.229167938232425,1138800
1997-11-14,14.830728530883787,18.17708206176757,18.20833206176757,17.864582061767578,18.20833206176757,544800
1997-11-17,15.017708778381348,18.40625,18.5625,18.197917938232425,18.197917938232425,811800
1997-11-18,14.762742042541504,18.09375,18.45833206176757,18.09375,18.40625,421200
1997-11-19,14.745737075805664,18.072917938232425,18.1875,17.9375,18.05208206176757,636000
1997-11-20,14.754239082336426,18.08333206176757,18.291667938232425,18.0,18.0,1415400
1997-11-21,14.82223415374756,18.166667938232425,18.25,17.989582061767578,18.08333206176757,702000
1997-11-24,14.626761436462402,17.927082061767578,18.3125,17.927082061767578,18.125,711000
1997-11-25,14.388787269592283,17.635417938232422,17.989582061767578,17.572917938232422,17.885417938232422,869400
1997-11-26,14.550271034240724,17.833332061767578,17.84375,17.635417938232422,17.635417938232422,600000
1997-11-28,14.43127727508545,17.6875,17.833332061767578,17.614582061767578,17.791667938232422,292200
1997-12-01,14.84772777557373,18.197917938232425,18.28125,17.708332061767578,17.729167938232422,1471800
1997-12-02,14.82223415374756,18.166667938232425,18.166667938232425,18.02083206176757,18.15625,1408800
1997-12-03,14.881718635559082,18.23958206176757,18.25,18.104167938232425,18.125,1089600
1997-12-04,14.626761436462402,17.927082061767578,18.33333206176757,17.916667938232422,18.166667938232425,595800
1997-12-05,14.78823471069336,18.125,18.291667938232425,17.833332061767578,17.885417938232422,1426800
1997-12-08,14.711743354797363,18.03125,18.15625,17.90625,18.08333206176757,1689000
1997-12-09,14.652255058288574,17.958332061767578,18.041667938232425,17.916667938232422,18.03125,897000
1997-12-10,14.550271034240724,17.833332061767578,17.833332061767578,17.552082061767578,17.635417938232422,1726800
1997-12-11,14.210312843322754,17.416667938232422,17.572917938232422,17.333332061767578,17.520832061767578,633600
1997-12-12,14.116811752319336,17.302082061767578,17.552082061767578,17.291667938232422,17.427082061767578,808800
1997-12-15,14.261307716369627,17.479167938232422,17.625,17.34375,17.34375,1639800
1997-12-16,14.29529094696045,17.520832061767578,17.65625,17.447917938232422,17.5625,1255200
1997-12-17,14.16781234741211,17.364582061767578,17.583332061767578,17.364582061767578,17.520832061767578,708000
1997-12-18,14.17630672454834,17.375,17.395832061767578,17.020832061767578,17.354167938232422,1411800
1997-12-19,14.040328025817873,17.208332061767578,17.4375,16.927082061767578,17.375,1610400
1997-12-22,13.97232723236084,17.125,17.3125,16.854167938232422,17.229167938232422,1074600
1997-12-23,13.793852806091309,16.90625,17.166667938232422,16.8125,17.020832061767578,835800
1997-12-24,13.691864967346191,16.78125,17.020832061767578,16.6875,16.9375,426000
1997-12-26,13.57287883758545,16.635417938232422,16.9375,16.604167938232422,16.75,181800
1997-12-29,14.006340980529783,17.166667938232422,17.229167938232422,16.677082061767578,16.677082061767578,823800
1997-12-30,14.473773956298828,17.739582061767578,17.739582061767578,17.208332061767578,17.25,628800
1997-12-31,14.43127727508545,17.6875,17.916667938232422,17.5625,17.729167938232422,1023000
1998-01-02,14.17630672454834,17.375,17.708332061767578,17.333332061767578,17.583332061767578,467400
1998-01-05,14.15931510925293,17.354167938232422,17.541667938232422,17.270832061767578,17.364582061767578,694200
1998-01-06,14.269797325134276,17.489582061767578,17.510417938232422,17.333332061767578,17.354167938232422,1257600
1998-01-07,14.142308235168455,17.333332061767578,17.458332061767578,17.302082061767578,17.458332061767578,997800
1998-01-08,14.116811752319336,17.302082061767578,17.395832061767578,17.25,17.3125,1678200
1998-01-09,13.640872955322266,16.71875,17.1875,16.6875,17.135417938232422,1701600
1998-01-12,14.05732250213623,17.229167938232422,17.322917938232422,16.354167938232422,16.395832061767578,1646400
1998-01-13,14.286797523498535,17.510417938232422,17.510417938232422,17.239582061767578,17.239582061767578,1098000
1998-01-14,14.473773956298828,17.739582061767578,17.822917938232422,17.510417938232422,17.510417938232422,1201800
1998-01-15,14.21880340576172,17.427082061767578,17.666667938232422,17.291667938232422,17.666667938232422,711000
1998-01-16,14.278294563293455,17.5,17.583332061767578,17.46875,17.46875,1486200
1998-01-20,14.12531280517578,17.3125,17.458332061767578,17.270832061767578,17.375,1520400
1998-01-21,14.006340980529783,17.166667938232422,17.291667938232422,17.083332061767578,17.145832061767578,1321200
1998-01-22,13.819354057312012,16.9375,17.125,16.864582061767578,17.125,2321400
1998-01-23,13.606879234313965,16.677082061767578,16.9375,16.572917938232422,16.895832061767578,1323600
1998-01-26,13.581375122070312,16.645832061767578,16.697917938232422,16.552082061767578,16.666667938232422,844200
1998-01-27,13.725868225097656,16.822917938232422,16.864582061767578,16.614582061767578,16.625,1143600
1998-01-28,13.87034797668457,17.0,17.1875,16.8125,16.84375,1779600
1998-01-29,13.70036506652832,16.791667938232422,16.916667938232422,16.645832061767578,16.677082061767578,1810800
1998-01-30,13.581375122070312,16.645832061767578,16.80989646911621,16.625,16.75,1701000
1998-02-02,13.589876174926758,16.65625,16.791667938232422,16.583332061767578,16.6875,2259000
1998-02-03,13.6748685836792,16.760417938232422,16.822917938232422,16.666667938232422,16.666667938232422,2190000
1998-02-04,13.64931297302246,16.6875,16.791667938232422,16.552082061767578,16.552082061767578,1799400
1998-02-05,13.887872695922852,16.979167938232422,17.041667938232422,16.854167938232422,16.875,2720400
1998-02-06,14.075311660766602,17.208332061767578,17.333332061767578,16.958332061767578,16.958332061767578,1734600
1998-02-09,13.998634338378906,17.114582061767578,17.260417938232422,16.729167938232422,17.25,1405800
1998-02-10,13.853796005249023,16.9375,17.09375,16.90625,17.083332061767578,1286400
1998-02-11,14.007150650024414,17.125,17.208332061767578,16.979167938232422,16.979167938232422,603000
1998-02-12,13.99011516571045,17.104167938232422,17.114582061767578,16.739582061767578,17.09375,684000
1998-02-13,13.836755752563477,16.916667938232422,17.125,16.8125,17.104167938232422,314400
1998-02-17,13.90491771697998,17.0,17.052082061767578,16.822917938232422,17.0,798600
1998-02-18,13.896394729614258,16.989582061767578,17.125,16.9375,17.0,891600
1998-02-19,13.811192512512209,16.885417938232422,17.0,16.885417938232422,17.0,1526400
1998-02-20,13.760071754455566,16.822917938232422,16.916667938232422,16.71875,16.885417938232422,1104000
1998-02-23,13.632265090942385,16.666667938232422,16.822917938232422,16.604167938232422,16.8125,1461600
1998-02-24,13.555594444274902,16.572917938232422,16.666667938232422,16.489582061767578,16.65625,1761600
1998-02-25,13.56410312652588,16.583332061767578,16.708332061767578,16.5625,16.572917938232422,741000
1998-02-26,13.76859188079834,16.833332061767578,16.833332061767578,16.604167938232422,16.604167938232422,3040200
1998-02-27,13.683387756347656,16.729167938232422,16.833332061767578,16.645832061767578,16.833332061767578,1866000
1998-03-02,13.623751640319824,16.65625,16.75,16.614582061767578,16.6875,1898400
1998-03-03,13.794154167175291,16.864582061767578,16.875,16.59375,16.625,2466600
1998-03-04,13.666342735290527,16.708332061767578,16.864582061767578,16.666667938232422,16.854167938232422,1228800
1998-03-05,13.632265090942385,16.666667938232422,16.729167938232422,16.625,16.666667938232422,1443600
1998-03-06,14.126437187194824,17.270832061767578,17.291667938232422,16.760417938232422,16.760417938232422,1005600
1998-03-09,14.134961128234863,17.28125,17.458332061767578,17.208332061767578,17.4375,1936800
1998-03-10,14.211639404296877,17.375,17.458332061767578,17.291667938232422,17.416667938232422,1993800
1998-03-11,14.220168113708496,17.385417938232422,17.40625,17.333332061767578,17.375,882000
1998-03-12,14.322404861450195,17.510417938232422,17.625,17.364582061767578,17.385417938232422,1685400
1998-03-13,14.322404861450195,17.510417938232422,17.583332061767578,17.416667938232422,17.520832061767578,1128000
1998-03-16,14.433159828186035,17.645832061767578,17.770832061767578,17.5625,17.5625,934800
1998-03-17,14.59504508972168,17.84375,17.875,17.666667938232422,17.875,1906800
1998-03-18,14.45020866394043,17.666667938232422,17.833332061767578,17.625,17.802082061767578,739200
1998-03-19,14.228680610656738,17.395832061767578,17.65625,17.28125,17.645832061767578,1552800
1998-03-20,14.66320514678955,17.927082061767578,18.041667938232425,17.4375,17.666667938232422,2566200
1998-03-23,14.373517036437988,17.572917938232422,18.010417938232422,17.572917938232422,17.927082061767578,1421400
1998-03-24,14.467243194580078,17.6875,17.729167938232422,17.645832061767578,17.666667938232422,1011600
1998-03-25,14.169041633605955,17.322917938232422,17.708332061767578,17.3125,17.708332061767578,1860000
1998-03-26,14.05827808380127,17.1875,17.229167938232422,16.958332061767578,17.166667938232422,1165800
1998-03-27,14.01567554473877,17.135417938232422,17.291667938232422,17.104167938232422,17.197917938232422,946200
1998-03-30,14.279800415039062,17.458332061767578,17.5,17.135417938232422,17.177082061767578,1842000
1998-03-31,14.211639404296877,17.375,17.4375,17.208332061767578,17.4375,1168200
1998-04-01,14.186079978942873,17.34375,17.427082061767578,17.229167938232422,17.354167938232422,4480800
1998-04-02,14.313882827758787,17.5,17.604167938232422,17.125,17.385417938232422,1540200
1998-04-03,14.484292984008787,17.708332061767578,17.833332061767578,17.5625,17.625,1133400
1998-04-06,14.143475532531738,17.291667938232422,17.770832061767578,17.291667938232422,17.666667938232422,2761200
1998-04-07,14.007150650024414,17.125,17.302082061767578,16.916667938232422,17.270832061767578,2167200
1998-04-08,13.836755752563477,16.916667938232422,17.083332061767578,16.770832061767578,17.083332061767578,1761000
1998-04-09,13.90491771697998,17.0,17.03125,16.895832061767578,17.0,738600
1998-04-13,13.666342735290527,16.708332061767578,16.958332061767578,16.572917938232422,16.958332061767578,1361400
1998-04-14,13.751553535461426,16.8125,16.833332061767578,16.604167938232422,16.677082061767578,1863600
1998-04-15,13.90491771697998,17.0,17.052082061767578,16.604167938232422,16.770832061767578,1417800
1998-04-16,13.70895004272461,16.760417938232422,16.979167938232422,16.65625,16.979167938232422,875400
1998-04-17,13.802667617797852,16.875,16.90625,16.697917938232422,16.802082061767578,604200
1998-04-20,13.70895004272461,16.760417938232422,16.958332061767578,16.729167938232422,16.958332061767578,1995000
1998-04-21,13.717473030090332,16.770832061767578,16.802082061767578,16.666667938232422,16.770832061767578,1138800
1998-04-22,13.836755752563477,16.916667938232422,17.020832061767578,16.75,16.8125,1639200
1998-04-23,13.700431823730469,16.75,16.895832061767578,16.677082061767578,16.895832061767578,1230000
1998-04-24,13.615227699279783,16.645832061767578,16.875,16.541667938232422,16.770832061767578,1796400
1998-04-27,13.521506309509276,16.53125,16.65625,16.354167938232422,16.645832061767578,1251600
1998-04-28,13.410744667053224,16.395832061767578,16.666667938232422,16.291667938232422,16.666667938232422,1239000
1998-04-29,13.45345401763916,16.40625,16.416667938232422,16.302082061767578,16.395832061767578,1030800
1998-04-30,13.675542831420898,16.677082061767578,16.708332061767578,16.333332061767578,16.364582061767578,1323600
1998-05-01,13.863458633422852,16.90625,16.916667938232422,16.614582061767578,16.635417938232422,744000
1998-05-04,13.769506454467772,16.791667938232422,17.0,16.791667938232422,16.90625,1136400
1998-05-05,13.743876457214355,16.760417938232422,16.90625,16.625,16.75,1013400
1998-05-06,13.923254013061523,16.979167938232422,16.989582061767578,16.645832061767578,16.708332061767578,2288400
1998-05-07,13.735337257385254,16.75,16.875,16.65625,16.875,1056600
1998-05-08,13.726787567138672,16.739582061767578,16.8125,16.666667938232422,16.75,1698600
1998-05-11,13.684082984924316,16.6875,16.833332061767578,16.666667938232422,16.729167938232422,1926600
1998-05-12,13.666997909545898,16.666667938232422,16.708332061767578,16.395832061767578,16.416667938232422,1710600
1998-05-13,13.086155891418455,15.958333015441896,16.739582061767578,15.958333015441896,16.645832061767578,5065800
1998-05-14,12.846979141235352,15.666666984558104,15.854166984558104,15.541666984558104,15.833333015441896,3682200
1998-05-15,12.556557655334473,15.3125,15.677083015441896,15.260416984558104,15.677083015441896,3000600
1998-05-18,12.197798728942873,14.875,15.291666984558104,14.875,15.291666984558104,3278400
1998-05-19,12.163629531860352,14.833333015441896,14.989583015441896,14.760416984558104,14.875,2653200
1998-05-20,12.530930519104004,15.28125,15.3125,14.895833015441896,14.895833015441896,1689600
1998-05-21,12.454054832458496,15.1875,15.40625,15.166666984558104,15.260416984558104,1435800
1998-05-22,12.56509780883789,15.322916984558104,15.416666984558104,15.166666984558104,15.1875,1338600
1998-05-26,12.454054832458496,15.1875,15.34375,15.166666984558104,15.302083015441896,1435800
1998-05-27,12.274672508239746,14.96875,15.270833015441896,14.927083015441896,15.166666984558104,1137000
1998-05-28,12.377179145812988,15.09375,15.21875,14.9375,14.96875,1274400
1998-05-29,12.402802467346191,15.125,15.166666984558104,15.0625,15.072916984558104,931200
1998-06-01,12.368633270263672,15.083333015441896,15.145833015441896,15.020833015441896,15.083333015441896,1105200
1998-06-02,12.231964111328123,14.916666984558104,15.083333015441896,14.90625,15.083333015441896,1347600
1998-06-03,12.180715560913086,14.854166984558104,15.052083015441896,14.78125,14.958333015441896,823200
1998-06-04,12.25758934020996,14.947916984558104,15.072916984558104,14.78125,14.8125,684600
1998-06-05,12.377179145812988,15.09375,15.135416984558104,14.927083015441896,14.989583015441896,783600
1998-06-08,12.505303382873535,15.25,15.40625,15.15625,15.15625,1956600
1998-06-09,12.436969757080078,15.166666984558104,15.4375,15.166666984558104,15.25,1248000
1998-06-10,12.172181129455566,14.84375,15.354166984558104,14.75,15.125,1062600
1998-06-11,12.061127662658691,14.708333015441896,14.875,14.583333015441896,14.677083015441896,1143600
1998-06-12,12.120922088623049,14.78125,14.833333015441896,14.5,14.708333015441896,804600
1998-06-15,11.975711822509766,14.604166984558104,14.75,14.510416984558104,14.739583015441896,1431000
1998-06-16,11.958625793457031,14.583333015441896,14.697916984558104,14.489583015441896,14.5625,1089000
1998-06-17,12.308844566345217,15.010416984558104,15.114583015441896,14.604166984558104,14.604166984558104,1025400
1998-06-18,12.249051094055176,14.9375,15.25,14.864583015441896,15.125,1768800
1998-06-19,12.069672584533691,14.71875,14.927083015441896,14.59375,14.895833015441896,1548600
1998-06-22,12.02696704864502,14.666666984558104,14.916666984558104,14.635416984558104,14.75,1089000
1998-06-23,11.890292167663574,14.5,14.854166984558104,14.479166984558104,14.760416984558104,922200
1998-06-24,12.02696704864502,14.666666984558104,14.677083015441896,14.21875,14.458333015441896,1410000
1998-06-25,11.975711822509766,14.604166984558104,14.729166984558104,14.583333015441896,14.645833015441896,984600
1998-06-26,11.890292167663574,14.5,14.864583015441896,14.416666984558104,14.625,876000
1998-06-29,11.890292167663574,14.5,14.541666984558104,14.333333015441896,14.5,1351200
1998-06-30,11.90737247467041,14.520833015441896,14.552083015441896,14.4375,14.5,1851000
1998-07-01,12.086750030517578,14.739583015441896,14.739583015441896,14.395833015441896,14.53125,1253400
1998-07-02,12.138006210327148,14.802083015441896,14.822916984558104,14.708333015441896,14.729166984558104,652800
1998-07-06,12.300299644470217,15.0,15.03125,14.697916984558104,14.760416984558104,910800
1998-07-07,12.223422050476074,14.90625,15.25,14.854166984558104,14.979166984558104,1309800
1998-07-08,12.197798728942873,14.875,15.0,14.770833015441896,14.916666984558104,1321800
1998-07-09,12.035505294799805,14.677083015441896,14.875,14.604166984558104,14.875,1138200
1998-07-10,11.90737247467041,14.520833015441896,14.770833015441896,14.520833015441896,14.708333015441896,682800
1998-07-13,11.727994918823242,14.302083015441896,14.572916984558104,14.260416984558104,14.53125,886800
1998-07-14,11.727994918823242,14.302083015441896,14.416666984558104,14.260416984558104,14.28125,1511400
1998-07-15,11.685284614562988,14.25,14.385416984558104,14.104166984558104,14.260416984558104,1768800
1998-07-16,11.736539840698242,14.3125,14.34375,14.166666984558104,14.208333015441896,585600
1998-07-17,11.634034156799316,14.1875,14.333333015441896,14.145833015441896,14.333333015441896,888600
1998-07-20,11.642580032348633,14.197916984558104,14.395833015441896,14.052083015441896,14.166666984558104,751200
1998-07-21,11.531536102294922,14.0625,14.208333015441896,14.052083015441896,14.177083015441896,1039200
1998-07-22,11.574244499206545,14.114583015441896,14.21875,14.041666984558104,14.072916984558104,2895000
1998-07-23,11.377777099609377,13.875,14.21875,13.833333015441896,14.208333015441896,2089800
1998-07-24,11.258186340332031,13.729166984558104,13.989583015441896,13.697916984558104,13.916666984558104,1830600
1998-07-27,11.300896644592283,13.78125,13.864583015441896,13.666666984558104,13.729166984558104,1696800
1998-07-28,11.138612747192385,13.583333015441896,13.78125,13.458333015441896,13.739583015441896,1299000
1998-07-29,11.104440689086914,13.541666984558104,13.604166984558104,13.354166984558104,13.604166984558104,621000
1998-07-30,11.224394798278809,13.645833015441896,13.75,13.5,13.5,1792200
1998-07-31,11.053030967712402,13.4375,13.708333015441896,13.364583015441896,13.65625,678000
1998-08-03,10.98448371887207,13.354166984558104,13.541666984558104,13.291666984558104,13.395833015441896,658200
1998-08-04,10.915934562683104,13.270833015441896,13.520833015441896,13.052083015441896,13.364583015441896,1431600
1998-08-05,11.053030967712402,13.4375,13.5,13.0,13.25,2662800
1998-08-06,11.301509857177734,13.739583015441896,13.833333015441896,13.395833015441896,13.395833015441896,1307400
1998-08-07,11.38719081878662,13.84375,13.916666984558104,13.75,13.875,1717800
1998-08-10,11.310075759887695,13.75,13.927083015441896,13.71875,13.84375,862800
1998-08-11,11.395757675170898,13.854166984558104,13.895833015441896,13.666666984558104,13.729166984558104,1207200
1998-08-12,11.627103805541992,14.135416984558104,14.15625,13.854166984558104,13.864583015441896,1371600
1998-08-13,11.90985107421875,14.479166984558104,14.510416984558104,14.125,14.125,2449200
1998-08-14,11.952691078186035,14.53125,14.822916984558104,14.447916984558104,14.510416984558104,3629400
1998-08-17,11.961259841918944,14.541666984558104,14.583333015441896,14.40625,14.5,1196400
1998-08-18,12.08979034423828,14.697916984558104,14.729166984558104,14.4375,14.5,1176000
1998-08-19,12.149761199951172,14.770833015441896,14.833333015441896,14.708333015441896,14.739583015441896,742800
1998-08-20,12.192601203918455,14.822916984558104,15.083333015441896,14.6875,14.770833015441896,1493400
1998-08-21,12.09835433959961,14.708333015441896,14.760416984558104,14.333333015441896,14.760416984558104,1459200
1998-08-24,11.935558319091797,14.510416984558104,14.895833015441896,14.34375,14.729166984558104,804000
1998-08-25,11.867008209228516,14.427083015441896,14.65625,14.270833015441896,14.53125,1260600
1998-08-26,11.789898872375488,14.333333015441896,14.4375,14.125,14.291666984558104,1045800
1998-08-27,11.687081336975098,14.208333015441896,14.395833015441896,14.072916984558104,14.333333015441896,2948400
1998-08-28,11.66137409210205,14.177083015441896,14.333333015441896,14.125,14.166666984558104,1630200
1998-08-31,11.567123413085938,14.0625,14.25,13.958333015441896,14.177083015441896,2941200
1998-09-01,11.301509857177734,13.739583015441896,14.052083015441896,13.729166984558104,13.979166984558104,2529000
1998-09-02,11.27580451965332,13.708333015441896,13.9375,13.697916984558104,13.916666984558104,1357800
1998-09-03,11.267234802246094,13.697916984558104,13.78125,13.4375,13.6875,754800
1998-09-04,11.27580451965332,13.708333015441896,13.90625,13.583333015441896,13.770833015441896,1477200
1998-09-08,11.447168350219728,13.916666984558104,13.979166984558104,13.75,13.75,1455600
1998-09-09,11.541420936584473,14.03125,14.114583015441896,13.78125,13.916666984558104,1156800
1998-09-10,11.344352722167969,13.791666984558104,14.0,13.625,13.989583015441896,1644600
1998-09-11,11.507145881652832,13.989583015441896,14.072916984558104,13.677083015441896,13.697916984558104,1604400
1998-09-14,11.455729484558104,13.927083015441896,14.083333015441896,13.90625,14.020833015441896,1842000
1998-09-15,11.27580451965332,13.708333015441896,13.895833015441896,13.583333015441896,13.833333015441896,1179600
1998-09-16,11.841304779052734,14.395833015441896,14.395833015441896,13.6875,13.708333015441896,2671800
1998-09-17,11.584259033203123,14.083333015441896,14.541666984558104,14.020833015441896,14.395833015441896,757800
1998-09-18,11.772762298583984,14.3125,14.458333015441896,14.15625,14.166666984558104,3418800
1998-09-21,11.644238471984863,14.15625,14.239583015441896,13.916666984558104,14.208333015441896,3760800
1998-09-22,11.65280818939209,14.166666984558104,14.479166984558104,13.958333015441896,14.15625,2646600
1998-09-23,11.85844898223877,14.416666984558104,14.416666984558104,14.25,14.25,1464600
1998-09-24,11.695648193359377,14.21875,14.375,14.1875,14.354166984558104,882600
1998-09-25,11.695648193359377,14.21875,14.25,13.989583015441896,14.21875,816600
1998-09-28,11.798470497131348,14.34375,14.510416984558104,14.239583015441896,14.239583015441896,1227600
1998-09-29,11.926990509033203,14.5,14.604166984558104,14.333333015441896,14.385416984558104,616200
1998-09-30,11.567123413085938,14.0625,14.458333015441896,14.052083015441896,14.458333015441896,693600
1998-10-01,11.292940139770508,13.729166984558104,14.1875,13.666666984558104,14.020833015441896,940200
1998-10-02,11.498581886291504,13.979166984558104,14.145833015441896,13.729166984558104,13.770833015441896,1068600
1998-10-05,11.961259841918944,14.541666984558104,14.541666984558104,14.072916984558104,14.25,2019000
1998-10-06,11.841304779052734,14.395833015441896,14.822916984558104,14.291666984558104,14.510416984558104,1046400
1998-10-07,11.53285312652588,14.020833015441896,14.65625,13.854166984558104,14.40625,884400
1998-10-08,11.558557510375977,14.052083015441896,14.208333015441896,13.770833015441896,13.791666984558104,2215200
1998-10-09,11.789898872375488,14.333333015441896,14.46875,13.958333015441896,14.104166984558104,1494600
1998-10-12,11.798470497131348,14.34375,14.489583015441896,14.166666984558104,14.416666984558104,618600
1998-10-13,11.678509712219238,14.197916984558104,14.40625,14.125,14.385416984558104,373200
1998-10-14,11.490005493164062,13.96875,14.25,13.9375,14.208333015441896,1156800
1998-10-15,11.65280818939209,14.166666984558104,14.302083015441896,13.791666984558104,13.927083015441896,968400
1998-10-16,11.85844898223877,14.416666984558104,14.416666984558104,14.21875,14.333333015441896,1867200
1998-10-19,12.124058723449709,14.739583015441896,14.875,14.333333015441896,14.333333015441896,1746600
1998-10-20,12.57817554473877,15.291666984558104,15.291666984558104,14.75,14.833333015441896,1801200
1998-10-21,12.603882789611816,15.322916984558104,15.4375,15.270833015441896,15.270833015441896,2386800
1998-10-22,12.655287742614746,15.385416984558104,15.395833015441896,15.197916984558104,15.291666984558104,539400
1998-10-23,12.586742401123049,15.302083015441896,15.385416984558104,15.166666984558104,15.385416984558104,756600
1998-10-26,12.509629249572754,15.208333015441896,15.479166984558104,15.1875,15.34375,933000
1998-10-27,12.543903350830078,15.25,15.479166984558104,15.104166984558104,15.333333015441896,1141200
1998-10-28,12.5353364944458,15.239583015441896,15.541666984558104,15.21875,15.291666984558104,884400
1998-10-29,12.853229522705078,15.583333015441896,15.614583015441896,15.302083015441896,15.302083015441896,1821000
1998-10-30,12.913372993469238,15.65625,15.84375,15.552083015441896,15.583333015441896,1594800
1998-11-02,12.887590408325195,15.625,15.770833015441896,15.479166984558104,15.614583015441896,1681800
1998-11-03,12.801675796508787,15.520833015441896,15.6875,15.458333015441896,15.666666984558104,733200
1998-11-04,12.913372993469238,15.65625,15.791666984558104,15.46875,15.520833015441896,2365800
1998-11-05,12.94774055480957,15.697916984558104,15.8125,15.53125,15.645833015441896,1761600
1998-11-06,13.050838470458984,15.822916984558104,15.895833015441896,15.65625,15.65625,1353600
1998-11-09,13.025063514709473,15.791666984558104,15.927083015441896,15.760416984558104,15.84375,1278000
1998-11-10,13.540563583374023,16.416667938232422,16.416667938232422,15.916666984558104,15.979166984558104,3330000
1998-11-11,13.540563583374023,16.416667938232422,16.78125,16.260417938232422,16.5,1562400
1998-11-12,13.738177299499512,16.65625,16.6875,16.375,16.375,889200
1998-11-13,13.75536060333252,16.677082061767578,16.739582061767578,16.510417938232422,16.635417938232422,567600
1998-11-16,13.69522476196289,16.604167938232422,17.072917938232422,16.583332061767578,16.770832061767578,1390800
1998-11-17,13.678027153015137,16.583332061767578,16.770832061767578,16.5625,16.5625,1235400
1998-11-18,13.643670082092283,16.541667938232422,16.635417938232422,16.34375,16.583332061767578,1320000
1998-11-19,13.686627388000488,16.59375,16.65625,16.5,16.583332061767578,808200
1998-11-20,13.927194595336914,16.885417938232422,16.895832061767578,16.572917938232422,16.6875,1057800
1998-11-23,14.348184585571287,17.395832061767578,17.395832061767578,16.84375,16.84375,1338600
1998-11-24,14.339597702026367,17.385417938232422,17.677082061767578,17.302082061767578,17.5625,1187400
1998-11-25,14.296631813049316,17.333332061767578,17.416667938232422,17.104167938232422,17.385417938232422,678600
1998-11-27,14.004528045654297,16.979167938232422,17.291667938232422,16.90625,17.291667938232422,457800
1998-11-30,13.746761322021484,16.666667938232422,17.395832061767578,16.635417938232422,17.3125,1912800
1998-12-01,13.798314094543455,16.729167938232422,16.875,16.5625,16.625,1302600
1998-12-02,13.712404251098633,16.625,16.739582061767578,16.583332061767578,16.739582061767578,1120800
1998-12-03,13.729588508605955,16.645832061767578,16.958332061767578,16.53125,16.645832061767578,1272600
1998-12-04,14.004528045654297,16.979167938232422,17.0,16.645832061767578,16.6875,1332600
1998-12-07,13.892826080322266,16.84375,16.9375,16.802082061767578,16.9375,1011000
1998-12-08,13.729588508605955,16.645832061767578,16.822917938232422,16.46875,16.822917938232422,1328400
1998-12-09,13.678027153015137,16.583332061767578,16.645832061767578,16.427082061767578,16.635417938232422,1108200
1998-12-10,13.265629768371582,16.083332061767578,16.583332061767578,16.083332061767578,16.583332061767578,1381200
1998-12-11,13.17971134185791,15.979166984558104,15.989583015441896,15.760416984558104,15.875,1504200
1998-12-14,13.085206985473633,15.864583015441896,16.125,15.864583015441896,16.0,982200
1998-12-15,13.32576847076416,16.15625,16.239582061767578,15.833333015441896,15.875,1173000
1998-12-16,13.39450740814209,16.239582061767578,16.291667938232422,16.114582061767578,16.135417938232422,891600
1998-12-17,13.600708961486816,16.489582061767578,16.489582061767578,16.177082061767578,16.25,789000
1998-12-18,13.463244438171388,16.322917938232422,16.5,16.25,16.5,7419000
1998-12-21,13.506207466125488,16.375,16.947917938232422,16.375,16.375,1401600
1998-12-22,13.69522476196289,16.604167938232422,16.6875,16.197917938232422,16.354167938232422,999600
1998-12-23,13.463244438171388,16.322917938232422,16.666667938232422,16.25,16.583332061767578,1230000
1998-12-24,13.17971134185791,15.979166984558104,16.21875,15.791666984558104,16.166667938232422,1225800
1998-12-28,13.085206985473633,15.864583015441896,16.0,15.625,16.0,2100000
1998-12-29,13.497610092163086,16.364582061767578,16.5,15.333333015441896,15.833333015441896,1362600
1998-12-30,13.52338409423828,16.395832061767578,16.572917938232422,16.270832061767578,16.333332061767578,867000
1998-12-31,13.506207466125488,16.375,16.572917938232422,16.270832061767578,16.375,1709400
1999-01-04,13.471832275390623,16.333332061767578,16.4375,16.270832061767578,16.416667938232422,1740000
1999-01-05,13.69522476196289,16.604167938232422,16.958332061767578,16.291667938232422,16.291667938232422,1742400
1999-01-06,13.81550121307373,16.75,16.78125,16.53125,16.604167938232422,2991000
1999-01-07,13.806903839111328,16.739582061767578,16.84375,16.625,16.666667938232422,1320600
1999-01-08,14.262276649475098,17.291667938232422,17.416667938232422,16.75,16.833332061767578,1664400
1999-01-11,14.073260307312012,17.0625,17.25,16.739582061767578,17.239582061767578,1330800
1999-01-12,13.720993995666504,16.635417938232422,17.041667938232422,16.625,17.020832061767578,1455000
1999-01-13,13.652264595031738,16.552082061767578,16.75,16.416667938232422,16.4375,1390800
1999-01-14,13.308592796325684,16.135417938232422,16.541667938232422,16.104167938232422,16.541667938232422,1639800
1999-01-15,13.059433937072754,15.833333015441896,16.135417938232422,15.729166984558104,16.135417938232422,1215000
1999-01-19,12.870417594909668,15.604166984558104,15.875,15.427083015441896,15.875,1245600
1999-01-20,12.432236671447754,15.072916984558104,15.604166984558104,15.072916984558104,15.604166984558104,1785000
1999-01-21,12.140116691589355,14.71875,14.979166984558104,14.708333015441896,14.833333015441896,6402000
1999-01-22,12.062787055969238,14.625,14.979166984558104,14.604166984558104,14.760416984558104,1885800
1999-01-25,12.088562965393066,14.65625,14.729166984558104,14.572916984558104,14.645833015441896,1460400
1999-01-26,11.89954948425293,14.427083015441896,14.666666984558104,14.28125,14.65625,1665000
1999-01-27,11.847991943359377,14.364583015441896,14.614583015441896,14.354166984558104,14.458333015441896,640200
1999-01-28,11.692898750305176,14.135416984558104,14.395833015441896,14.125,14.260416984558104,1522200
1999-01-29,11.606724739074709,14.03125,14.1875,13.75,14.166666984558104,2659200
1999-02-01,11.520563125610352,13.927083015441896,14.197916984558104,13.916666984558104,14.197916984558104,1904400
1999-02-02,11.41716194152832,13.802083015441896,13.916666984558104,13.625,13.8125,1409400
1999-02-03,11.770442962646484,14.229166984558104,14.260416984558104,13.791666984558104,13.802083015441896,2340000
1999-02-04,11.79629898071289,14.260416984558104,14.375,14.041666984558104,14.270833015441896,2504400
1999-02-05,11.79629898071289,14.260416984558104,14.5,14.260416984558104,14.333333015441896,2208600
1999-02-08,11.79629898071289,14.260416984558104,14.385416984558104,14.020833015441896,14.291666984558104,1549200
1999-02-09,11.6239652633667,14.052083015441896,14.291666984558104,14.0,14.28125,1234200
1999-02-10,11.270678520202637,13.625,13.90625,13.5,13.864583015441896,2031600
1999-02-11,11.072484970092772,13.385416984558104,13.53125,13.28125,13.5,3384000
1999-02-12,10.7450590133667,12.989583015441896,13.447916984558104,12.9375,13.427083015441896,1868400
1999-02-16,10.874303817749023,13.145833015441896,13.25,13.010416984558104,13.03125,1140000
1999-02-17,10.82260513305664,13.083333015441896,13.21875,13.0,13.0,1038000
1999-02-18,10.943241119384766,13.229166984558104,13.333333015441896,13.020833015441896,13.0625,1443600
1999-02-19,10.917387008666992,13.197916984558104,13.21875,13.104166984558104,13.145833015441896,1809600
1999-02-22,11.055256843566896,13.364583015441896,13.364583015441896,13.1875,13.229166984558104,1154400
1999-02-23,10.986326217651367,13.28125,13.416666984558104,13.239583015441896,13.375,1410600
1999-02-24,10.874303817749023,13.145833015441896,13.416666984558104,13.083333015441896,13.239583015441896,1253400
1999-02-25,10.796758651733398,13.052083015441896,13.208333015441896,12.854166984558104,13.104166984558104,1176000
1999-02-26,10.77952003479004,13.03125,13.145833015441896,12.916666984558104,13.0,1070400
1999-03-01,10.753670692443848,13.0,13.0,12.71875,12.864583015441896,972600
1999-03-02,10.684738159179688,12.916666984558104,12.989583015441896,12.854166984558104,12.958333015441896,1416000
1999-03-03,10.633036613464355,12.854166984558104,12.90625,12.708333015441896,12.90625,1456800
1999-03-04,10.633036613464355,12.854166984558104,12.90625,12.739583015441896,12.833333015441896,2560800
1999-03-05,10.805378913879396,13.0625,13.135416984558104,12.895833015441896,12.895833015441896,733800
1999-03-08,11.038026809692385,13.34375,13.427083015441896,13.041666984558104,13.052083015441896,2242800
1999-03-09,11.244827270507812,13.59375,13.708333015441896,13.385416984558104,13.385416984558104,2506800
1999-03-10,11.33961009979248,13.708333015441896,13.770833015441896,13.541666984558104,13.583333015441896,1467000
1999-03-11,11.322373390197754,13.6875,13.895833015441896,13.604166984558104,13.6875,1361400
1999-03-12,11.511945724487305,13.916666984558104,13.9375,13.697916984558104,13.697916984558104,972000
1999-03-15,11.33961009979248,13.708333015441896,13.885416984558104,13.635416984558104,13.885416984558104,1555200
1999-03-16,11.356842041015623,13.729166984558104,13.729166984558104,13.5,13.677083015441896,957000
1999-03-17,11.218975067138672,13.5625,13.770833015441896,13.541666984558104,13.770833015441896,808800
1999-03-18,11.270678520202637,13.625,13.697916984558104,13.53125,13.572916984558104,2619000
1999-03-19,11.02940273284912,13.333333015441896,13.65625,13.3125,13.65625,2800200
1999-03-22,11.141424179077148,13.46875,13.541666984558104,13.322916984558104,13.333333015441896,3009600
1999-03-23,10.891541481018066,13.166666984558104,13.510416984558104,13.166666984558104,13.458333015441896,1228800
1999-03-24,11.098339080810549,13.416666984558104,13.520833015441896,13.1875,13.208333015441896,1366200
1999-03-25,11.02940273284912,13.333333015441896,13.385416984558104,13.291666984558104,13.375,960600
1999-03-26,10.882923126220703,13.15625,13.302083015441896,13.145833015441896,13.291666984558104,1796400
1999-03-29,11.201744079589844,13.541666984558104,13.604166984558104,13.15625,13.1875,1579200
1999-03-30,10.831223487854004,13.09375,13.510416984558104,13.083333015441896,13.510416984558104,1141800
1999-03-31,10.288370132446287,12.4375,13.125,12.4375,13.114583015441896,5998800
1999-04-01,10.064336776733398,12.166666984558104,12.4375,12.041666984558104,12.4375,5814600
1999-04-05,10.13326930999756,12.25,12.4375,12.135416984558104,12.166666984558104,3489600
1999-04-06,10.184966087341309,12.3125,12.541666984558104,12.25,12.25,2086200
1999-04-07,9.823067665100098,11.875,12.270833015441896,11.791666984558104,12.270833015441896,2025600
1999-04-08,9.797216415405272,11.84375,11.947916984558104,11.791666984558104,11.84375,1866600
1999-04-09,9.685198783874512,11.708333015441896,11.885416984558104,11.708333015441896,11.8125,2241600
1999-04-12,9.728281021118164,11.760416984558104,11.791666984558104,11.5,11.635416984558104,3498000
1999-04-13,9.762749671936035,11.802083015441896,11.989583015441896,11.791666984558104,11.875,2289600
1999-04-14,9.779980659484863,11.822916984558104,11.875,11.802083015441896,11.802083015441896,1075800
1999-04-15,10.245288848876951,12.385416984558104,12.479166984558104,11.84375,11.864583015441896,1674000
1999-04-16,10.193589210510254,12.322916984558104,12.385416984558104,12.208333015441896,12.270833015441896,1662600
1999-04-19,10.64165496826172,12.864583015441896,12.875,12.5,12.5,1793400
1999-04-20,10.400386810302734,12.572916984558104,12.864583015441896,12.5,12.822916984558104,662400
1999-04-21,10.452086448669434,12.635416984558104,12.71875,12.479166984558104,12.572916984558104,659400
1999-04-22,10.64165496826172,12.864583015441896,12.864583015441896,12.5625,12.614583015441896,1408200
1999-04-23,10.615806579589844,12.833333015441896,12.90625,12.770833015441896,12.885416984558104,544200
1999-04-26,10.202198028564451,12.333333015441896,12.791666984558104,12.333333015441896,12.791666984558104,1622400
1999-04-27,10.40900421142578,12.583333015441896,12.645833015441896,12.25,12.40625,1931400
1999-04-28,10.184966087341309,12.3125,12.666666984558104,12.291666984558104,12.583333015441896,1443600
1999-04-29,10.228203773498535,12.322916984558104,12.40625,12.166666984558104,12.34375,943800
1999-04-30,10.124445915222168,12.197916984558104,12.416666984558104,12.104166984558104,12.416666984558104,2277600
1999-05-03,10.098512649536133,12.166666984558104,12.229166984558104,12.125,12.166666984558104,1583400
1999-05-04,10.314661026000977,12.427083015441896,12.541666984558104,12.052083015441896,12.1875,1582800
1999-05-05,10.392474174499512,12.520833015441896,12.583333015441896,12.354166984558104,12.385416984558104,901800
1999-05-06,10.444353103637695,12.583333015441896,12.697916984558104,12.510416984558104,12.520833015441896,2054400
1999-05-07,10.60861873626709,12.78125,12.90625,12.604166984558104,12.604166984558104,1242600
1999-05-10,10.937166213989258,13.177083015441896,13.208333015441896,12.791666984558104,12.96875,3013800
1999-05-11,10.997692108154297,13.25,13.416666984558104,13.114583015441896,13.177083015441896,3031200
1999-05-12,11.06686019897461,13.333333015441896,13.385416984558104,13.166666984558104,13.25,1674600
1999-05-13,11.317591667175291,13.635416984558104,13.708333015441896,13.302083015441896,13.302083015441896,1717200
1999-05-14,11.058218955993652,13.322916984558104,13.65625,13.291666984558104,13.65625,880800
1999-05-17,11.205194473266602,13.5,13.541666984558104,13.302083015441896,13.322916984558104,1144800
1999-05-18,11.084149360656738,13.354166984558104,13.458333015441896,13.260416984558104,13.458333015441896,1288800
1999-05-19,11.300300598144531,13.614583015441896,13.645833015441896,13.364583015441896,13.395833015441896,1237200
1999-05-20,11.50780200958252,13.864583015441896,14.03125,13.708333015441896,13.708333015441896,2402400
1999-05-21,11.334883689880373,13.65625,13.833333015441896,13.645833015441896,13.822916984558104,1104000
1999-05-24,10.989048957824709,13.239583015441896,13.75,13.21875,13.65625,1456200
1999-05-25,11.032275199890137,13.291666984558104,13.4375,13.291666984558104,13.3125,2018400
1999-05-26,11.040916442871094,13.302083015441896,13.302083015441896,13.145833015441896,13.302083015441896,2985600
1999-05-27,11.049568176269531,13.3125,13.416666984558104,13.145833015441896,13.260416984558104,1438800
1999-05-28,11.248421669006348,13.552083015441896,13.572916984558104,13.28125,13.28125,1039200
1999-06-01,11.170612335205078,13.458333015441896,13.53125,13.239583015441896,13.53125,1553400
1999-06-02,11.023630142211914,13.28125,13.447916984558104,13.229166984558104,13.375,830400
1999-06-03,10.95445728302002,13.197916984558104,13.333333015441896,13.166666984558104,13.28125,741600
1999-06-04,11.101447105407717,13.375,13.395833015441896,13.197916984558104,13.229166984558104,565800
1999-06-07,11.170612335205078,13.458333015441896,13.489583015441896,13.239583015441896,13.333333015441896,424800
1999-06-08,10.96310806274414,13.208333015441896,13.510416984558104,13.177083015441896,13.458333015441896,668400
1999-06-09,10.95445728302002,13.197916984558104,13.5,13.197916984558104,13.197916984558104,854400
1999-06-10,11.006339073181152,13.260416984558104,13.416666984558104,13.125,13.15625,961200
1999-06-11,11.084149360656738,13.354166984558104,13.385416984558104,13.239583015441896,13.239583015441896,909600
1999-06-14,11.023630142211914,13.28125,13.4375,13.28125,13.364583015441896,870600
1999-06-15,11.014981269836426,13.270833015441896,13.4375,13.270833015441896,13.302083015441896,1309200
1999-06-16,11.040916442871094,13.302083015441896,13.322916984558104,13.25,13.291666984558104,1768800
1999-06-17,11.040916442871094,13.302083015441896,13.3125,13.166666984558104,13.239583015441896,1565400
1999-06-18,11.06686019897461,13.333333015441896,13.385416984558104,13.229166984558104,13.229166984558104,1417200
1999-06-21,11.101447105407717,13.375,13.4375,13.291666984558104,13.291666984558104,1252200
1999-06-22,10.919878005981444,13.15625,13.395833015441896,13.145833015441896,13.333333015441896,859800
1999-06-23,11.032275199890137,13.291666984558104,13.291666984558104,13.104166984558104,13.15625,831600
1999-06-24,10.902586936950684,13.135416984558104,13.1875,13.135416984558104,13.177083015441896,1509000
1999-06-25,10.859355926513672,13.083333015441896,13.291666984558104,13.083333015441896,13.125,1723200
1999-06-28,10.96310806274414,13.208333015441896,13.229166984558104,13.125,13.125,1929600
1999-06-29,11.06686019897461,13.333333015441896,13.333333015441896,13.072916984558104,13.1875,1898400
1999-06-30,10.945813179016112,13.1875,13.322916984558104,13.125,13.3125,1350600
1999-07-01,10.95445728302002,13.197916984558104,13.25,13.145833015441896,13.145833015441896,753600
1999-07-02,11.058218955993652,13.322916984558104,13.40625,13.229166984558104,13.239583015441896,1058400
1999-07-06,11.049568176269531,13.3125,13.333333015441896,13.25,13.333333015441896,1885200
1999-07-07,10.937166213989258,13.177083015441896,13.322916984558104,13.166666984558104,13.3125,1818600
1999-07-08,10.781538963317873,12.989583015441896,13.1875,12.666666984558104,12.666666984558104,2171400
1999-07-09,10.919878005981444,13.15625,13.1875,13.03125,13.03125,1089600
1999-07-12,10.798836708068848,13.010416984558104,13.104166984558104,12.947916984558104,13.09375,840600
1999-07-13,10.721017837524414,12.916666984558104,13.041666984558104,12.864583015441896,13.0,708000
1999-07-14,10.59132480621338,12.760416984558104,12.9375,12.666666984558104,12.9375,931200
1999-07-15,10.46163845062256,12.604166984558104,12.791666984558104,12.552083015441896,12.791666984558104,882600
1999-07-16,10.418411254882812,12.552083015441896,12.583333015441896,12.4375,12.4375,1280400
1999-07-19,10.331953048706056,12.447916984558104,12.59375,12.416666984558104,12.59375,908400
1999-07-20,10.2195463180542,12.3125,12.708333015441896,12.3125,12.447916984558104,1345800
1999-07-21,10.193614959716797,12.28125,12.4375,12.21875,12.395833015441896,725400
1999-07-22,10.15903091430664,12.239583015441896,12.354166984558104,12.208333015441896,12.28125,1171800
1999-07-23,10.05527687072754,12.114583015441896,12.25,12.09375,12.208333015441896,964800
1999-07-26,10.063923835754396,12.125,12.25,12.072916984558104,12.072916984558104,704400
1999-07-27,9.960177421569824,12.0,12.1875,11.947916984558104,12.145833015441896,1918800
1999-07-28,9.97746753692627,12.020833015441896,12.020833015441896,11.9375,11.989583015441896,713400
1999-07-29,9.847326278686523,11.822916984558104,11.958333015441896,11.75,11.958333015441896,1329600
1999-07-30,9.73453140258789,11.6875,11.875,11.645833015441896,11.84375,1374000
1999-08-02,9.847326278686523,11.822916984558104,11.9375,11.677083015441896,11.708333015441896,1286400
1999-08-03,9.847326278686523,11.822916984558104,11.947916984558104,11.791666984558104,11.90625,1132200
1999-08-04,9.760567665100098,11.71875,11.864583015441896,11.666666984558104,11.833333015441896,1540800
1999-08-05,9.855998992919922,11.833333015441896,11.895833015441896,11.677083015441896,11.71875,1414800
1999-08-06,10.064228057861328,12.083333015441896,12.197916984558104,11.989583015441896,12.125,3610800
1999-08-09,10.237749099731444,12.291666984558104,12.416666984558104,12.177083015441896,12.208333015441896,1987200
1999-08-10,10.610815048217772,12.739583015441896,12.770833015441896,12.322916984558104,12.322916984558104,2589600
1999-08-11,10.79301643371582,12.958333015441896,13.052083015441896,12.520833015441896,12.583333015441896,2026800
1999-08-12,10.723602294921877,12.875,13.052083015441896,12.875,12.958333015441896,1675200
1999-08-13,10.853748321533203,13.03125,13.072916984558104,12.875,12.916666984558104,978600
1999-08-16,10.89712619781494,13.083333015441896,13.083333015441896,12.947916984558104,13.052083015441896,1414200
1999-08-17,11.12270450592041,13.354166984558104,13.395833015441896,13.083333015441896,13.083333015441896,1787400
1999-08-18,11.114032745361328,13.34375,13.364583015441896,13.25,13.34375,1640400
1999-08-19,11.140053749084473,13.375,13.447916984558104,13.21875,13.270833015441896,1242000
1999-08-20,11.382989883422852,13.666666984558104,13.666666984558104,13.5,13.5625,1162200
1999-08-23,11.417695999145508,13.708333015441896,13.739583015441896,13.666666984558104,13.666666984558104,1374600
1999-08-24,11.114032745361328,13.34375,13.697916984558104,13.34375,13.6875,1358400
1999-08-25,11.157408714294434,13.395833015441896,13.520833015441896,13.270833015441896,13.354166984558104,1286400
1999-08-26,11.061971664428713,13.28125,13.479166984558104,13.239583015441896,13.458333015441896,1555200
1999-08-27,11.035947799682615,13.25,13.364583015441896,13.25,13.302083015441896,1391400
1999-08-30,10.914477348327637,13.104166984558104,13.322916984558104,13.09375,13.291666984558104,1197000
1999-08-31,10.89712619781494,13.083333015441896,13.333333015441896,13.072916984558104,13.114583015441896,1033200
1999-09-01,10.96653652191162,13.166666984558104,13.21875,13.041666984558104,13.125,1192200
1999-09-02,10.766990661621094,12.927083015441896,13.197916984558104,12.833333015441896,13.197916984558104,948000
1999-09-03,11.157408714294434,13.395833015441896,13.427083015441896,12.9375,12.9375,758400
1999-09-07,11.070649147033691,13.291666984558104,13.479166984558104,13.28125,13.40625,979800
1999-09-08,10.766990661621094,12.927083015441896,13.333333015441896,12.916666984558104,13.333333015441896,1347000
1999-09-09,10.714927673339844,12.864583015441896,13.03125,12.71875,12.927083015441896,4671600
1999-09-10,10.714927673339844,12.864583015441896,12.989583015441896,12.864583015441896,12.9375,880800
1999-09-13,10.723602294921877,12.875,12.958333015441896,12.854166984558104,12.875,792600
1999-09-14,10.714927673339844,12.864583015441896,12.958333015441896,12.84375,12.854166984558104,1652400
1999-09-15,10.662878036499023,12.802083015441896,12.96875,12.802083015441896,12.885416984558104,1503000
1999-09-16,10.628171920776367,12.760416984558104,12.875,12.760416984558104,12.8125,771000
1999-09-17,10.706254005432127,12.854166984558104,12.864583015441896,12.760416984558104,12.770833015441896,1324200
1999-09-20,10.472002029418944,12.572916984558104,12.916666984558104,12.489583015441896,12.875,847200
1999-09-21,10.220396995544434,12.270833015441896,12.510416984558104,12.25,12.458333015441896,1122600
1999-09-22,9.951437950134276,11.947916984558104,12.166666984558104,11.791666984558104,12.166666984558104,2287200
1999-09-23,9.925406455993652,11.916666984558104,12.083333015441896,11.864583015441896,11.90625,867000
1999-09-24,9.777917861938477,11.739583015441896,11.979166984558104,11.729166984558104,11.958333015441896,814200
1999-09-27,9.803942680358888,11.770833015441896,11.885416984558104,11.6875,11.739583015441896,943200
1999-09-28,9.647775650024414,11.583333015441896,11.770833015441896,11.427083015441896,11.75,1612200
1999-09-29,9.743210792541504,11.697916984558104,11.947916984558104,11.59375,11.604166984558104,1323000
1999-09-30,9.743210792541504,11.697916984558104,11.791666984558104,11.6875,11.78125,1431000
1999-10-01,9.656451225280762,11.59375,11.791666984558104,11.59375,11.708333015441896,1116000
1999-10-04,9.8126220703125,11.78125,11.822916984558104,11.604166984558104,11.614583015441896,1045800
1999-10-05,9.73453140258789,11.6875,12.072916984558104,11.625,11.947916984558104,1252800
1999-10-06,10.003494262695312,12.010416984558104,12.15625,11.833333015441896,11.833333015441896,985200
1999-10-07,9.94276237487793,11.9375,12.135416984558104,11.8125,12.083333015441896,1507800
1999-10-08,9.986141204833984,11.989583015441896,12.114583015441896,11.9375,11.947916984558104,1075800
1999-10-11,10.19437026977539,12.239583015441896,12.3125,12.0,12.0,1405200
1999-10-12,10.203042984008787,12.25,12.333333015441896,12.229166984558104,12.25,1252800
1999-10-13,10.064228057861328,12.083333015441896,12.291666984558104,12.0625,12.25,1377000
1999-10-14,10.055546760559082,12.072916984558104,12.104166984558104,11.958333015441896,12.0625,1153800
1999-10-15,9.855998992919922,11.833333015441896,12.114583015441896,11.833333015441896,12.114583015441896,1003800
1999-10-18,9.786590576171877,11.75,11.8125,11.635416984558104,11.791666984558104,1069200
1999-10-19,9.717183113098145,11.666666984558104,11.822916984558104,11.666666984558104,11.760416984558104,899400
1999-10-20,9.404848098754885,11.291666984558104,11.770833015441896,11.25,11.666666984558104,3066000
1999-10-21,9.153242111206056,10.989583015441896,11.333333015441896,10.645833015441896,11.25,5895600
1999-10-22,9.561017990112305,11.479166984558104,11.583333015441896,10.78125,10.958333015441896,1820400
1999-10-25,9.561017990112305,11.479166984558104,11.541666984558104,11.302083015441896,11.4375,855000
1999-10-26,9.326762199401855,11.197916984558104,11.479166984558104,11.104166984558104,11.479166984558104,2013000
1999-10-27,9.43955421447754,11.333333015441896,11.375,11.125,11.197916984558104,4066200
1999-10-28,9.544047355651855,11.416666984558104,11.958333015441896,11.40625,11.479166984558104,2383800
1999-10-29,9.874956130981444,11.8125,11.90625,11.416666984558104,11.416666984558104,1374000
1999-11-01,9.335053443908691,11.166666984558104,11.78125,11.145833015441896,11.770833015441896,1837800
1999-11-02,9.213141441345217,11.020833015441896,11.375,11.020833015441896,11.166666984558104,1272000
1999-11-03,9.404717445373535,11.25,11.354166984558104,10.875,10.9375,3552600
1999-11-04,9.335053443908691,11.166666984558104,11.541666984558104,11.15625,11.270833015441896,1645200
1999-11-05,9.456971168518066,11.3125,11.364583015441896,11.166666984558104,11.166666984558104,2181000
1999-11-08,9.509215354919434,11.375,11.4375,11.229166984558104,11.229166984558104,2142600
1999-11-09,9.413427352905272,11.260416984558104,11.395833015441896,11.21875,11.364583015441896,1555200
1999-11-10,9.291512489318848,11.114583015441896,11.270833015441896,11.104166984558104,11.229166984558104,1488000
1999-11-11,9.19572925567627,11.0,11.145833015441896,10.989583015441896,11.145833015441896,1381200
1999-11-12,9.221850395202637,11.03125,11.104166984558104,11.0,11.03125,1435200
1999-11-15,9.117348670959473,10.90625,11.104166984558104,10.895833015441896,11.03125,2216400
1999-11-16,9.300222396850586,11.125,11.135416984558104,10.854166984558104,10.90625,1863000
1999-11-17,9.239267349243164,11.052083015441896,11.239583015441896,11.020833015441896,11.145833015441896,1153200
1999-11-18,9.221850395202637,11.03125,11.114583015441896,10.9375,11.09375,1062000
1999-11-19,9.099932670593262,10.885416984558104,11.0625,10.885416984558104,11.010416984558104,1916400
1999-11-22,9.134766578674316,10.927083015441896,11.020833015441896,10.833333015441896,10.854166984558104,1737600
1999-11-23,9.19572925567627,11.0,11.0,10.833333015441896,10.885416984558104,2801400
1999-11-24,9.012858390808104,10.78125,10.916666984558104,10.729166984558104,10.822916984558104,966000
1999-11-26,8.969316482543945,10.729166984558104,10.770833015441896,10.729166984558104,10.739583015441896,485400
1999-11-29,8.821279525756836,10.552083015441896,10.666666984558104,10.458333015441896,10.635416984558104,1611000
1999-11-30,8.917064666748047,10.666666984558104,10.739583015441896,10.552083015441896,10.552083015441896,3179400
1999-12-01,8.95190143585205,10.708333015441896,10.854166984558104,10.583333015441896,10.625,3846600
1999-12-02,9.047686576843262,10.822916984558104,10.90625,10.677083015441896,10.708333015441896,1622400
1999-12-03,9.038982391357422,10.8125,11.0,10.78125,10.854166984558104,1681800
1999-12-06,9.047686576843262,10.822916984558104,11.0,10.791666984558104,11.0,1260600
1999-12-07,8.812565803527832,10.541666984558104,10.822916984558104,10.510416984558104,10.822916984558104,984000
1999-12-08,8.742901802062988,10.458333015441896,10.572916984558104,10.291666984558104,10.572916984558104,2317800
1999-12-09,8.647110939025879,10.34375,10.46875,10.333333015441896,10.4375,1480800
1999-12-10,8.6035795211792,10.291666984558104,10.520833015441896,10.291666984558104,10.354166984558104,2712600
1999-12-13,8.499082565307617,10.166666984558104,10.458333015441896,10.135416984558104,10.291666984558104,2508000
1999-12-14,8.420707702636719,10.072916984558104,10.21875,10.052083015441896,10.177083015441896,1681800
1999-12-15,8.429412841796875,10.083333015441896,10.177083015441896,10.010416984558104,10.03125,2239800
1999-12-16,8.342341423034668,9.979166984558104,10.177083015441896,9.979166984558104,10.052083015441896,1549800
1999-12-17,8.351042747497559,9.989583015441896,9.989583015441896,9.854166984558104,9.958333015441896,2352000
1999-12-20,8.342341423034668,9.979166984558104,10.041666984558104,9.96875,9.96875,1989600
1999-12-21,8.25525188446045,9.875,9.979166984558104,9.833333015441896,9.947916984558104,2578800
1999-12-22,8.490368843078613,10.15625,10.3125,9.875,9.875,1711800
1999-12-23,8.56003475189209,10.239583015441896,10.5,10.177083015441896,10.239583015441896,1671000
1999-12-27,8.429412841796875,10.083333015441896,10.239583015441896,10.052083015441896,10.239583015441896,1390800
1999-12-28,8.333627700805664,9.96875,10.0625,9.75,10.041666984558104,2361600
1999-12-29,8.316207885742188,9.947916984558104,10.0,9.833333015441896,10.0,823800
1999-12-30,8.516493797302246,10.1875,10.197916984558104,9.9375,9.96875,1327800
1999-12-31,8.455533981323242,10.114583015441896,10.166666984558104,10.052083015441896,10.145833015441896,436200
2000-01-03,8.22912883758545,9.84375,10.083333015441896,9.822916984558104,10.03125,2482200
2000-01-04,8.1768798828125,9.78125,9.916666984558104,9.770833015441896,9.802083015441896,2046000
2000-01-05,8.12463092803955,9.71875,9.885416984558104,9.71875,9.770833015441896,1801800
2000-01-06,8.072379112243652,9.65625,9.6875,9.583333015441896,9.625,2002800
2000-01-07,8.203004837036133,9.8125,9.854166984558104,9.625,9.635416984558104,1503600
2000-01-10,8.159467697143555,9.760416984558104,9.875,9.645833015441896,9.833333015441896,2595000
2000-01-11,8.150755882263184,9.75,9.875,9.729166984558104,9.729166984558104,1872600
2000-01-12,8.25525188446045,9.875,9.916666984558104,9.78125,9.78125,1212600
2000-01-13,8.38587474822998,10.03125,10.114583015441896,9.875,9.875,1309800
2000-01-14,8.411998748779297,10.0625,10.15625,9.9375,10.114583015441896,1128600
2000-01-18,8.44682788848877,10.104166984558104,10.1875,10.0625,10.1875,2151600
2000-01-19,8.359747886657715,10.0,10.166666984558104,9.510416984558104,10.0625,1426800
2000-01-20,8.13333797454834,9.729166984558104,9.979166984558104,9.697916984558104,9.958333015441896,890400
2000-01-21,8.168174743652344,9.770833015441896,9.833333015441896,9.729166984558104,9.729166984558104,1683000
2000-01-24,8.011425018310547,9.583333015441896,9.78125,9.583333015441896,9.78125,1977000
2000-01-25,7.941761016845703,9.5,9.635416984558104,9.489583015441896,9.583333015441896,1738800
2000-01-26,7.959179401397705,9.520833015441896,9.583333015441896,9.458333015441896,9.541666984558104,2653800
2000-01-27,7.845980167388916,9.385416984558104,9.5625,9.364583015441896,9.5625,1755600
2000-01-28,7.784748554229736,9.270833015441896,9.375,9.25,9.354166984558104,1549200
2000-01-31,7.837223052978516,9.333333015441896,9.40625,9.197916984558104,9.197916984558104,2562000
2000-02-01,7.977173328399658,9.5,9.5,9.302083015441896,9.333333015441896,1656600
2000-02-02,7.933439254760742,9.447916984558104,9.541666984558104,9.427083015441896,9.458333015441896,794400
2000-02-03,8.02091121673584,9.552083015441896,9.645833015441896,9.4375,9.458333015441896,1750800
2000-02-04,8.02966022491455,9.5625,9.635416984558104,9.510416984558104,9.53125,1390200
2000-02-07,7.977173328399658,9.5,9.65625,9.4375,9.5625,7752000
2000-02-08,7.391138076782227,8.802083015441895,9.427083015441896,8.770833015441895,9.427083015441896,1936200
2000-02-09,7.338653564453125,8.739583015441895,9.041666984558104,8.635416984558105,8.802083015441895,1831800
2000-02-10,7.286170482635498,8.677083015441895,8.875,8.677083015441895,8.739583015441895,1872000
2000-02-11,7.0674967765808105,8.416666984558105,8.697916984558105,8.385416984558105,8.677083015441895,1985400
2000-02-14,6.927550315856934,8.25,8.416666984558105,8.25,8.416666984558105,2212800
2000-02-15,6.778850555419922,8.072916984558105,8.229166984558105,8.041666984558105,8.21875,3124200
2000-02-16,6.840078353881836,8.145833015441895,8.145833015441895,8.052083015441895,8.09375,2446800
2000-02-17,6.778850555419922,8.072916984558105,8.166666984558105,8.052083015441895,8.15625,1983000
2000-02-18,6.551431655883789,7.8020830154418945,8.010416984558105,7.71875,8.0,1925400
2000-02-22,6.568926811218262,7.8229169845581055,7.8854169845581055,7.6770830154418945,7.8125,1068000
2000-02-23,6.472707748413086,7.7083330154418945,7.8333330154418945,7.65625,7.8229169845581055,1005600
2000-02-24,6.37649393081665,7.59375,7.625,7.2604169845581055,7.5,4099800
2000-02-25,6.385241985321045,7.6041669845581055,7.7395830154418945,7.5833330154418945,7.625,3235800
2000-02-28,6.568926811218262,7.8229169845581055,8.020833015441895,7.6354169845581055,7.6458330154418945,2856600
2000-02-29,6.227797508239746,7.4166669845581055,7.6875,7.375,7.6666669845581055,5006400
2000-03-01,6.245291233062744,7.4375,7.5416669845581055,7.2916669845581055,7.4270830154418945,2404800
2000-03-02,6.140326499938965,7.3125,7.4479169845581055,7.2916669845581055,7.4166669845581055,2194800
2000-03-03,6.114088535308838,7.28125,7.59375,7.1666669845581055,7.3125,3727800
2000-03-06,5.912907123565674,7.0416669845581055,7.3229169845581055,7.0,7.3229169845581055,1867200
2000-03-07,5.781704425811768,6.8854169845581055,7.0416669845581055,6.875,7.0416669845581055,1800600
2000-03-08,5.598017692565918,6.6666669845581055,6.9791669845581055,6.65625,6.75,2428800
2000-03-09,5.729223251342773,6.8229169845581055,6.8229169845581055,6.6666669845581055,6.677083015441895,4716600
2000-03-10,5.606766700744629,6.677083015441895,6.770833015441895,6.645833015441895,6.75,2966400
2000-03-13,5.633006572723389,6.708333015441895,6.739583015441895,6.375,6.375,3325200
2000-03-14,5.729223251342773,6.8229169845581055,6.9791669845581055,6.677083015441895,6.7291669845581055,3281400
2000-03-15,5.991629600524902,7.1354169845581055,7.15625,6.8229169845581055,6.8229169845581055,1495800
2000-03-16,6.393988609313965,7.6145830154418945,7.7395830154418945,7.2083330154418945,7.2291669845581055,1771800
2000-03-17,6.367746353149414,7.5833330154418945,7.7916669845581055,7.4791669845581055,7.5,1996800
2000-03-20,6.315265655517578,7.5208330154418945,7.75,7.46875,7.625,1703400
2000-03-21,6.595168590545654,7.8541669845581055,8.041666984558105,7.4166669845581055,7.4166669845581055,3082800
2000-03-22,6.568926811218262,7.8229169845581055,7.9270830154418945,7.78125,7.8229169845581055,1881000
2000-03-23,6.717624664306641,8.0,8.020833015441895,7.7291669845581055,7.78125,2957400
2000-03-24,6.656394004821777,7.9270830154418945,8.03125,7.9270830154418945,8.010416984558105,1390800
2000-03-27,6.525190830230713,7.7708330154418945,8.083333015441895,7.75,8.083333015441895,1168800
2000-03-28,6.700128078460693,7.9791669845581055,8.166666984558105,7.7083330154418945,7.7291669845581055,1632000
2000-03-29,6.673888683319092,7.9479169845581055,8.145833015441895,7.9375,7.9791669845581055,1396800
2000-03-30,6.857573509216309,8.166666984558105,8.552083015441895,8.104166984558105,8.125,2632800
2000-03-31,6.997522830963135,8.333333015441895,8.520833015441895,8.083333015441895,8.166666984558105,2203200
2000-04-03,7.487352848052978,8.916666984558105,9.010416984558104,8.53125,8.666666984558105,2693400
2000-04-04,7.277421951293945,8.666666984558105,9.072916984558104,8.322916984558105,8.916666984558105,2123400
2000-04-05,7.242435932159424,8.625,8.770833015441895,8.541666984558105,8.6875,1278600
2000-04-06,7.251184463500977,8.635416984558105,8.75,8.552083015441895,8.666666984558105,1625400
2000-04-07,7.251184463500977,8.635416984558105,8.885416984558105,8.59375,8.59375,1746600
2000-04-10,7.181207656860352,8.552083015441895,8.625,8.364583015441895,8.625,1752600
2000-04-11,7.216194152832031,8.59375,8.697916984558105,8.510416984558105,8.520833015441895,987600
2000-04-12,7.373643398284912,8.78125,8.895833015441895,8.59375,8.59375,1298400
2000-04-13,7.347399711608887,8.75,8.864583015441895,8.666666984558105,8.822916984558105,1750200
2000-04-14,6.9625349044799805,8.291666984558105,8.75,8.208333015441895,8.75,2287800
2000-04-17,7.294916152954102,8.6875,8.822916984558105,8.302083015441895,8.302083015441895,2652600
2000-04-18,7.321160793304443,8.71875,8.770833015441895,8.572916984558105,8.645833015441895,1866600
2000-04-19,7.1199822425842285,8.479166984558105,8.677083015441895,8.416666984558105,8.677083015441895,1391400
2000-04-20,7.452360153198242,8.875,8.895833015441895,8.28125,8.489583015441895,2062800
2000-04-24,7.662292003631592,9.125,9.229166984558104,8.916666984558105,8.916666984558105,1578600
2000-04-25,7.872212409973144,9.375,9.46875,8.90625,9.020833015441896,2911800
2000-04-26,7.679782390594482,9.145833015441896,9.375,9.052083015441896,9.375,1582800
2000-04-27,7.574338436126709,8.979166984558105,9.083333015441896,8.895833015441895,9.0625,1945200
2000-04-28,7.750074863433838,9.1875,9.208333015441896,8.885416984558105,9.083333015441896,2004600
2000-05-01,7.873090267181396,9.333333015441896,9.395833015441896,9.125,9.145833015441896,2260800
2000-05-02,7.873090267181396,9.333333015441896,9.458333015441896,9.125,9.291666984558104,2126400
2000-05-03,7.477682590484619,8.864583015441895,9.322916984558104,8.802083015441895,9.3125,1564200
2000-05-04,7.468896389007568,8.854166984558105,9.0625,8.75,8.875,1951200
2000-05-05,7.591913223266602,9.0,9.052083015441896,8.8125,8.875,687000
2000-05-08,7.662210941314697,9.083333015441896,9.114583015441896,8.947916984558105,9.041666984558104,861600
2000-05-09,7.574338436126709,8.979166984558105,9.15625,8.958333015441895,9.15625,1869600
2000-05-10,7.600703239440918,9.010416984558104,9.104166984558104,8.916666984558105,8.989583015441895,1402200
2000-05-11,7.837944507598877,9.291666984558104,9.5,9.041666984558104,9.041666984558104,2172000
2000-05-12,8.083982467651367,9.583333015441896,9.708333015441896,9.302083015441896,9.3125,1556400
2000-05-15,8.54089641571045,10.125,10.145833015441896,9.59375,9.59375,1674000
2000-05-16,8.400310516357422,9.958333015441896,10.104166984558104,9.885416984558104,10.104166984558104,926400
2000-05-17,8.294869422912598,9.833333015441896,9.927083015441896,9.75,9.927083015441896,790800
2000-05-18,8.549692153930664,10.135416984558104,10.208333015441896,9.833333015441896,9.833333015441896,744600
2000-05-19,8.479397773742676,10.052083015441896,10.197916984558104,10.041666984558104,10.114583015441896,1415400
2000-05-22,8.892376899719238,10.541666984558104,10.541666984558104,10.229166984558104,10.270833015441896,1534200
2000-05-23,8.997818946838379,10.666666984558104,10.84375,10.541666984558104,10.541666984558104,2280600
2000-05-24,9.393237113952637,11.135416984558104,11.1875,10.6875,10.697916984558104,2316600
2000-05-25,9.182351112365724,10.885416984558104,11.177083015441896,10.864583015441896,11.177083015441896,2756400
2000-05-26,9.155988693237305,10.854166984558104,11.041666984558104,10.84375,10.927083015441896,1163400
2000-05-30,9.235068321228027,10.947916984558104,11.03125,10.833333015441896,10.833333015441896,1741200
2000-05-31,9.261434555053713,10.979166984558104,11.145833015441896,10.96875,11.020833015441896,1303800
2000-06-01,9.43716526031494,11.1875,11.197916984558104,10.958333015441896,10.96875,1943400
2000-06-02,9.44595718383789,11.197916984558104,11.354166984558104,11.125,11.270833015441896,1867800
2000-06-05,9.279004096984863,11.0,11.166666984558104,10.90625,11.15625,1149600
2000-06-06,9.173565864562988,10.875,10.989583015441896,10.625,10.989583015441896,1791600
2000-06-07,9.340517044067385,11.072916984558104,11.302083015441896,10.875,10.875,1797000
2000-06-08,9.19991970062256,10.90625,10.9375,10.791666984558104,10.9375,1704000
2000-06-09,9.261434555053713,10.979166984558104,11.09375,10.916666984558104,10.916666984558104,976800
2000-06-12,9.349300384521484,11.083333015441896,11.177083015441896,10.958333015441896,10.989583015441896,919800
2000-06-13,9.472323417663574,11.229166984558104,11.302083015441896,11.135416984558104,11.15625,1989000
2000-06-14,9.314149856567385,11.041666984558104,11.197916984558104,11.03125,11.1875,1062000
2000-06-15,9.068116188049316,10.75,11.052083015441896,10.6875,11.052083015441896,1674600
2000-06-16,8.71663761138916,10.333333015441896,10.739583015441896,10.291666984558104,10.666666984558104,4138800
2000-06-19,8.795722961425781,10.427083015441896,10.65625,10.114583015441896,10.291666984558104,1629000
2000-06-20,8.330016136169434,9.875,10.427083015441896,9.875,10.427083015441896,1695600
2000-06-21,8.558476448059082,10.145833015441896,10.21875,9.791666984558104,9.875,1517400
2000-06-22,8.444245338439941,10.010416984558104,10.197916984558104,9.96875,10.104166984558104,1265400
2000-06-23,8.549692153930664,10.135416984558104,10.322916984558104,10.041666984558104,10.041666984558104,970200
2000-06-26,8.602417945861816,10.197916984558104,10.322916984558104,10.166666984558104,10.177083015441896,754200
2000-06-27,8.751784324645996,10.375,10.6875,10.28125,10.28125,1719600
2000-06-28,8.793523788452148,10.424478530883787,10.541666984558104,10.385416984558104,10.40625,988800
2000-06-29,8.76057243347168,10.385416984558104,10.4375,10.239583015441896,10.427083015441896,1612800
2000-06-30,8.435456275939941,10.0,10.354166984558104,10.0,10.34375,1644600
2000-07-03,8.567261695861816,10.15625,10.208333015441896,10.0,10.0,598200
2000-07-05,8.505754470825195,10.083333015441896,10.302083015441896,10.083333015441896,10.229166984558104,1288200
2000-07-06,8.5760498046875,10.166666984558104,10.291666984558104,10.125,10.125,1377600
2000-07-07,8.743000984191895,10.364583015441896,10.395833015441896,10.135416984558104,10.135416984558104,1291800
2000-07-10,8.945101737976074,10.604166984558104,10.729166984558104,10.395833015441896,10.40625,1518600
2000-07-11,9.006608963012695,10.677083015441896,10.6875,10.395833015441896,10.4375,1220400
2000-07-12,9.085699081420898,10.770833015441896,10.822916984558104,10.541666984558104,10.666666984558104,1010400
2000-07-13,8.92752456665039,10.583333015441896,10.739583015441896,10.5625,10.729166984558104,724800
2000-07-14,8.866015434265137,10.510416984558104,10.739583015441896,10.166666984558104,10.583333015441896,1949400
2000-07-17,8.444245338439941,10.010416984558104,10.427083015441896,9.958333015441896,10.416666984558104,2296200
2000-07-18,8.681500434875488,10.291666984558104,10.40625,9.9375,10.020833015441896,1393800
2000-07-19,8.681500434875488,10.291666984558104,10.5,10.260416984558104,10.270833015441896,1059000
2000-07-20,8.743000984191895,10.364583015441896,10.541666984558104,10.28125,10.302083015441896,813600
2000-07-21,8.558476448059082,10.145833015441896,10.385416984558104,10.010416984558104,10.333333015441896,1701000
2000-07-24,8.453031539916992,10.020833015441896,10.145833015441896,10.010416984558104,10.104166984558104,469800
2000-07-25,8.567261695861816,10.15625,10.166666984558104,10.041666984558104,10.083333015441896,928800
2000-07-26,8.646342277526855,10.25,10.3125,10.125,10.166666984558104,1842600
2000-07-27,8.857230186462402,10.5,10.75,10.260416984558104,10.260416984558104,1573800
2000-07-28,8.848411560058594,10.447916984558104,10.666666984558104,10.395833015441896,10.5,873000
2000-07-31,8.857229232788086,10.458333015441896,10.666666984558104,10.302083015441896,10.489583015441896,1030800
2000-08-01,8.910163879394531,10.520833015441896,10.635416984558104,10.4375,10.4375,716400
2000-08-02,8.72490406036377,10.302083015441896,10.479166984558104,10.291666984558104,10.479166984558104,908400
2000-08-03,8.9895601272583,10.614583015441896,10.708333015441896,10.40625,10.416666984558104,975600
2000-08-04,9.448304176330566,11.15625,11.15625,10.53125,10.583333015441896,1560000
2000-08-07,9.501235008239746,11.21875,11.364583015441896,10.666666984558104,11.25,2674800
2000-08-08,10.27756690979004,12.135416984558104,12.25,11.135416984558104,11.197916984558104,4363200
2000-08-09,10.577507972717283,12.489583015441896,12.5,11.75,12.114583015441896,4032000
2000-08-10,10.73630714416504,12.677083015441896,12.78125,12.21875,12.375,2929800
2000-08-11,11.521459579467772,13.604166984558104,14.791666984558104,13.28125,13.916666984558104,9527400
2000-08-14,11.31855297088623,13.364583015441896,13.46875,12.958333015441896,13.46875,1967400
2000-08-15,11.600854873657228,13.697916984558104,13.833333015441896,13.125,13.375,2071800
2000-08-16,11.83022689819336,13.96875,13.96875,13.625,13.677083015441896,1958400
2000-08-17,11.980198860168455,14.145833015441896,14.15625,13.708333015441896,13.90625,1271400
2000-08-18,11.883158683776855,14.03125,14.145833015441896,13.770833015441896,14.145833015441896,1107000
2000-08-21,11.78611660003662,13.916666984558104,14.020833015441896,13.802083015441896,14.020833015441896,1138800
2000-08-22,11.89198112487793,14.041666984558104,14.125,13.958333015441896,14.03125,867000
2000-08-23,11.715542793273926,13.833333015441896,14.020833015441896,13.708333015441896,14.010416984558104,1103400
2000-08-24,11.592036247253418,13.6875,13.8125,13.416666984558104,13.8125,1021800
2000-08-25,11.36266803741455,13.416666984558104,13.71875,13.385416984558104,13.708333015441896,984600
2000-08-28,11.309730529785156,13.354166984558104,13.416666984558104,13.302083015441896,13.416666984558104,1603800
2000-08-29,11.17740249633789,13.197916984558104,13.489583015441896,13.010416984558104,13.364583015441896,1374600
2000-08-30,11.3803071975708,13.4375,13.5625,13.302083015441896,13.354166984558104,1308600
2000-08-31,11.424420356750488,13.489583015441896,13.645833015441896,13.427083015441896,13.447916984558104,1782000
2000-09-01,11.15093994140625,13.166666984558104,13.489583015441896,13.09375,13.479166984558104,869400
2000-09-05,11.252387046813965,13.286458015441896,13.395833015441896,13.104166984558104,13.145833015441896,1774200
2000-09-06,11.450885772705078,13.520833015441896,13.65625,13.385416984558104,13.385416984558104,887400
2000-09-07,11.309730529785156,13.354166984558104,13.427083015441896,13.302083015441896,13.333333015441896,2515800
2000-09-08,11.353845596313477,13.40625,13.46875,13.291666984558104,13.375,1693800
2000-09-11,11.715542793273926,13.833333015441896,13.864583015441896,13.416666984558104,13.427083015441896,819600
2000-09-12,11.68025016784668,13.791666984558104,13.9375,13.65625,13.9375,1330800
2000-09-13,11.839048385620115,13.979166984558104,14.03125,13.739583015441896,13.75,3657000
2000-09-14,11.94491481781006,14.104166984558104,14.145833015441896,13.875,13.96875,1107000
2000-09-15,11.839048385620115,13.979166984558104,14.09375,13.635416984558104,14.09375,2129400
2000-09-18,11.600854873657228,13.697916984558104,13.9375,13.541666984558104,13.9375,1563600
2000-09-19,11.997846603393556,14.166666984558104,14.21875,13.6875,13.697916984558104,1626600
2000-09-20,11.715542793273926,13.833333015441896,14.145833015441896,13.760416984558104,14.145833015441896,1765200
2000-09-21,11.768472671508787,13.895833015441896,14.0,13.8125,13.885416984558104,1177200
2000-09-22,11.856693267822266,14.0,14.333333015441896,13.833333015441896,13.864583015441896,1774800
2000-09-25,11.83022689819336,13.96875,14.083333015441896,13.947916984558104,13.958333015441896,2009400
2000-09-26,11.927268028259276,14.083333015441896,14.15625,13.96875,13.96875,1600200
2000-09-27,11.94491481781006,14.104166984558104,14.145833015441896,14.010416984558104,14.041666984558104,2445000
2000-09-28,12.050774574279783,14.229166984558104,14.239583015441896,14.0,14.104166984558104,2796600
2000-09-29,11.768472671508787,13.895833015441896,14.270833015441896,13.895833015441896,14.229166984558104,3562200
2000-10-02,11.980198860168455,14.145833015441896,14.208333015441896,13.75,13.895833015441896,3080400
2000-10-03,11.715542793273926,13.833333015441896,14.114583015441896,13.822916984558104,14.114583015441896,1481400
2000-10-04,11.644962310791016,13.75,14.010416984558104,13.739583015441896,13.875,2355600
2000-10-05,11.609678268432615,13.708333015441896,13.916666984558104,13.666666984558104,13.770833015441896,1859400
2000-10-06,11.433241844177246,13.5,13.958333015441896,13.458333015441896,13.697916984558104,1620000
2000-10-09,11.406771659851074,13.46875,13.510416984558104,13.354166984558104,13.46875,1044000
2000-10-10,11.221514701843262,13.25,13.541666984558104,13.239583015441896,13.447916984558104,1176000
2000-10-11,11.17740249633789,13.197916984558104,13.729166984558104,13.1875,13.5,3036600
2000-10-12,10.868638038635254,12.833333015441896,13.0625,12.416666984558104,13.052083015441896,2628600
2000-10-13,11.11565113067627,13.125,13.1875,12.729166984558104,12.791666984558104,1755600
2000-10-16,11.062716484069824,13.0625,13.083333015441896,12.802083015441896,13.083333015441896,2034000
2000-10-17,11.168585777282717,13.1875,13.5,13.104166984558104,13.104166984558104,1590000
2000-10-18,11.274446487426758,13.3125,13.385416984558104,13.020833015441896,13.229166984558104,1985400
2000-10-19,11.256803512573242,13.291666984558104,13.53125,13.135416984558104,13.270833015441896,1455000
2000-10-20,11.28326416015625,13.322916984558104,13.333333015441896,13.229166984558104,13.291666984558104,1145400
2000-10-23,11.389131546020508,13.447916984558104,13.5625,13.291666984558104,13.34375,1188000
2000-10-24,11.980198860168455,14.145833015441896,14.21875,13.46875,13.46875,2719800
2000-10-25,11.997846603393556,14.166666984558104,14.364583015441896,14.083333015441896,14.104166984558104,2113800
2000-10-26,11.94491481781006,14.104166984558104,14.25,14.010416984558104,14.125,1768200
2000-10-27,12.24485683441162,14.458333015441896,14.541666984558104,14.020833015441896,14.020833015441896,1585800
2000-10-30,13.09421443939209,15.416666984558104,15.416666984558104,14.520833015441896,14.520833015441896,2051400
2000-10-31,12.873023986816406,15.15625,15.5,14.9375,15.395833015441896,1972200
2000-11-01,12.873023986816406,15.15625,15.572916984558104,15.083333015441896,15.197916984558104,2290200
2000-11-02,12.581060409545898,14.8125,15.072916984558104,14.75,15.072916984558104,2413800
2000-11-03,12.129846572875977,14.28125,14.8125,14.28125,14.75,2185200
2000-11-06,12.289094924926758,14.46875,14.572916984558104,14.25,14.291666984558104,3456600
2000-11-07,12.563369750976562,14.791666984558104,14.916666984558104,14.354166984558104,14.354166984558104,1899000
2000-11-08,12.722620010375977,14.979166984558104,15.166666984558104,14.739583015441896,14.791666984558104,3034200
2000-11-09,12.713774681091309,14.96875,14.989583015441896,14.75,14.9375,1809600
2000-11-10,13.12960147857666,15.458333015441896,15.489583015441896,14.958333015441896,15.041666984558104,3654600
2000-11-13,12.758011817932127,15.020833015441896,15.541666984558104,14.979166984558104,15.458333015441896,2389200
2000-11-14,13.19153881072998,15.53125,15.65625,15.09375,15.104166984558104,3502800
2000-11-15,13.164996147155762,15.5,15.510416984558104,15.25,15.5,3628800
2000-11-16,13.173840522766112,15.510416984558104,15.65625,15.375,15.46875,2077200
2000-11-17,13.297699928283691,15.65625,15.78125,15.489583015441896,15.53125,1625400
2000-11-20,13.430415153503418,15.8125,15.885416984558104,15.239583015441896,15.489583015441896,1493400
2000-11-21,13.341946601867676,15.708333015441896,16.041667938232422,15.666666984558104,15.8125,1448400
2000-11-22,13.164996147155762,15.5,15.875,15.15625,15.8125,3109800
2000-11-24,13.341946601867676,15.708333015441896,15.71875,15.458333015441896,15.604166984558104,491400
2000-11-27,13.430415153503418,15.8125,16.0,15.572916984558104,16.0,2172600
2000-11-28,13.448107719421388,15.833333015441896,16.0,15.75,15.822916984558104,2210400
2000-11-29,13.41271686553955,15.791666984558104,15.958333015441896,15.666666984558104,15.833333015441896,4848000
2000-11-30,13.37732982635498,15.75,15.854166984558104,15.583333015441896,15.833333015441896,3135000
2000-12-01,13.37732982635498,15.75,15.822916984558104,15.635416984558104,15.708333015441896,1993200
2000-12-04,13.403874397277832,15.78125,15.864583015441896,15.729166984558104,15.75,2643000
2000-12-05,13.41271686553955,15.791666984558104,15.864583015441896,15.739583015441896,15.833333015441896,2968200
2000-12-06,13.41271686553955,15.791666984558104,15.84375,15.625,15.833333015441896,4852200
2000-12-07,13.41271686553955,15.791666984558104,15.791666984558104,15.791666984558104,15.791666984558104,1908600
2000-12-08,13.41271686553955,15.791666984558104,15.822916984558104,15.708333015441896,15.822916984558104,2665800
2000-12-11,13.33309268951416,15.697916984558104,15.78125,15.541666984558104,15.78125,1525800
2000-12-12,13.182690620422363,15.520833015441896,15.635416984558104,15.385416984558104,15.614583015441896,1938600
2000-12-13,13.41271686553955,15.791666984558104,15.833333015441896,15.552083015441896,15.5625,3339600
2000-12-14,13.37732982635498,15.75,15.84375,15.625,15.75,3233400
2000-12-15,13.350788116455078,15.71875,15.854166984558104,15.520833015441896,15.770833015441896,3855000
2000-12-18,13.448107719421388,15.833333015441896,15.916666984558104,15.71875,15.791666984558104,4222200
2000-12-19,13.713531494140623,16.145832061767578,16.145832061767578,15.625,15.833333015441896,7320600
2000-12-20,14.06743049621582,16.5625,16.645832061767578,16.09375,16.166667938232422,4278000
2000-12-21,14.757530212402344,17.375,17.458332061767578,16.494792938232422,16.520832061767578,2693400
2000-12-22,14.377092361450195,16.927082061767578,17.208332061767578,16.739582061767578,17.208332061767578,2101800
2000-12-26,14.288618087768556,16.822917938232422,16.833332061767578,16.59375,16.8125,1638600
2000-12-27,14.412482261657717,16.96875,17.03125,16.625,16.78125,1955400
2000-12-28,14.828316688537598,17.458332061767578,17.479167938232422,16.6875,16.916667938232422,2725800
2000-12-29,14.660219192504885,17.260417938232422,17.489582061767578,17.0625,17.375,1986600
2001-01-02,14.288618087768556,16.822917938232422,17.145832061767578,16.614582061767578,17.0625,4036200
2001-01-03,13.89932918548584,16.364582061767578,17.083332061767578,16.239582061767578,16.864582061767578,5388600
2001-01-04,13.51889419555664,15.916666984558104,16.239582061767578,15.59375,16.114582061767578,4794000
2001-01-05,13.350788116455078,15.71875,15.96875,15.645833015441896,15.895833015441896,2115600
2001-01-08,13.908183097839355,16.375,16.4375,15.9375,15.958333015441896,1836600
2001-01-09,13.57197093963623,15.979166984558104,16.1875,15.885416984558104,16.1875,1093200
2001-01-10,13.642757415771484,16.0625,16.177082061767578,15.8125,15.8125,1528800
2001-01-11,13.041130065917969,15.354166984558104,16.104167938232422,15.203125,16.09375,2998800
2001-01-12,13.09421443939209,15.416666984558104,15.552083015441896,15.125,15.333333015441896,2879400
2001-01-16,13.147297859191896,15.479166984558104,15.65625,15.104166984558104,15.104166984558104,2481600
2001-01-17,12.93496036529541,15.229166984558104,15.6875,14.84375,15.645833015441896,2097000
2001-01-18,12.837636947631836,15.114583015441896,15.291666984558104,14.96875,15.239583015441896,1099200
2001-01-19,12.713774681091309,14.96875,15.104166984558104,14.666666984558104,15.104166984558104,1618200
2001-01-22,13.32425308227539,15.6875,15.6875,14.770833015441896,14.833333015441896,1373400
2001-01-23,13.359636306762695,15.729166984558104,15.802083015441896,15.333333015441896,15.645833015441896,1106400
2001-01-24,13.306550979614258,15.666666984558104,15.875,15.5625,15.739583015441896,1617000
2001-01-25,13.713531494140623,16.145832061767578,16.166667938232422,15.833333015441896,15.875,2159400
2001-01-26,13.713531494140623,16.145832061767578,16.28125,15.791666984558104,16.145832061767578,1965600
2001-01-29,13.92233657836914,16.391666412353516,16.606666564941406,16.145000457763672,16.145000457763672,1750800
2001-01-30,14.085541725158691,16.541667938232422,16.541667938232422,16.166667938232422,16.350000381469727,1873800
2001-01-31,13.794610023498535,16.200000762939453,16.625,16.003332138061523,16.625,2221800
2001-02-01,14.092638969421388,16.549999237060547,16.75,16.200000762939453,16.200000762939453,3483600
2001-02-02,14.383580207824709,16.891666412353516,16.891666412353516,16.583332061767578,16.59166717529297,2441400
2001-02-05,14.8873872756958,17.483333587646484,17.541667938232422,16.889999389648438,16.889999389648438,3087000
2001-02-06,13.979101181030272,16.416667938232422,17.491666793823242,16.166667938232422,17.483333587646484,5463600
2001-02-07,14.362282752990724,16.866666793823242,17.03333282470703,16.666667938232422,16.666667938232422,1610400
2001-02-08,14.475822448730469,17.0,17.416667938232422,16.799999237060547,16.866666793823242,2269200
2001-02-09,14.681601524353027,17.241666793823242,17.25,16.858333587646484,16.858333587646484,1539600
2001-02-12,14.736949920654297,17.30666732788086,17.34833335876465,17.083332061767578,17.28333282470703,1740000
2001-02-13,14.526910781860352,17.059999465942383,17.15833282470703,16.75,17.0,1652400
2001-02-14,14.568071365356444,17.108333587646484,17.291667938232422,16.933332443237305,17.25,2436000
2001-02-15,14.4091215133667,16.921667098999023,17.211666107177734,16.850000381469727,17.083332061767578,2031600
2001-02-16,14.461629867553713,16.983333587646484,17.566667556762695,16.948333740234375,17.03333282470703,3254400
2001-02-20,14.481493949890137,17.00666618347168,17.491666793823242,17.0,17.0,3429000
2001-02-21,14.328224182128906,16.82666778564453,17.0,16.735000610351562,16.983333587646484,3006000
2001-02-22,14.333892822265623,16.833332061767578,17.049999237060547,16.700000762939453,16.831666946411133,2632200
2001-02-23,13.979101181030272,16.416667938232422,16.833332061767578,16.385000228881836,16.75,3803400
2001-02-26,14.535428047180176,17.06999969482422,17.176666259765625,16.461666107177734,16.625,4551000
2001-02-27,15.100265502929688,17.733333587646484,17.816667556762695,16.924999237060547,17.0,3368400
2001-02-28,15.422428131103516,18.11166763305664,18.21666717529297,17.920000076293945,18.058332443237305,4807200
2001-03-01,15.235092163085938,17.891666412353516,18.38333320617676,17.856666564941406,18.075000762939453,2796600
2001-03-02,15.484883308410645,18.184999465942383,18.62666702270508,17.96666717529297,17.983333587646484,3354600
2001-03-05,15.68355655670166,18.418333053588867,18.61666679382324,18.350000381469727,18.5,3521400
2001-03-06,15.828319549560549,18.58833312988281,18.614999771118164,18.31666755676269,18.49166679382324,2544000
2001-03-07,16.011396408081055,18.803333282470703,18.81666755676269,18.520000457763672,18.58833312988281,4051800
2001-03-08,16.23563003540039,19.06666755676269,19.13333320617676,18.75833320617676,18.799999237060547,3558000
2001-03-09,16.571979522705078,19.46166610717773,19.51666641235352,19.049999237060547,19.125,2801400
2001-03-12,16.19021224975586,19.01333236694336,19.46166610717773,19.0,19.46166610717773,2860200
2001-03-13,16.163246154785156,18.981666564941406,19.01666641235352,18.81666755676269,19.01333236694336,2644200
2001-03-14,15.645241737365724,18.37333297729492,18.81666755676269,18.14999961853028,18.75833320617676,2782200
2001-03-15,15.8439302444458,18.606666564941406,18.733333587646484,18.45833206176757,18.58333206176757,2212200
2001-03-16,15.589887619018556,18.308332443237305,18.78333282470703,18.1433334350586,18.27833366394043,3863400
2001-03-19,15.696329116821287,18.433332443237305,18.433332443237305,18.13333320617676,18.350000381469727,3085800
2001-03-20,15.347216606140137,18.023332595825195,18.49166679382324,17.96666717529297,18.433332443237305,3242400
2001-03-21,15.389777183532717,18.07333374023437,18.13666725158692,17.833332061767578,18.049999237060547,1975500
2001-03-22,14.972537994384766,17.583332061767578,17.933332443237305,17.0,17.933332443237305,2482200
2001-03-23,15.355720520019531,18.03333282470703,18.05666732788086,17.416667938232422,17.549999237060547,2240100
2001-03-26,15.892187118530272,18.663333892822266,18.733333587646484,18.13333320617676,18.350000381469727,2543700
2001-03-27,16.102222442626953,18.90999984741211,18.916667938232425,18.63333320617676,18.733333587646484,3056100
2001-03-28,16.06532859802246,18.86666679382324,18.906667709350582,18.68666648864746,18.906667709350582,1622700
2001-03-29,16.224273681640625,19.053333282470703,19.09666633605957,18.85333251953125,18.86666679382324,1847700
2001-03-30,16.862913131713867,19.803333282470703,19.983333587646484,19.36000061035156,19.56666755676269,2189400
2001-04-02,16.996309280395508,19.959999084472656,20.08666610717773,19.64999961853028,19.803333282470703,3320700
2001-04-03,16.366201400756836,19.21999931335449,20.0,19.06666755676269,20.0,2390700
2001-04-04,16.207242965698242,19.03333282470703,19.06666755676269,18.83666610717773,19.03333282470703,2081700
2001-04-05,16.505271911621094,19.38333320617676,19.39999961853028,19.06666755676269,19.25,2447400
2001-04-06,16.454181671142578,19.32333374023437,19.56999969482422,19.26666641235352,19.38333320617676,1472400
2001-04-09,16.77491569519043,19.700000762939453,19.80666732788086,19.200000762939453,19.233333587646484,1528200
2001-04-10,17.021860122680664,19.989999771118164,20.21666717529297,19.74333381652832,19.916667938232425,1905000
2001-04-11,16.95374870300293,19.90999984741211,20.5,19.733333587646484,20.5,2437800
2001-04-12,16.593265533447266,19.48666763305664,19.983333587646484,19.350000381469727,19.76666641235352,1235400
2001-04-16,16.712478637695312,19.62666702270508,19.950000762939453,19.34000015258789,19.416667938232425,1434600
2001-04-17,17.021860122680664,19.989999771118164,20.01333236694336,19.549999237060547,19.56666755676269,1099800
2001-04-18,17.053091049194336,20.02666664123535,20.07999992370605,19.799999237060547,20.03333282470703,2099400
2001-04-19,16.973613739013672,19.933332443237305,20.14666748046875,19.82666778564453,19.916667938232425,1763100
2001-04-20,16.89129638671875,19.83666610717773,20.03333282470703,19.77666664123535,19.850000381469727,1550100
2001-04-23,17.08146858215332,20.059999465942383,20.17333221435547,19.57666778564453,19.58333206176757,1572000
2001-04-24,17.654823303222656,20.733333587646484,20.799999237060547,20.11333274841309,20.14999961853028,3073800
2001-04-25,18.404163360595703,21.61333274841309,21.83333206176757,20.76000022888184,20.96666717529297,3436500
2001-04-26,19.017257690429688,22.33333206176757,22.700000762939453,21.83333206176757,21.83333206176757,2995800
2001-04-27,19.230613708496094,22.53333282470703,22.82666778564453,21.926666259765625,22.33333206176757,2085300
2001-04-30,19.176559448242188,22.46999931335449,22.71666717529297,22.32666778564453,22.53333282470703,1960800
2001-05-01,18.73562431335449,21.953332901000977,22.5,21.53333282470703,22.5,2606100
2001-05-02,18.6132869720459,21.809999465942383,22.30666732788086,21.76666641235352,22.24333381652832,2471100
2001-05-03,18.704334259033203,21.916667938232425,22.0,21.82999992370605,21.86666679382324,2612700
2001-05-04,20.368520736694336,23.86666679382324,24.13333320617676,21.81999969482422,21.90333366394043,7065000
2001-05-07,19.98732185363769,23.420000076293945,23.83333206176757,23.23666763305664,23.666667938232425,3153300
2001-05-08,19.899139404296875,23.31666755676269,23.420000076293945,22.96666717529297,23.166667938232425,1920600
2001-05-09,19.913368225097656,23.33333206176757,23.433332443237305,23.31666755676269,23.38333320617676,2016900
2001-05-10,19.90766906738281,23.32666778564453,23.49666786193848,23.19333267211914,23.483333587646484,1688400
2001-05-11,19.899139404296875,23.31666755676269,23.44333267211914,23.233333587646484,23.416667938232425,1451100
2001-05-14,19.96456527709961,23.3933334350586,23.39999961853028,23.25,23.32999992370605,1422000
2001-05-15,20.340072631835938,23.83333206176757,24.02666664123535,23.26666641235352,23.600000381469727,2215500
2001-05-16,20.368520736694336,23.86666679382324,23.983333587646484,23.59666633605957,23.83333206176757,2705400
2001-05-17,20.21490478515625,23.68666648864746,24.030000686645508,23.5,23.983333587646484,1588800
2001-05-18,20.294557571411133,23.780000686645508,23.926666259765625,23.696666717529297,23.696666717529297,1348500
2001-05-21,20.25472640991211,23.733333587646484,24.166667938232425,23.64999961853028,23.99666786193848,1716000
2001-05-22,20.01291275024414,23.450000762939453,23.76666641235352,23.440000534057617,23.76666641235352,1669800
2001-05-23,19.71991920471192,23.106666564941406,23.450000762939453,23.0,23.31666755676269,1928700
2001-05-24,19.91050720214844,23.32999992370605,23.413333892822266,23.01666641235352,23.03333282470703,2023500
2001-05-25,19.771120071411133,23.166667938232425,23.229999542236328,22.98666763305664,23.166667938232425,813000
2001-05-29,19.81378746032715,23.21666717529297,23.33666610717773,23.163333892822266,23.33333206176757,2061000
2001-05-30,19.68577766418457,23.06666755676269,23.226667404174805,22.916667938232425,23.21999931335449,1231800
2001-05-31,19.626035690307617,22.99666786193848,23.12333297729492,22.89999961853028,23.100000381469727,1161300
2001-06-01,19.38992118835449,22.71999931335449,23.05666732788086,22.670000076293945,23.049999237060547,696300
2001-06-04,19.392763137817383,22.72333335876465,23.416667938232425,22.56666755676269,22.953332901000977,1754100
2001-06-05,19.571977615356445,22.933332443237305,22.989999771118164,22.77666664123535,22.799999237060547,781500
2001-06-06,19.344396591186523,22.666667938232425,22.99333381652832,22.46666717529297,22.933332443237305,1534800
2001-06-07,18.33451461791992,21.483333587646484,22.01666641235352,21.33333206176757,21.76666641235352,3866100
2001-06-08,18.60760498046875,21.803333282470703,21.950000762939453,21.63666725158692,21.666667938232425,1599900
2001-06-11,18.54218292236328,21.726667404174805,21.83333206176757,21.61666679382324,21.803333282470703,1368300
2001-06-12,18.54787254333496,21.733333587646484,21.78333282470703,21.58666610717773,21.733333587646484,1783200
2001-06-13,18.60476493835449,21.799999237060547,22.07999992370605,21.71666717529297,21.733333587646484,1272900
2001-06-14,18.45968437194824,21.6299991607666,21.80666732788086,21.290000915527344,21.73666763305664,1571400
2001-06-15,18.42838478088379,21.59333229064941,21.933332443237305,21.433332443237305,21.6299991607666,3085200
2001-06-18,18.7896728515625,22.01666641235352,22.299999237060547,21.56666755676269,21.59333229064941,1907100
2001-06-19,18.704334259033203,21.916667938232425,22.46666717529297,21.81666755676269,22.46666717529297,1527300
2001-06-20,18.280460357666016,21.420000076293945,21.950000762939453,21.33333206176757,21.933332443237305,2598900
2001-06-21,18.60476493835449,21.799999237060547,21.950000762939453,21.57999992370605,21.666667938232425,1679400
2001-06-22,18.340198516845703,21.489999771118164,21.86666679382324,21.30666732788086,21.71666717529297,1243500
2001-06-25,18.394258499145508,21.553333282470703,21.700000762939453,21.229999542236328,21.38999938964844,1206900
2001-06-26,17.916336059570312,20.99333381652832,21.53333282470703,20.88333320617676,21.33333206176757,1345200
2001-06-27,17.859437942504883,20.926666259765625,21.156667709350582,20.83333206176757,21.06333351135254,1661100
2001-06-28,17.640384674072266,20.670000076293945,21.11666679382324,20.58333206176757,20.926666259765625,2834400
2001-06-29,18.328821182250977,21.476667404174805,21.61333274841309,20.666667938232425,20.89999961853028,3010500
2001-07-02,17.950464248657227,21.03333282470703,21.273332595825195,20.790000915527344,21.233333587646484,1735500
2001-07-03,17.9021053314209,20.976667404174805,21.09666633605957,20.703332901000977,21.00666618347168,1175700
2001-07-05,17.754182815551758,20.803333282470703,21.053333282470703,20.600000381469727,21.0,2067900
2001-07-06,17.535127639770508,20.546667098999023,20.68000030517578,20.440000534057617,20.51666641235352,1164300
2001-07-09,17.31040382385254,20.28333282470703,20.600000381469727,20.08333206176757,20.549999237060547,1319700
2001-07-10,17.33031463623047,20.30666732788086,20.56333351135254,20.06666755676269,20.549999237060547,1966200
2001-07-11,17.15962791442871,20.106666564941406,20.30666732788086,20.01666641235352,20.30666732788086,1938300
2001-07-12,16.698776245117188,19.56666755676269,20.13333320617676,19.36666679382324,20.10333251953125,2865000
2001-07-13,16.45981216430664,19.286666870117188,19.61666679382324,18.89999961853028,19.600000381469727,2192700
2001-07-16,16.206634521484375,18.989999771118164,19.39999961853028,18.83666610717773,19.39999961853028,1469400
2001-07-17,16.08429527282715,18.84666633605957,18.87666702270508,18.476667404174805,18.86666679382324,2934900
2001-07-18,16.875152587890625,19.773332595825195,19.86000061035156,18.83666610717773,18.84666633605957,2700300
2001-07-19,16.17533302307129,18.953332901000977,19.89999961853028,18.89666748046875,19.856666564941406,2748600
2001-07-20,15.589314460754396,18.26666641235352,19.0,18.163333892822266,18.96666717529297,2694600
2001-07-23,15.279230117797852,17.90333366394043,18.36666679382324,17.799999237060547,18.183332443237305,2934300
2001-07-24,14.935015678405762,17.5,17.963333129882812,17.333332061767578,17.963333129882812,3124500
2001-07-25,15.134143829345703,17.733333587646484,17.833332061767578,17.46666717529297,17.75,2441100
2001-07-26,15.265015602111816,17.886667251586914,18.06333351135254,17.75,18.0,1397100
2001-07-27,15.080098152160645,17.670000076293945,17.963333129882812,17.59666633605957,17.71666717529297,1746000
2001-07-30,15.405327796936035,18.0,18.010000228881836,17.733333587646484,17.733333587646484,1943100
2001-07-31,16.19270133972168,18.920000076293945,18.99333381652832,18.03333282470703,18.049999237060547,2243100
2001-08-01,16.22694206237793,18.959999084472656,19.426666259765625,18.920000076293945,18.92333221435547,2491500
2001-08-02,14.59797477722168,17.05666732788086,18.06666755676269,16.68666648864746,18.0,12271200
2001-08-03,14.911779403686523,17.42333221435547,17.5,16.889999389648438,17.083332061767578,3776400
2001-08-06,14.965985298156738,17.48666763305664,17.623332977294922,17.116666793823242,17.17333221435547,2257500
2001-08-07,15.159971237182615,17.713333129882812,17.746667861938477,17.416667938232422,17.46666717529297,1471800
2001-08-08,15.02875804901123,17.559999465942383,17.78333282470703,17.5,17.6299991607666,2071800
2001-08-09,15.17140293121338,17.726667404174805,17.78333282470703,17.47333335876465,17.476667404174805,1457100
2001-08-10,15.29406452178955,17.8700008392334,18.07666778564453,17.719999313354492,17.809999465942383,1461000
2001-08-13,15.182804107666016,17.739999771118164,18.14999961853028,17.700000762939453,17.950000762939453,1379700
2001-08-14,15.205628395080566,17.766666412353516,17.90999984741211,17.73666763305664,17.739999771118164,1138800
2001-08-15,15.29120635986328,17.866666793823242,18.07666778564453,17.866666793823242,17.933332443237305,2328900
2001-08-16,15.179944038391112,17.73666763305664,17.883333206176758,17.703332901000977,17.833332061767578,1868700
2001-08-17,15.14857292175293,17.700000762939453,17.799999237060547,17.613332748413086,17.726667404174805,1771500
2001-08-20,14.860430717468262,17.363332748413086,17.74333381652832,17.333332061767578,17.5,2400900
2001-08-21,14.811932563781738,17.30666732788086,17.666667938232422,17.100000381469727,17.363332748413086,2388300
2001-08-22,14.66929531097412,17.139999389648438,17.3700008392334,17.123332977294922,17.22333335876465,2155800
2001-08-23,14.76058292388916,17.246667861938477,17.463333129882812,17.149999618530273,17.149999618530273,1743000
2001-08-24,14.706385612487791,17.183332443237305,17.496667861938477,17.079999923706055,17.079999923706055,1245900
2001-08-27,14.600822448730469,17.059999465942383,17.183332443237305,16.96666717529297,16.96666717529297,1507500
2001-08-28,14.335506439208984,16.75,16.976667404174805,16.696666717529297,16.833332061767578,2836500
2001-08-29,14.20713710784912,16.600000381469727,16.709999084472656,16.496667861938477,16.616666793823242,2118300
2001-08-30,14.10728359222412,16.483333587646484,16.709999084472656,16.483333587646484,16.6299991607666,1656900
2001-08-31,13.927557945251465,16.273332595825195,16.573333740234375,16.273332595825195,16.46666717529297,4354800
2001-09-04,14.135811805725098,16.516666412353516,16.90999984741211,16.303333282470703,16.386667251586914,2616600
2001-09-05,13.950373649597168,16.299999237060547,16.6299991607666,16.260000228881836,16.5,2589900
2001-09-06,13.899025917053224,16.239999771118164,16.483333587646484,16.200000762939453,16.253332138061523,3280800
2001-09-07,13.907586097717283,16.25,16.799999237060547,16.100000381469727,16.78333282470703,4517400
2001-09-10,14.055932998657228,16.42333221435547,16.663333892822266,16.03333282470703,16.03333282470703,3819600
2001-09-17,13.337010383605955,15.583333015441896,15.899999618530272,15.33666706085205,15.699999809265137,7164300
2001-09-18,13.020357131958008,15.213333129882812,15.576666831970217,15.033332824707031,15.563332557678224,4254300
2001-09-19,12.837770462036133,15.0,15.300000190734863,14.600000381469728,15.203332901000977,5350800
2001-09-20,12.16450023651123,14.213333129882812,14.883333206176758,14.053333282470703,14.850000381469728,4635900
2001-09-21,11.910599708557127,13.916666984558104,14.333333015441896,13.68333339691162,13.866666793823242,3241800
2001-09-24,12.329962730407717,14.40666675567627,14.5,14.203332901000977,14.486666679382324,2998500
2001-09-25,12.48972511291504,14.59333324432373,15.0,14.466667175292969,15.0,3045600
2001-09-26,12.515399932861328,14.623332977294922,14.646666526794434,14.333333015441896,14.50333309173584,1973700
2001-09-27,12.56389617919922,14.68000030517578,14.783332824707031,14.49666690826416,14.706666946411133,2721000
2001-09-28,13.202929496765137,15.42666721343994,15.42666721343994,14.66333293914795,14.75,2490600
2001-10-01,12.963294982910156,15.146666526794434,15.393333435058594,14.876667022705078,15.393333435058594,1638000
2001-10-02,13.1801118850708,15.399999618530272,15.399999618530272,14.850000381469728,15.083333015441896,2177400
2001-10-03,13.57950496673584,15.866666793823242,15.93333339691162,15.083333015441896,15.199999809265137,2472900
2001-10-04,13.696473121643066,16.003332138061523,16.100000381469727,15.733332633972168,15.783332824707031,2532000
2001-10-05,13.82199764251709,16.149999618530273,16.149999618530273,15.800000190734863,15.883333206176758,2640900
2001-10-08,13.52245044708252,15.800000190734863,16.059999465942383,15.666666984558104,15.916666984558104,1953300
2001-10-09,13.57950496673584,15.866666793823242,15.979999542236328,15.68333339691162,15.803333282470703,1758000
2001-10-10,13.105939865112305,15.313332557678224,15.616666793823242,15.24666690826416,15.583333015441896,3125100
2001-10-11,13.248576164245604,15.479999542236328,15.49666690826416,15.146666526794434,15.329999923706056,2213700
2001-10-12,13.12590503692627,15.33666706085205,15.393333435058594,15.006667137145996,15.25,1841700
2001-10-15,13.550980567932127,15.833333015441896,15.99666690826416,15.506667137145996,15.733332633972168,4074900
2001-10-16,13.667945861816406,15.970000267028809,16.03333282470703,15.65999984741211,15.666666984558104,3562800
2001-10-17,13.62515354156494,15.920000076293944,16.196666717529297,15.666666984558104,16.0,3345300
2001-10-18,14.38971710205078,16.81333351135254,17.273332595825195,16.46666717529297,16.5,6841500
2001-10-19,14.526650428771973,16.97333335876465,17.133333206176758,16.586666107177734,17.0,4243800
2001-10-22,14.57229709625244,17.02666664123535,17.163333892822266,16.753332138061523,16.96666717529297,2419800
2001-10-23,14.375452995300291,16.796667098999023,17.049999237060547,16.75,17.02666664123535,1969800
2001-10-24,14.529502868652344,16.976667404174805,17.073333740234375,16.733333587646484,16.899999618530273,2143500
2001-10-25,14.39256763458252,16.816667556762695,16.956666946411133,16.540000915527344,16.643333435058594,2222700
2001-10-26,14.76058292388916,17.246667861938477,17.6200008392334,16.893333435058594,16.916667938232422,2017800
2001-10-29,15.043017387390137,17.57666778564453,17.96666717529297,17.399999618530273,17.8799991607666,2416200
2001-10-30,14.573811531066896,16.979999542236328,17.333332061767578,16.766666412353516,17.19333267211914,2193900
2001-10-31,14.533758163452148,16.933332443237305,17.133333206176758,16.600000381469727,17.133333206176758,2131500
2001-11-01,15.317655563354492,17.84666633605957,17.933332443237305,16.836666107177734,17.016666412353516,3947700
2001-11-02,15.600903511047363,18.176666259765625,18.18000030517578,17.866666793823242,18.13333320617676,1960200
2001-11-05,15.763989448547363,18.36666679382324,18.49333381652832,18.01666641235352,18.200000762939453,2235300
2001-11-06,15.75539493560791,18.356666564941406,18.39999961853028,17.856666564941406,18.33333206176757,1351800
2001-11-07,15.638102531433104,18.21999931335449,18.31333351135254,18.049999237060547,18.26666641235352,2301600
2001-11-08,15.489325523376465,18.046667098999023,18.293333053588867,17.956666946411133,18.26666641235352,2235600
2001-11-09,15.42638111114502,17.97333335876465,18.13333320617676,17.793333053588867,18.049999237060547,2166000
2001-11-12,15.36630153656006,17.90333366394043,17.969999313354492,17.463333129882812,17.906667709350586,1889400
2001-11-13,15.57801628112793,18.14999961853028,18.34333229064941,18.0,18.0,2828400
2001-11-14,15.769702911376951,18.37333297729492,18.520000457763672,18.166667938232425,18.5,2707500
2001-11-15,15.90703010559082,18.53333282470703,18.6299991607666,18.46666717529297,18.51666641235352,2466300
2001-11-16,15.875554084777832,18.49666786193848,18.72333335876465,18.456666946411133,18.56666755676269,1322700
2001-11-19,16.02147102355957,18.666667938232425,18.706666946411133,18.450000762939453,18.63333320617676,943800
2001-11-20,16.167373657226562,18.83666610717773,19.030000686645508,18.700000762939453,18.700000762939453,1986300
2001-11-21,16.02147102355957,18.666667938232425,19.33333206176757,18.64999961853028,18.84000015258789,1540200
2001-11-23,16.264652252197266,18.950000762939453,19.0,18.780000686645508,18.81333351135254,536700
2001-11-26,16.227458953857422,18.906667709350582,19.049999237060547,18.63333320617676,19.049999237060547,1285200
2001-11-27,16.1072940826416,18.76666641235352,19.0,18.683332443237305,18.71999931335449,1431900
2001-11-28,15.921339988708496,18.549999237060547,18.83333206176757,18.549999237060547,18.81333351135254,1662300
2001-11-29,16.304698944091797,18.99666786193848,19.13333320617676,18.5,18.6200008392334,2077800
2001-11-30,16.258928298950195,18.94333267211914,19.156667709350582,18.666667938232425,19.059999465942383,2517000
2001-12-03,16.278955459594727,18.96666717529297,19.13999938964844,18.63333320617676,18.666667938232425,1581300
2001-12-04,16.247488021850586,18.93000030517578,18.98666763305664,18.59333229064941,18.96333312988281,1984800
2001-12-05,16.0157413482666,18.65999984741211,18.950000762939453,18.60333251953125,18.933332443237305,2127300
2001-12-06,15.918475151062012,18.546667098999023,18.676666259765625,18.46666717529297,18.663333892822266,2679600
2001-12-07,15.909889221191406,18.536666870117188,18.600000381469727,18.290000915527344,18.5,1872600
2001-12-10,15.681011199951172,18.270000457763672,18.536666870117188,18.270000457763672,18.3700008392334,1047300
2001-12-11,15.703906059265137,18.296667098999023,18.39999961853028,18.11000061035156,18.273332595825195,930000
2001-12-12,15.70102882385254,18.293333053588867,18.39999961853028,18.239999771118164,18.33333206176757,1136100
2001-12-13,15.540821075439451,18.106666564941406,18.32999992370605,18.00666618347168,18.23666763305664,1524300
2001-12-14,15.60948657989502,18.18666648864746,18.32666778564453,18.0,18.049999237060547,1274400
2001-12-17,15.52079963684082,18.08333206176757,18.32333374023437,18.06999969482422,18.25,1311900
2001-12-18,15.512210845947266,18.07333374023437,18.09666633605957,17.933332443237305,18.003332138061523,2277900
2001-12-19,15.592327117919922,18.166667938232425,18.299999237060547,17.996667861938477,18.07333374023437,2307900
2001-12-20,15.686734199523926,18.27666664123535,18.32666778564453,18.010000228881836,18.32666778564453,1616700
2001-12-21,15.735374450683594,18.33333206176757,18.38333320617676,18.209999084472656,18.36666679382324,1992900
2001-12-24,15.795456886291504,18.40333366394043,18.549999237060547,18.33666610717773,18.3700008392334,564900
2001-12-26,15.686734199523926,18.27666664123535,18.50666618347168,18.27666664123535,18.433332443237305,1456200
2001-12-27,15.844093322753906,18.459999084472656,18.49666786193848,18.156667709350582,18.426666259765625,1341000
2001-12-28,16.010019302368164,18.65333366394043,18.74333381652832,18.49333381652832,18.62666702270508,1286400
2001-12-31,15.844093322753906,18.459999084472656,18.770000457763672,18.446666717529297,18.549999237060547,1716300
2002-01-02,15.795456886291504,18.40333366394043,18.483333587646484,18.226667404174805,18.483333587646484,1860300
2002-01-03,15.635231971740724,18.21666717529297,18.34666633605957,18.03333282470703,18.200000762939453,3159900
2002-01-04,16.101572036743164,18.76000022888184,18.799999237060547,18.030000686645508,18.21666717529297,2607600
2002-01-07,16.147357940673828,18.81333351135254,19.163333892822266,18.75,18.76666641235352,2462400
2002-01-08,16.161653518676758,18.82999992370605,19.059999465942383,18.600000381469727,18.696666717529297,2613600
2002-01-09,16.318998336791992,19.01333236694336,19.229999542236328,18.913333892822266,18.913333892822266,1969500
2002-01-10,16.5593318939209,19.293333053588867,19.299999237060547,19.01666641235352,19.21999931335449,2507400
2002-01-11,16.565052032470703,19.299999237060547,19.34000015258789,19.12333297729492,19.24333381652832,1958700
2002-01-14,16.659469604492188,19.40999984741211,19.543333053588867,19.270000457763672,19.270000457763672,2046600
2002-01-15,17.02567481994629,19.83666610717773,20.166667938232425,19.47333335876465,19.5,2049000
2002-01-16,16.93411636352539,19.729999542236328,19.979999542236328,19.68666648864746,19.809999465942383,1351800
2002-01-17,16.839706420898438,19.6200008392334,19.799999237060547,19.33666610717773,19.799999237060547,1643400
2002-01-18,17.208768844604492,20.049999237060547,20.06666755676269,19.64999961853028,19.64999961853028,2157000
2002-01-22,17.357547760009766,20.22333335876465,20.450000762939453,20.10333251953125,20.24666786193848,2581500
2002-01-23,17.34610366821289,20.209999084472656,20.5,20.13333320617676,20.22333335876465,1988100
2002-01-24,17.366130828857422,20.233333587646484,20.26666641235352,19.88333320617676,20.21666717529297,1937700
2002-01-25,17.600725173950195,20.50666618347168,20.753332138061523,20.166667938232425,20.299999237060547,2473800
2002-01-28,16.95414161682129,19.753332138061523,20.46666717529297,19.56666755676269,20.46666717529297,3883200
2002-01-29,16.77675437927246,19.546667098999023,19.89999961853028,19.51666641235352,19.8933334350586,2746200
2002-01-30,16.917314529418945,19.65999984741211,19.82666778564453,19.26666641235352,19.58333206176757,3708000
2002-01-31,17.338964462280273,20.14999961853028,20.166667938232425,19.666667938232425,19.666667938232425,3415200
2002-02-01,16.98042106628418,19.733333587646484,20.08666610717773,19.733333587646484,19.916667938232425,2570700
2002-02-04,16.682113647460938,19.38666725158692,19.61333274841309,19.183332443237305,19.600000381469727,2162400
2002-02-05,16.70505714416504,19.413333892822266,19.68000030517578,19.3799991607666,19.46999931335449,1189800
2002-02-06,16.759559631347656,19.476667404174805,19.546667098999023,19.203332901000977,19.39666748046875,1141800
2002-02-07,16.40389060974121,19.06333351135254,19.28333282470703,18.86666679382324,19.046667098999023,4067100
2002-02-08,16.604665756225586,19.296667098999023,19.37333297729492,19.06999969482422,19.13333320617676,2496000
2002-02-11,16.67350959777832,19.37666702270508,19.46666717529297,19.166667938232425,19.46666717529297,2242200
2002-02-12,16.59319496154785,19.28333282470703,19.666667938232425,19.22333335876465,19.33333206176757,2057100
2002-02-13,16.99762535095215,19.753332138061523,19.82666778564453,19.170000076293945,19.299999237060547,2514300
2002-02-14,17.07508087158203,19.84333229064941,20.07333374023437,19.51666641235352,19.83333206176757,2058000
2002-02-15,17.158252716064453,19.940000534057617,20.08333206176757,19.683332443237305,19.913333892822266,2129100
2002-02-19,16.802579879760742,19.52666664123535,19.983333587646484,19.49333381652832,19.940000534057617,975900
2002-02-20,16.71079444885254,19.420000076293945,19.58333206176757,19.15999984741211,19.52666664123535,1775400
2002-02-21,16.512889862060547,19.190000534057617,19.57999992370605,19.190000534057617,19.36666679382324,1310700
2002-02-22,16.696456909179688,19.40333366394043,19.450000762939453,19.03333282470703,19.200000762939453,1617900
2002-02-25,16.84273338317871,19.57333374023437,19.663333892822266,19.30666732788086,19.416667938232425,2221200
2002-02-26,16.865680694580078,19.600000381469727,19.666667938232425,19.33333206176757,19.63333320617676,1828500
2002-02-27,16.93453025817871,19.68000030517578,19.850000381469727,19.43666648864746,19.683332443237305,2006100
2002-02-28,16.730871200561523,19.44333267211914,19.81333351135254,19.36333274841309,19.59666633605957,3299400
2002-03-01,17.01483726501465,19.773332595825195,19.83666610717773,19.51666641235352,19.56666755676269,1495500
2002-03-04,17.141042709350586,19.920000076293945,20.14666748046875,19.68666648864746,19.950000762939453,1806600
2002-03-05,17.046377182006836,19.809999465942383,19.92333221435547,19.666667938232425,19.92333221435547,1632000
2002-03-06,17.00049591064453,19.75666618347168,19.96999931335449,19.71333312988281,19.81333351135254,1802100
2002-03-07,17.009092330932617,19.76666641235352,19.793333053588867,19.59000015258789,19.76666641235352,2131200
2002-03-08,16.78536605834961,19.50666618347168,19.946666717529297,19.46666717529297,19.8700008392334,2900400
2002-03-11,16.719392776489258,19.43000030517578,19.780000686645508,19.38999938964844,19.5,1710000
2002-03-12,16.805452346801758,19.530000686645508,19.59666633605957,19.3933334350586,19.43000030517578,1789800
2002-03-13,16.79111099243164,19.51333236694336,19.61000061035156,19.39999961853028,19.600000381469727,1364100
2002-03-14,16.736604690551758,19.450000762939453,19.5,19.36000061035156,19.5,2688900
2002-03-15,16.851335525512695,19.58333206176757,19.75,19.489999771118164,19.523332595825195,3029100
2002-03-18,16.773897171020508,19.49333381652832,19.58333206176757,19.36333274841309,19.433332443237305,2122200
2002-03-19,16.808320999145508,19.53333282470703,19.600000381469727,19.36666679382324,19.433332443237305,1666800
2002-03-20,16.616134643554688,19.309999465942383,19.51000022888184,19.299999237060547,19.483333587646484,755400
2002-03-21,16.748088836669922,19.46333312988281,19.53333282470703,19.303333282470703,19.309999465942383,2305800
2002-03-22,16.621875762939453,19.31666755676269,19.52666664123535,19.25,19.43000030517578,1404600
2002-03-25,16.421098709106445,19.08333206176757,19.26666641235352,19.06666755676269,19.233333587646484,1294200
2002-03-26,16.63621711730957,19.33333206176757,19.406667709350582,19.06666755676269,19.08333206176757,1490100
2002-03-27,16.779634475708008,19.5,19.64666748046875,19.32999992370605,19.38333320617676,1343400
2002-03-28,16.802579879760742,19.52666664123535,19.57999992370605,19.43000030517578,19.57999992370605,1812000
2002-04-01,16.736604690551758,19.450000762939453,19.523332595825195,19.34666633605957,19.46666717529297,1265400
2002-04-02,16.831268310546875,19.559999465942383,19.60333251953125,19.406667709350582,19.450000762939453,1716000
2002-04-03,16.61900520324707,19.31333351135254,19.59666633605957,19.26666641235352,19.559999465942383,1950600
2002-04-04,16.78536605834961,19.50666618347168,19.50666618347168,19.270000457763672,19.31333351135254,1676400
2002-04-05,16.89150047302246,19.6299991607666,19.703332901000977,19.489999771118164,19.489999771118164,1285200
2002-04-08,17.06646728515625,19.83333206176757,19.86666679382324,19.56999969482422,19.600000381469727,1504500
2002-04-09,17.30167579650879,20.106666564941406,20.293333053588867,19.89999961853028,20.166667938232425,1294500
2002-04-10,17.318878173828125,20.12666702270508,20.32666778564453,20.040000915527344,20.1299991607666,937800
2002-04-11,17.175460815429688,19.959999084472656,20.233333587646484,19.950000762939453,20.043333053588867,1246200
2002-04-12,17.20987892150879,20.0,20.13333320617676,19.81666755676269,19.99666786193848,1315800
2002-04-15,16.98042106628418,19.733333587646484,20.176666259765625,19.706666946411133,19.97333335876465,870300
2002-04-16,17.318878173828125,20.12666702270508,20.156667709350582,19.770000457763672,19.770000457763672,964500
2002-04-17,17.49098014831543,20.32666778564453,20.38999938964844,20.12666702270508,20.21666717529297,1064400
2002-04-18,17.181201934814453,19.96666717529297,20.433332443237305,19.666667938232425,20.31666755676269,1182300
2002-04-19,17.324613571166992,20.13333320617676,20.25,19.956666946411133,20.053333282470703,626700
2002-04-22,17.410667419433594,20.233333587646484,20.36000061035156,20.13333320617676,20.13333320617676,872700
2002-04-23,17.241430282592773,20.036666870117188,20.26000022888184,20.003332138061523,20.23666763305664,817500
2002-04-24,17.132434844970703,19.90999984741211,20.163333892822266,19.88999938964844,20.036666870117188,1624500
2002-04-25,17.163999557495117,19.946666717529297,20.059999465942383,19.666667938232425,19.77666664123535,847500
2002-04-26,16.943138122558594,19.690000534057617,20.03333282470703,19.670000076293945,19.946666717529297,902100
2002-04-29,17.012144088745117,19.71999931335449,20.02666664123535,19.63333320617676,19.676666259765625,1430100
2002-04-30,17.239307403564453,19.983333587646484,20.32666778564453,19.76333236694336,19.803333282470703,1466100
2002-05-01,17.380226135253906,20.14666748046875,20.209999084472656,19.753332138061523,20.049999237060547,1278600
2002-05-02,17.555635452270508,20.350000381469727,20.53333282470703,20.049999237060547,20.183332443237305,1246800
2002-05-03,17.774179458618164,20.60333251953125,20.76666641235352,20.31999969482422,20.33333206176757,2375400
2002-05-06,17.472238540649414,20.253332138061523,20.65999984741211,20.233333587646484,20.60333251953125,1031100
2002-05-07,17.19618797302246,19.933332443237305,20.53333282470703,19.8799991607666,20.53333282470703,1352400
2002-05-08,17.270952224731445,20.020000457763672,20.25,19.916667938232425,20.25,990600
2002-05-09,17.170299530029297,19.90333366394043,20.229999542236328,19.87666702270508,20.053333282470703,841200
2002-05-10,17.003522872924805,19.709999084472656,19.983333587646484,19.696666717529297,19.933332443237305,638400
2002-05-13,17.362972259521484,20.12666702270508,20.156667709350582,19.666667938232425,19.81666755676269,2697300
2002-05-14,17.170299530029297,19.90333366394043,20.15999984741211,19.87333297729492,20.15999984741211,1045500
2002-05-15,17.009262084960938,19.71666717529297,20.03333282470703,19.676666259765625,19.906667709350582,1683000
2002-05-16,16.951753616333008,19.64999961853028,19.84333229064941,19.58333206176757,19.81666755676269,1821900
2002-05-17,16.790714263916016,19.46333312988281,19.770000457763672,19.273332595825195,19.683332443237305,1670400
2002-05-20,16.612428665161133,19.25666618347168,19.46333312988281,19.233333587646484,19.459999084472656,1427100
2002-05-21,16.356508255004883,18.959999084472656,19.39999961853028,18.933332443237305,19.28333282470703,1577700
2002-05-22,16.56641960144043,19.203332901000977,19.293333053588867,19.0,19.049999237060547,1177500
2002-05-23,16.63543701171875,19.28333282470703,19.309999465942383,19.036666870117188,19.28333282470703,1011300
2002-05-24,16.48878288269043,19.11333274841309,19.433332443237305,19.05666732788086,19.34333229064941,758400
2002-05-28,16.494543075561523,19.1200008392334,19.21666717529297,19.0,19.196666717529297,875400
2002-05-29,16.529037475585938,19.15999984741211,19.32999992370605,19.06666755676269,19.18000030517578,513600
2002-05-30,16.48591423034668,19.11000061035156,19.33333206176757,18.96666717529297,19.14666748046875,1056900
2002-05-31,16.419767379760742,19.03333282470703,19.32666778564453,19.03333282470703,19.14999961853028,1305900
2002-06-03,16.215606689453125,18.796667098999023,19.14999961853028,18.796667098999023,19.09333229064941,1573800
2002-06-04,16.10344886779785,18.666667938232425,18.84666633605957,18.59666633605957,18.799999237060547,2245500
2002-06-05,16.10344886779785,18.666667938232425,18.82666778564453,18.600000381469727,18.683332443237305,1353600
2002-06-06,16.017183303833008,18.56666755676269,18.790000915527344,18.540000915527344,18.676666259765625,2768400
2002-06-07,16.080446243286133,18.63999938964844,18.663333892822266,18.503332138061523,18.53333282470703,1607100
2002-06-10,15.999923706054688,18.546667098999023,18.700000762939453,18.5,18.61666679382324,1304400
2002-06-11,15.778501510620115,18.290000915527344,18.58333206176757,18.25,18.540000915527344,1508700
2002-06-12,15.75837230682373,18.26666641235352,18.483333587646484,18.253332138061523,18.31666755676269,1899000
2002-06-13,15.6002197265625,18.08333206176757,18.416667938232425,18.06666755676269,18.28333282470703,3552600
2002-06-14,15.772753715515137,18.28333282470703,18.38333320617676,17.96666717529297,18.07999992370605,1188600
2002-06-17,16.054561614990234,18.61000061035156,18.663333892822266,18.32666778564453,18.350000381469727,1764000
2002-06-18,16.23859405517578,18.82333374023437,18.82999992370605,18.523332595825195,18.61000061035156,1326300
2002-06-19,16.17533302307129,18.75,18.926666259765625,18.58666610717773,18.80666732788086,1253100
2002-06-20,16.1322021484375,18.700000762939453,18.8799991607666,18.63333320617676,18.71666717529297,1304400
2002-06-21,15.95678424835205,18.49666786193848,18.69333267211914,18.416667938232425,18.63333320617676,2175300
2002-06-24,15.709490776062012,18.209999084472656,18.63333320617676,17.733333587646484,18.479999542236328,3093000
2002-06-25,15.275264739990234,17.706666946411133,18.63333320617676,17.683332443237305,18.433332443237305,2205600
2002-06-26,15.651979446411133,18.1433334350586,18.1433334350586,17.333332061767578,17.333332061767578,3406500
2002-06-27,15.686488151550291,18.183332443237305,18.229999542236328,18.040000915527344,18.166667938232425,2317800
2002-06-28,15.237889289855955,17.663333892822266,18.233333587646484,17.663333892822266,18.18666648864746,1980600
2002-07-01,15.30402374267578,17.739999771118164,18.020000457763672,17.566667556762695,17.733333587646484,1887000
2002-07-02,14.772032737731934,17.123332977294922,17.75,17.100000381469727,17.700000762939453,2418600
2002-07-03,14.550613403320312,16.866666793823242,17.149999618530273,16.823333740234375,17.100000381469727,2360700
2002-07-05,14.803669929504396,17.15999984741211,17.239999771118164,16.963333129882812,17.133333206176758,1320900
2002-07-08,14.803669929504396,17.15999984741211,17.293333053588867,16.96666717529297,17.15999984741211,1156500
2002-07-09,14.631136894226074,16.959999084472656,17.309999465942383,16.946666717529297,17.299999237060547,1441800
2002-07-10,14.20553970336914,16.46666717529297,17.28333282470703,16.440000534057617,17.00666618347168,1728900
2002-07-11,13.949612617492676,16.170000076293945,16.613332748413086,15.93333339691162,16.266666412353516,1908900
2002-07-12,13.992745399475098,16.219999313354492,16.366666793823242,16.116666793823242,16.170000076293945,1372200
2002-07-15,13.961109161376951,16.183332443237305,16.333332061767578,15.506667137145996,16.219999313354492,3205800
2002-07-16,13.595911026000977,15.760000228881836,16.133333206176758,15.670000076293944,16.016666412353516,2771700
2002-07-17,13.362988471984863,15.489999771118164,16.016666412353516,15.283332824707031,15.966667175292969,1651800
2002-07-18,12.79361629486084,14.829999923706056,15.600000381469728,14.773332595825195,15.5,1813800
2002-07-19,12.451417922973633,14.43333339691162,14.833333015441896,14.386667251586914,14.533332824707031,1926900
2002-07-22,12.178237915039062,14.116666793823242,14.653332710266112,14.00333309173584,14.583333015441896,2953500
2002-07-23,12.11496639251709,14.043333053588867,14.449999809265137,13.949999809265137,14.199999809265137,2195700
2002-07-24,12.416906356811523,14.393333435058594,14.43333339691162,13.600000381469728,13.733332633972168,3226500
2002-07-25,12.28750705718994,14.243332862854004,14.720000267028809,13.899999618530272,14.199999809265137,1969200
2002-07-26,12.963274002075195,15.026666641235352,15.039999961853027,14.133333206176758,14.25,1620600
2002-07-29,13.578661918640137,15.739999771118164,15.74666690826416,15.033332824707031,15.06666660308838,1261800
2002-07-30,13.751742362976074,15.890000343322754,15.979999542236328,15.386667251586914,15.550000190734863,1991400
2002-07-31,13.685394287109377,15.813332557678224,15.94333267211914,15.510000228881836,15.93000030517578,1595400
2002-08-01,13.50365161895752,15.603333473205566,15.896666526794434,15.50333309173584,15.800000190734863,1551900
2002-08-02,13.215173721313477,15.270000457763672,15.726667404174805,15.170000076293944,15.603333473205566,2169300
2002-08-05,13.068052291870115,15.100000381469728,15.399999618530272,14.993332862854004,15.263333320617676,2018100
2002-08-06,13.324796676635742,15.396666526794434,15.699999809265137,15.25333309173584,15.266667366027832,1441800
2002-08-07,13.492109298706056,15.59000015258789,15.673333168029783,15.16333293914795,15.56666660308838,1486500
2002-08-08,14.198885917663574,16.406667709350586,16.666667938232422,16.093332290649414,16.5,2619600
2002-08-09,14.81334400177002,17.116666793823242,17.18666648864746,16.24333381652832,16.406667709350586,2076600
2002-08-12,14.888350486755373,17.203332901000977,17.373332977294922,16.860000610351562,16.96666717529297,1516800
2002-08-13,14.712377548217772,17.0,17.450000762939453,16.976667404174805,17.206666946411133,1446000
2002-08-14,15.168173789978027,17.52666664123535,17.57666778564453,16.90333366394043,17.03333282470703,2425200
2002-08-15,15.248953819274902,17.6200008392334,17.829999923706055,17.450000762939453,17.593332290649414,1101300
2002-08-16,15.159515380859377,17.516666412353516,17.68000030517578,17.433332443237305,17.566667556762695,1528500
2002-08-19,15.355682373046877,17.74333381652832,17.74333381652832,17.366666793823242,17.383333206176758,2452800
2002-08-20,15.021044731140137,17.356666564941406,17.549999237060547,17.183332443237305,17.5,1616100
2002-08-21,14.943158149719238,17.266666412353516,17.373332977294922,17.09000015258789,17.366666793823242,1905300
2002-08-22,15.419145584106444,17.816667556762695,17.84666633605957,17.303333282470703,17.333332061767578,1202400
2002-08-23,15.13643741607666,17.489999771118164,17.64666748046875,17.433332443237305,17.50666618347168,1545600
2002-08-26,15.251829147338867,17.623332977294922,17.71666717529297,17.3700008392334,17.566667556762695,1252200
2002-08-27,14.873924255371094,17.18666648864746,17.489999771118164,17.040000915527344,17.290000915527344,2662500
2002-08-28,14.850847244262695,17.15999984741211,17.22333335876465,16.983333587646484,17.18666648864746,1358700
2002-08-29,14.989314079284668,17.31999969482422,17.383333206176758,16.98666763305664,17.100000381469727,2244600
2002-08-30,15.147982597351074,17.503332138061523,17.713333129882812,17.17333221435547,17.200000762939453,1133400
2002-09-03,14.819108963012695,17.123332977294922,17.420000076293945,16.933332443237305,17.420000076293945,1711200
2002-09-04,14.715254783630373,17.003332138061523,17.09666633605957,16.84000015258789,17.093332290649414,1649100
2002-09-05,14.81622314453125,17.1200008392334,17.213333129882812,16.850000381469727,16.98666763305664,1311900
2002-09-06,14.481595993041992,16.733333587646484,17.0,16.583332061767578,16.96666717529297,3192300
2002-09-09,14.648910522460938,16.926666259765625,17.01333236694336,16.46666717529297,16.666667938232422,1042200
2002-09-10,14.594106674194336,16.863332748413086,17.066667556762695,16.67333221435547,17.066667556762695,989700
2002-09-11,14.643142700195312,16.920000076293945,17.05666732788086,16.833332061767578,17.0,838500
2002-09-12,14.31138801574707,16.536666870117188,16.920000076293945,16.520000457763672,16.920000076293945,1531800
2002-09-13,14.498900413513184,16.753332138061523,16.78333282470703,16.399999618530273,16.399999618530273,1578300
2002-09-16,14.43254852294922,16.676666259765625,16.703332901000977,16.450000762939453,16.633333206176758,1143000
2002-09-17,14.025795936584473,16.206666946411133,16.916667938232422,16.18666648864746,16.916667938232422,1325100
2002-09-18,14.112344741821287,16.30666732788086,16.496667861938477,16.0,16.0,1272300
2002-09-19,13.717126846313477,15.850000381469728,16.22333335876465,15.829999923706056,16.083332061767578,1025400
2002-09-20,13.261334419250488,15.32333278656006,15.649999618530272,15.07333278656006,15.516667366027832,3996900
2002-09-23,13.174784660339355,15.223333358764648,15.366666793823242,15.0600004196167,15.100000381469728,1665900
2002-09-24,12.944005966186523,14.956666946411133,15.229999542236328,14.92666721343994,15.166666984558104,1570800
2002-09-25,12.958429336547852,14.973333358764648,15.116666793823242,14.633333206176758,15.0,1584300
2002-09-26,13.197872161865234,15.25,15.296667098999023,14.90666675567627,15.0,2484900
2002-09-27,12.35262393951416,14.273332595825195,14.8100004196167,14.18333339691162,14.666666984558104,2943000
2002-09-30,12.372822761535645,14.296667098999023,14.493332862854004,13.583333015441896,14.0,2988900
2002-10-01,12.918045997619627,14.92666721343994,14.983332633972168,14.236666679382324,14.366666793823242,1905300
2002-10-02,12.393014907836914,14.31999969482422,14.863332748413086,14.266667366027832,14.8100004196167,2048100
2002-10-03,12.113191604614258,13.99666690826416,14.399999618530272,13.93333339691162,14.15999984741211,2187000
2002-10-04,11.43814754486084,13.216667175292969,14.283332824707031,13.166666984558104,14.166666984558104,3918000
2002-10-07,11.39488124847412,13.166666984558104,13.460000038146973,13.100000381469728,13.216667175292969,2509200
2002-10-08,11.4525728225708,13.233332633972168,13.466667175292969,12.970000267028809,13.100000381469728,3108900
2002-10-09,11.025633811950684,12.739999771118164,13.170000076293944,12.66333293914795,13.166666984558104,2117700
2002-10-10,11.818940162658691,13.65666675567627,13.68333339691162,12.733332633972168,12.733332633972168,2875200
2002-10-11,12.37570858001709,14.300000190734863,14.40999984741211,13.800000190734863,13.800000190734863,2028900
2002-10-14,12.167994499206545,14.0600004196167,14.333333015441896,14.016667366027832,14.266667366027832,1362000
2002-10-15,12.978622436523438,14.99666690826416,14.99666690826416,14.270000457763672,14.393333435058594,1318500
2002-10-16,12.76803493499756,14.75333309173584,15.233332633972168,14.653332710266112,14.99666690826416,983700
2002-10-17,13.047860145568848,15.076666831970217,15.260000228881836,15.00333309173584,15.083333015441896,1320000
2002-10-18,12.843039512634276,14.84000015258789,15.199999809265137,14.766667366027832,15.133333206176758,1971000
2002-10-21,13.047860145568848,15.076666831970217,15.206666946411133,14.57333278656006,14.84333324432373,1315200
2002-10-22,12.851692199707031,14.850000381469728,15.013333320617676,14.783332824707031,14.866666793823242,761400
2002-10-23,12.71899700164795,14.696666717529297,14.800000190734863,14.399999618530272,14.68333339691162,1317900
2002-10-24,12.436287879943848,14.369999885559082,14.899999618530272,14.346667289733888,14.649999618530272,1312800
2002-10-25,12.690144538879396,14.66333293914795,14.726667404174805,14.136667251586914,14.286666870117188,1008300
2002-10-28,12.439167022705078,14.373332977294922,14.899999618530272,14.333333015441896,14.776666641235352,1104300
2002-10-29,12.381475448608398,14.30666732788086,14.34000015258789,13.966667175292969,14.233332633972168,1234200
2002-10-30,12.462532997131348,14.350000381469728,14.423333168029783,14.06666660308838,14.173333168029783,1261200
2002-10-31,12.488580703735352,14.380000114440918,14.529999732971191,14.270000457763672,14.350000381469728,838200
2002-11-01,12.636224746704102,14.550000190734863,14.596667289733888,14.06666660308838,14.133333206176758,1009200
2002-11-04,12.534904479980469,14.43333339691162,14.82333278656006,14.416666984558104,14.649999618530272,1297500
2002-11-05,12.558065414428713,14.460000038146973,14.55666732788086,14.366666793823242,14.460000038146973,1294500
2002-11-06,12.737547874450684,14.666666984558104,14.699999809265137,14.40666675567627,14.533332824707031,1605900
2002-11-07,11.90960693359375,13.713333129882812,14.50333309173584,13.600000381469728,14.5,2739000
2002-11-08,11.854601860046388,13.649999618530272,14.0,13.436667442321776,13.716667175292969,2187300
2002-11-11,11.646166801452637,13.40999984741211,13.716667175292969,13.396666526794434,13.583333015441896,1326300
2002-11-12,11.209040641784668,12.90666675567627,13.55666732788086,12.859999656677246,13.416666984558104,3662400
2002-11-13,10.971662521362305,12.633333206176758,13.083333015441896,12.5,12.916666984558104,3324600
2002-11-14,11.275623321533203,12.983332633972168,13.100000381469728,12.850000381469728,12.899999618530272,2036700
2002-11-15,11.481160163879396,13.220000267028809,13.256667137145996,12.899999618530272,12.899999618530272,1659000
2002-11-18,11.148248672485352,12.83666706085205,13.203332901000977,12.829999923706056,13.199999809265137,2166300
2002-11-19,11.307462692260742,13.020000457763672,13.123332977294922,12.743332862854004,12.90666675567627,1818600
2002-11-20,11.402995109558104,13.130000114440918,13.186667442321776,12.766667366027832,12.966667175292969,1776900
2002-11-21,11.553532600402832,13.303333282470703,13.399999618530272,13.15666675567627,13.15666675567627,1277700
2002-11-22,11.568005561828612,13.31999969482422,13.483332633972168,13.083333015441896,13.333333015441896,1441800
2002-11-25,11.657747268676758,13.423333168029783,13.470000267028809,13.199999809265137,13.393333435058594,1732200
2002-11-26,11.359580993652344,13.079999923706056,13.383333206176758,13.079999923706056,13.383333206176758,1688400
2002-11-27,11.521686553955078,13.266667366027832,13.333333015441896,13.079999923706056,13.08666706085205,1330800
2002-11-29,11.718539237976074,13.493332862854004,13.543333053588867,13.313332557678224,13.333333015441896,776100
2002-12-02,11.640376091003418,13.403332710266112,13.609999656677246,13.283332824707031,13.583333015441896,1869000
2002-12-03,11.631698608398438,13.393333435058594,13.533332824707031,13.266667366027832,13.369999885559082,1971300
2002-12-04,11.617220878601074,13.376667022705078,13.533332824707031,13.333333015441896,13.34000015258789,1658400
2002-12-05,11.52458381652832,13.270000457763672,13.43000030517578,13.173333168029783,13.42666721343994,1153800
2002-12-06,11.660645484924316,13.42666721343994,13.5,13.203332901000977,13.270000457763672,1233600
2002-12-09,11.585376739501951,13.34000015258789,13.5,13.326666831970217,13.41333293914795,1544700
2002-12-10,11.796710014343262,13.583333015441896,13.643333435058594,13.286666870117188,13.293333053588867,1473300
2002-12-11,12.222254753112791,14.07333278656006,14.096667289733888,13.473333358764648,13.583333015441896,2707500
2002-12-12,12.24541473388672,14.100000381469728,14.376667022705078,13.953332901000977,14.06999969482422,1958400
2002-12-13,12.083295822143556,13.91333293914795,14.096667289733888,13.896666526794434,14.016667366027832,1489500
2002-12-16,12.265674591064451,14.123332977294922,14.123332977294922,13.863332748413086,13.970000267028809,1801800
2002-12-17,12.239623069763184,14.09333324432373,14.17666721343994,13.949999809265137,14.123332977294922,1306200
2002-12-18,12.207781791687012,14.05666732788086,14.15999984741211,14.016667366027832,14.05666732788086,1501500
2002-12-19,12.222254753112791,14.07333278656006,14.383333206176758,14.033332824707031,14.083333015441896,2481900
2002-12-20,12.488580703735352,14.380000114440918,14.380000114440918,14.079999923706056,14.100000381469728,3409500
2002-12-23,12.453848838806152,14.34000015258789,14.42666721343994,14.149999618530272,14.266667366027832,1215300
2002-12-24,12.448057174682615,14.333333015441896,14.42666721343994,14.296667098999023,14.34000015258789,329100
2002-12-26,12.534904479980469,14.43333339691162,14.510000228881836,14.34000015258789,14.383333206176758,1153500
2002-12-27,12.413323402404783,14.293333053588867,14.466667175292969,14.286666870117188,14.396666526794434,1236600
2002-12-30,12.95176887512207,14.91333293914795,15.133333206176758,14.673333168029783,14.723333358764648,4352700
2002-12-31,12.870710372924805,14.81999969482422,14.976667404174805,14.640000343322754,14.966667175292969,2217900
2003-01-02,13.40915870666504,15.4399995803833,15.449999809265137,14.883333206176758,14.966667175292969,2352600
2003-01-03,13.40337371826172,15.43333339691162,15.56666660308838,15.273332595825195,15.366666793823242,1549800
2003-01-06,13.53943157196045,15.59000015258789,15.666666984558104,15.25333309173584,15.416666984558104,2547900
2003-01-07,13.417847633361816,15.449999809265137,15.699999809265137,15.40999984741211,15.59000015258789,1784100
2003-01-08,13.394688606262209,15.423333168029783,15.520000457763672,15.30666732788086,15.399999618530272,1704300
2003-01-09,13.762343406677246,15.846667289733888,15.846667289733888,15.416666984558104,15.416666984558104,1950300
2003-01-10,13.779706954956056,15.866666793823242,15.893333435058594,15.716667175292969,15.846667289733888,1642500
2003-01-13,13.71312141418457,15.789999961853027,15.966667175292969,15.75,15.899999618530272,1748400
2003-01-14,13.794183731079102,15.883333206176758,15.92666721343994,15.583333015441896,15.739999771118164,1581900
2003-01-15,13.559699058532717,15.613332748413086,15.833333015441896,15.583333015441896,15.81666660308838,1647900
2003-01-16,13.6060152053833,15.666666984558104,15.949999809265137,15.606666564941406,15.646666526794434,1110900
2003-01-17,13.6060152053833,15.666666984558104,15.67666721343994,15.550000190734863,15.666666984558104,1698900
2003-01-21,13.522061347961426,15.56999969482422,15.716667175292969,15.516667366027832,15.626667022705078,1888800
2003-01-22,13.310736656188965,15.326666831970217,15.493332862854004,15.293333053588867,15.416666984558104,1652100
2003-01-23,13.20073127746582,15.199999809265137,15.43333339691162,15.119999885559082,15.359999656677246,1679100
2003-01-24,12.856239318847656,14.803333282470703,15.18333339691162,14.779999732971191,15.18333339691162,1511700
2003-01-27,12.656489372253418,14.57333278656006,14.883333206176758,14.470000267028809,14.80666732788086,1874700
2003-01-28,12.598590850830078,14.506667137145996,14.723333358764648,14.403332710266112,14.449999809265137,1660500
2003-01-29,12.711492538452148,14.636667251586914,14.706666946411133,14.30666732788086,14.416666984558104,1723800
2003-01-30,12.439373970031738,14.32333278656006,14.68333339691162,14.30666732788086,14.596667289733888,1362900
2003-01-31,12.743338584899902,14.673333168029783,14.733332633972168,14.286666870117188,14.289999961853027,1615800
2003-02-03,12.91124153137207,14.866666793823242,14.916666984558104,14.643333435058594,14.670000076293944,1332300
2003-02-04,12.647801399230955,14.563332557678224,14.696666717529297,14.350000381469728,14.69333267211914,1902300
2003-02-05,12.566743850708008,14.470000267028809,14.786666870117188,14.466667175292969,14.553333282470703,1233000
2003-02-06,12.311994552612305,14.17666721343994,14.489999771118164,14.166666984558104,14.43333339691162,2003700
2003-02-07,12.193309783935549,14.039999961853027,14.263333320617676,14.016667366027832,14.233332633972168,1386300
2003-02-10,12.303314208984377,14.166666984558104,14.166666984558104,13.963333129882812,14.039999961853027,1767900
2003-02-11,12.135406494140623,13.973333358764648,14.203332901000977,13.899999618530272,14.18333339691162,1630500
2003-02-12,11.903814315795898,13.706666946411133,14.09000015258789,13.699999809265137,14.0,1277100
2003-02-13,12.274364471435549,14.133333206176758,14.136667251586914,13.766667366027832,13.766667366027832,3098700
2003-02-14,12.532012939453123,14.43000030517578,14.466667175292969,14.0600004196167,14.166666984558104,1908600
2003-02-18,12.679648399353027,14.600000381469728,14.686667442321776,14.42666721343994,14.466667175292969,1269600
2003-02-19,12.500162124633787,14.393333435058594,14.58666706085205,14.356666564941406,14.583333015441896,1453200
2003-02-20,12.439373970031738,14.32333278656006,14.510000228881836,14.32333278656006,14.399999618530272,936300
2003-02-21,12.699910163879396,14.623332977294922,14.75,14.353333473205566,14.416666984558104,1133100
2003-02-24,12.549378395080566,14.449999809265137,14.616666793823242,14.383333206176758,14.600000381469728,1054500
2003-02-25,12.592802047729492,14.5,14.533332824707031,14.213333129882812,14.449999809265137,1581900
2003-02-26,12.40752410888672,14.286666870117188,14.466667175292969,14.216667175292969,14.463333129882812,2046300
2003-02-27,12.680603981018066,14.550000190734863,14.550000190734863,14.266667366027832,14.266667366027832,1833300
2003-02-28,12.698033332824709,14.56999969482422,14.773332595825195,14.489999771118164,14.576666831970217,1160700
2003-03-03,12.773568153381348,14.65666675567627,14.779999732971191,14.640000343322754,14.653332710266112,1663200
2003-03-04,12.622504234313965,14.483332633972168,14.729999542236328,14.476667404174805,14.686667442321776,1533900
2003-03-05,12.663175582885742,14.529999732971191,14.596667289733888,14.383333206176758,14.446666717529297,1707000
2003-03-06,12.552778244018556,14.403332710266112,14.539999961853027,14.383333206176758,14.489999771118164,968100
2003-03-07,12.564400672912598,14.416666984558104,14.539999961853027,14.133333206176758,14.403332710266112,2217600
2003-03-10,12.15769100189209,13.949999809265137,14.363332748413086,13.9399995803833,14.229999542236328,1374600
2003-03-11,11.957242965698242,13.720000267028809,14.08666706085205,13.696666717529297,13.916666984558104,2239200
2003-03-12,11.951434135437012,13.713333129882812,13.763333320617676,13.539999961853027,13.716667175292969,1984800
2003-03-13,12.395910263061523,14.223333358764648,14.243332862854004,13.81999969482422,13.82333278656006,1897800
2003-03-14,12.404623985290527,14.233332633972168,14.393333435058594,14.170000076293944,14.256667137145996,1756200
2003-03-17,12.59345245361328,14.449999809265137,14.483332633972168,13.983332633972168,14.016667366027832,2694300
2003-03-18,12.236133575439451,14.039999961853027,14.399999618530272,13.956666946411133,14.373332977294922,4290900
2003-03-19,12.34652328491211,14.166666984558104,14.199999809265137,13.966667175292969,14.18333339691162,3256500
2003-03-20,12.38138198852539,14.206666946411133,14.243332862854004,13.949999809265137,14.116666793823242,1182000
2003-03-21,12.584736824035645,14.4399995803833,14.460000038146973,14.08666706085205,14.333333015441896,1767900
2003-03-24,12.265178680419922,14.07333278656006,14.293333053588867,14.013333320617676,14.233332633972168,1946400
2003-03-25,12.300042152404783,14.113332748413086,14.216667175292969,14.016667366027832,14.076666831970217,1533300
2003-03-26,12.17221450805664,13.966667175292969,14.116666793823242,13.863332748413086,14.116666793823242,1052400
2003-03-27,12.10831069946289,13.893333435058594,14.013333320617676,13.733332633972168,13.916666984558104,1344000
2003-03-28,11.98338794708252,13.75,13.866666793823242,13.686667442321776,13.833333015441896,1475700
2003-03-31,11.573774337768556,13.279999732971191,13.75333309173584,13.216667175292969,13.75333309173584,3515100
2003-04-01,11.576680183410645,13.283332824707031,13.376667022705078,13.206666946411133,13.25,4245900
2003-04-02,11.86718463897705,13.616666793823242,13.716667175292969,13.383333206176758,13.383333206176758,2542800
2003-04-03,11.660926818847656,13.380000114440918,13.616666793823242,13.283332824707031,13.616666793823242,2804100
2003-04-04,11.399476051330566,13.079999923706056,13.313332557678224,13.013333320617676,13.266667366027832,4215300
2003-04-07,11.277459144592283,12.9399995803833,13.263333320617676,12.903332710266112,13.25,3208800
2003-04-08,11.242595672607422,12.899999618530272,12.956666946411133,12.826666831970217,12.9399995803833,3342300
2003-04-09,11.16706371307373,12.813332557678224,13.116666793823242,12.813332557678224,13.016667366027832,2516400
2003-04-10,11.190305709838867,12.84000015258789,12.989999771118164,12.75,12.856666564941406,2146200
2003-04-11,11.230978965759276,12.886667251586914,12.983332633972168,12.770000457763672,12.899999618530272,2495400
2003-04-14,11.669637680053713,13.390000343322754,13.416666984558104,12.949999809265137,12.970000267028809,3910500
2003-04-15,11.948525428771973,13.710000038146973,13.859999656677246,13.40666675567627,13.473333358764648,4132200
2003-04-16,11.70740795135498,13.43333339691162,13.770000457763672,13.369999885559082,13.723333358764648,2564700
2003-04-17,11.957242965698242,13.720000267028809,13.720000267028809,13.369999885559082,13.403332710266112,2912400
2003-04-21,11.980486869812012,13.74666690826416,13.776666641235352,13.643333435058594,13.716667175292969,2417400
2003-04-22,12.419148445129396,14.25,14.273332595825195,13.66333293914795,13.713333129882812,2892600
2003-04-23,12.311662673950195,14.126667022705078,14.229999542236328,13.93333339691162,14.216667175292969,1852200
2003-04-24,12.212889671325684,14.013333320617676,14.133333206176758,13.916666984558104,14.126667022705078,2694300
2003-04-25,11.95434284210205,13.716667175292969,14.013333320617676,13.66333293914795,14.013333320617676,2729400
2003-04-28,11.963057518005373,13.726667404174805,13.81666660308838,13.543333053588867,13.56666660308838,2959200
2003-04-29,11.96886157989502,13.733332633972168,13.8100004196167,13.633333206176758,13.8100004196167,2649000
2003-04-30,11.9891996383667,13.756667137145996,13.83666706085205,13.606666564941406,13.686667442321776,2832000
2003-05-01,12.227411270141602,14.029999732971191,14.053333282470703,13.616666793823242,13.800000190734863,2046000
2003-05-02,12.340713500976562,14.15999984741211,14.173333168029783,13.970000267028809,13.973333358764648,2027100
2003-05-05,12.294231414794922,14.106666564941406,14.216667175292969,13.983332633972168,14.186667442321776,2465100
2003-05-06,12.433674812316896,14.266667366027832,14.346667289733888,14.09333324432373,14.106666564941406,1626000
2003-05-07,12.241937637329102,14.046667098999023,14.203332901000977,13.970000267028809,14.199999809265137,2306700
2003-05-08,12.012439727783203,13.783332824707031,14.046667098999023,13.716667175292969,14.0,2939700
2003-05-09,12.17512321472168,13.970000267028809,13.989999771118164,13.733332633972168,13.84333324432373,1262400
2003-05-12,12.253558158874512,14.0600004196167,14.06666660308838,13.833333015441896,13.949999809265137,1634400
2003-05-13,12.265178680419922,14.07333278656006,14.076666831970217,13.899999618530272,14.023332595825195,2216700
2003-05-14,12.265178680419922,14.07333278656006,14.083333015441896,13.93333339691162,14.076666831970217,1712100
2003-05-15,12.23031520843506,14.033332824707031,14.153332710266112,13.9399995803833,14.106666564941406,1989300
2003-05-16,12.331997871398926,14.149999618530272,14.173333168029783,13.956666946411133,14.033332824707031,2277000
2003-05-19,12.204176902770996,14.00333309173584,14.15666675567627,13.966667175292969,14.153332710266112,1892100
2003-05-20,12.282608032226562,14.09333324432373,14.133333206176758,14.0,14.0600004196167,2937300
2003-05-21,12.811330795288086,14.699999809265137,15.470000267028809,14.06999969482422,14.09333324432373,5323200
2003-05-22,12.965296745300291,14.876667022705078,15.123332977294922,14.770000457763672,14.800000190734863,2812800
2003-05-23,13.081501960754396,15.010000228881836,15.020000457763672,14.796667098999023,14.833333015441896,1667400
2003-05-27,13.290668487548828,15.25,15.270000457763672,14.789999961853027,15.010000228881836,2431200
2003-05-28,13.360387802124023,15.329999923706056,15.403332710266112,15.166666984558104,15.220000267028809,2595000
2003-05-29,13.564413070678713,15.513333320617676,15.583333015441896,15.296667098999023,15.31666660308838,3705600
2003-05-30,14.019081115722656,16.03333282470703,16.049999237060547,15.513333320617676,15.513333320617676,2742900
2003-06-02,13.937471389770508,15.9399995803833,16.34000015258789,15.93000030517578,16.06333351135254,2706900
2003-06-03,13.721796035766602,15.69333267211914,15.94333267211914,15.56666660308838,15.94333267211914,2010000
2003-06-04,13.739282608032228,15.713333129882812,15.81999969482422,15.603333473205566,15.739999771118164,2464200
2003-06-05,13.742195129394531,15.716667175292969,15.81666660308838,15.596667289733888,15.686667442321776,2074800
2003-06-06,13.660588264465332,15.623332977294922,15.873332977294922,15.58666706085205,15.756667137145996,2145900
2003-06-09,13.369133949279783,15.289999961853027,15.623332977294922,15.229999542236328,15.623332977294922,1889700
2003-06-10,13.59063720703125,15.543333053588867,15.553333282470703,15.376667022705078,15.403332710266112,1464600
2003-06-11,13.724708557128906,15.696666717529297,15.733332633972168,15.466667175292969,15.520000457763672,1931700
2003-06-12,13.67516040802002,15.640000343322754,15.739999771118164,15.546667098999023,15.633333206176758,1741500
2003-06-13,13.611043930053713,15.56666660308838,15.716667175292969,15.42666721343994,15.68333339691162,1949400
2003-06-16,13.85586929321289,15.846667289733888,15.903332710266112,15.59333324432373,15.633333206176758,1675500
2003-06-17,13.756768226623535,15.733332633972168,15.873332977294922,15.5600004196167,15.826666831970217,2094900
2003-06-18,13.66350555419922,15.626667022705078,15.833333015441896,15.516667366027832,15.733332633972168,1974000
2003-06-19,13.60229778289795,15.55666732788086,15.713333129882812,15.516667366027832,15.68000030517578,2368200
2003-06-20,13.689738273620604,15.65666675567627,15.800000190734863,15.55666732788086,15.649999618530272,2287800
2003-06-23,13.619784355163574,15.576666831970217,15.6899995803833,15.466667175292969,15.630000114440918,1824600
2003-06-24,13.925816535949709,15.92666721343994,16.066667556762695,15.579999923706056,15.579999923706056,2643600
2003-06-25,13.873351097106934,15.866666793823242,16.110000610351562,15.859999656677246,15.90999984741211,2848800
2003-06-26,13.984106063842772,15.993332862854004,16.106666564941406,15.853333473205566,15.92666721343994,1708200
2003-06-27,13.847121238708496,15.83666706085205,16.03333282470703,15.800000190734863,16.00666618347168,1566000
2003-06-30,13.783001899719238,15.763333320617676,15.953332901000977,15.756667137145996,15.91333293914795,1693800
2003-07-01,13.88209629058838,15.876667022705078,15.876667022705078,15.649999618530272,15.733332633972168,2196000
2003-07-02,13.992853164672852,16.003332138061523,16.049999237060547,15.84333324432373,15.856666564941406,1839300
2003-07-03,13.905409812927246,15.903332710266112,16.02666664123535,15.903332710266112,15.966667175292969,777900
2003-07-07,14.138577461242676,16.170000076293945,16.26333236694336,15.966667175292969,16.083332061767578,1605900
2003-07-08,14.29887580871582,16.35333251953125,16.393333435058594,16.09666633605957,16.136667251586914,3075000
2003-07-09,14.112348556518556,16.139999389648438,16.270000457763672,15.986666679382324,16.270000457763672,2202300
2003-07-10,13.817975997924805,15.803333282470703,16.073333740234375,15.666666984558104,16.073333740234375,2176800
2003-07-11,13.9199857711792,15.920000076293944,15.9399995803833,15.720000267028809,15.833333015441896,1793400
2003-07-14,13.95495891571045,15.960000038146973,16.100000381469727,15.880000114440918,16.0,1844700
2003-07-15,13.887925148010254,15.883333206176758,16.100000381469727,15.80666732788086,15.960000038146973,1641000
2003-07-16,13.680990219116213,15.646666526794434,15.92666721343994,15.58666706085205,15.92666721343994,1759200
2003-07-17,13.47114372253418,15.40666675567627,15.646666526794434,15.333333015441896,15.616666793823242,2068500
2003-07-18,13.613953590393066,15.56999969482422,15.58666706085205,15.359999656677246,15.449999809265137,1733700
2003-07-21,13.377875328063965,15.300000190734863,15.603333473205566,15.236666679382324,15.583333015441896,1722900
2003-07-22,13.404107093811035,15.329999923706056,15.416666984558104,15.0,15.289999961853027,980700
2003-07-23,13.293357849121094,15.203332901000977,15.303333282470703,15.033332824707031,15.266667366027832,1121400
2003-07-24,13.188426971435549,15.083333015441896,15.416666984558104,15.06999969482422,15.25,1353000
2003-07-25,13.555662155151367,15.50333309173584,15.50333309173584,15.083333015441896,15.08666706085205,1605900
2003-07-28,13.52943515777588,15.473333358764648,15.583333015441896,15.350000381469728,15.50333309173584,1035900
2003-07-29,13.345818519592283,15.263333320617676,15.526666641235352,15.116666793823242,15.460000038146973,1750500
2003-07-30,13.32249927520752,15.236666679382324,15.289999961853027,15.126667022705078,15.266667366027832,948000
2003-07-31,13.407022476196287,15.333333015441896,15.649999618530272,15.296667098999023,15.303333282470703,1745400
2003-08-01,13.299179077148438,15.210000038146973,15.43333339691162,15.0,15.403332710266112,1858500
2003-08-04,13.179686546325684,15.07333278656006,15.18333339691162,14.8100004196167,15.166666984558104,1322700
2003-08-05,13.138882637023926,15.026666641235352,15.126667022705078,14.966667175292969,15.109999656677246,993900
2003-08-06,13.32249927520752,15.236666679382324,15.353333473205566,14.960000038146973,14.966667175292969,1380000
2003-08-07,12.451040267944336,14.239999771118164,14.916666984558104,13.949999809265137,14.916666984558104,5217300
2003-08-08,12.459786415100098,14.25,14.333333015441896,14.15999984741211,14.283332824707031,2915700
2003-08-11,12.532649993896484,14.333333015441896,14.396666526794434,14.283332824707031,14.333333015441896,1645500
2003-08-12,12.561793327331545,14.366666793823242,14.380000114440918,14.24666690826416,14.33666706085205,1196100
2003-08-13,12.503507614135742,14.300000190734863,14.44333267211914,14.273332595825195,14.383333206176758,874200
2003-08-14,12.60843276977539,14.420000076293944,14.420000076293944,14.1899995803833,14.31666660308838,1700100
2003-08-15,12.579278945922852,14.386667251586914,14.420000076293944,14.260000228881836,14.420000076293944,1035300
2003-08-18,12.547225952148438,14.350000381469728,14.416666984558104,14.293333053588867,14.380000114440918,2021400
2003-08-19,12.564709663391112,14.369999885559082,14.390000343322754,14.256667137145996,14.283332824707031,1826100
2003-08-20,12.462698936462402,14.25333309173584,14.356666564941406,14.216667175292969,14.333333015441896,2165400
2003-08-21,12.284913063049316,14.050000190734863,14.333333015441896,14.050000190734863,14.283332824707031,3839700
2003-08-22,12.028430938720703,13.756667137145996,14.100000381469728,13.703332901000977,14.083333015441896,2697600
2003-08-25,11.964308738708496,13.68333339691162,13.789999961853027,13.649999618530272,13.75,2908200
2003-08-26,12.112954139709473,13.853333473205566,13.876667022705078,13.666666984558104,13.666666984558104,2304000
2003-08-27,12.034259796142578,13.763333320617676,13.916666984558104,13.75333309173584,13.863332748413086,1715400
2003-08-28,12.016704559326172,13.69333267211914,13.733332633972168,13.550000190734863,13.733332633972168,1485600
2003-08-29,12.04011058807373,13.720000267028809,13.75,13.643333435058594,13.696666717529297,888300
2003-09-02,12.227324485778809,13.93333339691162,13.963333129882812,13.57333278656006,13.75,1712400
2003-09-03,12.224397659301758,13.93000030517578,14.16333293914795,13.866666793823242,13.949999809265137,2416500
2003-09-04,12.329704284667969,14.050000190734863,14.149999618530272,13.903332710266112,13.93000030517578,2023800
2003-09-05,12.256574630737305,13.966667175292969,14.06666660308838,13.949999809265137,14.033332824707031,1205400
2003-09-08,12.373580932617188,14.100000381469728,14.15999984741211,13.966667175292969,13.966667175292969,1277400
2003-09-09,12.168817520141602,13.866666793823242,14.039999961853027,13.850000381469728,14.023332595825195,1998600
2003-09-10,12.15126609802246,13.846667289733888,13.963333129882812,13.81999969482422,13.869999885559082,1455000
2003-09-11,12.060586929321287,13.743332862854004,13.966667175292969,13.743332862854004,13.893333435058594,1125000
2003-09-12,12.025480270385742,13.703332901000977,13.75,13.58666706085205,13.716667175292969,1210800
2003-09-15,11.996230125427246,13.670000076293944,13.720000267028809,13.56666660308838,13.720000267028809,1307700
2003-09-16,12.02840518951416,13.706666946411133,13.736666679382324,13.619999885559082,13.670000076293944,1464900
2003-09-17,12.42623805999756,14.15999984741211,14.34000015258789,14.0,14.033332824707031,3532200
2003-09-18,12.455487251281738,14.19333267211914,14.289999961853027,14.09000015258789,14.149999618530272,1290300
2003-09-19,12.356030464172363,14.079999923706056,14.196666717529297,13.979999542236328,14.19333267211914,1121100
2003-09-22,12.247798919677734,13.956666946411133,14.050000190734863,13.84333324432373,14.050000190734863,1132800
2003-09-23,12.271199226379396,13.983332633972168,14.116666793823242,13.883333206176758,14.033332824707031,777000
2003-09-24,12.124940872192385,13.81666660308838,14.010000228881836,13.710000038146973,13.916666984558104,1489800
2003-09-25,11.958205223083496,13.626667022705078,13.890000343322754,13.623332977294922,13.800000190734863,1197300
2003-09-26,11.849969863891602,13.50333309173584,13.56666660308838,13.449999809265137,13.56666660308838,1120500
2003-09-29,11.99330711364746,13.666666984558104,13.666666984558104,13.466667175292969,13.506667137145996,1109400
2003-09-30,11.809022903442385,13.456666946411133,13.623332977294922,13.366666793823242,13.616666793823242,2192100
2003-10-01,12.227324485778809,13.93333339691162,13.93333339691162,13.516667366027832,13.539999961853027,1353300
2003-10-02,12.20977020263672,13.91333293914795,13.966667175292969,13.803333282470703,13.966667175292969,922800
2003-10-03,12.27997589111328,13.993332862854004,14.166666984558104,13.966667175292969,13.99666690826416,1287600
2003-10-06,12.423311233520508,14.15666675567627,14.210000038146973,14.050000190734863,14.100000381469728,626100
2003-10-07,12.42038345336914,14.153332710266112,14.15666675567627,13.966667175292969,14.0,896700
2003-10-08,12.3238525390625,14.043333053588867,14.123332977294922,14.00333309173584,14.123332977294922,944100
2003-10-09,12.417460441589355,14.149999618530272,14.32333278656006,14.043333053588867,14.043333053588867,1149900
2003-10-10,12.300455093383787,14.016667366027832,14.149999618530272,14.0,14.116666793823242,811500
2003-10-13,12.40868854522705,14.140000343322754,14.15999984741211,14.029999732971191,14.029999732971191,582900
2003-10-14,12.572494506835938,14.326666831970217,14.353333473205566,14.103333473205566,14.199999809265137,1145700
2003-10-15,12.519842147827148,14.266667366027832,14.34000015258789,14.213333129882812,14.34000015258789,1444200
2003-10-16,12.745081901550291,14.523332595825195,14.5600004196167,14.266667366027832,14.266667366027832,1798800
2003-10-17,12.651477813720703,14.416666984558104,14.899999618530272,14.376667022705078,14.523332595825195,2790600
2003-10-20,12.592972755432127,14.350000381469728,14.5,14.186667442321776,14.5,1254900
2003-10-21,12.443784713745115,14.18000030517578,14.333333015441896,14.126667022705078,14.333333015441896,1814100
2003-10-22,12.341404914855955,14.063332557678224,14.186667442321776,14.050000190734863,14.166666984558104,1087800
2003-10-23,12.414539337158203,14.146666526794434,14.170000076293944,14.033332824707031,14.063332557678224,782400
2003-10-24,12.39698600769043,14.126667022705078,14.140000343322754,14.006667137145996,14.116666793823242,1061100
2003-10-27,12.370656967163086,14.096667289733888,14.31666660308838,14.096667289733888,14.153332710266112,1383000
2003-10-28,12.5227689743042,14.270000457763672,14.326666831970217,14.096667289733888,14.096667289733888,1212300
2003-10-29,12.519842147827148,14.266667366027832,14.31666660308838,14.196666717529297,14.233332633972168,1106100
2003-10-30,12.4847412109375,14.226667404174805,14.32333278656006,14.166666984558104,14.266667366027832,1002000
2003-10-31,12.578347206115724,14.333333015441896,14.456666946411133,14.226667404174805,14.226667404174805,1725300
2003-11-03,12.657328605651855,14.423333168029783,14.463333129882812,14.30666732788086,14.333333015441896,799800
2003-11-04,12.557868003845217,14.3100004196167,14.423333168029783,14.213333129882812,14.423333168029783,1292700
2003-11-05,12.487661361694336,14.229999542236328,14.363332748413086,14.153332710266112,14.3100004196167,1695000
2003-11-06,12.224397659301758,13.93000030517578,14.1899995803833,13.756667137145996,14.18333339691162,2873100
2003-11-07,11.405343055725098,12.99666690826416,13.983332633972168,12.93333339691162,13.966667175292969,7522800
2003-11-10,11.98160457611084,13.653332710266112,13.739999771118164,12.983332633972168,13.0,6065700
2003-11-11,12.09569263458252,13.783332824707031,13.82333278656006,13.646666526794434,13.699999809265137,1887000
2003-11-12,12.563726425170898,14.31666660308838,14.583333015441896,13.766667366027832,13.766667366027832,6942000
2003-11-13,12.505215644836426,14.25,14.303333282470703,14.06666660308838,14.283332824707031,1560300
2003-11-14,12.695354461669922,14.466667175292969,14.59333324432373,14.30666732788086,14.30666732788086,1758300
2003-11-17,12.566643714904783,14.31999969482422,14.42666721343994,14.186667442321776,14.390000343322754,919500
2003-11-18,12.446710586547852,14.18333339691162,14.356666564941406,14.166666984558104,14.353333473205566,678000
2003-11-19,12.490591049194336,14.233332633972168,14.333333015441896,14.206666946411133,14.233332633972168,773400
2003-11-20,12.429159164428713,14.16333293914795,14.293333053588867,14.050000190734863,14.1899995803833,1552500
2003-11-21,12.332630157470703,14.053333282470703,14.16333293914795,13.920000076293944,14.16333293914795,1427400
2003-11-24,12.490591049194336,14.233332633972168,14.279999732971191,14.106666564941406,14.106666564941406,1458600
2003-11-25,12.534468650817873,14.283332824707031,14.346667289733888,14.149999618530272,14.1899995803833,1841100
2003-11-26,12.563822746276855,14.266667366027832,14.289999961853027,14.15999984741211,14.236666679382324,1183500
2003-11-28,12.513919830322266,14.210000038146973,14.303333282470703,14.18333339691162,14.266667366027832,482100
2003-12-01,12.73995304107666,14.466667175292969,14.476667404174805,14.1899995803833,14.213333129882812,1287600
2003-12-02,12.657758712768556,14.373332977294922,14.466667175292969,14.303333282470703,14.466667175292969,870300
2003-12-03,12.71353244781494,14.436667442321776,14.516667366027832,14.399999618530272,14.5,1345200
2003-12-04,12.872050285339355,14.616666793823242,14.616666793823242,14.416666984558104,14.43333339691162,1412100
2003-12-05,12.71646785736084,14.4399995803833,14.56666660308838,14.383333206176758,14.56666660308838,1002000
2003-12-08,12.781044006347656,14.513333320617676,14.536666870117188,14.390000343322754,14.423333168029783,817200
2003-12-09,12.76930809020996,14.5,14.56666660308838,14.42666721343994,14.56666660308838,971100
2003-12-10,12.907275199890137,14.65666675567627,14.760000228881836,14.466667175292969,14.489999771118164,1994400
2003-12-11,13.007079124450684,14.770000457763672,14.776666641235352,14.666666984558104,14.67666721343994,1371300
2003-12-12,13.071660041809082,14.84333324432373,14.93333339691162,14.706666946411133,14.81666660308838,1645200
2003-12-15,13.162657737731934,14.946666717529297,15.063332557678224,14.94333267211914,15.0,2268900
2003-12-16,13.37401294708252,15.186667442321776,15.186667442321776,15.036666870117188,15.06666660308838,1653300
2003-12-17,13.350531578063965,15.15999984741211,15.216667175292969,15.06666660308838,15.166666984558104,2212800
2003-12-18,13.503171920776367,15.333333015441896,15.333333015441896,15.133333206176758,15.166666984558104,1212000
2003-12-19,13.647011756896973,15.49666690826416,15.583333015441896,15.266667366027832,15.31666660308838,2736000
2003-12-22,13.68810749053955,15.543333053588867,15.55666732788086,15.416666984558104,15.516667366027832,1107600
2003-12-23,13.855428695678713,15.733332633972168,15.733332633972168,15.516667366027832,15.516667366027832,1488900
2003-12-24,13.83194637298584,15.706666946411133,15.829999923706056,15.649999618530272,15.706666946411133,576600
2003-12-26,13.987529754638672,15.883333206176758,15.890000343322754,15.726667404174805,15.726667404174805,462000
2003-12-29,14.383813858032228,16.333332061767578,16.393333435058594,15.993332862854004,16.016666412353516,2430900
2003-12-30,14.474814414978027,16.43666648864746,16.49333381652832,16.303333282470703,16.323333740234375,1547700
2003-12-31,14.515913963317873,16.483333587646484,16.483333587646484,16.336666107177734,16.43666648864746,1053300
2004-01-02,14.471878051757812,16.433332443237305,16.546667098999023,16.393333435058594,16.46666717529297,1599600
2004-01-05,14.70671844482422,16.700000762939453,16.706666946411133,16.356666564941406,16.510000228881836,2025900
2004-01-06,14.888717651367188,16.906667709350586,16.92333221435547,16.709999084472656,16.733333587646484,1952700
2004-01-07,14.803589820861816,16.809999465942383,16.933332443237305,16.65999984741211,16.933332443237305,1085700
2004-01-08,14.882843017578123,16.899999618530273,16.899999618530273,16.633333206176758,16.700000762939453,1069200
2004-01-09,15.176387786865234,17.233333587646484,17.433332443237305,16.876667022705078,16.899999618530273,2032500
2004-01-12,15.24683952331543,17.31333351135254,17.383333206176758,17.219999313354492,17.299999237060547,1820400
2004-01-13,15.205737113952637,17.266666412353516,17.5,17.183332443237305,17.366666793823242,1278300
2004-01-14,15.264452934265137,17.333332061767578,17.3799991607666,17.100000381469727,17.253332138061523,1089600
2004-01-15,15.255651473999023,17.323333740234375,17.5,17.219999313354492,17.299999237060547,1419900
2004-01-16,15.296748161315918,17.3700008392334,17.393333435058594,17.24333381652832,17.350000381469727,1266900
2004-01-20,15.340776443481444,17.420000076293945,17.440000534057617,17.219999313354492,17.333332061767578,1005000
2004-01-21,15.443516731262209,17.536666870117188,17.579999923706055,17.299999237060547,17.333332061767578,715500
2004-01-22,15.449393272399902,17.543333053588867,17.6200008392334,17.399999618530273,17.616666793823242,1018200
2004-01-23,15.373069763183594,17.456666946411133,17.600000381469727,17.406667709350586,17.5,1027800
2004-01-26,15.613775253295898,17.729999542236328,17.74333381652832,17.389999389648438,17.433332443237305,925800
2004-01-27,15.52865219116211,17.633333206176758,17.766666412353516,17.523332595825195,17.76333236694336,873600
2004-01-28,15.731194496154783,17.863332748413086,18.17333221435547,17.683332443237305,17.683332443237305,1560000
2004-01-29,15.778168678283691,17.916667938232422,17.983333587646484,17.700000762939453,17.933332443237305,980700
2004-01-30,15.751745223999023,17.886667251586914,17.956666946411133,17.733333587646484,17.850000381469727,939900
2004-02-02,16.021808624267578,18.19333267211914,18.299999237060547,17.906667709350586,17.906667709350586,929400
2004-02-03,15.99538516998291,18.163333892822266,18.21999931335449,18.07333374023437,18.166667938232425,711300
2004-02-04,15.766419410705566,17.90333366394043,18.11000061035156,17.883333206176758,18.100000381469727,1492500
2004-02-05,15.778168678283691,17.916667938232422,17.933332443237305,17.73666763305664,17.89666748046875,1013100
2004-02-06,16.127487182617188,18.31333351135254,18.33333206176757,17.940000534057617,17.940000534057617,1017000
2004-02-09,16.312421798706055,18.523332595825195,18.59666633605957,18.290000915527344,18.31666755676269,1092000
2004-02-10,16.309490203857422,18.520000457763672,18.62333297729492,18.416667938232425,18.523332595825195,898500
2004-02-11,16.805580139160156,19.08333206176757,19.1200008392334,18.350000381469727,18.450000762939453,1965900
2004-02-12,17.380924224853516,19.73666763305664,20.15999984741211,19.226667404174805,19.25,2942700
2004-02-13,17.219482421875,19.553333282470703,19.683332443237305,19.38666725158692,19.683332443237305,1107900
2004-02-17,17.568805694580078,19.950000762939453,19.989999771118164,19.523332595825195,19.58333206176757,1025100
2004-02-18,17.58641815185547,19.96999931335449,20.07999992370605,19.81666755676269,19.983333587646484,1219200
2004-02-19,17.539445877075195,19.916667938232425,20.020000457763672,19.88999938964844,19.950000762939453,1265400
2004-02-20,17.530649185180664,19.906667709350582,19.96666717529297,19.81999969482422,19.916667938232425,1533300
2004-02-23,17.436704635620117,19.799999237060547,19.916667938232425,19.75,19.89999961853028,933900
2004-02-24,17.366256713867188,19.71999931335449,19.86666679382324,19.58333206176757,19.803333282470703,1410900
2004-02-25,17.363319396972656,19.71666717529297,19.796667098999023,19.666667938232425,19.76666641235352,946500
2004-02-26,17.422178268432617,19.733333587646484,19.799999237060547,19.67333221435547,19.76666641235352,999600
2004-02-27,17.742952346801758,20.09666633605957,20.1433334350586,19.72333335876465,19.76666641235352,2041500
2004-03-01,18.1137638092041,20.51666641235352,20.53333282470703,20.13666725158692,20.21666717529297,1735200
2004-03-02,18.228546142578125,20.64666748046875,20.656667709350582,20.3933334350586,20.483333587646484,1496100
2004-03-03,18.38452339172364,20.82333374023437,20.82333374023437,20.58333206176757,20.64666748046875,1303500
2004-03-04,18.478694915771484,20.93000030517578,20.93000030517578,20.733333587646484,20.82333374023437,1211100
2004-03-05,18.463977813720703,20.913333892822266,21.06666755676269,20.700000762939453,20.700000762939453,1024800
2004-03-08,18.52873039245605,20.98666763305664,21.0,20.90999984741211,20.933332443237305,1127700
2004-03-09,18.360979080200195,20.796667098999023,20.96666717529297,20.729999542236328,20.96666717529297,1043400
2004-03-10,18.019590377807617,20.40999984741211,20.799999237060547,20.36666679382324,20.799999237060547,866100
2004-03-11,17.651721954345703,19.99333381652832,20.3700008392334,19.920000076293945,20.36666679382324,1218300
2004-03-12,17.954849243164062,20.33666610717773,20.37666702270508,19.99666786193848,20.03333282470703,1617000
2004-03-15,17.7076358795166,20.05666732788086,20.33333206176757,20.036666870117188,20.299999237060547,1471500
2004-03-16,17.725305557250977,20.07666778564453,20.14999961853028,19.950000762939453,20.08333206176757,1043700
2004-03-17,17.7871036529541,20.14666748046875,20.23666763305664,19.86666679382324,19.86666679382324,1331700
2004-03-18,17.92247772216797,20.299999237060547,20.36000061035156,20.049999237060547,20.11666679382324,1049700
2004-03-19,17.628189086914062,19.96666717529297,20.31333351135254,19.96666717529297,20.200000762939453,984000
2004-03-22,17.351551055908203,19.65333366394043,19.96999931335449,19.523332595825195,19.96999931335449,1789200
2004-03-23,17.20146369934082,19.483333587646484,19.666667938232425,19.450000762939453,19.600000381469727,1513500
2004-03-24,17.039594650268555,19.299999237060547,19.57666778564453,19.26666641235352,19.51666641235352,1610400
2004-03-25,17.23678970336914,19.523332595825195,19.59333229064941,19.286666870117188,19.36666679382324,1058100
2004-03-26,17.092561721801758,19.36000061035156,19.58333206176757,19.350000381469727,19.350000381469727,1364700
2004-03-29,17.31916618347168,19.61666679382324,19.65999984741211,19.37333297729492,19.37666702270508,822600
2004-03-30,17.348609924316406,19.64999961853028,19.68666648864746,19.53333282470703,19.58333206176757,973800
2004-03-31,17.38097381591797,19.68666648864746,19.786666870117188,19.543333053588867,19.64999961853028,1132500
2004-04-01,17.50458335876465,19.82666778564453,19.946666717529297,19.58333206176757,19.58333206176757,1403400
2004-04-02,17.751785278320312,20.106666564941406,20.13333320617676,19.8799991607666,19.99666786193848,1129200
2004-04-05,17.943082809448242,20.32333374023437,20.34666633605957,20.07333374023437,20.106666564941406,1111200
2004-04-06,17.722360610961914,20.07333374023437,20.32333374023437,20.046667098999023,20.32333374023437,1233300
2004-04-07,17.725305557250977,20.07666778564453,20.183332443237305,19.946666717529297,20.07666778564453,1176900
2004-04-08,17.68705177307129,20.03333282470703,20.24666786193848,19.979999542236328,20.100000381469727,1061400
2004-04-12,17.848907470703125,20.21666717529297,20.31666755676269,20.0,20.0,951300
2004-04-13,17.657608032226562,20.0,20.32666778564453,19.913333892822266,20.28333282470703,1096500
2004-04-14,17.710586547851562,20.059999465942383,20.11666679382324,19.90999984741211,19.96666717529297,1323000
2004-04-15,17.68998146057129,20.036666870117188,20.18666648864746,19.920000076293945,20.059999465942383,1529400
2004-04-16,17.801816940307617,20.163333892822266,20.183332443237305,19.96999931335449,20.166667938232425,1546200
2004-04-19,17.79887580871582,20.15999984741211,20.183332443237305,19.94333267211914,20.100000381469727,748800
2004-04-20,17.637008666992188,19.976667404174805,20.200000762939453,19.950000762939453,20.13333320617676,1263300
2004-04-21,17.619352340698242,19.956666946411133,20.06333351135254,19.706666946411133,20.03333282470703,1200600
2004-04-22,17.957796096801758,20.34000015258789,20.450000762939453,19.81666755676269,19.916667938232425,1468500
2004-04-23,17.672327041625977,20.01666641235352,20.26000022888184,19.99333381652832,20.26000022888184,1122000
2004-04-26,17.392745971679688,19.700000762939453,20.040000915527344,19.600000381469727,19.989999771118164,1404300
2004-04-27,17.389801025390625,19.696666717529297,19.82666778564453,19.58333206176757,19.69333267211914,1706700
2004-04-28,17.116117477416992,19.38666725158692,19.58666610717773,19.270000457763672,19.53333282470703,1676400
2004-04-29,17.18675422668457,19.46666717529297,19.850000381469727,19.406667709350582,19.49333381652832,2059500
2004-04-30,17.07197380065918,19.33666610717773,19.51333236694336,19.273332595825195,19.48666763305664,1769400
2004-05-03,17.098461151123047,19.36666679382324,19.39999961853028,19.200000762939453,19.33666610717773,1678200
2004-05-04,16.986616134643555,19.239999771118164,19.433332443237305,19.13333320617676,19.33333206176757,1467600
2004-05-05,16.977792739868164,19.229999542236328,19.32999992370605,19.190000534057617,19.206666946411133,1435200
2004-05-06,16.880674362182617,19.1200008392334,19.21666717529297,19.03333282470703,19.200000762939453,1245900
2004-05-07,16.65113067626953,18.86000061035156,19.24666786193848,18.86000061035156,19.08333206176757,1417500
2004-05-10,16.745304107666016,18.96666717529297,19.09666633605957,18.68000030517578,18.86000061035156,1710000
2004-05-11,16.762968063354492,18.98666763305664,19.100000381469727,18.920000076293945,18.96666717529297,1212000
2004-05-12,16.745304107666016,18.96666717529297,19.01666641235352,18.483333587646484,19.0,3204000
2004-05-13,17.1396541595459,19.413333892822266,19.503332138061523,18.94333267211914,18.96999931335449,2361600
2004-05-14,17.448667526245117,19.76333236694336,19.86666679382324,19.43666648864746,19.43666648864746,2144700
2004-05-17,17.23089027404785,19.51666641235352,19.670000076293945,19.416667938232425,19.64999961853028,1559700
2004-05-18,17.14849090576172,19.42333221435547,19.733333587646484,19.36666679382324,19.57333374023437,1596000
2004-05-19,17.154373168945312,19.43000030517578,19.76333236694336,19.36000061035156,19.503332138061523,1090200
2004-05-20,17.17202377319336,19.450000762939453,19.53333282470703,19.34333229064941,19.43000030517578,1148700
2004-05-21,17.160263061523438,19.43666648864746,19.64666748046875,19.38666725158692,19.52666664123535,943800
2004-05-24,16.59815788269043,18.799999237060547,19.503332138061523,18.796667098999023,19.44333267211914,3324000
2004-05-25,16.695276260375977,18.90999984741211,18.99666786193848,18.76666641235352,18.82999992370605,3210300
2004-05-26,16.84536361694336,19.07999992370605,19.18666648864746,18.88666725158692,18.926666259765625,1496700
2004-05-27,16.90143394470215,19.09333229064941,19.21333312988281,19.03333282470703,19.036666870117188,1506000
2004-05-28,17.004695892333984,19.209999084472656,19.209999084472656,19.01666641235352,19.12333297729492,1086000
2004-06-01,17.287967681884766,19.530000686645508,19.549999237060547,19.183332443237305,19.183332443237305,1818600
2004-06-02,17.515169143676758,19.786666870117188,19.87333297729492,19.58666610717773,19.606666564941406,1376700
2004-06-03,17.46205711364746,19.726667404174805,19.796667098999023,19.600000381469727,19.739999771118164,771300
2004-06-04,17.414844512939453,19.67333221435547,19.850000381469727,19.61333274841309,19.76666641235352,821100
2004-06-07,17.60958480834961,19.8933334350586,19.906667709350582,19.690000534057617,19.75,1545600
2004-06-08,17.53287124633789,19.80666732788086,19.87666702270508,19.663333892822266,19.82999992370605,1618200
2004-06-09,17.21714210510254,19.450000762939453,19.793333053588867,19.42333221435547,19.76666641235352,1363200
2004-06-10,17.158138275146484,19.38333320617676,19.5,19.28333282470703,19.446666717529297,2016000
2004-06-14,17.099117279052734,19.31666755676269,19.47333335876465,19.253332138061523,19.38333320617676,1130400
2004-06-15,17.246658325195312,19.483333587646484,19.63333320617676,19.39999961853028,19.433332443237305,1631400
2004-06-16,17.143388748168945,19.36666679382324,19.51666641235352,19.35333251953125,19.5,706800
2004-06-17,17.131582260131836,19.35333251953125,19.39666748046875,19.229999542236328,19.33333206176757,1248900
2004-06-18,17.152233123779297,19.37666702270508,19.549999237060547,19.233333587646484,19.233333587646484,1356000
2004-06-21,17.128631591796875,19.350000381469727,19.5,19.34000015258789,19.34333229064941,1037100
2004-06-22,17.438440322875977,19.700000762939453,19.74666786193848,19.36000061035156,19.37666702270508,1043100
2004-06-23,17.414844512939453,19.67333221435547,19.77666664123535,19.549999237060547,19.703332901000977,915000
2004-06-24,17.594837188720703,19.87666702270508,19.983333587646484,19.68000030517578,19.74666786193848,1416300
2004-06-25,17.718761444091797,20.01666641235352,20.01666641235352,19.799999237060547,19.933332443237305,2651100
2004-06-28,17.742368698120117,20.043333053588867,20.37666702270508,20.00666618347168,20.14999961853028,2415000
2004-06-29,17.647951126098633,19.93666648864746,20.196666717529297,19.93666648864746,20.09333229064941,987000
2004-06-30,17.69220733642578,19.98666763305664,20.07666778564453,19.850000381469727,20.0,1175700
2004-07-01,17.565330505371094,19.84333229064941,20.053333282470703,19.78333282470703,20.003332138061523,1062000
2004-07-02,17.585968017578125,19.86666679382324,19.983333587646484,19.80666732788086,19.86666679382324,708600
2004-07-06,17.521060943603516,19.793333053588867,19.8799991607666,19.72333335876465,19.733333587646484,661800
2004-07-07,17.364667892456055,19.61666679382324,19.796667098999023,19.58666610717773,19.709999084472656,1073100
2004-07-08,17.258466720581055,19.49666786193848,19.63333320617676,19.413333892822266,19.6200008392334,894900
2004-07-09,17.190589904785156,19.420000076293945,19.53333282470703,19.36000061035156,19.53333282470703,770100
2004-07-12,17.41188621520996,19.670000076293945,19.80666732788086,19.46666717529297,19.46666717529297,1229100
2004-07-13,17.146329879760742,19.3700008392334,19.67333221435547,19.33333206176757,19.63999938964844,1117800
2004-07-14,17.054859161376953,19.26666641235352,19.37333297729492,19.196666717529297,19.37333297729492,788100
2004-07-15,16.871917724609375,19.059999465942383,19.299999237060547,19.059999465942383,19.299999237060547,847800
2004-07-16,16.854215621948242,19.040000915527344,19.33333206176757,19.003332138061523,19.33333206176757,932400
2004-07-19,16.86307144165039,19.049999237060547,19.23666763305664,19.003332138061523,19.08333206176757,854400
2004-07-20,16.750944137573242,18.92333221435547,19.106666564941406,18.83333206176757,19.100000381469727,796200
2004-07-21,16.485387802124023,18.62333297729492,19.0,18.62333297729492,18.96666717529297,911700
2004-07-22,16.205066680908203,18.30666732788086,18.62333297729492,18.100000381469727,18.606666564941406,1246500
2004-07-23,16.075239181518555,18.15999984741211,18.350000381469727,18.1299991607666,18.33333206176757,1196700
2004-07-26,16.146055221557617,18.239999771118164,18.33333206176757,18.11666679382324,18.226667404174805,907200
2004-07-27,16.175561904907227,18.273332595825195,18.38333320617676,18.233333587646484,18.233333587646484,849000
2004-07-28,15.9926118850708,18.06666755676269,18.32333374023437,18.003332138061523,18.25,1262100
2004-07-29,16.517841339111328,18.65999984741211,18.75,18.166667938232425,18.233333587646484,2025600
2004-07-30,16.70963478088379,18.87666702270508,18.940000534057617,18.63333320617676,18.700000762939453,1084500
2004-08-02,16.68899154663086,18.85333251953125,18.90999984741211,18.67333221435547,18.86666679382324,888900
2004-08-03,16.6860294342041,18.850000381469727,18.946666717529297,18.78333282470703,18.86666679382324,933300
2004-08-04,16.60045623779297,18.753332138061523,18.89999961853028,18.68666648864746,18.799999237060547,816300
2004-08-05,16.246376037597656,18.35333251953125,18.71666717529297,18.286666870117188,18.700000762939453,1182900
2004-08-06,15.939499855041504,18.00666618347168,18.309999465942383,17.94333267211914,18.299999237060547,1056900
2004-08-09,15.98671531677246,18.059999465942383,18.1299991607666,17.959999084472656,18.01666641235352,811800
2004-08-10,16.11065673828125,18.200000762939453,18.22333335876465,18.11333274841309,18.11666679382324,837600
2004-08-11,16.122447967529297,18.21333312988281,18.239999771118164,18.040000915527344,18.18000030517578,569100
2004-08-12,15.933603286743164,18.0,18.21666717529297,17.969999313354492,18.14999961853028,589800
2004-08-13,15.821483612060549,17.873332977294922,18.05666732788086,17.78333282470703,18.01666641235352,1192800
2004-08-16,16.219831466674805,18.32333374023437,18.35333251953125,17.80666732788086,17.873332977294922,805500
2004-08-17,16.326051712036133,18.44333267211914,18.546667098999023,18.32666778564453,18.32666778564453,923700
2004-08-18,16.488338470458984,18.62666702270508,18.62666702270508,18.40333366394043,18.44333267211914,778500
2004-08-19,16.52373695373535,18.666667938232425,18.683332443237305,18.546667098999023,18.56666755676269,520800
2004-08-20,16.70077896118164,18.86666679382324,18.86666679382324,18.63666725158692,18.696666717529297,554700
2004-08-23,16.550294876098633,18.696666717529297,18.96666717529297,18.65999984741211,18.87666702270508,670200
2004-08-24,16.508989334106445,18.64999961853028,18.78333282470703,18.606666564941406,18.733333587646484,760800
2004-08-25,16.641769409179688,18.799999237060547,18.81333351135254,18.59333229064941,18.666667938232425,589500
2004-08-26,16.609304428100586,18.76333236694336,18.77666664123535,18.65333366394043,18.74333381652832,527700
2004-08-27,16.573890686035156,18.72333335876465,18.82999992370605,18.700000762939453,18.78333282470703,699900
2004-08-30,16.529516220092773,18.62333297729492,18.65999984741211,18.43666648864746,18.63333320617676,1051500
2004-08-31,16.804664611816406,18.933332443237305,18.933332443237305,18.666667938232425,18.666667938232425,1169100
2004-09-01,16.698156356811523,18.81333351135254,19.0,18.700000762939453,19.0,1014000
2004-09-02,16.955556869506836,19.10333251953125,19.12666702270508,18.75,18.86000061035156,524700
2004-09-03,16.955556869506836,19.10333251953125,19.229999542236328,19.049999237060547,19.13333320617676,870300
2004-09-07,17.3313045501709,19.52666664123535,19.53333282470703,19.14999961853028,19.14999961853028,1139100
2004-09-08,17.168569564819336,19.34333229064941,19.536666870117188,19.33333206176757,19.52666664123535,900600
2004-09-09,17.233659744262695,19.416667938232425,19.49333381652832,19.28333282470703,19.38333320617676,1088400
2004-09-10,17.313539505004883,19.50666618347168,19.51666641235352,19.293333053588867,19.38333320617676,873900
2004-09-13,17.366798400878906,19.56666755676269,19.666667938232425,19.433332443237305,19.46999931335449,987600
2004-09-14,17.532480239868164,19.753332138061523,19.799999237060547,19.61666679382324,19.63333320617676,1116000
2004-09-15,17.476266860961914,19.690000534057617,19.983333587646484,19.64666748046875,19.89999961853028,1363500
2004-09-16,17.4940128326416,19.709999084472656,19.81666755676269,19.63333320617676,19.733333587646484,1246200
2004-09-17,17.6064395904541,19.83666610717773,19.976667404174805,19.799999237060547,19.850000381469727,1245900
2004-09-20,17.47922706604004,19.69333267211914,19.83666610717773,19.67333221435547,19.83666610717773,1003800
2004-09-21,17.562061309814453,19.786666870117188,19.81999969482422,19.61666679382324,19.696666717529297,1045500
2004-09-22,17.3815860748291,19.58333206176757,19.74333381652832,19.46666717529297,19.733333587646484,1069500
2004-09-23,17.260290145874023,19.446666717529297,19.64999961853028,19.440000534057617,19.63333320617676,1017600
2004-09-24,17.26325798034668,19.450000762939453,19.546667098999023,19.38333320617676,19.413333892822266,973800
2004-09-27,17.121246337890625,19.290000915527344,19.456666946411133,19.23666763305664,19.450000762939453,897600
2004-09-28,17.289873123168945,19.479999542236328,19.51333236694336,19.33333206176757,19.33333206176757,917400
2004-09-29,17.30467414855957,19.49666786193848,19.5,19.35333251953125,19.5,737700
2004-09-30,17.307628631591797,19.5,19.56666755676269,19.37666702270508,19.51666641235352,1980300
2004-10-01,17.3815860748291,19.58333206176757,19.88666725158692,19.446666717529297,19.58333206176757,1890300
2004-10-04,17.573898315429688,19.799999237060547,19.82999992370605,19.63333320617676,19.666667938232425,2182800
2004-10-05,17.461471557617188,19.67333221435547,19.84666633605957,19.663333892822266,19.84000015258789,1410300
2004-10-06,17.529512405395508,19.75,19.84666633605957,19.62666702270508,19.74666786193848,1232700
2004-10-07,17.272125244140625,19.459999084472656,19.799999237060547,19.446666717529297,19.799999237060547,1647900
2004-10-08,17.32833480834961,19.523332595825195,19.62333297729492,19.459999084472656,19.53333282470703,1737300
2004-10-11,17.4940128326416,19.709999084472656,19.76333236694336,19.549999237060547,19.600000381469727,1854300
2004-10-12,17.437803268432617,19.64666748046875,19.74333381652832,19.60333251953125,19.709999084472656,1289700
2004-10-13,17.227746963500977,19.40999984741211,19.676666259765625,19.39666748046875,19.663333892822266,936900
2004-10-14,16.928924560546875,19.07333374023437,19.51666641235352,19.01000022888184,19.350000381469727,1756500
2004-10-15,16.81946563720703,18.950000762939453,19.100000381469727,18.68000030517578,19.100000381469727,1999200
2004-10-18,16.949636459350586,19.09666633605957,19.166667938232425,18.786666870117188,18.89999961853028,1047600
2004-10-19,16.529516220092773,18.62333297729492,19.1299991607666,18.600000381469727,19.100000381469727,1632600
2004-10-20,16.801721572875977,18.93000030517578,18.953332901000977,18.51333236694336,18.58333206176757,1622700
2004-10-21,16.887510299682617,19.02666664123535,19.06333351135254,18.733333587646484,18.83666610717773,1263900
2004-10-22,16.81946563720703,18.950000762939453,19.253332138061523,18.950000762939453,19.100000381469727,1332000
2004-10-25,16.949636459350586,19.09666633605957,19.203332901000977,18.86666679382324,19.03333282470703,1089000
2004-10-26,17.523605346679688,19.74333381652832,19.74333381652832,19.21666717529297,19.233333587646484,1505700
2004-10-27,17.597570419311523,19.82666778564453,19.88666725158692,19.38333320617676,19.666667938232425,1267200
2004-10-28,17.60053062438965,19.82999992370605,19.86000061035156,19.59666633605957,19.709999084472656,690600
2004-10-29,17.721818923950195,19.96666717529297,19.96666717529297,19.709999084472656,19.82999992370605,738900
2004-11-01,17.739582061767578,19.98666763305664,20.036666870117188,19.916667938232425,20.0,947100
2004-11-02,18.20408058166504,20.51000022888184,20.53333282470703,19.983333587646484,20.059999465942383,1774500
2004-11-03,18.37862777709961,20.706666946411133,20.76666641235352,20.559999465942383,20.6299991607666,1315500
2004-11-04,18.81352996826172,21.196666717529297,21.24666786193848,20.68666648864746,20.739999771118164,1584000
2004-11-05,18.79579162597656,21.176666259765625,21.25,21.003332138061523,21.21333312988281,933000
2004-11-08,18.8697509765625,21.26000022888184,21.43000030517578,21.196666717529297,21.21666717529297,1005000
2004-11-09,18.899343490600582,21.293333053588867,21.37333297729492,21.13999938964844,21.32666778564453,1196400
2004-11-10,19.215904235839844,21.64999961853028,21.709999084472656,21.36666679382324,21.39999961853028,1862400
2004-11-11,19.40229606628418,21.86000061035156,21.920000076293945,21.666667938232425,21.733333587646484,1429800
2004-11-12,19.360876083374023,21.81333351135254,21.926666259765625,21.690000534057617,21.916667938232425,1196100
2004-11-15,19.4851303100586,21.953332901000977,22.01666641235352,21.793333053588867,21.81333351135254,1000500
2004-11-16,19.4851303100586,21.953332901000977,22.03333282470703,21.87666702270508,21.956666946411133,1657200
2004-11-17,19.67152404785156,22.163333892822266,22.5,21.953332901000977,21.953332901000977,1720500
2004-11-18,19.82537078857422,22.33666610717773,22.479999542236328,22.13666725158692,22.299999237060547,1819800
2004-11-19,19.712940216064453,22.209999084472656,22.433332443237305,22.06333351135254,22.416667938232425,1183200
2004-11-22,20.044301986694336,22.58333206176757,22.65999984741211,22.28333282470703,22.293333053588867,1576800
2004-11-23,20.17743682861328,22.733333587646484,22.753332138061523,22.34000015258789,22.65999984741211,1829100
2004-11-24,20.26323699951172,22.82999992370605,23.08333206176757,22.799999237060547,22.799999237060547,870600
2004-11-26,20.280990600585938,22.850000381469727,22.96666717529297,22.82666778564453,22.82666778564453,313200
2004-11-29,20.42330741882324,22.959999084472656,23.06999969482422,22.799999237060547,22.88333320617676,1302600
2004-11-30,20.728721618652344,23.303333282470703,23.32999992370605,22.86000061035156,22.916667938232425,1881900
2004-12-01,20.95702171325684,23.559999465942383,23.62333297729492,23.290000915527344,23.33333206176757,1726500
2004-12-02,20.983705520629883,23.59000015258789,23.670000076293945,23.450000762939453,23.49333381652832,1405500
2004-12-03,20.811744689941406,23.39666748046875,23.59333229064941,23.34333229064941,23.50666618347168,1754700
2004-12-06,20.74946594238281,23.32666778564453,23.350000381469727,23.100000381469727,23.33333206176757,1352400
2004-12-07,20.853248596191406,23.44333267211914,23.606666564941406,23.296667098999023,23.39999961853028,1496700
2004-12-08,20.82952308654785,23.416667938232425,23.57333374023437,23.40333366394043,23.5,2842500
2004-12-09,20.65458106994629,23.21999931335449,23.26666641235352,23.07999992370605,23.21666717529297,1266000
2004-12-10,20.58935737609864,23.14666748046875,23.200000762939453,23.08666610717773,23.166667938232425,1396500
2004-12-13,20.60714340209961,23.166667938232425,23.166667938232425,23.06999969482422,23.15333366394043,1821900
2004-12-14,20.577497482299805,23.13333320617676,23.190000534057617,23.06666755676269,23.183332443237305,2197200
2004-12-15,20.56266593933105,23.11666679382324,23.163333892822266,23.036666870117188,23.13999938964844,1947600
2004-12-16,20.577497482299805,23.13333320617676,23.13333320617676,22.953332901000977,23.12666702270508,2070300
2004-12-17,20.488544464111328,23.03333282470703,23.13333320617676,22.946666717529297,23.13333320617676,2256900
2004-12-20,20.420333862304688,22.956666946411133,23.11666679382324,22.87333297729492,23.06666755676269,1396800
2004-12-21,20.5270938873291,23.07666778564453,23.11000061035156,22.950000762939453,22.983333587646484,1072500
2004-12-22,20.63678932189941,23.200000762939453,23.299999237060547,23.11666679382324,23.11666679382324,1711500
2004-12-23,20.666444778442383,23.233333587646484,23.299999237060547,23.19333267211914,23.203332901000977,736500
2004-12-27,20.619001388549805,23.18000030517578,23.280000686645508,23.100000381469727,23.26333236694336,856200
2004-12-28,20.75243759155273,23.32999992370605,23.36666679382324,23.200000762939453,23.200000762939453,966600
2004-12-29,20.853248596191406,23.44333267211914,23.489999771118164,23.26666641235352,23.31666755676269,892800
2004-12-30,20.94219398498535,23.543333053588867,23.56999969482422,23.32666778564453,23.446666717529297,743700
2004-12-31,20.8443546295166,23.433332443237305,23.6299991607666,23.420000076293945,23.56666755676269,575100
2005-01-03,20.59232711791992,23.14999961853028,23.5,22.99333381652832,23.433332443237305,1509900
2005-01-04,20.58638381958008,23.1433334350586,23.33333206176757,22.920000076293945,23.33333206176757,1172700
2005-01-05,20.62196159362793,23.183332443237305,23.296667098999023,23.13999938964844,23.1433334350586,1777500
2005-01-06,20.666444778442383,23.233333587646484,23.32999992370605,23.100000381469727,23.183332443237305,1080000
2005-01-07,20.598249435424805,23.156667709350582,23.26666641235352,23.05666732788086,23.26666641235352,1073700
2005-01-10,20.473722457885746,23.01666641235352,23.15333366394043,22.93000030517578,23.13333320617676,1620300
2005-01-11,20.27802848815918,22.796667098999023,22.953332901000977,22.696666717529297,22.950000762939453,1022100
2005-01-12,20.295818328857425,22.81666755676269,22.87333297729492,22.503332138061523,22.76666641235352,1061100
2005-01-13,20.15645408630371,22.65999984741211,22.913333892822266,22.6200008392334,22.799999237060547,1016100
2005-01-14,20.577497482299805,23.13333320617676,23.1433334350586,22.663333892822266,22.81666755676269,1060500
2005-01-18,21.14084815979004,23.76666641235352,23.81333351135254,23.13666725158692,23.13666725158692,2243400
2005-01-19,20.912540435791016,23.51000022888184,23.856666564941406,23.51000022888184,23.799999237060547,1010700
2005-01-20,20.420333862304688,22.956666946411133,23.33333206176757,22.956666946411133,23.33333206176757,1564200
2005-01-21,20.248374938964844,22.76333236694336,23.023332595825195,22.76333236694336,22.89999961853028,1058400
2005-01-24,20.473722457885746,23.01666641235352,23.25666618347168,22.83333206176757,22.83333206176757,1023900
2005-01-25,20.195003509521484,22.703332901000977,23.09000015258789,22.68666648864746,23.08333206176757,798900
2005-01-26,20.31361198425293,22.83666610717773,22.950000762939453,22.56666755676269,22.56666755676269,899100
2005-01-27,20.120880126953125,22.6200008392334,22.8799991607666,22.57333374023437,22.78333282470703,930600
2005-01-28,19.98151969909668,22.46333312988281,22.6200008392334,22.350000381469727,22.6200008392334,825000
2005-01-31,20.16239547729492,22.666667938232425,22.74666786193848,22.57666778564453,22.666667938232425,929100
2005-02-01,20.24540328979492,22.76000022888184,22.799999237060547,22.55666732788086,22.6433334350586,1552800
2005-02-02,20.69609832763672,23.26666641235352,23.31666755676269,22.75,22.75,1222800
2005-02-03,20.458892822265625,23.0,23.1433334350586,22.84333229064941,23.100000381469727,943200
2005-02-04,20.99260902404785,23.600000381469727,23.926666259765625,23.06333351135254,23.08333206176757,2766900
2005-02-07,20.87399673461914,23.46666717529297,23.700000762939453,23.416667938232425,23.700000762939453,886500
2005-02-08,20.90365219116211,23.5,23.51000022888184,23.36333274841309,23.433332443237305,1043400
2005-02-09,20.68424415588379,23.253332138061523,23.600000381469727,23.1433334350586,23.49666786193848,942900
2005-02-10,21.20015525817871,23.83333206176757,23.913333892822266,23.413333892822266,23.666667938232425,1892700
2005-02-11,21.271318435668945,23.913333892822266,24.08333206176757,23.786666870117188,23.89999961853028,1728600
2005-02-14,21.28911018371582,23.933332443237305,24.06999969482422,23.87333297729492,23.97333335876465,1342200
2005-02-15,21.98590087890625,24.71666717529297,24.86666679382324,24.06666755676269,24.06666755676269,2060100
2005-02-16,21.4788761138916,24.14666748046875,24.726667404174805,24.14666748046875,24.71666717529297,1859700
2005-02-17,21.40771484375,24.06666755676269,24.446666717529297,24.049999237060547,24.183332443237305,2241900
2005-02-18,21.3572998046875,24.01000022888184,24.3700008392334,23.920000076293945,24.183332443237305,1716300
2005-02-22,20.93627166748047,23.536666870117188,24.09000015258789,23.536666870117188,24.01333236694336,1727100
2005-02-23,21.031145095825195,23.6433334350586,23.76000022888184,23.530000686645508,23.6200008392334,2166900
2005-02-24,21.378063201904297,24.03333282470703,24.1299991607666,23.67333221435547,23.726667404174805,3340500
2005-02-25,21.464223861694336,24.07999992370605,24.09000015258789,23.666667938232425,23.983333587646484,1857600
2005-02-28,21.17898750305176,23.76000022888184,24.163333892822266,23.61333274841309,24.14666748046875,1587600
2005-03-01,21.698945999145508,24.34333229064941,24.420000076293945,23.82999992370605,23.82999992370605,1961400
2005-03-02,21.7791805267334,24.433332443237305,24.503332138061523,24.31999969482422,24.34666633605957,1346400
2005-03-03,21.776206970214844,24.43000030517578,24.600000381469727,24.26666641235352,24.51666641235352,2118300
2005-03-04,21.94853973388672,24.62333297729492,24.706666946411133,24.520000457763672,24.61666679382324,1615800
2005-03-07,21.90100479125977,24.56999969482422,24.739999771118164,24.51333236694336,24.700000762939453,1503600
2005-03-08,21.785125732421875,24.440000534057617,24.59666633605957,24.37333297729492,24.46666717529297,1427400
2005-03-09,21.838605880737305,24.5,24.683332443237305,24.30666732788086,24.31666755676269,1430400
2005-03-10,21.716781616210938,24.36333274841309,24.61333274841309,24.290000915527344,24.46666717529297,1153200
2005-03-11,21.333494186401367,23.933332443237305,24.44333267211914,23.88666725158692,24.44333267211914,1332000
2005-03-14,21.499887466430664,24.1200008392334,24.183332443237305,23.96999931335449,24.0,2271900
2005-03-15,21.73460960388184,24.38333320617676,24.489999771118164,24.34333229064941,24.433332443237305,2985000
2005-03-16,21.568220138549805,24.196666717529297,24.38333320617676,24.15333366394043,24.38333320617676,1999200
2005-03-17,21.437477111816406,24.049999237060547,24.233333587646484,24.049999237060547,24.233333587646484,3569400
2005-03-18,21.04232215881348,23.606666564941406,24.053333282470703,23.536666870117188,24.053333282470703,7623000
2005-03-21,21.110641479492188,23.683332443237305,23.753332138061523,23.61333274841309,23.666667938232425,2631900
2005-03-22,21.256237030029297,23.84666633605957,24.233333587646484,23.71333312988281,23.733333587646484,3072300
2005-03-23,21.41965675354004,24.030000686645508,24.11333274841309,23.85333251953125,23.86000061035156,2802900
2005-03-24,21.312686920166016,23.90999984741211,24.049999237060547,23.87333297729492,23.96666717529297,1488900
2005-03-28,21.294864654541016,23.88999938964844,24.11333274841309,23.8700008392334,23.90999984741211,1791900
2005-03-29,21.559301376342773,24.18666648864746,24.34333229064941,23.88999938964844,23.88999938964844,1867500
2005-03-30,21.80889320373535,24.46666717529297,24.479999542236328,24.14999961853028,24.28333282470703,1586400
2005-03-31,21.850486755371094,24.51333236694336,24.739999771118164,24.32666778564453,24.453332901000977,2462700
2005-04-01,21.67221450805664,24.31333351135254,24.733333587646484,24.1299991607666,24.59666633605957,1775400
2005-04-04,21.5801010131836,24.209999084472656,24.46666717529297,24.09666633605957,24.33666610717773,2135400
2005-04-05,21.651411056518555,24.290000915527344,24.36000061035156,24.17333221435547,24.270000457763672,1130700
2005-04-06,21.963403701782227,24.63999938964844,24.733333587646484,24.40333366394043,24.450000762939453,1074300
2005-04-07,21.91585159301757,24.58666610717773,24.726667404174805,24.53333282470703,24.63999938964844,939600
2005-04-08,21.79403305053711,24.450000762939453,24.676666259765625,24.43666648864746,24.670000076293945,1011000
2005-04-11,21.69599151611328,24.34000015258789,24.46666717529297,24.270000457763672,24.453332901000977,1386000
2005-04-12,22.03767967224121,24.72333335876465,24.73666763305664,24.290000915527344,24.299999237060547,2401800
2005-04-13,21.648447036743164,24.286666870117188,24.75,24.280000686645508,24.56666755676269,1499100
2005-04-14,21.324575424194336,23.92333221435547,24.26666641235352,23.8700008392334,24.21666717529297,1908600
2005-04-15,20.801633834838867,23.33666610717773,23.696666717529297,23.33666610717773,23.63333320617676,2436000
2005-04-18,20.682785034179688,23.203332901000977,23.32999992370605,22.979999542236328,23.299999237060547,1439700
2005-04-19,21.00963020324707,23.56999969482422,23.61333274841309,23.12666702270508,23.26000022888184,1317900
2005-04-20,20.63821792602539,23.15333366394043,23.916667938232425,23.15333366394043,23.540000915527344,1591200
2005-04-21,21.03339195251465,23.59666633605957,23.600000381469727,23.229999542236328,23.303333282470703,1405500
2005-04-22,20.78975296020508,23.32333374023437,23.93000030517578,23.100000381469727,23.59666633605957,1776600
2005-04-25,21.10173416137696,23.67333221435547,23.773332595825195,23.40333366394043,23.46666717529297,1163400
2005-04-26,20.78382110595703,23.31666755676269,23.799999237060547,23.31666755676269,23.74333381652832,1138500
2005-04-27,21.03933906555176,23.60333251953125,23.690000534057617,23.206666946411133,23.299999237060547,1167000
2005-04-28,20.751129150390625,23.280000686645508,23.540000915527344,23.253332138061523,23.520000457763672,1312500
2005-04-29,21.060136795043945,23.62666702270508,23.62666702270508,23.166667938232425,23.286666870117188,1533000
2005-05-02,21.28298759460449,23.87666702270508,23.976667404174805,23.59333229064941,23.709999084472656,1493700
2005-05-03,21.072021484375,23.63999938964844,24.0,23.420000076293945,24.0,2221800
2005-05-04,21.80889320373535,24.46666717529297,24.48666763305664,23.71666717529297,23.75,2145900
2005-05-05,21.74650001525879,24.39666748046875,24.57666778564453,24.290000915527344,24.450000762939453,1563600
2005-05-06,21.69004249572754,24.33333206176757,24.53333282470703,24.290000915527344,24.51666641235352,1535100
2005-05-09,21.651411056518555,24.290000915527344,24.459999084472656,24.07999992370605,24.209999084472656,1765200
2005-05-10,21.53256797790528,24.156667709350582,24.420000076293945,24.043333053588867,24.206666946411133,1258800
2005-05-11,21.767290115356445,24.420000076293945,24.456666946411133,24.166667938232425,24.299999237060547,1247100
2005-05-12,21.431543350219727,24.043333053588867,24.543333053588867,24.043333053588867,24.5,1851900
2005-05-13,21.2027587890625,23.786666870117188,24.15333366394043,23.58666610717773,24.13333320617676,1992000
2005-05-16,21.56525230407715,24.19333267211914,24.21333312988281,23.803333282470703,23.86666679382324,1566900
2005-05-17,21.612781524658203,24.24666786193848,24.31999969482422,23.989999771118164,24.11666679382324,1979700
2005-05-18,21.60090065002441,24.233333587646484,24.37666702270508,24.170000076293945,24.32999992370605,1719600
2005-05-19,21.62765121459961,24.26333236694336,24.30666732788086,24.12333297729492,24.293333053588867,1353600
2005-05-20,21.49393844604492,24.11333274841309,24.293333053588867,24.049999237060547,24.25,1324200
2005-05-23,21.57118797302246,24.200000762939453,24.26666641235352,24.13999938964844,24.183332443237305,1395900
2005-05-24,21.594959259033203,24.226667404174805,24.31333351135254,24.15999984741211,24.28333282470703,873900
2005-05-25,21.75541877746582,24.406667709350582,24.46333312988281,24.166667938232425,24.299999237060547,1343100
2005-05-26,22.034704208374023,24.71999931335449,24.796667098999023,24.37333297729492,24.489999771118164,1839000
2005-05-27,22.18058204650879,24.83333206176757,24.89999961853028,24.666667938232425,24.76333236694336,1159500
2005-05-31,22.418773651123047,25.100000381469727,25.18000030517578,24.73666763305664,24.790000915527344,1929600
2005-06-01,22.445556640625,25.1299991607666,25.21999931335449,24.906667709350582,24.96666717529297,1649100
2005-06-02,22.52594566345215,25.21999931335449,25.21999931335449,24.926666259765625,25.163333892822266,1105500
2005-06-03,22.3086166381836,24.976667404174805,25.07333374023437,24.87666702270508,25.05666732788086,1301700
2005-06-06,22.60932350158692,25.31333351135254,25.32999992370605,24.96999931335449,25.11666679382324,1071900
2005-06-07,22.588478088378903,25.290000915527344,25.413333892822266,25.26666641235352,25.33333206176757,1470900
2005-06-08,22.74626922607422,25.46666717529297,25.61666679382324,25.26333236694336,25.37666702270508,1357200
2005-06-09,23.02910804748535,25.78333282470703,25.790000915527344,25.413333892822266,25.483333587646484,1614600
2005-06-10,23.172014236450195,25.94333267211914,26.0,25.26666641235352,25.983333587646484,1966200
2005-06-13,23.189884185791016,25.96333312988281,26.170000076293945,25.780000686645508,25.8933334350586,1476900
2005-06-14,23.478679656982425,26.286666870117188,26.39666748046875,25.770000457763672,25.88999938964844,1574400
2005-06-15,23.61860466003418,26.44333267211914,26.459999084472656,26.13999938964844,26.33333206176757,1161300
2005-06-16,23.565017700195312,26.38333320617676,26.433332443237305,26.233333587646484,26.39999961853028,760200
2005-06-17,23.72875595092773,26.56666755676269,26.64999961853028,26.38333320617676,26.600000381469727,1936500
2005-06-20,23.666244506835938,26.49666786193848,26.543333053588867,26.286666870117188,26.51666641235352,948600
2005-06-21,23.502498626708984,26.31333351135254,26.49666786193848,26.233333587646484,26.49666786193848,1449000
2005-06-22,23.684097290039062,26.51666641235352,26.559999465942383,26.1433334350586,26.479999542236328,1368300
2005-06-23,23.50844383239746,26.31999969482422,26.76000022888184,26.31333351135254,26.51666641235352,1323300
2005-06-24,23.41019821166992,26.209999084472656,26.426666259765625,26.11666679382324,26.23666763305664,1269900
2005-06-27,23.43103790283203,26.233333587646484,26.39999961853028,26.13333320617676,26.166667938232425,1227300
2005-06-28,23.1481990814209,25.916667938232425,26.39666748046875,25.913333892822266,26.3933334350586,1798800
2005-06-29,23.15117645263672,25.920000076293945,25.98666763305664,25.82999992370605,25.92333221435547,1590300
2005-06-30,23.07375717163086,25.83333206176757,25.96666717529297,25.81666755676269,25.89999961853028,1905000
2005-07-01,23.0946102142334,25.856666564941406,25.8933334350586,25.65999984741211,25.733333587646484,1914300
2005-07-05,23.297061920166016,26.08333206176757,26.15999984741211,25.856666564941406,25.856666564941406,2029200
2005-07-06,23.294078826904297,26.07999992370605,26.166667938232425,25.93666648864746,26.14999961853028,1639800
2005-07-07,23.42508316040039,26.226667404174805,26.233333587646484,25.56666755676269,25.850000381469727,1941900
2005-07-08,23.32088088989257,26.11000061035156,26.226667404174805,25.913333892822266,26.226667404174805,1423500
2005-07-11,23.86571884155273,26.71999931335449,26.75,26.06666755676269,26.06666755676269,1590300
2005-07-12,24.02947235107422,26.90333366394043,26.90333366394043,26.61666679382324,26.75,1721100
2005-07-13,23.8359489440918,26.68666648864746,27.059999465942383,26.62666702270508,26.99333381652832,1240200
2005-07-14,23.782358169555664,26.62666702270508,26.94333267211914,26.46333312988281,26.700000762939453,1891800
2005-07-15,23.96098899841309,26.82666778564453,26.84000015258789,26.6299991607666,26.6299991607666,1282200
2005-07-18,23.895488739013672,26.753332138061523,26.920000076293945,26.700000762939453,26.90999984741211,1067400
2005-07-19,24.041378021240234,26.916667938232425,26.97333335876465,26.773332595825195,26.83666610717773,1300200
2005-07-20,24.25871467590332,27.15999984741211,27.190000534057617,26.799999237060547,26.920000076293945,1409400
2005-07-21,24.08901596069336,26.96999931335449,27.26333236694336,26.8700008392334,27.13333320617676,1229700
2005-07-22,24.711257934570312,27.666667938232425,27.670000076293945,27.053333282470703,27.06666755676269,2072400
2005-07-25,24.74103355407715,27.700000762939453,27.84000015258789,27.58666610717773,27.666667938232425,1956300
2005-07-26,24.854162216186523,27.82666778564453,27.8799991607666,27.64666748046875,27.8799991607666,1622100
2005-07-27,24.9732608795166,27.959999084472656,28.01000022888184,27.76666641235352,27.86000061035156,1985400
2005-07-28,25.086395263671875,28.08666610717773,28.08666610717773,27.803333282470703,28.06666755676269,1497300
2005-07-29,24.898828506469727,27.87666702270508,28.163333892822266,27.87666702270508,28.08666610717773,1430400
2005-08-01,24.96432304382324,27.950000762939453,28.07999992370605,27.75,27.799999237060547,2055300
2005-08-02,25.065553665161133,28.06333351135254,28.290000915527344,27.953332901000977,28.0,1641000
2005-08-03,25.07746696472168,28.07666778564453,28.163333892822266,27.983333587646484,28.06333351135254,963900
2005-08-04,24.952411651611328,27.93666648864746,28.09666633605957,27.920000076293945,28.06333351135254,827700
2005-08-05,24.845233917236328,27.81666755676269,27.92333221435547,27.73666763305664,27.90333366394043,1237200
2005-08-08,24.910734176635746,27.88999938964844,28.14666748046875,27.8700008392334,27.89999961853028,999900
2005-08-09,24.91668128967285,27.89666748046875,27.98666763305664,27.81666755676269,27.96666717529297,846600
2005-08-10,25.19952774047852,28.21333312988281,28.3799991607666,27.93666648864746,27.940000534057617,1817700
2005-08-11,25.48238182067871,28.530000686645508,28.530000686645508,28.170000076293945,28.24666786193848,972600
2005-08-12,25.410919189453125,28.450000762939453,28.60333251953125,28.30666732788086,28.530000686645508,978300
2005-08-15,25.49428367614746,28.543333053588867,28.59333229064941,28.32999992370605,28.453332901000977,1045200
2005-08-16,26.184999465942383,29.31666755676269,29.64666748046875,28.36666679382324,28.543333053588867,3777000
2005-08-17,25.7830753326416,28.86666679382324,29.666667938232425,28.86666679382324,29.459999084472656,2226000
2005-08-18,26.01530265808105,29.12666702270508,29.166667938232425,28.72333335876465,28.89999961853028,1445100
2005-08-19,25.961715698242188,29.06666755676269,29.233333587646484,28.94333267211914,29.233333587646484,926400
2005-08-22,26.16118621826172,29.290000915527344,29.549999237060547,29.07333374023437,29.07666778564453,1299600
2005-08-23,26.542274475097656,29.71666717529297,29.729999542236328,29.39999961853028,29.450000762939453,2058900
2005-08-24,26.49166488647461,29.65999984741211,30.020000457763672,29.63666725158692,29.72333335876465,1978500
2005-08-25,26.29813003540039,29.44333267211914,29.56999969482422,29.290000915527344,29.53333282470703,2171100
2005-08-26,26.080795288085938,29.200000762939453,29.479999542236328,29.200000762939453,29.44333267211914,1158900
2005-08-29,26.12843132019043,29.253332138061523,29.26666641235352,29.01333236694336,29.06999969482422,1502100
2005-08-30,25.904760360717773,28.953332901000977,29.206666946411133,28.850000381469727,29.206666946411133,1501200
2005-08-31,26.15229797363281,29.229999542236328,29.229999542236328,28.773332595825195,29.0,2020500
2005-09-01,26.08967018127441,29.15999984741211,29.17333221435547,28.88666725158692,29.17333221435547,1920000
2005-09-02,26.03002166748047,29.09333229064941,29.28333282470703,29.06666755676269,29.15999984741211,749400
2005-09-06,26.42369270324707,29.53333282470703,29.59000015258789,29.21666717529297,29.350000381469727,1062000
2005-09-07,26.540000915527344,29.663333892822266,29.663333892822266,29.34000015258789,29.53333282470703,1129500
2005-09-08,26.92473220825196,30.09333229064941,30.206666946411133,29.56999969482422,29.663333892822266,2301600
2005-09-09,27.93574333190918,31.22333335876465,31.32333374023437,30.163333892822266,30.176666259765625,3251400
2005-09-12,27.715051651000977,30.976667404174805,31.22333335876465,30.84666633605957,31.22333335876465,2711700
2005-09-13,27.31839179992676,30.53333282470703,30.81666755676269,30.489999771118164,30.81666755676269,1959300
2005-09-14,27.31839179992676,30.53333282470703,30.68000030517578,30.46666717529297,30.666667938232425,1812300
2005-09-15,27.709083557128903,30.96999931335449,30.99333381652832,30.446666717529297,30.666667938232425,3051300
2005-09-16,27.75680351257324,31.023332595825195,31.280000686645508,30.60333251953125,30.97333335876465,8217000
2005-09-19,27.476457595825195,30.709999084472656,31.049999237060547,30.57999992370605,31.049999237060547,2499900
2005-09-20,27.60768318176269,30.856666564941406,31.27666664123535,30.733333587646484,30.88333320617676,2990700
2005-09-21,27.109634399414062,30.299999237060547,30.86666679382324,30.176666259765625,30.856666564941406,1889700
2005-09-22,27.21103858947754,30.413333892822266,30.46999931335449,29.84333229064941,30.46666717529297,1725000
2005-09-23,26.96946144104004,30.1433334350586,30.38999938964844,30.053333282470703,30.36666679382324,1562400
2005-09-26,26.90981101989746,30.07666778564453,30.33333206176757,29.85333251953125,30.33333206176757,1867200
2005-09-27,27.13647079467773,30.32999992370605,30.38666725158692,29.81333351135254,30.12666702270508,2715900
2005-09-28,27.15138435363769,30.34666633605957,30.5,30.19333267211914,30.33333206176757,1605000
2005-09-29,27.4555778503418,30.68666648864746,30.78333282470703,30.299999237060547,30.31666755676269,1119300
2005-09-30,27.559965133666992,30.803333282470703,30.803333282470703,30.34000015258789,30.690000534057617,1442400
2005-10-03,27.595748901367188,30.84333229064941,30.89999961853028,30.503332138061523,30.803333282470703,1593000
2005-10-04,27.073854446411133,30.26000022888184,30.850000381469727,30.25,30.733333587646484,1954800
2005-10-05,27.05594825744629,30.239999771118164,30.670000076293945,30.18666648864746,30.39666748046875,1445700
2005-10-06,26.61754608154297,29.75,30.479999542236328,29.63666725158692,30.433332443237305,1671300
2005-10-07,27.04401588439941,30.226667404174805,30.226667404174805,29.59666633605957,29.733333587646484,1072800
2005-10-10,26.71297836303711,29.856666564941406,30.433332443237305,29.770000457763672,30.433332443237305,825900
2005-10-11,26.474390029907227,29.59000015258789,30.33333206176757,29.59000015258789,29.86666679382324,1497300
2005-10-12,26.28351783752441,29.37666702270508,29.983333587646484,29.27666664123535,29.59000015258789,1527900
2005-10-13,26.355091094970703,29.456666946411133,29.61333274841309,29.166667938232425,29.33333206176757,1793100
2005-10-14,26.3342227935791,29.433332443237305,29.57666778564453,29.28333282470703,29.479999542236328,1314900
2005-10-17,27.27067375183105,30.479999542236328,30.57999992370605,29.59000015258789,29.61666679382324,2898000
2005-10-18,26.805438995361328,29.959999084472656,30.61666679382324,29.83333206176757,30.600000381469727,1683900
2005-10-19,27.42874336242676,30.656667709350582,30.656667709350582,29.68000030517578,29.96333312988281,1489500
2005-10-20,26.50719451904297,29.62666702270508,30.78333282470703,29.600000381469727,30.683332443237305,1752300
2005-10-21,26.82332229614257,29.979999542236328,30.18000030517578,29.51000022888184,29.700000762939453,1598400
2005-10-24,27.41681289672852,30.6433334350586,30.683332443237305,30.14999961853028,30.166667938232425,1614600
2005-10-25,27.24384307861328,30.450000762939453,30.69333267211914,30.203332901000977,30.6433334350586,1666200
2005-10-26,27.041034698486328,30.22333335876465,30.82666778564453,30.21666717529297,30.450000762939453,1781700
2005-10-27,26.48333740234375,29.600000381469727,30.666667938232425,29.58333206176757,30.22333335876465,2251800
2005-10-28,27.06490898132324,30.25,30.25,29.78333282470703,29.78333282470703,2810400
2005-10-31,27.729955673217773,30.99333381652832,31.03333282470703,30.32333374023437,30.32333374023437,2463300
2005-11-01,28.159427642822266,31.47333335876465,31.63333320617676,30.906667709350582,30.96666717529297,2397900
2005-11-02,28.34432983398437,31.68000030517578,31.803333282470703,31.416667938232425,31.46666717529297,2690400
2005-11-03,28.3532772064209,31.690000534057617,31.93666648864746,31.543333053588867,31.78333282470703,1722900
2005-11-04,28.19223022460937,31.51000022888184,31.850000381469727,31.30666732788086,31.76666641235352,1374300
2005-11-07,28.216094970703125,31.536666870117188,31.75,31.3700008392334,31.75,1526400
2005-11-08,28.48450469970703,31.83666610717773,31.920000076293945,31.420000076293945,31.456666946411133,1709700
2005-11-09,28.47257423400879,31.82333374023437,32.150001525878906,31.53333282470703,31.666667938232425,1605000
2005-11-10,28.75290298461914,32.13666534423828,32.2400016784668,31.58333206176757,31.76666641235352,1192200
2005-11-11,28.738000869750977,32.119998931884766,32.220001220703125,31.920000076293945,32.220001220703125,1125600
2005-11-14,28.946765899658203,32.35333251953125,32.383331298828125,32.099998474121094,32.163333892822266,1125900
2005-11-15,29.009397506713867,32.42333221435547,32.76666641235352,32.28333282470703,32.383331298828125,1746900
2005-11-16,28.740976333618164,32.12333297729492,32.42333221435547,31.89666748046875,32.41666793823242,1394700
2005-11-17,29.149572372436523,32.58000183105469,32.58000183105469,32.12333297729492,32.16666793823242,1427400
2005-11-18,29.167457580566406,32.599998474121094,32.900001525878906,32.33000183105469,32.900001525878906,1350000
2005-11-21,29.14359474182129,32.573333740234375,32.66999816894531,32.400001525878906,32.66666793823242,921000
2005-11-22,29.13763427734375,32.56666564941406,32.606666564941406,32.34000015258789,32.58000183105469,2607600
2005-11-23,29.167457580566406,32.599998474121094,32.6533317565918,32.5,32.56666564941406,2163900
2005-11-25,29.167457580566406,32.599998474121094,32.633331298828125,32.560001373291016,32.599998474121094,442500
2005-11-28,29.04220199584961,32.459999084472656,32.68333435058594,32.4033317565918,32.68333435058594,1193100
2005-11-29,29.051158905029297,32.41999816894531,32.573333740234375,32.4033317565918,32.46666717529297,2105100
2005-11-30,28.84804916381836,32.19333267211914,32.5,32.16666793823242,32.41999816894531,1854900
2005-12-01,29.092981338500977,32.46666717529297,32.5,32.130001068115234,32.17333221435547,2082900
2005-12-02,29.128820419311523,32.50666809082031,32.56666564941406,32.1533317565918,32.41666793823242,1015500
2005-12-05,28.96155548095703,32.31999969482422,32.48666763305664,32.16999816894531,32.483333587646484,2100300
2005-12-06,28.71064567565918,32.040000915527344,32.400001525878906,32.02333450317383,32.400001525878906,1644900
2005-12-07,28.621034622192383,31.940000534057617,32.11000061035156,31.676666259765625,32.01666641235352,1817700
2005-12-08,29.057132720947266,32.426666259765625,32.47666549682617,32.00666809082031,32.02333450317383,1938000
2005-12-09,28.96155548095703,32.31999969482422,32.43333435058594,32.16999816894531,32.43333435058594,2008200
2005-12-12,28.7644100189209,32.099998474121094,32.37666702270508,31.933332443237305,32.26666641235352,1315800
2005-12-13,28.78830337524414,32.12666702270508,32.54999923706055,32.03333282470703,32.03333282470703,1756200
2005-12-14,28.94363594055176,32.29999923706055,32.459999084472656,32.22999954223633,32.26666641235352,1588200
2005-12-15,28.94363594055176,32.29999923706055,32.663333892822266,32.040000915527344,32.29999923706055,1839900
2005-12-16,28.82415771484375,32.16666793823242,32.456668853759766,32.13999938964844,32.41666793823242,1086600
2005-12-19,28.55234146118164,31.86333274841309,32.2400016784668,31.76000022888184,32.116668701171875,1089600
2005-12-20,28.501558303833008,31.80666732788086,31.953332901000977,31.770000457763672,31.86333274841309,1065900
2005-12-21,28.55234146118164,31.86333274841309,32.0533332824707,31.81333351135254,31.97333335876465,1649700
2005-12-22,28.647924423217773,31.96999931335449,32.060001373291016,31.82333374023437,31.933332443237305,1529400
2005-12-23,28.656883239746094,31.979999542236328,32.119998931884766,31.916667938232425,32.116668701171875,825300
2005-12-27,28.29545783996582,31.57666778564453,32.133331298828125,31.549999237060547,32.01333236694336,1841700
2005-12-28,28.51052474975586,31.81666755676269,31.983333587646484,31.61666679382324,31.61666679382324,1693800
2005-12-29,28.402984619140625,31.696666717529297,32.06666564941406,31.666667938232425,31.81999969482422,1304700
2005-12-30,28.331302642822266,31.61666679382324,31.67333221435547,31.483333587646484,31.6299991607666,1327800
2006-01-03,28.89285087585449,32.24333190917969,32.24333190917969,31.53333282470703,31.700000762939453,1430400
2006-01-04,29.14077949523925,32.52000045776367,32.69333267211914,32.30666732788086,32.32666778564453,1693200
2006-01-05,29.254289627075195,32.64666748046875,32.746665954589844,32.349998474121094,32.56666564941406,1469400
2006-01-06,29.508167266845703,32.93000030517578,32.983333587646484,32.61000061035156,32.64666748046875,1165800
2006-01-09,29.47233009338379,32.88999938964844,33.0,32.78333282470703,32.93333435058594,637500
2006-01-10,29.6814079284668,33.12333297729492,33.130001068115234,32.79666519165039,32.83333206176758,1296600
2006-01-11,29.7829704284668,33.23666763305664,33.37333297729492,32.96333312988281,33.18333435058594,1527300
2006-01-12,29.81880760192871,33.276668548583984,33.540000915527344,33.116668701171875,33.3033332824707,1200000
2006-01-13,30.09659767150879,33.586666107177734,33.689998626708984,33.40999984741211,33.45000076293945,1464300
2006-01-17,29.92633819580078,33.39666748046875,33.560001373291016,33.29999923706055,33.43333435058594,1367100
2006-01-18,29.68439483642578,33.12666702270508,33.400001525878906,32.89666748046875,33.400001525878906,1905900
2006-01-19,29.92932891845703,33.400001525878906,33.57666778564453,33.1533317565918,33.15999984741211,1672500
2006-01-20,29.648555755615234,33.086666107177734,33.383331298828125,33.086666107177734,33.33333206176758,2198700
2006-01-23,29.797895431518555,33.25333404541016,33.323333740234375,33.04999923706055,33.09000015258789,1440300
2006-01-24,29.54700469970703,32.973331451416016,33.37333297729492,32.91999816894531,33.31666564941406,1615500
2006-01-25,29.25726127624512,32.650001525878906,33.150001525878906,32.5,33.02333450317383,1644300
2006-01-26,29.953224182128903,33.426666259765625,33.44333267211914,32.76666641235352,32.78333282470703,2163300
2006-01-27,29.71127700805664,33.15666580200195,33.470001220703125,33.15666580200195,33.32666778564453,1118700
2006-01-30,29.606735229492188,33.040000915527344,33.31666564941406,32.96666717529297,32.96666717529297,1298100
2006-01-31,29.47829818725586,32.89666748046875,33.116668701171875,32.866668701171875,32.93333435058594,1403400
2006-02-01,29.391674041748047,32.79999923706055,33.08000183105469,32.746665954589844,32.83333206176758,1956000
2006-02-02,29.260242462158203,32.6533317565918,32.82666778564453,32.50333404541016,32.79999923706055,1039800
2006-02-03,29.13180923461914,32.5099983215332,32.66666793823242,32.33333206176758,32.400001525878906,1375200
2006-02-06,28.93765449523925,32.293331146240234,32.586666107177734,32.176666259765625,32.383331298828125,1422600
2006-02-07,28.49858283996582,31.803333282470703,32.28666687011719,31.790000915527344,32.28333282470703,1997400
2006-02-08,28.591169357299805,31.906667709350582,32.00666809082031,31.61666679382324,31.666667938232425,1760100
2006-02-09,28.29545783996582,31.57666778564453,32.00666809082031,31.57666778564453,31.88999938964844,2088600
2006-02-10,28.630002975463867,31.950000762939453,32.116668701171875,31.57999992370605,31.57999992370605,2135100
2006-02-13,28.591169357299805,31.906667709350582,31.99333381652832,31.683332443237305,31.96333312988281,1819800
2006-02-14,28.71064567565918,32.040000915527344,32.16666793823242,31.770000457763672,31.97333335876465,1845900
2006-02-15,28.39104652404785,31.683332443237305,32.03333282470703,31.40333366394043,31.96666717529297,2454000
2006-02-16,28.6748046875,32.0,32.03666687011719,31.166667938232425,31.166667938232425,1983900
2006-02-17,28.504541397094727,31.809999465942383,32.03333282470703,31.733333587646484,31.89999961853028,1919400
2006-02-21,28.34922981262207,31.63666725158692,31.950000762939453,31.56999969482422,31.809999465942383,2304900
2006-02-22,28.316370010375977,31.600000381469727,31.796667098999023,31.56333351135254,31.71999931335449,2669700
2006-02-23,28.465715408325195,31.76666641235352,31.90333366394043,31.446666717529297,31.58333206176757,1662600
2006-02-24,27.883251190185547,31.11666679382324,31.700000762939453,31.09666633605957,31.700000762939453,5367000
2006-02-27,27.679828643798828,30.84000015258789,31.190000534057617,30.73666763305664,31.100000381469727,6823200
2006-02-28,27.60203742980957,30.753332138061523,30.856666564941406,30.420000076293945,30.83333206176757,3457500
2006-03-01,28.11960792541504,31.32999992370605,31.39999961853028,30.933332443237305,30.933332443237305,3939000
2006-03-02,28.30809593200684,31.540000915527344,31.57999992370605,31.26666641235352,31.33333206176757,3654600
2006-03-03,28.29911422729492,31.530000686645508,31.68000030517578,31.46333312988281,31.53333282470703,2897100
2006-03-06,28.08969116210937,31.296667098999023,31.51333236694336,31.209999084472656,31.51333236694336,1551900
2006-03-07,27.83838081359864,31.01666641235352,31.27666664123535,30.913333892822266,31.14666748046875,3565200
2006-03-08,28.15550804138184,31.3700008392334,31.453332901000977,30.916667938232425,31.059999465942383,2742600
2006-03-09,28.32006072998047,31.553333282470703,31.700000762939453,31.40333366394043,31.40333366394043,2327100
2006-03-10,28.43375015258789,31.68000030517578,31.83333206176757,31.53333282470703,31.553333282470703,2087100
2006-03-13,28.78677558898925,32.073333740234375,32.25,31.63333320617676,31.68000030517578,3320100
2006-03-14,29.41803359985352,32.776668548583984,32.869998931884766,32.073333740234375,32.133331298828125,2446200
2006-03-15,29.59156036376953,32.970001220703125,33.040000915527344,32.51333236694336,32.779998779296875,1941000
2006-03-16,29.90569305419922,33.31999969482422,33.393333435058594,32.959999084472656,33.0533332824707,1886700
2006-03-17,29.932615280151367,33.349998474121094,33.54999923706055,33.040000915527344,33.54999923706055,2866500
2006-03-20,29.606508255004883,32.98666763305664,33.41666793823242,32.91666793823242,33.35333251953125,2901900
2006-03-21,29.73216819763184,33.12666702270508,33.5,32.880001068115234,33.13666534423828,2101500
2006-03-22,29.875782012939453,33.28666687011719,33.36000061035156,32.81999969482422,32.81999969482422,1812300
2006-03-23,29.89371681213379,33.30666732788086,33.46666717529297,33.20000076293945,33.25,2308800
2006-03-24,30.09416961669922,33.529998779296875,33.73666763305664,33.33333206176758,33.33333206176758,1636500
2006-03-27,30.12110137939453,33.560001373291016,33.62666702270508,33.31666564941406,33.59333419799805,1020900
2006-03-28,30.306596755981445,33.76666641235352,33.913333892822266,33.43333435058594,33.66666793823242,2315400
2006-03-29,30.749372482299805,34.2599983215332,34.29999923706055,33.81666564941406,33.81666564941406,1681800
2006-03-30,30.647655487060547,34.14666748046875,34.37666702270508,33.97666549682617,34.209999084472656,1151700
2006-03-31,30.27666473388672,33.733333587646484,34.130001068115234,33.616668701171875,34.11333465576172,2138400
2006-04-03,30.516010284423828,34.0,34.70333480834961,33.90666580200195,33.93333435058594,3554400
2006-04-04,30.59678268432617,34.09000015258789,34.163333892822266,33.54999923706055,33.95000076293945,1832100
2006-04-05,30.809194564819336,34.32666778564453,34.41666793823242,34.086666107177734,34.09000015258789,1530300
2006-04-06,30.47113037109375,33.95000076293945,34.37666702270508,33.939998626708984,34.36000061035156,1417800
2006-04-07,29.911678314208984,33.32666778564453,34.06666564941406,33.310001373291016,34.01666641235352,1583100
2006-04-10,30.19588851928711,33.643333435058594,33.793331146240234,33.49333190917969,33.49333190917969,1419900
2006-04-11,29.836883544921875,33.24333190917969,33.83333206176758,33.116668701171875,33.71666717529297,1521600
2006-04-12,30.02536964416504,33.45333480834961,34.31666564941406,33.40999984741211,33.643333435058594,2259600
2006-04-13,29.83090782165528,33.23666763305664,33.45333480834961,33.133331298828125,33.45333480834961,1367100
2006-04-17,30.204858779907227,33.6533317565918,33.67333221435547,33.30666732788086,33.31999969482422,1167000
2006-04-18,30.584829330444336,34.07666778564453,34.163333892822266,33.56666564941406,33.6533317565918,1126500
2006-04-19,31.07847213745117,34.62666702270508,34.62666702270508,34.09000015258789,34.12666702270508,1546800
2006-04-20,31.033588409423828,34.57666778564453,34.78333282470703,34.130001068115234,34.456668853759766,1500300
2006-04-21,31.17719268798828,34.73666763305664,34.88999938964844,34.483333587646484,34.79999923706055,1262100
2006-04-24,31.16522979736328,34.723331451416016,34.866668701171875,34.38666534423828,34.866668701171875,1417200
2006-04-25,30.87801170349121,34.4033317565918,34.87666702270508,34.25333404541016,34.746665954589844,1504500
2006-04-26,31.048553466796875,34.59333419799805,34.880001068115234,34.41666793823242,34.41666793823242,1182300
2006-04-27,31.5212345123291,35.119998931884766,35.27333450317383,34.540000915527344,34.5966682434082,2382000
2006-04-28,31.75760078430176,35.383331298828125,35.459999084472656,35.04999923706055,35.119998931884766,1460700
2006-05-01,31.613998413085938,35.223331451416016,35.72999954223633,35.21666717529297,35.599998474121094,2050200
2006-05-02,32.67605972290039,36.40666580200195,36.526668548583984,35.223331451416016,35.223331451416016,2364900
2006-05-03,32.81667709350586,36.56333160400391,36.70000076293945,36.11000061035156,36.61666870117188,2217000
2006-05-04,32.825660705566406,36.573333740234375,36.74333190917969,36.323333740234375,36.64666748046875,1854600
2006-05-05,33.02311325073242,36.79333114624024,36.81666564941406,36.50333404541016,36.633331298828125,1304700
2006-05-08,32.975242614746094,36.7400016784668,36.84999847412109,36.4033317565918,36.81666564941406,1460100
2006-05-09,32.78675842285156,36.52999877929688,36.810001373291016,36.38999938964844,36.68999862670898,1032500
2006-05-10,32.84959030151367,36.59999847412109,36.70000076293945,36.38999938964844,36.47999954223633,1283200
2006-05-11,32.38288116455078,36.08000183105469,36.88999938964844,35.93000030517578,36.79999923706055,1787100
2006-05-12,31.871280670166016,35.5099983215332,36.18000030517578,35.41999816894531,36.18000030517578,1703300
2006-05-15,32.23926544189453,35.91999816894531,35.91999816894531,35.29999923706055,35.40999984741211,1609100
2006-05-16,32.1854133605957,35.86000061035156,36.06999969482422,35.619998931884766,36.0,1403300
2006-05-17,31.413536071777344,35.0,35.790000915527344,34.88999938964844,35.61000061035156,1868200
2006-05-18,30.973751068115234,34.5099983215332,35.150001525878906,34.43000030517578,35.0,2012900
2006-05-19,31.278913497924805,34.849998474121094,35.040000915527344,34.380001068115234,34.75,2401800
2006-05-22,31.32379531860352,34.900001525878906,35.150001525878906,34.43000030517578,34.849998474121094,2404700
2006-05-23,30.91092872619629,34.439998626708984,35.34000015258789,34.380001068115234,35.0,2405000
2006-05-24,30.919897079467773,34.45000076293945,34.720001220703125,33.970001220703125,34.34000015258789,1928100
2006-05-25,30.192890167236328,33.63999938964844,33.79999923706055,33.0099983215332,33.650001525878906,3623700
2006-05-26,30.336503982543945,33.79999923706055,33.88999938964844,33.400001525878906,33.70000076293945,1518500
2006-05-30,30.26727294921875,33.65999984741211,34.08000183105469,33.59000015258789,33.599998474121094,2131800
2006-05-31,30.55501747131348,33.97999954223633,34.04999923706055,33.779998779296875,33.95000076293945,4160200
2006-06-01,30.851757049560547,34.310001373291016,34.790000915527344,33.88999938964844,34.20000076293945,3992400
2006-06-02,31.445232391357425,34.970001220703125,35.0,34.220001220703125,34.29999923706055,2240600
2006-06-05,30.90571594238281,34.369998931884766,35.02000045776367,34.290000915527344,34.970001220703125,1819300
2006-06-06,30.833765029907227,34.290000915527344,35.099998474121094,33.90999984741211,34.369998931884766,1895100
2006-06-07,30.67190742492676,34.11000061035156,35.220001220703125,34.04999923706055,35.220001220703125,1882700
2006-06-08,30.99562263488769,34.470001220703125,34.4900016784668,33.529998779296875,34.20000076293945,2714200
2006-06-09,30.91470718383789,34.380001068115234,34.709999084472656,34.16999816894531,34.470001220703125,1607000
2006-06-12,30.4650936126709,33.880001068115234,34.439998626708984,33.75,34.38999938964844,2429900
2006-06-13,29.889610290527344,33.2400016784668,34.060001373291016,33.150001525878906,33.900001525878906,3026900
2006-06-14,29.916580200195312,33.27000045776367,33.45000076293945,32.84000015258789,33.04999923706055,2704100
2006-06-15,30.896713256835938,34.36000061035156,34.52000045776367,33.20000076293945,33.52000045776367,1885500
2006-06-16,30.59996795654297,34.029998779296875,34.16999816894531,33.66999816894531,33.97999954223633,2119700
2006-06-19,30.456104278564453,33.869998931884766,34.15999984741211,33.5,34.099998474121094,2060100
2006-06-20,30.546022415161133,33.970001220703125,34.25,33.900001525878906,34.060001373291016,2263200
2006-06-21,30.72585868835449,34.16999816894531,34.41999816894531,34.0,34.0,2317800
2006-06-22,30.86973571777344,34.33000183105469,34.400001525878906,34.02000045776367,34.189998626708984,2377600
2006-06-23,30.86973571777344,34.33000183105469,34.52000045776367,34.22999954223633,34.22999954223633,1867200
2006-06-26,30.986621856689453,34.459999084472656,34.63999938964844,34.130001068115234,34.38999938964844,753300
2006-06-27,30.707876205444336,34.150001525878906,34.599998474121094,34.13999938964844,34.5,1018900
2006-06-28,30.79778480529785,34.25,34.38999938964844,34.09000015258789,34.15999984741211,1560200
2006-06-29,31.741979598999023,35.29999923706055,35.34000015258789,34.439998626708984,34.56999969482422,1650000
2006-06-30,31.876848220825195,35.45000076293945,35.58000183105469,35.349998474121094,35.5,1421500
2006-07-03,32.25450134277344,35.869998931884766,36.15999984741211,35.72999954223633,35.900001525878906,637200
2006-07-05,31.92177963256836,35.5,35.75,35.20000076293945,35.75,1077200
2006-07-06,32.38039779663086,36.0099983215332,37.0,35.34000015258789,35.5,2517500
2006-07-07,32.02972412109375,35.619998931884766,36.119998931884766,35.599998474121094,35.599998474121094,1783400
2006-07-10,32.19157028198242,35.79999923706055,35.900001525878906,35.599998474121094,35.630001068115234,763700
2006-07-11,32.47932434082031,36.119998931884766,36.20000076293945,35.54999923706055,35.79999923706055,1268200
2006-07-12,32.5242805480957,36.16999816894531,36.290000915527344,35.900001525878906,36.15999984741211,2014700
2006-07-13,31.84088516235352,35.40999984741211,36.33000183105469,35.349998474121094,36.18000030517578,1157000
2006-07-14,31.885852813720703,35.459999084472656,35.65999984741211,35.02000045776367,35.40999984741211,960200
2006-07-17,31.33732032775879,34.849998474121094,35.40999984741211,34.72999954223633,35.40999984741211,1277800
2006-07-18,31.346315383911133,34.86000061035156,35.18000030517578,34.369998931884766,34.779998779296875,1206300
2006-07-19,31.741979598999023,35.29999923706055,35.349998474121094,34.900001525878906,35.099998474121094,1028100
2006-07-20,31.517166137695312,35.04999923706055,35.47999954223633,35.02000045776367,35.27000045776367,792400
2006-07-21,31.508167266845703,35.040000915527344,35.33000183105469,34.849998474121094,35.25,1564300
2006-07-24,31.966768264770508,35.54999923706055,35.720001220703125,35.04999923706055,35.04999923706055,752100
2006-07-25,32.21854782104492,35.83000183105469,35.900001525878906,35.380001068115234,35.54999923706055,784800
2006-07-26,32.65016555786133,36.310001373291016,36.38999938964844,35.720001220703125,35.86000061035156,1257900
2006-07-27,32.56026077270508,36.209999084472656,36.72999954223633,36.0,36.70000076293945,1904800
2006-07-28,32.57823181152344,36.22999954223633,36.59000015258789,36.02999877929688,36.34999847412109,1465700
2006-07-31,33.32456588745117,37.060001373291016,37.43000030517578,36.27000045776367,36.27000045776367,3641200
2006-08-01,33.76518249511719,37.54999923706055,37.68999862670898,36.720001220703125,37.380001068115234,2118700
2006-08-02,33.37852478027344,37.119998931884766,37.90999984741211,36.79999923706055,37.79999923706055,2094200
2006-08-03,33.04582214355469,36.75,37.130001068115234,36.619998931884766,37.119998931884766,1857700
2006-08-04,33.08177947998047,36.790000915527344,37.38999938964844,36.5099983215332,37.09999847412109,754900
2006-08-07,33.27961349487305,37.0099983215332,37.09000015258789,36.54999923706055,36.790000915527344,1115000
2006-08-08,33.12673568725586,36.84000015258789,37.34999847412109,36.79999923706055,37.2400016784668,1138800
2006-08-09,33.153717041015625,36.869998931884766,37.2400016784668,36.86000061035156,36.88999938964844,1541700
2006-08-10,33.153717041015625,36.869998931884766,36.93999862670898,36.540000915527344,36.79999923706055,898900
2006-08-11,32.95591354370117,36.650001525878906,36.86000061035156,36.5,36.79999923706055,534700
2006-08-14,32.70412826538086,36.369998931884766,36.95000076293945,36.369998931884766,36.900001525878906,1092700
2006-08-15,33.21665954589844,36.93999862670898,37.06999969482422,36.650001525878906,36.650001525878906,1296000
2006-08-16,33.108741760253906,36.81999969482422,37.0,36.68000030517578,36.93999862670898,1143300
2006-08-17,33.20766830444336,36.93000030517578,37.0,36.75,36.81999969482422,1134500
2006-08-18,33.57636260986328,37.34000015258789,37.400001525878906,37.02999877929688,37.119998931884766,754000
2006-08-21,33.88207244873047,37.68000030517578,37.72999954223633,37.20000076293945,37.20000076293945,985200
2006-08-22,33.81013870239258,37.59999847412109,37.77000045776367,37.52999877929688,37.70000076293945,1384600
2006-08-23,33.87307357788086,37.66999816894531,37.75,37.47999954223633,37.68000030517578,1054600
2006-08-24,33.837120056152344,37.630001068115234,37.79999923706055,37.41999816894531,37.75,682900
2006-08-25,34.07990646362305,37.900001525878906,38.0,37.63999938964844,37.720001220703125,1078400
2006-08-28,34.36764907836914,38.220001220703125,38.2599983215332,37.810001373291016,37.90999984741211,1685100
2006-08-29,34.74531936645508,38.63999938964844,38.65999984741211,38.15999984741211,38.29999923706055,3064800
2006-08-30,34.63093948364258,38.45000076293945,38.880001068115234,38.36000061035156,38.77000045776367,1276500
2006-08-31,34.65795135498047,38.47999954223633,38.560001373291016,38.119998931884766,38.4900016784668,1805500
2006-09-01,34.766048431396484,38.59999847412109,38.81999969482422,38.5099983215332,38.630001068115234,717100
2006-09-05,34.784034729003906,38.619998931884766,38.75,38.34000015258789,38.54999923706055,793000
2006-09-06,34.38773727416992,38.18000030517578,38.43000030517578,38.04999923706055,38.41999816894531,1116700
2006-09-07,34.342708587646484,38.130001068115234,38.380001068115234,38.130001068115234,38.18000030517578,1452500
2006-09-08,34.27067184448242,38.04999923706055,38.27999877929688,37.93000030517578,38.22999954223633,1730900
2006-09-11,34.58588409423828,38.400001525878906,38.540000915527344,38.060001373291016,38.11000061035156,2494600
2006-09-12,34.49583435058594,38.29999923706055,38.5,38.290000915527344,38.400001525878906,2122700
2006-09-13,34.901126861572266,38.75,38.900001525878906,38.09000015258789,38.09999847412109,1976600
2006-09-14,34.63093948364258,38.45000076293945,38.95000076293945,38.36000061035156,38.7599983215332,1840400
2006-09-15,34.59491729736328,38.40999984741211,38.65999984741211,38.2400016784668,38.650001525878906,6005500
2006-09-18,34.93716812133789,38.790000915527344,38.9900016784668,38.52999877929688,38.650001525878906,2027300
2006-09-19,34.83809280395508,38.68000030517578,39.02000045776367,38.56999969482422,39.0,2128500
2006-09-20,34.51383972167969,38.31999969482422,38.810001373291016,38.220001220703125,38.68000030517578,1301500
2006-09-21,34.41478729248047,38.209999084472656,38.54999923706055,38.209999084472656,38.5,1620800
2006-09-22,34.22564697265625,38.0,38.310001373291016,37.9900016784668,38.27000045776367,1087400
2006-09-25,34.04547882080078,37.79999923706055,38.04999923706055,37.540000915527344,37.95000076293945,2330100
2006-09-26,34.21664047241211,37.9900016784668,38.0099983215332,37.61000061035156,37.70000076293945,2839400
2006-09-27,34.50483703613281,38.310001373291016,38.5,38.0,38.0,2010700
2006-09-28,34.37873077392578,38.16999816894531,38.5099983215332,38.130001068115234,38.34999847412109,1350800
2006-09-29,34.13554382324219,37.900001525878906,38.09999847412109,37.81999969482422,38.09999847412109,1956800
2006-10-02,34.14458084106445,37.90999984741211,38.150001525878906,37.77999877929688,38.04999923706055,1525100
2006-10-03,33.76627349853516,37.4900016784668,37.84000015258789,37.400001525878906,37.7599983215332,1912100
2006-10-04,33.95542907714844,37.70000076293945,37.7400016784668,37.45000076293945,37.4900016784668,2955900
2006-10-05,34.27067184448242,38.04999923706055,38.18999862670898,37.68999862670898,37.70000076293945,1684000
2006-10-06,34.05451583862305,37.810001373291016,38.09999847412109,37.75,38.04999923706055,1620600
2006-10-09,34.04547882080078,37.79999923706055,38.0,37.72999954223633,37.86000061035156,896700
2006-10-10,34.18059539794922,37.95000076293945,38.04999923706055,37.720001220703125,37.84000015258789,1577800
2006-10-11,34.207611083984375,37.97999954223633,38.04999923706055,37.869998931884766,37.959999084472656,1655400
2006-10-12,34.22564697265625,38.0,38.11000061035156,37.869998931884766,37.97999954223633,1366500
2006-10-13,34.450782775878906,38.25,38.36000061035156,37.95000076293945,37.9900016784668,1357400
2006-10-16,34.38773727416992,38.18000030517578,38.310001373291016,38.130001068115234,38.150001525878906,1042500
2006-10-17,34.26167678833008,38.040000915527344,38.09000015258789,37.810001373291016,38.04999923706055,588200
2006-10-18,34.396751403808594,38.18999862670898,38.400001525878906,37.970001220703125,38.20000076293945,793100
2006-10-19,34.73898696899414,38.56999969482422,38.58000183105469,38.18000030517578,38.18000030517578,1140600
2006-10-20,34.35173034667969,38.13999938964844,38.75,38.060001373291016,38.72999954223633,1135600
2006-10-23,34.72998809814453,38.560001373291016,38.58000183105469,37.77999877929688,37.95000076293945,813400
2006-10-24,34.946170806884766,38.79999923706055,38.869998931884766,38.41999816894531,38.5,1229000
2006-10-25,35.3604736328125,39.2599983215332,39.369998931884766,38.59999847412109,38.709999084472656,1674800
2006-10-26,35.50459671020508,39.41999816894531,39.5099983215332,39.09999847412109,39.27999877929688,880900
2006-10-27,34.81107711791992,38.650001525878906,39.400001525878906,38.63999938964844,39.400001525878906,1006900
2006-10-30,35.19835662841797,39.08000183105469,39.18000030517578,38.650001525878906,38.75,874600
2006-10-31,35.05424499511719,38.91999816894531,39.54999923706055,38.45000076293945,39.18000030517578,1695600
2006-11-01,35.0722541809082,38.93999862670898,39.09999847412109,38.43999862670898,38.95000076293945,1159400
2006-11-02,34.910125732421875,38.7599983215332,38.90999984741211,38.5,38.790000915527344,1529100
2006-11-03,34.96417617797852,38.81999969482422,39.0,38.630001068115234,38.77000045776367,1396000
2006-11-06,35.1533203125,39.02999877929688,39.22999954223633,38.709999084472656,38.84000015258789,1808700
2006-11-07,35.306427001953125,39.20000076293945,39.380001068115234,39.0,39.02999877929688,884200
2006-11-08,35.783790588378906,39.72999954223633,39.7599983215332,39.060001373291016,39.08000183105469,1245600
2006-11-09,35.92790222167969,39.88999938964844,40.02999877929688,39.790000915527344,39.88999938964844,1613400
2006-11-10,36.026981353759766,40.0,40.02000045776367,39.68000030517578,39.93000030517578,1057300
2006-11-13,35.60365295410156,39.52999877929688,39.900001525878906,39.47999954223633,39.869998931884766,1134400
2006-11-14,35.783790588378906,39.72999954223633,39.83000183105469,39.18000030517578,39.5,1034200
2006-11-15,35.74776840209961,39.68999862670898,39.91999816894531,39.58000183105469,39.7400016784668,1226200
2006-11-16,35.60365295410156,39.52999877929688,39.83000183105469,39.34000015258789,39.68999862670898,1640800
2006-11-17,35.49557876586914,39.40999984741211,39.619998931884766,39.310001373291016,39.34000015258789,1711200
2006-11-20,35.51357650756836,39.43000030517578,39.68000030517578,38.83000183105469,38.83000183105469,2461100
2006-11-21,35.75678253173828,39.70000076293945,39.88999938964844,39.310001373291016,39.38999938964844,2960000
2006-11-22,36.135047912597656,40.119998931884766,40.20000076293945,39.70000076293945,39.77999877929688,1671900
2006-11-24,36.08102035522461,40.060001373291016,40.22999954223633,40.02000045776367,40.02999877929688,369300
2006-11-27,36.017974853515625,39.9900016784668,40.209999084472656,39.869998931884766,40.16999816894531,1970600
2006-11-28,35.945926666259766,39.90999984741211,40.13999938964844,39.83000183105469,39.86000061035156,2915600
2006-11-29,36.35456466674805,40.29999923706055,40.29999923706055,39.95000076293945,40.02000045776367,1168300
2006-11-30,36.01174545288086,39.91999816894531,40.34999847412109,39.79999923706055,40.2599983215332,1484000
2006-12-01,36.35456466674805,40.29999923706055,40.369998931884766,39.54999923706055,39.90999984741211,1767600
2006-12-04,36.43574905395508,40.38999938964844,40.41999816894531,40.0,40.41999816894531,1338800
2006-12-05,36.453800201416016,40.40999984741211,40.45000076293945,40.150001525878906,40.29999923706055,1728500
2006-12-06,36.62521743774414,40.59999847412109,40.68999862670898,40.27999877929688,40.45000076293945,1000700
2006-12-07,36.65225601196289,40.630001068115234,40.79999923706055,40.459999084472656,40.72999954223633,1352200
2006-12-08,36.61618041992188,40.59000015258789,40.959999084472656,40.52999877929688,40.7400016784668,1312800
2006-12-11,37.18449783325195,41.220001220703125,41.27999877929688,40.66999816894531,40.68000030517578,792200
2006-12-12,37.06722640991211,41.09000015258789,41.2599983215332,40.81999969482422,41.22999954223633,1304200
2006-12-13,37.373931884765625,41.43000030517578,41.5099983215332,41.06999969482422,41.29999923706055,1297100
2006-12-14,37.29274368286133,41.34000015258789,41.709999084472656,41.27999877929688,41.43999862670898,1290100
2006-12-15,37.5002326965332,41.56999969482422,41.720001220703125,41.310001373291016,41.459999084472656,1859100
2006-12-18,37.256649017333984,41.29999923706055,41.65999984741211,41.0,41.65999984741211,1243500
2006-12-19,37.41904067993164,41.47999954223633,41.540000915527344,41.09999847412109,41.22999954223633,1041300
2006-12-20,37.13035583496094,41.15999984741211,41.56999969482422,41.15999984741211,41.56999969482422,1009100
2006-12-21,37.644561767578125,41.72999954223633,41.7400016784668,41.2599983215332,41.29999923706055,1066600
2006-12-22,37.373931884765625,41.43000030517578,41.84999847412109,41.380001068115234,41.84999847412109,904900
2006-12-26,37.7618293762207,41.86000061035156,41.869998931884766,41.31999969482422,41.34999847412109,562900
2006-12-27,37.81597518920898,41.91999816894531,42.18000030517578,41.77999877929688,42.09000015258789,526700
2006-12-28,37.65359878540039,41.7400016784668,41.9900016784668,41.709999084472656,41.900001525878906,650400
2006-12-29,37.41001892089844,41.470001220703125,41.75,41.34999847412109,41.630001068115234,1353300
2007-01-03,37.193504333496094,41.22999954223633,41.84000015258789,41.13999938964844,41.5,1319300
2007-01-04,36.751502990722656,40.7400016784668,41.119998931884766,40.650001525878906,41.11000061035156,1709100
2007-01-05,36.41771697998047,40.369998931884766,40.68000030517578,40.290000915527344,40.54999923706055,1795000
2007-01-08,36.41771697998047,40.369998931884766,40.459999084472656,40.209999084472656,40.29999923706055,1385800
2007-01-09,37.15742874145508,41.18999862670898,41.43000030517578,40.52000045776367,40.619998931884766,2366900
2007-01-10,37.373931884765625,41.43000030517578,41.52000045776367,41.060001373291016,41.18999862670898,2565100
2007-01-11,37.88813400268555,42.0,42.33000183105469,41.65999984741211,41.65999984741211,2067700
2007-01-12,38.1226692199707,42.2599983215332,42.5,41.95000076293945,42.0,1635000
2007-01-16,38.11366271972656,42.25,42.400001525878906,41.79999923706055,42.27000045776367,1128900
2007-01-17,38.077579498291016,42.209999084472656,42.52000045776367,41.9900016784668,42.15999984741211,1446400
2007-01-18,37.93324661254883,42.04999923706055,42.68999862670898,41.970001220703125,42.36000061035156,1431600
2007-01-19,38.28504943847656,42.43999862670898,42.93999862670898,42.33000183105469,42.33000183105469,1467500
2007-01-22,38.10466384887695,42.2400016784668,42.66999816894531,42.06999969482422,42.560001373291016,1184500
2007-01-23,38.20384979248047,42.34999847412109,42.59000015258789,42.11000061035156,42.2400016784668,1216500
2007-01-24,38.33917999267578,42.5,42.63999938964844,42.18999862670898,42.43999862670898,1377300
2007-01-25,37.96030807495117,42.08000183105469,42.790000915527344,42.02999877929688,42.41999816894531,1146700
2007-01-26,38.27604293823242,42.43000030517578,42.5099983215332,42.02999877929688,42.09999847412109,1531900
2007-01-29,38.582763671875,42.77000045776367,42.93000030517578,42.27999877929688,42.43999862670898,1899200
2007-01-30,38.68197250366211,42.880001068115234,43.0,42.66999816894531,42.77999877929688,1420200
2007-01-31,39.205204010009766,43.459999084472656,43.619998931884766,42.880001068115234,42.93000030517578,1884900
2007-02-01,39.72840881347656,44.040000915527344,44.11000061035156,43.5,43.59999847412109,1747700
2007-02-02,39.313438415527344,43.58000183105469,44.27000045776367,43.5099983215332,44.27000045776367,3341900
2007-02-05,39.62015914916992,43.91999816894531,44.0099983215332,43.4900016784668,43.4900016784668,1006500
2007-02-06,39.62015914916992,43.91999816894531,44.220001220703125,43.7400016784668,44.04999923706055,1149800
2007-02-07,39.43072509765625,43.709999084472656,44.25,43.560001373291016,44.09999847412109,1388100
2007-02-08,39.56603240966797,43.86000061035156,44.20000076293945,43.22999954223633,43.58000183105469,2277600
2007-02-09,38.64589691162109,42.84000015258789,44.220001220703125,42.560001373291016,44.20000076293945,3305800
2007-02-12,39.205204010009766,43.459999084472656,44.20000076293945,42.650001525878906,43.5,2905600
2007-02-13,40.19749450683594,44.560001373291016,44.59999847412109,43.5099983215332,43.54999923706055,1731900
2007-02-14,39.737430572509766,44.04999923706055,44.369998931884766,43.77000045776367,43.88999938964844,2123100
2007-02-15,39.98099899291992,44.31999969482422,44.47999954223633,43.88999938964844,43.900001525878906,2077500
2007-02-16,39.70135116577149,44.0099983215332,44.34000015258789,43.95000076293945,44.13999938964844,1410400
2007-02-20,39.69235229492188,44.0,44.25,43.79999923706055,44.150001525878906,1981800
2007-02-21,39.77352142333984,44.09000015258789,44.22999954223633,43.84000015258789,43.93999862670898,1628700
2007-02-22,39.84568405151367,44.16999816894531,44.34000015258789,44.06999969482422,44.2400016784668,1361400
2007-02-23,39.77352142333984,44.09000015258789,44.34999847412109,43.93000030517578,44.2599983215332,1540200
2007-02-26,39.59308242797852,43.88999938964844,44.18999862670898,43.63999938964844,44.09999847412109,2069800
2007-02-27,38.43042755126953,42.540000915527344,43.84000015258789,42.380001068115234,43.66999816894531,2187800
2007-02-28,39.20735168457031,43.400001525878906,43.77999877929688,42.540000915527344,42.540000915527344,2210600
2007-03-01,39.21636199951172,43.40999984741211,43.54999923706055,42.459999084472656,43.09999847412109,1997200
2007-03-02,38.42141342163086,42.52999877929688,43.459999084472656,42.52000045776367,43.34000015258789,1925000
2007-03-05,38.17747116088867,42.2599983215332,42.77999877929688,42.220001220703125,42.369998931884766,1873000
2007-03-06,39.09893798828125,43.27999877929688,43.290000915527344,42.43999862670898,42.650001525878906,2282400
2007-03-07,38.99955749511719,43.16999816894531,43.5,42.900001525878906,43.119998931884766,2201300
2007-03-08,39.50545883178711,43.72999954223633,43.959999084472656,43.5,43.7400016784668,1669800
2007-03-09,39.65904235839844,43.900001525878906,44.18999862670898,43.59999847412109,44.11000061035156,1437700
2007-03-12,39.76744842529297,44.02000045776367,44.06999969482422,43.790000915527344,43.900001525878906,1831400
2007-03-13,39.28866195678711,43.4900016784668,44.09999847412109,43.4900016784668,43.70000076293945,2024500
2007-03-14,39.379005432128906,43.59000015258789,43.79999923706055,42.7599983215332,43.56999969482422,1850600
2007-03-15,39.63194274902344,43.869998931884766,44.119998931884766,43.119998931884766,43.290000915527344,1849100
2007-03-16,39.47837066650391,43.70000076293945,44.119998931884766,43.61000061035156,44.0,2338500
2007-03-19,40.28238296508789,44.59000015258789,44.65999984741211,43.900001525878906,43.900001525878906,1688200
2007-03-20,40.79732131958008,45.15999984741211,45.18999862670898,44.61000061035156,44.65999984741211,1831600
2007-03-21,41.49293518066406,45.93000030517578,45.93000030517578,45.040000915527344,45.16999816894531,1552900
2007-03-22,41.36646270751953,45.790000915527344,46.31999969482422,45.709999084472656,46.22999954223633,1318900
2007-03-23,41.5200309753418,45.959999084472656,46.290000915527344,45.790000915527344,45.959999084472656,874500
2007-03-26,41.38454055786133,45.810001373291016,46.16999816894531,45.310001373291016,45.959999084472656,1090700
2007-03-27,41.086402893066406,45.47999954223633,45.869998931884766,45.43999862670898,45.720001220703125,1318500
2007-03-28,41.01414489746094,45.400001525878906,45.63999938964844,45.04999923706055,45.4900016784668,1071500
2007-03-29,41.348388671875,45.77000045776367,46.22999954223633,45.400001525878906,45.959999084472656,1295200
2007-03-30,41.041236877441406,45.43000030517578,45.93999862670898,44.95000076293945,45.72999954223633,1725400
2007-04-02,41.69167709350586,46.150001525878906,46.209999084472656,45.470001220703125,45.59999847412109,1389100
2007-04-03,42.22468566894531,46.7400016784668,46.84999847412109,46.400001525878906,46.45000076293945,1354600
2007-04-04,42.197601318359375,46.709999084472656,46.959999084472656,46.54999923706055,46.959999084472656,1396500
2007-04-05,42.287933349609375,46.810001373291016,46.95000076293945,46.38999938964844,46.709999084472656,1014200
2007-04-09,42.12531661987305,46.630001068115234,47.27999877929688,46.58000183105469,47.20000076293945,1320600
2007-04-10,42.16144561767578,46.66999816894531,46.88999938964844,46.56999969482422,46.630001068115234,1232700
2007-04-11,41.75492477416992,46.220001220703125,46.90999984741211,46.11000061035156,46.72999954223633,1575000
2007-04-12,41.845252990722656,46.31999969482422,46.369998931884766,45.79999923706055,45.959999084472656,1106900
2007-04-13,42.04402160644531,46.540000915527344,46.619998931884766,46.34000015258789,46.470001220703125,885700
2007-04-16,42.504730224609375,47.04999923706055,47.25,46.709999084472656,47.25,784000
2007-04-17,42.5137825012207,47.060001373291016,47.40999984741211,46.9900016784668,47.04999923706055,918100
2007-04-18,42.20662307739258,46.720001220703125,47.0,46.66999816894531,46.81999969482422,1549700
2007-04-19,41.65555953979492,46.11000061035156,47.40999984741211,46.060001373291016,47.40999984741211,1896300
2007-04-20,41.95366668701172,46.43999862670898,46.880001068115234,46.09999847412109,46.880001068115234,2545500
2007-04-23,41.646514892578125,46.09999847412109,46.59999847412109,46.060001373291016,46.36000061035156,1160700
2007-04-24,41.69167709350586,46.150001525878906,46.29999923706055,45.61000061035156,45.75,1741800
2007-04-25,42.59506607055664,47.150001525878906,47.34000015258789,46.41999816894531,46.47999954223633,1473600
2007-04-26,42.40536117553711,46.93999862670898,47.27999877929688,46.29999923706055,46.29999923706055,1221000
2007-04-27,42.13435745239258,46.63999938964844,47.20000076293945,46.09000015258789,46.09000015258789,1941000
2007-04-30,42.7486572265625,47.31999969482422,47.88999938964844,47.0,47.0,2142600
2007-05-01,42.802860260009766,47.380001068115234,47.650001525878906,46.83000183105469,47.5,1599600
2007-05-02,43.11001586914063,47.720001220703125,47.810001373291016,47.27999877929688,47.27999877929688,1442700
2007-05-03,43.40813827514648,48.04999923706055,48.130001068115234,47.75,47.970001220703125,1139900
2007-05-04,43.29972839355469,47.93000030517578,48.29999923706055,47.72999954223633,48.29999923706055,918400
2007-05-07,43.67012405395508,48.34000015258789,48.470001220703125,48.08000183105469,48.08000183105469,820700
2007-05-08,43.71529006958008,48.38999938964844,48.400001525878906,47.77999877929688,48.34000015258789,1122600
2007-05-09,43.9230842590332,48.619998931884766,48.63999938964844,48.11000061035156,48.25,1122200
2007-05-10,43.36296844482422,48.0,48.43999862670898,47.959999084472656,48.400001525878906,828200
2007-05-11,43.86886978149414,48.560001373291016,48.56999969482422,48.02999877929688,48.11000061035156,1296700
2007-05-14,43.950191497802734,48.650001525878906,48.900001525878906,48.5,48.70000076293945,1743200
2007-05-15,44.30249786376953,49.040000915527344,49.22999954223633,48.7599983215332,48.810001373291016,1864700
2007-05-16,44.79936218261719,49.59000015258789,49.59000015258789,48.18999862670898,48.18999862670898,1748300
2007-05-17,45.01617431640625,49.83000183105469,49.95000076293945,49.18000030517578,49.56999969482422,1503900
2007-05-18,45.251068115234375,50.09000015258789,50.09999847412109,49.7599983215332,50.06999969482422,3318900
2007-05-21,45.7027587890625,50.59000015258789,50.59999847412109,50.0099983215332,50.08000183105469,2843400
2007-05-22,45.9918327331543,50.90999984741211,51.040000915527344,50.68999862670898,50.75,2179100
2007-05-23,46.03702926635742,50.959999084472656,51.2599983215332,50.75,50.900001525878906,1724300
2007-05-24,45.6124382019043,50.4900016784668,51.18000030517578,50.47999954223633,50.959999084472656,2979200
2007-05-25,46.027976989746094,50.95000076293945,51.02999877929688,50.66999816894531,50.7400016784668,1255000
2007-05-29,46.09122467041016,51.02000045776367,51.400001525878906,50.720001220703125,51.18999862670898,1423800
2007-05-30,46.22057723999024,51.09999847412109,51.18999862670898,50.619998931884766,50.95000076293945,2004800
2007-05-31,46.15723037719727,51.02999877929688,51.5,50.90999984741211,51.310001373291016,1554200
2007-06-01,46.14820098876953,51.02000045776367,51.34000015258789,50.880001068115234,51.2599983215332,1773000
2007-06-04,47.351200103759766,52.34999847412109,52.36000061035156,51.119998931884766,51.119998931884766,2090900
2007-06-05,46.61855316162109,51.540000915527344,52.4900016784668,51.43999862670898,52.369998931884766,2218000
2007-06-06,46.58237075805664,51.5,51.79999923706055,51.220001220703125,51.59999847412109,2757200
2007-06-07,45.2346305847168,50.0099983215332,51.5,49.959999084472656,51.209999084472656,2758300
2007-06-08,46.01252746582031,50.869998931884766,50.869998931884766,49.65999984741211,49.68999862670898,2199200
2007-06-11,46.68186569213867,51.61000061035156,51.70000076293945,50.7599983215332,50.869998931884766,1968300
2007-06-12,46.13010025024414,51.0,51.61000061035156,51.0,51.380001068115234,2057700
2007-06-13,47.161258697509766,52.13999938964844,52.150001525878906,51.36000061035156,51.52000045776367,2483000
2007-06-14,47.87581634521485,52.93000030517578,53.02999877929688,52.13999938964844,52.13999938964844,2860800
2007-06-15,47.803466796875,52.84999847412109,53.459999084472656,52.790000915527344,53.09000015258789,2334600
2007-06-18,47.84866714477539,52.900001525878906,53.380001068115234,52.81999969482422,53.20000076293945,1416000
2007-06-19,47.94817352294922,53.0099983215332,53.2599983215332,52.77999877929688,52.93999862670898,1532900
2007-06-20,46.76326370239258,51.70000076293945,53.459999084472656,51.68999862670898,53.34999847412109,1490900
2007-06-21,47.42357635498047,52.43000030517578,52.43000030517578,51.52000045776367,51.70000076293945,1771600
2007-06-22,47.09794235229492,52.06999969482422,52.56999969482422,51.880001068115234,52.40999984741211,2300000
2007-06-25,47.1702880859375,52.150001525878906,52.83000183105469,51.84000015258789,52.5099983215332,1685600
2007-06-26,46.30195236206055,51.18999862670898,52.34999847412109,51.02000045776367,52.29999923706055,3258200
2007-06-27,46.537139892578125,51.45000076293945,51.4900016784668,50.68000030517578,50.75,1930900
2007-06-28,45.9492301940918,50.79999923706055,51.459999084472656,50.70000076293945,51.459999084472656,2090000
2007-06-29,46.11200714111328,50.97999954223633,51.459999084472656,50.630001068115234,51.040000915527344,1849300
2007-07-02,47.034629821777344,52.0,52.060001373291016,51.25,51.25,1583300
2007-07-03,47.38737869262695,52.38999938964844,52.880001068115234,52.20000076293945,52.81999969482422,555200
2007-07-05,46.91704940795898,51.869998931884766,52.63999938964844,51.560001373291016,52.45000076293945,1241700
2007-07-06,47.08890151977539,52.060001373291016,52.15999984741211,51.619998931884766,51.97999954223633,961300
2007-07-09,47.04365539550781,52.0099983215332,52.2400016784668,51.7400016784668,52.2400016784668,1151600
2007-07-10,45.958251953125,50.810001373291016,51.84000015258789,50.75,51.61000061035156,2385200
2007-07-11,46.15723037719727,51.02999877929688,51.20000076293945,50.41999816894531,50.810001373291016,1428200
2007-07-12,46.73615264892578,51.66999816894531,51.7400016784668,51.02999877929688,51.31999969482422,1289200
2007-07-13,46.907997131347656,51.86000061035156,51.970001220703125,51.470001220703125,51.54999923706055,957300
2007-07-16,46.211524963378906,51.09000015258789,51.88999938964844,51.09000015258789,51.79999923706055,1458900
2007-07-17,45.8678092956543,50.709999084472656,51.119998931884766,50.59999847412109,51.0099983215332,1630100
2007-07-18,45.77735137939453,50.61000061035156,50.709999084472656,50.02999877929688,50.709999084472656,2464800
2007-07-19,46.256744384765625,51.13999938964844,51.34000015258789,50.81999969482422,51.0,1274400
2007-07-20,46.2386474609375,51.119998931884766,51.18000030517578,50.29999923706055,51.119998931884766,2994600
2007-07-23,46.699951171875,51.630001068115234,52.72999954223633,51.22999954223633,52.29999923706055,1874600
2007-07-24,45.52409744262695,50.33000183105469,51.40999984741211,50.220001220703125,51.34999847412109,2520000
2007-07-25,45.8678092956543,50.709999084472656,50.900001525878906,49.72999954223633,50.70000076293945,3119600
2007-07-26,44.755252838134766,49.47999954223633,50.630001068115234,48.75,50.25,3312000
2007-07-27,43.05475616455078,47.59999847412109,49.65999984741211,47.59999847412109,49.150001525878906,3068400
2007-07-30,42.28593444824219,46.75,46.90999984741211,42.34999847412109,44.58000183105469,6193900
2007-07-31,42.87385559082031,47.400001525878906,48.68999862670898,46.75,46.75,3268700
2007-08-01,43.0004997253418,47.540000915527344,47.7400016784668,46.43000030517578,47.27000045776367,3826500
2007-08-02,42.83769607543945,47.36000061035156,48.119998931884766,46.709999084472656,46.709999084472656,2765200
2007-08-03,40.657833099365234,44.95000076293945,47.38999938964844,44.810001373291016,47.2400016784668,4452100
2007-08-06,41.79749298095703,46.209999084472656,46.310001373291016,44.27999877929688,45.43000030517578,4767000
2007-08-07,41.327144622802734,45.68999862670898,46.41999816894531,45.09000015258789,45.68000030517578,3781000
2007-08-08,41.58042526245117,45.970001220703125,46.310001373291016,45.0099983215332,45.34000015258789,3569100
2007-08-09,39.45480728149414,43.619998931884766,45.7599983215332,43.619998931884766,45.08000183105469,5276300
2007-08-10,40.06987380981445,44.29999923706055,44.7400016784668,42.45000076293945,43.25,4393300
2007-08-13,41.33619689941406,45.70000076293945,47.20000076293945,45.56999969482422,45.75,3153300
2007-08-14,39.97944641113281,44.20000076293945,46.68000030517578,44.16999816894531,45.79999923706055,3678400
2007-08-15,40.54022979736328,44.81999969482422,46.13999938964844,44.18000030517578,44.27999877929688,4177200
2007-08-16,40.33218765258789,44.59000015258789,44.959999084472656,42.59000015258789,44.45000076293945,4622100
2007-08-17,42.01457977294922,46.45000076293945,47.75,45.15999984741211,46.56999969482422,3897200
2007-08-20,41.40854644775391,45.77999877929688,46.77999877929688,45.22999954223633,46.66999816894531,2285600
2007-08-21,41.327144622802734,45.68999862670898,46.040000915527344,45.0099983215332,45.79999923706055,1908400
2007-08-22,42.85577774047852,47.380001068115234,47.4900016784668,46.0,46.11000061035156,2527400
2007-08-23,42.75628280639648,47.27000045776367,48.18999862670898,46.79999923706055,47.75,2353900
2007-08-24,43.64271545410156,48.25,48.369998931884766,47.11000061035156,47.5,2096300
2007-08-27,43.0728645324707,47.619998931884766,48.25,47.619998931884766,47.9900016784668,1361100
2007-08-28,41.62563705444336,46.02000045776367,47.560001373291016,45.9900016784668,47.560001373291016,2374900
2007-08-29,42.55728149414063,47.04999923706055,47.060001373291016,45.900001525878906,46.16999816894531,2649900
2007-08-30,41.69050598144531,46.02999877929688,46.93000030517578,45.93999862670898,46.59999847412109,2266500
2007-08-31,42.578125,47.0099983215332,47.310001373291016,46.2400016784668,46.5,2819400
2007-09-04,43.25741195678711,47.7599983215332,48.15999984741211,46.16999816894531,46.630001068115234,2965000
2007-09-05,42.75021743774414,47.20000076293945,47.4900016784668,46.97999954223633,47.38999938964844,2095900
2007-09-06,42.2067756652832,46.59999847412109,47.45000076293945,46.15999984741211,46.9900016784668,2311500
2007-09-07,41.681453704833984,46.02000045776367,46.68999862670898,45.95000076293945,46.47999954223633,1904600
2007-09-10,41.328224182128906,45.630001068115234,46.54999923706055,45.2599983215332,46.13999938964844,2510500
2007-09-11,41.50032043457031,45.81999969482422,46.02999877929688,45.2400016784668,45.619998931884766,1773600
2007-09-12,41.192359924316406,45.47999954223633,45.81999969482422,45.27999877929688,45.77999877929688,1270700
2007-09-13,41.25575637817383,45.54999923706055,45.97999954223633,45.34999847412109,45.91999816894531,1708200
2007-09-14,41.27388381958008,45.56999969482422,45.790000915527344,45.209999084472656,45.310001373291016,1579800
2007-09-17,41.23765563964844,45.52999877929688,45.68000030517578,45.130001068115234,45.29999923706055,2014100
2007-09-18,42.47849655151367,46.900001525878906,46.97999954223633,45.43999862670898,45.650001525878906,2580500
2007-09-19,42.87701797485352,47.34000015258789,47.4900016784668,47.040000915527344,47.31999969482422,2707300
2007-09-20,42.42414855957031,46.84000015258789,47.380001068115234,46.790000915527344,47.380001068115234,1409700
2007-09-21,43.130619049072266,47.619998931884766,47.7400016784668,46.08000183105469,46.869998931884766,3782500
2007-09-24,43.148738861083984,47.63999938964844,47.84999847412109,47.41999816894531,47.54999923706055,3231800
2007-09-25,42.96759033203125,47.43999862670898,47.540000915527344,47.09999847412109,47.34999847412109,2632600
2007-09-26,43.34798049926758,47.86000061035156,47.900001525878906,47.13999938964844,47.66999816894531,3941900
2007-09-27,43.70122909545898,48.25,48.2599983215332,47.81999969482422,48.130001068115234,2049800
2007-09-28,43.79179763793945,48.34999847412109,49.09999847412109,48.150001525878906,48.40999984741211,2633800
2007-10-01,44.51637649536133,49.150001525878906,49.220001220703125,48.369998931884766,48.59000015258789,2434500
2007-10-02,44.49825286865234,49.130001068115234,49.290000915527344,48.79999923706055,49.150001525878906,2381700
2007-10-03,44.57071685791016,49.209999084472656,49.310001373291016,48.869998931884766,49.0,1589900
2007-10-04,44.914886474609375,49.59000015258789,49.650001525878906,49.119998931884766,49.33000183105469,1429700
2007-10-05,44.98733901977539,49.66999816894531,50.0,49.27000045776367,49.790000915527344,1327300
2007-10-08,44.51637649536133,49.150001525878906,49.84999847412109,49.11000061035156,49.66999816894531,1069500
2007-10-09,44.93300628662109,49.61000061035156,49.77000045776367,49.16999816894531,49.619998931884766,1768500
2007-10-10,44.86962127685547,49.540000915527344,49.77999877929688,49.06999969482422,49.540000915527344,1267200
2007-10-11,45.331520080566406,50.04999923706055,50.650001525878906,49.63999938964844,49.900001525878906,2132800
2007-10-12,45.39493179321289,50.119998931884766,50.290000915527344,49.7599983215332,50.09999847412109,1086900
2007-10-15,44.797157287597656,49.459999084472656,50.52000045776367,49.16999816894531,50.52000045776367,1521700
2007-10-16,44.697532653808594,49.34999847412109,49.59999847412109,48.91999816894531,49.22999954223633,1606700
2007-10-17,44.9239501953125,49.59999847412109,50.02999877929688,49.20000076293945,50.02999877929688,2410400
2007-10-18,45.15037536621094,49.84999847412109,50.09999847412109,48.90999984741211,49.5099983215332,1488600
2007-10-19,44.23561096191406,48.84000015258789,49.61000061035156,48.83000183105469,49.45000076293945,2747500
2007-10-22,45.0688705444336,49.7599983215332,49.83000183105469,48.25,48.470001220703125,2601500
2007-10-23,45.331520080566406,50.04999923706055,50.11000061035156,49.38999938964844,49.77999877929688,2280100
2007-10-24,45.55796813964844,50.29999923706055,50.43000030517578,46.68999862670898,49.970001220703125,2656400
2007-10-25,45.10508728027344,49.79999923706055,50.47999954223633,49.38999938964844,50.47999954223633,3238100
2007-10-26,45.31340789794922,50.02999877929688,50.54999923706055,49.5,50.29999923706055,2337400
2007-10-29,44.34429168701172,48.959999084472656,49.54999923706055,47.79999923706055,48.709999084472656,3087700
2007-10-30,43.4476203918457,47.970001220703125,49.0,47.93000030517578,48.58000183105469,2064100
2007-10-31,44.462032318115234,49.09000015258789,49.2599983215332,48.25,48.38999938964844,2328700
2007-11-01,43.54726409912109,48.08000183105469,49.18000030517578,47.68999862670898,48.58000183105469,2643000
2007-11-02,43.121559143066406,47.61000061035156,48.16999816894531,46.869998931884766,47.93000030517578,3288900
2007-11-05,42.77739334106445,47.22999954223633,47.63999938964844,46.7599983215332,46.7599983215332,2246500
2007-11-06,43.067230224609375,47.54999923706055,47.59999847412109,46.4900016784668,47.34000015258789,3489300
2007-11-07,42.18865585327149,46.58000183105469,47.41999816894531,46.45000076293945,47.27999877929688,3780800
2007-11-08,42.16147232055664,46.54999923706055,46.95000076293945,45.369998931884766,46.619998931884766,4546000
2007-11-09,41.57275772094727,45.900001525878906,46.7400016784668,44.869998931884766,45.84000015258789,7512200
2007-11-12,40.20512771606445,44.38999938964844,45.9900016784668,44.38999938964844,45.72999954223633,3072900
2007-11-13,41.36444854736328,45.66999816894531,45.709999084472656,44.369998931884766,44.66999816894531,4253600
2007-11-14,41.10179901123047,45.380001068115234,46.560001373291016,45.25,46.20000076293945,2686000
2007-11-15,40.73045349121094,44.970001220703125,45.58000183105469,44.61000061035156,45.290000915527344,4431800
2007-11-16,40.92064666748047,45.18000030517578,45.63999938964844,44.56999969482422,45.27999877929688,3818700
2007-11-19,40.259464263916016,44.45000076293945,44.97999954223633,44.29999923706055,44.97999954223633,2953200
2007-11-20,41.05649948120117,45.33000183105469,45.38999938964844,44.29999923706055,44.43000030517578,3097600
2007-11-21,40.20512771606445,44.38999938964844,45.310001373291016,44.31999969482422,44.869998931884766,2403600
2007-11-23,41.03839492797852,45.310001373291016,45.5,44.18000030517578,44.77000045776367,941300
2007-11-26,40.09644317626953,44.27000045776367,45.650001525878906,44.20000076293945,45.220001220703125,2425700
2007-11-27,40.96593475341797,45.22999954223633,45.290000915527344,44.33000183105469,44.40999984741211,2309600
2007-11-28,41.62710952758789,45.959999084472656,46.75,45.4900016784668,45.4900016784668,4695400
2007-11-29,42.22844696044922,46.560001373291016,46.619998931884766,45.52999877929688,45.900001525878906,2686900
2007-11-30,43.34401321411133,47.790000915527344,48.0,47.02000045776367,47.02000045776367,4973600
2007-12-03,42.62751007080078,47.0,47.84000015258789,46.810001373291016,47.34000015258789,2448000
2007-12-04,43.12633895874024,47.54999923706055,47.77999877929688,46.630001068115234,46.630001068115234,1904500
2007-12-05,43.27143859863281,47.709999084472656,48.38999938964844,47.2599983215332,48.2599983215332,2549200
2007-12-06,44.08771133422852,48.61000061035156,48.63999938964844,47.56999969482422,47.68999862670898,1393300
2007-12-07,44.024227142333984,48.540000915527344,48.88999938964844,48.400001525878906,48.59999847412109,1064500
2007-12-10,44.56841278076172,49.13999938964844,49.47999954223633,48.540000915527344,48.58000183105469,1170600
2007-12-11,43.07191467285156,47.4900016784668,49.52999877929688,47.459999084472656,49.119998931884766,2052000
2007-12-12,43.59794998168945,48.06999969482422,49.09999847412109,47.33000183105469,48.650001525878906,2707900
2007-12-13,43.38935470581055,47.84000015258789,48.2400016784668,47.040000915527344,48.02999877929688,2097900
2007-12-14,42.44608688354492,46.79999923706055,47.65999984741211,46.790000915527344,47.36000061035156,2357300
2007-12-17,43.48004913330078,47.93999862670898,48.709999084472656,46.810001373291016,46.810001373291016,3473000
2007-12-18,43.44377136230469,47.900001525878906,48.88999938964844,47.29999923706055,48.380001068115234,2748900
2007-12-19,43.15354537963867,47.58000183105469,48.4900016784668,47.22999954223633,48.27999877929688,2243600
2007-12-20,43.3712043762207,47.81999969482422,48.0,47.22999954223633,47.83000183105469,2016900
2007-12-21,44.88584518432617,49.4900016784668,49.4900016784668,48.27000045776367,48.290000915527344,2265100
2007-12-24,45.56607055664063,50.2400016784668,50.45000076293945,49.47999954223633,49.5,770800
2007-12-26,45.30306243896485,49.95000076293945,50.5,49.790000915527344,50.43999862670898,1050600
2007-12-27,44.19654846191406,48.72999954223633,49.93000030517578,48.72999954223633,49.84999847412109,1110200
2007-12-28,44.75887680053711,49.34999847412109,49.810001373291016,48.75,48.75,1041000
2007-12-31,45.65676498413086,50.34000015258789,51.09999847412109,49.84999847412109,50.5099983215332,3597900
2008-01-02,45.91072845458984,50.619998931884766,51.33000183105469,50.369998931884766,50.40999984741211,4687600
2008-01-03,45.34839630126953,50.0,50.9900016784668,49.77999877929688,50.880001068115234,2208800
2008-01-04,43.9788703918457,48.4900016784668,49.9900016784668,48.43999862670898,49.58000183105469,2413800
2008-01-07,44.90398406982422,49.5099983215332,49.70000076293945,48.630001068115234,48.880001068115234,2346800
2008-01-08,43.3712043762207,47.81999969482422,49.88999938964844,47.709999084472656,49.810001373291016,2625600
2008-01-09,43.56167984008789,48.02999877929688,48.02999877929688,46.95000076293945,47.86000061035156,3926600
2008-01-10,44.3688850402832,48.91999816894531,49.22999954223633,47.5099983215332,47.650001525878906,2831700
2008-01-11,43.42562103271485,47.880001068115234,48.869998931884766,47.52000045776367,48.380001068115234,1959800
2008-01-14,44.45051956176758,49.0099983215332,49.18000030517578,48.040000915527344,48.29999923706055,1977800
2008-01-15,43.10820007324219,47.52999877929688,48.56999969482422,47.29999923706055,48.5,2110300
2008-01-16,43.18073654174805,47.61000061035156,48.41999816894531,46.880001068115234,47.68999862670898,2493100
2008-01-17,41.17634582519531,45.400001525878906,47.65999984741211,45.27000045776367,47.65999984741211,3120900
2008-01-18,40.740997314453125,44.91999816894531,46.52999877929688,44.25,45.79999923706055,3599500
2008-01-22,39.97914505004883,44.08000183105469,44.880001068115234,40.54999923706055,40.54999923706055,4391300
2008-01-23,40.63216018676758,44.79999923706055,45.0,41.290000915527344,42.869998931884766,6165200
2008-01-24,41.46657943725586,45.720001220703125,45.959999084472656,44.470001220703125,44.93999862670898,3208400
2008-01-25,40.58681869506836,44.75,46.58000183105469,44.43999862670898,46.25,2850800
2008-01-28,41.77496337890625,46.060001373291016,46.11000061035156,44.45000076293945,44.900001525878906,2195500
2008-01-29,42.47330474853516,46.83000183105469,47.040000915527344,46.150001525878906,46.25,2141500
2008-01-30,41.62981796264648,45.900001525878906,47.560001373291016,45.77000045776367,46.81999969482422,2499100
2008-01-31,42.18308639526367,46.5099983215332,47.119998931884766,44.810001373291016,45.2599983215332,2384400
2008-02-01,42.881446838378906,47.27999877929688,47.310001373291016,46.34999847412109,46.5,2036500
2008-02-04,43.18073654174805,47.61000061035156,47.9900016784668,47.09999847412109,47.09999847412109,2024200
2008-02-05,41.339622497558594,45.58000183105469,47.16999816894531,45.58000183105469,46.86000061035156,2501700
2008-02-06,40.8226203918457,45.0099983215332,46.09999847412109,44.86000061035156,45.970001220703125,2588500
2008-02-07,40.68659210205078,44.86000061035156,45.2400016784668,44.18999862670898,44.84000015258789,3227700
2008-02-08,40.56868743896485,44.72999954223633,45.470001220703125,44.33000183105469,44.33000183105469,2992300
2008-02-11,37.18570709228516,41.0,44.36000061035156,40.7599983215332,44.36000061035156,9923100
2008-02-12,38.62775802612305,42.59000015258789,43.43999862670898,40.93999862670898,40.93999862670898,6713500
2008-02-13,38.92705535888672,42.91999816894531,43.400001525878906,42.41999816894531,42.9900016784668,3204400
2008-02-14,38.88173294067383,42.869998931884766,43.470001220703125,42.709999084472656,42.88999938964844,2589200
2008-02-15,38.92705535888672,42.91999816894531,43.060001373291016,42.290000915527344,42.77999877929688,2332900
2008-02-19,39.09031295776367,43.09999847412109,43.75,42.77999877929688,43.34000015258789,2791200
2008-02-20,39.25357055664063,43.27999877929688,43.45000076293945,42.5,42.63999938964844,2705200
2008-02-21,38.82730102539063,42.810001373291016,43.75,42.70000076293945,43.34000015258789,2502300
2008-02-22,39.00869369506836,43.0099983215332,43.20000076293945,41.79999923706055,42.900001525878906,2618200
2008-02-25,39.61635971069336,43.68000030517578,43.83000183105469,42.59999847412109,42.95000076293945,2485500
2008-02-26,40.2421760559082,44.369998931884766,44.380001068115234,43.43000030517578,43.54999923706055,2378200
2008-02-27,39.815895080566406,43.900001525878906,44.470001220703125,43.56999969482422,44.18000030517578,2452300
2008-02-28,39.08292388916016,43.02999877929688,43.54999923706055,42.91999816894531,43.5,2557200
2008-02-29,38.00206756591797,41.84000015258789,42.650001525878906,41.70000076293945,42.5,4485500
2008-03-03,37.5933723449707,41.38999938964844,41.810001373291016,41.08000183105469,41.709999084472656,3048500
2008-03-04,37.69327163696289,41.5,41.7400016784668,40.709999084472656,41.04999923706055,4177300
2008-03-05,38.03839492797852,41.880001068115234,42.2400016784668,41.22999954223633,41.459999084472656,4059300
2008-03-06,37.42077255249024,41.20000076293945,41.83000183105469,41.15999984741211,41.59000015258789,3055500
2008-03-07,37.20279312133789,40.959999084472656,41.790000915527344,40.5,40.790000915527344,3311000
2008-03-10,36.721412658691406,40.43000030517578,41.22999954223633,40.380001068115234,40.90999984741211,4470300
2008-03-11,37.89308166503906,41.720001220703125,41.95000076293945,40.650001525878906,41.27000045776367,4597000
2008-03-12,37.26637268066406,41.02999877929688,42.15999984741211,41.0,42.0,2046000
2008-03-13,37.51161193847656,41.29999923706055,41.61000061035156,40.04999923706055,40.540000915527344,3880800
2008-03-14,36.54883575439453,40.2400016784668,41.61000061035156,39.83000183105469,41.61000061035156,3603700
2008-03-17,35.59517288208008,39.18999862670898,39.650001525878906,37.650001525878906,38.95000076293945,4352600
2008-03-18,37.211891174316406,40.970001220703125,40.970001220703125,39.47999954223633,39.47999954223633,3909800
2008-03-19,36.18553161621094,39.84000015258789,41.66999816894531,39.81999969482422,41.0,3416700
2008-03-20,36.721412658691406,40.43000030517578,40.540000915527344,39.459999084472656,39.880001068115234,4550400
2008-03-24,36.91216278076172,40.63999938964844,41.209999084472656,40.45000076293945,40.560001373291016,2638100
2008-03-25,37.53886032104492,41.33000183105469,41.47999954223633,40.220001220703125,40.56999969482422,1593100
2008-03-26,36.821327209472656,40.540000915527344,41.09999847412109,40.40999984741211,41.02999877929688,2102700
2008-03-27,36.48527526855469,40.16999816894531,40.86000061035156,40.13999938964844,40.560001373291016,2512700
2008-03-28,36.38536071777344,40.060001373291016,40.65999984741211,40.0,40.36000061035156,1444800
2008-03-31,36.53069686889648,40.220001220703125,40.34999847412109,39.79999923706055,39.970001220703125,2356800
2008-04-01,38.05656433105469,41.900001525878906,42.0099983215332,39.88999938964844,39.88999938964844,2685400
2008-04-02,38.4471435546875,42.33000183105469,42.63999938964844,41.66999816894531,42.13999938964844,2665800
2008-04-03,38.37446975708008,42.25,42.43999862670898,41.84000015258789,41.91999816894531,1921500
2008-04-04,38.27455520629883,42.13999938964844,42.72999954223633,41.900001525878906,42.22999954223633,1768300
2008-04-07,38.310882568359375,42.18000030517578,42.68000030517578,41.93999862670898,42.369998931884766,2885100
2008-04-08,37.68418502807617,41.4900016784668,42.08000183105469,41.40999984741211,41.59999847412109,2277200
2008-04-09,37.68418502807617,41.4900016784668,42.0,41.38999938964844,41.43000030517578,1647400
2008-04-10,37.7296028137207,41.540000915527344,41.75,41.22999954223633,41.40999984741211,1850600
2008-04-11,37.320892333984375,41.09000015258789,41.68000030517578,40.880001068115234,41.119998931884766,1975500
2008-04-14,37.61151885986328,41.40999984741211,41.79999923706055,40.9900016784668,41.09000015258789,3435100
2008-04-15,38.156471252441406,42.0099983215332,42.0099983215332,41.18999862670898,41.59000015258789,2270200
2008-04-16,39.0738410949707,43.02000045776367,43.06999969482422,42.2599983215332,42.470001220703125,2770900
2008-04-17,39.291805267333984,43.2599983215332,43.5,42.470001220703125,42.959999084472656,2070600
2008-04-18,40.209171295166016,44.27000045776367,44.43999862670898,43.65999984741211,43.75,2600400
2008-04-21,39.88218688964844,43.90999984741211,44.15999984741211,43.619998931884766,43.869998931884766,1555800
2008-04-22,39.63695907592773,43.63999938964844,43.86000061035156,43.380001068115234,43.63999938964844,1408600
2008-04-23,39.7913703918457,43.810001373291016,44.27000045776367,43.5,43.720001220703125,1851400
2008-04-24,40.47256851196289,44.560001373291016,44.68999862670898,43.369998931884766,43.79999923706055,2493900
2008-04-25,40.536163330078125,44.630001068115234,44.84000015258789,43.93999862670898,44.560001373291016,2133200
2008-04-28,38.40171432495117,42.27999877929688,44.9900016784668,42.060001373291016,44.9900016784668,4783800
2008-04-29,38.39263153076172,42.27000045776367,42.56999969482422,41.970001220703125,42.20000076293945,2725600
2008-04-30,38.24730682373047,42.11000061035156,42.65999984741211,41.959999084472656,42.130001068115234,2217300
2008-05-01,38.65604019165039,42.560001373291016,42.63999938964844,41.75,41.810001373291016,2501200
2008-05-02,39.3463249206543,43.31999969482422,43.4900016784668,42.77000045776367,42.86000061035156,1923200
2008-05-05,39.52798461914063,43.52000045776367,43.619998931884766,42.97999954223633,43.209999084472656,2581600
2008-05-06,40.781394958496094,44.900001525878906,44.91999816894531,43.04999923706055,43.11000061035156,3429400
2008-05-07,40.01845169067383,44.060001373291016,45.09000015258789,43.959999084472656,44.869998931884766,3266500
2008-05-08,40.05476379394531,44.09999847412109,44.2599983215332,43.72999954223633,44.11000061035156,3071900
2008-05-09,42.043888092041016,46.290000915527344,46.790000915527344,44.310001373291016,44.31999969482422,10170200
2008-05-12,43.54253387451172,47.93999862670898,47.93999862670898,46.29999923706055,46.5,7250400
2008-05-13,44.55072021484375,49.04999923706055,49.5,48.0,48.0,8909300
2008-05-14,44.81412124633789,49.34000015258789,49.68999862670898,49.02000045776367,49.18000030517578,6834000
2008-05-15,44.74145126342773,49.2599983215332,49.650001525878906,48.4900016784668,49.150001525878906,6436600
2008-05-16,44.8776969909668,49.40999984741211,49.77000045776367,48.790000915527344,49.5,3339700
2008-05-19,44.596134185791016,49.09999847412109,49.47999954223633,48.790000915527344,49.34999847412109,4163700
2008-05-20,44.132911682128906,48.59000015258789,49.290000915527344,48.369998931884766,48.959999084472656,4802000
2008-05-21,43.3717155456543,47.68999862670898,48.83000183105469,47.59000015258789,48.58000183105469,5187500
2008-05-22,43.42627716064453,47.75,48.16999816894531,47.470001220703125,47.540000915527344,4538500
2008-05-23,42.82603073120117,47.09000015258789,47.77999877929688,46.97999954223633,47.619998931884766,3849600
2008-05-27,43.00791549682617,47.290000915527344,47.52999877929688,46.84999847412109,47.20000076293945,3972900
2008-05-28,44.01739883422852,48.400001525878906,48.459999084472656,47.02999877929688,47.68000030517578,6275900
2008-05-29,44.78135681152344,49.2400016784668,49.66999816894531,48.2599983215332,48.5,8183600
2008-05-30,45.08146667480469,49.56999969482422,50.880001068115234,49.04999923706055,49.4900016784668,8975800
2008-06-02,44.97233581542969,49.45000076293945,50.4900016784668,49.150001525878906,49.27999877929688,11090500
2008-06-03,45.0178108215332,49.5,50.09999847412109,48.869998931884766,49.59999847412109,12349800
2008-06-04,45.96363067626953,50.540000915527344,51.25,50.209999084472656,50.22999954223633,18519600
2008-06-05,46.05458068847656,50.63999938964844,51.09999847412109,50.209999084472656,50.93000030517578,17153900
2008-06-06,45.42706680297852,49.95000076293945,51.060001373291016,49.95000076293945,50.31999969482422,21269800
2008-06-09,45.236083984375,49.7400016784668,50.310001373291016,48.84999847412109,49.95000076293945,27735800
2008-06-10,44.10836791992188,48.5,49.220001220703125,47.66999816894531,48.20000076293945,18451700
2008-06-11,44.517616271972656,48.95000076293945,49.459999084472656,47.65999984741211,48.29999923706055,4428100
2008-06-12,44.89959335327149,49.369998931884766,50.0,49.040000915527344,49.41999816894531,3922400
2008-06-13,45.83631896972656,50.400001525878906,50.5,49.5,49.56999969482422,3002100
2008-06-16,46.1273307800293,50.720001220703125,51.060001373291016,49.790000915527344,50.15999984741211,3232000
2008-06-17,45.59984588623047,50.13999938964844,51.29999923706055,50.13999938964844,51.06999969482422,3416700
2008-06-18,45.5816650390625,50.119998931884766,50.63999938964844,49.86000061035156,50.09999847412109,8125900
2008-06-19,45.60894775390625,50.150001525878906,50.97999954223633,49.77000045776367,50.18999862670898,7597600
2008-06-20,45.00872039794922,49.4900016784668,50.29999923706055,49.4900016784668,49.86000061035156,4271000
2008-06-23,44.38121032714844,48.79999923706055,51.5099983215332,48.459999084472656,49.84999847412109,2339100
2008-06-24,44.56307601928711,49.0,49.38999938964844,48.40999984741211,48.70000076293945,2543900
2008-06-25,44.244773864746094,48.650001525878906,49.400001525878906,48.540000915527344,49.400001525878906,2673600
2008-06-26,43.18980026245117,47.4900016784668,48.86000061035156,47.4900016784668,48.400001525878906,2608600
2008-06-27,43.21709442138672,47.52000045776367,49.4900016784668,46.040000915527344,47.4900016784668,3648900
2008-06-30,42.65325164794922,46.900001525878906,48.380001068115234,46.86000061035156,48.02999877929688,2253000
2008-07-01,42.9533576965332,47.22999954223633,47.31999969482422,46.45000076293945,46.709999084472656,3128400
2008-07-02,42.21670150756836,46.41999816894531,48.5,46.40999984741211,47.08000183105469,2367400
2008-07-03,41.79835510253906,45.959999084472656,47.2400016784668,45.70000076293945,46.619998931884766,1133500
2008-07-07,41.13444519042969,45.22999954223633,47.18000030517578,44.9900016784668,46.27000045776367,3407200
2008-07-08,42.407676696777344,46.630001068115234,46.75,45.08000183105469,46.650001525878906,4998000
2008-07-09,41.498233795166016,45.630001068115234,47.52000045776367,45.5,47.02999877929688,4509400
2008-07-10,41.816524505615234,45.97999954223633,46.220001220703125,45.0,45.34000015258789,4262200
2008-07-11,41.252662658691406,45.36000061035156,46.5,44.150001525878906,45.61000061035156,5054000
2008-07-14,40.725189208984375,44.77999877929688,46.130001068115234,44.68000030517578,45.95000076293945,4799000
2008-07-15,39.80665969848633,43.77000045776367,45.11000061035156,43.66999816894531,44.29999923706055,5812500
2008-07-16,39.42469024658203,43.34999847412109,44.130001068115234,43.040000915527344,43.54999923706055,5992800
2008-07-17,39.12456893920898,43.02000045776367,44.18000030517578,42.66999816894531,43.650001525878906,6633100
2008-07-18,39.05181121826172,42.93999862670898,43.119998931884766,42.5,42.970001220703125,6118100
2008-07-21,39.56110382080078,43.5,43.880001068115234,42.27999877929688,42.91999816894531,3638000
2008-07-22,40.11587905883789,44.11000061035156,44.2400016784668,42.83000183105469,43.290000915527344,3407100
2008-07-23,39.48833847045898,43.41999816894531,44.25,43.20000076293945,43.97999954223633,3509600
2008-07-24,38.10597610473633,41.900001525878906,44.0099983215332,41.77000045776367,43.59999847412109,4547100
2008-07-25,38.12417221069336,41.91999816894531,43.83000183105469,41.2599983215332,43.68999862670898,3137700
2008-07-28,38.69712829589844,42.54999923706055,43.880001068115234,41.650001525878906,41.91999816894531,3773100
2008-07-29,40.425079345703125,44.45000076293945,44.54999923706055,42.900001525878906,43.02999877929688,4024700
2008-07-30,41.307247161865234,45.41999816894531,46.27000045776367,44.459999084472656,45.7400016784668,3109400
2008-07-31,40.52511978149414,44.560001373291016,45.36000061035156,44.5099983215332,45.0,2715800
2008-08-01,40.352333068847656,44.369998931884766,44.70000076293945,43.869998931884766,44.4900016784668,2321100
2008-08-04,39.28828048706055,43.20000076293945,44.540000915527344,43.20000076293945,44.02999877929688,2494800
2008-08-05,39.99764633178711,43.97999954223633,43.9900016784668,43.04999923706055,43.54999923706055,3470400
2008-08-06,40.279579162597656,44.290000915527344,44.810001373291016,43.900001525878906,43.900001525878906,2770100
2008-08-07,38.8244514465332,42.68999862670898,44.45000076293945,42.59000015258789,44.02000045776367,2587600
2008-08-08,39.56110382080078,43.5,43.63999938964844,42.41999816894531,42.810001373291016,14163100
2008-08-11,39.3155517578125,43.22999954223633,43.810001373291016,42.7599983215332,43.47999954223633,2589800
2008-08-12,38.75170516967773,42.61000061035156,43.20000076293945,42.47999954223633,42.90999984741211,2796500
2008-08-13,38.43338394165039,42.2599983215332,42.810001373291016,41.869998931884766,42.27999877929688,2739700
2008-08-14,38.74258804321289,42.59999847412109,42.720001220703125,41.650001525878906,41.650001525878906,2291700
2008-08-15,38.54252243041992,42.380001068115234,43.43999862670898,42.09999847412109,42.52000045776367,5546700
2008-08-18,37.80587768554688,41.56999969482422,42.52000045776367,41.470001220703125,42.209999084472656,2740600
2008-08-19,37.2328987121582,40.93999862670898,41.63999938964844,40.7599983215332,41.2599983215332,1867400
2008-08-20,37.47845458984375,41.209999084472656,41.25,40.58000183105469,40.95000076293945,1819500
2008-08-21,37.26928329467773,40.97999954223633,41.43999862670898,40.63999938964844,41.0,1598400
2008-08-22,38.26969146728516,42.08000183105469,42.08000183105469,40.93000030517578,40.93000030517578,4133400
2008-08-25,37.60579299926758,41.34999847412109,42.43000030517578,41.290000915527344,41.77000045776367,1281300
2008-08-26,38.096900939941406,41.88999938964844,41.959999084472656,40.95000076293945,41.220001220703125,1573900
2008-08-27,39.10636520385742,43.0,43.0,41.84000015258789,41.900001525878906,2088400
2008-08-28,39.82863235473633,43.72999954223633,43.84000015258789,43.09999847412109,43.22999954223633,2560700
2008-08-29,39.55540084838867,43.43000030517578,44.09999847412109,43.31999969482422,43.56999969482422,2012500
2008-09-02,39.18198013305664,43.02000045776367,45.13999938964844,42.7400016784668,44.06999969482422,2172200
2008-09-03,38.87231063842773,42.68000030517578,43.43000030517578,42.2400016784668,43.150001525878906,2415000
2008-09-04,37.979736328125,41.70000076293945,42.540000915527344,41.5,42.5,3573200
2008-09-05,38.51709747314453,42.290000915527344,42.34999847412109,41.09999847412109,41.4900016784668,2944300
2008-09-08,39.51897048950195,43.38999938964844,45.209999084472656,42.310001373291016,45.209999084472656,3686200
2008-09-09,37.64274597167969,41.33000183105469,43.54999923706055,41.33000183105469,43.08000183105469,4164300
2008-09-10,37.84312057495117,41.54999923706055,42.02999877929688,40.18999862670898,41.16999816894531,3750600
2008-09-11,37.59722137451172,41.27999877929688,41.40999984741211,40.5,40.58000183105469,4093100
2008-09-12,38.1163444519043,41.84999847412109,42.09999847412109,40.790000915527344,41.22999954223633,5079200
2008-09-15,35.730106353759766,39.22999954223633,41.91999816894531,39.22999954223633,39.43999862670898,4880200
2008-09-16,36.44961929321289,40.02000045776367,40.380001068115234,37.540000915527344,38.0,4929100
2008-09-17,34.43678283691406,37.810001373291016,40.59000015258789,37.45000076293945,39.720001220703125,4667500
2008-09-18,36.431400299072266,40.0,40.0,36.11000061035156,39.2400016784668,5291800
2008-09-19,37.323974609375,40.97999954223633,49.31999969482422,39.20000076293945,44.93999862670898,5392100
2008-09-22,36.476932525634766,40.04999923706055,42.150001525878906,38.7400016784668,40.63999938964844,3996100
2008-09-23,36.60444641113281,40.18999862670898,42.5,39.25,42.5,1317800
2008-09-24,37.032527923583984,40.65999984741211,42.02000045776367,38.959999084472656,39.220001220703125,1844900
2008-09-25,38.47156524658203,42.2400016784668,43.59999847412109,40.38999938964844,40.65999984741211,1850600
2008-09-26,39.15464019775391,42.9900016784668,42.9900016784668,41.09999847412109,41.75,1579600
2008-09-29,33.58063125610352,36.869998931884766,41.75,35.0,40.93999862670898,6734700
2008-09-30,35.96689224243164,39.4900016784668,39.650001525878906,37.470001220703125,37.77000045776367,2396100
2008-10-01,35.01968765258789,38.45000076293945,39.130001068115234,37.63999938964844,39.130001068115234,2467000
2008-10-02,31.74085807800293,34.849998474121094,39.16999816894531,34.810001373291016,38.43999862670898,2496900
2008-10-03,32.62432861328125,35.81999969482422,37.220001220703125,35.20000076293945,35.20000076293945,5263900
2008-10-06,31.40387344360352,34.47999954223633,35.630001068115234,33.369998931884766,34.70000076293945,4087700
2008-10-07,30.11966896057129,33.06999969482422,35.68000030517578,33.06999969482422,33.81999969482422,3175500
2008-10-08,24.83711624145508,27.270000457763672,36.75,27.270000457763672,33.43000030517578,4227200
2008-10-09,24.199556350708008,26.56999969482422,30.59000015258789,26.56999969482422,28.1200008392334,4614400
2008-10-10,23.771488189697266,26.100000381469727,26.799999237060547,23.270000457763672,24.100000381469727,6103700
2008-10-13,29.39104080200196,32.27000045776367,32.459999084472656,27.489999771118164,28.86000061035156,3792900
2008-10-14,30.84828758239746,33.869998931884766,34.75,32.459999084472656,33.68000030517578,4905800
2008-10-15,27.596784591674805,30.299999237060547,33.4900016784668,30.0,33.20000076293945,4268200
2008-10-16,29.682491302490234,32.59000015258789,32.61000061035156,29.030000686645508,30.57999992370605,3709300
2008-10-17,28.60775375366211,31.40999984741211,33.7400016784668,29.8799991607666,31.979999542236328,3161200
2008-10-20,31.504051208496094,34.59000015258789,34.7599983215332,31.18000030517578,31.600000381469727,1630200
2008-10-21,30.06502723693848,33.0099983215332,34.58000183105469,32.689998626708984,34.2400016784668,1619300
2008-10-22,27.369096755981445,30.049999237060547,32.45000076293945,29.059999465942383,32.45000076293945,2112100
2008-10-23,28.999401092529297,31.84000015258789,32.38999938964844,28.82999992370605,30.1299991607666,3059300
2008-10-24,28.516677856445312,31.309999465942383,31.309999465942383,28.01000022888184,28.01000022888184,2038600
2008-10-27,23.361635208129883,25.64999961853028,29.530000686645508,25.64999961853028,29.530000686645508,5040800
2008-10-28,26.467409133911133,29.059999465942383,29.059999465942383,24.65999984741211,26.18000030517578,4411000
2008-10-29,26.185077667236328,28.75,32.5,28.36000061035156,29.81999969482422,4797000
2008-10-30,29.354602813720703,32.22999954223633,32.459999084472656,29.239999771118164,29.520000457763672,2057800
2008-10-31,30.23807716369629,33.20000076293945,34.029998779296875,31.36000061035156,31.90999984741211,2698700
2008-11-03,30.192527770996094,33.150001525878906,34.130001068115234,32.0,32.939998626708984,2384100
2008-11-04,30.51128578186035,33.5,34.2599983215332,32.689998626708984,33.95000076293945,2620800
2008-11-05,29.190662384033203,32.04999923706055,33.52000045776367,31.39999961853028,32.060001373291016,2987000
2008-11-06,26.67689323425293,29.290000915527344,32.7400016784668,29.13999938964844,31.81999969482422,3143400
2008-11-07,27.496601104736328,30.190000534057617,30.3700008392334,29.11000061035156,29.11000061035156,1922500
2008-11-10,26.71333694458008,29.32999992370605,31.190000534057617,28.770000457763672,30.559999465942383,1788300
2008-11-11,26.075777053833008,28.6299991607666,29.450000762939453,28.15999984741211,28.989999771118164,2261700
2008-11-12,24.172239303588867,26.540000915527344,28.729999542236328,26.38999938964844,28.030000686645508,2909100
2008-11-13,26.549388885498047,29.14999961853028,29.21999931335449,25.36000061035156,26.770000457763672,3543900
2008-11-14,25.44733238220215,27.940000534057617,29.61000061035156,27.0,28.100000381469727,2385500
2008-11-17,23.66219711303711,25.979999542236328,27.790000915527344,25.82999992370605,27.63999938964844,2479400
2008-11-18,23.844348907470703,26.18000030517578,26.479999542236328,24.68000030517578,26.030000686645508,3157600
2008-11-19,21.585607528686523,23.700000762939453,26.700000762939453,23.450000762939453,25.989999771118164,2761000
2008-11-20,18.27945899963379,20.06999969482422,23.21999931335449,19.38999938964844,23.0,5887400
2008-11-21,20.34694480895996,22.34000015258789,22.450000762939453,19.799999237060547,20.6200008392334,5197100
2008-11-24,23.297882080078125,25.57999992370605,25.63999938964844,22.32999992370605,23.309999465942383,4382100
2008-11-25,23.261455535888672,25.540000915527344,26.14999961853028,24.1299991607666,25.63999938964844,3021600
2008-11-26,24.97157096862793,27.350000381469727,27.549999237060547,24.26000022888184,24.26000022888184,2491300
2008-11-28,25.008094787597656,27.38999938964844,27.459999084472656,26.26000022888184,27.299999237060547,1250600
2008-12-01,21.438108444213867,23.479999542236328,26.75,23.34000015258789,26.309999465942383,2927000
2008-12-02,23.28244972229004,25.5,25.850000381469727,24.13999938964844,24.799999237060547,3371300
2008-12-03,24.26852226257324,26.57999992370605,26.8700008392334,24.049999237060547,24.81999969482422,2469000
2008-12-04,22.917234420776367,25.100000381469727,26.709999084472656,24.57999992370605,25.770000457763672,2196400
2008-12-05,23.720706939697266,25.979999542236328,26.15999984741211,23.729999542236328,24.82999992370605,3120200
2008-12-08,25.61069869995117,28.049999237060547,28.46999931335449,26.68000030517578,26.68000030517578,3605200
2008-12-09,24.49678611755371,26.82999992370605,28.26000022888184,26.61000061035156,27.0,3325300
2008-12-10,25.56504249572754,28.0,28.5,26.690000534057617,27.07999992370605,2229200
2008-12-11,24.697656631469727,27.049999237060547,28.96999931335449,26.86000061035156,27.770000457763672,1991400
2008-12-12,25.035484313964844,27.420000076293945,27.5,25.729999542236328,26.25,1998300
2008-12-15,24.451143264770508,26.780000686645508,28.030000686645508,26.299999237060547,27.299999237060547,1958100
2008-12-16,26.587646484375,29.1200008392334,29.1200008392334,27.07999992370605,27.170000076293945,2787800
2008-12-17,25.97591209411621,28.450000762939453,29.350000381469727,28.020000457763672,29.07999992370605,1698400
2008-12-18,25.008094787597656,27.38999938964844,29.200000762939453,27.1200008392334,29.040000915527344,2062700
2008-12-19,25.546789169311523,27.979999542236328,28.61000061035156,27.46999931335449,28.270000457763672,2843300
2008-12-22,24.387222290039062,26.709999084472656,28.5,26.209999084472656,28.440000534057617,1807600
2008-12-23,24.51504898071289,26.850000381469727,27.39999961853028,26.43000030517578,26.88999938964844,1910900
2008-12-24,24.058534622192383,26.350000381469727,26.959999084472656,26.14999961853028,26.959999084472656,540800
2008-12-26,24.432886123657227,26.76000022888184,26.90999984741211,26.190000534057617,26.51000022888184,928800
2008-12-29,24.02201461791992,26.309999465942383,27.0,25.90999984741211,26.700000762939453,1344700
2008-12-30,25.35504531860352,27.770000457763672,27.81999969482422,26.350000381469727,26.350000381469727,1559400
2008-12-31,25.79329872131348,28.25,28.450000762939453,26.88999938964844,27.34000015258789,1366700
2009-01-02,27.18111801147461,29.770000457763672,30.0,27.8700008392334,28.89999961853028,1857300
2009-01-05,27.2176456451416,29.809999465942383,30.5,29.09000015258789,29.5,1577700
2009-01-06,27.318078994750977,29.920000076293945,30.600000381469727,29.51000022888184,30.51000022888184,1741000
2009-01-07,25.74765968322754,28.200000762939453,29.489999771118164,28.06999969482422,29.459999084472656,1729000
2009-01-08,25.994178771972656,28.46999931335449,28.71999931335449,27.82999992370605,27.89999961853028,1480000
2009-01-09,25.1085205078125,27.5,28.600000381469727,27.38999938964844,28.530000686645508,1462700
2009-01-12,24.25027275085449,26.559999465942383,27.75,26.25,27.700000762939453,1871300
2009-01-13,24.03114318847656,26.31999969482422,26.68000030517578,25.82999992370605,26.34000015258789,2964700
2009-01-14,22.4241886138916,24.559999465942383,25.8700008392334,24.34000015258789,25.59000015258789,2349800
2009-01-15,22.78029060363769,24.950000762939453,25.709999084472656,23.6200008392334,24.5,2717300
2009-01-16,22.90810775756836,25.09000015258789,25.989999771118164,24.71999931335449,25.600000381469727,2784900
2009-01-20,21.438108444213867,23.479999542236328,25.530000686645508,23.46999931335449,24.18000030517578,3811600
2009-01-21,23.51984214782715,25.76000022888184,25.8700008392334,23.5,23.979999542236328,3695300
2009-01-22,22.132020950317383,24.239999771118164,25.21999931335449,23.84000015258789,25.18000030517578,3588500
2009-01-23,22.396804809570312,24.530000686645508,24.76000022888184,23.25,23.43000030517578,3119900
2009-01-26,22.342021942138672,24.46999931335449,25.57999992370605,24.01000022888184,24.89999961853028,2406400
2009-01-27,22.844188690185547,25.020000457763672,25.229999542236328,24.32999992370605,24.86000061035156,2051800
2009-01-28,23.93983268737793,26.21999931335449,26.950000762939453,25.479999542236328,26.950000762939453,2842500
2009-01-29,22.396804809570312,24.530000686645508,25.799999237060547,24.459999084472656,25.799999237060547,2284500
2009-01-30,22.278106689453125,24.39999961853028,25.01000022888184,23.71999931335449,24.81999969482422,4018400
2009-02-02,21.14594841003418,23.15999984741211,23.86000061035156,22.93000030517578,23.56999969482422,4751800
2009-02-03,21.355937957763672,23.38999938964844,23.68000030517578,23.100000381469727,23.36000061035156,2691100
2009-02-04,21.45638084411621,23.5,24.059999465942383,23.13999938964844,23.64999961853028,2207200
2009-02-05,22.14116096496582,24.25,24.6299991607666,23.0,23.01000022888184,3083100
2009-02-06,22.807666778564453,24.979999542236328,25.06999969482422,24.030000686645508,24.190000534057617,3952700
2009-02-09,22.889835357666016,25.06999969482422,25.82999992370605,23.65999984741211,23.65999984741211,1810100
2009-02-10,21.054643630981445,23.059999465942383,25.190000534057617,22.90999984741211,24.700000762939453,3948100
2009-02-11,21.785070419311523,23.86000061035156,23.96999931335449,22.979999542236328,23.3799991607666,3322800
2009-02-12,21.246383666992188,23.270000457763672,23.420000076293945,22.13999938964844,22.86000061035156,4503800
2009-02-13,20.83551025390625,22.81999969482422,23.43000030517578,22.780000686645508,23.229999542236328,2695000
2009-02-17,19.31986427307129,21.15999984741211,22.06999969482422,21.1200008392334,22.0,4132000
2009-02-18,19.429428100585938,21.280000686645508,21.88999938964844,20.64999961853028,21.36000061035156,5860500
2009-02-19,18.90899658203125,20.709999084472656,21.739999771118164,20.65999984741211,21.450000762939453,3738000
2009-02-20,18.397703170776367,20.14999961853028,20.670000076293945,19.5,20.14999961853028,5776700
2009-02-23,17.932048797607422,19.63999938964844,21.5,19.600000381469727,21.200000762939453,4686300
2009-02-24,19.37464904785156,21.21999931335449,21.26000022888184,19.559999465942383,19.799999237060547,6169900
2009-02-25,18.717266082763672,20.5,21.3700008392334,19.850000381469727,21.06999969482422,6048400
2009-02-26,18.802431106567383,20.530000686645508,21.6200008392334,20.36000061035156,21.40999984741211,4348900
2009-02-27,18.179664611816406,19.850000381469727,20.450000762939453,19.799999237060547,19.940000534057617,5565700
2009-03-02,17.39202117919922,18.989999771118164,19.90999984741211,18.88999938964844,19.34000015258789,5426300
2009-03-03,17.309602737426758,18.89999961853028,19.63999938964844,18.729999542236328,19.43000030517578,6742400
2009-03-04,18.15218544006348,19.81999969482422,20.350000381469727,18.89999961853028,19.39999961853028,6189300
2009-03-05,16.71430015563965,18.25,19.56999969482422,17.860000610351562,19.1299991607666,5889800
2009-03-06,16.604394912719727,18.1299991607666,18.8799991607666,17.399999618530273,18.440000534057617,5905700
2009-03-09,16.503658294677734,18.020000457763672,18.670000076293945,17.549999237060547,17.799999237060547,4334700
2009-03-10,17.65762710571289,19.280000686645508,19.309999465942383,18.290000915527344,18.5,5234700
2009-03-11,16.824207305908203,18.3700008392334,19.32999992370605,18.059999465942383,19.32999992370605,5884900
2009-03-12,18.06060218811035,19.71999931335449,19.920000076293945,17.8799991607666,18.280000686645508,5868200
2009-03-13,18.6101188659668,20.31999969482422,20.36000061035156,19.299999237060547,19.89999961853028,4917300
2009-03-16,18.46357154846192,20.15999984741211,21.26000022888184,20.020000457763672,20.6299991607666,5571400
2009-03-17,19.82819366455078,21.64999961853028,21.64999961853028,19.96999931335449,20.13999938964844,4995900
2009-03-18,20.560874938964844,22.450000762939453,22.46999931335449,20.40999984741211,21.479999542236328,6354500
2009-03-19,20.945537567138672,22.8700008392334,23.56999969482422,22.559999465942383,22.559999465942383,8434800
2009-03-20,20.78983688354492,22.700000762939453,23.540000915527344,22.38999938964844,23.540000915527344,9665500
2009-03-23,21.53167533874512,23.51000022888184,23.690000534057617,22.809999465942383,22.81999969482422,8531900
2009-03-24,20.606670379638672,22.5,23.5,22.309999465942383,22.549999237060547,6928900
2009-03-25,21.17450523376465,23.1200008392334,23.450000762939453,22.020000457763672,22.71999931335449,4821000
2009-03-26,21.229455947875977,23.18000030517578,23.850000381469727,22.940000534057617,23.68000030517578,5131300
2009-03-27,20.46013259887696,22.34000015258789,23.18000030517578,22.190000534057617,22.809999465942383,4212500
2009-03-30,19.727453231811523,21.540000915527344,22.11000061035156,21.3799991607666,21.809999465942383,5145000
2009-03-31,20.240327835083008,22.100000381469727,22.299999237060547,21.520000457763672,21.780000686645508,4822100
2009-04-01,20.68909072875977,22.59000015258789,22.75,21.489999771118164,21.6299991607666,3925900
2009-04-02,21.11037826538086,23.049999237060547,23.739999771118164,22.700000762939453,23.25,6400800
2009-04-03,21.51335525512696,23.489999771118164,23.5,22.729999542236328,22.850000381469727,3993000
2009-04-06,20.97300720214844,22.89999961853028,23.15999984741211,22.520000457763672,23.15999984741211,3553700
2009-04-07,20.41434097290039,22.290000915527344,22.90999984741211,22.14999961853028,22.14999961853028,3102100
2009-04-08,20.817312240600582,22.729999542236328,22.850000381469727,22.299999237060547,22.450000762939453,2669900
2009-04-09,22.48416328430176,24.549999237060547,24.59000015258789,22.950000762939453,23.32999992370605,6581200
2009-04-13,23.38169860839844,25.530000686645508,25.799999237060547,23.920000076293945,24.13999938964844,4601200
2009-04-14,22.181930541992188,24.21999931335449,25.540000915527344,24.15999984741211,24.280000686645508,4495700
2009-04-15,23.0886173248291,25.209999084472656,25.270000457763672,23.75,24.049999237060547,3230000
2009-04-16,23.03367805480957,25.14999961853028,25.56999969482422,24.540000915527344,25.5,3030700
2009-04-17,23.06114959716797,25.18000030517578,25.520000457763672,24.739999771118164,25.200000762939453,4116400
2009-04-20,21.623254776000977,23.61000061035156,24.90999984741211,23.59000015258789,24.479999542236328,4016600
2009-04-21,23.18936920166016,25.31999969482422,25.350000381469727,22.979999542236328,22.979999542236328,4533800
2009-04-22,21.99876594543457,24.020000457763672,24.950000762939453,23.82999992370605,24.57999992370605,4282000
2009-04-23,22.7680778503418,24.86000061035156,24.979999542236328,24.0,24.26000022888184,3513500
2009-04-24,22.914608001708984,25.020000457763672,25.43000030517578,24.479999542236328,25.059999465942383,5118500
2009-04-27,22.456682205200195,24.520000457763672,24.96999931335449,24.39999961853028,24.5,3216800
2009-04-28,22.24604225158692,24.290000915527344,24.71999931335449,23.86000061035156,24.020000457763672,2034200
2009-04-29,23.21684455871582,25.350000381469727,25.59000015258789,24.18000030517578,24.18000030517578,3840400
2009-04-30,22.79555892944336,24.88999938964844,25.64999961853028,24.770000457763672,25.64999961853028,3596600
2009-05-01,23.07030487060547,25.190000534057617,25.39999961853028,24.489999771118164,24.8700008392334,2764200
2009-05-04,25.030229568481445,27.32999992370605,27.420000076293945,24.809999465942383,24.850000381469727,6511500
2009-05-05,24.4532413482666,26.700000762939453,27.5,26.670000076293945,27.100000381469727,2973800
2009-05-06,25.543107986450195,27.88999938964844,28.170000076293945,26.850000381469727,27.100000381469727,6321200
2009-05-07,24.517353057861328,26.770000457763672,28.440000534057617,26.6299991607666,28.11000061035156,5205600
2009-05-08,26.568862915039062,29.01000022888184,29.01000022888184,26.75,26.809999465942383,4496000
2009-05-11,24.55398941040039,26.809999465942383,28.59000015258789,26.700000762939453,28.18000030517578,4783200
2009-05-12,24.56314849853516,26.81999969482422,27.34000015258789,26.299999237060547,27.309999465942383,4242600
2009-05-13,23.49159812927246,25.64999961853028,26.540000915527344,25.549999237060547,26.31999969482422,4860500
2009-05-14,24.01362991333008,26.21999931335449,26.459999084472656,25.270000457763672,25.61000061035156,3347000
2009-05-15,23.0886173248291,25.209999084472656,26.270000457763672,25.1299991607666,26.049999237060547,3101200
2009-05-18,24.61809730529785,26.8799991607666,26.920000076293945,25.5,25.68000030517578,4237100
2009-05-19,24.260915756225582,26.489999771118164,27.0,26.32999992370605,26.76000022888184,2637900
2009-05-20,23.867095947265625,26.059999465942383,27.190000534057617,25.90999984741211,27.0,2752500
2009-05-21,23.574020385742188,25.739999771118164,25.809999465942383,25.25,25.729999542236328,2843100
2009-05-22,23.592342376708984,25.76000022888184,26.190000534057617,25.6299991607666,25.790000915527344,2095600
2009-05-26,24.297557830810547,26.530000686645508,26.6200008392334,25.21999931335449,25.56999969482422,3352000
2009-05-27,23.25347328186035,25.38999938964844,26.59000015258789,25.38999938964844,26.350000381469727,3774800
2009-05-28,24.15599632263184,26.309999465942383,26.34000015258789,25.270000457763672,25.270000457763672,3317600
2009-05-29,24.83540916442871,27.049999237060547,27.049999237060547,26.0,26.270000457763672,4507500
2009-06-01,26.10243797302246,28.43000030517578,29.170000076293945,27.200000762939453,27.200000762939453,6304700
2009-06-02,26.07488441467285,28.39999961853028,28.84000015258789,28.209999084472656,28.520000457763672,4076200
2009-06-03,25.26693153381348,27.520000457763672,28.21999931335449,27.25,28.21999931335449,2279600
2009-06-04,25.845361709594727,28.14999961853028,28.209999084472656,27.46999931335449,27.729999542236328,2839900
2009-06-05,25.423019409179688,27.690000534057617,28.959999084472656,27.6299991607666,28.799999237060547,2738800
2009-06-08,25.634191513061523,27.920000076293945,28.1299991607666,27.239999771118164,27.530000686645508,2010700
2009-06-09,25.753549575805664,28.049999237060547,28.1200008392334,27.63999938964844,27.89999961853028,2080300
2009-06-10,25.7902774810791,28.09000015258789,28.530000686645508,27.709999084472656,28.530000686645508,2388900
2009-06-11,25.89126968383789,28.200000762939453,28.57999992370605,27.799999237060547,28.07999992370605,3794100
2009-06-12,25.826997756958008,28.1299991607666,28.200000762939453,27.700000762939453,28.200000762939453,1604900
2009-06-15,25.23020362854004,27.479999542236328,28.059999465942383,27.39999961853028,27.8799991607666,2357000
2009-06-16,24.99149703979492,27.21999931335449,27.8700008392334,27.190000534057617,27.65999984741211,2920000
2009-06-17,24.706876754760746,26.90999984741211,27.36000061035156,26.790000915527344,26.850000381469727,2324800
2009-06-18,24.97313690185547,27.200000762939453,27.540000915527344,26.88999938964844,26.88999938964844,3092900
2009-06-19,25.18430519104004,27.43000030517578,27.709999084472656,27.049999237060547,27.700000762939453,3023600
2009-06-22,24.36717987060547,26.540000915527344,27.209999084472656,26.530000686645508,27.100000381469727,3797200
2009-06-23,24.5967025756836,26.790000915527344,27.040000915527344,26.530000686645508,26.68000030517578,3702400
2009-06-24,24.47735023498535,26.65999984741211,27.26000022888184,26.459999084472656,26.809999465942383,2606100
2009-06-25,25.30365943908692,27.559999465942383,27.56999969482422,26.309999465942383,26.790000915527344,2646300
2009-06-26,24.945594787597656,27.170000076293945,27.549999237060547,27.01000022888184,27.51000022888184,1974000
2009-06-29,25.193490982055664,27.440000534057617,27.530000686645508,26.8799991607666,27.280000686645508,2064700
2009-06-30,25.15676689147949,27.39999961853028,27.56999969482422,26.690000534057617,27.46999931335449,3035000
2009-07-01,25.175127029418945,27.420000076293945,27.670000076293945,27.309999465942383,27.520000457763672,2196200
2009-07-02,23.91728782653809,26.049999237060547,27.030000686645508,26.049999237060547,26.790000915527344,2487000
2009-07-06,24.449806213378903,26.6299991607666,26.6299991607666,25.8799991607666,26.0,2999900
2009-07-07,23.82546806335449,25.950000762939453,26.459999084472656,25.940000534057617,26.26000022888184,3220700
2009-07-08,23.568397521972656,25.670000076293945,26.14999961853028,25.270000457763672,26.09000015258789,4380100
2009-07-09,23.651023864746094,25.76000022888184,26.100000381469727,25.57999992370605,25.8799991607666,2453500
2009-07-10,23.64184761047364,25.75,25.8799991607666,25.3799991607666,25.540000915527344,2202600
2009-07-13,24.45898056030273,26.63999938964844,26.670000076293945,25.76000022888184,25.86000061035156,2940700
2009-07-14,24.21109390258789,26.3700008392334,26.75,26.170000076293945,26.709999084472656,2195300
2009-07-15,25.23020362854004,27.479999542236328,27.6299991607666,26.65999984741211,26.65999984741211,3661000
2009-07-16,25.30365943908692,27.559999465942383,27.690000534057617,27.170000076293945,27.46999931335449,2081200
2009-07-17,25.147581100463867,27.38999938964844,27.61000061035156,27.13999938964844,27.530000686645508,1402200
2009-07-20,25.52402114868164,27.799999237060547,27.84000015258789,27.530000686645508,27.559999465942383,1729700
2009-07-21,25.606645584106445,27.88999938964844,28.290000915527344,27.64999961853028,27.89999961853028,1571900
2009-07-22,25.76272964477539,28.059999465942383,28.43000030517578,27.559999465942383,27.559999465942383,1593900
2009-07-23,26.66249656677246,29.040000915527344,29.15999984741211,27.920000076293945,28.07999992370605,2253700
2009-07-24,26.937929153442383,29.34000015258789,29.38999938964844,28.790000915527344,28.90999984741211,1232200
2009-07-27,27.29600715637207,29.729999542236328,29.84000015258789,29.15999984741211,29.299999237060547,1567900
2009-07-28,26.937929153442383,29.34000015258789,29.65999984741211,29.170000076293945,29.51000022888184,1602500
2009-07-29,26.607402801513672,28.979999542236328,29.31999969482422,28.51000022888184,29.190000534057617,1518300
2009-07-30,27.20419311523437,29.6299991607666,29.88999938964844,28.979999542236328,29.31999969482422,2024800
2009-07-31,27.562255859375,30.020000457763672,30.15999984741211,29.299999237060547,29.57999992370605,1955900
2009-08-03,29.453611373901367,32.08000183105469,32.09000015258789,30.25,30.25,3168500
2009-08-04,29.59133529663086,32.22999954223633,32.36000061035156,31.799999237060547,31.8799991607666,2347500
2009-08-05,29.527070999145508,32.15999984741211,32.349998474121094,31.40999984741211,32.349998474121094,2369800
2009-08-06,28.847644805908203,31.420000076293945,32.5099983215332,31.06999969482422,32.439998626708984,3065600
2009-08-07,29.113910675048828,31.709999084472656,32.08000183105469,31.14999961853028,31.64999961853028,3014500
2009-08-10,29.352617263793945,31.96999931335449,32.08000183105469,31.459999084472656,31.68000030517578,1733800
2009-08-11,28.48040580749512,31.020000457763672,31.780000686645508,30.989999771118164,31.770000457763672,2677500
2009-08-12,29.343441009521484,31.959999084472656,32.25,30.739999771118164,30.739999771118164,2156700
2009-08-13,29.820858001708984,32.47999954223633,32.650001525878906,32.040000915527344,32.13999938964844,1523000
2009-08-14,29.389339447021484,32.0099983215332,32.45000076293945,31.709999084472656,32.38999938964844,1663000
2009-08-17,28.489574432373047,31.030000686645508,31.489999771118164,30.940000534057617,31.18000030517578,1699000
2009-08-18,28.755830764770508,31.31999969482422,31.350000381469727,30.979999542236328,31.14999961853028,1146100
2009-08-19,28.98536872863769,31.56999969482422,31.82999992370605,30.600000381469727,30.81999969482422,1432700
2009-08-20,29.25162506103516,31.86000061035156,31.920000076293945,31.450000762939453,31.450000762939453,1084600
2009-08-21,30.43601417541504,33.150001525878906,33.2599983215332,31.96999931335449,32.279998779296875,2361400
2009-08-24,30.729820251464844,33.470001220703125,33.880001068115234,33.310001373291016,33.400001525878906,2062200
2009-08-25,31.32659149169922,34.119998931884766,34.369998931884766,33.65999984741211,33.75,2757200
2009-08-26,31.152158737182617,33.93000030517578,34.15999984741211,33.72999954223633,34.0099983215332,2089900
2009-08-27,31.29905891418457,34.09000015258789,34.2599983215332,33.529998779296875,33.90999984741211,1540700
2009-08-28,31.393802642822266,34.130001068115234,34.369998931884766,33.849998474121094,34.11000061035156,1466700
2009-08-31,31.41219520568848,34.150001525878906,34.150001525878906,33.65999984741211,33.84000015258789,1491700
2009-09-01,30.2531967163086,32.88999938964844,34.16999816894531,32.77000045776367,33.93000030517578,2977400
2009-09-02,29.84849166870117,32.45000076293945,32.900001525878906,32.38999938964844,32.70000076293945,2732400
2009-09-03,30.2440128326416,32.880001068115234,32.97999954223633,32.349998474121094,32.5,1938000
2009-09-04,30.18880653381348,32.81999969482422,32.91999816894531,32.38999938964844,32.91999816894531,1830500
2009-09-08,30.74071502685547,33.41999816894531,33.41999816894531,32.720001220703125,33.0,1893500
2009-09-09,31.07183265686035,33.779998779296875,33.95000076293945,33.25,33.439998626708984,1739500
2009-09-10,31.329402923583984,34.060001373291016,34.13999938964844,33.29999923706055,33.869998931884766,2134100
2009-09-11,31.07183265686035,33.779998779296875,34.36000061035156,33.66999816894531,34.08000183105469,1796100
2009-09-14,31.430587768554688,34.16999816894531,34.22999954223633,33.369998931884766,33.56999969482422,1623900
2009-09-15,31.623748779296875,34.380001068115234,34.4900016784668,33.970001220703125,34.08000183105469,1818900
2009-09-16,32.506797790527344,35.34000015258789,35.349998474121094,34.20000076293945,34.45000076293945,2313200
2009-09-17,32.102073669433594,34.900001525878906,35.4900016784668,34.58000183105469,35.25,2918300
2009-09-18,32.000877380371094,34.790000915527344,35.0,34.58000183105469,34.970001220703125,3174400
2009-09-21,31.94568634033203,34.72999954223633,34.90999984741211,33.880001068115234,34.220001220703125,2776600
2009-09-22,31.899707794189453,34.68000030517578,35.11000061035156,34.4900016784668,34.900001525878906,2339400
2009-09-23,31.53176498413086,34.279998779296875,34.9900016784668,34.25,34.650001525878906,2851900
2009-09-24,30.897090911865234,33.59000015258789,34.68000030517578,33.5,34.47999954223633,2879100
2009-09-25,30.832714080810547,33.52000045776367,34.029998779296875,33.400001525878906,33.5,1810400
2009-09-28,31.761722564697266,34.529998779296875,34.54999923706055,33.5099983215332,33.58000183105469,1553700
2009-09-29,31.678924560546875,34.439998626708984,35.0,34.25,34.529998779296875,1842200
2009-09-30,31.504175186157227,34.25,34.63999938964844,33.869998931884766,34.4900016784668,2398100
2009-10-01,30.75910758972168,33.439998626708984,34.20000076293945,33.400001525878906,33.959999084472656,3244600
2009-10-02,30.832714080810547,33.52000045776367,33.869998931884766,32.77000045776367,32.88999938964844,2273800
2009-10-05,31.35700416564941,34.09000015258789,34.09000015258789,33.349998474121094,33.54999923706055,2020400
2009-10-06,31.94568634033203,34.72999954223633,34.90999984741211,34.27000045776367,34.349998474121094,1648100
2009-10-07,32.01007461547852,34.79999923706055,34.90999984741211,34.41999816894531,34.689998626708984,1399700
2009-10-08,32.120460510253906,34.91999816894531,35.2599983215332,34.630001068115234,34.939998626708984,1998400
2009-10-09,32.019283294677734,34.810001373291016,35.06999969482422,34.54999923706055,34.77000045776367,1609200
2009-10-12,32.27682876586914,35.09000015258789,35.22999954223633,34.9900016784668,35.150001525878906,1239600
2009-10-13,31.98248863220215,34.77000045776367,35.04999923706055,34.58000183105469,34.880001068115234,1445400
2009-10-14,32.939109802246094,35.810001373291016,35.88999938964844,35.11000061035156,35.33000183105469,1779300
2009-10-15,33.63817596435547,36.56999969482422,36.56999969482422,35.4900016784668,35.4900016784668,2131500
2009-10-16,33.012691497802734,35.88999938964844,36.130001068115234,35.56999969482422,35.9900016784668,2027000
2009-10-19,33.34382629394531,36.25,36.34000015258789,35.900001525878906,36.06999969482422,946900
2009-10-20,32.76432418823242,35.619998931884766,36.290000915527344,35.439998626708984,36.119998931884766,1178800
2009-10-21,32.322811126708984,35.13999938964844,36.119998931884766,35.099998474121094,35.470001220703125,1564900
2009-10-22,33.57380294799805,36.5,36.59000015258789,35.16999816894531,35.220001220703125,2158900
2009-10-23,33.00349044799805,35.880001068115234,36.65999984741211,35.70000076293945,36.56999969482422,2142900
2009-10-26,32.46998977661133,35.29999923706055,36.380001068115234,35.189998626708984,35.900001525878906,2134800
2009-10-27,31.87209129333496,34.650001525878906,35.56999969482422,34.54999923706055,35.25,2386200
2009-10-28,30.878698348999023,33.56999969482422,34.72999954223633,33.56999969482422,34.630001068115234,2918400
2009-10-29,31.61455345153809,34.369998931884766,34.369998931884766,33.86000061035156,33.970001220703125,3012900
2009-10-30,30.446367263793945,33.099998474121094,34.209999084472656,33.06999969482422,34.060001373291016,3822600
2009-11-02,31.182241439819336,33.900001525878906,34.599998474121094,33.400001525878906,34.599998474121094,2859600
2009-11-03,31.44896697998047,34.189998626708984,34.470001220703125,33.060001373291016,33.63999938964844,2208600
2009-11-04,31.23740768432617,33.959999084472656,34.84000015258789,33.88999938964844,34.4900016784668,2139400
2009-11-05,31.826128005981445,34.599998474121094,34.630001068115234,34.06999969482422,34.209999084472656,2143900
2009-11-06,31.826128005981445,34.599998474121094,34.779998779296875,33.77000045776367,34.2400016784668,1303300
2009-11-09,32.63556671142578,35.47999954223633,35.4900016784668,34.81999969482422,34.84000015258789,1730900
2009-11-10,32.69074630737305,35.540000915527344,35.77000045776367,35.130001068115234,35.189998626708984,1632500
2009-11-11,33.03110122680664,35.90999984741211,36.119998931884766,35.47999954223633,35.77000045776367,1400200
2009-11-12,32.773521423339844,35.630001068115234,35.880001068115234,35.2400016784668,35.65999984741211,2385600
2009-11-13,32.63556671142578,35.47999954223633,35.72999954223633,35.2599983215332,35.72999954223633,1965500
2009-11-16,33.2978401184082,36.20000076293945,36.470001220703125,35.790000915527344,35.83000183105469,1831100
2009-11-17,33.17826843261719,36.06999969482422,36.220001220703125,35.869998931884766,36.150001525878906,1527400
2009-11-18,33.30703353881836,36.209999084472656,36.209999084472656,35.81999969482422,36.0,1813900
2009-11-19,33.012691497802734,35.88999938964844,36.130001068115234,35.77000045776367,35.939998626708984,2321600
2009-11-20,32.653961181640625,35.5,35.7400016784668,35.290000915527344,35.619998931884766,1954600
2009-11-23,33.03110122680664,35.90999984741211,36.27000045776367,35.709999084472656,36.119998931884766,1436600
2009-11-24,32.74594497680664,35.599998474121094,35.93000030517578,35.400001525878906,35.93000030517578,1977700
2009-11-25,33.17258071899414,36.0,36.02999877929688,35.470001220703125,35.91999816894531,997700
2009-11-27,32.251121520996094,35.0,35.459999084472656,34.869998931884766,34.939998626708984,1171500
2009-11-30,32.638153076171875,35.41999816894531,35.45000076293945,34.880001068115234,35.119998931884766,2338700
2009-12-01,32.90535354614258,35.709999084472656,36.02999877929688,35.529998779296875,35.790000915527344,1530500
2009-12-02,32.78556060791016,35.58000183105469,35.970001220703125,35.470001220703125,35.58000183105469,1372800
2009-12-03,32.4169807434082,35.18000030517578,35.970001220703125,35.11000061035156,35.630001068115234,1792000
2009-12-04,32.665771484375,35.45000076293945,35.83000183105469,35.02000045776367,35.540000915527344,2678700
2009-12-07,32.60128402709961,35.380001068115234,35.779998779296875,35.279998779296875,35.45000076293945,1768200
2009-12-08,32.26955032348633,35.02000045776367,35.310001373291016,34.849998474121094,35.119998931884766,2205500
2009-12-09,32.29719543457031,35.04999923706055,35.09000015258789,34.7400016784668,34.959999084472656,1638600
2009-12-10,32.6473388671875,35.43000030517578,35.5,35.119998931884766,35.189998626708984,1303100
2009-12-11,32.78556060791016,35.58000183105469,35.619998931884766,35.27000045776367,35.5099983215332,1507800
2009-12-14,33.154144287109375,35.97999954223633,36.06999969482422,35.61000061035156,35.72999954223633,1964600
2009-12-15,33.07123947143555,35.88999938964844,36.060001373291016,35.65999984741211,35.7400016784668,1866200
2009-12-16,33.10806655883789,35.93000030517578,36.34999847412109,35.86000061035156,36.09000015258789,2058200
2009-12-17,33.025142669677734,35.84000015258789,36.18000030517578,35.58000183105469,35.58000183105469,1606100
2009-12-18,33.28314208984375,36.119998931884766,36.20000076293945,35.7599983215332,35.959999084472656,3115900
2009-12-21,33.23709487915039,36.06999969482422,36.560001373291016,36.040000915527344,36.209999084472656,1947400
2009-12-22,33.2555046081543,36.09000015258789,36.369998931884766,36.02999877929688,36.04999923706055,1423900
2009-12-23,33.43061065673828,36.27999877929688,36.33000183105469,36.0,36.18999862670898,1171300
2009-12-24,33.7254753112793,36.59999847412109,36.68000030517578,36.31999969482422,36.31999969482422,589800
2009-12-28,33.596458435058594,36.459999084472656,36.65999984741211,36.369998931884766,36.58000183105469,824500
2009-12-29,33.771541595458984,36.650001525878906,36.81999969482422,36.380001068115234,36.4900016784668,996300
2009-12-30,33.73466873168945,36.61000061035156,36.61000061035156,36.290000915527344,36.400001525878906,750800
2009-12-31,33.49509048461914,36.34999847412109,36.84000015258789,36.34999847412109,36.709999084472656,938800
2010-01-04,34.25990295410156,37.18000030517578,37.290000915527344,36.59000015258789,36.79999923706055,2210900
2010-01-05,34.44419479370117,37.380001068115234,37.41999816894531,36.77000045776367,37.220001220703125,1975600
2010-01-06,34.683773040771484,37.63999938964844,37.70000076293945,37.11000061035156,37.38999938964844,1324300
2010-01-07,34.94179916381836,37.91999816894531,38.0099983215332,37.27999877929688,37.52999877929688,1979400
2010-01-08,34.91414260864258,37.88999938964844,37.95000076293945,37.619998931884766,37.72999954223633,1159400
2010-01-11,34.94179916381836,37.91999816894531,38.18000030517578,37.70000076293945,38.18000030517578,1390600
2010-01-12,34.66535186767578,37.619998931884766,37.93999862670898,37.5,37.65999984741211,1565400
2010-01-13,34.94179916381836,37.91999816894531,38.0099983215332,37.5099983215332,37.72999954223633,1566100
2010-01-14,34.932559967041016,37.90999984741211,38.02000045776367,37.56999969482422,37.75,1279600
2010-01-15,34.287540435791016,37.209999084472656,37.869998931884766,37.02999877929688,37.72999954223633,1678600
2010-01-19,35.16294479370117,38.15999984741211,38.18000030517578,37.06999969482422,37.08000183105469,2078300
2010-01-20,34.64692306518555,37.59999847412109,38.040000915527344,37.310001373291016,37.959999084472656,2015800
2010-01-21,34.269126892089844,37.18999862670898,38.40999984741211,36.810001373291016,38.40999984741211,2503500
2010-01-22,32.92378234863281,35.72999954223633,37.27999877929688,35.68000030517578,36.91999816894531,2884400
2010-01-25,33.2555046081543,36.09000015258789,36.43999862670898,35.90999984741211,36.15999984741211,1754900
2010-01-26,33.209442138671875,36.040000915527344,36.68000030517578,35.95000076293945,35.959999084472656,1808700
2010-01-27,33.52273178100586,36.380001068115234,36.43999862670898,35.81999969482422,35.93000030517578,2365500
2010-01-28,33.10806655883789,35.93000030517578,36.65999984741211,35.459999084472656,36.540000915527344,1755100
2010-01-29,32.96063995361328,35.77000045776367,36.52000045776367,35.65999984741211,36.09999847412109,2594500
2010-02-01,33.55038070678711,36.40999984741211,36.470001220703125,35.86000061035156,35.88999938964844,1738300
2010-02-02,34.14933395385742,37.060001373291016,37.08000183105469,36.2400016784668,36.400001525878906,1625800
2010-02-03,33.75308990478516,36.630001068115234,36.95000076293945,36.540000915527344,36.83000183105469,982500
2010-02-04,32.55520248413086,35.33000183105469,36.5,35.31999969482422,36.41999816894531,2979200
2010-02-05,32.5920524597168,35.369998931884766,35.470001220703125,34.59000015258789,35.31999969482422,3097500
2010-02-08,32.029964447021484,34.7599983215332,35.52000045776367,34.2400016784668,35.0099983215332,2513100
2010-02-09,32.453834533691406,35.220001220703125,35.439998626708984,34.849998474121094,35.130001068115234,2060900
2010-02-10,32.27876663208008,35.029998779296875,35.34000015258789,34.810001373291016,35.13999938964844,2185500
2010-02-11,32.44462966918945,35.209999084472656,35.22999954223633,34.599998474121094,35.040000915527344,2099400
2010-02-12,32.40777969360352,35.16999816894531,35.25,34.2400016784668,34.900001525878906,3247200
2010-02-16,33.28314208984375,36.119998931884766,36.130001068115234,35.38999938964844,35.540000915527344,2151600
2010-02-17,33.329227447509766,36.16999816894531,36.4900016784668,35.88999938964844,36.22999954223633,1524000
2010-02-18,33.5780143737793,36.43999862670898,36.540000915527344,35.97999954223633,35.97999954223633,1292000
2010-02-19,33.67937469482422,36.54999923706055,36.709999084472656,36.11000061035156,36.31999969482422,1423900
2010-02-22,33.81760025024414,36.70000076293945,36.77000045776367,36.54999923706055,36.70000076293945,1160700
2010-02-23,33.22785949707031,36.060001373291016,36.63999938964844,35.9900016784668,36.58000183105469,2003300
2010-02-24,33.743896484375,36.619998931884766,36.650001525878906,36.09000015258789,36.09999847412109,1756000
2010-02-25,33.83894729614258,36.65999984741211,36.68999862670898,35.75,36.060001373291016,1871400
2010-02-26,33.65435791015625,36.459999084472656,36.709999084472656,36.2599983215332,36.619998931884766,1961400
2010-03-01,34.17125701904297,37.02000045776367,37.09999847412109,36.54999923706055,36.61000061035156,1600700
2010-03-02,34.328182220458984,37.18999862670898,37.33000183105469,36.93999862670898,37.13999938964844,1260100
2010-03-03,34.19894027709961,37.04999923706055,37.400001525878906,37.0,37.2400016784668,1563000
2010-03-04,34.28203201293945,37.13999938964844,37.2599983215332,36.84000015258789,37.09000015258789,2348000
2010-03-05,34.61433792114258,37.5,37.65999984741211,37.15999984741211,37.36000061035156,2278300
2010-03-08,34.651241302490234,37.540000915527344,37.70000076293945,37.40999984741211,37.56999969482422,1510800
2010-03-09,34.55892562866211,37.43999862670898,37.59999847412109,37.2599983215332,37.459999084472656,1645300
2010-03-10,34.64200973510742,37.52999877929688,37.68000030517578,37.400001525878906,37.459999084472656,2600700
2010-03-11,34.79891586303711,37.70000076293945,37.709999084472656,37.31999969482422,37.36000061035156,1366700
2010-03-12,34.66971969604492,37.560001373291016,38.09999847412109,37.45000076293945,37.81999969482422,1765600
2010-03-15,34.52202224731445,37.400001525878906,37.56999969482422,37.08000183105469,37.380001068115234,2110500
2010-03-16,34.725093841552734,37.619998931884766,37.619998931884766,37.33000183105469,37.43999862670898,1606900
2010-03-17,34.70663070678711,37.59999847412109,37.84999847412109,37.5,37.79999923706055,2163800
2010-03-18,34.56816864013672,37.45000076293945,37.619998931884766,37.34999847412109,37.59999847412109,2299600
2010-03-19,34.30971908569336,37.16999816894531,37.54999923706055,37.040000915527344,37.16999816894531,3369000
2010-03-22,34.28203201293945,37.13999938964844,37.290000915527344,36.84999847412109,37.0099983215332,1676200
2010-03-23,34.58663558959961,37.470001220703125,37.470001220703125,37.060001373291016,37.130001068115234,1250800
2010-03-24,34.383567810058594,37.25,37.52000045776367,37.119998931884766,37.2599983215332,1636200
2010-03-25,34.24509811401367,37.09999847412109,37.58000183105469,37.09999847412109,37.43999862670898,1638500
2010-03-26,34.37432861328125,37.2400016784668,37.34999847412109,37.0,37.11000061035156,2075600
2010-03-29,34.48509216308594,37.36000061035156,37.459999084472656,37.25,37.36000061035156,2195000
2010-03-30,34.365089416503906,37.22999954223633,37.400001525878906,37.119998931884766,37.29999923706055,1729800
2010-03-31,34.41124725341797,37.27999877929688,37.5,37.04999923706055,37.04999923706055,2989500
2010-04-01,34.95582962036133,37.869998931884766,37.88999938964844,37.400001525878906,37.47999954223633,1904300
2010-04-05,35.48197555541992,38.43999862670898,38.459999084472656,37.83000183105469,37.959999084472656,1806500
2010-04-06,35.33428192138672,38.27999877929688,38.400001525878906,38.060001373291016,38.18999862670898,1521000
2010-04-07,35.1312255859375,38.060001373291016,38.29999923706055,37.84000015258789,38.13999938964844,2236800
2010-04-08,35.11275100708008,38.040000915527344,38.06999969482422,37.7599983215332,37.97999954223633,1848600
2010-04-09,35.48197555541992,38.43999862670898,38.47999954223633,38.0,38.06999969482422,2032700
2010-04-12,35.50043869018555,38.459999084472656,38.65999984741211,38.31999969482422,38.369998931884766,1086600
2010-04-13,35.53736877441406,38.5,38.54999923706055,38.220001220703125,38.45000076293945,1323100
2010-04-14,35.93427658081055,38.93000030517578,38.93000030517578,38.5,38.79999923706055,1678700
2010-04-15,35.82352066040039,38.810001373291016,38.93999862670898,38.66999816894531,38.79999923706055,1340500
2010-04-16,34.89125061035156,37.79999923706055,38.709999084472656,37.75,38.47999954223633,3520000
2010-04-19,35.260459899902344,38.20000076293945,38.20000076293945,37.4900016784668,37.560001373291016,1979500
2010-04-20,35.69428634643555,38.66999816894531,38.68000030517578,38.36000061035156,38.470001220703125,1305100
2010-04-21,35.60197830200195,38.56999969482422,38.70000076293945,38.18999862670898,38.630001068115234,1738400
2010-04-22,35.10353088378906,38.02999877929688,38.40999984741211,37.650001525878906,38.2599983215332,2654700
2010-04-23,35.417381286621094,38.369998931884766,38.369998931884766,37.810001373291016,37.93000030517578,1902900
2010-04-26,35.53736877441406,38.5,38.560001373291016,38.2599983215332,38.2599983215332,2308300
2010-04-27,34.5035514831543,37.380001068115234,38.2400016784668,37.310001373291016,38.209999084472656,3184100
2010-04-28,34.392791748046875,37.2599983215332,37.7599983215332,37.09999847412109,37.68000030517578,4461700
2010-04-29,34.909698486328125,37.81999969482422,38.0099983215332,37.41999816894531,37.630001068115234,2616400
2010-04-30,34.37432861328125,37.2400016784668,37.869998931884766,37.0,37.7400016784668,2763500
2010-05-03,34.55892562866211,37.43999862670898,39.470001220703125,37.06999969482422,39.0,2674800
2010-05-04,33.28512191772461,36.060001373291016,37.060001373291016,35.869998931884766,37.04999923706055,3107600
2010-05-05,33.07283401489258,35.83000183105469,36.15999984741211,35.47999954223633,35.630001068115234,2645000
2010-05-06,31.3098087310791,33.91999816894531,36.06999969482422,32.709999084472656,35.65999984741211,6027700
2010-05-07,31.01442146301269,33.599998474121094,34.619998931884766,33.29999923706055,33.97999954223633,5822900
2010-05-10,32.28822708129883,34.97999954223633,35.22999954223633,34.13999938964844,35.16999816894531,4126300
2010-05-11,32.23286437988281,34.91999816894531,35.369998931884766,34.5099983215332,34.560001373291016,2645200
2010-05-12,32.63899612426758,35.36000061035156,35.41999816894531,34.900001525878906,34.97999954223633,2060800
2010-05-13,32.205162048339844,34.88999938964844,35.349998474121094,34.849998474121094,35.189998626708984,1944100
2010-05-14,31.475950241088867,34.099998474121094,34.72999954223633,33.900001525878906,34.720001220703125,3338600
2010-05-17,31.328271865844727,33.939998626708984,34.54999923706055,33.34000015258789,34.099998474121094,4255600
2010-05-18,30.6359806060791,33.189998626708984,34.439998626708984,33.150001525878906,34.290000915527344,3996600
2010-05-19,30.57135963439941,33.119998931884766,33.5,32.540000915527344,33.040000915527344,3299100
2010-05-20,28.900644302368164,31.309999465942383,32.529998779296875,31.309999465942383,32.29999923706055,5297600
2010-05-21,29.509864807128903,31.96999931335449,31.989999771118164,30.520000457763672,30.84000015258789,5209100
2010-05-24,28.97449493408203,31.38999938964844,32.119998931884766,31.36000061035156,31.82999992370605,2775300
2010-05-25,29.06679916381836,31.489999771118164,31.540000915527344,30.21999931335449,30.51000022888184,4214300
2010-05-26,29.057567596435547,31.479999542236328,31.96999931335449,31.3799991607666,31.82999992370605,4753100
2010-05-27,30.49393653869629,32.970001220703125,33.0099983215332,31.979999542236328,31.979999542236328,3497100
2010-05-28,30.06847381591797,32.5099983215332,32.900001525878906,32.27000045776367,32.88999938964844,4443600
2010-06-01,29.476551055908203,31.8700008392334,32.5099983215332,31.850000381469727,32.22999954223633,5320500
2010-06-02,30.17947578430176,32.630001068115234,32.630001068115234,31.959999084472656,31.989999771118164,3865700
2010-06-03,30.10547637939453,32.54999923706055,32.720001220703125,32.20000076293945,32.70000076293945,3026600
2010-06-04,29.22682380676269,31.600000381469727,32.29999923706055,31.489999771118164,31.86000061035156,4450100
2010-06-07,28.986343383789062,31.34000015258789,31.82999992370605,31.270000457763672,31.770000457763672,4437300
2010-06-08,28.949352264404297,31.299999237060547,31.520000457763672,30.540000915527344,31.520000457763672,5850200
2010-06-09,28.78287506103516,31.1200008392334,31.940000534057617,31.0,31.56999969482422,3815900
2010-06-10,29.99449157714844,32.43000030517578,32.470001220703125,31.61000061035156,31.61000061035156,2953800
2010-06-11,30.10547637939453,32.54999923706055,32.58000183105469,31.90999984741211,32.09000015258789,2733200
2010-06-14,30.281219482421875,32.7400016784668,33.27000045776367,32.56999969482422,32.7599983215332,3657800
2010-06-15,31.12287712097168,33.650001525878906,33.68000030517578,32.810001373291016,33.150001525878906,2309500
2010-06-16,31.15985679626465,33.689998626708984,33.779998779296875,33.31999969482422,33.439998626708984,2727900
2010-06-17,31.32635307312012,33.869998931884766,33.880001068115234,33.41999816894531,33.86000061035156,2652500
2010-06-18,31.35409164428711,33.900001525878906,34.029998779296875,33.790000915527344,33.93000030517578,2149600
2010-06-21,31.233858108520508,33.77000045776367,34.61000061035156,33.56999969482422,34.2400016784668,1679800
2010-06-22,31.22461128234864,33.7599983215332,34.150001525878906,33.720001220703125,33.84000015258789,4646100
2010-06-23,31.15060806274414,33.68000030517578,33.84000015258789,33.34000015258789,33.72999954223633,3048000
2010-06-24,30.84539222717285,33.349998474121094,33.689998626708984,33.27000045776367,33.45000076293945,3823600
2010-06-25,31.33559226989746,33.880001068115234,33.93000030517578,33.20000076293945,33.540000915527344,4325000
2010-06-28,31.15985679626465,33.689998626708984,34.029998779296875,33.59000015258789,34.0099983215332,2656700
2010-06-29,30.76216125488281,33.2599983215332,33.33000183105469,32.91999816894531,33.290000915527344,6489500
2010-06-30,30.80841827392578,33.310001373291016,33.59000015258789,33.13999938964844,33.18000030517578,5297300
2010-07-01,31.12287712097168,33.650001525878906,33.68000030517578,32.95000076293945,33.369998931884766,6612100
2010-07-02,31.048885345458984,33.56999969482422,33.97999954223633,33.209999084472656,33.81999969482422,4788600
2010-07-06,31.31710624694824,33.86000061035156,34.150001525878906,33.529998779296875,33.90999984741211,4911200
2010-07-07,32.352970123291016,34.97999954223633,35.0099983215332,33.849998474121094,33.959999084472656,4355100
2010-07-08,32.79693603515625,35.459999084472656,35.4900016784668,34.900001525878906,35.439998626708984,2555200
2010-07-09,33.01891326904297,35.70000076293945,35.779998779296875,35.41999816894531,35.61000061035156,2054200
2010-07-12,32.86167907714844,35.529998779296875,35.61000061035156,35.099998474121094,35.54999923706055,3259800
2010-07-13,33.36113357543945,36.06999969482422,36.209999084472656,35.65999984741211,35.79999923706055,2573200
2010-07-14,33.46287536621094,36.18000030517578,36.290000915527344,35.720001220703125,35.880001068115234,2368400
2010-07-15,33.703330993652344,36.43999862670898,36.52000045776367,35.650001525878906,36.20000076293945,2687200
2010-07-16,32.889427185058594,35.560001373291016,36.34999847412109,35.400001525878906,36.09000015258789,3775400
2010-07-19,32.95417022705078,35.630001068115234,35.779998779296875,35.13999938964844,35.709999084472656,2376800
2010-07-20,33.61085891723633,36.34000015258789,36.36000061035156,35.099998474121094,35.099998474121094,2933300
2010-07-21,33.287139892578125,35.9900016784668,36.83000183105469,35.83000183105469,36.790000915527344,3430200
2010-07-22,34.11029052734375,36.880001068115234,36.91999816894531,36.27999877929688,36.470001220703125,3199300
2010-07-23,34.378517150878906,37.16999816894531,37.209999084472656,36.58000183105469,36.86000061035156,2263100
2010-07-26,34.34150695800781,37.130001068115234,37.380001068115234,36.90999984741211,37.27999877929688,2604700
2010-07-27,34.378517150878906,37.16999816894531,37.52999877929688,36.97999954223633,37.41999816894531,2522900
2010-07-28,34.20277404785156,36.97999954223633,37.18000030517578,36.7599983215332,36.9900016784668,2201900
2010-07-29,34.39702224731445,37.18999862670898,37.40999984741211,36.7599983215332,37.27000045776367,2919600
2010-07-30,34.36001968383789,37.150001525878906,37.38999938964844,36.59000015258789,36.7599983215332,2451500
2010-08-02,34.75773239135742,37.58000183105469,37.93999862670898,37.150001525878906,37.709999084472656,3563100
2010-08-03,34.71147537231445,37.52999877929688,37.869998931884766,37.18999862670898,37.33000183105469,2389300
2010-08-04,35.19241714477539,38.04999923706055,38.18999862670898,37.52999877929688,37.52999877929688,2564700
2010-08-05,35.3311653137207,38.20000076293945,38.369998931884766,37.61000061035156,37.790000915527344,1961500
2010-08-06,35.12767791748047,37.97999954223633,38.119998931884766,37.45000076293945,37.7599983215332,2224600
2010-08-09,35.654876708984375,38.54999923706055,38.54999923706055,37.9900016784668,38.18999862670898,1566400
2010-08-10,35.09992980957031,37.95000076293945,38.29999923706055,37.720001220703125,38.130001068115234,3011000
2010-08-11,34.221290588378906,37.0,37.58000183105469,36.9900016784668,37.400001525878906,2548500
2010-08-12,34.12879943847656,36.900001525878906,37.150001525878906,36.400001525878906,36.58000183105469,2100400
2010-08-13,34.26752471923828,37.04999923706055,37.36000061035156,36.84000015258789,36.84000015258789,1616500
2010-08-16,34.11029052734375,36.880001068115234,36.93999862670898,36.68000030517578,36.83000183105469,1657300
2010-08-17,34.67447662353516,37.4900016784668,37.83000183105469,37.13999938964844,37.27000045776367,1930700
2010-08-18,34.304527282714844,37.09000015258789,37.43999862670898,37.060001373291016,37.43000030517578,1932400
2010-08-19,33.795841217041016,36.540000915527344,36.900001525878906,36.47999954223633,36.900001525878906,2610900
2010-08-20,33.56459426879883,36.290000915527344,36.43999862670898,36.04999923706055,36.27000045776367,2088200
2010-08-23,33.16690444946289,35.86000061035156,36.5099983215332,35.86000061035156,36.36000061035156,2036400
2010-08-24,32.69520568847656,35.349998474121094,35.65999984741211,35.31999969482422,35.439998626708984,3166300
2010-08-25,32.60270690917969,35.25,35.349998474121094,34.86000061035156,35.279998779296875,3185000
2010-08-26,32.30673599243164,34.93000030517578,35.400001525878906,34.79999923706055,35.33000183105469,2975200
2010-08-27,33.2593879699707,35.959999084472656,35.959999084472656,34.869998931884766,35.099998474121094,2777800
2010-08-30,32.56727981567383,35.150001525878906,35.88999938964844,35.13999938964844,35.79999923706055,2154500
2010-08-31,32.55801773071289,35.13999938964844,35.38999938964844,34.77000045776367,34.88999938964844,2526400
2010-09-01,33.53084945678711,36.18999862670898,36.209999084472656,35.45000076293945,35.5,2268800
2010-09-02,33.586456298828125,36.25,36.25,35.470001220703125,36.15999984741211,3161200
2010-09-03,34.18869400024414,36.900001525878906,36.93000030517578,36.369998931884766,36.52999877929688,1921600
2010-09-07,33.74395751953125,36.41999816894531,36.77000045776367,36.310001373291016,36.66999816894531,2117100
2010-09-08,33.71616744995117,36.38999938964844,36.720001220703125,36.22999954223633,36.459999084472656,2025400
2010-09-09,33.679107666015625,36.34999847412109,36.93999862670898,36.13999938964844,36.90999984741211,1984500
2010-09-10,33.82734680175781,36.5099983215332,36.63999938964844,36.22999954223633,36.43999862670898,2330100
2010-09-13,34.151641845703125,36.86000061035156,36.970001220703125,36.70000076293945,36.970001220703125,2191400
2010-09-14,33.93852233886719,36.630001068115234,36.84000015258789,36.52000045776367,36.720001220703125,2026400
2010-09-15,34.160888671875,36.869998931884766,36.91999816894531,36.34999847412109,36.58000183105469,1796400
2010-09-16,34.29986572265625,37.02000045776367,37.040000915527344,36.630001068115234,36.84000015258789,1760000
2010-09-17,34.49445343017578,37.22999954223633,37.29999923706055,36.880001068115234,37.11000061035156,6986100
2010-09-20,35.087398529052734,37.869998931884766,37.970001220703125,37.130001068115234,37.27999877929688,1643700
2010-09-21,35.04108810424805,37.81999969482422,38.060001373291016,37.61000061035156,37.880001068115234,2629000
2010-09-22,34.7353401184082,37.4900016784668,37.97999954223633,37.38999938964844,37.7599983215332,1650400
2010-09-23,34.160888671875,36.869998931884766,37.34999847412109,36.869998931884766,37.16999816894531,1506400
2010-09-24,34.85577774047852,37.619998931884766,37.619998931884766,37.08000183105469,37.33000183105469,1897900
2010-09-27,34.57782745361328,37.31999969482422,37.63999938964844,37.25,37.54999923706055,1966200
2010-09-28,34.957706451416016,37.72999954223633,37.77000045776367,37.060001373291016,37.52999877929688,1645300
2010-09-29,35.17079544067383,37.959999084472656,38.09999847412109,37.52999877929688,37.61000061035156,2081600
2010-09-30,35.115203857421875,37.900001525878906,38.41999816894531,37.70000076293945,38.119998931884766,2624200
2010-10-01,35.22639846801758,38.02000045776367,38.22999954223633,37.68000030517578,38.18999862670898,1874800
2010-10-04,34.89284896850586,37.65999984741211,38.0099983215332,37.369998931884766,37.84999847412109,1793700
2010-10-05,35.652587890625,38.47999954223633,38.540000915527344,37.650001525878906,38.040000915527344,1976200
2010-10-06,35.91202926635742,38.7599983215332,38.7599983215332,38.33000183105469,38.4900016784668,1557000
2010-10-07,35.73597717285156,38.56999969482422,38.86000061035156,38.310001373291016,38.79999923706055,1767400
2010-10-08,36.051002502441406,38.90999984741211,38.97999954223633,38.31999969482422,38.560001373291016,1236500
2010-10-11,35.97688674926758,38.83000183105469,39.040000915527344,38.7400016784668,38.88999938964844,751100
2010-10-12,36.5791244506836,39.47999954223633,39.52999877929688,38.59999847412109,38.810001373291016,1913400
2010-10-13,36.94044876098633,39.869998931884766,40.15999984741211,39.59999847412109,39.68000030517578,1790100
2010-10-14,36.875606536865234,39.79999923706055,40.29999923706055,39.59999847412109,39.900001525878906,1617500
2010-10-15,36.74589157104492,39.65999984741211,40.220001220703125,39.59000015258789,40.220001220703125,2343700
2010-10-18,36.90340042114258,39.83000183105469,39.880001068115234,39.47999954223633,39.72999954223633,1674500
2010-10-19,36.403099060058594,39.290000915527344,39.970001220703125,39.13999938964844,39.31999969482422,2223600
2010-10-20,36.82003021240234,39.7400016784668,39.81999969482422,39.34000015258789,39.47999954223633,1770300
2010-10-21,36.84779739379883,39.77000045776367,40.2400016784668,39.540000915527344,39.93999862670898,1607200
2010-10-22,36.78295516967773,39.70000076293945,39.900001525878906,39.5099983215332,39.77999877929688,814400
2010-10-25,36.736629486083984,39.650001525878906,40.150001525878906,39.59999847412109,39.970001220703125,1288100
2010-10-26,36.84779739379883,39.77000045776367,39.86000061035156,39.5099983215332,39.5099983215332,1093900
2010-10-27,36.53278350830078,39.43000030517578,39.66999816894531,39.09000015258789,39.43000030517578,1266900
2010-10-28,36.569862365722656,39.470001220703125,39.7400016784668,39.27000045776367,39.68999862670898,1730900
2010-10-29,36.58838272094727,39.4900016784668,39.619998931884766,39.20000076293945,39.2599983215332,1500700
2010-11-01,36.61617660522461,39.52000045776367,40.06999969482422,39.25,39.7599983215332,1282000
2010-11-02,36.949737548828125,39.880001068115234,40.09999847412109,39.709999084472656,39.93999862670898,1564100
2010-11-03,36.84779739379883,39.77000045776367,40.130001068115234,39.310001373291016,39.900001525878906,1745400
2010-11-04,37.12578582763672,40.06999969482422,40.34000015258789,39.84999847412109,40.130001068115234,3390800
2010-11-05,37.135040283203125,40.08000183105469,40.27000045776367,39.84999847412109,40.040000915527344,2615500
2010-11-08,36.94044876098633,39.869998931884766,40.06999969482422,39.77999877929688,39.900001525878906,1355200
2010-11-09,36.38455581665039,39.27000045776367,40.02000045776367,39.16999816894531,40.0099983215332,1709100
2010-11-10,36.764427185058594,39.68000030517578,39.72999954223633,39.130001068115234,39.27000045776367,1576100
2010-11-11,36.44015884399414,39.33000183105469,39.47999954223633,39.13999938964844,39.380001068115234,1235900
2010-11-12,36.34748458862305,39.22999954223633,39.27999877929688,38.90999984741211,39.08000183105469,2006600
2010-11-15,36.375282287597656,39.2599983215332,39.58000183105469,39.16999816894531,39.31999969482422,1765500
2010-11-16,35.57848358154297,38.400001525878906,39.16999816894531,38.2599983215332,39.09000015258789,2114500
2010-11-17,35.28199005126953,38.08000183105469,38.45000076293945,38.0099983215332,38.18999862670898,1575500
2010-11-18,35.89350128173828,38.7400016784668,38.810001373291016,38.2400016784668,38.43999862670898,1226800
2010-11-19,35.485816955566406,38.29999923706055,38.66999816894531,38.18999862670898,38.619998931884766,1793100
2010-11-22,35.485816955566406,38.29999923706055,38.369998931884766,37.90999984741211,38.119998931884766,1456900
2010-11-23,34.84652328491211,37.61000061035156,37.9900016784668,37.56999969482422,37.97999954223633,1501000
2010-11-24,35.21713638305664,38.0099983215332,38.040000915527344,37.7599983215332,37.83000183105469,1149100
2010-11-26,34.83940887451172,37.540000915527344,37.81999969482422,37.4900016784668,37.630001068115234,550500
2010-11-29,34.95077896118164,37.65999984741211,37.77999877929688,37.25,37.2599983215332,1630800
2010-11-30,34.71875762939453,37.40999984741211,37.790000915527344,37.22999954223633,37.2599983215332,1892500
2010-12-01,35.18278503417969,37.90999984741211,38.09999847412109,37.70000076293945,37.88999938964844,1563400
2010-12-02,35.47048568725586,38.220001220703125,38.43999862670898,37.7599983215332,37.88999938964844,1430600
2010-12-03,35.38697814941406,38.130001068115234,38.310001373291016,37.880001068115234,38.09999847412109,1393200
2010-12-06,35.29417037963867,38.02999877929688,38.13999938964844,37.79999923706055,38.0099983215332,811400
2010-12-07,35.20136260986328,37.93000030517578,38.470001220703125,37.93000030517578,38.34000015258789,1133400
2010-12-08,35.58185577392578,38.34000015258789,38.38999938964844,37.86000061035156,37.959999084472656,1458600
2010-12-09,35.70249557495117,38.470001220703125,38.66999816894531,38.34999847412109,38.52000045776367,900300
2010-12-10,35.98093032836914,38.77000045776367,38.810001373291016,38.400001525878906,38.5,855400
2010-12-13,35.92524719238281,38.709999084472656,39.4900016784668,38.66999816894531,38.81999969482422,1162100
2010-12-14,35.76747512817383,38.540000915527344,39.0,38.47999954223633,38.70000076293945,1039500
2010-12-15,35.65610122680664,38.41999816894531,38.75,38.27999877929688,38.380001068115234,1269100
2010-12-16,35.86028289794922,38.63999938964844,38.650001525878906,38.25,38.4900016784668,1013100
2010-12-17,35.86955642700195,38.650001525878906,38.77000045776367,38.400001525878906,38.58000183105469,1412400
2010-12-20,36.008766174316406,38.79999923706055,38.95000076293945,38.66999816894531,38.68999862670898,781500
2010-12-21,36.175819396972656,38.97999954223633,39.130001068115234,38.84000015258789,38.970001220703125,820100
2010-12-22,36.3800163269043,39.20000076293945,39.34999847412109,38.959999084472656,38.9900016784668,814600
2010-12-23,36.175819396972656,38.97999954223633,39.33000183105469,38.93000030517578,39.11000061035156,465300
2010-12-27,36.361419677734375,39.18000030517578,39.2400016784668,38.66999816894531,38.81999969482422,509800
2010-12-28,36.20364761352539,39.0099983215332,39.31999969482422,38.90999984741211,39.31999969482422,683200
2010-12-29,36.19437026977539,39.0,39.18999862670898,38.9900016784668,39.060001373291016,691600
2010-12-30,36.13869857788086,38.93999862670898,39.11000061035156,38.869998931884766,38.95000076293945,906900
2010-12-31,36.11083984375,38.90999984741211,39.02999877929688,38.84999847412109,38.93000030517578,1232600
2011-01-03,36.56559371948242,39.400001525878906,39.470001220703125,39.18999862670898,39.2599983215332,1393200
2011-01-04,36.47279357910156,39.29999923706055,39.5,39.18999862670898,39.40999984741211,957600
2011-01-05,36.76977157592773,39.619998931884766,39.68999862670898,39.060001373291016,39.08000183105469,1043600
2011-01-06,36.890419006347656,39.75,39.810001373291016,39.22999954223633,39.56999969482422,1243700
2011-01-07,37.1038703918457,39.97999954223633,40.0099983215332,39.470001220703125,39.7599983215332,1787200
2011-01-10,37.131717681884766,40.0099983215332,40.119998931884766,39.5099983215332,39.70000076293945,1091800
2011-01-11,37.22452926635742,40.11000061035156,40.25,39.97999954223633,40.13999938964844,1154600
2011-01-12,37.86488723754883,40.79999923706055,40.86000061035156,40.2599983215332,40.43999862670898,925000
2011-01-13,37.55863952636719,40.470001220703125,40.86000061035156,40.150001525878906,40.77000045776367,1050600
2011-01-14,37.44725799560547,40.34999847412109,40.61000061035156,40.220001220703125,40.34000015258789,1072200
2011-01-18,37.53080368041992,40.43999862670898,40.540000915527344,40.27999877929688,40.369998931884766,1246400
2011-01-19,36.93682098388672,39.79999923706055,40.400001525878906,39.7599983215332,40.34000015258789,1297200
2011-01-20,37.1595573425293,40.040000915527344,40.06999969482422,39.560001373291016,39.720001220703125,1639400
2011-01-21,37.335914611816406,40.22999954223633,40.45000076293945,40.08000183105469,40.290000915527344,1034000
2011-01-24,37.57719421386719,40.4900016784668,40.4900016784668,40.150001525878906,40.15999984741211,953200
2011-01-25,37.77208709716797,40.70000076293945,40.70000076293945,40.27999877929688,40.36000061035156,1044900
2011-01-26,37.48439025878906,40.38999938964844,40.88999938964844,40.38999938964844,40.720001220703125,1946000
2011-01-27,37.77208709716797,40.70000076293945,40.70000076293945,40.33000183105469,40.59999847412109,874700
2011-01-28,37.08532333374024,39.959999084472656,40.7599983215332,39.81999969482422,40.75,1271800
2011-01-31,37.16883850097656,40.04999923706055,40.31999969482422,39.9900016784668,40.040000915527344,978700
2011-02-01,38.30107879638672,41.27000045776367,41.290000915527344,40.29999923706055,40.34999847412109,1042100
2011-02-02,38.319637298583984,41.290000915527344,41.34999847412109,41.0099983215332,41.06999969482422,1610500
2011-02-03,38.31036376953125,41.27999877929688,41.43000030517578,40.93999862670898,41.220001220703125,793800
2011-02-04,38.42170715332031,41.400001525878906,41.400001525878906,41.02000045776367,41.22999954223633,683700
2011-02-07,40.15720748901367,43.27000045776367,45.310001373291016,42.83000183105469,43.9900016784668,2528700
2011-02-08,39.93446731567383,43.02999877929688,43.34999847412109,42.77999877929688,43.34999847412109,1470400
2011-02-09,39.9066162109375,43.0,43.18999862670898,42.70000076293945,42.93999862670898,1081000
2011-02-10,39.9066162109375,43.0,43.18000030517578,42.81999969482422,42.84999847412109,1320700
2011-02-11,39.93446731567383,43.02999877929688,43.310001373291016,42.7400016784668,42.7400016784668,1496700
2011-02-14,39.97158432006836,43.06999969482422,43.18000030517578,42.86000061035156,43.02000045776367,762200
2011-02-15,39.9066162109375,43.0,43.119998931884766,42.790000915527344,42.83000183105469,1226900
2011-02-16,40.03654479980469,43.13999938964844,43.27999877929688,42.90999984741211,43.06999969482422,1409600
2011-02-17,40.129356384277344,43.2400016784668,43.310001373291016,42.79999923706055,43.0,1062000
2011-02-18,40.082950592041016,43.18999862670898,43.29999923706055,43.130001068115234,43.18000030517578,1473900
2011-02-22,39.78598785400391,42.869998931884766,43.130001068115234,42.58000183105469,42.650001525878906,1723500
2011-02-23,39.79526138305664,42.880001068115234,43.130001068115234,42.75,42.91999816894531,1479700
2011-02-24,39.74884033203125,42.83000183105469,43.0099983215332,42.540000915527344,42.79999923706055,1617600
2011-02-25,39.88175582885742,42.90999984741211,43.18999862670898,42.77000045776367,42.93000030517578,1419700
2011-02-28,40.19775390625,43.25,43.25,42.95000076293945,43.15999984741211,1622300
2011-03-01,39.64940643310547,42.65999984741211,43.34999847412109,42.61000061035156,43.34000015258789,1730200
2011-03-02,39.52857971191406,42.52999877929688,42.709999084472656,42.34999847412109,42.5099983215332,1471300
2011-03-03,39.9932975769043,43.02999877929688,43.20000076293945,42.810001373291016,42.810001373291016,1177500
2011-03-04,39.75164031982422,42.77000045776367,43.04999923706055,42.54999923706055,42.959999084472656,1000200
2011-03-07,39.38916015625,42.380001068115234,43.09999847412109,42.27000045776367,42.880001068115234,1138800
2011-03-08,39.90963363647461,42.93999862670898,43.09999847412109,42.34999847412109,42.43999862670898,1429000
2011-03-09,39.74234390258789,42.7599983215332,43.040000915527344,42.41999816894531,42.7599983215332,1200700
2011-03-10,38.85938262939453,41.810001373291016,42.470001220703125,41.70000076293945,42.290000915527344,1320800
2011-03-11,39.00809860229492,41.970001220703125,42.040000915527344,41.27999877929688,41.560001373291016,1489500
2011-03-14,38.82221984863281,41.77000045776367,41.77999877929688,41.41999816894531,41.70000076293945,1444500
2011-03-15,38.60844039916992,41.540000915527344,41.77999877929688,40.72999954223633,40.72999954223633,2242200
2011-03-16,38.46903991699219,41.38999938964844,41.77999877929688,41.060001373291016,41.41999816894531,3007200
2011-03-17,38.89656829833984,41.84999847412109,41.9900016784668,41.4900016784668,41.88999938964844,1222800
2011-03-18,39.16609954833984,42.13999938964844,42.709999084472656,42.08000183105469,42.43000030517578,1496400
2011-03-21,39.90963363647461,42.93999862670898,42.93999862670898,42.400001525878906,42.56999969482422,1101700
2011-03-22,39.96540451049805,43.0,43.09000015258789,42.810001373291016,42.95000076293945,911600
2011-03-23,39.91893768310547,42.95000076293945,43.08000183105469,42.619998931884766,42.90999984741211,2259700
2011-03-24,39.96540451049805,43.0,43.09999847412109,42.75,43.09999847412109,1222500
2011-03-25,40.00258255004883,43.040000915527344,43.18000030517578,42.88999938964844,43.040000915527344,1496800
2011-03-28,39.65870666503906,42.66999816894531,43.27000045776367,42.66999816894531,43.09000015258789,984300
2011-03-29,39.96540451049805,43.0,43.0099983215332,42.52000045776367,42.61000061035156,775400
2011-03-30,39.9932975769043,43.02999877929688,43.27999877929688,43.0,43.150001525878906,1511600
2011-03-31,40.049049377441406,43.09000015258789,43.290000915527344,42.86000061035156,42.88999938964844,1680800
2011-04-01,40.43942642211914,43.5099983215332,43.52999877929688,42.91999816894531,43.119998931884766,1584200
2011-04-04,40.58812713623047,43.66999816894531,43.84000015258789,43.33000183105469,43.380001068115234,1164800
2011-04-05,40.337188720703125,43.400001525878906,43.790000915527344,43.400001525878906,43.58000183105469,1938100
2011-04-06,40.58812713623047,43.66999816894531,43.75,43.470001220703125,43.52000045776367,1219700
2011-04-07,40.28141784667969,43.34000015258789,43.66999816894531,43.08000183105469,43.54999923706055,1079600
2011-04-08,39.96540451049805,43.0,43.59000015258789,42.95000076293945,43.43000030517578,798400
2011-04-11,39.98400115966797,43.02000045776367,43.27999877929688,42.790000915527344,43.0,661500
2011-04-12,39.50999450683594,42.5099983215332,42.900001525878906,42.40999984741211,42.79999923706055,839000
2011-04-13,39.38916015625,42.380001068115234,42.77000045776367,42.34999847412109,42.619998931884766,880300
2011-04-14,39.23116302490234,42.209999084472656,42.34000015258789,41.93999862670898,42.04999923706055,822900
2011-04-15,39.482120513916016,42.47999954223633,42.4900016784668,42.16999816894531,42.36000061035156,941700
2011-04-18,39.138214111328125,42.11000061035156,42.27000045776367,41.77999877929688,42.0,1163100
2011-04-19,39.14751052856445,42.119998931884766,42.2599983215332,41.88999938964844,42.150001525878906,722000
2011-04-20,39.80739974975586,42.83000183105469,42.88999938964844,42.40999984741211,42.560001373291016,1512100
2011-04-21,40.22564697265625,43.27999877929688,43.310001373291016,42.77000045776367,42.959999084472656,1187500
2011-04-25,40.08623504638672,43.130001068115234,43.380001068115234,43.08000183105469,43.380001068115234,742600
2011-04-26,40.16991424560547,43.220001220703125,43.40999984741211,43.16999816894531,43.31999969482422,1300000
2011-04-27,40.23494338989258,43.290000915527344,43.40999984741211,43.119998931884766,43.380001068115234,2727000
2011-04-28,40.95060729980469,44.060001373291016,44.130001068115234,43.18000030517578,43.29999923706055,1350100
2011-04-29,41.1364860534668,44.2599983215332,44.459999084472656,44.0,44.04999923706055,1036900
2011-05-02,39.9932975769043,43.02999877929688,43.380001068115234,42.650001525878906,43.34000015258789,2006300
2011-05-03,39.482120513916016,42.47999954223633,43.209999084472656,42.06999969482422,43.04999923706055,1577500
2011-05-04,39.27762985229492,42.2599983215332,42.43000030517578,42.0,42.43000030517578,1301000
2011-05-05,38.645633697509766,41.58000183105469,42.2400016784668,41.45000076293945,42.130001068115234,1715500
2011-05-06,38.77574157714844,41.720001220703125,42.2400016784668,41.4900016784668,41.970001220703125,1145900
2011-05-09,38.85938262939453,41.810001373291016,41.900001525878906,41.470001220703125,41.77000045776367,759200
2011-05-10,39.1939697265625,42.16999816894531,42.27000045776367,41.81999969482422,41.91999816894531,931300
2011-05-11,38.627044677734375,41.560001373291016,42.09999847412109,41.400001525878906,42.06999969482422,1191200
2011-05-12,38.97091293334961,41.93000030517578,41.9900016784668,41.27000045776367,41.400001525878906,1275700
2011-05-13,38.710670471191406,41.650001525878906,42.040000915527344,41.459999084472656,42.0,1191400
2011-05-16,38.589839935302734,41.52000045776367,41.93000030517578,41.380001068115234,41.470001220703125,1113900
2011-05-17,38.68281173706055,41.619998931884766,41.650001525878906,41.290000915527344,41.459999084472656,1457900
2011-05-18,38.98020553588867,41.93999862670898,41.959999084472656,41.5,41.68000030517578,863500
2011-05-19,39.110347747802734,42.08000183105469,42.2599983215332,41.68999862670898,42.2599983215332,799400
2011-05-20,38.79434967041016,41.7400016784668,42.09999847412109,41.61000061035156,42.04999923706055,930900
2011-05-23,38.636329650878906,41.56999969482422,41.63999938964844,41.31999969482422,41.33000183105469,1652400
2011-05-24,38.636329650878906,41.56999969482422,41.72999954223633,41.40999984741211,41.61000061035156,1175400
2011-05-25,38.74785232543945,41.68999862670898,41.84000015258789,41.290000915527344,41.290000915527344,1125100
2011-05-26,39.02667999267578,41.9900016784668,42.040000915527344,41.400001525878906,41.5099983215332,853700
2011-05-27,38.945709228515625,41.84000015258789,42.150001525878906,41.77000045776367,42.0099983215332,740700
2011-05-31,39.11325454711914,42.02000045776367,42.18000030517578,41.77999877929688,42.18000030517578,1162800
2011-06-01,38.396514892578125,41.25,41.97999954223633,41.220001220703125,41.900001525878906,2315300
2011-06-02,38.64784240722656,41.52000045776367,41.619998931884766,41.130001068115234,41.25,1008400
2011-06-03,38.45237731933594,41.310001373291016,41.709999084472656,41.02000045776367,41.02000045776367,1350100
2011-06-06,38.10796356201172,40.93999862670898,41.45000076293945,40.86000061035156,41.29999923706055,1128200
2011-06-07,38.0521125793457,40.880001068115234,41.25,40.880001068115234,41.130001068115234,1217800
2011-06-08,37.99626541137695,40.81999969482422,41.04999923706055,40.77999877929688,40.84999847412109,1284100
2011-06-09,38.322052001953125,41.16999816894531,41.2599983215332,40.75,40.93999862670898,1005900
2011-06-10,37.88456726074219,40.70000076293945,41.02999877929688,40.47999954223633,40.93999862670898,1805200
2011-06-13,37.89388275146485,40.709999084472656,40.95000076293945,40.470001220703125,40.84999847412109,1431900
2011-06-14,38.19173431396485,41.02999877929688,41.290000915527344,40.93000030517578,41.11000061035156,1114900
2011-06-15,37.51222229003906,40.29999923706055,40.84999847412109,40.290000915527344,40.720001220703125,2412000
2011-06-16,37.456390380859375,40.2400016784668,40.59000015258789,39.9900016784668,40.38999938964844,2105400
2011-06-17,37.754241943359375,40.560001373291016,40.81999969482422,40.31999969482422,40.54999923706055,2810000
2011-06-20,38.01487350463867,40.84000015258789,40.93999862670898,40.45000076293945,40.52999877929688,1051500
2011-06-21,38.5361328125,41.400001525878906,41.4900016784668,40.91999816894531,40.9900016784668,1050300
2011-06-22,38.545440673828125,41.40999984741211,41.720001220703125,41.16999816894531,41.34000015258789,1541600
2011-06-23,38.48960113525391,41.34999847412109,41.40999984741211,40.52999877929688,40.869998931884766,2450100
2011-06-24,37.96833419799805,40.790000915527344,41.369998931884766,40.77000045776367,41.290000915527344,1387100
2011-06-27,38.359283447265625,41.209999084472656,41.400001525878906,40.77000045776367,40.88999938964844,1212200
2011-06-28,38.84332656860352,41.72999954223633,41.75,41.20000076293945,41.33000183105469,1286000
2011-06-29,39.2249641418457,42.13999938964844,42.20000076293945,41.83000183105469,41.83000183105469,2766800
2011-06-30,39.17842102050781,42.09000015258789,42.43000030517578,41.97999954223633,42.29999923706055,1586100
2011-07-01,39.206336975097656,42.119998931884766,42.290000915527344,41.93999862670898,42.18000030517578,1546700
2011-07-05,39.03878021240234,41.93999862670898,42.119998931884766,41.77999877929688,42.08000183105469,1287400
2011-07-06,39.2342529296875,42.150001525878906,42.220001220703125,41.790000915527344,41.83000183105469,1123000
2011-07-07,39.681060791015625,42.630001068115234,42.63999938964844,42.369998931884766,42.4900016784668,1059000
2011-07-08,39.42974090576172,42.36000061035156,42.380001068115234,42.04999923706055,42.09999847412109,1282500
2011-07-11,38.40582656860352,41.2599983215332,41.90999984741211,41.18999862670898,41.880001068115234,1180700
2011-07-12,38.46166610717773,41.31999969482422,41.65999984741211,41.119998931884766,41.15999984741211,1304500
2011-07-13,38.42445373535156,41.27999877929688,41.720001220703125,41.18000030517578,41.5,906400
2011-07-14,37.98696899414063,40.810001373291016,41.45000076293945,40.77999877929688,41.369998931884766,1332100
2011-07-15,37.94971466064453,40.77000045776367,41.040000915527344,40.5,41.040000915527344,1610000
2011-07-18,37.33537292480469,40.11000061035156,40.65999984741211,40.0,40.560001373291016,1713000
2011-07-19,37.80080032348633,40.61000061035156,40.61000061035156,40.18000030517578,40.2599983215332,1418400
2011-07-20,37.67047500610352,40.470001220703125,40.650001525878906,40.369998931884766,40.45000076293945,1366900
2011-07-21,38.219669342041016,41.060001373291016,41.22999954223633,40.59999847412109,40.75,1947800
2011-07-22,38.07071685791016,40.900001525878906,41.11000061035156,40.7599983215332,41.11000061035156,977900
2011-07-25,37.81009292602539,40.619998931884766,40.86000061035156,40.459999084472656,40.540000915527344,943000
2011-07-26,37.6146354675293,40.40999984741211,40.66999816894531,40.369998931884766,40.5099983215332,1074500
2011-07-27,37.34468460083008,40.119998931884766,40.34000015258789,40.08000183105469,40.29999923706055,1921400
2011-07-28,37.26091384887695,40.02999877929688,40.29999923706055,40.0099983215332,40.150001525878906,1337000
2011-07-29,37.11198043823242,39.869998931884766,40.16999816894531,39.58000183105469,39.58000183105469,1652800
2011-08-01,36.40456771850586,39.11000061035156,40.09999847412109,38.90999984741211,39.220001220703125,2896700
2011-08-02,35.585426330566406,38.22999954223633,39.08000183105469,38.220001220703125,38.75,3011800
2011-08-03,35.67851638793945,38.33000183105469,38.34999847412109,37.72999954223633,38.290000915527344,2529100
2011-08-04,34.91523361206055,37.5099983215332,37.88999938964844,37.220001220703125,37.84999847412109,5242500
2011-08-05,34.98039245605469,37.58000183105469,38.220001220703125,37.060001373291016,37.900001525878906,6619700
2011-08-08,32.91395568847656,35.36000061035156,37.400001525878906,35.36000061035156,36.63999938964844,7684500
2011-08-09,33.937870025634766,36.459999084472656,36.5,34.29999923706055,35.86000061035156,6566900
2011-08-10,32.15068054199219,34.540000915527344,36.290000915527344,34.5,35.7599983215332,4797900
2011-08-11,33.98442459106445,36.5099983215332,36.9900016784668,34.68000030517578,34.7400016784668,4716400
2011-08-12,33.75171661376953,36.2599983215332,37.16999816894531,36.09000015258789,36.84999847412109,1954600
2011-08-15,34.52428436279297,37.09000015258789,37.09000015258789,36.52000045776367,36.52000045776367,2025100
2011-08-16,34.29158020019531,36.84000015258789,37.15999984741211,36.41999816894531,36.630001068115234,3018000
2011-08-17,34.375362396240234,36.93000030517578,37.209999084472656,36.369998931884766,36.810001373291016,2431000
2011-08-18,33.10011672973633,35.560001373291016,36.150001525878906,35.279998779296875,35.93000030517578,4238700
2011-08-19,32.81155014038086,35.25,36.040000915527344,35.099998474121094,35.15999984741211,2947500
2011-08-22,32.70918273925781,35.13999938964844,36.0,35.060001373291016,36.0,2036400
2011-08-23,33.25836944580078,35.72999954223633,35.72999954223633,35.060001373291016,35.209999084472656,2855500
2011-08-24,33.63999938964844,36.13999938964844,36.16999816894531,35.36000061035156,35.59000015258789,2118100
2011-08-25,33.10011672973633,35.560001373291016,36.63999938964844,35.43000030517578,36.310001373291016,2992000
2011-08-26,33.397987365722656,35.880001068115234,36.220001220703125,34.84000015258789,35.220001220703125,2154400
2011-08-29,34.58943176269531,37.15999984741211,37.18000030517578,36.34999847412109,36.36000061035156,2424100
2011-08-30,34.56428527832031,37.06999969482422,37.29999923706055,36.43000030517578,36.90999984741211,2022000
2011-08-31,35.07710266113281,37.619998931884766,37.7599983215332,37.119998931884766,37.290000915527344,1932100
2011-09-01,34.38711929321289,36.880001068115234,37.709999084472656,36.86000061035156,37.59999847412109,1721900
2011-09-02,33.63186264038086,36.06999969482422,36.47999954223633,35.970001220703125,36.09999847412109,2205900
2011-09-06,33.15633010864258,35.560001373291016,35.599998474121094,34.970001220703125,35.11000061035156,2245500
2011-09-07,34.4337272644043,36.93000030517578,36.95000076293945,36.11000061035156,36.310001373291016,2121700
2011-09-08,33.986167907714844,36.45000076293945,36.959999084472656,36.36000061035156,36.650001525878906,1627800
2011-09-09,33.529293060302734,35.959999084472656,36.630001068115234,35.810001373291016,36.15999984741211,3252100
2011-09-12,33.883628845214844,36.34000015258789,36.34000015258789,35.34000015258789,35.47999954223633,2484000
2011-09-13,34.00482940673828,36.470001220703125,36.630001068115234,35.959999084472656,36.470001220703125,1938700
2011-09-14,34.331172943115234,36.81999969482422,37.18000030517578,36.04999923706055,36.650001525878906,1898600
2011-09-15,34.90925598144531,37.43999862670898,37.43999862670898,36.7599983215332,37.09999847412109,1399400
2011-09-16,35.030479431152344,37.56999969482422,37.93000030517578,37.18000030517578,37.560001373291016,1774100
2011-09-19,34.50832748413086,37.0099983215332,37.2599983215332,36.4900016784668,36.88999938964844,1619500
2011-09-20,34.47101593017578,36.970001220703125,37.619998931884766,36.93999862670898,37.15999984741211,1756400
2011-09-21,32.895263671875,35.279998779296875,37.08000183105469,35.279998779296875,37.02999877929688,2042300
2011-09-22,31.9442138671875,34.2599983215332,34.709999084472656,33.86000061035156,34.2400016784668,3456400
2011-09-23,32.07474899291992,34.400001525878906,34.439998626708984,33.790000915527344,34.09000015258789,1915500
2011-09-26,33.04445266723633,35.439998626708984,35.470001220703125,34.04999923706055,34.72999954223633,1908700
2011-09-27,33.10971450805664,35.5099983215332,36.45000076293945,35.310001373291016,36.220001220703125,2003700
2011-09-28,32.279869079589844,34.619998931884766,35.900001525878906,34.619998931884766,35.52000045776367,2178400
2011-09-29,32.8486442565918,35.22999954223633,35.58000183105469,34.4900016784668,35.36000061035156,2150600
2011-09-30,32.21460723876953,34.54999923706055,35.279998779296875,34.54999923706055,34.79999923706055,2254900
2011-10-03,31.2355899810791,33.5,34.880001068115234,33.4900016784668,34.33000183105469,2866600
2011-10-04,31.804357528686523,34.11000061035156,34.189998626708984,32.900001525878906,33.060001373291016,4300000
2011-10-05,32.62487030029297,34.9900016784668,35.15999984741211,33.90999984741211,34.209999084472656,2505900
2011-10-06,33.0164794921875,35.40999984741211,35.40999984741211,34.470001220703125,34.810001373291016,2053600
2011-10-07,32.326515197753906,34.66999816894531,35.66999816894531,34.630001068115234,35.66999816894531,2300500
2011-10-10,33.65052795410156,36.09000015258789,36.09000015258789,35.34000015258789,35.34000015258789,1694700
2011-10-11,33.57592010498047,36.0099983215332,36.29999923706055,35.63999938964844,35.880001068115234,1076100
2011-10-12,33.641197204589844,36.08000183105469,36.38999938964844,36.04999923706055,36.220001220703125,2442000
2011-10-13,33.53863525390625,35.970001220703125,36.150001525878906,35.290000915527344,35.720001220703125,1661900
2011-10-14,34.08875274658203,36.560001373291016,36.630001068115234,36.0099983215332,36.34999847412109,1220700
2011-10-17,33.12835693359375,35.529998779296875,36.380001068115234,35.470001220703125,36.380001068115234,1596500
2011-10-18,34.34981918334961,36.84000015258789,37.02000045776367,35.369998931884766,35.599998474121094,2116400
2011-10-19,33.97685623168945,36.43999862670898,37.34000015258789,36.369998931884766,36.81999969482422,1695800
2011-10-20,34.983848571777344,37.52000045776367,37.560001373291016,36.380001068115234,36.5099983215332,2957000
2011-10-21,36.04679870605469,38.65999984741211,38.65999984741211,37.83000183105469,37.84999847412109,2576000
2011-10-24,36.70880508422852,39.369998931884766,39.4900016784668,38.70000076293945,38.81999969482422,2264400
2011-10-25,36.13070297241211,38.75,39.4900016784668,38.4900016784668,39.060001373291016,2175000
2011-10-26,36.81137847900391,39.47999954223633,39.63999938964844,38.619998931884766,39.2400016784668,1785400
2011-10-27,38.62023162841797,41.41999816894531,41.65999984741211,40.369998931884766,40.650001525878906,2378300
2011-10-28,38.48969650268555,41.27999877929688,41.400001525878906,40.93999862670898,41.36000061035156,1808900
2011-10-31,37.01649856567383,39.70000076293945,40.65999984741211,39.08000183105469,40.5,1763200
2011-11-01,35.58058547973633,38.15999984741211,39.209999084472656,38.09999847412109,38.4900016784668,2392300
2011-11-02,36.2612533569336,38.88999938964844,39.40999984741211,38.4900016784668,38.880001068115234,2519100
2011-11-03,36.699466705322266,39.36000061035156,39.470001220703125,38.52999877929688,39.13999938964844,2146700
2011-11-04,36.62487411499024,39.27999877929688,39.41999816894531,38.709999084472656,39.04999923706055,1959700
2011-11-07,36.79271697998047,39.459999084472656,39.47999954223633,38.77000045776367,39.34000015258789,1339100
2011-11-08,37.16568756103516,39.86000061035156,39.93999862670898,39.2400016784668,39.619998931884766,2062900
2011-11-09,35.739112854003906,38.33000183105469,39.11000061035156,38.25,38.810001373291016,2752200
2011-11-10,36.07476043701172,38.68999862670898,38.970001220703125,38.29999923706055,38.86000061035156,1575700
2011-11-11,36.83001327514648,39.5,39.630001068115234,39.119998931884766,39.25,1261400
2011-11-14,36.29855728149414,38.93000030517578,39.34000015258789,38.75,39.220001220703125,1302200
2011-11-15,36.59691619873047,39.25,39.43999862670898,38.619998931884766,38.790000915527344,1622000
2011-11-16,35.83233642578125,38.43000030517578,39.2400016784668,38.369998931884766,38.68000030517578,1705000
2011-11-17,35.179656982421875,37.72999954223633,38.709999084472656,37.54999923706055,38.369998931884766,2125400
2011-11-18,35.5992431640625,38.18000030517578,38.36000061035156,37.790000915527344,38.040000915527344,1733500
2011-11-21,34.67616271972656,37.18999862670898,37.65999984741211,36.959999084472656,37.650001525878906,1661900
2011-11-22,34.41508865356445,36.90999984741211,37.369998931884766,36.84000015258789,37.209999084472656,1519700
2011-11-23,33.398765563964844,35.81999969482422,36.540000915527344,35.81999969482422,36.4900016784668,1643100
2011-11-25,33.48563766479492,35.849998474121094,36.27000045776367,35.59000015258789,35.68000030517578,769100
2011-11-28,34.26090621948242,36.68000030517578,36.900001525878906,36.369998931884766,36.63999938964844,1652700
2011-11-29,34.27956771850586,36.70000076293945,36.959999084472656,36.619998931884766,36.880001068115234,1551600
2011-11-30,35.89546585083008,38.43000030517578,38.47999954223633,37.630001068115234,37.88999938964844,2737500
2011-12-01,35.80207824707031,38.33000183105469,38.52999877929688,38.11000061035156,38.25,1204800
2011-12-02,35.727352142333984,38.25,39.0099983215332,38.20000076293945,38.63999938964844,1452200
2011-12-05,36.38117980957031,38.95000076293945,39.36000061035156,38.650001525878906,38.86000061035156,1665800
2011-12-06,36.55865859985352,39.13999938964844,39.43000030517578,38.7599983215332,38.93000030517578,1507600
2011-12-07,36.5679817199707,39.150001525878906,39.290000915527344,38.630001068115234,38.869998931884766,1550900
2011-12-08,35.335052490234375,37.83000183105469,38.91999816894531,37.75,38.81999969482422,2176000
2011-12-09,36.03557968139648,38.58000183105469,38.77000045776367,38.09999847412109,38.119998931884766,1845800
2011-12-12,35.269657135009766,37.7599983215332,38.15999984741211,37.4900016784668,38.130001068115234,1573000
2011-12-13,34.92406463623047,37.38999938964844,38.47999954223633,37.119998931884766,37.880001068115234,1950900
2011-12-14,34.83066940307617,37.290000915527344,37.720001220703125,37.08000183105469,37.18999862670898,1993100
2011-12-15,34.73725509643555,37.18999862670898,37.880001068115234,37.13999938964844,37.7599983215332,1668900
2011-12-16,34.522422790527344,36.959999084472656,37.5099983215332,36.75,37.369998931884766,2467600
2011-12-19,34.120784759521484,36.52999877929688,37.13999938964844,36.41999816894531,36.9900016784668,1435400
2011-12-20,34.98945236206055,37.459999084472656,37.52999877929688,37.02999877929688,37.02999877929688,2406700
2011-12-21,35.2509880065918,37.7400016784668,37.790000915527344,37.290000915527344,37.5099983215332,1615100
2011-12-22,35.419124603271484,37.91999816894531,37.93999862670898,37.61000061035156,37.810001373291016,1351200
2011-12-23,35.6993293762207,38.220001220703125,38.220001220703125,37.79999923706055,38.0,868200
2011-12-27,35.58723068237305,38.09999847412109,38.34000015258789,38.060001373291016,38.060001373291016,713800
2011-12-28,35.07350158691406,37.54999923706055,38.08000183105469,37.470001220703125,37.9900016784668,1013700
2011-12-29,35.419124603271484,37.91999816894531,37.959999084472656,37.52000045776367,37.65999984741211,705800
2011-12-30,35.16691970825195,37.650001525878906,37.97999954223633,37.650001525878906,37.97999954223633,619300
2012-01-03,35.93284606933594,38.470001220703125,38.68999862670898,38.310001373291016,38.47999954223633,1350600
2012-01-04,35.49384689331055,38.0,38.43000030517578,38.0,38.220001220703125,1651800
2012-01-05,35.54054260253906,38.04999923706055,38.209999084472656,37.31999969482422,37.86000061035156,1090000
2012-01-06,35.2323112487793,37.720001220703125,38.130001068115234,37.630001068115234,38.130001068115234,928800
2012-01-09,35.344383239746094,37.84000015258789,38.04999923706055,37.68000030517578,37.91999816894531,1216800
2012-01-10,35.94216537475586,38.47999954223633,38.52000045776367,38.22999954223633,38.36000061035156,1229500
2012-01-11,35.8114128112793,38.34000015258789,38.459999084472656,38.18999862670898,38.290000915527344,879400
2012-01-12,35.97953414916992,38.52000045776367,38.54999923706055,38.18000030517578,38.369998931884766,1000700
2012-01-13,35.70866012573242,38.22999954223633,38.38999938964844,37.75,38.13999938964844,1050800
2012-01-17,35.5218505859375,38.02999877929688,38.900001525878906,37.97999954223633,38.900001525878906,1410200
2012-01-18,35.84878158569336,38.380001068115234,38.380001068115234,37.790000915527344,37.84000015258789,1257600
2012-01-19,35.988868713378906,38.52999877929688,38.59000015258789,38.290000915527344,38.470001220703125,933100
2012-01-20,36.01689529418945,38.560001373291016,38.630001068115234,38.34000015258789,38.5,1443100
2012-01-23,36.37185287475586,38.93999862670898,39.02999877929688,38.40999984741211,38.54999923706055,1245200
2012-01-24,35.904815673828125,38.43999862670898,38.68000030517578,38.34999847412109,38.58000183105469,1051900
2012-01-25,35.661956787109375,38.18000030517578,38.380001068115234,37.720001220703125,38.34000015258789,1763400
2012-01-26,35.4471321105957,37.95000076293945,38.380001068115234,37.7400016784668,38.290000915527344,1389200
2012-01-27,35.14823913574219,37.630001068115234,37.86000061035156,37.540000915527344,37.75,1316600
2012-01-30,34.85866928100586,37.31999969482422,37.45000076293945,37.040000915527344,37.290000915527344,1361400
2012-01-31,34.84934616088867,37.310001373291016,37.54999923706055,37.02000045776367,37.470001220703125,1306500
2012-02-01,35.353736877441406,37.84999847412109,37.93999862670898,37.400001525878906,37.54999923706055,1551700
2012-02-02,35.49384689331055,38.0,38.13999938964844,37.77999877929688,37.959999084472656,1006900
2012-02-03,36.06360626220703,38.61000061035156,38.61000061035156,38.22999954223633,38.43999862670898,1716800
2012-02-06,35.84878158569336,38.380001068115234,38.4900016784668,38.0,38.2400016784668,1343700
2012-02-07,35.83011245727539,38.36000061035156,38.459999084472656,38.02000045776367,38.060001373291016,980700
2012-02-08,35.95153045654297,38.4900016784668,38.56999969482422,38.25,38.36000061035156,782500
2012-02-09,35.680641174316406,38.20000076293945,38.70000076293945,38.08000183105469,38.54999923706055,806500
2012-02-10,35.58723068237305,38.09999847412109,38.130001068115234,37.7400016784668,38.0,1209500
2012-02-13,35.88612747192383,38.41999816894531,38.4900016784668,38.27999877929688,38.380001068115234,635400
2012-02-14,35.63394546508789,38.150001525878906,38.31999969482422,37.81999969482422,38.22999954223633,854300
2012-02-15,35.11087417602539,37.59000015258789,38.38999938964844,37.58000183105469,38.25,1088900
2012-02-16,35.55921173095703,38.06999969482422,38.09999847412109,37.59000015258789,37.63999938964844,1181800
2012-02-17,35.77407455444336,38.29999923706055,38.5099983215332,38.09999847412109,38.27999877929688,1230600
2012-02-21,36.17568206787109,38.72999954223633,38.7400016784668,38.290000915527344,38.36000061035156,1171700
2012-02-22,36.157005310058594,38.709999084472656,39.02999877929688,38.66999816894531,38.79999923706055,1132800
2012-02-23,36.586669921875,39.16999816894531,39.220001220703125,38.66999816894531,38.72999954223633,1094000
2012-02-24,36.55865859985352,39.13999938964844,39.33000183105469,39.040000915527344,39.15999984741211,952300
2012-02-27,36.680084228515625,39.27000045776367,39.40999984741211,38.77000045776367,38.77999877929688,925200
2012-02-28,36.8138542175293,39.34999847412109,39.380001068115234,38.9900016784668,39.34000015258789,1144400
2012-02-29,36.61738967895508,39.13999938964844,39.470001220703125,39.02999877929688,39.33000183105469,1404600
2012-03-01,36.701602935791016,39.22999954223633,39.43000030517578,39.06999969482422,39.15999984741211,770300
2012-03-02,36.36479949951172,38.869998931884766,39.22999954223633,38.810001373291016,39.130001068115234,652100
2012-03-05,36.346099853515625,38.84999847412109,38.900001525878906,38.56999969482422,38.77000045776367,738900
2012-03-06,35.70054626464844,38.15999984741211,38.54999923706055,38.11000061035156,38.5099983215332,1208200
2012-03-07,35.74734115600586,38.209999084472656,38.31999969482422,37.9900016784668,38.220001220703125,794600
2012-03-08,35.85023880004883,38.31999969482422,38.540000915527344,38.04999923706055,38.52999877929688,997000
2012-03-09,36.15897750854492,38.650001525878906,38.720001220703125,38.290000915527344,38.36000061035156,798800
2012-03-12,36.08414077758789,38.56999969482422,38.70000076293945,38.400001525878906,38.650001525878906,574700
2012-03-13,36.76708221435547,39.29999923706055,39.33000183105469,38.58000183105469,38.7599983215332,1095600
2012-03-14,36.50512313842773,39.02000045776367,39.470001220703125,38.88999938964844,39.380001068115234,677700
2012-03-15,37.01031875610352,39.560001373291016,39.59999847412109,38.7599983215332,39.09000015258789,986900
2012-03-16,36.93547821044922,39.47999954223633,39.709999084472656,39.27000045776367,39.650001525878906,1662300
2012-03-19,37.122596740722656,39.68000030517578,39.77999877929688,39.400001525878906,39.45000076293945,778800
2012-03-20,37.141300201416016,39.70000076293945,40.15999984741211,39.34999847412109,39.45000076293945,1169700
2012-03-21,36.80449676513672,39.34000015258789,39.72999954223633,39.33000183105469,39.70000076293945,1146100
2012-03-22,36.2993049621582,38.79999923706055,39.13999938964844,38.77000045776367,39.130001068115234,1140900
2012-03-23,36.66417694091797,39.18999862670898,39.220001220703125,38.77000045776367,38.95000076293945,820600
2012-03-26,37.29099655151367,39.86000061035156,39.86000061035156,39.380001068115234,39.54999923706055,885900
2012-03-27,37.131935119628906,39.68999862670898,40.04999923706055,39.66999816894531,39.93999862670898,953800
2012-03-28,37.0758171081543,39.630001068115234,39.869998931884766,39.400001525878906,39.66999816894531,1036800
2012-03-29,36.92612457275391,39.470001220703125,39.56999969482422,39.2599983215332,39.34999847412109,969900
2012-03-30,37.30035781860352,39.869998931884766,39.880001068115234,39.400001525878906,39.66999816894531,1252200
2012-04-02,37.76810836791992,40.369998931884766,40.5,39.77999877929688,39.88999938964844,1775800
2012-04-03,37.47809982299805,40.060001373291016,40.5099983215332,39.619998931884766,40.400001525878906,1433500
2012-04-04,37.15067672729492,39.709999084472656,39.91999816894531,39.61000061035156,39.77999877929688,1106200
2012-04-05,37.0196647644043,39.56999969482422,39.84999847412109,39.40999984741211,39.4900016784668,1158200
2012-04-09,36.48642349243164,39.0,39.20000076293945,38.90999984741211,39.08000183105469,957200
2012-04-10,35.91572952270508,38.38999938964844,38.959999084472656,38.310001373291016,38.81999969482422,1418800
2012-04-11,36.28995895385742,38.790000915527344,38.959999084472656,38.650001525878906,38.77000045776367,923200
2012-04-12,36.888702392578125,39.43000030517578,39.45000076293945,38.709999084472656,38.709999084472656,789300
2012-04-13,36.40220642089844,38.90999984741211,39.43999862670898,38.90999984741211,39.33000183105469,1233400
2012-04-16,36.72029876708984,39.25,39.34000015258789,38.959999084472656,39.16999816894531,1193000
2012-04-17,37.34712219238281,39.91999816894531,39.93000030517578,39.27000045776367,39.43000030517578,1313000
2012-04-18,37.09452819824219,39.650001525878906,39.88999938964844,39.59999847412109,39.68000030517578,980600
2012-04-19,37.000972747802734,39.54999923706055,39.97999954223633,39.459999084472656,39.720001220703125,1176900
2012-04-20,37.27228546142578,39.84000015258789,39.9900016784668,39.650001525878906,39.77000045776367,1783000
2012-04-23,37.06646347045898,39.619998931884766,39.63999938964844,39.150001525878906,39.45000076293945,1085000
2012-04-24,37.6464958190918,40.2400016784668,40.27999877929688,39.63999938964844,39.68000030517578,1325800
2012-04-25,38.02072525024414,40.63999938964844,40.650001525878906,40.369998931884766,40.52999877929688,1906800
2012-04-26,38.40428924560547,41.04999923706055,41.09999847412109,40.5,40.630001068115234,1229800
2012-04-27,38.36687088012695,41.0099983215332,41.2599983215332,40.88999938964844,41.2599983215332,1207600
2012-04-30,38.47915267944336,41.130001068115234,41.34999847412109,40.33000183105469,40.970001220703125,1116400
2012-05-01,38.81594467163086,41.4900016784668,41.79999923706055,40.9900016784668,41.040000915527344,1304500
2012-05-02,38.61012268066406,41.27000045776367,41.400001525878906,41.04999923706055,41.369998931884766,1075000
2012-05-03,38.48849105834961,41.13999938964844,41.47999954223633,41.04999923706055,41.16999816894531,995100
2012-05-04,38.142333984375,40.77000045776367,41.09999847412109,40.52999877929688,41.02999877929688,1074100
2012-05-07,38.09555435180664,40.720001220703125,40.79999923706055,40.459999084472656,40.560001373291016,711900
2012-05-08,38.2733154296875,40.90999984741211,40.93000030517578,40.22999954223633,40.470001220703125,1227900
2012-05-09,38.13298797607422,40.7599983215332,41.04999923706055,40.290000915527344,40.47999954223633,979700
2012-05-10,38.357521057128906,41.0,41.2400016784668,40.869998931884766,41.040000915527344,967500
2012-05-11,38.02072525024414,40.63999938964844,41.09999847412109,40.310001373291016,40.66999816894531,594300
2012-05-14,37.52486801147461,40.11000061035156,40.470001220703125,40.11000061035156,40.27999877929688,824000
2012-05-15,37.15067672729492,39.709999084472656,40.27000045776367,39.619998931884766,40.16999816894531,932000
2012-05-16,36.58933639526367,39.11000061035156,40.0099983215332,39.11000061035156,39.880001068115234,918900
2012-05-17,36.23381805419922,38.72999954223633,39.27999877929688,38.68000030517578,39.119998931884766,1057800
2012-05-18,35.85023880004883,38.31999969482422,38.970001220703125,38.18999862670898,38.77999877929688,1484200
2012-05-21,36.449012756347656,38.959999084472656,38.970001220703125,38.290000915527344,38.43000030517578,779200
2012-05-22,36.67352294921875,39.20000076293945,39.36000061035156,38.95000076293945,39.09000015258789,1157600
2012-05-23,36.6922492980957,39.220001220703125,39.27999877929688,38.4900016784668,38.86000061035156,772000
2012-05-24,36.832557678222656,39.369998931884766,39.38999938964844,38.959999084472656,39.34000015258789,715600
2012-05-25,36.6922492980957,39.220001220703125,39.5099983215332,39.09000015258789,39.36000061035156,678600
2012-05-29,37.1038818359375,39.65999984741211,39.70000076293945,39.220001220703125,39.540000915527344,909400
2012-05-30,36.32895278930664,38.77000045776367,39.40999984741211,38.77000045776367,39.2599983215332,1803300
2012-05-31,36.44139099121094,38.88999938964844,39.34999847412109,38.5099983215332,38.7599983215332,1118200
2012-06-01,35.94477844238281,38.36000061035156,39.5,38.209999084472656,38.27999877929688,1925200
2012-06-04,35.88855743408203,38.29999923706055,38.5,38.13999938964844,38.41999816894531,878400
2012-06-05,36.0759391784668,38.5,38.61000061035156,38.18999862670898,38.18999862670898,795200
2012-06-06,37.04109573364258,39.52999877929688,39.52999877929688,38.7400016784668,38.77999877929688,1329500
2012-06-07,37.06920623779297,39.560001373291016,40.119998931884766,39.45000076293945,40.0,886500
2012-06-08,37.35970306396485,39.869998931884766,39.869998931884766,39.29999923706055,39.400001525878906,1282400
2012-06-11,37.03173065185547,39.52000045776367,40.34000015258789,39.45000076293945,40.20000076293945,1056100
2012-06-12,37.17228698730469,39.66999816894531,39.70000076293945,39.369998931884766,39.65999984741211,965700
2012-06-13,36.75999069213867,39.22999954223633,39.72999954223633,39.09999847412109,39.540000915527344,861300
2012-06-14,37.20978927612305,39.709999084472656,39.77999877929688,39.2599983215332,39.34999847412109,981000
2012-06-15,37.91254425048828,40.459999084472656,40.470001220703125,39.790000915527344,39.95000076293945,1623200
2012-06-18,38.14680480957031,40.709999084472656,40.81999969482422,40.220001220703125,40.400001525878906,1247500
2012-06-19,38.296722412109375,40.869998931884766,41.09000015258789,40.7599983215332,40.88999938964844,1054400
2012-06-20,38.33420944213867,40.90999984741211,41.209999084472656,40.630001068115234,40.93999862670898,1040400
2012-06-21,37.33158874511719,39.84000015258789,41.130001068115234,39.790000915527344,40.97999954223633,1268300
2012-06-22,37.54711532592773,40.06999969482422,40.2400016784668,39.93000030517578,40.150001525878906,1230600
2012-06-25,36.84432601928711,39.31999969482422,39.75,39.209999084472656,39.7400016784668,1108400
2012-06-26,36.86305618286133,39.34000015258789,39.56999969482422,39.15999984741211,39.43999862670898,1120200
2012-06-27,37.340965270996094,39.84999847412109,39.869998931884766,39.27999877929688,39.400001525878906,954800
2012-06-28,37.6126823425293,40.13999938964844,40.15999984741211,39.43999862670898,39.54999923706055,994100
2012-06-29,38.33420944213867,40.90999984741211,40.970001220703125,40.68999862670898,40.93000030517578,1374700
2012-07-02,38.42791366577149,41.0099983215332,41.25,40.72999954223633,40.93000030517578,1156000
2012-07-03,38.73714447021485,41.34000015258789,41.54999923706055,41.02999877929688,41.040000915527344,888500
2012-07-05,38.03437042236328,40.59000015258789,41.29999923706055,40.560001373291016,41.16999816894531,1099900
2012-07-06,37.95001983642578,40.5,40.52999877929688,40.150001525878906,40.150001525878906,882400
2012-07-09,37.668922424316406,40.20000076293945,40.54999923706055,40.040000915527344,40.5,652900
2012-07-10,37.43465805053711,39.95000076293945,40.59999847412109,39.790000915527344,40.45000076293945,878500
2012-07-11,37.80947113037109,40.34999847412109,40.459999084472656,39.880001068115234,40.0099983215332,1078400
2012-07-12,37.56584930419922,40.09000015258789,40.2400016784668,39.83000183105469,40.040000915527344,685400
2012-07-13,38.32484436035156,40.900001525878906,40.900001525878906,40.06999969482422,40.11000061035156,1107900
2012-07-16,38.1280517578125,40.68999862670898,40.79999923706055,40.45000076293945,40.720001220703125,932000
2012-07-17,38.15616607666016,40.720001220703125,40.91999816894531,40.310001373291016,40.86000061035156,917900
2012-07-18,38.437278747558594,41.02000045776367,41.18000030517578,40.52000045776367,40.56999969482422,1685900
2012-07-19,38.40918731689453,40.9900016784668,41.47999954223633,40.88999938964844,41.27000045776367,1590500
2012-07-20,37.99689102172852,40.54999923706055,40.869998931884766,40.5099983215332,40.75,926800
2012-07-23,37.92191696166992,40.470001220703125,40.58000183105469,40.150001525878906,40.27999877929688,777100
2012-07-24,37.76261901855469,40.29999923706055,40.54999923706055,39.91999816894531,40.52000045776367,749300
2012-07-25,37.76261901855469,40.29999923706055,40.630001068115234,40.209999084472656,40.459999084472656,697000
2012-07-26,38.40918731689453,40.9900016784668,41.11000061035156,40.7400016784668,40.959999084472656,1287700
2012-07-27,39.07447814941406,41.70000076293945,41.77999877929688,40.9900016784668,41.290000915527344,1229300
2012-07-30,37.05046463012695,39.540000915527344,41.02000045776367,39.11000061035156,41.02000045776367,2658200
2012-07-31,37.09732818603516,39.59000015258789,39.84999847412109,39.400001525878906,39.41999816894531,1927400
2012-08-01,36.96614074707031,39.45000076293945,39.84000015258789,39.2400016784668,39.790000915527344,1211800
2012-08-02,36.97550964355469,39.459999084472656,39.52999877929688,39.040000915527344,39.25,1234800
2012-08-03,37.80947113037109,40.34999847412109,40.369998931884766,39.86000061035156,40.060001373291016,1039000
2012-08-06,37.87505340576172,40.41999816894531,40.720001220703125,40.40999984741211,40.45000076293945,744600
2012-08-07,38.024993896484375,40.58000183105469,40.77000045776367,40.5,40.52999877929688,737000
2012-08-08,37.91254425048828,40.459999084472656,40.66999816894531,40.25,40.400001525878906,586600
2012-08-09,37.92191696166992,40.470001220703125,40.650001525878906,40.29999923706055,40.29999923706055,740900
2012-08-10,37.95938873291016,40.5099983215332,40.56999969482422,40.31999969482422,40.40999984741211,509900
2012-08-13,37.91254425048828,40.459999084472656,40.52000045776367,40.31999969482422,40.47999954223633,509800
2012-08-14,37.94067001342773,40.4900016784668,40.77999877929688,40.380001068115234,40.66999816894531,877800
2012-08-15,37.8938102722168,40.43999862670898,40.59999847412109,40.400001525878906,40.4900016784668,548900
2012-08-16,37.96876907348633,40.52000045776367,40.58000183105469,40.34000015258789,40.47999954223633,770700
2012-08-17,37.93128204345703,40.47999954223633,40.77000045776367,40.40999984741211,40.59999847412109,892500
2012-08-20,38.05310821533203,40.61000061035156,40.720001220703125,40.400001525878906,40.400001525878906,872700
2012-08-21,37.94067001342773,40.4900016784668,40.77999877929688,40.400001525878906,40.66999816894531,914700
2012-08-22,37.8938102722168,40.43999862670898,40.65999984741211,40.27999877929688,40.470001220703125,575800
2012-08-23,37.265995025634766,39.77000045776367,40.43000030517578,39.72999954223633,40.36000061035156,1068900
2012-08-24,37.697025299072266,40.22999954223633,40.27000045776367,39.59999847412109,39.630001068115234,731600
2012-08-27,37.87505340576172,40.41999816894531,40.68000030517578,40.18999862670898,40.29999923706055,761700
2012-08-28,37.68766403198242,40.220001220703125,40.5099983215332,40.130001068115234,40.34000015258789,655400
2012-08-29,37.88755416870117,40.369998931884766,40.5,39.95000076293945,40.18000030517578,604800
2012-08-30,37.77492141723633,40.25,40.369998931884766,39.97999954223633,40.18999862670898,503600
2012-08-31,38.15034484863281,40.650001525878906,40.720001220703125,40.33000183105469,40.38999938964844,869500
2012-09-04,38.28173828125,40.790000915527344,40.84999847412109,40.41999816894531,40.59999847412109,788100
2012-09-05,38.41312026977539,40.93000030517578,41.040000915527344,40.77999877929688,40.9900016784668,1058000
2012-09-06,38.41312026977539,40.93000030517578,41.369998931884766,40.88999938964844,41.060001373291016,1292400
2012-09-07,38.647762298583984,41.18000030517578,41.36000061035156,40.93999862670898,41.06999969482422,798300
2012-09-10,38.6758918762207,41.209999084472656,41.43999862670898,41.13999938964844,41.27000045776367,521900
2012-09-11,38.92929458618164,41.47999954223633,41.5099983215332,41.060001373291016,41.18999862670898,667800
2012-09-12,38.83545684814453,41.380001068115234,41.65999984741211,41.27999877929688,41.56999969482422,696100
2012-09-13,39.71764373779297,42.31999969482422,42.380001068115234,41.18000030517578,41.34000015258789,1202900
2012-09-14,40.06489944458008,42.68999862670898,42.86000061035156,42.09000015258789,42.54999923706055,887500
2012-09-17,39.689483642578125,42.290000915527344,42.81999969482422,42.20000076293945,42.65999984741211,696500
2012-09-18,39.46425628662109,42.04999923706055,42.290000915527344,41.810001373291016,42.290000915527344,876900
2012-09-19,39.15454864501953,41.720001220703125,42.150001525878906,41.709999084472656,42.130001068115234,739700
2012-09-20,38.89175033569336,41.43999862670898,41.59000015258789,41.18000030517578,41.54999923706055,872000
2012-09-21,38.88236618041992,41.43000030517578,41.84000015258789,41.400001525878906,41.650001525878906,2259200
2012-09-24,38.95745849609375,41.5099983215332,41.68999862670898,41.18000030517578,41.290000915527344,718300
2012-09-25,38.70405960083008,41.2400016784668,41.709999084472656,41.16999816894531,41.65999984741211,919200
2012-09-26,38.44127655029297,40.959999084472656,41.43000030517578,40.880001068115234,41.27000045776367,1195000
2012-09-27,38.74158477783203,41.27999877929688,41.31999969482422,40.95000076293945,41.09000015258789,698100
2012-09-28,38.72283172607422,41.2599983215332,41.45000076293945,41.060001373291016,41.209999084472656,837200
2012-10-01,38.99501419067383,41.54999923706055,41.83000183105469,41.369998931884766,41.369998931884766,752200
2012-10-02,38.97622299194336,41.52999877929688,41.70000076293945,41.27000045776367,41.59000015258789,646600
2012-10-03,38.75098037719727,41.290000915527344,41.68000030517578,41.060001373291016,41.59999847412109,826000
2012-10-04,39.37979507446289,41.959999084472656,41.959999084472656,41.369998931884766,41.52000045776367,683400
2012-10-05,39.37979507446289,41.959999084472656,42.220001220703125,41.7400016784668,42.16999816894531,648000
2012-10-08,39.49241256713867,42.08000183105469,42.13999938964844,41.720001220703125,41.84999847412109,422400
2012-10-09,39.2296257019043,41.79999923706055,42.25,41.7400016784668,42.08000183105469,432300
2012-10-10,38.99501419067383,41.54999923706055,41.83000183105469,41.470001220703125,41.75,331600
2012-10-11,39.05131912231445,41.61000061035156,42.02999877929688,41.59999847412109,41.84999847412109,463000
2012-10-12,38.92929458618164,41.47999954223633,41.72999954223633,41.150001525878906,41.70000076293945,656800
2012-10-15,39.12637710571289,41.68999862670898,41.77999877929688,41.43999862670898,41.54999923706055,803800
2012-10-16,39.51118087768555,42.09999847412109,42.25,41.77999877929688,41.86000061035156,1098000
2012-10-17,40.06489944458008,42.68999862670898,42.70000076293945,42.18999862670898,42.209999084472656,660600
2012-10-18,40.51537704467773,43.16999816894531,43.36000061035156,42.52000045776367,42.70000076293945,937400
2012-10-19,39.89597702026367,42.5099983215332,43.06999969482422,42.27999877929688,43.06999969482422,870700
2012-10-22,39.839656829833984,42.45000076293945,42.93000030517578,42.130001068115234,42.93000030517578,602900
2012-10-23,39.239013671875,41.810001373291016,42.16999816894531,41.59000015258789,42.09999847412109,621300
2012-10-24,39.43609237670898,42.02000045776367,42.130001068115234,41.77999877929688,41.95000076293945,644600
2012-10-25,39.79273223876953,42.400001525878906,42.560001373291016,41.970001220703125,42.38999938964844,1289000
2012-10-26,39.78334045410156,42.38999938964844,42.470001220703125,42.0099983215332,42.29999923706055,1046900
2012-10-31,39.68011093139648,42.27999877929688,42.619998931884766,42.04999923706055,42.5,914300
2012-11-01,40.2807502746582,42.91999816894531,42.93000030517578,42.04999923706055,42.27000045776367,875500
2012-11-02,39.56747817993164,42.15999984741211,43.130001068115234,42.130001068115234,43.09999847412109,1022700
2012-11-05,39.57685089111328,42.16999816894531,42.310001373291016,41.84000015258789,42.060001373291016,587600
2012-11-06,39.727027893066406,42.33000183105469,42.52999877929688,42.15999984741211,42.29999923706055,774300
2012-11-07,38.6665267944336,41.20000076293945,41.93999862670898,41.130001068115234,41.91999816894531,1085100
2012-11-08,38.12218475341797,40.619998931884766,41.43000030517578,40.61000061035156,41.2599983215332,1239000
2012-11-09,38.600830078125,41.130001068115234,41.40999984741211,40.5,40.540000915527344,1174500
2012-11-12,38.46944427490234,40.9900016784668,41.34999847412109,40.709999084472656,41.220001220703125,1475600
2012-11-13,38.11281204223633,40.61000061035156,41.18999862670898,40.58000183105469,40.79999923706055,757400
2012-11-14,37.46523284912109,39.91999816894531,40.84999847412109,39.84000015258789,40.630001068115234,1129900
2012-11-15,37.38075256347656,39.83000183105469,40.16999816894531,39.619998931884766,39.97999954223633,1222100
2012-11-16,38.21603775024414,40.720001220703125,40.72999954223633,39.56999969482422,39.869998931884766,3708800
2012-11-19,38.32865905761719,40.84000015258789,41.25,40.650001525878906,41.13999938964844,1135700
2012-11-20,38.22542572021485,40.72999954223633,40.900001525878906,40.38999938964844,40.720001220703125,1682800
2012-11-21,38.32865905761719,40.84000015258789,40.959999084472656,40.70000076293945,40.95000076293945,680800
2012-11-23,38.760372161865234,41.29999923706055,41.29999923706055,40.970001220703125,41.02999877929688,386900
2012-11-26,38.56328201293945,41.09000015258789,41.27999877929688,40.88999938964844,41.09999847412109,694900
2012-11-27,38.23481750488281,40.7400016784668,41.27000045776367,40.72999954223633,41.0099983215332,675400
2012-11-28,38.39741134643555,40.84999847412109,40.95000076293945,40.34000015258789,40.52999877929688,1154500
2012-11-29,38.51022720336914,40.970001220703125,41.2400016784668,40.70000076293945,40.97999954223633,985300
2012-11-30,38.42562484741211,40.880001068115234,41.02999877929688,40.720001220703125,40.91999816894531,1309700
2012-12-03,38.27522659301758,40.720001220703125,41.18000030517578,40.709999084472656,41.02000045776367,1465200
2012-12-04,38.49142074584961,40.95000076293945,41.09000015258789,40.65999984741211,40.77000045776367,1140300
2012-12-05,38.59481430053711,41.060001373291016,41.33000183105469,40.83000183105469,41.0,1165600
2012-12-06,38.80159759521485,41.27999877929688,41.38999938964844,41.040000915527344,41.130001068115234,922000
2012-12-07,38.80159759521485,41.27999877929688,41.4900016784668,41.0,41.45000076293945,1263600
2012-12-10,38.57601165771485,41.040000915527344,41.400001525878906,41.040000915527344,41.220001220703125,1120500
2012-12-11,39.008392333984375,41.5,41.5,41.20000076293945,41.290000915527344,1665900
2012-12-12,38.95198822021485,41.43999862670898,41.77999877929688,41.38999938964844,41.630001068115234,809100
2012-12-13,38.52902221679688,40.9900016784668,41.43999862670898,40.79999923706055,41.400001525878906,825900
2012-12-14,38.20943832397461,40.650001525878906,41.09000015258789,40.59000015258789,40.970001220703125,949300
2012-12-17,38.56661987304688,41.02999877929688,41.08000183105469,40.7599983215332,40.900001525878906,907800
2012-12-18,39.13999557495117,41.63999938964844,41.66999816894531,40.97999954223633,41.119998931884766,1182800
2012-12-19,38.69820022583008,41.16999816894531,41.709999084472656,41.16999816894531,41.63999938964844,863900
2012-12-20,38.764007568359375,41.2400016784668,41.38999938964844,40.93999862670898,41.209999084472656,1311400
2012-12-21,38.44441223144531,40.900001525878906,41.09999847412109,40.52999877929688,40.90999984741211,2016900
2012-12-24,38.29402160644531,40.7400016784668,40.95000076293945,40.65999984741211,40.88999938964844,367700
2012-12-26,38.09663772583008,40.52999877929688,40.88999938964844,40.41999816894531,40.810001373291016,716800
2012-12-27,38.05903625488281,40.4900016784668,40.72999954223633,40.209999084472656,40.59000015258789,788700
2012-12-28,37.76764678955078,40.18000030517578,40.52000045776367,40.08000183105469,40.22999954223633,832300
2012-12-31,38.30343246459961,40.75,40.7599983215332,39.91999816894531,40.130001068115234,1351000
2013-01-02,39.03659439086914,41.52999877929688,41.52999877929688,41.060001373291016,41.400001525878906,1166000
2013-01-03,39.20578384399414,41.709999084472656,41.9900016784668,41.38999938964844,41.58000183105469,1021000
2013-01-04,39.53476333618164,42.060001373291016,42.09999847412109,41.650001525878906,41.79999923706055,565600
2013-01-07,39.58175277709961,42.11000061035156,42.11000061035156,41.72999954223633,41.91999816894531,874000
2013-01-08,39.53476333618164,42.060001373291016,42.13999938964844,41.86000061035156,41.90999984741211,953700
2013-01-09,39.58175277709961,42.11000061035156,42.25,41.9900016784668,42.130001068115234,549300
2013-01-10,40.19273376464844,42.7599983215332,42.7599983215332,42.15999984741211,42.310001373291016,901500
2013-01-11,40.08935546875,42.650001525878906,42.810001373291016,42.5099983215332,42.810001373291016,520900
2013-01-14,39.985958099365234,42.540000915527344,42.63999938964844,42.33000183105469,42.63999938964844,453300
2013-01-15,39.9483528137207,42.5,42.52999877929688,42.16999816894531,42.22999954223633,666400
2013-01-16,39.9201545715332,42.470001220703125,42.59999847412109,42.150001525878906,42.40999984741211,590600
2013-01-17,40.16455078125,42.72999954223633,42.93999862670898,42.40999984741211,42.56999969482422,771700
2013-01-18,40.24913787841797,42.81999969482422,43.18999862670898,42.540000915527344,43.119998931884766,1414100
2013-01-22,40.7849235534668,43.38999938964844,43.40999984741211,42.77000045776367,42.880001068115234,828500
2013-01-23,40.76612854003906,43.369998931884766,43.43999862670898,43.09999847412109,43.27000045776367,663200
2013-01-24,40.64392852783203,43.2400016784668,43.4900016784668,43.040000915527344,43.43999862670898,673800
2013-01-25,40.8601188659668,43.470001220703125,43.54999923706055,43.11000061035156,43.400001525878906,632300
2013-01-28,40.7191276550293,43.31999969482422,43.619998931884766,43.20000076293945,43.560001373291016,668300
2013-01-29,41.048095703125,43.66999816894531,43.72999954223633,43.29999923706055,43.34999847412109,650900
2013-01-30,40.7567253112793,43.36000061035156,43.61000061035156,43.209999084472656,43.59999847412109,653100
2013-01-31,40.76612854003906,43.369998931884766,43.56999969482422,43.13999938964844,43.29999923706055,934500
2013-02-01,41.43349075317383,44.08000183105469,44.130001068115234,43.45000076293945,43.630001068115234,1019200
2013-02-04,41.085693359375,43.709999084472656,43.9900016784668,43.630001068115234,43.86000061035156,1357900
2013-02-05,41.17970657348633,43.810001373291016,44.130001068115234,43.59999847412109,44.130001068115234,1005800
2013-02-06,41.28310394287109,43.91999816894531,43.91999816894531,43.380001068115234,43.61000061035156,1176500
2013-02-07,41.11389923095703,43.7400016784668,44.02000045776367,43.58000183105469,44.0,1212800
2013-02-08,41.2173080444336,43.84999847412109,43.869998931884766,43.619998931884766,43.72999954223633,855600
2013-02-11,40.89772033691406,43.5099983215332,43.810001373291016,43.2400016784668,43.70000076293945,939500
2013-02-12,41.02931213378906,43.650001525878906,43.720001220703125,43.459999084472656,43.5,679200
2013-02-13,41.43349075317383,44.08000183105469,44.11000061035156,43.720001220703125,43.75,663200
2013-02-14,41.43349075317383,44.08000183105469,44.16999816894531,43.77999877929688,43.900001525878906,841000
2013-02-15,41.2736930847168,43.90999984741211,44.209999084472656,43.66999816894531,44.060001373291016,1116500
2013-02-19,41.28310394287109,43.91999816894531,44.06999969482422,43.5099983215332,43.95000076293945,1137900
2013-02-20,40.7379264831543,43.34000015258789,43.93000030517578,43.310001373291016,43.84999847412109,935000
2013-02-21,40.8037223815918,43.40999984741211,43.540000915527344,43.040000915527344,43.31999969482422,1110700
2013-02-22,41.057525634765625,43.68000030517578,43.83000183105469,43.540000915527344,43.63999938964844,1012000
2013-02-25,39.85436248779297,42.400001525878906,43.9900016784668,42.38999938964844,43.869998931884766,1227000
2013-02-26,40.11754989624024,42.68000030517578,42.790000915527344,42.09000015258789,42.540000915527344,1207100
2013-02-27,40.47473907470703,43.060001373291016,43.09999847412109,42.52000045776367,42.58000183105469,932000
2013-02-28,40.5217399597168,43.11000061035156,43.459999084472656,43.0,43.08000183105469,1278600
2013-03-01,40.587528228759766,43.18000030517578,43.20000076293945,42.66999816894531,42.959999084472656,1088400
2013-03-04,40.27733612060547,42.84999847412109,43.060001373291016,42.5,43.060001373291016,837500
2013-03-05,40.49353790283203,43.08000183105469,43.209999084472656,43.0,43.09999847412109,993700
2013-03-06,40.59049987792969,43.119998931884766,43.369998931884766,43.02000045776367,43.2400016784668,774600
2013-03-07,40.68462371826172,43.220001220703125,43.290000915527344,43.16999816894531,43.209999084472656,801200
2013-03-08,41.02351760864258,43.58000183105469,43.630001068115234,43.13999938964844,43.38999938964844,1211700
2013-03-11,41.64479446411133,44.2400016784668,44.25,43.4900016784668,43.560001373291016,1149200
2013-03-12,41.38120269775391,43.959999084472656,44.25,43.790000915527344,44.25,885300
2013-03-13,41.39064407348633,43.970001220703125,44.060001373291016,43.7599983215332,44.04999923706055,793300
2013-03-14,42.02132415771485,44.63999938964844,44.68000030517578,44.040000915527344,44.040000915527344,1075500
2013-03-15,41.983673095703125,44.59999847412109,44.77999877929688,44.41999816894531,44.56999969482422,2243900
2013-03-18,41.5694694519043,44.15999984741211,44.40999984741211,44.11000061035156,44.18000030517578,807200
2013-03-19,41.23060607910156,43.79999923706055,44.220001220703125,43.619998931884766,44.18999862670898,1001000
2013-03-20,41.42827987670898,44.0099983215332,44.15999984741211,43.900001525878906,44.02000045776367,852700
2013-03-21,41.27767181396485,43.84999847412109,44.040000915527344,43.72999954223633,43.84000015258789,802500
2013-03-22,41.400047302246094,43.97999954223633,44.130001068115234,43.81999969482422,44.0,764700
2013-03-25,41.23060607910156,43.79999923706055,44.27999877929688,43.59999847412109,44.18000030517578,672600
2013-03-26,41.40945816040039,43.9900016784668,44.209999084472656,43.88999938964844,43.88999938964844,692400
2013-03-27,41.15529251098633,43.720001220703125,43.88999938964844,43.56999969482422,43.70000076293945,1145300
2013-03-28,41.48476791381836,44.06999969482422,44.119998931884766,43.65999984741211,43.68999862670898,1812800
2013-04-01,41.39064407348633,43.970001220703125,44.09999847412109,43.75,44.0,602100
2013-04-02,41.69185256958008,44.290000915527344,44.400001525878906,44.060001373291016,44.16999816894531,989900
2013-04-03,41.35297393798828,43.93000030517578,44.38999938964844,43.86000061035156,44.34999847412109,1276000
2013-04-04,41.635379791259766,44.22999954223633,44.400001525878906,43.86000061035156,43.9900016784668,950000
2013-04-05,41.23060607910156,43.79999923706055,43.84000015258789,43.52000045776367,43.75,761700
2013-04-08,41.39064407348633,43.970001220703125,43.970001220703125,43.4900016784668,43.68999862670898,904200
2013-04-09,41.324737548828125,43.900001525878906,44.02999877929688,43.65999984741211,44.02000045776367,1225000
2013-04-10,41.42827987670898,44.0099983215332,44.02999877929688,43.77000045776367,43.93999862670898,1453000
2013-04-11,41.41886520385742,44.0,44.08000183105469,43.959999084472656,44.08000183105469,2527500
2013-04-12,41.40945816040039,43.9900016784668,44.040000915527344,43.79999923706055,43.95000076293945,1643400
2013-04-15,40.11983489990234,42.619998931884766,43.880001068115234,42.59000015258789,43.810001373291016,1629800
2013-04-16,40.84465789794922,43.38999938964844,43.45000076293945,42.86000061035156,42.86000061035156,1006100
2013-04-17,40.59049987792969,43.119998931884766,43.25,42.619998931884766,43.040000915527344,1394000
2013-04-18,40.47751235961914,43.0,43.66999816894531,42.900001525878906,43.119998931884766,1120300
2013-04-19,40.6469841003418,43.18000030517578,43.209999084472656,42.77999877929688,43.11000061035156,778700
2013-04-22,40.46813201904297,42.9900016784668,43.290000915527344,42.810001373291016,43.209999084472656,1161400
2013-04-23,41.07999038696289,43.63999938964844,43.65999984741211,42.86000061035156,43.18000030517578,2545500
2013-04-24,41.89895248413086,44.5099983215332,44.61000061035156,43.61000061035156,43.72999954223633,1360800
2013-04-25,42.3696174621582,45.0099983215332,45.20000076293945,44.5,44.720001220703125,1188800
2013-04-26,41.83306121826172,44.43999862670898,45.130001068115234,44.43999862670898,45.04999923706055,1010400
2013-04-29,41.91777038574219,44.52999877929688,44.7400016784668,43.93000030517578,44.41999816894531,1149700
2013-04-30,42.049560546875,44.66999816894531,44.70000076293945,44.38999938964844,44.52000045776367,1049600
2013-05-01,42.10603332519531,44.72999954223633,44.970001220703125,44.61000061035156,44.630001068115234,995100
2013-05-02,42.2943115234375,44.93000030517578,45.09999847412109,44.7400016784668,44.84999847412109,1078000
2013-05-03,42.75556564331055,45.41999816894531,45.619998931884766,45.27000045776367,45.27000045776367,831000
2013-05-06,42.94384002685547,45.619998931884766,45.619998931884766,45.34000015258789,45.36000061035156,1011100
2013-05-07,42.962650299072266,45.63999938964844,45.68000030517578,45.220001220703125,45.61000061035156,1097200
2013-05-08,43.09444808959961,45.77999877929688,45.77999877929688,45.310001373291016,45.52000045776367,907400
2013-05-09,42.72733688354492,45.38999938964844,45.81999969482422,45.2400016784668,45.70000076293945,595800
2013-05-10,42.783809661865234,45.45000076293945,45.45000076293945,45.02999877929688,45.36000061035156,685900
2013-05-13,42.793216705322266,45.459999084472656,45.4900016784668,45.130001068115234,45.34999847412109,659200
2013-05-14,43.301551818847656,46.0,46.0,45.36000061035156,45.38999938964844,793000
2013-05-15,43.56512069702149,46.27999877929688,46.290000915527344,45.77999877929688,46.0,505500
2013-05-16,43.339202880859375,46.040000915527344,46.369998931884766,45.95000076293945,46.130001068115234,596700
2013-05-17,43.71574020385742,46.43999862670898,46.5,46.0099983215332,46.130001068115234,729400
2013-05-20,43.96989059448242,46.709999084472656,46.83000183105469,46.29999923706055,46.400001525878906,712100
2013-05-21,43.92283248901367,46.65999984741211,46.86000061035156,46.369998931884766,46.709999084472656,974700
2013-05-22,43.66866683959961,46.38999938964844,47.09999847412109,46.16999816894531,46.65999984741211,1058400
2013-05-23,43.3580322265625,46.060001373291016,46.209999084472656,45.7400016784668,46.08000183105469,807000
2013-05-24,43.25447845458984,45.95000076293945,45.959999084472656,45.56999969482422,45.75,463500
2013-05-28,43.48981857299805,46.20000076293945,46.56999969482422,45.970001220703125,46.43999862670898,1359900
2013-05-29,43.47098922729492,46.18000030517578,46.34000015258789,45.93999862670898,45.93999862670898,1127600
2013-05-30,43.53980255126953,46.18999862670898,46.380001068115234,45.959999084472656,46.15999984741211,724100
2013-05-31,43.19102096557617,45.81999969482422,46.36000061035156,45.810001373291016,46.0099983215332,2094300
2013-06-03,43.19102096557617,45.81999969482422,46.0,45.220001220703125,46.0,1133300
2013-06-04,42.65372467041016,45.25,45.970001220703125,45.13999938964844,45.810001373291016,1049900
2013-06-05,42.14470672607422,44.709999084472656,45.209999084472656,44.68999862670898,45.15999984741211,1056500
2013-06-06,42.521766662597656,45.11000061035156,45.11000061035156,44.459999084472656,44.65999984741211,789300
2013-06-07,43.11560821533203,45.7400016784668,45.810001373291016,45.18999862670898,45.27000045776367,621200
2013-06-10,42.74799728393555,45.34999847412109,45.86000061035156,45.15999984741211,45.84000015258789,1103300
2013-06-11,42.21068954467773,44.77999877929688,45.27000045776367,44.75,45.06999969482422,742200
2013-06-12,41.88077545166016,44.43000030517578,45.209999084472656,44.34000015258789,45.040000915527344,932200
2013-06-13,42.40865707397461,44.9900016784668,44.9900016784668,44.25,44.34999847412109,900600
2013-06-14,42.02216720581055,44.58000183105469,45.150001525878906,44.5099983215332,44.91999816894531,574400
2013-06-17,42.2955322265625,44.869998931884766,45.09999847412109,44.54999923706055,44.83000183105469,844800
2013-06-18,42.57831573486328,45.16999816894531,45.16999816894531,44.880001068115234,44.95000076293945,734600
2013-06-19,42.08815383911133,44.650001525878906,45.33000183105469,44.650001525878906,45.18000030517578,659100
2013-06-20,41.07955932617188,43.58000183105469,44.41999816894531,43.470001220703125,44.34000015258789,1122900
2013-06-21,41.07955932617188,43.58000183105469,43.959999084472656,43.119998931884766,43.900001525878906,1410100
2013-06-24,40.74020385742188,43.220001220703125,43.540000915527344,42.84999847412109,43.2400016784668,931900
2013-06-25,41.33405685424805,43.84999847412109,43.97999954223633,43.369998931884766,43.77999877929688,1058800
2013-06-26,41.44718170166016,43.970001220703125,44.31999969482422,43.81999969482422,44.09000015258789,649500
2013-06-27,41.9561882019043,44.5099983215332,44.58000183105469,44.20000076293945,44.31999969482422,517000
2013-06-28,41.85249710083008,44.400001525878906,44.61000061035156,44.11000061035156,44.34999847412109,1285400
2013-07-01,42.116432189941406,44.68000030517578,44.880001068115234,44.52999877929688,44.83000183105469,744500
2013-07-02,41.94675827026367,44.5,45.0099983215332,44.400001525878906,44.59999847412109,712800
2013-07-03,41.72053527832031,44.2599983215332,44.369998931884766,44.02999877929688,44.209999084472656,503300
2013-07-05,42.2955322265625,44.869998931884766,44.880001068115234,44.38999938964844,44.560001373291016,559200
2013-07-08,42.40865707397461,44.9900016784668,45.130001068115234,44.869998931884766,44.9900016784668,1064100
2013-07-09,42.6725959777832,45.27000045776367,45.38999938964844,45.04999923706055,45.29999923706055,1387300
2013-07-10,42.41807556152344,45.0,45.43000030517578,44.86000061035156,45.27000045776367,997700
2013-07-11,42.84226608276367,45.45000076293945,45.56999969482422,45.15999984741211,45.56999969482422,909000
2013-07-12,43.05906677246094,45.68000030517578,45.709999084472656,45.31999969482422,45.470001220703125,746300
2013-07-15,43.181602478027344,45.810001373291016,45.84000015258789,45.52000045776367,45.66999816894531,621500
2013-07-16,43.04021072387695,45.65999984741211,45.91999816894531,45.470001220703125,45.7599983215332,600800
2013-07-17,43.35126495361328,45.9900016784668,46.040000915527344,45.65999984741211,45.79999923706055,744800
2013-07-18,43.681182861328125,46.34000015258789,46.36000061035156,46.02999877929688,46.11000061035156,969400
2013-07-19,43.841434478759766,46.5099983215332,46.52999877929688,46.20000076293945,46.369998931884766,884700
2013-07-22,44.07708358764648,46.7599983215332,46.790000915527344,46.5,46.52000045776367,494000
2013-07-23,43.76602935791016,46.43000030517578,46.90999984741211,46.38999938964844,46.90999984741211,652100
2013-07-24,43.51152038574219,46.15999984741211,46.5099983215332,46.02999877929688,46.5,615700
2013-07-25,43.47381591796875,46.119998931884766,46.209999084472656,45.86000061035156,46.0,520900
2013-07-26,43.407833099365234,46.04999923706055,46.060001373291016,45.540000915527344,45.88999938964844,700900
2013-07-29,43.41727066040039,46.060001373291016,47.0,45.720001220703125,46.84999847412109,704800
2013-07-30,43.125038146972656,45.75,46.290000915527344,45.58000183105469,46.220001220703125,681300
2013-07-31,42.93650817871094,45.54999923706055,45.93999862670898,45.4900016784668,45.77999877929688,744500
2013-08-01,43.89799118041992,46.56999969482422,46.66999816894531,45.83000183105469,45.880001068115234,830700
2013-08-02,43.634063720703125,46.290000915527344,46.5099983215332,46.02000045776367,46.38999938964844,574700
2013-08-05,43.47381591796875,46.119998931884766,46.290000915527344,45.93999862670898,46.209999084472656,580000
2013-08-06,43.28528594970703,45.91999816894531,46.08000183105469,45.68000030517578,46.02000045776367,486200
2013-08-07,43.0307731628418,45.650001525878906,45.88999938964844,45.5,45.79999923706055,549900
2013-08-08,43.38898468017578,46.02999877929688,46.11000061035156,45.630001068115234,45.880001068115234,724200
2013-08-09,43.530372619628906,46.18000030517578,46.22999954223633,45.93999862670898,46.0,581600
2013-08-12,43.7566032409668,46.41999816894531,46.470001220703125,45.900001525878906,45.91999816894531,900000
2013-08-13,44.49183654785156,47.20000076293945,47.29999923706055,46.52999877929688,46.630001068115234,1107500
2013-08-14,44.80290603637695,47.52999877929688,47.709999084472656,47.0099983215332,47.06999969482422,1137500
2013-08-15,44.27505111694336,46.970001220703125,47.5099983215332,46.93999862670898,47.15999984741211,805000
2013-08-16,43.74717330932617,46.40999984741211,46.95000076293945,46.290000915527344,46.72999954223633,805600
2013-08-19,43.04963302612305,45.66999816894531,46.43999862670898,45.66999816894531,46.34000015258789,535700
2013-08-20,43.14388656616211,45.77000045776367,45.83000183105469,45.369998931884766,45.63999938964844,603700
2013-08-21,42.94593811035156,45.560001373291016,45.88999938964844,45.34000015258789,45.63999938964844,967900
2013-08-22,43.294715881347656,45.93000030517578,46.060001373291016,45.619998931884766,45.630001068115234,407200
2013-08-23,43.31356430053711,45.95000076293945,46.09000015258789,45.650001525878906,45.970001220703125,468000
2013-08-26,43.23815536499024,45.869998931884766,46.150001525878906,45.790000915527344,45.95000076293945,930800
2013-08-27,42.48405456542969,45.06999969482422,45.560001373291016,44.970001220703125,45.41999816894531,697400
2013-08-28,42.48688507080078,45.0099983215332,45.310001373291016,44.90999984741211,45.04999923706055,690500
2013-08-29,42.099876403808594,44.59999847412109,45.119998931884766,44.45000076293945,45.0,837000
2013-08-30,41.96772384643555,44.459999084472656,44.68000030517578,44.22999954223633,44.59999847412109,748400
2013-09-03,42.03379821777344,44.52999877929688,45.119998931884766,44.09000015258789,44.93000030517578,636000
2013-09-04,42.44913864135742,44.970001220703125,45.130001068115234,44.70000076293945,44.7599983215332,1022100
2013-09-05,42.298099517822266,44.810001373291016,45.02000045776367,44.34999847412109,44.93999862670898,826300
2013-09-06,42.184818267822266,44.68999862670898,45.0,44.33000183105469,45.0,981100
2013-09-09,42.9305419921875,45.47999954223633,45.47999954223633,44.810001373291016,44.86000061035156,556100
2013-09-10,43.16651153564453,45.72999954223633,45.84000015258789,45.43000030517578,45.7599983215332,677400
2013-09-11,43.52521896362305,46.11000061035156,46.11000061035156,45.72999954223633,45.75,589300
2013-09-12,43.44027328491211,46.02000045776367,46.119998931884766,45.83000183105469,46.06999969482422,552600
2013-09-13,43.63850784301758,46.22999954223633,46.31999969482422,45.95000076293945,46.15999984741211,766500
2013-09-16,44.36532974243164,47.0,47.02000045776367,46.459999084472656,46.79999923706055,948300
2013-09-17,44.64852523803711,47.29999923706055,47.31999969482422,46.93000030517578,47.130001068115234,755200
2013-09-18,44.76179885864258,47.41999816894531,47.54999923706055,47.02999877929688,47.29999923706055,1368900
2013-09-19,44.93169403076172,47.59999847412109,47.790000915527344,47.47999954223633,47.56999969482422,695300
2013-09-20,44.78066635131836,47.43999862670898,47.93999862670898,47.310001373291016,47.709999084472656,1330400
2013-09-23,44.4597282409668,47.09999847412109,47.380001068115234,47.040000915527344,47.150001525878906,822100
2013-09-24,44.516361236572266,47.15999984741211,47.47999954223633,47.11000061035156,47.13999938964844,604700
2013-09-25,44.516361236572266,47.15999984741211,47.310001373291016,47.08000183105469,47.15999984741211,682100
2013-09-26,44.68627548217773,47.34000015258789,47.4900016784668,47.09999847412109,47.20000076293945,469900
2013-09-27,44.318138122558594,46.95000076293945,47.150001525878906,46.84999847412109,47.0,516600
2013-09-30,44.119911193847656,46.7400016784668,46.959999084472656,46.61000061035156,46.65999984741211,804900
2013-10-01,44.516361236572266,47.15999984741211,47.220001220703125,46.77000045776367,46.810001373291016,622500
2013-10-02,44.41252517700195,47.04999923706055,47.119998931884766,46.58000183105469,46.790000915527344,792400
2013-10-03,43.61963272094727,46.209999084472656,46.970001220703125,46.130001068115234,46.790000915527344,1311000
2013-10-04,44.421974182128906,47.060001373291016,47.11000061035156,46.22999954223633,46.22999954223633,713800
2013-10-07,44.23318862915039,46.86000061035156,47.15999984741211,46.630001068115234,46.63999938964844,653500
2013-10-08,43.58186340332031,46.16999816894531,47.040000915527344,46.15999984741211,46.84000015258789,821700
2013-10-09,43.8839225769043,46.4900016784668,46.650001525878906,46.09999847412109,46.2400016784668,983400
2013-10-10,45.4319953918457,48.130001068115234,48.130001068115234,47.02000045776367,47.09999847412109,1281300
2013-10-11,45.62078475952149,48.33000183105469,48.619998931884766,47.95000076293945,48.119998931884766,956700
2013-10-14,45.83789443969727,48.560001373291016,48.65999984741211,47.93999862670898,48.0,415800
2013-10-15,45.36591339111328,48.060001373291016,48.52000045776367,47.97999954223633,48.400001525878906,617500
2013-10-16,45.82844543457031,48.54999923706055,48.720001220703125,48.27999877929688,48.470001220703125,1032100
2013-10-17,46.02667999267578,48.7599983215332,48.83000183105469,48.2400016784668,48.290000915527344,1254000
2013-10-18,46.31929397583008,49.06999969482422,49.130001068115234,48.52999877929688,48.90999984741211,896300
2013-10-21,46.17771911621094,48.91999816894531,49.09999847412109,48.790000915527344,49.02999877929688,405300
2013-10-22,46.442020416259766,49.20000076293945,49.43000030517578,49.0099983215332,49.0099983215332,561400
2013-10-23,45.72462463378906,48.43999862670898,49.02000045776367,48.34999847412109,48.90999984741211,525300
2013-10-24,45.8662109375,48.59000015258789,48.72999954223633,48.25,48.560001373291016,468600
2013-10-25,46.073875427246094,48.810001373291016,48.810001373291016,48.5099983215332,48.540000915527344,625400
2013-10-28,45.970027923583984,48.70000076293945,49.130001068115234,48.43999862670898,49.02000045776367,742500
2013-10-29,46.3853759765625,49.13999938964844,49.18000030517578,48.459999084472656,48.83000183105469,541100
2013-10-30,46.187156677246094,48.93000030517578,49.34999847412109,48.68999862670898,49.11000061035156,759300
2013-10-31,45.60191345214844,48.310001373291016,48.91999816894531,48.310001373291016,48.91999816894531,851300
2013-11-01,45.63022232055664,48.34000015258789,48.43000030517578,47.970001220703125,48.27000045776367,702800
2013-11-04,45.583038330078125,48.290000915527344,48.380001068115234,47.9900016784668,48.310001373291016,437400
2013-11-05,45.42254638671875,48.119998931884766,48.25,47.93999862670898,48.09999847412109,471900
2013-11-06,45.65854644775391,48.369998931884766,48.58000183105469,48.18000030517578,48.369998931884766,548200
2013-11-07,45.06386947631836,47.7400016784668,48.63999938964844,47.65999984741211,48.560001373291016,740500
2013-11-08,45.84733963012695,48.56999969482422,48.56999969482422,47.720001220703125,47.720001220703125,954700
2013-11-11,45.686859130859375,48.400001525878906,49.04999923706055,48.27000045776367,48.59000015258789,771100
2013-11-12,45.18657302856445,47.869998931884766,48.33000183105469,47.63999938964844,48.22999954223633,833100
2013-11-13,45.35648727416992,48.04999923706055,48.04999923706055,47.68000030517578,47.72999954223633,1072200
2013-11-14,45.36591339111328,48.060001373291016,48.31999969482422,47.959999084472656,48.25,1119300
2013-11-15,45.3753547668457,48.06999969482422,48.29999923706055,47.83000183105469,48.060001373291016,2086500
2013-11-18,45.25265502929688,47.93999862670898,48.09000015258789,47.77999877929688,48.06999969482422,1220300
2013-11-19,45.06386947631836,47.7400016784668,48.02999877929688,47.58000183105469,47.95000076293945,1140400
2013-11-20,44.91283798217773,47.58000183105469,47.93000030517578,47.47999954223633,47.91999816894531,801900
2013-11-21,45.44143295288086,48.13999938964844,48.16999816894531,47.59000015258789,47.720001220703125,1539100
2013-11-22,45.53582000732422,48.2400016784668,48.2599983215332,47.90999984741211,48.040000915527344,814200
2013-11-25,45.35648727416992,48.04999923706055,48.41999816894531,47.95000076293945,48.380001068115234,564000
2013-11-26,45.22698974609375,47.84999847412109,48.09999847412109,47.77000045776367,48.08000183105469,830900
2013-11-27,44.89616394042969,47.5,47.93999862670898,47.43000030517578,47.81999969482422,568700
2013-11-29,44.75439453125,47.34999847412109,47.77999877929688,47.27999877929688,47.5,371400
2013-12-02,44.75439453125,47.34999847412109,47.63999938964844,47.150001525878906,47.459999084472656,684000
2013-12-03,44.451942443847656,47.02999877929688,47.310001373291016,46.83000183105469,47.11000061035156,654800
2013-12-04,44.19673156738281,46.7599983215332,47.20000076293945,46.33000183105469,46.869998931884766,576700
2013-12-05,43.960426330566406,46.5099983215332,46.79999923706055,46.43000030517578,46.68999862670898,695700
2013-12-06,44.69768524169922,47.290000915527344,47.29999923706055,46.66999816894531,46.91999816894531,658000
2013-12-09,44.96233749389648,47.56999969482422,47.81999969482422,47.400001525878906,47.4900016784668,721400
2013-12-10,44.81111526489258,47.40999984741211,47.59000015258789,47.33000183105469,47.41999816894531,831300
2013-12-11,44.0077018737793,46.560001373291016,47.459999084472656,46.459999084472656,47.36000061035156,743900
2013-12-12,44.054962158203125,46.61000061035156,46.7599983215332,46.369998931884766,46.470001220703125,826400
2013-12-13,44.0077018737793,46.560001373291016,46.84999847412109,46.40999984741211,46.61000061035156,492300
2013-12-16,44.21564483642578,46.77999877929688,46.88999938964844,46.59999847412109,46.810001373291016,715000
2013-12-17,43.894287109375,46.43999862670898,46.86000061035156,46.33000183105469,46.810001373291016,548100
2013-12-18,44.80166244506836,47.400001525878906,47.41999816894531,46.25,46.61000061035156,816800
2013-12-19,44.67878723144531,47.27000045776367,47.34000015258789,47.06999969482422,47.20000076293945,656300
2013-12-20,45.00959777832031,47.619998931884766,47.68999862670898,47.27000045776367,47.38999938964844,968100
2013-12-23,45.1513671875,47.77000045776367,47.970001220703125,47.66999816894531,47.93999862670898,427800
2013-12-24,45.3687629699707,48.0,48.0,47.630001068115234,47.7400016784668,138500
2013-12-26,45.39711380004883,48.02999877929688,48.150001525878906,47.84000015258789,48.0099983215332,361600
2013-12-27,45.05684661865234,47.66999816894531,47.970001220703125,47.43999862670898,47.959999084472656,459200
2013-12-30,45.33095932006836,47.959999084472656,48.04999923706055,47.630001068115234,47.7400016784668,476900
2013-12-31,45.595611572265625,48.2400016784668,48.29999923706055,47.959999084472656,48.06999969482422,480500
2014-01-02,44.78275680541992,47.380001068115234,48.150001525878906,47.150001525878906,48.119998931884766,869000
2014-01-03,44.66933441162109,47.2599983215332,47.56999969482422,47.209999084472656,47.380001068115234,624000
2014-01-06,44.574798583984375,47.15999984741211,47.52999877929688,47.130001068115234,47.4900016784668,536400
2014-01-07,44.423583984375,47.0,47.2599983215332,46.79999923706055,47.220001220703125,627300
2014-01-08,44.19673156738281,46.7599983215332,47.27000045776367,46.56999969482422,46.95000076293945,908400
2014-01-09,44.24399948120117,46.810001373291016,46.93000030517578,46.380001068115234,46.83000183105469,923900
2014-01-10,44.29125595092773,46.86000061035156,47.08000183105469,46.709999084472656,47.0099983215332,612300
2014-01-13,43.79030990600586,46.33000183105469,46.900001525878906,46.25,46.720001220703125,885100
2014-01-14,44.10220718383789,46.65999984741211,46.709999084472656,46.29999923706055,46.52000045776367,978000
2014-01-15,44.603153228759766,47.18999862670898,47.18999862670898,46.709999084472656,46.720001220703125,992000
2014-01-16,44.451942443847656,47.02999877929688,47.11000061035156,46.869998931884766,47.08000183105469,770800
2014-01-17,44.735496520996094,47.33000183105469,47.5099983215332,47.0,47.25,1169800
2014-01-21,44.4046745300293,46.97999954223633,47.52000045776367,46.77999877929688,47.52000045776367,656100
2014-01-22,44.61261367797852,47.20000076293945,47.27999877929688,46.93000030517578,47.130001068115234,624100
2014-01-23,43.47840118408203,46.0,46.93999862670898,45.84000015258789,46.72999954223633,926400
2014-01-24,42.202415466308594,44.650001525878906,45.81999969482422,44.650001525878906,45.630001068115234,985700
2014-01-27,42.19294738769531,44.63999938964844,44.9900016784668,44.400001525878906,44.59999847412109,948600
2014-01-28,42.47650909423828,44.93999862670898,45.060001373291016,44.63999938964844,44.68000030517578,874000
2014-01-29,42.126800537109375,44.56999969482422,44.97999954223633,44.43999862670898,44.56999969482422,950900
2014-01-30,42.85456848144531,45.34000015258789,45.369998931884766,44.900001525878906,45.040000915527344,824700
2014-01-31,42.145694732666016,44.59000015258789,45.0099983215332,44.380001068115234,44.619998931884766,900300
2014-02-03,41.0303840637207,43.40999984741211,44.7599983215332,43.33000183105469,44.5099983215332,995700
2014-02-04,42.079532623291016,44.52000045776367,44.59999847412109,43.41999816894531,43.68999862670898,1528200
2014-02-05,42.08898162841797,44.52999877929688,44.66999816894531,44.15999984741211,44.40999984741211,1182300
2014-02-06,42.28747177124024,44.7400016784668,44.83000183105469,44.43999862670898,44.560001373291016,741800
2014-02-07,42.7033576965332,45.18000030517578,45.18000030517578,44.66999816894531,44.95000076293945,1095700
2014-02-10,40.88859939575195,43.2599983215332,43.77000045776367,42.630001068115234,43.630001068115234,2850500
2014-02-11,41.44628143310547,43.84999847412109,43.91999816894531,43.09000015258789,43.09000015258789,1318300
2014-02-12,41.44628143310547,43.84999847412109,44.34999847412109,43.77999877929688,44.0099983215332,1437900
2014-02-13,41.5786018371582,43.9900016784668,44.0099983215332,43.290000915527344,43.61000061035156,1248100
2014-02-14,41.61637878417969,44.02999877929688,44.04999923706055,43.709999084472656,43.869998931884766,577400
2014-02-18,41.52187347412109,43.93000030517578,44.27000045776367,43.77999877929688,44.130001068115234,755000
2014-02-19,40.97367477416992,43.34999847412109,44.06999969482422,43.310001373291016,43.83000183105469,760300
2014-02-20,41.27611923217773,43.66999816894531,43.790000915527344,43.2400016784668,43.400001525878906,814500
2014-02-21,41.11544036865234,43.5,43.81999969482422,43.38999938964844,43.7400016784668,926200
2014-02-24,41.19105911254883,43.58000183105469,44.08000183105469,43.38999938964844,43.45000076293945,797300
2014-02-25,41.05873107910156,43.43999862670898,43.68999862670898,43.31999969482422,43.560001373291016,765200
2014-02-26,41.10600280761719,43.4900016784668,43.59999847412109,43.27000045776367,43.59999847412109,868800
2014-02-27,41.231876373291016,43.560001373291016,43.61000061035156,43.02000045776367,43.36000061035156,1117000
2014-02-28,41.15615081787109,43.47999954223633,43.77000045776367,43.2400016784668,43.560001373291016,1305900
2014-03-03,40.84379959106445,43.150001525878906,43.380001068115234,42.970001220703125,43.15999984741211,1508400
2014-03-04,41.544246673583984,43.88999938964844,43.95000076293945,43.43999862670898,43.54999923706055,1538200
2014-03-05,41.686222076416016,44.040000915527344,44.04999923706055,43.66999816894531,43.88999938964844,886500
2014-03-06,42.026973724365234,44.400001525878906,44.5099983215332,44.04999923706055,44.18000030517578,839300
2014-03-07,42.64224624633789,45.04999923706055,45.20000076293945,44.54999923706055,44.61000061035156,1761500
2014-03-10,42.254154205322266,44.63999938964844,45.08000183105469,44.369998931884766,45.08000183105469,1000500
2014-03-11,42.01753234863281,44.38999938964844,44.66999816894531,44.25,44.59999847412109,840900
2014-03-12,42.31095886230469,44.70000076293945,44.93999862670898,44.15999984741211,44.25,1450600
2014-03-13,42.008056640625,44.380001068115234,44.77000045776367,44.20000076293945,44.75,989200
2014-03-14,41.61996841430664,43.970001220703125,44.52000045776367,43.91999816894531,44.16999816894531,1042300
2014-03-17,41.61996841430664,43.970001220703125,44.27000045776367,43.7599983215332,44.27000045776367,845700
2014-03-18,41.58211135864258,43.93000030517578,44.040000915527344,43.75,44.0099983215332,691900
2014-03-19,41.34546661376953,43.68000030517578,44.02000045776367,43.45000076293945,44.0,941000
2014-03-20,41.563175201416016,43.90999984741211,44.18000030517578,43.58000183105469,43.58000183105469,760600
2014-03-21,41.86607360839844,44.22999954223633,44.47999954223633,43.9900016784668,44.2599983215332,1734600
2014-03-24,41.26028823852539,43.59000015258789,44.11000061035156,43.38999938964844,43.93999862670898,1105900
2014-03-25,41.26028823852539,43.59000015258789,43.86000061035156,43.470001220703125,43.86000061035156,735800
2014-03-26,40.86272430419922,43.16999816894531,43.97999954223633,43.15999984741211,43.86000061035156,870700
2014-03-27,40.730201721191406,43.02999877929688,43.290000915527344,42.900001525878906,43.18000030517578,1062300
2014-03-28,41.099365234375,43.41999816894531,43.56999969482422,43.16999816894531,43.18999862670898,976400
2014-03-31,41.695682525634766,44.04999923706055,44.119998931884766,43.56999969482422,43.65999984741211,1053000
2014-04-01,41.97965240478516,44.34999847412109,44.36000061035156,44.040000915527344,44.20000076293945,934100
2014-04-02,42.26362991333008,44.650001525878906,44.65999984741211,44.290000915527344,44.31999969482422,946800
2014-04-03,42.481327056884766,44.880001068115234,44.90999984741211,44.4900016784668,44.7599983215332,691100
2014-04-04,42.31095886230469,44.70000076293945,45.43000030517578,44.68000030517578,45.209999084472656,828600
2014-04-07,41.79035186767578,44.150001525878906,44.720001220703125,44.13999938964844,44.68000030517578,970700
2014-04-08,42.14057540893555,44.52000045776367,44.63999938964844,44.08000183105469,44.119998931884766,1277000
2014-04-09,42.15950012207031,44.540000915527344,44.68000030517578,44.20000076293945,44.630001068115234,880700
2014-04-10,41.572635650634766,43.91999816894531,44.810001373291016,43.91999816894531,44.540000915527344,691100
2014-04-11,41.1182975769043,43.43999862670898,43.81999969482422,43.34000015258789,43.650001525878906,1152900
2014-04-14,41.38332748413086,43.720001220703125,43.869998931884766,43.29999923706055,43.84999847412109,936500
2014-04-15,41.44011688232422,43.77999877929688,43.900001525878906,43.41999816894531,43.810001373291016,1108300
2014-04-16,41.71461486816406,44.06999969482422,44.2599983215332,43.95000076293945,44.09999847412109,1267400
2014-04-17,41.601036071777344,43.95000076293945,44.08000183105469,43.810001373291016,44.0,1022100
2014-04-21,41.496917724609375,43.84000015258789,44.02999877929688,43.70000076293945,43.959999084472656,724400
2014-04-22,41.44960021972656,43.790000915527344,44.02999877929688,43.720001220703125,43.81999969482422,909800
2014-04-23,41.48745727539063,43.83000183105469,44.040000915527344,43.70000076293945,43.77999877929688,1344300
2014-04-24,42.06485748291016,44.43999862670898,44.4900016784668,43.93999862670898,43.95000076293945,1458600
2014-04-25,41.78089141845703,44.13999938964844,44.41999816894531,44.0099983215332,44.41999816894531,904400
2014-04-28,41.42119216918945,43.7599983215332,44.880001068115234,43.59999847412109,44.400001525878906,1096800
2014-04-29,41.74302673339844,44.09999847412109,44.16999816894531,43.75,43.79999923706055,890800
2014-04-30,41.61996841430664,43.970001220703125,44.130001068115234,43.7400016784668,44.09000015258789,1481200
2014-05-01,41.73356246948242,44.09000015258789,44.22999954223633,43.88999938964844,44.02999877929688,1169100
2014-05-02,41.74302673339844,44.09999847412109,44.4900016784668,43.90999984741211,44.08000183105469,1167900
2014-05-05,41.411739349365234,43.75,44.16999816894531,43.720001220703125,43.900001525878906,915300
2014-05-06,40.853271484375,43.15999984741211,43.68999862670898,43.150001525878906,43.650001525878906,1558500
2014-05-07,41.50640487670898,43.84999847412109,43.86000061035156,43.369998931884766,43.369998931884766,1174800
2014-05-08,41.3265380859375,43.65999984741211,44.02000045776367,43.52000045776367,43.81999969482422,1178300
2014-05-09,40.938453674316406,43.25,43.68000030517578,43.150001525878906,43.68000030517578,1272800
2014-05-12,40.9952507019043,43.310001373291016,43.58000183105469,43.16999816894531,43.540000915527344,1180500
2014-05-13,40.96683883666992,43.27999877929688,43.540000915527344,43.2599983215332,43.400001525878906,999300
2014-05-14,40.54090881347656,42.83000183105469,43.27000045776367,42.66999816894531,43.27000045776367,943900
2014-05-15,40.28534698486328,42.560001373291016,42.72999954223633,42.290000915527344,42.70000076293945,1228600
2014-05-16,40.2758674621582,42.54999923706055,42.63999938964844,42.310001373291016,42.52000045776367,1061600
2014-05-19,40.30426406860352,42.58000183105469,42.650001525878906,42.380001068115234,42.43000030517578,1164700
2014-05-20,40.2096061706543,42.47999954223633,42.79999923706055,42.400001525878906,42.540000915527344,1071100
2014-05-21,40.417850494384766,42.70000076293945,42.83000183105469,42.540000915527344,42.63999938964844,1002600
2014-05-22,40.64502334594727,42.93999862670898,43.04999923706055,42.70000076293945,42.83000183105469,736100
2014-05-23,40.853271484375,43.15999984741211,44.65999984741211,42.86000061035156,42.97999954223633,1271100
2014-05-27,40.96683883666992,43.27999877929688,43.400001525878906,43.18000030517578,43.27000045776367,830800
2014-05-28,40.94792175292969,43.2599983215332,43.369998931884766,43.18000030517578,43.220001220703125,1351200
2014-05-29,41.01711654663086,43.27000045776367,43.43999862670898,43.130001068115234,43.25,1197100
2014-05-30,40.88441467285156,43.130001068115234,43.310001373291016,43.06999969482422,43.2599983215332,2100000
2014-06-02,41.04556274414063,43.29999923706055,43.369998931884766,42.959999084472656,43.220001220703125,885000
2014-06-03,41.22566223144531,43.4900016784668,43.5,43.15999984741211,43.27000045776367,1104800
2014-06-04,41.58587265014648,43.869998931884766,43.97999954223633,43.25,43.41999816894531,995300
2014-06-05,41.69963455200195,43.9900016784668,44.04999923706055,43.630001068115234,43.90999984741211,890100
2014-06-06,41.69014739990234,43.97999954223633,44.13999938964844,43.91999816894531,44.08000183105469,703000
2014-06-09,41.71858215332031,44.0099983215332,44.18000030517578,43.869998931884766,43.91999816894531,586600
2014-06-10,41.576416015625,43.86000061035156,44.04999923706055,43.81999969482422,43.869998931884766,601500
2014-06-11,41.273075103759766,43.540000915527344,43.84999847412109,43.43999862670898,43.77999877929688,836700
2014-06-12,41.320457458496094,43.59000015258789,43.68000030517578,43.41999816894531,43.43999862670898,976600
2014-06-13,41.25410461425781,43.52000045776367,43.70000076293945,43.38999938964844,43.63999938964844,786200
2014-06-16,40.97920608520508,43.22999954223633,43.56999969482422,43.18000030517578,43.470001220703125,1271700
2014-06-17,41.06451797485352,43.31999969482422,43.34000015258789,43.04999923706055,43.18000030517578,943700
2014-06-18,41.348899841308594,43.619998931884766,43.65999984741211,43.11000061035156,43.27000045776367,1240700
2014-06-19,41.50054931640625,43.77999877929688,43.83000183105469,43.52999877929688,43.709999084472656,1331200
2014-06-20,41.51953125,43.79999923706055,44.06999969482422,43.68999862670898,43.9900016784668,1751000
2014-06-23,41.3583869934082,43.630001068115234,43.93999862670898,43.56999969482422,43.77999877929688,992300
2014-06-24,41.45316696166992,43.72999954223633,43.959999084472656,43.5,43.5,1340100
2014-06-25,41.5669174194336,43.84999847412109,44.0099983215332,43.5099983215332,43.65999984741211,1174000
2014-06-26,41.37734222412109,43.650001525878906,43.83000183105469,43.5,43.7400016784668,1008200
2014-06-27,41.51953125,43.79999923706055,44.09999847412109,43.56999969482422,43.56999969482422,4349400
2014-06-30,41.71858215332031,44.0099983215332,44.09000015258789,43.59999847412109,43.79999923706055,1620400
2014-07-01,42.088287353515625,44.400001525878906,44.59000015258789,44.060001373291016,44.20000076293945,1366500
2014-07-02,41.45316696166992,43.72999954223633,44.310001373291016,43.63999938964844,44.27999877929688,1153300
2014-07-03,41.73754119873047,44.02999877929688,44.22999954223633,43.95000076293945,44.06999969482422,777200
2014-07-07,41.79443359375,44.09000015258789,44.11000061035156,43.66999816894531,43.869998931884766,1226500
2014-07-08,41.75651168823242,44.04999923706055,44.16999816894531,44.0,44.0,1197600
2014-07-09,41.75651168823242,44.04999923706055,44.27999877929688,43.869998931884766,44.09999847412109,1052700
2014-07-10,41.44368743896485,43.720001220703125,43.880001068115234,43.630001068115234,43.880001068115234,793100
2014-07-11,41.33941268920898,43.61000061035156,43.70000076293945,43.400001525878906,43.58000183105469,741600
2014-07-14,41.60483932495117,43.88999938964844,44.06999969482422,43.81999969482422,43.90999984741211,1057000
2014-07-15,41.86076736450195,44.15999984741211,44.209999084472656,43.869998931884766,43.970001220703125,1105500
2014-07-16,41.94608688354492,44.25,44.36000061035156,44.02000045776367,44.27999877929688,1008100
2014-07-17,41.48160171508789,43.7599983215332,44.33000183105469,43.68000030517578,44.20000076293945,1041300
2014-07-18,42.09775924682617,44.40999984741211,44.4900016784668,43.70000076293945,43.83000183105469,1707000
2014-07-21,41.99349594116211,44.29999923706055,44.45000076293945,44.02000045776367,44.29999923706055,724500
2014-07-22,41.61431503295898,43.900001525878906,44.5,43.88999938964844,44.40999984741211,1060000
2014-07-23,41.70912170410156,44.0,44.220001220703125,43.91999816894531,44.0,868300
2014-07-24,41.5669174194336,43.84999847412109,44.130001068115234,43.790000915527344,44.130001068115234,911800
2014-07-25,41.348899841308594,43.619998931884766,43.790000915527344,43.52000045776367,43.650001525878906,997300
2014-07-28,41.20670700073242,43.470001220703125,43.58000183105469,43.220001220703125,43.540000915527344,829700
2014-07-29,41.01711654663086,43.27000045776367,43.54999923706055,43.150001525878906,43.4900016784668,1131100
2014-07-30,40.77066040039063,43.0099983215332,43.4900016784668,42.84000015258789,43.29999923706055,1113800
2014-07-31,39.93646240234375,42.130001068115234,42.83000183105469,42.11000061035156,42.70000076293945,1335700
2014-08-01,40.05021286010742,42.25,42.43999862670898,41.84999847412109,41.9900016784668,1271300
2014-08-04,40.08815383911133,42.290000915527344,42.47999954223633,41.88999938964844,42.09999847412109,1454600
2014-08-05,39.917518615722656,42.11000061035156,42.630001068115234,41.970001220703125,42.25,1504600
2014-08-06,39.945945739746094,42.13999938964844,42.5099983215332,42.02000045776367,42.040000915527344,1060000
2014-08-07,39.557315826416016,41.72999954223633,42.43999862670898,41.63999938964844,42.2599983215332,1028300
2014-08-08,39.90802764892578,42.09999847412109,42.11000061035156,41.56999969482422,41.720001220703125,877300
2014-08-11,39.95543670654297,42.150001525878906,42.38999938964844,42.040000915527344,42.130001068115234,770100
2014-08-12,39.74687957763672,41.93000030517578,42.220001220703125,41.880001068115234,42.150001525878906,1578400
2014-08-13,39.93646240234375,42.130001068115234,42.33000183105469,42.0099983215332,42.15999984741211,944700
2014-08-14,40.10710144042969,42.310001373291016,42.400001525878906,42.11000061035156,42.11000061035156,934100
2014-08-15,40.02177810668945,42.220001220703125,42.540000915527344,41.91999816894531,42.5,1157300
2014-08-18,39.99335479736328,42.18999862670898,42.40999984741211,42.0,42.38999938964844,1487400
2014-08-19,40.10710144042969,42.310001373291016,42.4900016784668,42.06999969482422,42.18999862670898,1192600
2014-08-20,40.49576187133789,42.720001220703125,42.77000045776367,42.18000030517578,42.33000183105469,898300
2014-08-21,40.93180847167969,43.18000030517578,43.2400016784668,42.68999862670898,42.77999877929688,850800
2014-08-22,40.81805419921875,43.060001373291016,43.27000045776367,43.02999877929688,43.150001525878906,1323900
2014-08-25,41.292022705078125,43.560001373291016,43.56999969482422,43.08000183105469,43.27999877929688,994800
2014-08-26,41.39628601074219,43.66999816894531,43.709999084472656,43.52999877929688,43.59999847412109,1354800
2014-08-27,41.38016128540039,43.59000015258789,43.720001220703125,43.5099983215332,43.61000061035156,1161900
2014-08-28,41.3421630859375,43.54999923706055,43.68999862670898,43.33000183105469,43.369998931884766,922000
2014-08-29,41.52255630493164,43.7400016784668,43.75,43.459999084472656,43.650001525878906,1038200
2014-09-02,41.389644622802734,43.59999847412109,43.81999969482422,43.52000045776367,43.810001373291016,946100
2014-09-03,41.33268737792969,43.540000915527344,43.88999938964844,43.5,43.83000183105469,727800
2014-09-04,41.16181564331055,43.36000061035156,43.68000030517578,43.34000015258789,43.540000915527344,1437500
2014-09-05,41.24725341796875,43.45000076293945,43.459999084472656,43.18999862670898,43.290000915527344,1281400
2014-09-08,40.93397521972656,43.119998931884766,43.459999084472656,43.040000915527344,43.41999816894531,1055600
2014-09-09,40.649200439453125,42.81999969482422,43.09999847412109,42.72999954223633,43.0,1007100
2014-09-10,40.649200439453125,42.81999969482422,42.91999816894531,42.65999984741211,42.77000045776367,894600
2014-09-11,40.440338134765625,42.59999847412109,42.81999969482422,42.56999969482422,42.59999847412109,1161800
2014-09-12,40.25996780395508,42.40999984741211,42.54999923706055,42.22999954223633,42.5099983215332,1042800
2014-09-15,40.27895736694336,42.43000030517578,42.43999862670898,42.15999984741211,42.34999847412109,3339400
2014-09-16,40.27895736694336,42.43000030517578,42.5099983215332,42.2599983215332,42.380001068115234,1211800
2014-09-17,40.26947784423828,42.41999816894531,42.63999938964844,42.25,42.45000076293945,1146200
2014-09-18,40.83904647827149,43.02000045776367,43.13999938964844,42.45000076293945,42.5,1302900
2014-09-19,40.71564102172852,42.88999938964844,43.27999877929688,42.79999923706055,43.2599983215332,1784900
2014-09-22,40.36438751220703,42.52000045776367,42.84000015258789,42.47999954223633,42.7400016784668,841000
2014-09-23,39.91822814941406,42.04999923706055,42.54999923706055,42.04999923706055,42.41999816894531,853400
2014-09-24,40.23149108886719,42.380001068115234,42.43000030517578,42.0099983215332,42.0099983215332,862500
2014-09-25,39.6714096069336,41.790000915527344,42.290000915527344,41.790000915527344,42.22999954223633,837900
2014-09-26,40.108097076416016,42.25,42.27000045776367,41.630001068115234,41.810001373291016,892700
2014-09-29,39.85176849365234,41.97999954223633,42.18999862670898,41.7599983215332,41.84999847412109,654100
2014-09-30,39.5479850769043,41.65999984741211,42.060001373291016,41.630001068115234,41.9900016784668,830500
2014-10-01,39.234745025634766,41.33000183105469,41.88999938964844,41.220001220703125,41.65999984741211,1533400
2014-10-02,39.34864807128906,41.45000076293945,41.54999923706055,40.95000076293945,41.209999084472656,905000
2014-10-03,39.69039535522461,41.810001373291016,41.970001220703125,41.54999923706055,41.650001525878906,706400
2014-10-06,39.76632690429688,41.88999938964844,42.02000045776367,41.720001220703125,41.91999816894531,967900
2014-10-07,39.1492919921875,41.2400016784668,41.869998931884766,41.2400016784668,41.59000015258789,1134300
2014-10-08,39.64292526245117,41.7599983215332,41.7599983215332,41.02000045776367,41.310001373291016,1313400
2014-10-09,38.82652282714844,40.900001525878906,41.81999969482422,40.869998931884766,41.66999816894531,2385800
2014-10-10,38.494266510009766,40.54999923706055,41.130001068115234,40.5099983215332,40.93999862670898,2066100
2014-10-13,38.31390380859375,40.36000061035156,40.959999084472656,40.27999877929688,40.61000061035156,1762200
2014-10-14,38.62717056274414,40.68999862670898,41.2400016784668,40.4900016784668,40.560001373291016,1321700
2014-10-15,38.18099594116211,40.220001220703125,40.52000045776367,39.380001068115234,40.31999969482422,2305400
2014-10-16,38.541725158691406,40.59999847412109,40.77000045776367,39.4900016784668,39.4900016784668,1560500
2014-10-17,39.0638427734375,41.150001525878906,41.220001220703125,40.790000915527344,40.970001220703125,1175800
2014-10-20,39.38661193847656,41.4900016784668,41.5,40.970001220703125,41.09000015258789,923600
2014-10-21,40.14605331420898,42.290000915527344,42.369998931884766,41.65999984741211,41.65999984741211,1252800
2014-10-22,39.7948112487793,41.91999816894531,42.380001068115234,41.88999938964844,42.310001373291016,1333800
2014-10-23,40.05112838745117,42.18999862670898,42.47999954223633,42.11000061035156,42.18999862670898,1507400
2014-10-24,40.34541702270508,42.5,42.560001373291016,42.060001373291016,42.18999862670898,742500
2014-10-27,40.440338134765625,42.59999847412109,42.709999084472656,42.209999084472656,42.41999816894531,702700
2014-10-28,40.86753082275391,43.04999923706055,43.09000015258789,42.66999816894531,42.810001373291016,667000
2014-10-29,40.87700653076172,43.060001373291016,43.2599983215332,42.77999877929688,43.09000015258789,852500
2014-10-30,40.91500473022461,43.09999847412109,43.29999923706055,42.84999847412109,42.93000030517578,714800
2014-10-31,41.389644622802734,43.59999847412109,43.7400016784668,43.18000030517578,43.58000183105469,1293700
2014-11-03,40.93397521972656,43.119998931884766,43.58000183105469,42.900001525878906,43.4900016784668,1189800
2014-11-04,40.96246719360352,43.150001525878906,43.15999984741211,42.81999969482422,43.040000915527344,611500
2014-11-05,41.532039642333984,43.75,43.77000045776367,43.18000030517578,43.2599983215332,1014000
2014-11-06,41.22825622558594,43.43000030517578,43.720001220703125,43.290000915527344,43.720001220703125,1018400
2014-11-07,41.30419921875,43.5099983215332,43.63999938964844,43.150001525878906,43.29999923706055,800000
2014-11-10,41.25674057006836,43.459999084472656,43.61000061035156,43.25,43.4900016784668,888600
2014-11-11,41.27571868896485,43.47999954223633,43.56999969482422,43.34999847412109,43.38999938964844,647200
2014-11-12,41.05739974975586,43.25,43.290000915527344,43.09999847412109,43.27000045776367,747500
2014-11-13,40.7820930480957,42.959999084472656,43.34000015258789,42.61000061035156,43.25,935200
2014-11-14,40.61122512817383,42.77999877929688,43.08000183105469,42.63999938964844,42.90999984741211,773300
2014-11-17,40.43085861206055,42.59000015258789,42.84999847412109,42.459999084472656,42.65999984741211,966200
2014-11-18,40.51629257202149,42.68000030517578,42.77999877929688,42.5,42.63999938964844,750000
2014-11-19,40.47831726074219,42.63999938964844,42.70000076293945,42.5099983215332,42.68000030517578,1118000
2014-11-20,40.57323455810547,42.7400016784668,42.79999923706055,42.43999862670898,42.459999084472656,811000
2014-11-21,40.76308441162109,42.93999862670898,43.25,42.810001373291016,43.04999923706055,1106700
2014-11-24,40.87700653076172,43.060001373291016,43.18000030517578,42.68999862670898,43.04999923706055,1609500
2014-11-25,40.54713439941406,42.650001525878906,43.04999923706055,42.4900016784668,43.040000915527344,1347300
2014-11-26,40.32847213745117,42.41999816894531,42.63999938964844,42.33000183105469,42.63999938964844,1077100
2014-11-28,39.5869255065918,41.63999938964844,42.40999984741211,41.5,42.31999969482422,1032100
2014-12-01,39.19713973999024,41.22999954223633,41.52999877929688,40.84999847412109,41.52999877929688,1764500
2014-12-02,39.21616363525391,41.25,41.5,41.13999938964844,41.18000030517578,1100900
2014-12-03,39.17814636230469,41.209999084472656,41.47999954223633,41.06999969482422,41.18999862670898,994100
2014-12-04,38.97848892211914,41.0,41.34999847412109,40.88999938964844,41.16999816894531,1271300
2014-12-05,39.02602005004883,41.04999923706055,41.27999877929688,40.77000045776367,40.9900016784668,1295600
2014-12-08,39.19713973999024,41.22999954223633,41.2599983215332,40.91999816894531,41.060001373291016,2087800
2014-12-09,39.01651382446289,41.040000915527344,41.18999862670898,40.68999862670898,40.77000045776367,1886100
2014-12-10,38.3224983215332,40.310001373291016,41.02999877929688,40.119998931884766,40.90999984741211,1823300
2014-12-11,38.42707824707031,40.41999816894531,40.84000015258789,40.27000045776367,40.38999938964844,2126200
2014-12-12,37.495399475097656,39.43999862670898,40.150001525878906,39.41999816894531,40.11000061035156,2146100
2014-12-15,37.50490951538086,39.45000076293945,39.810001373291016,39.34999847412109,39.5,2833700
2014-12-16,37.14364242553711,39.06999969482422,39.83000183105469,39.040000915527344,39.27999877929688,2764400
2014-12-17,37.73308181762695,39.68999862670898,39.880001068115234,39.11000061035156,39.2400016784668,2173600
2014-12-18,39.00700759887695,41.02999877929688,41.02999877929688,39.91999816894531,40.150001525878906,2372200
2014-12-19,39.7485580444336,41.810001373291016,41.880001068115234,41.040000915527344,41.20000076293945,2764200
2014-12-22,40.09080123901367,42.16999816894531,42.220001220703125,41.650001525878906,41.88999938964844,1533300
2014-12-23,40.4710693359375,42.56999969482422,42.86000061035156,42.20000076293945,42.25,922400
2014-12-24,40.28093338012695,42.369998931884766,42.68000030517578,42.2599983215332,42.59999847412109,425200
2014-12-26,40.29995727539063,42.38999938964844,42.650001525878906,42.36000061035156,42.560001373291016,510800
2014-12-29,40.38550567626953,42.47999954223633,42.88999938964844,42.20000076293945,42.31999969482422,662600
2014-12-30,40.45206451416016,42.54999923706055,42.7599983215332,42.25,42.36000061035156,474400
2014-12-31,39.94819641113281,42.02000045776367,42.77000045776367,42.02000045776367,42.68999862670898,848400
2015-01-02,39.68199920654297,41.7400016784668,42.29999923706055,41.5099983215332,42.2599983215332,868000
2015-01-05,38.7313117980957,40.7400016784668,41.5,40.61000061035156,41.38999938964844,820000
2015-01-06,38.04679870605469,40.02000045776367,40.79999923706055,39.79999923706055,40.66999816894531,1064400
2015-01-07,38.04679870605469,40.02000045776367,40.400001525878906,39.72999954223633,40.310001373291016,936200
2015-01-08,38.65524291992188,40.65999984741211,40.70000076293945,40.209999084472656,40.29999923706055,1011600
2015-01-09,38.075313568115234,40.04999923706055,40.619998931884766,39.83000183105469,40.619998931884766,936300
2015-01-12,37.71405792236328,39.66999816894531,40.220001220703125,39.459999084472656,40.060001373291016,685200
2015-01-13,37.695045471191406,39.650001525878906,40.220001220703125,39.220001220703125,40.040000915527344,1720900
2015-01-14,37.32426834106445,39.2599983215332,39.61000061035156,38.630001068115234,39.18000030517578,1128700
2015-01-15,36.89645767211914,38.810001373291016,39.5099983215332,38.79999923706055,39.29999923706055,1526900
2015-01-16,37.37180709838867,39.310001373291016,39.31999969482422,38.68999862670898,38.75,1059500
2015-01-20,37.40982818603516,39.34999847412109,39.540000915527344,38.84999847412109,39.5099983215332,1484900
2015-01-21,37.2862663269043,39.220001220703125,39.43999862670898,39.0099983215332,39.22999954223633,1427600
2015-01-22,37.88518142700195,39.84999847412109,39.84999847412109,39.06999969482422,39.36000061035156,2484400
2015-01-23,37.495399475097656,39.43999862670898,39.88999938964844,39.369998931884766,39.81999969482422,954900
2015-01-26,37.590457916259766,39.540000915527344,39.650001525878906,39.2599983215332,39.369998931884766,1239200
2015-01-27,37.48589324951172,39.43000030517578,39.65999984741211,39.20000076293945,39.25,1130200
2015-01-28,36.56372833251953,38.459999084472656,39.65999984741211,38.43999862670898,39.560001373291016,1451800
2015-01-29,36.77287673950195,38.68000030517578,38.7599983215332,38.0099983215332,38.470001220703125,1212200
2015-01-30,36.37357711791992,38.2599983215332,38.81999969482422,38.150001525878906,38.310001373291016,1299700
2015-02-02,37.22920608520508,39.15999984741211,39.27000045776367,38.220001220703125,38.400001525878906,1667900
2015-02-03,38.3224983215332,40.310001373291016,40.33000183105469,39.43000030517578,39.470001220703125,2234500
2015-02-04,38.4080696105957,40.400001525878906,40.720001220703125,40.09999847412109,40.18999862670898,1565500
2015-02-05,38.72179412841797,40.72999954223633,40.84000015258789,40.380001068115234,40.38999938964844,914000
2015-02-06,38.7313117980957,40.7400016784668,41.11000061035156,40.630001068115234,40.869998931884766,946800
2015-02-09,39.19713973999024,41.22999954223633,41.41999816894531,40.34999847412109,40.61000061035156,1151600
2015-02-10,39.46333312988281,41.5099983215332,41.560001373291016,41.119998931884766,41.5,890000
2015-02-11,39.42531967163086,41.470001220703125,41.59999847412109,41.27999877929688,41.41999816894531,964900
2015-02-12,39.853118896484375,41.91999816894531,41.970001220703125,41.5099983215332,41.56999969482422,814400
2015-02-13,40.252418518066406,42.34000015258789,42.400001525878906,41.59999847412109,41.90999984741211,844200
2015-02-17,40.43304443359375,42.52999877929688,42.54999923706055,42.04999923706055,42.220001220703125,1119900
2015-02-18,40.07178115844727,42.150001525878906,42.56999969482422,42.09999847412109,42.5,663600
2015-02-19,40.290435791015625,42.380001068115234,42.47999954223633,41.77999877929688,41.91999816894531,723100
2015-02-20,40.26192092895508,42.34999847412109,42.43000030517578,41.68999862670898,42.310001373291016,1003000
2015-02-23,40.01473236083984,42.09000015258789,42.33000183105469,41.86000061035156,42.29999923706055,734800
2015-02-24,40.32847213745117,42.41999816894531,42.77999877929688,42.04999923706055,42.04999923706055,686300
2015-02-25,39.691505432128906,41.75,42.369998931884766,41.650001525878906,42.31999969482422,992100
2015-02-26,39.23735046386719,41.209999084472656,41.66999816894531,40.959999084472656,41.54999923706055,1297000
2015-02-27,39.046913146972656,41.0099983215332,41.27999877929688,40.93999862670898,41.20000076293945,1031500
2015-03-02,38.64701843261719,40.59000015258789,41.0099983215332,40.5099983215332,40.970001220703125,1540900
2015-03-03,39.03739929199219,41.0,41.060001373291016,40.4900016784668,40.5,1454400
2015-03-04,38.71366500854492,40.65999984741211,40.900001525878906,40.43000030517578,40.880001068115234,963100
2015-03-05,38.74223327636719,40.68999862670898,40.86000061035156,40.5,40.790000915527344,565500
2015-03-06,38.54229736328125,40.47999954223633,41.13999938964844,40.41999816894531,40.54999923706055,978500
2015-03-09,38.67557144165039,40.619998931884766,40.709999084472656,40.2400016784668,40.45000076293945,1201400
2015-03-10,37.56159210205078,39.45000076293945,40.380001068115234,39.43999862670898,40.380001068115234,1137000
2015-03-11,37.79010772705078,39.68999862670898,39.90999984741211,39.34999847412109,39.470001220703125,2174000
2015-03-12,38.54229736328125,40.47999954223633,40.52999877929688,39.91999816894531,39.95000076293945,769800
2015-03-13,38.01860427856445,39.93000030517578,40.369998931884766,39.650001525878906,40.34999847412109,806600
2015-03-16,38.49468612670898,40.43000030517578,40.52000045776367,39.970001220703125,40.08000183105469,1286500
2015-03-17,38.60893249511719,40.54999923706055,40.7400016784668,40.18000030517578,40.20000076293945,932200
2015-03-18,39.06595993041992,41.02999877929688,41.27999877929688,40.27999877929688,40.5,872900
2015-03-19,38.89458847045898,40.84999847412109,41.06999969482422,40.59999847412109,40.97999954223633,1287900
2015-03-20,39.084999084472656,41.04999923706055,41.27000045776367,40.95000076293945,41.040000915527344,1267100
2015-03-23,39.03739929199219,41.0,41.5,40.97999954223633,41.06999969482422,702600
2015-03-24,38.66606140136719,40.61000061035156,41.04999923706055,40.61000061035156,40.93000030517578,751800
2015-03-25,38.332820892333984,40.2599983215332,40.75,40.2599983215332,40.630001068115234,824400
2015-03-26,38.46611404418945,40.400001525878906,40.5099983215332,40.119998931884766,40.20000076293945,1210700
2015-03-27,38.26616287231445,40.18999862670898,40.41999816894531,40.0,40.290000915527344,850500
2015-03-30,38.808876037597656,40.7599983215332,40.88999938964844,40.33000183105469,40.36000061035156,535900
2015-03-31,38.87553405761719,40.83000183105469,40.959999084472656,40.400001525878906,40.540000915527344,1116100
2015-04-01,38.49468612670898,40.43000030517578,40.83000183105469,40.27000045776367,40.83000183105469,1337800
2015-04-02,39.18021011352539,41.150001525878906,41.310001373291016,40.34000015258789,40.34000015258789,1088500
2015-04-06,39.54201889038086,41.52999877929688,41.709999084472656,40.79999923706055,40.86000061035156,998300
2015-04-07,39.36111831665039,41.34000015258789,41.560001373291016,41.310001373291016,41.5099983215332,804700
2015-04-08,39.53250503540039,41.52000045776367,41.83000183105469,41.34000015258789,41.45000076293945,799100
2015-04-09,39.45632553100586,41.43999862670898,41.4900016784668,41.09000015258789,41.400001525878906,791400
2015-04-10,39.19925308227539,41.16999816894531,41.54999923706055,41.04999923706055,41.43000030517578,556600
2015-04-13,39.5229721069336,41.5099983215332,41.56999969482422,41.119998931884766,41.119998931884766,635400
2015-04-14,39.65627670288086,41.650001525878906,41.77000045776367,41.38999938964844,41.43999862670898,1134700
2015-04-15,40.37036895751953,42.400001525878906,42.59000015258789,41.66999816894531,41.709999084472656,1174700
2015-04-16,40.21803665161133,42.2400016784668,42.40999984741211,41.95000076293945,42.27999877929688,1039800
2015-04-17,39.837181091308594,41.84000015258789,42.09000015258789,41.63999938964844,41.95000076293945,931500
2015-04-20,39.89431381225586,41.900001525878906,42.2400016784668,41.84999847412109,41.93000030517578,862600
2015-04-21,39.23735046386719,41.209999084472656,42.18000030517578,41.15999984741211,42.0,775800
2015-04-22,39.380157470703125,41.36000061035156,41.43999862670898,40.83000183105469,41.25,816500
2015-04-23,39.65627670288086,41.650001525878906,41.83000183105469,41.2599983215332,41.290000915527344,595200
2015-04-24,39.62771224975586,41.619998931884766,41.790000915527344,41.45000076293945,41.560001373291016,492100
2015-04-27,39.44681167602539,41.43000030517578,41.72999954223633,41.380001068115234,41.66999816894531,773200
2015-04-28,39.9514274597168,41.959999084472656,41.970001220703125,41.369998931884766,41.369998931884766,558700
2015-04-29,39.88478088378906,41.88999938964844,42.13999938964844,41.59000015258789,41.7599983215332,573200
2015-04-30,39.646751403808594,41.63999938964844,41.97999954223633,41.470001220703125,41.83000183105469,725100
2015-05-01,39.73244094848633,41.72999954223633,41.9900016784668,41.540000915527344,41.88999938964844,666500
2015-05-04,39.67531967163086,41.66999816894531,41.959999084472656,41.33000183105469,41.59999847412109,802900
2015-05-05,39.2944564819336,41.27000045776367,41.79999923706055,41.16999816894531,41.56999969482422,871800
2015-05-06,39.12307357788086,41.09000015258789,41.47999954223633,40.869998931884766,41.400001525878906,643700
2015-05-07,39.24685287475586,41.220001220703125,41.459999084472656,40.810001373291016,41.11000061035156,750400
2015-05-08,39.437278747558594,41.41999816894531,41.56999969482422,41.11000061035156,41.47999954223633,1043400
2015-05-11,39.18021011352539,41.150001525878906,41.41999816894531,41.02000045776367,41.369998931884766,1334400
2015-05-12,38.989776611328125,40.95000076293945,41.209999084472656,40.81999969482422,40.9900016784668,680100
2015-05-13,38.62797546386719,40.56999969482422,41.040000915527344,40.52000045776367,40.93999862670898,1320600
2015-05-14,38.94218444824219,40.900001525878906,40.91999816894531,40.52999877929688,40.77999877929688,1084300
2015-05-15,38.69462966918945,40.63999938964844,40.9900016784668,40.630001068115234,40.869998931884766,1037700
2015-05-18,39.084999084472656,41.04999923706055,41.13999938964844,40.619998931884766,40.650001525878906,916300
2015-05-19,39.132606506347656,41.09999847412109,41.310001373291016,40.900001525878906,41.08000183105469,951000
2015-05-20,39.19925308227539,41.16999816894531,41.27999877929688,40.91999816894531,41.27999877929688,1033100
2015-05-21,39.084999084472656,41.04999923706055,41.27000045776367,41.0099983215332,41.119998931884766,886500
2015-05-22,38.75175094604492,40.70000076293945,41.02999877929688,40.68999862670898,40.90999984741211,613800
2015-05-26,38.13285446166992,40.04999923706055,40.70000076293945,40.0099983215332,40.52999877929688,1201600
2015-05-27,38.30425643920898,40.22999954223633,40.29999923706055,39.88999938964844,40.060001373291016,855700
2015-05-28,38.4597053527832,40.33000183105469,40.380001068115234,39.83000183105469,40.060001373291016,906300
2015-05-29,38.25943374633789,40.119998931884766,40.31999969482422,39.97999954223633,40.31999969482422,2262200
2015-06-01,38.15452575683594,40.0099983215332,40.34999847412109,39.84999847412109,40.209999084472656,1050800
2015-06-02,38.5550422668457,40.43000030517578,40.63999938964844,39.900001525878906,39.959999084472656,1149700
2015-06-03,38.84114837646485,40.72999954223633,40.90999984741211,40.18999862670898,40.43999862670898,1134900
2015-06-04,38.278507232666016,40.13999938964844,40.68000030517578,40.06999969482422,40.54999923706055,1005000
2015-06-05,38.26897811889648,40.130001068115234,40.47999954223633,40.06999969482422,40.290000915527344,1006900
2015-06-08,37.87797546386719,39.720001220703125,40.2400016784668,39.720001220703125,40.06999969482422,1002900
2015-06-09,37.82075881958008,39.65999984741211,39.9900016784668,39.59000015258789,39.70000076293945,921900
2015-06-10,38.70763397216797,40.59000015258789,40.68999862670898,39.790000915527344,39.900001525878906,1318900
2015-06-11,38.59319686889648,40.470001220703125,40.709999084472656,40.34999847412109,40.630001068115234,813500
2015-06-12,38.15452575683594,40.0099983215332,40.33000183105469,39.869998931884766,40.33000183105469,888600
2015-06-15,37.67771530151367,39.5099983215332,39.83000183105469,39.310001373291016,39.63999938964844,1182300
2015-06-16,37.706329345703125,39.540000915527344,39.68000030517578,39.36000061035156,39.41999816894531,1427800
2015-06-17,37.63959503173828,39.470001220703125,39.810001373291016,39.45000076293945,39.7599983215332,1317600
2015-06-18,37.81122589111328,39.650001525878906,39.83000183105469,39.47999954223633,39.70000076293945,1654300
2015-06-19,37.448856353759766,39.27000045776367,39.59000015258789,39.22999954223633,39.369998931884766,1619100
2015-06-22,37.7730827331543,39.61000061035156,39.75,39.41999816894531,39.58000183105469,1342000
2015-06-23,37.73493194580078,39.56999969482422,39.72999954223633,39.4900016784668,39.70000076293945,1097700
2015-06-24,37.32487869262695,39.13999938964844,39.54999923706055,39.130001068115234,39.5,1193100
2015-06-25,36.962501525878906,38.7599983215332,39.54999923706055,38.72999954223633,39.54999923706055,1113500
2015-06-26,37.16276931762695,38.970001220703125,39.0099983215332,38.61000061035156,38.90999984741211,1889100
2015-06-29,36.40940475463867,38.18000030517578,38.77000045776367,38.13999938964844,38.5,1300100
2015-06-30,36.72409439086914,38.5099983215332,38.65999984741211,38.27000045776367,38.619998931884766,1901000
2015-07-01,37.04832458496094,38.84999847412109,39.16999816894531,38.619998931884766,38.93999862670898,1355300
2015-07-02,36.89574813842773,38.68999862670898,39.02999877929688,38.61000061035156,38.86000061035156,888300
2015-07-06,36.809906005859375,38.59999847412109,38.77000045776367,38.16999816894531,38.220001220703125,1290200
2015-07-07,37.0578727722168,38.86000061035156,38.97999954223633,38.22999954223633,38.61000061035156,1340500
2015-07-08,36.43800354003906,38.209999084472656,38.630001068115234,38.119998931884766,38.45000076293945,1066900
2015-07-09,36.61919784545898,38.400001525878906,38.790000915527344,38.369998931884766,38.7599983215332,1336600
2015-07-10,37.02925109863281,38.83000183105469,39.02999877929688,38.52000045776367,39.02999877929688,1015400
2015-07-13,37.353477478027344,39.16999816894531,39.209999084472656,38.90999984741211,39.04999923706055,809100
2015-07-14,37.143699645996094,38.95000076293945,39.150001525878906,38.81999969482422,39.09000015258789,1136000
2015-07-15,37.076934814453125,38.880001068115234,39.130001068115234,38.77000045776367,39.040000915527344,1106800
2015-07-16,37.16276931762695,38.970001220703125,39.20000076293945,38.790000915527344,39.119998931884766,856100
2015-07-17,36.78131103515625,38.56999969482422,38.880001068115234,38.54999923706055,38.81999969482422,979800
2015-07-20,36.63826370239258,38.41999816894531,38.66999816894531,38.2400016784668,38.58000183105469,1198700
2015-07-21,36.571510314941406,38.34999847412109,38.77000045776367,38.290000915527344,38.43999862670898,1413900
2015-07-22,36.3426399230957,38.11000061035156,38.900001525878906,37.9900016784668,38.310001373291016,1265500
2015-07-23,36.03749084472656,37.790000915527344,38.34000015258789,37.75,38.16999816894531,1069700
2015-07-24,36.06608963012695,37.81999969482422,37.880001068115234,37.54999923706055,37.72999954223633,2442400
2015-07-27,36.008872985839844,37.7599983215332,37.810001373291016,37.380001068115234,37.52000045776367,2285800
2015-07-28,36.38079071044922,38.150001525878906,38.33000183105469,37.869998931884766,37.869998931884766,2353300
2015-07-29,36.52383804321289,38.29999923706055,38.630001068115234,38.13999938964844,38.16999816894531,3494800
2015-07-30,36.53337097167969,38.310001373291016,38.52000045776367,38.13999938964844,38.2400016784668,1546900
2015-07-31,36.3426399230957,38.11000061035156,38.45000076293945,38.06999969482422,38.310001373291016,1295200
2015-08-03,35.369956970214844,37.09000015258789,37.7599983215332,36.709999084472656,37.650001525878906,2708800
2015-08-04,35.77047348022461,37.5099983215332,37.540000915527344,37.02000045776367,37.209999084472656,1855100
2015-08-05,35.95166015625,37.70000076293945,38.02999877929688,37.59999847412109,37.709999084472656,1657700
2015-08-06,36.20913314819336,37.970001220703125,38.040000915527344,37.54999923706055,37.68999862670898,1470200
2015-08-07,36.180511474609375,37.93999862670898,38.13999938964844,37.84000015258789,37.86000061035156,1447100
2015-08-10,37.23904800415039,39.04999923706055,39.04999923706055,38.11000061035156,38.150001525878906,2021700
2015-08-11,37.21998977661133,39.02999877929688,39.09999847412109,38.56999969482422,38.61000061035156,2048200
2015-08-12,37.00063705444336,38.79999923706055,38.95000076293945,38.41999816894531,38.77000045776367,1406800
2015-08-13,37.01018142700195,38.810001373291016,38.91999816894531,38.560001373291016,38.709999084472656,1295200
2015-08-14,37.18181610107422,38.9900016784668,39.02999877929688,38.77999877929688,38.77999877929688,1281500
2015-08-17,37.01969909667969,38.81999969482422,38.84999847412109,38.27999877929688,38.7599983215332,1262600
2015-08-18,36.97202682495117,38.77000045776367,39.0099983215332,38.66999816894531,38.72999954223633,1045900
2015-08-19,36.66688919067383,38.45000076293945,38.68999862670898,38.27999877929688,38.43000030517578,956700
2015-08-20,36.03749084472656,37.790000915527344,38.290000915527344,37.77999877929688,38.130001068115234,1302800
2015-08-21,35.36041259765625,37.08000183105469,37.720001220703125,37.06999969482422,37.4900016784668,3707600
2015-08-24,34.435401916503906,36.11000061035156,36.959999084472656,35.209999084472656,35.400001525878906,4553700
2015-08-25,33.72016525268555,35.36000061035156,37.18000030517578,35.310001373291016,37.18000030517578,2999600
2015-08-26,34.13023376464844,35.790000915527344,36.20000076293945,35.36000061035156,36.20000076293945,2360800
2015-08-27,34.88779830932617,36.52000045776367,36.540000915527344,35.70000076293945,36.15999984741211,2801100
2015-08-28,34.89735412597656,36.52999877929688,36.72999954223633,36.220001220703125,36.34999847412109,1958600
2015-08-31,34.820919036865234,36.45000076293945,36.560001373291016,36.15999984741211,36.31999969482422,2040400
2015-09-01,34.123538970947266,35.720001220703125,36.15999984741211,35.5,35.75,2469600
2015-09-02,34.4483528137207,36.060001373291016,36.150001525878906,35.56999969482422,35.97999954223633,1347800
2015-09-03,34.84956741333008,36.47999954223633,36.810001373291016,36.119998931884766,36.119998931884766,1559900
2015-09-04,34.47702407836914,36.09000015258789,36.290000915527344,35.900001525878906,36.0,2068700
2015-09-08,34.97376251220703,36.61000061035156,36.66999816894531,36.20000076293945,36.63999938964844,1840300
2015-09-09,34.47702407836914,36.09000015258789,36.9900016784668,36.040000915527344,36.959999084472656,1169200
2015-09-10,34.62030029296875,36.2400016784668,36.540000915527344,35.88999938964844,36.04999923706055,1488900
2015-09-11,34.68717575073242,36.310001373291016,36.31999969482422,35.88999938964844,36.09999847412109,1098000
2015-09-14,34.486549377441406,36.09999847412109,36.38999938964844,36.0099983215332,36.290000915527344,1151300
2015-09-15,34.744483947753906,36.369998931884766,36.40999984741211,35.97999954223633,36.209999084472656,1736400
2015-09-16,34.92599105834961,36.560001373291016,36.619998931884766,36.33000183105469,36.40999984741211,1007500
2015-09-17,34.64897537231445,36.27000045776367,36.86000061035156,36.209999084472656,36.58000183105469,1302700
2015-09-18,34.20952606201172,35.810001373291016,36.09999847412109,35.619998931884766,35.70000076293945,3498300
2015-09-21,34.610748291015625,36.22999954223633,36.290000915527344,35.88999938964844,35.970001220703125,1695500
2015-09-22,34.276397705078125,35.880001068115234,36.08000183105469,35.689998626708984,35.779998779296875,1289000
2015-09-23,34.09488296508789,35.689998626708984,36.869998931884766,35.529998779296875,35.84000015258789,1479100
2015-09-24,34.123538970947266,35.720001220703125,35.90999984741211,35.290000915527344,35.349998474121094,1545100
2015-09-25,34.36237716674805,35.970001220703125,36.25,35.81999969482422,36.04999923706055,1148900
2015-09-28,33.81784439086914,35.400001525878906,35.810001373291016,35.380001068115234,35.72999954223633,1724700
2015-09-29,34.05665969848633,35.650001525878906,35.70000076293945,35.34000015258789,35.40999984741211,1262200
2015-09-30,34.5247688293457,36.13999938964844,36.27999877929688,35.90999984741211,35.97999954223633,1401700
2015-10-01,33.789188385009766,35.369998931884766,36.27999877929688,35.08000183105469,36.15999984741211,2974900
2015-10-02,33.96114730834961,35.54999923706055,35.630001068115234,34.400001525878906,34.709999084472656,2597900
2015-10-05,35.00243377685547,36.63999938964844,36.7400016784668,35.849998474121094,35.880001068115234,3091200
2015-10-06,35.09796524047852,36.7400016784668,36.95000076293945,36.470001220703125,36.59999847412109,2705700
2015-10-07,34.91645431518555,36.54999923706055,37.09999847412109,36.43000030517578,36.93999862670898,1960100
2015-10-08,35.136173248291016,36.77999877929688,36.77999877929688,36.45000076293945,36.45000076293945,3211200
2015-10-09,34.66806411743164,36.290000915527344,36.86000061035156,36.220001220703125,36.79999923706055,3826000
2015-10-12,34.7062873840332,36.33000183105469,36.459999084472656,36.0,36.27000045776367,4107900
2015-10-13,34.41969680786133,36.02999877929688,36.38999938964844,36.0,36.150001525878906,3548000
2015-10-14,34.047119140625,35.63999938964844,36.130001068115234,35.560001373291016,36.06999969482422,1554200
2015-10-15,34.40058898925781,36.0099983215332,36.11000061035156,35.5,35.77000045776367,1392000
2015-10-16,34.56298828125,36.18000030517578,36.27999877929688,35.97999954223633,36.06999969482422,1605100
2015-10-19,34.496131896972656,36.11000061035156,36.27999877929688,35.97999954223633,36.06999969482422,1527600
2015-10-20,34.80180740356445,36.43000030517578,36.540000915527344,35.869998931884766,36.06999969482422,1472700
2015-10-21,34.629852294921875,36.25,36.650001525878906,36.220001220703125,36.52000045776367,864800
2015-10-22,34.95465087890625,36.59000015258789,36.709999084472656,36.40999984741211,36.40999984741211,1626200
2015-10-23,35.05975341796875,36.70000076293945,36.869998931884766,36.52999877929688,36.77999877929688,1250400
2015-10-26,34.983333587646484,36.619998931884766,36.81999969482422,36.560001373291016,36.68000030517578,969400
2015-10-27,34.50566482543945,36.119998931884766,36.45000076293945,36.02999877929688,36.38999938964844,1039300
2015-10-28,35.20304489135742,36.84999847412109,36.84999847412109,36.20000076293945,36.22999954223633,1089000
2015-10-29,35.15528106689453,36.79999923706055,36.95000076293945,36.52000045776367,36.70000076293945,1184900
2015-10-30,34.83046340942383,36.459999084472656,37.0,36.45000076293945,36.86000061035156,1382900
2015-11-02,35.900421142578125,37.58000183105469,37.66999816894531,35.81999969482422,36.0099983215332,1914300
2015-11-03,35.60426330566406,37.27000045776367,37.75,37.20000076293945,37.470001220703125,1256200
2015-11-04,35.365440368652344,37.02000045776367,37.45000076293945,36.970001220703125,37.27000045776367,1097200
2015-11-05,35.57559585571289,37.2400016784668,37.31999969482422,36.900001525878906,37.040000915527344,10926700
2015-11-06,36.1105842590332,37.79999923706055,37.810001373291016,37.209999084472656,37.38999938964844,1157400
2015-11-09,35.948177337646484,37.630001068115234,37.880001068115234,37.470001220703125,37.79999923706055,1386500
2015-11-10,36.13924407958984,37.83000183105469,37.900001525878906,37.5,37.58000183105469,634500
2015-11-11,35.85265350341797,37.52999877929688,37.95000076293945,37.45000076293945,37.84999847412109,660700
2015-11-12,35.374996185302734,37.02999877929688,37.4900016784668,37.02000045776367,37.290000915527344,906800
2015-11-13,35.308128356933594,36.959999084472656,37.34999847412109,36.90999984741211,36.970001220703125,943400
2015-11-16,35.89085388183594,37.56999969482422,37.56999969482422,36.790000915527344,36.790000915527344,1036600
2015-11-17,35.81444549560547,37.4900016784668,37.84000015258789,37.22999954223633,37.59999847412109,1137700
2015-11-18,36.272979736328125,37.970001220703125,38.02000045776367,37.56999969482422,37.56999969482422,945900
2015-11-19,36.16790390014648,37.86000061035156,37.9900016784668,37.70000076293945,37.95000076293945,806100
2015-11-20,36.215667724609375,37.90999984741211,38.18999862670898,37.7599983215332,37.97999954223633,707700
2015-11-23,36.07236099243164,37.7599983215332,37.9900016784668,37.75,37.90999984741211,491500
2015-11-24,36.16790390014648,37.86000061035156,37.959999084472656,37.560001373291016,37.619998931884766,685300
2015-11-25,36.14207458496094,37.77000045776367,37.84999847412109,37.68999862670898,37.84999847412109,507000
2015-11-27,36.09421157836914,37.720001220703125,37.90999984741211,37.58000183105469,37.790000915527344,313300
2015-11-30,36.25690460205078,37.88999938964844,38.13999938964844,37.52999877929688,37.75,1473700
2015-12-01,36.65879440307617,38.310001373291016,38.34000015258789,37.5099983215332,38.04999923706055,1148800
2015-12-02,36.60136795043945,38.25,38.400001525878906,38.13999938964844,38.27000045776367,1661400
2015-12-03,35.883697509765625,37.5,38.34000015258789,37.38999938964844,38.34000015258789,1826600
2015-12-04,36.75447463989258,38.40999984741211,38.540000915527344,37.459999084472656,37.52999877929688,1691300
2015-12-07,36.677921295166016,38.33000183105469,38.459999084472656,38.11000061035156,38.27999877929688,1021600
2015-12-08,36.38129425048828,38.02000045776367,38.27000045776367,37.83000183105469,38.0,1852500
2015-12-09,35.59663391113281,37.20000076293945,38.290000915527344,37.08000183105469,37.84999847412109,1511400
2015-12-10,36.17077255249024,37.79999923706055,38.02999877929688,37.16999816894531,37.16999816894531,2192600
2015-12-11,35.328697204589844,36.91999816894531,37.36000061035156,36.869998931884766,37.27000045776367,1461500
2015-12-14,35.18516540527344,36.77000045776367,37.2599983215332,36.61000061035156,36.9900016784668,1773700
2015-12-15,35.79757308959961,37.40999984741211,37.560001373291016,36.9900016784668,37.22999954223633,1385300
2015-12-16,36.13248443603516,37.7599983215332,37.83000183105469,37.22999954223633,37.66999816894531,1046600
2015-12-17,35.366981506347656,36.959999084472656,37.84999847412109,36.95000076293945,37.77999877929688,1086800
2015-12-18,35.09904861450195,36.68000030517578,36.880001068115234,36.27999877929688,36.880001068115234,2918300
2015-12-21,35.44352722167969,37.040000915527344,37.060001373291016,36.65999984741211,36.810001373291016,1294700
2015-12-22,36.17077255249024,37.79999923706055,37.869998931884766,36.86000061035156,37.13999938964844,1063800
2015-12-23,36.81189727783203,38.470001220703125,38.54999923706055,37.91999816894531,38.04999923706055,1320300
2015-12-24,36.81189727783203,38.470001220703125,38.61000061035156,38.18000030517578,38.5,410300
2015-12-28,36.68749237060547,38.34000015258789,38.41999816894531,38.18999862670898,38.27999877929688,902600
2015-12-29,37.1276741027832,38.79999923706055,38.86000061035156,38.5,38.63999938964844,776600
2015-12-30,36.85016632080078,38.5099983215332,38.880001068115234,38.45000076293945,38.70000076293945,760000
2015-12-31,36.74491500854492,38.400001525878906,38.72999954223633,38.18999862670898,38.369998931884766,1284500
2016-01-04,36.151634216308594,37.77999877929688,37.81999969482422,37.150001525878906,37.75,1629400
2016-01-05,36.25690460205078,37.88999938964844,38.0099983215332,37.70000076293945,37.7599983215332,1177600
2016-01-06,35.45309829711914,37.04999923706055,37.40999984741211,36.790000915527344,37.27999877929688,1254600
2016-01-07,34.60145950317383,36.15999984741211,36.81999969482422,36.130001068115234,36.31999969482422,1448200
2016-01-08,34.352657318115234,35.900001525878906,36.52999877929688,35.86000061035156,36.36000061035156,1651200
2016-01-11,34.30480194091797,35.849998474121094,36.18999862670898,35.529998779296875,36.08000183105469,1543400
2016-01-12,34.352657318115234,35.900001525878906,36.2599983215332,35.5099983215332,36.13999938964844,1879200
2016-01-13,33.66370391845703,35.18000030517578,36.18000030517578,35.06999969482422,35.97999954223633,1631500
2016-01-14,34.23784255981445,35.779998779296875,36.0099983215332,35.16999816894531,35.310001373291016,1496100
2016-01-15,33.922054290771484,35.45000076293945,35.540000915527344,34.91999816894531,34.91999816894531,1690900
2016-01-19,33.55844497680664,35.06999969482422,35.91999816894531,34.72999954223633,35.91999816894531,1666600
2016-01-20,32.79291534423828,34.27000045776367,34.7599983215332,34.08000183105469,34.400001525878906,3372400
2016-01-21,32.89818572998047,34.380001068115234,34.810001373291016,34.20000076293945,34.220001220703125,1800200
2016-01-22,33.49144744873047,35.0,35.150001525878906,34.529998779296875,34.9900016784668,1018500
2016-01-25,32.73550796508789,34.209999084472656,34.95000076293945,34.150001525878906,34.90999984741211,1016100
2016-01-26,33.137413024902344,34.630001068115234,34.86000061035156,34.2599983215332,34.349998474121094,994400
2016-01-27,34.0081787109375,35.540000915527344,35.90999984741211,34.75,34.79999923706055,1823800
2016-01-28,34.419654846191406,35.970001220703125,36.150001525878906,35.4900016784668,35.900001525878906,970800
2016-01-29,35.41482925415039,37.0099983215332,37.02999877929688,36.13999938964844,36.209999084472656,2000100
2016-02-01,35.38612365722656,36.97999954223633,37.18999862670898,36.54999923706055,36.79999923706055,1082100
2016-02-02,34.658870697021484,36.220001220703125,36.68999862670898,36.09999847412109,36.58000183105469,1342500
2016-02-03,34.735435485839844,36.29999923706055,36.56999969482422,35.38999938964844,36.5099983215332,1853600
2016-02-04,34.974647521972656,36.54999923706055,36.650001525878906,36.040000915527344,36.29999923706055,1702700
2016-02-05,34.72584915161133,36.290000915527344,36.7400016784668,36.150001525878906,36.5,1590400
2016-02-08,34.75456619262695,36.31999969482422,36.54999923706055,33.84000015258789,33.869998931884766,2427500
2016-02-09,34.811973571777344,36.380001068115234,36.619998931884766,35.709999084472656,35.900001525878906,1565200
2016-02-10,34.716285705566406,36.27999877929688,36.959999084472656,36.25,36.540000915527344,1514900
2016-02-11,34.0081787109375,35.540000915527344,35.83000183105469,35.189998626708984,35.380001068115234,1457300
2016-02-12,34.31439208984375,35.86000061035156,36.11000061035156,35.40999984741211,35.58000183105469,1768000
2016-02-16,34.95551681518555,36.52999877929688,36.65999984741211,36.08000183105469,36.65999984741211,1221600
2016-02-17,35.77843475341797,37.38999938964844,37.5099983215332,36.86000061035156,36.86000061035156,1720700
2016-02-18,35.6253547668457,37.22999954223633,37.5099983215332,37.150001525878906,37.40999984741211,707500
2016-02-19,35.328697204589844,36.91999816894531,37.16999816894531,36.880001068115234,37.130001068115234,963600
2016-02-22,35.83586883544922,37.45000076293945,37.5099983215332,37.25,37.33000183105469,988200
2016-02-23,34.92680358886719,36.5,37.4900016784668,36.41999816894531,37.27000045776367,1050200
2016-02-24,34.62059783935547,36.18000030517578,36.22999954223633,35.790000915527344,36.040000915527344,1291500
2016-02-25,34.869388580322266,36.43999862670898,36.43999862670898,35.9900016784668,36.18999862670898,1491400
2016-02-26,35.10232925415039,36.619998931884766,37.18999862670898,36.31999969482422,36.59999847412109,1278300
2016-02-29,34.84352493286133,36.34999847412109,36.72999954223633,36.2599983215332,36.540000915527344,2878000
2016-03-01,35.715797424316406,37.2599983215332,37.400001525878906,36.59999847412109,36.72999954223633,1142400
2016-03-02,35.8308219909668,37.380001068115234,37.540000915527344,37.130001068115234,37.31999969482422,1409300
2016-03-03,36.118385314941406,37.68000030517578,37.70000076293945,37.27000045776367,37.38999938964844,1064000
2016-03-04,36.30051803588867,37.869998931884766,38.060001373291016,37.52000045776367,37.709999084472656,1122800
2016-03-07,35.84040069580078,37.38999938964844,37.66999816894531,37.310001373291016,37.5099983215332,1273300
2016-03-08,35.15024185180664,36.66999816894531,37.15999984741211,36.650001525878906,37.08000183105469,1232500
2016-03-09,34.86267852783203,36.369998931884766,36.95000076293945,36.22999954223633,36.95000076293945,1365300
2016-03-10,35.07355117797852,36.59000015258789,36.66999816894531,36.04999923706055,36.52000045776367,1738400
2016-03-11,36.1567268371582,37.720001220703125,37.7599983215332,36.83000183105469,36.93999862670898,1434700
2016-03-14,36.07045364379883,37.630001068115234,37.77000045776367,36.630001068115234,37.560001373291016,1059500
2016-03-15,36.05129623413086,37.61000061035156,37.630001068115234,37.119998931884766,37.119998931884766,901800
2016-03-16,36.20466995239258,37.77000045776367,37.869998931884766,37.43000030517578,37.56999969482422,1062600
2016-03-17,37.15364074707031,38.7599983215332,38.86000061035156,37.650001525878906,37.75,1337400
2016-03-18,37.73835372924805,39.369998931884766,39.400001525878906,38.77999877929688,38.91999816894531,3848400
2016-03-21,37.709598541259766,39.34000015258789,39.459999084472656,39.060001373291016,39.18999862670898,937700
2016-03-22,37.62332534790039,39.25,39.619998931884766,39.06999969482422,39.20000076293945,857100
2016-03-23,37.03860855102539,38.63999938964844,39.31999969482422,38.619998931884766,39.220001220703125,1031700
2016-03-24,36.77022171020508,38.36000061035156,38.52999877929688,38.18999862670898,38.36000061035156,744200
2016-03-28,36.77978897094727,38.369998931884766,38.5099983215332,38.2599983215332,38.29999923706055,830300
2016-03-29,36.6839485168457,38.27000045776367,38.380001068115234,37.9900016784668,38.27999877929688,779700
2016-03-30,36.95232391357422,38.54999923706055,38.81999969482422,38.43999862670898,38.56999969482422,531800
2016-03-31,36.67435073852539,38.2599983215332,38.59999847412109,38.06999969482422,38.4900016784668,1007900
2016-04-01,36.93315887451172,38.52999877929688,38.58000183105469,37.90999984741211,38.06999969482422,657200
2016-04-04,36.38678359985352,37.959999084472656,38.630001068115234,37.90999984741211,38.59999847412109,481800
2016-04-05,36.12798690795898,37.68999862670898,37.970001220703125,37.59999847412109,37.68999862670898,781900
2016-04-06,36.12798690795898,37.68999862670898,37.880001068115234,37.34000015258789,37.70000076293945,625500
2016-04-07,35.965023040771484,37.52000045776367,37.540000915527344,37.25,37.41999816894531,1359700
2016-04-08,36.348445892333984,37.91999816894531,38.040000915527344,37.77999877929688,37.810001373291016,1031100
2016-04-11,36.63601303100586,38.220001220703125,38.470001220703125,38.040000915527344,38.06999969482422,999100
2016-04-12,37.086524963378906,38.68999862670898,38.709999084472656,38.20000076293945,38.310001373291016,1023200
2016-04-13,37.81503677368164,39.45000076293945,39.45000076293945,38.7599983215332,38.81999969482422,1038100
2016-04-14,37.8725471496582,39.5099983215332,39.65999984741211,39.29999923706055,39.45000076293945,722500
2016-04-15,37.719181060791016,39.34999847412109,39.58000183105469,39.25,39.47999954223633,987000
2016-04-18,37.80543518066406,39.43999862670898,39.5,38.790000915527344,39.15999984741211,779300
2016-04-19,38.093021392822266,39.7400016784668,39.970001220703125,39.470001220703125,39.619998931884766,968300
2016-04-20,38.294315338134766,39.95000076293945,40.09000015258789,39.54999923706055,39.77999877929688,406900
2016-04-21,37.517879486083984,39.13999938964844,40.0,39.08000183105469,39.84000015258789,703400
2016-04-22,38.20803451538086,39.86000061035156,39.880001068115234,39.220001220703125,39.33000183105469,644800
2016-04-25,38.0355110168457,39.68000030517578,39.709999084472656,39.31999969482422,39.650001525878906,555700
2016-04-26,38.42851638793945,40.09000015258789,40.209999084472656,39.869998931884766,39.869998931884766,709300
2016-04-27,38.57229995727539,40.2400016784668,40.5,40.13999938964844,40.13999938964844,818300
2016-04-28,38.10260009765625,39.75,40.15999984741211,39.66999816894531,39.86000061035156,662600
2016-04-29,38.0355110168457,39.68000030517578,39.84000015258789,39.34999847412109,39.68000030517578,1159400
2016-05-02,38.486026763916016,40.150001525878906,40.56999969482422,39.75,39.75,1105800
2016-05-03,38.20803451538086,39.86000061035156,40.040000915527344,39.650001525878906,39.81999969482422,855100
2016-05-04,38.1121940612793,39.7599983215332,39.95000076293945,39.52000045776367,39.68000030517578,737700
2016-05-05,38.06427383422852,39.709999084472656,39.9900016784668,39.56999969482422,39.86000061035156,592000
2016-05-06,38.01633071899414,39.65999984741211,39.83000183105469,39.5099983215332,39.560001373291016,922200
2016-05-09,37.7862663269043,39.41999816894531,39.7599983215332,39.40999984741211,39.56999969482422,926400
2016-05-10,38.33265686035156,39.9900016784668,40.0099983215332,39.5,39.54999923706055,1174700
2016-05-11,37.95882034301758,39.59999847412109,40.0099983215332,39.59999847412109,39.93000030517578,703000
2016-05-12,38.00674819946289,39.650001525878906,39.95000076293945,39.43999862670898,39.810001373291016,811100
2016-05-13,37.73835372924805,39.369998931884766,39.90999984741211,39.33000183105469,39.560001373291016,555000
2016-05-16,38.179298400878906,39.83000183105469,39.95000076293945,39.209999084472656,39.38999938964844,934700
2016-05-17,38.0355110168457,39.68000030517578,40.13999938964844,39.52999877929688,39.810001373291016,1142900
2016-05-18,38.62981033325195,40.29999923706055,40.400001525878906,39.56999969482422,39.56999969482422,892200
2016-05-19,38.23678207397461,39.88999938964844,40.29999923706055,39.7400016784668,40.0099983215332,1424000
2016-05-20,38.50519180297852,40.16999816894531,40.5,40.0099983215332,40.060001373291016,1366700
2016-05-23,38.41891479492188,40.08000183105469,40.2599983215332,40.0,40.15999984741211,514000
2016-05-24,38.58186721801758,40.25,40.58000183105469,40.18999862670898,40.18999862670898,892500
2016-05-25,38.56270217895508,40.22999954223633,40.66999816894531,40.220001220703125,40.41999816894531,1063300
2016-05-26,38.79276657104492,40.470001220703125,40.58000183105469,40.18000030517578,40.27000045776367,787500
2016-05-27,39.02605056762695,40.650001525878906,40.7599983215332,40.43999862670898,40.43999862670898,795500
2016-05-31,38.86284637451172,40.47999954223633,40.869998931884766,40.25,40.72999954223633,1200700
2016-06-01,38.82444381713867,40.43999862670898,40.630001068115234,40.0,40.15999984741211,784300
2016-06-02,38.93004608154297,40.54999923706055,40.59000015258789,40.18000030517578,40.40999984741211,713500
2016-06-03,38.65163040161133,40.2599983215332,40.38999938964844,39.86000061035156,40.15999984741211,678800
2016-06-06,38.594024658203125,40.20000076293945,40.45000076293945,40.02000045776367,40.33000183105469,957700
2016-06-07,38.55562210083008,40.15999984741211,40.400001525878906,40.13999938964844,40.34000015258789,654000
2016-06-08,38.92045211791992,40.540000915527344,40.630001068115234,40.310001373291016,40.33000183105469,968600
2016-06-09,38.498023986816406,40.09999847412109,40.41999816894531,40.040000915527344,40.310001373291016,657600
2016-06-10,38.20040512084961,39.790000915527344,40.060001373291016,39.63999938964844,39.790000915527344,808600
2016-06-13,38.12360763549805,39.709999084472656,39.97999954223633,39.650001525878906,39.68000030517578,1072100
2016-06-14,37.78759002685547,39.36000061035156,39.869998931884766,39.310001373291016,39.630001068115234,966100
2016-06-15,37.90280151367188,39.47999954223633,39.790000915527344,39.36000061035156,39.52999877929688,943300
2016-06-16,38.10440444946289,39.68999862670898,39.720001220703125,39.02999877929688,39.13999938964844,1039400
2016-06-17,38.44042205810547,40.040000915527344,40.060001373291016,39.59999847412109,39.68000030517578,1457900
2016-06-20,38.44042205810547,40.040000915527344,40.720001220703125,40.0099983215332,40.52000045776367,951700
2016-06-21,38.72843170166016,40.34000015258789,40.43000030517578,39.970001220703125,40.220001220703125,1128600
2016-06-22,38.64203643798828,40.25,40.720001220703125,40.16999816894531,40.45000076293945,906400
2016-06-23,39.32366180419922,40.959999084472656,40.959999084472656,40.65999984741211,40.7400016784668,542200
2016-06-24,37.79718399047852,39.369998931884766,40.0,39.060001373291016,39.130001068115234,1725400
2016-06-27,36.80834197998047,38.34000015258789,38.93000030517578,38.16999816894531,38.83000183105469,1252100
2016-06-28,37.47077941894531,39.02999877929688,39.02999877929688,38.52000045776367,38.709999084472656,895200
2016-06-29,38.32521057128906,39.91999816894531,39.91999816894531,39.369998931884766,39.459999084472656,977100
2016-06-30,39.44847869873047,41.09000015258789,41.09000015258789,39.90999984741211,39.959999084472656,1202700
2016-07-01,39.275657653808594,40.90999984741211,41.25,40.810001373291016,41.11000061035156,605800
2016-07-05,38.42123031616211,40.02000045776367,40.54999923706055,39.970001220703125,40.52999877929688,633600
2016-07-06,38.526832580566406,40.130001068115234,40.15999984741211,39.66999816894531,39.77999877929688,1319400
2016-07-07,38.526832580566406,40.130001068115234,40.720001220703125,39.95000076293945,40.18000030517578,923200
2016-07-08,39.15084838867188,40.77999877929688,40.81999969482422,40.43000030517578,40.650001525878906,761800
2016-07-11,39.00685119628906,40.630001068115234,41.02999877929688,40.52999877929688,41.0,797300
2016-07-12,39.56368637084961,41.209999084472656,41.31999969482422,40.88999938964844,41.0,727000
2016-07-13,39.56368637084961,41.209999084472656,41.27999877929688,40.97999954223633,41.27000045776367,639800
2016-07-14,39.832496643066406,41.4900016784668,41.81999969482422,41.400001525878906,41.81999969482422,1118000
2016-07-15,39.72689437866211,41.380001068115234,41.630001068115234,41.09999847412109,41.630001068115234,710400
2016-07-18,39.59247970581055,41.2400016784668,41.400001525878906,41.18999862670898,41.380001068115234,576200
2016-07-19,39.58287811279297,41.22999954223633,41.25,40.9900016784668,40.9900016784668,453200
2016-07-20,39.53487396240234,41.18000030517578,41.36000061035156,41.130001068115234,41.2599983215332,420900
2016-07-21,39.43887710571289,41.08000183105469,41.20000076293945,40.97999954223633,41.08000183105469,369800
2016-07-22,39.65008163452149,41.29999923706055,41.31999969482422,41.040000915527344,41.16999816894531,500300
2016-07-25,39.51568603515625,41.15999984741211,41.33000183105469,41.02999877929688,41.29999923706055,379900
2016-07-26,39.64049530029297,41.290000915527344,41.380001068115234,41.06999969482422,41.16999816894531,523300
2016-07-27,39.554080963134766,41.20000076293945,41.40999984741211,41.09999847412109,41.2400016784668,601800
2016-07-28,39.54447937011719,41.18999862670898,41.33000183105469,41.04999923706055,41.04999923706055,402000
2016-07-29,39.67890167236328,41.33000183105469,41.43000030517578,40.810001373291016,41.08000183105469,1135600
2016-08-01,38.90125274658203,40.52000045776367,41.66999816894531,40.380001068115234,41.540000915527344,949800
2016-08-02,38.56524658203125,40.16999816894531,40.470001220703125,40.02000045776367,40.33000183105469,826400
2016-08-03,38.83404922485352,40.45000076293945,40.56999969482422,40.060001373291016,40.25,717100
2016-08-04,38.77643966674805,40.38999938964844,40.68000030517578,40.34999847412109,40.5099983215332,613000
2016-08-05,39.50607299804688,41.150001525878906,41.150001525878906,40.630001068115234,40.68000030517578,584200
2016-08-08,39.47727584838867,41.119998931884766,41.34000015258789,40.9900016784668,41.27000045776367,765800
2016-08-09,39.57328796386719,41.220001220703125,41.29999923706055,41.09999847412109,41.18000030517578,504500
2016-08-10,39.32366180419922,40.959999084472656,41.310001373291016,40.869998931884766,41.310001373291016,386000
2016-08-11,39.61167526245117,41.2599983215332,41.380001068115234,40.77000045776367,40.9900016784668,579800
2016-08-12,39.41967010498047,41.060001373291016,41.209999084472656,40.88999938964844,41.04999923706055,553300
2016-08-15,39.67890167236328,41.33000183105469,41.34999847412109,41.09000015258789,41.119998931884766,472400
2016-08-16,39.53487396240234,41.18000030517578,41.27000045776367,41.0099983215332,41.130001068115234,406300
2016-08-17,39.68848419189453,41.34000015258789,41.34999847412109,41.04999923706055,41.27999877929688,608900
2016-08-18,39.909297943115234,41.56999969482422,41.56999969482422,41.27999877929688,41.36000061035156,545100
2016-08-19,39.79409790039063,41.45000076293945,41.540000915527344,41.27000045776367,41.36000061035156,889800
2016-08-22,39.81329345703125,41.470001220703125,41.4900016784668,41.18000030517578,41.34999847412109,477700
2016-08-23,39.82289505004883,41.47999954223633,41.619998931884766,41.40999984741211,41.47999954223633,760400
2016-08-24,39.81329345703125,41.470001220703125,41.66999816894531,41.380001068115234,41.470001220703125,512700
2016-08-25,40.06290435791016,41.72999954223633,41.77000045776367,41.29999923706055,41.43999862670898,617300
2016-08-26,39.77490615844727,41.43000030517578,41.9900016784668,41.27000045776367,41.869998931884766,683000
2016-08-29,40.16238784790039,41.77000045776367,41.880001068115234,41.5099983215332,41.5099983215332,732100
2016-08-30,40.19122695922852,41.79999923706055,42.06999969482422,41.59000015258789,41.77000045776367,776800
2016-08-31,40.24892044067383,41.86000061035156,42.060001373291016,41.45000076293945,41.81999969482422,1162100
2016-09-01,39.72007751464844,41.310001373291016,41.93999862670898,41.09000015258789,41.93000030517578,761900
2016-09-02,40.02777099609375,41.630001068115234,41.68999862670898,41.380001068115234,41.45000076293945,732200
2016-09-06,39.95084381103516,41.54999923706055,41.88999938964844,41.2599983215332,41.68999862670898,774500
2016-09-07,39.90276718139648,41.5,41.560001373291016,41.310001373291016,41.40999984741211,798800
2016-09-08,40.16238784790039,41.77000045776367,41.95000076293945,41.43999862670898,41.459999084472656,860400
2016-09-09,39.62392425537109,41.209999084472656,41.84000015258789,41.209999084472656,41.59000015258789,1019100
2016-09-12,40.14315414428711,41.75,41.86000061035156,40.81999969482422,40.90999984741211,1391400
2016-09-13,39.61433029174805,41.20000076293945,41.4900016784668,40.97999954223633,41.27999877929688,1376300
2016-09-14,39.13357162475586,40.70000076293945,41.34000015258789,40.59000015258789,41.2400016784668,884200
2016-09-15,39.35470581054688,40.93000030517578,40.97999954223633,40.58000183105469,40.709999084472656,935600
2016-09-16,38.62395477294922,40.16999816894531,40.68000030517578,40.16999816894531,40.66999816894531,2386200
2016-09-19,38.816253662109375,40.369998931884766,40.63999938964844,40.209999084472656,40.38999938964844,873200
2016-09-20,38.75857925415039,40.310001373291016,40.619998931884766,40.27999877929688,40.619998931884766,622900
2016-09-21,39.29702758789063,40.869998931884766,40.91999816894531,40.40999984741211,40.52999877929688,1033500
2016-09-22,39.56623840332031,41.150001525878906,41.2599983215332,40.7599983215332,41.150001525878906,1289200
2016-09-23,38.57589340209961,40.119998931884766,41.02999877929688,40.119998931884766,40.93000030517578,1619800
2016-09-26,38.36435317993164,39.900001525878906,40.119998931884766,39.790000915527344,39.900001525878906,1705700
2016-09-27,38.87397003173828,40.43000030517578,40.43000030517578,39.709999084472656,39.77999877929688,1015200
2016-09-28,39.36432647705078,40.93999862670898,40.970001220703125,40.29999923706055,40.619998931884766,1132800
2016-09-29,39.20087814331055,40.77000045776367,41.33000183105469,40.66999816894531,40.9900016784668,1063800
2016-09-30,39.56623840332031,41.150001525878906,41.41999816894531,40.93000030517578,41.08000183105469,1261300
2016-10-03,39.3451042175293,40.91999816894531,41.220001220703125,40.83000183105469,41.09999847412109,772200
2016-10-04,39.29702758789063,40.869998931884766,41.09999847412109,40.61000061035156,41.060001373291016,651900
2016-10-05,39.67201232910156,41.2599983215332,41.33000183105469,41.060001373291016,41.119998931884766,782300
2016-10-06,39.57587432861328,41.15999984741211,41.43999862670898,41.02999877929688,41.29999923706055,966900
2016-10-07,39.70085144042969,41.290000915527344,41.38999938964844,41.04999923706055,41.22999954223633,869200
2016-10-10,39.95084381103516,41.54999923706055,41.720001220703125,41.43000030517578,41.59000015258789,475300
2016-10-11,39.595096588134766,41.18000030517578,41.560001373291016,41.02000045776367,41.560001373291016,585600
2016-10-12,39.797000885009766,41.38999938964844,41.5099983215332,41.13999938964844,41.13999938964844,655800
2016-10-13,39.3451042175293,40.91999816894531,41.150001525878906,40.79999923706055,41.0099983215332,1022500
2016-10-14,39.5566291809082,41.13999938964844,41.59999847412109,41.0099983215332,41.310001373291016,1328900
2016-10-17,39.43162536621094,41.0099983215332,41.310001373291016,40.95000076293945,41.25,526400
2016-10-18,39.70085144042969,41.290000915527344,41.470001220703125,41.08000183105469,41.470001220703125,978100
2016-10-19,40.22007369995117,41.83000183105469,41.86000061035156,41.369998931884766,41.4900016784668,1100100
2016-10-20,39.81623840332031,41.40999984741211,41.810001373291016,41.33000183105469,41.65999984741211,603500
2016-10-21,39.22971725463867,40.79999923706055,41.060001373291016,40.7400016784668,41.060001373291016,716200
2016-10-24,39.31624603271485,40.88999938964844,41.08000183105469,40.84999847412109,40.970001220703125,452900
2016-10-25,39.306636810302734,40.880001068115234,41.04999923706055,40.7599983215332,40.880001068115234,778600
2016-10-26,39.306636810302734,40.880001068115234,41.11000061035156,40.72999954223633,40.72999954223633,668600
2016-10-27,39.43162536621094,41.0099983215332,41.11000061035156,40.77999877929688,41.11000061035156,848200
2016-10-28,39.44124603271485,41.02000045776367,41.34999847412109,40.86000061035156,41.09000015258789,955800
2016-10-31,41.37388610839844,43.02999877929688,43.68000030517578,42.369998931884766,43.040000915527344,2953200
2016-11-01,40.72967529296875,42.36000061035156,43.119998931884766,42.16999816894531,43.02000045776367,1368300
2016-11-02,40.18161010742188,41.790000915527344,42.41999816894531,41.70000076293945,42.29999923706055,1199400
2016-11-03,40.23930740356445,41.84999847412109,42.119998931884766,41.7400016784668,41.7400016784668,890500
2016-11-04,39.81623840332031,41.40999984741211,41.900001525878906,41.380001068115234,41.88999938964844,1078900
2016-11-07,40.22007369995117,41.83000183105469,41.9900016784668,41.630001068115234,41.79999923706055,1151800
2016-11-08,40.9123649597168,42.54999923706055,42.66999816894531,41.70000076293945,41.83000183105469,1635500
2016-11-09,41.47966003417969,43.13999938964844,43.380001068115234,42.41999816894531,42.970001220703125,1546100
2016-11-10,41.80657196044922,43.47999954223633,43.650001525878906,43.09000015258789,43.540000915527344,1661300
2016-11-11,41.73927307128906,43.40999984741211,43.5,42.9900016784668,43.36000061035156,1307500
2016-11-14,42.268096923828125,43.959999084472656,44.04999923706055,43.59000015258789,43.650001525878906,1608100
2016-11-15,42.24885940551758,43.93999862670898,44.040000915527344,43.61000061035156,43.959999084472656,1335200
2016-11-16,41.93156814575195,43.61000061035156,43.709999084472656,43.369998931884766,43.66999816894531,637400
2016-11-17,42.29693984985352,43.9900016784668,44.119998931884766,43.560001373291016,43.61000061035156,1003100
2016-11-18,42.17193984985352,43.86000061035156,44.0,43.70000076293945,43.900001525878906,1387300
2016-11-21,42.49885940551758,44.20000076293945,44.20000076293945,43.88999938964844,44.11000061035156,709800
2016-11-22,42.73923110961914,44.45000076293945,44.54999923706055,44.06999969482422,44.34999847412109,1517600
2016-11-23,43.03731918334961,44.7599983215332,44.810001373291016,44.2599983215332,44.54999923706055,914700
2016-11-25,42.75845336914063,44.470001220703125,44.7599983215332,44.38999938964844,44.7599983215332,419400
2016-11-28,42.684329986572266,44.33000183105469,44.54999923706055,44.18999862670898,44.209999084472656,795600
2016-11-29,42.77098083496094,44.41999816894531,44.58000183105469,44.290000915527344,44.380001068115234,756200
2016-11-30,42.99245071411133,44.650001525878906,44.959999084472656,44.56999969482422,44.63999938964844,1566100
2016-12-01,43.33909606933594,45.0099983215332,45.25,44.81999969482422,44.869998931884766,971600
2016-12-02,43.21391677856445,44.880001068115234,45.040000915527344,44.68000030517578,44.959999084472656,1022600
2016-12-05,43.53166580200195,45.209999084472656,45.34999847412109,45.02000045776367,45.25,880400
2016-12-06,44.23455810546875,45.93999862670898,46.02999877929688,45.22999954223633,45.34999847412109,1467100
2016-12-07,44.764137268066406,46.4900016784668,46.5,45.880001068115234,45.93999862670898,1655700
2016-12-08,45.19743347167969,46.93999862670898,47.29999923706055,46.540000915527344,46.59999847412109,991800
2016-12-09,45.61145782470703,47.369998931884766,47.459999084472656,46.81999969482422,46.86000061035156,959600
2016-12-12,45.73664093017578,47.5,47.66999816894531,47.2599983215332,47.45000076293945,648300
2016-12-13,45.93883895874024,47.709999084472656,47.86000061035156,47.290000915527344,47.72999954223633,668800
2016-12-14,45.47666931152344,47.22999954223633,47.790000915527344,47.0,47.459999084472656,1376900
2016-12-15,45.67887496948242,47.43999862670898,47.7599983215332,47.040000915527344,47.310001373291016,639400
2016-12-16,45.72702026367188,47.4900016784668,47.650001525878906,47.27000045776367,47.5099983215332,1950500
2016-12-19,45.66923522949219,47.43000030517578,47.58000183105469,47.04999923706055,47.560001373291016,683700
2016-12-20,45.948486328125,47.720001220703125,47.72999954223633,47.40999984741211,47.61000061035156,772400
2016-12-21,46.12179946899414,47.900001525878906,48.04999923706055,47.59000015258789,47.72999954223633,586700
2016-12-22,45.90995788574219,47.68000030517578,47.81999969482422,47.59000015258789,47.81999969482422,698700
2016-12-23,45.74626922607422,47.5099983215332,47.77000045776367,47.43999862670898,47.77000045776367,356600
2016-12-27,45.67887496948242,47.43999862670898,47.59000015258789,47.34000015258789,47.5099983215332,533000
2016-12-28,45.43814849853516,47.18999862670898,47.61000061035156,47.130001068115234,47.5099983215332,462000
2016-12-29,45.207069396972656,46.95000076293945,47.40999984741211,46.90999984741211,47.27000045776367,511200
2016-12-30,45.09151458740234,46.83000183105469,47.09999847412109,46.7400016784668,47.09999847412109,933400
2017-01-03,45.4477767944336,47.20000076293945,47.47999954223633,46.959999084472656,47.22999954223633,725000
2017-01-04,45.158912658691406,46.900001525878906,47.47999954223633,46.880001068115234,47.33000183105469,1075700
2017-01-05,44.81228256225586,46.540000915527344,46.959999084472656,46.380001068115234,46.7599983215332,774100
2017-01-06,45.014495849609375,46.75,46.9900016784668,46.5,46.619998931884766,725400
2017-01-09,44.571563720703125,46.290000915527344,46.619998931884766,46.27999877929688,46.5,543800
2017-01-10,44.74488067626953,46.470001220703125,46.56999969482422,46.09000015258789,46.290000915527344,643600
2017-01-11,44.70637512207031,46.43000030517578,46.56999969482422,46.09999847412109,46.41999816894531,854500
2017-01-12,44.436767578125,46.150001525878906,46.29999923706055,45.810001373291016,46.27999877929688,662900
2017-01-13,44.38861846923828,46.09999847412109,46.619998931884766,46.02000045776367,46.18000030517578,628200
2017-01-17,43.98419952392578,45.68000030517578,46.060001373291016,45.59999847412109,45.86000061035156,813600
2017-01-18,44.54267501831055,46.2599983215332,46.310001373291016,45.68000030517578,45.84999847412109,819600
2017-01-19,44.00346755981445,45.70000076293945,46.29999923706055,45.540000915527344,46.25,759800
2017-01-20,44.32121276855469,46.02999877929688,46.20000076293945,45.810001373291016,45.959999084472656,646900
2017-01-23,44.22492980957031,45.93000030517578,46.04999923706055,45.619998931884766,45.97999954223633,522600
2017-01-24,45.004859924316406,46.7400016784668,46.86000061035156,46.11000061035156,46.15999984741211,915500
2017-01-25,45.34186172485352,47.09000015258789,47.119998931884766,46.63999938964844,46.970001220703125,854200
2017-01-26,45.39963150024414,47.150001525878906,47.18999862670898,46.93000030517578,47.0099983215332,781500
2017-01-27,44.96634292602539,46.70000076293945,47.20000076293945,46.61000061035156,47.18000030517578,643200
2017-01-30,44.69673156738281,46.41999816894531,46.630001068115234,45.91999816894531,46.560001373291016,923100
2017-01-31,44.85081100463867,46.58000183105469,46.630001068115234,45.93999862670898,46.43000030517578,1550500
2017-02-01,44.48490524291992,46.20000076293945,46.900001525878906,46.08000183105469,46.75,989200
2017-02-02,44.55230712890625,46.27000045776367,46.27000045776367,45.88999938964844,46.13999938964844,864100
2017-02-03,44.87969207763672,46.61000061035156,47.02999877929688,46.31999969482422,46.68000030517578,921800
2017-02-06,44.773773193359375,46.5,47.0,45.97999954223633,46.29999923706055,846100
2017-02-07,44.69673156738281,46.41999816894531,46.84000015258789,46.150001525878906,46.59000015258789,744800
2017-02-08,44.53304672241211,46.25,46.41999816894531,45.97999954223633,46.209999084472656,624700
2017-02-09,44.523414611816406,46.2400016784668,46.45000076293945,46.08000183105469,46.2400016784668,765900
2017-02-10,44.75450134277344,46.47999954223633,46.560001373291016,46.29999923706055,46.5,820300
2017-02-13,45.07225799560547,46.810001373291016,46.869998931884766,46.27999877929688,46.41999816894531,890700
2017-02-14,45.21668243408203,46.959999084472656,47.15999984741211,46.66999816894531,46.83000183105469,820100
2017-02-15,45.49592590332031,47.25,47.25,46.709999084472656,46.81999969482422,771900
2017-02-16,45.30335998535156,47.04999923706055,47.369998931884766,46.970001220703125,47.36000061035156,1425000
2017-02-17,45.235958099365234,46.97999954223633,47.0,46.56999969482422,46.90999984741211,996800
2017-02-21,45.37074279785156,47.119998931884766,47.34000015258789,46.970001220703125,46.97999954223633,766900
2017-02-22,45.37074279785156,47.119998931884766,47.220001220703125,46.90999984741211,46.93000030517578,784000
2017-02-23,45.65960693359375,47.41999816894531,47.43000030517578,47.0099983215332,47.220001220703125,712700
2017-02-24,45.47666931152344,47.22999954223633,47.34000015258789,47.0099983215332,47.220001220703125,620300
2017-02-27,45.39278793334961,47.08000183105469,47.290000915527344,47.0099983215332,47.22999954223633,624400
2017-02-28,45.296382904052734,46.97999954223633,47.18999862670898,46.90999984741211,46.97999954223633,1068700
2017-03-01,46.10626602172852,47.81999969482422,47.869998931884766,47.41999816894531,47.70000076293945,1224800
2017-03-02,45.55669021606445,47.25,47.880001068115234,47.209999084472656,47.880001068115234,741600
2017-03-03,45.971282958984375,47.68000030517578,47.790000915527344,47.16999816894531,47.310001373291016,820200
2017-03-06,45.807376861572266,47.5099983215332,47.70000076293945,47.29999923706055,47.5099983215332,593100
2017-03-07,45.74951553344727,47.45000076293945,47.56999969482422,47.27000045776367,47.470001220703125,620300
2017-03-08,45.56634521484375,47.2599983215332,47.72999954223633,47.2400016784668,47.63999938964844,730300
2017-03-09,45.45063781738281,47.13999938964844,47.52000045776367,47.0,47.31999969482422,853700
2017-03-10,45.50849151611328,47.20000076293945,47.43000030517578,47.0099983215332,47.43000030517578,608500
2017-03-13,45.46027755737305,47.150001525878906,47.27999877929688,47.040000915527344,47.13999938964844,836200
2017-03-14,45.50849151611328,47.20000076293945,47.29999923706055,46.75,46.970001220703125,692400
2017-03-15,45.836307525634766,47.540000915527344,47.630001068115234,47.06999969482422,47.2400016784668,940600
2017-03-16,45.6723861694336,47.369998931884766,47.75,47.29999923706055,47.58000183105469,561900
2017-03-17,45.51813507080078,47.209999084472656,47.43000030517578,46.9900016784668,47.41999816894531,1008100
2017-03-20,45.199954986572266,46.880001068115234,47.209999084472656,46.75,47.119998931884766,504800
2017-03-21,44.80464172363281,46.470001220703125,47.119998931884766,46.31999969482422,47.11000061035156,999100
2017-03-22,44.57324600219727,46.22999954223633,46.40999984741211,46.0099983215332,46.27999877929688,956000
2017-03-23,44.6793098449707,46.34000015258789,46.7599983215332,46.09000015258789,46.20000076293945,483200
2017-03-24,44.39005279541016,46.040000915527344,46.47999954223633,45.790000915527344,46.31999969482422,781400
2017-03-27,44.27436065673828,45.91999816894531,45.97999954223633,45.25,45.45000076293945,515900
2017-03-28,44.82392883300781,46.4900016784668,46.560001373291016,45.77999877929688,45.77999877929688,1170900
2017-03-29,44.68895721435547,46.34999847412109,46.560001373291016,46.31999969482422,46.38999938964844,719500
2017-03-30,45.18067169189453,46.86000061035156,46.900001525878906,46.2599983215332,46.310001373291016,559800
2017-03-31,45.09390258789063,46.77000045776367,47.06999969482422,46.709999084472656,46.77000045776367,851000
2017-04-03,45.06496810913086,46.7400016784668,46.93000030517578,46.27999877929688,46.77999877929688,705500
2017-04-04,45.40242004394531,47.09000015258789,47.09999847412109,46.63999938964844,46.68999862670898,688000
2017-04-05,45.31565475463867,47.0,47.459999084472656,46.77000045776367,46.93000030517578,1295200
2017-04-06,45.60490798950195,47.29999923706055,47.36000061035156,46.79999923706055,46.93999862670898,800600
2017-04-07,45.54705810546875,47.2400016784668,47.36000061035156,47.02000045776367,47.209999084472656,835700
2017-04-10,45.75917053222656,47.459999084472656,47.54999923706055,47.16999816894531,47.2400016784668,647800
2017-04-11,45.51813507080078,47.209999084472656,47.459999084472656,46.93999862670898,47.27000045776367,471800
2017-04-12,45.04568099975586,46.720001220703125,47.09000015258789,46.65999984741211,47.09000015258789,989700
2017-04-13,44.476829528808594,46.130001068115234,46.63999938964844,46.060001373291016,46.54999923706055,883600
2017-04-17,44.81427764892578,46.47999954223633,46.63999938964844,46.16999816894531,46.310001373291016,1723700
2017-04-18,44.50575637817383,46.15999984741211,46.369998931884766,45.900001525878906,46.18000030517578,1013500
2017-04-19,44.23579025268555,45.880001068115234,46.47999954223633,45.77999877929688,46.40999984741211,736700
2017-04-20,44.40934371948242,46.060001373291016,46.150001525878906,45.709999084472656,46.02999877929688,941800
2017-04-21,44.30328750610352,45.95000076293945,46.220001220703125,45.88999938964844,46.02000045776367,712400
2017-04-24,45.36386489868164,47.04999923706055,47.08000183105469,46.59000015258789,46.59999847412109,1262600
2017-04-25,45.64347457885742,47.34000015258789,47.5,47.220001220703125,47.369998931884766,850500
2017-04-26,45.74951553344727,47.45000076293945,47.93000030517578,47.119998931884766,47.310001373291016,820400
2017-04-27,45.63382339477539,47.33000183105469,47.52000045776367,47.13999938964844,47.45000076293945,619800
2017-04-28,44.94926452636719,46.619998931884766,47.40999984741211,46.61000061035156,47.22999954223633,1253600
2017-05-01,45.52777099609375,47.220001220703125,47.36000061035156,46.54999923706055,46.72999954223633,846500
2017-05-02,45.36386489868164,47.04999923706055,47.40999984741211,47.0099983215332,47.2599983215332,997300
2017-05-03,45.32529067993164,47.0099983215332,47.09000015258789,46.7400016784668,46.880001068115234,812900
2017-05-04,45.07462692260742,46.75,47.45000076293945,46.630001068115234,47.209999084472656,1104800
2017-05-05,45.32529067993164,47.0099983215332,47.0099983215332,46.650001525878906,46.84999847412109,705700
2017-05-08,45.08424758911133,46.7599983215332,47.06999969482422,46.70000076293945,47.06999969482422,776000
2017-05-09,44.6696662902832,46.33000183105469,46.86000061035156,46.2400016784668,46.709999084472656,866300
2017-05-10,44.78536224365234,46.45000076293945,46.4900016784668,46.209999084472656,46.209999084472656,684500
2017-05-11,44.26472473144531,45.90999984741211,46.380001068115234,45.880001068115234,46.290000915527344,1262700
2017-05-12,44.120094299316406,45.7599983215332,45.97999954223633,45.619998931884766,45.810001373291016,617900
2017-05-15,44.41897964477539,46.06999969482422,46.20000076293945,45.84999847412109,45.84999847412109,554900
2017-05-16,44.71786880493164,46.380001068115234,46.400001525878906,46.040000915527344,46.08000183105469,1140300
2017-05-17,44.18758773803711,45.83000183105469,46.380001068115234,45.79999923706055,46.380001068115234,1066700
2017-05-18,44.39968490600586,46.04999923706055,46.43000030517578,45.77000045776367,45.81999969482422,898200
2017-05-19,44.27436065673828,45.91999816894531,46.150001525878906,45.84000015258789,46.130001068115234,1050900
2017-05-22,44.70823669433594,46.369998931884766,46.40999984741211,46.130001068115234,46.16999816894531,652900
2017-05-23,45.10353469848633,46.77999877929688,46.869998931884766,46.27999877929688,46.36000061035156,702900
2017-05-24,44.82392883300781,46.4900016784668,46.93000030517578,46.47999954223633,46.83000183105469,860600
2017-05-25,45.07462692260742,46.75,46.81999969482422,46.40999984741211,46.630001068115234,710900
2017-05-26,45.26095199584961,46.880001068115234,46.900001525878906,46.59999847412109,46.650001525878906,614400
2017-05-30,45.26095199584961,46.880001068115234,46.93999862670898,46.560001373291016,46.720001220703125,762500
2017-05-31,45.5312728881836,47.15999984741211,47.220001220703125,46.720001220703125,46.88999938964844,1416100
2017-06-01,46.02366256713867,47.66999816894531,47.810001373291016,47.130001068115234,47.34999847412109,939100
2017-06-02,45.66645050048828,47.29999923706055,47.63999938964844,47.22999954223633,47.54999923706055,1053200
2017-06-05,45.5119743347168,47.13999938964844,47.400001525878906,47.11000061035156,47.15999984741211,655800
2017-06-06,45.14508438110352,46.7599983215332,46.95000076293945,46.619998931884766,46.95000076293945,957700
2017-06-07,45.04853439331055,46.65999984741211,46.880001068115234,46.59000015258789,46.86000061035156,686100
2017-06-08,45.087158203125,46.70000076293945,46.88999938964844,46.619998931884766,46.65999984741211,1125600
2017-06-09,45.83057403564453,47.470001220703125,47.47999954223633,46.77999877929688,46.83000183105469,1015800
2017-06-12,46.00435256958008,47.650001525878906,47.7400016784668,47.470001220703125,47.47999954223633,909600
2017-06-13,46.120208740234375,47.77000045776367,47.900001525878906,47.560001373291016,47.66999816894531,619600
2017-06-14,46.01401138305664,47.65999984741211,47.79999923706055,47.33000183105469,47.709999084472656,884000
2017-06-15,46.39054489135742,48.04999923706055,48.18999862670898,47.470001220703125,47.52000045776367,1052900
2017-06-16,46.47743225097656,48.13999938964844,48.38999938964844,47.88999938964844,48.38999938964844,1576700
2017-06-19,46.33259582519531,47.9900016784668,48.31999969482422,47.869998931884766,48.18999862670898,714600
2017-06-20,45.86919021606445,47.5099983215332,47.86000061035156,47.34000015258789,47.86000061035156,763600
2017-06-21,45.2030143737793,46.81999969482422,47.630001068115234,46.70000076293945,47.630001068115234,897300
2017-06-22,44.79751968383789,46.400001525878906,46.79999923706055,46.380001068115234,46.68999862670898,731500
2017-06-23,44.6816635131836,46.27999877929688,46.720001220703125,46.16999816894531,46.43000030517578,1108200
2017-06-26,45.00027084350586,46.61000061035156,46.72999954223633,46.25,46.41999816894531,779900
2017-06-27,45.00992202758789,46.619998931884766,46.869998931884766,46.56999969482422,46.709999084472656,848000
2017-06-28,45.34783554077149,46.970001220703125,47.22999954223633,46.91999816894531,46.91999816894531,924300
2017-06-29,45.21267318725586,46.83000183105469,47.4900016784668,46.72999954223633,47.47999954223633,1029600
2017-06-30,45.1933708190918,46.810001373291016,47.119998931884766,46.470001220703125,47.08000183105469,1033600
2017-07-03,45.76298904418945,47.400001525878906,48.0099983215332,47.119998931884766,47.119998931884766,865500
2017-07-05,45.38645553588867,47.0099983215332,47.4900016784668,46.90999984741211,47.41999816894531,960000
2017-07-06,45.164398193359375,46.77999877929688,47.20000076293945,46.720001220703125,47.0099983215332,886100
2017-07-07,45.57955551147461,47.209999084472656,47.310001373291016,46.7599983215332,46.970001220703125,781900
2017-07-10,45.52162551879883,47.150001525878906,47.369998931884766,46.93999862670898,47.02000045776367,635900
2017-07-11,45.28024673461914,46.900001525878906,47.2400016784668,46.68000030517578,47.2400016784668,615200
2017-07-12,45.17405700683594,46.790000915527344,47.0,46.70000076293945,46.83000183105469,551400
2017-07-13,45.30922317504883,46.93000030517578,46.970001220703125,46.66999816894531,46.68999862670898,507100
2017-07-14,45.32853317260742,46.95000076293945,47.25,46.61000061035156,46.79999923706055,450700
2017-07-17,45.52162551879883,47.150001525878906,47.22999954223633,46.63999938964844,46.79999923706055,502100
2017-07-18,45.6085205078125,47.2400016784668,47.290000915527344,46.970001220703125,47.02000045776367,802400
2017-07-19,46.25537490844727,47.90999984741211,47.970001220703125,47.2599983215332,47.29999923706055,806600
2017-07-20,46.149173736572266,47.79999923706055,48.150001525878906,47.70000076293945,47.90999984741211,968700
2017-07-21,46.23606872558594,47.88999938964844,47.97999954223633,47.56999969482422,47.630001068115234,530100
2017-07-24,46.361572265625,48.02000045776367,48.08000183105469,47.90999984741211,47.91999816894531,587000
2017-07-25,46.805694580078125,48.47999954223633,48.59000015258789,48.31999969482422,48.45000076293945,589000
2017-07-26,46.45812225341797,48.119998931884766,48.52999877929688,48.02000045776367,48.52999877929688,470200
2017-07-27,46.45812225341797,48.119998931884766,48.18999862670898,47.869998931884766,48.09000015258789,632400
2017-07-28,46.593292236328125,48.2599983215332,48.38999938964844,47.970001220703125,48.15999984741211,537300
2017-07-31,46.998783111572266,48.68000030517578,48.970001220703125,47.09000015258789,47.75,1080000
2017-08-01,47.49116897583008,49.18999862670898,49.27000045776367,48.380001068115234,48.79999923706055,1118200
2017-08-02,47.423587799072266,49.119998931884766,49.459999084472656,48.970001220703125,49.08000183105469,1135500
2017-08-03,47.278770446777344,48.970001220703125,49.58000183105469,48.93000030517578,49.25,1296800
2017-08-04,47.442901611328125,49.13999938964844,49.25,48.970001220703125,49.15999984741211,937100
2017-08-07,47.32704925537109,49.02000045776367,49.20000076293945,48.959999084472656,49.15999984741211,692200
2017-08-08,47.24980926513672,48.93999862670898,49.18999862670898,48.84999847412109,48.93000030517578,792000
2017-08-09,47.182220458984375,48.869998931884766,48.869998931884766,48.52000045776367,48.75,1043600
2017-08-10,46.902225494384766,48.58000183105469,48.84000015258789,48.470001220703125,48.619998931884766,693600
2017-08-11,46.602935791015625,48.27000045776367,48.619998931884766,48.18000030517578,48.52000045776367,527000
2017-08-14,46.76705932617188,48.43999862670898,48.77999877929688,48.41999816894531,48.56999969482422,715900
2017-08-15,46.699493408203125,48.369998931884766,48.77000045776367,48.36000061035156,48.619998931884766,354000
2017-08-16,46.64157104492188,48.310001373291016,48.61000061035156,48.27999877929688,48.5,714700
2017-08-17,45.791954040527344,47.43000030517578,48.43999862670898,47.41999816894531,48.15999984741211,828200
2017-08-18,45.936767578125,47.58000183105469,47.86000061035156,47.2599983215332,47.29999923706055,793600
2017-08-21,45.76298904418945,47.400001525878906,47.59000015258789,47.31999969482422,47.59000015258789,685600
2017-08-22,46.120208740234375,47.77000045776367,47.790000915527344,47.4900016784668,47.5,626700
2017-08-23,45.84988784790039,47.4900016784668,47.810001373291016,47.47999954223633,47.5,603300
2017-08-24,45.57955551147461,47.209999084472656,47.619998931884766,47.209999084472656,47.58000183105469,722200
2017-08-25,45.84022521972656,47.47999954223633,47.61000061035156,47.18999862670898,47.33000183105469,1045200
2017-08-28,45.34040832519531,46.900001525878906,47.470001220703125,46.75,47.470001220703125,613300
2017-08-29,45.06972122192383,46.619998931884766,46.68000030517578,46.369998931884766,46.54999923706055,639600
2017-08-30,45.06972122192383,46.619998931884766,46.81999969482422,46.59000015258789,46.61000061035156,447600
2017-08-31,45.03107070922852,46.58000183105469,46.810001373291016,46.43999862670898,46.70000076293945,904300
2017-09-01,45.35007858276367,46.90999984741211,47.04999923706055,46.56999969482422,46.68000030517578,769800
2017-09-05,44.315677642822266,45.84000015258789,46.7599983215332,45.68000030517578,46.709999084472656,1669900
2017-09-06,44.63468551635742,46.16999816894531,46.459999084472656,45.81999969482422,46.0099983215332,908200
2017-09-07,43.619606018066406,45.119998931884766,46.15999984741211,45.06999969482422,46.15999984741211,928000
2017-09-08,44.44134140014648,45.970001220703125,46.18000030517578,45.0099983215332,45.02000045776367,1175000
2017-09-11,45.176063537597656,46.72999954223633,47.09999847412109,46.40999984741211,46.47999954223633,882400
2017-09-12,45.32108688354492,46.880001068115234,47.0099983215332,46.68999862670898,46.79999923706055,1164600
2017-09-13,45.59176254272461,47.15999984741211,47.34999847412109,46.63999938964844,46.810001373291016,1184700
2017-09-14,45.64977264404297,47.220001220703125,47.36000061035156,46.93999862670898,47.11000061035156,890600
2017-09-15,45.91080474853516,47.4900016784668,47.5,46.9900016784668,47.04999923706055,1298300
2017-09-18,45.92045593261719,47.5,47.650001525878906,47.34999847412109,47.59000015258789,890600
2017-09-19,46.10415267944336,47.68999862670898,47.790000915527344,47.400001525878906,47.5,888000
2017-09-20,46.2008171081543,47.790000915527344,47.869998931884766,47.4900016784668,47.810001373291016,765500
2017-09-21,46.123477935791016,47.709999084472656,48.04999923706055,47.68999862670898,47.81999969482422,702000
2017-09-22,46.02680206298828,47.61000061035156,47.65999984741211,47.470001220703125,47.630001068115234,665800
2017-09-25,46.2008171081543,47.790000915527344,47.84999847412109,47.4900016784668,47.619998931884766,639800
2017-09-26,46.28782653808594,47.880001068115234,48.04999923706055,47.59000015258789,47.7599983215332,637200
2017-09-27,46.24915313720703,47.84000015258789,48.13999938964844,47.650001525878906,48.13999938964844,650700
2017-09-28,46.24915313720703,47.84000015258789,47.91999816894531,47.459999084472656,47.81999969482422,615800
2017-09-29,46.26850128173828,47.86000061035156,47.970001220703125,47.709999084472656,47.7400016784668,802300
2017-10-02,46.51984786987305,48.119998931884766,48.13999938964844,47.63999938964844,47.86000061035156,648400
2017-10-03,46.79054641723633,48.400001525878906,48.400001525878906,48.02000045776367,48.15999984741211,448000
2017-10-04,46.925872802734375,48.540000915527344,48.720001220703125,48.290000915527344,48.33000183105469,672800
2017-10-05,47.27390670776367,48.900001525878906,49.040000915527344,48.470001220703125,48.560001373291016,492900
2017-10-06,47.29323959350586,48.91999816894531,49.02000045776367,48.59000015258789,48.93999862670898,570900
2017-10-09,46.94522857666016,48.560001373291016,49.0,48.459999084472656,48.970001220703125,376900
2017-10-10,47.32223510742188,48.95000076293945,48.970001220703125,48.56999969482422,48.56999969482422,597700
2017-10-11,47.08055877685547,48.70000076293945,48.810001373291016,48.470001220703125,48.810001373291016,458000
2017-10-12,47.23523712158203,48.86000061035156,48.900001525878906,48.47999954223633,48.619998931884766,821500
2017-10-13,47.225563049316406,48.84999847412109,49.220001220703125,48.77999877929688,48.93000030517578,458200
2017-10-16,47.428592681884766,49.060001373291016,49.11000061035156,48.66999816894531,48.88999938964844,811000
2017-10-17,47.04188537597656,48.65999984741211,49.09000015258789,48.52000045776367,49.06999969482422,550000
2017-10-18,47.070899963378906,48.68999862670898,48.84999847412109,48.560001373291016,48.7400016784668,594200
2017-10-19,47.35124969482422,48.97999954223633,48.97999954223633,48.52999877929688,48.59999847412109,709600
2017-10-20,47.37057495117188,49.0,49.310001373291016,48.86000061035156,49.290000915527344,601000
2017-10-23,47.08055877685547,48.70000076293945,49.13999938964844,48.630001068115234,49.13999938964844,634400
2017-10-24,46.89687728881836,48.5099983215332,48.81999969482422,48.38999938964844,48.70000076293945,833900
2017-10-25,46.64552307128906,48.25,48.619998931884766,48.02999877929688,48.43000030517578,743600
2017-10-26,46.76153945922852,48.369998931884766,48.5099983215332,48.16999816894531,48.43999862670898,842900
2017-10-27,46.3554916381836,47.95000076293945,48.31999969482422,47.720001220703125,48.25,1158800
2017-10-30,47.81528854370117,49.459999084472656,49.5099983215332,48.119998931884766,48.5099983215332,2230400
2017-10-31,47.86362457275391,49.5099983215332,49.56999969482422,49.040000915527344,49.29999923706055,3330200
2017-11-01,47.89263534545898,49.540000915527344,49.75,49.41999816894531,49.59999847412109,2416900
2017-11-02,47.853946685791016,49.5,49.93000030517578,49.31999969482422,49.61000061035156,1238900
2017-11-03,47.96030044555664,49.61000061035156,49.720001220703125,48.79999923706055,49.29999923706055,901300
2017-11-06,48.027976989746094,49.68000030517578,49.77999877929688,49.4900016784668,49.4900016784668,1579200
2017-11-07,47.84429168701172,49.4900016784668,49.9900016784668,49.369998931884766,49.72999954223633,888300
2017-11-08,47.93130111694336,49.58000183105469,49.68000030517578,49.43000030517578,49.4900016784668,800200
2017-11-09,47.69927978515625,49.34000015258789,49.59999847412109,49.150001525878906,49.310001373291016,1305500
2017-11-10,47.86362457275391,49.5099983215332,49.56999969482422,49.220001220703125,49.34999847412109,873900
2017-11-13,48.230987548828125,49.88999938964844,49.959999084472656,49.29999923706055,49.36000061035156,1182900
2017-11-14,48.27933120727539,49.93999862670898,49.959999084472656,49.36000061035156,49.61000061035156,1083300
2017-11-15,48.037635803222656,49.68999862670898,49.790000915527344,49.459999084472656,49.68999862670898,1194000
2017-11-16,47.56393432617188,49.20000076293945,49.81999969482422,49.18000030517578,49.790000915527344,981100
2017-11-17,47.58327102661133,49.220001220703125,49.34999847412109,48.959999084472656,49.02999877929688,1027100
2017-11-20,47.70895004272461,49.34999847412109,49.40999984741211,49.02000045776367,49.18000030517578,717000
2017-11-21,47.73794937133789,49.380001068115234,49.77999877929688,49.36000061035156,49.459999084472656,902000
2017-11-22,47.71861267089844,49.36000061035156,49.72999954223633,49.310001373291016,49.41999816894531,831100
2017-11-24,47.70895004272461,49.34999847412109,49.72999954223633,49.290000915527344,49.54999923706055,356100
2017-11-27,48.008636474609375,49.65999984741211,49.7599983215332,49.380001068115234,49.43999862670898,789500
2017-11-28,48.505218505859375,50.11000061035156,50.119998931884766,49.59999847412109,49.65999984741211,1132700
2017-11-29,48.71815490722656,50.33000183105469,50.68999862670898,50.119998931884766,50.18000030517578,1044400
2017-11-30,48.66975021362305,50.27999877929688,50.65999984741211,50.08000183105469,50.52999877929688,1447800
2017-12-01,48.87303161621094,50.4900016784668,50.59999847412109,49.40999984741211,50.459999084472656,1001700
2017-12-04,49.02790832519531,50.650001525878906,51.02000045776367,50.58000183105469,50.720001220703125,1281800
2017-12-05,48.505218505859375,50.11000061035156,50.77000045776367,50.09999847412109,50.68999862670898,869000
2017-12-06,48.360008239746094,49.959999084472656,50.20000076293945,49.91999816894531,50.06999969482422,557700
2017-12-07,48.38905715942383,49.9900016784668,50.11000061035156,49.77000045776367,49.869998931884766,830700
2017-12-08,48.24385833740234,49.84000015258789,50.130001068115234,49.72999954223633,50.130001068115234,1130200
2017-12-11,48.4471321105957,50.04999923706055,50.209999084472656,49.84000015258789,49.84000015258789,1551000
2017-12-12,48.70848083496094,50.31999969482422,50.4900016784668,50.0099983215332,50.0099983215332,1077700
2017-12-13,48.30192184448242,49.900001525878906,50.38999938964844,49.869998931884766,50.2599983215332,975900
2017-12-14,47.86634063720703,49.45000076293945,50.16999816894531,49.38999938964844,50.0099983215332,1124500
2017-12-15,48.156734466552734,49.75,50.09000015258789,49.59000015258789,49.720001220703125,2258100
2017-12-18,48.37936019897461,49.97999954223633,50.31999969482422,49.7599983215332,49.88999938964844,998800
2017-12-19,48.05025863647461,49.63999938964844,50.220001220703125,49.630001068115234,50.15999984741211,1078400
2017-12-20,47.92443084716797,49.5099983215332,49.95000076293945,49.470001220703125,49.810001373291016,1006700
2017-12-21,48.19545364379883,49.790000915527344,49.970001220703125,49.61000061035156,49.61000061035156,661100
2017-12-22,48.069618225097656,49.65999984741211,50.0,49.540000915527344,49.93999862670898,808800
2017-12-26,48.321285247802734,49.91999816894531,50.02000045776367,49.79999923706055,49.79999923706055,512300
2017-12-27,48.39873504638672,50.0,50.040000915527344,49.86000061035156,49.869998931884766,676600
2017-12-28,48.53424835205078,50.13999938964844,50.18999862670898,49.93999862670898,50.15999984741211,821900
2017-12-29,48.427772521972656,50.02999877929688,50.29999923706055,50.0,50.20000076293945,989600
2018-01-02,48.29224395751953,49.88999938964844,50.25,49.68000030517578,50.2400016784668,1104900
2018-01-03,48.85368728637695,50.470001220703125,50.58000183105469,49.90999984741211,49.90999984741211,1111500
2018-01-04,49.09567260742188,50.720001220703125,51.02000045776367,50.47999954223633,50.59999847412109,1159700
2018-01-05,48.99888229370117,50.619998931884766,50.93999862670898,50.52999877929688,50.86000061035156,1089200
2018-01-08,48.96015548706055,50.58000183105469,50.75,50.369998931884766,50.4900016784668,1166200
2018-01-09,49.49253845214844,51.130001068115234,51.34000015258789,50.77000045776367,50.810001373291016,1231500
2018-01-10,49.56997299194336,51.209999084472656,51.540000915527344,51.13999938964844,51.13999938964844,945700
2018-01-11,49.86037063598633,51.5099983215332,51.68000030517578,51.34999847412109,51.43999862670898,1557800
2018-01-12,51.089691162109375,52.77999877929688,52.810001373291016,51.43999862670898,51.68999862670898,2419000
2018-01-16,50.51860809326172,52.18999862670898,52.97999954223633,51.95000076293945,52.84999847412109,1463000
2018-01-17,50.6734619140625,52.34999847412109,52.470001220703125,52.22999954223633,52.45000076293945,1131700
2018-01-18,50.838016510009766,52.52000045776367,52.790000915527344,52.2400016784668,52.31999969482422,938700
2018-01-19,50.82833862304688,52.5099983215332,52.68000030517578,52.43999862670898,52.59999847412109,1224000
2018-01-22,51.10906600952149,52.79999923706055,52.79999923706055,52.459999084472656,52.619998931884766,850200
2018-01-23,51.20586395263672,52.900001525878906,52.93000030517578,52.5099983215332,52.61000061035156,833600
2018-01-24,51.34138107299805,53.040000915527344,53.36000061035156,52.84999847412109,52.959999084472656,1104700
2018-01-25,51.447853088378906,53.150001525878906,53.29999923706055,52.869998931884766,53.04999923706055,827300
2018-01-26,51.7479248046875,53.459999084472656,53.4900016784668,53.119998931884766,53.29999923706055,768900
2018-01-29,51.40912628173828,53.11000061035156,53.59000015258789,53.11000061035156,53.459999084472656,950200
2018-01-30,50.32500076293945,51.9900016784668,53.18000030517578,51.9900016784668,52.83000183105469,1752400
2018-01-31,49.99589157104492,51.650001525878906,52.2400016784668,51.61000061035156,51.970001220703125,1924900
2018-02-01,49.93781280517578,51.59000015258789,51.810001373291016,51.2599983215332,51.56999969482422,1832100
2018-02-02,49.192474365234375,50.81999969482422,51.650001525878906,50.810001373291016,51.459999084472656,1320600
2018-02-05,46.64669036865234,48.18999862670898,50.84000015258789,48.18000030517578,50.41999816894531,2142500
2018-02-06,46.27887725830078,47.810001373291016,48.220001220703125,46.61000061035156,47.369998931884766,3454200
2018-02-07,46.3272705078125,47.86000061035156,48.650001525878906,47.59999847412109,47.59999847412109,2184800
2018-02-08,44.575233459472656,46.04999923706055,47.900001525878906,46.02000045776367,47.88999938964844,2111500
2018-02-09,45.23344039916992,46.72999954223633,47.06999969482422,45.52000045776367,46.52000045776367,2000900
2018-02-12,45.97878646850586,47.5,48.130001068115234,46.9900016784668,47.18999862670898,1895400
2018-02-13,46.54990005493164,48.09000015258789,48.22999954223633,47.13999938964844,47.27000045776367,1602200
2018-02-14,47.30492401123047,48.869998931884766,48.88999938964844,47.77999877929688,47.86000061035156,1158400
2018-02-15,48.29224395751953,49.88999938964844,49.900001525878906,49.04999923706055,49.119998931884766,1680700
2018-02-16,48.47616958618164,50.08000183105469,50.54999923706055,49.65999984741211,49.65999984741211,1750500
2018-02-20,48.29224395751953,49.88999938964844,50.31999969482422,49.720001220703125,49.869998931884766,1572400
2018-02-21,48.156734466552734,49.75,50.43999862670898,49.720001220703125,49.88999938964844,1304000
2018-02-22,48.01154327392578,49.59999847412109,50.31999969482422,49.58000183105469,49.880001068115234,1646200
2018-02-23,48.72784423828125,50.34000015258789,50.380001068115234,49.810001373291016,49.83000183105469,1248500
2018-02-26,49.10534286499024,50.72999954223633,50.7400016784668,50.31999969482422,50.47999954223633,1466500
2018-02-27,48.63336181640625,50.18000030517578,51.25,50.18000030517578,50.61000061035156,1291800
2018-02-28,47.80955505371094,49.33000183105469,50.540000915527344,49.310001373291016,50.45000076293945,1205200
2018-03-01,47.150516510009766,48.650001525878906,49.56999969482422,48.34999847412109,49.34000015258789,1550200
2018-03-02,47.31528854370117,48.81999969482422,48.90999984741211,48.18999862670898,48.41999816894531,1450700
2018-03-05,48.817508697509766,50.369998931884766,50.470001220703125,48.47999954223633,48.47999954223633,1926900
2018-03-06,49.31177520751953,50.880001068115234,50.95000076293945,50.11000061035156,50.5,2546000
2018-03-07,49.36993789672852,50.93999862670898,51.20000076293945,50.43999862670898,50.43999862670898,1616300
2018-03-08,49.68007659912109,51.2599983215332,51.34000015258789,50.7599983215332,51.13999938964844,1730200
2018-03-09,50.12588882446289,51.720001220703125,51.7400016784668,51.150001525878906,51.5,1889000
2018-03-12,49.92236328125,51.5099983215332,51.9900016784668,51.2599983215332,51.7400016784668,1185000
2018-03-13,49.66069412231445,51.2400016784668,51.900001525878906,51.20000076293945,51.77999877929688,1516100
2018-03-14,49.38931655883789,50.959999084472656,51.619998931884766,50.90999984741211,51.45000076293945,2298700
2018-03-15,49.36993789672852,50.93999862670898,51.5,50.88999938964844,51.060001373291016,1915000
2018-03-16,49.583152770996094,51.15999984741211,51.43000030517578,50.720001220703125,50.720001220703125,3027400
2018-03-19,49.41839599609375,50.9900016784668,51.43999862670898,50.68999862670898,51.13999938964844,2140300
2018-03-20,49.82545471191406,51.40999984741211,51.75,51.20000076293945,51.20000076293945,2126400
2018-03-21,49.99989700317383,51.59000015258789,52.04999923706055,51.47999954223633,51.5,1172900
2018-03-22,48.69151306152344,50.2400016784668,51.43999862670898,50.220001220703125,51.060001373291016,1584900
2018-03-23,47.55757141113281,49.06999969482422,50.25,48.9900016784668,50.25,1561100
2018-03-26,48.5752182006836,50.119998931884766,50.18999862670898,49.220001220703125,49.68000030517578,1345700
2018-03-27,47.58665466308594,49.09999847412109,50.15999984741211,48.90999984741211,49.959999084472656,2026800
2018-03-28,47.91617202758789,49.43999862670898,49.68000030517578,49.0,49.09000015258789,1599400
2018-03-29,48.197227478027344,49.72999954223633,50.13999938964844,49.630001068115234,49.68000030517578,1470100
2018-04-02,47.150516510009766,48.650001525878906,50.02000045776367,47.93999862670898,49.68000030517578,1772000
2018-04-03,47.94525146484375,49.470001220703125,49.56999969482422,48.77999877929688,48.81999969482422,1503900
2018-04-04,48.39106750488281,49.93000030517578,50.02999877929688,48.75,48.75,1428900
2018-04-05,48.95318603515625,50.5099983215332,50.790000915527344,50.09999847412109,50.20000076293945,1158500
2018-04-06,47.858009338378906,49.380001068115234,50.58000183105469,49.09999847412109,50.16999816894531,1834400
2018-04-09,48.10031509399414,49.630001068115234,50.43000030517578,49.43000030517578,49.619998931884766,1552000
2018-04-10,48.87567138671875,50.43000030517578,50.7400016784668,50.18999862670898,50.27999877929688,1627200
2018-04-11,48.53644180297852,50.08000183105469,50.310001373291016,49.83000183105469,49.869998931884766,1111500
2018-04-12,48.98226165771485,50.540000915527344,50.83000183105469,50.34999847412109,50.34999847412109,1150700
2018-04-13,48.87567138671875,50.43000030517578,50.93000030517578,50.33000183105469,50.91999816894531,1168700
2018-04-16,49.44747543334961,51.02000045776367,51.22999954223633,50.790000915527344,50.869998931884766,1140700
2018-04-17,49.4280891418457,51.0,51.29999923706055,50.810001373291016,51.25,1135600
2018-04-18,49.44747543334961,51.02000045776367,51.52999877929688,50.95000076293945,51.15999984741211,1153400
2018-04-19,49.93206405639648,51.52000045776367,51.68000030517578,51.040000915527344,51.040000915527344,1119900
2018-04-20,49.98051834106445,51.56999969482422,51.91999816894531,51.4900016784668,51.68000030517578,1536900
2018-04-23,50.02897644042969,51.619998931884766,51.84999847412109,51.43999862670898,51.72999954223633,1189400
2018-04-24,49.69945526123047,51.27999877929688,51.9900016784668,51.08000183105469,51.470001220703125,1761500
2018-04-25,49.95144271850586,51.540000915527344,51.7599983215332,50.959999084472656,51.27999877929688,1058900
2018-04-26,50.10651016235352,51.70000076293945,51.959999084472656,51.36000061035156,51.540000915527344,1112900
2018-04-27,50.15496826171875,51.75,51.84999847412109,51.470001220703125,51.59000015258789,1390700
2018-04-30,50.84309005737305,52.459999084472656,53.040000915527344,51.84000015258789,51.84000015258789,1787600
2018-05-01,50.82369613647461,52.43999862670898,52.52000045776367,51.93000030517578,52.27999877929688,958100
2018-05-02,49.51531600952149,51.09000015258789,52.27999877929688,51.02000045776367,52.25,1382800
2018-05-03,48.88534164428711,50.43999862670898,50.81999969482422,49.790000915527344,50.77000045776367,1475200
2018-05-04,49.39900970458984,50.970001220703125,51.20000076293945,50.08000183105469,50.220001220703125,1169200
2018-05-07,49.621917724609375,51.20000076293945,51.380001068115234,50.869998931884766,51.0099983215332,772500
2018-05-08,49.65098190307617,51.22999954223633,51.5,50.869998931884766,51.27000045776367,1247400
2018-05-09,50.019290924072266,51.61000061035156,51.68999862670898,51.20000076293945,51.52000045776367,828700
2018-05-10,50.26158905029297,51.86000061035156,51.91999816894531,51.41999816894531,51.720001220703125,1056700
2018-05-11,50.0968132019043,51.68999862670898,52.15999984741211,51.65999984741211,51.90999984741211,973700
2018-05-14,49.68007659912109,51.2599983215332,51.84000015258789,51.18000030517578,51.81999969482422,1269100
2018-05-15,49.75761032104492,51.34000015258789,51.470001220703125,51.130001068115234,51.150001525878906,1288800
2018-05-16,49.71883773803711,51.29999923706055,51.47999954223633,51.02000045776367,51.29999923706055,726600
2018-05-17,49.86421585083008,51.45000076293945,51.61000061035156,51.16999816894531,51.27999877929688,722200
2018-05-18,49.72853469848633,51.310001373291016,51.43000030517578,51.11000061035156,51.43000030517578,1543300
2018-05-21,49.83514022827149,51.41999816894531,51.65999984741211,51.290000915527344,51.5099983215332,837800
2018-05-22,49.70914840698242,51.290000915527344,51.66999816894531,51.209999084472656,51.43999862670898,868600
2018-05-23,49.1373291015625,50.70000076293945,51.15999984741211,50.459999084472656,51.11000061035156,877200
2018-05-24,48.59458160400391,50.13999938964844,50.61000061035156,50.0,50.59999847412109,831100
2018-05-25,48.197227478027344,49.72999954223633,50.02999877929688,49.5,49.93000030517578,916300
2018-05-29,46.569862365722656,47.9900016784668,49.130001068115234,47.790000915527344,49.130001068115234,1437400
2018-05-30,47.33649063110352,48.77999877929688,48.880001068115234,48.130001068115234,48.400001525878906,1448800
2018-05-31,47.4238166809082,48.869998931884766,48.9900016784668,48.209999084472656,48.630001068115234,3070500
2018-06-01,47.724647521972656,49.18000030517578,49.41999816894531,48.90999984741211,49.38999938964844,1369400
2018-06-04,48.1710319519043,49.63999938964844,49.84000015258789,49.41999816894531,49.790000915527344,1682800
2018-06-05,48.15162658691406,49.619998931884766,49.70000076293945,49.16999816894531,49.619998931884766,1585300
2018-06-06,48.2486686706543,49.720001220703125,49.91999816894531,49.560001373291016,49.7599983215332,1112400
2018-06-07,48.64653778076172,50.130001068115234,50.20000076293945,49.77000045776367,49.79999923706055,1172300
2018-06-08,48.92795181274414,50.41999816894531,50.43999862670898,50.0099983215332,50.06999969482422,1003300
2018-06-11,48.54949569702149,50.02999877929688,50.630001068115234,50.02000045776367,50.560001373291016,890300
2018-06-12,48.30689239501953,49.77999877929688,50.119998931884766,49.61000061035156,50.02999877929688,1168800
2018-06-13,48.345699310302734,49.81999969482422,50.31999969482422,49.790000915527344,49.86000061035156,2161700
2018-06-14,48.14192199707031,49.61000061035156,50.02999877929688,49.400001525878906,49.93999862670898,1845600
2018-06-15,48.41363143920898,49.88999938964844,49.91999816894531,49.04999923706055,49.47999954223633,3376100
2018-06-18,48.452449798583984,49.93000030517578,49.95000076293945,49.36000061035156,49.43999862670898,1763800
2018-06-19,48.25836181640625,49.72999954223633,49.810001373291016,49.43000030517578,49.5099983215332,1750800
2018-06-20,47.73434448242188,49.18999862670898,49.95000076293945,49.16999816894531,49.880001068115234,922500
2018-06-21,47.132694244384766,48.56999969482422,49.02999877929688,48.47999954223633,48.97999954223633,1042100
2018-06-22,47.326778411865234,48.77000045776367,49.15999984741211,48.7599983215332,48.88999938964844,1269300
2018-06-25,47.41410446166992,48.86000061035156,49.02000045776367,48.5,48.77999877929688,985000
2018-06-26,47.20063018798828,48.63999938964844,48.900001525878906,48.56999969482422,48.84999847412109,907400
2018-06-27,46.64749526977539,48.06999969482422,48.91999816894531,48.06999969482422,48.54999923706055,1029700
2018-06-28,46.86096954345703,48.290000915527344,48.41999816894531,47.59000015258789,48.0,1471500
2018-06-29,46.85126495361328,48.27999877929688,49.04999923706055,48.27000045776367,48.54999923706055,1331600
2018-07-02,46.86096954345703,48.290000915527344,48.34000015258789,48.0,48.09000015258789,1014900
2018-07-03,46.87068557739258,48.29999923706055,48.65999984741211,48.27000045776367,48.43000030517578,664000
2018-07-05,46.92890548706055,48.36000061035156,48.7400016784668,48.2599983215332,48.52000045776367,1583800
2018-07-06,47.452938079833984,48.900001525878906,49.150001525878906,48.209999084472656,48.41999816894531,1034200
2018-07-09,48.57860565185547,50.060001373291016,50.119998931884766,49.150001525878906,49.150001525878906,1056500
2018-07-10,48.43304061889648,49.90999984741211,50.2400016784668,49.59000015258789,50.119998931884766,1282700
2018-07-11,48.06428527832031,49.52999877929688,49.869998931884766,49.43000030517578,49.720001220703125,692400
2018-07-12,47.89931869506836,49.36000061035156,50.0099983215332,49.20000076293945,49.83000183105469,1092300
2018-07-13,48.02546691894531,49.4900016784668,49.59999847412109,49.04999923706055,49.20000076293945,679800
2018-07-16,48.33600234985352,49.810001373291016,49.900001525878906,49.47999954223633,49.4900016784668,637200
2018-07-17,48.23896789550781,49.709999084472656,49.880001068115234,49.61000061035156,49.880001068115234,662800
2018-07-18,48.69505310058594,50.18000030517578,50.220001220703125,49.630001068115234,49.63999938964844,847600
2018-07-19,47.92841720581055,49.38999938964844,50.06999969482422,49.27999877929688,49.93000030517578,844500
2018-07-20,48.15162658691406,49.619998931884766,49.65999984741211,49.11000061035156,49.38999938964844,909400
2018-07-23,48.41363143920898,49.88999938964844,49.9900016784668,49.5,49.619998931884766,946400
2018-07-24,48.55918502807617,50.040000915527344,50.18999862670898,49.86000061035156,49.900001525878906,1300000
2018-07-25,48.40391540527344,49.880001068115234,50.119998931884766,49.61000061035156,50.02999877929688,1167500
2018-07-26,48.64653778076172,50.130001068115234,50.25,49.869998931884766,50.09999847412109,1388600
2018-07-27,48.29718399047852,49.77000045776367,50.36000061035156,49.720001220703125,50.11000061035156,1110700
2018-07-30,48.345699310302734,49.81999969482422,50.34999847412109,49.61000061035156,49.63999938964844,2331700
2018-07-31,49.27729034423828,50.77999877929688,50.83000183105469,49.95000076293945,50.16999816894531,1692900
2018-08-01,50.06333160400391,51.59000015258789,51.810001373291016,50.86000061035156,50.90999984741211,1768900
2018-08-02,49.461673736572266,50.970001220703125,51.40999984741211,50.880001068115234,51.18000030517578,1644100
2018-08-03,49.62662887573242,51.13999938964844,51.13999938964844,50.4900016784668,50.810001373291016,983500
2018-08-06,49.4422607421875,50.95000076293945,51.220001220703125,50.880001068115234,51.150001525878906,770700
2018-08-07,49.33552551269531,50.84000015258789,51.22999954223633,50.77000045776367,51.02999877929688,785300
2018-08-08,49.2287712097168,50.72999954223633,50.93000030517578,50.540000915527344,50.84000015258789,738000
2018-08-09,48.84061813354492,50.33000183105469,50.77999877929688,50.29999923706055,50.68999862670898,652500
2018-08-10,48.62711334228516,50.11000061035156,50.22999954223633,49.68999862670898,49.95000076293945,839700
2018-08-13,48.2486686706543,49.720001220703125,50.2400016784668,49.66999816894531,50.11000061035156,792200
2018-08-14,48.47185134887695,49.95000076293945,50.02999877929688,49.72999954223633,49.7400016784668,564400
2018-08-15,48.23896789550781,49.709999084472656,49.84000015258789,49.459999084472656,49.65999984741211,984100
2018-08-16,48.66594696044922,50.150001525878906,50.43999862670898,49.75,49.75,852600
2018-08-17,48.67563629150391,50.15999984741211,50.22999954223633,49.9900016784668,50.04999923706055,937100
2018-08-20,48.56890106201172,50.04999923706055,50.4900016784668,49.9900016784668,50.2400016784668,812000
2018-08-21,48.62711334228516,50.11000061035156,50.52000045776367,49.93000030517578,50.040000915527344,1301500
2018-08-22,48.27777099609375,49.75,50.11000061035156,49.72999954223633,50.02000045776367,861400
2018-08-23,47.957550048828125,49.41999816894531,49.7599983215332,49.34000015258789,49.7599983215332,684800
2018-08-24,48.35539627075195,49.83000183105469,49.880001068115234,49.52999877929688,49.52999877929688,681800
2018-08-27,48.724159240722656,50.209999084472656,50.29999923706055,49.93000030517578,49.93000030517578,752100
2018-08-28,48.84367752075195,50.27000045776367,50.41999816894531,50.040000915527344,50.27000045776367,876900
2018-08-29,49.02827453613281,50.459999084472656,50.59999847412109,49.959999084472656,50.29999923706055,1077800
2018-08-30,48.78537368774414,50.209999084472656,50.380001068115234,49.86000061035156,50.380001068115234,1029900
2018-08-31,48.88253784179688,50.310001373291016,50.380001068115234,49.970001220703125,50.150001525878906,1429900
2018-09-04,48.84367752075195,50.27000045776367,50.34000015258789,50.0,50.34000015258789,1131200
2018-09-05,48.84367752075195,50.27000045776367,50.52999877929688,50.119998931884766,50.22999954223633,1183300
2018-09-06,48.474456787109375,49.88999938964844,50.47999954223633,49.84999847412109,50.380001068115234,1177000
2018-09-07,48.2509765625,49.65999984741211,49.95000076293945,49.38999938964844,49.84000015258789,944700
2018-09-10,48.5424690246582,49.959999084472656,49.97999954223633,49.59000015258789,49.86000061035156,1141300
2018-09-11,48.688209533691406,50.11000061035156,50.209999084472656,49.75,49.959999084472656,891500
2018-09-12,48.455020904541016,49.869998931884766,50.09000015258789,49.83000183105469,50.0,827500
2018-09-13,48.94084167480469,50.369998931884766,50.45000076293945,49.90999984741211,50.060001373291016,1332200
2018-09-14,49.53352737426758,50.97999954223633,50.97999954223633,50.380001068115234,50.380001068115234,1382600
2018-09-17,49.31975936889648,50.7599983215332,51.16999816894531,50.720001220703125,51.119998931884766,1095900
2018-09-18,49.59181594848633,51.040000915527344,51.09999847412109,50.4900016784668,50.880001068115234,1153900
2018-09-19,50.33026123046875,51.79999923706055,52.0,51.130001068115234,51.13999938964844,1349400
2018-09-20,50.68004608154297,52.15999984741211,52.34999847412109,51.97999954223633,52.04999923706055,1521600
2018-09-21,50.2913932800293,51.7599983215332,52.33000183105469,51.720001220703125,52.33000183105469,5514600
2018-09-24,49.58211135864258,51.02999877929688,51.880001068115234,50.959999084472656,51.77000045776367,1424500
2018-09-25,49.30033874511719,50.7400016784668,51.310001373291016,50.72999954223633,51.310001373291016,1374000
2018-09-26,48.552188873291016,49.970001220703125,50.84999847412109,49.93999862670898,50.84999847412109,1001600
2018-09-27,48.52303314208984,49.93999862670898,50.209999084472656,49.709999084472656,49.970001220703125,1181900
2018-09-28,48.804805755615234,50.22999954223633,50.31999969482422,49.630001068115234,49.75,1403000
2018-10-01,48.82423782348633,50.25,50.68999862670898,50.02999877929688,50.380001068115234,1154200
2018-10-02,48.67848587036133,50.09999847412109,50.36000061035156,49.9900016784668,50.220001220703125,1477700
2018-10-03,48.72708511352539,50.150001525878906,50.540000915527344,49.95000076293945,50.33000183105469,1613900
2018-10-04,48.9213981628418,50.34999847412109,50.38999938964844,50.04999923706055,50.119998931884766,1773700
2018-10-05,48.5133171081543,49.93000030517578,50.59999847412109,49.880001068115234,50.310001373291016,1017300
2018-10-08,49.43635940551758,50.880001068115234,50.93999862670898,49.77999877929688,49.88999938964844,1268200
2018-10-09,49.2808952331543,50.720001220703125,51.06999969482422,50.29999923706055,50.84000015258789,1347400
2018-10-10,47.813743591308594,49.209999084472656,50.72999954223633,49.20000076293945,50.56999969482422,1394400
2018-10-11,45.89965057373047,47.2400016784668,49.06999969482422,47.20000076293945,49.06999969482422,2617600
2018-10-12,45.472129821777344,46.79999923706055,47.79999923706055,46.0099983215332,47.68999862670898,2133300
2018-10-15,45.510990142822266,46.84000015258789,47.34000015258789,46.66999816894531,46.7400016784668,1611900
2018-10-16,45.72475814819336,47.060001373291016,47.150001525878906,46.61000061035156,47.09000015258789,886900
2018-10-17,45.97737503051758,47.31999969482422,47.77000045776367,46.709999084472656,46.93000030517578,1340100
2018-10-18,45.42354583740234,46.75,47.66999816894531,46.630001068115234,47.20000076293945,991300
2018-10-19,45.66646194458008,47.0,47.369998931884766,46.40999984741211,46.61000061035156,1164400
2018-10-22,45.2486457824707,46.56999969482422,47.310001373291016,46.470001220703125,47.0,1180400
2018-10-23,44.869728088378906,46.18000030517578,46.380001068115234,45.630001068115234,45.880001068115234,1415600
2018-10-24,43.55802917480469,44.83000183105469,46.16999816894531,44.77999877929688,46.11000061035156,1493400
2018-10-25,44.45191955566406,45.75,46.09000015258789,45.02999877929688,45.09999847412109,1609900
2018-10-26,43.917518615722656,45.20000076293945,45.810001373291016,44.84999847412109,45.369998931884766,1815500
2018-10-29,44.014678955078125,45.29999923706055,46.130001068115234,44.88999938964844,45.61000061035156,1721300
2018-10-30,44.8114128112793,46.119998931884766,46.18000030517578,45.16999816894531,45.540000915527344,1382500
2018-10-31,45.23893737792969,46.560001373291016,47.18999862670898,46.43000030517578,46.58000183105469,1493000
2018-11-01,45.82191848754883,47.15999984741211,47.20000076293945,46.68999862670898,46.83000183105469,1488100
2018-11-02,44.97659683227539,46.290000915527344,47.720001220703125,46.02999877929688,47.5099983215332,1699500
2018-11-05,47.41538238525391,48.79999923706055,48.88999938964844,46.11000061035156,46.25,1947700
2018-11-06,48.10524368286133,49.5099983215332,49.65999984741211,48.720001220703125,48.720001220703125,1587100
2018-11-07,48.32871627807617,49.7400016784668,49.95000076293945,49.0099983215332,49.61000061035156,1238100
2018-11-08,48.0372200012207,49.43999862670898,50.0099983215332,49.150001525878906,49.4900016784668,1469600
2018-11-09,48.1829719543457,49.59000015258789,49.77999877929688,49.13999938964844,49.2599983215332,907000
2018-11-12,47.38623046875,48.77000045776367,49.66999816894531,48.66999816894531,49.56999969482422,1094100
2018-11-13,47.26963424682617,48.650001525878906,49.43000030517578,48.47999954223633,48.86000061035156,787400
2018-11-14,46.14254760742188,47.4900016784668,48.91999816894531,47.209999084472656,48.88999938964844,1501400
2018-11-15,46.7838249206543,48.150001525878906,48.2400016784668,46.810001373291016,47.11000061035156,951800
2018-11-16,47.12389373779297,48.5,48.630001068115234,47.7599983215332,47.91999816894531,1032900
2018-11-19,47.0753173828125,48.45000076293945,48.91999816894531,48.20000076293945,48.52000045776367,1076700
2018-11-20,46.08425521850586,47.43000030517578,48.34000015258789,47.2599983215332,48.150001525878906,1266700
2018-11-21,45.95793914794922,47.29999923706055,48.18000030517578,47.25,47.5099983215332,947900
2018-11-23,45.63732147216797,46.970001220703125,47.43000030517578,46.72999954223633,46.93999862670898,435300
2018-11-26,46.696388244628906,48.060001373291016,48.16999816894531,47.34000015258789,47.38999938964844,1149200
2018-11-27,46.26149368286133,47.54999923706055,48.08000183105469,47.040000915527344,47.79999923706055,991900
2018-11-28,47.40952301025391,48.72999954223633,48.72999954223633,47.5,47.59000015258789,1383700
2018-11-29,46.67983627319336,47.97999954223633,48.63999938964844,47.84999847412109,48.36000061035156,1063700
2018-11-30,46.75768280029297,48.060001373291016,48.18999862670898,47.66999816894531,47.9900016784668,1512800
2018-12-03,47.18575286865234,48.5,48.7400016784668,47.86000061035156,48.59000015258789,983600
2018-12-04,45.69721603393555,46.970001220703125,48.47999954223633,46.869998931884766,48.369998931884766,1504900
2018-12-06,45.648555755615234,46.91999816894531,46.91999816894531,45.34999847412109,46.220001220703125,2185200
2018-12-07,44.53944778442383,45.77999877929688,47.58000183105469,45.560001373291016,46.9900016784668,1703800
2018-12-10,43.91679382324219,45.13999938964844,45.83000183105469,44.459999084472656,45.83000183105469,1122500
2018-12-11,43.64439010620117,44.86000061035156,46.04999923706055,44.720001220703125,45.68999862670898,780400
2018-12-12,43.86814880371094,45.09000015258789,45.790000915527344,45.04999923706055,45.47999954223633,710700
2018-12-13,44.27676773071289,45.5099983215332,45.540000915527344,45.09999847412109,45.2400016784668,1581600
2018-12-14,43.84869766235352,45.06999969482422,45.61000061035156,44.97999954223633,45.040000915527344,1383100
2018-12-17,43.79031753540039,45.0099983215332,45.86000061035156,44.81999969482422,44.97999954223633,1659100
2018-12-18,43.838966369628906,45.060001373291016,45.79999923706055,44.709999084472656,45.2400016784668,1279900
2018-12-19,43.663848876953125,44.880001068115234,46.290000915527344,44.68000030517578,45.0,1495600
2018-12-20,43.4400749206543,44.650001525878906,45.2400016784668,44.34000015258789,44.52999877929688,1288300
2018-12-21,42.68120574951172,43.869998931884766,45.7400016784668,43.84999847412109,44.560001373291016,2266400
2018-12-24,41.38724899291992,42.540000915527344,43.869998931884766,42.540000915527344,43.61000061035156,685600
2018-12-26,43.25522613525391,44.459999084472656,44.470001220703125,42.060001373291016,42.70000076293945,1107100
2018-12-27,43.751407623291016,44.970001220703125,44.97999954223633,43.34999847412109,43.7400016784668,1077500
2018-12-28,43.69302368164063,44.90999984741211,45.59999847412109,44.63999938964844,45.27000045776367,1019900
2018-12-31,44.2864990234375,45.52000045776367,45.52000045776367,44.93000030517578,45.09999847412109,841400
2019-01-02,43.858428955078125,45.08000183105469,45.43999862670898,44.68000030517578,44.72999954223633,1125500
2019-01-03,43.3135986328125,44.52000045776367,45.209999084472656,44.43999862670898,44.93000030517578,1094600
2019-01-04,44.4129753112793,45.650001525878906,45.91999816894531,45.119998931884766,45.20000076293945,1099700
2019-01-07,44.71456909179688,45.959999084472656,46.56999969482422,45.40999984741211,45.52000045776367,1226300
2019-01-08,44.607547760009766,45.84999847412109,46.34000015258789,45.34000015258789,46.20000076293945,1105900
2019-01-09,44.8021354675293,46.04999923706055,46.290000915527344,45.77000045776367,45.93999862670898,1040300
2019-01-10,45.13292694091797,46.38999938964844,46.45000076293945,45.83000183105469,45.959999084472656,1520000
2019-01-11,45.31777572631836,46.58000183105469,46.630001068115234,46.150001525878906,46.18000030517578,888200
2019-01-14,45.38587951660156,46.650001525878906,46.95000076293945,46.09000015258789,46.29999923706055,1160400
2019-01-15,45.38587951660156,46.650001525878906,46.88999938964844,46.290000915527344,46.619998931884766,932900
2019-01-16,45.41505813598633,46.68000030517578,47.04999923706055,46.459999084472656,46.68999862670898,1272700
2019-01-17,45.53182220458984,46.79999923706055,46.900001525878906,46.400001525878906,46.5,1235600
2019-01-18,46.24203872680664,47.52999877929688,47.560001373291016,46.790000915527344,46.84999847412109,1486400
2019-01-22,45.66801834106445,46.93999862670898,47.58000183105469,46.68000030517578,47.31999969482422,1326500
2019-01-23,45.97934722900391,47.2599983215332,47.36000061035156,46.709999084472656,47.08000183105469,862900
2019-01-24,46.13501739501953,47.41999816894531,47.59999847412109,47.09999847412109,47.220001220703125,514300
2019-01-25,46.4949951171875,47.790000915527344,48.11000061035156,47.650001525878906,47.790000915527344,687300
2019-01-28,46.3587760925293,47.650001525878906,47.75,47.20000076293945,47.470001220703125,670400
2019-01-29,46.43661880493164,47.72999954223633,47.790000915527344,47.43000030517578,47.59000015258789,717500
2019-01-30,46.80630874633789,48.11000061035156,48.25,47.43999862670898,47.790000915527344,754400
2019-01-31,46.60200500488281,47.900001525878906,47.9900016784668,47.5,47.72999954223633,1563500
2019-02-01,46.74794006347656,48.04999923706055,48.09999847412109,47.70000076293945,48.08000183105469,742400
2019-02-04,46.709022521972656,48.0099983215332,48.040000915527344,47.58000183105469,47.93999862670898,581400
2019-02-05,46.777130126953125,48.08000183105469,48.08000183105469,47.70000076293945,48.02999877929688,641700
2019-02-06,46.71875762939453,48.02000045776367,48.119998931884766,47.79999923706055,47.900001525878906,590600
2019-02-07,46.54363250732422,47.84000015258789,48.0,47.38999938964844,47.7400016784668,806300
2019-02-08,46.18366622924805,47.470001220703125,47.84000015258789,46.970001220703125,47.59000015258789,993100
2019-02-11,43.35251235961914,44.560001373291016,46.18999862670898,44.16999816894531,46.18999862670898,3567000
2019-02-12,44.67567443847656,45.91999816894531,46.29999923706055,44.72999954223633,44.7599983215332,2426800
2019-02-13,45.502628326416016,46.77000045776367,47.220001220703125,45.959999084472656,46.040000915527344,1436300
2019-02-14,44.63675308227539,45.880001068115234,46.59000015258789,45.869998931884766,46.56999969482422,2363500
2019-02-15,45.43452453613281,46.70000076293945,46.7400016784668,46.290000915527344,46.380001068115234,1900800
2019-02-19,45.78478240966797,47.060001373291016,47.27000045776367,46.5,46.84999847412109,1269300
2019-02-20,46.15446853637695,47.43999862670898,47.619998931884766,46.7400016784668,47.0,1347100
2019-02-21,46.24203872680664,47.52999877929688,47.95000076293945,47.31999969482422,47.43000030517578,1252900
2019-02-22,46.4949951171875,47.790000915527344,47.83000183105469,47.41999816894531,47.650001525878906,1024500
2019-02-25,46.67983627319336,47.97999954223633,48.43999862670898,47.970001220703125,47.9900016784668,1059800
2019-02-26,46.35154724121094,47.58000183105469,48.09999847412109,47.56999969482422,47.77999877929688,1097100
2019-02-27,46.341793060302734,47.56999969482422,47.7599983215332,47.310001373291016,47.43000030517578,1134500
2019-02-28,46.39051055908203,47.619998931884766,47.77999877929688,47.47999954223633,47.63999938964844,1795500
2019-03-01,46.66327667236328,47.900001525878906,48.209999084472656,47.68999862670898,47.88999938964844,1172200
2019-03-04,46.86785125732422,48.11000061035156,48.59000015258789,47.810001373291016,48.06999969482422,1379200
2019-03-05,46.69249725341797,47.93000030517578,48.11000061035156,47.5099983215332,48.11000061035156,794000
2019-03-06,46.21515655517578,47.43999862670898,48.18999862670898,47.41999816894531,47.91999816894531,891500
2019-03-07,45.61115264892578,46.81999969482422,47.290000915527344,46.65999984741211,47.2599983215332,1230200
2019-03-08,45.66961288452149,46.880001068115234,46.95000076293945,46.38999938964844,46.459999084472656,1041900
2019-03-11,45.98134994506836,47.20000076293945,47.2599983215332,46.970001220703125,47.150001525878906,1026000
2019-03-12,46.36127853393555,47.59000015258789,47.810001373291016,47.34000015258789,47.36000061035156,1216900
2019-03-13,46.47817611694336,47.709999084472656,48.08000183105469,47.68000030517578,47.83000183105469,1301800
2019-03-14,46.65353012084961,47.88999938964844,48.0,47.59000015258789,47.720001220703125,917900
2019-03-15,46.54637908935547,47.77999877929688,48.20000076293945,47.75,47.77000045776367,2078800
2019-03-18,47.16011428833008,48.40999984741211,48.619998931884766,47.880001068115234,47.93000030517578,1184500
2019-03-19,46.7996711730957,48.040000915527344,48.93999862670898,47.95000076293945,48.7599983215332,1236000
2019-03-20,46.283348083496094,47.5099983215332,48.310001373291016,47.4900016784668,47.93999862670898,1363700
2019-03-21,46.69249725341797,47.93000030517578,48.150001525878906,47.119998931884766,47.34999847412109,838100
2019-03-22,46.108001708984375,47.33000183105469,47.7599983215332,47.220001220703125,47.52000045776367,803400
2019-03-25,45.88392639160156,47.09999847412109,47.61000061035156,47.02000045776367,47.25,1042000
2019-03-26,46.341793060302734,47.56999969482422,47.650001525878906,47.15999984741211,47.27000045776367,686600
2019-03-27,46.4976692199707,47.72999954223633,47.9900016784668,47.56999969482422,47.68000030517578,735000
2019-03-28,46.62432098388672,47.86000061035156,48.0099983215332,47.40999984741211,47.7599983215332,886500
2019-03-29,46.69249725341797,47.93000030517578,48.220001220703125,47.86000061035156,48.16999816894531,1116200
2019-04-01,47.423152923583984,48.68000030517578,48.70000076293945,48.09999847412109,48.20000076293945,988200
2019-04-02,46.94578170776367,48.18999862670898,48.72999954223633,48.119998931884766,48.619998931884766,692300
2019-04-03,46.95553207397461,48.20000076293945,48.47999954223633,47.95000076293945,48.459999084472656,850500
2019-04-04,47.23804473876953,48.4900016784668,48.7400016784668,48.16999816894531,48.2400016784668,601300
2019-04-05,47.34519577026367,48.59999847412109,48.79999923706055,48.400001525878906,48.470001220703125,751500
2019-04-08,47.33546447753906,48.59000015258789,48.84000015258789,48.459999084472656,48.630001068115234,734500
2019-04-09,47.091922760009766,48.34000015258789,48.470001220703125,48.08000183105469,48.470001220703125,547400
2019-04-10,47.423152923583984,48.68000030517578,48.7599983215332,48.16999816894531,48.36000061035156,488000
2019-04-11,47.832298278808594,49.09999847412109,49.22999954223633,48.709999084472656,48.83000183105469,1116800
2019-04-12,48.00764465332031,49.27999877929688,49.84000015258789,49.11000061035156,49.43999862670898,1187800
2019-04-15,47.90048599243164,49.16999816894531,49.43000030517578,49.130001068115234,49.20000076293945,565800
2019-04-16,48.377838134765625,49.65999984741211,49.83000183105469,49.22999954223633,49.310001373291016,783300
2019-04-17,47.96868896484375,49.2400016784668,49.84999847412109,49.18999862670898,49.77999877929688,794400
2019-04-18,47.55952453613281,48.81999969482422,49.540000915527344,48.7599983215332,49.20000076293945,1710500
2019-04-22,47.94919967651367,49.220001220703125,49.2400016784668,48.59999847412109,48.77999877929688,671000
2019-04-23,48.163516998291016,49.43999862670898,49.630001068115234,49.16999816894531,49.25,1009000
2019-04-24,48.21223068237305,49.4900016784668,49.77999877929688,49.310001373291016,49.400001525878906,586700
2019-04-25,48.39731979370117,49.68000030517578,49.86000061035156,49.119998931884766,49.27999877929688,632400
2019-04-26,48.88440704345703,50.18000030517578,50.18000030517578,49.630001068115234,49.68999862670898,943400
2019-04-29,49.615047454833984,50.93000030517578,51.36000061035156,50.150001525878906,51.0,2117700
2019-04-30,49.96575164794922,51.290000915527344,51.33000183105469,50.45000076293945,51.040000915527344,1976000
2019-05-01,49.001312255859375,50.29999923706055,51.45000076293945,50.27999877929688,51.16999816894531,1105700
2019-05-02,48.94286346435547,50.2400016784668,50.560001373291016,49.84999847412109,50.34000015258789,992600
2019-05-03,49.527374267578125,50.84000015258789,51.02000045776367,50.22999954223633,50.290000915527344,1135400
2019-05-06,49.478660583496094,50.790000915527344,50.900001525878906,50.02000045776367,50.22999954223633,1166300
2019-05-07,48.86492156982422,50.15999984741211,50.77000045776367,50.0099983215332,50.5099983215332,1115100
2019-05-08,49.10846710205078,50.40999984741211,50.97999954223633,50.04999923706055,50.11000061035156,1304000
2019-05-09,49.22537612915039,50.52999877929688,50.72999954223633,49.86000061035156,49.93000030517578,1113500
2019-05-10,50.0436897277832,51.369998931884766,51.43000030517578,50.25,50.27000045776367,1284200
2019-05-13,48.87466430664063,50.16999816894531,50.77000045776367,49.93000030517578,50.59000015258789,1108800
2019-05-14,49.65401458740234,50.970001220703125,51.34000015258789,50.25,50.25,1493500
2019-05-15,49.89756393432617,51.220001220703125,51.4900016784668,50.66999816894531,50.66999816894531,1000700
2019-05-16,50.5794792175293,51.91999816894531,52.15999984741211,51.45000076293945,51.45000076293945,1363000
2019-05-17,50.44309616088867,51.77999877929688,52.33000183105469,51.560001373291016,51.560001373291016,1810900
2019-05-20,50.598968505859375,51.93999862670898,52.2400016784668,51.61000061035156,51.70000076293945,1099400
2019-05-21,51.144508361816406,52.5,52.619998931884766,52.209999084472656,52.209999084472656,1332100
2019-05-22,51.06657028198242,52.41999816894531,52.560001373291016,52.20000076293945,52.33000183105469,1013900
2019-05-23,50.53078842163086,51.869998931884766,52.150001525878906,51.52999877929688,52.04999923706055,1162800
2019-05-24,50.87173461914063,52.220001220703125,52.290000915527344,51.630001068115234,52.02000045776367,831500
2019-05-28,50.04561996459961,51.310001373291016,52.18999862670898,51.310001373291016,52.18999862670898,1706600
2019-05-29,49.98709487915039,51.25,51.27999877929688,50.68000030517578,51.209999084472656,1344000
2019-05-30,50.06512069702149,51.33000183105469,51.619998931884766,51.02000045776367,51.34999847412109,833000
2019-05-31,50.09439086914063,51.36000061035156,51.380001068115234,50.7400016784668,50.95000076293945,1437500
2019-06-03,50.98196792602539,52.27000045776367,52.34000015258789,51.130001068115234,51.400001525878906,1221400
2019-06-04,51.63544464111328,52.93999862670898,52.97999954223633,52.290000915527344,52.59000015258789,1544000
2019-06-05,52.12311935424805,53.43999862670898,53.47999954223633,52.77000045776367,53.0,1170100
2019-06-06,52.37672424316406,53.70000076293945,53.77000045776367,53.310001373291016,53.5,1143000
2019-06-07,52.51327896118164,53.84000015258789,54.13999938964844,53.70000076293945,53.79999923706055,904200
2019-06-10,52.69858169555664,54.02999877929688,54.119998931884766,53.79999923706055,54.04999923706055,1053200
2019-06-11,52.26943206787109,53.59000015258789,54.29999923706055,53.4900016784668,54.150001525878906,812300
2019-06-12,51.98656845092773,53.29999923706055,53.709999084472656,53.2400016784668,53.560001373291016,626400
2019-06-13,52.05486297607422,53.369998931884766,53.52000045776367,53.09000015258789,53.45000076293945,683300
2019-06-14,52.220664978027344,53.540000915527344,53.72999954223633,53.11000061035156,53.369998931884766,684100
2019-06-17,51.63544464111328,52.93999862670898,53.70000076293945,52.869998931884766,53.70000076293945,856700
2019-06-18,52.07435607910156,53.38999938964844,53.52000045776367,52.900001525878906,52.91999816894531,776600
2019-06-19,52.29868316650391,53.619998931884766,53.790000915527344,53.41999816894531,53.560001373291016,841200
2019-06-20,52.72785186767578,54.060001373291016,54.060001373291016,53.41999816894531,53.93999862670898,1265600
2019-06-21,52.73760986328125,54.06999969482422,54.29999923706055,53.70000076293945,54.0099983215332,2464500
2019-06-24,52.81563186645508,54.150001525878906,54.59999847412109,53.95000076293945,54.150001525878906,1002500
2019-06-25,53.20576095581055,54.54999923706055,54.72999954223633,54.08000183105469,54.220001220703125,1002900
2019-06-26,52.11336517333984,53.43000030517578,54.59000015258789,53.43000030517578,54.59000015258789,1304800
2019-06-27,52.44499588012695,53.77000045776367,53.869998931884766,53.380001068115234,53.59999847412109,958500
2019-06-28,53.32281875610352,54.66999816894531,54.7400016784668,54.040000915527344,54.11000061035156,2114700
2019-07-01,54.22989273071289,55.59999847412109,55.619998931884766,54.81999969482422,54.84999847412109,1257500
2019-07-02,53.87876510620117,55.2400016784668,55.720001220703125,55.0,55.650001525878906,1333600
2019-07-03,54.77609634399414,56.15999984741211,56.20000076293945,55.18000030517578,55.459999084472656,578000
2019-07-05,54.317684173583984,55.68999862670898,56.150001525878906,55.52999877929688,56.150001525878906,820800
2019-07-08,54.288421630859375,55.65999984741211,56.02999877929688,55.45000076293945,55.619998931884766,1009700
2019-07-09,54.12261581420898,55.4900016784668,55.56999969482422,55.27999877929688,55.540000915527344,963100
2019-07-10,54.18112182617188,55.54999923706055,55.84000015258789,55.36000061035156,55.650001525878906,958700
2019-07-11,53.93729782104492,55.29999923706055,55.66999816894531,54.93000030517578,55.65999984741211,694400
2019-07-12,54.01531600952149,55.380001068115234,55.43000030517578,55.13999938964844,55.31999969482422,934700
2019-07-15,53.82024002075195,55.18000030517578,55.52000045776367,55.09999847412109,55.52000045776367,643400
2019-07-16,53.44961929321289,54.79999923706055,55.27999877929688,54.720001220703125,55.2599983215332,1064600
2019-07-17,52.80587387084961,54.13999938964844,54.77000045776367,54.09999847412109,54.7400016784668,702000
2019-07-18,53.010704040527344,54.34999847412109,54.43999862670898,53.93999862670898,54.060001373291016,1012800
2019-07-19,52.51327896118164,53.84000015258789,54.59999847412109,53.810001373291016,54.5,799500
2019-07-22,52.62056350708008,53.95000076293945,54.18999862670898,53.709999084472656,53.79999923706055,585700
2019-07-23,52.68883895874024,54.02000045776367,54.150001525878906,53.83000183105469,54.0099983215332,791200
2019-07-24,53.391090393066406,54.7400016784668,54.790000915527344,53.88999938964844,53.88999938964844,678900
2019-07-25,53.42034912109375,54.77000045776367,54.91999816894531,54.52999877929688,54.7400016784668,483600
2019-07-26,53.48863220214844,54.84000015258789,54.95000076293945,54.52000045776367,54.77999877929688,927200
2019-07-29,52.58154678344727,53.90999984741211,54.86000061035156,53.68999862670898,54.86000061035156,1016500
2019-07-30,52.34745407104492,53.66999816894531,54.09000015258789,53.52000045776367,53.7400016784668,993800
2019-07-31,52.220664978027344,53.540000915527344,54.27999877929688,53.41999816894531,53.650001525878906,1225700
2019-08-01,51.56716537475586,52.869998931884766,53.84000015258789,52.68000030517578,53.41999816894531,841600
2019-08-02,51.216041564941406,52.5099983215332,52.91999816894531,52.15999984741211,52.91999816894531,847700
2019-08-05,49.47014236450195,50.720001220703125,52.65999984741211,50.560001373291016,52.65999984741211,1210200
2019-08-06,50.279693603515625,51.54999923706055,51.56999969482422,50.630001068115234,50.83000183105469,1409600
2019-08-07,49.35311126708984,50.59999847412109,50.93999862670898,49.970001220703125,50.93999862670898,1194900
2019-08-08,50.38698196411133,51.65999984741211,51.90999984741211,50.70000076293945,50.95000076293945,1113100
2019-08-09,49.713993072509766,50.970001220703125,51.66999816894531,50.93000030517578,51.45000076293945,844000
2019-08-12,48.87519454956055,50.11000061035156,50.560001373291016,49.869998931884766,50.560001373291016,1007700
2019-08-13,49.18730545043945,50.43000030517578,50.77000045776367,49.7599983215332,49.90999984741211,848800
2019-08-14,46.953731536865234,48.13999938964844,49.91999816894531,48.130001068115234,49.77000045776367,1190300
2019-08-15,47.23657989501953,48.43000030517578,48.65999984741211,47.97999954223633,48.27000045776367,945300
2019-08-16,47.64623260498047,48.84999847412109,49.130001068115234,48.54999923706055,48.68999862670898,1180200
2019-08-19,47.97785568237305,49.18999862670898,49.59999847412109,49.16999816894531,49.45000076293945,1000000
2019-08-20,47.480430603027344,48.68000030517578,49.16999816894531,48.650001525878906,49.08000183105469,1273000
2019-08-21,47.63647079467773,48.84000015258789,49.09999847412109,48.5,49.0,1286900
2019-08-22,47.42190170288086,48.619998931884766,49.2599983215332,48.369998931884766,49.02999877929688,971100
2019-08-23,46.07590866088867,47.2400016784668,48.95000076293945,46.970001220703125,48.31999969482422,1429600
2019-08-26,46.76841735839844,47.95000076293945,47.970001220703125,47.22999954223633,47.5,1336800
2019-08-27,46.34161758422852,47.45000076293945,48.31999969482422,47.310001373291016,48.13999938964844,1444900
2019-08-28,46.58579254150391,47.70000076293945,47.93000030517578,47.16999816894531,47.29999923706055,1018200
2019-08-29,46.9569091796875,48.08000183105469,48.43999862670898,48.02999877929688,48.09999847412109,760300
2019-08-30,46.94713592529297,48.06999969482422,48.43999862670898,47.81999969482422,48.38999938964844,1076200
2019-09-03,46.8592414855957,47.97999954223633,48.0,47.630001068115234,47.68000030517578,927300
2019-09-04,47.51358795166016,48.650001525878906,48.7400016784668,48.18000030517578,48.27999877929688,869200
2019-09-05,47.81634521484375,48.959999084472656,49.54999923706055,48.88999938964844,49.18999862670898,674300
2019-09-06,48.12887573242188,49.27999877929688,49.619998931884766,48.91999816894531,48.959999084472656,1170700
2019-09-09,48.45116424560547,49.61000061035156,49.650001525878906,49.18000030517578,49.56999969482422,778000
2019-09-10,48.7441635131836,49.90999984741211,49.959999084472656,49.459999084472656,49.7400016784668,852700
2019-09-11,48.8613510131836,50.02999877929688,50.02999877929688,49.29999923706055,49.880001068115234,737200
2019-09-12,49.21295166015625,50.38999938964844,50.5,49.810001373291016,50.08000183105469,924800
2019-09-13,49.61336135864258,50.79999923706055,50.970001220703125,50.43999862670898,50.68999862670898,948900
2019-09-16,49.81846237182617,51.0099983215332,51.02999877929688,50.369998931884766,50.650001525878906,932500
2019-09-17,50.170047760009766,51.369998931884766,51.56999969482422,50.77000045776367,50.93999862670898,991000
2019-09-18,50.082149505615234,51.27999877929688,51.36000061035156,50.869998931884766,51.130001068115234,743300
2019-09-19,49.85752487182617,51.04999923706055,51.41999816894531,50.95000076293945,51.25,606700
2019-09-20,49.77939224243164,50.970001220703125,51.31999969482422,50.70000076293945,51.16999816894531,2581400
2019-09-23,50.37514877319336,51.58000183105469,51.61000061035156,50.5099983215332,50.61000061035156,925200
2019-09-24,50.44350051879883,51.650001525878906,52.310001373291016,51.31999969482422,51.70000076293945,1283800
2019-09-25,49.8282356262207,51.02000045776367,51.810001373291016,51.02000045776367,51.540000915527344,939100
2019-09-26,49.95519256591797,51.150001525878906,51.310001373291016,50.90999984741211,51.0099983215332,557100
2019-09-27,50.30677795410156,51.5099983215332,51.5099983215332,51.02000045776367,51.310001373291016,820300
2019-09-30,50.27748107910156,51.47999954223633,51.77000045776367,51.45000076293945,51.58000183105469,833100
2019-10-01,48.949256896972656,50.119998931884766,51.68000030517578,50.119998931884766,51.650001525878906,809400
2019-10-02,47.72845077514648,48.869998931884766,49.900001525878906,48.66999816894531,49.84000015258789,1220500
2019-10-03,48.02143096923828,49.16999816894531,49.18000030517578,48.400001525878906,48.810001373291016,782000
2019-10-04,48.8222885131836,49.9900016784668,50.08000183105469,49.150001525878906,49.18999862670898,1094200
2019-10-07,48.4218635559082,49.58000183105469,50.16999816894531,49.58000183105469,49.93999862670898,906800
2019-10-08,47.55265045166016,48.68999862670898,49.18999862670898,48.68999862670898,49.16999816894531,855400
2019-10-09,47.95307540893555,49.09999847412109,49.38999938964844,48.810001373291016,49.08000183105469,586200
2019-10-10,48.38279342651367,49.540000915527344,49.93000030517578,49.209999084472656,49.2400016784668,677700
2019-10-11,49.30084991455078,50.47999954223633,50.93000030517578,50.2400016784668,50.2599983215332,758400
2019-10-14,49.23247146606445,50.40999984741211,50.54999923706055,50.13999938964844,50.150001525878906,603700
2019-10-15,49.8770637512207,51.06999969482422,51.2400016784668,50.540000915527344,50.540000915527344,561300
2019-10-16,49.759864807128906,50.95000076293945,51.02000045776367,50.650001525878906,50.970001220703125,753400
2019-10-17,49.66219711303711,50.84999847412109,51.5,50.79999923706055,51.27999877929688,773500
2019-10-18,49.769622802734375,50.959999084472656,51.400001525878906,50.7400016784668,50.7400016784668,624100
2019-10-21,50.25795364379883,51.459999084472656,51.52000045776367,51.20000076293945,51.33000183105469,510700
2019-10-22,49.70125961303711,50.88999938964844,51.20000076293945,50.68000030517578,51.20000076293945,626300
2019-10-23,49.90635299682617,51.09999847412109,51.22999954223633,50.869998931884766,50.91999816894531,754700
2019-10-24,49.652442932128906,50.84000015258789,51.31999969482422,50.79999923706055,51.25,680300
2019-10-25,49.80870056152344,51.0,51.02000045776367,50.65999984741211,50.72999954223633,986000
2019-10-28,48.26559829711914,49.41999816894531,51.2400016784668,49.09999847412109,50.369998931884766,1482400
2019-10-29,48.23630142211914,49.38999938964844,49.56999969482422,48.5,49.15999984741211,1730600
2019-10-30,48.05073928833008,49.20000076293945,49.38999938964844,48.86000061035156,49.38999938964844,911000
2019-10-31,47.85541534423828,49.0,49.02000045776367,48.369998931884766,48.869998931884766,1505500
2019-11-01,48.62696075439453,49.790000915527344,50.040000915527344,48.9900016784668,49.2599983215332,1166600
2019-11-04,48.63671875,49.79999923706055,50.290000915527344,49.65999984741211,50.13999938964844,827400
2019-11-05,49.31061172485352,50.4900016784668,50.709999084472656,49.810001373291016,49.810001373291016,1195200
2019-11-06,49.68172836303711,50.869998931884766,50.93000030517578,50.220001220703125,50.470001220703125,991600
2019-11-07,49.837989807128906,51.02999877929688,51.4900016784668,50.88999938964844,51.13999938964844,1034500
2019-11-08,49.80870056152344,51.0,51.02999877929688,50.56999969482422,50.86000061035156,536900
2019-11-11,49.33992385864258,50.52000045776367,50.84000015258789,50.29999923706055,50.63999938964844,630700
2019-11-12,49.46686935424805,50.650001525878906,50.81999969482422,50.27000045776367,50.5,633000
2019-11-13,49.18364334106445,50.36000061035156,50.560001373291016,50.08000183105469,50.34999847412109,598300
2019-11-14,48.919952392578125,50.09000015258789,50.31999969482422,49.88999938964844,50.27999877929688,945800
2019-11-15,48.988311767578125,50.15999984741211,50.41999816894531,50.09000015258789,50.2599983215332,937300
2019-11-18,49.09574508666992,50.27000045776367,50.380001068115234,49.86000061035156,50.0,713900
2019-11-19,49.00784683227539,50.18000030517578,50.43000030517578,50.13999938964844,50.34999847412109,652100
2019-11-20,49.173866271972656,50.34999847412109,50.54999923706055,49.90999984741211,49.97999954223633,800300
2019-11-21,49.27154159545898,50.45000076293945,50.58000183105469,49.95000076293945,50.2599983215332,789500
2019-11-22,49.46686935424805,50.650001525878906,50.900001525878906,50.43000030517578,50.619998931884766,741300
2019-11-25,49.61336135864258,50.79999923706055,51.0099983215332,50.65999984741211,50.65999984741211,982400
2019-11-26,49.430511474609375,50.54999923706055,50.97999954223633,50.5099983215332,50.709999084472656,1468400
2019-11-27,49.89010238647461,51.02000045776367,51.2400016784668,50.59000015258789,50.59000015258789,684800
2019-11-29,49.77275466918945,50.900001525878906,51.22999954223633,50.77999877929688,50.90999984741211,437500
2019-12-02,49.05892181396485,50.16999816894531,50.970001220703125,50.13999938964844,50.970001220703125,840900
2019-12-03,47.4259033203125,48.5,49.7400016784668,48.5,49.72999954223633,1527400
2019-12-04,47.797489166259766,48.880001068115234,49.15999984741211,48.31999969482422,48.31999969482422,1454900
2019-12-05,48.0615119934082,49.150001525878906,49.2400016784668,48.880001068115234,49.16999816894531,927900
2019-12-06,49.04914855957031,50.15999984741211,50.36000061035156,49.41999816894531,49.540000915527344,1178600
2019-12-09,49.21538543701172,50.33000183105469,50.619998931884766,50.04999923706055,50.08000183105469,1030500
2019-12-10,48.96113586425781,50.06999969482422,50.68000030517578,50.02000045776367,50.20000076293945,1063300
2019-12-11,48.882911682128906,49.9900016784668,50.41999816894531,49.88999938964844,50.119998931884766,1013400
2019-12-12,49.95854568481445,51.09000015258789,51.18000030517578,50.02999877929688,50.08000183105469,1020700
2019-12-13,49.48917388916016,50.61000061035156,51.36000061035156,50.59999847412109,50.93999862670898,1186400
2019-12-16,49.93899154663086,51.06999969482422,51.380001068115234,50.81999969482422,50.9900016784668,928900
2019-12-17,50.261680603027344,51.400001525878906,51.7400016784668,51.11000061035156,51.130001068115234,961200
2019-12-18,50.18344879150391,51.31999969482422,51.540000915527344,51.15999984741211,51.540000915527344,1113800
2019-12-19,50.03676986694336,51.16999816894531,51.34000015258789,50.959999084472656,51.2400016784668,1013300
2019-12-20,50.51593017578125,51.65999984741211,51.91999816894531,51.310001373291016,51.380001068115234,2273600
2019-12-23,50.261680603027344,51.400001525878906,51.83000183105469,51.27999877929688,51.540000915527344,764800
2019-12-24,50.31057357788086,51.45000076293945,51.619998931884766,51.310001373291016,51.369998931884766,400800
2019-12-26,50.78971862792969,51.93999862670898,52.0099983215332,51.380001068115234,51.61000061035156,454700
2019-12-27,50.7408332824707,51.88999938964844,52.18000030517578,51.86000061035156,52.06999969482422,835800
2019-12-30,50.8581657409668,52.0099983215332,52.150001525878906,51.86000061035156,52.150001525878906,749000
2019-12-31,51.32754135131836,52.4900016784668,52.5099983215332,51.970001220703125,52.040000915527344,806100
2020-01-02,51.78713607788086,52.959999084472656,53.0,52.459999084472656,52.720001220703125,1081400
2020-01-03,51.59156799316406,52.7599983215332,52.810001373291016,52.27999877929688,52.45000076293945,829300
2020-01-06,50.92662811279297,52.08000183105469,52.540000915527344,52.02000045776367,52.380001068115234,786600
2020-01-07,50.69194030761719,51.84000015258789,52.29999923706055,51.810001373291016,51.970001220703125,759500
2020-01-08,50.70171356201172,51.84999847412109,52.58000183105469,51.79999923706055,52.04999923706055,904800
2020-01-09,51.54265975952149,52.709999084472656,52.720001220703125,52.02999877929688,52.20000076293945,699400
2020-01-10,50.91685104370117,52.06999969482422,52.93000030517578,51.970001220703125,52.709999084472656,656300
2020-01-13,50.94617462158203,52.09999847412109,52.25,51.81999969482422,52.06999969482422,742900
2020-01-14,50.87773132324219,52.02999877929688,52.290000915527344,51.84000015258789,51.9900016784668,889000
2020-01-15,50.53548049926758,51.68000030517578,52.15999984741211,51.61000061035156,51.880001068115234,892300
2020-01-16,50.985294342041016,52.13999938964844,52.34999847412109,51.81999969482422,51.90999984741211,688100
2020-01-17,51.22975158691406,52.38999938964844,52.66999816894531,52.209999084472656,52.290000915527344,1064000
2020-01-21,50.35946273803711,51.5,52.36000061035156,51.470001220703125,52.220001220703125,1155200
2020-01-22,50.731056213378906,51.880001068115234,51.91999816894531,51.540000915527344,51.619998931884766,1085300
2020-01-23,50.32035446166992,51.459999084472656,51.7400016784668,50.79999923706055,51.470001220703125,1009100
2020-01-24,50.21278381347656,51.34999847412109,51.59999847412109,51.060001373291016,51.470001220703125,650500
2020-01-27,49.66519165039063,50.790000915527344,51.150001525878906,50.25,50.41999816894531,745200
2020-01-28,50.34968566894531,51.4900016784668,51.869998931884766,50.9900016784668,50.9900016784668,841500
2020-01-29,50.52571105957031,51.66999816894531,51.9900016784668,51.43000030517578,51.61000061035156,679500
2020-01-30,51.2199821472168,52.380001068115234,52.470001220703125,51.20000076293945,51.20000076293945,880900
2020-01-31,50.31057357788086,51.45000076293945,52.2599983215332,51.2599983215332,51.9900016784668,1024300
2020-02-03,51.239540100097656,52.400001525878906,52.7599983215332,51.63999938964844,51.709999084472656,824100
2020-02-04,51.56222915649414,52.72999954223633,53.540000915527344,52.68000030517578,53.0,773400
2020-02-05,52.39340972900391,53.58000183105469,53.869998931884766,53.25,53.52000045776367,1405200
2020-02-06,52.12937545776367,53.310001373291016,53.97999954223633,53.27000045776367,53.790000915527344,679300
2020-02-07,52.070709228515625,53.25,53.54999923706055,52.83000183105469,53.08000183105469,800000
2020-02-10,54.57402420043945,55.810001373291016,56.880001068115234,54.59999847412109,56.880001068115234,1263300
2020-02-11,53.50815963745117,54.720001220703125,56.119998931884766,54.63999938964844,55.880001068115234,917900
2020-02-12,52.735652923583984,53.93000030517578,54.95000076293945,53.880001068115234,54.81999969482422,767200
2020-02-13,52.8627815246582,54.060001373291016,54.130001068115234,53.59000015258789,53.77999877929688,838100
2020-02-14,52.98989486694336,54.18999862670898,54.22999954223633,53.65999984741211,54.0099983215332,930300
2020-02-18,52.5107536315918,53.70000076293945,54.060001373291016,53.34000015258789,53.959999084472656,681800
2020-02-19,52.52051544189453,53.709999084472656,54.09999847412109,53.70000076293945,53.84000015258789,704200
2020-02-20,52.696537017822266,53.88999938964844,54.119998931884766,53.52999877929688,53.52999877929688,751000
2020-02-21,52.44230270385742,53.630001068115234,53.86000061035156,53.13999938964844,53.650001525878906,1096200
2020-02-24,51.17108154296875,52.33000183105469,52.84000015258789,52.220001220703125,52.310001373291016,1106700
2020-02-25,49.30406951904297,50.36000061035156,52.33000183105469,50.27999877929688,52.33000183105469,1200400
2020-02-26,47.92363739013672,48.95000076293945,51.02000045776367,48.880001068115234,50.75,1616300
2020-02-27,45.2410774230957,46.209999084472656,48.33000183105469,46.209999084472656,48.119998931884766,1911700
2020-02-28,44.673248291015625,45.630001068115234,45.650001525878906,43.970001220703125,44.880001068115234,3377400
2020-03-02,47.66908264160156,48.68999862670898,48.709999084472656,45.54999923706055,45.66999816894531,1988900
2020-03-03,46.09284591674805,47.08000183105469,49.04999923706055,46.86000061035156,48.2599983215332,1682300
2020-03-04,47.48307037353516,48.5,48.58000183105469,46.81999969482422,47.900001525878906,1052100
2020-03-05,44.57535171508789,45.52999877929688,47.150001525878906,45.18000030517578,46.790000915527344,1604800
2020-03-06,43.25364685058594,44.18000030517578,44.65999984741211,43.209999084472656,43.72999954223633,1821300
2020-03-09,38.564083099365234,39.38999938964844,41.93999862670898,38.630001068115234,41.25,1965200
2020-03-10,42.27461624145508,43.18000030517578,43.2400016784668,40.2599983215332,40.869998931884766,1895600
2020-03-11,38.89695358276367,39.72999954223633,41.95000076293945,39.4900016784668,41.7400016784668,2214800
2020-03-12,32.49407958984375,33.189998626708984,37.310001373291016,33.18000030517578,36.52000045776367,2844000
2020-03-13,36.233985900878906,37.0099983215332,37.040000915527344,34.16999816894531,35.40999984741211,2900100
2020-03-16,32.71926498413086,33.41999816894531,37.959999084472656,32.220001220703125,32.59000015258789,2949100
2020-03-17,35.9500732421875,36.720001220703125,37.70000076293945,32.25,34.36000061035156,2852000
2020-03-18,33.8647346496582,34.59000015258789,34.900001525878906,31.65999984741211,33.31999969482422,2518400
2020-03-19,36.52770233154297,37.310001373291016,38.22999954223633,32.0,34.0,2331800
2020-03-20,30.604551315307617,31.26000022888184,37.970001220703125,30.8700008392334,37.540000915527344,3513800
2020-03-23,29.116418838500977,29.739999771118164,32.0,28.520000457763672,31.239999771118164,1796900
2020-03-24,33.032554626464844,33.7400016784668,33.9900016784668,30.51000022888184,31.65999984741211,1846200
2020-03-25,32.59199142456055,33.290000915527344,35.16999816894531,32.2400016784668,33.779998779296875,2509900
2020-03-26,34.667537689208984,35.40999984741211,35.70000076293945,32.720001220703125,33.630001068115234,1160100
2020-03-27,32.99339294433594,33.70000076293945,34.970001220703125,33.029998779296875,33.849998474121094,1097900
2020-03-30,34.68711471557617,35.43000030517578,35.56999969482422,32.900001525878906,33.720001220703125,1361700
2020-03-31,34.099700927734375,34.83000183105469,35.36000061035156,34.369998931884766,34.84000015258789,1932400
2020-04-01,31.9458236694336,32.630001068115234,33.20000076293945,31.8700008392334,32.83000183105469,1277700
2020-04-02,32.48429489135742,33.18000030517578,34.61000061035156,32.150001525878906,32.400001525878906,1380000
2020-04-03,32.01435470581055,32.70000076293945,33.720001220703125,32.380001068115234,32.630001068115234,1425100
2020-04-06,34.95145034790039,35.70000076293945,36.0,34.2400016784668,34.52000045776367,1301500
2020-04-07,35.50950241088867,36.27000045776367,38.04999923706055,36.18000030517578,37.630001068115234,1372300
2020-04-08,37.173866271972656,37.970001220703125,38.22999954223633,35.97999954223633,36.63999938964844,1046500
2020-04-09,38.59345626831055,39.41999816894531,40.470001220703125,38.43000030517578,38.43000030517578,1474500
2020-04-13,36.63538360595703,37.41999816894531,39.40999984741211,36.97999954223633,39.40999984741211,842400
2020-04-14,36.63538360595703,37.41999816894531,38.52000045776367,36.81999969482422,38.290000915527344,1110900
2020-04-15,33.83536529541016,34.560001373291016,36.290000915527344,34.40999984741211,36.06999969482422,1296600
2020-04-16,33.287105560302734,34.0,34.59000015258789,32.9900016784668,34.5099983215332,1792000
2020-04-17,35.38223648071289,36.13999938964844,36.380001068115234,34.86000061035156,35.2400016784668,1686700
2020-04-20,34.23676300048828,34.970001220703125,35.95000076293945,34.45000076293945,35.38999938964844,1118600
2020-04-21,33.00318145751953,33.709999084472656,34.4900016784668,33.560001373291016,33.779998779296875,867000
2020-04-22,33.06193161010742,33.77000045776367,34.66999816894531,33.70000076293945,34.540000915527344,778300
2020-04-23,32.229740142822266,32.91999816894531,34.29999923706055,32.869998931884766,33.9900016784668,1440000
2020-04-24,31.72065162658692,32.400001525878906,33.560001373291016,32.15999984741211,33.560001373291016,2221000
2020-04-27,31.87729835510254,32.560001373291016,32.689998626708984,31.3799991607666,32.15999984741211,2479700
2020-04-28,33.39479064941406,34.11000061035156,34.709999084472656,33.33000183105469,33.65999984741211,1336900
2020-04-29,35.93049621582031,36.70000076293945,36.93999862670898,35.15999984741211,35.16999816894531,2207400
2020-04-30,33.93326568603516,34.65999984741211,36.18000030517578,34.529998779296875,36.0099983215332,1451300
2020-05-01,30.95700454711914,31.6200008392334,33.88999938964844,31.540000915527344,33.790000915527344,1850000
2020-05-04,31.094070434570312,31.76000022888184,31.86000061035156,30.1299991607666,31.11000061035156,2092100
2020-05-05,30.1444091796875,30.790000915527344,32.310001373291016,30.700000762939453,32.029998779296875,1418100
2020-05-06,29.057680130004883,29.68000030517578,30.93000030517578,29.530000686645508,30.93000030517578,1492100
2020-05-07,29.703845977783203,30.34000015258789,31.709999084472656,29.89999961853028,30.030000686645508,1186000
2020-05-08,30.369585037231445,31.020000457763672,31.34000015258789,30.36000061035156,30.989999771118164,920900
2020-05-11,29.380760192871094,30.01000022888184,30.549999237060547,29.5,30.549999237060547,1447700
2020-05-12,28.97935676574707,29.600000381469727,30.1299991607666,29.32999992370605,30.100000381469727,1556700
2020-05-13,28.19613075256348,28.799999237060547,29.420000076293945,28.239999771118164,29.15999984741211,2390200
2020-05-14,28.48005104064941,29.09000015258789,29.440000534057617,27.32999992370605,28.25,1463500
2020-05-15,29.18495750427246,29.809999465942383,29.88999938964844,28.15999984741211,28.709999084472656,4071300
2020-05-18,30.986371994018555,31.64999961853028,32.09000015258789,31.26000022888184,31.450000762939453,1705600
2020-05-19,30.40874671936035,31.059999465942383,31.729999542236328,31.049999237060547,31.530000686645508,1197200
2020-05-20,31.51504898071289,32.189998626708984,32.439998626708984,31.540000915527344,31.540000915527344,1045100
2020-05-21,31.417144775390625,32.09000015258789,32.459999084472656,31.82999992370605,32.06999969482422,1144400
2020-05-22,31.24092483520508,31.90999984741211,32.279998779296875,31.309999465942383,32.2400016784668,846300
2020-05-26,32.41122055053711,33.040000915527344,33.650001525878906,32.90999984741211,33.279998779296875,1011400
2020-05-27,33.58838653564453,34.2400016784668,34.75,33.810001373291016,34.380001068115234,1070200
2020-05-28,33.13713073730469,33.779998779296875,34.79999923706055,33.599998474121094,34.689998626708984,1021300
2020-05-29,32.607418060302734,33.2400016784668,33.63999938964844,32.65999984741211,33.27000045776367,2610600
2020-06-01,33.12733459472656,33.77000045776367,33.88999938964844,32.75,33.15999984741211,1000600
2020-06-02,33.980770111083984,34.63999938964844,35.09000015258789,34.02000045776367,34.22999954223633,1668300
2020-06-03,34.80479049682617,35.47999954223633,35.900001525878906,35.279998779296875,35.36000061035156,1131000
2020-06-04,35.80537033081055,36.5,36.52000045776367,34.54999923706055,35.310001373291016,1176200
2020-06-05,38.33626937866211,39.08000183105469,39.81999969482422,38.18000030517578,38.72999954223633,1478700
2020-06-08,39.18971633911133,39.95000076293945,40.06999969482422,39.09999847412109,39.790000915527344,1403000
2020-06-09,37.53187561035156,38.2599983215332,38.90999984741211,37.84999847412109,38.68999862670898,1150300
2020-06-10,35.481651306152344,36.16999816894531,37.880001068115234,36.0099983215332,37.880001068115234,1699100
2020-06-11,31.577392578125,32.189998626708984,34.560001373291016,32.150001525878906,34.220001220703125,2472400
2020-06-12,32.39159393310547,33.02000045776367,33.77000045776367,31.709999084472656,33.75,1933900
2020-06-15,32.940940856933594,33.58000183105469,33.81999969482422,31.18000030517578,31.34000015258789,1399300
2020-06-16,33.274471282958984,33.91999816894531,35.400001525878906,33.33000183105469,35.400001525878906,1275900
2020-06-17,32.764373779296875,33.400001525878906,34.029998779296875,33.13999938964844,34.029998779296875,1505900
2020-06-18,33.235225677490234,33.880001068115234,34.029998779296875,32.5099983215332,32.93000030517578,1521700
2020-06-19,34.06905746459961,34.72999954223633,34.849998474121094,33.88999938964844,34.630001068115234,4982900
2020-06-22,33.41181182861328,34.060001373291016,34.36000061035156,33.54999923706055,34.36000061035156,1525000
2020-06-23,33.68647766113281,34.34000015258789,35.0,34.29999923706055,34.650001525878906,1273800
2020-06-24,32.53873825073242,33.16999816894531,33.779998779296875,32.41999816894531,33.779998779296875,1110900
2020-06-25,33.19599151611328,33.84000015258789,33.900001525878906,32.709999084472656,32.880001068115234,1062500
2020-06-26,32.18559265136719,32.810001373291016,33.4900016784668,32.290000915527344,33.31999969482422,2485900
2020-06-29,33.04884719848633,33.689998626708984,33.81999969482422,32.84000015258789,33.20000076293945,871600
2020-06-30,33.63743591308594,34.290000915527344,34.54999923706055,33.34000015258789,33.540000915527344,1014200
2020-07-01,32.90169906616211,33.540000915527344,34.560001373291016,33.459999084472656,34.18000030517578,984500
2020-07-02,33.04884719848633,33.689998626708984,34.970001220703125,33.560001373291016,34.439998626708984,992000
2020-07-06,33.86304473876953,34.52000045776367,35.16999816894531,34.369998931884766,34.529998779296875,852100
2020-07-07,33.02923583984375,33.66999816894531,34.29999923706055,33.560001373291016,34.16999816894531,727300
2020-07-08,33.274471282958984,33.91999816894531,34.25,33.380001068115234,33.380001068115234,880700
2020-07-09,32.19540023803711,32.81999969482422,33.970001220703125,32.349998474121094,33.65999984741211,1066900
2020-07-10,33.84343338012695,34.5,34.529998779296875,32.72999954223633,32.91999816894531,1003900
2020-07-13,34.01020431518555,34.66999816894531,35.22999954223633,34.45000076293945,34.709999084472656,920500
2020-07-14,34.84402847290039,35.52000045776367,35.650001525878906,34.540000915527344,34.97999954223633,800900
2020-07-15,35.36393737792969,36.04999923706055,36.70000076293945,35.65999984741211,36.36000061035156,754500
2020-07-16,35.55031967163086,36.2400016784668,36.77000045776367,35.56999969482422,35.83000183105469,465600
2020-07-17,35.481651306152344,36.16999816894531,36.41999816894531,35.95000076293945,36.29999923706055,737900
2020-07-20,34.76554489135742,35.439998626708984,36.0099983215332,35.2400016784668,35.90999984741211,729600
2020-07-21,35.756324768066406,36.45000076293945,36.83000183105469,35.540000915527344,35.70000076293945,863300
2020-07-22,35.972137451171875,36.66999816894531,36.72999954223633,35.83000183105469,35.970001220703125,603400
2020-07-23,36.35471725463867,37.060001373291016,37.27000045776367,36.56999969482422,36.630001068115234,544300
2020-07-24,36.16833114624024,36.869998931884766,37.540000915527344,36.77000045776367,37.290000915527344,751300
2020-07-27,35.58955764770508,36.27999877929688,36.66999816894531,35.939998626708984,36.66999816894531,493200
2020-07-28,35.68765640258789,36.380001068115234,36.630001068115234,36.040000915527344,36.130001068115234,721500
2020-07-29,36.6588134765625,37.369998931884766,37.459999084472656,36.400001525878906,36.400001525878906,683100
2020-07-30,35.834800720214844,36.52999877929688,36.900001525878906,35.79999923706055,36.34999847412109,636600
2020-07-31,35.717098236083984,36.40999984741211,36.58000183105469,35.75,36.5099983215332,655700
2020-08-03,34.9224967956543,35.599998474121094,36.04999923706055,33.70000076293945,33.97999954223633,1471700
2020-08-04,34.70668411254883,35.380001068115234,35.779998779296875,35.099998474121094,35.5,904700
2020-08-05,35.78575134277344,36.47999954223633,36.880001068115234,35.810001373291016,36.02999877929688,897300
2020-08-06,35.815185546875,36.5099983215332,37.18000030517578,36.25,36.25,767900
2020-08-07,37.0413932800293,37.7599983215332,37.790000915527344,36.380001068115234,36.380001068115234,605000
2020-08-10,37.86540603637695,38.59999847412109,38.79999923706055,37.86000061035156,37.959999084472656,804400
2020-08-11,37.875221252441406,38.61000061035156,40.18000030517578,38.58000183105469,39.58000183105469,1215600
2020-08-12,37.414161682128906,38.13999938964844,39.43999862670898,38.0099983215332,39.400001525878906,781700
2020-08-13,37.13948822021485,37.86000061035156,38.33000183105469,37.290000915527344,37.58000183105469,541100
2020-08-14,36.89424514770508,37.61000061035156,38.060001373291016,37.31999969482422,37.4900016784668,577900
2020-08-17,36.09966278076172,36.79999923706055,37.72999954223633,36.75,37.61000061035156,567200
2020-08-18,35.73902130126953,36.369998931884766,37.4900016784668,36.22999954223633,36.86000061035156,1233300
2020-08-19,35.5817985534668,36.209999084472656,36.93999862670898,36.02000045776367,36.56999969482422,852100
2020-08-20,34.992218017578125,35.61000061035156,36.25,35.599998474121094,35.75,657300
2020-08-21,34.70724105834961,35.31999969482422,35.970001220703125,35.15999984741211,35.63999938964844,860500
2020-08-24,35.97487258911133,36.61000061035156,36.61000061035156,35.45000076293945,35.45000076293945,1080900
2020-08-25,35.84712219238281,36.47999954223633,37.13999938964844,36.18999862670898,37.06999969482422,776200
2020-08-26,35.27719497680664,35.900001525878906,36.459999084472656,35.630001068115234,36.31999969482422,974400
2020-08-27,36.14192581176758,36.77999877929688,37.04999923706055,35.93000030517578,36.09000015258789,612600
2020-08-28,36.27949142456055,36.91999816894531,37.0,36.08000183105469,37.0,594800
2020-08-31,35.237884521484375,35.86000061035156,36.77999877929688,35.84000015258789,36.709999084472656,1274000
2020-09-01,35.54249954223633,36.16999816894531,36.63999938964844,35.310001373291016,35.58000183105469,989200
2020-09-02,35.96503829956055,36.59999847412109,36.77999877929688,35.86000061035156,36.0099983215332,1304400
2020-09-03,35.98469161987305,36.619998931884766,37.900001525878906,36.34000015258789,37.02999877929688,1050700
2020-09-04,36.23035430908203,36.869998931884766,37.56999969482422,36.56999969482422,37.25,846900
2020-09-08,35.011871337890625,35.630001068115234,36.52999877929688,35.25,36.43999862670898,1103100
2020-09-09,35.18874740600586,35.810001373291016,36.34999847412109,35.61000061035156,36.02999877929688,1042500
2020-09-10,34.55002212524414,35.15999984741211,36.43999862670898,35.130001068115234,36.130001068115234,959100
2020-09-11,34.658111572265625,35.27000045776367,35.599998474121094,34.66999816894531,34.970001220703125,1009200
2020-09-14,35.47372055053711,36.09999847412109,36.470001220703125,35.33000183105469,35.560001373291016,1022600
2020-09-15,34.77603530883789,35.38999938964844,36.56999969482422,35.349998474121094,36.16999816894531,1241000
2020-09-16,36.42688751220703,37.06999969482422,37.5,35.439998626708984,35.650001525878906,2435600
2020-09-17,36.34827423095703,36.9900016784668,37.25,36.400001525878906,36.61000061035156,923800
2020-09-18,36.0534782409668,36.68999862670898,37.27999877929688,36.619998931884766,36.83000183105469,2222800
2020-09-21,34.215919494628906,34.81999969482422,35.90999984741211,34.130001068115234,35.72999954223633,1478500
2020-09-22,34.11765670776367,34.720001220703125,35.310001373291016,34.380001068115234,34.619998931884766,967200
2020-09-23,32.9581184387207,33.540000915527344,35.150001525878906,33.5099983215332,34.77000045776367,801400
2020-09-24,32.9581184387207,33.540000915527344,34.18000030517578,32.83000183105469,33.529998779296875,861800
2020-09-25,33.095699310302734,33.68000030517578,33.790000915527344,32.900001525878906,33.060001373291016,752000
2020-09-28,34.127479553222656,34.72999954223633,35.189998626708984,34.119998931884766,34.459999084472656,702500
2020-09-29,33.60667419433594,34.20000076293945,34.70000076293945,33.83000183105469,34.459999084472656,703800
2020-09-30,34.14714813232422,34.75,35.060001373291016,34.33000183105469,34.4900016784668,1007200
2020-10-01,34.255226135253906,34.86000061035156,35.119998931884766,34.369998931884766,34.90999984741211,808100
2020-10-02,34.884124755859375,35.5,35.79999923706055,34.0,34.27000045776367,561100
2020-10-05,35.52285385131836,36.150001525878906,36.45000076293945,35.540000915527344,36.09000015258789,447200
2020-10-06,34.884124755859375,35.5,36.59000015258789,35.47999954223633,36.54999923706055,706100
2020-10-07,35.47372055053711,36.09999847412109,36.2599983215332,35.72999954223633,35.779998779296875,588100
2020-10-08,36.34827423095703,36.9900016784668,37.060001373291016,36.31999969482422,36.47999954223633,465800
2020-10-09,36.33844375610352,36.97999954223633,37.43999862670898,36.66999816894531,37.310001373291016,527300
2020-10-12,36.71186065673828,37.36000061035156,37.4900016784668,36.77000045776367,36.86000061035156,599100
2020-10-13,35.25752258300781,35.880001068115234,37.2599983215332,35.77000045776367,36.90999984741211,621200
2020-10-14,34.736717224121094,35.349998474121094,36.27999877929688,35.31999969482422,35.77000045776367,763200
2020-10-15,35.021690368652344,35.63999938964844,35.68000030517578,34.720001220703125,34.79999923706055,399800
2020-10-16,35.11996078491211,35.7400016784668,36.209999084472656,35.290000915527344,35.619998931884766,357100
2020-10-19,34.333839416503906,34.939998626708984,35.97999954223633,34.88999938964844,35.68000030517578,409800
2020-10-20,34.62864303588867,35.2400016784668,35.939998626708984,35.16999816894531,35.31999969482422,688200
2020-10-21,34.982383728027344,35.599998474121094,35.869998931884766,35.119998931884766,35.2400016784668,775300
2020-10-22,35.306663513183594,35.93000030517578,36.13999938964844,35.33000183105469,35.459999084472656,739000
2020-10-23,35.601463317871094,36.22999954223633,36.560001373291016,35.970001220703125,36.2599983215332,545500
2020-10-26,34.52054214477539,35.130001068115234,35.7400016784668,34.88999938964844,35.720001220703125,706800
2020-10-27,33.55754852294922,34.150001525878906,35.18000030517578,34.150001525878906,34.959999084472656,758500
2020-10-28,32.6829833984375,33.2599983215332,33.900001525878906,33.119998931884766,33.189998626708984,972300
2020-10-29,33.62632751464844,34.220001220703125,34.54999923706055,32.75,33.04999923706055,863400
2020-10-30,34.07835006713867,34.68000030517578,34.880001068115234,34.06999969482422,34.16999816894531,907900
2020-11-02,36.682376861572266,37.33000183105469,37.56999969482422,35.38999938964844,36.13999938964844,1242200
2020-11-03,37.2326545715332,37.88999938964844,38.2599983215332,37.560001373291016,38.02999877929688,813300
2020-11-04,35.77833938598633,36.40999984741211,37.79999923706055,36.25,36.810001373291016,1022500
2020-11-05,37.2326545715332,37.88999938964844,38.20000076293945,36.59999847412109,36.59999847412109,895000
2020-11-06,37.03612518310547,37.68999862670898,38.59000015258789,37.63999938964844,38.02999877929688,764000
2020-11-09,41.81181716918945,42.54999923706055,43.459999084472656,41.040000915527344,41.380001068115234,1272300
2020-11-10,41.6251106262207,42.36000061035156,43.43000030517578,42.209999084472656,42.970001220703125,1086300
2020-11-11,40.63262939453125,41.34999847412109,42.59000015258789,41.04999923706055,42.58000183105469,915600
2020-11-12,40.337833404541016,41.04999923706055,41.59999847412109,40.58000183105469,41.040000915527344,829400
2020-11-13,41.56615447998047,42.29999923706055,42.470001220703125,41.27000045776367,41.63999938964844,611500
2020-11-16,42.873077392578125,43.630001068115234,43.81999969482422,42.68999862670898,43.81999969482422,590700
2020-11-17,42.91238021850586,43.66999816894531,43.810001373291016,42.58000183105469,43.0099983215332,654600
2020-11-18,42.322792053222656,43.06999969482422,44.119998931884766,43.06999969482422,43.77999877929688,574400
2020-11-19,42.077125549316406,42.81999969482422,42.93999862670898,41.869998931884766,42.65999984741211,846600
2020-11-20,41.67424392700195,42.40999984741211,43.290000915527344,42.27999877929688,42.68999862670898,808300
2020-11-23,42.77480697631836,43.52999877929688,43.59999847412109,42.86000061035156,43.02999877929688,955400
2020-11-24,44.17515563964844,44.88999938964844,45.0,44.209999084472656,44.45000076293945,1244100
2020-11-25,43.66343307495117,44.369998931884766,44.59999847412109,43.540000915527344,44.54999923706055,705300
2020-11-27,42.71871948242188,43.40999984741211,44.369998931884766,43.31999969482422,44.27000045776367,493600
2020-11-30,41.24260330200195,41.90999984741211,43.59000015258789,41.7400016784668,43.11000061035156,3556000
2020-12-01,41.88225936889648,42.560001373291016,43.40999984741211,42.5,42.959999084472656,1107600
2020-12-02,41.89209365844727,42.56999969482422,42.70000076293945,41.91999816894531,42.310001373291016,869200
2020-12-03,41.94129943847656,42.619998931884766,43.18999862670898,42.34999847412109,42.5099983215332,793500
2020-12-04,42.65967559814453,43.34999847412109,43.61000061035156,42.68000030517578,42.790000915527344,1025400
2020-12-07,42.079063415527344,42.7599983215332,43.310001373291016,42.65999984741211,42.9900016784668,876100
2020-12-08,42.67935562133789,43.369998931884766,43.5,42.16999816894531,42.209999084472656,1077000
2020-12-09,42.47270584106445,43.15999984741211,43.59000015258789,42.97999954223633,43.41999816894531,868700
2020-12-10,42.96473693847656,43.65999984741211,43.77000045776367,42.56999969482422,42.79999923706055,965900
2020-12-11,42.96473693847656,43.65999984741211,43.90999984741211,42.97999954223633,42.9900016784668,870100
2020-12-14,42.18732070922852,42.869998931884766,44.36000061035156,42.86000061035156,44.34999847412109,1251500
2020-12-15,43.62407684326172,44.33000183105469,44.52999877929688,43.2400016784668,43.25,1246200
2020-12-16,43.653594970703125,44.36000061035156,44.61000061035156,44.08000183105469,44.40999984741211,1060800
2020-12-17,43.70279312133789,44.40999984741211,44.7400016784668,44.0,44.54999923706055,1253100
2020-12-18,43.10251235961914,43.79999923706055,44.630001068115234,43.400001525878906,44.38999938964844,3606900
2020-12-21,43.072998046875,43.77000045776367,44.02000045776367,42.90999984741211,43.66999816894531,1206700
2020-12-22,42.36445236206055,43.04999923706055,43.97999954223633,43.02999877929688,43.59000015258789,920100
2020-12-23,43.397727966308594,44.09999847412109,44.38999938964844,43.4900016784668,43.4900016784668,1043900
2020-12-24,43.29932403564453,44.0,44.2400016784668,43.7400016784668,44.11000061035156,300100
2020-12-28,43.71264266967773,44.41999816894531,44.93000030517578,44.20000076293945,44.29999923706055,523600
2020-12-29,43.35838317871094,44.060001373291016,44.93999862670898,43.97999954223633,44.630001068115234,586700
2020-12-30,43.71264266967773,44.41999816894531,44.7400016784668,43.93000030517578,44.04999923706055,742500
2020-12-31,44.30307769775391,45.02000045776367,45.119998931884766,44.27000045776367,44.290000915527344,590500
2021-01-04,43.69295883178711,44.400001525878906,45.369998931884766,44.15999984741211,45.040000915527344,982800
2021-01-05,44.00786209106445,44.720001220703125,45.290000915527344,44.5,44.54999923706055,928000
2021-01-06,46.12361907958984,46.869998931884766,47.11000061035156,45.59999847412109,45.63999938964844,1076800
2021-01-07,46.00554656982422,46.75,47.16999816894531,46.29999923706055,47.16999816894531,1005400
2021-01-08,45.83824157714844,46.58000183105469,46.93000030517578,45.93999862670898,46.93000030517578,616400
2021-01-11,45.8087158203125,46.54999923706055,46.720001220703125,45.75,46.02000045776367,885200
2021-01-12,46.172828674316406,46.91999816894531,47.060001373291016,46.36000061035156,46.7599983215332,606500
2021-01-13,46.38932418823242,47.13999938964844,47.43999862670898,46.380001068115234,46.7599983215332,602400
2021-01-14,46.64519119262695,47.400001525878906,47.63999938964844,47.09000015258789,47.4900016784668,486700
2021-01-15,46.43852615356445,47.18999862670898,47.560001373291016,46.31999969482422,46.84000015258789,557900
2021-01-19,46.80263519287109,47.560001373291016,47.90999984741211,47.16999816894531,47.4900016784668,445500
2021-01-20,46.595977783203125,47.34999847412109,47.77999877929688,46.97999954223633,47.540000915527344,535600
2021-01-21,45.78903198242188,46.52999877929688,47.47999954223633,46.5099983215332,47.20000076293945,533700
2021-01-22,45.74967575073242,46.4900016784668,46.59999847412109,45.790000915527344,45.95000076293945,645300
2021-01-25,45.98585510253906,46.72999954223633,46.7400016784668,45.65999984741211,45.900001525878906,740300
2021-01-26,45.48398208618164,46.220001220703125,47.2400016784668,46.119998931884766,46.88999938964844,513500
2021-01-27,44.62782287597656,45.34999847412109,46.36000061035156,45.209999084472656,45.52000045776367,816100
2021-01-28,45.30684280395508,46.040000915527344,46.709999084472656,45.83000183105469,45.93000030517578,657300
2021-01-29,44.56878662109375,45.290000915527344,46.43000030517578,45.11000061035156,45.75,1602400
2021-02-01,45.14939880371094,45.880001068115234,46.15999984741211,45.16999816894531,45.630001068115234,667200
2021-02-02,45.43476867675781,46.16999816894531,46.4900016784668,45.619998931884766,46.22999954223633,673200
2021-02-03,46.15314102172852,46.900001525878906,47.06999969482422,45.959999084472656,45.97999954223633,657300
2021-02-04,47.04866027832031,47.810001373291016,47.900001525878906,47.0099983215332,47.09000015258789,693200
2021-02-05,47.03880310058594,47.79999923706055,48.459999084472656,47.77999877929688,48.31999969482422,837000
2021-02-08,47.64893341064453,48.41999816894531,48.84999847412109,47.220001220703125,48.59000015258789,739500
2021-02-09,47.33403015136719,48.09999847412109,48.5099983215332,48.09000015258789,48.18999862670898,575000
2021-02-10,47.22579574584961,47.9900016784668,48.29999923706055,47.650001525878906,48.2599983215332,552100
2021-02-11,47.45212173461914,48.220001220703125,48.36000061035156,47.58000183105469,47.9900016784668,471400
2021-02-12,47.84576034545898,48.619998931884766,48.630001068115234,48.04999923706055,48.09999847412109,634500
2021-02-16,47.99337005615234,48.77000045776367,49.29999923706055,48.59000015258789,49.08000183105469,919700
2021-02-17,47.74734878540039,48.52000045776367,48.77000045776367,47.84000015258789,48.7599983215332,1052200
2021-02-18,46.6058235168457,47.36000061035156,48.27999877929688,47.27999877929688,48.27999877929688,905500
2021-02-19,47.29467391967773,48.060001373291016,48.27999877929688,47.52999877929688,47.720001220703125,772800
2021-02-22,48.69206237792969,49.47999954223633,49.4900016784668,47.900001525878906,47.9900016784668,1557700
2021-02-23,49.70990753173828,50.45000076293945,50.70000076293945,49.310001373291016,49.84999847412109,1446500
2021-02-24,49.64093399047852,50.380001068115234,50.810001373291016,50.220001220703125,50.43000030517578,860100
2021-02-25,48.01514434814453,48.72999954223633,50.84999847412109,48.619998931884766,50.84999847412109,1068700
2021-02-26,47.10863494873047,47.810001373291016,48.650001525878906,47.61000061035156,48.52999877929688,1926000
2021-03-01,48.793548583984375,49.52000045776367,49.95000076293945,48.59999847412109,48.619998931884766,1017900
2021-03-02,48.65559768676758,49.380001068115234,49.84999847412109,49.2599983215332,49.47999954223633,812600
2021-03-03,48.86252212524414,49.59000015258789,50.5,49.150001525878906,49.290000915527344,777700
2021-03-04,48.24176406860352,48.959999084472656,49.61000061035156,48.15999984741211,49.43999862670898,772300
2021-03-05,49.31576919555664,50.04999923706055,50.380001068115234,49.18999862670898,49.63999938964844,990900
2021-03-08,49.46356964111328,50.20000076293945,51.15999984741211,49.95000076293945,50.369998931884766,1411900
2021-03-09,48.44867706298828,49.16999816894531,50.369998931884766,48.619998931884766,49.70000076293945,1048700
2021-03-10,49.75917053222656,50.5,50.65999984741211,48.91999816894531,49.09999847412109,812000
2021-03-11,49.473426818847656,50.209999084472656,50.58000183105469,49.59000015258789,50.06999969482422,755200
2021-03-12,50.813472747802734,51.56999969482422,51.61000061035156,50.27000045776367,50.900001525878906,1134800
2021-03-15,51.266719818115234,52.02999877929688,52.060001373291016,51.18000030517578,51.5099983215332,1272800
2021-03-16,50.62626647949219,51.380001068115234,51.59999847412109,50.36000061035156,51.59999847412109,1944000
2021-03-17,51.35540008544922,52.119998931884766,52.16999816894531,51.45000076293945,51.75,1351700
2021-03-18,52.08455276489258,52.86000061035156,53.290000915527344,52.0,52.36000061035156,1341600
2021-03-19,51.63129806518555,52.400001525878906,52.970001220703125,51.900001525878906,52.56999969482422,3396300
2021-03-22,50.94157028198242,51.70000076293945,52.119998931884766,51.119998931884766,52.060001373291016,3138100
2021-03-23,50.27154541015625,51.02000045776367,51.91999816894531,50.810001373291016,51.369998931884766,1163500
2021-03-24,50.15330505371094,50.900001525878906,51.72999954223633,50.869998931884766,51.22999954223633,957700
2021-03-25,51.23716735839844,52.0,52.16999816894531,50.400001525878906,51.060001373291016,625500
2021-03-26,51.887481689453125,52.65999984741211,52.720001220703125,51.869998931884766,52.400001525878906,470300
2021-03-29,51.37511444091797,52.13999938964844,52.540000915527344,51.61000061035156,51.93000030517578,875200
2021-03-30,51.8973388671875,52.66999816894531,52.81999969482422,52.11000061035156,52.380001068115234,678500
2021-03-31,50.5277214050293,51.27999877929688,52.59999847412109,51.22999954223633,52.41999816894531,1114100
2021-04-01,51.48350524902344,52.25,52.2599983215332,50.79999923706055,51.060001373291016,885900
2021-04-05,51.96631240844727,52.7400016784668,52.900001525878906,52.290000915527344,52.65999984741211,815000
2021-04-06,52.28161239624024,53.060001373291016,53.36000061035156,52.56999969482422,52.81999969482422,649600
2021-04-07,52.56735610961914,53.34999847412109,53.43000030517578,52.720001220703125,53.04999923706055,648200
2021-04-08,52.23235321044922,53.0099983215332,53.09000015258789,52.630001068115234,52.68000030517578,633500
2021-04-09,52.82354736328125,53.61000061035156,53.650001525878906,52.9900016784668,53.52999877929688,747000
2021-04-12,53.38518524169922,54.18000030517578,54.20000076293945,53.61000061035156,53.650001525878906,700000
2021-04-13,52.70531463623047,53.4900016784668,53.93000030517578,53.18000030517578,53.869998931884766,639600
2021-04-14,53.227535247802734,54.02000045776367,54.33000183105469,53.41999816894531,53.41999816894531,560600
2021-04-15,53.23738098144531,54.02999877929688,54.15999984741211,53.68000030517578,54.040000915527344,436600
2021-04-16,53.57240295410156,54.369998931884766,54.58000183105469,54.060001373291016,54.43000030517578,541200
2021-04-19,53.464012145996094,54.2599983215332,54.540000915527344,53.959999084472656,54.5,369000
2021-04-20,53.13885498046875,53.93000030517578,54.130001068115234,53.52999877929688,53.93999862670898,449300
2021-04-21,54.00593948364258,54.810001373291016,54.84000015258789,53.77000045776367,53.77000045776367,355600
2021-04-22,53.48371505737305,54.27999877929688,54.79999923706055,54.220001220703125,54.56999969482422,377600
2021-04-23,54.40007400512695,55.209999084472656,55.400001525878906,54.2599983215332,54.400001525878906,519700
2021-04-26,54.41977691650391,55.22999954223633,55.86000061035156,55.18999862670898,55.31999969482422,762900
2021-04-27,54.74494934082031,55.560001373291016,55.650001525878906,54.869998931884766,55.02000045776367,596700
2021-04-28,54.57743453979492,55.38999938964844,55.84999847412109,55.18000030517578,55.84999847412109,355700
2021-04-29,55.326271057128906,56.150001525878906,56.20000076293945,55.619998931884766,55.70000076293945,613000
2021-04-30,54.932159423828125,55.75,56.45000076293945,55.63999938964844,56.13999938964844,673700
2021-05-03,56.203224182128906,57.040000915527344,57.43999862670898,55.220001220703125,55.59000015258789,890100
2021-05-04,56.63677597045898,57.47999954223633,57.56999969482422,56.59999847412109,56.79999923706055,934100
2021-05-05,56.43970489501953,57.27999877929688,57.540000915527344,56.90999984741211,57.40999984741211,918300
2021-05-06,57.32650375366211,58.18000030517578,58.220001220703125,56.97999954223633,57.59999847412109,1210300
2021-05-07,57.58268737792969,58.43999862670898,58.4900016784668,57.29999923706055,57.40999984741211,650700
2021-05-10,57.57283782958984,58.43000030517578,59.38999938964844,58.400001525878906,58.59999847412109,957800
2021-05-11,56.863399505615234,57.709999084472656,58.459999084472656,57.43000030517578,58.18000030517578,825700
2021-05-12,55.82880401611328,56.65999984741211,58.130001068115234,56.560001373291016,58.130001068115234,869800
2021-05-13,57.29695129394531,58.150001525878906,58.52000045776367,56.2599983215332,56.34000015258789,607300
2021-05-14,58.06549835205078,58.93000030517578,59.209999084472656,58.18000030517578,58.29999923706055,479900
2021-05-17,57.5925407409668,58.45000076293945,58.810001373291016,58.11000061035156,58.65999984741211,736000
2021-05-18,57.287086486816406,58.13999938964844,58.81999969482422,58.11000061035156,58.310001373291016,689200
2021-05-19,57.35606384277344,58.209999084472656,58.209999084472656,56.95000076293945,57.68999862670898,691700
2021-05-20,56.91266250610352,57.7599983215332,58.18999862670898,57.18999862670898,58.18999862670898,1037600
2021-05-21,56.89295959472656,57.7400016784668,58.09999847412109,57.40999984741211,58.06999969482422,1421900
2021-05-24,57.72063446044922,58.58000183105469,58.79999923706055,58.0,58.08000183105469,543300
2021-05-25,56.57938003540039,57.36000061035156,58.88999938964844,57.33000183105469,58.47999954223633,926900
2021-05-26,56.7470703125,57.52999877929688,58.0,57.2400016784668,57.79999923706055,1087300
2021-05-27,57.388221740722656,58.18000030517578,58.27999877929688,57.470001220703125,58.040000915527344,2514400
2021-05-28,57.58550643920898,58.380001068115234,58.54999923706055,57.61000061035156,58.45000076293945,724400
2021-06-01,57.70387268066406,58.5,59.22999954223633,58.34999847412109,58.84000015258789,654600
2021-06-02,57.496726989746094,58.290000915527344,58.72999954223633,58.0,58.72999954223633,859800
2021-06-03,57.39807891845703,58.18999862670898,58.560001373291016,57.79999923706055,58.02000045776367,713300
2021-06-04,57.26986312866211,58.060001373291016,58.31999969482422,57.66999816894531,58.27000045776367,770300
2021-06-07,56.530067443847656,57.310001373291016,58.15999984741211,57.220001220703125,58.15999984741211,737200
2021-06-08,56.56951522827149,57.34999847412109,57.56999969482422,56.619998931884766,56.93000030517578,676000
2021-06-09,55.68177032470703,56.45000076293945,57.02999877929688,56.43999862670898,57.02999877929688,934100
2021-06-10,55.15898132324219,55.91999816894531,57.040000915527344,55.84000015258789,56.93999862670898,586500
2021-06-11,55.4844856262207,56.25,56.59999847412109,56.11000061035156,56.11000061035156,790700
2021-06-14,55.06033706665039,55.81999969482422,56.34000015258789,55.43000030517578,56.040000915527344,751100
2021-06-15,55.740943908691406,56.5099983215332,56.95000076293945,55.720001220703125,55.84999847412109,890700
2021-06-16,55.36612701416016,56.130001068115234,56.58000183105469,55.93999862670898,56.22999954223633,860100
2021-06-17,53.718849182128906,54.459999084472656,56.59000015258789,54.2400016784668,56.400001525878906,1223000
2021-06-18,52.2885856628418,53.0099983215332,53.900001525878906,52.93000030517578,53.45000076293945,2481600
2021-06-21,53.81748580932617,54.560001373291016,54.619998931884766,53.34999847412109,53.56999969482422,872700
2021-06-22,53.67939376831055,54.41999816894531,54.7599983215332,53.93999862670898,54.540000915527344,861300
2021-06-23,53.49198532104492,54.22999954223633,54.84999847412109,54.16999816894531,54.43999862670898,790800
2021-06-24,54.3698616027832,55.119998931884766,55.31999969482422,54.34999847412109,54.560001373291016,829700
2021-06-25,54.863067626953125,55.619998931884766,55.810001373291016,55.0099983215332,55.29999923706055,1143700
2021-06-28,53.76816940307617,54.5099983215332,55.36000061035156,54.38999938964844,55.36000061035156,1008300
2021-06-29,53.66953659057617,54.40999984741211,55.040000915527344,54.22999954223633,54.79999923706055,594600
2021-06-30,53.9062614440918,54.650001525878906,54.709999084472656,54.130001068115234,54.130001068115234,811900
2021-07-01,54.44877624511719,55.20000076293945,55.47999954223633,54.720001220703125,55.09000015258789,682700
2021-07-02,54.24163818359375,54.9900016784668,55.25,54.88999938964844,55.25,578400
2021-07-06,53.17633438110352,53.90999984741211,54.66999816894531,53.59999847412109,54.630001068115234,1224100
2021-07-07,53.36375045776367,54.09999847412109,54.36000061035156,53.5,53.5099983215332,786500
2021-07-08,52.16035079956055,52.880001068115234,53.61000061035156,52.56999969482422,53.2400016784668,932300
2021-07-09,53.96544647216797,54.709999084472656,54.810001373291016,53.58000183105469,53.58000183105469,1231600
2021-07-12,54.300819396972656,55.04999923706055,55.22999954223633,54.09000015258789,54.2400016784668,786000
2021-07-13,53.52156829833984,54.2599983215332,55.119998931884766,54.2400016784668,55.0,866100
2021-07-14,53.65966796875,54.400001525878906,55.130001068115234,54.150001525878906,54.380001068115234,707800
2021-07-15,53.847076416015625,54.59000015258789,55.09000015258789,53.68999862670898,53.68999862670898,1038300
2021-07-16,53.28483963012695,54.02000045776367,54.84000015258789,53.90999984741211,54.79999923706055,958800
2021-07-19,51.05558776855469,51.7599983215332,53.09000015258789,51.5,52.869998931884766,1163800
2021-07-20,52.60423278808594,53.33000183105469,53.97999954223633,51.68999862670898,51.70000076293945,1293900
2021-07-21,53.37361907958984,54.11000061035156,54.72999954223633,53.880001068115234,53.93999862670898,929800
2021-07-22,52.7916374206543,53.52000045776367,54.04999923706055,53.43000030517578,53.900001525878906,743500
2021-07-23,52.84096145629883,53.56999969482422,54.27999877929688,53.36000061035156,53.68000030517578,581300
2021-07-26,53.23552322387695,53.970001220703125,54.27000045776367,53.54999923706055,53.54999923706055,419900
2021-07-27,53.01851272583008,53.75,54.310001373291016,53.36000061035156,53.380001068115234,600100
2021-07-28,52.52531051635742,53.25,54.130001068115234,52.75,54.130001068115234,609600
2021-07-29,53.12701416015625,53.86000061035156,54.02999877929688,53.27999877929688,53.84000015258789,507900
2021-07-30,52.900150299072266,53.630001068115234,54.09999847412109,53.369998931884766,53.65999984741211,601700
2021-08-02,52.91987228393555,53.650001525878906,54.59999847412109,53.41999816894531,53.68999862670898,812400
2021-08-03,52.850833892822266,53.58000183105469,54.06999969482422,52.77999877929688,53.93999862670898,2132900
2021-08-04,52.2885856628418,53.0099983215332,53.66999816894531,52.84999847412109,53.209999084472656,1302600
2021-08-05,53.28483963012695,54.02000045776367,54.220001220703125,53.18000030517578,53.43000030517578,864800
2021-08-06,54.18245697021485,54.93000030517578,55.20000076293945,54.43999862670898,54.68000030517578,759400
2021-08-09,54.350135803222656,55.09999847412109,55.52999877929688,54.61000061035156,54.79999923706055,655200
2021-08-10,54.83346557617188,55.59000015258789,55.90999984741211,54.84999847412109,55.040000915527344,912800
2021-08-11,55.41544342041016,56.18000030517578,56.18999862670898,55.22999954223633,55.709999084472656,538900
2021-08-12,55.38583755493164,56.150001525878906,56.33000183105469,55.7599983215332,56.27000045776367,535900
2021-08-13,54.88278579711914,55.63999938964844,56.4900016784668,55.619998931884766,56.34999847412109,436500
2021-08-16,54.69538116455078,55.45000076293945,55.77000045776367,54.93000030517578,55.22999954223633,603000
2021-08-17,54.6884651184082,55.380001068115234,55.619998931884766,54.95000076293945,54.95000076293945,545300
2021-08-18,54.01696014404297,54.70000076293945,55.47999954223633,54.63999938964844,55.16999816894531,530300
2021-08-19,53.96758270263672,54.650001525878906,54.9900016784668,54.04999923706055,54.04999923706055,809300
2021-08-20,54.33296203613281,55.02000045776367,55.25,54.63999938964844,54.650001525878906,596600
2021-08-23,54.77734756469727,55.470001220703125,55.810001373291016,55.38999938964844,55.459999084472656,526300
2021-08-24,54.88596725463867,55.58000183105469,55.81999969482422,55.41999816894531,55.70000076293945,379000
2021-08-25,55.55747222900391,56.2599983215332,56.54999923706055,55.4900016784668,55.66999816894531,645200
2021-08-26,54.90571594238281,55.59999847412109,56.310001373291016,55.56999969482422,56.27000045776367,718800
2021-08-27,55.8241081237793,56.52999877929688,56.59000015258789,55.56999969482422,55.7599983215332,631800
2021-08-30,55.13284683227539,55.83000183105469,56.65999984741211,55.790000915527344,56.650001525878906,645600
2021-08-31,55.172340393066406,55.869998931884766,56.2400016784668,55.720001220703125,55.720001220703125,1648800
2021-09-01,54.96497344970703,55.65999984741211,55.970001220703125,55.29999923706055,55.970001220703125,977600
2021-09-02,54.77734756469727,55.470001220703125,55.93000030517578,55.34999847412109,55.650001525878906,613600
2021-09-03,54.07620620727539,54.7599983215332,55.36000061035156,54.45000076293945,55.36000061035156,796700
2021-09-07,54.23420715332031,54.91999816894531,55.310001373291016,54.4900016784668,54.7599983215332,1199100
2021-09-08,54.54033660888672,55.22999954223633,55.52999877929688,54.709999084472656,55.0,666900
2021-09-09,53.8984603881836,54.58000183105469,55.52000045776367,54.54999923706055,54.84000015258789,968100
2021-09-10,52.82206726074219,53.4900016784668,54.93999862670898,53.43000030517578,54.93999862670898,1004900
2021-09-13,53.37507629394531,54.04999923706055,54.36000061035156,53.56999969482422,53.95000076293945,993100
2021-09-14,52.51594161987305,53.18000030517578,54.22999954223633,53.02999877929688,54.22999954223633,905200
2021-09-15,53.29607009887695,53.970001220703125,54.04999923706055,53.02000045776367,53.15999984741211,1088600
2021-09-16,52.98006820678711,53.650001525878906,54.22999954223633,53.52999877929688,54.09000015258789,832200
2021-09-17,52.41718673706055,53.08000183105469,54.150001525878906,53.0,53.52000045776367,5592500
2021-09-20,51.60742568969727,52.2599983215332,52.43999862670898,51.34999847412109,52.06999969482422,1314800
2021-09-21,51.054420471191406,51.70000076293945,52.90999984741211,51.70000076293945,52.59999847412109,941300
2021-09-22,51.7160530090332,52.369998931884766,52.81999969482422,52.31999969482422,52.38999938964844,692300
2021-09-23,52.27892303466797,52.93999862670898,53.540000915527344,52.61000061035156,52.709999084472656,694800
2021-09-24,52.29868698120117,52.959999084472656,53.43000030517578,52.95000076293945,52.9900016784668,783500
2021-09-27,53.24669647216797,53.91999816894531,54.310001373291016,53.4900016784668,53.4900016784668,625600
2021-09-28,52.71343994140625,53.380001068115234,54.52000045776367,53.29999923706055,54.11000061035156,742300
2021-09-29,53.66145324707031,54.34000015258789,54.59000015258789,53.38999938964844,53.43999862670898,813100
2021-09-30,53.25657653808594,53.93000030517578,54.9900016784668,53.90999984741211,54.58000183105469,1075900
2021-10-01,54.579837799072266,55.27000045776367,55.63999938964844,54.06999969482422,54.27000045776367,838200
2021-10-04,54.34283065795898,55.02999877929688,56.09000015258789,54.880001068115234,55.36000061035156,802800
2021-10-05,55.57722473144531,56.27999877929688,56.4900016784668,54.9900016784668,55.29999923706055,1081300
2021-10-06,55.87348175048828,56.58000183105469,56.61000061035156,54.9900016784668,55.56999969482422,760300
2021-10-07,56.2191047668457,56.93000030517578,57.43000030517578,56.84999847412109,57.09999847412109,602000
2021-10-08,56.7029914855957,57.41999816894531,57.45000076293945,56.70000076293945,56.880001068115234,405200
2021-10-11,56.080867767333984,56.790000915527344,58.150001525878906,56.7400016784668,57.650001525878906,611000
2021-10-12,56.17961120605469,56.88999938964844,57.29999923706055,56.650001525878906,56.7400016784668,452800
2021-10-13,55.45872497558594,56.15999984741211,56.77999877929688,55.470001220703125,56.77999877929688,633600
2021-10-14,56.37711334228516,57.09000015258789,57.119998931884766,56.36000061035156,56.720001220703125,380800
2021-10-15,56.900489807128906,57.619998931884766,57.93999862670898,57.34999847412109,57.72999954223633,488400
2021-10-18,56.35736083984375,57.06999969482422,57.4900016784668,56.880001068115234,57.22999954223633,349900
2021-10-19,56.75237274169922,57.470001220703125,57.56999969482422,57.209999084472656,57.54999923706055,414700
2021-10-20,57.35475158691406,58.08000183105469,58.11000061035156,57.220001220703125,57.29999923706055,405800
2021-10-21,56.78199005126953,57.5,58.09999847412109,57.09000015258789,57.72999954223633,432500
2021-10-22,56.84125518798828,57.560001373291016,57.95000076293945,57.22999954223633,57.7599983215332,395600
2021-10-25,56.93999099731445,57.65999984741211,57.77000045776367,57.11000061035156,57.66999816894531,500100
2021-10-26,56.59437561035156,57.310001373291016,57.77999877929688,57.290000915527344,57.7400016784668,319300
2021-10-27,54.89583969116211,55.59000015258789,57.220001220703125,55.560001373291016,57.0,548000
2021-10-28,55.705604553222656,56.40999984741211,56.41999816894531,55.720001220703125,55.7599983215332,435700
2021-10-29,55.369850158691406,56.06999969482422,56.720001220703125,55.86000061035156,56.43999862670898,573000
2021-11-01,56.386985778808594,57.09999847412109,57.560001373291016,55.970001220703125,56.41999816894531,878000
2021-11-02,56.6733627319336,57.38999938964844,57.720001220703125,56.75,57.16999816894531,915600
2021-11-03,56.6733627319336,57.38999938964844,58.02999877929688,57.16999816894531,57.16999816894531,777600
2021-11-04,55.952484130859375,56.65999984741211,57.22999954223633,56.22999954223633,57.22999954223633,743200
2021-11-05,56.5054931640625,57.220001220703125,57.84000015258789,56.880001068115234,57.4900016784668,707100
2021-11-08,57.29549789428711,58.02000045776367,59.18999862670898,57.70000076293945,57.72999954223633,1019600
2021-11-09,56.93999099731445,57.65999984741211,58.130001068115234,57.36000061035156,57.59999847412109,584300
2021-11-10,56.5054931640625,57.220001220703125,58.06999969482422,56.79999923706055,57.77999877929688,876000
2021-11-11,56.84125518798828,57.560001373291016,57.72999954223633,56.97999954223633,57.130001068115234,630600
2021-11-12,56.327735900878906,57.040000915527344,57.540000915527344,56.52999877929688,57.540000915527344,557000
2021-11-15,55.5278549194336,56.22999954223633,57.27999877929688,56.11000061035156,57.27999877929688,596100
2021-11-16,55.77472686767578,56.47999954223633,56.88999938964844,56.18000030517578,56.43999862670898,941000
2021-11-17,56.45610809326172,57.16999816894531,57.400001525878906,56.43000030517578,56.619998931884766,762600
2021-11-18,55.98210906982422,56.68999862670898,57.619998931884766,56.27000045776367,57.119998931884766,730400
2021-11-19,54.93534469604492,55.630001068115234,56.2599983215332,54.81999969482422,56.16999816894531,957300
2021-11-22,55.99198913574219,56.70000076293945,57.2599983215332,55.61000061035156,55.61000061035156,920500
2021-11-23,56.74629974365234,57.400001525878906,57.75,56.93000030517578,57.060001373291016,722400
2021-11-24,56.20255279541016,56.84999847412109,57.38999938964844,56.70000076293945,57.2599983215332,889500
2021-11-26,54.44282913208008,55.06999969482422,55.630001068115234,54.25,54.86000061035156,888700
2021-11-29,54.48237228393555,55.11000061035156,55.68000030517578,54.619998931884766,55.58000183105469,1077300
2021-11-30,52.851165771484375,53.459999084472656,55.02000045776367,53.25,54.43000030517578,2767500
2021-12-01,52.82150650024414,53.43000030517578,55.220001220703125,53.38999938964844,54.43000030517578,1305700
2021-12-02,54.44282913208008,55.06999969482422,55.59999847412109,53.59000015258789,53.91999816894531,959500
2021-12-03,54.2451057434082,54.869998931884766,55.56999969482422,54.56999969482422,55.09999847412109,988200
2021-12-06,55.57973861694336,56.220001220703125,56.810001373291016,55.880001068115234,55.93999862670898,833100
2021-12-07,56.20255279541016,56.84999847412109,57.119998931884766,56.380001068115234,56.5,880800
2021-12-08,56.14324569702149,56.790000915527344,57.25,56.630001068115234,56.900001525878906,666400
2021-12-09,55.99494552612305,56.63999938964844,57.150001525878906,56.220001220703125,56.400001525878906,791400
2021-12-10,56.44971084594727,57.09999847412109,57.18000030517578,56.70000076293945,57.060001373291016,620300
2021-12-13,56.12346649169922,56.77000045776367,57.13999938964844,56.0,56.84999847412109,656000
2021-12-14,56.06414794921875,56.709999084472656,57.560001373291016,56.619998931884766,56.84000015258789,917300
2021-12-15,56.429935455322266,57.08000183105469,57.38999938964844,56.77999877929688,56.970001220703125,816000
2021-12-16,57.25048065185547,57.90999984741211,58.29999923706055,57.470001220703125,57.59999847412109,660400
2021-12-17,56.13335037231445,56.77999877929688,57.7400016784668,56.70000076293945,57.7400016784668,2051400
2021-12-20,54.947021484375,55.58000183105469,56.150001525878906,55.119998931884766,56.04999923706055,952700
2021-12-21,56.11357879638672,56.7599983215332,57.25,56.15999984741211,56.2599983215332,583800
2021-12-22,56.11357879638672,56.7599983215332,56.86000061035156,56.2400016784668,56.540000915527344,496100
2021-12-23,56.37061309814453,57.02000045776367,57.5099983215332,56.75,57.02000045776367,460800
2021-12-27,57.062644958496094,57.720001220703125,57.7599983215332,56.810001373291016,56.97999954223633,339700
2021-12-28,57.52729034423828,58.18999862670898,58.470001220703125,57.59000015258789,57.59000015258789,360200
2021-12-29,57.50751495361328,58.16999816894531,58.4900016784668,58.06999969482422,58.310001373291016,333500
2021-12-30,57.12196731567383,57.77999877929688,58.38999938964844,57.709999084472656,58.2599983215332,407100
2021-12-31,57.10218811035156,57.7599983215332,58.16999816894531,57.43000030517578,57.650001525878906,604200
2022-01-03,57.43831253051758,58.09999847412109,58.560001373291016,57.97999954223633,58.09999847412109,410100
2022-01-04,58.7136344909668,59.38999938964844,59.75,58.68000030517578,58.68000030517578,606500
2022-01-05,58.11057662963867,58.77999877929688,59.900001525878906,58.63999938964844,59.709999084472656,669500
2022-01-06,58.6839714050293,59.36000061035156,59.790000915527344,59.09999847412109,59.63999938964844,568700
2022-01-07,60.087799072265625,60.77999877929688,60.88999938964844,59.11000061035156,59.43000030517578,865700
2022-01-10,60.038368225097656,60.72999954223633,61.15999984741211,60.08000183105469,60.900001525878906,561700
2022-01-11,60.43381118774414,61.130001068115234,61.18000030517578,60.04999923706055,60.93999862670898,629100
2022-01-12,60.48323822021485,61.18000030517578,61.38999938964844,60.83000183105469,61.04999923706055,466000
2022-01-13,60.78971481323242,61.4900016784668,61.93000030517578,61.310001373291016,61.369998931884766,786200
2022-01-14,60.92811584472656,61.630001068115234,61.68000030517578,60.56999969482422,60.959999084472656,470600
2022-01-18,60.21631622314453,60.90999984741211,61.65999984741211,60.66999816894531,61.5,421400
2022-01-19,58.91135787963867,59.59000015258789,61.09999847412109,59.52000045776367,61.09999847412109,364300
2022-01-20,58.41703796386719,59.09000015258789,60.58000183105469,58.959999084472656,59.66999816894531,449800
2022-01-21,57.48775100708008,58.150001525878906,59.31999969482422,57.95000076293945,59.11000061035156,482800
2022-01-24,58.28852462768555,58.959999084472656,59.09999847412109,56.93999862670898,57.52999877929688,875000
2022-01-25,57.65580749511719,58.31999969482422,58.869998931884766,56.90999984741211,58.18999862670898,799600
2022-01-26,57.98206329345703,58.650001525878906,59.40999984741211,57.9900016784668,58.75,576600
2022-01-27,57.60638046264648,58.27000045776367,60.0099983215332,57.900001525878906,59.15999984741211,558500
2022-01-28,58.21931838989258,58.88999938964844,58.900001525878906,57.70000076293945,58.060001373291016,836900
2022-01-31,58.98054885864258,59.65999984741211,59.75,57.9900016784668,58.29999923706055,1536000
2022-02-01,59.890079498291016,60.58000183105469,60.75,59.400001525878906,59.63999938964844,641300
2022-02-02,60.69084548950195,61.38999938964844,61.459999084472656,60.5,60.52000045776367,645600
2022-02-03,60.40414810180664,61.09999847412109,61.95000076293945,60.959999084472656,61.75,479000
2022-02-04,60.57221603393555,61.27000045776367,61.86000061035156,60.810001373291016,61.0099983215332,590800
2022-02-07,60.13723373413086,60.83000183105469,63.18999862670898,60.5,61.7599983215332,881500
2022-02-08,61.04674911499024,61.75,62.040000915527344,61.209999084472656,61.29999923706055,753700
2022-02-09,60.87868881225586,61.58000183105469,62.11000061035156,61.52000045776367,62.02999877929688,485300
2022-02-10,61.392765045166016,62.09999847412109,62.45000076293945,61.0099983215332,61.0099983215332,1162400
2022-02-11,60.93800735473633,61.63999938964844,62.72999954223633,61.380001068115234,61.90999984741211,1013200
2022-02-14,60.43381118774414,61.130001068115234,62.060001373291016,60.470001220703125,61.88999938964844,1007700
2022-02-15,60.75016784667969,61.45000076293945,62.02000045776367,61.15999984741211,61.58000183105469,631000
2022-02-16,61.35322189331055,62.060001373291016,62.13999938964844,60.68999862670898,61.20000076293945,681400
2022-02-17,60.30529022216797,61.0,61.7400016784668,60.84999847412109,61.43999862670898,575500
2022-02-18,60.8984603881836,61.59999847412109,61.90999984741211,60.68000030517578,60.77000045776367,763500
2022-02-22,60.37692642211914,61.0099983215332,61.7599983215332,60.59000015258789,61.650001525878906,663300
2022-02-23,59.525856018066406,60.150001525878906,61.630001068115234,59.95000076293945,61.34000015258789,675800
2022-02-24,58.38779067993164,59.0,59.119998931884766,57.560001373291016,58.52999877929688,1050800
2022-02-25,61.18842315673828,61.83000183105469,61.93000030517578,59.63999938964844,59.650001525878906,1064300
2022-02-28,60.70350646972656,61.34000015258789,61.4900016784668,60.02000045776367,60.02000045776367,963600
2022-03-01,59.09041976928711,59.709999084472656,61.22999954223633,59.47999954223633,61.02000045776367,968700
2022-03-02,60.85195159912109,61.4900016784668,61.880001068115234,60.380001068115234,60.43000030517578,695300
2022-03-03,60.90143203735352,61.540000915527344,61.90999984741211,61.0099983215332,61.5099983215332,419800
2022-03-04,60.2482795715332,60.880001068115234,61.0,59.93999862670898,60.119998931884766,658900
2022-03-07,59.060733795166016,59.68000030517578,60.68999862670898,59.66999816894531,60.290000915527344,1012700
2022-03-08,59.43679428100586,60.060001373291016,61.20000076293945,59.7599983215332,60.43999862670898,1118800
2022-03-09,60.39672088623047,61.02999877929688,62.34000015258789,60.9900016784668,61.459999084472656,900200
2022-03-10,60.2680778503418,60.900001525878906,61.20000076293945,60.36000061035156,60.36000061035156,961600
2022-03-11,60.2482795715332,60.880001068115234,61.869998931884766,60.7599983215332,61.22999954223633,648400
2022-03-14,61.03007888793945,61.66999816894531,62.29999923706055,61.20000076293945,61.900001525878906,715900
2022-03-15,62.01969909667969,62.66999816894531,62.68999862670898,61.68000030517578,62.130001068115234,922300
2022-03-16,62.65305709838867,63.310001373291016,63.34000015258789,62.29999923706055,62.79999923706055,1526200
2022-03-17,63.13798141479492,63.79999923706055,63.79999923706055,62.47999954223633,62.88999938964844,980900
2022-03-18,62.60357666015625,63.2599983215332,63.720001220703125,62.38999938964844,63.720001220703125,2788300
2022-03-21,63.32600021362305,63.9900016784668,64.04000091552734,63.220001220703125,63.65999984741211,1001600
2022-03-22,63.86039733886719,64.52999877929688,64.9000015258789,64.02999877929688,64.19999694824219,800800
2022-03-23,63.236942291259766,63.900001525878906,64.61000061035156,63.88999938964844,64.38999938964844,466000
2022-03-24,63.9395751953125,64.61000061035156,64.7699966430664,63.93999862670898,64.0999984741211,740900
2022-03-25,64.82034301757812,65.5,65.52999877929688,64.5,64.6500015258789,1052700
2022-03-28,64.6619873046875,65.33999633789062,65.47000122070312,64.62000274658203,65.2300033569336,745900
2022-03-29,64.93909454345703,65.62000274658203,66.0,65.12000274658203,66.0,625800
2022-03-30,64.85002136230469,65.52999877929688,65.91000366210938,65.1500015258789,65.80999755859375,446300
2022-03-31,64.14739990234375,64.81999969482422,65.94999694824219,64.77999877929688,65.36000061035156,807100
2022-04-01,64.58282470703125,65.26000213623047,65.7699966430664,64.93000030517578,65.69000244140625,638700
2022-04-04,63.197357177734375,63.86000061035156,65.16999816894531,63.77000045776367,65.0,682100
2022-04-05,62.64316177368164,63.29999923706055,64.51000213623047,63.11000061035156,63.86000061035156,1131900
2022-04-06,62.702545166015625,63.36000061035156,63.93999862670898,62.959999084472656,63.16999816894531,887100
2022-04-07,62.90047073364258,63.560001373291016,64.11000061035156,62.77000045776367,64.11000061035156,1087800
2022-04-08,63.76144790649414,64.43000030517578,64.62999725341797,63.59000015258789,63.7599983215332,682900
2022-04-11,63.98906326293945,64.66000366210938,65.1500015258789,64.44000244140625,64.44000244140625,523500
2022-04-12,63.840614318847656,64.51000213623047,65.25,64.29000091552734,64.6500015258789,555800
2022-04-13,64.08802032470703,64.76000213623047,64.93000030517578,64.01000213623047,64.30000305175781,629100
2022-04-14,64.4739761352539,65.1500015258789,65.41999816894531,64.83000183105469,64.83000183105469,540200
2022-04-18,64.82034301757812,65.5,65.68000030517578,64.77999877929688,64.77999877929688,690000
2022-04-19,64.99848175048828,65.68000030517578,65.87999725341797,64.9800033569336,65.58000183105469,865800
2022-04-20,66.6610336303711,67.36000061035156,67.44999694824219,65.83000183105469,66.0,1287300
2022-04-21,65.96831512451172,66.66000366210938,68.19999694824219,66.5999984741211,67.5,995100
2022-04-22,64.03852844238281,64.70999908447266,66.4000015258789,64.68000030517578,66.2699966430664,849800
2022-04-25,64.00885772705078,64.68000030517578,64.83000183105469,62.91999816894531,64.20999908447266,990200
2022-04-26,62.78171157836914,63.43999862670898,64.9000015258789,63.41999816894531,64.19000244140625,615700
2022-04-27,63.44476318359375,64.11000061035156,64.73999786376953,63.38999938964844,63.75,581100
2022-04-28,63.90989303588867,64.58000183105469,64.7300033569336,63.72999954223633,64.58000183105469,864700
2022-04-29,62.18794631958008,62.84000015258789,64.44999694824219,62.59999847412109,64.12999725341797,1140700
2022-05-02,60.931114196777344,61.56999969482422,63.04999923706055,60.45000076293945,62.93000030517578,1123200
2022-05-03,62.13846206665039,62.790000915527344,63.25,61.66999816894531,62.06999969482422,1143700
2022-05-04,64.17708587646484,64.8499984741211,64.88999938964844,62.970001220703125,63.060001373291016,645000
2022-05-05,63.098392486572266,63.7599983215332,64.70999908447266,63.119998931884766,64.25,604900
2022-05-06,63.77132797241211,64.44000244140625,64.7699966430664,63.22999954223633,63.720001220703125,917200
2022-05-09,62.42544555664063,63.08000183105469,64.52999877929688,62.810001373291016,64.05000305175781,825500
2022-05-10,62.07908248901367,62.72999954223633,64.22000122070312,62.27999877929688,63.45000076293945,1022700
2022-05-11,61.73271942138672,62.380001068115234,63.880001068115234,62.310001373291016,62.90999984741211,883200
2022-05-12,61.29727554321289,61.93999862670898,62.63999938964844,60.959999084472656,62.34000015258789,1040500
2022-05-13,62.494728088378906,63.150001525878906,63.40999984741211,62.38999938964844,62.41999816894531,691300
2022-05-16,62.44524002075195,63.09999847412109,63.88999938964844,62.900001525878906,63.150001525878906,1089900
2022-05-17,64.12760162353516,64.80000305175781,64.88999938964844,63.7599983215332,63.79999923706055,1304100
2022-05-18,62.8015022277832,63.459999084472656,64.6500015258789,63.27999877929688,64.4800033569336,949900
2022-05-19,62.28689956665039,62.93999862670898,63.33000183105469,61.619998931884766,62.709999084472656,1253300
2022-05-20,62.13846206665039,62.790000915527344,63.65999984741211,61.95000076293945,63.2400016784668,3710800
2022-05-23,63.43486022949219,64.0999984741211,64.44999694824219,63.38999938964844,63.88999938964844,1277700
2022-05-24,63.32887649536133,63.93000030517578,64.16000366210938,62.58000183105469,63.93000030517578,909500
2022-05-25,63.59632873535156,64.19999694824219,64.30000305175781,63.4900016784668,63.4900016784668,1487200
2022-05-26,64.17086791992188,64.77999877929688,65.06999969482422,64.68000030517578,64.87000274658203,695700
2022-05-27,65.31006622314453,65.93000030517578,65.94999694824219,64.7300033569336,64.88999938964844,910300
2022-05-31,64.87420654296875,65.48999786376953,66.33999633789062,64.93000030517578,65.51000213623047,1985800
2022-06-01,64.14115905761719,64.75,65.79000091552734,63.650001525878906,65.4800033569336,741300
2022-06-02,64.75533294677734,65.37000274658203,65.37999725341797,63.91999816894531,64.93000030517578,577700
2022-06-03,64.1312484741211,64.73999786376953,65.19000244140625,64.52999877929688,64.83999633789062,503000
2022-06-06,63.883602142333984,64.48999786376953,65.5199966430664,64.30000305175781,65.20999908447266,777800
2022-06-07,64.24021911621094,64.8499984741211,64.88999938964844,63.790000915527344,64.19999694824219,1200900
2022-06-08,62.81376266479492,63.40999984741211,64.29000091552734,63.400001525878906,64.22000122070312,687100
2022-06-09,60.99106216430664,61.56999969482422,63.459999084472656,61.540000915527344,63.369998931884766,675300
2022-06-10,59.77263259887695,60.34000015258789,61.0099983215332,60.25,60.25,1219700
2022-06-13,57.76171112060547,58.310001373291016,59.869998931884766,58.0,59.2599983215332,1086200
2022-06-14,57.98954772949219,58.540000915527344,59.33000183105469,58.34000015258789,58.5099983215332,1109100
2022-06-15,58.35607147216797,58.90999984741211,59.7400016784668,58.52999877929688,59.150001525878906,1373400
2022-06-16,56.36497497558594,56.900001525878906,58.220001220703125,56.68000030517578,57.86000061035156,1318200
2022-06-17,56.99895858764648,57.540000915527344,57.90999984741211,56.72999954223633,57.27999877929688,2174000
2022-06-21,57.94002532958984,58.4900016784668,58.95000076293945,57.88999938964844,58.709999084472656,1305500
2022-06-22,57.86077117919922,58.40999984741211,58.93999862670898,57.56999969482422,57.56999969482422,1115000
2022-06-23,57.47443771362305,58.02000045776367,58.880001068115234,57.4900016784668,58.34000015258789,703900
2022-06-24,59.20798873901367,59.77000045776367,59.900001525878906,58.400001525878906,58.400001525878906,1645600
2022-06-27,59.22780227661133,59.790000915527344,60.2400016784668,59.459999084472656,59.959999084472656,753000
2022-06-28,58.9702377319336,59.52999877929688,60.79999923706055,59.47999954223633,60.369998931884766,624300
2022-06-29,58.4848518371582,59.040000915527344,59.77999877929688,58.97999954223633,59.75,496000
2022-06-30,58.70278549194336,59.2599983215332,59.650001525878906,58.20000076293945,58.369998931884766,914500
2022-07-01,59.58441925048828,60.150001525878906,60.18999862670898,58.84000015258789,59.18999862670898,864200
2022-07-05,57.930118560791016,58.47999954223633,59.33000183105469,57.75,59.27999877929688,772000
2022-07-06,57.97964096069336,58.52999877929688,59.02000045776367,57.52999877929688,58.40999984741211,574700
2022-07-07,58.078704833984375,58.630001068115234,59.560001373291016,58.59999847412109,59.09999847412109,970100
2022-07-08,57.38528060913086,57.93000030517578,59.27999877929688,57.869998931884766,58.95000076293945,993000
2022-07-11,57.40509796142578,57.95000076293945,58.38999938964844,57.540000915527344,57.540000915527344,583300
2022-07-12,57.18716812133789,57.72999954223633,58.36000061035156,57.130001068115234,57.5099983215332,748800
2022-07-13,56.74140548706055,57.27999877929688,57.7400016784668,56.970001220703125,57.209999084472656,768300
2022-07-14,55.08710479736328,55.61000061035156,56.43999862670898,55.43000030517578,56.0,1046200
2022-07-15,55.91920471191406,56.45000076293945,56.81999969482422,56.0099983215332,56.470001220703125,796000
2022-07-18,55.711185455322266,56.2400016784668,57.25,56.119998931884766,56.93000030517578,795700
2022-07-19,57.18716812133789,57.72999954223633,57.77999877929688,56.90999984741211,56.90999984741211,676900
2022-07-20,57.15745544433594,57.70000076293945,57.95000076293945,57.25,57.56999969482422,616100
2022-07-21,56.86027908325195,57.400001525878906,57.43000030517578,56.650001525878906,57.380001068115234,494200
2022-07-22,56.5135612487793,57.04999923706055,57.84000015258789,56.66999816894531,57.5099983215332,472700
2022-07-25,57.27632522583008,57.81999969482422,58.09000015258789,57.18999862670898,57.459999084472656,437200
2022-07-26,57.32585525512695,57.869998931884766,58.209999084472656,57.52000045776367,57.84999847412109,429700
2022-07-27,57.46453857421875,58.0099983215332,58.290000915527344,57.2599983215332,58.119998931884766,733400
2022-07-28,57.19707107543945,57.7400016784668,58.290000915527344,56.52000045776367,58.08000183105469,575600
2022-07-29,57.70227813720703,58.25,58.630001068115234,57.97999954223633,57.97999954223633,693100
2022-08-01,55.126731872558594,55.650001525878906,56.97999954223633,54.630001068115234,56.47999954223633,1951800
2022-08-02,54.819637298583984,55.34000015258789,55.9900016784668,54.88999938964844,55.45000076293945,1176300
2022-08-03,54.819637298583984,55.34000015258789,55.84999847412109,54.900001525878906,55.61000061035156,1019900
2022-08-04,53.8686637878418,54.380001068115234,55.36000061035156,54.34999847412109,55.09000015258789,848300
2022-08-05,54.60171127319336,55.119998931884766,55.20000076293945,54.09999847412109,54.27999877929688,666500
2022-08-08,54.84936141967773,55.369998931884766,56.130001068115234,55.36000061035156,55.470001220703125,748300
2022-08-09,55.53286743164063,56.060001373291016,56.22999954223633,55.59000015258789,55.61000061035156,601100
2022-08-10,56.454132080078125,56.9900016784668,57.04999923706055,56.5099983215332,56.61000061035156,713800
2022-08-11,56.96923828125,57.5099983215332,57.81999969482422,57.380001068115234,57.400001525878906,499300
2022-08-12,58.15795135498047,58.709999084472656,58.720001220703125,57.72999954223633,57.72999954223633,651900
2022-08-15,57.930118560791016,58.47999954223633,58.650001525878906,57.84999847412109,58.04999923706055,560400
2022-08-16,58.3099250793457,58.79999923706055,58.93999862670898,58.290000915527344,58.290000915527344,574400
2022-08-17,57.98268127441406,58.470001220703125,58.97999954223633,58.27000045776367,58.27000045776367,1022300
2022-08-18,58.45867919921875,58.95000076293945,58.959999084472656,58.52999877929688,58.52999877929688,598500
2022-08-19,57.75458908081055,58.2400016784668,58.95000076293945,58.119998931884766,58.84999847412109,1339200
2022-08-22,56.48526382446289,56.959999084472656,57.7599983215332,56.869998931884766,57.61000061035156,726700
2022-08-23,56.52492904663086,57.0,57.38999938964844,56.72999954223633,57.290000915527344,696300
2022-08-24,56.71334457397461,57.18999862670898,57.25,56.7400016784668,56.970001220703125,755000
2022-08-25,57.46700668334961,57.95000076293945,57.959999084472656,57.130001068115234,57.54999923706055,477900
2022-08-26,56.32659149169922,56.79999923706055,58.380001068115234,56.77999877929688,58.060001373291016,652900
2022-08-29,56.00926208496094,56.47999954223633,57.04999923706055,56.20000076293945,56.43999862670898,763600
2022-08-30,55.27543258666992,55.7400016784668,56.790000915527344,55.61000061035156,56.41999816894531,925200
2022-08-31,54.84901809692383,55.310001373291016,56.11000061035156,55.29999923706055,55.90999984741211,1170200
2022-09-01,55.04734802246094,55.5099983215332,55.52999877929688,54.709999084472656,55.15999984741211,854200
2022-09-02,54.96800994873047,55.43000030517578,56.869998931884766,55.18000030517578,56.18000030517578,823500
2022-09-06,54.86885070800781,55.33000183105469,56.119998931884766,55.18000030517578,55.900001525878906,1177000
2022-09-07,55.761348724365234,56.22999954223633,56.43000030517578,55.18000030517578,55.18000030517578,1016900
2022-09-08,56.19767379760742,56.66999816894531,56.75,55.68000030517578,56.0,891300
2022-09-09,56.38609313964844,56.86000061035156,57.29999923706055,56.72999954223633,56.810001373291016,768900
2022-09-12,56.97117614746094,57.45000076293945,57.790000915527344,57.02999877929688,57.25,764500
2022-09-13,55.38450622558594,55.84999847412109,57.04999923706055,55.7400016784668,56.68000030517578,946500
2022-09-14,54.90851211547852,55.369998931884766,56.22999954223633,55.040000915527344,56.09000015258789,1242200
2022-09-15,54.95809173583984,55.41999816894531,56.08000183105469,55.29999923706055,55.54999923706055,961300
2022-09-16,53.51026153564453,53.959999084472656,55.02000045776367,53.7400016784668,55.02000045776367,2780800
2022-09-19,54.65068054199219,55.11000061035156,55.130001068115234,53.45000076293945,53.45000076293945,1150500
2022-09-20,53.35159683227539,53.79999923706055,54.77000045776367,53.25,54.59999847412109,1086900
2022-09-21,52.43927001953125,52.880001068115234,54.5,52.84999847412109,54.09999847412109,916800
2022-09-22,51.38809585571289,51.81999969482422,52.84999847412109,51.77000045776367,52.84999847412109,877700
2022-09-23,50.57493209838867,51.0,51.400001525878906,50.34000015258789,51.209999084472656,892100
2022-09-26,49.25601959228516,49.66999816894531,51.04999923706055,49.36000061035156,50.66999816894531,998100
2022-09-27,49.7022705078125,50.119998931884766,50.43999862670898,49.459999084472656,50.11000061035156,791400
2022-09-28,50.49559783935547,50.91999816894531,51.15999984741211,50.15999984741211,50.43999862670898,1133500
2022-09-29,50.34685516357422,50.77000045776367,50.90999984741211,50.04999923706055,50.54999923706055,1060000
2022-09-30,49.42460250854492,49.84000015258789,51.130001068115234,49.7599983215332,50.79999923706055,1318100
2022-10-03,51.090599060058594,51.52000045776367,51.900001525878906,49.77000045776367,50.47999954223633,990300
2022-10-04,52.746681213378906,53.18999862670898,53.27999877929688,52.0,52.0,910900
2022-10-05,52.35992813110352,52.79999923706055,53.09000015258789,52.54999923706055,52.70000076293945,774900
2022-10-06,51.71534729003906,52.150001525878906,52.630001068115234,52.119998931884766,52.36000061035156,806100
2022-10-07,50.922019958496094,51.34999847412109,51.93999862670898,51.040000915527344,51.90999984741211,760900
2022-10-10,51.00135040283203,51.43000030517578,51.97999954223633,51.27000045776367,51.619998931884766,461100
2022-10-11,51.48726272583008,51.91999816894531,52.619998931884766,51.31999969482422,51.31999969482422,627300
2022-10-12,51.05093002319336,51.47999954223633,52.06999969482422,51.47999954223633,51.790000915527344,554500
2022-10-13,53.21276473999024,53.65999984741211,53.869998931884766,50.68000030517578,51.040000915527344,878300
2022-10-14,52.55826568603516,53.0,54.59000015258789,52.88999938964844,54.18999862670898,842900
2022-10-17,53.15326690673828,53.59999847412109,54.27000045776367,53.369998931884766,53.790000915527344,889300
2022-10-18,54.15485000610352,54.61000061035156,55.119998931884766,54.20000076293945,54.77999877929688,864600
2022-10-19,54.08543014526367,54.540000915527344,55.13999938964844,54.02000045776367,54.470001220703125,617000
2022-10-20,53.19292831420898,53.63999938964844,54.88999938964844,53.560001373291016,54.040000915527344,624600
2022-10-21,55.03743362426758,55.5,55.54999923706055,53.63999938964844,53.88999938964844,874300
2022-10-24,55.38450622558594,55.84999847412109,56.4900016784668,55.59000015258789,55.84000015258789,603100
2022-10-25,55.295257568359375,55.7599983215332,55.959999084472656,55.06999969482422,55.36000061035156,715900
2022-10-26,55.503517150878906,55.970001220703125,56.29999923706055,55.7400016784668,56.220001220703125,524100
2022-10-27,55.89026641845703,56.36000061035156,57.15999984741211,56.2599983215332,56.5,768300
2022-10-28,57.50667572021485,57.9900016784668,58.060001373291016,56.720001220703125,56.790000915527344,785300
2022-10-31,56.54476165771485,57.02000045776367,57.84000015258789,56.36000061035156,57.25,1029500
2022-11-01,56.01918411254883,56.4900016784668,57.619998931884766,56.29999923706055,57.27999877929688,1014900
2022-11-02,55.04734802246094,55.5099983215332,57.0099983215332,55.41999816894531,56.22999954223633,812800
2022-11-03,54.759765625,55.220001220703125,55.619998931884766,54.52000045776367,54.93999862670898,554500
2022-11-04,55.0076789855957,55.470001220703125,56.33000183105469,54.9900016784668,55.91999816894531,687600
2022-11-07,55.136600494384766,55.59999847412109,55.93999862670898,55.04999923706055,55.93999862670898,688500
2022-11-08,55.186180114746094,55.650001525878906,55.869998931884766,54.93000030517578,55.59000015258789,488100
2022-11-09,54.00609970092773,54.459999084472656,55.43999862670898,54.27000045776367,55.380001068115234,662300
2022-11-10,56.11834335327149,56.59000015258789,56.63999938964844,55.59000015258789,56.0099983215332,774000
2022-11-11,55.503517150878906,55.970001220703125,57.130001068115234,55.720001220703125,57.130001068115234,659200
2022-11-14,55.02751922607422,55.4900016784668,56.790000915527344,55.41999816894531,55.97999954223633,495700
2022-11-15,55.11676025390625,55.58000183105469,55.959999084472656,54.90999984741211,55.880001068115234,679400
2022-11-16,55.16634368896485,55.630001068115234,55.869998931884766,55.09999847412109,55.63999938964844,773000
2022-11-17,55.5630111694336,56.02999877929688,56.09000015258789,55.06999969482422,55.06999969482422,651600
2022-11-18,56.148094177246094,56.619998931884766,57.0099983215332,55.959999084472656,56.63999938964844,761500
2022-11-21,56.33651351928711,56.810001373291016,56.9900016784668,56.27999877929688,56.560001373291016,447000
2022-11-22,56.68695068359375,57.09999847412109,57.52999877929688,56.95000076293945,57.18000030517578,539500
2022-11-23,56.89543533325195,57.310001373291016,57.31999969482422,56.7599983215332,57.02999877929688,524400
2022-11-25,56.99471282958984,57.40999984741211,57.650001525878906,57.18000030517578,57.59999847412109,277900
2022-11-28,56.35934829711914,56.77000045776367,57.369998931884766,56.63999938964844,56.9900016784668,738700
2022-11-29,57.36204147338867,57.77999877929688,57.84000015258789,56.5099983215332,56.68999862670898,656100
2022-11-30,57.72936248779297,58.150001525878906,58.290000915527344,56.61000061035156,57.619998931884766,2660900
2022-12-01,57.62016296386719,58.040000915527344,58.869998931884766,57.650001525878906,58.65999984741211,861700
2022-12-02,57.25283432006836,57.66999816894531,57.77000045776367,56.900001525878906,57.58000183105469,699600
2022-12-05,55.92252731323242,56.33000183105469,57.40999984741211,56.09999847412109,57.369998931884766,667600
2022-12-06,56.70681381225586,57.119998931884766,57.209999084472656,56.08000183105469,56.310001373291016,875000
2022-12-07,55.83317947387695,56.2400016784668,57.63999938964844,56.16999816894531,57.02999877929688,835700
2022-12-08,55.972164154052734,56.380001068115234,56.77999877929688,56.119998931884766,56.380001068115234,522700
2022-12-09,56.07143783569336,56.47999954223633,56.84999847412109,55.93999862670898,56.18999862670898,933100
2022-12-12,56.2799186706543,56.68999862670898,56.79999923706055,56.15999984741211,56.41999816894531,750900
2022-12-13,56.33949279785156,56.75,58.119998931884766,56.459999084472656,57.90999984741211,963200
2022-12-14,55.84310531616211,56.25,57.45000076293945,55.95000076293945,56.65999984741211,1017100
2022-12-15,55.50556945800781,55.90999984741211,56.2400016784668,55.400001525878906,55.650001525878906,889300
2022-12-16,55.39635467529297,55.79999923706055,55.97999954223633,54.81999969482422,55.18000030517578,2822700
2022-12-19,54.55250930786133,54.95000076293945,56.380001068115234,54.81999969482422,55.86000061035156,1172500
2022-12-20,55.37650680541992,55.77999877929688,56.709999084472656,54.81999969482422,55.2400016784668,1406000
2022-12-21,57.00464630126953,57.41999816894531,57.43000030517578,56.27000045776367,56.34999847412109,1047300
2022-12-22,56.77630615234375,57.18999862670898,57.56999969482422,56.33000183105469,57.34000015258789,656700
2022-12-23,57.43152618408203,57.84999847412109,57.970001220703125,57.09000015258789,57.22999954223633,560100
2022-12-27,58.17610549926758,58.59999847412109,58.7599983215332,57.59000015258789,57.83000183105469,702700
2022-12-28,57.46131896972656,57.880001068115234,58.86000061035156,57.869998931884766,58.75,546600
2022-12-29,58.2455940246582,58.66999816894531,58.81999969482422,57.90999984741211,57.90999984741211,513400
2022-12-30,57.90806198120117,58.33000183105469,58.77000045776367,58.09999847412109,58.43999862670898,708200
2023-01-03,58.16618347167969,58.59000015258789,59.04999923706055,58.09999847412109,58.38999938964844,870100
2023-01-04,58.84125900268555,59.27000045776367,59.7599983215332,58.83000183105469,59.0099983215332,787600
2023-01-05,58.78169250488281,59.209999084472656,59.2400016784668,58.560001373291016,59.08000183105469,710600
2023-01-06,60.0325813293457,60.470001220703125,60.540000915527344,59.68999862670898,59.68999862670898,699100
2023-01-09,58.54343032836914,58.970001220703125,60.40999984741211,58.93000030517578,60.40999984741211,799900
2023-01-10,58.61292266845703,59.040000915527344,59.25,58.68999862670898,59.0099983215332,703100
2023-01-11,59.39720916748047,59.83000183105469,59.84999847412109,58.9900016784668,59.150001525878906,602900
2023-01-12,59.44684600830078,59.880001068115234,60.18000030517578,59.77000045776367,60.130001068115234,627500
2023-01-13,59.78438568115234,60.220001220703125,60.27999877929688,59.38999938964844,59.47999954223633,515300
2023-01-17,58.92067337036133,59.34999847412109,60.27999877929688,59.2599983215332,60.27999877929688,654300
2023-01-18,58.04704666137695,58.470001220703125,59.59000015258789,58.34999847412109,59.380001068115234,847100
2023-01-19,57.64993667602539,58.06999969482422,58.459999084472656,57.869998931884766,58.09999847412109,762800
2023-01-20,58.53350067138672,58.959999084472656,58.970001220703125,57.52999877929688,58.20000076293945,775900
2023-01-23,59.14901351928711,59.58000183105469,59.7400016784668,58.84999847412109,59.119998931884766,505400
2023-01-24,59.79431915283203,60.22999954223633,60.31999969482422,59.34999847412109,59.619998931884766,598700
2023-01-25,60.15171051025391,60.59000015258789,60.630001068115234,59.86000061035156,60.0099983215332,482700
2023-01-26,60.707664489746094,61.150001525878906,61.18999862670898,60.560001373291016,60.65999984741211,504700
2023-01-27,60.5488166809082,60.9900016784668,61.27999877929688,60.540000915527344,60.970001220703125,526100
2023-01-30,59.98294448852539,60.41999816894531,61.459999084472656,60.380001068115234,60.810001373291016,470200
2023-01-31,61.03527069091797,61.47999954223633,61.4900016784668,60.040000915527344,60.4900016784668,729400
2023-02-01,60.10207748413086,60.540000915527344,61.150001525878906,60.060001373291016,60.83000183105469,776700
2023-02-02,59.74467849731445,60.18000030517578,60.59999847412109,59.33000183105469,60.400001525878906,1044200
2023-02-03,59.66525268554688,60.09999847412109,60.290000915527344,59.720001220703125,60.09999847412109,1033400
2023-02-06,60.99556350708008,61.43999862670898,61.77999877929688,59.90999984741211,60.11000061035156,1142700
2023-02-07,62.29608917236328,62.75,63.0099983215332,61.04999923706055,61.04999923706055,946200
2023-02-08,61.611083984375,62.060001373291016,62.720001220703125,62.060001373291016,62.40999984741211,899000
2023-02-09,61.30332565307617,61.75,63.2400016784668,61.720001220703125,62.310001373291016,917400
2023-02-10,61.72028350830078,62.16999816894531,62.22999954223633,61.459999084472656,61.720001220703125,891700
2023-02-13,62.11738967895508,62.56999969482422,62.68999862670898,61.93000030517578,61.9900016784668,745300
2023-02-14,61.33310317993164,61.77999877929688,62.68999862670898,61.720001220703125,62.400001525878906,892200
2023-02-15,61.70043182373047,62.150001525878906,62.2599983215332,61.150001525878906,61.459999084472656,3252800
2023-02-16,61.21397399902344,61.65999984741211,62.27999877929688,61.34999847412109,61.880001068115234,517600
2023-02-17,61.0650520324707,61.5099983215332,61.630001068115234,61.119998931884766,61.630001068115234,639800
2023-02-21,60.40220260620117,60.77999877929688,61.63999938964844,60.52999877929688,61.63999938964844,563600
2023-02-22,60.26307678222656,60.63999938964844,61.09000015258789,60.43000030517578,60.540000915527344,383300
2023-02-23,60.32270431518555,60.70000076293945,61.130001068115234,60.34999847412109,60.79999923706055,647700
2023-02-24,60.70033645629883,61.08000183105469,61.13999938964844,59.84000015258789,60.29999923706055,702700
2023-02-27,60.521461486816406,60.900001525878906,61.65999984741211,60.810001373291016,61.400001525878906,449300
2023-02-28,60.71027374267578,61.09000015258789,61.36000061035156,60.93000030517578,60.97999954223633,1396500
2023-03-01,60.869285583496094,61.25,61.400001525878906,60.7400016784668,60.75,521300
2023-03-02,61.058101654052734,61.43999862670898,61.43999862670898,60.72999954223633,61.040000915527344,704600
2023-03-03,61.3761100769043,61.7599983215332,61.79999923706055,61.0099983215332,61.52000045776367,500600
2023-03-06,60.94879150390625,61.33000183105469,62.11000061035156,61.27999877929688,61.86000061035156,911200
2023-03-07,59.35873031616211,59.72999954223633,61.369998931884766,59.709999084472656,61.220001220703125,917000
2023-03-08,58.48419952392578,58.84999847412109,60.20000076293945,58.790000915527344,59.83000183105469,772500
2023-03-09,57.80842590332031,58.16999816894531,59.22999954223633,57.970001220703125,58.91999816894531,829300
2023-03-10,56.9935188293457,57.34999847412109,58.060001373291016,57.0,57.7400016784668,1045000
2023-03-13,55.19477844238281,55.540000915527344,56.34999847412109,55.119998931884766,56.15999984741211,1079100
2023-03-14,55.93017578125,56.27999877929688,57.06999969482422,55.7400016784668,56.84000015258789,1094400
2023-03-15,53.97241973876953,54.310001373291016,55.119998931884766,53.52000045776367,54.630001068115234,1262700
2023-03-16,55.52272415161133,55.869998931884766,56.18000030517578,53.56999969482422,53.91999816894531,1455400
2023-03-17,53.25689697265625,53.59000015258789,55.59000015258789,53.52000045776367,55.59000015258789,2776300
2023-03-20,54.91651153564453,55.2599983215332,55.540000915527344,54.0099983215332,54.04999923706055,1157500
2023-03-21,55.67178726196289,56.02000045776367,56.540000915527344,55.93000030517578,56.380001068115234,1176500
2023-03-22,54.10161209106445,54.43999862670898,56.20000076293945,54.41999816894531,56.0,1064800
2023-03-23,53.44571304321289,53.77999877929688,54.68000030517578,53.4900016784668,54.27999877929688,990600
2023-03-24,54.22086715698242,54.560001373291016,54.63999938964844,52.84999847412109,53.13999938964844,1061100
2023-03-27,55.27427673339844,55.619998931884766,55.88999938964844,55.040000915527344,55.36000061035156,1240100
2023-03-28,55.53266143798828,55.880001068115234,55.900001525878906,55.290000915527344,55.43000030517578,936900
2023-03-29,56.54632186889648,56.900001525878906,56.91999816894531,56.4900016784668,56.61000061035156,1065500
2023-03-30,56.9438362121582,57.29999923706055,57.31999969482422,56.790000915527344,57.02999877929688,850900
2023-03-31,57.65935516357422,58.02000045776367,58.13999938964844,57.59000015258789,57.68000030517578,1295900
2023-04-03,57.23203659057617,57.59000015258789,58.59999847412109,57.54999923706055,58.04999923706055,1008200
2023-04-04,55.8606071472168,56.209999084472656,57.790000915527344,55.84999847412109,57.77000045776367,839800
2023-04-05,55.870548248291016,56.220001220703125,56.369998931884766,55.59999847412109,55.7599983215332,690600
2023-04-06,56.0295524597168,56.380001068115234,56.58000183105469,55.880001068115234,56.369998931884766,591500
2023-04-10,56.09912109375,56.45000076293945,56.66999816894531,56.2400016784668,56.310001373291016,668400
2023-04-11,56.52645111083984,56.880001068115234,57.150001525878906,56.43000030517578,56.56999969482422,689200
2023-04-12,56.238243103027344,56.59000015258789,57.31999969482422,56.41999816894531,57.04999923706055,572700
2023-04-13,56.35749816894531,56.709999084472656,56.7400016784668,56.06999969482422,56.18999862670898,595600
2023-04-14,55.89042663574219,56.2400016784668,57.13999938964844,55.880001068115234,56.9900016784668,503400
2023-04-17,56.84445571899414,57.20000076293945,57.2400016784668,55.88999938964844,56.130001068115234,673500
2023-04-18,57.152530670166016,57.5099983215332,57.56999969482422,56.86000061035156,57.2400016784668,754400
2023-04-19,57.13265609741211,57.4900016784668,57.7599983215332,57.380001068115234,57.470001220703125,431500
2023-04-20,56.76495361328125,57.119998931884766,57.5,56.79999923706055,57.470001220703125,480600
2023-04-21,56.08917617797852,56.43999862670898,56.959999084472656,55.88999938964844,56.95000076293945,475200
2023-04-24,56.27799987792969,56.630001068115234,56.84999847412109,56.369998931884766,56.54999923706055,425900
2023-04-25,55.761226654052734,56.11000061035156,56.33000183105469,55.81999969482422,56.16999816894531,722900
2023-04-26,55.35377883911133,55.70000076293945,56.290000915527344,55.310001373291016,55.70000076293945,1101500
2023-04-27,56.50657653808594,56.86000061035156,56.880001068115234,55.63999938964844,55.75,612900
2023-04-28,57.212158203125,57.56999969482422,57.91999816894531,56.790000915527344,56.790000915527344,961200
2023-05-01,59.75624465942383,60.130001068115234,60.290000915527344,58.0,59.36000061035156,1183400
2023-05-02,58.65314483642578,59.02000045776367,59.88999938964844,58.13999938964844,59.79999923706055,744200
2023-05-03,58.0568733215332,58.41999816894531,59.47999954223633,58.380001068115234,59.34000015258789,701200
2023-05-04,57.71899032592773,58.08000183105469,58.5,57.54999923706055,58.20000076293945,668600
2023-05-05,58.2556266784668,58.619998931884766,59.41999816894531,58.54999923706055,58.77999877929688,498600
2023-05-08,58.444454193115234,58.810001373291016,59.02999877929688,58.59999847412109,58.77000045776367,793000
2023-05-09,58.2556266784668,58.619998931884766,59.0099983215332,58.4900016784668,58.66999816894531,730200
2023-05-10,58.126441955566406,58.4900016784668,59.0,57.709999084472656,58.86000061035156,662400
2023-05-11,58.0369987487793,58.400001525878906,58.40999984741211,57.81999969482422,58.18000030517578,817300
2023-05-12,58.14631271362305,58.5099983215332,59.119998931884766,58.02999877929688,58.93000030517578,427100
2023-05-15,58.017120361328125,58.380001068115234,58.84999847412109,58.2400016784668,58.84999847412109,499600
2023-05-16,57.47054290771485,57.83000183105469,58.400001525878906,57.7599983215332,58.27000045776367,515800
2023-05-17,57.87799835205078,58.2400016784668,58.54999923706055,57.86000061035156,58.06999969482422,690000
2023-05-18,58.50407409667969,58.869998931884766,58.900001525878906,57.869998931884766,58.13999938964844,517200
2023-05-19,58.43450927734375,58.79999923706055,59.59999847412109,58.59000015258789,59.29999923706055,558400
2023-05-22,58.31525421142578,58.68000030517578,58.9900016784668,58.09999847412109,58.81999969482422,515400
2023-05-23,57.61189651489258,57.90999984741211,58.70000076293945,57.84000015258789,58.31999969482422,689100
2023-05-24,56.87570190429688,57.16999816894531,57.81999969482422,57.09999847412109,57.59999847412109,798600
2023-05-25,56.68667984008789,56.97999954223633,57.22999954223633,56.52000045776367,56.95000076293945,647600
2023-05-26,56.816009521484375,57.11000061035156,57.38999938964844,56.68000030517578,56.97999954223633,800800
2023-05-30,57.104522705078125,57.400001525878906,57.4900016784668,56.72999954223633,56.86000061035156,576000
2023-05-31,55.71173095703125,56.0,57.290000915527344,55.93999862670898,57.08000183105469,3131700
2023-06-01,56.09971618652344,56.38999938964844,56.77000045776367,56.08000183105469,56.27999877929688,1184900
2023-06-02,57.7213249206543,58.02000045776367,58.13999938964844,56.59000015258789,56.84999847412109,735700
2023-06-05,58.16901397705078,58.470001220703125,58.83000183105469,58.04999923706055,58.540000915527344,1089800
2023-06-06,58.32818603515625,58.630001068115234,58.970001220703125,58.380001068115234,58.52999877929688,651500
2023-06-07,59.412574768066406,59.720001220703125,59.93000030517578,58.459999084472656,58.63999938964844,620100
2023-06-08,59.01464080810547,59.31999969482422,59.810001373291016,58.79999923706055,59.650001525878906,536800
2023-06-09,59.03453063964844,59.34000015258789,59.59000015258789,58.810001373291016,59.15999984741211,467800
2023-06-12,58.57690048217773,58.880001068115234,59.470001220703125,58.619998931884766,59.09999847412109,617500
2023-06-13,58.94499588012695,59.25,59.79999923706055,58.66999816894531,58.93999862670898,625900
2023-06-14,57.82081604003906,58.119998931884766,59.619998931884766,57.86000061035156,59.43999862670898,814400
2023-06-15,58.537105560302734,58.84000015258789,58.84999847412109,57.93000030517578,58.11000061035156,914900
2023-06-16,58.26849365234375,58.56999969482422,59.27000045776367,58.4900016784668,59.209999084472656,2988300
2023-06-20,57.79097366333008,58.09000015258789,58.380001068115234,57.470001220703125,58.31999969482422,809400
2023-06-21,57.93024826049805,58.22999954223633,58.59000015258789,57.5,57.79999923706055,688800
2023-06-22,57.92030334472656,58.220001220703125,58.41999816894531,57.93000030517578,58.400001525878906,580400
2023-06-23,57.60194396972656,57.900001525878906,58.209999084472656,57.54999923706055,57.77999877929688,1098300
2023-06-26,58.01978302001953,58.31999969482422,58.630001068115234,57.7400016784668,57.970001220703125,766600
2023-06-27,58.64654541015625,58.95000076293945,59.150001525878906,58.38999938964844,58.470001220703125,450500
2023-06-28,57.92030334472656,58.220001220703125,58.650001525878906,58.0,58.650001525878906,691900
2023-06-29,58.80572128295898,59.11000061035156,59.27000045776367,58.209999084472656,58.2599983215332,775300
2023-06-30,59.0743293762207,59.380001068115234,59.790000915527344,59.18999862670898,59.41999816894531,619800
2023-07-03,59.412574768066406,59.720001220703125,60.16999816894531,59.20000076293945,59.20000076293945,309000
2023-07-05,59.36283493041992,59.66999816894531,59.7599983215332,58.810001373291016,59.2400016784668,686800
2023-07-06,59.65134048461914,59.959999084472656,60.09000015258789,59.18000030517578,59.25,585500
2023-07-07,60.13882064819336,60.45000076293945,61.18999862670898,59.56999969482422,59.790000915527344,1176600
2023-07-10,59.23350524902344,59.540000915527344,60.68000030517578,59.4900016784668,60.27000045776367,751900
2023-07-11,60.22835159301758,60.540000915527344,60.560001373291016,59.650001525878906,59.650001525878906,560300
2023-07-12,60.13882064819336,60.45000076293945,61.220001220703125,60.29999923706055,61.02999877929688,681000
2023-07-13,60.17861557006836,60.4900016784668,60.68000030517578,59.7400016784668,59.7400016784668,511300
2023-07-14,59.13401794433594,59.43999862670898,60.630001068115234,59.369998931884766,60.630001068115234,739400
2023-07-17,59.80057144165039,60.11000061035156,60.54999923706055,59.45000076293945,59.45000076293945,400500
2023-07-18,60.029388427734375,60.34000015258789,60.810001373291016,59.90999984741211,59.93000030517578,548800
2023-07-19,60.32783889770508,60.63999938964844,60.880001068115234,60.25,60.2599983215332,613100
2023-07-20,61.501766204833984,61.81999969482422,61.86000061035156,60.869998931884766,61.060001373291016,440500
2023-07-21,61.18341445922852,61.5,62.02000045776367,61.47999954223633,62.02000045776367,437100
2023-07-24,61.16350936889648,61.47999954223633,61.790000915527344,61.16999816894531,61.310001373291016,341200
2023-07-25,60.68598556518555,61.0,61.47999954223633,60.97999954223633,61.47999954223633,432000
2023-07-26,61.312747955322266,61.630001068115234,61.88999938964844,61.209999084472656,61.209999084472656,397200
2023-07-27,61.72063827514648,62.040000915527344,62.310001373291016,61.41999816894531,61.95000076293945,652200
2023-07-28,61.86985778808594,62.18999862670898,62.77000045776367,62.09000015258789,62.77000045776367,506600
2023-07-31,62.32749938964844,62.650001525878906,63.93000030517578,62.470001220703125,63.18000030517578,758800
2023-08-01,62.63589859008789,62.959999084472656,62.9900016784668,62.09999847412109,62.68000030517578,546200
2023-08-02,62.54636001586914,62.869998931884766,63.43000030517578,62.52000045776367,62.70000076293945,502500
2023-08-03,62.99404525756836,63.31999969482422,63.58000183105469,62.40999984741211,62.810001373291016,543700
2023-08-04,62.596099853515625,62.91999816894531,63.83000183105469,62.79999923706055,63.5,629700
2023-08-07,63.17312240600586,63.5,63.869998931884766,63.27999877929688,63.36000061035156,541700
2023-08-08,63.28255844116211,63.61000061035156,63.68999862670898,62.72999954223633,62.97999954223633,543300
2023-08-09,62.84481430053711,63.16999816894531,63.880001068115234,63.08000183105469,63.560001373291016,502600
2023-08-10,62.615997314453125,62.93999862670898,63.93000030517578,62.79999923706055,63.560001373291016,685500
2023-08-11,63.093528747558594,63.41999816894531,63.43999862670898,62.58000183105469,62.91999816894531,427700
2023-08-14,62.615997314453125,62.93999862670898,63.310001373291016,62.52000045776367,63.310001373291016,880500
2023-08-15,62.0911865234375,62.34999847412109,62.540000915527344,62.11000061035156,62.40999984741211,504100
2023-08-16,62.18081283569336,62.43999862670898,62.869998931884766,62.36000061035156,62.36000061035156,587200
2023-08-17,61.3542594909668,61.61000061035156,62.86000061035156,61.560001373291016,62.84999847412109,577400
2023-08-18,61.33434295654297,61.59000015258789,61.81999969482422,61.380001068115234,61.40999984741211,1012800
2023-08-21,61.44388961791992,61.70000076293945,61.959999084472656,61.36000061035156,61.7400016784668,569800
2023-08-22,61.12521743774414,61.380001068115234,62.0099983215332,61.33000183105469,61.650001525878906,416000
2023-08-23,61.70280456542969,61.959999084472656,61.970001220703125,61.400001525878906,61.400001525878906,484200
2023-08-24,61.8322639465332,62.09000015258789,62.650001525878906,61.72999954223633,61.72999954223633,446500
2023-08-25,61.80239868164063,62.060001373291016,62.36000061035156,61.68999862670898,62.13999938964844,354100
2023-08-28,61.97168731689453,62.22999954223633,62.68999862670898,61.84999847412109,62.130001068115234,404300
2023-08-29,62.01152038574219,62.27000045776367,62.40999984741211,61.75,62.40999984741211,482900
2023-08-30,61.80239868164063,62.060001373291016,62.63999938964844,62.02999877929688,62.29999923706055,399800
2023-08-31,61.8322639465332,62.09000015258789,62.34000015258789,61.709999084472656,62.33000183105469,966500
2023-09-01,62.0413932800293,62.29999923706055,62.75,62.27999877929688,62.58000183105469,471400
2023-09-05,61.473758697509766,61.72999954223633,62.90999984741211,61.72999954223633,62.130001068115234,880800
2023-09-06,61.463809967041016,61.720001220703125,61.9900016784668,61.290000915527344,61.470001220703125,754900
2023-09-07,61.79243469238281,62.04999923706055,62.27999877929688,61.7400016784668,61.97999954223633,1489700
2023-09-08,62.17085647583008,62.43000030517578,62.810001373291016,61.95000076293945,62.09000015258789,841400
2023-09-11,62.628944396972656,62.88999938964844,63.38999938964844,62.77000045776367,62.810001373291016,762700
2023-09-12,63.74430465698242,64.01000213623047,64.04000091552734,62.970001220703125,63.02999877929688,866600
2023-09-13,63.54512786865234,63.810001373291016,64.3499984741211,63.79999923706055,64.31999969482422,1369200
2023-09-14,64.27210235595703,64.54000091552734,64.69999694824219,64.08000183105469,64.33000183105469,955600
2023-09-15,63.983306884765625,64.25,64.81999969482422,63.959999084472656,64.0999984741211,2690100
2023-09-18,64.2920150756836,64.55999755859375,64.62999725341797,64.0,64.41000366210938,763300
2023-09-19,64.80986022949219,65.08000183105469,65.31999969482422,64.56999969482422,64.7699966430664,926600
2023-09-20,64.70030975341797,64.97000122070312,65.38999938964844,64.91999816894531,65.16000366210938,703300
2023-09-21,63.92354965209961,64.19000244140625,64.95999908447266,64.12000274658203,64.83000183105469,960100
2023-09-22,64.23226928710938,64.5,64.9000015258789,64.11000061035156,64.16999816894531,848400
2023-09-25,64.42147827148438,64.69000244140625,64.7699966430664,64.06999969482422,64.1500015258789,526800
2023-09-26,63.65467071533203,63.91999816894531,64.77999877929688,63.81999969482422,64.43000030517578,1061400
2023-09-27,63.53517150878906,63.79999923706055,64.13999938964844,63.41999816894531,64.12000274658203,800300
2023-09-28,63.62480163574219,63.88999938964844,64.41000366210938,63.77000045776367,63.97999954223633,931200
2023-09-29,63.04720306396485,63.310001373291016,63.90999984741211,63.02999877929688,63.900001525878906,922800
2023-10-02,62.0413932800293,62.29999923706055,63.20000076293945,61.810001373291016,63.16999816894531,913400
2023-10-03,61.56338882446289,61.81999969482422,62.790000915527344,61.61000061035156,62.130001068115234,834800
2023-10-04,62.3003158569336,62.560001373291016,62.63999938964844,61.43000030517578,61.70000076293945,797000
2023-10-05,62.55923461914063,62.81999969482422,63.2400016784668,62.43000030517578,62.43000030517578,606600
2023-10-06,63.00736999511719,63.27000045776367,63.5,62.65999984741211,62.68999862670898,665800
2023-10-09,63.40571212768555,63.66999816894531,63.869998931884766,63.02999877929688,63.02999877929688,525700
2023-10-10,63.25633239746094,63.52000045776367,64.01000213623047,63.369998931884766,63.77000045776367,632300
2023-10-11,64.02313995361328,64.29000091552734,64.4800033569336,63.470001220703125,63.470001220703125,789900
2023-10-12,63.33599853515625,63.59999847412109,64.51000213623047,63.33000183105469,64.51000213623047,517400
2023-10-13,63.54512786865234,63.810001373291016,64.43000030517578,63.43000030517578,64.05999755859375,654700
2023-10-16,64.40156555175781,64.66999816894531,65.16999816894531,64.33000183105469,64.33000183105469,558100
2023-10-17,65.22811889648438,65.5,65.76000213623047,64.5,64.5,563400
2023-10-18,64.68040466308594,64.94999694824219,65.47000122070312,64.68000030517578,65.33000183105469,693900
2023-10-19,63.81400680541992,64.08000183105469,65.12000274658203,64.02999877929688,64.7699966430664,690600
2023-10-20,62.688697814941406,62.95000076293945,64.37999725341797,62.79999923706055,64.12000274658203,691900
2023-10-23,62.06131362915039,62.31999969482422,62.9900016784668,62.22999954223633,62.810001373291016,476400
2023-10-24,63.027286529541016,63.290000915527344,63.43999862670898,62.77999877929688,62.77999877929688,662200
2023-10-25,63.53517150878906,63.79999923706055,64.33999633789062,63.209999084472656,63.29999923706055,692600
2023-10-26,63.71442413330078,63.97999954223633,64.58000183105469,63.90999984741211,64.01000213623047,883000
2023-10-27,62.55923461914063,62.81999969482422,63.880001068115234,62.540000915527344,63.77000045776367,666000
2023-10-30,62.66878128051758,62.93000030517578,63.68000030517578,62.18000030517578,62.18000030517578,764200
2023-10-31,63.74430465698242,64.01000213623047,64.02999877929688,63.22999954223633,63.31999969482422,819600
2023-11-01,64.87956237792969,65.1500015258789,65.18000030517578,64.05999755859375,64.12999725341797,1022400
2023-11-02,64.8696060180664,65.13999938964844,65.80000305175781,64.4800033569336,65.26000213623047,883900
2023-11-03,65.51690673828125,65.79000091552734,65.91999816894531,65.2300033569336,65.48999786376953,688700
2023-11-06,65.12853240966797,65.4000015258789,65.81999969482422,65.26000213623047,65.81999969482422,618600
2023-11-07,65.1484375,65.41999816894531,65.51000213623047,65.12999725341797,65.29000091552734,547000
2023-11-08,64.67044830322266,64.94000244140625,65.58000183105469,64.83999633789062,65.58000183105469,519200
2023-11-09,64.9791488647461,65.25,65.47000122070312,64.97000122070312,65.08000183105469,483400
2023-11-10,65.61649322509766,65.88999938964844,65.91000366210938,65.23999786376953,65.52999877929688,506500
2023-11-13,65.6961669921875,65.97000122070312,66.33999633789062,65.69999694824219,65.87999725341797,679600
2023-11-14,66.1642074584961,66.44000244140625,66.6500015258789,65.91999816894531,65.94000244140625,1311000
2023-11-15,66.25383758544922,66.52999877929688,66.86000061035156,66.16000366210938,66.45999908447266,776300
2023-11-16,66.78163146972656,67.05999755859375,67.22000122070312,66.69000244140625,66.69000244140625,766600
2023-11-17,66.72188568115234,67.0,67.45999908447266,66.9800033569336,67.20999908447266,797300
2023-11-20,67.20985412597656,67.48999786376953,67.79000091552734,66.5999984741211,66.97000122070312,824100
2023-11-21,67.87071228027344,68.08999633789062,68.38999938964844,67.5,67.5,904700
2023-11-22,68.27940368652344,68.5,68.62000274658203,67.86000061035156,67.9000015258789,723000
2023-11-24,69.07682037353516,69.30000305175781,69.37000274658203,68.56999969482422,68.56999969482422,563800
2023-11-27,68.95720672607422,69.18000030517578,69.4000015258789,68.91000366210938,68.98999786376953,859900
2023-11-28,68.4189453125,68.63999938964844,69.30999755859375,68.5,69.23999786376953,905100
2023-11-29,68.28936767578125,68.51000213623047,69.0,68.47000122070312,68.70999908447266,1136300
2023-11-30,70.06363677978516,70.29000091552734,70.44999694824219,68.47000122070312,68.56999969482422,6165200
2023-12-01,69.78453063964844,70.01000213623047,70.63999938964844,69.91999816894531,70.08000183105469,1356800
2023-12-04,70.49224853515625,70.72000122070312,70.8499984741211,69.51000213623047,69.69999694824219,951700
2023-12-05,70.11346435546875,70.33999633789062,70.87999725341797,70.19999694824219,70.63999938964844,745600
2023-12-06,69.2562484741211,69.4800033569336,70.73999786376953,69.30000305175781,70.44999694824219,592400
2023-12-07,68.59837341308594,68.81999969482422,69.94000244140625,68.56999969482422,69.77999877929688,1012500
2023-12-08,68.61830139160156,68.83999633789062,68.94000244140625,68.4800033569336,68.86000061035156,618400
2023-12-11,69.49546813964844,69.72000122070312,69.8499984741211,68.88999938964844,68.88999938964844,736200
2023-12-12,69.71476745605469,69.94000244140625,70.37999725341797,69.55999755859375,69.6500015258789,652200
2023-12-13,70.10350799560547,70.33000183105469,70.4000015258789,69.69999694824219,69.91000366210938,1026000
2023-12-14,68.46878814697266,68.69000244140625,70.43000030517578,68.55000305175781,70.43000030517578,1832500
2023-12-15,67.781005859375,68.0,68.30999755859375,67.19999694824219,68.08999633789062,3219400
2023-12-18,68.27940368652344,68.5,68.66000366210938,67.93000030517578,68.30999755859375,1063100
2023-12-19,68.67810821533203,68.9000015258789,69.04000091552734,68.19999694824219,68.43000030517578,1012700
2023-12-20,67.89065551757812,68.11000061035156,69.08000183105469,68.02999877929688,68.6500015258789,783700
2023-12-21,68.29932403564453,68.5199966430664,68.55999755859375,67.8499984741211,68.0999984741211,489700
2023-12-22,68.57843017578125,68.80000305175781,69.0199966430664,68.58000183105469,68.80000305175781,436900
2023-12-26,68.76781463623047,68.98999786376953,69.22000122070312,68.48999786376953,68.69999694824219,416300
2023-12-27,68.95720672607422,69.18000030517578,69.25,68.76000213623047,68.80999755859375,432200
2023-12-28,69.24627685546875,69.47000122070312,69.63999938964844,69.23999786376953,69.23999786376953,409700
2023-12-29,69.36588287353516,69.58999633789062,69.69000244140625,69.19000244140625,69.55999755859375,611300
2024-01-02,70.23307800292969,70.45999908447266,70.4800033569336,69.63999938964844,69.6500015258789,774100
2024-01-03,70.04369354248047,70.2699966430664,71.02999877929688,70.2300033569336,70.48999786376953,709700
2024-01-04,70.47230529785156,70.69999694824219,71.22000122070312,70.68000030517578,70.72000122070312,657300
2024-01-05,70.96073150634766,71.19000244140625,71.48999786376953,70.7699966430664,70.9000015258789,683400
2024-01-08,71.03050994873047,71.26000213623047,71.41000366210938,70.51000213623047,71.30999755859375,532200
2024-01-09,70.7613754272461,70.98999786376953,71.20999908447266,70.2300033569336,71.04000091552734,461700
2024-01-10,70.74143981933594,70.97000122070312,71.0999984741211,70.5199966430664,70.66999816894531,476200
2024-01-11,70.77134704589844,71.0,71.12000274658203,70.36000061035156,70.87000274658203,440500
2024-01-12,70.85108947753906,71.08000183105469,71.83999633789062,70.81999969482422,71.5,464000
2024-01-16,70.87102508544922,71.0999984741211,71.19999694824219,70.70999908447266,70.83000183105469,720500
2024-01-17,70.71154022216797,70.94000244140625,71.87999725341797,70.80000305175781,70.98999786376953,486800
2024-01-18,71.259765625,71.48999786376953,71.54000091552734,70.58999633789062,70.70999908447266,511500
2024-01-19,71.96748352050781,72.19999694824219,72.47000122070312,71.58000183105469,71.94999694824219,832800
2024-01-22,72.81475067138672,73.05000305175781,73.29000091552734,72.33000183105469,72.3499984741211,798100
2024-01-23,72.51570892333984,72.75,73.38999938964844,72.75,73.05000305175781,513600
2024-01-24,72.85460662841797,73.08999633789062,73.44000244140625,72.9800033569336,73.05999755859375,494500
2024-01-25,72.7449722290039,72.9800033569336,73.63999938964844,72.48999786376953,73.44999694824219,898300
2024-01-26,72.54561614990234,72.77999877929688,73.38999938964844,72.6500015258789,73.02999877929688,1194200
2024-01-29,73.03402709960938,73.2699966430664,73.30999755859375,72.44999694824219,72.61000061035156,675600
2024-01-30,73.54238891601562,73.77999877929688,73.80999755859375,73.06999969482422,73.06999969482422,755500
2024-01-31,72.62535858154297,72.86000061035156,74.0,72.83000183105469,73.8499984741211,931600
2024-02-01,72.0671615600586,72.30000305175781,72.58000183105469,71.44999694824219,72.27999877929688,1043000
2024-02-02,72.80477905273438,73.04000091552734,73.19999694824219,72.44000244140625,72.52999877929688,869200
2024-02-05,72.55558776855469,72.79000091552734,75.23999786376953,72.27999877929688,74.58999633789062,1618100
2024-02-06,72.57551574707031,72.80999755859375,73.16999816894531,72.41000366210938,72.5999984741211,1400700
2024-02-07,72.4260025024414,72.66000366210938,73.0,72.38999938964844,72.95999908447266,864700
2024-02-08,71.78805541992188,72.0199966430664,72.5199966430664,71.5199966430664,72.47000122070312,1072500
2024-02-09,72.51570892333984,72.75,72.76000213623047,71.66000366210938,71.77999877929688,671400
2024-02-12,72.86457824707031,73.0999984741211,73.52999877929688,72.66000366210938,72.98999786376953,834300
2024-02-13,72.78483581542969,73.0199966430664,73.8499984741211,72.5,73.38999938964844,1298500
2024-02-14,73.28321838378906,73.5199966430664,73.55999755859375,73.0,73.29000091552734,996400
2024-02-15,74.97775268554688,75.22000122070312,75.37999725341797,73.44999694824219,73.54000091552734,1206500
2024-02-16,74.10057830810547,74.33999633789062,75.30000305175781,74.2699966430664,75.22000122070312,931700
2024-02-20,73.6945571899414,73.87000274658203,74.55000305175781,73.68000030517578,74.0,890900
2024-02-21,74.14348602294922,74.31999969482422,74.44999694824219,73.83000183105469,74.16000366210938,925500
2024-02-22,74.73208618164062,74.91000366210938,74.98999786376953,74.1500015258789,74.5,746100
2024-02-23,75.01142120361328,75.19000244140625,75.41000366210938,74.87000274658203,74.95999908447266,483800
2024-02-26,74.36296844482422,74.54000091552734,75.33000183105469,74.51000213623047,75.12000274658203,722600
2024-02-27,74.81189727783203,74.98999786376953,75.02999877929688,73.9800033569336,74.41000366210938,937200
2024-02-28,74.88172912597656,75.05999755859375,75.48999786376953,74.83000183105469,74.98999786376953,686300
2024-02-29,74.9515609741211,75.12999725341797,75.2699966430664,74.58999633789062,75.16000366210938,926100
2024-03-01,74.25322723388672,74.43000030517578,75.18000030517578,74.2699966430664,75.06999969482422,644800
2024-03-04,74.17341613769531,74.3499984741211,74.9800033569336,74.13999938964844,74.43000030517578,599000
2024-03-05,74.40287017822266,74.58000183105469,74.83999633789062,74.2300033569336,74.2300033569336,666000
2024-03-06,75.29076385498047,75.47000122070312,75.54000091552734,74.43000030517578,74.80000305175781,746500
2024-03-07,74.921630859375,75.0999984741211,75.66999816894531,74.9000015258789,75.43000030517578,584700
2024-03-08,74.66224670410156,74.83999633789062,75.2300033569336,74.7300033569336,75.04000091552734,659200
2024-03-11,75.81949615478516,76.0,76.0,74.68000030517578,74.77999877929688,789300
2024-03-12,76.02899169921875,76.20999908447266,76.23999786376953,75.70999908447266,76.01000213623047,618900
2024-03-13,75.96914672851562,76.1500015258789,76.4000015258789,75.81999969482422,76.25,783200
2024-03-14,75.82947540283203,76.01000213623047,76.18000030517578,75.4800033569336,75.91000366210938,741800
2024-03-15,76.78720092773438,76.97000122070312,76.98999786376953,75.41000366210938,75.44000244140625,1901600
2024-03-18,76.78720092773438,76.97000122070312,77.55999755859375,76.66000366210938,76.97000122070312,942100
2024-03-19,77.22615814208984,77.41000366210938,77.73999786376953,77.19999694824219,77.29000091552734,693600
2024-03-20,77.5753173828125,77.76000213623047,77.83999633789062,77.0199966430664,77.16000366210938,595900
2024-03-21,77.22615814208984,77.41000366210938,77.88999938964844,77.19999694824219,77.76000213623047,593500
2024-03-22,76.26842498779297,76.44999694824219,77.68000030517578,76.43000030517578,77.68000030517578,568600
2024-03-25,76.80714416503906,76.98999786376953,77.36000061035156,76.61000061035156,76.79000091552734,621200
2024-03-26,76.70738220214844,76.88999938964844,77.25,76.8499984741211,77.0,575400
2024-03-27,77.91451263427734,78.0999984741211,78.0999984741211,77.08000183105469,77.23999786376953,588900
2024-03-28,78.10405731201172,78.29000091552734,78.55000305175781,78.11000061035156,78.1500015258789,747900
2024-04-01,77.29598999023438,77.4800033569336,78.19000244140625,77.33000183105469,78.16000366210938,680400
2024-04-02,76.88694763183594,77.06999969482422,78.04000091552734,76.95999908447266,77.52999877929688,592700
2024-04-03,77.02662658691406,77.20999908447266,77.58000183105469,76.66000366210938,76.93000030517578,642800
2024-04-04,76.17864990234375,76.36000061035156,77.80999755859375,76.05000305175781,77.63999938964844,609600
2024-04-05,76.4779281616211,76.66000366210938,76.83000183105469,76.27999877929688,76.5999984741211,493800
2024-04-08,75.87934875488281,76.05999755859375,76.80000305175781,76.01000213623047,76.7300033569336,642100
2024-04-09,75.01142120361328,75.19000244140625,76.52999877929688,74.73999786376953,76.27999877929688,698400
2024-04-10,74.64229583740234,74.81999969482422,75.26000213623047,74.66000366210938,74.7699966430664,652400
2024-04-11,73.63469696044922,73.80999755859375,74.58999633789062,73.63999938964844,74.56999969482422,774500
2024-04-12,73.7244873046875,73.9000015258789,74.47000122070312,73.5,73.73999786376953,802000
2024-04-15,73.26557922363281,73.44000244140625,74.94999694824219,73.30000305175781,74.80999755859375,724600
2024-04-16,73.14585876464844,73.31999969482422,73.75,73.16999816894531,73.66000366210938,640100
2024-04-17,72.9662857055664,73.13999938964844,73.66999816894531,72.91000366210938,73.0199966430664,803200
2024-04-18,73.66462707519531,73.83999633789062,74.2699966430664,73.44000244140625,73.44000244140625,649000
2024-04-19,75.4603500366211,75.63999938964844,75.69000244140625,74.11000061035156,74.25,751600
2024-04-22,76.29835510253906,76.4800033569336,76.91000366210938,75.55000305175781,75.76000213623047,821700
2024-04-23,76.53778839111328,76.72000122070312,76.86000061035156,76.27999877929688,76.63999938964844,598600
2024-04-24,76.62757110595703,76.80999755859375,76.83999633789062,75.91999816894531,76.19999694824219,515800
2024-04-25,76.22852325439453,76.41000366210938,77.06999969482422,76.12999725341797,76.83999633789062,612300
2024-04-26,75.28077697753906,75.45999908447266,76.0199966430664,75.41999816894531,76.01000213623047,568900
2024-04-29,75.63992309570312,75.81999969482422,75.91000366210938,75.41000366210938,75.45999908447266,599500
2024-04-30,74.97151947021484,75.1500015258789,75.68000030517578,75.0999984741211,75.68000030517578,609900
2024-05-01,76.09883117675781,76.27999877929688,76.80000305175781,75.2300033569336,75.2300033569336,1027200
2024-05-02,76.3482437133789,76.52999877929688,76.79000091552734,76.11000061035156,76.66999816894531,566400
2024-05-03,76.21854400634766,76.4000015258789,76.54000091552734,75.44000244140625,76.37999725341797,588500
2024-05-06,77.55535888671875,77.73999786376953,78.22000122070312,76.58000183105469,77.54000091552734,807600
2024-05-07,77.62519836425781,77.80999755859375,78.0999984741211,77.69999694824219,77.95999908447266,620800
2024-05-08,77.12638092041016,77.30999755859375,78.13999938964844,77.2300033569336,77.91000366210938,683300
2024-05-09,77.51545715332031,77.69999694824219,77.73999786376953,76.95999908447266,77.12999725341797,705000
2024-05-10,77.79479217529297,77.9800033569336,78.16999816894531,77.52999877929688,77.79000091552734,875600
2024-05-13,77.15630340576172,77.33999633789062,78.0999984741211,77.27999877929688,77.91000366210938,527100
2024-05-14,77.15630340576172,77.33999633789062,77.5999984741211,76.75,77.41000366210938,711200
2024-05-15,76.43802642822266,76.62000274658203,77.4800033569336,76.44999694824219,77.25,653900
2024-05-16,77.01664733886719,77.19999694824219,77.48999786376953,76.88999938964844,77.38999938964844,689800
2024-05-17,77.55535888671875,77.73999786376953,77.80000305175781,77.33000183105469,77.61000061035156,855200
2024-05-20,75.94918823242188,76.12999725341797,77.88999938964844,76.08999633789062,77.88999938964844,723300
2024-05-21,76.02899169921875,76.20999908447266,76.62000274658203,76.02999877929688,76.30999755859375,708900
2024-05-22,75.70976257324219,75.88999938964844,76.16999816894531,75.66000366210938,76.01000213623047,481400
2024-05-23,73.98387145996094,74.16000366210938,75.77999877929688,74.02999877929688,75.77999877929688,652000
2024-05-24,74.57246398925781,74.75,74.77999877929688,74.22000122070312,74.22000122070312,549600
2024-05-28,73.84420013427734,74.0199966430664,75.0199966430664,73.95999908447266,74.6500015258789,707500
2024-05-29,73.99696350097656,74.11000061035156,74.30000305175781,73.20999908447266,73.62999725341797,789800
2024-05-30,75.20512390136719,75.31999969482422,75.37999725341797,74.05999755859375,74.08999633789062,606600
2024-05-31,76.68286895751953,76.80000305175781,76.93000030517578,75.0199966430664,75.13999938964844,2307200
2024-06-03,75.75428009033203,75.87000274658203,76.7699966430664,75.56999969482422,76.58999633789062,645300
2024-06-04,75.43477630615234,75.55000305175781,76.06999969482422,75.0999984741211,75.66000366210938,1274900
2024-06-05,74.80572509765625,74.91999816894531,75.66999816894531,74.61000061035156,75.58999633789062,554200
2024-06-06,74.88560485839844,75.0,75.26000213623047,74.33999633789062,75.0,844500
2024-06-07,75.13522338867188,75.25,75.69000244140625,74.73999786376953,75.0999984741211,574800
2024-06-10,75.22509002685547,75.33999633789062,75.5999984741211,74.72000122070312,75.0,658200
2024-06-11,74.05686950683594,74.16999816894531,75.13999938964844,74.0999984741211,75.13999938964844,894900
2024-06-12,74.54613494873047,74.66000366210938,74.9800033569336,73.80000305175781,74.44000244140625,969600
2024-06-13,74.05686950683594,74.16999816894531,74.72000122070312,73.5999984741211,74.41000366210938,916700
2024-06-14,73.67745971679688,73.79000091552734,74.12999725341797,73.45999908447266,73.77999877929688,631100
2024-06-17,75.09528350830078,75.20999908447266,75.2699966430664,73.87999725341797,73.87999725341797,671500
2024-06-18,76.08377838134766,76.19999694824219,76.2699966430664,75.16000366210938,75.16000366210938,649900
2024-06-20,76.33338928222656,76.44999694824219,76.86000061035156,76.16999816894531,76.23999786376953,759300
2024-06-21,76.44322204589844,76.55999755859375,76.87000274658203,75.93000030517578,76.52999877929688,1889900
2024-06-24,77.21205139160156,77.33000183105469,77.98999786376953,76.47000122070312,76.66999816894531,658400
2024-06-25,76.02387237548828,76.13999938964844,77.45999908447266,76.12999725341797,77.4000015258789,548500
2024-06-26,74.72584533691406,74.83999633789062,75.95999908447266,74.5999984741211,75.83000183105469,992900
2024-06-27,75.14521026611328,75.26000213623047,75.27999877929688,74.66999816894531,74.77999877929688,510300
2024-06-28,74.6259994506836,74.73999786376953,75.81999969482422,74.41999816894531,75.23999786376953,1171300
2024-07-01,74.61602020263672,74.7300033569336,75.54000091552734,74.55000305175781,75.1500015258789,494500
2024-07-02,74.82569885253906,74.94000244140625,75.01000213623047,74.12999725341797,74.30000305175781,603300
2024-07-03,74.2865219116211,74.4000015258789,75.43000030517578,74.30999755859375,75.19999694824219,367900
2024-07-05,73.64749908447266,73.76000213623047,74.33999633789062,73.1500015258789,74.30000305175781,1304600
2024-07-08,74.2965087890625,74.41000366210938,74.93000030517578,74.1500015258789,74.1500015258789,613700
2024-07-09,74.54613494873047,74.66000366210938,75.31999969482422,73.8499984741211,74.30999755859375,591600
2024-07-10,75.53461456298828,75.6500015258789,75.68000030517578,74.66999816894531,74.69999694824219,456300
2024-07-11,76.50314331054688,76.62000274658203,77.0,75.68000030517578,75.69999694824219,526800
2024-07-12,76.80267333984375,76.91999816894531,77.41000366210938,76.36000061035156,76.77999877929688,539900
2024-07-15,77.30191040039062,77.41999816894531,77.91000366210938,77.16999816894531,77.16999816894531,378800
2024-07-16,78.23049926757812,78.3499984741211,78.43000030517578,77.37000274658203,77.48999786376953,422300
2024-07-17,79.49856567382812,79.62000274658203,79.88999938964844,78.4800033569336,78.72000122070312,485500
2024-07-18,79.66830444335938,79.79000091552734,81.11000061035156,78.9800033569336,79.41000366210938,402900
2024-07-19,77.94093322753906,78.05999755859375,79.68000030517578,77.69000244140625,79.68000030517578,621100
2024-07-22,77.9609146118164,78.08000183105469,78.55999755859375,77.51000213623047,77.97000122070312,327100
2024-07-23,78.23049926757812,78.3499984741211,78.58999633789062,78.08999633789062,78.18000030517578,428400
2024-07-24,77.80115509033203,77.91999816894531,78.5999984741211,77.81999969482422,78.5,570300
2024-07-25,78.19055938720703,78.30999755859375,79.69000244140625,77.9000015258789,78.26000213623047,457300
2024-07-26,79.96784210205078,80.08999633789062,80.33999633789062,78.7699966430664,78.80999755859375,649500
2024-07-29,78.73971557617188,78.86000061035156,83.54000091552734,78.33999633789062,82.5,947500
2024-07-30,80.35725402832031,80.4800033569336,81.05999755859375,79.01000213623047,79.27999877929688,784600
2024-07-31,79.82804870605469,79.94999694824219,80.66999816894531,79.56999969482422,80.2699966430664,646800
2024-08-01,79.0792007446289,79.19999694824219,80.45999908447266,78.69999694824219,80.38999938964844,525700
2024-08-02,78.56997680664062,78.69000244140625,79.51000213623047,77.61000061035156,78.7699966430664,573700
2024-08-05,75.88408660888672,76.0,78.5,75.45999908447266,78.11000061035156,1313400
2024-08-06,76.28347778320312,76.4000015258789,77.44999694824219,76.08000183105469,76.12999725341797,678900
2024-08-07,76.1536636352539,76.2699966430664,77.56999969482422,76.20999908447266,76.87999725341797,854800
2024-08-08,77.32189178466797,77.44000244140625,77.55000305175781,76.27999877929688,76.27999877929688,537800
2024-08-09,77.76121520996094,77.87999725341797,78.01000213623047,76.88999938964844,77.44999694824219,466500
2024-08-12,76.81266021728516,76.93000030517578,78.11000061035156,76.83000183105469,78.11000061035156,450200
2024-08-13,76.94246673583984,77.05999755859375,77.33999633789062,76.33000183105469,77.33999633789062,420000
2024-08-14,77.54155731201172,77.66000366210938,77.73999786376953,77.16999816894531,77.22000122070312,635900
2024-08-15,78.25047302246094,78.37000274658203,78.61000061035156,77.8499984741211,78.20999908447266,403500
2024-08-16,78.84955596923828,78.97000122070312,79.04000091552734,78.23999786376953,78.48999786376953,608100
2024-08-19,79.24894714355469,79.37000274658203,79.7300033569336,78.94999694824219,78.94999694824219,585400
2024-08-20,78.78964233398438,78.91000366210938,79.29000091552734,78.77999877929688,79.26000213623047,405900
2024-08-21,79.02247619628906,79.08000183105469,79.1500015258789,78.41999816894531,79.1500015258789,455300
2024-08-22,79.37222290039062,79.43000030517578,79.55000305175781,78.91000366210938,79.04000091552734,313000
2024-08-23,80.29154968261719,80.3499984741211,80.62000274658203,79.61000061035156,79.8499984741211,360000
2024-08-26,80.3914794921875,80.44999694824219,81.51000213623047,80.29000091552734,80.58000183105469,509800
2024-08-27,80.61132049560547,80.66999816894531,81.02999877929688,80.33000183105469,80.62000274658203,320600
2024-08-28,81.23087310791016,81.29000091552734,81.80999755859375,80.66000366210938,80.79000091552734,464300
2024-08-29,81.6205825805664,81.68000030517578,81.91999816894531,80.54000091552734,81.44999694824219,532800
2024-08-30,81.88040161132812,81.94000244140625,82.0999984741211,81.44000244140625,81.80000305175781,1104500
2024-09-03,81.76048278808594,81.81999969482422,82.33999633789062,81.36000061035156,81.45999908447266,1041800
2024-09-04,81.90038299560547,81.95999908447266,82.62999725341797,81.47000122070312,82.37999725341797,761000
2024-09-05,80.84115600585938,80.9000015258789,82.33000183105469,80.43000030517578,82.33000183105469,762600
2024-09-06,79.3322525024414,79.38999938964844,81.0999984741211,79.3499984741211,80.62000274658203,965800
2024-09-09,80.42146301269531,80.4800033569336,81.25,79.69999694824219,79.87999725341797,868200
2024-09-10,79.4021987915039,79.45999908447266,80.87000274658203,79.2699966430664,80.69999694824219,620400
2024-09-11,77.66346740722656,77.72000122070312,79.31999969482422,76.95999908447266,79.22000122070312,750200
2024-09-12,78.01321411132812,78.06999969482422,78.18000030517578,77.19999694824219,77.69999694824219,607200
2024-09-13,78.28301239013672,78.33999633789062,78.94000244140625,78.11000061035156,78.37000274658203,563500
2024-09-16,78.78264617919922,78.83999633789062,79.44000244140625,78.55000305175781,78.95999908447266,507600
2024-09-17,79.2323226928711,79.29000091552734,79.69999694824219,78.68000030517578,78.8499984741211,475200
2024-09-18,79.14238739013672,79.19999694824219,79.81999969482422,79.0199966430664,79.33000183105469,451700
2024-09-19,79.19235229492188,79.25,79.88999938964844,78.80000305175781,79.75,618200
2024-09-20,78.48287200927734,78.54000091552734,79.08999633789062,78.26000213623047,78.9000015258789,1237200
2024-09-23,78.6127700805664,78.66999816894531,78.94000244140625,78.3499984741211,78.61000061035156,494900
2024-09-24,78.1031494140625,78.16000366210938,78.73999786376953,77.76000213623047,78.55999755859375,620400
2024-09-25,78.00321197509766,78.05999755859375,78.66000366210938,77.95999908447266,78.4800033569336,689600
2024-09-26,78.63275909423828,78.69000244140625,78.91999816894531,77.79000091552734,78.01000213623047,667900
2024-09-27,78.84260559082031,78.9000015258789,79.30000305175781,78.61000061035156,78.83999633789062,877500
2024-09-30,78.99250030517578,79.05000305175781,79.20999908447266,78.0,78.97000122070312,1114200
2024-10-01,79.24231719970703,79.30000305175781,79.83999633789062,78.8499984741211,78.9800033569336,1125800
2024-10-02,78.56281280517578,78.62000274658203,79.75,78.5,79.44000244140625,750200
2024-10-03,78.09315490722656,78.1500015258789,78.80999755859375,77.95999908447266,78.5199966430664,560400
2024-10-04,79.22232818603516,79.27999877929688,79.4000015258789,78.41999816894531,78.41999816894531,566900
2024-10-07,76.43435668945312,76.48999786376953,78.88999938964844,76.33999633789062,78.88999938964844,689200
2024-10-08,77.2537612915039,77.30999755859375,77.61000061035156,76.83000183105469,76.83000183105469,690800
2024-10-09,78.19307708740234,78.25,78.5199966430664,76.94000244140625,77.0999984741211,599100
2024-10-10,78.15310668945312,78.20999908447266,79.23999786376953,77.86000061035156,78.97000122070312,583600
2024-10-11,79.29227447509766,79.3499984741211,79.80999755859375,78.62000274658203,78.62000274658203,644200
2024-10-14,80.28155517578125,80.33999633789062,80.48999786376953,79.01000213623047,79.3499984741211,498000
2024-10-15,80.27156829833984,80.33000183105469,81.66000366210938,80.23999786376953,80.7699966430664,622300
2024-10-16,80.5313720703125,80.58999633789062,81.2699966430664,80.29000091552734,80.29000091552734,908500
2024-10-17,81.66056060791016,81.72000122070312,81.7699966430664,81.0,81.0,402900
2024-10-18,81.76048278808594,81.81999969482422,82.12000274658203,80.98999786376953,81.94000244140625,664900
2024-10-21,81.01102447509766,81.06999969482422,82.01000213623047,80.95999908447266,81.66000366210938,441800
2024-10-22,80.75121307373047,80.80999755859375,81.18000030517578,79.68000030517578,80.9000015258789,460600
2024-10-23,80.8811264038086,80.94000244140625,81.05999755859375,80.2699966430664,80.5999984741211,467400
2024-10-24,81.03101348876953,81.08999633789062,81.2699966430664,80.7300033569336,81.20999908447266,455600
2024-10-25,79.51211547851562,79.56999969482422,81.54000091552734,79.47000122070312,81.4800033569336,571300
2024-10-28,80.56135559082031,80.62000274658203,80.95999908447266,80.0,80.0,567400
2024-10-29,79.70198059082031,79.76000213623047,80.83999633789062,79.7300033569336,80.38999938964844,579200
2024-10-30,80.30154418945312,80.36000061035156,81.11000061035156,80.0199966430664,80.08000183105469,995400
2024-10-31,78.9025650024414,78.95999908447266,80.66999816894531,78.91999816894531,80.4000015258789,762400
2024-11-01,79.21233367919922,79.2699966430664,80.08000183105469,78.93000030517578,78.9800033569336,685700
2024-11-04,76.454345703125,76.51000213623047,79.19999694824219,75.16000366210938,79.12000274658203,1029300
2024-11-05,78.33297729492188,78.38999938964844,78.41000366210938,76.33000183105469,76.7300033569336,835200
2024-11-06,82.69979858398438,82.76000213623047,83.33000183105469,81.95999908447266,82.55000305175781,1202200
2024-11-07,82.02029418945312,82.08000183105469,82.80999755859375,81.81999969482422,82.80999755859375,681300
2024-11-08,83.04954528808594,83.11000061035156,83.5,82.20999908447266,82.4800033569336,618700
2024-11-11,83.14946746826172,83.20999908447266,84.55999755859375,83.05999755859375,83.62999725341797,534400
2024-11-12,82.9096450805664,82.97000122070312,83.66999816894531,82.86000061035156,83.12000274658203,1402700
2024-11-13,83.14946746826172,83.20999908447266,83.58999633789062,82.48999786376953,82.94000244140625,795700
2024-11-14,82.73977661132812,82.80000305175781,83.4000015258789,82.58999633789062,82.9800033569336,607800
2024-11-15,83.60913848876953,83.66999816894531,83.88999938964844,82.75,83.01000213623047,937800
2024-11-18,84.34860229492188,84.41000366210938,84.58999633789062,83.33999633789062,83.62999725341797,521100
2024-11-19,84.0588150024414,84.12000274658203,84.19000244140625,83.22000122070312,83.30999755859375,596000
2024-11-20,84.42853546142578,84.48999786376953,84.68000030517578,83.80000305175781,83.94999694824219,642400
2024-11-21,85.10804748535156,85.16999816894531,85.36000061035156,84.2300033569336,84.69999694824219,1057400
2024-11-22,86.00739288330078,86.06999969482422,86.2699966430664,85.23999786376953,85.23999786376953,653700
2024-11-25,85.76757049560547,85.83000183105469,86.9000015258789,85.75,86.30000305175781,1291200
2024-11-26,86.5469970703125,86.61000061035156,86.76000213623047,85.51000213623047,85.9000015258789,561600
2024-11-27,87.05000305175781,87.05000305175781,87.44999694824219,86.4800033569336,86.95999908447266,452500
2024-11-29,86.7300033569336,86.7300033569336,87.41999816894531,86.61000061035156,87.30000305175781,408300
2024-12-02,86.16000366210938,86.16000366210938,86.83000183105469,85.73999786376953,86.79000091552734,808100
2024-12-03,85.9800033569336,85.9800033569336,86.47000122070312,85.51000213623047,86.4000015258789,975800
2024-12-04,85.8499984741211,85.8499984741211,86.26000213623047,85.19000244140625,85.79000091552734,725000
2024-12-05,85.94000244140625,85.94000244140625,86.6500015258789,85.66999816894531,86.12000274658203,620500
2024-12-06,86.08000183105469,86.08000183105469,86.25,85.66000366210938,85.93000030517578,560200
2024-12-09,85.0,85.0,86.06999969482422,84.91999816894531,85.88999938964844,598700
2024-12-10,83.95999908447266,83.95999908447266,85.0999984741211,83.20999908447266,85.0999984741211,583100
2024-12-11,84.75,84.75,84.98999786376953,83.86000061035156,84.2300033569336,812900
2024-12-12,83.94999694824219,83.94999694824219,85.41000366210938,83.91999816894531,85.1500015258789,730400
2024-12-13,84.18000030517578,84.18000030517578,85.29000091552734,84.02999877929688,84.43000030517578,782700
2024-12-16,84.02999877929688,84.02999877929688,84.93000030517578,83.69999694824219,83.9800033569336,742800
2024-12-17,83.63999938964844,83.63999938964844,84.12000274658203,83.19999694824219,83.5,846200
2024-12-18,81.5,81.5,84.25,81.44000244140625,83.29000091552734,1162700
2024-12-19,81.66000366210938,81.66000366210938,82.56999969482422,80.7699966430664,81.87999725341797,1092600
2024-12-20,83.19000244140625,83.19000244140625,83.93000030517578,81.20999908447266,81.5,2847800
2024-12-23,,83.37000274658203,83.44999694824219,82.41999816894531,82.58000183105469,835200
2024-12-24,,84.80000305175781,84.91000366210938,83.2300033569336,83.31999969482422,407700
2024-12-26,,85.26000213623047,85.4000015258789,84.5,84.66000366210938,371300
2024-12-27,,84.68000030517578,85.5999984741211,84.30999755859375,84.66999816894531,625800
2024-12-30,,84.38999938964844,84.94999694824219,83.5999984741211,84.05999755859375,775800
2024-12-31,,84.69000244140625,85.08999633789062,84.33000183105469,84.76000213623047,837000
2025-01-02,,84.16000366210938,85.30999755859375,83.86000061035156,85.08000183105469,779000
2025-01-03,,84.3499984741211,84.80999755859375,83.9000015258789,84.61000061035156,640300
2025-01-06,,82.37000274658203,84.56999969482422,82.2699966430664,84.33000183105469,869300
2025-01-07,,82.94999694824219,83.75,82.1500015258789,82.5999984741211,791600
