Price,Adj Close,Close,High,Low,Open,Volume
Ticker,DOV,DOV,DOV,DOV,DOV,DOV
Date,,,,,,
1995-01-03,5.229470252990723,8.84005069732666,8.84005069732666,8.651518821716309,8.651518821716309,352062
1995-01-04,5.25425386428833,8.881946563720703,8.902894973754883,8.819103240966797,8.819103240966797,753056
1995-01-05,5.25425386428833,8.881946563720703,8.965739250183105,8.881946563720703,8.923843383789062,1087217
1995-01-06,5.452528953552246,9.21711540222168,9.21711540222168,8.881946563720703,8.902894973754883,815114
1995-01-09,5.502094745635986,9.300907135009766,9.321854591369627,9.154271125793455,9.21711540222168,381898
1995-01-10,5.626015186309815,9.510387420654297,9.510387420654297,9.238062858581545,9.279958724975586,967277
1995-01-11,5.650802612304688,9.55228328704834,9.55228328704834,9.468490600585938,9.489439010620115,525707
1995-01-12,5.638406276702881,9.53133487701416,9.615126609802246,9.510387420654297,9.55228328704834,856884
1995-01-13,5.588838577270508,9.447543144226074,9.53133487701416,9.405647277832031,9.53133487701416,310889
1995-01-16,5.663194179534912,9.573230743408203,9.573230743408203,9.468490600585938,9.489439010620115,692787
1995-01-17,5.675582885742188,9.594179153442385,9.594179153442385,9.55228328704834,9.55228328704834,133664
1995-01-18,5.663194179534912,9.573230743408203,9.636075019836426,9.55228328704834,9.573230743408203,335951
1995-01-19,5.774723052978516,9.761762619018556,9.782711029052734,9.677970886230469,9.677970886230469,792439
1995-01-20,5.675582885742188,9.594179153442385,9.887451171875,9.594179153442385,9.803659439086914,533464
1995-01-23,5.6879754066467285,9.615126609802246,9.719866752624512,9.468490600585938,9.468490600585938,639083
1995-01-24,5.626015186309815,9.510387420654297,9.615126609802246,9.510387420654297,9.594179153442385,344305
1995-01-25,5.749938011169434,9.719866752624512,9.782711029052734,9.55228328704834,9.55228328704834,566283
1995-01-26,5.7003703117370605,9.636075019836426,9.677970886230469,9.615126609802246,9.677970886230469,202883
1995-01-27,5.737545967102051,9.698919296264648,9.740815162658691,9.615126609802246,9.636075019836426,405767
1995-01-30,5.601234436035156,9.468490600585938,9.677970886230469,9.447543144226074,9.677970886230469,870609
1995-01-31,5.638406276702881,9.53133487701416,9.55228328704834,9.468490600585938,9.468490600585938,1105118
1995-02-01,5.638406276702881,9.53133487701416,9.573230743408203,9.510387420654297,9.55228328704834,466632
1995-02-02,5.626015186309815,9.510387420654297,9.594179153442385,9.468490600585938,9.573230743408203,276280
1995-02-03,5.762329578399658,9.740815162658691,9.740815162658691,9.53133487701416,9.53133487701416,759023
1995-02-06,5.787110328674316,9.782711029052734,9.887451171875,9.719866752624512,9.719866752624512,487517
1995-02-07,5.836682796478272,9.86650276184082,9.86650276184082,9.719866752624512,9.740815162658691,360416
1995-02-08,5.91103458404541,9.992191314697266,10.096931457519531,9.845555305480955,9.86650276184082,1011434
1995-02-09,5.86146354675293,9.908398628234863,9.992191314697266,9.887451171875,9.971242904663086,278070
1995-02-10,5.86146354675293,9.908398628234863,9.929347038269045,9.845555305480955,9.887451171875,176628
1995-02-13,5.898641109466553,9.971242904663086,9.971242904663086,9.887451171875,9.887451171875,492887
1995-02-14,5.935817718505859,10.034087181091309,10.034087181091309,9.908398628234863,9.971242904663086,574041
1995-02-15,5.972998142242432,10.096931457519531,10.096931457519531,10.034087181091309,10.055034637451172,809147
1995-02-16,5.985386371612549,10.117878913879396,10.117878913879396,10.055034637451172,10.096931457519531,357433
1995-02-17,5.997779369354248,10.138827323913574,10.15977382659912,10.117878913879396,10.117878913879396,287020
1995-02-21,6.022562503814697,10.1807222366333,10.201669692993164,10.138827323913574,10.138827323913574,390252
1995-02-22,6.036003112792969,10.15977382659912,10.264513969421388,10.138827323913574,10.138827323913574,678466
1995-02-23,6.048448085784912,10.1807222366333,10.222618103027344,10.15977382659912,10.201669692993164,261362
1995-02-24,5.986221790313721,10.075983047485352,10.222618103027344,10.055034637451172,10.201669692993164,644453
1995-02-27,5.961333274841309,10.034087181091309,10.055034637451172,10.013138771057127,10.034087181091309,250024
1995-02-28,5.923997402191162,9.971242904663086,10.034087181091309,9.908398628234863,10.034087181091309,331177
1995-03-01,5.923997402191162,9.971242904663086,10.034087181091309,9.950295448303224,9.971242904663086,727994
1995-03-02,5.9364447593688965,9.992191314697266,10.034087181091309,9.971242904663086,9.971242904663086,301342
1995-03-03,5.899106502532959,9.929347038269045,9.929347038269045,9.824606895446776,9.908398628234863,501241
1995-03-06,5.961333274841309,10.034087181091309,10.034087181091309,9.803659439086914,9.887451171875,586572
1995-03-07,5.886658191680908,9.908398628234863,10.034087181091309,9.86650276184082,10.034087181091309,424862
1995-03-08,5.948887348175049,10.013138771057127,10.096931457519531,9.929347038269045,9.950295448303224,641470
1995-03-09,5.923997402191162,9.971242904663086,10.013138771057127,9.908398628234863,10.013138771057127,270909
1995-03-10,5.961333274841309,10.034087181091309,10.055034637451172,9.971242904663086,9.992191314697266,701738
1995-03-13,5.911552906036377,9.950295448303224,10.055034637451172,9.929347038269045,10.034087181091309,1695867
1995-03-14,5.948887348175049,10.013138771057127,10.138827323913574,9.971242904663086,9.971242904663086,892687
1995-03-15,5.9364447593688965,9.992191314697266,10.034087181091309,9.992191314697266,10.034087181091309,328791
1995-03-16,5.986221790313721,10.075983047485352,10.096931457519531,9.950295448303224,9.950295448303224,1106908
1995-03-17,6.023559093475342,10.138827323913574,10.138827323913574,10.075983047485352,10.117878913879396,1081249
1995-03-20,6.048448085784912,10.1807222366333,10.201669692993164,10.15977382659912,10.15977382659912,349079
1995-03-21,6.073339939117432,10.222618103027344,10.264513969421388,10.1807222366333,10.201669692993164,372351
1995-03-22,6.098232746124268,10.264513969421388,10.264513969421388,10.222618103027344,10.243565559387209,1462551
1995-03-23,6.098232746124268,10.264513969421388,10.32735824584961,10.243565559387209,10.285462379455566,861061
1995-03-24,6.1853461265563965,10.411149978637695,10.432098388671877,10.30640983581543,10.30640983581543,963696
1995-03-27,6.2475786209106445,10.51589012145996,10.51589012145996,10.411149978637695,10.411149978637695,297165
1995-03-28,6.3098015785217285,10.620630264282228,10.620630264282228,10.49494171142578,10.51589012145996,842563
1995-03-29,6.521371364593506,10.97674560546875,11.01864242553711,10.66252613067627,10.66252613067627,1349175
1995-03-30,6.347136974334717,10.683473587036133,10.99769401550293,10.683473587036133,10.99769401550293,723220
1995-03-31,6.446702003479004,10.85105800628662,10.892953872680664,10.536837577819824,10.64157772064209,473196
1995-04-03,6.521371364593506,10.97674560546875,10.99769401550293,10.85105800628662,10.85105800628662,515563
1995-04-04,6.620937347412109,11.144330024719238,11.144330024719238,10.97674560546875,10.97674560546875,741718
1995-04-05,6.471594333648682,10.892953872680664,11.144330024719238,10.85105800628662,11.144330024719238,684433
1995-04-06,6.471594333648682,10.892953872680664,10.892953872680664,10.83010959625244,10.892953872680664,201093
1995-04-07,6.471594333648682,10.892953872680664,10.955798149108888,10.83010959625244,10.892953872680664,345499
1995-04-10,6.421812057495117,10.809162139892578,10.83010959625244,10.725370407104492,10.83010959625244,372948
1995-04-11,6.3222479820251465,10.64157772064209,10.913902282714844,10.64157772064209,10.85105800628662,390252
1995-04-12,6.297355175018311,10.599681854248049,10.620630264282228,10.557785987854004,10.599681854248049,408154
1995-04-13,6.409365653991699,10.788213729858398,10.788213729858398,10.620630264282228,10.64157772064209,541221
1995-04-17,6.384475231170654,10.746317863464355,10.8720064163208,10.725370407104492,10.8720064163208,615811
1995-04-18,6.3098015785217285,10.620630264282228,10.725370407104492,10.599681854248049,10.725370407104492,313873
1995-04-19,6.372031211853027,10.725370407104492,10.725370407104492,10.578734397888184,10.620630264282228,804970
1995-04-20,6.347136974334717,10.683473587036133,10.725370407104492,10.66252613067627,10.704421997070312,316259
1995-04-21,6.372031211853027,10.725370407104492,10.809162139892578,10.704421997070312,10.746317863464355,526900
1995-04-24,6.4591474533081055,10.8720064163208,10.8720064163208,10.704421997070312,10.704421997070312,332968
1995-04-25,6.4591474533081055,10.8720064163208,10.8720064163208,10.83010959625244,10.83010959625244,327597
1995-04-26,6.4591474533081055,10.8720064163208,10.8720064163208,10.809162139892578,10.8720064163208,402187
1995-04-27,6.484036445617676,10.913902282714844,10.934849739074709,10.8720064163208,10.8720064163208,698754
1995-04-28,6.471594333648682,10.892953872680664,10.934849739074709,10.85105800628662,10.892953872680664,639083
1995-05-01,6.571155548095703,11.060538291931152,11.081485748291016,10.892953872680664,10.934849739074709,580008
1995-05-02,6.620937347412109,11.144330024719238,11.249070167541504,11.12338161468506,11.18622589111328,645050
1995-05-03,6.645827770233154,11.18622589111328,11.20717430114746,11.144330024719238,11.144330024719238,474986
1995-05-04,6.59604549407959,11.102434158325195,11.249070167541504,11.102434158325195,11.18622589111328,1031722
1995-05-05,6.608492374420166,11.12338161468506,11.165278434753418,11.12338161468506,11.165278434753418,615811
1995-05-08,6.620937347412109,11.144330024719238,11.18622589111328,11.102434158325195,11.102434158325195,351466
1995-05-09,6.633379936218262,11.165278434753418,11.18622589111328,11.144330024719238,11.165278434753418,843160
1995-05-10,6.620937347412109,11.144330024719238,11.165278434753418,11.102434158325195,11.165278434753418,551366
1995-05-11,6.59604549407959,11.102434158325195,11.12338161468506,11.060538291931152,11.102434158325195,565090
1995-05-12,6.620937347412109,11.144330024719238,11.18622589111328,11.081485748291016,11.081485748291016,793036
1995-05-15,6.695606231689453,11.270017623901367,11.270017623901367,11.144330024719238,11.18622589111328,1362899
1995-05-16,6.7951741218566895,11.437602043151855,11.437602043151855,11.249070167541504,11.249070167541504,690400
1995-05-17,6.757836818695068,11.374757766723633,11.416653633117676,11.33286190032959,11.395706176757812,751265
1995-05-18,6.708053112030029,11.290966033935549,11.437602043151855,11.290966033935549,11.33286190032959,587765
1995-05-19,6.608492374420166,11.12338161468506,11.228121757507324,11.039589881896973,11.144330024719238,710092
1995-05-22,6.646974086761475,11.144330024719238,11.144330024719238,10.85105800628662,11.081485748291016,445747
1995-05-23,6.659466743469238,11.165278434753418,11.228121757507324,11.12338161468506,11.18622589111328,472002
1995-05-24,6.646974086761475,11.144330024719238,11.165278434753418,11.12338161468506,11.165278434753418,594926
1995-05-25,6.596997261047363,11.060538291931152,11.165278434753418,11.01864242553711,11.144330024719238,501241
1995-05-26,6.484548568725586,10.8720064163208,11.039589881896973,10.83010959625244,11.039589881896973,557333
1995-05-30,6.484548568725586,10.8720064163208,11.01864242553711,10.83010959625244,10.892953872680664,279263
1995-05-31,6.559516429901123,10.99769401550293,11.01864242553711,10.85105800628662,10.85105800628662,597909
1995-06-01,6.572009563446045,11.01864242553711,11.01864242553711,10.85105800628662,10.97674560546875,1333660
1995-06-02,6.547017574310303,10.97674560546875,11.01864242553711,10.892953872680664,11.01864242553711,822871
1995-06-05,6.584500789642334,11.039589881896973,11.039589881896973,10.934849739074709,10.934849739074709,892687
1995-06-06,6.584500789642334,11.039589881896973,11.060538291931152,11.01864242553711,11.039589881896973,576428
1995-06-07,6.572009563446045,11.01864242553711,11.039589881896973,10.97674560546875,11.01864242553711,624165
1995-06-08,6.572009563446045,11.01864242553711,11.144330024719238,11.01864242553711,11.060538291931152,1203576
1995-06-09,6.596997261047363,11.060538291931152,11.060538291931152,10.892953872680664,11.01864242553711,819291
1995-06-12,6.671963214874268,11.18622589111328,11.270017623901367,11.060538291931152,11.060538291931152,699351
1995-06-13,6.746930122375488,11.311914443969728,11.311914443969728,11.144330024719238,11.144330024719238,616408
1995-06-14,6.809401988983154,11.416653633117676,11.437602043151855,11.311914443969728,11.311914443969728,366384
1995-06-15,6.834390640258789,11.458550453186035,11.479497909545898,11.395706176757812,11.416653633117676,328194
1995-06-16,6.92185115814209,11.605186462402344,11.730874061584473,11.584238052368164,11.730874061584473,1250120
1995-06-19,6.971824169158936,11.68897819519043,11.730874061584473,11.605186462402344,11.605186462402344,485727
1995-06-20,7.096767902374268,11.898457527160645,11.898457527160645,11.68897819519043,11.68897819519043,723220
1995-06-21,7.096767902374268,11.898457527160645,11.898457527160645,11.835614204406738,11.898457527160645,461261
1995-06-22,7.159242153167725,12.00319766998291,12.00319766998291,11.856561660766602,11.898457527160645,460068
1995-06-23,7.2591962814331055,12.170781135559082,12.170781135559082,11.982250213623049,12.00319766998291,551366
1995-06-26,7.2591962814331055,12.170781135559082,12.191728591918944,12.12888526916504,12.12888526916504,426055
1995-06-27,7.296679973602295,12.233625411987305,12.233625411987305,12.149832725524902,12.170781135559082,294778
1995-06-28,7.2591962814331055,12.170781135559082,12.254572868347168,12.170781135559082,12.233625411987305,437990
1995-06-29,7.171730995178223,12.024145126342772,12.10793685913086,11.835614204406738,12.086989402770996,420685
1995-06-30,7.271692276000977,12.191728591918944,12.212677001953123,12.066040992736816,12.066040992736816,436199
1995-07-03,7.296679973602295,12.233625411987305,12.233625411987305,12.149832725524902,12.149832725524902,43560
1995-07-05,7.309173107147217,12.254572868347168,12.338364601135254,12.191728591918944,12.254572868347168,338338
1995-07-06,7.321664333343506,12.275521278381348,12.31741714477539,12.10793685913086,12.296468734741213,476179
1995-07-07,7.384135723114014,12.380261421203612,12.44310474395752,12.275521278381348,12.275521278381348,680256
1995-07-10,7.571555137634277,12.694480895996094,12.736376762390137,12.401208877563477,12.401208877563477,652807
1995-07-11,7.509082794189453,12.589740753173828,12.77827262878418,12.526897430419922,12.694480895996094,295971
1995-07-12,7.559057235717773,12.67353343963623,12.67353343963623,12.485000610351562,12.568793296813965,408750
1995-07-13,7.509082794189453,12.589740753173828,12.715429306030272,12.568793296813965,12.715429306030272,226155
1995-07-14,7.434116363525391,12.4640531539917,12.547844886779783,12.4640531539917,12.526897430419922,383092
1995-07-17,7.584048748016357,12.715429306030272,12.736376762390137,12.4640531539917,12.4640531539917,1140921
1995-07-18,7.684004783630371,12.883012771606444,12.924908638000488,12.715429306030272,12.757325172424316,1071702
1995-07-19,7.584048748016357,12.715429306030272,12.883012771606444,12.67353343963623,12.883012771606444,1155839
1995-07-20,7.64651346206665,12.82016944885254,12.82016944885254,12.715429306030272,12.715429306030272,544205
1995-07-21,7.6964945793151855,12.903961181640623,12.903961181640623,12.77827262878418,12.862065315246582,792439
1995-07-24,7.659019470214844,12.841116905212402,13.029648780822754,12.841116905212402,12.945857048034668,189756
1995-07-25,7.721485614776611,12.945857048034668,12.945857048034668,12.757325172424316,12.841116905212402,425459
1995-07-26,7.7464728355407715,12.987752914428713,13.00870132446289,12.79922103881836,12.924908638000488,495871
1995-07-27,7.733978271484375,12.966805458068848,13.029648780822754,12.841116905212402,13.00870132446289,667725
1995-07-28,7.808947086334228,13.092493057250977,13.13438892364502,12.987752914428713,13.00870132446289,607457
1995-07-31,7.908902168273926,13.260077476501465,13.301973342895508,13.050597190856934,13.092493057250977,771554
1995-08-01,7.8964104652404785,13.239129066467283,13.322920799255373,13.197233200073242,13.281024932861328,662951
1995-08-02,7.84642219543457,13.1553373336792,13.301973342895508,13.113441467285156,13.239129066467283,754846
1995-08-03,7.796450138092041,13.071544647216797,13.113441467285156,12.966805458068848,13.071544647216797,482743
1995-08-04,7.833933353424072,13.13438892364502,13.197233200073242,12.987752914428713,13.029648780822754,449327
1995-08-07,7.84642219543457,13.1553373336792,13.197233200073242,13.092493057250977,13.1553373336792,427845
1995-08-08,7.821444988250732,13.113441467285156,13.176284790039062,13.071544647216797,13.176284790039062,327597
1995-08-09,7.858924388885498,13.176284790039062,13.176284790039062,13.050597190856934,13.071544647216797,403977
1995-08-10,7.858924388885498,13.176284790039062,13.260077476501465,13.13438892364502,13.197233200073242,428442
1995-08-11,7.858924388885498,13.176284790039062,13.197233200073242,13.113441467285156,13.197233200073242,236300
1995-08-14,7.908902168273926,13.260077476501465,13.260077476501465,13.176284790039062,13.176284790039062,1011434
1995-08-15,7.921394348144531,13.281024932861328,13.34386920928955,13.239129066467283,13.239129066467283,785875
1995-08-16,7.996356010437012,13.406712532043455,13.49050521850586,13.239129066467283,13.239129066467283,624762
1995-08-17,7.958876609802246,13.34386920928955,13.385765075683594,13.322920799255373,13.364816665649414,387865
1995-08-18,7.996356010437012,13.406712532043455,13.406712532043455,13.322920799255373,13.385765075683594,630729
1995-08-21,7.958876609802246,13.34386920928955,13.532401084899902,13.322920799255373,13.448609352111816,749475
1995-08-22,8.158784866333008,13.679037094116213,13.699984550476074,13.385765075683594,13.385765075683594,506015
1995-08-23,8.221259117126465,13.783777236938477,13.783777236938477,13.595245361328123,13.637141227722168,791842
1995-08-24,8.246249198913574,13.82567310333252,13.972308158874512,13.80472469329834,13.82567310333252,569864
1995-08-25,8.183773040771484,13.720932960510254,13.82567310333252,13.658088684082031,13.762828826904297,526900
1995-08-28,8.021350860595703,13.448609352111816,13.616192817687988,13.427660942077637,13.616192817687988,581798
1995-08-29,7.951115608215332,13.281024932861328,13.49050521850586,13.260077476501465,13.49050521850586,1069315
1995-08-30,7.963660717010498,13.301973342895508,13.385765075683594,13.281024932861328,13.322920799255373,597909
1995-08-31,8.001279830932617,13.364816665649414,13.385765075683594,13.281024932861328,13.301973342895508,998903
1995-09-01,8.03890323638916,13.427660942077637,13.46955680847168,13.322920799255373,13.364816665649414,655194
1995-09-05,8.02636432647705,13.406712532043455,13.532401084899902,13.385765075683594,13.385765075683594,619391
1995-09-06,8.126694679260254,13.574296951293944,13.616192817687988,13.364816665649414,13.364816665649414,1072895
1995-09-07,8.126694679260254,13.574296951293944,13.574296951293944,13.406712532043455,13.49050521850586,682046
1995-09-08,8.076530456542969,13.49050521850586,13.616192817687988,13.448609352111816,13.616192817687988,812727
1995-09-11,8.013825416564941,13.385765075683594,13.511452674865724,13.281024932861328,13.49050521850586,1763892
1995-09-12,7.951115608215332,13.281024932861328,13.364816665649414,13.260077476501465,13.364816665649414,1217301
1995-09-13,7.951115608215332,13.281024932861328,13.34386920928955,13.176284790039062,13.281024932861328,766780
1995-09-14,8.03890323638916,13.427660942077637,13.46955680847168,13.281024932861328,13.281024932861328,340128
1995-09-15,8.101606369018555,13.532401084899902,13.658088684082031,13.511452674865724,13.658088684082031,1028738
1995-09-18,8.22702693939209,13.741881370544434,13.741881370544434,13.49050521850586,13.49050521850586,293584
1995-09-19,8.02636432647705,13.406712532043455,13.741881370544434,13.364816665649414,13.741881370544434,495871
1995-09-20,7.926037311553955,13.239129066467283,13.364816665649414,13.1553373336792,13.322920799255373,420386
1995-09-21,7.700294494628906,12.862065315246582,13.197233200073242,12.82016944885254,13.1553373336792,409347
1995-09-22,7.574880123138428,12.65258502960205,12.82016944885254,12.65258502960205,12.736376762390137,962801
1995-09-25,7.549800872802734,12.610689163208008,12.903961181640623,12.568793296813965,12.694480895996094,772449
1995-09-26,7.399306774139404,12.359313011169434,12.65258502960205,12.359313011169434,12.65258502960205,648630
1995-09-27,7.248813152313232,12.10793685913086,12.44310474395752,12.066040992736816,12.31741714477539,796616
1995-09-28,7.499634265899658,12.526897430419922,12.526897430419922,12.233625411987305,12.233625411987305,480356
1995-09-29,7.675205230712891,12.82016944885254,12.862065315246582,12.568793296813965,12.568793296813965,724712
1995-10-02,7.574880123138428,12.65258502960205,12.903961181640623,12.610689163208008,12.903961181640623,443658
1995-10-03,7.599965572357178,12.694480895996094,12.736376762390137,12.610689163208008,12.736376762390137,475284
1995-10-04,7.474554061889648,12.485000610351562,12.610689163208008,12.44310474395752,12.485000610351562,418596
1995-10-05,7.574880123138428,12.65258502960205,12.694480895996094,12.44310474395752,12.44310474395752,584483
1995-10-06,7.574880123138428,12.65258502960205,12.736376762390137,12.44310474395752,12.44310474395752,762006
1995-10-09,7.549800872802734,12.610689163208008,12.610689163208008,12.485000610351562,12.526897430419922,201690
1995-10-10,7.449465751647949,12.44310474395752,12.44310474395752,12.149832725524902,12.233625411987305,656089
1995-10-11,7.549800872802734,12.610689163208008,12.610689163208008,12.359313011169434,12.526897430419922,342813
1995-10-12,7.675205230712891,12.82016944885254,12.903961181640623,12.694480895996094,12.694480895996094,322823
1995-10-13,7.750461101531982,12.945857048034668,13.029648780822754,12.945857048034668,12.987752914428713,295076
1995-10-16,8.151776313781738,13.616192817687988,13.658088684082031,13.113441467285156,13.113441467285156,1293084
1995-10-17,8.151776313781738,13.616192817687988,13.616192817687988,13.281024932861328,13.574296951293944,729187
1995-10-18,8.151776313781738,13.616192817687988,13.658088684082031,13.574296951293944,13.574296951293944,692787
1995-10-19,8.076530456542969,13.49050521850586,13.658088684082031,13.448609352111816,13.658088684082031,921031
1995-10-20,7.800625324249268,13.029648780822754,13.448609352111816,13.029648780822754,13.448609352111816,895074
1995-10-23,7.825705051422119,13.071544647216797,13.071544647216797,12.736376762390137,13.029648780822754,489009
1995-10-24,7.775538444519043,12.987752914428713,13.113441467285156,12.987752914428713,13.071544647216797,340426
1995-10-25,7.474554061889648,12.485000610351562,13.071544647216797,12.44310474395752,13.071544647216797,785278
1995-10-26,7.324058055877685,12.233625411987305,12.610689163208008,12.233625411987305,12.526897430419922,631027
1995-10-27,7.524717330932617,12.568793296813965,12.568793296813965,12.066040992736816,12.275521278381348,635801
1995-10-30,7.850790500640869,13.113441467285156,13.113441467285156,12.568793296813965,12.568793296813965,379213
1995-10-31,7.926037311553955,13.239129066467283,13.364816665649414,12.987752914428713,13.029648780822754,1141219
1995-11-01,7.750461101531982,12.945857048034668,13.239129066467283,12.82016944885254,13.239129066467283,479461
1995-11-02,7.750461101531982,12.945857048034668,13.029648780822754,12.77827262878418,12.987752914428713,308801
1995-11-03,7.900951862335205,13.197233200073242,13.197233200073242,12.77827262878418,12.903961181640623,892090
1995-11-06,7.850790500640869,13.113441467285156,13.322920799255373,13.071544647216797,13.239129066467283,247040
1995-11-07,7.750461101531982,12.945857048034668,13.239129066467283,12.945857048034668,13.197233200073242,221382
1995-11-08,7.625043869018555,12.736376762390137,12.945857048034668,12.694480895996094,12.903961181640623,801688
1995-11-09,7.800625324249268,13.029648780822754,13.029648780822754,12.736376762390137,12.82016944885254,436498
1995-11-10,7.800625324249268,13.029648780822754,13.071544647216797,12.862065315246582,12.903961181640623,349079
1995-11-13,7.775538444519043,12.987752914428713,13.071544647216797,12.945857048034668,12.945857048034668,302237
1995-11-14,7.675205230712891,12.82016944885254,12.945857048034668,12.82016944885254,12.862065315246582,372649
1995-11-15,7.825705051422119,13.071544647216797,13.197233200073242,12.82016944885254,12.82016944885254,760515
1995-11-16,7.825705051422119,13.071544647216797,13.113441467285156,12.77827262878418,12.987752914428713,480356
1995-11-17,7.825705051422119,13.071544647216797,13.113441467285156,13.029648780822754,13.029648780822754,580008
1995-11-20,7.725372791290283,12.903961181640623,13.113441467285156,12.903961181640623,13.113441467285156,339830
1995-11-21,7.750461101531982,12.945857048034668,12.945857048034668,12.736376762390137,12.903961181640623,441271
1995-11-22,7.875866889953613,13.1553373336792,13.197233200073242,12.945857048034668,12.945857048034668,464245
1995-11-24,7.830552577972412,13.029648780822754,13.322920799255373,13.029648780822754,13.1553373336792,173048
1995-11-27,7.931262493133545,13.197233200073242,13.322920799255373,13.071544647216797,13.071544647216797,744105
1995-11-28,7.855725765228271,13.071544647216797,13.281024932861328,12.903961181640623,13.281024932861328,677273
1995-11-29,7.906082630157471,13.1553373336792,13.1553373336792,13.071544647216797,13.071544647216797,315663
1995-11-30,7.830552577972412,13.029648780822754,13.1553373336792,12.987752914428713,13.1553373336792,379810
1995-12-01,7.729835033416748,12.862065315246582,13.029648780822754,12.862065315246582,13.029648780822754,417403
1995-12-04,7.629120826721191,12.694480895996094,12.903961181640623,12.610689163208008,12.903961181640623,872399
1995-12-05,7.629120826721191,12.694480895996094,12.736376762390137,12.401208877563477,12.736376762390137,883736
1995-12-06,7.603940010070801,12.65258502960205,12.82016944885254,12.610689163208008,12.694480895996094,783786
1995-12-07,7.629120826721191,12.694480895996094,12.77827262878418,12.526897430419922,12.526897430419922,1090797
1995-12-08,7.528405666351318,12.526897430419922,12.862065315246582,12.485000610351562,12.82016944885254,700843
1995-12-11,7.478044986724853,12.44310474395752,12.526897430419922,12.44310474395752,12.526897430419922,433514
1995-12-12,7.377328872680664,12.275521278381348,12.568793296813965,12.275521278381348,12.526897430419922,1189852
1995-12-13,7.301795482635498,12.149832725524902,12.31741714477539,12.149832725524902,12.31741714477539,1455390
1995-12-14,7.301795482635498,12.149832725524902,12.275521278381348,12.066040992736816,12.233625411987305,606562
1995-12-15,7.301795482635498,12.149832725524902,12.275521278381348,11.898457527160645,12.149832725524902,2398202
1995-12-18,7.22625732421875,12.024145126342772,12.066040992736816,11.772769927978516,11.856561660766602,1532068
1995-12-19,7.301795482635498,12.149832725524902,12.233625411987305,11.982250213623049,11.982250213623049,1958422
1995-12-20,7.251436233520508,12.066040992736816,12.31741714477539,12.066040992736816,12.233625411987305,813622
1995-12-21,7.402511119842529,12.31741714477539,12.401208877563477,12.10793685913086,12.149832725524902,870310
1995-12-22,7.276622295379639,12.10793685913086,12.526897430419922,12.10793685913086,12.401208877563477,829734
1995-12-26,7.352156162261963,12.233625411987305,12.359313011169434,12.10793685913086,12.10793685913086,576428
1995-12-27,7.402511119842529,12.31741714477539,12.401208877563477,12.191728591918944,12.233625411987305,545100
1995-12-28,7.452867031097412,12.401208877563477,12.401208877563477,12.191728591918944,12.233625411987305,339531
1995-12-29,7.427692413330078,12.359313011169434,12.401208877563477,12.275521278381348,12.401208877563477,695174
1996-01-02,7.427692413330078,12.359313011169434,12.44310474395752,12.275521278381348,12.359313011169434,667128
1996-01-03,7.578763484954834,12.610689163208008,12.65258502960205,12.401208877563477,12.401208877563477,489605
1996-01-04,7.503228664398193,12.485000610351562,12.82016944885254,12.359313011169434,12.694480895996094,769465
1996-01-05,7.503228664398193,12.485000610351562,12.526897430419922,12.359313011169434,12.401208877563477,1337241
1996-01-08,7.528405666351318,12.526897430419922,12.610689163208008,12.44310474395752,12.526897430419922,235106
1996-01-09,7.478044986724853,12.44310474395752,12.65258502960205,12.401208877563477,12.610689163208008,465737
1996-01-10,7.729835033416748,12.862065315246582,13.113441467285156,12.65258502960205,12.694480895996094,2105512
1996-01-11,7.805368423461914,12.987752914428713,13.071544647216797,12.862065315246582,12.903961181640623,1134357
1996-01-12,7.780196189880371,12.945857048034668,13.071544647216797,12.862065315246582,12.987752914428713,686223
1996-01-15,7.830552577972412,13.029648780822754,13.071544647216797,12.862065315246582,12.862065315246582,474986
1996-01-16,7.931262493133545,13.197233200073242,13.197233200073242,13.071544647216797,13.1553373336792,676676
1996-01-17,8.05715560913086,13.406712532043455,13.406712532043455,13.113441467285156,13.197233200073242,440376
1996-01-18,8.460009574890137,14.077048301696776,14.077048301696776,13.364816665649414,13.364816665649414,913572
1996-01-19,8.434831619262695,14.035152435302734,14.160840034484863,13.867568016052246,13.993255615234377,843160
1996-01-22,8.308945655822754,13.82567310333252,14.077048301696776,13.82567310333252,13.951359748840332,1126003
1996-01-23,8.33411979675293,13.867568016052246,13.909463882446287,13.783777236938477,13.867568016052246,785278
1996-01-24,8.359301567077637,13.909463882446287,13.951359748840332,13.699984550476074,13.867568016052246,1572943
1996-01-25,8.434831619262695,14.035152435302734,14.035152435302734,13.783777236938477,13.909463882446287,611037
1996-01-26,8.560728073120117,14.24463176727295,14.24463176727295,13.993255615234377,13.993255615234377,265539
1996-01-29,8.460009574890137,14.077048301696776,14.24463176727295,13.951359748840332,14.24463176727295,751265
1996-01-30,8.73697566986084,14.537903785705566,14.621696472167969,14.11894416809082,14.160840034484863,953851
1996-01-31,9.190192222595217,15.292032241821287,15.333928108215332,14.57979965209961,14.621696472167969,1261756
1996-02-01,9.013948440551758,14.998760223388672,15.250136375427246,14.873071670532228,15.250136375427246,533166
1996-02-02,9.064300537109377,15.082551956176758,15.208239555358888,14.873071670532228,14.998760223388672,822573
1996-02-05,9.139832496643066,15.208239555358888,15.208239555358888,14.91496753692627,14.998760223388672,708600
1996-02-06,9.316085815429688,15.501511573791504,15.543408393859863,15.166343688964844,15.208239555358888,902831
1996-02-07,9.492337226867676,15.794782638549805,16.046159744262695,15.543408393859863,15.543408393859863,675781
1996-02-08,9.441983222961426,15.71099090576172,15.92047119140625,15.62720012664795,15.794782638549805,625657
1996-02-09,9.542695999145508,15.878575325012209,16.297534942626953,15.669095993041992,15.71099090576172,1257579
1996-02-12,9.618231773376465,16.004262924194336,16.046159744262695,15.752886772155762,15.962367057800291,1842361
1996-02-13,9.693768501281738,16.12995147705078,16.171846389770508,15.92047119140625,15.92047119140625,809445
1996-02-14,9.59305477142334,15.962367057800291,16.088054656982422,15.878575325012209,16.088054656982422,427249
1996-02-15,9.467161178588867,15.752886772155762,15.962367057800291,15.669095993041992,15.878575325012209,491694
1996-02-16,9.26572608947754,15.417719841003418,15.752886772155762,15.250136375427246,15.752886772155762,884930
1996-02-20,9.492337226867676,15.794782638549805,15.794782638549805,15.417719841003418,15.501511573791504,314768
1996-02-21,9.71894645690918,16.171846389770508,16.213743209838867,15.878575325012209,15.92047119140625,472599
1996-02-22,9.870018005371094,16.4232234954834,16.465118408203125,16.12995147705078,16.255638122558594,385180
1996-02-23,9.643406867980955,16.046159744262695,16.38132667541504,15.794782638549805,16.339431762695312,763796
1996-02-26,9.517513275146484,15.836679458618164,16.046159744262695,15.669095993041992,16.004262924194336,295971
1996-02-27,9.320497512817385,15.45961570739746,15.752886772155762,15.333928108215332,15.752886772155762,508700
1996-02-28,9.118426322937012,15.1244478225708,15.752886772155762,15.082551956176758,15.543408393859863,576726
1996-02-29,8.992130279541016,14.91496753692627,15.250136375427246,14.91496753692627,15.082551956176758,675483
1996-03-01,9.269976615905762,15.375823974609377,15.417719841003418,14.998760223388672,14.998760223388672,356239
1996-03-04,9.219459533691406,15.292032241821287,15.417719841003418,15.208239555358888,15.417719841003418,284932
1996-03-05,9.093170166015623,15.082551956176758,15.208239555358888,14.956864356994627,15.208239555358888,584185
1996-03-06,9.042654037475586,14.998760223388672,15.208239555358888,14.91496753692627,15.082551956176758,500048
1996-03-07,8.966869354248047,14.873071670532228,14.998760223388672,14.705488204956056,14.998760223388672,399203
1996-03-08,8.76480770111084,14.537903785705566,14.91496753692627,14.412216186523438,14.78927993774414,472002
1996-03-11,9.39627742767334,15.585304260253906,15.585304260253906,14.45411205291748,14.496007919311523,1572645
1996-03-12,9.168941497802734,15.208239555358888,15.501511573791504,14.747384071350098,15.501511573791504,769764
1996-03-13,9.042654037475586,14.998760223388672,15.166343688964844,14.91496753692627,15.166343688964844,520038
1996-03-14,9.244721412658691,15.333928108215332,15.417719841003418,14.956864356994627,15.040656089782717,1078266
1996-03-15,9.598343849182127,15.92047119140625,16.171846389770508,15.501511573791504,15.501511573791504,1395420
1996-03-18,9.951967239379885,16.507015228271484,16.59080696105957,15.962367057800291,15.962367057800291,614021
1996-03-19,9.850934028625488,16.339431762695312,16.465118408203125,16.171846389770508,16.4232234954834,559421
1996-03-20,9.62360382080078,15.962367057800291,16.38132667541504,15.92047119140625,16.38132667541504,474986
1996-03-21,9.497308731079102,15.752886772155762,16.088054656982422,15.62720012664795,16.046159744262695,439481
1996-03-22,9.62360382080078,15.962367057800291,16.088054656982422,15.731939315795898,15.752886772155762,1017102
1996-03-25,9.522570610046388,15.794782638549805,16.297534942626953,15.752886772155762,16.004262924194336,592539
1996-03-26,9.522570610046388,15.794782638549805,15.878575325012209,15.669095993041992,15.71099090576172,579411
1996-03-27,9.42152976989746,15.62720012664795,15.878575325012209,15.62720012664795,15.878575325012209,1006063
1996-03-28,9.47204875946045,15.71099090576172,15.836679458618164,15.585304260253906,15.62720012664795,577323
1996-03-29,9.244721412658691,15.333928108215332,15.794782638549805,15.250136375427246,15.794782638549805,712479
1996-04-01,9.320497512817385,15.45961570739746,15.45961570739746,15.250136375427246,15.292032241821287,368472
1996-04-02,9.244721412658691,15.333928108215332,15.585304260253906,15.292032241821287,15.501511573791504,472002
1996-04-03,9.042654037475586,14.998760223388672,15.333928108215332,14.956864356994627,15.333928108215332,583887
1996-04-04,9.194204330444336,15.250136375427246,15.250136375427246,15.040656089782717,15.040656089782717,701738
1996-04-08,9.042654037475586,14.998760223388672,15.1244478225708,14.873071670532228,15.082551956176758,611336
1996-04-09,9.042654037475586,14.998760223388672,15.082551956176758,14.873071670532228,14.998760223388672,724712
1996-04-10,9.14369010925293,15.166343688964844,15.250136375427246,14.956864356994627,14.998760223388672,1113472
1996-04-11,8.966869354248047,14.873071670532228,15.208239555358888,14.873071670532228,15.166343688964844,858376
1996-04-12,8.86584186553955,14.705488204956056,14.998760223388672,14.705488204956056,14.91496753692627,882245
1996-04-15,9.295238494873049,15.417719841003418,15.543408393859863,14.726435661315918,14.78927993774414,876277
1996-04-16,9.72464084625244,16.12995147705078,16.339431762695312,15.878575325012209,15.92047119140625,1328588
1996-04-17,9.699376106262209,16.088054656982422,16.255638122558594,15.92047119140625,16.12995147705078,925507
1996-04-18,9.72464084625244,16.12995147705078,16.297534942626953,16.046159744262695,16.088054656982422,683538
1996-04-19,9.92671012878418,16.465118408203125,16.465118408203125,16.088054656982422,16.088054656982422,571654
1996-04-22,10.078265190124512,16.716495513916016,16.716495513916016,16.4232234954834,16.507015228271484,540326
1996-04-23,10.078265190124512,16.716495513916016,16.716495513916016,16.59080696105957,16.674598693847656,1048728
1996-04-24,10.356108665466309,17.177350997924805,17.177350997924805,16.758390426635742,16.758390426635742,523022
1996-04-25,10.709731101989746,17.763893127441406,17.805789947509766,17.554414749145508,17.68010139465332,1542809
1996-04-26,10.532919883728027,17.470623016357422,17.763893127441406,17.30303955078125,17.763893127441406,1117052
1996-04-29,10.204556465148926,16.925975799560547,17.009767532348633,16.925975799560547,16.967870712280273,611037
1996-04-30,10.406623840332031,17.26114273071289,17.30303955078125,16.758390426635742,16.925975799560547,450222
1996-05-01,10.305587768554688,17.09355926513672,17.26114273071289,17.05166244506836,17.177350997924805,520933
1996-05-02,10.154043197631836,16.842182159423828,17.05166244506836,16.8002872467041,17.009767532348633,386075
1996-05-03,10.154043197631836,16.842182159423828,16.925975799560547,16.63270378112793,16.884078979492188,730082
1996-05-06,9.901450157165527,16.4232234954834,16.884078979492188,16.255638122558594,16.842182159423828,946988
1996-05-07,9.72464084625244,16.12995147705078,16.507015228271484,16.067106246948242,16.507015228271484,634011
1996-05-08,9.800410270690918,16.255638122558594,16.297534942626953,15.752886772155762,16.088054656982422,507507
1996-05-09,9.674115180969238,16.046159744262695,16.213743209838867,15.92047119140625,16.171846389770508,1669313
1996-05-10,9.72464084625244,16.12995147705078,16.297534942626953,16.12995147705078,16.255638122558594,547785
1996-05-13,10.027746200561523,16.63270378112793,16.674598693847656,16.046159744262695,16.046159744262695,542713
1996-05-14,10.103519439697266,16.758390426635742,17.344934463500977,16.716495513916016,17.177350997924805,850320
1996-05-15,10.179293632507324,16.884078979492188,17.09355926513672,16.8002872467041,16.967870712280273,935352
1996-05-16,9.901450157165527,16.4232234954834,16.758390426635742,16.4232234954834,16.674598693847656,563300
1996-05-17,9.850934028625488,16.339431762695312,16.4232234954834,16.297534942626953,16.4232234954834,766183
1996-05-20,10.002484321594238,16.59080696105957,16.63270378112793,16.4232234954834,16.4232234954834,402485
1996-05-21,9.97722625732422,16.54891014099121,16.758390426635742,16.507015228271484,16.507015228271484,592539
1996-05-22,10.053004264831545,16.674598693847656,16.758390426635742,16.54891014099121,16.54891014099121,754547
1996-05-23,9.72464084625244,16.12995147705078,16.59080696105957,15.92047119140625,16.59080696105957,765587
1996-05-24,9.648859024047852,16.004262924194336,16.171846389770508,15.92047119140625,16.171846389770508,503628
1996-05-28,9.573081016540527,15.878575325012209,16.004262924194336,15.878575325012209,16.004262924194336,774537
1996-05-29,9.654175758361816,15.962367057800291,16.004262924194336,15.878575325012209,15.878575325012209,850022
1996-05-30,9.654175758361816,15.962367057800291,16.046159744262695,15.92047119140625,15.962367057800291,474091
1996-05-31,9.628829956054688,15.92047119140625,16.046159744262695,15.794782638549805,16.004262924194336,441570
1996-06-03,9.654175758361816,15.962367057800291,15.962367057800291,15.585304260253906,15.794782638549805,490799
1996-06-04,9.730186462402344,16.088054656982422,16.12995147705078,15.878575325012209,16.046159744262695,312679
1996-06-05,9.755529403686523,16.12995147705078,16.12995147705078,15.962367057800291,16.046159744262695,334459
1996-06-06,9.578152656555176,15.836679458618164,16.255638122558594,15.669095993041992,16.171846389770508,365787
1996-06-07,9.603487968444824,15.878575325012209,15.92047119140625,15.62720012664795,15.62720012664795,406065
1996-06-10,9.552812576293944,15.794782638549805,15.962367057800291,15.669095993041992,15.92047119140625,394131
1996-06-11,9.400779724121094,15.543408393859863,15.836679458618164,15.45961570739746,15.752886772155762,473793
1996-06-12,9.350103378295898,15.45961570739746,15.62720012664795,15.396772384643556,15.62720012664795,679660
1996-06-13,9.14739227294922,15.1244478225708,15.417719841003418,15.082551956176758,15.417719841003418,663847
1996-06-14,9.299426078796388,15.375823974609377,15.543408393859863,15.333928108215332,15.333928108215332,582992
1996-06-17,9.274084091186523,15.333928108215332,15.45961570739746,15.250136375427246,15.45961570739746,552559
1996-06-18,9.274084091186523,15.333928108215332,15.543408393859863,15.333928108215332,15.417719841003418,335653
1996-06-19,9.375439643859863,15.501511573791504,15.836679458618164,15.501511573791504,15.71099090576172,1264740
1996-06-20,9.350103378295898,15.45961570739746,15.752886772155762,15.292032241821287,15.45961570739746,652509
1996-06-21,9.476794242858888,15.669095993041992,15.669095993041992,15.292032241821287,15.501511573791504,1532665
1996-06-24,9.451457977294922,15.62720012664795,15.62720012664795,15.501511573791504,15.501511573791504,545995
1996-06-25,9.476794242858888,15.669095993041992,15.92047119140625,15.62720012664795,15.71099090576172,505418
1996-06-26,9.400779724121094,15.543408393859863,15.71099090576172,15.501511573791504,15.669095993041992,388760
1996-06-27,9.274084091186523,15.333928108215332,15.585304260253906,15.333928108215332,15.501511573791504,332072
1996-06-28,9.32476043701172,15.417719841003418,15.669095993041992,15.333928108215332,15.417719841003418,541818
1996-07-01,9.426118850708008,15.585304260253906,15.585304260253906,15.375823974609377,15.501511573791504,227647
1996-07-02,9.299426078796388,15.375823974609377,15.836679458618164,15.375823974609377,15.752886772155762,516159
1996-07-03,9.350103378295898,15.45961570739746,15.45961570739746,15.166343688964844,15.375823974609377,654299
1996-07-05,9.17273235321045,15.166343688964844,15.250136375427246,15.166343688964844,15.250136375427246,268821
1996-07-08,9.020694732666016,14.91496753692627,15.166343688964844,14.91496753692627,15.082551956176758,308502
1996-07-09,9.122050285339355,15.082551956176758,15.166343688964844,14.831175804138184,14.956864356994627,689207
1996-07-10,9.14739227294922,15.1244478225708,15.1244478225708,14.78927993774414,14.956864356994627,410839
1996-07-11,9.020694732666016,14.91496753692627,15.166343688964844,14.831175804138184,15.082551956176758,425757
1996-07-12,8.970015525817871,14.831175804138184,14.956864356994627,14.78927993774414,14.91496753692627,302833
1996-07-15,8.716628074645996,14.412216186523438,14.78927993774414,14.412216186523438,14.78927993774414,742613
1996-07-16,8.640607833862305,14.286527633666992,14.496007919311523,13.82567310333252,14.496007919311523,1653500
1996-07-17,8.48857307434082,14.035152435302734,14.412216186523438,14.035152435302734,14.412216186523438,1229533
1996-07-18,8.792640686035156,14.537903785705566,14.537903785705566,14.24463176727295,14.24463176727295,1077967
1996-07-19,8.716628074645996,14.412216186523438,14.747384071350098,14.160840034484863,14.57979965209961,668024
1996-07-22,8.539253234863281,14.11894416809082,14.370320320129396,14.077048301696776,14.328424453735352,709197
1996-07-23,8.387219429016113,13.867568016052246,14.160840034484863,13.82567310333252,14.077048301696776,623568
1996-07-24,8.513917922973633,14.077048301696776,14.11894416809082,13.741881370544434,13.783777236938477,694279
1996-07-25,8.817981719970703,14.57979965209961,14.621696472167969,14.035152435302734,14.077048301696776,684135
1996-07-26,8.589925765991211,14.202735900878906,14.663592338562012,13.993255615234377,14.57979965209961,672201
1996-07-29,8.741963386535645,14.45411205291748,14.663592338562012,14.160840034484863,14.160840034484863,503927
1996-07-30,8.767305374145508,14.496007919311523,14.496007919311523,14.328424453735352,14.45411205291748,449327
1996-07-31,8.691286087036133,14.370320320129396,14.57979965209961,14.286527633666992,14.45411205291748,644453
1996-08-01,8.843318939208984,14.621696472167969,14.747384071350098,14.24463176727295,14.24463176727295,909694
1996-08-02,9.096708297729492,15.040656089782717,15.082551956176758,14.873071670532228,14.956864356994627,1121229
1996-08-05,9.096708297729492,15.040656089782717,15.040656089782717,14.956864356994627,15.040656089782717,600595
1996-08-06,9.17273235321045,15.166343688964844,15.208239555358888,14.998760223388672,14.998760223388672,494976
1996-08-07,9.04603385925293,14.956864356994627,15.292032241821287,14.956864356994627,15.166343688964844,582992
1996-08-08,9.04603385925293,14.956864356994627,15.1244478225708,14.956864356994627,15.040656089782717,464842
1996-08-09,9.071374893188477,14.998760223388672,15.082551956176758,14.831175804138184,14.91496753692627,741121
1996-08-12,9.04603385925293,14.956864356994627,15.1244478225708,14.831175804138184,15.082551956176758,520038
1996-08-13,9.04603385925293,14.956864356994627,15.082551956176758,14.91496753692627,14.998760223388672,458576
1996-08-14,8.995352745056152,14.873071670532228,14.91496753692627,14.78927993774414,14.91496753692627,440078
1996-08-15,8.919339179992676,14.747384071350098,14.873071670532228,14.705488204956056,14.831175804138184,548084
1996-08-16,8.843318939208984,14.621696472167969,14.705488204956056,14.57979965209961,14.705488204956056,1083636
1996-08-19,8.919339179992676,14.747384071350098,14.747384071350098,14.621696472167969,14.705488204956056,854497
1996-08-20,8.792640686035156,14.537903785705566,14.705488204956056,14.537903785705566,14.705488204956056,691892
1996-08-21,9.426118850708008,15.585304260253906,15.752886772155762,15.250136375427246,15.752886772155762,1580701
1996-08-22,9.32476043701172,15.417719841003418,15.752886772155762,15.333928108215332,15.585304260253906,626552
1996-08-23,9.223407745361328,15.250136375427246,15.45961570739746,15.1244478225708,15.45961570739746,352361
1996-08-26,9.14739227294922,15.1244478225708,15.250136375427246,15.082551956176758,15.250136375427246,538536
1996-08-27,9.223407745361328,15.250136375427246,15.292032241821287,15.040656089782717,15.166343688964844,485130
1996-08-28,9.156261444091797,15.082551956176758,15.333928108215332,15.040656089782717,15.208239555358888,466930
1996-08-29,9.13082504272461,15.040656089782717,15.166343688964844,14.873071670532228,15.082551956176758,526602
1996-08-30,8.927358627319336,14.705488204956056,14.998760223388672,14.663592338562012,14.998760223388672,722623
1996-09-03,8.825617790222168,14.537903785705566,14.663592338562012,14.370320320129396,14.57979965209961,992637
1996-09-04,8.851048469543457,14.57979965209961,14.621696472167969,14.45411205291748,14.621696472167969,1051115
1996-09-05,8.698451042175293,14.328424453735352,14.537903785705566,14.328424453735352,14.537903785705566,925208
1996-09-06,8.520413398742676,14.035152435302734,14.370320320129396,14.035152435302734,14.328424453735352,2049719
1996-09-09,8.749320030212402,14.412216186523438,14.537903785705566,14.077048301696776,14.11894416809082,2276472
1996-09-10,8.673015594482422,14.286527633666992,14.496007919311523,14.286527633666992,14.45411205291748,1297559
1996-09-11,8.749320030212402,14.412216186523438,14.45411205291748,14.077048301696776,14.286527633666992,1305913
1996-09-12,8.723881721496582,14.370320320129396,14.621696472167969,14.286527633666992,14.537903785705566,841071
1996-09-13,8.97822093963623,14.78927993774414,14.831175804138184,14.57979965209961,14.57979965209961,2405661
1996-09-16,9.283430099487305,15.292032241821287,15.375823974609377,14.78927993774414,14.956864356994627,1252209
1996-09-17,9.283430099487305,15.292032241821287,15.45961570739746,15.208239555358888,15.333928108215332,1277867
1996-09-18,9.283430099487305,15.292032241821287,15.375823974609377,15.250136375427246,15.292032241821287,593732
1996-09-19,9.20713233947754,15.166343688964844,15.250136375427246,15.040656089782717,15.250136375427246,554946
1996-09-20,9.156261444091797,15.082551956176758,15.250136375427246,15.040656089782717,15.208239555358888,990847
1996-09-23,9.13082504272461,15.040656089782717,15.082551956176758,14.91496753692627,15.040656089782717,915661
1996-09-24,9.410601615905762,15.501511573791504,15.585304260253906,15.082551956176758,15.082551956176758,1222969
1996-09-25,9.38516616821289,15.45961570739746,15.543408393859863,15.417719841003418,15.501511573791504,807357
1996-09-26,9.56320571899414,15.752886772155762,16.12995147705078,15.62720012664795,15.62720012664795,1578612
1996-09-27,9.69037628173828,15.962367057800291,15.962367057800291,15.71099090576172,15.794782638549805,929087
1996-09-30,9.715808868408203,16.004262924194336,16.255638122558594,15.962367057800291,15.962367057800291,969664
1996-10-01,9.69037628173828,15.962367057800291,16.046159744262695,15.836679458618164,16.046159744262695,1583088
1996-10-02,9.69037628173828,15.962367057800291,16.046159744262695,15.878575325012209,16.046159744262695,532867
1996-10-03,9.817546844482422,16.171846389770508,16.38132667541504,15.92047119140625,15.92047119140625,699948
1996-10-04,10.122756958007812,16.674598693847656,16.716495513916016,16.12995147705078,16.12995147705078,1156137
1996-10-07,10.529695510864258,17.344934463500977,17.51251983642578,16.716495513916016,16.716495513916016,1050519
1996-10-08,10.275361061096191,16.925975799560547,17.386831283569336,16.884078979492188,17.344934463500977,1208350
1996-10-09,10.199057579040527,16.8002872467041,17.009767532348633,16.59080696105957,16.967870712280273,382793
1996-10-10,10.071887969970703,16.59080696105957,16.758390426635742,16.507015228271484,16.758390426635742,406662
1996-10-11,10.173622131347656,16.758390426635742,17.219247817993164,16.674598693847656,16.674598693847656,803478
1996-10-14,10.148194313049316,16.716495513916016,16.8002872467041,16.63270378112793,16.758390426635742,393534
1996-10-15,10.275361061096191,16.925975799560547,16.925975799560547,16.758390426635742,16.8002872467041,351764
1996-10-16,10.3262300491333,17.009767532348633,17.05166244506836,16.8002872467041,16.925975799560547,554946
1996-10-17,10.42796230316162,17.177350997924805,17.177350997924805,16.884078979492188,17.009767532348633,605965
1996-10-18,10.733174324035645,17.68010139465332,17.763893127441406,17.30303955078125,17.344934463500977,644752
1996-10-21,10.68230438232422,17.596309661865234,17.847686767578125,17.554414749145508,17.596309661865234,538835
1996-10-22,10.68230438232422,17.596309661865234,17.847686767578125,17.596309661865234,17.68010139465332,892090
1996-10-23,10.68230438232422,17.596309661865234,17.596309661865234,17.428726196289062,17.51251983642578,524812
1996-10-24,10.631437301635742,17.51251983642578,17.68010139465332,17.51251983642578,17.596309661865234,316259
1996-10-25,10.58056926727295,17.428726196289062,17.470623016357422,17.386831283569336,17.428726196289062,599401
1996-10-28,10.453396797180176,17.219247817993164,17.72199821472168,17.135454177856445,17.51251983642578,888212
1996-10-29,10.275361061096191,16.925975799560547,17.177350997924805,16.842182159423828,17.177350997924805,924910
1996-10-30,10.35166358947754,17.05166244506836,17.219247817993164,16.925975799560547,16.967870712280273,823170
1996-10-31,10.453396797180176,17.219247817993164,17.30303955078125,17.009767532348633,17.05166244506836,695174
1996-11-01,10.377095222473145,17.09355926513672,17.386831283569336,17.009767532348633,17.219247817993164,539431
1996-11-04,10.402532577514648,17.135454177856445,17.177350997924805,17.009767532348633,17.09355926513672,422475
1996-11-05,10.555134773254396,17.386831283569336,17.386831283569336,17.135454177856445,17.135454177856445,541221
1996-11-06,10.504265785217283,17.30303955078125,17.30303955078125,17.219247817993164,17.26114273071289,909097
1996-11-07,10.529695510864258,17.344934463500977,17.386831283569336,17.30303955078125,17.30303955078125,457980
1996-11-08,10.58056926727295,17.428726196289062,17.428726196289062,17.177350997924805,17.30303955078125,321332
1996-11-11,10.68230438232422,17.596309661865234,17.68010139465332,17.386831283569336,17.428726196289062,413226
1996-11-12,10.70773983001709,17.638206481933594,17.68010139465332,17.51251983642578,17.596309661865234,494678
1996-11-13,10.733174324035645,17.68010139465332,17.805789947509766,17.554414749145508,17.554414749145508,607755
1996-11-14,10.631437301635742,17.51251983642578,17.638206481933594,17.51251983642578,17.596309661865234,667128
1996-11-15,10.68230438232422,17.596309661865234,17.72199821472168,17.51251983642578,17.596309661865234,1116754
1996-11-18,10.656865119934082,17.554414749145508,17.72199821472168,17.51251983642578,17.638206481933594,413524
1996-11-19,10.631437301635742,17.51251983642578,17.596309661865234,17.470623016357422,17.554414749145508,626253
1996-11-20,10.93664836883545,18.015270233154297,18.015270233154297,17.51251983642578,17.51251983642578,747984
1996-11-21,10.733174324035645,17.68010139465332,17.93147850036621,17.596309661865234,17.847686767578125,569565
1996-11-22,10.911210060119627,17.973373413085938,18.057165145874023,17.596309661865234,17.596309661865234,771852
1996-11-25,11.165556907653809,18.392333984375,18.43423080444336,17.973373413085938,17.973373413085938,641171
1996-11-26,11.02165699005127,18.099061965942383,18.47612571716309,18.099061965942383,18.266645431518555,924611
1996-11-27,10.945117950439451,17.973373413085938,18.18285369873047,17.973373413085938,18.18285369873047,693086
1996-11-29,10.894091606140137,17.88958168029785,17.973373413085938,17.805789947509766,17.88958168029785,198706
1996-12-02,10.868586540222168,17.847686767578125,17.88958168029785,17.596309661865234,17.763893127441406,1117351
1996-12-03,10.741012573242188,17.638206481933594,18.057165145874023,17.638206481933594,17.805789947509766,745597
1996-12-04,10.638961791992188,17.470623016357422,17.554414749145508,17.386831283569336,17.554414749145508,1069613
1996-12-05,10.71550178527832,17.596309661865234,17.72199821472168,17.386831283569336,17.428726196289062,672499
1996-12-06,10.689985275268556,17.554414749145508,17.638206481933594,17.26114273071289,17.428726196289062,712777
1996-12-09,10.868586540222168,17.847686767578125,17.847686767578125,17.596309661865234,17.638206481933594,249726
1996-12-10,10.741012573242188,17.638206481933594,17.847686767578125,17.554414749145508,17.847686767578125,311486
1996-12-11,10.562416076660156,17.344934463500977,17.596309661865234,17.30303955078125,17.51251983642578,432321
1996-12-12,10.179728507995604,16.716495513916016,17.428726196289062,16.716495513916016,17.428726196289062,564792
1996-12-13,10.230754852294922,16.8002872467041,16.967870712280273,16.4232234954834,16.716495513916016,652807
1996-12-16,9.92459487915039,16.297534942626953,16.842182159423828,16.255638122558594,16.842182159423828,375931
1996-12-17,9.848054885864258,16.171846389770508,16.297534942626953,16.046159744262695,16.297534942626953,1108698
1996-12-18,10.077677726745604,16.54891014099121,16.758390426635742,16.339431762695312,16.38132667541504,730977
1996-12-19,10.205239295959473,16.758390426635742,16.925975799560547,16.54891014099121,16.54891014099121,1012627
1996-12-20,10.154215812683104,16.674598693847656,17.09355926513672,16.59080696105957,17.09355926513672,1479259
1996-12-23,10.103181838989258,16.59080696105957,16.63270378112793,16.4232234954834,16.59080696105957,365787
1996-12-24,10.128700256347656,16.63270378112793,16.63270378112793,16.465118408203125,16.507015228271484,142018
1996-12-26,10.332804679870604,16.967870712280273,16.967870712280273,16.63270378112793,16.63270378112793,419491
1996-12-27,10.307292938232422,16.925975799560547,17.09355926513672,16.842182159423828,17.009767532348633,236001
1996-12-30,10.307292938232422,16.925975799560547,17.26114273071289,16.884078979492188,16.925975799560547,467229
1996-12-31,10.307292938232422,16.925975799560547,16.925975799560547,16.59080696105957,16.8002872467041,511982
1997-01-02,10.154215812683104,16.674598693847656,16.884078979492188,16.38132667541504,16.842182159423828,633712
1997-01-03,10.230754852294922,16.8002872467041,16.884078979492188,16.716495513916016,16.8002872467041,657283
1997-01-06,10.103181838989258,16.59080696105957,16.842182159423828,16.507015228271484,16.758390426635742,1117947
1997-01-07,9.950108528137209,16.339431762695312,16.59080696105957,16.297534942626953,16.59080696105957,986372
1997-01-08,9.975619316101074,16.38132667541504,16.63270378112793,16.297534942626953,16.4232234954834,786770
1997-01-09,10.154215812683104,16.674598693847656,16.716495513916016,16.38132667541504,16.465118408203125,374141
1997-01-10,10.434861183166504,17.135454177856445,17.135454177856445,16.38132667541504,16.59080696105957,730977
1997-01-13,10.383832931518556,17.05166244506836,17.09355926513672,16.925975799560547,17.009767532348633,742315
1997-01-14,10.409345626831056,17.09355926513672,17.30303955078125,17.009767532348633,17.09355926513672,971752
1997-01-15,10.230754852294922,16.8002872467041,17.009767532348633,16.8002872467041,17.009767532348633,1457180
1997-01-16,10.358318328857422,17.009767532348633,17.135454177856445,16.8002872467041,16.842182159423828,937142
1997-01-17,10.281777381896973,16.884078979492188,16.925975799560547,16.54891014099121,16.8002872467041,1023368
1997-01-20,10.256263732910156,16.842182159423828,16.925975799560547,16.758390426635742,16.884078979492188,879261
1997-01-21,10.205239295959473,16.758390426635742,16.842182159423828,16.674598693847656,16.8002872467041,1289503
1997-01-22,10.179728507995604,16.716495513916016,16.884078979492188,16.674598693847656,16.716495513916016,1760909
1997-01-23,10.230754852294922,16.8002872467041,16.842182159423828,16.716495513916016,16.758390426635742,773642
1997-01-24,10.205239295959473,16.758390426635742,16.842182159423828,16.63270378112793,16.8002872467041,905815
1997-01-27,10.077677726745604,16.54891014099121,16.8002872467041,16.507015228271484,16.758390426635742,921926
1997-01-28,9.950108528137209,16.339431762695312,16.716495513916016,16.171846389770508,16.716495513916016,1483734
1997-01-29,10.001133918762209,16.4232234954834,16.465118408203125,16.339431762695312,16.38132667541504,880156
1997-01-30,10.077677726745604,16.54891014099121,16.54891014099121,16.297534942626953,16.4232234954834,1480751
1997-01-31,10.103181838989258,16.59080696105957,16.8002872467041,16.59080696105957,16.716495513916016,1292188
1997-02-03,10.05215835571289,16.507015228271484,16.59080696105957,16.297534942626953,16.507015228271484,1424958
1997-02-04,10.154215812683104,16.674598693847656,16.674598693847656,16.297534942626953,16.339431762695312,406662
1997-02-05,10.05215835571289,16.507015228271484,16.842182159423828,16.38132667541504,16.674598693847656,498855
1997-02-06,10.154215812683104,16.674598693847656,16.716495513916016,16.4232234954834,16.465118408203125,577919
1997-02-07,10.230754852294922,16.8002872467041,17.177350997924805,16.716495513916016,16.884078979492188,807655
1997-02-10,10.077677726745604,16.54891014099121,17.009767532348633,16.465118408203125,16.8002872467041,632519
1997-02-11,10.103181838989258,16.59080696105957,16.674598693847656,16.339431762695312,16.54891014099121,456189
1997-02-12,10.383832931518556,17.05166244506836,17.05166244506836,16.54891014099121,16.59080696105957,785278
1997-02-13,10.434861183166504,17.135454177856445,17.344934463500977,16.967870712280273,17.009767532348633,694279
1997-02-14,10.485889434814451,17.219247817993164,17.219247817993164,17.05166244506836,17.219247817993164,572549
1997-02-18,10.638961791992188,17.470623016357422,17.470623016357422,16.967870712280273,17.26114273071289,519143
1997-02-19,10.383832931518556,17.05166244506836,17.470623016357422,17.05166244506836,17.470623016357422,694577
1997-02-20,10.409345626831056,17.09355926513672,17.30303955078125,17.009767532348633,17.09355926513672,317453
1997-02-21,10.332804679870604,16.967870712280273,17.09355926513672,16.884078979492188,17.09355926513672,662951
1997-02-24,10.434861183166504,17.135454177856445,17.177350997924805,16.967870712280273,17.05166244506836,286424
1997-02-25,10.358318328857422,17.009767532348633,17.219247817993164,16.925975799560547,17.09355926513672,656089
1997-02-26,10.393132209777832,17.009767532348633,17.09355926513672,16.842182159423828,16.842182159423828,691892
1997-02-27,10.31633472442627,16.884078979492188,17.135454177856445,16.758390426635742,16.967870712280273,446642
1997-02-28,10.162745475769045,16.63270378112793,16.925975799560547,16.63270378112793,16.8002872467041,455294
1997-03-03,10.18833827972412,16.674598693847656,16.674598693847656,16.4232234954834,16.59080696105957,459770
1997-03-04,10.31633472442627,16.884078979492188,17.05166244506836,16.716495513916016,16.716495513916016,475881
1997-03-05,10.29073715209961,16.842182159423828,16.967870712280273,16.716495513916016,16.884078979492188,819291
1997-03-06,10.29073715209961,16.842182159423828,16.884078979492188,16.716495513916016,16.884078979492188,758128
1997-03-07,10.23953914642334,16.758390426635742,16.967870712280273,16.716495513916016,16.925975799560547,703827
1997-03-10,10.572325706481934,17.30303955078125,17.30303955078125,16.8002872467041,16.842182159423828,900146
1997-03-11,10.853911399841309,17.763893127441406,17.805789947509766,17.51251983642578,17.72199821472168,1034706
1997-03-12,10.930706977844238,17.88958168029785,18.18285369873047,17.763893127441406,17.93147850036621,962205
1997-03-13,10.828313827514648,17.72199821472168,17.847686767578125,17.596309661865234,17.805789947509766,634607
1997-03-14,10.905108451843262,17.847686767578125,18.099061965942383,17.68010139465332,17.72199821472168,574638
1997-03-17,11.10990047454834,18.18285369873047,18.224750518798828,17.805789947509766,17.847686767578125,724413
1997-03-18,10.905108451843262,17.847686767578125,18.392333984375,17.763893127441406,18.224750518798828,983090
1997-03-19,10.879510879516602,17.805789947509766,18.015270233154297,17.470623016357422,17.847686767578125,937739
1997-03-20,10.853911399841309,17.763893127441406,17.88958168029785,17.554414749145508,17.805789947509766,978913
1997-03-21,10.674725532531738,17.470623016357422,17.847686767578125,17.344934463500977,17.763893127441406,1049325
1997-03-24,11.007502555847168,18.015270233154297,18.057165145874023,17.470623016357422,17.470623016357422,904323
1997-03-25,11.007502555847168,18.015270233154297,18.140958786010746,17.973373413085938,18.099061965942383,853304
1997-03-26,10.956308364868164,17.93147850036621,18.015270233154297,17.847686767578125,18.015270233154297,414718
1997-03-27,10.828313827514648,17.72199821472168,17.973373413085938,17.51251983642578,17.93147850036621,603280
1997-03-31,10.75151824951172,17.596309661865234,17.72199821472168,17.51251983642578,17.638206481933594,1007853
1997-04-01,10.777116775512695,17.638206481933594,17.68010139465332,17.428726196289062,17.596309661865234,1073492
1997-04-02,10.75151824951172,17.596309661865234,17.68010139465332,17.428726196289062,17.596309661865234,945198
1997-04-03,10.700321197509766,17.51251983642578,17.596309661865234,17.428726196289062,17.554414749145508,1053502
1997-04-04,10.956308364868164,17.93147850036621,17.93147850036621,17.344934463500977,17.470623016357422,1458076
1997-04-07,11.135499954223633,18.224750518798828,18.35043716430664,17.68010139465332,17.93147850036621,789754
1997-04-08,11.10990047454834,18.18285369873047,18.266645431518555,18.015270233154297,18.18285369873047,1362601
1997-04-09,11.237890243530272,18.392333984375,18.47612571716309,18.099061965942383,18.18285369873047,1168668
1997-04-10,11.289090156555176,18.47612571716309,18.685606002807617,18.35043716430664,18.47612571716309,1177321
1997-04-11,11.18669605255127,18.30854225158692,18.55991744995117,18.30854225158692,18.392333984375,1012627
1997-04-14,10.956308364868164,17.93147850036621,18.266645431518555,17.805789947509766,18.266645431518555,1744201
1997-04-15,10.905108451843262,17.847686767578125,18.18285369873047,17.763893127441406,18.015270233154297,1610835
1997-04-16,11.033105850219728,18.057165145874023,18.057165145874023,17.973373413085938,18.015270233154297,1072299
1997-04-17,11.05870532989502,18.099061965942383,18.18285369873047,17.973373413085938,18.057165145874023,1011434
1997-04-18,11.135499954223633,18.224750518798828,18.30854225158692,18.057165145874023,18.140958786010746,759321
1997-04-21,10.930706977844238,17.88958168029785,18.266645431518555,17.763893127441406,18.266645431518555,557034
1997-04-22,10.981901168823242,17.973373413085938,17.973373413085938,17.805789947509766,17.88958168029785,745895
1997-04-23,10.905108451843262,17.847686767578125,18.057165145874023,17.847686767578125,17.973373413085938,693086
1997-04-24,10.956308364868164,17.93147850036621,17.973373413085938,17.805789947509766,17.88958168029785,720535
1997-04-25,10.75151824951172,17.596309661865234,17.847686767578125,17.470623016357422,17.847686767578125,944601
1997-04-28,10.879510879516602,17.805789947509766,17.88958168029785,17.554414749145508,17.596309661865234,695472
1997-04-29,10.828313827514648,17.72199821472168,17.973373413085938,17.68010139465332,17.88958168029785,1165386
1997-04-30,10.853911399841309,17.763893127441406,18.099061965942383,17.72199821472168,17.72199821472168,1771351
1997-05-01,10.905108451843262,17.847686767578125,17.973373413085938,17.763893127441406,17.763893127441406,838684
1997-05-02,11.08429718017578,18.140958786010746,18.140958786010746,17.763893127441406,17.805789947509766,898356
1997-05-05,11.314696311950684,18.518022537231445,18.518022537231445,18.015270233154297,18.057165145874023,602086
1997-05-06,11.34029483795166,18.55991744995117,18.685606002807617,18.518022537231445,18.55991744995117,1209245
1997-05-07,11.007502555847168,18.015270233154297,18.55991744995117,17.973373413085938,18.55991744995117,1226848
1997-05-08,10.956308364868164,17.93147850036621,18.224750518798828,17.88958168029785,18.015270233154297,1073790
1997-05-09,10.981901168823242,17.973373413085938,18.140958786010746,17.93147850036621,18.015270233154297,995919
1997-05-12,11.263495445251465,18.43423080444336,18.43423080444336,18.057165145874023,18.057165145874023,359223
1997-05-13,11.237890243530272,18.392333984375,18.47612571716309,18.18285369873047,18.266645431518555,729187
1997-05-14,11.237890243530272,18.392333984375,18.60181427001953,18.35043716430664,18.43423080444336,420386
1997-05-15,11.314696311950684,18.518022537231445,18.518022537231445,18.30854225158692,18.392333984375,1479856
1997-05-16,11.263495445251465,18.43423080444336,18.55991744995117,18.392333984375,18.518022537231445,781996
1997-05-19,11.391488075256348,18.64370918273925,18.64370918273925,18.47612571716309,18.518022537231445,696069
1997-05-20,11.289090156555176,18.47612571716309,18.55991744995117,18.18285369873047,18.55991744995117,1886816
1997-05-21,11.263495445251465,18.43423080444336,18.518022537231445,18.140958786010746,18.392333984375,681748
1997-05-22,11.263495445251465,18.43423080444336,18.47612571716309,18.266645431518555,18.43423080444336,571952
1997-05-23,11.365889549255373,18.60181427001953,18.60181427001953,18.392333984375,18.43423080444336,1191642
1997-05-27,11.570679664611816,18.936981201171875,18.978878021240234,18.43423080444336,18.64370918273925,781698
1997-05-28,11.631274223327637,18.978878021240234,19.0207748413086,18.769397735595703,18.85318946838379,1293084
1997-05-29,11.81100845336914,19.27215003967285,19.397836685180664,18.978878021240234,19.06266975402832,868818
1997-05-30,11.785335540771484,19.23025321960449,19.27215003967285,19.0207748413086,19.146461486816406,710390
1997-06-02,11.785335540771484,19.23025321960449,19.52352523803711,19.06266975402832,19.18835830688477,575533
1997-06-03,11.83668613433838,19.31404685974121,19.397836685180664,19.146461486816406,19.146461486816406,456786
1997-06-04,12.016417503356934,19.607316970825195,19.69110870361328,19.23025321960449,19.23025321960449,688610
1997-06-05,12.067773818969728,19.69110870361328,19.774900436401367,19.56542015075684,19.607316970825195,789754
1997-06-06,12.170476913452148,19.858692169189453,20.068172454833984,19.69110870361328,19.69110870361328,446344
1997-06-09,12.196148872375488,19.90058898925781,20.02627754211425,19.774900436401367,19.774900436401367,776328
1997-06-10,12.247503280639648,19.9843807220459,19.9843807220459,19.816797256469727,19.816797256469727,544503
1997-06-11,12.247503280639648,19.9843807220459,20.068172454833984,19.90058898925781,19.9843807220459,322823
1997-06-12,12.478589057922363,20.3614444732666,20.3614444732666,19.858692169189453,19.94248580932617,699650
1997-06-13,12.478589057922363,20.3614444732666,20.65471649169922,20.27765274047852,20.27765274047852,499153
1997-06-16,12.22182559967041,19.94248580932617,20.40334129333496,19.90058898925781,20.3614444732666,619988
1997-06-17,12.247503280639648,19.9843807220459,20.15196418762207,19.774900436401367,20.068172454833984,951464
1997-06-18,12.452911376953123,20.319549560546875,20.319549560546875,19.774900436401367,19.816797256469727,651912
1997-06-19,12.581292152404783,20.529029846191406,20.61282157897949,20.19386100769043,20.319549560546875,617303
1997-06-20,12.761033058166504,20.822301864624023,20.86419677734375,20.487133026123047,20.529029846191406,1063348
1997-06-23,12.735346794128418,20.780405044555664,21.11557388305664,20.738508224487305,20.780405044555664,1304123
1997-06-24,13.017789840698242,21.241260528564453,21.450740814208984,20.780405044555664,20.780405044555664,792737
1997-06-25,12.748190879821776,20.801353454589844,21.34600067138672,20.738508224487305,21.199365615844727,873891
1997-06-26,12.825220108032228,20.927040100097656,21.01083374023437,20.738508224487305,20.780405044555664,841668
1997-06-27,12.838056564331056,20.94798851013184,21.32505226135254,20.94798851013184,21.01083374023437,568670
1997-06-30,12.658318519592283,20.65471649169922,21.03178024291992,20.529029846191406,20.94798851013184,1028738
1997-07-01,12.838056564331056,20.94798851013184,21.199365615844727,20.591873168945312,20.61282157897949,919241
1997-07-02,13.300209999084473,21.70211601257324,21.70211601257324,20.90609359741211,20.94798851013184,506612
1997-07-03,13.12049388885498,21.408843994140625,21.86969947814941,21.366947174072266,21.7440128326416,392042
1997-07-07,13.08198070526123,21.34600067138672,21.53453254699707,21.157468795776367,21.49263572692871,816606
1997-07-08,13.107657432556152,21.387895584106445,21.429792404174805,21.199365615844727,21.429792404174805,502435
1997-07-09,12.825220108032228,20.927040100097656,21.5764274597168,20.90609359741211,21.429792404174805,546592
1997-07-10,12.992111206054688,21.199365615844727,21.61832427978516,21.01083374023437,21.01083374023437,566582
1997-07-11,13.030624389648438,21.26220893859864,21.429792404174805,21.07367706298828,21.11557388305664,344603
1997-07-14,12.97927188873291,21.178417205810547,21.5764274597168,20.94798851013184,21.26220893859864,420983
1997-07-15,13.877936363220217,22.644775390625,22.770463943481445,21.86969947814941,21.86969947814941,907605
1997-07-16,14.019156455993652,22.87520408630371,22.9589958190918,22.54003524780273,22.644775390625,718744
1997-07-17,14.096183776855469,23.00089263916016,23.419851303100582,22.87520408630371,22.9589958190918,683240
1997-07-18,14.044830322265623,22.91710090637207,23.21037101745605,22.749515533447266,23.021839141845703,689207
1997-07-21,14.057669639587402,22.938047409057617,23.00089263916016,22.72856712341309,22.89615249633789,646542
1997-07-22,14.327268600463867,23.377954483032227,23.461746215820312,22.89615249633789,22.89615249633789,759918
1997-07-23,14.40429401397705,23.503643035888672,23.58743476867676,23.377954483032227,23.44079971313477,610739
1997-07-24,14.69957160949707,23.98544692993164,24.11113548278809,23.54553985595703,23.54553985595703,1042463
1997-07-25,14.879302978515623,24.27871894836425,24.383459091186523,23.98544692993164,23.98544692993164,566880
1997-07-28,14.596868515014648,23.81786346435547,23.901655197143555,23.671226501464844,23.901655197143555,1007555
1997-07-29,14.91782283782959,24.341562271118164,24.48819923400879,23.608383178710938,23.62933158874512,781996
1997-07-30,14.892135620117188,24.29966735839844,24.59293937683105,24.27871894836425,24.341562271118164,877769
1997-07-31,14.661056518554688,23.92260360717773,24.320615768432617,23.713123321533203,24.25777053833008,621778
1997-08-01,14.571189880371094,23.77596664428711,24.11113548278809,23.56648635864257,23.94355010986328,653404
1997-08-04,14.506998062133787,23.671226501464844,23.77596664428711,23.608383178710938,23.75501823425293,720535
1997-08-05,14.673895835876465,23.94355010986328,23.94355010986328,23.58743476867676,23.650278091430664,752161
1997-08-06,14.750922203063965,24.069238662719727,24.173978805541992,23.79691505432129,23.859758377075195,378318
1997-08-07,14.69957160949707,23.98544692993164,24.19492721557617,23.92260360717773,24.132083892822266,559123
1997-08-08,14.340106010437012,23.398902893066406,23.901655197143555,23.29416275024414,23.859758377075195,378915
1997-08-11,14.365784645080566,23.44079971313477,23.54553985595703,23.377954483032227,23.398902893066406,650420
1997-08-12,14.237394332885742,23.231319427490234,23.650278091430664,23.16847419738769,23.44079971313477,447239
1997-08-13,14.250229835510254,23.25226783752441,23.503643035888672,23.16847419738769,23.31511116027832,614617
1997-08-14,14.365784645080566,23.44079971313477,23.56648635864257,23.12657928466797,23.31511116027832,475583
1997-08-15,14.352945327758787,23.419851303100582,23.54553985595703,23.231319427490234,23.419851303100582,719341
1997-08-18,14.327268600463867,23.377954483032227,23.461746215820312,23.12657928466797,23.419851303100582,838386
1997-08-19,14.378623962402344,23.461746215820312,23.650278091430664,23.29416275024414,23.44079971313477,680555
1997-08-20,14.648218154907228,23.901655197143555,24.048290252685547,23.377954483032227,23.44079971313477,452311
1997-08-21,14.532673835754396,23.713123321533203,24.090187072753903,23.671226501464844,23.96449851989746,514668
1997-08-22,14.609698295593262,23.83881187438965,23.83881187438965,23.21037101745605,23.62933158874512,548084
1997-08-25,14.789443016052246,24.132083892822266,24.21587562561035,23.62933158874512,23.79691505432129,790052
1997-08-26,14.494163513183594,23.650278091430664,24.15303039550781,23.31511116027832,24.132083892822266,1043955
1997-08-27,14.378823280334473,23.398902893066406,23.62933158874512,22.979944229125977,23.62933158874512,748282
1997-08-28,14.057008743286133,22.87520408630371,23.3360595703125,22.791412353515625,23.3360595703125,900743
1997-08-29,14.224353790283203,23.14752769470215,23.29416275024414,22.581932067871094,22.89615249633789,556139
1997-09-02,14.237223625183104,23.16847419738769,23.503643035888672,23.10563087463379,23.231319427490234,517054
1997-09-03,14.404570579528809,23.44079971313477,23.54553985595703,23.16847419738769,23.25226783752441,799898
1997-09-04,14.211472511291504,23.12657928466797,23.58743476867676,23.12657928466797,23.398902893066406,619093
1997-09-05,14.159985542297363,23.042787551879883,23.3360595703125,23.042787551879883,23.189422607421875,862553
1997-09-08,14.08275032043457,22.91710090637207,23.16847419738769,22.85425567626953,23.042787551879883,386970
1997-09-09,14.031248092651367,22.83330726623535,22.89615249633789,22.581932067871094,22.89615249633789,1254297
1997-09-10,13.7609281539917,22.393400192260746,22.791412353515625,22.22581672668457,22.791412353515625,664443
1997-09-11,13.516350746154783,21.99538803100586,22.54003524780273,21.86969947814941,22.43529510498047,705617
1997-09-12,13.7609281539917,22.393400192260746,22.393400192260746,21.99538803100586,22.01633644104004,600296
1997-09-15,13.65794849395752,22.22581672668457,22.498140335083008,22.100128173828125,22.43529510498047,399203
1997-09-16,13.7738037109375,22.41434860229492,22.43529510498047,22.16297149658203,22.28866004943848,1376325
1997-09-17,13.88965129852295,22.60288047790528,22.644775390625,22.33055686950684,22.477191925048828,585677
1997-09-18,13.799553871154783,22.45624351501465,23.14752769470215,22.45624351501465,22.644775390625,1127793
1997-09-19,13.799553871154783,22.45624351501465,22.498140335083008,22.28866004943848,22.37245178222656,853304
1997-09-22,13.7738037109375,22.41434860229492,22.770463943481445,22.41434860229492,22.45624351501465,635503
1997-09-23,13.851040840148926,22.54003524780273,22.56098365783692,22.309608459472656,22.41434860229492,667427
1997-09-24,13.72232151031494,22.33055686950684,22.791412353515625,22.33055686950684,22.54003524780273,577919
1997-09-25,13.580710411071776,22.100128173828125,22.477191925048828,22.079179763793945,22.28866004943848,668620
1997-09-26,13.632207870483398,22.18391990661621,22.351503372192383,22.05823135375977,22.18391990661621,492887
1997-09-29,13.56784439086914,22.079179763793945,22.37245178222656,21.97443962097168,22.18391990661621,952657
1997-09-30,13.97976779937744,22.749515533447266,22.749515533447266,21.99538803100586,22.05823135375977,851215
1997-10-01,13.992650985717772,22.770463943481445,22.791412353515625,22.66572380065918,22.749515533447266,631326
1997-10-02,14.018386840820312,22.812360763549805,23.00089263916016,22.70762062072754,22.72856712341309,510192
1997-10-03,14.108494758605955,22.9589958190918,23.08468437194824,22.83330726623535,22.938047409057617,563598
1997-10-06,14.147111892700195,23.021839141845703,23.25226783752441,22.9589958190918,23.08468437194824,594329
1997-10-07,14.340202331542969,23.3360595703125,23.52459144592285,23.021839141845703,23.021839141845703,373544
1997-10-08,14.26296043395996,23.21037101745605,23.503643035888672,23.063735961914062,23.3360595703125,936844
1997-10-09,14.636277198791504,23.81786346435547,23.92260360717773,23.063735961914062,23.16847419738769,1220583
1997-10-10,14.404570579528809,23.44079971313477,23.859758377075195,23.377954483032227,23.79691505432129,775432
1997-10-13,14.365951538085938,23.377954483032227,23.62933158874512,23.357006072998047,23.48269462585449,335951
1997-10-14,14.28870677947998,23.25226783752441,23.62933158874512,22.87520408630371,23.3360595703125,623867
1997-10-15,14.6105318069458,23.77596664428711,23.81786346435547,23.16847419738769,23.16847419738769,862553
1997-10-16,14.623393058776855,23.79691505432129,23.92260360717773,23.734071731567383,23.79691505432129,1132567
1997-10-17,14.340202331542969,23.3360595703125,23.77596664428711,23.16847419738769,23.671226501464844,633712
1997-10-20,14.39169692993164,23.419851303100582,23.503643035888672,23.12657928466797,23.31511116027832,851215
1997-10-21,14.803618431091309,24.090187072753903,24.090187072753903,23.357006072998047,23.357006072998047,748580
1997-10-22,14.842244148254396,24.15303039550781,24.21587562561035,23.859758377075195,24.048290252685547,363102
1997-10-23,14.636277198791504,23.81786346435547,23.96449851989746,23.48269462585449,23.96449851989746,724115
1997-10-24,14.687767028808594,23.901655197143555,24.11113548278809,23.713123321533203,23.98544692993164,864045
1997-10-27,14.08275032043457,22.91710090637207,23.81786346435547,22.791412353515625,23.81786346435547,688909
1997-10-28,14.0441255569458,22.85425567626953,22.979944229125977,22.37245178222656,22.45624351501465,1671700
1997-10-29,13.902539253234863,22.623828887939453,22.85425567626953,22.43529510498047,22.85425567626953,950569
1997-10-30,13.696565628051758,22.28866004943848,22.623828887939453,22.28866004943848,22.56098365783692,759321
1997-10-31,13.902539253234863,22.623828887939453,22.70762062072754,21.99538803100586,22.37245178222656,676676
1997-11-03,14.069883346557615,22.89615249633789,23.31511116027832,22.85425567626953,22.9589958190918,420088
1997-11-04,14.26296043395996,23.21037101745605,23.25226783752441,22.89615249633789,22.91710090637207,456786
1997-11-05,14.185733795166016,23.08468437194824,23.29416275024414,22.89615249633789,23.21037101745605,654597
1997-11-06,14.275834083557127,23.231319427490234,23.377954483032227,22.91710090637207,23.042787551879883,563598
1997-11-07,13.966896057128906,22.72856712341309,23.08468437194824,22.581932067871094,23.08468437194824,506910
1997-11-10,13.7609281539917,22.393400192260746,22.89615249633789,22.37245178222656,22.72856712341309,516756
1997-11-11,13.606454849243164,22.14202308654785,22.56098365783692,21.911596298217773,22.45624351501465,577323
1997-11-12,13.593581199645996,22.121076583862305,22.309608459472656,21.827804565429688,22.01633644104004,417701
1997-11-13,13.606454849243164,22.14202308654785,22.72856712341309,22.05823135375977,22.20486831665039,636398
1997-11-14,13.966896057128906,22.72856712341309,22.87520408630371,22.14202308654785,22.16297149658203,509595
1997-11-17,14.211472511291504,23.12657928466797,23.25226783752441,22.72856712341309,22.770463943481445,598506
1997-11-18,13.902539253234863,22.623828887939453,22.938047409057617,22.45624351501465,22.87520408630371,615513
1997-11-19,13.863905906677246,22.56098365783692,22.72856712341309,22.477191925048828,22.54003524780273,473494
1997-11-20,13.954021453857422,22.70762062072754,22.938047409057617,22.60288047790528,22.623828887939453,425160
1997-11-21,13.992650985717772,22.770463943481445,22.812360763549805,22.519088745117188,22.70762062072754,385180
1997-11-24,13.81243133544922,22.477191925048828,22.770463943481445,22.43529510498047,22.770463943481445,754249
1997-11-25,13.825852394104004,22.43529510498047,22.749515533447266,22.33055686950684,22.33055686950684,474986
1997-11-26,13.916216850280762,22.581932067871094,22.770463943481445,22.37245178222656,22.37245178222656,621778
1997-11-28,13.851675987243652,22.477191925048828,22.66572380065918,22.477191925048828,22.66572380065918,533464
1997-12-01,14.032407760620115,22.770463943481445,22.791412353515625,22.393400192260746,22.54003524780273,567775
1997-12-02,14.277674674987791,23.16847419738769,23.25226783752441,22.70762062072754,22.770463943481445,445150
1997-12-03,14.045310974121094,22.791412353515625,23.3360595703125,22.791412353515625,23.21037101745605,457980
1997-12-04,14.019487380981444,22.749515533447266,23.042787551879883,22.749515533447266,22.87520408630371,406960
1997-12-05,14.316394805908203,23.231319427490234,23.44079971313477,22.749515533447266,22.791412353515625,520038
1997-12-08,14.303484916687012,23.21037101745605,23.96449851989746,23.16847419738769,23.79691505432129,1270408
1997-12-09,14.406768798828123,23.377954483032227,23.52459144592285,22.979944229125977,23.25226783752441,500048
1997-12-10,14.187307357788086,23.021839141845703,23.54553985595703,22.83330726623535,23.377954483032227,525408
1997-12-11,14.14858055114746,22.9589958190918,23.021839141845703,22.477191925048828,22.89615249633789,548084
1997-12-12,14.13567352294922,22.938047409057617,23.189422607421875,22.66572380065918,23.00089263916016,768570
1997-12-15,14.277674674987791,23.16847419738769,23.357006072998047,22.91710090637207,22.91710090637207,585975
1997-12-16,14.09694766998291,22.87520408630371,23.461746215820312,22.24676322937012,23.16847419738769,588660
1997-12-17,14.406768798828123,23.377954483032227,23.62933158874512,22.83330726623535,23.12657928466797,609844
1997-12-18,14.251851081848145,23.12657928466797,23.54553985595703,23.12657928466797,23.377954483032227,387567
1997-12-19,14.14858055114746,22.9589958190918,23.21037101745605,22.37245178222656,22.45624351501465,667725
1997-12-22,14.200217247009276,23.042787551879883,23.12657928466797,22.87520408630371,22.9589958190918,310591
1997-12-23,14.277674674987791,23.16847419738769,23.21037101745605,22.83330726623535,22.91710090637207,506910
1997-12-24,14.200217247009276,23.042787551879883,23.461746215820312,22.9589958190918,23.12657928466797,348333
1997-12-26,14.303484916687012,23.21037101745605,23.3360595703125,23.00089263916016,23.00089263916016,204674
1997-12-29,14.535860061645508,23.58743476867676,23.62933158874512,23.29416275024414,23.3360595703125,355494
1997-12-30,14.79404640197754,24.00639533996582,24.090187072753903,23.419851303100582,23.75501823425293,409198
1997-12-31,14.92313289642334,24.21587562561035,24.341562271118164,23.79691505432129,23.92260360717773,241670
1998-01-02,14.81986141204834,24.048290252685547,24.341562271118164,23.96449851989746,24.048290252685547,227050
1998-01-05,14.897314071655272,24.173978805541992,24.425355911254883,23.92260360717773,24.29966735839844,390252
1998-01-06,14.897314071655272,24.173978805541992,24.25777053833008,23.92260360717773,24.048290252685547,368770
1998-01-07,14.56167697906494,23.62933158874512,24.090187072753903,23.503643035888672,24.048290252685547,587616
1998-01-08,14.406768798828123,23.377954483032227,23.62933158874512,23.042787551879883,23.62933158874512,675184
1998-01-09,14.071114540100098,22.83330726623535,23.419851303100582,22.791412353515625,23.25226783752441,504523
1998-01-12,14.14858055114746,22.9589958190918,23.16847419738769,22.16297149658203,22.45624351501465,969216
1998-01-13,14.071114540100098,22.83330726623535,22.9589958190918,22.66572380065918,22.91710090637207,429934
1998-01-14,14.56167697906494,23.62933158874512,23.88070678710937,22.581932067871094,22.83330726623535,810042
1998-01-15,14.355127334594728,23.29416275024414,23.58743476867676,23.042787551879883,23.54553985595703,564195
1998-01-16,14.251851081848145,23.12657928466797,23.503643035888672,23.12657928466797,23.461746215820312,782891
1998-01-20,14.587495803833008,23.671226501464844,23.671226501464844,22.20486831665039,22.791412353515625,842115
1998-01-21,14.61331272125244,23.713123321533203,23.88070678710937,23.377954483032227,23.58743476867676,436796
1998-01-22,13.967844009399414,22.66572380065918,23.62933158874512,22.54003524780273,23.62933158874512,564792
1998-01-23,14.09694766998291,22.87520408630371,23.25226783752441,22.70762062072754,22.791412353515625,461411
1998-01-26,13.942039489746094,22.623828887939453,23.042787551879883,22.37245178222656,22.87520408630371,268522
1998-01-27,13.632204055786133,22.121076583862305,23.12657928466797,21.785907745361328,22.749515533447266,884184
1998-01-28,13.761309623718262,22.33055686950684,22.45624351501465,22.121076583862305,22.24676322937012,948778
1998-01-29,14.226038932800291,23.08468437194824,23.16847419738769,22.121076583862305,22.24676322937012,867625
1998-01-30,14.071114540100098,22.83330726623535,23.503643035888672,22.66572380065918,23.12657928466797,1101239
1998-02-02,14.61331272125244,23.713123321533203,23.92260360717773,23.29416275024414,23.29416275024414,781996
1998-02-03,14.587495803833008,23.671226501464844,23.96449851989746,23.29416275024414,23.96449851989746,617899
1998-02-04,14.535860061645508,23.58743476867676,23.713123321533203,23.21037101745605,23.671226501464844,489755
1998-02-05,14.484222412109377,23.503643035888672,23.62933158874512,23.29416275024414,23.503643035888672,740972
1998-02-06,14.535860061645508,23.58743476867676,23.88070678710937,23.503643035888672,23.58743476867676,641917
1998-02-09,14.81986141204834,24.048290252685547,24.048290252685547,23.62933158874512,23.62933158874512,491246
1998-02-10,15.439508438110352,25.053794860839844,25.13758659362793,23.96449851989746,23.96449851989746,1315610
1998-02-11,15.129685401916504,24.55104255676269,25.011898040771484,24.29966735839844,25.011898040771484,358477
1998-02-12,15.07805347442627,24.46725082397461,24.55104255676269,23.88070678710937,24.383459091186523,827048
1998-02-13,15.00059986114502,24.341562271118164,24.760522842407227,24.25777053833008,24.29966735839844,305966
1998-02-17,14.948955535888672,24.25777053833008,24.9281063079834,24.21587562561035,24.50914764404297,311337
1998-02-18,15.568601608276367,25.263273239135746,25.47275352478028,24.25777053833008,24.341562271118164,435752
1998-02-19,15.568601608276367,25.263273239135746,25.430858612060547,25.011898040771484,25.09568977355957,373843
1998-02-20,15.413690567016602,25.011898040771484,25.430858612060547,24.886211395263672,25.430858612060547,462007
1998-02-23,15.284598350524902,24.802419662475582,25.3051700592041,24.67673110961914,25.053794860839844,434409
1998-02-24,15.258771896362305,24.760522842407227,25.3051700592041,24.59293937683105,24.802419662475582,528690
1998-02-25,15.531099319458008,25.13758659362793,25.3051700592041,24.59293937683105,24.59293937683105,392341
1998-02-26,16.2299861907959,26.26877784729004,26.26877784729004,25.13758659362793,25.179481506347656,540326
1998-02-27,15.99701976776123,25.891714096069336,26.26877784729004,25.47275352478028,26.18498611450196,560167
1998-03-02,15.815832138061523,25.59844207763672,25.891714096069336,25.47275352478028,25.849817276000977,364146
1998-03-03,15.815832138061523,25.59844207763672,25.724130630493164,25.3051700592041,25.47275352478028,554498
1998-03-04,15.919376373291016,25.76602554321289,25.891714096069336,25.3051700592041,25.682233810424805,508999
1998-03-05,15.867595672607422,25.682233810424805,25.682233810424805,25.053794860839844,25.13758659362793,845845
1998-03-06,16.333528518676758,26.43636131286621,26.603946685791016,25.76602554321289,25.76602554321289,1012627
1998-03-09,16.022903442382812,25.93361091613769,26.562049865722656,25.891714096069336,26.394466400146484,552857
1998-03-10,16.15233612060547,26.1430892944336,26.394466400146484,25.975505828857425,25.975505828857425,206165
1998-03-11,15.945256233215332,25.80792236328125,26.1430892944336,25.682233810424805,26.1430892944336,498109
1998-03-12,15.531099319458008,25.13758659362793,25.430858612060547,24.425355911254883,24.970001220703125,1284580
1998-03-13,15.764056205749512,25.51465034484864,26.1430892944336,25.053794860839844,25.053794860839844,678764
1998-03-16,15.789939880371094,25.55654525756836,25.682233810424805,25.47275352478028,25.682233810424805,459919
1998-03-17,15.686397552490234,25.388961791992188,25.55654525756836,24.802419662475582,25.47275352478028,723369
1998-03-18,15.60874843597412,25.263273239135746,25.388961791992188,24.970001220703125,25.388961791992188,573892
1998-03-19,15.686397552490234,25.388961791992188,25.64033889770508,25.09568977355957,25.221378326416016,611783
1998-03-20,15.841719627380373,25.64033889770508,25.80792236328125,25.430858612060547,25.724130630493164,472152
1998-03-23,15.815832138061523,25.59844207763672,25.724130630493164,25.430858612060547,25.55654525756836,361162
1998-03-24,15.789939880371094,25.55654525756836,25.80792236328125,25.388961791992188,25.59844207763672,1055740
1998-03-25,15.789939880371094,25.55654525756836,25.891714096069336,25.3051700592041,25.80792236328125,460068
1998-03-26,15.634626388549805,25.3051700592041,25.682233810424805,25.221378326416016,25.682233810424805,516309
1998-03-27,15.582863807678224,25.221378326416016,25.47275352478028,25.179481506347656,25.263273239135746,669366
1998-03-30,15.60874843597412,25.263273239135746,25.34706687927246,24.970001220703125,25.053794860839844,512132
1998-03-31,15.738167762756348,25.47275352478028,25.51465034484864,25.09568977355957,25.221378326416016,569565
1998-04-01,15.60874843597412,25.263273239135746,25.388961791992188,24.55104255676269,25.3051700592041,1036347
1998-04-02,15.789939880371094,25.55654525756836,25.55654525756836,25.053794860839844,25.3051700592041,728441
1998-04-03,15.531099319458008,25.13758659362793,25.47275352478028,24.844314575195312,25.430858612060547,691295
1998-04-06,15.349905014038086,24.844314575195312,25.053794860839844,24.67673110961914,25.053794860839844,927147
1998-04-07,15.246355056762695,24.67673110961914,24.886211395263672,24.425355911254883,24.886211395263672,742911
1998-04-08,15.220466613769531,24.63483428955078,24.802419662475582,24.048290252685547,24.59293937683105,1137639
1998-04-09,14.909844398498535,24.132083892822266,24.63483428955078,23.96449851989746,24.63483428955078,808550
1998-04-13,15.091045379638672,24.425355911254883,24.886211395263672,24.090187072753903,24.425355911254883,848679
1998-04-14,15.479323387145996,25.053794860839844,25.430858612060547,24.802419662475582,24.802419662475582,1129434
1998-04-15,15.841719627380373,25.64033889770508,25.724130630493164,25.09568977355957,25.09568977355957,1282492
1998-04-16,16.100563049316406,26.059297561645508,26.059297561645508,25.3051700592041,25.80792236328125,1283238
1998-04-17,16.307640075683594,26.394466400146484,26.47825813293457,26.101194381713867,26.3106746673584,774985
1998-04-20,16.488840103149414,26.6877384185791,26.6877384185791,26.3106746673584,26.47825813293457,615811
1998-04-21,16.488840103149414,26.6877384185791,26.771530151367188,26.43636131286621,26.6877384185791,432321
1998-04-22,16.43706703186035,26.603946685791016,26.6877384185791,26.43636131286621,26.6877384185791,450222
1998-04-23,16.307640075683594,26.394466400146484,26.645841598510746,26.059297561645508,26.47825813293457,1042164
1998-04-24,16.255878448486328,26.3106746673584,26.47825813293457,26.1430892944336,26.394466400146484,948778
1998-04-27,16.15233612060547,26.1430892944336,26.26877784729004,25.975505828857425,26.1430892944336,1052458
1998-04-28,16.281766891479492,26.352569580078125,26.43636131286621,26.059297561645508,26.18498611450196,661012
1998-04-29,16.307640075683594,26.394466400146484,26.52015495300293,26.226882934570312,26.3106746673584,743956
1998-04-30,16.359420776367188,26.47825813293457,26.603946685791016,26.226882934570312,26.394466400146484,1025606
1998-05-01,16.255878448486328,26.3106746673584,26.47825813293457,26.226882934570312,26.47825813293457,371008
1998-05-04,16.2299861907959,26.26877784729004,26.394466400146484,26.226882934570312,26.352569580078125,497363
1998-05-05,16.359420776367188,26.47825813293457,26.603946685791016,26.18498611450196,26.18498611450196,490351
1998-05-06,16.255878448486328,26.3106746673584,26.47825813293457,26.18498611450196,26.394466400146484,348781
1998-05-07,16.15233612060547,26.1430892944336,26.3106746673584,25.975505828857425,26.1430892944336,338786
1998-05-08,16.2299861907959,26.26877784729004,26.52015495300293,26.101194381713867,26.26877784729004,451266
1998-05-11,16.41119384765625,26.562049865722656,26.6877384185791,26.1430892944336,26.1430892944336,687864
1998-05-12,16.359420776367188,26.47825813293457,26.603946685791016,26.1430892944336,26.52015495300293,342813
1998-05-13,16.333528518676758,26.43636131286621,26.52015495300293,26.3106746673584,26.47825813293457,728441
1998-05-14,16.333528518676758,26.43636131286621,26.603946685791016,26.18498611450196,26.43636131286621,270611
1998-05-15,16.17821502685547,26.18498611450196,26.645841598510746,26.1430892944336,26.47825813293457,232421
1998-05-18,16.07468605041504,26.01740264892578,26.394466400146484,25.80792236328125,26.01740264892578,304176
1998-05-19,16.15233612060547,26.1430892944336,26.394466400146484,25.724130630493164,26.1430892944336,374141
1998-05-20,15.893481254577637,25.724130630493164,26.26877784729004,25.55654525756836,26.1430892944336,678764
1998-05-21,15.971136093139648,25.849817276000977,26.645841598510746,25.51465034484864,25.80792236328125,655493
1998-05-22,16.12644386291504,26.101194381713867,26.1430892944336,25.849817276000977,25.849817276000977,575980
1998-05-26,15.841719627380373,25.64033889770508,26.18498611450196,25.51465034484864,26.18498611450196,277324
1998-05-27,15.284320831298828,24.67673110961914,25.59844207763672,24.55104255676269,25.59844207763672,942364
1998-05-28,15.517863273620604,25.053794860839844,25.13758659362793,24.67673110961914,24.7186279296875,1843852
1998-05-29,15.56976318359375,25.13758659362793,25.221378326416016,24.7186279296875,25.053794860839844,425160
1998-06-01,15.206463813781738,24.55104255676269,25.34706687927246,24.383459091186523,25.13758659362793,342813
1998-06-02,15.362168312072754,24.802419662475582,25.13758659362793,24.59293937683105,24.63483428955078,702782
1998-06-03,15.414064407348633,24.886211395263672,25.388961791992188,24.844314575195312,24.970001220703125,1058574
1998-06-04,15.517863273620604,25.053794860839844,25.13758659362793,24.63483428955078,24.844314575195312,631773
1998-06-05,15.465960502624512,24.970001220703125,25.13758659362793,24.844314575195312,25.09568977355957,604772
1998-06-08,15.362168312072754,24.802419662475582,25.263273239135746,24.760522842407227,25.13758659362793,464693
1998-06-09,15.310260772705078,24.7186279296875,24.886211395263672,24.46725082397461,24.63483428955078,280755
1998-06-10,15.154560089111328,24.46725082397461,25.09568977355957,24.425355911254883,24.63483428955078,491097
1998-06-11,15.024827003479004,24.25777053833008,24.844314575195312,24.25777053833008,24.46725082397461,793781
1998-06-12,15.076720237731934,24.341562271118164,24.67673110961914,23.92260360717773,24.341562271118164,722772
1998-06-15,14.817227363586426,23.92260360717773,24.29966735839844,23.88070678710937,24.25777053833008,395324
1998-06-16,14.79128074645996,23.88070678710937,24.00639533996582,23.3360595703125,24.00639533996582,431575
1998-06-17,15.180516242980955,24.50914764404297,24.844314575195312,23.96449851989746,23.96449851989746,816755
1998-06-18,15.206463813781738,24.55104255676269,24.63483428955078,24.29966735839844,24.59293937683105,431724
1998-06-19,15.024827003479004,24.25777053833008,24.59293937683105,24.25777053833008,24.55104255676269,1016506
1998-06-22,15.076720237731934,24.341562271118164,24.46725082397461,24.132083892822266,24.173978805541992,385031
1998-06-23,14.79128074645996,23.88070678710937,24.50914764404297,23.54553985595703,24.425355911254883,1141816
1998-06-24,15.076720237731934,24.341562271118164,24.425355911254883,23.461746215820312,23.713123321533203,740525
1998-06-25,14.531771659851074,23.461746215820312,24.132083892822266,22.28866004943848,22.623828887939453,2359266
1998-06-26,14.194435119628906,22.91710090637207,23.377954483032227,22.749515533447266,23.377954483032227,2836937
1998-06-29,14.298232078552246,23.08468437194824,23.377954483032227,22.9589958190918,22.9589958190918,1193283
1998-06-30,14.220386505126951,22.9589958190918,23.3360595703125,22.83330726623535,23.08468437194824,1204024
1998-07-01,14.505825996398926,23.419851303100582,23.419851303100582,23.00089263916016,23.21037101745605,1036645
1998-07-02,14.55772590637207,23.503643035888672,23.671226501464844,23.21037101745605,23.3360595703125,580306
1998-07-06,14.220386505126951,22.9589958190918,23.12657928466797,22.791412353515625,23.12657928466797,1470010
1998-07-07,14.324179649353027,23.12657928466797,23.3360595703125,23.00089263916016,23.08468437194824,708004
1998-07-08,14.427980422973633,23.29416275024414,23.419851303100582,22.87520408630371,23.12657928466797,827794
1998-07-09,14.116584777832031,22.791412353515625,23.25226783752441,22.66572380065918,23.21037101745605,787814
1998-07-10,13.986833572387695,22.581932067871094,22.87520408630371,22.498140335083008,22.83330726623535,880007
1998-07-13,13.701386451721191,22.121076583862305,22.498140335083008,21.99538803100586,22.41434860229492,1076177
1998-07-14,13.75329303741455,22.20486831665039,22.28866004943848,21.99538803100586,22.121076583862305,766780
1998-07-15,13.338090896606444,21.53453254699707,22.079179763793945,21.199365615844727,22.079179763793945,1670954
1998-07-16,13.649496078491213,22.03728485107422,22.03728485107422,21.366947174072266,21.61832427978516,1211483
1998-07-17,14.090638160705566,22.749515533447266,22.749515533447266,21.99538803100586,22.079179763793945,1303974
1998-07-20,14.272279739379885,23.042787551879883,23.461746215820312,22.749515533447266,22.749515533447266,1459418
1998-07-21,13.85708236694336,22.37245178222656,23.042787551879883,22.33055686950684,22.9589958190918,776178
1998-07-22,13.934940338134766,22.498140335083008,22.70762062072754,21.9534912109375,22.37245178222656,685925
1998-07-23,13.38998794555664,21.61832427978516,22.498140335083008,21.61832427978516,22.498140335083008,1015909
1998-07-24,13.208351135253906,21.32505226135254,21.785907745361328,21.11557388305664,21.660219192504883,937142
1998-07-27,13.000746726989746,20.989885330200195,21.32505226135254,20.570924758911133,21.28315544128418,707407
1998-07-28,12.663406372070312,20.445236206054688,21.11557388305664,19.9843807220459,20.989885330200195,971901
1998-07-29,12.53365993499756,20.23575782775879,20.487133026123047,19.94248580932617,20.445236206054688,703827
1998-07-30,12.455808639526367,20.110069274902344,20.780405044555664,19.649213790893555,20.068172454833984,1226699
1998-07-31,12.066564559936523,19.48162841796875,20.319549560546875,19.439733505249023,20.27765274047852,1086471
1998-08-03,11.962764739990234,19.31404685974121,19.774900436401367,18.936981201171875,19.52352523803711,1502531
1998-08-04,11.23617458343506,18.140958786010746,19.607316970825195,17.847686767578125,19.355941772460938,1927542
1998-08-05,11.781115531921388,19.0207748413086,19.397836685180664,18.392333984375,18.47612571716309,1339478
1998-08-06,11.495678901672363,18.55991744995117,19.73300552368164,18.43423080444336,19.69110870361328,961011
1998-08-07,11.67732048034668,18.85318946838379,19.69110870361328,18.60181427001953,18.727502822875977,1212079
1998-08-10,11.28807544708252,18.224750518798828,18.936981201171875,18.18285369873047,18.685606002807617,715761
1998-08-11,11.262127876281738,18.18285369873047,18.55991744995117,17.763893127441406,17.847686767578125,840773
1998-08-12,11.44377326965332,18.47612571716309,18.769397735595703,18.057165145874023,18.099061965942383,643111
1998-08-13,11.547571182250977,18.64370918273925,18.85318946838379,18.392333984375,18.43423080444336,1458076
1998-08-14,11.62541389465332,18.769397735595703,18.978878021240234,18.60181427001953,18.811294555664062,1604719
1998-08-17,12.24821662902832,19.774900436401367,19.816797256469727,18.64370918273925,18.64370918273925,1406609
1998-08-18,12.403904914855955,20.02627754211425,20.23575782775879,19.816797256469727,19.858692169189453,829286
1998-08-19,12.741252899169922,20.570924758911133,20.69661331176757,20.02627754211425,20.068172454833984,846143
1998-08-20,12.767203330993652,20.61282157897949,20.989885330200195,20.27765274047852,20.40334129333496,933711
1998-08-21,12.403904914855955,20.02627754211425,20.570924758911133,19.607316970825195,20.570924758911133,542564
1998-08-24,12.429859161376951,20.068172454833984,20.319549560546875,19.858692169189453,20.068172454833984,464245
1998-08-25,12.793160438537598,20.65471649169922,20.780405044555664,20.110069274902344,20.15196418762207,1082741
1998-08-26,12.741252899169922,20.570924758911133,20.69661331176757,20.319549560546875,20.65471649169922,990996
1998-08-27,12.394418716430664,19.94248580932617,20.319549560546875,19.649213790893555,20.27765274047852,1442263
1998-08-28,12.055913925170898,19.397836685180664,20.110069274902344,19.31404685974121,19.90058898925781,902980
1998-08-31,11.352869987487791,18.266645431518555,19.397836685180664,18.224750518798828,19.31404685974121,1539826
1998-09-01,11.22268009185791,18.057165145874023,18.64370918273925,17.30303955078125,18.224750518798828,1412725
1998-09-02,11.040410995483398,17.763893127441406,18.30854225158692,17.68010139465332,18.30854225158692,1625902
1998-09-03,10.83209991455078,17.428726196289062,17.68010139465332,17.09355926513672,17.68010139465332,987117
1998-09-04,10.93625545501709,17.596309661865234,17.68010139465332,17.30303955078125,17.596309661865234,542564
1998-09-08,11.63929271697998,18.727502822875977,18.769397735595703,17.638206481933594,17.847686767578125,764990
1998-09-09,11.613255500793455,18.685606002807617,18.727502822875977,18.30854225158692,18.685606002807617,790500
1998-09-10,10.80605697631836,17.386831283569336,18.47612571716309,17.386831283569336,18.43423080444336,831225
1998-09-11,11.483059883117676,18.47612571716309,18.47612571716309,17.26114273071289,17.428726196289062,751564
1998-09-14,11.92572021484375,19.18835830688477,19.355941772460938,18.518022537231445,18.518022537231445,728441
1998-09-15,11.873648643493652,19.10456657409668,19.355941772460938,18.85318946838379,19.0207748413086,555095
1998-09-16,12.081947326660156,19.439733505249023,19.48162841796875,18.64370918273925,19.146461486816406,429337
1998-09-17,12.160070419311523,19.56542015075684,19.607316970825195,18.85318946838379,19.27215003967285,731723
1998-09-18,12.212151527404783,19.649213790893555,19.69110870361328,19.439733505249023,19.56542015075684,961011
1998-09-21,11.82156467437744,19.0207748413086,19.439733505249023,18.685606002807617,19.439733505249023,925507
1998-09-22,11.89968204498291,19.146461486816406,19.355941772460938,18.727502822875977,18.936981201171875,678914
1998-09-23,12.029877662658691,19.355941772460938,19.774900436401367,19.0207748413086,19.18835830688477,665488
1998-09-24,12.029877662658691,19.355941772460938,19.607316970825195,19.06266975402832,19.18835830688477,784831
1998-09-25,12.081947326660156,19.439733505249023,19.774900436401367,19.146461486816406,19.27215003967285,513623
1998-09-28,12.18610954284668,19.607316970825195,19.607316970825195,19.06266975402832,19.355941772460938,507059
1998-09-29,12.941232681274414,20.822301864624023,20.94798851013184,19.774900436401367,19.774900436401367,1018445
1998-09-30,12.863121032714844,20.69661331176757,20.989885330200195,20.529029846191406,20.65471649169922,1003676
1998-10-01,12.107995986938477,19.48162841796875,20.445236206054688,19.06266975402832,20.40334129333496,955193
1998-10-02,12.055913925170898,19.397836685180664,19.607316970825195,19.06266975402832,19.52352523803711,448134
1998-10-05,11.69137477874756,18.811294555664062,19.56542015075684,18.60181427001953,19.439733505249023,605667
1998-10-06,11.69137477874756,18.811294555664062,19.27215003967285,18.685606002807617,18.89508628845215,814965
1998-10-07,11.63929271697998,18.727502822875977,18.85318946838379,18.015270233154297,18.685606002807617,994278
1998-10-08,11.404948234558104,18.35043716430664,18.64370918273925,18.099061965942383,18.64370918273925,491545
1998-10-09,12.055913925170898,19.397836685180664,19.397836685180664,18.140958786010746,18.392333984375,1318444
1998-10-12,12.91519832611084,20.780405044555664,20.780405044555664,19.18835830688477,19.397836685180664,1031722
1998-10-13,12.91519832611084,20.780405044555664,20.86419677734375,19.816797256469727,20.780405044555664,606860
1998-10-14,11.92572021484375,19.18835830688477,19.774900436401367,18.43423080444336,18.769397735595703,1361706
1998-10-15,12.472535133361816,20.068172454833984,20.110069274902344,18.769397735595703,19.0207748413086,1259369
1998-10-16,12.498575210571287,20.110069274902344,20.110069274902344,19.439733505249023,20.110069274902344,1923514
1998-10-19,12.290266036987305,19.774900436401367,20.110069274902344,19.439733505249023,20.110069274902344,1202979
1998-10-20,12.550651550292969,20.19386100769043,20.780405044555664,19.52352523803711,19.52352523803711,739928
1998-10-21,12.837080001831056,20.65471649169922,20.780405044555664,19.18835830688477,19.69110870361328,1349473
1998-10-22,13.435968399047852,21.61832427978516,21.785907745361328,20.40334129333496,20.61282157897949,762752
1998-10-23,13.175580978393556,21.199365615844727,21.61832427978516,21.11557388305664,21.61832427978516,888958
1998-10-26,12.967267036437988,20.86419677734375,21.450740814208984,20.822301864624023,21.199365615844727,733513
1998-10-27,12.941232681274414,20.822301864624023,21.366947174072266,20.487133026123047,20.94798851013184,747238
1998-10-28,12.70688533782959,20.445236206054688,20.86419677734375,20.02627754211425,20.822301864624023,455742
1998-10-29,12.602725982666016,20.27765274047852,20.445236206054688,19.774900436401367,20.445236206054688,518695
1998-10-30,13.227653503417969,21.28315544128418,21.28315544128418,20.3614444732666,20.3614444732666,642663
1998-11-02,13.74842929840088,22.121076583862305,22.28866004943848,21.86969947814941,22.121076583862305,567328
1998-11-03,14.16505527496338,22.791412353515625,22.87520408630371,21.99538803100586,22.03728485107422,1154496
1998-11-04,13.93069839477539,22.41434860229492,23.377954483032227,22.33055686950684,22.749515533447266,803776
1998-11-05,14.477514266967772,23.29416275024414,23.3360595703125,21.660219192504883,22.121076583862305,755741
1998-11-06,14.3733549118042,23.12657928466797,23.461746215820312,22.91710090637207,23.25226783752441,496915
1998-11-09,13.722392082214355,22.079179763793945,23.08468437194824,21.827804565429688,23.08468437194824,546144
1998-11-10,13.77446746826172,22.16297149658203,22.91710090637207,22.121076583862305,22.16297149658203,344454
1998-11-11,13.93069839477539,22.41434860229492,22.41434860229492,21.70211601257324,22.079179763793945,564344
1998-11-12,14.139008522033691,22.749515533447266,22.749515533447266,22.37245178222656,22.37245178222656,733961
1998-11-13,14.112972259521484,22.70762062072754,23.3360595703125,22.45624351501465,22.791412353515625,267478
1998-11-16,14.191088676452637,22.83330726623535,23.12657928466797,22.749515533447266,22.791412353515625,285081
1998-11-17,13.722392082214355,22.079179763793945,22.791412353515625,21.660219192504883,22.749515533447266,643558
1998-11-18,13.826539993286133,22.24676322937012,22.37245178222656,21.660219192504883,22.33055686950684,354151
1998-11-19,13.670318603515623,21.99538803100586,22.20486831665039,21.785907745361328,22.16297149658203,243311
1998-11-20,13.852587699890137,22.28866004943848,22.87520408630371,21.827804565429688,22.87520408630371,544056
1998-11-23,14.477514266967772,23.29416275024414,23.419851303100582,22.581932067871094,22.791412353515625,764841
1998-11-24,14.894132614135742,23.96449851989746,24.29966735839844,23.25226783752441,23.3360595703125,1662302
1998-11-25,14.83354377746582,23.79691505432129,24.00639533996582,23.713123321533203,23.92260360717773,461709
1998-11-27,14.83354377746582,23.79691505432129,23.96449851989746,23.62933158874512,23.79691505432129,156638
1998-11-30,14.885781288146973,23.88070678710937,23.96449851989746,23.29416275024414,23.79691505432129,874786
1998-12-01,14.964123725891112,24.00639533996582,24.132083892822266,23.62933158874512,23.88070678710937,755293
1998-12-02,14.54627799987793,23.3360595703125,23.83881187438965,23.00089263916016,23.83881187438965,832419
1998-12-03,14.54627799987793,23.3360595703125,23.79691505432129,23.29416275024414,23.377954483032227,517651
1998-12-04,14.624616622924805,23.461746215820312,23.96449851989746,23.16847419738769,23.16847419738769,567924
1998-12-07,14.676854133605955,23.54553985595703,23.96449851989746,23.419851303100582,23.419851303100582,469914
1998-12-08,14.389585494995115,23.08468437194824,23.62933158874512,22.91710090637207,23.377954483032227,566134
1998-12-09,14.57239818572998,23.377954483032227,23.83881187438965,23.08468437194824,23.08468437194824,580903
1998-12-10,14.52015781402588,23.29416275024414,23.62933158874512,23.08468437194824,23.29416275024414,541520
1998-12-11,14.494049072265623,23.25226783752441,23.671226501464844,23.16847419738769,23.29416275024414,704423
1998-12-14,14.44180965423584,23.16847419738769,23.419851303100582,23.042787551879883,23.21037101745605,781698
1998-12-15,13.710585594177246,21.99538803100586,23.042787551879883,21.9534912109375,23.042787551879883,1567722
1998-12-16,13.945615768432615,22.37245178222656,22.54003524780273,22.03728485107422,22.079179763793945,743657
1998-12-17,13.86727523803711,22.24676322937012,22.45624351501465,21.99538803100586,22.28866004943848,584782
1998-12-18,13.580010414123535,21.785907745361328,22.498140335083008,21.61832427978516,21.911596298217773,899848
1998-12-21,13.841160774230955,22.20486831665039,22.623828887939453,21.70211601257324,21.785907745361328,1102582
1998-12-22,14.259010314941406,22.87520408630371,23.12657928466797,22.16297149658203,22.16297149658203,603578
1998-12-23,14.41569709777832,23.12657928466797,23.81786346435547,22.623828887939453,23.042787551879883,1074089
1998-12-24,14.41569709777832,23.12657928466797,23.58743476867676,23.042787551879883,23.042787551879883,349526
1998-12-28,14.467936515808104,23.21037101745605,23.54553985595703,23.08468437194824,23.29416275024414,670709
1998-12-29,14.83354377746582,23.79691505432129,23.92260360717773,22.87520408630371,23.21037101745605,611485
1998-12-30,14.911888122558594,23.92260360717773,24.21587562561035,23.83881187438965,23.88070678710937,455443
1998-12-31,15.303627967834473,24.55104255676269,24.760522842407227,23.671226501464844,23.75501823425293,495125
1999-01-04,15.120813369750977,24.25777053833008,25.263273239135746,24.090187072753903,24.50914764404297,1078266
1999-01-05,15.199153900146484,24.383459091186523,24.7186279296875,24.21587562561035,24.21587562561035,850469
1999-01-06,15.251392364501951,24.46725082397461,24.844314575195312,24.341562271118164,24.341562271118164,728739
1999-01-07,14.859662055969238,23.83881187438965,24.46725082397461,23.419851303100582,24.29966735839844,1084531
1999-01-08,14.781315803527832,23.713123321533203,24.090187072753903,23.3360595703125,23.96449851989746,858674
1999-01-11,14.75520133972168,23.671226501464844,24.46725082397461,23.377954483032227,23.713123321533203,775731
1999-01-12,14.598509788513184,23.419851303100582,23.79691505432129,23.16847419738769,23.54553985595703,586124
1999-01-13,14.128432273864746,22.66572380065918,23.25226783752441,22.28866004943848,23.25226783752441,775582
1999-01-14,14.050082206726074,22.54003524780273,22.91710090637207,22.28866004943848,22.498140335083008,1144352
1999-01-15,14.44180965423584,23.16847419738769,23.16847419738769,22.121076583862305,22.9589958190918,729038
1999-01-19,14.232887268066406,22.83330726623535,23.00089263916016,22.16297149658203,23.00089263916016,438437
1999-01-20,13.997857093811035,22.45624351501465,23.29416275024414,21.28315544128418,21.53453254699707,1178514
1999-01-21,13.788925170898438,22.121076583862305,22.41434860229492,21.86969947814941,21.86969947814941,1281298
1999-01-22,13.371085166931152,21.450740814208984,22.24676322937012,21.28315544128418,21.9534912109375,970559
1999-01-25,13.005465507507324,20.86419677734375,21.49263572692871,20.65471649169922,21.450740814208984,1344103
1999-01-26,13.24050521850586,21.241260528564453,21.660219192504883,20.738508224487305,20.86419677734375,905218
1999-01-27,12.848777770996094,20.61282157897949,21.241260528564453,20.27765274047852,21.11557388305664,1282641
1999-01-28,12.326465606689451,19.774900436401367,20.65471649169922,19.649213790893555,20.529029846191406,1616802
1999-01-29,12.97935676574707,20.822301864624023,21.11557388305664,19.774900436401367,19.774900436401367,1840272
1999-02-01,12.97935676574707,20.822301864624023,20.90609359741211,20.40334129333496,20.65471649169922,984432
1999-02-02,12.613740921020508,20.23575782775879,20.90609359741211,20.15196418762207,20.65471649169922,744403
1999-02-03,12.796545028686523,20.529029846191406,21.157468795776367,20.23575782775879,20.23575782775879,661758
1999-02-04,12.822662353515623,20.570924758911133,21.157468795776367,20.445236206054688,20.529029846191406,1001886
1999-02-05,13.08381462097168,20.989885330200195,21.5764274597168,20.738508224487305,20.738508224487305,793334
1999-02-08,13.162160873413086,21.11557388305664,21.53453254699707,20.780405044555664,20.989885330200195,560167
1999-02-09,13.162160873413086,21.11557388305664,21.450740814208984,20.69661331176757,21.03178024291992,605667
1999-02-10,13.397197723388672,21.49263572692871,21.61832427978516,21.07367706298828,21.157468795776367,880604
1999-02-11,13.606120109558104,21.827804565429688,21.86969947814941,21.49263572692871,21.49263572692871,695472
1999-02-12,13.214387893676758,21.199365615844727,21.785907745361328,20.86419677734375,21.7440128326416,722176
1999-02-16,13.318852424621582,21.366947174072266,21.7440128326416,21.32505226135254,21.366947174072266,503927
1999-02-17,13.318852424621582,21.366947174072266,21.660219192504883,21.157468795776367,21.366947174072266,809296
1999-02-18,13.423312187194824,21.53453254699707,21.785907745361328,21.408843994140625,21.53453254699707,731574
1999-02-19,13.44943141937256,21.5764274597168,21.911596298217773,21.450740814208984,21.450740814208984,561659
1999-02-22,13.971734046936035,22.41434860229492,22.41434860229492,21.5764274597168,21.660219192504883,597909
1999-02-23,14.076197624206545,22.581932067871094,22.791412353515625,22.121076583862305,22.33055686950684,1047087
1999-02-24,14.154542922973633,22.70762062072754,23.08468437194824,22.28866004943848,22.581932067871094,1405714
1999-02-25,13.988977432250977,22.37245178222656,22.623828887939453,21.660219192504883,22.28866004943848,1459717
1999-02-26,14.25094985961914,22.791412353515625,22.791412353515625,22.03728485107422,22.28866004943848,1290846
1999-03-01,14.303340911865234,22.87520408630371,23.16847419738769,22.54003524780273,22.623828887939453,1450766
1999-03-02,14.329538345336914,22.91710090637207,23.12657928466797,22.83330726623535,22.83330726623535,1111384
1999-03-03,14.329538345336914,22.91710090637207,23.21037101745605,22.83330726623535,23.00089263916016,600147
1999-03-04,14.46051788330078,23.12657928466797,23.29416275024414,22.87520408630371,22.87520408630371,431127
1999-03-05,14.61770725250244,23.377954483032227,23.419851303100582,22.9589958190918,23.21037101745605,575533
1999-03-08,14.827277183532717,23.713123321533203,23.713123321533203,23.21037101745605,23.377954483032227,540177
1999-03-09,14.565308570861816,23.29416275024414,23.88070678710937,23.16847419738769,23.79691505432129,919539
1999-03-10,14.643898963928224,23.419851303100582,23.62933158874512,23.08468437194824,23.16847419738769,681599
1999-03-11,14.905864715576172,23.83881187438965,23.83881187438965,23.16847419738769,23.3360595703125,687417
1999-03-12,14.539111137390137,23.25226783752441,23.96449851989746,23.12657928466797,23.96449851989746,896267
1999-03-15,14.801076889038086,23.671226501464844,23.713123321533203,23.12657928466797,23.21037101745605,450222
1999-03-16,14.48671817779541,23.16847419738769,23.377954483032227,22.45624351501465,22.87520408630371,1240871
1999-03-17,14.277143478393556,22.83330726623535,22.91710090637207,22.03728485107422,22.91710090637207,1847880
1999-03-18,14.329538345336914,22.91710090637207,23.29416275024414,22.749515533447266,22.791412353515625,557333
1999-03-19,14.224754333496094,22.749515533447266,23.08468437194824,22.70762062072754,23.08468437194824,681300
1999-03-22,14.224754333496094,22.749515533447266,23.12657928466797,22.66572380065918,22.66572380065918,784234
1999-03-23,13.805612564086914,22.079179763793945,22.87520408630371,21.99538803100586,22.749515533447266,1176873
1999-03-24,13.85799789428711,22.16297149658203,22.749515533447266,22.079179763793945,22.079179763793945,1596663
1999-03-25,13.83180046081543,22.121076583862305,22.28866004943848,22.121076583862305,22.121076583862305,1044104
1999-03-26,13.884198188781738,22.20486831665039,22.37245178222656,22.03728485107422,22.03728485107422,587169
1999-03-29,13.962790489196776,22.33055686950684,22.37245178222656,22.079179763793945,22.121076583862305,808103
1999-03-30,13.805612564086914,22.079179763793945,22.41434860229492,21.785907745361328,22.28866004943848,1020235
1999-03-31,13.779412269592283,22.03728485107422,22.24676322937012,21.9534912109375,22.079179763793945,574787
1999-04-01,13.83180046081543,22.121076583862305,22.28866004943848,21.9534912109375,21.9534912109375,718744
1999-04-05,13.936594009399414,22.28866004943848,22.54003524780273,22.03728485107422,22.03728485107422,667576
1999-04-06,14.067566871643066,22.498140335083008,22.791412353515625,22.121076583862305,22.16297149658203,582544
1999-04-07,14.119962692260742,22.581932067871094,23.16847419738769,22.28866004943848,22.623828887939453,585975
1999-04-08,14.04138469696045,22.45624351501465,22.54003524780273,22.03728485107422,22.498140335083008,654150
1999-04-09,14.04138469696045,22.45624351501465,22.749515533447266,22.33055686950684,22.623828887939453,508999
1999-04-12,13.59603500366211,21.7440128326416,22.45624351501465,21.450740814208984,22.33055686950684,1137042
1999-04-13,13.491249084472656,21.5764274597168,21.99538803100586,21.53453254699707,21.70211601257324,779759
1999-04-14,14.119962692260742,22.581932067871094,22.70762062072754,21.5764274597168,21.660219192504883,976526
1999-04-15,14.801076889038086,23.671226501464844,24.090187072753903,22.45624351501465,22.70762062072754,787218
1999-04-16,15.194025993347168,24.29966735839844,24.59293937683105,23.79691505432129,23.79691505432129,1092438
1999-04-19,15.770352363586426,25.221378326416016,26.352569580078125,24.29966735839844,24.29966735839844,1229981
1999-04-20,15.613166809082031,24.970001220703125,25.80792236328125,24.760522842407227,25.47275352478028,1673042
1999-04-21,15.927533149719238,25.47275352478028,25.682233810424805,24.844314575195312,24.886211395263672,1172398
1999-04-22,15.901320457458496,25.430858612060547,25.430858612060547,24.341562271118164,25.3051700592041,616408
1999-04-23,15.822744369506836,25.3051700592041,25.430858612060547,24.9281063079834,25.263273239135746,488561
1999-04-26,15.927533149719238,25.47275352478028,26.18498611450196,25.3051700592041,25.3051700592041,700246
1999-04-27,15.220222473144531,24.341562271118164,25.76602554321289,24.29966735839844,25.64033889770508,1222074
1999-04-28,15.953734397888184,25.51465034484864,25.80792236328125,24.46725082397461,24.46725082397461,679660
1999-04-29,15.613166809082031,24.970001220703125,25.975505828857425,24.844314575195312,25.47275352478028,824065
1999-04-30,15.482182502746582,24.760522842407227,24.9281063079834,24.67673110961914,24.886211395263672,737839
1999-05-03,16.006113052368164,25.59844207763672,26.059297561645508,24.63483428955078,24.67673110961914,805716
1999-05-04,15.953734397888184,25.51465034484864,26.101194381713867,25.34706687927246,25.59844207763672,538536
1999-05-05,16.006113052368164,25.59844207763672,26.226882934570312,25.47275352478028,25.51465034484864,706064
1999-05-06,16.3466739654541,26.1430892944336,26.1430892944336,25.59844207763672,25.59844207763672,684284
1999-05-07,16.503856658935547,26.394466400146484,26.52015495300293,26.101194381713867,26.101194381713867,594627
1999-05-10,16.3466739654541,26.1430892944336,26.562049865722656,26.01740264892578,26.3106746673584,365787
1999-05-11,16.268096923828125,26.01740264892578,26.394466400146484,25.93361091613769,26.1430892944336,538984
1999-05-12,16.268096923828125,26.01740264892578,26.47825813293457,25.64033889770508,26.1430892944336,503777
1999-05-13,15.901320457458496,25.430858612060547,26.1430892944336,25.388961791992188,26.1430892944336,490650
1999-05-14,15.717965126037598,25.13758659362793,25.34706687927246,24.844314575195312,25.13758659362793,445001
1999-05-17,15.58697509765625,24.9281063079834,25.34706687927246,24.802419662475582,25.221378326416016,252262
1999-05-18,15.0630464553833,24.090187072753903,24.760522842407227,24.00639533996582,24.63483428955078,705915
1999-05-19,15.613166809082031,24.970001220703125,25.011898040771484,24.21587562561035,24.21587562561035,1037838
1999-05-20,15.691763877868652,25.09568977355957,25.263273239135746,24.760522842407227,25.053794860839844,633712
1999-05-21,16.110910415649414,25.76602554321289,25.849817276000977,24.844314575195312,25.011898040771484,813771
1999-05-24,15.848942756652832,25.34706687927246,26.101194381713867,25.3051700592041,25.59844207763672,600744
1999-05-25,15.691763877868652,25.09568977355957,25.80792236328125,24.886211395263672,25.388961791992188,622673
1999-05-26,16.077404022216797,25.64033889770508,25.64033889770508,25.09568977355957,25.179481506347656,588213
1999-05-27,15.499459266662598,24.7186279296875,25.34706687927246,24.341562271118164,25.34706687927246,596418
1999-05-28,15.840978622436523,25.263273239135746,25.47275352478028,24.55104255676269,24.63483428955078,668173
1999-06-01,16.02486801147461,25.55654525756836,25.891714096069336,24.970001220703125,25.179481506347656,615662
1999-06-02,16.077404022216797,25.64033889770508,25.891714096069336,25.388961791992188,25.80792236328125,466632
1999-06-03,15.893514633178713,25.34706687927246,25.682233810424805,25.13758659362793,25.682233810424805,484683
1999-06-04,16.4451961517334,26.226882934570312,26.226882934570312,25.34706687927246,25.34706687927246,524663
1999-06-07,16.261306762695312,25.93361091613769,26.226882934570312,25.849817276000977,26.18498611450196,548382
1999-06-08,16.313844680786133,26.01740264892578,26.226882934570312,25.76602554321289,25.93361091613769,836148
1999-06-09,16.313844680786133,26.01740264892578,26.226882934570312,25.93361091613769,26.01740264892578,524961
1999-06-10,15.94605541229248,25.430858612060547,26.01740264892578,25.263273239135746,26.01740264892578,730530
1999-06-11,16.366378784179688,26.101194381713867,26.1430892944336,25.430858612060547,25.430858612060547,791395
1999-06-14,16.996870040893555,27.10669708251953,27.274280548095703,26.3106746673584,26.3106746673584,1211781
1999-06-15,16.91805076599121,26.98100852966309,27.39996910095215,26.729633331298828,27.316177368164062,907754
1999-06-16,16.70789337158203,26.645841598510746,27.10669708251953,26.645841598510746,26.98100852966309,516607
1999-06-17,16.62908935546875,26.52015495300293,26.771530151367188,26.43636131286621,26.47825813293457,592390
1999-06-18,16.839242935180664,26.85532188415528,26.85532188415528,26.352569580078125,26.352569580078125,1507006
1999-06-21,16.497732162475586,26.3106746673584,26.81342506408692,26.01740264892578,26.81342506408692,1015760
1999-06-22,16.471460342407227,26.26877784729004,26.562049865722656,26.101194381713867,26.1430892944336,466483
1999-06-23,16.4451961517334,26.226882934570312,26.43636131286621,26.059297561645508,26.3106746673584,515712
1999-06-24,16.235034942626953,25.891714096069336,26.352569580078125,25.849817276000977,26.352569580078125,788560
1999-06-25,15.893514633178713,25.34706687927246,26.43636131286621,25.3051700592041,26.01740264892578,924164
1999-06-28,15.893514633178713,25.34706687927246,25.64033889770508,25.13758659362793,25.47275352478028,971155
1999-06-29,16.261306762695312,25.93361091613769,26.26877784729004,24.844314575195312,25.011898040771484,812280
1999-06-30,14.711350440979004,23.461746215820312,26.394466400146484,23.461746215820312,25.849817276000977,1494177
1999-07-01,16.051136016845703,25.59844207763672,25.76602554321289,24.21587562561035,24.21587562561035,1608746
1999-07-02,15.919790267944336,25.388961791992188,25.64033889770508,24.802419662475582,25.47275352478028,607457
1999-07-06,15.94605541229248,25.430858612060547,25.80792236328125,25.179481506347656,25.34706687927246,447089
1999-07-07,16.051136016845703,25.59844207763672,25.59844207763672,25.263273239135746,25.430858612060547,418596
1999-07-08,15.814711570739746,25.221378326416016,25.76602554321289,25.179481506347656,25.59844207763672,607606
1999-07-09,16.392654418945312,26.1430892944336,26.1430892944336,25.47275352478028,25.47275352478028,737989
1999-07-12,16.340112686157227,26.059297561645508,26.226882934570312,25.724130630493164,26.101194381713867,864940
1999-07-13,16.497732162475586,26.3106746673584,26.3106746673584,25.682233810424805,25.975505828857425,559570
1999-07-14,16.418933868408203,26.18498611450196,26.18498611450196,25.849817276000977,26.18498611450196,524812
1999-07-15,16.81297492980957,26.81342506408692,26.93911361694336,26.47825813293457,26.81342506408692,1276525
1999-07-16,16.865514755249023,26.897216796875,26.93911361694336,26.47825813293457,26.729633331298828,709645
1999-07-19,17.25956916809082,27.5256576538086,27.5256576538086,26.603946685791016,26.897216796875,860763
1999-07-20,17.285837173461914,27.56755256652832,27.56755256652832,27.14859390258789,27.483760833740234,657133
1999-07-21,17.60108757019043,28.07030487060547,28.154096603393555,27.274280548095703,27.441865921020508,1229832
1999-07-22,17.65362548828125,28.154096603393555,28.74064064025879,27.986513137817383,28.07030487060547,1237589
1999-07-23,17.522274017333984,27.944616317749023,28.19599342346192,27.77703285217285,28.154096603393555,438885
1999-07-26,17.679901123046875,28.19599342346192,28.36357688903809,27.81892967224121,27.81892967224121,400993
1999-07-27,17.70616340637207,28.23788833618164,28.405473709106445,28.07030487060547,28.07030487060547,427696
1999-07-28,17.364654541015625,27.69324111938477,28.154096603393555,27.60944938659668,28.154096603393555,336399
1999-07-29,17.0756778717041,27.232385635375977,27.39996910095215,26.81342506408692,27.39996910095215,413226
1999-07-30,16.602821350097656,26.47825813293457,27.735137939453125,26.47825813293457,27.39996910095215,603429
1999-08-02,16.182493209838867,25.80792236328125,26.43636131286621,25.724130630493164,26.352569580078125,712181
1999-08-03,16.103675842285156,25.682233810424805,25.975505828857425,25.388961791992188,25.891714096069336,980404
1999-08-04,16.392654418945312,26.1430892944336,26.3106746673584,25.682233810424805,25.682233810424805,1191194
1999-08-05,16.366378784179688,26.101194381713867,26.226882934570312,25.849817276000977,26.101194381713867,614021
1999-08-06,16.392654418945312,26.1430892944336,26.1430892944336,25.891714096069336,26.101194381713867,354449
1999-08-09,16.261306762695312,25.93361091613769,26.47825813293457,25.93361091613769,26.1430892944336,737839
1999-08-10,16.287572860717773,25.975505828857425,26.18498611450196,25.891714096069336,25.891714096069336,957580
1999-08-11,16.497732162475586,26.3106746673584,26.43636131286621,25.849817276000977,25.975505828857425,1305913
1999-08-12,16.602821350097656,26.47825813293457,26.645841598510746,26.101194381713867,26.352569580078125,789157
1999-08-13,16.81297492980957,26.81342506408692,26.81342506408692,26.3106746673584,26.394466400146484,543310
1999-08-16,16.996870040893555,27.10669708251953,27.232385635375977,26.771530151367188,26.771530151367188,629237
1999-08-17,17.20703125,27.441865921020508,27.441865921020508,26.729633331298828,27.190488815307617,387269
1999-08-18,16.865514755249023,26.897216796875,27.39996910095215,26.52015495300293,27.39996910095215,321928
1999-08-19,16.839242935180664,26.85532188415528,26.897216796875,26.394466400146484,26.771530151367188,314171
1999-08-20,17.25956916809082,27.5256576538086,27.69324111938477,26.98100852966309,27.022905349731445,466184
1999-08-23,17.522274017333984,27.944616317749023,27.944616317749023,27.274280548095703,27.483760833740234,628939
1999-08-24,17.364654541015625,27.69324111938477,28.07030487060547,27.441865921020508,27.902721405029297,288811
1999-08-25,17.128223419189453,27.316177368164062,27.902721405029297,27.232385635375977,27.77703285217285,511535
1999-08-26,16.786710739135742,26.771530151367188,27.190488815307617,26.729633331298828,27.14859390258789,319392
1999-08-27,16.703454971313477,26.562049865722656,26.98100852966309,26.52015495300293,26.645841598510746,555692
1999-08-30,16.308256149291992,25.93361091613769,26.81342506408692,25.891714096069336,26.645841598510746,475732
1999-08-31,16.308256149291992,25.93361091613769,26.47825813293457,25.93361091613769,25.93361091613769,551515
1999-09-01,16.598066329956055,26.394466400146484,26.645841598510746,26.26877784729004,26.3106746673584,559869
1999-09-02,16.519031524658203,26.26877784729004,26.47825813293457,25.891714096069336,26.1430892944336,868073
1999-09-03,16.835186004638672,26.771530151367188,26.897216796875,26.394466400146484,26.394466400146484,1151662
1999-09-07,16.914220809936523,26.897216796875,27.14859390258789,26.771530151367188,26.771530151367188,523171
1999-09-08,17.256723403930664,27.441865921020508,27.5256576538086,26.98100852966309,27.06480026245117,484235
1999-09-09,17.045955657958984,27.10669708251953,27.60944938659668,26.93911361694336,27.441865921020508,440526
1999-09-10,17.230371475219727,27.39996910095215,27.483760833740234,27.022905349731445,27.10669708251953,569565
1999-09-13,17.177682876586914,27.316177368164062,27.483760833740234,26.98100852966309,27.39996910095215,462902
1999-09-14,17.12499237060547,27.232385635375977,27.483760833740234,27.022905349731445,27.316177368164062,352958
1999-09-15,16.650758743286133,26.47825813293457,27.735137939453125,26.47825813293457,27.316177368164062,668024
1999-09-16,16.808841705322266,26.729633331298828,26.98100852966309,25.975505828857425,26.394466400146484,551664
1999-09-17,17.151338577270508,27.274280548095703,27.316177368164062,26.6877384185791,26.6877384185791,953254
1999-09-20,17.098642349243164,27.190488815307617,27.441865921020508,27.06480026245117,27.14859390258789,276130
1999-09-21,16.940563201904297,26.93911361694336,27.14859390258789,26.645841598510746,27.10669708251953,602832
1999-09-22,16.756149291992188,26.645841598510746,27.483760833740234,26.603946685791016,26.81342506408692,719341
1999-09-23,16.38729476928711,26.059297561645508,26.897216796875,26.01740264892578,26.81342506408692,1019489
1999-09-24,16.57172393798828,26.352569580078125,26.81342506408692,26.101194381713867,26.1430892944336,756487
1999-09-27,16.38729476928711,26.059297561645508,26.52015495300293,26.01740264892578,26.26877784729004,651465
1999-09-28,16.36095428466797,26.01740264892578,26.352569580078125,25.87076568603516,26.18498611450196,843607
1999-09-29,16.835186004638672,26.771530151367188,27.14859390258789,26.18498611450196,26.18498611450196,594926
1999-09-30,17.230371475219727,27.39996910095215,27.944616317749023,26.729633331298828,26.729633331298828,1099449
1999-10-01,16.966917037963867,26.98100852966309,27.60944938659668,26.98100852966309,27.441865921020508,572549
1999-10-04,17.309415817260742,27.5256576538086,27.651344299316406,27.022905349731445,27.022905349731445,440973
1999-10-05,17.20402717590332,27.35807228088379,27.735137939453125,27.10669708251953,27.483760833740234,568372
1999-10-06,17.256723403930664,27.441865921020508,27.483760833740234,26.98100852966309,27.35807228088379,1091990
1999-10-07,17.388452529907227,27.651344299316406,27.735137939453125,27.190488815307617,27.274280548095703,505866
1999-10-08,17.36211395263672,27.60944938659668,27.860824584960938,27.441865921020508,27.56755256652832,378616
1999-10-11,17.230371475219727,27.39996910095215,27.902721405029297,27.39996910095215,27.60944938659668,373246
1999-10-12,16.887874603271484,26.85532188415528,27.483760833740234,26.6877384185791,27.39996910095215,800047
1999-10-13,16.22922134399414,25.80792236328125,26.771530151367188,25.80792236328125,26.6877384185791,628044
1999-10-14,16.071130752563477,25.55654525756836,25.80792236328125,24.970001220703125,25.80792236328125,554498
1999-10-15,16.835186004638672,26.771530151367188,27.35807228088379,25.59844207763672,26.1430892944336,1187166
1999-10-18,16.808841705322266,26.729633331298828,27.232385635375977,26.603946685791016,26.729633331298828,1290846
1999-10-19,16.46634864807129,26.18498611450196,27.022905349731445,26.1430892944336,26.729633331298828,483191
1999-10-20,17.20402717590332,27.35807228088379,27.5256576538086,26.3106746673584,26.3106746673584,1007406
1999-10-21,17.36211395263672,27.60944938659668,27.69324111938477,26.98100852966309,27.35807228088379,831673
1999-10-22,17.96807289123535,28.573057174682617,28.78253555297852,27.735137939453125,27.77703285217285,862702
1999-10-25,17.73094940185547,28.19599342346192,28.656848907470703,28.154096603393555,28.656848907470703,685627
1999-10-26,17.62557601928711,28.02840805053711,28.53116035461425,28.02840805053711,28.27978515625,380257
1999-10-27,17.757293701171875,28.23788833618164,28.36357688903809,28.112201690673828,28.27978515625,543459
1999-10-28,17.836339950561523,28.36357688903809,28.36357688903809,27.441865921020508,28.321680068969727,1064541
1999-10-29,17.941713333129883,28.53116035461425,29.11770439147949,28.23788833618164,28.48926544189453,673692
1999-11-01,17.704608917236328,28.154096603393555,28.8663272857666,27.986513137817383,28.614952087402344,619540
1999-11-02,18.15249252319336,28.8663272857666,29.327184677124023,28.19599342346192,28.19599342346192,530630
1999-11-03,18.336912155151367,29.15959930419922,29.285287857055664,28.23788833618164,28.69874382019043,831673
1999-11-04,18.28422164916992,29.075807571411133,29.955623626708984,28.992015838623047,29.494768142700195,502286
1999-11-05,18.494993209838867,29.41097640991211,29.78804016113281,29.243392944335938,29.327184677124023,432619
1999-11-08,18.336912155151367,29.15959930419922,29.662351608276367,29.075807571411133,29.53666305541992,344007
1999-11-09,18.494993209838867,29.41097640991211,29.45287132263184,28.78253555297852,29.243392944335938,478566
1999-11-10,18.890182495117188,30.03941535949707,30.29079246520996,28.824432373046875,29.15959930419922,522574
1999-11-11,18.86383438110352,29.997520446777344,30.79354286193848,29.997520446777344,30.16510391235352,882841
1999-11-12,18.653064727783203,29.662351608276367,30.12320709228516,29.53666305541992,30.12320709228516,515563
1999-11-15,18.7847900390625,29.8718318939209,29.997520446777344,29.20149612426757,29.57855987548828,734707
1999-11-16,18.7847900390625,29.8718318939209,30.374584197998047,29.78804016113281,30.16510391235352,1136744
1999-11-17,18.7847900390625,29.8718318939209,30.08131217956543,29.82993507385254,29.8718318939209,622375
1999-11-18,18.547691345214844,29.494768142700195,29.955623626708984,29.36907958984375,29.8718318939209,749028
1999-11-19,18.310562133789062,29.11770439147949,29.45287132263184,28.824432373046875,29.45287132263184,569416
1999-11-22,18.15249252319336,28.8663272857666,28.95012092590332,28.48926544189453,28.824432373046875,415165
1999-11-23,17.889028549194336,28.44736862182617,28.90822410583496,28.112201690673828,28.8663272857666,1291293
1999-11-24,18.15249252319336,28.8663272857666,29.285287857055664,28.48926544189453,28.573057174682617,305519
1999-11-26,18.22750663757324,28.90822410583496,29.075807571411133,28.614952087402344,28.90822410583496,120238
1999-11-29,18.253931045532227,28.95012092590332,28.95012092590332,28.48926544189453,28.824432373046875,329686
1999-11-30,18.38601875305176,29.15959930419922,29.662351608276367,28.824432373046875,28.824432373046875,1264143
1999-12-01,18.940763473510746,30.03941535949707,30.625959396362305,29.82993507385254,29.82993507385254,1143457
1999-12-02,19.204933166503903,30.458375930786133,30.54216766357422,29.997520446777344,30.08131217956543,675035
1999-12-03,19.8125228881836,31.42198371887207,31.924734115600582,30.625959396362305,30.625959396362305,913721
1999-12-06,19.97101783752441,31.673358917236328,31.966630935668945,30.87733459472656,31.33819007873535,704274
1999-12-07,20.07667732238769,31.8409423828125,32.13421630859375,31.50577545166016,31.715255737304688,826452
1999-12-08,19.68043708801269,31.21250343322754,31.63146209716797,30.87733459472656,31.63146209716797,744851
1999-12-09,19.469099044799805,30.87733459472656,31.50577545166016,30.625959396362305,31.33819007873535,856586
1999-12-10,19.257762908935547,30.54216766357422,31.17060661315918,30.416479110717773,30.87733459472656,377870
1999-12-13,19.17851448059082,30.416479110717773,30.625959396362305,30.207000732421875,30.625959396362305,963846
1999-12-14,19.23134422302246,30.50027084350586,31.50577545166016,30.16510391235352,30.29079246520996,1009494
1999-12-15,19.12568473815918,30.332687377929688,30.79354286193848,30.16510391235352,30.416479110717773,826004
1999-12-16,19.78609085083008,31.38008689880371,31.42198371887207,30.03941535949707,30.374584197998047,771554
1999-12-17,19.65401077270508,31.17060661315918,31.8409423828125,31.003023147583008,31.50577545166016,1868616
1999-12-20,19.389848709106445,30.75164794921875,31.254398345947266,30.66785430908203,31.086814880371094,698456
1999-12-21,19.17851448059082,30.416479110717773,30.79354286193848,30.374584197998047,30.79354286193848,802732
1999-12-22,18.96717834472656,30.08131217956543,30.416479110717773,29.8718318939209,30.416479110717773,654597
1999-12-23,19.0200138092041,30.16510391235352,30.2488956451416,30.08131217956543,30.12320709228516,944005
1999-12-27,18.782276153564453,29.78804016113281,30.2488956451416,29.78804016113281,30.2488956451416,832568
1999-12-28,18.835092544555664,29.8718318939209,30.416479110717773,29.494768142700195,29.494768142700195,1618741
1999-12-29,18.861515045166016,29.91372871398925,30.2488956451416,29.746143341064453,29.955623626708984,400844
1999-12-30,18.96717834472656,30.08131217956543,30.16510391235352,29.91372871398925,30.03941535949707,300596
1999-12-31,19.17851448059082,30.416479110717773,30.50027084350586,29.997520446777344,30.03941535949707,207806
2000-01-03,18.54451560974121,29.41097640991211,30.12320709228516,29.243392944335938,29.997520446777344,730380
2000-01-04,18.20109748840332,28.8663272857666,29.494768142700195,28.78253555297852,29.41097640991211,404275
2000-01-05,18.280345916748047,28.992015838623047,29.285287857055664,28.78253555297852,28.78253555297852,930877
2000-01-06,18.359596252441406,29.11770439147949,29.662351608276367,28.824432373046875,28.824432373046875,993532
2000-01-07,18.861515045166016,29.91372871398925,29.997520446777344,29.033912658691406,29.15959930419922,1742262
2000-01-10,19.257762908935547,30.54216766357422,30.70975112915039,29.997520446777344,29.997520446777344,878366
2000-01-11,19.33702278137207,30.66785430908203,31.21250343322754,30.2488956451416,30.458375930786133,663548
2000-01-12,19.521934509277344,30.96112632751465,31.17060661315918,30.50027084350586,30.66785430908203,418149
2000-01-13,19.31060218811035,30.625959396362305,31.128711700439453,30.625959396362305,30.96112632751465,471555
2000-01-14,19.15210151672364,30.374584197998047,30.79354286193848,30.2488956451416,30.458375930786133,971006
2000-01-18,19.33702278137207,30.66785430908203,30.91923141479492,30.332687377929688,30.458375930786133,1554893
2000-01-19,19.363420486450195,30.70975112915039,31.04491806030273,30.625959396362305,30.75164794921875,1537439
2000-01-20,18.914342880249023,29.997520446777344,31.50577545166016,29.955623626708984,31.17060661315918,1585325
2000-01-21,18.75584983825684,29.746143341064453,30.374584197998047,29.41097640991211,30.332687377929688,830181
2000-01-24,18.3067626953125,29.033912658691406,30.08131217956543,28.74064064025879,29.82993507385254,824065
2000-01-25,18.3067626953125,29.033912658691406,29.285287857055664,28.154096603393555,28.95012092590332,1058425
2000-01-26,18.121841430664062,28.74064064025879,29.243392944335938,28.321680068969727,29.11770439147949,820783
2000-01-27,17.778432846069336,28.19599342346192,28.95012092590332,28.02840805053711,28.90822410583496,615811
2000-01-28,17.3293514251709,27.483760833740234,28.27978515625,27.39996910095215,28.23788833618164,889107
2000-01-31,17.038759231567383,27.022905349731445,27.483760833740234,26.729633331298828,27.483760833740234,1193283
2000-02-01,17.17085075378418,27.232385635375977,27.39996910095215,26.729633331298828,27.022905349731445,749774
2000-02-02,17.1972599029541,27.274280548095703,27.60944938659668,27.10669708251953,27.316177368164062,1002632
2000-02-03,17.1972599029541,27.274280548095703,27.39996910095215,26.93911361694336,27.232385635375977,674438
2000-02-04,17.1972599029541,27.274280548095703,27.651344299316406,26.897216796875,27.190488815307617,2066875
2000-02-07,17.250097274780273,27.35807228088379,27.60944938659668,27.06480026245117,27.316177368164062,1081249
2000-02-08,16.933090209960938,26.85532188415528,27.35807228088379,26.81342506408692,27.35807228088379,1111682
2000-02-09,16.64250946044922,26.394466400146484,27.06480026245117,25.891714096069336,26.93911361694336,1330378
2000-02-10,16.563261032104492,26.26877784729004,26.394466400146484,26.1430892944336,26.394466400146484,653702
2000-02-11,16.246257781982422,25.76602554321289,26.26877784729004,25.47275352478028,26.26877784729004,923120
2000-02-14,16.325510025024414,25.891714096069336,26.394466400146484,25.80792236328125,26.1430892944336,602385
2000-02-15,16.457597732543945,26.101194381713867,26.26877784729004,25.64033889770508,26.01740264892578,884930
2000-02-16,16.457597732543945,26.101194381713867,26.43636131286621,25.724130630493164,26.1430892944336,547934
2000-02-17,16.378347396850586,25.975505828857425,26.226882934570312,25.682233810424805,26.1430892944336,649376
2000-02-18,16.03493309020996,25.430858612060547,25.64033889770508,25.179481506347656,25.47275352478028,803180
2000-02-22,16.27267837524414,25.80792236328125,26.26877784729004,25.47275352478028,25.47275352478028,508253
2000-02-23,16.246257781982422,25.76602554321289,26.26877784729004,25.3051700592041,25.682233810424805,686671
2000-02-24,16.061344146728516,25.47275352478028,25.59844207763672,24.50914764404297,25.59844207763672,940424
2000-02-25,15.739142417907717,24.886211395263672,25.64033889770508,24.55104255676269,25.34706687927246,1045745
2000-02-28,15.81863498687744,25.011898040771484,25.64033889770508,24.886211395263672,25.263273239135746,1071553
2000-02-29,16.348567962646484,25.849817276000977,25.849817276000977,24.173978805541992,24.844314575195312,1175083
2000-03-01,16.216094970703125,25.64033889770508,25.849817276000977,25.09568977355957,25.849817276000977,993085
2000-03-02,16.534048080444336,26.1430892944336,26.52015495300293,25.724130630493164,25.724130630493164,1390199
2000-03-03,17.69991111755371,27.986513137817383,28.23788833618164,26.47825813293457,26.47825813293457,1089156
2000-03-06,17.69991111755371,27.986513137817383,28.321680068969727,27.483760833740234,27.902721405029297,1008748
2000-03-07,17.275959014892578,27.316177368164062,28.44736862182617,26.98100852966309,27.986513137817383,1250120
2000-03-08,17.116981506347656,27.06480026245117,27.274280548095703,26.897216796875,27.274280548095703,952060
2000-03-09,17.540931701660156,27.735137939453125,27.77703285217285,26.562049865722656,27.022905349731445,959967
2000-03-10,17.69991111755371,27.986513137817383,28.69874382019043,27.56755256652832,27.986513137817383,846740
2000-03-13,17.381956100463867,27.483760833740234,27.69324111938477,26.81342506408692,26.81342506408692,805865
2000-03-14,17.090476989746094,27.022905349731445,28.112201690673828,26.98100852966309,27.39996910095215,724413
2000-03-15,17.93838119506836,28.36357688903809,28.90822410583496,26.645841598510746,26.897216796875,774090
2000-03-16,18.786285400390625,29.704248428344727,29.704248428344727,27.77703285217285,28.48926544189453,1375430
2000-03-17,19.02475929260254,30.08131217956543,31.42198371887207,29.8718318939209,30.332687377929688,1208648
2000-03-20,19.369218826293945,30.625959396362305,31.003023147583008,29.45287132263184,30.16510391235352,1276972
2000-03-21,19.634178161621094,31.04491806030273,31.42198371887207,30.374584197998047,30.54216766357422,605816
2000-03-22,19.899158477783203,31.4638786315918,32.678863525390625,31.128711700439453,32.678863525390625,2070157
2000-03-23,19.79315948486328,31.296295166015625,31.715255737304688,30.374584197998047,31.38008689880371,863746
2000-03-24,19.5017032623291,30.83543968200684,31.715255737304688,30.79354286193848,31.296295166015625,887466
2000-03-27,19.528200149536133,30.87733459472656,31.086814880371094,30.50027084350586,30.83543968200684,523320
2000-03-28,19.58119010925293,30.96112632751465,31.88283920288086,30.50027084350586,30.83543968200684,993532
2000-03-29,19.978647232055664,31.58956718444824,31.715255737304688,30.66785430908203,30.87733459472656,703081
2000-03-30,20.32310485839844,32.13421630859375,32.2180061340332,31.33819007873535,31.50577545166016,866581
2000-03-31,20.296613693237305,32.09231948852539,32.343692779541016,31.924734115600582,32.13421630859375,1083785
2000-04-03,20.32310485839844,32.13421630859375,32.25990295410156,31.42198371887207,32.13421630859375,819739
2000-04-04,21.171003341674805,33.47488784790039,33.6005744934082,31.58956718444824,32.13421630859375,1110787
2000-04-05,21.012020111083984,33.2235107421875,33.558677673339844,32.176109313964844,33.558677673339844,1090349
2000-04-06,21.3034896850586,33.684364318847656,33.977638244628906,33.34919738769531,33.39109420776367,582096
2000-04-07,21.223995208740234,33.558677673339844,34.52228546142578,33.2235107421875,33.684364318847656,1711680
2000-04-10,21.62144660949707,34.18711853027344,34.35470199584961,33.2235107421875,33.558677673339844,841071
2000-04-11,22.25737190246582,35.19261932373047,35.65347671508789,34.52228546142578,34.52228546142578,2243801
2000-04-12,22.15138435363769,35.0250358581543,35.52779006958008,34.815555572509766,35.23451614379883,1804768
2000-04-13,22.469356536865234,35.52779006958008,36.449501037597656,34.899349212646484,35.0250358581543,1815061
2000-04-14,21.64794158935547,34.22901153564453,35.19261932373047,33.851951599121094,35.19261932373047,1213273
2000-04-17,21.409481048583984,33.851951599121094,34.68986892700195,33.516780853271484,34.22901153564453,1353501
2000-04-18,21.3034896850586,33.684364318847656,34.019535064697266,33.26540756225586,33.684364318847656,1082592
2000-04-19,21.35647964477539,33.768157958984375,34.647972106933594,33.47488784790039,33.684364318847656,698009
2000-04-20,21.435970306396484,33.89384460449219,33.89384460449219,33.26540756225586,33.516780853271484,505418
2000-04-24,22.469356536865234,35.52779006958008,35.52779006958008,33.726261138916016,33.726261138916016,1272646
2000-04-25,22.81381797790528,36.07243728637695,36.156227111816406,35.56968688964844,35.94675064086914,1368568
2000-04-26,22.469356536865234,35.52779006958008,36.156227111816406,35.52779006958008,36.07243728637695,768421
2000-04-27,21.806928634643555,34.48038864135742,35.402099609375,33.851951599121094,34.857452392578125,1359767
2000-04-28,21.541963577270508,34.061431884765625,34.27090835571289,33.64247131347656,33.89384460449219,917003
2000-05-01,22.469356536865234,35.52779006958008,35.61157989501953,34.14522171020508,34.14522171020508,1130329
2000-05-02,22.1248836517334,34.9831428527832,35.52779006958008,34.52228546142578,35.52779006958008,713225
2000-05-03,21.88641929626465,34.606075286865234,35.19261932373047,34.39659881591797,34.815555572509766,1373342
2000-05-04,22.01889419555664,34.815555572509766,35.360206604003906,34.22901153564453,34.52228546142578,538238
2000-05-05,22.045398712158203,34.857452392578125,35.108829498291016,34.39659881591797,34.857452392578125,550172
2000-05-08,21.93941116333008,34.68986892700195,34.941246032714844,34.31280517578125,34.606075286865234,719938
2000-05-09,21.62144660949707,34.18711853027344,35.19261932373047,33.726261138916016,34.77366256713867,495722
2000-05-10,21.144512176513672,33.43299102783203,34.52228546142578,33.39109420776367,34.18711853027344,405618
2000-05-11,21.435970306396484,33.89384460449219,34.31280517578125,33.43299102783203,33.64247131347656,505269
2000-05-12,21.780420303344727,34.43849182128906,34.647972106933594,33.768157958984375,33.89384460449219,402783
2000-05-15,21.833425521850582,34.52228546142578,34.941246032714844,34.31280517578125,34.43849182128906,761260
2000-05-16,22.23088836669922,35.150726318359375,35.23451614379883,34.52228546142578,34.68986892700195,976526
2000-05-17,22.469356536865234,35.52779006958008,35.65347671508789,34.857452392578125,35.108829498291016,555393
2000-05-18,22.495853424072266,35.56968688964844,35.90485382080078,35.19261932373047,35.360206604003906,463648
2000-05-19,21.62144660949707,34.18711853027344,35.52779006958008,34.18711853027344,35.402099609375,742911
2000-05-22,21.38298225402832,33.810054779052734,34.52228546142578,33.6005744934082,34.52228546142578,406513
2000-05-23,21.091508865356445,33.34919738769531,33.89384460449219,33.09782028198242,33.810054779052734,494379
2000-05-24,21.193506240844727,33.43299102783203,33.64247131347656,32.93023681640625,33.30730056762695,775432
2000-05-25,20.901355743408203,32.97213363647461,33.810054779052734,32.76265335083008,33.516780853271484,569416
2000-05-26,20.58265686035156,32.469383239746094,33.13971710205078,32.343692779541016,32.97213363647461,460217
2000-05-30,21.007587432861328,33.13971710205078,33.26540756225586,32.427486419677734,32.595069885253906,401142
2000-05-31,19.759349822998047,31.17060661315918,33.18161392211914,30.96112632751465,33.13971710205078,1299200
2000-06-01,20.74200820922852,32.72075653076172,32.72075653076172,31.254398345947266,31.254398345947266,1586369
2000-06-02,21.193506240844727,33.43299102783203,33.558677673339844,33.13971710205078,33.18161392211914,912528
2000-06-05,21.0872745513916,33.26540756225586,33.43299102783203,33.05592727661133,33.26540756225586,664891
2000-06-06,21.3794059753418,33.726261138916016,33.726261138916016,33.26540756225586,33.30730056762695,617899
2000-06-07,20.84823989868164,32.88834381103516,33.851951599121094,32.88834381103516,33.64247131347656,1051712
2000-06-08,20.874801635742188,32.93023681640625,33.30730056762695,32.8464469909668,33.01403045654297,412629
2000-06-09,21.14037704467773,33.34919738769531,33.47488784790039,33.01403045654297,33.01403045654297,604175
2000-06-12,20.38347053527832,32.1551628112793,33.18161392211914,32.00852584838867,33.01403045654297,940424
2000-06-13,20.7685661315918,32.76265335083008,32.93023681640625,32.176109313964844,32.25990295410156,576278
2000-06-14,20.66234397888184,32.595069885253906,33.01403045654297,32.30179977416992,32.8464469909668,849873
2000-06-15,20.3967514038086,32.176109313964844,32.636966705322266,32.09231948852539,32.595069885253906,725905
2000-06-16,19.99837875366211,31.547670364379883,31.673358917236328,30.96112632751465,30.96112632751465,1287116
2000-06-19,19.440650939941406,30.66785430908203,31.04491806030273,29.91372871398925,31.003023147583008,1636792
2000-06-20,18.670459747314453,29.45287132263184,30.75164794921875,29.36907958984375,30.75164794921875,2403870
2000-06-21,19.148509979248047,30.207000732421875,30.584062576293945,29.45287132263184,29.45287132263184,1441367
2000-06-22,19.25474166870117,30.374584197998047,30.584062576293945,29.955623626708984,30.03941535949707,669217
2000-06-23,18.643909454345703,29.41097640991211,30.50027084350586,29.327184677124023,30.29079246520996,583141
2000-06-26,18.53767204284668,29.243392944335938,30.16510391235352,29.243392944335938,29.41097640991211,998306
2000-06-27,18.3252010345459,28.90822410583496,29.78804016113281,28.824432373046875,29.41097640991211,664443
2000-06-28,18.65718078613281,29.43192481994629,29.704248428344727,28.656848907470703,28.992015838623047,666084
2000-06-29,17.44877815246582,27.5256576538086,29.285287857055664,27.39996910095215,29.15959930419922,1366927
2000-06-30,17.236316680908203,27.190488815307617,28.112201690673828,26.98100852966309,28.02840805053711,1762848
2000-07-03,17.9002742767334,28.23788833618164,28.405473709106445,27.274280548095703,27.274280548095703,366085
2000-07-05,17.581571578979492,27.735137939453125,29.033912658691406,27.651344299316406,28.824432373046875,886123
2000-07-06,17.873708724975586,28.19599342346192,28.44736862182617,27.56755256652832,27.735137939453125,839132
2000-07-07,18.484548568725582,29.15959930419922,29.82993507385254,28.19599342346192,28.19599342346192,1001886
2000-07-10,18.53767204284668,29.243392944335938,29.8718318939209,28.992015838623047,29.15959930419922,702036
2000-07-11,18.617340087890625,29.36907958984375,29.494768142700195,28.90822410583496,29.243392944335938,475284
2000-07-12,19.01572036743164,29.997520446777344,30.08131217956543,29.285287857055664,29.285287857055664,851066
2000-07-13,19.493762969970703,30.75164794921875,30.96112632751465,29.82993507385254,29.82993507385254,777670
2000-07-14,19.9187068939209,31.42198371887207,31.50577545166016,30.584062576293945,31.086814880371094,826899
2000-07-17,19.5468807220459,30.83543968200684,31.673358917236328,30.416479110717773,31.50577545166016,805119
2000-07-18,19.89214324951172,31.38008689880371,31.4638786315918,30.83543968200684,31.33819007873535,1553699
2000-07-19,19.493762969970703,30.75164794921875,31.4638786315918,30.66785430908203,31.254398345947266,612231
2000-07-20,19.94527244567871,31.4638786315918,31.50577545166016,30.332687377929688,30.75164794921875,757978
2000-07-21,19.78591537475586,31.21250343322754,31.63146209716797,30.66785430908203,31.58956718444824,472748
2000-07-24,20.078044891357425,31.673358917236328,32.00852584838867,31.128711700439453,31.128711700439453,758277
2000-07-25,20.184276580810547,31.8409423828125,31.88283920288086,30.87733459472656,31.8409423828125,524513
2000-07-26,19.759349822998047,31.17060661315918,31.75715065002441,31.086814880371094,31.715255737304688,670112
2000-07-27,20.024938583374023,31.58956718444824,32.13421630859375,30.83543968200684,31.21250343322754,956536
2000-07-28,19.600004196166992,30.91923141479492,31.63146209716797,30.75164794921875,31.547670364379883,911782
2000-07-31,19.46721076965332,30.70975112915039,30.96112632751465,30.66785430908203,30.91923141479492,711136
2000-08-01,19.520322799682617,30.79354286193848,31.003023147583008,30.584062576293945,30.79354286193848,698307
2000-08-02,19.5468807220459,30.83543968200684,31.003023147583008,30.66785430908203,30.66785430908203,627149
2000-08-03,19.1750602722168,30.2488956451416,30.96112632751465,29.91372871398925,30.96112632751465,743657
2000-08-04,19.1219482421875,30.16510391235352,30.2488956451416,29.8718318939209,30.16510391235352,444703
2000-08-07,19.46721076965332,30.70975112915039,30.91923141479492,29.82993507385254,29.8718318939209,837193
2000-08-08,20.05149269104004,31.63146209716797,31.924734115600582,30.66785430908203,30.70975112915039,701589
2000-08-09,19.70623588562012,31.086814880371094,31.75715065002441,30.87733459472656,31.50577545166016,371903
2000-08-10,19.83902359008789,31.296295166015625,31.715255737304688,30.91923141479492,31.17060661315918,228244
2000-08-11,20.423303604125977,32.2180061340332,32.469383239746094,31.254398345947266,31.254398345947266,510789
2000-08-14,20.55609893798828,32.427486419677734,32.469383239746094,31.966630935668945,32.13421630859375,335056
2000-08-15,20.423303604125977,32.2180061340332,32.55317306518555,32.05042266845703,32.51127624511719,308055
2000-08-16,20.423303604125977,32.2180061340332,32.55317306518555,32.09231948852539,32.2180061340332,421878
2000-08-17,20.715444564819336,32.678863525390625,32.80455017089844,32.343692779541016,32.343692779541016,277771
2000-08-18,20.688894271850582,32.636966705322266,32.76265335083008,32.36464309692383,32.678863525390625,282396
2000-08-21,20.5295352935791,32.385589599609375,32.678863525390625,32.385589599609375,32.55317306518555,546443
2000-08-22,20.3967514038086,32.176109313964844,32.51127624511719,32.13421630859375,32.469383239746094,445747
2000-08-23,20.184276580810547,31.8409423828125,32.427486419677734,31.715255737304688,32.2180061340332,523171
2000-08-24,20.5295352935791,32.385589599609375,32.636966705322266,31.673358917236328,31.75715065002441,395921
2000-08-25,20.79511833190918,32.80455017089844,32.88834381103516,32.343692779541016,32.469383239746094,771405
2000-08-28,20.92791557312012,33.01403045654297,33.09782028198242,32.72075653076172,32.8464469909668,451714
2000-08-29,21.380556106567383,33.64247131347656,33.851951599121094,32.76265335083008,32.8464469909668,670858
2000-08-30,21.034423828125,33.09782028198242,33.684364318847656,32.76265335083008,33.516780853271484,600147
2000-08-31,20.82806968688965,32.773128509521484,33.18161392211914,32.72075653076172,33.18161392211914,664294
2000-09-01,20.58177375793457,32.385589599609375,33.2235107421875,32.385589599609375,32.8464469909668,704423
2000-09-05,20.741539001464844,32.636966705322266,32.80455017089844,32.385589599609375,32.385589599609375,339979
2000-09-06,21.11430549621582,33.2235107421875,33.34919738769531,32.636966705322266,32.72075653076172,346841
2000-09-07,20.90129280090332,32.88834381103516,33.18161392211914,32.76265335083008,33.09782028198242,411436
2000-09-08,20.874662399291992,32.8464469909668,32.97213363647461,32.427486419677734,32.93023681640625,604324
2000-09-11,21.14093017578125,33.26540756225586,33.26540756225586,32.595069885253906,32.8464469909668,521530
2000-09-12,21.327299118041992,33.558677673339844,33.977638244628906,32.95118713378906,33.26540756225586,891643
2000-09-13,21.83319091796875,34.35470199584961,34.56418228149414,33.726261138916016,33.851951599121094,739331
2000-09-14,21.85982131958008,34.39659881591797,34.39659881591797,33.977638244628906,34.22901153564453,342664
2000-09-15,21.16754531860352,33.30730056762695,34.56418228149414,33.26540756225586,34.56418228149414,1440920
2000-09-18,20.42202377319336,32.13421630859375,33.26540756225586,32.09231948852539,33.13971710205078,982791
2000-09-19,20.02264213562012,31.50577545166016,32.13421630859375,30.79354286193848,32.13421630859375,1885324
2000-09-20,19.78299903869629,31.128711700439453,31.50577545166016,30.79354286193848,31.50577545166016,814219
2000-09-21,19.543365478515625,30.75164794921875,31.128711700439453,30.50027084350586,31.128711700439453,604175
2000-09-22,19.41023826599121,30.54216766357422,30.75164794921875,30.03941535949707,30.75164794921875,635801
2000-09-25,20.07589530944824,31.58956718444824,32.30179977416992,30.54216766357422,30.54216766357422,669217
2000-09-26,19.88950729370117,31.296295166015625,32.09231948852539,31.128711700439453,31.75715065002441,615960
2000-09-27,20.07589530944824,31.58956718444824,31.924734115600582,30.96112632751465,31.17060661315918,943856
2000-09-28,20.90129280090332,32.88834381103516,33.09782028198242,31.63146209716797,31.715255737304688,943110
2000-09-29,19.996017456054688,31.4638786315918,33.05592727661133,31.38008689880371,32.76265335083008,1069166
2000-10-02,19.88950729370117,31.296295166015625,31.63146209716797,31.17060661315918,31.63146209716797,565239
2000-10-03,20.102516174316406,31.63146209716797,31.8409423828125,31.128711700439453,31.33819007873535,1054099
2000-10-04,19.569992065429688,30.79354286193848,31.296295166015625,30.75164794921875,31.254398345947266,1056784
2000-10-05,19.037477493286133,29.955623626708984,30.96112632751465,29.955623626708984,30.79354286193848,1090946
2000-10-06,18.185443878173828,28.614952087402344,30.03941535949707,28.23788833618164,29.997520446777344,2122966
2000-10-09,18.55821990966797,29.20149612426757,29.494768142700195,28.614952087402344,28.78253555297852,570610
2000-10-10,18.07895278930664,28.44736862182617,29.285287857055664,27.944616317749023,29.285287857055664,815114
2000-10-11,18.21208381652832,28.656848907470703,29.075807571411133,28.154096603393555,28.48926544189453,895223
2000-10-12,17.59967613220215,27.69324111938477,29.033912658691406,27.56755256652832,28.992015838623047,723518
2000-10-13,18.451705932617188,29.033912658691406,29.662351608276367,27.81892967224121,27.860824584960938,1275630
2000-10-16,18.318584442138672,28.824432373046875,29.62045669555664,28.53116035461425,29.494768142700195,655045
2000-10-17,15.336490631103516,24.132083892822266,28.74064064025879,22.87520408630371,28.656848907470703,7168051
2000-10-18,15.922260284423828,25.053794860839844,25.221378326416016,24.29966735839844,24.29966735839844,3137234
2000-10-19,16.02875518798828,25.221378326416016,25.47275352478028,25.053794860839844,25.3051700592041,1354694
2000-10-20,15.762500762939451,24.802419662475582,25.13758659362793,24.173978805541992,24.886211395263672,1203278
2000-10-23,16.05537986755371,25.263273239135746,25.975505828857425,24.63483428955078,24.886211395263672,1448677
2000-10-24,16.26839256286621,25.59844207763672,25.76602554321289,25.179481506347656,25.3051700592041,1097212
2000-10-25,16.05537986755371,25.263273239135746,25.51465034484864,24.802419662475582,25.51465034484864,555990
2000-10-26,16.428146362304688,25.849817276000977,26.01740264892578,25.3051700592041,25.34706687927246,862404
2000-10-27,16.9872989654541,26.729633331298828,26.98100852966309,25.388961791992188,25.76602554321289,1058425
2000-10-30,17.439931869506836,27.441865921020508,28.154096603393555,26.645841598510746,26.81342506408692,1231920
2000-10-31,18.07895278930664,28.44736862182617,28.48926544189453,27.483760833740234,27.60944938659668,823766
2000-11-01,18.21208381652832,28.656848907470703,29.243392944335938,28.23788833618164,29.243392944335938,715462
2000-11-02,18.42509078979492,28.992015838623047,29.11770439147949,28.656848907470703,28.656848907470703,774090
2000-11-03,18.3718318939209,28.90822410583496,29.53666305541992,28.44736862182617,29.15959930419922,872399
2000-11-06,18.3718318939209,28.90822410583496,28.992015838623047,28.69874382019043,28.90822410583496,351466
2000-11-07,18.345203399658203,28.8663272857666,28.95012092590332,28.573057174682617,28.90822410583496,507656
2000-11-08,18.318584442138672,28.824432373046875,28.95012092590332,28.53116035461425,28.90822410583496,672051
2000-11-09,18.185443878173828,28.614952087402344,28.78253555297852,28.07030487060547,28.69874382019043,752459
2000-11-10,17.573060989379883,27.651344299316406,28.48926544189453,27.483760833740234,28.48926544189453,492440
2000-11-13,17.493175506591797,27.5256576538086,27.69324111938477,27.316177368164062,27.39996910095215,923866
2000-11-14,17.439931869506836,27.441865921020508,27.81892967224121,26.93911361694336,27.77703285217285,1946338
2000-11-15,18.02570343017578,28.36357688903809,29.075807571411133,27.35807228088379,27.35807228088379,1007406
2000-11-16,18.15882873535156,28.573057174682617,28.95012092590332,28.321680068969727,28.74064064025879,763647
2000-11-17,18.21208381652832,28.656848907470703,29.36907958984375,28.44736862182617,28.74064064025879,753354
2000-11-20,18.10556983947754,28.48926544189453,28.90822410583496,28.321680068969727,28.78253555297852,1127346
2000-11-21,18.291948318481445,28.78253555297852,29.285287857055664,28.405473709106445,28.573057174682617,862255
2000-11-22,18.21208381652832,28.656848907470703,29.15959930419922,28.614952087402344,28.90822410583496,405618
2000-11-24,18.85110282897949,29.662351608276367,29.78804016113281,29.45287132263184,29.662351608276367,265240
2000-11-27,18.63809394836425,29.327184677124023,29.955623626708984,29.033912658691406,29.57855987548828,663548
2000-11-28,18.264265060424805,28.656848907470703,29.45287132263184,28.405473709106445,29.45287132263184,788560
2000-11-29,18.3443660736084,28.78253555297852,29.075807571411133,28.614952087402344,28.824432373046875,713225
2000-11-30,17.489904403686523,27.441865921020508,28.78253555297852,26.93911361694336,28.78253555297852,1684977
2000-12-01,17.35638427734375,27.232385635375977,27.483760833740234,27.022905349731445,27.39996910095215,1656036
2000-12-04,17.70351219177246,27.77703285217285,28.07030487060547,27.06480026245117,27.232385635375977,1231920
2000-12-05,18.21086502075196,28.573057174682617,28.614952087402344,27.902721405029297,27.986513137817383,1045745
2000-12-06,17.810321807861328,27.944616317749023,28.614952087402344,27.902721405029297,28.405473709106445,986819
2000-12-07,17.4097957611084,27.316177368164062,28.112201690673828,27.14859390258789,28.112201690673828,637889
2000-12-08,17.329681396484375,27.190488815307617,27.651344299316406,27.06480026245117,27.35807228088379,953701
2000-12-11,17.249584197998047,27.06480026245117,27.316177368164062,26.394466400146484,27.316177368164062,1581894
2000-12-12,17.5166072845459,27.483760833740234,28.112201690673828,27.10669708251953,27.190488815307617,845547
2000-12-13,17.676820755004883,27.735137939453125,28.824432373046875,27.39996910095215,27.39996910095215,1807005
2000-12-14,17.56999397277832,27.56755256652832,29.746143341064453,27.39996910095215,27.651344299316406,1395420
2000-12-15,16.929153442382812,26.562049865722656,27.274280548095703,26.3106746673584,27.232385635375977,1334108
2000-12-18,17.089366912841797,26.81342506408692,26.81342506408692,26.226882934570312,26.645841598510746,725905
2000-12-19,16.715547561645508,26.226882934570312,26.771530151367188,26.18498611450196,26.729633331298828,720833
2000-12-20,15.754255294799805,24.7186279296875,26.18498611450196,24.132083892822266,26.1430892944336,2008397
2000-12-21,15.887778282165527,24.9281063079834,25.55654525756836,24.63483428955078,24.886211395263672,1096316
2000-12-22,16.341712951660156,25.64033889770508,26.352569580078125,24.844314575195312,24.970001220703125,1021727
2000-12-26,16.501916885375977,25.891714096069336,26.01740264892578,25.47275352478028,25.93361091613769,634309
2000-12-27,16.822343826293945,26.394466400146484,26.43636131286621,25.76602554321289,25.849817276000977,938933
2000-12-28,16.635435104370117,26.101194381713867,26.394466400146484,25.388961791992188,26.394466400146484,1600243
2000-12-29,17.329681396484375,27.190488815307617,27.274280548095703,26.26877784729004,26.352569580078125,1860710
2001-01-02,16.501916885375977,25.891714096069336,27.190488815307617,25.55654525756836,27.190488815307617,725607
2001-01-03,17.730215072631836,27.81892967224121,27.986513137817383,25.55654525756836,26.1430892944336,1635599
2001-01-04,17.783626556396484,27.902721405029297,28.48926544189453,27.39996910095215,27.69324111938477,904174
2001-01-05,17.302988052368164,27.14859390258789,28.154096603393555,26.562049865722656,27.986513137817383,1262651
2001-01-08,17.38307762145996,27.274280548095703,27.77703285217285,26.897216796875,27.39996910095215,1173740
2001-01-09,16.929153442382812,26.562049865722656,27.60944938659668,26.47825813293457,27.232385635375977,1141219
2001-01-10,16.982566833496094,26.645841598510746,26.771530151367188,26.1430892944336,26.562049865722656,886123
2001-01-11,17.06266975402832,26.771530151367188,27.10669708251953,25.975505828857425,27.022905349731445,1008599
2001-01-12,17.436494827270508,27.35807228088379,27.483760833740234,26.771530151367188,27.274280548095703,950270
2001-01-16,17.943836212158203,28.154096603393555,28.154096603393555,26.771530151367188,27.39996910095215,1030379
2001-01-17,17.863733291625977,28.02840805053711,28.405473709106445,27.735137939453125,28.154096603393555,1258027
2001-01-18,17.943836212158203,28.154096603393555,28.19599342346192,27.651344299316406,28.02840805053711,1197161
2001-01-19,18.07735252380371,28.36357688903809,28.48926544189453,27.860824584960938,28.23788833618164,889405
2001-01-22,17.54330825805664,27.5256576538086,28.27978515625,27.35807228088379,28.23788833618164,1673341
2001-01-23,17.436494827270508,27.35807228088379,27.39996910095215,24.55104255676269,24.55104255676269,4167315
2001-01-24,17.5166072845459,27.483760833740234,27.735137939453125,27.35807228088379,27.5256576538086,1220135
2001-01-25,17.302988052368164,27.14859390258789,27.441865921020508,26.771530151367188,27.06480026245117,1376176
2001-01-26,17.089366912841797,26.81342506408692,27.14859390258789,26.394466400146484,27.10669708251953,858078
2001-01-29,17.13209342956543,26.88045883178711,27.06144905090332,26.558698654174805,26.81342506408692,724861
2001-01-30,17.619138717651367,27.644641876220703,27.69826889038086,26.679357528686523,26.88716125488281,1700193
2001-01-31,17.687496185302734,27.751895904541016,28.48926544189453,27.483760833740234,27.812225341796875,890599
2001-02-01,17.619138717651367,27.644641876220703,27.966402053833008,27.41672706604004,27.651344299316406,564643
2001-02-02,17.422605514526367,27.336286544799805,28.154096603393555,27.21562767028809,27.725082397460938,492738
2001-02-05,17.6746768951416,27.73178482055664,27.82563209533692,27.483760833740234,27.483760833740234,782891
2001-02-06,17.563596725463867,27.55749893188477,27.751895904541016,27.490463256835938,27.7183780670166,1080503
2001-02-07,17.5166072845459,27.483760833740234,27.604421615600582,27.41672706604004,27.58431053161621,1539229
2001-02-08,17.5507869720459,27.53738784790039,27.7183780670166,27.47705841064453,27.55079460144043,1098405
2001-02-09,17.260250091552734,27.08156013488769,27.70497131347656,27.08156013488769,27.70497131347656,989952
2001-02-12,17.345712661743164,27.21562767028809,27.450244903564453,26.840238571166992,26.913976669311523,1808348
2001-02-13,17.512327194213867,27.47705841064453,27.617828369140625,27.28265953063965,27.38321113586425,981299
2001-02-14,17.32007598876953,27.17540740966797,27.450244903564453,27.11507606506348,27.316177368164062,947287
2001-02-15,17.713123321533203,27.792116165161133,27.95299530029297,27.17540740966797,27.17540740966797,828242
2001-02-16,17.49097442626953,27.44354057312012,27.87925910949707,27.14859390258789,27.7854118347168,1372148
2001-02-20,17.4311580657959,27.349693298339844,28.020029067993164,27.28265953063965,27.41672706604004,1088112
2001-02-21,17.22180938720703,27.02123069763184,27.68486213684082,26.987712860107425,27.68486213684082,913274
2001-02-22,16.922744750976562,26.55199432373047,27.38321113586425,26.18330955505371,27.21562767028809,976078
2001-02-23,16.56814193725586,25.9956169128418,26.397817611694336,25.47275352478028,26.1430892944336,1094526
2001-02-26,16.853174209594727,26.35759735107422,26.61232566833496,25.84143829345703,25.84143829345703,781996
2001-02-27,16.6945858001709,26.10957336425781,26.900569915771484,25.975505828857425,26.81342506408692,585528
2001-02-28,16.44169807434082,25.714075088500977,26.20342063903809,25.372203826904297,26.176607131958008,727397
2001-03-01,16.41598892211914,25.67385482788086,25.84143829345703,25.043739318847656,25.606821060180664,1261905
2001-03-02,16.968900680541992,26.53858757019043,26.81342506408692,25.47275352478028,25.67385482788086,1496265
2001-03-05,16.99032974243164,26.572105407714844,26.779909133911133,25.74088859558105,25.74088859558105,1245645
2001-03-06,17.311790466308594,27.07485580444336,27.46365165710449,27.02793312072754,27.08156013488769,840027
2001-03-07,17.560392379760742,27.46365165710449,28.154096603393555,27.14859390258789,27.483760833740234,1559070
2001-03-08,17.55181312561035,27.450244903564453,27.644641876220703,27.249143600463867,27.470354080200195,1047833
2001-03-09,17.187488555908203,26.88045883178711,27.617828369140625,26.74639129638672,27.617828369140625,829584
2001-03-12,16.68172264099121,26.08946228027344,26.994415283203125,26.06935310363769,26.88045883178711,1043060
2001-03-13,16.497419357299805,25.801219940185547,26.21012306213379,25.392314910888672,26.1430892944336,870161
2001-03-14,16.038793563842773,25.083959579467773,25.834735870361328,24.835935592651367,25.801219940185547,858824
2001-03-15,16.04737091064453,25.09736633300781,25.40572166442871,25.010223388671875,25.204620361328125,969514
2001-03-16,15.661613464355469,24.494064331054688,25.13758659362793,24.433734893798828,24.701868057250977,1470756
2001-03-19,15.858782768249512,24.802419662475582,24.909671783447266,24.433734893798828,24.500768661499023,963100
2001-03-20,15.648767471313477,24.473953247070312,24.936485290527344,24.42703056335449,24.936485290527344,1595768
2001-03-21,15.112988471984863,23.636035919189453,24.500768661499023,23.52878189086914,24.36669921875,1060215
2001-03-22,14.83438777923584,23.200315475463867,23.830432891845703,22.664047241210938,23.803617477416992,1551462
2001-03-23,15.451594352722168,24.165599822998047,24.3532943725586,23.870651245117188,23.96449851989746,1339329
2001-03-26,16.068805694580078,25.1308822631836,25.13758659362793,24.09856605529785,24.145490646362305,1358424
2001-03-27,16.210250854492188,25.352094650268555,25.40572166442871,24.802419662475582,25.00351905822754,1656036
2001-03-28,15.64447784423828,24.46725082397461,25.34539031982422,24.39351463317871,25.07055282592773,985626
2001-03-29,15.318727493286133,23.95779609680176,24.554393768310547,23.696365356445312,24.23263359069824,929087
2001-03-30,15.36158561706543,24.02482986450196,24.46725082397461,23.56229782104492,24.12537956237793,1407653
2001-04-02,15.280149459838867,23.897464752197266,24.433734893798828,23.71647453308105,24.36669921875,1422869
2001-04-03,14.851534843444824,23.22713088989257,23.763397216796875,23.03273200988769,23.763397216796875,1517300
2001-04-04,15.297289848327637,23.924278259277344,24.09856605529785,22.389209747314453,22.791412353515625,2489052
2001-04-05,15.828781127929688,24.755495071411133,24.970001220703125,24.40021705627441,24.433734893798828,927147
2001-04-06,15.464458465576172,24.185710906982425,24.755495071411133,23.863948822021484,24.755495071411133,970409
2001-04-09,15.5287446975708,24.2862606048584,24.51417350769043,24.132083892822266,24.33318328857422,1179558
2001-04-10,15.867351531982422,24.815824508666992,25.03703689575196,24.252742767333984,24.46725082397461,1153154
2001-04-11,15.413022994995115,24.105270385742188,25.10407066345215,23.830432891845703,24.970001220703125,1829979
2001-04-12,15.524462699890137,24.279556274414062,24.46054649353028,23.6628475189209,24.105270385742188,1009047
2001-04-16,15.451594352722168,24.165599822998047,24.6750545501709,23.89076232910156,24.447141647338867,1224610
2001-04-17,15.23300838470459,23.823728561401367,24.105270385742188,23.42823028564453,23.461746215820312,1447633
2001-04-18,16.60028839111328,25.962099075317383,26.21012306213379,24.031532287597656,24.09186363220215,2640767
2001-04-19,17.063194274902344,26.68606185913086,26.71957778930664,25.85484504699707,26.3106746673584,1364540
2001-04-20,16.71173095703125,26.13638687133789,26.47825813293457,25.975505828857425,26.3106746673584,1025158
2001-04-23,16.40312385559082,25.65374565124512,26.41122436523437,25.53308486938477,26.41122436523437,720385
2001-04-24,16.24024772644043,25.39901733398437,25.64033889770508,25.27165412902832,25.606821060180664,897312
2001-04-25,16.085952758789062,25.157695770263672,25.34539031982422,24.63483428955078,25.33868789672852,1716752
2001-04-26,16.33026123046875,25.53978729248047,25.91517639160156,25.11077308654785,25.325279235839844,1166281
2001-04-27,16.651721954345703,26.042539596557617,26.14979362487793,25.53978729248047,25.64704132080078,1163895
2001-04-30,16.74601936340332,26.190013885498047,26.41122436523437,26.00902366638184,26.00902366638184,611037
2001-05-01,17.024612426757812,26.625732421875,26.846942901611328,25.74088859558105,26.0760555267334,1105118
2001-05-02,17.05033302307129,26.66595268249512,26.74639129638672,26.34419059753418,26.625732421875,754547
2001-05-03,16.287403106689453,25.47275352478028,26.51177406311035,25.2984676361084,26.51177406311035,1248927
2001-05-04,16.40312385559082,25.65374565124512,25.801219940185547,25.204620361328125,25.506271362304688,843607
2001-05-07,16.355979919433594,25.580007553100582,25.874956130981445,25.506271362304688,25.67385482788086,397264
2001-05-08,16.19310188293457,25.325279235839844,25.64033889770508,25.13758659362793,25.47275352478028,742315
2001-05-09,16.094520568847656,25.17110252380371,25.41912651062012,24.936485290527344,25.325279235839844,513176
2001-05-10,16.24024772644043,25.39901733398437,25.606821060180664,25.17110252380371,25.17110252380371,1392735
2001-05-11,16.171676635742188,25.291763305664062,25.573305130004883,25.03703689575196,25.39901733398437,759023
2001-05-14,16.180240631103516,25.3051700592041,25.40572166442871,25.03703689575196,25.291763305664062,441719
2001-05-15,16.265962600708008,25.43923759460449,25.47275352478028,25.15099334716797,25.204620361328125,514518
2001-05-16,16.74601936340332,26.190013885498047,26.364301681518555,25.13758659362793,25.506271362304688,1204322
2001-05-17,17.114622116088867,26.766502380371094,26.96760368347168,26.324079513549805,26.35759735107422,1055591
2001-05-18,17.607545852661133,27.53738784790039,27.55749893188477,26.86705207824707,26.88045883178711,1301587
2001-05-21,18.031862258911133,28.20101928710937,28.20101928710937,27.38321113586425,27.617828369140625,1074835
2001-05-22,18.400480270385746,28.77750968933105,28.92498207092285,27.90607261657715,28.120580673217773,1548776
2001-05-23,18.38761138916016,28.75739860534668,28.958499908447266,28.47585868835449,28.656848907470703,1600392
2001-05-24,18.5676383972168,29.0389404296875,29.15959930419922,28.48926544189453,28.656848907470703,1330229
2001-05-25,18.52477264404297,28.971906661987305,29.19311714172364,28.7238826751709,28.89146614074707,1057082
2001-05-29,18.22601890563965,28.422231674194336,29.018829345703125,28.36860466003418,28.92498207092285,1048430
2001-05-30,18.028291702270508,28.11387634277344,28.616628646850582,27.81892967224121,28.522781372070312,949524
2001-05-31,18.221723556518555,28.41552734375,28.62333106994629,28.05354690551757,28.11387634277344,677571
2001-06-01,17.97671127319336,28.033435821533203,28.25464630126953,27.483760833740234,28.25464630126953,931026
2001-06-04,18.21742057800293,28.408824920654297,28.482561111450195,27.966402053833008,28.18761444091797,807357
2001-06-05,18.52692222595215,28.89146614074707,29.15959930419922,28.321680068969727,28.321680068969727,737690
2001-06-06,18.131460189819336,28.274757385253903,28.824432373046875,28.05354690551757,28.824432373046875,858674
2001-06-07,18.054079055786133,28.154096603393555,28.408824920654297,27.986513137817383,28.38871383666992,1396315
2001-06-08,17.864938735961914,27.859149932861328,27.946292877197266,27.725082397460938,27.852445602416992,630729
2001-06-11,17.611328125,27.46365165710449,27.81892967224121,27.21562767028809,27.751895904541016,721877
2001-06-12,17.508159637451172,27.302770614624023,27.46365165710449,26.98100852966309,27.46365165710449,662206
2001-06-13,17.357702255249023,27.068153381347656,27.51727867126465,27.068153381347656,27.302770614624023,682643
2001-06-14,17.21584701538086,26.846942901611328,27.04804229736328,26.73298454284668,26.81342506408692,824363
2001-06-15,17.516756057739258,27.316177368164062,27.483760833740234,26.83353614807129,26.846942901611328,1347981
2001-06-18,17.413589477539062,27.1552963256836,27.81892967224121,27.08156013488769,27.316177368164062,774388
2001-06-19,17.1900634765625,26.80672264099121,27.26925468444824,26.739688873291016,27.182109832763672,1674087
2001-06-20,16.910661697387695,26.37100410461425,26.88045883178711,26.21012306213379,26.80672264099121,1137042
2001-06-21,16.949338912963867,26.43133354187012,26.52518081665039,26.06935310363769,26.41122436523437,1300841
2001-06-22,16.614049911499023,25.908472061157227,26.43133354187012,25.874956130981445,26.43133354187012,806462
2001-06-25,16.558164596557617,25.82132911682129,26.10957336425781,25.80792236328125,25.80792236328125,939679
2001-06-26,16.287355422973633,25.39901733398437,25.606821060180664,25.07055282592773,25.33868789672852,1531770
2001-06-27,15.977859497070312,24.9163761138916,25.204620361328125,24.63483428955078,24.63483428955078,1398255
2001-06-28,15.999351501464844,24.949892044067383,25.33868789672852,24.9163761138916,24.9163761138916,1120633
2001-06-29,16.184188842773438,25.238136291503903,25.47275352478028,24.949892044067383,24.9834098815918,1467026
2001-07-02,16.631248474121094,25.935285568237305,26.0760555267334,25.204620361328125,25.3051700592041,1084979
2001-07-03,16.532373428344727,25.78110885620117,25.975505828857425,25.693965911865234,25.77440452575684,537939
2001-07-05,16.489389419555664,25.714075088500977,25.94198989868164,25.486160278320312,25.84143829345703,1007257
2001-07-06,16.042335510253906,25.01692581176757,25.67385482788086,25.01692581176757,25.67385482788086,1060364
2001-07-09,16.124013900756836,25.144290924072266,25.352094650268555,24.86945152282715,24.86945152282715,1333809
2001-07-10,16.08531379699707,25.083959579467773,25.445941925048828,25.030332565307617,25.204620361328125,764095
2001-07-11,15.900494575500488,24.79571533203125,25.05714607238769,24.266149520874023,25.03703689575196,642961
2001-07-12,16.162702560424805,25.204620361328125,25.34539031982422,24.79571533203125,24.79571533203125,1014119
2001-07-13,16.029438018798828,24.99681663513184,25.27165412902832,24.85604476928711,25.211322784423828,797213
2001-07-16,15.556597709655762,24.25944709777832,25.12417984008789,24.23263359069824,24.99681663513184,714866
2001-07-17,15.474936485290527,24.132083892822266,24.433734893798828,23.52878189086914,23.924278259277344,2844545
2001-07-18,15.260004043579102,23.79691505432129,24.00471878051757,23.595813751220703,23.998016357421875,2153548
2001-07-19,15.4534273147583,24.09856605529785,24.23263359069824,23.96449851989746,23.96449851989746,711435
2001-07-20,15.46632194519043,24.1186752319336,24.225929260253903,23.93098258972168,24.199115753173828,649376
2001-07-23,15.492125511169434,24.15889549255371,24.36669921875,23.863948822021484,24.01142311096192,657432
2001-07-24,15.268597602844238,23.810321807861328,24.212522506713867,23.689661026000977,24.145490646362305,895671
2001-07-25,15.195516586303713,23.696365356445312,23.763397216796875,23.39471435546875,23.595813751220703,856884
2001-07-26,15.21271514892578,23.72317886352539,23.78350830078125,23.46845054626465,23.56229782104492,912677
2001-07-27,15.195516586303713,23.696365356445312,23.830432891845703,23.44163703918457,23.72317886352539,547934
2001-07-30,15.204107284545898,23.70977020263672,23.763397216796875,23.475154876708984,23.595813751220703,429636
2001-07-31,15.53940773010254,24.23263359069824,24.534284591674805,23.830432891845703,23.830432891845703,682643
2001-08-01,15.397552490234377,24.01142311096192,24.64153861999512,23.96449851989746,24.33318328857422,917302
2001-08-02,15.535093307495115,24.225929260253903,24.31977653503418,24.06504821777344,24.11197280883789,528094
2001-08-03,15.732851028442385,24.534284591674805,24.608020782470703,24.09856605529785,24.165599822998047,860017
2001-08-06,15.681260108947754,24.45384407043457,24.73538589477539,24.32648086547852,24.701868057250977,992190
2001-08-07,15.84030055999756,24.701868057250977,24.90296936035156,24.44043731689453,24.66835021972656,955342
2001-08-08,15.7543306350708,24.567800521850582,24.79571533203125,24.534284591674805,24.73538589477539,897759
2001-08-09,15.870393753051758,24.74879264831543,24.86945152282715,24.554393768310547,24.567800521850582,832717
2001-08-10,16.3475399017334,25.49286460876465,25.874956130981445,24.822528839111328,24.835935592651367,1214317
2001-08-13,16.15410041809082,25.19121360778809,25.43253326416016,25.09066390991211,25.204620361328125,760067
2001-08-14,15.909085273742676,24.80912208557129,25.17110252380371,24.46725082397461,25.13758659362793,806014
2001-08-15,15.750033378601074,24.561098098754883,24.949892044067383,24.561098098754883,24.936485290527344,811832
2001-08-16,15.904784202575684,24.802419662475582,24.909671783447266,24.487361907958984,24.701868057250977,916705
2001-08-17,15.556597709655762,24.25944709777832,24.73538589477539,24.205820083618164,24.73538589477539,484832
2001-08-20,15.681260108947754,24.45384407043457,24.46054649353028,24.05834579467773,24.199115753173828,773642
2001-08-21,15.77582836151123,24.601318359375,25.238136291503903,24.48065757751465,24.500768661499023,886272
2001-08-22,15.96926212310791,24.90296936035156,24.923078536987305,24.62813186645508,24.63483428955078,790350
2001-08-23,15.88758659362793,24.775604248046875,24.970001220703125,24.63483428955078,24.90296936035156,654150
2001-08-24,16.08531379699707,25.083959579467773,25.211322784423828,24.742088317871094,24.74879264831543,724861
2001-08-27,16.14120101928711,25.17110252380371,25.31187438964844,24.970001220703125,25.17110252380371,498855
2001-08-28,16.059532165527344,25.043739318847656,25.40572166442871,24.99681663513184,25.177806854248047,829734
2001-08-29,15.742443084716797,24.46054649353028,25.03703689575196,24.433734893798828,24.936485290527344,1677816
2001-08-30,15.617321014404297,24.266149520874023,24.58791160583496,24.09856605529785,24.46725082397461,1635748
2001-08-31,15.496532440185549,24.07845687866211,24.29966735839844,24.031532287597656,24.266149520874023,754697
2001-09-04,15.194536209106444,23.609220504760746,24.07845687866211,23.609220504760746,24.07845687866211,1238037
2001-09-05,15.086688041687012,23.44163703918457,23.52878189086914,23.07295227050781,23.52878189086914,1424361
2001-09-06,15.065114974975586,23.40811920166016,23.763397216796875,23.05284309387207,23.495264053344727,875532
2001-09-07,14.672521591186523,22.798114776611328,23.52878189086914,22.798114776611328,23.461746215820312,874487
2001-09-10,14.711350440979004,22.858444213867188,23.193613052368164,22.623828887939453,22.690860748291016,839281
2001-09-17,13.70615291595459,21.29656219482422,22.72437858581543,21.2496395111084,22.72437858581543,1551014
2001-09-18,13.576719284057615,21.095462799072266,21.671951293945312,21.082056045532227,21.2496395111084,639381
2001-09-19,13.123726844787598,20.39160919189453,21.450740814208984,19.788307189941406,21.2496395111084,1555937
2001-09-20,12.43777847290039,19.32577514648437,20.29776382446289,19.27215003967285,20.056442260742188,1218643
2001-09-21,12.769970893859863,19.84193420410156,20.143585205078125,17.696861267089844,17.763893127441406,2144746
2001-09-24,13.024503707885742,20.2374324798584,20.47204971313477,20.04303550720215,20.110069274902344,2014066
2001-09-25,13.25747013092041,20.599414825439453,20.61282157897949,20.07655143737793,20.31117057800293,1279359
2001-09-26,12.623286247253418,19.61402130126953,20.91447257995605,19.51346969604492,20.766998291015625,1468816
2001-09-27,12.64054012298584,19.64083480834961,19.84193420410156,19.28555679321289,19.61402130126953,1359468
2001-09-28,12.989990234375,20.18380546569824,20.27095031738281,18.936981201171875,18.936981201171875,1527742
2001-10-01,12.411888122558594,19.28555679321289,20.15028953552246,19.278852462768555,20.04303550720215,2061057
2001-10-02,12.558574676513672,19.51346969604492,19.714570999145508,19.245336532592773,19.28555679321289,1715260
2001-10-03,12.81311321258545,19.90896797180176,20.110069274902344,19.399513244628903,19.439733505249023,1353650
2001-10-04,13.20138931274414,20.512269973754883,20.84743881225586,20.37820243835449,20.445236206054688,1263695
2001-10-05,13.235906600952148,20.56589698791504,20.780405044555664,20.21061897277832,20.445236206054688,626850
2001-10-08,13.231586456298828,20.559194564819336,20.787107467651367,20.445236206054688,20.71337127685547,746044
2001-10-09,13.184128761291504,20.485456466674805,20.67985343933105,20.21061897277832,20.559194564819336,733513
2001-10-10,13.78380298614502,21.417224884033203,21.497663497924805,20.39160919189453,20.485456466674805,981598
2001-10-11,14.37053394317627,22.3288803100586,22.556793212890625,21.65854454040528,21.71887588500977,986819
2001-10-12,14.197958946228027,22.06074523925781,22.55009078979492,21.65854454040528,22.3288803100586,747685
2001-10-15,14.275622367858888,22.181406021118164,22.255142211914062,21.765798568725582,22.06074523925781,428442
2001-10-16,14.374850273132324,22.335582733154297,22.623828887939453,21.819425582885746,22.623828887939453,1674982
2001-10-17,14.413670539855955,22.39591407775879,22.791412353515625,22.30206680297852,22.72437858581543,1147932
2001-10-18,14.284247398376465,22.194812774658203,22.570201873779297,22.141185760498047,22.32217788696289,830330
2001-10-19,14.24972915649414,22.141185760498047,22.228330612182617,21.8797550201416,22.02722930908203,683837
2001-10-22,14.784693717956545,22.97240257263184,22.99251174926757,22.134483337402344,22.20821952819824,1945443
2001-10-23,14.8709716796875,23.1064682006836,23.401416778564453,22.9589958190918,22.97240257263184,655194
2001-10-24,14.91843605041504,23.180206298828125,23.327680587768555,22.925479888916016,23.11317253112793,683240
2001-10-25,15.121197700500488,23.495264053344727,23.50196647644043,22.389209747314453,23.093063354492188,928938
2001-10-26,15.384359359741213,23.9041690826416,24.12537956237793,23.39471435546875,23.39471435546875,1011881
2001-10-29,14.79763889312744,22.99251174926757,23.830432891845703,22.99251174926757,23.830432891845703,608203
2001-10-30,14.27992820739746,22.1881103515625,22.912071228027344,22.121076583862305,22.824928283691406,1074089
2001-10-31,14.21521282196045,22.08755874633789,22.45624351501465,21.96019554138184,22.355693817138672,1754196
2001-11-01,14.62507152557373,22.72437858581543,22.791412353515625,21.71217155456543,21.98700904846192,1130926
2001-11-02,15.319645881652832,23.803617477416992,23.870651245117188,22.623828887939453,22.72437858581543,1067525
2001-11-05,15.21611213684082,23.64273834228516,24.199115753173828,23.42823028564453,23.897464752197266,885228
2001-11-06,15.466325759887695,24.031532287597656,24.031532287597656,23.461746215820312,23.729881286621094,881797
2001-11-07,15.694971084594728,24.38681030273437,24.42032623291016,23.96449851989746,23.98460960388184,711733
2001-11-08,15.58281707763672,24.212522506713867,24.66164779663086,23.96449851989746,24.433734893798828,1026352
2001-11-09,15.699302673339844,24.39351463317871,24.45384407043457,23.863948822021484,24.219226837158203,753652
2001-11-12,15.574180603027344,24.199115753173828,24.534284591674805,23.998016357421875,24.46725082397461,499153
2001-11-13,15.858925819396973,24.64153861999512,24.79571533203125,24.23263359069824,24.266149520874023,728292
2001-11-14,16.2083740234375,25.18450927734375,25.197917938232425,24.688461303710938,24.701868057250977,1186719
2001-11-15,16.588014602661133,25.77440452575684,25.79451560974121,25.0638484954834,25.18450927734375,946988
2001-11-16,16.609594345092773,25.80792236328125,25.86825180053711,25.573305130004883,25.78110885620117,1090200
2001-11-19,16.704498291015625,25.95539665222168,26.1430892944336,25.49286460876465,25.80792236328125,580903
2001-11-20,16.139341354370117,25.07725524902344,25.47275352478028,24.90296936035156,25.47275352478028,1381099
2001-11-21,15.936573028564451,24.76219749450684,25.083959579467773,24.40021705627441,25.083959579467773,817650
2001-11-23,16.234254837036133,25.224729537963867,25.27165412902832,24.76890182495117,24.86945152282715,172898
2001-11-26,16.480167388916016,25.606821060180664,25.606821060180664,24.80912208557129,25.17110252380371,1411979
2001-11-27,16.30759620666504,25.33868789672852,25.70737266540528,25.13758659362793,25.606821060180664,800495
2001-11-28,16.192859649658203,25.07055282592773,25.13758659362793,24.78230857849121,25.13758659362793,617004
2001-11-29,16.019672393798828,24.802419662475582,25.00351905822754,24.494064331054688,24.936485290527344,649078
2001-11-30,15.959062576293944,24.708572387695312,24.970001220703125,24.46725082397461,24.936485290527344,1062005
2001-12-03,15.88112735748291,24.58791160583496,24.701868057250977,24.132083892822266,24.500768661499023,1083338
2001-12-04,16.20584487915039,25.09066390991211,25.12417984008789,24.58791160583496,24.58791160583496,951016
2001-12-05,16.690767288208008,25.84143829345703,25.908472061157227,25.10407066345215,25.117475509643555,1181498
2001-12-06,16.77735710144043,25.975505828857425,26.1430892944336,25.6872615814209,25.84143829345703,656686
2001-12-07,16.764368057250977,25.95539665222168,26.1430892944336,25.40572166442871,26.1430892944336,607755
2001-12-10,16.25779914855957,25.17110252380371,25.874956130981445,25.00351905822754,25.874956130981445,704871
2001-12-11,16.39635467529297,25.385610580444336,25.80792236328125,25.13758659362793,25.17110252380371,473345
2001-12-12,16.283784866333008,25.211322784423828,25.40572166442871,25.00351905822754,25.218027114868164,578069
2001-12-13,15.933079719543455,24.66835021972656,25.238136291503903,24.601318359375,25.211322784423828,579859
2001-12-14,15.78587818145752,24.44043731689453,24.63483428955078,24.06504821777344,24.33318328857422,875532
2001-12-17,16.171213150024414,25.03703689575196,25.13758659362793,24.567800521850582,24.66835021972656,440824
2001-12-18,16.43531608581543,25.445941925048828,25.47275352478028,25.231433868408203,25.3051700592041,503927
2001-12-19,16.556554794311523,25.633634567260746,25.64704132080078,25.144290924072266,25.445941925048828,815860
2001-12-20,16.20151710510254,25.083959579467773,25.80792236328125,24.9834098815918,25.506271362304688,834657
2001-12-21,15.998024940490724,24.76890182495117,25.10407066345215,24.601318359375,24.949892044067383,1294725
2001-12-24,16.015350341796875,24.79571533203125,24.876155853271484,24.701868057250977,24.701868057250977,356090
2001-12-26,15.985042572021484,24.74879264831543,24.86945152282715,24.66835021972656,24.835935592651367,715462
2001-12-27,16.019672393798828,24.802419662475582,24.802419662475582,24.688461303710938,24.802419662475582,822722
2001-12-28,16.036983489990234,24.82923126220703,24.949892044067383,24.64153861999512,24.802419662475582,1215958
2001-12-31,16.049983978271484,24.849342346191406,25.09066390991211,24.73538589477539,24.835935592651367,803926
2002-01-02,16.045658111572266,24.842639923095703,24.963298797607425,24.42032623291016,24.86945152282715,1022622
2002-01-03,16.340068817138672,25.2984676361084,25.40572166442871,24.835935592651367,24.876155853271484,989355
2002-01-04,16.721078872680664,25.888362884521484,25.95539665222168,25.40572166442871,25.40572166442871,1319488
2002-01-07,16.6085147857666,25.714075088500977,26.13638687133789,25.6872615814209,25.975505828857425,1060812
2002-01-08,16.236156463623047,25.13758659362793,25.80792236328125,24.86945152282715,25.67385482788086,976377
2002-01-09,16.27945327758789,25.204620361328125,25.67385482788086,25.144290924072266,25.204620361328125,745746
2002-01-10,15.963391304016112,24.715274810791016,25.204620361328125,24.40021705627441,25.204620361328125,678317
2002-01-11,15.85948085784912,24.554393768310547,24.95659637451172,24.534284591674805,24.76890182495117,544056
2002-01-14,15.595372200012209,24.145490646362305,24.6750545501709,24.13878631591797,24.601318359375,493335
2002-01-15,15.370232582092283,23.79691505432129,24.2929630279541,23.729881286621094,24.165599822998047,948480
2002-01-16,14.872323989868164,23.026029586791992,23.743288040161133,23.026029586791992,23.73658561706543,820186
2002-01-17,15.162408828735352,23.475154876708984,23.555593490600582,23.059545516967773,23.059545516967773,1038584
2002-01-18,15.140755653381348,23.44163703918457,23.696365356445312,23.39471435546875,23.475154876708984,516458
2002-01-22,15.283632278442385,23.6628475189209,24.802419662475582,23.595813751220703,24.802419662475582,2073886
2002-01-23,15.673298835754396,24.266149520874023,24.45384407043457,23.434934616088867,23.72317886352539,1076774
2002-01-24,15.889781951904297,24.601318359375,24.742088317871094,24.40021705627441,24.433734893798828,860763
2002-01-25,16.184200286865234,25.05714607238769,25.28506088256836,24.500768661499023,24.64824104309082,773344
2002-01-28,16.353059768676758,25.31857681274414,25.46605110168457,25.07055282592773,25.12417984008789,662653
2002-01-29,16.12790870666504,24.970001220703125,25.519678115844727,24.755495071411133,25.325279235839844,1322919
2002-01-30,16.366043090820312,25.33868789672852,25.33868789672852,24.46725082397461,24.74879264831543,1162552
2002-01-31,16.534914016723633,25.60011863708496,25.60011863708496,25.12417984008789,25.33868789672852,1232219
2002-02-01,16.452634811401367,25.47275352478028,25.53978729248047,25.372203826904297,25.53978729248047,757680
2002-02-04,16.14957046508789,25.00351905822754,25.52638053894043,24.97670555114746,25.372203826904297,1547732
2002-02-05,16.123580932617188,24.963298797607425,25.224729537963867,24.63483428955078,24.970001220703125,921479
2002-02-06,15.97636890411377,24.73538589477539,25.204620361328125,24.63483428955078,25.00351905822754,1155690
2002-02-07,15.911432266235352,24.63483428955078,24.936485290527344,24.40021705627441,24.76890182495117,748282
2002-02-08,16.17987632751465,25.050443649291992,25.24484062194824,24.76890182495117,24.802419662475582,845099
2002-02-11,16.44397735595703,25.459346771240234,25.47945785522461,24.9901123046875,25.05714607238769,1019937
2002-02-12,16.275117874145508,25.197917938232425,25.372203826904297,24.936485290527344,25.372203826904297,748729
2002-02-13,16.45696449279785,25.47945785522461,25.53978729248047,25.2984676361084,25.33868789672852,963696
2002-02-14,16.374711990356445,25.352094650268555,25.901769638061523,25.19121360778809,25.606821060180664,708004
2002-02-15,16.612836837768555,25.72077751159668,25.80792236328125,25.204620361328125,25.47275352478028,951314
2002-02-19,16.885597229003906,26.1430892944336,26.43133354187012,25.506271362304688,25.80792236328125,1813867
2002-02-20,16.920238494873047,26.19671630859375,26.21012306213379,25.975505828857425,26.1430892944336,1858323
2002-02-21,16.664785385131836,25.801219940185547,26.3106746673584,25.801219940185547,26.223529815673828,1640372
2002-02-22,16.760040283203125,25.948692321777344,26.27045440673828,25.70737266540528,25.96880340576172,862255
2002-02-25,17.158370971679688,26.565401077270508,26.61232566833496,26.03583526611328,26.042539596557617,1188658
2002-02-26,17.273496627807617,26.65254592895508,26.82012939453125,26.1430892944336,26.34419059753418,1185973
2002-02-27,17.091041564941406,26.37100410461425,26.800018310546875,26.176607131958008,26.61232566833496,1165536
2002-02-28,17.19095230102539,26.52518081665039,26.800018310546875,26.11627578735352,26.47825813293457,1403625
2002-03-01,17.373422622680664,26.80672264099121,26.920679092407227,26.53858757019043,26.54529190063477,1171354
2002-03-04,17.91213035583496,27.637937545776367,27.68486213684082,26.81342506408692,26.846942901611328,2138481
2002-03-05,18.03811836242676,27.83233642578125,28.020029067993164,27.53738784790039,27.58431053161621,1606807
2002-03-06,18.272724151611328,28.194316864013672,28.194316864013672,27.83233642578125,27.95299530029297,1020384
2002-03-07,18.18583297729492,28.06024932861328,28.22113037109375,27.778709411621094,28.22113037109375,389506
2002-03-08,18.216238021850582,28.10717391967773,28.59651756286621,27.999919891357425,28.154096603393555,736348
2002-03-11,18.420429229736328,28.422231674194336,28.62333106994629,28.120580673217773,28.48926544189453,1035601
2002-03-12,18.57682228088379,28.663551330566406,28.81102561950684,28.154096603393555,28.422231674194336,1110190
2002-03-13,18.60724449157715,28.71047592163086,28.7238826751709,28.38871383666992,28.690364837646484,1177470
2002-03-14,18.52470016479492,28.583112716674805,28.958499908447266,28.57640838623047,28.85124588012696,1072746
2002-03-15,18.494285583496094,28.53618812561035,28.958499908447266,28.422231674194336,28.857948303222656,1285028
2002-03-18,18.572484970092773,28.656848907470703,28.85124588012696,28.45574760437012,28.45574760437012,828093
2002-03-19,18.815778732299805,29.032236099243164,29.13949012756348,28.656848907470703,28.656848907470703,1235500
2002-03-20,18.69847869873047,28.85124588012696,29.19311714172364,28.81102561950684,29.032236099243164,790649
2002-03-21,18.224925994873047,28.120580673217773,28.790916442871094,27.89266586303711,28.790916442871094,1166729
2002-03-22,18.216238021850582,28.10717391967773,28.194316864013672,27.53738784790039,28.020029067993164,595672
2002-03-25,17.790489196777344,27.450244903564453,28.18091011047364,27.41672706604004,28.18091011047364,534061
2002-03-26,17.85130500793457,27.544090270996094,27.691564559936523,27.349693298339844,27.349693298339844,1242214
2002-03-27,17.80352020263672,27.470354080200195,27.651344299316406,27.28265953063965,27.544090270996094,1014716
2002-03-28,17.812211990356445,27.483760833740234,27.812225341796875,27.349693298339844,27.483760833740234,699053
2002-04-01,17.80352020263672,27.470354080200195,27.61112594604492,27.108373641967773,27.38321113586425,398457
2002-04-02,17.4689998626709,26.95419692993164,27.336286544799805,26.88045883178711,27.336286544799805,1140772
2002-04-03,17.008487701416016,26.243640899658203,27.068153381347656,26.1430892944336,27.06144905090332,1100941
2002-04-04,17.2474365234375,26.61232566833496,26.645841598510746,26.277156829833984,26.44474029541016,725308
2002-04-05,17.490724563598633,26.987712860107425,27.255847930908203,26.726282119750977,26.74639129638672,688909
2002-04-08,17.495067596435547,26.994415283203125,27.10166931152344,26.625732421875,26.987712860107425,789455
2002-04-09,17.781797409057617,27.43683815002441,27.483760833740234,27.182109832763672,27.249143600463867,895820
2002-04-10,17.70359992980957,27.316177368164062,27.604421615600582,26.913976669311523,27.470354080200195,1427046
2002-04-11,17.208332061767578,26.55199432373047,27.302770614624023,26.52518081665039,27.182109832763672,1025904
2002-04-12,17.38644790649414,26.82683181762696,26.846942901611328,26.0760555267334,26.65924835205078,951911
2002-04-15,17.23440170288086,26.592214584350582,26.96760368347168,26.277156829833984,26.840238571166992,614319
2002-04-16,17.512439727783203,27.02123069763184,27.03463554382324,25.64033889770508,25.64033889770508,3160655
2002-04-17,17.273496627807617,26.65254592895508,26.80672264099121,26.243640899658203,26.74639129638672,1893231
2002-04-18,17.195295333862305,26.531885147094727,26.65254592895508,26.34419059753418,26.65254592895508,1215361
2002-04-19,17.2474365234375,26.61232566833496,26.65924835205078,26.41122436523437,26.47825813293457,1511183
2002-04-22,16.847747802734375,25.9956169128418,26.61232566833496,25.888362884521484,26.61232566833496,911036
2002-04-23,16.62183952331543,25.64704132080078,26.062650680541992,25.47275352478028,26.0023193359375,1693629
2002-04-24,16.660932540893555,25.70737266540528,26.00902366638184,25.606821060180664,26.00902366638184,758874
2002-04-25,16.54363250732422,25.52638053894043,25.626930236816406,25.07055282592773,25.53978729248047,944751
2002-04-26,16.51322364807129,25.47945785522461,25.828031539916992,25.372203826904297,25.64033889770508,1145844
2002-04-29,16.083118438720703,24.815824508666992,25.51297378540039,24.72197723388672,25.51297378540039,837789
2002-04-30,16.187387466430664,24.97670555114746,25.197917938232425,24.63483428955078,24.701868057250977,1498205
2002-05-01,16.25689697265625,25.083959579467773,25.164400100708008,24.031532287597656,24.80912208557129,852260
2002-05-02,16.435020446777344,25.35879707336425,25.53978729248047,25.083959579467773,25.083959579467773,720385
2002-05-03,16.17000961303711,24.949892044067383,25.64033889770508,24.62813186645508,25.40572166442871,1176426
2002-05-06,15.63999366760254,24.132083892822266,24.86945152282715,24.09186363220215,24.86945152282715,668769
2002-05-07,15.548750877380373,23.99131202697754,24.279556274414062,23.93098258972168,24.031532287597656,1527891
2002-05-08,16.504533767700195,25.46605110168457,25.573305130004883,24.45384407043457,24.46725082397461,1203576
2002-05-09,16.148290634155273,24.9163761138916,25.40572166442871,24.862749099731445,25.33868789672852,536149
2002-05-10,15.78769588470459,24.359996795654297,25.083959579467773,24.2862606048584,25.083959579467773,780952
2002-05-13,16.052715301513672,24.76890182495117,24.802419662475582,24.2862606048584,24.601318359375,577919
2002-05-14,16.539291381835938,25.519678115844727,25.67385482788086,24.92978286743164,24.936485290527344,992786
2002-05-15,16.86078643798828,26.01572608947754,26.277156829833984,25.47945785522461,25.51297378540039,1158077
2002-05-16,16.756505966186523,25.85484504699707,26.21012306213379,25.74088859558105,26.1430892944336,537194
2002-05-17,16.834707260131836,25.975505828857425,26.04924392700196,25.77440452575684,25.77440452575684,559421
2002-05-20,16.61748695373535,25.64033889770508,25.98891258239746,25.33198356628418,25.98891258239746,435454
2002-05-21,16.37419319152832,25.264949798583984,26.471553802490234,25.050443649291992,25.64033889770508,583588
2002-05-22,16.330753326416016,25.197917938232425,25.27165412902832,24.78230857849121,25.264949798583984,657432
2002-05-23,16.07443618774414,24.802419662475582,25.17110252380371,24.33318328857422,25.030332565307617,1094228
2002-05-24,15.97451400756836,24.64824104309082,24.76219749450684,24.199115753173828,24.38681030273437,741718
2002-05-28,15.92237949371338,24.567800521850582,24.701868057250977,24.192413330078125,24.601318359375,658029
2002-05-29,15.501585960388184,23.830432891845703,24.76890182495117,23.77010154724121,24.601318359375,801539
2002-05-30,15.366413116455078,23.62262725830078,23.93098258972168,23.367900848388672,23.79691505432129,895671
2002-05-31,15.51902198791504,23.85724449157715,24.199115753173828,23.595813751220703,23.595813751220703,979062
2002-06-03,15.20507526397705,23.37460327148437,23.998016357421875,23.31427383422852,23.85724449157715,861061
2002-06-04,15.07861614227295,23.180206298828125,23.42823028564453,22.824928283691406,23.31427383422852,772300
2002-06-05,15.362051010131836,23.61592483520508,23.830432891845703,23.07965660095215,23.11317253112793,862702
2002-06-06,14.952167510986328,22.985809326171875,23.669551849365234,22.985809326171875,23.62933158874512,622524
2002-06-07,15.170183181762695,23.32097625732422,23.461746215820312,22.52998161315918,22.824928283691406,915213
2002-06-10,15.13967227935791,23.2740535736084,23.555593490600582,23.16679954528809,23.32097625732422,501241
2002-06-11,15.03937530517578,23.119876861572266,23.998016357421875,23.019325256347656,23.42823028564453,928341
2002-06-12,15.043746948242188,23.12657928466797,23.240537643432617,22.74448776245117,23.119876861572266,987117
2002-06-13,14.82570743560791,22.791412353515625,23.30086708068848,22.72437858581543,23.16009521484375,1202532
2002-06-14,14.57716941833496,22.409320831298828,22.824928283691406,21.973602294921875,22.824928283691406,1199548
2002-06-17,15.021934509277344,23.093063354492188,23.18691062927246,22.489761352539062,22.489761352539062,623867
2002-06-18,14.952167510986328,22.985809326171875,23.461746215820312,22.798114776611328,23.093063354492188,690400
2002-06-19,14.89111614227295,22.8919620513916,23.39471435546875,22.811521530151367,22.985809326171875,722176
2002-06-20,14.760298728942873,22.690860748291016,23.12657928466797,22.597013473510746,22.824928283691406,841668
2002-06-21,14.664371490478516,22.543386459350582,22.93218231201172,22.40261650085449,22.657344818115234,1283089
2002-06-24,14.830071449279783,22.798114776611328,22.912071228027344,22.201515197753903,22.543386459350582,954149
2002-06-25,14.660018920898438,22.536684036254883,23.26064682006836,22.469650268554688,22.8919620513916,879261
2002-06-26,14.572800636291504,22.40261650085449,22.543386459350582,22.194812774658203,22.543386459350582,2088208
2002-06-27,14.934722900390623,22.9589958190918,22.9589958190918,22.3288803100586,22.570201873779297,757382
2002-06-28,15.261760711669922,23.461746215820312,23.522077560424805,22.791412353515625,22.791412353515625,924761
2002-07-01,14.62076473236084,22.476354598999023,23.461746215820312,22.476354598999023,23.42823028564453,889107
2002-07-02,14.450703620910645,22.21492385864257,22.509870529174805,22.141185760498047,22.45624351501465,1216256
2002-07-03,14.34605312347412,22.05404281616211,22.389209747314453,21.53788375854492,22.23503303527832,1123318
2002-07-05,14.917288780212402,22.93218231201172,23.12657928466797,22.20821952819824,22.255142211914062,780206
2002-07-08,14.712337493896484,22.61712455749512,22.99251174926757,22.51657485961914,22.93218231201172,847038
2002-07-09,14.773381233215332,22.71097183227539,23.22042655944824,22.623828887939453,22.623828887939453,1962151
2002-07-10,14.50302791595459,22.29536247253418,22.9589958190918,22.2618465423584,22.791412353515625,1288608
2002-07-11,14.59896469116211,22.44283676147461,22.49646377563477,21.91997528076172,22.30206680297852,1472844
2002-07-12,14.568438529968262,22.39591407775879,23.119876861572266,22.28866004943848,22.523277282714844,1948129
2002-07-15,14.367859840393066,22.08755874633789,22.28866004943848,21.182605743408203,22.2618465423584,2132812
2002-07-16,14.019017219543455,21.55129051208496,22.08755874633789,21.2496395111084,21.77250099182129,1208797
2002-07-17,14.053897857666016,21.60491752624512,22.925479888916016,21.544586181640625,21.785907745361328,815860
2002-07-18,13.60041046142578,20.90776824951172,21.9534912109375,20.901065826416016,21.71887588500977,1182989
2002-07-19,13.11203670501709,20.1569938659668,21.04853820800781,20.083255767822266,20.445236206054688,1804917
2002-07-22,12.876569747924805,19.795011520385746,20.693260192871094,19.627426147460938,20.24413681030273,1366181
2002-07-23,12.45796012878418,19.1514892578125,20.069849014282227,19.1447868347168,19.768198013305664,1838333
2002-07-24,13.168715476989746,20.24413681030273,20.257543563842773,18.534780502319336,18.8364315032959,1740471
2002-07-25,12.928892135620115,19.875452041625977,20.2374324798584,19.17830276489257,20.23073005676269,1391094
2002-07-26,12.859126091003418,19.768198013305664,20.110069274902344,19.386106491088867,19.875452041625977,1036197
2002-07-29,13.212323188781738,20.31117057800293,20.37820243835449,19.80841827392578,19.90896797180176,2555884
2002-07-30,12.994301795959473,19.97600173950196,20.18380546569824,19.681053161621094,20.17710304260254,1821177
2002-07-31,12.798078536987305,19.67435073852539,19.982704162597656,19.47995376586914,19.88215446472168,1226401
2002-08-01,12.593132019042969,19.35929298400879,19.82182502746582,18.89676284790039,19.64083480834961,1198206
2002-08-02,11.995739936828612,18.440933227539062,19.372699737548828,18.43423080444336,19.34588623046875,986372
2002-08-05,11.533533096313477,17.730377197265625,18.56829643249512,17.62982749938965,18.43423080444336,1373044
2002-08-06,12.013184547424316,18.46774673461914,18.86994743347168,17.964994430541992,18.032028198242188,754249
2002-08-07,12.16144847869873,18.695661544799805,18.86994743347168,18.06554412841797,18.46774673461914,840922
2002-08-08,12.340232849121094,18.97049903869629,19.111268997192383,18.48115348815918,18.97049903869629,1211333
2002-08-09,12.396910667419434,19.057641983032227,19.25874328613281,18.461042404174805,18.95709228515625,891941
2002-08-12,12.45359706878662,19.1447868347168,19.205116271972656,18.702363967895508,19.06434631347656,855542
2002-08-13,12.30097484588623,18.9101676940918,19.30566596984864,18.769397735595703,19.1447868347168,1070210
2002-08-14,12.532090187072754,19.26544570922852,19.27215003967285,18.50796699523925,18.916872024536133,915362
2002-08-15,12.580052375793455,19.339183807373047,19.667648315429688,19.084455490112305,19.433029174804688,1006511
2002-08-16,12.580052375793455,19.339183807373047,19.546987533569336,19.00401496887207,19.339183807373047,642663
2002-08-19,12.754473686218262,19.607316970825195,19.66094398498535,19.30566596984864,19.439733505249023,1023219
2002-08-20,12.575692176818848,19.33247947692871,19.50676727294922,19.191709518432617,19.473249435424805,540923
2002-08-21,12.68906593322754,19.50676727294922,19.64083480834961,19.10456657409668,19.439733505249023,939529
2002-08-22,12.811156272888184,19.69446182250977,19.795011520385746,19.426326751708984,19.50676727294922,1252209
2002-08-23,12.558253288269045,19.30566596984864,19.587207794189453,19.29896354675293,19.453140258789062,727695
2002-08-26,12.632369995117188,19.41962242126465,19.540283203125,19.02412414550781,19.439733505249023,439034
2002-08-27,12.737030982971191,19.58050346374512,19.96929931640625,19.453140258789062,19.50676727294922,789604
2002-08-28,12.778645515441896,19.553691864013672,19.65424156188965,19.372699737548828,19.486656188964844,1045446
2002-08-29,12.647226333618164,19.35259056091309,19.64083480834961,19.1514892578125,19.50676727294922,769913
2002-08-30,12.585895538330078,19.25874328613281,19.63413047790528,19.17159843444824,19.473249435424805,739629
2002-09-03,11.97258758544922,18.32027244567871,19.23863220214844,18.099061965942383,19.23863220214844,2469509
2002-09-04,12.15657901763916,18.60181427001953,18.702363967895508,18.112468719482425,18.34038352966309,1205515
2002-09-05,12.15657901763916,18.60181427001953,18.742584228515625,17.938182830810547,18.24653625488281,1079310
2002-09-06,12.410661697387695,18.99060821533203,19.111268997192383,18.595111846923828,18.8364315032959,771852
2002-09-09,12.533324241638184,19.17830276489257,19.27215003967285,18.668846130371094,18.95709228515625,971901
2002-09-10,12.6297025680542,19.32577514648437,19.339183807373047,19.037532806396484,19.1447868347168,557780
2002-09-11,12.638461112976074,19.339183807373047,19.61402130126953,19.30566596984864,19.4665470123291,375931
2002-09-12,12.38876247406006,18.95709228515625,19.35929298400879,18.8364315032959,19.071048736572266,1043955
2002-09-13,12.09087371826172,18.501264572143555,18.80291557312012,18.400712966918945,18.80291557312012,1334555
2002-09-16,11.911255836486816,18.22642517089844,18.58840751647949,18.14598655700684,18.58840751647949,932816
2002-09-17,11.924405097961426,18.24653625488281,18.55488967895508,17.971698760986328,18.39401054382324,1677965
2002-09-18,11.766695976257324,18.00521469116211,18.17279815673828,17.67675018310547,18.1325798034668,1161806
2002-09-19,11.582703590393066,17.723674774169922,18.045434951782227,17.596309661865234,17.89796257019043,935651
2002-09-20,11.7009859085083,17.904664993286133,17.998512268066406,17.636531829833984,17.696861267089844,1179409
2002-09-23,11.613373756408691,17.770597457885742,17.924774169921875,17.361692428588867,17.88455581665039,1410189
2002-09-24,10.802931785583496,16.53047752380371,17.194108963012695,16.356189727783203,16.959491729736328,3005658
2002-09-25,11.07015609741211,16.939382553100586,17.08015251159668,16.389705657958984,16.59080696105957,2110435
2002-09-26,11.74040985107422,17.964994430541992,18.360492706298828,16.952787399291992,17.09355926513672,2395367
2002-09-27,11.118342399597168,17.013118743896484,17.938182830810547,16.99300765991211,17.93147850036621,1359021
2002-09-30,11.118342399597168,17.013118743896484,17.254438400268555,16.523773193359375,16.85894012451172,1230727
2002-10-01,11.521373748779297,17.62982749938965,17.66334342956543,16.718170166015625,17.09355926513672,1201786
2002-10-02,11.087675094604492,16.96619415283203,17.830928802490234,16.637731552124023,17.62982749938965,1236694
2002-10-03,11.267289161682127,17.24103355407715,17.556089401245117,17.0533390045166,17.08015251159668,1046938
2002-10-04,11.14901065826416,17.060041427612305,17.61642074584961,16.892457962036133,17.596309661865234,1693480
2002-10-07,11.008821487426758,16.845535278320312,17.348285675048828,16.711467742919922,17.26114273071289,1024860
2002-10-08,11.201574325561523,17.14048194885254,17.462242126464844,16.87234878540039,16.925975799560547,1829680
2002-10-09,10.474370002746582,16.027725219726562,17.11366844177246,16.027725219726562,17.073448181152344,1415858
2002-10-10,10.881781578063965,16.65113639831543,16.765094757080078,15.779701232910156,15.92717456817627,1744350
2002-10-11,11.31985569000244,17.32147216796875,17.549386978149414,16.758390426635742,16.791908264160156,1865185
2002-10-14,11.08329963684082,16.959491729736328,17.173999786376953,16.791908264160156,16.959491729736328,1057082
2002-10-15,11.705368041992188,17.911367416381836,17.985105514526367,17.09355926513672,17.428726196289062,2194423
2002-10-16,11.227858543395996,17.180702209472656,18.16609573364257,17.133779525756836,17.911367416381836,634458
2002-10-17,11.753552436828612,17.985105514526367,18.038732528686523,17.730377197265625,17.89796257019043,974139
2002-10-18,11.560799598693848,17.690156936645508,17.93147850036621,17.30806541442871,17.89796257019043,1120931
2002-10-21,12.441330909729004,19.037532806396484,19.037532806396484,17.401912689208984,17.690156936645508,1359767
2002-10-22,11.578319549560549,17.716970443725586,18.8364315032959,17.609716415405273,18.635330200195312,2308545
2002-10-23,11.354902267456056,17.375099182128906,17.696861267089844,17.147186279296875,17.690156936645508,2372990
2002-10-24,11.122718811035156,17.019821166992188,17.54268455505371,16.96619415283203,17.375099182128906,1824310
2002-10-25,11.223485946655272,17.173999786376953,17.173999786376953,16.657840728759766,16.925975799560547,2181892
2002-10-28,11.0000638961792,16.832128524780273,17.328176498413086,16.72487449645996,17.22762680053711,1750914
2002-10-29,10.667126655578612,16.322673797607422,16.838830947875977,15.92047119140625,16.778501510620117,1885473
2002-10-30,10.789786338806152,16.510366439819336,16.8120174407959,16.14838409423828,16.155088424682617,2284378
2002-10-31,10.98691749572754,16.8120174407959,16.99300765991211,16.517070770263672,16.517070770263672,1788656
2002-11-01,11.105201721191406,16.99300765991211,17.06674575805664,16.476850509643555,16.8120174407959,1081548
2002-11-04,11.4468994140625,17.515869140625,18.24653625488281,17.214218139648438,17.22762680053711,2077914
2002-11-05,11.652795791625977,17.830928802490234,17.830928802490234,17.4354305267334,17.495759963989258,1360960
2002-11-06,11.841166496276855,18.119171142578125,18.21972274780273,17.690156936645508,18.045434951782227,1709890
2002-11-07,11.779839515686035,18.025325775146484,18.33367919921875,17.924774169921875,18.119171142578125,1594276
2002-11-08,11.661556243896484,17.844335556030273,18.39401054382324,17.495759963989258,18.025325775146484,1185526
2002-11-11,11.241000175476074,17.2008113861084,17.723674774169922,17.100261688232422,17.696861267089844,553305
2002-11-12,11.766695976257324,18.00521469116211,18.2130184173584,17.214218139648438,17.214218139648438,1500890
2002-11-13,12.112774848937988,18.534780502319336,18.68895721435547,17.777301788330078,18.00521469116211,1953051
2002-11-14,12.537710189819336,19.18500518798828,19.433029174804688,18.668846130371094,18.695661544799805,1401984
2002-11-15,12.577136993408203,19.245336532592773,19.439733505249023,18.67555046081543,19.17159843444824,1181050
2002-11-18,12.59027099609375,19.26544570922852,19.587207794189453,19.11797142028809,19.31237030029297,1005317
2002-11-19,12.717315673828123,19.4598445892334,19.627426147460938,19.071048736572266,19.10456657409668,1339627
2002-11-20,13.164155960083008,20.143585205078125,20.21061897277832,19.29896354675293,19.49336051940918,1633659
2002-11-21,13.681079864501951,20.9345817565918,20.9345817565918,20.27095031738281,20.3044662475586,1382143
2002-11-22,13.479564666748049,20.62622833251953,21.05524253845215,20.498863220214844,20.92117500305176,1300692
2002-11-25,13.523372650146484,20.693260192871094,20.95469284057617,20.31117057800293,20.71337127685547,1689005
2002-11-26,13.098776817321776,19.95589256286621,20.512269973754883,19.84193420410156,20.445236206054688,1394227
2002-11-27,13.635577201843262,20.773700714111328,20.773700714111328,19.80841827392578,19.982704162597656,1022920
2002-11-29,13.6707763671875,20.827327728271484,21.001615524291992,20.67315101623535,20.71337127685547,382346
2002-12-02,13.802776336669922,21.02842903137207,21.58480834960937,20.981504440307617,21.149089813232425,1628886
2002-12-03,13.35837459564209,20.351390838623047,21.02842903137207,20.31117057800293,21.02842903137207,837491
2002-12-04,13.274779319763184,20.22402572631836,20.438533782958984,19.815120697021484,20.24413681030273,1214466
2002-12-05,13.094378471374512,19.949188232421875,20.35809326171875,19.875452041625977,20.24413681030273,808998
2002-12-06,12.957977294921877,19.741384506225582,19.97600173950196,19.540283203125,19.540283203125,1083785
2002-12-09,12.614775657653809,19.21852302551269,19.76149559020996,19.191709518432617,19.741384506225582,853751
2002-12-10,12.795173645019531,19.49336051940918,19.56709671020508,19.13808250427246,19.25874328613281,1197311
2002-12-11,12.84357738494873,19.56709671020508,19.727977752685547,19.278852462768555,19.439733505249023,776029
2002-12-12,12.808379173278809,19.51346969604492,19.67435073852539,19.40621757507324,19.50676727294922,887466
2002-12-13,12.579578399658203,19.16489601135254,19.433029174804688,19.10456657409668,19.23863220214844,767824
2002-12-16,12.909573554992676,19.667648315429688,19.80841827392578,19.10456657409668,19.16489601135254,928043
2002-12-17,12.759974479675291,19.439733505249023,19.727977752685547,19.339183807373047,19.50676727294922,823021
2002-12-18,12.614775657653809,19.21852302551269,19.40621757507324,19.00401496887207,19.37940216064453,769614
2002-12-19,12.54438018798828,19.111268997192383,19.412919998168945,18.86994743347168,18.86994743347168,934308
2002-12-20,12.905180931091309,19.66094398498535,19.66094398498535,19.18500518798828,19.191709518432617,1366032
2002-12-23,12.869977951049805,19.607316970825195,19.727977752685547,19.34588623046875,19.540283203125,895223
2002-12-24,12.773173332214355,19.4598445892334,19.73468017578125,19.27215003967285,19.50676727294922,479163
2002-12-26,12.85677719116211,19.587207794189453,20.110069274902344,19.4665470123291,19.4665470123291,620734
2002-12-27,12.575170516967772,19.15819358825684,19.587207794189453,19.11797142028809,19.58050346374512,467676
2002-12-30,12.658773422241213,19.28555679321289,19.37940216064453,18.95709228515625,19.23863220214844,1013224
2002-12-31,12.830371856689451,19.546987533569336,19.741384506225582,19.11797142028809,19.23863220214844,1091244
2003-01-02,13.40238094329834,20.41842460632324,20.773700714111328,19.56709671020508,19.627426147460938,766183
2003-01-03,13.362778663635254,20.35809326171875,20.47204971313477,20.170398712158203,20.398313522338867,624612
2003-01-06,13.73237133026123,20.92117500305176,21.068649291992188,20.34468650817871,20.34468650817871,958028
2003-01-07,13.587178230285645,20.69996452331543,20.94798851013184,20.559194564819336,20.92117500305176,776626
2003-01-08,13.265968322753906,20.21061897277832,20.69996452331543,20.17710304260254,20.69996452331543,659073
2003-01-09,13.644372940063477,20.787107467651367,20.81392288208008,20.22402572631836,20.22402572631836,956237
2003-01-10,13.481576919555664,20.53908348083496,20.85414123535156,20.291059494018555,20.37820243835449,1219389
2003-01-13,13.393580436706545,20.405017852783203,20.787107467651367,20.27095031738281,20.61282157897949,694428
2003-01-14,13.485970497131348,20.545787811279297,20.61282157897949,20.24413681030273,20.465347290039062,615065
2003-01-15,13.208775520324709,20.123476028442383,20.512269973754883,19.875452041625977,20.4787540435791,832120
2003-01-16,13.173574447631836,20.069849014282227,20.24413681030273,19.915672302246094,20.15028953552246,573593
2003-01-17,12.975581169128418,19.768198013305664,20.063146591186523,19.533580780029297,20.063146591186523,696815
2003-01-21,12.293580055236816,18.729177474975582,19.67435073852539,18.09235954284668,19.67435073852539,4145834
2003-01-22,11.910778045654297,18.14598655700684,18.534780502319336,18.011919021606445,18.46774673461914,1588309
2003-01-23,12.27157974243164,18.695661544799805,18.769397735595703,18.179502487182617,18.2130184173584,1092438
2003-01-24,11.879977226257324,18.099061965942383,18.709068298339844,18.032028198242188,18.56829643249512,1449871
2003-01-27,11.686375617980955,17.804115295410156,18.10576629638672,17.562793731689453,17.79741096496582,1852206
2003-01-28,11.32557773590088,17.254438400268555,17.804115295410156,15.819920539855955,17.804115295410156,5543193
2003-01-29,11.549979209899902,17.596309661865234,17.830928802490234,17.060041427612305,17.254438400268555,2090744
2003-01-30,11.2595796585083,17.153888702392578,17.716970443725586,17.106964111328125,17.64993667602539,1906806
2003-01-31,11.514780044555664,17.54268455505371,17.703563690185547,16.75168800354004,16.925975799560547,1705564
2003-02-03,11.351978302001951,17.294658660888672,17.777301788330078,17.207515716552734,17.549386978149414,1237291
2003-02-04,11.211179733276367,17.08015251159668,17.16059112548828,16.698060989379883,17.16059112548828,1536245
2003-02-05,11.290375709533691,17.2008113861084,17.62982749938965,17.06674575805664,17.22762680053711,1126600
2003-02-06,11.171576499938965,17.019821166992188,17.301362991333008,16.905864715576172,17.086854934692383,1584579
2003-02-07,11.048382759094238,16.832128524780273,17.254438400268555,16.765094757080078,17.100261688232422,767824
2003-02-10,11.149577140808104,16.986305236816406,17.060041427612305,16.704763412475586,16.892457962036133,990101
2003-02-11,10.960376739501951,16.698060989379883,17.24773597717285,16.61762046813965,17.026525497436523,1539080
2003-02-12,10.84597873687744,16.523773193359375,16.825424194335938,16.450037002563477,16.684654235839844,1160314
2003-02-13,10.87678050994873,16.570697784423828,16.671247482299805,16.269046783447266,16.563993453979492,1110190
2003-02-14,11.105578422546388,16.91927146911621,16.94608497619629,16.517070770263672,16.563993453979492,1218047
2003-02-18,11.563177108764648,17.61642074584961,17.683454513549805,16.959491729736328,16.99300765991211,1342760
2003-02-19,11.387179374694824,17.348285675048828,17.582904815673828,17.153888702392578,17.576200485229492,605518
2003-02-20,11.32557773590088,17.254438400268555,17.415319442749023,17.173999786376953,17.375099182128906,645498
2003-02-21,11.52797794342041,17.562793731689453,17.576200485229492,16.979602813720703,17.328176498413086,609098
2003-02-24,11.22437858581543,17.100261688232422,17.535980224609375,17.100261688232422,17.529277801513672,784980
2003-02-25,11.277179718017578,17.180702209472656,17.220922470092773,16.684654235839844,17.100261688232422,636099
2003-02-26,11.15553379058838,16.905864715576172,17.194108963012695,16.845535278320312,17.167295455932617,695472
2003-02-27,11.314779281616213,17.147186279296875,17.22762680053711,16.718170166015625,16.905864715576172,878813
2003-02-28,11.288236618041992,17.106964111328125,17.4354305267334,17.06674575805664,17.133779525756836,758426
2003-03-03,11.24400234222412,17.039932250976562,17.448837280273438,16.99300765991211,17.334880828857422,816606
2003-03-04,10.881293296813965,16.490257263183594,17.039932250976562,16.4232234954834,17.039932250976562,983836
2003-03-05,11.04495620727539,16.73828125,16.805313110351562,16.44333267211914,16.496959686279297,868818
2003-03-06,10.837060928344728,16.4232234954834,16.778501510620117,16.362892150878906,16.72487449645996,856586
2003-03-07,10.929949760437012,16.563993453979492,16.791908264160156,16.134979248046875,16.322673797607422,1200443
2003-03-10,10.523009300231934,15.947284698486328,16.490257263183594,15.92717456817627,16.490257263183594,914467
2003-03-11,10.350502014160156,15.685853958129885,16.30926513671875,15.652337074279783,16.08135223388672,1075581
2003-03-12,10.32837963104248,15.652337074279783,15.92047119140625,15.317169189453123,15.70596408843994,1477021
2003-03-13,10.71320915222168,16.23552894592285,16.269046783447266,15.806513786315918,16.088054656982422,1621427
2003-03-14,10.642440795898438,16.12827491760254,16.342782974243164,15.947284698486328,16.242231369018555,1807304
2003-03-17,11.177658081054688,16.939382553100586,16.959491729736328,15.886955261230469,16.08135223388672,1612177
2003-03-18,11.266118049621582,17.073448181152344,17.16059112548828,16.731578826904297,16.939382553100586,1261308
2003-03-19,11.24400234222412,17.039932250976562,17.16059112548828,16.805313110351562,17.013118743896484,889554
2003-03-20,11.102458953857422,16.825424194335938,17.046634674072266,16.517070770263672,16.99300765991211,1388260
2003-03-21,11.47401523590088,17.388505935668945,17.388505935668945,16.791908264160156,16.892457962036133,2042708
2003-03-24,10.89456272125244,16.510366439819336,17.1270751953125,16.436630249023438,17.100261688232422,1041717
2003-03-25,11.053803443908691,16.75168800354004,16.765094757080078,16.4299259185791,16.510366439819336,1106908
2003-03-26,10.94322109222412,16.584104537963867,16.78520393371582,16.53047752380371,16.698060989379883,1561009
2003-03-27,10.912260055541992,16.537179946899414,16.671247482299805,16.222122192382812,16.584104537963867,859420
2003-03-28,10.921104431152344,16.550586700439453,16.778501510620117,16.329376220703125,16.44333267211914,1355590
2003-03-31,10.71320915222168,16.23552894592285,16.450037002563477,16.21541976928711,16.356189727783203,1328439
2003-04-01,10.801675796508787,16.369596481323242,16.4232234954834,16.222122192382812,16.315969467163086,1295172
2003-04-02,11.005148887634276,16.67795181274414,16.718170166015625,16.403112411499023,16.557289123535156,1687811
2003-04-03,10.99187183380127,16.657840728759766,16.758390426635742,16.450037002563477,16.704763412475586,1705862
2003-04-04,10.801675796508787,16.369596481323242,16.704763412475586,16.322673797607422,16.657840728759766,1205515
2003-04-07,10.921104431152344,16.550586700439453,16.939382553100586,16.510366439819336,16.691356658935547,1356335
2003-04-08,10.837060928344728,16.4232234954834,16.523773193359375,16.222122192382812,16.523773193359375,961309
2003-04-09,10.66897678375244,16.168495178222656,16.637731552124023,16.1148681640625,16.4232234954834,1026053
2003-04-10,10.62916660308838,16.108165740966797,16.336078643798828,16.027725219726562,16.168495178222656,1357976
2003-04-11,10.567240715026855,16.014318466186523,16.959491729736328,15.940581321716309,16.255638122558594,1237887
2003-04-14,10.553972244262695,15.994208335876465,16.088054656982422,15.933877944946287,16.014318466186523,1836990
2003-04-15,10.677826881408691,16.181901931762695,16.29585838317871,15.974098205566406,15.994208335876465,1766279
2003-04-16,10.63801097869873,16.121572494506836,16.61762046813965,16.121572494506836,16.322673797607422,1168967
2003-04-17,12.31002140045166,18.655441284179688,18.88335418701172,17.06674575805664,17.06674575805664,4560551
2003-04-21,12.217129707336426,18.51466941833496,18.89676284790039,18.373899459838867,18.74928855895996,1449722
2003-04-22,12.535603523254396,18.997312545776367,19.10456657409668,18.17279815673828,18.51466941833496,1437787
2003-04-23,12.438288688659668,18.849838256835938,19.050939559936523,18.82972717285156,19.050939559936523,1298752
2003-04-24,12.292320251464844,18.62862777709961,18.843135833740234,18.266645431518555,18.82972717285156,997560
2003-04-25,12.097695350646973,18.33367919921875,18.541484832763672,18.233129501342773,18.51466941833496,795124
2003-04-28,12.522335052490234,18.977201461791992,19.13808250427246,18.313570022583008,18.43423080444336,1061110
2003-04-29,12.71253490447998,19.26544570922852,19.386106491088867,18.92357444763184,19.11797142028809,1693032
2003-04-30,12.71253490447998,19.26544570922852,19.399513244628903,19.050939559936523,19.13808250427246,1765533
2003-05-01,12.593110084533691,19.084455490112305,19.25874328613281,18.86994743347168,19.16489601135254,864940
2003-05-02,12.977932929992676,19.667648315429688,19.681053161621094,19.057641983032227,19.057641983032227,1299647
2003-05-05,12.907158851623535,19.56039428710937,19.774900436401367,19.372699737548828,19.667648315429688,932816
2003-05-06,12.946969985961914,19.620723724365234,19.754791259765625,19.439733505249023,19.52687644958496,1170458
2003-05-07,12.862924575805664,19.49336051940918,19.647537231445312,19.25874328613281,19.620723724365234,994278
2003-05-08,12.655035972595217,19.17830276489257,19.439733505249023,19.07775115966797,19.32577514648437,780803
2003-05-09,13.008898735046388,19.714570999145508,19.741384506225582,19.17830276489257,19.17830276489257,945198
2003-05-12,13.203518867492676,20.009519577026367,20.10336685180664,19.647537231445312,19.67435073852539,867028
2003-05-13,13.05755615234375,19.788307189941406,19.996112823486328,19.707868576049805,19.90896797180176,879858
2003-05-14,13.000042915344238,19.70116424560547,19.94248580932617,19.553691864013672,19.89556121826172,808103
2003-05-15,13.150444984436035,19.9290771484375,20.136882781982425,19.89556121826172,19.949188232421875,1718542
2003-05-16,13.154871940612791,19.93578147888184,19.95589256286621,19.627426147460938,19.93578147888184,928490
2003-05-19,12.78773021697998,19.37940216064453,19.93578147888184,19.29896354675293,19.875452041625977,1519090
2003-05-20,12.907158851623535,19.56039428710937,19.67435073852539,19.37940216064453,19.439733505249023,1909640
2003-05-21,12.991204261779783,19.68775749206543,19.774900436401367,19.49336051940918,19.553691864013672,1351114
2003-05-22,13.092939376831056,19.84193420410156,19.96259498596192,19.66094398498535,19.727977752685547,826302
2003-05-23,13.14602279663086,19.9223747253418,19.97600173950196,19.627426147460938,19.855342864990234,850171
2003-05-27,13.345072746276855,20.22402572631836,20.31787300109864,19.774900436401367,19.875452041625977,1474038
2003-05-28,13.276201248168944,20.02962875366211,20.143585205078125,19.94248580932617,20.02962875366211,1219837
2003-05-29,13.218438148498535,19.94248580932617,20.136882781982425,19.727977752685547,20.02962875366211,2193230
2003-05-30,13.467249870300291,20.31787300109864,20.33798217773437,19.96259498596192,19.96259498596192,2062996
2003-06-02,13.596109390258787,20.512269973754883,20.807218551635746,20.28435516357422,20.411720275878903,2091340
2003-06-03,13.684971809387209,20.64633750915528,20.67315101623535,20.35809326171875,20.53238105773925,1534604
2003-06-04,14.475854873657228,21.839534759521484,21.9534912109375,20.961395263671875,21.11557388305664,3508392
2003-06-05,14.849081993103027,22.40261650085449,22.436134338378903,21.59821319580078,21.651840209960938,2182190
2003-06-06,15.022361755371094,22.664047241210938,23.26064682006836,22.576904296875,22.75789451599121,2557376
2003-06-09,14.484734535217283,21.852941513061523,22.63053131103516,21.72557830810547,22.59031105041504,1844897
2003-06-10,14.44475269317627,21.792612075805664,22.167999267578125,21.671951293945312,21.98700904846192,1614713
2003-06-11,14.386993408203123,21.705467224121094,21.83283233642578,21.48425674438477,21.83283233642578,2014961
2003-06-12,14.395878791809082,21.71887588500977,21.9467887878418,21.571401596069336,21.83283233642578,1594425
2003-06-13,14.098180770874023,21.269750595092773,21.72557830810547,21.1759033203125,21.72557830810547,961160
2003-06-16,14.54694652557373,21.9467887878418,21.9467887878418,21.27645301818848,21.3166732788086,1920530
2003-06-17,14.560272216796877,21.96689987182617,22.05404281616211,21.671951293945312,21.9467887878418,1117202
2003-06-18,14.542502403259276,21.94008445739746,22.1881103515625,21.75909423828125,22.00041580200196,1306211
2003-06-19,14.080404281616213,21.242935180664062,21.993711471557617,21.19601249694824,21.96689987182617,1957676
2003-06-20,14.040423393249512,21.182605743408203,21.40381622314453,21.035131454467773,21.242935180664062,1565186
2003-06-23,13.818263053894045,20.84743881225586,21.182605743408203,20.71337127685547,21.11557388305664,929236
2003-06-24,13.77827262878418,20.787107467651367,21.02842903137207,20.66644859313965,20.94798851013184,850619
2003-06-25,13.436148643493652,20.27095031738281,20.901065826416016,20.2374324798584,20.56589698791504,1956483
2003-06-26,13.560561180114746,20.45864486694336,20.49216079711914,20.18380546569824,20.22402572631836,1065735
2003-06-27,13.35173511505127,20.143585205078125,20.49216079711914,19.96929931640625,20.445236206054688,1266679
2003-06-30,13.31174373626709,20.083255767822266,20.32457733154297,19.90896797180176,20.170398712158203,1123765
2003-07-01,13.356170654296877,20.15028953552246,20.22402572631836,19.553691864013672,20.083255767822266,1265485
2003-07-02,13.711626052856444,20.68655776977539,20.71337127685547,20.15028953552246,20.15028953552246,1191194
2003-07-03,13.596109390258787,20.512269973754883,20.807218551635746,20.331279754638672,20.58600616455078,604772
2003-07-07,13.920454978942873,21.001615524291992,21.2496395111084,20.64633750915528,20.64633750915528,906113
2003-07-08,14.044861793518066,21.189308166503903,21.22282600402832,20.84743881225586,20.84743881225586,1213571
2003-07-09,13.907133102416992,20.981504440307617,21.39040946960449,20.95469284057617,21.10216522216797,1325754
2003-07-10,13.787166595458984,20.800514221191406,21.04853820800781,20.619524002075195,20.98820877075196,1042910
2003-07-11,14.075968742370604,21.23623275756836,21.3166732788086,20.9345817565918,20.9345817565918,923120
2003-07-14,14.329224586486816,21.61832427978516,21.91997528076172,21.450740814208984,21.450740814208984,1342909
2003-07-15,14.213704109191896,21.44403648376465,21.785907745361328,21.242935180664062,21.74568748474121,1071851
2003-07-16,14.195934295654297,21.417224884033203,21.58480834960937,21.182605743408203,21.55129051208496,1089902
2003-07-17,14.338111877441406,21.631731033325195,21.785907745361328,21.216123580932617,21.35018920898437,2225452
2003-07-18,15.342269897460938,23.146690368652344,23.327680587768555,21.9534912109375,21.9534912109375,2720130
2003-07-21,14.991263389587402,22.61712455749512,22.985809326171875,22.61042022705078,22.97910690307617,2068964
2003-07-22,15.355599403381348,23.16679954528809,23.26064682006836,22.764598846435547,22.824928283691406,1486270
2003-07-23,15.524444580078123,23.421527862548828,23.488561630249023,22.865148544311523,23.173503875732425,1779855
2003-07-24,15.77326488494873,23.79691505432129,24.339887619018555,23.42823028564453,23.495264053344727,2307799
2003-07-25,16.177589416503906,24.40692138671875,24.487361907958984,23.41482353210449,23.79691505432129,1891590
2003-07-28,15.871017456054688,23.94438934326172,24.40692138671875,23.85724449157715,24.40692138671875,1789104
2003-07-29,15.893228530883787,23.9779052734375,24.212522506713867,23.689661026000977,23.95779609680176,1257877
2003-07-30,15.94654369354248,24.05834579467773,24.23933792114257,23.79691505432129,24.09856605529785,998455
2003-07-31,16.26645278930664,24.54098892211914,24.936485290527344,24.09856605529785,24.09856605529785,1508498
2003-08-01,16.306442260742188,24.601318359375,24.715274810791016,24.12537956237793,24.500768661499023,1031274
2003-08-04,15.982088088989258,24.11197280883789,24.500768661499023,23.877355575561523,24.500768661499023,1503873
2003-08-05,15.719938278198242,23.71647453308105,24.15889549255371,23.636035919189453,24.132083892822266,1141219
2003-08-06,15.475570678710938,23.347789764404297,23.729881286621094,23.213722229003903,23.696365356445312,1201637
2003-08-07,15.919880867004396,24.018125534057617,24.199115753173828,23.421527862548828,23.595813751220703,1626946
2003-08-08,16.08428192138672,24.266149520874023,24.266149520874023,23.99131202697754,24.09186363220215,1076028
2003-08-11,16.146493911743164,24.359996795654297,24.594615936279297,24.205820083618164,24.30636978149414,1046491
2003-08-12,16.461950302124023,24.835935592651367,24.86945152282715,24.23933792114257,24.359996795654297,1788507
2003-08-13,16.439735412597656,24.802419662475582,25.043739318847656,24.72868156433105,24.90296936035156,988460
2003-08-14,16.879610061645508,25.46605110168457,25.53978729248047,24.755495071411133,24.822528839111328,1559517
2003-08-15,16.697429656982422,25.19121360778809,25.499568939208984,25.043739318847656,25.43923759460449,672051
2003-08-18,16.88849639892578,25.47945785522461,25.53308486938477,25.204620361328125,25.33868789672852,1350816
2003-08-19,16.919593811035156,25.52638053894043,25.66715240478516,25.43923759460449,25.499568939208984,1283536
2003-08-20,16.8707275390625,25.45264434814453,25.566600799560547,25.392314910888672,25.53308486938477,1272646
2003-08-21,17.01290512084961,25.66715240478516,25.77440452575684,25.33868789672852,25.620227813720703,1098107
2003-08-22,16.879610061645508,25.46605110168457,26.0023193359375,25.40572166442871,25.74088859558105,1429135
2003-08-25,16.79518699645996,25.33868789672852,25.46605110168457,25.030332565307617,25.392314910888672,1107654
2003-08-26,16.613019943237305,25.0638484954834,25.117475509643555,24.835935592651367,25.07055282592773,1245794
2003-08-27,16.77808380126953,25.211322784423828,25.2984676361084,24.9163761138916,24.936485290527344,845397
2003-08-28,16.720090866088867,25.12417984008789,25.24484062194824,24.66835021972656,25.218027114868164,805268
2003-08-29,16.960983276367188,25.486160278320312,25.506271362304688,25.15099334716797,25.204620361328125,855691
2003-09-02,17.06804847717285,25.64704132080078,25.79451560974121,25.157695770263672,25.58671188354492,1467325
2003-09-03,17.050203323364258,25.620227813720703,25.948692321777344,25.620227813720703,25.626930236816406,2110883
2003-09-04,16.97882652282715,25.51297378540039,25.64033889770508,25.07055282592773,25.52638053894043,1755091
2003-09-05,16.916372299194336,25.41912651062012,25.66044807434082,25.3051700592041,25.47275352478028,1564888
2003-09-08,16.85837745666504,25.33198356628418,25.47275352478028,25.17110252380371,25.33198356628418,967724
2003-09-09,16.69331932067871,25.083959579467773,25.33868789672852,25.043739318847656,25.3051700592041,642514
2003-09-10,16.184755325317383,24.31977653503418,24.9834098815918,24.27285385131836,24.9834098815918,1184630
2003-09-11,16.29183006286621,24.48065757751465,24.701868057250977,24.40021705627441,24.487361907958984,1066630
2003-09-12,16.282901763916016,24.46725082397461,24.494064331054688,24.09856605529785,24.33318328857422,787665
2003-09-15,16.113386154174805,24.212522506713867,24.500768661499023,24.165599822998047,24.500768661499023,826899
2003-09-16,16.439044952392578,24.701868057250977,24.72868156433105,24.29966735839844,24.29966735839844,619540
2003-09-17,16.34981346130371,24.567800521850582,24.789012908935547,24.40692138671875,24.688461303710938,926252
2003-09-18,16.572864532470703,24.90296936035156,25.07055282592773,24.554393768310547,24.66835021972656,973542
2003-09-19,16.58179473876953,24.9163761138916,25.050443649291992,24.755495071411133,24.949892044067383,621331
2003-09-22,16.376588821411133,24.608020782470703,24.76890182495117,24.29966735839844,24.76890182495117,1014865
2003-09-23,16.514881134033203,24.815824508666992,24.90296936035156,24.57450485229492,24.601318359375,860912
2003-09-24,16.015241622924805,24.06504821777344,24.86945152282715,24.031532287597656,24.82923126220703,1829979
2003-09-25,15.796648979187012,23.73658561706543,24.199115753173828,23.71647453308105,24.132083892822266,1304272
2003-09-26,15.89478874206543,23.88405990600586,24.05164337158203,23.609220504760746,23.73658561706543,1396315
2003-09-29,16.07769203186035,24.15889549255371,24.2862606048584,23.776805877685547,23.88405990600586,1122274
2003-09-30,15.778797149658203,23.70977020263672,23.95779609680176,23.33438491821289,23.93098258972168,1275480
2003-10-01,16.140140533447266,24.252742767333984,24.252742767333984,23.609220504760746,23.72317886352539,1541914
2003-10-02,16.31412696838379,24.51417350769043,24.66835021972656,24.192413330078125,24.252742767333984,1108102
2003-10-03,16.73792839050293,25.15099334716797,25.553194046020508,24.86945152282715,24.86945152282715,2189202
2003-10-06,16.849456787109375,25.31857681274414,25.53978729248047,25.10407066345215,25.12417984008789,871802
2003-10-07,16.94759750366211,25.46605110168457,25.506271362304688,24.849342346191406,24.90296936035156,1167624
2003-10-08,17.05465316772461,25.626930236816406,25.714075088500977,25.41242408752441,25.46605110168457,1495221
2003-10-09,17.126041412353516,25.73418426513672,26.0023193359375,25.65374565124512,25.73418426513672,1559368
2003-10-10,17.126041412353516,25.73418426513672,25.801219940185547,25.546491622924805,25.77440452575684,1185973
2003-10-13,17.255413055419922,25.92858123779297,26.13638687133789,25.74088859558105,25.975505828857425,854646
2003-10-14,17.219728469848633,25.874956130981445,26.042539596557617,25.693965911865234,26.042539596557617,962950
2003-10-15,17.621217727661133,26.47825813293457,26.531885147094727,25.861549377441406,25.874956130981445,1876523
2003-10-16,17.616758346557617,26.471553802490234,26.66595268249512,26.29726791381836,26.37770652770996,1098853
2003-10-17,17.313400268554688,26.01572608947754,26.74639129638672,25.81462478637696,26.679357528686523,1081697
2003-10-20,17.656906127929688,26.531885147094727,26.592214584350582,26.14979362487793,26.20342063903809,1308897
2003-10-21,17.558765411376953,26.384410858154297,26.632434844970703,26.35089492797852,26.578807830810547,1067823
2003-10-22,17.282182693481445,25.96880340576172,26.263750076293945,25.88165855407715,26.216827392578125,1008152
2003-10-23,17.08588981628418,25.67385482788086,25.901769638061523,25.47945785522461,25.895065307617188,1383486
2003-10-24,17.22864532470703,25.888362884521484,25.91517639160156,25.47945785522461,25.553194046020508,1179708
2003-10-27,17.353561401367188,26.0760555267334,26.223529815673828,25.975505828857425,25.975505828857425,1241766
2003-10-28,17.496315002441406,26.290563583374023,26.324079513549805,26.06935310363769,26.243640899658203,1393929
2003-10-29,17.358016967773438,26.08275985717773,26.236936569213867,26.062650680541992,26.21012306213379,1357678
2003-10-30,17.433856964111328,26.19671630859375,26.27045440673828,26.00902366638184,26.243640899658203,1203875
2003-10-31,17.407087326049805,26.15649604797364,26.42463111877441,26.06935310363769,26.29726791381836,1799845
2003-11-03,17.589996337890625,26.43133354187012,26.49166488647461,26.243640899658203,26.29726791381836,1105566
2003-11-04,17.656906127929688,26.531885147094727,26.605621337890625,26.169902801513672,26.243640899658203,1532367
2003-11-05,17.866586685180664,26.846942901611328,26.88045883178711,26.572105407714844,26.645841598510746,1941565
2003-11-06,17.879955291748047,26.86705207824707,27.11507606506348,26.54529190063477,27.11507606506348,1468369
2003-11-07,17.732749938964844,26.645841598510746,26.974306106567383,26.625732421875,26.907272338867188,1331721
2003-11-10,17.47846794128418,26.263750076293945,26.779909133911133,26.20342063903809,26.712875366210938,796914
2003-11-11,17.41600799560547,26.169902801513672,26.3106746673584,26.062650680541992,26.3106746673584,868073
2003-11-12,17.54984474182129,26.37100410461425,26.384410858154297,26.129682540893555,26.15649604797364,768272
2003-11-13,17.393709182739258,26.13638687133789,26.458147048950195,25.95539665222168,26.35759735107422,1074387
2003-11-14,17.192962646484375,25.834735870361328,26.277156829833984,25.727481842041016,26.08275985717773,713523
2003-11-17,16.862844467163086,25.33868789672852,25.74088859558105,25.07055282592773,25.74088859558105,1151065
2003-11-18,16.608558654785156,24.95659637451172,25.553194046020508,24.92978286743164,25.519678115844727,1110936
2003-11-19,16.684396743774414,25.07055282592773,25.1308822631836,24.95659637451172,25.07055282592773,750221
2003-11-20,16.541635513305664,24.85604476928711,25.07725524902344,24.822528839111328,25.00351905822754,934905
2003-11-21,16.56841468811035,24.89626693725586,25.03703689575196,24.76890182495117,25.010223388671875,904174
2003-11-24,16.706703186035156,25.10407066345215,25.1308822631836,24.82923126220703,25.00351905822754,1311283
2003-11-25,17.356155395507812,25.975505828857425,26.055946350097656,24.99681663513184,25.10407066345215,4583972
2003-11-26,17.12772560119629,25.633634567260746,26.00902366638184,25.47275352478028,26.00902366638184,1585624
2003-11-28,17.19490623474121,25.73418426513672,25.73418426513672,25.53978729248047,25.64033889770508,485428
2003-12-01,17.24417495727539,25.80792236328125,25.96880340576172,25.64033889770508,25.91517639160156,1548776
2003-12-02,17.087413787841797,25.573305130004883,25.77440452575684,25.52638053894043,25.77440452575684,1242661
2003-12-03,17.029190063476562,25.486160278320312,25.787811279296875,25.43923759460449,25.67385482788086,1467026
2003-12-04,17.091890335083008,25.580007553100582,25.67385482788086,25.47275352478028,25.573305130004883,1352158
2003-12-05,16.917217254638672,25.31857681274414,25.486160278320312,25.291763305664062,25.47275352478028,974288
2003-12-08,17.087413787841797,25.573305130004883,25.633634567260746,25.33868789672852,25.35879707336425,935352
2003-12-09,17.051584243774414,25.519678115844727,25.76099967956543,25.47275352478028,25.67385482788086,1112577
2003-12-10,17.020233154296875,25.47275352478028,25.606821060180664,25.224729537963867,25.606821060180664,1186271
2003-12-11,17.100858688354492,25.593414306640625,25.68055725097656,25.506271362304688,25.53978729248047,2223065
2003-12-12,17.1322078704834,25.64033889770508,25.68055725097656,24.923078536987305,25.626930236816406,1489851
2003-12-15,16.930654525756836,25.33868789672852,25.94198989868164,25.3051700592041,25.94198989868164,1165088
2003-12-16,16.939611434936523,25.352094650268555,25.47275352478028,25.030332565307617,25.2984676361084,1426450
2003-12-17,16.881383895874023,25.264949798583984,25.445941925048828,25.10407066345215,25.3655014038086,1749571
2003-12-18,17.177001953125,25.70737266540528,25.727481842041016,25.3655014038086,25.3655014038086,2762198
2003-12-19,17.18147850036621,25.714075088500977,25.84143829345703,25.60011863708496,25.74088859558105,2620180
2003-12-22,17.692087173461914,26.47825813293457,26.51177406311035,25.81462478637696,25.82132911682129,2119386
2003-12-23,17.669696807861328,26.44474029541016,26.645841598510746,26.37100410461425,26.47825813293457,986968
2003-12-24,17.503963470458984,26.19671630859375,26.41122436523437,26.15649604797364,26.41122436523437,404723
2003-12-26,17.49949073791504,26.190013885498047,26.324079513549805,26.176607131958008,26.277156829833984,175882
2003-12-29,17.799592971801758,26.639137268066406,26.706172943115234,26.10957336425781,26.3106746673584,623121
2003-12-30,17.741350173950195,26.55199432373047,26.67265510559082,26.44474029541016,26.51177406311035,552857
2003-12-31,17.80405616760254,26.645841598510746,26.6994686126709,26.41792678833008,26.531885147094727,578367
2004-01-02,17.660730361938477,26.43133354187012,26.846942901611328,26.37100410461425,26.645841598510746,1053055
2004-01-05,18.332578659057617,27.43683815002441,27.43683815002441,26.498367309570312,26.51177406311035,1753599
2004-01-06,18.113115310668945,27.108373641967773,27.30947494506836,27.03463554382324,27.262550354003903,1131821
2004-01-07,18.47591018676757,27.651344299316406,27.792116165161133,26.987712860107425,27.0145263671875,1876523
2004-01-08,18.94173049926757,28.348493576049805,28.42893409729004,27.59771728515625,27.664751052856445,2337337
2004-01-09,18.9372501373291,28.3417911529541,28.616628646850582,28.26805305480957,28.288164138793945,2033011
2004-01-12,18.8790225982666,28.25464630126953,28.321680068969727,28.16080093383789,28.22113037109375,1282939
2004-01-13,19.04474449157715,28.502670288085938,28.556297302246094,28.22113037109375,28.22113037109375,1514167
2004-01-14,19.71659469604492,29.508174896240234,29.581911087036133,28.603221893310547,28.603221893310547,3127836
2004-01-15,19.59566307067871,29.327184677124023,29.494768142700195,28.790916442871094,29.494768142700195,3325200
2004-01-16,19.591175079345703,29.320480346679688,29.407623291015625,29.012126922607425,29.360700607299805,2300191
2004-01-20,19.40306282043457,29.0389404296875,29.47465705871582,29.018829345703125,29.320480346679688,1797159
2004-01-21,19.335878372192383,28.93838882446289,29.092567443847656,28.75739860534668,29.092567443847656,1762550
2004-01-22,19.2418155670166,28.7976188659668,28.985313415527344,28.616628646850582,28.958499908447266,1100941
2004-01-23,19.45233154296875,29.1126766204834,29.28026008605957,28.790916442871094,28.81102561950684,1678860
2004-01-26,19.550870895385746,29.260150909423828,29.374107360839844,28.35519790649414,29.1126766204834,1710785
2004-01-27,18.76704406738281,28.08706283569336,28.321680068969727,27.490463256835938,28.154096603393555,3867913
2004-01-28,18.5878849029541,27.81892967224121,28.569704055786133,27.7854118347168,28.24123954772949,3113515
2004-01-29,18.20716667175293,27.249143600463867,27.946292877197266,26.88045883178711,27.885963439941406,1744350
2004-01-30,18.50726890563965,27.69826889038086,27.738489151000977,27.17540740966797,27.28265953063965,2074185
2004-02-02,18.417675018310547,27.56420135498047,28.0267333984375,27.289363861083984,27.95299530029297,1550119
2004-02-03,18.10416030883789,27.09496688842773,27.604421615600582,26.947492599487305,27.51727867126465,1714216
2004-02-04,17.745840072631836,26.558698654174805,27.229034423828125,26.471553802490234,26.947492599487305,2057178
2004-02-05,17.736881256103516,26.54529190063477,26.706172943115234,26.283859252929688,26.558698654174805,1631869
2004-02-06,18.05488586425781,27.02123069763184,27.30947494506836,26.65924835205078,26.67265510559082,1864141
2004-02-09,18.09967422485352,27.0882625579834,27.302770614624023,26.846942901611328,27.12848281860352,915810
2004-02-10,18.157901763916016,27.17540740966797,27.17540740966797,26.712875366210938,27.02123069763184,1285028
2004-02-11,18.672992706298828,27.946292877197266,27.986513137817383,27.068153381347656,27.17540740966797,1647235
2004-02-12,18.51621627807617,27.7116756439209,27.83233642578125,27.570905685424805,27.792116165161133,929236
2004-02-13,18.23851776123047,27.296066284179688,27.946292877197266,27.19551658630371,27.58431053161621,930579
2004-02-17,18.399768829345703,27.53738784790039,27.751895904541016,27.3295841217041,27.59771728515625,893433
2004-02-18,18.301240921020508,27.38991355895996,27.68486213684082,27.262550354003903,27.68486213684082,847486
2004-02-19,18.22061347961425,27.26925468444824,27.81892967224121,27.24243927001953,27.41672706604004,1150021
2004-02-20,18.063844680786133,27.03463554382324,27.37650680541992,26.73298454284668,27.349693298339844,911335
2004-02-23,17.80405616760254,26.645841598510746,27.349693298339844,26.53858757019043,27.302770614624023,1371850
2004-02-24,17.530834197998047,26.236936569213867,26.645841598510746,25.98891258239746,26.645841598510746,1974981
2004-02-25,17.63875389099121,26.29726791381836,26.438037872314453,26.1430892944336,26.250343322753903,1188211
2004-02-26,17.845584869384766,26.605621337890625,26.632434844970703,26.216827392578125,26.498367309570312,1240871
2004-02-27,17.620765686035156,26.27045440673828,26.66595268249512,26.129682540893555,26.59891891479492,1468966
2004-03-01,18.083879470825195,26.960899353027344,26.994415283203125,26.41122436523437,26.45144462585449,1140026
2004-03-02,17.984954833984375,26.81342506408692,27.296066284179688,26.739688873291016,26.960899353027344,1075282
2004-03-03,18.092866897583008,26.974306106567383,27.108373641967773,26.66595268249512,26.74639129638672,656686
2004-03-04,18.02092361450196,26.86705207824707,27.11507606506348,26.78661155700684,27.06144905090332,519292
2004-03-05,18.609935760498047,27.74519157409668,27.76530265808105,26.88045883178711,26.88045883178711,2380449
2004-03-08,18.13333511352539,27.03463554382324,27.852445602416992,27.03463554382324,27.74519157409668,922970
2004-03-09,17.877056121826172,26.65254592895508,27.20892333984375,26.498367309570312,27.16200065612793,877620
2004-03-10,17.031757354736328,25.392314910888672,26.80672264099121,25.33868789672852,26.74639129638672,1807453
2004-03-11,17.063230514526367,25.43923759460449,26.04924392700196,25.372203826904297,25.392314910888672,1559816
2004-03-12,17.602779388427734,26.243640899658203,26.44474029541016,25.613525390625,25.64033889770508,1555042
2004-03-15,17.332998275756836,25.84143829345703,26.243640899658203,25.64704132080078,26.243640899658203,1004422
2004-03-16,17.490381240844727,26.0760555267334,26.21012306213379,26.00902366638184,26.00902366638184,1161060
2004-03-17,17.652238845825195,26.3173770904541,26.471553802490234,26.12298011779785,26.19671630859375,890897
2004-03-18,17.400447845458984,25.94198989868164,26.324079513549805,25.506271362304688,26.15649604797364,948331
2004-03-19,17.310523986816406,25.80792236328125,26.277156829833984,25.70737266540528,25.975505828857425,885676
2004-03-22,16.937341690063477,25.251543045043945,25.67385482788086,24.815824508666992,25.573305130004883,1185675
2004-03-23,16.519189834594727,24.62813186645508,25.47275352478028,24.40692138671875,25.251543045043945,2662099
2004-03-24,16.61361312866211,24.76890182495117,25.07055282592773,24.45384407043457,24.73538589477539,1155093
2004-03-25,17.045246124267578,25.41242408752441,25.43923759460449,24.708572387695312,24.90296936035156,984880
2004-03-26,16.874385833740234,25.157695770263672,25.506271362304688,25.03703689575196,25.204620361328125,1537588
2004-03-29,17.319515228271484,25.82132911682129,26.08275985717773,25.3655014038086,25.37890625,685328
2004-03-30,17.553316116333008,26.169902801513672,26.33078384399414,25.573305130004883,25.70737266540528,1210140
2004-03-31,17.431926727294922,25.98891258239746,26.250343322753903,25.77440452575684,26.21012306213379,780505
2004-04-01,17.598285675048828,26.236936569213867,26.46485137939453,25.94198989868164,26.042539596557617,745447
2004-04-02,18.13333511352539,27.03463554382324,27.04804229736328,26.6994686126709,26.779909133911133,1481049
2004-04-05,18.31319046020508,27.302770614624023,27.38321113586425,26.960899353027344,26.994415283203125,603280
2004-04-06,18.59195327758789,27.7183780670166,27.89936828613281,27.14859390258789,27.302770614624023,1889352
2004-04-07,18.389623641967773,27.41672706604004,27.77200508117676,27.26925468444824,27.73178482055664,837789
2004-04-08,18.47954750061035,27.55079460144043,27.83233642578125,27.42343139648437,27.51727867126465,1232964
2004-04-12,18.546987533569336,27.651344299316406,27.859149932861328,27.544090270996094,27.644641876220703,492887
2004-04-13,18.169301986694336,27.0882625579834,27.912776947021484,27.00111961364746,27.885963439941406,887317
2004-04-14,18.45256996154785,27.510574340820312,27.70497131347656,26.987712860107425,26.987712860107425,923866
2004-04-15,18.37164306640625,27.38991355895996,27.885963439941406,27.13518714904785,27.570905685424805,1367524
2004-04-16,18.13333511352539,27.03463554382324,27.363100051879883,27.0145263671875,27.363100051879883,1568319
2004-04-19,18.07488822937012,26.947492599487305,27.08156013488769,26.645841598510746,27.04804229736328,1433610
2004-04-20,18.12434196472168,27.02123069763184,27.46365165710449,26.81342506408692,27.41672706604004,1348727
2004-04-21,18.569475173950195,27.68486213684082,27.70497131347656,27.0145263671875,27.08156013488769,1427792
2004-04-22,18.94715690612793,28.247943878173828,28.41552734375,27.490463256835938,27.58431053161621,1370955
2004-04-23,18.83924102783203,28.08706283569336,28.3417911529541,27.7854118347168,28.288164138793945,1148827
2004-04-26,18.81226921081543,28.04684257507324,28.38201141357422,28.01332664489746,28.08706283569336,969067
2004-04-27,18.88421058654785,28.154096603393555,28.69706916809082,28.07365608215332,28.120580673217773,1341268
2004-04-28,18.636913299560547,27.7854118347168,28.154096603393555,27.591014862060547,28.154096603393555,1431820
2004-04-29,18.47504425048828,27.544090270996094,27.999919891357425,27.46365165710449,27.751895904541016,1330677
2004-04-30,17.998449325561523,26.83353614807129,27.68486213684082,26.75979804992676,27.651344299316406,1195521
2004-05-03,18.065893173217773,26.934085845947266,27.249143600463867,26.68606185913086,26.846942901611328,1286818
2004-05-04,18.056894302368164,26.920679092407227,27.04804229736328,26.632434844970703,26.934085845947266,1325157
2004-05-05,17.55780792236328,26.176607131958008,26.913976669311523,26.13638687133789,26.86705207824707,2552751
2004-05-06,17.548818588256836,26.16320037841797,26.397817611694336,25.921878814697266,26.11627578735352,1050220
2004-05-07,17.063230514526367,25.43923759460449,26.176607131958008,25.372203826904297,26.042539596557617,1222224
2004-05-10,16.53717041015625,24.65494537353516,25.47275352478028,24.46725082397461,25.13758659362793,1752555
2004-05-11,16.6855411529541,24.876155853271484,24.97670555114746,24.66164779663086,24.66164779663086,1657379
2004-05-12,16.672056198120117,24.85604476928711,24.95659637451172,24.2929630279541,24.909671783447266,1197311
2004-05-13,16.672056198120117,24.85604476928711,25.13758659362793,24.500768661499023,24.601318359375,934308
2004-05-14,16.631591796875,24.79571533203125,25.03703689575196,24.46725082397461,24.73538589477539,912080
2004-05-17,16.240421295166016,24.212522506713867,24.433734893798828,23.79691505432129,24.433734893798828,1442113
2004-05-18,16.58213233947754,24.72197723388672,24.72197723388672,24.17230224609375,24.17230224609375,1028738
2004-05-19,16.47422218322754,24.561098098754883,25.211322784423828,24.547691345214844,24.775604248046875,1185973
2004-05-20,16.199947357177734,24.152193069458008,24.52758026123047,24.152193069458008,24.51417350769043,1528339
2004-05-21,16.406780242919922,24.46054649353028,24.594615936279297,24.2862606048584,24.447141647338867,1097659
2004-05-24,16.739503860473633,24.95659637451172,25.12417984008789,24.601318359375,24.76890182495117,1363944
2004-05-25,17.175636291503906,25.606821060180664,25.68055725097656,24.842639923095703,24.970001220703125,1379757
2004-05-26,17.378765106201172,25.80792236328125,25.874956130981445,25.40572166442871,25.40572166442871,1381248
2004-05-27,17.599945068359375,26.13638687133789,26.48496055603028,25.95539665222168,26.19671630859375,1574286
2004-05-28,17.586406707763672,26.11627578735352,26.290563583374023,26.042539596557617,26.21012306213379,668620
2004-06-01,17.45549964904785,25.921878814697266,26.04924392700196,25.566600799560547,25.88165855407715,1573242
2004-06-02,17.771480560302734,26.39111328125,26.51177406311035,25.96880340576172,26.176607131958008,1014119
2004-06-03,17.56382942199707,26.08275985717773,26.37100410461425,25.9956169128418,26.3106746673584,860464
2004-06-04,17.83016014099121,26.47825813293457,26.565401077270508,26.176607131958008,26.223529815673828,1016953
2004-06-07,18.3718318939209,27.28265953063965,27.28265953063965,26.54529190063477,26.565401077270508,1286669
2004-06-08,18.59753799438477,27.617828369140625,27.617828369140625,27.12178039550781,27.28265953063965,2362995
2004-06-09,18.86837577819824,28.020029067993164,28.22113037109375,27.51727867126465,27.55079460144043,3986660
2004-06-10,18.850318908691406,27.99321556091309,28.288164138793945,27.86585235595703,27.986513137817383,1490447
2004-06-14,18.43954849243164,27.38321113586425,27.912776947021484,27.21562767028809,27.7854118347168,1522521
2004-06-15,18.638164520263672,27.678157806396484,27.81892967224121,27.50387191772461,27.55079460144043,1483138
2004-06-16,18.70136070251465,27.77200508117676,27.932886123657227,27.490463256835938,27.67145538330078,1291890
2004-06-17,18.65621566772461,27.70497131347656,27.77200508117676,27.43683815002441,27.77200508117676,1083040
2004-06-18,18.624624252319336,27.658048629760746,28.10717391967773,27.490463256835938,27.55749893188477,827496
2004-06-21,18.45760154724121,27.410024642944336,27.69826889038086,27.38991355895996,27.55079460144043,645796
2004-06-22,18.52983283996582,27.51727867126465,27.544090270996094,27.26925468444824,27.3295841217041,1428389
2004-06-23,18.832258224487305,27.966402053833008,27.986513137817383,27.43013381958008,27.51727867126465,1121379
2004-06-24,18.71038627624512,27.7854118347168,27.973106384277344,27.738489151000977,27.966402053833008,772747
2004-06-25,18.791637420654297,27.90607261657715,28.14068984985352,27.604421615600582,27.812225341796875,1447036
2004-06-28,18.877403259277344,28.033435821533203,28.422231674194336,27.89936828613281,28.08706283569336,1383934
2004-06-29,18.80968475341797,27.932886123657227,27.99321556091309,27.82563209533692,27.926183700561523,1218643
2004-06-30,19.00379753112793,28.22113037109375,28.22113037109375,27.912776947021484,28.020029067993164,1207902
2004-07-01,18.836769104003903,27.973106384277344,28.40212059020996,27.725082397460938,28.328384399414062,1174188
2004-07-02,18.47114562988281,27.43013381958008,27.89266586303711,27.16870307922364,27.885963439941406,929684
2004-07-06,18.281566619873047,27.14859390258789,27.302770614624023,26.98100852966309,27.262550354003903,831673
2004-07-07,18.45308303833008,27.4033203125,27.483760833740234,27.14859390258789,27.14859390258789,690102
2004-07-08,18.14613914489746,26.947492599487305,27.36980438232422,26.947492599487305,27.28265953063965,645945
2004-07-09,18.520795822143555,27.50387191772461,27.530685424804688,27.04804229736328,27.11507606506348,739928
2004-07-12,18.344745635986328,27.24243927001953,27.51727867126465,27.054746627807617,27.483760833740234,706661
2004-07-13,18.1957950592041,27.02123069763184,27.37650680541992,27.00111961364746,27.28265953063965,1217151
2004-07-14,17.893356323242188,26.572105407714844,26.907272338867188,26.44474029541016,26.88045883178711,1259966
2004-07-15,17.7579402923584,26.37100410461425,26.75979804992676,26.337486267089844,26.572105407714844,1227743
2004-07-16,17.46001434326172,25.92858123779297,26.458147048950195,25.566600799560547,26.44474029541016,2577813
2004-07-19,17.423904418945312,25.874956130981445,26.37100410461425,25.70737266540528,26.21012306213379,2120281
2004-07-20,17.965574264526367,26.679357528686523,26.920679092407227,26.46485137939453,26.65254592895508,3076966
2004-07-21,18.258989334106445,27.11507606506348,27.617828369140625,26.68606185913086,26.79331588745117,3384424
2004-07-22,17.920440673828125,26.61232566833496,27.11507606506348,26.18330955505371,27.11507606506348,2038680
2004-07-23,17.59092140197754,26.12298011779785,26.578807830810547,25.98891258239746,26.578807830810547,1488806
2004-07-26,17.40133285522461,25.84143829345703,26.223529815673828,25.79451560974121,26.21012306213379,1352308
2004-07-27,17.69474983215332,26.277156829833984,26.34419059753418,25.65374565124512,25.962099075317383,1462700
2004-07-28,17.708293914794922,26.29726791381836,26.43133354187012,25.9956169128418,26.3106746673584,1185227
2004-07-29,17.902381896972656,26.58551025390625,26.6994686126709,26.41122436523437,26.47825813293457,1061409
2004-07-30,17.911407470703125,26.59891891479492,26.66595268249512,26.438037872314453,26.625732421875,622524
2004-08-02,17.88433074951172,26.558698654174805,26.625732421875,26.236936569213867,26.43133354187012,769316
2004-08-03,17.753421783447266,26.364301681518555,26.619028091430664,26.3106746673584,26.558698654174805,928788
2004-08-04,17.717313766479492,26.3106746673584,26.47825813293457,26.08946228027344,26.290563583374023,794975
2004-08-05,17.383275985717773,25.81462478637696,26.397817611694336,25.80792236328125,26.35759735107422,764692
2004-08-06,17.053756713867188,25.325279235839844,25.53308486938477,25.17110252380371,25.506271362304688,1665136
2004-08-09,17.130495071411133,25.43923759460449,25.700668334960938,25.218027114868164,25.47275352478028,1111980
2004-08-10,17.26591682434082,25.64033889770508,25.64033889770508,25.34539031982422,25.445941925048828,2118640
2004-08-11,16.999582290649414,25.24484062194824,25.47945785522461,24.889562606811523,25.47275352478028,1764191
2004-08-12,16.7332706451416,24.849342346191406,25.238136291503903,24.822528839111328,25.211322784423828,2068367
2004-08-13,16.620418548583984,24.681758880615234,25.01692581176757,24.581207275390625,25.01692581176757,789455
2004-08-16,17.00410270690918,25.251543045043945,25.352094650268555,24.72868156433105,24.76890182495117,1099151
2004-08-17,17.184669494628906,25.519678115844727,25.80792236328125,25.28506088256836,25.3051700592041,1329483
2004-08-18,17.32459831237793,25.727481842041016,25.74759292602539,25.3051700592041,25.506271362304688,882543
2004-08-19,17.360708236694336,25.78110885620117,25.81462478637696,25.553194046020508,25.70737266540528,1366629
2004-08-20,17.46001434326172,25.92858123779297,26.03583526611328,25.58671188354492,25.6872615814209,740077
2004-08-23,17.292999267578125,25.68055725097656,26.10957336425781,25.66044807434082,25.908472061157227,859719
2004-08-24,17.3426513671875,25.754295349121094,26.03583526611328,25.58671188354492,25.908472061157227,474986
2004-08-25,17.46904182434082,25.94198989868164,26.02242851257324,25.47275352478028,25.767702102661133,775432
2004-08-26,17.500635147094727,25.98891258239746,26.042539596557617,25.848142623901367,25.975505828857425,414568
2004-08-27,17.568605422973633,25.98891258239746,26.11627578735352,25.85484504699707,26.042539596557617,340277
2004-08-30,17.310314178466797,25.606821060180664,26.042539596557617,25.606821060180664,26.042539596557617,446493
2004-08-31,17.097335815429688,25.291763305664062,25.77440452575684,25.144290924072266,25.70737266540528,1166878
2004-09-01,17.310314178466797,25.606821060180664,25.74759292602539,25.39901733398437,25.70737266540528,1544450
2004-09-02,17.650184631347656,26.10957336425781,26.19671630859375,25.33868789672852,25.47275352478028,1927393
2004-09-03,17.604860305786133,26.042539596557617,26.12298011779785,25.962099075317383,26.11627578735352,1226251
2004-09-07,17.68190574645996,26.15649604797364,26.458147048950195,25.921878814697266,26.176607131958008,1193880
2004-09-08,17.391887664794922,25.727481842041016,26.176607131958008,25.700668334960938,26.176607131958008,848829
2004-09-09,17.43720054626465,25.79451560974121,25.9956169128418,25.459346771240234,25.908472061157227,1332765
2004-09-10,17.51877212524414,25.91517639160156,25.948692321777344,25.566600799560547,25.66715240478516,924015
2004-09-13,17.68190574645996,26.15649604797364,26.458147048950195,25.84143829345703,25.975505828857425,1023815
2004-09-14,17.61845588684082,26.062650680541992,26.223529815673828,25.982208251953125,26.223529815673828,737093
2004-09-15,17.45079231262207,25.81462478637696,26.01572608947754,25.693965911865234,25.982208251953125,889405
2004-09-16,17.62752914428711,26.0760555267334,26.263750076293945,25.84143829345703,25.895065307617188,661311
2004-09-17,17.690967559814453,26.169902801513672,26.42463111877441,26.10957336425781,26.1430892944336,925059
2004-09-20,17.536888122558594,25.94198989868164,26.223529815673828,25.874956130981445,26.13638687133789,608799
2004-09-21,17.71814727783203,26.21012306213379,26.3106746673584,25.975505828857425,26.0760555267334,842265
2004-09-22,17.378284454345703,25.70737266540528,26.01572608947754,25.65374565124512,25.975505828857425,994278
2004-09-23,17.156248092651367,25.37890625,25.64033889770508,25.2984676361084,25.64033889770508,861658
2004-09-24,17.10187339782715,25.2984676361084,25.459346771240234,25.177806854248047,25.31857681274414,1025904
2004-09-27,16.997648239135742,25.144290924072266,25.352094650268555,24.9834098815918,25.31857681274414,950867
2004-09-28,17.142648696899414,25.35879707336425,25.40572166442871,24.849342346191406,25.09066390991211,1291144
2004-09-29,17.514236450195312,25.908472061157227,25.98891258239746,25.25824737548828,25.27165412902832,2058073
2004-09-30,17.613927841186523,26.055946350097656,26.19671630859375,25.727481842041016,25.94198989868164,1381845
2004-10-01,17.96738624572754,26.578807830810547,26.779909133911133,26.00902366638184,26.190013885498047,1583833
2004-10-04,18.10786437988281,26.78661155700684,27.10166931152344,26.364301681518555,26.52518081665039,1063348
2004-10-05,17.9764461517334,26.592214584350582,26.98100852966309,26.471553802490234,26.907272338867188,875830
2004-10-06,18.18489456176757,26.900569915771484,26.900569915771484,26.41122436523437,26.53858757019043,1224014
2004-10-07,17.63204574584961,26.08275985717773,26.900569915771484,26.03583526611328,26.88045883178711,1582491
2004-10-08,17.215160369873047,25.46605110168457,26.00902366638184,25.33868789672852,25.787811279296875,1536395
2004-10-11,17.332975387573242,25.64033889770508,25.714075088500977,25.46605110168457,25.613525390625,894328
2004-10-12,17.088268280029297,25.278356552124023,25.606821060180664,25.231433868408203,25.606821060180664,1766429
2004-10-13,17.0067081451416,25.157695770263672,25.64704132080078,25.09066390991211,25.53978729248047,1418245
2004-10-14,16.721223831176758,24.73538589477539,25.197917938232425,24.69516563415528,25.10407066345215,1161359
2004-10-15,16.707626342773438,24.715274810791016,24.970001220703125,24.66164779663086,24.802419662475582,1425704
2004-10-18,16.512788772583008,24.42703056335449,24.601318359375,24.27285385131836,24.581207275390625,2249768
2004-10-19,16.47652244567871,24.373403549194336,25.117475509643555,24.31977653503418,24.500768661499023,1750914
2004-10-20,16.775604248046875,24.815824508666992,25.12417984008789,23.54218864440918,24.33318328857422,4616792
2004-10-21,16.816387176513672,24.876155853271484,25.13758659362793,24.17900657653809,24.815824508666992,2936887
2004-10-22,16.725751876831055,24.742088317871094,25.25824737548828,24.72868156433105,25.00351905822754,1734355
2004-10-25,16.68950843811035,24.688461303710938,24.755495071411133,24.40692138671875,24.66835021972656,1266082
2004-10-26,16.94326400756836,25.0638484954834,25.09066390991211,24.359996795654297,24.601318359375,1872346
2004-10-27,17.224224090576172,25.47945785522461,25.53308486938477,24.802419662475582,25.010223388671875,2263642
2004-10-28,17.419078826904297,25.767702102661133,25.767702102661133,25.12417984008789,25.486160278320312,1712127
2004-10-29,17.795177459716797,26.324079513549805,26.337486267089844,25.66044807434082,25.66715240478516,2097904
2004-11-01,17.758935928344727,26.27045440673828,26.337486267089844,26.11627578735352,26.324079513549805,1252209
2004-11-02,17.899412155151367,26.47825813293457,26.712875366210938,26.16320037841797,26.27045440673828,1310687
2004-11-03,18.02629470825196,26.66595268249512,26.80672264099121,26.531885147094727,26.712875366210938,1444202
2004-11-04,18.35257339477539,27.14859390258789,27.316177368164062,26.578807830810547,26.71957778930664,1276226
2004-11-05,18.51569366455078,27.38991355895996,27.47705841064453,27.21562767028809,27.47705841064453,818247
2004-11-08,18.54288482666016,27.43013381958008,27.510574340820312,27.09496688842773,27.38991355895996,1310239
2004-11-09,18.488506317138672,27.349693298339844,27.470354080200195,27.1552963256836,27.43683815002441,743210
2004-11-10,18.388816833496094,27.202220916748047,27.42343139648437,27.12848281860352,27.38321113586425,729634
2004-11-11,18.87368965148925,27.919479370117188,28.020029067993164,27.316177368164062,27.36980438232422,1070210
2004-11-12,18.887283325195312,27.93958854675293,27.93958854675293,27.644641876220703,27.885963439941406,1504321
2004-11-15,18.79211807250977,27.79881858825684,27.99321556091309,27.55749893188477,27.99321556091309,1265784
2004-11-16,18.65163993835449,27.591014862060547,27.812225341796875,27.47705841064453,27.617828369140625,915064
2004-11-17,18.76039695739746,27.751895904541016,27.999919891357425,27.55749893188477,27.591014862060547,1258922
2004-11-18,18.74679946899414,27.73178482055664,28.04014015197754,27.651344299316406,27.69826889038086,810639
2004-11-19,18.44318580627441,27.28265953063965,27.73178482055664,27.28265953063965,27.73178482055664,1013522
2004-11-22,18.63804054260254,27.570905685424805,27.631235122680664,27.182109832763672,27.316177368164062,657432
2004-11-23,18.50210189819336,27.36980438232422,27.604421615600582,27.12848281860352,27.604421615600582,1288459
2004-11-24,18.47490882873535,27.3295841217041,27.52398109436035,27.249143600463867,27.46365165710449,1491193
2004-11-26,18.52950668334961,27.302770614624023,27.42343139648437,26.98100852966309,27.28265953063965,643111
2004-11-29,18.433971405029297,27.16200065612793,27.37650680541992,26.78661155700684,27.21562767028809,721131
2004-11-30,18.40211677551269,27.11507606506348,27.17540740966797,26.81342506408692,27.08156013488769,1138534
2004-12-01,18.93439483642578,27.89936828613281,27.89936828613281,26.679357528686523,27.0145263671875,1745991
2004-12-02,18.88890838623047,27.83233642578125,28.07365608215332,27.61112594604492,27.75859832763672,1306062
2004-12-03,18.88890838623047,27.83233642578125,28.006622314453125,27.47705841064453,27.83233642578125,1070658
2004-12-06,18.84796714782715,27.77200508117676,27.885963439941406,27.483760833740234,27.83233642578125,1016506
2004-12-07,18.788818359375,27.68486213684082,28.033435821533203,27.58431053161621,27.76530265808105,1179409
2004-12-08,18.984434127807617,27.973106384277344,28.06024932861328,27.70497131347656,27.70497131347656,1099151
2004-12-09,19.08907699584961,28.12728309631348,28.154096603393555,27.44354057312012,27.932886123657227,1173591
2004-12-10,18.84796714782715,27.77200508117676,28.636737823486328,27.617828369140625,28.636737823486328,1051563
2004-12-13,18.993532180786133,27.986513137817383,28.10717391967773,27.658048629760746,27.81892967224121,1001289
2004-12-14,19.38478279113769,28.56300163269043,28.59651756286621,27.90607261657715,27.986513137817383,1037540
2004-12-15,19.14366340637207,28.20772361755371,28.52948570251465,28.080360412597656,28.48926544189453,1009494
2004-12-16,19.107271194458008,28.154096603393555,28.28146171569824,27.986513137817383,28.18761444091797,1057381
2004-12-17,18.89800453186035,27.845741271972656,28.308273315429688,27.658048629760746,27.95299530029297,1380950
2004-12-20,18.861608505249023,27.792116165161133,28.12728309631348,27.7183780670166,27.852445602416992,764095
2004-12-21,18.81156539916992,27.7183780670166,27.932886123657227,27.58431053161621,27.845741271972656,1264889
2004-12-22,18.775171279907227,27.664751052856445,27.959699630737305,27.59771728515625,27.7183780670166,859420
2004-12-23,18.76606750488281,27.651344299316406,27.885963439941406,27.62453269958496,27.67145538330078,542415
2004-12-27,18.656890869140625,27.490463256835938,27.87925910949707,27.43013381958008,27.59771728515625,778565
2004-12-28,18.93439483642578,27.89936828613281,27.932886123657227,27.450244903564453,27.55079460144043,628939
2004-12-29,19.029935836791992,28.04014015197754,28.10717391967773,27.73178482055664,27.89936828613281,567328
2004-12-30,19.107271194458008,28.154096603393555,28.16080093383789,27.926183700561523,27.99321556091309,539431
2004-12-31,19.07997131347656,28.11387634277344,28.314977645874023,28.10717391967773,28.22113037109375,496319
2005-01-03,18.73422622680664,27.604421615600582,28.22783470153809,27.544090270996094,28.10717391967773,762305
2005-01-04,18.64779090881348,27.47705841064453,28.01332664489746,27.4033203125,27.86585235595703,1330378
2005-01-05,18.283836364746094,26.94078826904297,27.7854118347168,26.907272338867188,27.47705841064453,1176575
2005-01-06,18.11096954345703,26.68606185913086,26.98100852966309,26.625732421875,26.98100852966309,1395122
2005-01-07,17.84711265563965,26.29726791381836,26.726282119750977,26.277156829833984,26.625732421875,1192984
2005-01-10,17.74246597290039,26.1430892944336,26.397817611694336,26.1430892944336,26.18330955505371,1475977
2005-01-11,17.60598373413086,25.94198989868164,26.20342063903809,25.86825180053711,26.14979362487793,1654097
2005-01-12,17.988130569458008,26.50507164001465,26.50507164001465,25.9956169128418,26.042539596557617,1825802
2005-01-13,17.833452224731445,26.277156829833984,26.578807830810547,26.190013885498047,26.50507164001465,898803
2005-01-14,18.25200462341309,26.89386558532715,26.89386558532715,26.303970336914062,26.44474029541016,1240274
2005-01-18,18.07912254333496,26.639137268066406,27.04133987426757,26.3173770904541,26.89386558532715,1373939
2005-01-19,17.76976776123047,26.18330955505371,26.71957778930664,26.10957336425781,26.54529190063477,1189106
2005-01-20,17.56505012512207,25.88165855407715,26.27045440673828,25.64033889770508,26.169902801513672,1336942
2005-01-21,17.53774070739746,25.84143829345703,26.33078384399414,25.64033889770508,25.975505828857425,2030625
2005-01-24,17.656034469604492,26.01572608947754,26.23023223876953,25.64033889770508,25.801219940185547,2041067
2005-01-25,17.783411026000977,26.20342063903809,26.458147048950195,26.00902366638184,26.12298011779785,1075581
2005-01-26,16.941776275634766,24.963298797607425,25.43923759460449,24.69516563415528,25.40572166442871,5304059
2005-01-27,16.98272132873535,25.02362823486328,25.231433868408203,24.76890182495117,24.963298797607425,1779258
2005-01-28,16.914480209350586,24.923078536987305,25.231433868408203,24.72197723388672,25.11077308654785,1381994
2005-01-31,17.424013137817383,25.67385482788086,25.6872615814209,24.876155853271484,25.05714607238769,1916353
2005-02-01,17.296632766723633,25.486160278320312,25.921878814697266,25.325279235839844,25.801219940185547,2632263
2005-02-02,17.219297409057617,25.372203826904297,25.53308486938477,25.28506088256836,25.486160278320312,2380151
2005-02-03,17.010019302368164,25.0638484954834,25.41242408752441,24.97670555114746,25.39901733398437,1654395
2005-02-04,17.205650329589844,25.352094650268555,25.39901733398437,25.01692581176757,25.07055282592773,2396411
2005-02-07,17.47405242919922,25.74759292602539,25.79451560974121,25.211322784423828,25.278356552124023,1457031
2005-02-08,17.75611686706543,26.16320037841797,26.223529815673828,25.64033889770508,25.70737266540528,2037039
2005-02-09,17.328475952148438,25.53308486938477,26.08275985717773,25.47275352478028,26.055946350097656,2005115
2005-02-10,17.173797607421875,25.3051700592041,25.74088859558105,25.164400100708008,25.573305130004883,1544301
2005-02-11,17.69243049621582,26.06935310363769,26.13638687133789,25.25824737548828,25.37890625,1984379
2005-02-14,17.696977615356445,26.0760555267334,26.20342063903809,25.848142623901367,26.06935310363769,1138982
2005-02-15,17.62873649597168,25.975505828857425,26.10957336425781,25.767702102661133,26.0760555267334,1690198
2005-02-16,17.65148162841797,26.00902366638184,26.15649604797364,25.626930236816406,25.82132911682129,1172845
2005-02-17,17.328475952148438,25.53308486938477,26.06935310363769,25.45264434814453,25.935285568237305,1495669
2005-02-18,17.292091369628906,25.47945785522461,25.53978729248047,25.218027114868164,25.425830841064453,992190
2005-02-22,16.9736270904541,25.010223388671875,25.499568939208984,25.010223388671875,25.27165412902832,1120633
2005-02-23,17.18744468688965,25.325279235839844,25.33868789672852,24.89626693725586,25.17110252380371,1027694
2005-02-24,17.388471603393555,25.51297378540039,25.613525390625,25.07055282592773,25.325279235839844,1393630
2005-02-25,17.712844848632812,25.98891258239746,25.98891258239746,25.40572166442871,25.53978729248047,1244750
2005-02-28,17.667163848876953,25.921878814697266,26.03583526611328,25.65374565124512,25.98891258239746,797362
2005-03-01,17.886457443237305,26.243640899658203,26.37100410461425,25.861549377441406,25.861549377441406,1312328
2005-03-02,17.758533477783203,26.055946350097656,26.176607131958008,25.908472061157227,26.0760555267334,788709
2005-03-03,17.744823455810547,26.03583526611328,26.15649604797364,25.85484504699707,26.0760555267334,1099300
2005-03-04,18.101186752319336,26.558698654174805,26.58551025390625,26.06935310363769,26.12298011779785,898803
2005-03-07,18.41186714172364,27.0145263671875,27.249143600463867,26.61232566833496,26.66595268249512,1791789
2005-03-08,18.224544525146484,26.739688873291016,27.11507606506348,26.712875366210938,27.0145263671875,1726001
2005-03-09,18.23824691772461,26.75979804992676,26.88045883178711,26.558698654174805,26.61232566833496,1866826
2005-03-10,18.320476531982425,26.88045883178711,27.141889572143555,26.75979804992676,26.75979804992676,1376773
2005-03-11,18.064638137817383,26.50507164001465,27.04804229736328,26.42463111877441,26.85364532470703,2034503
2005-03-14,18.105758666992188,26.565401077270508,26.994415283203125,26.47825813293457,26.625732421875,1062602
2005-03-15,18.05549430847168,26.49166488647461,26.74639129638672,26.49166488647461,26.679357528686523,935651
2005-03-16,17.84076690673828,26.176607131958008,26.498367309570312,26.129682540893555,26.48496055603028,1005019
2005-03-17,17.93214225769043,26.3106746673584,26.404521942138672,26.01572608947754,26.062650680541992,899400
2005-03-18,17.822498321533203,26.14979362487793,26.53858757019043,26.0023193359375,26.3106746673584,1280403
2005-03-21,17.89559555053711,26.25704765319824,26.43133354187012,26.06935310363769,26.14979362487793,860464
2005-03-22,17.813358306884766,26.13638687133789,26.739688873291016,26.08275985717773,26.404521942138672,1355291
2005-03-23,17.635177612304688,25.874956130981445,26.13638687133789,25.82132911682129,26.0760555267334,1317847
2005-03-24,17.639753341674805,25.88165855407715,26.129682540893555,25.88165855407715,25.908472061157227,454250
2005-03-28,17.53923225402832,25.73418426513672,25.948692321777344,25.714075088500977,25.86825180053711,793483
2005-03-29,17.10520362854004,25.09736633300781,25.67385482788086,25.07055282592773,25.606821060180664,1664987
2005-03-30,17.338214874267578,25.43923759460449,25.486160278320312,25.10407066345215,25.10407066345215,1132269
2005-03-31,17.265117645263672,25.33198356628418,25.593414306640625,25.2984676361084,25.445941925048828,1129434
2005-04-01,17.02297592163086,24.97670555114746,25.459346771240234,24.963298797607425,25.385610580444336,1885623
2005-04-04,17.01840591430664,24.970001220703125,25.10407066345215,24.73538589477539,24.97670555114746,949524
2005-04-05,17.10978126525879,25.10407066345215,25.18450927734375,24.92978286743164,24.92978286743164,750370
2005-04-06,17.160037994384766,25.177806854248047,25.425830841064453,25.117475509643555,25.17110252380371,730380
2005-04-07,17.415882110595703,25.553194046020508,25.613525390625,25.13758659362793,25.231433868408203,813921
2005-04-08,17.228565216064453,25.278356552124023,25.73418426513672,25.264949798583984,25.727481842041016,485727
2005-04-11,17.621469497680664,25.85484504699707,26.03583526611328,25.3655014038086,25.486160278320312,1410637
2005-04-12,17.676298141479492,25.935285568237305,26.04924392700196,25.372203826904297,25.76099967956543,1195521
2005-04-13,17.237701416015625,25.291763305664062,25.828031539916992,25.224729537963867,25.80792236328125,644602
2005-04-14,16.803668975830078,24.65494537353516,25.3051700592041,24.65494537353516,25.3051700592041,1719288
2005-04-15,16.301128387451172,23.91757583618164,24.40021705627441,23.85724449157715,24.39351463317871,2192185
2005-04-18,16.59351348876953,24.34659004211425,24.39351463317871,23.897464752197266,23.91757583618164,1863544
2005-04-19,16.65290641784668,24.433734893798828,24.52087783813477,23.93098258972168,24.31977653503418,2242011
2005-04-20,16.365083694458008,24.01142311096192,24.594615936279297,23.434934616088867,24.40021705627441,2286467
2005-04-21,16.488431930541992,24.192413330078125,24.39351463317871,23.6628475189209,24.071752548217773,2477416
2005-04-22,16.04070472717285,23.535484313964844,24.132083892822266,23.23383331298828,24.132083892822266,2212772
2005-04-25,16.04526710510254,23.54218864440918,23.689661026000977,23.327680587768555,23.569000244140625,2179953
2005-04-26,15.8533935546875,23.26064682006836,23.729881286621094,23.173503875732425,23.548891067504883,1349622
2005-04-27,16.159488677978516,23.70977020263672,23.743288040161133,22.865148544311523,23.093063354492188,2786515
2005-04-28,16.109237670898438,23.636035919189453,23.85724449157715,23.461746215820312,23.595813751220703,2463393
2005-04-29,16.61179542541504,24.373403549194336,24.40021705627441,23.696365356445312,23.72317886352539,3184972
2005-05-02,16.70316505432129,24.507471084594727,24.608020782470703,24.2862606048584,24.39351463317871,1907701
2005-05-03,16.767122268676758,24.601318359375,24.82923126220703,24.373403549194336,24.46725082397461,2431319
2005-05-04,17.100645065307617,25.09066390991211,25.12417984008789,24.581207275390625,24.701868057250977,1771650
2005-05-05,16.87677574157715,24.76219749450684,25.204620361328125,24.621427536010746,25.00351905822754,1487911
2005-05-06,17.036678314208984,24.99681663513184,25.144290924072266,24.835935592651367,24.970001220703125,1068569
2005-05-09,17.150901794433594,25.164400100708008,25.164400100708008,24.66835021972656,24.936485290527344,945646
2005-05-10,16.81281089782715,24.66835021972656,24.99681663513184,24.57450485229492,24.99681663513184,1013970
2005-05-11,16.85849952697754,24.73538589477539,24.78230857849121,24.199115753173828,24.701868057250977,2378510
2005-05-12,16.735149383544922,24.554393768310547,24.90296936035156,24.433734893798828,24.715274810791016,1326500
2005-05-13,16.65290641784668,24.433734893798828,24.66835021972656,24.32648086547852,24.554393768310547,1907254
2005-05-16,16.890478134155273,24.78230857849121,24.80912208557129,24.46725082397461,24.473953247070312,1064541
2005-05-17,16.972713470458984,24.90296936035156,24.9163761138916,24.45384407043457,24.63483428955078,1174934
2005-05-18,17.18745231628418,25.218027114868164,25.31857681274414,24.9163761138916,24.95659637451172,1116008
2005-05-19,17.164608001708984,25.18450927734375,25.41912651062012,25.050443649291992,25.218027114868164,568372
2005-05-20,16.986431121826172,24.923078536987305,25.030332565307617,24.742088317871094,24.802419662475582,890897
2005-05-23,17.013832092285156,24.963298797607425,25.13758659362793,24.85604476928711,24.85604476928711,868371
2005-05-24,16.890478134155273,24.78230857849121,24.86945152282715,24.57450485229492,24.86945152282715,1008301
2005-05-25,16.82195472717285,24.681758880615234,24.755495071411133,24.42703056335449,24.65494537353516,1072895
2005-05-26,17.014677047729492,24.85604476928711,24.90296936035156,24.63483428955078,24.742088317871094,649824
2005-05-27,17.3542423248291,25.352094650268555,25.606821060180664,24.842639923095703,24.85604476928711,1547881
2005-05-31,17.377178192138672,25.385610580444336,25.47945785522461,25.043739318847656,25.325279235839844,1323218
2005-06-01,17.556129455566406,25.64704132080078,25.73418426513672,25.3051700592041,25.39901733398437,1075730
2005-06-02,17.546958923339844,25.633634567260746,25.78110885620117,25.33868789672852,25.47945785522461,835701
2005-06-03,17.446006774902344,25.486160278320312,25.693965911865234,25.37890625,25.47275352478028,739182
2005-06-06,17.257863998413086,25.211322784423828,25.53978729248047,25.12417984008789,25.41912651062012,964442
2005-06-07,17.41388702392578,25.43923759460449,25.620227813720703,25.177806854248047,25.177806854248047,1025606
2005-06-08,17.26246452331543,25.218027114868164,25.559898376464844,25.204620361328125,25.47945785522461,718446
2005-06-09,16.987144470214844,24.815824508666992,25.177806854248047,24.72197723388672,25.13758659362793,1316206
2005-06-10,17.014677047729492,24.85604476928711,24.9834098815918,24.76890182495117,24.835935592651367,1885026
2005-06-13,17.014677047729492,24.85604476928711,24.95659637451172,24.72197723388672,24.775604248046875,1224610
2005-06-14,16.95960807800293,24.775604248046875,25.030332565307617,24.681758880615234,24.85604476928711,1082741
2005-06-15,16.812768936157227,24.561098098754883,24.849342346191406,24.373403549194336,24.842639923095703,1754793
2005-06-16,16.886186599731445,24.66835021972656,24.76890182495117,24.51417350769043,24.581207275390625,1580552
2005-06-17,16.867839813232422,24.64153861999512,25.03703689575196,24.61472511291504,24.909671783447266,1646339
2005-06-20,16.895368576049805,24.681758880615234,24.802419662475582,24.447141647338867,24.500768661499023,1078415
2005-06-21,17.00090980529785,24.835935592651367,24.99681663513184,24.601318359375,24.73538589477539,1243705
2005-06-22,16.968788146972656,24.789012908935547,24.99681663513184,24.73538589477539,24.970001220703125,804970
2005-06-23,16.721006393432617,24.42703056335449,24.79571533203125,24.40021705627441,24.789012908935547,782742
2005-06-24,16.546630859375,24.17230224609375,24.46725082397461,24.02482986450196,24.40692138671875,1541616
2005-06-27,16.454856872558594,24.038236618041992,24.212522506713867,23.91757583618164,24.17230224609375,555990
2005-06-28,16.776065826416016,24.507471084594727,24.561098098754883,24.018125534057617,24.038236618041992,691743
2005-06-29,16.85866355895996,24.62813186645508,24.72868156433105,24.500768661499023,24.64153861999512,862702
2005-06-30,16.693466186523438,24.38681030273437,24.62813186645508,24.30636978149414,24.62813186645508,1359021
2005-07-01,16.918310165405273,24.715274810791016,24.78230857849121,24.46725082397461,24.69516563415528,1496116
2005-07-05,16.95960807800293,24.775604248046875,24.85604476928711,24.42032623291016,24.64824104309082,936098
2005-07-06,16.730173110961914,24.44043731689453,24.74879264831543,24.433734893798828,24.73538589477539,651017
2005-07-07,16.739362716674805,24.45384407043457,24.46725082397461,23.96449851989746,24.199115753173828,1383635
2005-07-08,16.881603240966797,24.66164779663086,24.72868156433105,24.380107879638672,24.433734893798828,1773291
2005-07-11,16.886186599731445,24.66835021972656,24.802419662475582,24.46725082397461,24.802419662475582,1432715
2005-07-12,16.922901153564453,24.72197723388672,24.72197723388672,24.380107879638672,24.608020782470703,1191194
2005-07-13,17.225751876831055,25.164400100708008,25.204620361328125,24.63483428955078,24.701868057250977,2695665
2005-07-14,17.519426345825195,25.593414306640625,25.6872615814209,25.3051700592041,25.499568939208984,3383231
2005-07-15,17.707561492919922,25.86825180053711,25.874956130981445,25.33868789672852,25.45264434814453,1959466
2005-07-18,17.836036682128906,26.055946350097656,26.176607131958008,25.74759292602539,25.80792236328125,1481347
2005-07-19,17.90487289428711,26.15649604797364,26.639137268066406,26.062650680541992,26.062650680541992,1915309
2005-07-20,18.15724754333496,26.52518081665039,26.558698654174805,25.91517639160156,26.176607131958008,973691
2005-07-21,18.14806365966797,26.51177406311035,26.907272338867188,26.404521942138672,26.52518081665039,1524609
2005-07-22,18.946495056152344,27.678157806396484,27.738489151000977,27.00111961364746,27.21562767028809,3634896
2005-07-25,18.652816772460938,27.249143600463867,27.986513137817383,27.1552963256836,27.591014862060547,2081793
2005-07-26,19.01532554626465,27.778709411621094,28.120580673217773,27.296066284179688,27.41672706604004,1936194
2005-07-27,19.02908706665039,27.79881858825684,27.926183700561523,27.570905685424805,27.79881858825684,1612774
2005-07-28,19.212631225585938,28.066953659057617,28.154096603393555,27.751895904541016,27.75859832763672,1336644
2005-07-29,18.93272399902344,27.658048629760746,27.966402053833008,27.349693298339844,27.90607261657715,1832813
2005-08-01,19.061208724975582,27.845741271972656,27.979808807373047,27.658048629760746,27.751895904541016,851365
2005-08-02,19.21722412109375,28.07365608215332,28.154096603393555,27.90607261657715,27.959699630737305,1232219
2005-08-03,19.05203056335449,27.83233642578125,27.966402053833008,27.617828369140625,27.90607261657715,761857
2005-08-04,19.006139755249023,27.76530265808105,27.86585235595703,27.637937545776367,27.74519157409668,764244
2005-08-05,18.785888671875,27.44354057312012,27.778709411621094,27.37650680541992,27.67145538330078,645498
2005-08-08,18.79964828491211,27.46365165710449,27.55749893188477,27.275957107543945,27.483760833740234,752310
2005-08-09,18.900609970092773,27.61112594604492,27.70497131347656,27.46365165710449,27.51727867126465,730380
2005-08-10,18.85930061340332,27.55079460144043,27.95299530029297,27.42343139648437,27.7116756439209,902384
2005-08-11,18.95108222961425,27.68486213684082,27.751895904541016,27.450244903564453,27.56420135498047,638486
2005-08-12,18.785888671875,27.44354057312012,27.69826889038086,27.38321113586425,27.55079460144043,651763
2005-08-15,18.845542907714844,27.530685424804688,27.62453269958496,27.34299087524414,27.450244903564453,631624
2005-08-16,18.54727935791016,27.09496688842773,27.36980438232422,27.09496688842773,27.363100051879883,899251
2005-08-17,18.735414505004883,27.36980438232422,27.49716758728028,26.987712860107425,27.03463554382324,680555
2005-08-18,18.49221611022949,27.0145263671875,27.255847930908203,26.92738342285156,27.249143600463867,557482
2005-08-19,18.57940101623535,27.141889572143555,27.26925468444824,27.0078239440918,27.12848281860352,611336
2005-08-22,18.285728454589844,26.712875366210938,27.28265953063965,26.578807830810547,26.947492599487305,2530673
2005-08-23,18.308666229248047,26.74639129638672,26.88045883178711,26.6994686126709,26.81342506408692,1673490
2005-08-24,18.06088256835937,26.384410858154297,26.860349655151367,26.324079513549805,26.74639129638672,1061558
2005-08-25,18.31785011291504,26.75979804992676,26.7732048034668,26.324079513549805,26.37100410461425,1037242
2005-08-26,18.24902534484864,26.65924835205078,26.79331588745117,26.404521942138672,26.679357528686523,894776
2005-08-29,18.493257522583008,26.900569915771484,26.913976669311523,26.397817611694336,26.47825813293457,1052010
2005-08-30,18.28127861022949,26.592214584350582,26.907272338867188,26.35759735107422,26.907272338867188,906859
2005-08-31,18.755937576293945,27.28265953063965,27.28265953063965,26.558698654174805,26.69276428222656,1139131
2005-09-01,18.788190841674805,27.3295841217041,27.46365165710449,27.12178039550781,27.20892333984375,1246241
2005-09-02,18.76054573059082,27.289363861083984,27.52398109436035,27.19551658630371,27.38321113586425,570610
2005-09-06,18.91261482238769,27.510574340820312,27.691564559936523,27.30947494506836,27.35639762878418,1048132
2005-09-07,18.981746673583984,27.61112594604492,27.62453269958496,27.316177368164062,27.470354080200195,689953
2005-09-08,18.788190841674805,27.3295841217041,27.530685424804688,27.302770614624023,27.483760833740234,704572
2005-09-09,18.792800903320312,27.336286544799805,27.43013381958008,27.21562767028809,27.35639762878418,744254
2005-09-12,18.87114524841309,27.450244903564453,27.51727867126465,27.24243927001953,27.316177368164062,963547
2005-09-13,18.732892990112305,27.249143600463867,27.483760833740234,27.14859390258789,27.38991355895996,631773
2005-09-14,18.769763946533203,27.302770614624023,27.45694732666016,27.04133987426757,27.275957107543945,1354247
2005-09-15,18.672985076904297,27.16200065612793,27.450244903564453,27.12178039550781,27.450244903564453,1447782
2005-09-16,19.078527450561523,27.751895904541016,27.778709411621094,27.229034423828125,27.336286544799805,1495221
2005-09-19,18.677595138549805,27.16870307922364,27.90607261657715,27.07485580444336,27.812225341796875,770808
2005-09-20,18.622299194335938,27.0882625579834,27.44354057312012,26.947492599487305,27.28265953063965,719341
2005-09-21,18.327363967895508,26.65924835205078,27.0145263671875,26.51177406311035,26.51177406311035,1495669
2005-09-22,18.39187240600586,26.75309562683105,26.873756408691406,26.384410858154297,26.65924835205078,1294725
2005-09-23,18.525524139404297,26.947492599487305,27.02793312072754,26.578807830810547,26.779909133911133,1335749
2005-09-26,18.327363967895508,26.65924835205078,27.12178039550781,26.55199432373047,27.0078239440918,1019042
2005-09-27,18.42874526977539,26.80672264099121,26.987712860107425,26.639137268066406,26.68606185913086,1358275
2005-09-28,18.53934097290039,26.96760368347168,27.08156013488769,26.605621337890625,26.61232566833496,1284879
2005-09-29,18.59924697875977,27.054746627807617,27.108373641967773,26.75309562683105,26.947492599487305,1286520
2005-09-30,18.79741477966309,27.34299087524414,27.50387191772461,27.0145263671875,27.0145263671875,1252209
2005-10-03,18.986352920532227,27.617828369140625,27.631235122680664,27.34299087524414,27.34299087524414,796168
2005-10-04,18.83889579772949,27.4033203125,28.033435821533203,27.4033203125,27.68486213684082,1009047
2005-10-05,18.387269973754883,26.74639129638672,27.336286544799805,26.74639129638672,27.336286544799805,786621
2005-10-06,18.249027252197266,26.54529190063477,27.09496688842773,26.324079513549805,26.82683181762696,1042612
2005-10-07,18.4517822265625,26.840238571166992,27.02123069763184,26.578807830810547,26.59891891479492,998157
2005-10-10,18.20294189453125,26.47825813293457,26.846942901611328,26.41792678833008,26.82683181762696,484832
2005-10-11,18.20294189453125,26.47825813293457,26.75309562683105,26.43133354187012,26.565401077270508,700097
2005-10-12,18.129199981689453,26.37100410461425,26.645841598510746,26.169902801513672,26.3173770904541,774090
2005-10-13,18.133808135986328,26.37770652770996,26.41122436523437,25.982208251953125,26.10957336425781,1376027
2005-10-14,18.327363967895508,26.65924835205078,26.679357528686523,26.19671630859375,26.43133354187012,899549
2005-10-17,18.31354141235352,26.639137268066406,26.73298454284668,26.37770652770996,26.619028091430664,708749
2005-10-18,18.152238845825195,26.404521942138672,26.75979804992676,26.397817611694336,26.47825813293457,843458
2005-10-19,18.51630592346192,26.934085845947266,26.934085845947266,25.9956169128418,26.277156829833984,1500592
2005-10-20,18.124589920043945,26.364301681518555,27.04804229736328,26.27045440673828,26.947492599487305,1447782
2005-10-21,17.5623779296875,25.546491622924805,26.458147048950195,24.82923126220703,26.3106746673584,4122114
2005-10-24,18.078514099121094,26.29726791381836,26.29726791381836,25.566600799560547,25.64704132080078,1590397
2005-10-25,17.926433563232422,26.0760555267334,26.42463111877441,25.79451560974121,26.236936569213867,824811
2005-10-26,17.995555877685547,26.176607131958008,26.34419059753418,25.96880340576172,26.18330955505371,1287564
2005-10-27,17.696016311645508,25.74088859558105,26.243640899658203,25.72077751159668,26.243640899658203,869564
2005-10-28,17.7835750579834,25.86825180053711,25.975505828857425,25.64704132080078,25.67385482788086,2697753
2005-10-31,17.963306427001953,26.129682540893555,26.277156829833984,25.908472061157227,25.908472061157227,1797756
2005-11-01,17.788188934326172,25.874956130981445,26.04924392700196,25.76099967956543,26.042539596557617,1221179
2005-11-02,18.083120346069336,26.303970336914062,26.337486267089844,25.767702102661133,25.84143829345703,853751
2005-11-03,18.138416290283203,26.384410858154297,26.55199432373047,26.216827392578125,26.37770652770996,1856682
2005-11-04,18.0600814819336,26.27045440673828,26.518478393554688,26.176607131958008,26.384410858154297,800942
2005-11-07,17.990955352783203,26.169902801513672,26.39111328125,25.975505828857425,26.3106746673584,1260712
2005-11-08,17.990955352783203,26.169902801513672,26.25704765319824,25.94198989868164,26.16320037841797,759769
2005-11-09,18.092330932617188,26.3173770904541,26.471553802490234,26.00902366638184,26.236936569213867,613722
2005-11-10,18.207550048828125,26.48496055603028,26.61232566833496,25.975505828857425,26.236936569213867,1062602
2005-11-11,18.29970932006836,26.619028091430664,26.706172943115234,26.46485137939453,26.54529190063477,603131
2005-11-14,18.51630592346192,26.934085845947266,26.960899353027344,26.54529190063477,26.54529190063477,749177
2005-11-15,18.387269973754883,26.74639129638672,27.04804229736328,26.645841598510746,26.913976669311523,941170
2005-11-16,18.59924697875977,27.054746627807617,27.08156013488769,26.766502380371094,26.846942901611328,1064840
2005-11-17,18.85272026062012,27.42343139648437,27.43013381958008,27.054746627807617,27.054746627807617,1325455
2005-11-18,18.894193649291992,27.483760833740234,27.52398109436035,27.255847930908203,27.483760833740234,1151960
2005-11-21,18.949481964111328,27.56420135498047,27.56420135498047,27.1552963256836,27.21562767028809,729336
2005-11-22,19.004785537719727,27.644641876220703,27.691564559936523,27.302770614624023,27.450244903564453,902384
2005-11-23,19.09695625305176,27.778709411621094,27.81892967224121,27.49716758728028,27.76530265808105,644752
2005-11-25,19.10616683959961,27.792116165161133,27.89936828613281,27.691564559936523,27.885963439941406,380556
2005-11-28,18.948841094970703,27.450244903564453,27.778709411621094,27.4033203125,27.70497131347656,673096
2005-11-29,18.96272087097168,27.470354080200195,27.79881858825684,27.43683815002441,27.450244903564453,581500
2005-11-30,18.71747589111328,27.11507606506348,27.510574340820312,27.10166931152344,27.316177368164062,1882341
2005-12-01,19.21260070800781,27.83233642578125,27.852445602416992,27.19551658630371,27.21562767028809,1660064
2005-12-02,19.02750015258789,27.56420135498047,27.76530265808105,27.363100051879883,27.7183780670166,748133
2005-12-05,18.870174407958984,27.336286544799805,27.530685424804688,27.229034423828125,27.46365165710449,600744
2005-12-06,18.76837158203125,27.18881225585937,27.46365165710449,27.18881225585937,27.42343139648437,801091
2005-12-07,18.61566925048828,26.96760368347168,27.262550354003903,26.846942901611328,27.262550354003903,918793
2005-12-08,18.722103118896484,27.12178039550781,27.21562767028809,26.766502380371094,27.00111961364746,1685723
2005-12-09,18.981231689453125,27.49716758728028,27.570905685424805,27.12178039550781,27.12178039550781,1085576
2005-12-12,19.101547241210938,27.67145538330078,27.73178482055664,27.490463256835938,27.544090270996094,940275
2005-12-13,19.277379989624023,27.926183700561523,28.01332664489746,27.577608108520508,27.59771728515625,1011583
2005-12-14,19.31901931762696,27.986513137817383,28.11387634277344,27.82563209533692,27.852445602416992,1075730
2005-12-15,19.268125534057617,27.912776947021484,28.04014015197754,27.77200508117676,27.986513137817383,747088
2005-12-16,19.157072067260746,27.751895904541016,28.17420768737793,27.751895904541016,27.926183700561523,1260264
2005-12-19,18.92569732666016,27.41672706604004,27.912776947021484,27.38991355895996,27.725082397460938,1018296
2005-12-20,18.83315658569336,27.28265953063965,27.450244903564453,27.262550354003903,27.30947494506836,1142264
2005-12-21,18.874805450439453,27.34299087524414,27.470354080200195,27.21562767028809,27.336286544799805,1004422
2005-12-22,18.83315658569336,27.28265953063965,27.316177368164062,27.108373641967773,27.22233009338379,1114665
2005-12-23,18.89330673217773,27.36980438232422,27.50387191772461,27.296066284179688,27.43683815002441,758575
2005-12-27,18.810020446777344,27.249143600463867,27.604421615600582,27.21562767028809,27.45694732666016,1050369
2005-12-28,18.87943649291992,27.349693298339844,27.47705841064453,27.19551658630371,27.38321113586425,830032
2005-12-29,18.87943649291992,27.349693298339844,27.577608108520508,27.349693298339844,27.41672706604004,665488
2005-12-30,18.735986709594727,27.141889572143555,27.255847930908203,27.0145263671875,27.255847930908203,817948
2006-01-03,19.19871711730957,27.812225341796875,27.852445602416992,27.0145263671875,27.20892333984375,1473739
2006-01-04,19.52725982666016,28.288164138793945,28.41552734375,27.751895904541016,27.812225341796875,1744052
2006-01-05,19.430078506469727,28.14739227294922,28.60992431640625,28.066953659057617,28.24123954772949,1339031
2006-01-06,19.753990173339844,28.616628646850582,28.656848907470703,28.321680068969727,28.35519790649414,789306
2006-01-09,20.03162956237793,29.018829345703125,29.018829345703125,28.462451934814453,28.54289054870605,1445843
2006-01-10,20.0408878326416,29.032236099243164,29.0389404296875,28.589815139770508,28.85124588012696,1107803
2006-01-11,20.175067901611328,29.22663307189941,29.260150909423828,28.71047592163086,29.092567443847656,1505365
2006-01-12,19.976093292236328,28.93838882446289,29.46795463562012,28.68366241455078,28.68366241455078,1467026
2006-01-13,19.98998069763184,28.958499908447266,29.02553367614746,28.7238826751709,28.958499908447266,995919
2006-01-17,19.966840744018555,28.92498207092285,28.971906661987305,28.636737823486328,28.857948303222656,796318
2006-01-18,20.05476951599121,29.05234718322754,29.15959930419922,28.824432373046875,28.90487289428711,1111234
2006-01-19,20.337038040161133,29.46125030517578,29.528284072875977,28.985313415527344,29.092567443847656,1723167
2006-01-20,20.05476951599121,29.05234718322754,29.47465705871582,28.91827964782715,29.47465705871582,1956035
2006-01-23,20.0408878326416,29.032236099243164,29.14619255065918,28.71047592163086,29.1126766204834,1588010
2006-01-24,20.21209716796875,29.28026008605957,29.45454788208008,28.998720169067383,29.05234718322754,1496862
2006-01-25,20.25373649597168,29.340591430664062,29.494768142700195,28.992015838623047,29.360700607299805,869863
2006-01-26,20.25373649597168,29.340591430664062,29.56180191040039,29.29366683959961,29.494768142700195,1454644
2006-01-27,20.864547729492188,30.22543334960937,30.48686408996582,29.21322631835937,29.26685333251953,2447729
2006-01-30,21.40131568908692,31.003023147583008,31.43874168395996,30.25895118713379,30.29246711730957,2378361
2006-01-31,21.25324058532715,30.788515090942383,30.956100463867188,30.5136775970459,30.80862617492676,1570258
2006-02-01,21.3272762298584,30.89576911926269,31.358301162719727,30.62763404846192,30.86225318908692,2454144
2006-02-02,21.33653450012207,30.90917587280273,31.17060661315918,30.701372146606445,30.90247344970703,2041664
2006-02-03,21.3272762298584,30.89576911926269,31.016429901123047,30.734888076782227,30.734888076782227,1253849
2006-02-06,21.40131568908692,31.003023147583008,31.056650161743164,30.7549991607666,30.85554885864257,837342
2006-02-07,20.91544532775879,30.299171447753903,31.11027717590332,30.23213768005371,30.90247344970703,1645295
2006-02-08,20.947843551635746,30.346094131469727,30.399721145629883,29.836639404296875,30.332687377929688,1845195
2006-02-09,21.151443481445312,30.641042709350582,30.79521942138672,30.386314392089844,30.39301872253418,1057381
2006-02-10,21.114425659179688,30.58741569519043,30.761701583862305,29.91707992553711,30.386314392089844,1919188
2006-02-13,21.248613357543945,30.78181266784668,30.848846435546875,30.35950088500977,30.547195434570312,1580104
2006-02-14,21.600284576416016,31.29126739501953,31.418630599975582,30.81532859802246,30.98961639404297,1323367
2006-02-15,21.776123046875,31.54599571228028,31.606325149536133,30.76840591430664,31.36500358581543,986222
2006-02-16,21.831655502319336,31.626434326171875,31.78061294555664,31.48566436767578,31.61302947998047,1129882
2006-02-17,21.69283866882324,31.42533493041992,31.773908615112305,31.351598739624023,31.653249740600582,928639
2006-02-21,21.64193344116211,31.351598739624023,31.69346809387207,31.21753120422364,31.64654541015625,930728
2006-02-22,22.00749015808105,31.881162643432617,32.00182342529297,31.64654541015625,31.760501861572266,1510139
2006-02-23,22.2758846282959,32.26995849609375,32.37721252441406,31.57951164245605,31.706876754760746,1954692
2006-02-24,22.44304656982422,32.39731979370117,32.46435546875,32.04204177856445,32.156002044677734,1776871
2006-02-27,22.63343620300293,32.672157287597656,32.69226837158203,32.43083953857422,32.51127624511719,1538931
2006-02-28,22.261947631835938,32.13589096069336,32.51127624511719,32.02863693237305,32.4576530456543,1525952
2006-03-01,22.46162414550781,32.42413330078125,32.43754196166992,32.02863693237305,32.06885528564453,1318146
2006-03-02,22.43376922607422,32.383914947509766,32.57160949707031,32.12248229980469,32.35710144042969,1170757
2006-03-03,22.322315216064453,32.2230339050293,32.65205001831055,32.10907745361328,32.26995849609375,1274287
2006-03-06,21.969396591186523,31.713579177856445,32.27666091918945,31.5258846282959,32.209625244140625,1306211
2006-03-07,21.983327865600582,31.733688354492188,31.881162643432617,31.472257614135746,31.539291381835938,1151065
2006-03-08,21.74185371398925,31.385114669799805,31.740392684936523,31.30467414855957,31.69346809387207,1083487
2006-03-09,21.7139835357666,31.344894409179688,31.51247787475586,31.24434471130371,31.324783325195312,1210737
2006-03-10,21.690767288208008,31.311378479003903,31.43874168395996,31.17731094360352,31.324783325195312,1954543
2006-03-13,21.658266067504883,31.264453887939453,31.5325870513916,31.23093605041504,31.391817092895508,756934
2006-03-14,21.92759704589844,31.653249740600582,31.82083320617676,31.18401336669922,31.190717697143555,1142413
2006-03-15,22.141206741333008,31.96160316467285,32.00852584838867,31.57280921936035,31.57280921936035,1271751
2006-03-16,22.141206741333008,31.96160316467285,32.39731979370117,31.92138290405273,32.04204177856445,818098
2006-03-17,22.28516387939453,32.16940689086914,32.290069580078125,31.87446022033692,31.96160316467285,1220583
2006-03-20,22.2758846282959,32.156002044677734,32.26325225830078,31.773908615112305,32.129188537597656,837193
2006-03-21,22.0576171875,31.8409423828125,32.343692779541016,31.78061294555664,32.00852584838867,1004273
2006-03-22,22.521997451782227,32.51127624511719,32.58501434326172,31.95490074157715,31.97500991821289,987714
2006-03-23,22.54985809326172,32.55149841308594,32.63193893432617,32.03533935546875,32.36380386352539,1691988
2006-03-24,22.777400970458984,32.87996292114258,33.21512985229492,32.4710578918457,32.544795989990234,1662003
2006-03-27,22.749526977539062,32.839744567871094,32.933589935302734,32.51127624511719,32.8531494140625,649675
2006-03-28,22.484844207763672,32.4576530456543,32.993919372558594,32.43083953857422,32.73249053955078,1067972
2006-03-29,22.53592109680176,32.53138732910156,32.638641357421875,32.323585510253906,32.43083953857422,1399896
2006-03-30,22.53592109680176,32.53138732910156,32.80622482299805,32.290069580078125,32.46435546875,912230
2006-03-31,22.54985809326172,32.55149841308594,32.739192962646484,32.4576530456543,32.62523651123047,892538
2006-04-03,22.44304656982422,32.39731979370117,33.07435989379883,32.36380386352539,32.77941131591797,1302631
2006-04-04,22.6102237701416,32.638641357421875,32.8464469909668,32.216331481933594,32.36380386352539,1099002
2006-04-05,22.81454086303711,32.933589935302734,33.05424880981445,32.55149841308594,32.69226837158203,871653
2006-04-06,22.517349243164062,32.504573822021484,32.8598518371582,32.35710144042969,32.81963348388672,1013075
2006-04-07,22.229434967041016,32.088966369628906,32.68556594848633,32.015228271484375,32.52468490600586,1154198
2006-04-10,22.18300437927246,32.021934509277344,32.156002044677734,31.861053466796875,32.156002044677734,1044701
2006-04-11,21.98796272277832,31.740392684936523,32.156002044677734,31.61973190307617,31.98841667175293,777521
2006-04-12,21.932241439819336,31.65995216369629,31.87446022033692,31.391817092895508,31.706876754760746,1016953
2006-04-13,21.848651885986328,31.539291381835938,31.68006134033203,31.37170791625977,31.48566436767578,1114218
2006-04-17,21.78363037109375,31.445444107055664,31.80742645263672,31.17731094360352,31.48566436767578,875979
2006-04-18,22.717025756835938,32.79281997680664,32.833038330078125,31.47896194458008,31.57280921936035,2177715
2006-04-19,22.647363662719727,32.69226837158203,32.81963348388672,32.484466552734375,32.78611755371094,1717199
2006-04-20,22.939922332763672,33.11457824707031,33.262054443359375,32.678863525390625,32.72578430175781,1229832
2006-04-21,23.07923889160156,33.31568145751953,33.34919738769531,32.97380828857422,33.31568145751953,2065831
2006-04-24,23.01886749267578,33.228538513183594,33.34249496459961,33.05424880981445,33.26875686645508,1585624
2006-04-25,22.758819580078125,32.8531494140625,33.355899810791016,32.799522399902344,33.34919738769531,1678860
2006-04-26,22.91670608520508,33.08106231689453,33.30897903442383,32.8464469909668,32.96710586547852,861807
2006-04-27,22.57307815551757,32.58501434326172,33.08106231689453,32.51127624511719,32.8464469909668,1133462
2006-04-28,23.102447509765625,33.34919738769531,33.684364318847656,33.02073287963867,33.516780853271484,2977314
2006-05-01,23.17212104797364,33.44974899291992,33.771507263183594,33.34919738769531,33.57040786743164,1527742
2006-05-02,23.33464241027832,33.684364318847656,33.83184051513672,33.31568145751953,33.44304656982422,1588906
2006-05-03,23.36715507507324,33.73128890991211,34.019535064697266,33.54359436035156,33.617332458496094,1566230
2006-05-04,23.31606674194336,33.65755081176758,33.98601531982422,33.61063003540039,33.89887237548828,1319190
2006-05-05,23.492536544799805,33.91228103637695,33.99942398071289,33.7178840637207,33.784915924072266,1791491
2006-05-08,23.64113044738769,34.12678527832031,34.254150390625,33.885467529296875,33.98601531982422,1042612
2006-05-09,23.68757057189941,34.19382095336914,34.347999572753906,33.95249938964844,34.03293991088867,786621
2006-05-10,23.95225715637207,34.57591247558594,34.80382537841797,34.2608528137207,34.45525360107422,1472993
2006-05-11,23.817598342895508,34.38151550292969,34.74349594116211,34.2608528137207,34.62283706665039,1209245
2006-05-12,23.31606674194336,33.65755081176758,34.18041229248047,33.61063003540039,34.05305099487305,1810436
2006-05-15,23.14424705505371,33.40952682495117,33.6240348815918,33.18161392211914,33.46315383911133,1021279
2006-05-16,23.24641799926757,33.557003021240234,33.80502700805664,33.456451416015625,33.4765625,876874
2006-05-17,22.600940704345703,32.62523651123047,33.496673583984375,32.37721252441406,33.262054443359375,1369762
2006-05-18,22.447694778442383,32.40402603149414,33.16820526123047,32.37721252441406,32.6185302734375,1704519
2006-05-19,22.600940704345703,32.62523651123047,32.75930404663086,32.19622039794922,32.564903259277344,1828338
2006-05-22,22.18300437927246,32.021934509277344,32.63193893432617,31.740392684936523,32.37721252441406,1842361
2006-05-23,22.19228172302246,32.03533935546875,32.51798248291016,32.021934509277344,32.14259338378906,1233860
2006-05-24,22.447694778442383,32.40402603149414,32.49787139892578,31.87446022033692,32.0755615234375,2586316
2006-05-25,22.563798904418945,32.57160949707031,32.6185302734375,31.8409423828125,32.53809356689453,2205164
2006-05-26,22.792131423950195,32.78611755371094,32.833038330078125,32.23644256591797,32.51798248291016,1189106
2006-05-30,22.62436866760254,32.544795989990234,32.80622482299805,32.39731979370117,32.772708892822266,2231867
2006-05-31,22.759510040283203,32.739192962646484,32.8598518371582,32.323585510253906,32.55820083618164,2407302
2006-06-01,22.86202621459961,32.88666534423828,32.92688751220703,32.49116897583008,32.712379455566406,1327096
2006-06-02,22.90862846374512,32.95370101928711,33.01403045654297,32.477760314941406,32.95370101928711,997858
2006-06-05,22.330785751342773,32.12248229980469,33.067657470703125,32.0755615234375,32.91347885131836,1111384
2006-06-06,21.920700073242188,31.5325870513916,32.29677200317383,31.31808090209961,32.176109313964844,2310634
2006-06-07,21.72964859008789,31.25775146484375,31.75379943847656,31.23093605041504,31.592918395996094,1582491
2006-06-08,21.33819961547852,30.694669723510746,31.17060661315918,29.93718910217285,31.070056915283203,3438128
2006-06-09,21.36615562438965,30.734888076782227,31.09687042236328,30.641042709350582,30.694669723510746,1114815
2006-06-12,20.974720001220703,30.17180633544922,30.90247344970703,30.17180633544922,30.83543968200684,891195
2006-06-13,21.077247619628903,30.31928062438965,30.701372146606445,29.642242431640625,30.1248836517334,1868765
2006-06-14,21.021329879760746,30.23884010314941,30.62763404846192,29.88356208801269,30.26565361022949,2145343
2006-06-15,21.45936393737793,30.868955612182617,30.87565994262696,30.339391708374023,30.419830322265625,1880252
2006-06-16,21.38014411926269,30.7549991607666,30.922582626342773,30.47345733642578,30.701372146606445,1347981
2006-06-19,21.342866897583008,30.701372146606445,30.94939613342285,30.520381927490234,30.83543968200684,1295470
2006-06-20,21.347522735595703,30.70807647705078,30.94269371032715,30.42653465270996,30.66785430908203,1217450
2006-06-21,21.93468475341797,31.552698135375977,31.653249740600582,30.661151885986328,30.661151885986328,1634107
2006-06-22,21.995267868041992,31.63984107971192,31.706876754760746,31.11027717590332,31.391817092895508,1685424
2006-06-23,21.874101638793945,31.46555519104004,31.82083320617676,31.24434471130371,31.46555519104004,996516
2006-06-26,21.981279373168945,31.61973190307617,31.686765670776367,31.25104713439941,31.42533493041992,988460
2006-06-27,21.97197151184082,31.606325149536133,31.87446022033692,31.519182205200195,31.519182205200195,1403924
2006-06-28,22.093128204345703,31.78061294555664,31.8409423828125,31.351598739624023,31.740392684936523,677273
2006-06-29,22.894649505615234,32.933589935302734,32.98051452636719,32.00182342529297,32.00182342529297,1510885
2006-06-30,23.034448623657227,33.13468933105469,33.15480041503906,32.81292724609375,32.946998596191406,1409592
2006-07-03,23.099687576293945,33.228538513183594,33.36930847167969,33.02073287963867,33.21512985229492,301192
2006-07-05,23.08105087280273,33.20172500610352,33.27545928955078,32.79281997680664,33.12128448486328,1681098
2006-07-06,23.02046775817871,33.11457824707031,33.67095947265625,32.96040344238281,33.34249496459961,1405565
2006-07-07,22.72222900390625,32.68556594848633,33.161502838134766,32.52468490600586,33.04754638671875,1221030
2006-07-10,22.554473876953125,32.444244384765625,32.739192962646484,32.26995849609375,32.698970794677734,1496713
2006-07-11,22.59640312194824,32.504573822021484,32.544795989990234,31.94149208068848,32.33699035644531,1469264
2006-07-12,22.204965591430664,31.94149208068848,32.578311920166016,31.87446022033692,32.49116897583008,718595
2006-07-13,22.023223876953125,31.68006134033203,32.149295806884766,31.46555519104004,31.8409423828125,1939178
2006-07-14,21.38014411926269,30.7549991607666,31.54599571228028,30.57400894165039,31.49236869812012,1804768
2006-07-17,21.27762031555176,30.60752487182617,30.98961639404297,30.53378868103028,30.788515090942383,1481944
2006-07-18,21.347522735595703,30.70807647705078,30.89576911926269,30.24554443359375,30.721481323242188,1516255
2006-07-19,22.172348022460938,31.894569396972656,32.10237503051758,30.701372146606445,30.701372146606445,1777617
2006-07-20,21.48732185363769,30.90917587280273,32.27666091918945,30.889066696166992,31.894569396972656,1693331
2006-07-21,21.245004653930664,30.56060218811035,31.15719985961914,30.35950088500977,31.116979598999023,1844598
2006-07-24,21.6970329284668,31.210826873779297,31.358301162719727,30.60082244873047,30.60082244873047,1545494
2006-07-25,21.580522537231445,31.043243408203125,31.33148765563965,30.79521942138672,30.94269371032715,1201935
2006-07-26,21.59450340270996,31.063352584838867,31.50577545166016,30.80862617492676,31.33819007873535,2405362
2006-07-27,21.641101837158203,31.130386352539062,31.65995216369629,31.016429901123047,31.30467414855957,1420035
2006-07-28,22.05118560791016,31.72028160095215,31.800722122192383,31.27115631103516,31.37170791625977,1524460
2006-07-31,21.96729850769043,31.59962272644043,31.773908615112305,31.40522575378418,31.626434326171875,1681397
2006-08-01,21.748289108276367,31.284563064575195,31.63984107971192,31.210826873779297,31.40522575378418,1473889
2006-08-02,22.060510635375977,31.733688354492188,31.92138290405273,31.31808090209961,31.31808090209961,1522372
2006-08-03,22.158367156982425,31.87446022033692,32.09566879272461,31.539291381835938,31.539291381835938,1829084
2006-08-04,22.13973045349121,31.84764671325684,32.49116897583008,31.50577545166016,32.209625244140625,1151811
2006-08-07,22.093128204345703,31.78061294555664,31.934789657592773,31.559402465820312,31.80742645263672,736646
2006-08-08,21.65508079528809,31.15049743652344,31.968307495117188,31.063352584838867,31.94819641113281,1192089
2006-08-09,21.300928115844727,30.641042709350582,31.472257614135746,30.60082244873047,31.31808090209961,871355
2006-08-10,21.46868896484375,30.882362365722656,30.91588020324707,30.406423568725582,30.540491104125977,939977
2006-08-11,21.352191925048828,30.714778900146484,30.93598937988281,30.63433837890625,30.76840591430664,1084681
2006-08-14,21.352191925048828,30.714778900146484,31.5258846282959,30.63433837890625,30.94269371032715,1887114
2006-08-15,21.93934631347656,31.559402465820312,31.58621406555176,31.003023147583008,31.1370906829834,1305167
2006-08-16,22.554473876953125,32.444244384765625,32.477760314941406,31.713579177856445,31.79401969909668,1799695
2006-08-17,22.601072311401367,32.51127624511719,32.578311920166016,32.23644256591797,32.444244384765625,1023070
2006-08-18,22.47058486938477,32.323585510253906,32.59842300415039,32.14259338378906,32.53138732910156,617899
2006-08-21,22.27953338623047,32.04874801635742,32.37721252441406,31.98841667175293,32.24314498901367,592539
2006-08-22,22.288837432861328,32.06215286254883,32.24314498901367,31.92808532714844,31.934789657592773,715910
2006-08-23,22.190990447998047,31.92138290405273,32.323585510253906,31.726985931396484,32.16270446777344,774537
2006-08-24,22.11642265319824,31.814128875732425,32.03533935546875,31.48566436767578,32.03533935546875,665488
2006-08-25,21.999923706054688,31.64654541015625,31.92808532714844,31.411928176879883,31.706876754760746,529138
2006-08-28,22.22360610961914,31.968307495117188,32.10907745361328,31.59962272644043,31.64654541015625,649824
2006-08-29,22.38032341003418,32.06885528564453,32.13589096069336,31.59962272644043,31.90797615051269,1159270
2006-08-30,22.455171585083008,32.176109313964844,32.40402603149414,32.06215286254883,32.27666091918945,955342
2006-08-31,22.74522018432617,32.59172058105469,32.638641357421875,32.16270446777344,32.24314498901367,1255043
2006-09-01,22.8060359954834,32.678863525390625,32.88666534423828,32.59172058105469,32.839744567871094,1165685
2006-09-05,22.73586654663086,32.578311920166016,32.81292724609375,32.33699035644531,32.80622482299805,891195
2006-09-06,22.431787490844727,32.14259338378906,32.43754196166992,32.12248229980469,32.323585510253906,978167
2006-09-07,22.07624626159668,31.63313865661621,32.13589096069336,31.566104888916016,32.13589096069336,1482690
2006-09-08,22.18383407592773,31.787315368652344,32.2230339050293,31.760501861572266,32.2230339050293,1181945
2006-09-11,22.108991622924805,31.68006134033203,31.92808532714844,31.57280921936035,31.773908615112305,2062996
2006-09-12,22.19319725036621,31.800722122192383,31.94149208068848,31.63984107971192,31.740392684936523,2586316
2006-09-13,22.32418441772461,31.98841667175293,32.04874801635742,31.75379943847656,31.800722122192383,1101836
2006-09-14,22.25869369506836,31.894569396972656,32.0822639465332,31.75379943847656,31.8409423828125,976526
2006-09-15,22.314828872680664,31.97500991821289,32.477760314941406,31.97500991821289,32.10907745361328,1190448
2006-09-18,22.53470802307129,32.290069580078125,32.4710578918457,31.968307495117188,31.968307495117188,1023368
2006-09-19,22.211912155151367,31.82753562927246,32.29677200317383,31.673358917236328,32.24314498901367,1390348
2006-09-20,22.34288787841797,32.015228271484375,32.19622039794922,31.82083320617676,31.881162643432617,866879
2006-09-21,22.015426635742188,31.54599571228028,32.00852584838867,31.42533493041992,31.8409423828125,1378712
2006-09-22,21.781524658203125,31.210826873779297,31.57951164245605,30.98961639404297,31.54599571228028,1448976
2006-09-25,22.038818359375,31.57951164245605,31.673358917236328,31.056650161743164,31.324783325195312,1249822
2006-09-26,22.225942611694336,31.84764671325684,31.92138290405273,31.54599571228028,31.592918395996094,1527295
2006-09-27,22.455171585083008,32.176109313964844,32.37721252441406,31.8409423828125,31.84764671325684,1579358
2006-09-28,22.39435768127441,32.088966369628906,32.343692779541016,31.861053466796875,32.115779876708984,1174486
2006-09-29,22.19319725036621,31.800722122192383,32.129188537597656,31.726985931396484,32.00852584838867,1027843
2006-10-02,22.14173889160156,31.726985931396484,31.968307495117188,31.47896194458008,31.968307495117188,1540870
2006-10-03,22.048173904418945,31.592918395996094,31.97500991821289,31.398521423339844,31.63984107971192,1343357
2006-10-04,21.987361907958984,31.50577545166016,31.666654586791992,31.391817092895508,31.539291381835938,3735144
2006-10-05,22.52066802978516,32.26995849609375,32.290069580078125,31.43874168395996,31.50577545166016,1915458
2006-10-06,22.581485748291016,32.35710144042969,32.504573822021484,31.84764671325684,32.088966369628906,1845195
2006-10-09,22.89959716796875,32.81292724609375,32.8464469909668,32.216331481933594,32.36380386352539,1342014
2006-10-10,22.67505645751953,32.49116897583008,32.81292724609375,32.43083953857422,32.74589538574219,1626797
2006-10-11,22.69376564025879,32.51798248291016,32.65205001831055,32.18281555175781,32.35710144042969,1407056
2006-10-12,23.245784759521484,33.30897903442383,33.30897903442383,32.59842300415039,32.6118278503418,1421676
2006-10-13,23.34870147705078,33.456451416015625,33.516780853271484,33.141395568847656,33.30897903442383,1069613
2006-10-16,23.76037979125977,34.046348571777344,34.05975341796875,33.28216552734375,33.322383880615234,1384083
2006-10-17,23.75569725036621,34.039642333984375,34.1066780090332,33.724586486816406,33.918983459472656,2006756
2006-10-18,23.76037979125977,34.046348571777344,34.48876953125,33.83184051513672,34.12008285522461,2212772
2006-10-19,23.704242706298828,33.96590805053711,34.06645584106445,33.65755081176758,33.97931289672852,1730327
2006-10-20,23.74166679382324,34.019535064697266,34.52228546142578,33.885467529296875,34.32118606567383,2165781
2006-10-23,23.86798095703125,34.200523376464844,34.30777740478516,33.8720588684082,33.98601531982422,1454794
2006-10-24,23.811843872070312,34.12008285522461,34.274261474609375,33.95249938964844,34.18711853027344,2731169
2006-10-25,22.310152053833008,31.968307495117188,32.578311920166016,31.75379943847656,32.43083953857422,8611209
2006-10-26,22.54874420166016,32.310176849365234,32.37721252441406,32.0755615234375,32.088966369628906,3503469
2006-10-27,22.44114112854004,32.156002044677734,32.323585510253906,32.0755615234375,32.14259338378906,2041813
2006-10-30,22.35693359375,32.03533935546875,32.310176849365234,31.92138290405273,32.10907745361328,1609343
2006-10-31,22.221269607543945,31.8409423828125,32.16940689086914,31.64654541015625,32.00852584838867,2514412
2006-11-01,22.221269607543945,31.8409423828125,32.16270446777344,31.7672061920166,31.94149208068848,2266477
2006-11-02,22.225942611694336,31.84764671325684,31.91468048095703,31.7672061920166,31.814128875732425,2412523
2006-11-03,22.123029708862305,31.700172424316406,32.088966369628906,31.57280921936035,31.9817123413086,1222522
2006-11-06,22.18383407592773,31.787315368652344,31.92138290405273,31.57951164245605,31.706876754760746,1749273
2006-11-07,22.51131629943848,32.25654983520508,32.310176849365234,31.61973190307617,31.787315368652344,1504619
2006-11-08,22.852819442749023,32.74589538574219,32.833038330078125,32.00852584838867,32.19622039794922,1725106
2006-11-09,23.00719451904297,32.96710586547852,33.0877685546875,32.75930404663086,32.8464469909668,2688802
2006-11-10,23.31128120422364,33.40282440185547,33.41623306274414,32.98721694946289,33.18161392211914,1564888
2006-11-13,23.353382110595703,33.46315383911133,33.64414596557617,33.241943359375,33.241943359375,1982291
2006-11-14,23.503087997436523,33.67766189575195,33.684364318847656,33.262054443359375,33.4832649230957,1903524
2006-11-15,23.58728790283203,33.79832458496094,33.945796966552734,33.51007843017578,33.58381652832031,1446738
2006-11-16,23.498409271240234,33.67095947265625,33.851951599121094,33.60392379760742,33.845245361328125,1335600
2006-11-17,23.41419219970703,33.55030059814453,33.7178840637207,33.43634033203125,33.557003021240234,1242959
2006-11-20,23.38145637512207,33.50337600708008,33.67766189575195,33.41623306274414,33.55030059814453,990549
2006-11-21,23.624717712402344,33.851951599121094,33.851951599121094,33.382713317871094,33.41623306274414,675632
2006-11-22,23.85862922668457,34.18711853027344,34.394920349121094,33.851951599121094,33.99942398071289,1279508
2006-11-24,23.811843872070312,34.12008285522461,34.2608528137207,34.0128288269043,34.08656692504883,415464
2006-11-27,23.222383499145508,33.27545928955078,33.99942398071289,33.14809799194336,33.97931289672852,1547285
2006-11-28,22.95708274841309,32.772708892822266,33.04754638671875,32.69226837158203,32.91347885131836,1230876
2006-11-29,23.393787384033203,33.396121978759766,33.51007843017578,32.82633590698242,32.8464469909668,1097659
2006-11-30,23.61917495727539,33.7178840637207,33.885467529296875,33.382713317871094,33.396121978759766,1344252
2006-12-01,23.074481964111328,32.94029235839844,33.784915924072266,32.76600646972656,33.127986907958984,2358371
2006-12-04,23.50177955627441,33.55030059814453,33.617332458496094,32.98051452636719,33.10787582397461,940574
2006-12-05,23.4454345703125,33.46985626220703,33.751399993896484,33.38941955566406,33.751399993896484,1417350
2006-12-06,23.43135070800781,33.44974899291992,33.557003021240234,33.34919738769531,33.516780853271484,1219091
2006-12-07,23.36090850830078,33.34919738769531,33.7178840637207,33.31568145751953,33.55030059814453,600147
2006-12-08,23.313962936401367,33.28216552734375,33.516780853271484,33.15480041503906,33.28216552734375,637889
2006-12-11,23.27169609069824,33.221832275390625,33.38941955566406,32.96040344238281,33.14809799194336,1219389
2006-12-12,23.08856010437012,32.96040344238281,33.32908630371094,32.8598518371582,33.30897903442383,1300543
2006-12-13,23.06038856506348,32.92018127441406,33.20172500610352,32.88666534423828,33.11457824707031,673543
2006-12-14,23.140220642089844,33.034141540527344,33.335792541503906,32.564903259277344,32.564903259277344,610142
2006-12-15,23.257614135742188,33.20172500610352,33.27545928955078,32.98721694946289,33.26875686645508,1792982
2006-12-18,23.13552474975586,33.027435302734375,33.38941955566406,32.946998596191406,33.18161392211914,1352904
2006-12-19,23.16839027404785,33.07435989379883,33.11457824707031,32.88666534423828,33.027435302734375,1316206
2006-12-20,23.08856010437012,32.96040344238281,33.31568145751953,32.8464469909668,33.01403045654297,1141816
2006-12-21,22.94769859313965,32.75930404663086,33.53689193725586,32.370506286621094,32.370506286621094,896566
2006-12-22,22.8725643157959,32.65205001831055,32.88666534423828,32.605125427246094,32.739192962646484,755293
2006-12-26,22.938310623168945,32.74589538574219,32.82633590698242,32.51127624511719,32.51127624511719,580157
2006-12-27,23.215356826782227,33.141395568847656,33.141395568847656,32.739192962646484,32.8464469909668,644006
2006-12-28,23.079179763793945,32.946998596191406,33.13468933105469,32.839744567871094,33.04754638671875,411137
2006-12-29,23.01813125610352,32.8598518371582,33.0006217956543,32.75930404663086,32.91347885131836,589257
2007-01-03,22.91482925415039,32.712379455566406,33.262054443359375,32.53809356689453,32.946998596191406,1474933
2007-01-04,23.01343536376953,32.8531494140625,32.98721694946289,32.42413330078125,32.77941131591797,1309493
2007-01-05,22.72700500488281,32.444244384765625,32.839744567871094,32.31687927246094,32.839744567871094,891494
2007-01-08,22.75047492980957,32.477760314941406,32.578311920166016,32.088966369628906,32.28336334228516,1268917
2007-01-09,22.863183975219727,32.638641357421875,32.75930404663086,32.43083953857422,32.564903259277344,1030379
2007-01-10,22.792734146118164,32.53809356689453,32.59842300415039,32.33699035644531,32.410728454589844,1450169
2007-01-11,22.975866317749023,32.799522399902344,32.8598518371582,32.578311920166016,32.645347595214844,1122572
2007-01-12,23.06038856506348,32.92018127441406,33.0944709777832,32.712379455566406,32.80622482299805,1057530
2007-01-16,22.900733947753903,32.69226837158203,32.76600646972656,32.370506286621094,32.578311920166016,1938432
2007-01-17,22.764568328857425,32.49787139892578,32.712379455566406,32.343692779541016,32.52468490600586,1989750
2007-01-18,22.7410888671875,32.46435546875,32.799522399902344,32.350399017333984,32.66545486450195,1291741
2007-01-19,22.9523983001709,32.76600646972656,32.81292724609375,32.46435546875,32.53138732910156,1510288
2007-01-22,22.67534637451172,32.370506286621094,32.74589538574219,32.176109313964844,32.739192962646484,1205366
2007-01-23,22.802133560180664,32.55149841308594,32.65875244140625,32.35710144042969,32.35710144042969,2099396
2007-01-24,22.849084854125977,32.6185302734375,32.71908187866211,32.383914947509766,32.6118278503418,2030923
2007-01-25,22.44056701660156,32.03533935546875,32.672157287597656,31.97500991821289,32.605125427246094,2125950
2007-01-26,22.29030990600586,31.82083320617676,32.16270446777344,31.72028160095215,31.99511909484864,1771351
2007-01-29,22.393611907958984,31.968307495117188,32.176109313964844,31.58621406555176,31.58621406555176,1646787
2007-01-30,22.53447723388672,32.16940689086914,32.25654983520508,31.98841667175293,32.10907745361328,1782391
2007-01-31,23.290483474731445,33.24864959716797,33.516780853271484,31.9817123413086,32.04204177856445,3086812
2007-02-01,23.769437789916992,33.93238830566406,34.019535064697266,33.32908630371094,33.37601089477539,2585272
2007-02-02,23.605093002319336,33.69777297973633,34.13349151611328,33.55030059814453,33.98601531982422,2502925
2007-02-05,23.774141311645508,33.93909454345703,34.08656692504883,33.56370544433594,33.69777297973633,1596215
2007-02-06,23.675518035888672,33.79832458496094,34.019535064697266,33.60392379760742,34.006126403808594,1679159
2007-02-07,23.81169509887696,33.99272155761719,34.046348571777344,33.617332458496094,33.74469757080078,1421378
2007-02-08,23.755348205566406,33.91228103637695,33.99272155761719,33.73128890991211,33.99272155761719,876874
2007-02-09,23.59100914001465,33.67766189575195,34.113380432128906,33.516780853271484,34.019535064697266,1331423
2007-02-12,23.670839309692383,33.79161834716797,33.8653564453125,33.60392379760742,33.751399993896484,1082144
2007-02-13,23.670839309692383,33.79161834716797,33.99942398071289,33.69777297973633,33.918983459472656,1102284
2007-02-14,23.750656127929688,33.90557861328125,33.96590805053711,33.69777297973633,33.90557861328125,1819089
2007-02-15,23.684919357299805,33.811729431152344,34.05305099487305,33.590518951416016,33.81843185424805,1605763
2007-02-16,23.49709129333496,33.54359436035156,33.7178840637207,33.44974899291992,33.66425704956055,1345893
2007-02-20,23.76473426818848,33.92568588256836,33.945796966552734,33.41623306274414,33.516780853271484,1202979
2007-02-21,23.755348205566406,33.91228103637695,34.09326934814453,33.53018951416016,33.53018951416016,1951709
2007-02-22,23.45483016967773,33.4832649230957,34.07315826416016,33.44304656982422,34.03293991088867,1810138
2007-02-23,23.187170028686523,33.101173400878906,33.51007843017578,33.067657470703125,33.4832649230957,2114762
2007-02-26,23.104692459106445,32.8598518371582,33.28886795043945,32.78611755371094,33.228538513183594,1613073
2007-02-27,22.41654586791992,31.881162643432617,32.739192962646484,31.592918395996094,32.65875244140625,2444149
2007-02-28,22.52495384216309,32.03533935546875,32.28336334228516,31.733688354492188,31.82753562927246,3971443
2007-03-01,22.66163444519043,32.229736328125,32.33699035644531,31.46555519104004,31.706876754760746,2202330
2007-03-02,22.23744201660156,31.626434326171875,32.19622039794922,31.626434326171875,32.10907745361328,1908447
2007-03-05,22.011199951171875,31.30467414855957,31.740392684936523,31.284563064575195,31.49236869812012,2332563
2007-03-06,22.24686813354492,31.63984107971192,31.65995216369629,31.19742012023925,31.4521484375,1927542
2007-03-07,22.209163665771484,31.58621406555176,31.787315368652344,31.49236869812012,31.50577545166016,1889203
2007-03-08,22.49196434020996,31.98841667175293,32.209625244140625,31.78061294555664,31.92138290405273,2239475
2007-03-09,22.47311019897461,31.96160316467285,32.26995849609375,31.80742645263672,32.10907745361328,1288310
2007-03-12,22.71348762512207,32.30347442626953,32.370506286621094,31.84764671325684,31.87446022033692,1231174
2007-03-13,22.133745193481445,31.47896194458008,32.2230339050293,31.418630599975582,32.10907745361328,1796414
2007-03-14,22.294002532958984,31.706876754760746,31.740392684936523,30.882362365722656,31.33148765563965,3278059
2007-03-15,22.501388549804688,32.00182342529297,32.04874801635742,31.63984107971192,31.706876754760746,1647831
2007-03-16,22.388267517089844,31.8409423828125,32.33028793334961,31.760501861572266,32.12248229980469,1885175
2007-03-19,22.57679748535156,32.10907745361328,32.28336334228516,31.94149208068848,31.94149208068848,1906657
2007-03-20,22.60037040710449,32.14259338378906,32.26995849609375,31.98841667175293,32.06215286254883,1714514
2007-03-21,22.97742462158203,32.678863525390625,32.799522399902344,32.00852584838867,32.14259338378906,1260861
2007-03-22,22.95387077331543,32.645347595214844,33.241943359375,32.564903259277344,33.241943359375,2097755
2007-03-23,23.00571250915528,32.71908187866211,32.81963348388672,32.52468490600586,32.678863525390625,1118544
2007-03-26,22.99156951904297,32.698970794677734,32.82633590698242,32.26995849609375,32.81292724609375,1229235
2007-03-27,22.93973159790039,32.62523651123047,32.712379455566406,32.30347442626953,32.578311920166016,2369261
2007-03-28,22.788894653320312,32.410728454589844,32.638641357421875,32.249847412109375,32.37721252441406,2490096
2007-03-29,22.98214530944824,32.68556594848633,32.799522399902344,32.43754196166992,32.6118278503418,3083828
2007-03-30,23.00571250915528,32.71908187866211,33.16820526123047,32.40402603149414,32.65875244140625,2634054
2007-04-02,22.9067325592041,32.578311920166016,32.89337158203125,32.51798248291016,32.799522399902344,2835594
2007-04-03,23.132970809936523,32.90007400512695,33.01403045654297,32.66545486450195,32.77941131591797,1655887
2007-04-04,23.20367431640625,33.0006217956543,33.18161392211914,32.81963348388672,32.933589935302734,1279956
2007-04-05,23.165971755981445,32.946998596191406,33.11457824707031,32.81292724609375,33.04754638671875,1125406
2007-04-09,22.972719192504883,32.672157287597656,32.97380828857422,32.59842300415039,32.95370101928711,1118246
2007-04-10,22.807756423950195,32.43754196166992,32.74589538574219,32.41743087768555,32.672157287597656,1510587
2007-04-11,22.48725318908692,31.9817123413086,32.42413330078125,31.87446022033692,32.383914947509766,2082091
2007-04-12,22.685209274291992,32.26325225830078,32.27666091918945,31.78061294555664,31.97500991821289,1251761
2007-04-13,22.71348762512207,32.30347442626953,32.40402603149414,32.0822639465332,32.26325225830078,1002334
2007-04-16,23.043413162231445,32.772708892822266,32.772708892822266,32.36380386352539,32.36380386352539,941021
2007-04-17,23.194244384765625,32.98721694946289,33.034141540527344,32.58501434326172,32.75930404663086,1465534
2007-04-18,23.085832595825195,32.833038330078125,32.933589935302734,32.65205001831055,32.87996292114258,1421676
2007-04-19,23.132970809936523,32.90007400512695,33.31568145751953,32.51127624511719,33.31568145751953,1326201
2007-04-20,23.543031692504883,33.4832649230957,33.4832649230957,33.28216552734375,33.31568145751953,2010336
2007-04-23,23.73627662658692,33.75810241699219,33.811729431152344,33.4832649230957,33.4832649230957,1220881
2007-04-24,23.627880096435547,33.60392379760742,33.83184051513672,33.40282440185547,33.70447540283203,1356037
2007-04-25,22.949161529541016,32.638641357421875,32.90007400512695,32.015228271484375,32.77941131591797,5780686
2007-04-26,23.099977493286133,32.8531494140625,33.46315383911133,32.39731979370117,33.46315383911133,3203619
2007-04-27,23.00571250915528,32.71908187866211,33.0006217956543,32.638641357421875,32.712379455566406,2154294
2007-04-30,22.680496215820312,32.25654983520508,32.8464469909668,32.229736328125,32.8464469909668,2459514
2007-05-01,22.628650665283203,32.18281555175781,32.484466552734375,32.021934509277344,32.43754196166992,2630921
2007-05-02,22.88788414001465,32.55149841308594,32.6185302734375,32.0755615234375,32.10237503051758,2515158
2007-05-03,22.82660865783692,32.46435546875,33.12128448486328,32.33028793334961,32.55149841308594,2812770
2007-05-04,22.78418159484864,32.40402603149414,32.72578430175781,32.343692779541016,32.6118278503418,1269961
2007-05-07,22.88315773010254,32.544795989990234,32.59172058105469,32.310176849365234,32.51127624511719,1714365
2007-05-08,22.99156951904297,32.698970794677734,32.698970794677734,32.383914947509766,32.49116897583008,1799397
2007-05-09,23.04813003540039,32.77941131591797,32.833038330078125,32.45094680786133,32.638641357421875,2306307
2007-05-10,22.581518173217773,32.115779876708984,32.672157287597656,32.10907745361328,32.645347595214844,1819536
2007-05-11,22.60037040710449,32.14259338378906,32.323585510253906,31.9817123413086,32.216331481933594,2474432
2007-05-14,22.675785064697266,32.249847412109375,32.37721252441406,32.0822639465332,32.25654983520508,3324006
2007-05-15,22.666353225708008,32.23644256591797,32.712379455566406,32.13589096069336,32.39731979370117,4046779
2007-05-16,22.74176788330078,32.343692779541016,32.504573822021484,32.0822639465332,32.37721252441406,2484129
2007-05-17,22.58623504638672,32.12248229980469,32.33699035644531,32.0755615234375,32.2230339050293,1532218
2007-05-18,22.85488510131836,32.504573822021484,32.504573822021484,32.156002044677734,32.16940689086914,2122966
2007-05-21,23.165971755981445,32.946998596191406,32.98051452636719,32.40402603149414,32.51127624511719,3036837
2007-05-22,23.29794311523437,33.13468933105469,33.15480041503906,32.839744567871094,32.87996292114258,2793377
2007-05-23,23.44875717163086,33.34919738769531,33.422935485839844,33.05424880981445,33.2352409362793,3289099
2007-05-24,23.227237701416016,33.034141540527344,33.90557861328125,33.01403045654297,33.90557861328125,3659212
2007-05-25,23.18010330200196,32.96710586547852,33.21512985229492,32.96710586547852,33.07435989379883,1421825
2007-05-29,23.13042449951172,32.772708892822266,33.14809799194336,32.65875244140625,32.94029235839844,1750168
2007-05-30,23.357521057128903,33.0944709777832,33.0944709777832,32.29677200317383,32.638641357421875,1767174
2007-05-31,23.67923927307129,33.55030059814453,33.55030059814453,32.90007400512695,33.141395568847656,2521274
2007-06-01,23.811710357666016,33.73799133300781,33.73799133300781,33.44974899291992,33.61063003540039,1687960
2007-06-04,23.726539611816406,33.617332458496094,33.684364318847656,33.17491149902344,33.17491149902344,1576822
2007-06-05,23.816444396972656,33.74469757080078,34.079864501953125,33.18161392211914,33.18161392211914,2931815
2007-06-06,23.437952041625977,33.20842742919922,33.66425704956055,33.13468933105469,33.516780853271484,2051211
2007-06-07,23.1588077545166,32.81292724609375,33.24864959716797,32.81292724609375,33.20842742919922,2466675
2007-06-08,23.68870735168457,33.56370544433594,33.56370544433594,32.7056770324707,32.80622482299805,2385820
2007-06-11,24.10030174255371,34.14689636230469,34.42173385620117,33.516780853271484,33.65755081176758,4327683
2007-06-12,23.9583797454834,33.945796966552734,34.30107498168945,33.79161834716797,34.05305099487305,2866624
2007-06-13,24.99449157714844,35.41383361816406,35.41383361816406,34.039642333984375,34.113380432128906,4068261
2007-06-14,25.17427444458008,35.66856002807617,35.76911163330078,35.07866287231445,35.420536041259766,3192878
2007-06-15,25.2452449798584,35.76911163330078,36.030540466308594,35.708778381347656,35.86295700073242,2925699
2007-06-18,24.904600143432617,35.286468505859375,35.541194915771484,35.08536529541016,35.1121826171875,2262449
2007-06-19,25.04180145263672,35.480865478515625,35.58811950683594,35.13899230957031,35.29987335205078,1782689
2007-06-20,24.84782600402832,35.20602798461914,35.614933013916016,35.19261932373047,35.48756790161133,2802924
2007-06-21,24.809965133666992,35.152400970458984,35.420536041259766,34.94459533691406,35.09877395629883,3000437
2007-06-22,24.511924743652344,34.73008728027344,35.092071533203125,34.528987884521484,35.018333435058594,2930174
2007-06-25,24.16654396057129,34.240745544433594,34.8775634765625,34.09326934814453,34.8775634765625,2737435
2007-06-26,24.209115982055664,34.30107498168945,34.58261489868164,34.02623748779297,34.51558303833008,1966179
2007-06-27,24.27535629272461,34.394920349121094,34.44854736328125,33.93238830566406,34.0128288269043,1976025
2007-06-28,24.128692626953125,34.18711853027344,34.589317321777344,33.8586540222168,33.8653564453125,1947532
2007-06-29,24.19965362548828,34.28766632080078,34.569210052490234,34.21393203735352,34.2474479675293,2245890
2007-07-02,24.69642448425293,34.99151992797852,34.99822235107422,34.42173385620117,34.45525360107422,1617846
2007-07-03,24.51664352416992,34.736793518066406,35.19932556152344,34.70998001098633,35.018333435058594,839281
2007-07-05,24.4078369140625,34.58261489868164,34.75690460205078,34.4954719543457,34.6429443359375,1568916
2007-07-06,24.724815368652344,35.03173828125,35.092071533203125,34.38821792602539,34.502174377441406,1470010
2007-07-09,24.81943893432617,35.165809631347656,35.30657958984375,34.958003997802734,34.97811508178711,1294725
2007-07-10,24.41729736328125,34.59602355957031,35.23284149169922,34.59602355957031,34.917781829833984,2394621
2007-07-11,24.620723724365234,34.8842658996582,34.97140884399414,34.394920349121094,34.528987884521484,1130478
2007-07-12,25.18373107910156,35.68196487426758,35.68196487426758,34.8842658996582,35.092071533203125,1253104
2007-07-13,25.18373107910156,35.68196487426758,35.775814056396484,35.36690902709961,35.39372253417969,983090
2007-07-16,25.54802894592285,36.198123931884766,36.44614791870117,35.59482192993164,35.68196487426758,2471598
2007-07-17,25.71361351013184,36.432743072509766,36.59362030029297,36.21153259277344,36.25175094604492,2551408
2007-07-18,25.377704620361328,35.95680236816406,36.37911605834961,35.72218704223633,36.359004974365234,3435742
2007-07-19,25.75619506835937,36.493072509765625,36.53329086303711,36.030540466308594,36.05065155029297,2011977
2007-07-20,25.335124969482425,35.8964729309082,36.37241363525391,35.87636184692383,36.30537796020508,2358669
2007-07-23,25.56694984436035,36.22493743896485,36.41263198852539,35.92328643798828,36.00372695922852,1394525
2007-07-24,24.597074508666992,34.85074996948242,36.030540466308594,34.52228546142578,35.97691345214844,2755634
2007-07-25,23.68870735168457,33.56370544433594,35.21943283081055,33.21512985229492,35.092071533203125,6141998
2007-07-26,23.51364517211914,33.31568145751953,33.516780853271484,32.504573822021484,33.382713317871094,5657017
2007-07-27,23.53730201721192,33.34919738769531,33.97931289672852,32.92688751220703,33.355899810791016,5553188
2007-07-30,23.83063125610352,33.76480484008789,33.91228103637695,33.44974899291992,33.53018951416016,3170650
2007-07-31,24.128692626953125,34.18711853027344,35.27976608276367,34.12678527832031,34.35470199584961,5370295
2007-08-01,23.99621963500977,33.99942398071289,34.21393203735352,33.4832649230957,34.0128288269043,3379203
2007-08-02,24.43147850036621,34.61613082885742,34.68986892700195,34.18711853027344,34.45525360107422,2544248
2007-08-03,24.209115982055664,34.30107498168945,35.52779006958008,34.2608528137207,34.857452392578125,4593221
2007-08-06,24.57815170288086,34.823936462402344,34.823936462402344,33.95249938964844,34.38151550292969,3343847
2007-08-07,24.27535629272461,34.394920349121094,34.62283706665039,34.0999755859375,34.528987884521484,3405458
2007-08-08,24.19020271301269,34.274261474609375,34.562503814697266,33.69777297973633,34.52228546142578,2739225
2007-08-09,23.2770938873291,32.98051452636719,33.7178840637207,32.8464469909668,33.01403045654297,4159707
2007-08-10,23.84955787658692,33.79161834716797,33.97931289672852,32.18951797485352,33.50337600708008,3226145
2007-08-13,23.75966453552246,33.66425704956055,34.2608528137207,33.46985626220703,34.2608528137207,2034205
2007-08-14,23.357521057128903,33.0944709777832,33.83854293823242,33.0944709777832,33.79832458496094,1725703
2007-08-15,23.135156631469727,32.77941131591797,33.54359436035156,32.73249053955078,33.11457824707031,2386267
2007-08-16,22.86075592041016,32.39061737060547,32.88666534423828,31.398521423339844,32.87996292114258,3838972
2007-08-17,23.37171936035156,33.11457824707031,35.66185760498047,31.968307495117188,33.06095504760742,2119983
2007-08-20,23.551494598388672,33.36930847167969,33.55030059814453,32.73249053955078,33.01403045654297,1352904
2007-08-21,23.1209659576416,32.75930404663086,33.382713317871094,32.68556594848633,33.34919738769531,1394824
2007-08-22,23.617733001708984,33.46315383911133,33.59722137451172,32.933589935302734,32.933589935302734,1423168
2007-08-23,23.25343513488769,32.946998596191406,33.73128890991211,32.87996292114258,33.7178840637207,1376624
2007-08-24,23.31967544555664,33.04084396362305,33.10787582397461,32.712379455566406,32.87996292114258,1782391
2007-08-27,23.11150360107422,32.74589538574219,33.18161392211914,32.71908187866211,33.08106231689453,1395271
2007-08-28,22.48227500915528,31.85434913635254,32.75259780883789,31.85434913635254,32.66545486450195,1898154
2007-08-29,23.090410232543945,32.578311920166016,32.63193893432617,31.85434913635254,31.92808532714844,1844300
2007-08-30,23.090410232543945,32.578311920166016,32.90007400512695,32.26325225830078,32.343692779541016,1698701
2007-08-31,23.47050094604492,33.11457824707031,33.21512985229492,32.678863525390625,33.0006217956543,1794773
2007-09-04,23.54651641845703,33.221832275390625,33.38941955566406,32.839744567871094,33.2352409362793,1420184
2007-09-05,22.981130599975582,32.42413330078125,32.906776428222656,32.26325225830078,32.8464469909668,1526250
2007-09-06,23.3707275390625,32.97380828857422,33.161502838134766,32.249847412109375,32.6185302734375,1696911
2007-09-07,22.7673282623291,32.12248229980469,32.638641357421875,31.934789657592773,32.49116897583008,2564685
2007-09-10,22.415748596191406,31.626434326171875,32.249847412109375,31.09687042236328,32.176109313964844,2000640
2007-09-11,22.87185478210449,32.26995849609375,32.30347442626953,31.61302947998047,31.69346809387207,2446237
2007-09-12,22.686559677124023,32.00852584838867,32.23644256591797,31.80742645263672,32.129188537597656,1062751
2007-09-13,22.96687889099121,32.40402603149414,32.59172058105469,32.13589096069336,32.13589096069336,1598901
2007-09-14,23.05239486694336,32.52468490600586,32.63193893432617,32.06885528564453,32.149295806884766,1036347
2007-09-17,22.84334754943848,32.229736328125,32.4576530456543,32.156002044677734,32.19622039794922,723369
2007-09-18,23.64629364013672,33.362606048583984,33.396121978759766,32.19622039794922,32.31687927246094,2035249
2007-09-19,24.311437606811523,34.30107498168945,34.74349594116211,33.46985626220703,33.516780853271484,3947873
2007-09-20,23.90284919738769,33.724586486816406,34.21393203735352,33.590518951416016,34.18711853027344,1851610
2007-09-21,24.11665344238281,34.02623748779297,34.2474479675293,33.70447540283203,34.153602600097656,2300937
2007-09-24,24.15941047668457,34.08656692504883,34.46195602416992,33.93238830566406,33.98601531982422,2239624
2007-09-25,24.059642791748047,33.945796966552734,34.12008285522461,33.56370544433594,33.918983459472656,1902181
2007-09-26,24.282936096191406,34.2608528137207,34.38151550292969,33.82513427734375,34.18711853027344,1990943
2007-09-27,24.240175247192383,34.200523376464844,34.32118606567383,34.0128288269043,34.2608528137207,1163298
2007-09-28,24.206918716430664,34.153602600097656,34.254150390625,33.99272155761719,33.99942398071289,1192388
2007-10-01,24.3874568939209,34.408329010009766,34.52228546142578,34.06645584106445,34.12008285522461,1684828
2007-10-02,24.21167182922364,34.16030502319336,34.46195602416992,33.97931289672852,34.368106842041016,1173740
2007-10-03,23.898096084594727,33.7178840637207,34.06645584106445,33.650848388671875,33.95920181274414,1056187
2007-10-04,23.936111450195312,33.771507263183594,33.885467529296875,33.55030059814453,33.82513427734375,885228
2007-10-05,24.42072105407715,34.45525360107422,34.57591247558594,33.95920181274414,33.98601531982422,1509990
2007-10-08,24.259178161621094,34.22733688354492,34.562503814697266,34.12678527832031,34.347999572753906,917152
2007-10-09,24.306703567504883,34.29437255859375,34.44854736328125,33.885467529296875,34.38821792602539,1488210
2007-10-10,23.75081443786621,33.51007843017578,34.173709869384766,33.355899810791016,34.12008285522461,1291293
2007-10-11,23.59877586364746,33.29557037353516,33.878761291503906,33.04754638671875,33.56370544433594,1988258
2007-10-12,23.765071868896484,33.53018951416016,33.69777297973633,33.0006217956543,33.30227279663086,1103626
2007-10-15,23.31371688842773,32.89337158203125,33.69777297973633,32.74589538574219,33.67095947265625,1332467
2007-10-16,23.137924194335938,32.645347595214844,32.91347885131836,32.444244384765625,32.799522399902344,1571452
2007-10-17,23.2471981048584,32.799522399902344,33.034141540527344,32.58501434326172,32.97380828857422,1759865
2007-10-18,23.18543243408203,32.712379455566406,32.96040344238281,32.6118278503418,32.6118278503418,1101538
2007-10-19,22.95737648010254,32.39061737060547,32.78611755371094,32.29677200317383,32.484466552734375,2740567
2007-10-22,23.04764938354492,32.51798248291016,32.698970794677734,31.90797615051269,32.0822639465332,2246636
2007-10-23,23.446739196777344,33.08106231689453,33.24864959716797,32.62523651123047,32.62523651123047,2004667
2007-10-24,22.22570037841797,31.358301162719727,31.95490074157715,30.728185653686523,31.95490074157715,8492910
2007-10-25,21.81235885620117,30.775108337402344,31.432037353515625,30.48016166687012,31.284563064575195,3570749
2007-10-26,21.84561538696289,30.8220329284668,30.90247344970703,30.386314392089844,30.84214210510254,3350411
2007-10-29,21.52729225158692,30.372907638549805,30.85554885864257,30.23213768005371,30.687965393066406,3404861
2007-10-30,21.570051193237305,30.433237075805664,30.90247344970703,30.23213768005371,30.460050582885746,2786813
2007-10-31,21.855112075805664,30.83543968200684,30.86225318908692,30.23213768005371,30.58741569519043,2589897
2007-11-01,21.12819480895996,29.8098258972168,30.788515090942383,29.776308059692383,30.714778900146484,3191834
2007-11-02,21.422765731811523,30.22543334960937,30.299171447753903,29.79641914367676,29.89696884155273,2561105
2007-11-05,21.508289337158203,30.346094131469727,30.553897857666016,29.88356208801269,30.15169715881348,2359713
2007-11-06,21.8598690032959,30.84214210510254,30.84214210510254,30.399721145629883,30.48686408996582,1904270
2007-11-07,21.066436767578125,29.72268295288086,30.527084350585938,29.72268295288086,30.520381927490234,2319435
2007-11-08,21.850360870361328,30.8287353515625,30.97620964050293,29.7427921295166,29.76960563659668,3556278
2007-11-09,21.807601928710938,30.76840591430664,31.264453887939453,29.82993507385254,30.39301872253418,4221467
2007-11-12,21.83611297607422,30.80862617492676,31.18401336669922,29.7427921295166,29.96400260925293,4369005
2007-11-13,22.18769264221192,31.30467414855957,31.46555519104004,30.8220329284668,31.130386352539062,3065479
2007-11-14,22.47277069091797,31.706876754760746,31.88786506652832,31.27115631103516,31.37170791625977,2190097
2007-11-15,22.19244766235352,31.311378479003903,31.773908615112305,31.224233627319336,31.519182205200195,2343005
2007-11-16,21.98814582824707,31.02313232421875,31.559402465820312,30.7482967376709,31.552698135375977,2742358
2007-11-19,21.712589263916016,30.63433837890625,31.02983665466309,30.57400894165039,30.98961639404297,1739278
2007-11-20,21.76960563659668,30.714778900146484,31.16390419006348,30.31928062438965,30.761701583862305,1597260
2007-11-21,21.35625648498535,30.1315860748291,30.63433837890625,30.057849884033203,30.520381927490234,1666180
2007-11-23,21.731590270996094,30.661151885986328,30.661151885986328,30.08466339111328,30.36620330810547,671604
2007-11-26,21.308732986450195,30.064552307128903,31.016429901123047,30.02433204650879,30.701372146606445,2431170
2007-11-27,21.66507339477539,30.56730461120605,30.674558639526367,30.057849884033203,30.057849884033203,2341215
2007-11-28,22.428606033325195,31.50577545166016,31.57280921936035,30.49356842041016,30.56730461120605,1772396
2007-11-29,22.25203514099121,31.25775146484375,31.5258846282959,31.043243408203125,31.37841033935547,1779407
2007-11-30,22.08501243591309,31.02313232421875,31.8409423828125,30.80862617492676,31.8409423828125,2598400
2007-12-03,21.82732391357422,30.661151885986328,31.1370906829834,30.58741569519043,31.02983665466309,1154198
2007-12-04,21.684158325195312,30.460050582885746,30.7482967376709,30.372907638549805,30.433237075805664,1239379
2007-12-05,21.92276191711425,30.79521942138672,30.93598937988281,30.547195434570312,30.68126106262207,1407653
2007-12-06,22.428606033325195,31.50577545166016,31.559402465820312,30.641042709350582,30.78181266784668,1265336
2007-12-07,22.294981002807617,31.31808090209961,31.68006134033203,31.18401336669922,31.49236869812012,1107654
2007-12-10,22.667207717895508,31.8409423828125,31.91468048095703,31.210826873779297,31.351598739624023,1022622
2007-12-11,21.84164428710937,30.68126106262207,32.03533935546875,30.654449462890625,31.881162643432617,1626349
2007-12-12,21.87981414794922,30.734888076782227,31.49236869812012,30.372907638549805,31.40522575378418,1410786
2007-12-13,22.03252220153809,30.94939613342285,31.02313232421875,30.26565361022949,30.520381927490234,1687960
2007-12-14,21.7557430267334,30.56060218811035,31.063352584838867,30.56060218811035,30.79521942138672,1929481
2007-12-17,21.268993377685547,29.876859664916992,30.56730461120605,29.876859664916992,30.352798461914062,1483734
2007-12-18,21.68893241882324,30.46675491333008,30.5136775970459,29.92378234863281,30.031036376953125,1862500
2007-12-19,21.7032413482666,30.48686408996582,30.687965393066406,30.07125663757324,30.64774513244629,1372745
2007-12-20,21.82732391357422,30.661151885986328,30.8220329284668,30.252246856689453,30.58741569519043,1018147
2007-12-21,22.223403930664062,31.21753120422364,31.23764038085937,30.81532859802246,30.94939613342285,1880401
2007-12-24,22.543132781982425,31.666654586791992,31.733688354492188,31.116979598999023,31.190717697143555,512281
2007-12-26,22.223403930664062,31.21753120422364,31.686765670776367,31.043243408203125,31.686765670776367,814965
2007-12-27,21.83687210083008,30.674558639526367,31.16390419006348,30.674558639526367,30.9695053100586,815860
2007-12-28,22.190000534057617,31.17060661315918,31.284563064575195,30.788515090942383,31.063352584838867,1241915
2007-12-31,21.99434280395508,30.89576911926269,31.17060661315918,30.889066696166992,31.009727478027344,1000842
2008-01-02,21.19742012023925,29.776308059692383,30.93598937988281,29.76960563659668,30.721481323242188,1504321
2008-01-03,21.13537979125977,29.689165115356445,30.077959060668945,29.628835678100582,29.870155334472656,1533262
2008-01-04,20.29072380065918,28.502670288085938,29.581911087036133,28.502670288085938,29.46795463562012,2272444
2008-01-07,19.66082000732422,27.617828369140625,28.824432373046875,27.38321113586425,28.7976188659668,4208190
2008-01-08,18.41531562805176,25.86825180053711,27.751895904541016,25.77440452575684,27.691564559936523,3965327
2008-01-09,18.28646278381348,25.6872615814209,25.874956130981445,25.13758659362793,25.67385482788086,4453739
2008-01-10,18.84002494812012,26.46485137939453,26.55199432373047,25.177806854248047,25.28506088256836,4367364
2008-01-11,18.01923179626465,25.31187438964844,26.37100410461425,25.204620361328125,26.08946228027344,2386715
2008-01-14,18.062179565429688,25.372203826904297,25.64033889770508,25.13758659362793,25.445941925048828,3168264
2008-01-15,17.542028427124023,24.64153861999512,25.19121360778809,24.500768661499023,25.12417984008789,2290047
2008-01-16,17.456134796142578,24.52087783813477,25.030332565307617,24.473953247070312,24.57450485229492,2458172
2008-01-17,17.08390998840332,23.998016357421875,24.889562606811523,23.9712028503418,24.547691345214844,3598496
2008-01-18,16.964616775512695,23.830432891845703,25.53308486938477,23.669551849365234,25.372203826904297,3551952
2008-01-22,17.12686538696289,24.05834579467773,24.279556274414062,22.483057022094727,22.912071228027344,3711872
2008-01-23,17.4752197265625,24.547691345214844,24.554393768310547,22.97910690307617,23.39471435546875,4237131
2008-01-24,17.39409637451172,24.433734893798828,24.715274810791016,24.212522506713867,24.715274810791016,3074430
2008-01-25,17.971511840820312,25.24484062194824,25.459346771240234,24.554393768310547,24.554393768310547,3493175
2008-01-28,17.8331241607666,25.050443649291992,25.41242408752441,24.72868156433105,25.27165412902832,3604463
2008-01-29,18.32464027404785,25.74088859558105,25.82132911682129,24.86945152282715,25.251543045043945,2995216
2008-01-30,19.594009399414062,27.52398109436035,28.288164138793945,26.277156829833984,26.438037872314453,6570291
2008-01-31,19.226560592651367,27.0078239440918,27.99321556091309,26.96760368347168,27.141889572143555,4160304
2008-02-01,20.30504035949707,28.522781372070312,28.62333106994629,26.92738342285156,27.296066284179688,3954437
2008-02-04,20.228689193725582,28.41552734375,28.670255661010746,28.274757385253903,28.38871383666992,1781048
2008-02-05,19.799203872680664,27.812225341796875,28.22113037109375,27.7854118347168,27.79881858825684,2405362
2008-02-06,19.60832595825196,27.544090270996094,28.29486656188965,27.396617889404297,27.912776947021484,2321374
2008-02-07,19.76102828979492,27.75859832763672,27.959699630737305,27.336286544799805,27.470354080200195,1862947
2008-02-08,19.54152107238769,27.450244903564453,27.75859832763672,27.14859390258789,27.43013381958008,1900690
2008-02-11,19.799203872680664,27.812225341796875,27.89936828613281,27.12848281860352,27.262550354003903,1878313
2008-02-12,20.06644058227539,28.18761444091797,28.53618812561035,27.872556686401367,27.926183700561523,2023613
2008-02-13,20.734525680541992,29.12608337402344,29.17300605773925,28.348493576049805,28.348493576049805,2382389
2008-02-14,20.18574523925781,28.35519790649414,29.132787704467773,28.301570892333984,29.12608337402344,1293382
2008-02-15,20.06166648864746,28.18091011047364,28.314977645874023,27.919479370117188,28.29486656188965,1339926
2008-02-19,20.30504035949707,28.522781372070312,28.71047592163086,28.24123954772949,28.51607894897461,2213220
2008-02-20,20.662946701049805,29.02553367614746,29.13949012756348,28.321680068969727,28.45574760437012,1947084
2008-02-21,20.33844947814941,28.569704055786133,29.340591430664062,28.502670288085938,29.08586311340332,2008099
2008-02-22,20.3575382232666,28.59651756286621,28.750694274902344,27.973106384277344,28.636737823486328,2566177
2008-02-25,20.69157791137696,29.06575393676757,29.06575393676757,28.36860466003418,28.7305850982666,1858770
2008-02-26,20.62476348876953,28.971906661987305,29.14619255065918,28.656848907470703,28.89146614074707,2008695
2008-02-27,20.600801467895508,28.8043212890625,29.132787704467773,28.603221893310547,28.7305850982666,2457873
2008-02-28,20.222055435180664,28.274757385253903,28.75739860534668,28.04684257507324,28.656848907470703,2207402
2008-02-29,19.90083885192871,27.82563209533692,28.154096603393555,27.644641876220703,27.86585235595703,2851855
2008-03-03,20.15972900390625,28.18761444091797,28.18761444091797,27.69826889038086,27.74519157409668,1908596
2008-03-04,19.833711624145508,27.73178482055664,27.999919891357425,27.336286544799805,27.852445602416992,2652104
2008-03-05,20.092605590820312,28.09376716613769,28.22113037109375,27.637937545776367,27.725082397460938,2227690
2008-03-06,19.65633201599121,27.483760833740234,28.066953659057617,27.43683815002441,28.01332664489746,2393130
2008-03-07,19.61318588256836,27.42343139648437,27.68486213684082,27.19551658630371,27.296066284179688,2907350
2008-03-10,19.042667388916016,26.625732421875,27.43683815002441,26.605621337890625,27.38991355895996,2462945
2008-03-11,20.011104583740234,27.979808807373047,27.979808807373047,27.04133987426757,27.16870307922364,3217194
2008-03-12,20.001508712768555,27.966402053833008,28.375307083129883,27.90607261657715,28.154096603393555,1693331
2008-03-13,19.953577041625977,27.89936828613281,27.986513137817383,27.12178039550781,27.55079460144043,2232762
2008-03-14,19.431007385253903,27.16870307922364,28.05354690551757,26.83353614807129,28.05354690551757,3150213
2008-03-17,19.186492919921875,26.82683181762696,27.068153381347656,26.41792678833008,26.51177406311035,3814507
2008-03-18,20.14055252075196,28.16080093383789,28.20772361755371,27.12178039550781,27.249143600463867,4223257
2008-03-19,19.53647994995117,27.316177368164062,28.60992431640625,27.316177368164062,28.33508682250977,3461102
2008-03-20,19.680309295654297,27.51727867126465,27.55079460144043,27.07485580444336,27.483760833740234,3423807
2008-03-24,20.078229904174805,28.07365608215332,28.18761444091797,27.631235122680664,27.691564559936523,3058020
2008-03-25,20.500120162963867,28.663551330566406,28.8043212890625,27.7183780670166,28.04014015197754,2957175
2008-03-26,20.19808387756348,28.24123954772949,28.53618812561035,28.01332664489746,28.45574760437012,1677369
2008-03-27,19.780982971191406,27.658048629760746,28.38871383666992,27.47705841064453,28.321680068969727,2480996
2008-03-28,19.75701332092285,27.62453269958496,28.10717391967773,27.58431053161621,27.812225341796875,1061259
2008-03-31,20.03027534484864,28.006622314453125,28.14068984985352,27.577608108520508,27.73178482055664,2049570
2008-04-01,21.0610466003418,29.44784545898437,29.44784545898437,28.41552734375,28.52948570251465,2236790
2008-04-02,20.936389923095703,29.273557662963867,29.82323265075684,29.21322631835937,29.648944854736328,2318540
2008-04-03,20.931604385375977,29.26685333251953,29.40092086791992,28.96520233154297,29.166303634643555,1532068
2008-04-04,21.300756454467773,29.78301239013672,30.01762962341309,29.132787704467773,29.240039825439453,2040023
2008-04-07,21.041868209838867,29.421031951904297,29.89026641845703,29.407623291015625,29.85004615783692,2093429
2008-04-08,20.864479064941406,29.17300605773925,29.320480346679688,28.7976188659668,29.21322631835937,2179953
2008-04-09,20.84050369262696,29.13949012756348,29.602022171020508,28.992015838623047,29.06575393676757,1936493
2008-04-10,20.97954559326172,29.333887100219727,29.40092086791992,28.824432373046875,29.012126922607425,2747579
2008-04-11,20.298763275146484,28.38201141357422,29.13949012756348,28.301570892333984,29.045642852783203,3132908
2008-04-14,20.85489654541016,29.15959930419922,29.333887100219727,28.43563842773437,28.43563842773437,2251409
2008-04-15,21.06584358215332,29.45454788208008,29.75619888305664,29.132787704467773,29.286964416503903,2931367
2008-04-16,21.617170333862305,30.22543334960937,30.45334815979004,29.55509757995605,29.602022171020508,3349218
2008-04-17,22.06783676147461,30.85554885864257,30.98291206359864,29.89026641845703,30.077959060668945,2497256
2008-04-18,22.39384078979492,31.311378479003903,32.0822639465332,30.62093162536621,30.728185653686523,2723561
2008-04-21,22.42739486694336,31.358301162719727,31.4521484375,31.02983665466309,31.224233627319336,1947084
2008-04-22,22.11577796936035,30.922582626342773,31.65995216369629,30.594118118286133,31.116979598999023,2120878
2008-04-23,22.15413284301757,30.97620964050293,31.519182205200195,30.68126106262207,30.922582626342773,2972392
2008-04-24,23.03626251220703,32.209625244140625,32.444244384765625,30.41312789916992,30.956100463867188,2854242
2008-04-25,22.98832321166992,32.14259338378906,32.6118278503418,31.86775588989257,32.310176849365234,3227935
2008-04-28,23.228036880493164,32.477760314941406,32.62523651123047,32.00852584838867,32.33028793334961,3279700
2008-04-29,23.96634101867676,33.51007843017578,33.66425704956055,32.370506286621094,32.370506286621094,4811023
2008-04-30,23.717050552368164,33.161502838134766,33.66425704956055,33.141395568847656,33.40952682495117,4620969
2008-05-01,24.436182022094727,34.16700744628906,34.200523376464844,33.12128448486328,33.241943359375,2951507
2008-05-02,24.273178100585938,33.93909454345703,34.51558303833008,33.73799133300781,34.428436279296875,3786312
2008-05-05,24.417007446289062,34.140193939208984,34.32788848876953,33.2352409362793,33.91228103637695,4775817
2008-05-06,24.508094787597656,34.26755905151367,34.71668243408203,33.65755081176758,33.811729431152344,3338029
2008-05-07,24.6758975982666,34.502174377441406,34.8775634765625,34.26755905151367,34.38821792602539,4112119
2008-05-08,24.82451057434082,34.70998001098633,35.01163101196289,34.52228546142578,34.696571350097656,2503970
2008-05-09,24.8341007232666,34.723384857177734,34.857452392578125,34.113380432128906,34.41503143310547,2069262
2008-05-12,25.39023208618164,35.5009765625,35.53449249267578,34.703277587890625,34.703277587890625,3494816
2008-05-13,25.46215057373047,35.601524353027344,35.635040283203125,35.31328201293945,35.42723846435547,4177161
2008-05-14,25.788148880004883,36.05735397338867,36.58021545410156,35.601524353027344,35.78251647949219,4453739
2008-05-15,25.97512435913086,36.31878662109375,36.31878662109375,35.735591888427734,36.05735397338867,3051606
2008-05-16,25.87445831298828,36.17801284790039,36.37911605834961,35.78251647949219,36.30537796020508,2587659
2008-05-19,25.66829872131348,35.8897705078125,36.432743072509766,35.72888946533203,36.198123931884766,3189745
2008-05-20,25.61076164245605,35.809329986572266,35.93669509887695,35.34009552001953,35.47416305541992,3276866
2008-05-21,25.414203643798828,35.53449249267578,36.31208038330078,35.49427032470703,35.943397521972656,2857524
2008-05-22,25.26556968688965,35.32668685913086,35.76240539550781,35.185916900634766,35.514381408691406,2206357
2008-05-23,25.03067398071289,34.99822235107422,35.19261932373047,34.75690460205078,35.08536529541016,1762997
2008-05-27,25.20326232910156,35.23954391479492,35.34009552001953,34.6429443359375,35.1121826171875,2098501
2008-05-28,25.72300720214844,35.82944107055664,36.00372695922852,35.30657958984375,35.447349548339844,2691189
2008-05-29,25.929946899414062,36.11768341064453,36.36570739746094,35.53449249267578,35.68866729736328,2473537
2008-05-30,26.02619743347168,36.25175094604492,36.39922332763672,35.97691345214844,36.11768341064453,2239326
2008-06-02,25.549755096435547,35.58811950683594,36.24504852294922,35.38701629638672,36.22493743896485,1654395
2008-06-03,25.66526222229004,35.749000549316406,36.17131042480469,35.5009765625,35.708778381347656,2256332
2008-06-04,25.83368873596192,35.98361587524414,36.21153259277344,35.581417083740234,35.68196487426758,1379458
2008-06-05,25.97808265686035,36.18471908569336,36.34559631347656,35.601524353027344,36.17801284790039,2145642
2008-06-06,24.99150276184082,34.81053161621094,35.93669509887695,34.81053161621094,35.75570297241211,1683634
2008-06-09,25.082942962646484,34.93789291381836,35.212730407714844,34.65635299682617,35.07196044921875,2199644
2008-06-10,25.03963279724121,34.8775634765625,35.2596549987793,34.589317321777344,34.81723403930664,1696464
2008-06-11,23.98087501525879,33.40282440185547,34.83063888549805,33.396121978759766,34.74349594116211,3301630
2008-06-12,24.50062370300293,34.12678527832031,34.59602355957031,33.724586486816406,33.724586486816406,2878260
2008-06-13,24.866378784179688,34.6362419128418,34.80382537841797,34.29437255859375,34.32118606567383,2096412
2008-06-16,24.85193252563477,34.61613082885742,34.68986892700195,34.18041229248047,34.34129333496094,1762401
2008-06-17,25.015567779541016,34.84404754638672,35.1188850402832,34.75690460205078,34.857452392578125,2370305
2008-06-18,24.77494239807129,34.508880615234375,34.92448806762695,34.36140441894531,34.38821792602539,2153250
2008-06-19,25.155128479003903,35.03844451904297,35.14569854736328,34.29437255859375,34.47536087036133,1717199
2008-06-20,24.572816848754883,34.22733688354492,35.04514694213867,34.0999755859375,34.96470642089844,2639872
2008-06-23,25.1118221282959,34.97811508178711,35.08536529541016,34.38821792602539,34.44184494018555,2428485
2008-06-24,24.630558013916016,34.30777740478516,34.857452392578125,34.2474479675293,34.85074996948242,1882191
2008-06-25,24.418813705444336,34.0128288269043,34.54909896850586,33.79161834716797,34.54909896850586,3923259
2008-06-26,23.441869735717773,32.65205001831055,33.650848388671875,32.638641357421875,33.516780853271484,3746780
2008-06-27,23.06649398803711,32.129188537597656,32.63193893432617,31.85434913635254,32.49787139892578,4994215
2008-06-30,23.278234481811523,32.42413330078125,32.799522399902344,32.021934509277344,32.115779876708984,3433802
2008-07-01,23.26380157470703,32.40402603149414,32.46435546875,31.713579177856445,32.12248229980469,3402325
2008-07-02,22.68629646301269,31.59962272644043,32.51798248291016,31.54599571228028,32.40402603149414,3344146
2008-07-03,22.590051651000977,31.46555519104004,31.85434913635254,31.324783325195312,31.706876754760746,1482093
2008-07-07,22.64298820495605,31.539291381835938,32.25654983520508,31.1370906829834,31.47896194458008,2966424
2008-07-08,23.061676025390625,32.12248229980469,32.16940689086914,31.49907112121582,31.706876754760746,3655930
2008-07-09,22.40235710144043,31.2041244506836,32.176109313964844,31.17731094360352,31.91468048095703,3194072
2008-07-10,22.47454643249512,31.30467414855957,31.626434326171875,30.848846435546875,31.009727478027344,3165280
2008-07-11,22.25798988342285,31.003023147583008,31.49236869812012,30.56730461120605,30.79521942138672,2324209
2008-07-14,22.19059944152832,30.90917587280273,31.311378479003903,30.419830322265625,31.311378479003903,2812919
2008-07-15,22.07992172241211,30.7549991607666,31.076759338378903,29.90367317199707,30.701372146606445,2810831
2008-07-16,22.931739807128903,31.94149208068848,31.94149208068848,30.212026596069336,30.64774513244629,3767516
2008-07-17,23.619932174682617,32.90007400512695,33.19502258300781,31.934789657592773,32.00182342529297,4811023
2008-07-18,23.605493545532227,32.87996292114258,33.396121978759766,32.30347442626953,32.866554260253906,2940020
2008-07-21,23.81724739074707,33.17491149902344,33.262054443359375,32.799522399902344,32.8598518371582,2159217
2008-07-22,24.34661674499512,33.91228103637695,33.918983459472656,33.02073287963867,33.11457824707031,2916449
2008-07-23,23.78836250305176,33.13468933105469,34.85074996948242,32.839744567871094,33.30227279663086,4000533
2008-07-24,23.36968040466309,32.55149841308594,33.51007843017578,32.4710578918457,33.37601089477539,2376123
2008-07-25,23.826873779296875,33.188316345214844,33.28216552734375,32.69226837158203,32.8464469909668,2104767
2008-07-28,23.465925216674805,32.68556594848633,33.27545928955078,32.65205001831055,33.14809799194336,2100291
2008-07-29,24.048242568969727,33.496673583984375,33.59722137451172,32.605125427246094,32.605125427246094,2011380
2008-07-30,24.39956283569336,33.98601531982422,34.428436279296875,33.43634033203125,33.7178840637207,2897653
2008-07-31,23.884620666503903,33.26875686645508,33.8720588684082,33.16820526123047,33.684364318847656,2407302
2008-08-01,23.36968040466309,32.55149841308594,33.489967346191406,32.46435546875,33.489967346191406,2246934
2008-08-04,22.98949432373047,32.021934509277344,32.49116897583008,31.901273727416992,32.4710578918457,1917249
2008-08-05,23.408187866210938,32.605125427246094,32.75259780883789,32.2230339050293,32.323585510253906,2376869
2008-08-06,24.12524604797364,33.60392379760742,33.66425704956055,32.40402603149414,32.53809356689453,2166377
2008-08-07,23.32155990600586,32.484466552734375,33.335792541503906,32.410728454589844,33.27545928955078,1839675
2008-08-08,23.86537170410156,33.241943359375,33.355899810791016,32.23644256591797,32.45094680786133,2270504
2008-08-11,23.94236946105957,33.34919738769531,33.784915924072266,32.993919372558594,33.26875686645508,2014364
2008-08-12,24.05306434631348,33.50337600708008,33.74469757080078,32.27666091918945,32.27666091918945,2658071
2008-08-13,23.605493545532227,32.87996292114258,33.37601089477539,32.36380386352539,33.36930847167969,1944548
2008-08-14,23.634366989135746,32.92018127441406,33.27545928955078,32.27666091918945,32.410728454589844,1552058
2008-08-15,24.13968849182129,33.6240348815918,33.7178840637207,32.90007400512695,32.97380828857422,1630228
2008-08-18,23.94718742370605,33.355899810791016,33.851951599121094,33.14809799194336,33.79832458496094,1415261
2008-08-19,23.441869735717773,32.65205001831055,33.355899810791016,32.4576530456543,33.141395568847656,1713619
2008-08-20,23.653623580932617,32.946998596191406,32.993919372558594,32.156002044677734,32.51127624511719,1579656
2008-08-21,23.46111869812012,32.678863525390625,32.81963348388672,32.0755615234375,32.343692779541016,1263994
2008-08-22,23.94718742370605,33.355899810791016,33.355899810791016,32.80622482299805,32.81292724609375,1266082
2008-08-25,23.38411903381348,32.57160949707031,33.241943359375,32.42413330078125,33.12128448486328,1366181
2008-08-26,23.15792655944824,32.25654983520508,32.51798248291016,31.894569396972656,32.51798248291016,1875777
2008-08-27,23.206308364868164,32.156002044677734,32.39061737060547,31.92138290405273,32.23644256591797,1755091
2008-08-28,24.16900062561035,33.489967346191406,33.516780853271484,32.24314498901367,32.249847412109375,1907403
2008-08-29,23.88841819763184,33.101173400878906,33.6307373046875,33.05424880981445,33.24864959716797,1389453
2008-09-02,23.79166603088379,32.96710586547852,34.38821792602539,32.92688751220703,33.77821350097656,1948874
2008-09-03,23.97065734863281,33.21512985229492,33.36930847167969,32.8464469909668,32.933589935302734,2720727
2008-09-04,22.374223709106445,31.003023147583008,33.05424880981445,30.98291206359864,32.87996292114258,3589993
2008-09-05,22.09363174438477,30.614229202270508,31.103574752807617,30.352798461914062,30.93598937988281,2882586
2008-09-08,22.470977783203125,31.1370906829834,31.63984107971192,30.83543968200684,31.190717697143555,3076220
2008-09-09,21.58084487915039,29.90367317199707,31.458850860595703,29.90367317199707,31.37841033935547,2963590
2008-09-10,22.0694580078125,30.580711364746094,30.87565994262696,30.077959060668945,30.198619842529297,1796712
2008-09-11,22.19523811340332,30.7549991607666,30.79521942138672,29.82323265075684,30.31928062438965,1703923
2008-09-12,22.53870010375977,31.23093605041504,31.351598739624023,30.22543334960937,30.5136775970459,2758469
2008-09-15,21.86142921447754,30.29246711730957,31.130386352539062,30.004222869873047,30.004222869873047,2167869
2008-09-16,22.48549461364746,31.15719985961914,31.23764038085937,29.47465705871582,30.42653465270996,3526890
2008-09-17,21.78887176513672,30.1919174194336,31.264453887939453,30.15839958190918,30.84214210510254,3170949
2008-09-18,21.106752395629883,29.24674415588379,30.78181266784668,27.617828369140625,30.53378868103028,5185760
2008-09-19,22.354875564575195,30.97620964050293,31.61302947998047,28.154096603393555,28.59651756286621,3701728
2008-09-22,21.735654830932617,30.118179321289062,30.83543968200684,29.990816116333008,30.64774513244629,1766279
2008-09-23,20.62782859802246,28.583112716674805,30.56730461120605,28.495967864990234,30.144994735717773,2573338
2008-09-24,20.3424015045166,28.18761444091797,28.589815139770508,27.70497131347656,28.583112716674805,2889746
2008-09-25,20.390783309936523,28.25464630126953,28.62333106994629,27.979808807373047,28.43563842773437,2847827
2008-09-26,20.284353256225582,28.10717391967773,28.22783470153809,27.30947494506836,28.1675033569336,2811427
2008-09-29,18.79917907714844,26.04924392700196,27.89936828613281,25.251543045043945,27.62453269958496,3908191
2008-09-30,19.616756439208984,27.182109832763672,27.19551658630371,26.04924392700196,26.592214584350582,2663591
2008-10-01,19.210391998291016,26.619028091430664,27.14859390258789,26.062650680541992,27.14859390258789,3072043
2008-10-02,17.720380783081055,24.554393768310547,26.43133354187012,24.507471084594727,26.337486267089844,2603621
2008-10-03,17.2946720123291,23.96449851989746,25.372203826904297,23.910871505737305,24.963298797607425,3154390
2008-10-06,16.985057830810547,23.535484313964844,23.763397216796875,22.134483337402344,23.38130760192871,3254638
2008-10-07,15.674053192138672,21.71887588500977,24.12537956237793,21.65854454040528,23.9712028503418,4329324
2008-10-08,16.061067581176758,22.255142211914062,23.29416275024414,20.84743881225586,21.108869552612305,4434644
2008-10-09,15.166097640991213,21.01502227783203,22.8919620513916,20.91447257995605,22.45624351501465,3409039
2008-10-10,15.867555618286133,21.98700904846192,22.838335037231445,19.278852462768555,20.143585205078125,5648215
2008-10-13,16.515810012817383,22.8852596282959,24.266149520874023,21.497663497924805,22.476354598999023,4050210
2008-10-14,16.665771484375,23.093063354492188,24.802419662475582,22.32217788696289,24.802419662475582,4840262
2008-10-15,14.88551425933838,20.62622833251953,23.461746215820312,20.62622833251953,22.50316619873047,2901233
2008-10-16,15.57730770111084,21.58480834960937,21.6384334564209,19.540283203125,20.62622833251953,3397104
2008-10-17,15.045153617858888,20.84743881225586,21.913272857666016,20.53238105773925,21.008319854736328,2412523
2008-10-20,15.233827590942385,21.108869552612305,21.61832427978516,20.498863220214844,20.619524002075195,2576620
2008-10-21,14.672649383544922,20.331279754638672,21.189308166503903,20.31117057800293,20.981504440307617,3127687
2008-10-22,13.555150985717772,18.782804489135746,20.331279754638672,18.23983383178711,20.331279754638672,3302674
2008-10-23,13.192323684692385,18.2800521850586,19.1447868347168,17.549386978149414,18.668846130371094,3982483
2008-10-24,12.708560943603516,17.609716415405273,18.266645431518555,16.986305236816406,17.173999786376953,3064137
2008-10-27,12.6698579788208,17.556089401245117,18.360492706298828,16.899160385131836,17.428726196289062,2938826
2008-10-28,14.101808547973633,19.540283203125,19.982704162597656,17.62982749938965,17.851037979125977,3618486
2008-10-29,14.164694786071776,19.627426147460938,20.91447257995605,19.07775115966797,19.07775115966797,3042655
2008-10-30,15.199959754943848,21.061946868896484,21.128978729248047,20.08995819091797,20.203916549682617,2735495
2008-10-31,15.369279861450195,21.29656219482422,21.68535804748535,20.69996452331543,21.11557388305664,2691189
2008-11-03,15.582136154174805,21.59151077270508,21.71887588500977,20.59271049499512,20.89436149597168,2436242
2008-11-04,15.87723159790039,22.00041580200196,22.15459251403809,21.511070251464844,22.15459251403809,2745341
2008-11-05,15.335416793823242,21.2496395111084,22.315473556518555,21.1759033203125,21.631731033325195,1896662
2008-11-06,14.551711082458496,20.1636962890625,21.28985977172852,20.083255767822266,21.08875846862793,3270750
2008-11-07,14.9193696975708,20.67315101623535,20.76029586791992,19.875452041625977,20.34468650817871,1798502
2008-11-10,14.803274154663086,20.512269973754883,21.450740814208984,20.217323303222656,21.082056045532227,1522521
2008-11-11,14.483986854553224,20.069849014282227,20.73348045349121,19.412919998168945,20.19050979614257,1903524
2008-11-12,13.76801300048828,19.07775115966797,19.90226554870605,19.02412414550781,19.84193420410156,2550961
2008-11-13,15.08384895324707,20.901065826416016,20.961395263671875,18.73588180541992,19.1514892578125,3246433
2008-11-14,14.13083267211914,19.58050346374512,20.780405044555664,19.426326751708984,20.2374324798584,2593029
2008-11-17,13.850245475769045,19.191709518432617,20.21061897277832,19.057641983032227,19.205116271972656,2442060
2008-11-18,13.763172149658203,19.071048736572266,19.707868576049805,18.43423080444336,19.09115982055664,3581340
2008-11-19,12.824662208557127,17.770597457885742,19.546987533569336,17.723674774169922,19.01742172241211,2790542
2008-11-20,11.595895767211914,16.06794548034668,18.21972274780273,15.86684513092041,17.64993667602539,4857865
2008-11-21,12.321545600891112,17.073448181152344,17.133779525756836,15.679150581359863,16.088054656982422,4433451
2008-11-24,13.356806755065918,18.50796699523925,19.01742172241211,17.039932250976562,17.489057540893555,3054888
2008-11-25,13.38121509552002,18.373899459838867,19.16489601135254,17.67675018310547,19.16489601135254,2427888
2008-11-26,14.240424156188965,19.553691864013672,19.63413047790528,17.8242244720459,18.045434951782227,2236193
2008-11-28,14.562625885009766,19.996112823486328,19.996112823486328,19.319072723388672,19.32577514648437,1011881
2008-12-01,13.278698921203612,18.233129501342773,19.35259056091309,18.199613571166992,19.2252254486084,2558569
2008-12-02,13.923100471496582,19.11797142028809,19.15819358825684,18.326976776123047,18.440933227539062,2635844
2008-12-03,13.874287605285645,19.050939559936523,19.41962242126465,18.15939140319824,18.68225479125977,3164534
2008-12-04,13.527674674987791,18.575000762939453,19.30566596984864,18.17279815673828,18.93027877807617,1746140
2008-12-05,13.28357982635498,18.23983383178711,18.68225479125977,17.388505935668945,18.313570022583008,4542053
2008-12-08,14.157430648803713,19.439733505249023,19.714570999145508,18.80291557312012,18.93027877807617,3358467
2008-12-09,14.118382453918455,19.386106491088867,19.875452041625977,19.050939559936523,19.21181869506836,3506900
2008-12-10,14.323415756225586,19.667648315429688,20.18380546569824,19.191709518432617,19.191709518432617,2737285
2008-12-11,13.937750816345217,19.13808250427246,19.96929931640625,18.97049903869629,19.587207794189453,2249172
2008-12-12,14.464990615844728,19.862045288085938,20.123476028442383,18.27334976196289,18.635330200195312,3280894
2008-12-15,14.269719123840332,19.59391021728516,20.18380546569824,19.35929298400879,19.97600173950196,2678211
2008-12-16,15.128926277160645,20.773700714111328,20.807218551635746,19.191709518432617,19.74808883666992,4054685
2008-12-17,15.29978847503662,21.008319854736328,21.22282600402832,20.36479759216309,20.47204971313477,2367918
2008-12-18,15.060577392578123,20.67985343933105,21.544586181640625,20.425127029418945,21.39040946960449,2943003
2008-12-19,15.504825592041016,21.28985977172852,21.752391815185547,20.66644859313965,20.66644859313965,3652200
2008-12-22,15.00200080871582,20.599414825439453,21.28985977172852,20.203916549682617,21.2496395111084,2147283
2008-12-23,14.840896606445312,20.37820243835449,21.02842903137207,20.1569938659668,20.76029586791992,2359564
2008-12-24,14.95318603515625,20.53238105773925,20.64633750915528,20.143585205078125,20.632930755615234,538536
2008-12-26,15.192391395568848,20.8608455657959,20.901065826416016,20.43182945251465,20.59271049499512,545995
2008-12-29,15.00200080871582,20.599414825439453,20.793811798095703,20.2374324798584,20.766998291015625,1419886
2008-12-30,15.651289939880373,21.4909610748291,21.53118133544922,20.73348045349121,20.88095474243164,1835946
2008-12-31,16.071136474609375,22.06744956970215,22.28866004943848,21.470849990844727,21.50436782836914,1819089
2009-01-02,17.003568649291992,23.347789764404297,23.52878189086914,22.06744956970215,22.121076583862305,2567669
2009-01-05,17.403884887695312,23.897464752197266,24.17230224609375,23.16009521484375,23.253942489624023,2940169
2009-01-06,17.41852569580078,23.91757583618164,24.23263359069824,23.60251808166504,24.13878631591797,2900040
2009-01-07,16.896163940429688,23.200315475463867,23.72317886352539,23.03943634033203,23.50196647644043,2593924
2009-01-08,17.096328735351562,23.475154876708984,23.535484313964844,22.690860748291016,23.146690368652344,1412874
2009-01-09,16.183408737182617,22.22162628173828,22.87185287475586,22.05404281616211,22.657344818115234,2852899
2009-01-12,15.60735034942627,21.43062973022461,22.44283676147461,21.20941925048828,22.29536247253418,2410583
2009-01-13,15.700106620788574,21.557994842529297,21.74568748474121,21.155792236328125,21.423927307128903,2196959
2009-01-14,15.03128719329834,20.639633178710938,21.26304626464844,20.47204971313477,21.035131454467773,2618688
2009-01-15,15.187512397766112,20.85414123535156,21.04853820800781,20.1569938659668,20.61282157897949,3149616
2009-01-16,15.231452941894531,20.91447257995605,21.26304626464844,20.110069274902344,21.20941925048828,3324156
2009-01-20,14.382003784179688,19.74808883666992,20.961395263671875,19.72127342224121,20.753591537475582,3453494
2009-01-21,15.22655963897705,20.90776824951172,20.97480201721192,19.9223747253418,20.257543563842773,4087952
2009-01-22,14.757909774780272,20.26424598693848,20.800514221191406,20.069849014282227,20.74688720703125,3704115
2009-01-23,14.713970184326172,20.203916549682617,20.74688720703125,19.66094398498535,19.815120697021484,2614959
2009-01-26,14.396639823913574,19.768198013305664,20.31117057800293,19.439733505249023,20.17710304260254,4178802
2009-01-27,14.840896606445312,20.37820243835449,20.57260131835937,19.781604766845703,20.063146591186523,3551206
2009-01-28,15.646405220031738,21.48425674438477,21.792612075805664,20.83403205871582,20.83403205871582,4317688
2009-01-29,14.635858535766602,20.096662521362305,21.189308166503903,19.97600173950196,21.189308166503903,2724754
2009-01-30,13.805937767028809,18.95709228515625,20.1569938659668,18.82302474975586,19.996112823486328,4489691
2009-02-02,13.84011173248291,19.00401496887207,19.1447868347168,18.49456024169922,18.709068298339844,3360854
2009-02-03,14.508934020996094,19.9223747253418,20.063146591186523,18.89005851745605,19.339183807373047,3400535
2009-02-04,14.5919189453125,20.03633117675781,20.53238105773925,19.815120697021484,20.083255767822266,2467719
2009-02-05,14.77255153656006,20.28435516357422,20.53908348083496,19.41962242126465,19.72127342224121,2750264
2009-02-06,14.992233276367188,20.58600616455078,20.766998291015625,20.18380546569824,20.31787300109864,2882287
2009-02-09,15.216798782348633,20.89436149597168,21.23623275756836,20.33798217773437,20.33798217773437,3177960
2009-02-10,14.455228805541992,19.8486385345459,20.97480201721192,19.66094398498535,20.69996452331543,2000490
2009-02-11,14.552870750427246,19.982704162597656,20.28435516357422,19.64083480834961,20.13017845153809,1793877
2009-02-12,14.377120971679688,19.741384506225582,19.795011520385746,19.037532806396484,19.73468017578125,2275576
2009-02-13,14.494281768798828,19.90226554870605,20.552490234375,19.74808883666992,19.862045288085938,2798001
2009-02-17,13.967047691345217,19.17830276489257,19.47995376586914,18.769397735595703,19.1447868347168,3094271
2009-02-18,13.742473602294922,18.86994743347168,19.23192977905273,18.64203453063965,19.21852302551269,3058468
2009-02-19,13.478856086730955,18.50796699523925,19.25874328613281,18.414119720458984,18.58840751647949,1793132
2009-02-20,13.312873840332031,18.2800521850586,18.534780502319336,17.73708152770996,18.414119720458984,3699192
2009-02-23,12.52688980102539,17.2008113861084,18.521373748779297,17.180702209472656,18.05213928222656,3772289
2009-02-24,12.81003761291504,17.58960723876953,17.85774040222168,16.979602813720703,17.328176498413086,4070498
2009-02-25,12.662175178527832,17.220922470092773,17.596309661865234,16.778501510620117,17.24773597717285,4255182
2009-02-26,12.514309883117676,17.019821166992188,17.562793731689453,16.99300765991211,17.45553970336914,3170501
2009-02-27,12.29251194000244,16.718170166015625,17.24773597717285,16.65113639831543,16.852237701416016,3481987
2009-03-02,11.498968124389648,15.638930320739746,16.644433975219727,15.59200668334961,16.22882652282715,3864333
2009-03-03,11.50882625579834,15.652337074279783,16.10146141052246,15.330575942993164,16.08135223388672,4108091
2009-03-04,11.853845596313477,16.121572494506836,16.389705657958984,15.799811363220217,15.933877944946287,2679553
2009-03-05,11.05536937713623,15.03562831878662,15.78640365600586,14.888154029846191,15.437829971313477,3119482
2009-03-06,11.001155853271484,14.961891174316406,15.53167724609375,14.606614112854004,15.156289100646973,3646084
2009-03-09,10.873008728027344,14.787604331970217,15.223321914672852,14.70716381072998,14.747384071350098,2721174
2009-03-10,11.686264991760254,15.893657684326172,15.91376781463623,14.847933769226074,14.847933769226074,3996953
2009-03-11,11.86863136291504,16.141681671142578,16.336078643798828,15.813218116760254,16.047834396362305,2983132
2009-03-12,12.23336696624756,16.637731552124023,16.698060989379883,15.772997856140137,16.074649810791016,2680448
2009-03-13,12.238296508789062,16.644433975219727,16.832128524780273,16.282453536987305,16.758390426635742,2247232
2009-03-16,12.307296752929688,16.73828125,17.214218139648438,16.610916137695312,16.644433975219727,3831663
2009-03-17,12.391083717346191,16.852237701416016,16.852237701416016,16.222122192382812,16.818721771240234,3300138
2009-03-18,12.898759841918944,17.54268455505371,17.743783950805664,16.550586700439453,16.610916137695312,3955183
2009-03-19,12.844537734985352,17.46894645690918,17.918071746826172,17.4354305267334,17.918071746826172,2848125
2009-03-20,12.322084426879885,16.758390426635742,17.643234252929688,16.644433975219727,17.489057540893555,3187955
2009-03-23,13.283206939697266,18.06554412841797,18.07895278930664,16.96619415283203,17.153888702392578,2686714
2009-03-24,13.25363826751709,18.025325775146484,18.313570022583008,17.763893127441406,17.97840118408203,2934798
2009-03-25,13.05155086517334,17.75048828125,18.534780502319336,17.2008113861084,17.938182830810547,3185270
2009-03-26,13.647939682006836,18.56159400939941,18.60181427001953,17.716970443725586,17.891258239746094,3406801
2009-03-27,13.33742618560791,18.1392822265625,18.380603790283203,18.099061965942383,18.28675651550293,2867966
2009-03-30,12.691741943359377,17.26114273071289,17.78400421142578,17.039932250976562,17.522573471069336,2140122
2009-03-31,13.002264976501465,17.683454513549805,18.085655212402344,17.180702209472656,17.462242126464844,3464086
2009-04-01,13.189558029174805,17.938182830810547,17.971698760986328,17.314769744873047,17.4421329498291,2734004
2009-04-02,14.249258041381836,19.37940216064453,19.63413047790528,18.179502487182617,18.414119720458984,4149712
2009-04-03,14.60906219482422,19.86874771118164,19.875452041625977,19.21852302551269,19.21852302551269,4295013
2009-04-06,14.500627517700195,19.72127342224121,19.76149559020996,19.30566596984864,19.70116424560547,3990986
2009-04-07,14.318259239196776,19.473249435424805,19.553691864013672,19.31237030029297,19.35259056091309,4761197
2009-04-08,14.471054077148438,19.681053161621094,19.754791259765625,19.32577514648437,19.473249435424805,3490639
2009-04-09,15.944775581359863,21.68535804748535,21.705467224121094,20.123476028442383,20.170398712158203,5469200
2009-04-13,15.575114250183104,21.182605743408203,21.410520553588867,20.88095474243164,21.35689353942871,6163181
2009-04-14,15.69340991973877,21.343486785888672,21.571401596069336,20.84743881225586,20.994911193847656,3840613
2009-04-15,15.023078918457031,20.43182945251465,21.135683059692383,20.00281524658203,21.135683059692383,4907392
2009-04-16,15.860987663269045,21.571401596069336,21.68535804748535,20.32457733154297,20.465347290039062,3658764
2009-04-17,15.851129531860352,21.557994842529297,21.77250099182129,21.29656219482422,21.66524887084961,2987309
2009-04-20,15.01323413848877,20.41842460632324,21.1759033203125,20.217323303222656,21.16249656677246,2365531
2009-04-21,15.668755531311035,21.30997085571289,21.32337760925293,20.34468650817871,20.552490234375,2372244
2009-04-22,15.772265434265137,21.450740814208984,21.9467887878418,20.110069274902344,20.68655776977539,4674822
2009-04-23,15.269519805908203,20.766998291015625,21.48425674438477,20.02962875366211,21.44403648376465,4885165
2009-04-24,15.69340991973877,21.343486785888672,21.61832427978516,20.68655776977539,20.807218551635746,5176959
2009-04-27,14.954083442687988,20.33798217773437,21.229530334472656,20.13017845153809,21.035131454467773,5796052
2009-04-28,14.668211936950684,19.949188232421875,20.47204971313477,19.9223747253418,20.405017852783203,3934447
2009-04-29,15.318811416625977,20.83403205871582,21.04853820800781,19.80841827392578,19.86874771118164,3202724
2009-04-30,15.170950889587402,20.632930755615234,21.671951293945312,20.599414825439453,21.01502227783203,3843149
2009-05-01,15.249808311462402,20.740184783935547,20.76029586791992,20.18380546569824,20.445236206054688,3032660
2009-05-04,15.806764602661133,21.497663497924805,21.524477005004883,20.445236206054688,20.659744262695312,4040662
2009-05-05,15.599754333496094,21.216123580932617,21.611621856689453,20.98820877075196,21.464147567749023,2738628
2009-05-06,16.048280715942383,21.826128005981445,21.9467887878418,21.303266525268555,21.477554321289062,2669409
2009-05-07,16.003921508789062,21.765798568725582,22.04063606262207,21.377002716064453,21.792612075805664,3858515
2009-05-08,16.772817611694336,22.811521530151367,22.87185287475586,21.826128005981445,22.00041580200196,3827187
2009-05-11,16.324295043945312,22.201515197753903,22.61712455749512,21.96689987182617,22.61712455749512,4016346
2009-05-12,16.107433319091797,21.90656852722168,22.40261650085449,21.23623275756836,22.22162628173828,3003122
2009-05-13,15.259672164916992,20.753591537475582,21.511070251464844,20.639633178710938,21.511070251464844,1814166
2009-05-14,15.269519805908203,20.766998291015625,20.98820877075196,20.59271049499512,20.787107467651367,2610185
2009-05-15,15.353311538696287,20.88095474243164,21.38370704650879,20.53908348083496,20.66644859313965,2506356
2009-05-18,15.94970703125,21.69206047058105,21.69206047058105,21.02842903137207,21.135683059692383,1542213
2009-05-19,15.910277366638184,21.6384334564209,21.9534912109375,21.464147567749023,21.72557830810547,1729432
2009-05-20,15.703267097473145,21.35689353942871,22.06744956970215,21.303266525268555,21.73228073120117,1503128
2009-05-21,15.180808067321776,20.64633750915528,21.155792236328125,20.37150001525879,21.05524253845215,1298752
2009-05-22,15.230095863342283,20.71337127685547,20.97480201721192,20.35809326171875,20.68655776977539,1417797
2009-05-26,15.668755531311035,21.30997085571289,21.437334060668945,20.351390838623047,20.52567672729492,1773738
2009-05-27,15.340877532958984,20.69996452331543,21.37030029296875,20.67985343933105,21.061946868896484,2059416
2009-05-28,15.405463218688965,20.787107467651367,21.04183578491211,20.28435516357422,20.994911193847656,1776573
2009-05-29,15.619077682495115,21.07535171508789,21.11557388305664,20.60611724853516,21.008319854736328,1781048
2009-06-01,16.65737533569336,22.476354598999023,22.61712455749512,21.397113800048828,21.44403648376465,2367023
2009-06-02,17.22868537902832,23.24724006652832,23.569000244140625,22.9589958190918,23.535484313964844,3820325
2009-06-03,16.995193481445312,22.93218231201172,23.31427383422852,22.69756507873535,23.07965660095215,3006106
2009-06-04,17.54166030883789,23.669551849365234,23.79691505432129,22.824928283691406,23.059545516967773,3242107
2009-06-05,17.73044776916504,23.924278259277344,24.36669921875,23.790212631225582,23.924278259277344,3155285
2009-06-08,17.636045455932617,23.79691505432129,24.038236618041992,23.18691062927246,23.6628475189209,3052352
2009-06-09,17.809926986694336,24.031532287597656,24.199115753173828,23.52878189086914,23.79691505432129,2505909
2009-06-10,17.74534034729004,23.94438934326172,24.39351463317871,23.569000244140625,24.39351463317871,3425299
2009-06-11,17.983797073364258,24.266149520874023,24.500768661499023,23.951091766357425,24.17230224609375,2467271
2009-06-12,17.963924407958984,24.23933792114257,24.23933792114257,23.696365356445312,24.038236618041992,2118193
2009-06-15,17.273391723632812,23.30756950378418,24.031532287597656,23.12657928466797,23.9041690826416,2381046
2009-06-16,17.024993896484375,22.97240257263184,23.60251808166504,22.90536880493164,23.44163703918457,3161401
2009-06-17,16.975317001342773,22.90536880493164,23.23383331298828,22.67075157165528,22.93218231201172,2726246
2009-06-18,16.726924896240234,22.570201873779297,22.99921607971192,22.509870529174805,22.985809326171875,2206507
2009-06-19,16.677248001098633,22.50316619873047,23.29416275024414,22.27525329589844,23.12657928466797,3104117
2009-06-22,15.867478370666504,21.410520553588867,22.34228706359864,21.397113800048828,22.34228706359864,2382389
2009-06-23,15.862506866455078,21.40381622314453,21.53788375854492,21.29656219482422,21.40381622314453,2628236
2009-06-24,15.877412796020508,21.423927307128903,22.04063606262207,21.336782455444336,21.410520553588867,3434101
2009-06-25,16.374204635620117,22.094263076782227,22.121076583862305,21.28985977172852,21.363597869873047,2393130
2009-06-26,16.408977508544922,22.141185760498047,22.29536247253418,21.90656852722168,22.05404281616211,2710881
2009-06-29,16.667312622070312,22.489761352539062,22.576904296875,22.080856323242188,22.181406021118164,1915458
2009-06-30,16.438783645629883,22.181406021118164,22.570201873779297,22.06074523925781,22.476354598999023,2795316
2009-07-01,16.59775733947754,22.39591407775879,22.60371780395508,22.1881103515625,22.2618465423584,1631272
2009-07-02,16.00657844543457,21.59821319580078,22.15459251403809,21.59821319580078,22.15459251403809,2170554
2009-07-06,15.872451782226562,21.417224884033203,21.470849990844727,21.229530334472656,21.397113800048828,1925901
2009-07-07,15.425333976745604,20.81392288208008,21.410520553588867,20.753591537475582,21.28315544128418,2208893
2009-07-08,15.25145435333252,20.57930374145508,20.874252319335938,20.31117057800293,20.800514221191406,2196064
2009-07-09,15.276299476623535,20.61282157897949,20.827327728271484,20.445236206054688,20.67985343933105,1918740
2009-07-10,15.65882396697998,21.128978729248047,21.35689353942871,20.793811798095703,20.793811798095703,2777862
2009-07-13,15.882380485534668,21.43062973022461,21.44403648376465,20.90776824951172,21.135683059692383,2314363
2009-07-14,16.061229705810547,21.671951293945312,21.67865562438965,21.3166732788086,21.48425674438477,2247531
2009-07-15,16.518272399902344,22.28866004943848,22.389209747314453,21.852941513061523,21.973602294921875,2360608
2009-07-16,16.851119995117188,22.73778533935547,22.838335037231445,22.107669830322266,22.281957626342773,1976174
2009-07-17,16.74679183959961,22.597013473510746,22.74448776245117,22.409320831298828,22.536684036254883,1568766
2009-07-20,17.233652114868164,23.253942489624023,23.29416275024414,22.778005599975582,22.791412353515625,1658274
2009-07-21,17.288293838500977,23.327680587768555,23.837135314941406,23.146690368652344,23.535484313964844,2822914
2009-07-22,17.47708511352539,23.582408905029297,23.77010154724121,23.28746032714844,23.28746032714844,2230226
2009-07-23,18.14277648925781,24.48065757751465,24.64824104309082,23.32097625732422,23.37460327148437,3677859
2009-07-24,17.447269439697266,23.54218864440918,24.33318328857422,22.509870529174805,24.09186363220215,5329569
2009-07-27,17.14423370361328,23.133283615112305,23.61592483520508,22.912071228027344,23.56229782104492,2726545
2009-07-28,16.90079689025879,22.80481719970703,23.133283615112305,22.523277282714844,22.9589958190918,2381941
2009-07-29,16.61763572692871,22.422727584838867,22.70426750183105,22.10096549987793,22.597013473510746,2562299
2009-07-30,16.687177658081055,22.51657485961914,23.059545516967773,22.462947845458984,22.717674255371094,1895170
2009-07-31,16.895832061767578,22.798114776611328,23.01262283325196,22.335582733154297,22.52998161315918,2362846
2009-08-03,17.12932586669922,23.11317253112793,23.193613052368164,22.731081008911133,22.90536880493164,2461006
2009-08-04,17.22868537902832,23.24724006652832,23.30086708068848,22.798114776611328,23.193613052368164,2276919
2009-08-05,16.895832061767578,22.798114776611328,23.32097625732422,22.71097183227539,23.28075790405273,1423764
2009-08-06,16.861061096191406,22.751192092895508,23.01262283325196,22.556793212890625,22.858444213867188,2333010
2009-08-07,17.06474494934082,23.026029586791992,23.153392791748047,22.838335037231445,23.06624984741211,1854295
2009-08-10,16.726924896240234,22.570201873779297,22.99251174926757,22.39591407775879,22.87185287475586,1693778
2009-08-11,16.577884674072266,22.36910057067871,22.63723373413086,22.10096549987793,22.63723373413086,1521626
2009-08-12,16.970348358154297,22.898664474487305,23.1064682006836,22.3288803100586,22.36239624023437,1254595
2009-08-13,17.22868537902832,23.24724006652832,23.38801002502441,22.985809326171875,23.005918502807617,2083881
2009-08-14,17.020034790039062,22.9656982421875,23.361196517944336,22.657344818115234,23.29416275024414,1858323
2009-08-17,16.548076629638672,22.3288803100586,22.664047241210938,22.127779006958008,22.664047241210938,1574137
2009-08-18,16.90079689025879,22.80481719970703,22.811521530151367,22.38250732421875,22.41602325439453,1713022
2009-08-19,17.020034790039062,22.9656982421875,23.005918502807617,22.39591407775879,22.40261650085449,2108645
2009-08-20,17.134294509887695,23.119876861572266,23.213722229003903,22.84503936767578,22.84503936767578,1407802
2009-08-21,17.64598274230957,23.810321807861328,23.830432891845703,23.200315475463867,23.31427383422852,1888457
2009-08-24,17.66585922241211,23.837135314941406,24.1186752319336,23.68295860290528,23.937686920166016,1789253
2009-08-25,17.8894100189209,24.13878631591797,24.30636978149414,23.77010154724121,24.038236618041992,2505312
2009-08-26,17.660892486572266,23.830432891845703,24.145490646362305,23.689661026000977,23.96449851989746,1781794
2009-08-27,17.92612648010254,24.01142311096192,24.05164337158203,23.35449409484864,23.636035919189453,2193976
2009-08-28,17.700923919677734,23.70977020263672,24.31307411193848,23.57570457458496,24.17230224609375,1772097
2009-08-31,17.310577392578125,23.18691062927246,23.52878189086914,23.05284309387207,23.448341369628903,1407951
2009-09-01,16.93523597717285,22.684158325195312,23.689661026000977,22.61712455749512,23.18691062927246,2102230
2009-09-02,16.880191802978516,22.61042022705078,22.811521530151367,22.50316619873047,22.684158325195312,2360608
2009-09-03,17.060340881347656,22.851741790771484,22.912071228027344,22.45624351501465,22.63053131103516,1403327
2009-09-04,17.480731964111328,23.41482353210449,23.434934616088867,22.73778533935547,22.851741790771484,1274436
2009-09-08,17.5858211517334,23.555593490600582,23.73658561706543,23.33438491821289,23.51537322998047,1502829
2009-09-09,18.22640037536621,24.413623809814453,24.48065757751465,23.548891067504883,23.669551849365234,3342952
2009-09-10,18.54667854309082,24.842639923095703,24.849342346191406,24.1186752319336,24.31977653503418,2280798
2009-09-11,18.74186515808105,25.10407066345215,25.35879707336425,24.73538589477539,24.862749099731445,5175616
2009-09-14,19.002098083496094,25.45264434814453,25.593414306640625,24.89626693725586,24.9834098815918,3200039
2009-09-15,19.062152862548828,25.53308486938477,25.73418426513672,25.157695770263672,25.459346771240234,2626595
2009-09-16,19.27734565734864,25.82132911682129,25.834735870361328,25.19121360778809,25.73418426513672,2384179
2009-09-17,19.34740257263184,25.91517639160156,26.290563583374023,25.700668334960938,25.787811279296875,2996111
2009-09-18,19.702726364135746,26.39111328125,26.67265510559082,26.042539596557617,26.10287094116211,4130170
2009-09-21,19.35741424560547,25.92858123779297,26.27045440673828,25.861549377441406,26.236936569213867,1998999
2009-09-22,19.452503204345703,26.055946350097656,26.23023223876953,25.834735870361328,26.0760555267334,2038233
2009-09-23,19.12220573425293,25.613525390625,26.16320037841797,25.58671188354492,26.16320037841797,1759268
2009-09-24,18.90701675415039,25.325279235839844,25.908472061157227,25.197917938232425,25.76099967956543,1888308
2009-09-25,18.85696601867676,25.25824737548828,25.352094650268555,25.07725524902344,25.24484062194824,1887264
2009-09-28,19.1922664642334,25.70737266540528,25.98891258239746,25.25824737548828,25.3051700592041,1712127
2009-09-29,19.34740257263184,25.91517639160156,26.096166610717773,25.73418426513672,25.787811279296875,1586966
2009-09-30,19.39745140075684,25.982208251953125,26.384410858154297,25.25824737548828,25.834735870361328,4003666
2009-10-01,18.531673431396484,24.822528839111328,25.95539665222168,24.815824508666992,25.91517639160156,3428879
2009-10-02,18.411563873291016,24.66164779663086,24.80912208557129,24.48065757751465,24.63483428955078,2163394
2009-10-05,18.88199234008789,25.291763305664062,25.3051700592041,24.72197723388672,24.73538589477539,2549022
2009-10-06,18.992088317871094,25.43923759460449,26.08946228027344,25.33198356628418,25.58671188354492,2394174
2009-10-07,18.952051162719727,25.385610580444336,25.46605110168457,25.1308822631836,25.39901733398437,1281597
2009-10-08,19.34239959716797,25.908472061157227,26.08946228027344,25.53978729248047,25.65374565124512,2989100
2009-10-09,19.722745895385746,26.41792678833008,26.45144462585449,25.834735870361328,25.85484504699707,2025851
2009-10-12,19.77279663085937,26.48496055603028,26.65254592895508,26.35759735107422,26.49166488647461,1281149
2009-10-13,19.537572860717773,26.169902801513672,26.48496055603028,25.888362884521484,26.471553802490234,2719086
2009-10-14,20.08307266235352,26.900569915771484,26.96760368347168,26.290563583374023,26.47825813293457,2153101
2009-10-15,20.18816566467285,27.04133987426757,27.141889572143555,26.75979804992676,26.80672264099121,2507251
2009-10-16,19.942943572998047,26.712875366210938,26.900569915771484,26.498367309570312,26.79331588745117,1473590
2009-10-19,20.138113021850582,26.974306106567383,27.30947494506836,26.75979804992676,26.860349655151367,2580797
2009-10-20,20.06805419921875,26.88045883178711,27.16870307922364,26.679357528686523,27.06144905090332,2013767
2009-10-21,19.92292594909668,26.68606185913086,27.38321113586425,26.625732421875,26.78661155700684,2251111
2009-10-22,20.288253784179688,27.17540740966797,27.235736846923828,26.43133354187012,26.706172943115234,2778161
2009-10-23,19.34740257263184,25.91517639160156,27.83233642578125,25.861549377441406,27.83233642578125,4788497
2009-10-26,19.507556915283203,26.129682540893555,27.30947494506836,25.52638053894043,25.935285568237305,3894019
2009-10-27,19.017105102539062,25.47275352478028,26.52518081665039,25.392314910888672,26.169902801513672,3258219
2009-10-28,18.76188087463379,25.1308822631836,25.53978729248047,24.9901123046875,25.425830841064453,2605262
2009-10-29,19.40745735168457,25.9956169128418,26.10287094116211,25.164400100708008,25.27165412902832,3256279
2009-10-30,18.85696601867676,25.25824737548828,26.01572608947754,25.211322784423828,25.86825180053711,3257920
2009-11-02,19.077163696289062,25.553194046020508,25.79451560974121,25.010223388671875,25.31187438964844,2865729
2009-11-03,19.352415084838867,25.921878814697266,26.055946350097656,25.238136291503903,25.238136291503903,2282886
2009-11-04,19.36742401123047,25.94198989868164,26.59891891479492,25.908472061157227,26.1430892944336,2813814
2009-11-05,20.08307266235352,26.900569915771484,26.92738342285156,26.15649604797364,26.15649604797364,2287660
2009-11-06,20.078065872192383,26.89386558532715,27.10166931152344,26.766502380371094,26.846942901611328,2429529
2009-11-09,20.703628540039062,27.73178482055664,27.76530265808105,27.00111961364746,27.12178039550781,3022068
2009-11-10,20.788707733154297,27.845741271972656,27.89266586303711,27.530685424804688,27.68486213684082,2121176
2009-11-11,20.8387508392334,27.912776947021484,28.18761444091797,27.658048629760746,28.020029067993164,1601884
2009-11-12,20.548490524291992,27.52398109436035,28.04014015197754,27.41672706604004,27.7116756439209,1871152
2009-11-13,20.66358757019043,27.678157806396484,27.82563209533692,27.363100051879883,27.637937545776367,1706757
2009-11-16,21.45430374145508,28.737289428710938,28.7976188659668,27.812225341796875,27.81892967224121,2662547
2009-11-17,21.304168701171875,28.53618812561035,28.89146614074707,28.321680068969727,28.569704055786133,1943056
2009-11-18,21.239112854003903,28.44904327392578,28.583112716674805,28.154096603393555,28.42893409729004,1378265
2009-11-19,20.94383811950684,28.05354690551757,28.35519790649414,27.69826889038086,28.35519790649414,1352606
2009-11-20,20.703628540039062,27.73178482055664,27.919479370117188,27.46365165710449,27.510574340820312,1188957
2009-11-23,20.8937931060791,27.986513137817383,28.57640838623047,27.872556686401367,28.23453712463379,1558921
2009-11-24,20.903806686401367,27.999919891357425,28.194316864013672,27.631235122680664,28.08706283569336,1768666
2009-11-25,20.96927261352539,27.912776947021484,27.973106384277344,27.74519157409668,27.95299530029297,982195
2009-11-27,20.435476303100582,27.202220916748047,27.55749893188477,26.913976669311523,26.913976669311523,573146
2009-11-30,20.58655166625977,27.4033203125,27.46365165710449,26.94078826904297,27.08156013488769,2269013
2009-12-01,20.808124542236328,27.69826889038086,28.01332664489746,27.51727867126465,27.591014862060547,2021226
2009-12-02,20.808124542236328,27.69826889038086,28.006622314453125,27.50387191772461,27.7854118347168,1647085
2009-12-03,20.60165786743164,27.42343139648437,27.99321556091309,27.4033203125,27.70497131347656,941618
2009-12-04,20.949142456054688,27.885963439941406,28.194316864013672,27.41672706604004,27.90607261657715,1075431
2009-12-07,21.1404972076416,28.14068984985352,28.422231674194336,27.932886123657227,27.93958854675293,1594276
2009-12-08,20.71244239807129,27.570905685424805,27.89266586303711,27.37650680541992,27.859149932861328,1214765
2009-12-09,20.60165786743164,27.42343139648437,27.50387191772461,27.0078239440918,27.45694732666016,1600243
2009-12-10,20.641944885253903,27.47705841064453,27.778709411621094,27.41672706604004,27.62453269958496,1112726
2009-12-11,20.68223190307617,27.530685424804688,27.678157806396484,27.35639762878418,27.577608108520508,1007704
2009-12-14,20.949142456054688,27.885963439941406,27.926183700561523,27.530685424804688,27.76530265808105,1848029
2009-12-15,20.828269958496094,27.725082397460938,27.859149932861328,27.53738784790039,27.7183780670166,1569960
2009-12-16,20.85344696044922,27.75859832763672,28.12728309631348,27.691564559936523,27.89266586303711,1535350
2009-12-17,20.65705108642578,27.49716758728028,27.74519157409668,27.363100051879883,27.450244903564453,1415112
2009-12-18,20.440505981445312,27.20892333984375,27.644641876220703,26.960899353027344,27.51727867126465,2805162
2009-12-21,20.621801376342773,27.450244903564453,27.591014862060547,27.34299087524414,27.4033203125,1401089
2009-12-22,20.88869857788086,27.80552291870117,27.89266586303711,27.44354057312012,27.490463256835938,1414963
2009-12-23,21.059919357299805,28.033435821533203,28.09376716613769,27.68486213684082,27.872556686401367,1106311
2009-12-24,21.427534103393555,28.522781372070312,28.62333106994629,28.154096603393555,28.154096603393555,563598
2009-12-28,21.3822078704834,28.462451934814453,28.656848907470703,28.261350631713867,28.57640838623047,1069464
2009-12-29,21.22610664367676,28.25464630126953,28.556297302246094,28.214427947998047,28.556297302246094,868371
2009-12-30,21.241209030151367,28.274757385253903,28.38871383666992,28.07365608215332,28.09376716613769,882245
2009-12-31,20.95416259765625,27.89266586303711,28.35519790649414,27.89266586303711,28.25464630126953,922523
2010-01-04,21.33185577392578,28.39541816711425,28.39541816711425,27.90607261657715,28.1004695892334,1859815
2010-01-05,21.23113822937012,28.261350631713867,28.361900329589844,28.120580673217773,28.328384399414062,1272199
2010-01-06,21.482929229736328,28.59651756286621,28.636737823486328,28.08706283569336,28.25464630126953,1852654
2010-01-07,21.956296920776367,29.22663307189941,29.568504333496094,28.71047592163086,28.71047592163086,1959317
2010-01-08,22.585777282714844,30.064552307128903,30.077959060668945,28.971906661987305,29.199819564819336,2190843
2010-01-11,22.857711791992188,30.42653465270996,30.53378868103028,30.064552307128903,30.11147689819336,2006308
2010-01-12,22.93829345703125,30.53378868103028,30.540491104125977,30.0511474609375,30.13829040527344,3228532
2010-01-13,23.149789810180664,30.81532859802246,30.87565994262696,30.346094131469727,30.42653465270996,4637975
2010-01-14,23.38144493103028,31.12368392944336,31.15719985961914,30.53378868103028,30.79521942138672,2707450
2010-01-15,22.958438873291016,30.56060218811035,31.056650161743164,30.45334815979004,30.98291206359864,2848125
2010-01-19,23.11454963684082,30.76840591430664,30.83543968200684,30.352798461914062,30.386314392089844,2328535
2010-01-20,22.88792991638184,30.46675491333008,30.5136775970459,30.144994735717773,30.50027084350586,2740567
2010-01-21,22.585777282714844,30.064552307128903,30.64774513244629,29.96400260925293,30.386314392089844,2806803
2010-01-22,22.041906356811523,29.340591430664062,30.02433204650879,29.300371170043945,30.02433204650879,1998700
2010-01-25,21.7800407409668,28.992015838623047,29.78301239013672,28.87135505676269,29.44114112854004,2614959
2010-01-26,21.634002685546875,28.7976188659668,29.11938095092773,28.636737823486328,28.81772994995117,1639179
2010-01-27,21.55846405029297,28.69706916809082,28.7976188659668,28.13398742675781,28.703771591186523,2713864
2010-01-28,21.41242790222168,28.502670288085938,28.89146614074707,28.348493576049805,28.77750968933105,2890343
2010-01-29,21.593719482421875,28.74399185180664,30.198619842529297,28.7238826751709,28.89146614074707,4529820
2010-02-01,21.89082908630371,29.13949012756348,29.421031951904297,28.83783912658692,28.945093154907227,2268267
2010-02-02,22.318872451782227,29.709274291992188,29.78971672058105,29.21322631835937,29.26685333251953,2707599
2010-02-03,22.223203659057617,29.581911087036133,29.91707992553711,29.407623291015625,29.41432762145996,2062996
2010-02-04,21.533287048339844,28.663551330566406,29.514877319335938,28.54289054870605,29.313777923583984,3115603
2010-02-05,20.893739700317383,27.812225341796875,28.8043212890625,27.14859390258789,28.60992431640625,4967213
2010-02-08,20.67215919494629,27.51727867126465,27.926183700561523,27.38321113586425,27.76530265808105,3166772
2010-02-09,21.18077850341797,28.194316864013672,28.39541816711425,27.812225341796875,27.852445602416992,4190736
2010-02-10,21.19588661193848,28.214427947998047,28.45574760437012,27.89936828613281,28.16080093383789,2066278
2010-02-11,21.593719482421875,28.74399185180664,28.77080535888672,27.966402053833008,28.1675033569336,3208691
2010-02-12,21.51314163208008,28.636737823486328,28.74399185180664,28.12728309631348,28.47585868835449,2069411
2010-02-16,21.98147964477539,29.260150909423828,29.26685333251953,28.78421211242676,28.864652633666992,1958124
2010-02-17,22.38434600830078,29.79641914367676,29.8098258972168,29.28026008605957,29.40092086791992,3182585
2010-02-18,22.88289451599121,30.460050582885746,30.580711364746094,29.762901306152344,29.997520446777344,3363091
2010-02-19,23.205198287963867,30.889066696166992,30.90917587280273,30.23213768005371,30.42653465270996,3661599
2010-02-22,23.174972534179688,30.848846435546875,30.98291206359864,30.661151885986328,30.92928504943848,2914808
2010-02-23,22.63110542297364,30.1248836517334,30.78181266784668,29.84334373474121,30.42653465270996,3578953
2010-02-24,22.641233444213867,29.96400260925293,30.23213768005371,29.82993507385254,30.15169715881348,3989792
2010-02-25,22.595645904541016,29.90367317199707,29.95059585571289,29.11938095092773,29.28026008605957,2997155
2010-02-26,22.924880981445312,30.339391708374023,30.406423568725582,29.856748580932617,29.984113693237305,2398798
2010-03-01,23.17814064025879,30.674558639526367,30.89576911926269,30.379610061645508,30.5136775970459,2048526
2010-03-02,23.37567901611328,30.93598937988281,31.090166091918945,30.734888076782227,30.89576911926269,2258272
2010-03-03,23.259180068969727,30.78181266784668,31.1370906829834,30.68126106262207,30.87565994262696,2371797
2010-03-04,23.33515739440918,30.882362365722656,31.16390419006348,30.687965393066406,30.87565994262696,1865782
2010-03-05,23.816349029541016,31.519182205200195,31.552698135375977,31.090166091918945,31.090166091918945,2077318
2010-03-08,23.63906478881836,31.284563064575195,31.552698135375977,31.24434471130371,31.50577545166016,781250
2010-03-09,23.56309509277344,31.18401336669922,31.418630599975582,31.04994773864746,31.17060661315918,1406907
2010-03-10,23.46685028076172,31.056650161743164,31.1370906829834,30.86225318908692,31.1370906829834,1620382
2010-03-11,23.507369995117188,31.11027717590332,31.116979598999023,30.46675491333008,30.687965393066406,1167176
2010-03-12,23.517501831054688,31.12368392944336,31.351598739624023,30.922582626342773,31.25775146484375,1007853
2010-03-15,23.421266555786133,30.996320724487305,31.070056915283203,30.721481323242188,31.02313232421875,1515659
2010-03-16,23.482044219970703,31.076759338378903,31.36500358581543,30.996320724487305,31.12368392944336,2181445
2010-03-17,23.7707633972168,31.458850860595703,31.713579177856445,31.04994773864746,31.130386352539062,1301139
2010-03-18,23.85179901123047,31.566104888916016,31.673358917236328,31.31808090209961,31.40522575378418,1393779
2010-03-19,23.56815719604492,31.190717697143555,31.800722122192383,31.12368392944336,31.190717697143555,1917845
2010-03-22,23.51244163513184,31.116979598999023,31.43874168395996,30.81532859802246,30.94939613342285,1387812
2010-03-23,23.998687744140625,31.760501861572266,31.881162643432617,30.86225318908692,31.11027717590332,3352350
2010-03-24,23.502315521240234,31.103574752807617,31.713579177856445,31.08346366882324,31.713579177856445,2257078
2010-03-25,23.390878677368164,30.956100463867188,31.398521423339844,30.90247344970703,31.398521423339844,2479355
2010-03-26,23.33515739440918,30.882362365722656,31.16390419006348,30.53378868103028,30.96280288696289,3442305
2010-03-29,23.62386512756348,31.264453887939453,31.29126739501953,30.8220329284668,30.98961639404297,2474880
2010-03-30,23.86699867248535,31.58621406555176,31.69346809387207,31.37170791625977,31.385114669799805,2177268
2010-03-31,23.679595947265625,31.33819007873535,31.626434326171875,31.21753120422364,31.48566436767578,1387514
2010-04-01,23.806215286254883,31.50577545166016,31.79401969909668,31.27786064147949,31.50577545166016,2126547
2010-04-05,24.084800720214844,31.87446022033692,31.97500991821289,31.606325149536133,31.700172424316406,2125801
2010-04-06,24.135454177856445,31.94149208068848,31.95490074157715,31.61973190307617,31.78061294555664,1561158
2010-04-07,23.97843360900879,31.733688354492188,31.99511909484864,31.61302947998047,31.8409423828125,1744052
2010-04-08,23.87712478637696,31.59962272644043,31.69346809387207,31.23764038085937,31.58621406555176,1263844
2010-04-09,24.322872161865234,32.18951797485352,32.216331481933594,31.51247787475586,31.63984107971192,1658274
2010-04-12,24.221559524536133,32.055450439453125,32.33028793334961,31.95490074157715,32.30347442626953,1335600
2010-04-13,24.24689102172852,32.088966369628906,32.249847412109375,31.8409423828125,31.92808532714844,1331870
2010-04-14,24.6622314453125,32.638641357421875,32.678863525390625,32.149295806884766,32.176109313964844,1560711
2010-04-15,24.57105827331543,32.51798248291016,32.678863525390625,32.43754196166992,32.444244384765625,1483734
2010-04-16,24.2012996673584,32.02863693237305,32.49116897583008,31.87446022033692,32.444244384765625,1378116
2010-04-19,24.186111450195312,32.00852584838867,32.06885528564453,31.458850860595703,31.82753562927246,1413023
2010-04-20,24.439353942871094,32.343692779541016,32.59172058105469,32.16270446777344,32.31687927246094,1404073
2010-04-21,24.76353073120117,32.772708892822266,32.799522399902344,32.27666091918945,32.310176849365234,1765683
2010-04-22,25.4523868560791,33.684364318847656,33.74469757080078,32.343692779541016,32.578311920166016,3072789
2010-04-23,27.4531307220459,36.33219146728516,37.20362854003906,35.929988861083984,35.929988861083984,8252731
2010-04-26,27.15428352355957,35.93669509887695,36.278564453125,35.75570297241211,36.278564453125,3190342
2010-04-27,26.20709991455078,34.68316650390625,36.0439453125,34.55580139160156,35.84284591674805,3744542
2010-04-28,26.35905647277832,34.8842658996582,35.092071533203125,34.64965057373047,34.77701187133789,1771202
2010-04-29,26.76932907104492,35.42723846435547,35.54789733886719,34.99151992797852,35.23954391479492,2326447
2010-04-30,26.45023536682129,35.00492858886719,35.809329986572266,34.99822235107422,35.52779006958008,2683432
2010-05-03,27.05298042297364,35.80262756347656,35.903175354003906,35.14569854736328,35.23954391479492,1587265
2010-05-04,26.29827308654785,34.80382537841797,35.2730598449707,34.428436279296875,35.2730598449707,2478758
2010-05-05,26.136194229125977,34.589317321777344,34.797122955322266,34.22733688354492,34.435142517089844,2709389
2010-05-06,24.687557220458984,32.672157287597656,34.48206329345703,30.17180633544922,34.32788848876953,3689047
2010-05-07,24.32793426513672,32.19622039794922,32.81292724609375,31.324783325195312,32.65875244140625,4123606
2010-05-10,25.8018798828125,34.14689636230469,34.368106842041016,33.516780853271484,33.93238830566406,2506953
2010-05-11,25.563825607299805,33.83184051513672,34.45525360107422,33.70447540283203,33.70447540283203,2576023
2010-05-12,26.2222957611084,34.703277587890625,34.81053161621094,33.96590805053711,33.96590805053711,1621874
2010-05-13,25.741100311279297,34.06645584106445,34.797122955322266,34.0128288269043,34.66975784301758,1720332
2010-05-14,25.06743431091309,33.17491149902344,33.92568588256836,32.739192962646484,33.67095947265625,1939178
2010-05-17,25.07249641418457,33.18161392211914,33.58381652832031,32.310176849365234,33.13468933105469,1922619
2010-05-18,24.434297561645508,32.33699035644531,33.79161834716797,32.16940689086914,33.55030059814453,2499494
2010-05-19,23.89738655090332,31.626434326171875,32.2230339050293,30.79521942138672,32.09566879272461,4093770
2010-05-20,22.39303970336914,29.63553810119629,30.728185653686523,29.628835678100582,30.64774513244629,4652296
2010-05-21,22.514598846435547,29.79641914367676,29.96400260925293,28.824432373046875,28.985313415527344,6201073
2010-05-24,22.281612396240234,29.48806571960449,30.077959060668945,29.46125030517578,29.675758361816406,3216001
2010-05-25,22.114458084106445,29.26685333251953,29.313777923583984,28.288164138793945,28.656848907470703,3629525
2010-05-26,22.29279899597168,29.327184677124023,29.910375595092773,29.19311714172364,29.59531784057617,3475423
2010-05-27,23.24056053161621,30.57400894165039,30.57400894165039,29.76960563659668,30.07125663757324,2002728
2010-05-28,22.87369155883789,30.091367721557617,30.64774513244629,29.76960563659668,30.49356842041016,2881691
2010-06-01,22.277511596679688,29.30707359313965,30.399721145629883,29.300371170043945,29.702571868896484,2546635
2010-06-02,23.01126289367676,30.272357940673828,30.299171447753903,29.07245635986328,29.44784545898437,2579752
2010-06-03,23.34756660461425,30.714778900146484,30.868955612182617,30.23213768005371,30.23213768005371,2818737
2010-06-04,21.93611526489257,28.857948303222656,30.104772567749023,28.7238826751709,29.82323265075684,2482488
2010-06-07,21.39090347290039,28.14068984985352,29.079160690307617,28.1004695892334,28.85124588012696,2177118
2010-06-08,21.54885482788086,28.348493576049805,28.569704055786133,27.76530265808105,28.154096603393555,1850118
2010-06-09,21.752674102783203,28.616628646850582,29.46795463562012,28.495967864990234,28.556297302246094,2375377
2010-06-10,22.751388549804688,29.93048667907715,29.943893432617188,29.1797103881836,29.206523895263672,2579752
2010-06-11,23.00107383728028,30.25895118713379,30.285764694213867,29.48806571960449,29.55509757995605,2457724
2010-06-14,23.138647079467773,30.43994140625,31.063352584838867,30.332687377929688,30.654449462890625,2177864
2010-06-15,23.91826057434082,31.46555519104004,31.51247787475586,30.66785430908203,30.66785430908203,2063295
2010-06-16,23.64310836791992,31.103574752807617,31.33819007873535,30.93598937988281,31.03653907775879,1891590
2010-06-17,23.4138126373291,30.80192375183105,31.264453887939453,30.46675491333008,31.17731094360352,2447132
2010-06-18,23.250751495361328,30.58741569519043,30.97620964050293,30.386314392089844,30.889066696166992,2473239
2010-06-21,23.60234642028809,31.04994773864746,31.61302947998047,30.87565994262696,31.070056915283203,1821923
2010-06-22,22.66987419128418,29.82323265075684,31.190717697143555,29.749496459960938,31.1370906829834,3985466
2010-06-23,22.59852600097656,29.72938537597656,29.997520446777344,29.1126766204834,29.8165283203125,2724307
2010-06-24,22.06350326538086,29.02553367614746,29.82323265075684,28.95179557800293,29.60872459411621,2266327
2010-06-25,22.49152565002441,29.58861541748047,29.642242431640625,28.92498207092285,29.166303634643555,3280297
2010-06-28,22.30808448791504,29.34729385375977,29.72938537597656,28.998720169067383,29.581911087036133,1514913
2010-06-29,21.355222702026367,28.09376716613769,28.83113670349121,27.859149932861328,28.737289428710938,2756977
2010-06-30,21.294078826904297,28.01332664489746,28.630035400390625,27.919479370117188,28.09376716613769,2453995
2010-07-01,21.04949760437012,27.691564559936523,28.14739227294922,27.14859390258789,27.979808807373047,2732064
2010-07-02,20.947586059570312,27.55749893188477,27.95299530029297,27.37650680541992,27.77200508117676,1671998
2010-07-06,21.22783851623535,27.926183700561523,28.47585868835449,27.637937545776367,27.999919891357425,2656729
2010-07-07,21.97178077697754,28.90487289428711,28.95179557800293,27.83233642578125,27.932886123657227,2338381
2010-07-08,22.211275100708008,29.21993064880371,29.387514114379883,28.750694274902344,29.21322631835937,1567871
2010-07-09,22.506813049316406,29.60872459411621,29.702571868896484,29.079160690307617,29.24674415588379,1484182
2010-07-12,22.13993453979492,29.12608337402344,29.514877319335938,28.85124588012696,29.427734375,1614117
2010-07-13,22.61382293701172,29.749496459960938,30.02433204650879,29.57520866394043,29.63553810119629,1864141
2010-07-14,22.66987419128418,29.82323265075684,30.104772567749023,29.44114112854004,29.642242431640625,1535947
2010-07-15,22.47113800048828,29.56180191040039,29.86345291137696,28.992015838623047,29.762901306152344,2171897
2010-07-16,21.69661903381348,28.54289054870605,29.340591430664062,28.46915435791016,29.15959930419922,2130425
2010-07-19,21.961589813232425,28.89146614074707,28.96520233154297,28.308273315429688,28.75739860534668,1088858
2010-07-20,22.25713348388672,29.28026008605957,29.300371170043945,28.38201141357422,28.38871383666992,1785971
2010-07-21,22.57305908203125,29.69586944580078,30.07125663757324,29.387514114379883,29.54169273376465,2772492
2010-07-22,23.459667205810547,30.86225318908692,30.882362365722656,30.0511474609375,30.16510391235352,3321172
2010-07-23,24.325899124145508,32.00182342529297,32.678863525390625,31.37841033935547,32.672157287597656,5181434
2010-07-26,24.733543395996094,32.53809356689453,32.678863525390625,31.80742645263672,32.18281555175781,2390892
2010-07-27,24.147565841674805,31.7672061920166,32.739192962646484,31.706876754760746,32.739192962646484,3593573
2010-07-28,24.116987228393555,31.726985931396484,32.09566879272461,31.552698135375977,31.80742645263672,1653500
2010-07-29,24.320810317993164,31.99511909484864,32.25654983520508,31.57280921936035,32.00182342529297,2516799
2010-07-30,24.443103790283203,32.156002044677734,32.26325225830078,31.36500358581543,31.49236869812012,2333607
2010-08-02,24.90679168701172,32.76600646972656,33.07435989379883,32.36380386352539,32.833038330078125,2421026
2010-08-03,24.74372673034668,32.55149841308594,32.866554260253906,32.343692779541016,32.578311920166016,1717945
2010-08-04,25.151376724243164,33.0877685546875,33.12128448486328,32.46435546875,32.63193893432617,1556235
2010-08-05,24.993408203125,32.87996292114258,33.18161392211914,32.7056770324707,32.839744567871094,1449572
2010-08-06,25.064741134643555,32.97380828857422,32.97380828857422,32.18951797485352,32.51127624511719,1733460
2010-08-09,24.97302627563477,32.8531494140625,33.101173400878906,32.57160949707031,33.0877685546875,1689601
2010-08-10,25.197235107421875,33.14809799194336,33.322383880615234,32.645347595214844,33.067657470703125,3177214
2010-08-11,23.877504348754883,31.411928176879883,32.40402603149414,31.324783325195312,32.31687927246094,2153548
2010-08-12,23.750110626220703,31.24434471130371,31.411928176879883,30.83543968200684,30.882362365722656,1577866
2010-08-13,23.6481990814209,31.11027717590332,31.36500358581543,31.03653907775879,31.076759338378903,805268
2010-08-16,23.63800621032715,31.09687042236328,31.27115631103516,30.53378868103028,30.81532859802246,1092587
2010-08-17,24.198522567749023,31.834238052368164,32.176109313964844,31.33148765563965,31.47896194458008,1693778
2010-08-18,24.213796615600582,31.85434913635254,32.04874801635742,31.42533493041992,31.834238052368164,1032915
2010-08-19,23.67367553710937,31.1437931060791,31.79401969909668,30.86225318908692,31.653249740600582,1211333
2010-08-20,23.53100776672364,30.956100463867188,31.056650161743164,30.520381927490234,30.848846435546875,1150319
2010-08-23,23.123369216918945,30.419830322265625,31.23093605041504,30.339391708374023,31.17060661315918,2743402
2010-08-24,22.65457534790039,29.80312156677246,30.004222869873047,29.581911087036133,29.91707992553711,1939924
2010-08-25,22.54248046875,29.655649185180664,29.80312156677246,28.978609085083008,29.494768142700195,1936940
2010-08-26,22.59852600097656,29.72938537597656,30.32598304748535,29.602022171020508,29.957300186157227,1840421
2010-08-27,23.252260208129883,30.399721145629883,30.46675491333008,29.240039825439453,29.762901306152344,2516948
2010-08-30,22.80105209350586,29.8098258972168,30.46675491333008,29.8098258972168,30.25895118713379,2004667
2010-08-31,22.949752807617188,30.004222869873047,30.352798461914062,29.421031951904297,29.648944854736328,2010635
2010-09-01,24.441791534423828,31.95490074157715,32.03533935546875,30.48686408996582,30.62093162536621,2920626
2010-09-02,24.84685134887696,32.484466552734375,32.544795989990234,31.86775588989257,31.86775588989257,2152504
2010-09-03,25.23139190673828,32.98721694946289,33.557003021240234,32.88666534423828,33.01403045654297,1855339
2010-09-07,24.93400382995605,32.59842300415039,32.993919372558594,32.53138732910156,32.65875244140625,1296366
2010-09-08,24.969900131225582,32.645347595214844,33.14809799194336,32.6185302734375,32.71908187866211,1625305
2010-09-09,25.08782958984375,32.799522399902344,33.28886795043945,32.62523651123047,33.20172500610352,1440622
2010-09-10,25.22626495361328,32.98051452636719,33.18161392211914,32.712379455566406,32.92688751220703,1991838
2010-09-13,25.626192092895508,33.50337600708008,33.67766189575195,33.11457824707031,33.36930847167969,1920680
2010-09-14,25.841541290283203,33.784915924072266,34.02623748779297,33.241943359375,33.456451416015625,2239475
2010-09-15,25.73899269104004,33.650848388671875,33.81843185424805,33.34249496459961,33.67095947265625,1512675
2010-09-16,25.55441093444824,33.40952682495117,33.64414596557617,33.18161392211914,33.18161392211914,1954543
2010-09-17,25.93895149230957,33.91228103637695,34.18711853027344,33.335792541503906,33.57040786743164,2822467
2010-09-20,26.57987594604492,34.75019836425781,34.80382537841797,33.96590805053711,34.046348571777344,1713619
2010-09-21,26.344013214111328,34.44184494018555,34.84404754638672,34.2474479675293,34.763607025146484,2026597
2010-09-22,25.964599609375,33.945796966552734,34.629539489746094,33.711177825927734,34.4954719543457,2135348
2010-09-23,25.462129592895508,33.28886795043945,33.82513427734375,33.221832275390625,33.557003021240234,1493580
2010-09-24,26.56448745727539,34.73008728027344,34.77030944824219,33.771507263183594,33.90557861328125,2155487
2010-09-27,26.13893318176269,34.173709869384766,34.83063888549805,34.173709869384766,34.80382537841797,1917249
2010-09-28,26.38503837585449,34.4954719543457,34.569210052490234,33.60392379760742,34.22063446044922,2268416
2010-09-29,26.60038375854492,34.77701187133789,34.83734130859375,34.153602600097656,34.28096389770508,3142903
2010-09-30,26.76957893371582,34.99822235107422,35.52779006958008,34.68316650390625,34.917781829833984,6043241
2010-10-01,26.92852783203125,35.20602798461914,35.42723846435547,34.857452392578125,35.35350036621094,2465332
2010-10-04,26.72342872619629,34.93789291381836,35.480865478515625,34.44854736328125,35.19932556152344,2292583
2010-10-05,27.851436614990234,36.41263198852539,36.5198860168457,35.30657958984375,35.30657958984375,3010731
2010-10-06,27.67710876464844,36.18471908569336,36.53329086303711,35.970211029052734,36.49977493286133,2737136
2010-10-07,28.041149139404297,36.6606559753418,36.74779891967773,35.970211029052734,36.392520904541016,4225794
2010-10-08,27.9642391204834,36.56010437011719,36.79472351074219,36.01042938232422,36.67406463623047,4764330
2010-10-11,27.72325325012207,36.24504852294922,36.70758056640625,36.07746505737305,36.56010437011719,1729283
2010-10-12,27.712995529174805,36.23163986206055,36.48637008666992,35.72218704223633,36.198123931884766,2770403
2010-10-13,28.041149139404297,36.6606559753418,36.84835052490234,36.53329086303711,36.84164810180664,2333010
2010-10-14,27.707868576049805,36.22493743896485,36.78131484985352,35.903175354003906,36.68746948242188,3355483
2010-10-15,27.697628021240234,36.21153259277344,36.647247314453125,35.81603240966797,36.49977493286133,2368067
2010-10-18,27.477140426635746,35.92328643798828,36.39922332763672,35.62833786010742,36.36570739746094,3211824
2010-10-19,27.01056861877441,35.31328201293945,35.635040283203125,35.03173828125,35.31328201293945,4090488
2010-10-20,27.58481788635254,36.064056396484375,36.291969299316406,35.46746063232422,35.5076789855957,2453398
2010-10-21,28.09242248535156,36.72769165039063,36.74779891967773,36.14449691772461,36.23834609985352,3112471
2010-10-22,27.266918182373047,35.6484489440918,35.943397521972656,34.66975784301758,35.943397521972656,6827624
2010-10-25,27.37972640991211,35.795921325683594,36.45285034179688,35.675262451171875,36.01042938232422,3007449
2010-10-26,27.261808395385746,35.641746520996094,35.82273483276367,35.30657958984375,35.49427032470703,2019585
2010-10-27,27.10797500610352,35.440643310546875,35.52108383178711,34.96470642089844,35.29987335205078,1828935
2010-10-28,27.133621215820312,35.47416305541992,35.92328643798828,35.14569854736328,35.675262451171875,1421676
2010-10-29,27.225902557373047,35.59482192993164,35.68196487426758,35.23954391479492,35.31328201293945,2506655
2010-11-01,27.44124984741211,35.87636184692383,36.19142150878906,35.56130599975586,35.69537353515625,2089699
2010-11-02,27.651472091674805,36.15119934082031,36.278564453125,36.02383804321289,36.2718620300293,1489552
2010-11-03,27.712995529174805,36.23163986206055,36.33889389038086,35.68196487426758,36.33219146728516,982344
2010-11-04,28.30777168273925,37.00923156738281,37.2974739074707,36.59362030029297,36.71428298950195,3261799
2010-11-05,28.241106033325195,36.92208862304688,37.12989044189453,36.73439407348633,37.03604507446289,2953147
2010-11-08,27.9642391204834,36.56010437011719,36.85505294799805,36.34559631347656,36.69417190551758,1912326
2010-11-09,27.8822021484375,36.45285034179688,36.80142593383789,36.2852668762207,36.53329086303711,2062400
2010-11-10,28.123186111450195,36.76791000366211,36.80142593383789,36.137794494628906,36.45955657958984,1599646
2010-11-11,28.241106033325195,36.92208862304688,36.92879104614258,36.35230255126953,36.37241363525391,2173687
2010-11-12,28.005245208740234,36.613731384277344,36.78131484985352,36.36570739746094,36.63384246826172,2540071
2010-11-15,28.14368438720703,36.79472351074219,37.49187088012695,36.76791000366211,36.93549346923828,3073535
2010-11-16,27.44124984741211,35.87636184692383,36.6673583984375,35.66185760498047,36.50647735595703,3492131
2010-11-17,27.359220504760746,35.76911163330078,36.0372428894043,35.59482192993164,35.96350860595703,2088357
2010-11-18,27.851436614990234,36.41263198852539,36.81483459472656,36.11098098754883,36.1310920715332,1861306
2010-11-19,28.133440017700195,36.78131484985352,36.8081283569336,36.11768341064453,36.41933441162109,2122370
2010-11-22,28.55388259887696,37.33099365234375,37.68627166748047,36.74109649658203,37.58572006225586,3503916
2010-11-23,27.97449111938477,36.57351303100586,36.94889831542969,36.33219146728516,36.78802108764648,1807154
2010-11-24,29.040971755981445,37.967811584472656,38.00132751464844,36.76791000366211,36.82823944091797,2219784
2010-11-26,28.703489303588867,37.34439849853516,37.60582733154297,37.150001525878906,37.47846603393555,660415
2010-11-29,28.45103073120117,37.01593399047852,37.0494499206543,36.53329086303711,36.99582290649414,2318242
2010-11-30,28.239795684814453,36.74109649658203,36.98912048339844,36.359004974365234,36.49977493286133,1790894
2010-12-01,29.26510429382324,38.07506561279297,38.10858154296875,37.444950103759766,37.49857711791992,1910386
2010-12-02,29.770023345947266,38.73199462890625,38.79232406616211,37.994625091552734,38.18902206420898,1484033
2010-12-03,29.77516746520996,38.73869705200195,38.79902648925781,38.42363739013672,38.59122467041016,1359767
2010-12-06,29.60514640808105,38.517486572265625,38.671661376953125,38.302978515625,38.61133193969727,1513123
2010-12-07,29.682430267333984,38.61803436279297,39.04705047607422,38.58451843261719,38.93979644775391,1941266
2010-12-08,29.95549964904785,38.97331237792969,39.04705047607422,38.62474060058594,38.71188354492188,1476126
2010-12-09,29.9245834350586,38.9330940246582,39.3218879699707,38.79232406616211,39.20793151855469,1139877
2010-12-10,30.115222930908203,39.18111801147461,39.28166961669922,38.91968536376953,39.11408233642578,1106013
2010-12-13,29.780330657958984,38.745399475097656,39.45595550537109,38.72528839111328,39.44925308227539,1780302
2010-12-14,29.7442569732666,38.6984748840332,39.05375289916992,38.56440734863281,38.75210189819336,1666031
2010-12-15,29.64121055603028,38.56440734863281,39.05375289916992,38.53089141845703,38.65825653076172,2132365
2010-12-16,29.718482971191406,38.66495895385742,38.76551055908203,38.24264907836914,38.56440734863281,1673788
2010-12-17,29.55362129211425,38.4504508972168,38.845951080322266,38.26275634765625,38.65825653076172,1983186
2010-12-20,29.40421485900879,38.25605392456055,38.8325424194336,37.61923599243164,38.60462951660156,2634352
2010-12-21,29.5948429107666,38.50407791137695,38.59792709350586,38.26275634765625,38.39012145996094,1575629
2010-12-22,30.377988815307617,39.522987365722656,39.683868408203125,38.14209747314453,38.5443000793457,5847817
2010-12-23,30.233726501464844,39.335296630859375,39.51628494262695,39.20122909545898,39.48947143554688,1711829
2010-12-27,30.115222930908203,39.18111801147461,39.28166961669922,38.87946701049805,39.08727264404297,726203
2010-12-28,30.20280838012696,39.29507446289063,39.43584442138672,39.02693939208984,39.20122909545898,1310239
2010-12-29,30.146129608154297,39.221336364746094,39.53639602661133,39.16100692749024,39.40903091430664,1488210
2010-12-30,30.187349319458008,39.27496337890625,39.40232849121094,39.140899658203125,39.14760208129883,682643
2010-12-31,30.115222930908203,39.18111801147461,39.36211013793945,39.06045913696289,39.221336364746094,786770
2011-01-03,30.46042823791504,39.63024139404297,40.09947967529297,39.529693603515625,39.67046356201172,2147879
2011-01-04,30.2904052734375,39.40903091430664,39.88497161865234,39.006832122802734,39.77101135253906,2013767
2011-01-05,29.991559982299805,39.02023696899414,39.43584442138672,38.95990753173828,39.140899658203125,1916055
2011-01-06,29.65668296813965,38.58451843261719,39.24144744873047,38.46385955810547,39.01353454589844,2078511
2011-01-07,29.569076538085938,38.47056198120117,39.18111801147461,38.44374847412109,38.71858596801758,1791043
2011-01-10,29.5948429107666,38.50407791137695,38.62474060058594,38.054954528808594,38.2895736694336,1738681
2011-01-11,29.7957820892334,38.76551055908203,39.006832122802734,38.5443000793457,38.6917724609375,1550417
2011-01-12,30.336769104003903,39.4693603515625,39.63024139404297,39.000125885009766,39.04705047607422,1283089
2011-01-13,30.42951011657715,39.59002304077149,39.663761138916016,39.29507446289063,39.529693603515625,1664390
2011-01-14,30.70258903503418,39.9453010559082,39.9453010559082,39.234745025634766,39.429141998291016,1669313
2011-01-18,30.785017013549805,40.05255508422852,40.15980911254883,39.85145568847656,39.85145568847656,1414068
2011-01-19,29.986417770385746,39.01353454589844,39.99892807006836,38.85935592651367,39.99892807006836,2625998
2011-01-20,29.2238712310791,38.02143859863281,38.94650268554688,37.88066864013672,38.845951080322266,2826942
2011-01-21,29.192947387695312,37.98121643066406,38.77221298217773,37.88737106323242,38.39682388305664,3029378
2011-01-24,29.347532272338867,38.18231964111328,38.77221298217773,38.054954528808594,38.054954528808594,2252305
2011-01-25,29.615449905395508,38.53089141845703,38.59122467041016,37.93429565429688,38.11528396606445,1757030
2011-01-26,30.59954833984375,39.81123352050781,39.95200347900391,38.6984748840332,38.72528839111328,3726342
2011-01-27,30.64591217041016,39.87156295776367,40.22013854980469,39.08727264404297,39.08727264404297,4074974
2011-01-28,32.02157211303711,41.66136169433594,43.571815490722656,40.8569564819336,41.03124237060547,6890429
2011-01-31,33.02628326416016,42.96851348876953,43.270164489746094,41.98982238769531,41.98982238769531,5321961
2011-02-01,33.86610412597656,44.061161041259766,44.26226043701172,42.82104110717773,43.22994613647461,3498397
2011-02-02,33.577571868896484,43.68577194213867,43.97401809692383,43.31708908081055,43.79302597045898,2436839
2011-02-03,33.34056091308594,43.377418518066406,43.81983947753906,43.30368041992188,43.61874008178711,3010283
2011-02-04,33.63938903808594,43.766212463378906,43.88017272949219,43.35730743408203,43.46456146240234,1694375
2011-02-07,33.92792892456055,44.1416015625,44.27566909790039,43.86006164550781,43.94720458984375,3240168
2011-02-08,34.04643630981445,44.295780181884766,44.67787170410156,43.86006164550781,44.19522857666016,1925453
2011-02-09,34.05157852172852,44.30248260498047,44.376220703125,43.81983947753906,44.05445861816406,2345691
2011-02-10,34.309200286865234,44.63764953613281,44.89237976074219,44.04104995727539,44.1416015625,2178461
2011-02-11,34.334957122802734,44.671165466308594,44.919189453125,44.18182373046875,44.41643905639648,1996164
2011-02-14,34.88625717163086,45.388427734375,45.45545959472656,44.55720901489258,44.68457412719727,2119983
2011-02-15,34.247371673583984,44.55720901489258,45.35490798950195,44.43655014038086,45.10018157958984,1829531
2011-02-16,34.32980728149414,44.66446304321289,45.140403747558594,44.33599853515625,44.75830841064453,1703475
2011-02-17,34.69562530517578,45.140403747558594,45.31468963623047,44.40973663330078,44.72479248046875,1701088
2011-02-18,34.9068603515625,45.41523742675781,45.62974548339844,44.98622512817383,45.49568176269531,1779556
2011-02-22,33.74245071411133,43.9002799987793,44.80523300170898,43.7595100402832,44.78512573242188,1209096
2011-02-23,32.717132568359375,42.566314697265625,44.00753402709961,42.17081451416016,43.91368865966797,2396561
2011-02-24,32.85943984985352,42.566314697265625,43.32379150390625,42.16411209106445,42.62664413452149,2026149
2011-02-25,33.14922332763672,42.94169998168945,43.048954010009766,42.754005432128906,42.894775390625,1655738
2011-02-28,33.2475471496582,43.06906509399414,43.50478363037109,42.80763244628906,43.08917617797852,1556086
2011-03-01,32.93189239501953,42.66016006469727,43.52489471435547,42.51939010620117,43.1360969543457,1857577
2011-03-02,33.44935607910156,43.33049774169922,43.927093505859375,42.566314697265625,42.66016006469727,2107153
2011-03-03,34.4791259765625,44.66446304321289,44.75160598754883,43.61874008178711,43.61874008178711,2811129
2011-03-04,33.9616584777832,43.9941291809082,44.66446304321289,43.67236709594727,44.5303955078125,3812717
2011-03-07,33.025028228759766,42.78081893920898,44.34270095825195,42.586421966552734,43.96060943603516,3534051
2011-03-08,33.5942497253418,43.5181884765625,43.8935775756836,42.794227600097656,43.08917617797852,1399597
2011-03-09,33.48041534423828,43.3707160949707,43.46456146240234,42.84115219116211,43.3707160949707,1329782
2011-03-10,32.678340911865234,42.33169555664063,42.83444595336914,41.942901611328125,42.80093002319336,1394525
2011-03-11,32.96293258666992,42.70037841796875,42.92159271240234,41.902679443359375,42.28477096557617,1521924
2011-03-14,32.662803649902344,42.31158447265625,42.794227600097656,41.91608810424805,42.29147338867188,1718393
2011-03-15,32.341976165771484,41.89597702026367,42.1171875,40.50838470458984,40.85025405883789,2138630
2011-03-16,32.17121505737305,41.674766540527344,42.32499313354492,41.28597259521485,41.76190948486328,3445886
2011-03-17,32.781822204589844,42.465763092041016,42.94169998168945,42.22444152832031,42.55290603637695,1785076
2011-03-18,32.77664566040039,42.45906066894531,43.23664855957031,42.24455261230469,43.15620803833008,2413269
2011-03-21,33.75984573364258,43.732696533203125,43.86006164550781,43.10258102416992,43.270164489746094,3845238
2011-03-22,33.29411315917969,43.12939453125,43.71929168701172,42.99532699584961,43.67906951904297,2359266
2011-03-23,33.288936614990234,43.1226921081543,43.34390258789063,42.53950119018555,43.08246994018555,2084627
2011-03-24,33.75984573364258,43.732696533203125,43.96060943603516,43.270164489746094,43.62544250488281,2623164
2011-03-25,33.89956283569336,43.91368865966797,44.121490478515625,43.62544250488281,43.8935775756836,1271005
2011-03-28,33.44935607910156,43.33049774169922,44.05445861816406,43.31708908081055,43.97401809692383,1451661
2011-03-29,33.599422454833984,43.52489471435547,43.52489471435547,42.90148162841797,43.29027557373047,1522670
2011-03-30,33.656349182128906,43.598628997802734,43.79302597045898,43.3707160949707,43.7461051940918,1544301
2011-03-31,34.018577575683594,44.06786346435547,44.161712646484375,43.48467254638672,43.56511306762695,1355739
2011-04-01,34.7947883605957,45.073368072509766,45.18732452392578,44.27566909790039,44.610836029052734,2234254
2011-04-04,34.463592529296875,44.64435195922852,44.939300537109375,43.9941291809082,44.919189453125,1777020
2011-04-05,34.45326232910156,44.63094711303711,44.744903564453125,44.389625549316406,44.671165466308594,2309142
2011-04-06,34.36011505126953,44.510284423828125,44.87897109985352,44.32929611206055,44.81193542480469,1487464
2011-04-07,34.12724304199219,44.20863342285156,44.490177154541016,43.84665298461914,44.34270095825195,1329931
2011-04-08,33.68223190307617,43.63214874267578,44.40303421020508,43.34390258789063,44.18852615356445,1279508
2011-04-11,33.63563919067383,43.571815490722656,43.85335540771485,43.31708908081055,43.67236709594727,1438682
2011-04-12,33.36137771606445,43.21653747558594,43.45785903930664,42.80093002319336,43.243350982666016,1469115
2011-04-13,33.351043701171875,43.20313262939453,43.70588302612305,42.84785461425781,43.498077392578125,1446141
2011-04-14,33.29929733276367,43.1360969543457,43.32379150390625,42.48587417602539,43.00202941894531,1736742
2011-04-15,33.801231384277344,43.78632354736328,44.00083160400391,43.10258102416992,43.25675964355469,1859964
2011-04-18,33.20096969604492,43.00873565673828,43.109283447265625,42.43894958496094,43.06236267089844,2077914
2011-04-19,34.32906723022461,44.47006607055664,44.50358200073242,43.115989685058594,43.115989685058594,2399843
2011-04-20,34.7689094543457,45.039852142333984,45.26106262207031,44.63764953613281,45.11358642578125,2361504
2011-04-21,35.084571838378906,45.44875717163086,46.42074203491211,45.11358642578125,45.58282470703125,3116200
2011-04-25,34.30836486816406,44.44325256347656,45.56941604614258,44.295780181884766,45.522491455078125,2185174
2011-04-26,34.91380310058594,45.22754669189453,45.48227310180664,44.60413360595703,44.778419494628906,2237685
2011-04-27,34.91899108886719,45.23424911499024,45.5426025390625,44.82534408569336,45.33480072021485,2419087
2011-04-28,35.19841003417969,45.596229553222656,45.65655899047852,45.11358642578125,45.18062210083008,2011231
2011-04-29,35.20876693725586,45.60963821411133,45.95820999145508,45.33480072021485,45.623043060302734,1672446
2011-05-02,34.836185455322266,45.12699508666992,46.011837005615234,45.0063362121582,45.86436462402344,1906358
2011-05-03,34.567100524902344,44.778419494628906,45.388427734375,44.36951446533203,45.08677673339844,2059267
2011-05-04,33.713260650634766,43.67236709594727,44.75830841064453,43.56511306762695,44.63764953613281,2510086
2011-05-05,33.71843338012695,43.67906951904297,44.50358200073242,43.06906509399414,43.43104553222656,4237131
2011-05-06,33.85297393798828,43.85335540771485,44.88567352294922,43.65225601196289,44.376220703125,2239177
2011-05-09,34.26177978515625,44.3829231262207,44.671165466308594,43.83995056152344,43.94720458984375,1397211
2011-05-10,34.572269439697266,44.78512573242188,44.87897109985352,44.376220703125,44.45665740966797,1170906
2011-05-11,34.11170196533203,44.18852615356445,44.86556243896485,43.79302597045898,44.68457412719727,1475977
2011-05-12,33.92543411254883,43.94720458984375,44.21533966064453,43.48467254638672,44.07456970214844,1370955
2011-05-13,33.288936614990234,43.1226921081543,44.17511749267578,43.00873565673828,43.97401809692383,1824161
2011-05-16,32.88531875610352,42.599830627441406,43.34390258789063,42.51268768310547,42.93499755859375,1820581
2011-05-17,32.44547653198242,42.03004455566406,42.465763092041016,41.634544372558594,42.3585090637207,1866677
2011-05-18,32.968116760253906,42.70708465576172,42.82774353027344,41.942901611328125,42.103782653808594,2033310
2011-05-19,33.351043701171875,43.20313262939453,43.32379150390625,42.76741409301758,42.9752197265625,1536245
2011-05-20,32.85426330566406,42.559608459472656,43.223243713378906,42.3585090637207,43.223243713378906,1491790
2011-05-23,32.47134017944336,42.06356048583984,42.30488204956055,41.64125061035156,41.84235000610352,1857279
2011-05-24,32.21776580810547,41.7350959777832,42.39202499389648,41.68817138671875,42.1238899230957,1652605
2011-05-25,32.96293258666992,42.70037841796875,42.83444595336914,41.39992904663086,41.634544372558594,2269311
2011-05-26,33.36570358276367,43.03554916381836,43.149505615234375,42.15070343017578,42.27806854248047,2018094
2011-05-27,34.20246124267578,44.11478805541992,44.20863342285156,43.20313262939453,43.20313262939453,2451309
2011-05-31,34.94044494628906,45.06666564941406,45.58282470703125,44.5236930847168,44.75160598754883,3941160
2011-06-01,33.13704299926758,42.7406005859375,44.89908218383789,42.70708465576172,44.73149871826172,3787953
2011-06-02,32.99151992797852,42.55290603637695,43.31038665771485,42.3585090637207,42.87466812133789,2783083
2011-06-03,32.46140670776367,41.8691635131836,42.371917724609375,41.741798400878906,41.86246109008789,1982589
2011-06-06,32.315895080566406,41.68146896362305,42.19762802124024,41.59432601928711,41.76861572265625,1969760
2011-06-07,32.41983795166016,41.81553649902344,42.1171875,41.5809211730957,41.9630126953125,2592433
2011-06-08,32.27950668334961,41.634544372558594,41.8758659362793,41.48036956787109,41.56081008911133,2165482
2011-06-09,32.37824249267578,41.76190948486328,41.92949295043945,41.60102844238281,41.741798400878906,1812972
2011-06-10,31.614276885986328,40.77651596069336,41.674766540527344,40.73629760742188,41.453556060791016,1681397
2011-06-13,31.65584754943848,40.83014297485352,41.17871856689453,40.60223007202149,40.96421051025391,1417648
2011-06-14,32.59134292602539,42.036746978759766,42.49257659912109,41.37981796264648,41.39992904663086,2105512
2011-06-15,31.9572811126709,41.218936920166016,41.83564758300781,41.024539947509766,41.59432601928711,1846090
2011-06-16,32.35746765136719,41.7350959777832,41.82894515991211,40.89717864990234,41.21223449707031,2191290
2011-06-17,32.37824249267578,41.76190948486328,42.39202499389648,41.62784194946289,42.17081451416016,1906209
2011-06-20,32.804420471191406,42.31158447265625,42.41213607788086,41.53399658203125,41.59432601928711,1336644
2011-06-21,33.50083923339844,43.20983505249024,43.270164489746094,42.54620361328125,42.63334655761719,1258176
2011-06-22,33.56321716308594,43.29027557373047,43.55170440673828,42.82104110717773,42.93499755859375,1724062
2011-06-23,33.708709716796875,43.477970123291016,43.498077392578125,41.9630126953125,42.47246551513672,2760856
2011-06-24,33.07986831665039,42.66686248779297,43.67236709594727,42.559608459472656,43.52489471435547,1907552
2011-06-27,33.52683639526367,43.243350982666016,43.437747955322266,42.34510040283203,42.7473030090332,1348578
2011-06-28,34.43634414672852,44.41643905639648,44.44325256347656,43.31708908081055,43.39752960205078,1673042
2011-06-29,34.488304138183594,44.48347473144531,44.75160598754883,44.00753402709961,44.671165466308594,2081345
2011-06-30,35.236690521240234,45.44875717163086,45.73699951171875,44.590728759765625,44.67787170410156,1970058
2011-07-01,35.90711212158203,46.3134880065918,46.42744445800781,45.32809448242188,45.522491455078125,1338583
2011-07-05,35.84995651245117,46.23975372314453,46.56821823120117,45.98502349853516,46.36041259765625,1235500
2011-07-06,35.990272521972656,46.42074203491211,46.62184524536133,45.89117813110352,46.186126708984375,1968119
2011-07-07,36.296905517578125,46.81624221801758,47.024044036865234,46.5615119934082,46.87657165527344,2275278
2011-07-08,35.959110260009766,46.38052368164063,46.46766662597656,45.9179916381836,46.07216644287109,1857875
2011-07-11,35.03400802612305,45.18732452392578,45.79733276367188,44.84545516967773,45.70348358154297,1374983
2011-07-12,34.33238220214844,44.282371520996094,45.247657775878906,44.255558013916016,45.05325698852539,2059416
2011-07-13,34.467506408691406,44.45665740966797,45.039852142333984,44.30918502807617,44.61753845214844,1812525
2011-07-14,34.04133987426758,43.906982421875,44.87897109985352,43.7528076171875,44.60413360595703,1982291
2011-07-15,34.28561019897461,44.22204208374024,44.24885559082031,43.50478363037109,44.18182373046875,1529831
2011-07-18,34.12970733642578,44.02094268798828,44.1348991394043,43.5114860534668,43.98072052001953,2218143
2011-07-19,34.857295989990234,44.95941162109375,44.96611404418945,44.282371520996094,44.47006607055664,1467026
2011-07-20,34.59224319458008,44.61753845214844,45.32139205932617,44.51699066162109,45.1471061706543,1771948
2011-07-21,34.488304138183594,44.48347473144531,45.167213439941406,44.27566909790039,44.89908218383789,2924207
2011-07-22,34.737762451171875,44.80523300170898,45.173919677734375,44.155006408691406,44.68457412719727,3416050
2011-07-25,34.62342071533203,44.65776062011719,45.3012809753418,44.34270095825195,44.778419494628906,2127293
2011-07-26,33.55799865722656,43.283573150634766,44.919189453125,43.18972396850586,44.69797897338867,2308694
2011-07-27,32.04043960571289,41.32619094848633,42.96851348876953,41.19212341308594,42.94840240478516,4910824
2011-07-28,31.3959903717041,40.49497604370117,41.80213165283203,40.38772201538086,41.420040130615234,3322813
2011-07-29,31.42717361450196,40.535194396972656,41.339599609375,39.918487548828125,40.20002746582031,3884024
2011-08-01,31.583106994628903,40.73629760742188,41.31948852539063,39.97211456298828,41.11168670654297,3411724
2011-08-02,30.35137176513672,39.14760208129883,40.729591369628906,39.12749099731445,40.347503662109375,3485866
2011-08-03,30.77752685546875,39.6972770690918,39.88497161865234,38.416934967041016,39.08056640625,3713065
2011-08-04,28.67269325256348,36.982418060302734,39.04034805297852,36.9019775390625,38.83924865722656,4618283
2011-08-05,28.740249633789062,37.06956100463867,37.93429565429688,36.05065155029297,37.55220031738281,6129168
2011-08-08,26.30278587341309,33.92568588256836,36.40592956542969,33.91228103637695,35.715484619140625,4965572
2011-08-09,28.05422592163086,36.18471908569336,36.20482635498047,33.52348327636719,34.6429443359375,6713503
2011-08-10,26.8069076538086,34.57591247558594,36.137794494628906,34.44854736328125,35.22613906860352,5036581
2011-08-11,28.386838912963867,36.613731384277344,37.15670394897461,34.68986892700195,34.75690460205078,3166473
2011-08-12,28.61033058166504,36.9019775390625,37.19692611694336,36.46625900268555,36.88856887817383,2711030
2011-08-15,29.38469314575196,37.90077590942383,38.128692626953125,37.25725555419922,37.2773666381836,2563044
2011-08-16,28.61551856994629,36.9086799621582,37.58572006225586,36.58021545410156,37.24384689331055,2643452
2011-08-17,28.24652099609375,36.432743072509766,37.36450958251953,35.95680236816406,37.17011260986328,2236044
2011-08-18,26.474288940429688,34.14689636230469,35.38701629638672,33.73799133300781,35.38701629638672,4149563
2011-08-19,25.99615478515625,33.53018951416016,34.75690460205078,33.456451416015625,33.64414596557617,3369059
2011-08-22,26.53664970397949,34.22733688354492,34.602725982666016,33.89887237548828,34.51558303833008,3147528
2011-08-23,27.804763793945312,35.86295700073242,35.869659423828125,34.140193939208984,34.38821792602539,2592880
2011-08-24,28.40763282775879,36.64054489135742,36.70087432861328,35.56130599975586,35.80262756347656,2591836
2011-08-25,27.46176147460937,35.420536041259766,37.23714447021485,35.2730598449707,36.79472351074219,2246785
2011-08-26,28.267305374145508,36.45955657958984,36.720985412597656,34.51558303833008,35.21943283081055,2290793
2011-08-29,29.41994857788086,37.72649002075195,37.78681945800781,36.84835052490234,36.94889831542969,1779855
2011-08-30,29.921794891357425,38.37001037597656,38.65825653076172,37.18351745605469,37.57901763916016,2056731
2011-08-31,30.06815528869629,38.55770492553711,39.42243957519531,38.09517288208008,38.70518112182617,2046587
2011-09-01,29.56632423400879,37.9141845703125,39.14760208129883,37.6795654296875,38.63144302368164,2520827
2011-09-02,28.76130485534668,36.881866455078125,37.57901763916016,36.43944549560547,37.00252532958984,2459813
2011-09-06,28.1601505279541,36.11098098754883,36.21823501586914,35.23284149169922,35.614933013916016,3264633
2011-09-07,28.191505432128903,36.15119934082031,36.43944549560547,35.37361145019531,36.291969299316406,6002665
2011-09-08,27.70013236999512,35.52108383178711,36.56681060791016,35.35350036621094,36.0439453125,5348962
2011-09-09,27.010114669799805,34.6362419128418,35.42723846435547,34.28766632080078,35.13228988647461,3350560
2011-09-12,26.241674423217773,33.650848388671875,34.394920349121094,32.87996292114258,34.19382095336914,4958561
2011-09-13,26.764423370361328,34.32118606567383,34.723384857177734,33.54359436035156,33.79832458496094,3393375
2011-09-14,27.266260147094727,34.96470642089844,35.5009765625,33.73799133300781,34.59602355957031,4013064
2011-09-15,27.658321380615234,35.46746063232422,35.52108383178711,34.8708610534668,35.42723846435547,2388356
2011-09-16,27.36033821105957,35.08536529541016,35.929988861083984,34.783714294433594,35.68196487426758,2817395
2011-09-19,27.08851623535156,34.736793518066406,34.98481750488281,33.95249938964844,34.20722961425781,1896811
2011-09-20,26.555316925048828,34.05305099487305,35.19261932373047,34.006126403808594,34.75019836425781,2018541
2011-09-21,25.76076316833496,33.034141540527344,34.26755905151367,33.01403045654297,33.95920181274414,3439919
2011-09-22,24.08275604248047,30.882362365722656,32.06885528564453,30.446645736694336,31.94819641113281,5128923
2011-09-23,24.19252586364746,31.02313232421875,31.7672061920166,30.60082244873047,30.788515090942383,3943249
2011-09-26,25.31119728088379,32.4576530456543,32.53809356689453,30.553897857666016,31.391817092895508,3550460
2011-09-27,25.504610061645508,32.7056770324707,33.91228103637695,32.49116897583008,33.496673583984375,3557173
2011-09-28,24.500947952270508,31.418630599975582,33.06095504760742,31.358301162719727,32.63193893432617,4276514
2011-09-29,24.96095848083496,32.00852584838867,32.39061737060547,31.103574752807617,32.06885528564453,3484821
2011-09-30,24.35981178283692,31.23764038085937,31.61973190307617,30.848846435546875,30.91588020324707,4208936
2011-10-03,23.33523750305176,29.92378234863281,31.50577545166016,29.91707992553711,30.92928504943848,3948022
2011-10-04,24.81982040405273,31.82753562927246,31.901273727416992,29.25344657897949,29.48136138916016,3580296
2011-10-05,25.6143856048584,32.8464469909668,33.0006217956543,31.47896194458008,31.968307495117188,3297751
2011-10-06,26.471698760986328,33.945796966552734,33.99272155761719,32.68556594848633,32.75930404663086,2293627
2011-10-07,26.158035278320312,33.54359436035156,34.18711853027344,33.241943359375,34.140193939208984,2928235
2011-10-10,27.443986892700195,35.19261932373047,35.19932556152344,34.36140441894531,34.36140441894531,1766727
2011-10-11,27.60604476928711,35.40042495727539,35.55460357666016,34.80382537841797,34.931190490722656,2407302
2011-10-12,28.28038024902344,36.2651596069336,36.70758056640625,35.641746520996094,35.641746520996094,2428037
2011-10-13,27.705371856689453,35.52779006958008,35.86295700073242,34.917781829833984,35.836143493652344,2340022
2011-10-14,28.139236450195312,36.08416748046875,36.2651596069336,35.40042495727539,36.15119934082031,2769210
2011-10-17,27.072847366333008,34.71668243408203,36.070762634277344,34.435142517089844,35.84954833984375,2681791
2011-10-18,28.421506881713867,36.44614791870117,36.84835052490234,34.77030944824219,34.890968322753906,2378659
2011-10-19,27.60082054138184,35.39372253417969,36.70758056640625,35.22613906860352,36.47966384887695,2226347
2011-10-20,27.99286842346192,35.8964729309082,36.064056396484375,34.783714294433594,35.5009765625,3660107
2011-10-21,27.553773880004883,35.33338928222656,36.653953552246094,34.019535064697266,36.653953552246094,6296249
2011-10-24,28.092199325561523,36.02383804321289,36.22493743896485,35.19261932373047,35.30657958984375,3666521
2011-10-25,28.573108673095703,36.64054489135742,37.41143035888672,35.03844451904297,35.909881591796875,3912667
2011-10-26,29.09062767028809,37.304176330566406,37.666160583496094,36.17801284790039,37.09637451171875,3464981
2011-10-27,30.292938232421875,38.845951080322266,39.328590393066406,38.24264907836914,38.77221298217773,3413663
2011-10-28,30.669309616088867,39.328590393066406,39.47606658935547,38.58451843261719,38.65825653076172,2405511
2011-10-31,29.027904510498047,37.22373962402344,38.63144302368164,37.22373962402344,38.58451843261719,4156724
2011-11-01,28.3065128326416,36.298675537109375,37.00923156738281,35.380313873291016,35.735591888427734,3503469
2011-11-02,28.7508487701416,36.86846160888672,37.304176330566406,36.359004974365234,36.98912048339844,2385671
2011-11-03,29.859066009521484,38.2895736694336,38.37001037597656,36.82823944091797,37.23044204711914,2395218
2011-11-04,29.73883628845215,38.13539505004883,38.3096809387207,37.45835494995117,37.86055755615234,2061057
2011-11-07,29.32063865661621,37.59912490844727,38.23594665527344,36.80142593383789,38.14879989624024,2674034
2011-11-08,29.435636520385746,37.74660110473633,38.068359375,37.0494499206543,37.80022811889648,2334950
2011-11-09,28.1287899017334,36.070762634277344,36.84164810180664,35.70207595825195,36.84164810180664,3714110
2011-11-10,28.14968681335449,36.09757232666016,36.63384246826172,35.84954833984375,36.50647735595703,2493079
2011-11-11,29.41472816467285,37.71978759765625,37.9208869934082,36.71428298950195,36.75450134277344,1946786
2011-11-14,29.252685546875,37.51198196411133,38.07506561279297,37.25054931640625,37.57901763916016,1637538
2011-11-15,29.47223472595215,37.79352188110352,38.03484344482422,37.16340637207031,37.2840690612793,1545494
2011-11-16,28.85539627075196,37.00252532958984,37.73989486694336,36.94889831542969,37.290771484375,2540071
2011-11-17,27.930137634277344,35.81603240966797,37.05615234375,35.52108383178711,36.86846160888672,3231963
2011-11-18,27.76285171508789,35.601524353027344,36.30537796020508,35.54789733886719,36.23834609985352,2680896
2011-11-21,26.795785903930664,34.36140441894531,35.13899230957031,33.74469757080078,35.051849365234375,3765129
2011-11-22,27.114660263061523,34.77030944824219,34.86415481567383,34.08656692504883,34.40162658691406,2662696
2011-11-23,26.346229553222656,33.784915924072266,34.428436279296875,33.711177825927734,34.41503143310547,2260659
2011-11-25,26.273042678833008,33.691070556640625,34.274261474609375,33.61063003540039,33.67766189575195,757233
2011-11-28,27.35932159423828,34.86415481567383,35.17251205444336,34.47536087036133,34.502174377441406,1926945
2011-11-29,27.880104064941406,35.52779006958008,35.85625457763672,34.98481750488281,35.00492858886719,3026991
2011-11-30,28.91639709472656,36.84835052490234,37.64604949951172,35.81603240966797,36.96900939941406,9052331
2011-12-01,28.80592918395996,36.70758056640625,37.25725555419922,36.613731384277344,36.6673583984375,2775624
2011-12-02,29.39508628845215,37.45835494995117,37.86055755615234,37.17681503295898,37.21703338623047,3181690
2011-12-05,30.25253295898437,38.551002502441406,38.71858596801758,37.666160583496094,38.09517288208008,3604463
2011-12-06,30.289363861083984,38.59792709350586,38.93979644775391,38.19572448730469,38.43704605102539,2732363
2011-12-07,30.62601661682129,39.02693939208984,39.20122909545898,37.94099807739258,38.34990310668945,3241660
2011-12-08,29.316181182861328,37.35780334472656,38.81243133544922,37.25054931640625,38.59792709350586,2475775
2011-12-09,30.08946418762207,38.34319686889648,38.517486572265625,37.36450958251953,37.659454345703125,2079854
2011-12-12,29.368783950805664,37.42483901977539,37.9141845703125,36.942195892333984,37.84714889526367,1947979
2011-12-13,29.210983276367188,37.22373962402344,38.09517288208008,36.821537017822266,37.78681945800781,2522020
2011-12-14,28.98478507995605,36.93549346923828,37.116485595703125,36.647247314453125,36.9086799621582,2133707
2011-12-15,29.43718147277832,37.51198196411133,37.59242248535156,36.99582290649414,37.45835494995117,2606008
2011-12-16,29.53186416625977,37.63264465332031,38.48397064208984,37.4382438659668,37.81363296508789,4124650
2011-12-19,29.021604537963867,36.982418060302734,38.04154586791992,36.87516403198242,37.76000595092773,1491193
2011-12-20,30.45769119262696,38.81243133544922,38.95320510864258,37.76670837402344,37.80022811889648,1676324
2011-12-21,30.23675346374512,38.53089141845703,39.16770935058594,37.92758941650391,38.80572891235352,2751607
2011-12-22,30.29461669921875,38.60462951660156,38.89957809448242,38.46385955810547,38.77221298217773,1850864
2011-12-23,30.89956283569336,39.37551498413086,39.395626068115234,38.77891540527344,38.85935592651367,1251313
2011-12-27,30.994251251220703,39.49617767333984,39.73079299926758,39.13419342041016,39.140899658203125,1265784
2011-12-28,30.305137634277344,38.61803436279297,39.5498046875,38.58451843261719,39.34199905395508,1205515
2011-12-29,30.73121833801269,39.16100692749024,39.27496337890625,38.73869705200195,38.81913757324219,1521477
2011-12-30,30.53658676147461,38.91298294067383,39.48276901245117,38.91298294067383,39.21463394165039,1026948
2012-01-03,31.083683013916016,39.61013412475586,40.13299560546875,39.57661437988281,39.93189239501953,2064041
2012-01-04,30.59971237182617,38.99342346191406,39.45595550537109,38.59122467041016,39.3218879699707,3014013
2012-01-05,30.868003845214844,39.335296630859375,39.38221740722656,38.08176803588867,38.49737548828125,2120132
2012-01-06,30.331449508666992,38.651554107666016,39.25485610961914,38.55770492553711,39.20122909545898,2021972
2012-01-09,30.226232528686523,38.517486572265625,38.83924865722656,38.34319686889648,38.83924865722656,2068516
2012-01-10,31.131010055541992,39.67046356201172,39.73079299926758,38.966609954833984,39.067161560058594,2993724
2012-01-11,31.06263542175293,39.58332061767578,39.858158111572266,39.395626068115234,39.49617767333984,1567125
2012-01-12,31.520301818847656,40.16651153564453,40.28717041015625,39.49617767333984,39.7039794921875,2270206
2012-01-13,31.678112030029297,40.36761093139648,40.43464660644531,39.36211013793945,39.77771759033203,1765981
2012-01-17,31.69386863708496,40.38772201538086,41.07816696166992,40.347503662109375,40.890472412109375,1508796
2012-01-18,31.87800407409668,40.62234115600586,40.99772644042969,40.14640045166016,40.41453552246094,2234254
2012-01-19,32.009498596191406,40.78992462158203,40.91728591918945,40.4748649597168,40.810035705566406,1796712
2012-01-20,31.20991897583008,39.77101135253906,40.68267059326172,39.4693603515625,40.68267059326172,3139025
2012-01-23,31.520301818847656,40.16651153564453,40.246952056884766,39.51628494262695,39.650352478027344,1986318
2012-01-24,31.809606552124023,40.535194396972656,41.024539947509766,39.62353897094727,39.75090408325195,2652104
2012-01-25,32.014766693115234,40.79662704467773,41.56081008911133,40.19332504272461,41.36641311645508,2874530
2012-01-26,33.10366439819336,42.18422317504883,42.371917724609375,41.68817138671875,41.82223892211914,3348024
2012-01-27,33.503456115722656,42.69367599487305,42.86796569824219,41.91608810424805,42.05685806274414,2500389
2012-01-30,33.26673889160156,42.39202499389648,42.53279495239258,41.8691635131836,42.425540924072266,1459866
2012-01-31,33.35617446899414,42.5059814453125,42.8880729675293,42.1238899230957,42.68027114868164,2558718
2012-02-01,33.89273834228516,43.18972396850586,43.444454193115234,42.599830627441406,43.03554916381836,2188158
2012-02-02,33.940067291259766,43.25005340576172,43.40423202514648,43.08917617797852,43.29027557373047,1260563
2012-02-03,34.52397155761719,43.9941291809082,44.18182373046875,43.68577194213867,43.68577194213867,1735399
2012-02-06,34.22412109375,43.612037658691406,43.84665298461914,43.48467254638672,43.658958435058594,1265038
2012-02-07,34.134700775146484,43.498077392578125,43.571815490722656,43.05565643310547,43.3707160949707,1036943
2012-02-08,34.28726577758789,43.69247817993164,43.81313705444336,43.35730743408203,43.63214874267578,1307852
2012-02-09,34.39247131347656,43.82654571533203,43.9002799987793,43.52489471435547,43.83324813842773,1082890
2012-02-10,33.934818267822266,43.243350982666016,43.32379150390625,42.84785461425781,43.29027557373047,751116
2012-02-13,34.739654541015625,44.26896667480469,44.26896667480469,43.498077392578125,43.69247817993164,1560711
2012-02-14,34.71861267089844,44.24215316772461,44.32929611206055,43.87346649169922,44.22204208374024,1411084
2012-02-15,34.52397155761719,43.9941291809082,44.59743118286133,43.7461051940918,44.57732009887695,1759566
2012-02-16,35.03949737548828,44.65105819702149,44.78512573242188,43.9002799987793,44.10808563232422,1465087
2012-02-17,34.76594924926758,44.30248260498047,45.04655456542969,44.00083160400391,44.92589569091797,1325455
2012-02-21,34.99214553833008,44.590728759765625,44.73820114135742,44.01423645019531,44.49687957763672,1629930
2012-02-22,34.62392807006836,44.121490478515625,44.72479248046875,44.04775619506836,44.04775619506836,1191642
2012-02-23,34.49767303466797,43.96060943603516,44.02094268798828,43.53159713745117,43.967315673828125,1151513
2012-02-24,34.54502487182617,44.02094268798828,44.449954986572266,43.86676406860352,44.05445861816406,1244302
2012-02-27,34.36265563964844,43.578521728515625,43.8935775756836,43.1360969543457,43.5181884765625,1706309
2012-02-28,34.15122604370117,43.31038665771485,43.69247817993164,42.99532699584961,43.65225601196289,1598602
2012-02-29,33.839378356933594,42.914886474609375,43.46456146240234,42.70037841796875,43.33049774169922,1528040
2012-03-01,33.855228424072266,42.93499755859375,43.50478363037109,42.69367599487305,43.015438079833984,1600989
2012-03-02,33.44822311401367,42.41883850097656,42.78752517700195,42.29817962646485,42.754005432128906,1722421
2012-03-05,33.53277587890625,42.52609252929688,42.61994171142578,41.89597702026367,42.37862014770508,2176223
2012-03-06,32.11094284057617,40.7228889465332,41.9630126953125,40.66926193237305,41.9630126953125,2607500
2012-03-07,32.449214935302734,41.15190505981445,41.29267501831055,40.65585708618164,40.65585708618164,3781986
2012-03-08,32.951358795166016,41.78872299194336,41.942901611328125,41.29267501831055,41.42674255371094,1685275
2012-03-09,33.37422180175781,42.32499313354492,42.4992790222168,41.782020568847656,41.8691635131836,2535745
2012-03-12,33.34779357910156,42.29147338867188,42.45906066894531,42.097076416015625,42.231143951416016,1572197
2012-03-13,34.140655517578125,43.29697799682617,43.30368041992188,42.586421966552734,42.586421966552734,1446440
2012-03-14,33.791805267333984,42.85455703735352,43.270164489746094,42.67356872558594,43.17631912231445,1533709
2012-03-15,33.918670654296875,43.015438079833984,43.08246994018555,42.55290603637695,42.94169998168945,1403327
2012-03-16,33.902801513671875,42.99532699584961,43.16961669921875,42.914886474609375,43.109283447265625,1648428
2012-03-19,33.93980407714844,43.04225158691406,43.270164489746094,42.754005432128906,42.955108642578125,1359021
2012-03-20,33.42178726196289,42.38532257080078,42.85455703735352,42.31158447265625,42.68027114868164,2039575
2012-03-21,33.09937286376953,41.97641754150391,42.34510040283203,41.64795303344727,42.34510040283203,2003922
2012-03-22,32.57606887817383,41.31278610229492,41.61443710327149,40.74300003051758,41.547401428222656,1834902
2012-03-23,33.051795959472656,41.91608810424805,41.942901611328125,41.31948852539063,41.359710693359375,3394419
2012-03-26,33.52752685546875,42.51939010620117,42.54620361328125,42.231143951416016,42.39872741699219,2254244
2012-03-27,33.289649963378906,42.21773910522461,42.66686248779297,42.097076416015625,42.646751403808594,2555287
2012-03-28,32.54436492919922,41.27256393432617,42.5059814453125,41.15860748291016,42.32499313354492,3581340
2012-03-29,32.88793182373047,41.708282470703125,41.76861572265625,40.89717864990234,41.01113510131836,3056081
2012-03-30,33.26850509643555,42.19092559814453,42.231143951416016,41.76190948486328,41.91608810424805,3011327
2012-04-02,33.84994125366211,42.92829513549805,43.14280319213867,41.8691635131836,42.103782653808594,2238431
2012-04-03,33.50638198852539,42.49257659912109,43.015438079833984,42.21773910522461,42.92159271240234,1899645
2012-04-04,33.305511474609375,42.23784637451172,42.31158447265625,41.92949295043945,41.94960403442383,1736145
2012-04-05,32.449214935302734,41.15190505981445,42.02334213256836,41.084869384765625,42.02334213256836,5471438
2012-04-09,32.14264678955078,40.76311111450195,40.9508056640625,40.42794036865234,40.46816253662109,2118789
2012-04-10,31.677509307861328,40.17321395874024,40.78321838378906,40.02574157714844,40.58211898803711,3766173
2012-04-11,31.79378700256348,40.3206901550293,40.74300003051758,40.22013854980469,40.68937301635742,2014513
2012-04-12,32.1690788269043,40.79662704467773,40.890472412109375,40.38101959228516,40.38101959228516,2999691
2012-04-13,32.20079040527344,40.83684539794922,41.43344497680664,40.73629760742188,41.353004455566406,4008291
2012-04-16,32.24307632446289,40.890472412109375,41.28597259521485,40.7228889465332,41.091575622558594,2533209
2012-04-17,32.99893951416016,41.84905242919922,42.103782653808594,41.15860748291016,41.56081008911133,3848072
2012-04-18,32.26422119140625,40.91728591918945,42.29817962646485,40.7094841003418,41.9630126953125,3878803
2012-04-19,31.651079177856445,40.13969802856445,40.991024017333984,39.83804702758789,40.94409942626953,2685222
2012-04-20,31.777921676635746,40.30057907104492,40.58882141113281,40.05925750732422,40.29387664794922,2681493
2012-04-23,31.878353118896484,40.42794036865234,40.46816253662109,39.57661437988281,39.717384338378906,2765629
2012-04-24,32.17436218261719,40.80332946777344,40.99772644042969,40.4815673828125,40.562007904052734,2401931
2012-04-25,32.512638092041016,41.23234558105469,41.56081008911133,41.03794860839844,41.420040130615234,2031520
2012-04-26,32.93551254272461,41.76861572265625,41.92949295043945,40.810035705566406,41.16530990600586,1815956
2012-04-27,33.56450271606445,42.566314697265625,42.686973571777344,41.81553649902344,41.84905242919922,2715207
2012-04-30,33.12051773071289,42.003231048583984,42.5059814453125,41.68817138671875,42.425540924072266,1746588
2012-05-01,33.1522216796875,42.04344940185547,42.39872741699219,41.47366714477539,41.92279052734375,1938134
2012-05-02,32.861507415771484,41.674766540527344,42.02334213256836,41.50718307495117,41.92279052734375,2519633
2012-05-03,32.391075134277344,41.07816696166992,41.76190948486328,40.81673812866211,41.64795303344727,1758373
2012-05-04,31.730356216430664,40.24024963378906,40.9508056640625,39.90507888793945,40.9508056640625,1746140
2012-05-07,31.191205978393555,39.5565071105957,40.22684097290039,39.51628494262695,40.11958694458008,2868414
2012-05-08,31.03792381286621,39.36211013793945,39.43584442138672,38.79232406616211,39.24144744873047,4402421
2012-05-09,30.81063461303711,39.0738639831543,39.61013412475586,38.70518112182617,38.866058349609375,4250856
2012-05-10,31.138357162475582,39.48947143554688,40.15980911254883,39.42243957519531,39.4626579284668,2477714
2012-05-11,31.080211639404297,39.41573333740234,39.88497161865234,39.19452667236328,39.221336364746094,2135945
2012-05-14,30.83706855773925,39.10737991333008,39.429141998291016,38.517486572265625,38.845951080322266,1790148
2012-05-15,30.260910034179688,38.37671661376953,39.067161560058594,38.2895736694336,39.067161560058594,2574830
2012-05-16,30.075904846191406,38.14209747314453,38.64484786987305,38.04154586791992,38.58451843261719,1764042
2012-05-17,29.11390686035156,36.92208862304688,38.17561340332031,36.92208862304688,38.13539505004883,2481742
2012-05-18,29.108623504638672,36.91538238525391,37.5320930480957,36.78131484985352,37.22373962402344,1977218
2012-05-21,30.223913192749023,38.32979202270508,38.383419036865234,37.09637451171875,37.09637451171875,2809936
2012-05-22,30.01777458190918,38.068359375,38.510780334472656,37.82704162597656,38.39682388305664,2257526
2012-05-23,30.54105758666992,38.73199462890625,38.77891540527344,37.4382438659668,37.68627166748047,1967522
2012-05-24,30.78950309753418,39.04705047607422,39.04705047607422,38.39012145996094,38.99342346191406,1804768
2012-05-25,30.54105758666992,38.73199462890625,39.315185546875,38.57111358642578,39.067161560058594,1409145
2012-05-29,31.117712020874023,39.24815368652344,39.53639602661133,38.64484786987305,38.745399475097656,1914563
2012-05-30,30.62875938415528,38.63144302368164,38.81913757324219,38.2895736694336,38.75880813598633,1916801
2012-05-31,30.06007957458496,37.9141845703125,38.58451843261719,37.02263641357422,38.53759765625,3831961
2012-06-01,29.060909271240234,36.653953552246094,37.076263427734375,36.47296142578125,36.81483459472656,4326489
2012-06-04,28.48161697387696,35.92328643798828,36.761207580566406,35.62163543701172,36.57351303100586,3761101
2012-06-05,28.943992614746094,36.50647735595703,36.59362030029297,35.601524353027344,35.749000549316406,2506356
2012-06-06,29.6242733001709,37.36450958251953,37.39802551269531,36.78802108764648,36.88856887817383,1892634
2012-06-07,29.990997314453125,37.82704162597656,38.47726440429688,37.63264465332031,37.93429565429688,3484821
2012-06-08,30.123863220214844,37.994625091552734,38.10187911987305,37.505279541015625,37.76670837402344,1572347
2012-06-11,29.59238815307617,37.32428741455078,38.49067306518555,37.25725555419922,38.49067306518555,1558175
2012-06-12,29.916582107543945,37.733192443847656,37.73989486694336,36.881866455078125,37.46505737304688,1561307
2012-06-13,29.385103225708008,37.06285858154297,37.64604949951172,36.92208862304688,37.54549789428711,1647682
2012-06-14,29.230987548828125,36.86846160888672,37.12989044189453,36.493072509765625,37.0494499206543,2604367
2012-06-15,29.395734786987305,37.076263427734375,37.23044204711914,36.85505294799805,37.042747497558594,3036837
2012-06-18,29.587060928344727,37.31758499145508,37.37791442871094,36.493072509765625,36.86175537109375,1314565
2012-06-19,29.831546783447266,37.625938415527344,37.90747833251953,37.41813659667969,37.41813659667969,1484331
2012-06-20,29.82090187072754,37.61253356933594,37.92758941650391,37.27066040039063,37.6728630065918,2191141
2012-06-21,28.922740936279297,36.47966384887695,37.78011703491211,36.392520904541016,37.525390625,1862798
2012-06-22,28.470977783203125,35.909881591796875,36.70087432861328,35.795921325683594,36.647247314453125,5919124
2012-06-25,27.806644439697266,35.07196044921875,35.52779006958008,34.91107940673828,35.447349548339844,2449519
2012-06-26,27.562150955200195,34.763607025146484,35.10547637939453,34.35470199584961,35.10547637939453,2701632
2012-06-27,27.55153083801269,34.75019836425781,34.99822235107422,34.32788848876953,34.80382537841797,3021621
2012-06-28,27.40803909301757,34.569210052490234,34.79042053222656,34.1066780090332,34.42173385620117,2934202
2012-06-29,28.492246627807617,35.93669509887695,35.943397521972656,35.38701629638672,35.38701629638672,2919881
2012-07-02,28.263710021972656,35.6484489440918,36.21823501586914,35.41383361816406,36.137794494628906,1980650
2012-07-03,28.821762084960938,36.35230255126953,36.35230255126953,35.52108383178711,35.62833786010742,1187614
2012-07-05,28.71545791625977,36.21823501586914,36.526588439941406,36.00372695922852,36.24504852294922,1196863
2012-07-06,27.870410919189453,35.152400970458984,35.82944107055664,35.018333435058594,35.809329986572266,1693480
2012-07-09,27.838529586791992,35.1121826171875,35.15910339355469,34.44854736328125,34.81053161621094,2876768
2012-07-10,27.524961471557617,34.71668243408203,35.480865478515625,34.468658447265625,35.212730407714844,2955684
2012-07-11,27.1369857788086,34.22733688354492,34.736793518066406,33.885467529296875,34.71668243408203,3393971
2012-07-12,27.23796844482422,34.35470199584961,34.51558303833008,33.771507263183594,34.019535064697266,2791437
2012-07-13,27.976709365844727,35.286468505859375,35.360206604003906,34.40162658691406,34.468658447265625,2318838
2012-07-16,27.21139144897461,34.32118606567383,35.14569854736328,34.274261474609375,35.092071533203125,2160709
2012-07-17,27.4133415222168,34.57591247558594,34.75019836425781,34.039642333984375,34.47536087036133,3864482
2012-07-18,27.91824722290039,35.212730407714844,36.02383804321289,33.69777297973633,34.368106842041016,3752896
2012-07-19,28.683565139770508,36.17801284790039,36.40592956542969,35.40042495727539,35.53449249267578,4796403
2012-07-20,28.39125633239746,35.809329986572266,36.064056396484375,35.52779006958008,35.869659423828125,2691040
2012-07-23,27.758808135986328,35.01163101196289,35.33338928222656,34.528987884521484,35.0250358581543,2237685
2012-07-24,27.105098724365234,34.18711853027344,35.058555603027344,33.93909454345703,35.0250358581543,2910930
2012-07-25,27.07320785522461,34.14689636230469,34.40162658691406,33.83184051513672,34.30777740478516,2942556
2012-07-26,27.67377281188965,34.90437698364258,35.31998443603516,34.52228546142578,34.70998001098633,2367023
2012-07-27,28.784557342529297,36.30537796020508,36.54669952392578,35.13228988647461,35.19261932373047,2579902
2012-07-30,28.87489318847656,36.41933441162109,36.89527130126953,36.24504852294922,36.33219146728516,2380300
2012-07-31,28.949296951293945,36.51318359375,36.91538238525391,36.22493743896485,36.33889389038086,2884078
2012-08-01,28.67293167114257,36.16460800170898,36.92879104614258,36.14449691772461,36.70758056640625,1694226
2012-08-02,28.470977783203125,35.909881591796875,36.278564453125,35.252952575683594,35.92328643798828,1856383
2012-08-03,28.997133255004883,36.57351303100586,36.80142593383789,36.25845336914063,36.58021545410156,1375132
2012-08-06,29.257553100585938,36.9019775390625,37.24384689331055,36.73439407348633,36.8081283569336,1757478
2012-08-07,29.7624626159668,37.538795471191406,37.78011703491211,37.10977935791016,37.16340637207031,2086716
2012-08-08,30.04413795471192,37.894073486328125,37.9208869934082,37.2974739074707,37.54549789428711,1450020
2012-08-09,30.15042495727539,38.02814102172852,38.162208557128906,37.80693054199219,37.90747833251953,2131022
2012-08-10,30.48526763916016,38.4504508972168,38.53089141845703,37.87396240234375,37.87396240234375,1764788
2012-08-13,30.29391860961914,38.209129333496094,38.41023254394531,37.82704162597656,38.28286743164063,1502978
2012-08-14,30.28861427307129,38.20242691040039,38.57111358642578,38.02814102172852,38.4571533203125,1562202
2012-08-15,30.309864044189453,38.22924041748047,38.2962760925293,37.97451400756836,38.04825210571289,1946189
2012-08-16,30.926380157470703,39.006832122802734,39.13419342041016,38.068359375,38.26946258544922,1498354
2012-08-17,30.990158081054688,39.08727264404297,39.174415588378906,38.906280517578125,39.01353454589844,1440025
2012-08-20,30.719118118286133,38.745399475097656,39.04034805297852,38.551002502441406,38.9330940246582,1429135
2012-08-21,30.543716430664062,38.52418899536133,39.11408233642578,38.43034362792969,38.88616943359375,2639722
2012-08-22,30.564990997314453,38.551002502441406,38.6917724609375,38.19572448730469,38.34319686889648,2199495
2012-08-23,30.703155517578125,38.72528839111328,38.88616943359375,38.25605392456055,38.42363739013672,1864439
2012-08-24,30.73504638671875,38.76551055908203,39.000125885009766,38.323089599609375,38.59122467041016,1438981
2012-08-27,30.69783973693848,38.71858596801758,39.02023696899414,38.638145446777344,38.8325424194336,1453153
2012-08-28,30.69783973693848,38.71858596801758,38.83924865722656,38.4571533203125,38.5443000793457,1835946
2012-08-29,30.7727108001709,38.57781600952149,38.845951080322266,38.34990310668945,38.6917724609375,1446141
2012-08-30,30.665756225585938,38.44374847412109,38.551002502441406,38.209129333496094,38.222537994384766,1796712
2012-08-31,30.9117374420166,38.75210189819336,38.91298294067383,38.40353012084961,38.73199462890625,1843852
2012-09-04,30.917081832885746,38.75880813598633,38.98672103881836,38.36330795288086,38.66495895385742,1783882
2012-09-05,30.45722770690918,38.18231964111328,38.866058349609375,38.02814102172852,38.80572891235352,3782881
2012-09-06,30.852922439575195,38.678367614746094,38.75210189819336,38.18231964111328,38.49737548828125,3169755
2012-09-07,31.435752868652344,39.40903091430664,39.683868408203125,38.87276458740234,38.87276458740234,1708398
2012-09-10,31.44109344482422,39.41573333740234,39.83134460449219,39.36881256103516,39.83134460449219,1877865
2012-09-11,31.55340576171875,39.5565071105957,39.74420166015625,39.38221740722656,39.51628494262695,1386320
2012-09-12,31.39297103881836,39.35540390014648,39.78442001342773,39.29507446289063,39.73749542236328,2443254
2012-09-13,31.9704647064209,40.079368591308594,40.28046798706055,39.08056640625,39.5498046875,1952306
2012-09-14,32.959686279296875,41.31948852539063,41.31948852539063,40.05925750732422,40.05925750732422,3189298
2012-09-17,32.296634674072266,40.48827362060547,41.16530990600586,40.29387664794922,41.16530990600586,2335696
2012-09-18,32.40357971191406,40.62234115600586,40.62904357910156,39.9453010559082,40.153106689453125,2501433
2012-09-19,32.392879486083984,40.60893249511719,41.13179397583008,40.43464660644531,40.769813537597656,2923908
2012-09-20,32.63351058959961,40.91058349609375,40.94409942626953,40.06595993041992,40.41453552246094,2243354
2012-09-21,32.638851165771484,40.91728591918945,41.21223449707031,40.68937301635742,41.10498046875,2566326
2012-09-24,32.146915435791016,40.30057907104492,40.39442443847656,39.98551940917969,40.327392578125,2629131
2012-09-25,31.612201690673828,39.63024139404297,40.35420608520508,39.60342788696289,40.35420608520508,2541712
2012-09-26,31.478530883789062,39.4626579284668,39.72409057617188,38.95990753173828,39.663761138916016,2169958
2012-09-27,31.922340393066406,40.019039154052734,40.20002746582031,39.44925308227539,39.690574645996094,1908745
2012-09-28,31.810056686401367,39.878265380859375,40.112884521484375,39.3218879699707,39.77101135253906,2513069
2012-10-01,31.84212112426757,39.918487548828125,40.43464660644531,39.65705490112305,39.90507888793945,1853847
2012-10-02,31.26464462280273,39.19452667236328,40.10618209838867,38.98672103881836,40.06595993041992,3276866
2012-10-03,31.22187232971192,39.140899658203125,39.34870147705078,38.83924865722656,39.24815368652344,2163991
2012-10-04,31.66033363342285,39.690574645996094,39.80453109741211,39.18111801147461,39.44255065917969,2503671
2012-10-05,31.45714569091797,39.43584442138672,40.13299560546875,39.234745025634766,39.9453010559082,1976473
2012-10-08,30.997276306152344,38.85935592651367,39.48947143554688,38.32979202270508,38.32979202270508,2982685
2012-10-09,30.15243148803711,37.80022811889648,38.980018615722656,37.6795654296875,38.845951080322266,7423893
2012-10-10,29.526840209960938,37.01593399047852,37.78011703491211,36.80142593383789,37.59242248535156,5684317
2012-10-11,29.542869567871094,37.03604507446289,37.639347076416016,37.02263641357422,37.404727935791016,2137437
2012-10-12,29.585643768310547,37.08967208862305,37.371212005615234,36.81483459472656,36.89527130126953,2003176
2012-10-15,30.00270271301269,37.61253356933594,37.666160583496094,37.02934265136719,37.12989044189453,2875724
2012-10-16,30.574859619140625,38.32979202270508,38.42363739013672,37.32428741455078,37.32428741455078,2494124
2012-10-17,29.94924736022949,37.54549789428711,39.12749099731445,37.310882568359375,37.666160583496094,5474720
2012-10-18,30.98124122619629,38.83924865722656,38.9330940246582,37.33769607543945,38.19572448730469,4126888
2012-10-19,31.05610656738281,38.9330940246582,38.98672103881836,38.00132751464844,38.47726440429688,4569800
2012-10-22,30.815479278564453,38.63144302368164,39.234745025634766,38.26946258544922,38.73199462890625,2223215
2012-10-23,30.564165115356445,38.316383361816406,38.4504508972168,37.76670837402344,38.01473236083984,2123414
2012-10-24,30.75667190551757,38.55770492553711,38.785621643066406,38.22924041748047,38.57111358642578,2810234
2012-10-25,31.11492156982422,39.006832122802734,39.03364562988281,38.5443000793457,38.77221298217773,2080450
2012-10-26,30.890344619750977,38.72528839111328,39.006832122802734,38.383419036865234,38.966609954833984,1563545
2012-10-31,31.130952835083008,39.02693939208984,39.61013412475586,38.77221298217773,38.80572891235352,1640074
2012-11-01,31.84212112426757,39.918487548828125,39.918487548828125,39.04034805297852,39.08727264404297,1569512
2012-11-02,31.32347297668457,39.26826095581055,40.27376556396485,39.24144744873047,40.27376556396485,1767324
2012-11-05,32.521236419677734,40.769813537597656,41.14520263671875,39.98551940917969,40.31398391723633,2956429
2012-11-06,32.965030670166016,41.32619094848633,41.714988708496094,41.004432678222656,41.23234558105469,2593477
2012-11-07,32.16829299926758,40.327392578125,41.01783752441406,39.797828674316406,40.79662704467773,2573039
2012-11-08,31.87420654296875,39.95870590209961,40.38101959228516,39.85145568847656,40.26706314086914,1723913
2012-11-09,32.3287239074707,40.52849197387695,41.43344497680664,39.67046356201172,39.95200347900391,3381142
2012-11-12,32.31268310546875,40.50838470458984,40.68937301635742,40.25365447998047,40.44805145263672,1900690
2012-11-13,32.4837760925293,40.7228889465332,41.547401428222656,40.05925750732422,40.39442443847656,3449764
2012-11-14,32.40357971191406,40.62234115600586,41.4937744140625,40.541900634765625,40.91728591918945,4479547
2012-11-15,32.457054138183594,40.68937301635742,40.991024017333984,40.3206901550293,40.55530548095703,2603024
2012-11-16,32.922245025634766,41.27256393432617,41.353004455566406,40.407833099365234,40.78992462158203,2995663
2012-11-19,33.67619323730469,42.21773910522461,42.25125503540039,41.41333770751953,41.41333770751953,2439077
2012-11-20,33.751060485839844,42.31158447265625,42.4992790222168,41.98311996459961,42.21773910522461,1466430
2012-11-21,33.751060485839844,42.31158447265625,42.55290603637695,42.211036682128906,42.3585090637207,899251
2012-11-23,34.157440185546875,42.82104110717773,42.83444595336914,42.33169555664063,42.51268768310547,412182
2012-11-26,34.05050277709961,42.686973571777344,42.8813705444336,42.41883850097656,42.646751403808594,1193730
2012-11-27,33.52113342285156,42.02334213256836,42.87466812133789,41.98311996459961,42.61323547363281,2340619
2012-11-28,34.031959533691406,42.425540924072266,42.61994171142578,41.76861572265625,41.76861572265625,1580552
2012-11-29,34.41911697387695,42.90818405151367,42.98862457275391,42.19762802124024,42.566314697265625,1738681
2012-11-30,34.19327163696289,42.62664413452149,43.04225158691406,42.53279495239258,42.92159271240234,3270600
2012-12-03,33.90828323364258,42.271366119384766,43.06906509399414,42.26466369628906,42.955108642578125,1181199
2012-12-04,34.08571243286133,42.49257659912109,42.61323547363281,42.17751693725586,42.17751693725586,1151214
2012-12-05,34.144866943359375,42.566314697265625,42.82774353027344,42.04344940185547,42.45906066894531,1320383
2012-12-06,34.10723876953125,42.51939010620117,42.63334655761719,42.23784637451172,42.38532257080078,1110488
2012-12-07,34.2685546875,42.720489501953125,42.76741409301758,42.45906066894531,42.76741409301758,1268171
2012-12-10,34.30082321166992,42.76071166992188,43.115989685058594,42.21773910522461,42.68027114868164,4217290
2012-12-11,34.35458755493164,42.82774353027344,43.60533142089844,42.66016006469727,43.223243713378906,2375377
2012-12-12,34.505157470703125,43.015438079833984,43.39752960205078,42.61994171142578,43.03554916381836,2503820
2012-12-13,34.462135314941406,42.96181106567383,43.29027557373047,42.85455703735352,42.94840240478516,1969461
2012-12-14,34.33308029174805,42.80093002319336,43.149505615234375,42.754005432128906,42.894775390625,2134453
2012-12-17,34.54817199707031,43.06906509399414,43.29027557373047,42.77411651611328,42.84115219116211,2574830
2012-12-18,35.134273529052734,43.79973220825195,43.83995056152344,42.83444595336914,43.06236267089844,2144299
2012-12-19,34.90843200683594,43.5181884765625,43.9874267578125,43.5114860534668,43.94050216674805,1539527
2012-12-20,34.790130615234375,43.3707160949707,43.63214874267578,43.18302154541016,43.571815490722656,1925006
2012-12-21,34.704105377197266,43.26346206665039,43.33049774169922,42.76071166992188,42.794227600097656,3069955
2012-12-24,34.88154983520508,43.48467254638672,43.67906951904297,43.03554916381836,43.03554916381836,790052
2012-12-26,34.94607925415039,43.56511306762695,43.73939895629883,43.29027557373047,43.48467254638672,1503873
2012-12-27,35.026737213134766,43.66566467285156,43.71258544921875,43.18302154541016,43.59192657470703,1558175
2012-12-28,34.83315658569336,43.42434310913086,43.72599411010742,43.29697799682617,43.35060501098633,1319041
2012-12-31,35.3332405090332,44.04775619506836,44.10808563232422,43.09587860107422,43.23664855957031,1092139
2013-01-02,36.15592956542969,45.073368072509766,45.20073318481445,44.7650146484375,44.89237976074219,2029431
2013-01-03,36.09677505493164,44.999629974365234,45.52919769287109,44.85886001586914,45.09347915649414,1274735
2013-01-04,36.18817138671875,45.11358642578125,45.38172149658203,44.96611404418945,45.18732452392578,1123169
2013-01-07,35.95160675048828,44.818641662597656,45.08677673339844,44.69797897338867,44.9124870300293,943408
2013-01-08,35.88707733154297,44.73820114135742,45.42864608764648,44.65105819702149,45.24095153808594,2040769
2013-01-09,36.15055465698242,45.06666564941406,45.15380859375,44.45665740966797,44.82534408569336,1621427
2013-01-10,36.24734878540039,45.18732452392578,45.42864608764648,44.92589569091797,45.36161422729492,1571302
2013-01-11,36.06451797485352,44.95941162109375,45.173919677734375,44.9057846069336,45.09347915649414,1024561
2013-01-14,35.81177520751953,44.64435195922852,44.99292755126953,44.42984771728516,44.83875274658203,1793281
2013-01-15,35.817176818847656,44.65105819702149,44.89908218383789,44.40303421020508,44.40973663330078,1912624
2013-01-16,35.967735290527344,44.83875274658203,44.89237976074219,44.39632797241211,44.59743118286133,1224014
2013-01-17,36.69364547729492,45.74370574951172,45.94480514526367,45.039852142333984,45.039852142333984,1701536
2013-01-18,36.58071899414063,45.60293197631836,45.951507568359375,44.99292755126953,45.87776947021485,2779056
2013-01-22,36.69364547729492,45.74370574951172,45.85095977783203,45.35490798950195,45.636451721191406,1539676
2013-01-23,36.650634765625,45.69007873535156,45.89117813110352,45.40853500366211,45.61634063720703,1635300
2013-01-24,36.05913162231445,44.95270919799805,45.74370574951172,43.83995056152344,45.716888427734375,3913114
2013-01-25,35.9085807800293,44.7650146484375,45.28117370605469,44.59743118286133,45.10018157958984,2703123
2013-01-28,36.3172492980957,45.27446746826172,45.388427734375,44.818641662597656,44.89908218383789,2417744
2013-01-29,37.45182037353516,46.68887710571289,46.729095458984375,45.28117370605469,45.31468963623047,2412075
2013-01-30,37.1722297668457,46.34030151367188,46.735801696777344,46.24645614624024,46.72239303588867,1732565
2013-01-31,37.19909286499024,46.373817443847656,46.52129364013672,45.931396484375,46.32689666748047,2556481
2013-02-01,37.82284164428711,47.15140914916992,47.278770446777344,46.32689666748047,46.66876602172852,2070605
2013-02-04,37.60776901245117,46.88327407836914,47.10448455810547,46.635250091552734,46.635250091552734,2338232
2013-02-05,38.0755615234375,47.46646499633789,47.58042526245117,46.9301986694336,47.05756378173828,1867721
2013-02-06,38.34444046020508,47.8016357421875,47.84855651855469,47.21173858642578,47.21173858642578,1865931
2013-02-07,38.12395858764648,47.526798248291016,48.109989166259766,47.30558776855469,47.955810546875,1929780
2013-02-08,38.24762344360352,47.68097305297852,47.82844924926758,47.43965148925781,47.526798248291016,1374386
2013-02-11,38.209999084472656,47.63404846191406,47.96921920776367,47.60053253173828,47.660865783691406,1610387
2013-02-12,38.42508316040039,47.90218353271485,48.06306457519531,47.620643615722656,47.70108413696289,1673639
2013-02-13,38.505741119384766,48.00273513793945,48.15020751953125,47.748008728027344,47.90218353271485,1411681
2013-02-14,38.64018630981445,48.170318603515625,48.1904296875,47.78822708129883,47.91559219360352,1565186
2013-02-15,39.01657485961914,48.63955307006836,48.8138427734375,48.17702102661133,48.203834533691406,2304517
2013-02-19,39.17788696289063,48.84065628051758,49.10208511352539,48.48537826538086,48.80043411254883,1613073
2013-02-20,38.83374786376953,48.41164016723633,49.02164459228516,48.37142181396485,48.91439056396485,2631965
2013-02-21,38.5111198425293,48.00943756103516,48.290977478027344,47.79492950439453,48.16361618041992,2323165
2013-02-22,39.31769943237305,49.01494216918945,49.23615264892578,48.1971321105957,48.21724319458008,3708739
2013-02-25,38.39281845092773,47.86196517944336,49.36351776123047,47.84855651855469,49.222747802734375,2748772
2013-02-26,39.04126739501953,48.4317512512207,48.67977523803711,47.68097305297852,47.93569946289063,1927542
2013-02-27,39.78155899047852,49.3501091003418,49.50428771972656,48.290977478027344,48.50548553466797,1562650
2013-02-28,39.63565826416016,49.16912078857422,49.5981330871582,49.048458099365234,49.316593170166016,1897259
2013-03-01,39.42491149902344,48.90768814086914,49.216041564941406,48.21724319458008,48.86076354980469,1999894
2013-03-04,39.106101989746094,48.51219177246094,48.760215759277344,47.975921630859375,48.69988250732422,2270504
2013-03-05,39.70050811767578,49.24955749511719,49.47077178955078,48.77362060546875,48.77362060546875,1179111
2013-03-06,39.59783935546875,49.122196197509766,49.41714477539063,49.01494216918945,49.39703369140625,1011583
2013-03-07,39.50056838989258,49.00153350830078,49.39033126831055,48.90768814086914,49.19593048095703,1342462
2013-03-08,39.85179901123047,49.43725204467773,49.48417663574219,49.03505325317383,49.33670425415039,1070658
2013-03-11,39.92745590209961,49.53110122680664,49.5981330871582,49.222747802734375,49.410438537597656,1024114
2013-03-12,39.56000900268555,49.07527160644531,49.4439582824707,48.8205451965332,49.4439582824707,1002185
2013-03-13,39.82477951049805,49.40373611450195,49.450660705566406,48.86076354980469,49.12889862060547,1686618
2013-03-14,40.26789093017578,49.95341110229492,50.02044677734375,49.410438537597656,49.53780364990234,1377817
2013-03-15,40.030120849609375,49.65846252441406,49.9869270324707,49.4975814819336,49.772422790527344,1838184
2013-03-18,39.92745590209961,49.53110122680664,49.90648651123047,49.07527160644531,49.14230728149414,870459
2013-03-19,39.75993728637695,49.32329559326172,49.805938720703125,48.968017578125,49.5981330871582,1284431
2013-03-20,39.65186309814453,49.18922805786133,49.61154174804688,48.93450164794922,49.52439880371094,2094175
2013-03-21,39.09529495239258,48.498783111572266,49.510990142822266,48.35801315307617,49.43054962158203,2517843
2013-03-22,39.33305358886719,48.793731689453125,48.84065628051758,48.26416778564453,48.53229904174805,2238878
2013-03-25,39.02504348754883,48.41164016723633,49.17582321166992,48.02284622192383,48.99483108520508,2245890
2013-03-26,39.31684112548828,48.77362060546875,48.92109680175781,48.54570770263672,48.74680709838867,1528637
2013-03-27,39.08989334106445,48.49208068847656,48.52559661865234,48.02284622192383,48.50548553466797,1490149
2013-03-28,39.38168716430664,48.85406112670898,48.90768814086914,48.3446044921875,48.49208068847656,2285124
2013-04-01,38.78187561035156,48.109989166259766,48.91439056396485,47.9424057006836,48.77362060546875,1101687
2013-04-02,38.45766830444336,47.707786560058594,48.47867202758789,47.55361175537109,48.290977478027344,1050071
2013-04-03,38.32258605957031,47.54020309448242,48.109989166259766,47.13800048828125,47.64075469970703,2015408
2013-04-04,38.86294555664063,48.210540771484375,48.3379020690918,47.65415954589844,47.69438171386719,2222320
2013-04-05,38.77106857299805,48.09658050537109,48.27087020874024,47.33910369873047,47.55361175537109,1620979
2013-04-08,39.414093017578125,48.89427947998047,49.00153350830078,48.4317512512207,48.4317512512207,2400738
2013-04-09,39.46274948120117,48.9546127319336,49.17582321166992,48.48537826538086,48.91439056396485,1516255
2013-04-10,40.20844268798828,49.879676818847656,49.879676818847656,48.968017578125,49.01494216918945,1617250
2013-04-11,40.36514663696289,50.07407379150391,50.11429214477539,49.53780364990234,49.85956573486328,2027641
2013-04-12,39.668087005615234,49.2093391418457,50.03385162353516,48.968017578125,49.87297058105469,1289652
2013-04-15,38.07941818237305,47.23855209350586,48.98142623901367,47.21173858642578,48.88087463378906,1787910
2013-04-16,39.02504348754883,48.41164016723633,48.41834259033203,47.23855209350586,47.71449279785156,3207349
2013-04-17,37.77680206298828,46.863162994384766,48.80713653564453,46.44755554199219,48.21724319458008,3255235
2013-04-18,37.06351852416992,45.97832107543945,47.11789321899414,45.723594665527344,46.98382568359375,2424755
2013-04-19,36.82575988769531,45.683372497558594,46.23304748535156,45.60963821411133,45.97161865234375,2124309
2013-04-22,36.744728088378906,45.58282470703125,45.790626525878906,45.21413803100586,45.70348358154297,3164832
2013-04-23,37.339115142822266,46.320194244384766,46.320194244384766,45.65655899047852,45.89788055419922,2396561
2013-04-24,37.863258361816406,46.97041702270508,47.09107971191406,46.21964263916016,46.48777770996094,1651859
2013-04-25,37.79302597045898,46.88327407836914,47.36591720581055,46.802833557128906,46.88997650146485,1472248
2013-04-26,37.339115142822266,46.320194244384766,46.91008758544922,46.02524566650391,46.91008758544922,901340
2013-04-29,37.663330078125,46.72239303588867,46.863162994384766,46.06546401977539,46.5548095703125,1533262
2013-04-30,37.27426528930664,46.23975372314453,46.735801696777344,46.05876159667969,46.72239303588867,2451011
2013-05-01,36.76091766357422,45.60293197631836,46.21294021606445,45.56941604614258,46.09898376464844,2090147
2013-05-02,37.46338653564453,46.474369049072266,46.54140472412109,45.66326522827149,45.84425354003906,1685275
2013-05-03,38.45226287841797,47.70108413696289,48.12339401245117,46.80953979492188,46.80953979492188,1424361
2013-05-06,38.89537048339844,48.25075912475586,48.63955307006836,47.45976257324219,47.60723876953125,1582192
2013-05-07,39.01424026489258,48.398231506347656,48.56581878662109,48.04295349121094,48.24405670166016,1251612
2013-05-08,39.45194625854492,48.94120407104492,48.94120407104492,48.14350509643555,48.39152908325195,1034706
2013-05-09,39.576210021972656,49.09538269042969,49.3501091003418,48.80713653564453,48.90098571777344,960862
2013-05-10,39.98688888549805,49.60483551025391,49.671871185302734,49.13560104370117,49.303184509277344,932369
2013-05-13,39.98148727416992,49.5981330871582,49.879676818847656,49.216041564941406,49.43725204467773,1403476
2013-05-14,40.75960540771485,50.56341552734375,50.63045120239258,49.56461715698242,49.60483551025391,1619338
2013-05-15,41.06761932373047,50.94550704956055,51.08628082275391,50.29528427124024,50.3690185546875,946839
2013-05-16,40.94332885742188,50.79133224487305,51.06616973876953,50.57682418823242,50.67737579345703,1119439
2013-05-17,41.72145462036133,51.756614685058594,51.756614685058594,50.89858627319336,50.89858627319336,1110787
2013-05-20,42.05108642578125,52.16551971435547,52.28617858886719,51.48847961425781,51.56221771240234,1334406
2013-05-21,42.07809829711914,52.19903564453125,52.54090881347656,52.018043518066406,52.28617858886719,1443008
2013-05-22,41.28916549682617,51.22034454345703,52.51409530639648,50.95891571044922,52.20573806762695,1291890
2013-05-23,42.980506896972656,53.31849670410156,53.86817169189453,52.6213493347168,52.79563522338867,4776264
2013-05-24,42.7913703918457,53.08387756347656,53.29838562011719,52.40684127807617,53.29838562011719,2704168
2013-05-28,42.7913703918457,53.08387756347656,53.92850112915039,52.92300033569336,53.76762008666992,1778363
2013-05-29,42.30831527709961,52.252662658691406,52.79563522338867,52.14540863037109,52.31969451904297,2206507
2013-05-30,42.64484405517578,52.668270111083984,52.90959167480469,52.252662658691406,52.42694854736328,1341268
2013-05-31,42.47114944458008,52.45376586914063,53.56652069091797,52.25936508178711,52.41354370117188,2050615
2013-06-03,42.894508361816406,52.97662353515625,53.0235481262207,51.91079330444336,52.54090881347656,2095517
2013-06-04,42.9921989440918,53.097286224365234,53.47937774658203,52.58112716674805,52.85596466064453,2277217
2013-06-05,42.11294174194336,52.0113410949707,53.392234802246094,51.93090057373047,53.07047271728516,1885623
2013-06-06,42.89993667602539,52.98332977294922,52.98332977294922,51.6158447265625,52.05156326293945,1561158
2013-06-07,43.16046905517578,53.30509185791016,53.620147705078125,52.91629409790039,53.51289367675781,1770904
2013-06-10,42.764251708984375,52.81574630737305,53.46596908569336,52.60123825073242,53.43915557861328,1372894
2013-06-11,42.47114944458008,52.45376586914063,52.91629409790039,52.05826568603516,52.2392578125,1530427
2013-06-12,41.955528259277344,51.81694412231445,52.86266708374024,51.72309875488281,52.83585357666016,1056784
2013-06-13,42.666534423828125,52.69508361816406,52.89618682861328,51.67617416381836,51.790130615234375,1119887
2013-06-14,42.661109924316406,52.68838119506836,53.2581672668457,52.487281799316406,52.708492279052734,976973
2013-06-17,42.95420837402344,53.05036163330078,53.34531021118164,52.80904006958008,53.20454025268555,851066
2013-06-18,43.75749588012695,54.042457580566406,54.12960433959961,53.09058380126953,53.231353759765625,1357231
2013-06-19,43.08990097045898,53.21794509887695,54.11619567871094,53.21794509887695,54.08267974853516,1041419
2013-06-20,41.82526016235352,51.656063079833984,52.71519470214844,51.55551528930664,52.6280517578125,1896065
2013-06-21,41.99352264404297,51.863868713378906,52.158817291259766,50.9857292175293,51.95771408081055,2330325
2013-06-24,41.15766525268555,50.83155059814453,51.48177719116211,50.66396713256836,51.36111831665039,1689900
2013-06-25,41.62986755371094,51.41474151611328,51.73650360107422,51.21364212036133,51.38793182373047,2126397
2013-06-26,42.145484924316406,52.05156326293945,52.33310317993164,51.42815017700195,51.81694412231445,1968417
2013-06-27,42.35717010498047,52.31299209594727,52.52750015258789,52.11189270019531,52.42024612426758,1465236
2013-06-28,42.15092468261719,52.05826568603516,52.64816284179688,52.024749755859375,52.219146728515625,3495562
2013-07-01,42.24861907958984,52.17892456054688,52.74871063232422,52.11189270019531,52.61464309692383,1811033
2013-07-02,41.66243362426758,51.45496368408203,52.3934326171875,51.28067779541016,52.118595123291016,2063891
2013-07-03,41.56474304199219,51.33430480957031,51.44155883789063,50.91869354248047,51.15331268310547,1479110
2013-07-05,42.335445404052734,52.28617858886719,52.31969451904297,51.656063079833984,51.790130615234375,1142114
2013-07-08,42.57427978515625,52.58112716674805,52.80904006958008,52.29288482666016,52.65486526489258,1750765
2013-07-09,43.1658935546875,53.31179428100586,53.84806060791016,53.0034408569336,53.05706787109375,1563545
2013-07-10,43.1658935546875,53.31179428100586,53.51289367675781,53.13750457763672,53.22465133666992,1136446
2013-07-11,44.14286422729492,54.51839828491211,54.5586166381836,54.09608459472656,54.263671875,985476
2013-07-12,43.9637451171875,54.29718780517578,54.45806884765625,54.08938217163086,54.43795776367188,1140473
2013-07-15,43.80634307861328,54.10279083251953,54.38433074951172,54.05586624145508,54.29718780517578,1108698
2013-07-16,43.51326370239258,53.74080657958984,54.83345413208008,53.693885803222656,54.37092590332031,1435848
2013-07-17,43.64352416992188,53.90168762207031,54.12960433959961,53.52630233764648,53.92850112915039,1578015
2013-07-18,45.391212463378906,56.0601692199707,56.33500671386719,54.53850555419922,55.376426696777344,2485322
2013-07-19,46.30305099487305,57.18633270263672,57.41424560546875,55.97972869873047,56.10709381103516,2601234
2013-07-22,46.28134536743164,57.15951919555664,57.508094787597656,56.93830871582031,56.97853088378906,2615406
2013-07-23,46.89466094970703,57.91699981689453,58.03765869140625,57.09918975830078,57.32040023803711,1943952
2013-07-24,46.25419998168945,57.12600326538086,58.35271835327149,57.01874923706055,58.07117462158203,1382293
2013-07-25,46.37361145019531,57.273475646972656,57.4611701965332,56.47577667236328,56.87127685546875,1225505
2013-07-26,45.955692291259766,56.75731658935547,57.10589218139648,56.25456619262695,56.99193572998047,1358126
2013-07-29,46.16735458374024,57.01874923706055,57.63545989990234,56.77072525024414,56.77742767333984,1524162
2013-07-30,46.064239501953125,56.89138412475586,57.38743209838867,56.77742767333984,57.300289154052734,1173144
2013-07-31,46.48215866088867,57.40754318237305,57.89688873291016,56.91149520874024,56.91149520874024,1253849
2013-08-01,47.5731201171875,58.75491714477539,58.94261169433594,57.88348388671875,57.97732925415039,1308449
2013-08-02,47.22575759887695,58.325904846191406,58.39293670654297,57.92370223999024,58.26557540893555,1171055
2013-08-05,47.35602188110352,58.48678588867188,58.681182861328125,57.97732925415039,58.16502380371094,672051
2013-08-06,47.0249252319336,58.077880859375,58.31919860839844,57.57512664794922,58.27227783203125,1288310
2013-08-07,47.33430480957031,58.4599723815918,58.55381774902344,57.87677764892578,58.06447219848633,1159718
2013-08-08,47.65452575683594,58.85546875,59.05656814575195,58.48678588867188,58.63425827026367,930429
2013-08-09,47.71966171264648,58.93590927124024,59.19733810424805,58.53370666503906,58.60074234008789,1461805
2013-08-12,47.909629821777344,59.170528411865234,59.31800079345703,58.50689315795898,58.68788528442383,935054
2013-08-13,48.09416198730469,59.39844131469727,59.41184616088867,58.94931411743164,59.170528411865234,1026053
2013-08-14,48.06159973144531,59.35821914672852,59.458770751953125,59.01634979248047,59.31129837036133,1107654
2013-08-15,47.28001403808594,58.39293670654297,58.72140121459961,58.18513488769531,58.681182861328125,1354993
2013-08-16,47.30172729492188,58.41975021362305,58.98953628540039,58.2320556640625,58.43986129760742,1079161
2013-08-19,47.03036117553711,58.0845832824707,58.67447662353516,58.06447219848633,58.42645263671875,710838
2013-08-20,47.12805938720703,58.20524215698242,58.55381774902344,57.88348388671875,58.17172622680664,813026
2013-08-21,46.66127395629883,57.628753662109375,58.12480163574219,57.52820587158203,58.05106735229492,988609
2013-08-22,47.01950073242188,58.07117462158203,58.50689315795898,57.74941635131836,57.85667037963867,1097510
2013-08-23,47.26917266845703,58.37953186035156,58.50019073486328,57.76952362060547,58.26557540893555,931772
2013-08-26,47.26917266845703,58.37953186035156,58.85546875,58.36612319946289,58.640960693359375,799898
2013-08-27,46.270484924316406,57.146114349365234,57.8499641418457,57.079078674316406,57.6957893371582,1119141
2013-08-28,46.67118453979492,57.38743209838867,57.58183288574219,56.91149520874024,56.971824645996094,849127
2013-08-29,46.84018325805664,57.5952377319336,57.9907341003418,57.22655487060547,57.23325729370117,651316
2013-08-30,46.36588287353516,57.01204681396485,57.89688873291016,56.84446334838867,57.829856872558594,684433
2013-09-03,46.68752670288086,57.40754318237305,58.2253532409668,56.93830871582031,57.53490829467773,769167
2013-09-04,47.36354064941406,58.23876190185547,58.285682678222656,57.28688430786133,57.34721374511719,690997
2013-09-05,47.706974029541016,58.66107177734375,58.76162338256836,57.97062683105469,58.158321380615234,741420
2013-09-06,47.75604248046875,58.72140121459961,59.23085784912109,57.66226959228516,58.88898468017578,1207604
2013-09-09,48.0558967590332,59.090087890625,59.23085784912109,58.74821472167969,58.875579833984375,1276525
2013-09-10,48.81365585327149,60.021854400634766,60.08888626098633,59.44536590576172,59.52580642700195,981299
2013-09-11,48.75913619995117,59.95481872558594,60.08218383789063,59.59283828735352,60.02855682373047,808849
2013-09-12,48.51382827758789,59.653167724609375,60.18273162841797,59.4855842590332,59.95481872558594,1048579
2013-09-13,48.51382827758789,59.653167724609375,59.82745742797852,59.34481430053711,59.65987014770508,780505
2013-09-16,49.03171157836914,60.28998565673828,60.7324104309082,60.2631721496582,60.67207717895508,1097062
2013-09-17,48.88451766967773,60.1089973449707,60.504493713378906,59.92130279541016,60.30339431762695,898207
2013-09-18,49.56052780151367,60.94021224975586,61.06087112426758,60.07548141479492,60.14251327514648,1369165
2013-09-19,50.40553283691406,61.97923278808594,62.032859802246094,61.127906799316406,61.20164489746094,1292934
2013-09-20,49.41880416870117,60.765926361083984,62.25407028198242,60.759220123291016,61.84516525268555,1917845
2013-09-23,49.56052780151367,60.94021224975586,61.020652770996094,60.28328323364258,60.6318588256836,809445
2013-09-24,49.54962539672852,60.92680740356445,61.38933944702149,60.81955337524414,60.8731803894043,1144650
2013-09-25,49.17892456054688,60.470977783203125,61.17483139038086,60.35702133178711,60.92680740356445,1487911
2013-09-26,49.06989288330078,60.336910247802734,61.08768844604492,60.14921569824219,60.65867233276367,1067823
2013-09-27,48.71553039550781,59.90119171142578,60.26987838745117,59.881080627441406,59.93470764160156,1095720
2013-09-30,48.97175979614258,60.216251373291016,60.2631721496582,59.19063568115234,59.297889709472656,1094825
2013-10-01,49.42423629760742,60.77262878417969,61.0273551940918,59.96822738647461,60.20284271240234,1472695
2013-10-02,49.17892456054688,60.470977783203125,60.57823181152344,59.64646530151367,60.46427536010742,936844
2013-10-03,48.23579406738281,59.31129837036133,60.397239685058594,59.07667922973633,60.14251327514648,1030827
2013-10-04,48.5029182434082,59.63976287841797,59.72690582275391,59.103492736816406,59.26437377929688,907605
2013-10-07,48.25213623046875,59.33140563964844,59.85426712036133,59.04986572265625,59.163822174072266,1144949
2013-10-08,47.70153427124024,58.65436935424805,59.84086227416992,58.620849609375,59.35151672363281,1165536
2013-10-09,47.35262680053711,58.2253532409668,58.71469879150391,57.81644821166992,58.7079963684082,1133015
2013-10-10,48.59559631347656,59.753719329833984,59.76042175292969,58.701290130615234,58.92920684814453,1159270
2013-10-11,49.2552375793457,60.564823150634766,60.60504531860352,59.425254821777344,59.51239776611328,1139429
2013-10-14,49.48966598510742,60.85306930541992,60.8731803894043,59.887786865234375,60.12910842895508,1472546
2013-10-15,48.78641128540039,59.98833465576172,60.93350982666016,59.65987014770508,60.7324104309082,1791043
2013-10-16,48.148555755615234,59.204044342041016,60.33020782470703,58.95602035522461,60.33020782470703,2366725
2013-10-17,47.64701843261719,58.58733367919922,58.7079963684082,57.04556274414063,58.38623428344727,4765971
2013-10-18,48.48111343383789,59.61294937133789,59.86767578125,58.76832580566406,59.03646087646485,2805311
2013-10-21,48.7427864074707,59.93470764160156,60.41064834594727,59.7202033996582,59.847564697265625,1383337
2013-10-22,49.2879524230957,60.60504531860352,60.77933120727539,60.0151481628418,60.16932678222656,1227743
2013-10-23,49.27158737182617,60.58493423461914,60.61174774169922,59.887786865234375,60.4977912902832,1180304
2013-10-24,50.01846694946289,61.5032958984375,61.68428421020508,60.6385612487793,60.78603744506836,1575181
2013-10-25,49.58234405517578,60.96702575683594,61.72450637817383,60.80614471435547,61.59043884277344,1714216
2013-10-28,49.80584716796875,61.24186325073242,61.28878784179688,60.73911285400391,60.83966064453125,1217002
2013-10-29,50.19291305541992,61.71780014038086,61.75802230834961,61.06757736206055,61.36922836303711,949674
2013-10-30,50.06752395629883,61.56362533569336,62.10659790039063,61.349117279052734,61.91890335083008,1066630
2013-10-31,50.04026412963867,61.53010940551758,61.92560577392578,61.04076385498047,61.516700744628906,1287862
2013-11-01,49.7513313293457,61.17483139038086,61.95241928100586,60.8731803894043,61.57032775878906,1595917
2013-11-04,49.90397644042969,61.36252212524414,61.409446716308594,60.94691467285156,61.24186325073242,1186271
2013-11-05,49.78949737548828,61.22175216674805,61.34241485595703,60.6519660949707,61.21504974365234,1010240
2013-11-06,49.816741943359375,61.25527191162109,61.54351425170898,60.96032333374024,61.48988723754883,694727
2013-11-07,49.16256332397461,60.45086669921875,61.53010940551758,60.35702133178711,61.33571243286133,1152259
2013-11-08,50.28559875488281,61.83176040649414,61.86527633666992,60.37713241577149,60.46427536010742,1103179
2013-11-11,50.10568618774414,61.61054611206055,62.099891662597656,61.48988723754883,61.85186767578125,975183
2013-11-12,50.08934020996094,61.59043884277344,61.6507682800293,61.16812515258789,61.53010940551758,1065138
2013-11-13,50.66175842285156,62.29429244995117,62.32780838012695,61.10779571533203,61.10779571533203,1736444
2013-11-14,51.02700424194336,62.74341583251953,62.81715393066406,62.140113830566406,62.461875915527344,822722
2013-11-15,50.86345291137695,62.54231643676758,62.93781280517578,62.44176483154297,62.8975944519043,978763
2013-11-18,50.61814880371094,62.240665435791016,62.93111038208008,61.99264144897461,62.56912612915039,622226
2013-11-19,50.01846694946289,61.5032958984375,62.18703842163086,61.28878784179688,62.16022491455078,782742
2013-11-20,49.57144165039063,60.95361709594727,61.657470703125,60.77933120727539,61.53010940551758,612977
2013-11-21,50.57453918457031,62.18703842163086,62.2875862121582,61.04746627807617,61.22175216674805,1295470
2013-11-22,50.92342758178711,62.61605072021485,62.64957046508789,61.677581787109375,62.06637573242188,703230
2013-11-25,50.09479522705078,61.59714126586914,62.93781280517578,61.577030181884766,62.6629753112793,1076326
2013-11-26,50.042781829833984,61.28208541870117,61.871978759765625,61.23516082763672,61.48988723754883,1244750
2013-11-27,49.610347747802734,60.75251770019531,61.63736343383789,60.67207717895508,61.55021667480469,1498354
2013-11-29,49.67055130004883,60.82625579833984,61.1212043762207,60.6318588256836,60.80614471435547,584931
2013-12-02,49.01367568969727,60.021854400634766,60.45086669921875,59.26437377929688,59.26437377929688,2652253
2013-12-03,48.95347595214844,59.94811630249024,60.55141830444336,59.78053283691406,59.78053283691406,2406108
2013-12-04,48.39511489868164,59.26437377929688,60.10229110717773,59.13700866699219,59.60624313354492,2254990
2013-12-05,49.112213134765625,60.14251327514648,60.310096740722656,59.0967903137207,59.170528411865234,1712277
2013-12-06,50.16869354248047,61.43626022338867,61.442962646484375,60.69889068603516,60.859771728515625,1082592
2013-12-09,50.00445938110352,61.23516082763672,61.70439529418945,61.11449813842773,61.47648239135742,1177321
2013-12-10,49.74170684814453,60.91339874267578,61.38263320922852,60.84636688232422,61.20834732055664,1197609
2013-12-11,48.97536087036133,59.97492980957031,60.91339874267578,59.90789413452149,60.8798828125,1059618
2013-12-12,49.079376220703125,60.10229110717773,60.29669189453125,59.92130279541016,60.03525924682617,1112279
2013-12-13,49.04106521606445,60.05537033081055,60.52460479736328,59.847564697265625,60.16932678222656,926402
2013-12-16,50.20153427124024,61.47648239135742,61.68428421020508,60.26987838745117,60.37042617797852,1141667
2013-12-17,49.9278450012207,61.14131164550781,61.771427154541016,61.08768844604492,61.68428421020508,1296962
2013-12-18,50.31100463867188,61.61054611206055,61.6507682800293,60.16932678222656,61.34241485595703,1572943
2013-12-19,51.00071716308594,62.455169677734375,62.495391845703125,61.20164489746094,61.53681182861328,1685872
2013-12-20,51.761600494384766,63.38693618774414,63.42715835571289,62.240665435791016,62.455169677734375,2066875
2013-12-23,51.931297302246094,63.59474182128906,64.01705169677734,63.54781723022461,63.78243637084961,1189703
2013-12-24,52.26521301269531,64.00364685058594,64.15782165527344,63.54781723022461,63.55452346801758,260914
2013-12-26,52.615535736083984,64.43266296386719,64.67398071289062,64.13101196289062,64.151123046875,485727
2013-12-27,52.72501754760742,64.56672668457031,64.66728210449219,64.28518676757812,64.62035369873047,480058
2013-12-30,52.75786972045898,64.60694885253906,64.73431396484375,64.43266296386719,64.56002807617188,575533
2013-12-31,52.8454475402832,64.71420288085938,65.0225601196289,64.4460678100586,64.73431396484375,628939
2014-01-02,52.13931274414063,63.84946823120117,64.8482666015625,63.63496017456055,64.71420288085938,966382
2014-01-03,52.12286758422852,63.8293571472168,64.27178192138672,63.59474182128906,63.98353576660156,1120633
2014-01-06,51.77803039550781,63.40704727172852,64.224853515625,63.27968215942383,64.19804382324219,1107803
2014-01-07,51.8710823059082,63.52100372314453,63.8293571472168,63.23276138305664,63.40704727172852,1040971
2014-01-08,51.564544677734375,63.1456184387207,63.5344123840332,62.96462631225586,63.52100372314453,1476872
2014-01-09,51.493385314941406,63.0584716796875,63.82265472412109,62.86407470703125,63.346717834472656,1510587
2014-01-10,51.69590759277344,63.30649948120117,63.48078536987305,62.5222053527832,63.08528518676758,1162850
2014-01-13,50.98978042602539,62.44176483154297,63.77573394775391,62.30769729614258,63.0584716796875,1200891
2014-01-14,52.23235702514648,63.96342468261719,63.97013092041016,62.528907775878906,62.73671340942383,1725703
2014-01-15,52.746917724609375,64.59354400634766,64.80134582519531,63.97683334350586,64.0706787109375,1322173
2014-01-16,52.604591369628906,64.41925811767578,64.74771881103516,63.44726943969727,64.46617889404297,1878313
2014-01-17,52.06267166137695,63.75562286376953,64.33881378173828,63.62155532836914,64.23826599121094,2093131
2014-01-21,52.5608024597168,64.36563110351562,64.60694885253906,63.71540069580078,64.31200408935547,1987363
2014-01-22,52.48963165283203,64.27848052978516,64.49969482421875,64.0103530883789,64.4460678100586,1543108
2014-01-23,51.498836517333984,63.06517791748047,64.05056762695312,62.823856353759766,64.0103530883789,1395122
2014-01-24,49.44612121582031,60.55141830444336,62.73000717163086,60.53800964355469,61.97923278808594,1780601
2014-01-27,49.0191535949707,60.02855682373047,61.020652770996094,59.70679473876953,60.71900177001953,1661257
2014-01-28,49.5337028503418,60.65867233276367,61.00724411010742,60.27658081054688,60.27658081054688,1587414
2014-01-29,49.090328216552734,60.115699768066406,60.859771728515625,59.81404876708984,60.33020782470703,2085821
2014-01-30,48.86587905883789,59.84086227416992,60.07548141479492,57.53490829467773,58.775028228759766,2170704
2014-01-31,47.38245391845703,58.02425384521485,58.78843688964844,57.84326171875,58.10469436645508,2754889
2014-02-03,45.41183090209961,55.61104583740234,58.25886917114258,55.51049423217773,57.8499641418457,2985519
2014-02-04,45.77311706542969,56.053466796875,56.261268615722656,55.2825813293457,55.65126419067383,2358520
2014-02-05,45.31329727172852,55.49038314819336,55.93951034545898,54.75301361083984,55.75181579589844,2794123
2014-02-06,45.23666763305664,55.39653778076172,56.15401458740234,55.34961318969727,55.68478012084961,2324209
2014-02-07,46.76937484741211,57.273475646972656,57.4544677734375,55.53730773925781,55.8121452331543,2846783
2014-02-10,46.22745513916016,56.60984420776367,57.33380889892578,56.301490783691406,57.139408111572266,1752257
2014-02-11,46.39713668823242,56.817649841308594,57.146114349365234,56.4355583190918,56.5897331237793,1923365
2014-02-12,46.73651885986328,57.23325729370117,57.54831314086914,56.78413009643555,57.00534439086914,2392384
2014-02-13,46.69273376464844,57.179630279541016,57.29358673095703,56.64336013793945,56.750614166259766,2837534
2014-02-14,47.10874938964844,57.689083099365234,57.81644821166992,56.924903869628906,57.12600326538086,2261255
2014-02-18,47.67805099487305,58.38623428344727,58.620849609375,57.64216232299805,57.78963470458984,2619136
2014-02-19,47.39340972900391,58.03765869140625,58.63425827026367,57.96392440795898,58.2253532409668,2917643
2014-02-20,48.48817443847656,59.37833023071289,59.552616119384766,57.957218170166016,58.13821029663086,3373683
2014-02-21,48.71262741088867,59.653167724609375,59.82075119018555,58.98953628540039,59.36492538452149,2748026
2014-02-24,48.97536087036133,59.97492980957031,60.20284271240234,59.6263542175293,59.753719329833984,2065532
2014-02-25,49.26549530029297,60.33020782470703,60.36372375488281,59.94141387939453,59.99504089355469,2880497
2014-02-26,49.80193710327149,60.98713684082031,61.05416870117188,60.2497673034668,60.52460479736328,2235000
2014-02-27,50.22889709472656,61.5099983215332,61.52340316772461,60.67207717895508,60.67207717895508,2308694
2014-02-28,51.619285583496094,63.212650299072266,63.26627731323242,61.61725234985352,61.71109771728516,3394867
2014-03-03,52.17514419555664,63.89337539672852,64.48303985595703,62.70597839355469,62.915992736816406,3795956
2014-03-04,52.42581558227539,64.20032501220703,65.21809387207031,63.8206787109375,64.9515380859375,2894196
2014-03-05,52.683067321777344,64.51535034179688,64.91922760009766,64.15185546875,64.52342224121094,1661272
2014-03-06,53.81100082397461,65.8966064453125,65.9046859741211,64.62843322753906,64.64458465576172,2775596
2014-03-07,54.26611709594727,66.4539566040039,66.81744384765625,65.81583404541016,66.130859375,2148425
2014-03-10,54.42443084716797,66.64781951904297,66.7447509765625,65.86429595947266,66.26817321777344,1580059
2014-03-11,54.03524017333984,66.1712417602539,67.33441162109375,65.93699645996094,66.7851333618164,1674643
2014-03-12,53.879539489746094,65.67851257324219,65.93699645996094,65.16155242919922,65.30694580078125,1782596
2014-03-13,53.4554443359375,65.16155242919922,66.38933563232422,64.7738265991211,66.04199981689453,1976467
2014-03-14,52.87895202636719,64.45880126953125,65.5735092163086,64.40225982666016,64.98384857177734,1838306
2014-03-17,53.95906448364258,65.77544403076172,66.34895324707031,65.01615142822266,65.01615142822266,1633789
2014-03-18,54.277122497558594,66.16316223144531,66.5185775756836,65.86429595947266,66.03392791748047,1391760
2014-03-19,54.01205825805664,65.8400650024414,66.37318420410156,65.34733581542969,66.2358627319336,1039177
2014-03-20,53.98554992675781,65.80775451660156,65.96930694580078,65.02423095703125,65.64620208740234,2113761
2014-03-21,53.48857879638672,65.20194244384766,67.924072265625,65.20194244384766,67.924072265625,3346066
2014-03-24,53.58797454833984,65.32310485839844,65.73505401611328,64.96768951416016,65.54927062988281,1846106
2014-03-25,53.859649658203125,65.65428161621094,66.1874008178711,65.0080795288086,65.96930694580078,2197821
2014-03-26,53.54821014404297,65.2746353149414,66.30048370361328,65.25040435791016,66.1712417602539,1619675
2014-03-27,53.36930847167969,65.0565414428711,65.2261734008789,64.57189178466797,65.04039001464844,1015779
2014-03-28,53.66749572753906,65.42002868652344,65.97738647460938,64.05492401123047,64.05492401123047,964278
2014-03-31,54.17110443115234,66.03392791748047,66.06623840332031,65.58158111572266,65.79967498779297,1743723
2014-04-01,54.82711791992188,66.83360290527344,66.86591339111328,65.96122741699219,66.2358627319336,989162
2014-04-02,56.4240837097168,68.78028869628906,69.01454162597656,67.81906127929688,68.5460433959961,2087392
2014-04-03,56.5831184387207,68.97415161132812,69.41033935546875,68.46526336669922,68.8206787109375,1712402
2014-04-04,55.29757308959961,67.4071044921875,69.39418029785156,67.4071044921875,69.3861083984375,2623074
2014-04-07,54.369903564453125,66.27625274658203,67.47980499267578,65.96930694580078,67.18093872070312,1361057
2014-04-08,54.59518051147461,66.55088806152344,66.94668579101562,65.77544403076172,66.42164611816406,1302252
2014-04-09,55.44999313354492,67.5928955078125,67.67366790771484,66.59935760498047,66.59935760498047,1280835
2014-04-10,54.45603561401367,66.38126373291016,67.89176177978516,66.15509033203125,67.50403594970703,1414167
2014-04-11,53.5283317565918,65.25040435791016,66.510498046875,65.12116241455078,66.05815887451172,1447965
2014-04-14,54.045188903808594,65.88045501708984,66.15509033203125,65.25848388671875,65.96122741699219,2005931
2014-04-15,54.30363082885742,66.19548034667969,66.50242614746094,65.21809387207031,66.11470031738281,1297919
2014-04-16,55.118690490722656,67.18901824951172,67.4151840209961,66.80937194824219,66.89822387695312,2027596
2014-04-17,56.6295051574707,69.03069305419922,69.74959564208984,66.08238983154297,69.19224548339844,2613418
2014-04-21,56.894561767578125,69.35379791259766,69.54766082763672,68.35218048095703,68.70759582519531,2714439
2014-04-22,57.080108642578125,69.57997131347656,70.03231048583984,69.06300354003906,69.31340789794922,1579812
2014-04-23,57.2192611694336,69.74959564208984,70.13732147216797,69.28109741210938,69.28109741210938,1003399
2014-04-24,57.11323165893555,69.62035369873047,70.10501098632812,69.0468521118164,70.10501098632812,1312899
2014-04-25,56.2584342956543,68.57835388183594,69.45880126953125,68.43295288085938,69.24070739746094,1480772
2014-04-28,56.642765045166016,69.0468521118164,69.36187744140625,68.0290756225586,69.1599349975586,1138341
2014-04-29,56.76204299926758,69.19224548339844,69.53958129882812,68.70759582519531,69.21647644042969,635837
2014-04-30,57.25238037109375,69.78998565673828,69.78998565673828,68.84490966796875,69.18416595458984,1018750
2014-05-01,57.00059509277344,69.48303985595703,69.93537902832031,68.98223114013672,69.75767517089844,888141
2014-05-02,56.91445159912109,69.3780288696289,69.91114807128906,69.26494598388672,69.48303985595703,920948
2014-05-05,56.894561767578125,69.35379791259766,69.46688079833984,68.70759582519531,69.07108306884766,844440
2014-05-06,56.470481872558594,68.83683776855469,69.67689514160156,68.78028869628906,69.20032501220703,880837
2014-05-07,56.96083068847656,69.4345703125,69.48303985595703,68.58643341064453,69.24070739746094,990152
2014-05-08,56.92107772827149,69.3861083984375,70.30694580078125,69.03877258300781,69.3780288696289,651807
2014-05-09,56.49695587158203,68.869140625,69.41841888427734,68.19062805175781,69.24070739746094,1122371
2014-05-12,57.80240249633789,70.46041870117188,70.58966064453125,69.00646209716797,69.00646209716797,913520
2014-05-13,57.37166213989258,69.93537902832031,70.46849822998047,69.81421661376953,70.46041870117188,994238
2014-05-14,57.23913192749024,69.7738265991211,70.18578338623047,69.63651275634766,69.9515380859375,952765
2014-05-15,56.83492660522461,69.28109741210938,69.68497467041016,68.5460433959961,69.45072937011719,1044872
2014-05-16,57.25901794433594,69.79805755615234,69.93537902832031,69.12762451171875,69.23263549804688,1302252
2014-05-19,57.45117568969727,70.03231048583984,70.45233917236328,69.3861083984375,69.46688079833984,952765
2014-05-20,56.37106323242188,68.71566772460938,69.91114807128906,68.39257049560547,69.91114807128906,1013179
2014-05-21,57.06685256958008,69.56381225585938,69.67689514160156,68.91761016845703,68.97415161132812,670006
2014-05-22,56.99398422241211,69.47496032714844,70.08885192871094,69.39418029785156,69.47496032714844,823022
2014-05-23,57.65661239624024,70.28271484375,70.3392562866211,69.57189178466797,69.62843322753906,637199
2014-05-27,57.96141815185547,70.65428161621094,71.20355224609375,70.37156677246094,70.51696014404297,739457
2014-05-28,57.76510620117188,70.11308288574219,70.82391357421875,70.08077239990234,70.3392562866211,552643
2014-05-29,58.01799392700195,70.42002868652344,70.52503967285156,69.74959564208984,70.29886627197266,544844
2014-05-30,58.01799392700195,70.42002868652344,70.48464965820312,69.9434585571289,70.29886627197266,715440
2014-06-02,58.26420211791992,70.71890258789062,70.94507598876953,69.95960998535156,70.51696014404297,480468
2014-06-03,57.77175521850586,70.12116241455078,70.58158111572266,69.9434585571289,70.46849822998047,714078
2014-06-04,57.77175521850586,70.12116241455078,70.44426727294922,69.83844757080078,70.0,478858
2014-06-05,58.52376937866211,71.03392791748047,71.13893127441406,69.9434585571289,70.23424530029297,638560
2014-06-06,58.76334762573242,71.32471466064453,71.69628143310547,70.87237548828125,70.88045501708984,1120761
2014-06-09,59.142669677734375,71.7851333618164,72.33441162109375,71.02584838867188,71.31664276123047,1200117
2014-06-10,59.26247024536133,71.93053436279297,71.93861389160156,71.00161743164062,71.61550903320312,1318965
2014-06-11,59.26911544799805,71.93861389160156,72.04361724853516,71.31664276123047,71.56704711914062,777835
2014-06-12,59.10273742675781,71.7366714477539,71.89822387695312,71.11470031738281,71.8012924194336,1583650
2014-06-13,59.32900238037109,72.01130676269531,72.3667221069336,71.54280853271484,71.76090240478516,1009589
2014-06-16,59.32900238037109,72.01130676269531,72.11631774902344,71.58319854736328,71.77706146240234,997457
2014-06-17,59.502052307128906,72.22132873535156,72.49596405029297,71.61550903320312,71.83360290527344,769293
2014-06-18,59.82815170288086,72.61712646484375,72.74636840820312,71.52665710449219,72.21324920654297,811385
2014-06-19,60.20745468139648,73.07754516601562,73.206787109375,72.18093872070312,72.57673645019531,849516
2014-06-20,60.36717987060547,73.27140808105469,73.43295288085938,72.70597839355469,73.27140808105469,1342859
2014-06-23,59.89468383789063,72.6978988647461,73.27947998046875,72.49596405029297,73.2552490234375,702565
2014-06-24,59.508697509765625,72.22940063476562,73.10985565185547,72.20516967773438,72.6898193359375,781797
2014-06-25,59.74161148071289,72.51211547851562,72.75444030761719,71.9709243774414,72.16477966308594,568490
2014-06-26,59.64180374145508,72.39095306396484,72.78675079345703,71.68013000488281,72.60904693603516,574061
2014-06-27,59.80818557739258,72.5928955078125,72.68174743652344,72.0274658203125,72.28594207763672,710983
2014-06-30,60.52691268920898,73.46526336669922,73.80451965332031,72.34249114990234,72.74636840820312,1357096
2014-07-01,60.55351257324219,73.49757385253906,74.18416595458984,73.44103240966797,73.5379638671875,937785
2014-07-02,60.30065155029297,73.19062805175781,73.44103240966797,72.89176177978516,73.23101806640625,702441
2014-07-03,60.60676956176758,73.56219482421875,73.91761016845703,73.30371856689453,73.40872192382812,628409
2014-07-07,59.87472152709961,72.67366790771484,73.50565338134766,72.49596405029297,73.41680145263672,990771
2014-07-08,59.60189437866211,72.34249114990234,72.83522033691406,72.15670776367188,72.67366790771484,799624
2014-07-09,59.61519241333008,72.358642578125,72.79483032226562,72.14862823486328,72.68174743652344,689071
2014-07-10,58.8631477355957,71.44587707519531,71.59127807617188,70.87237548828125,71.55088806152344,1707326
2014-07-11,59.05615997314453,71.68013000488281,72.04361724853516,71.130859375,71.53473663330078,1103553
2014-07-14,59.19590759277344,71.8497543334961,72.44749450683594,71.71244049072266,72.44749450683594,1043882
2014-07-15,58.643550872802734,71.1793212890625,72.00322723388672,71.05815887451172,71.8497543334961,1596896
2014-07-16,59.18926239013672,71.84168243408203,72.14054870605469,71.16316223144531,71.510498046875,1795471
2014-07-17,57.99137878417969,70.3877182006836,71.47818756103516,69.87075805664062,70.8885269165039,2011255
2014-07-18,59.04286575317383,71.66397094726562,71.76090240478516,70.39579772949219,70.66236114501953,1443508
2014-07-21,59.58856964111328,72.32633209228516,72.56058502197266,71.43780517578125,71.63973999023438,1202222
2014-07-22,59.94126892089844,72.75444030761719,73.14216613769531,72.60904693603516,72.72212982177734,1336545
2014-07-23,59.60850524902344,72.3505630493164,72.98869323730469,72.28594207763672,72.78675079345703,772512
2014-07-24,59.10939025878906,71.7447509765625,72.76251983642578,71.62358856201172,72.56058502197266,1408225
2014-07-25,58.93638610839844,71.53473663330078,71.84168243408203,71.33279418945312,71.48626708984375,1097735
2014-07-28,58.636905670166016,71.1712417602539,71.34895324707031,70.59774017333984,71.33279418945312,1003523
2014-07-29,57.884910583496094,70.25848388671875,71.47818756103516,70.21809387207031,70.79967498779297,1026426
2014-07-30,58.0778923034668,70.49272918701172,70.84814453125,69.85460662841797,70.41195678710938,1262884
2014-07-31,57.07297897338867,69.27301788330078,70.6138916015625,69.26494598388672,69.90306854248047,1687765
2014-08-01,56.58051300048828,68.67528533935547,69.07108306884766,68.09369659423828,68.72374725341797,1292596
2014-08-04,57.35914611816406,69.62035369873047,69.85460662841797,68.64297485351562,68.98223114013672,1162482
2014-08-05,56.57388305664063,68.66720581054688,69.57189178466797,68.44103240966797,69.41841888427734,1284920
2014-08-06,56.141300201416016,68.14216613769531,68.5945053100586,67.85945129394531,68.14216613769531,1113829
2014-08-07,56.068092346191406,68.05331420898438,68.89337921142578,67.90791320800781,68.60258483886719,820423
2014-08-08,56.959842681884766,69.13570404052734,69.19224548339844,67.94022369384766,68.42488098144531,1199993
2014-08-11,57.27265930175781,69.51535034179688,69.95960998535156,69.24878692626953,69.59612274169922,649455
2014-08-12,57.43901062011719,69.71728515625,70.09693145751953,69.22455596923828,69.24070739746094,827603
2014-08-13,58.05791473388672,70.46849822998047,70.84814453125,69.7738265991211,69.87883758544922,770160
2014-08-14,58.40398025512695,70.8885269165039,70.94507598876953,70.39579772949219,70.51696014404297,514018
2014-08-15,58.15108489990234,70.58158111572266,71.33279418945312,70.11308288574219,71.24394226074219,610210
2014-08-18,59.18926239013672,71.84168243408203,71.84168243408203,70.97738647460938,71.07431030273438,680281
2014-08-19,59.53531265258789,72.26171112060547,72.4071044921875,71.7528305053711,71.99515533447266,896683
2014-08-20,60.06771087646485,72.90791320800781,73.16639709472656,72.14054870605469,72.25363159179688,866724
2014-08-21,59.62848281860352,72.37480163574219,73.22293853759766,72.3021011352539,73.22293853759766,898788
2014-08-22,59.14931106567383,71.793212890625,72.6332778930664,71.44587707519531,72.6332778930664,726211
2014-08-25,59.71500015258789,72.47980499267578,72.9321517944336,71.94668579101562,72.23748016357422,661092
2014-08-26,59.30903244018555,71.98707580566406,72.73828887939453,71.94668579101562,72.46365356445312,366819
2014-08-27,59.16197204589844,71.48626708984375,71.82552337646484,71.1712417602539,71.55088806152344,804700
2014-08-28,58.8945541381836,71.16316223144531,71.26817321777344,70.64620208740234,71.26009368896484,476506
2014-08-29,58.740840911865234,70.97738647460938,71.41356658935547,70.82391357421875,71.26009368896484,728811
2014-09-02,58.90795516967773,71.1793212890625,71.7447509765625,70.9531478881836,71.21163177490234,748247
2014-09-03,58.99485778808594,71.28433227539062,71.59127807617188,71.09046936035156,71.55088806152344,1168796
2014-09-04,58.8945541381836,71.16316223144531,72.21324920654297,71.02584838867188,71.29240417480469,811880
2014-09-05,58.92800521850586,71.20355224609375,71.25202178955078,70.48464965820312,70.96930694580078,882446
2014-09-08,58.37984848022461,70.54119873046875,71.1712417602539,70.39579772949219,70.96122741699219,1023331
2014-09-09,57.99879837036133,70.08077239990234,70.58966064453125,69.97576904296875,70.42810821533203,1091421
2014-09-10,57.93194961547852,70.0,70.44426727294922,69.7092056274414,70.2261734008789,1048957
2014-09-11,58.17927551269531,70.29886627197266,70.37964630126953,69.7738265991211,69.82229614257812,958460
2014-09-12,57.34366989135742,69.28917694091797,70.32310485839844,69.14378356933594,70.32310485839844,924786
2014-09-15,56.84897232055664,68.69143676757812,69.24878692626953,68.56219482421875,69.03069305419922,1203831
2014-09-16,57.00273132324219,68.8772201538086,69.18416595458984,68.10177612304688,68.63489532470703,770531
2014-09-17,56.63506317138672,68.43295288085938,69.45072937011719,68.36026000976562,69.14378356933594,1113705
2014-09-18,57.08963394165039,68.98223114013672,69.16801452636719,68.489501953125,68.66720581054688,660844
2014-09-19,57.04286575317383,68.92568969726562,69.57189178466797,68.69951629638672,69.41033935546875,1050072
2014-09-22,56.15375518798828,67.85137176513672,68.8287582397461,67.5928955078125,68.68335723876953,897550
2014-09-23,55.06410598754883,66.53473663330078,67.77059936523438,66.19548034667969,67.77059936523438,2448393
2014-09-24,54.77663803100586,66.1874008178711,66.5185775756836,65.3877182006836,66.10662078857422,2163900
2014-09-25,53.92765045166016,65.16155242919922,65.84814453125,65.16155242919922,65.83198547363281,1325403
2014-09-26,54.48918914794922,65.8400650024414,66.03392791748047,64.9919204711914,65.2261734008789,1104420
2014-09-29,54.362186431884766,65.68659210205078,65.86429595947266,64.88691711425781,65.18578338623047,1141436
2014-09-30,53.70035934448242,64.88691711425781,65.92891693115234,64.82229614257812,65.68659210205078,1242952
2014-10-01,53.10540008544922,64.16801452636719,65.02423095703125,63.94184112548828,64.78998565673828,2158082
2014-10-02,53.219051361083984,64.30532836914062,64.78998565673828,63.60258483886719,64.0468521118164,1558642
2014-10-03,53.33937454223633,64.45072937011719,65.02423095703125,64.41841888427734,64.7253646850586,2086401
2014-10-06,53.04522705078125,64.0953140258789,64.83844757080078,63.73182678222656,64.71728515625,1453288
2014-10-07,51.31382751464844,62.003231048583984,63.9660758972168,61.94668960571289,63.9660758972168,2350343
2014-10-08,52.40348434448242,63.31986999511719,63.36025619506836,61.720516204833984,62.10016250610352,2673213
2014-10-09,50.885986328125,61.48626708984375,63.16639709472656,61.45395660400391,63.10177612304688,1559509
2014-10-10,50.64533233642578,61.19547653198242,62.01938629150391,60.37964630126953,61.52665710449219,1761426
2014-10-13,48.41923141479492,58.505653381347656,61.332794189453125,58.41680145263672,60.848140716552734,2636940
2014-10-14,48.1451530456543,58.17447662353516,59.45880508422852,57.794830322265625,58.86106491088867,3415023
2014-10-15,48.17189025878906,58.20678329467773,58.44911193847656,56.54281234741211,57.47172927856445,2771387
2014-10-16,49.09441375732422,59.32148742675781,59.78998565673828,57.1647834777832,58.20678329467773,3967666
2014-10-17,49.80970764160156,60.18578338623047,60.83198547363281,59.70112991333008,60.15347290039063,3429260
2014-10-20,49.86319351196289,60.25040435791016,60.4200325012207,59.74151992797852,60.22616958618164,1763779
2014-10-21,51.23359298706055,61.90629959106445,61.98707580566406,60.78352355957031,60.95315170288086,1958021
2014-10-22,50.97290802001953,61.59127426147461,62.74636459350586,61.54281234741211,62.0274658203125,2549537
2014-10-23,52.3834228515625,63.29563903808594,63.71567153930664,62.35056686401367,62.37479782104492,2233228
2014-10-24,52.87141799926758,63.88529968261719,63.9579963684082,62.96445846557617,63.222938537597656,1367123
2014-10-27,51.86199188232422,62.66558837890625,63.31179428100586,62.2213249206543,63.279483795166016,2213915
2014-10-28,53.15219497680664,64.22455596923828,64.26494598388672,62.70597839355469,62.70597839355469,1611876
2014-10-29,52.791202545166016,63.788368225097656,64.6122817993164,63.14216613769531,64.36187744140625,1706212
2014-10-30,53.10540008544922,64.16801452636719,64.54766082763672,63.24717330932617,63.46526718139648,1148864
2014-10-31,53.10540008544922,64.16801452636719,65.2261734008789,63.78029251098633,65.11308288574219,2948668
2014-11-03,53.33269500732422,64.4426498413086,65.2746353149414,63.94992065429688,64.25686645507812,3030376
2014-11-04,52.87141799926758,63.88529968261719,65.04039001464844,63.63489532470703,64.88691711425781,11181245
2014-11-05,54.315372467041016,65.63005065917969,65.77544403076172,63.93376541137695,64.87883758544922,4608455
2014-11-06,54.12820053100586,65.40387725830078,65.96122741699219,64.87883758544922,65.6219711303711,2921804
2014-11-07,54.50253677368164,65.85621643066406,66.03392791748047,65.24232482910156,65.54927062988281,1659910
2014-11-10,54.40896224975586,65.74313354492188,66.02584838867188,65.32310485839844,65.9046859741211,1477058
2014-11-11,53.98112487792969,65.2261734008789,65.83198547363281,64.7738265991211,65.71082305908203,1669319
2014-11-12,54.20841598510742,65.50080871582031,65.75929260253906,64.87075805664062,64.92729949951172,1330355
2014-11-13,53.64687728881836,64.82229614257812,65.53311920166016,64.28109741210938,65.50080871582031,2916109
2014-11-14,53.620155334472656,64.78998565673828,65.24232482910156,64.62035369873047,64.64458465576172,1616333
2014-11-17,54.06134414672852,65.32310485839844,65.50080871582031,64.53150177001953,64.83037567138672,1448708
2014-11-18,53.95438766479492,65.19386291503906,65.74313354492188,65.0484619140625,65.21809387207031,1456136
2014-11-19,53.94101333618164,65.17770385742188,65.26655578613281,64.6688232421875,65.06462097167969,996342
2014-11-20,54.749908447265625,66.15509033203125,66.48626708984375,64.74959564208984,64.9515380859375,1539701
2014-11-21,55.28470230102539,66.8012924194336,67.43941497802734,66.56704711914062,67.075927734375,2402091
2014-11-24,55.56548690795898,67.14054870605469,67.3505630493164,66.4620361328125,66.96284484863281,1682071
2014-11-25,55.59232711791992,66.8497543334961,67.48788452148438,66.42972564697266,66.88206481933594,2600790
2014-11-26,54.483978271484375,65.51696014404297,66.90630340576172,65.37964630126953,66.66397094726562,1954554
2014-11-28,51.716453552246094,62.18901443481445,64.21647644042969,61.57512283325195,63.86914443969727,4225294
2014-12-01,50.39988327026367,60.60581588745117,60.96930313110352,59.23263168334961,60.54119491577149,4763205
2014-12-02,51.52836608886719,61.96284484863281,62.33441162109375,59.563812255859375,59.563812255859375,4768157
2014-12-03,51.676151275634766,62.14054870605469,62.60904693603516,61.97092056274414,62.10823822021485,3742598
2014-12-04,51.01114654541016,61.34087371826172,61.94668960571289,61.09854507446289,61.86591339111328,2343534
2014-12-05,50.85663604736328,61.15509033203125,61.57512283325195,60.37156677246094,60.95315170288086,2506702
2014-12-08,49.54677963256836,59.5799674987793,61.57512283325195,59.40226364135742,60.16155242919922,2999179
2014-12-09,49.41913604736328,59.42649459838867,59.57189178466797,58.36025619506836,58.46526718139648,2794661
2014-12-10,47.86743927001953,57.56058120727539,58.84490966796875,56.89014434814453,58.764137268066406,5662117
2014-12-11,47.1218376159668,56.66397476196289,57.8352165222168,56.59127426147461,57.8352165222168,3479770
2014-12-12,45.55670166015625,54.78190612792969,56.18740081787109,54.765750885009766,56.122779846191406,3810440
2014-12-15,45.51639175415039,54.73344039916992,55.29079055786133,54.22455596923828,55.25040435791016,4856550
2014-12-16,46.20827865600586,55.5654296875,57.85137176513672,54.66881942749024,54.66881942749024,5606531
2014-12-17,47.87417221069336,57.568660736083984,57.80290985107422,55.42810821533203,55.67851257324219,4512262
2014-12-18,48.45185470581055,58.263328552246094,59.26494216918945,57.7786750793457,58.691436767578125,4074629
2014-12-19,49.49302673339844,59.51534652709961,59.660743713378906,58.52180862426758,58.6833610534668,3730465
2014-12-22,49.58036422729492,59.62035369873047,59.71728515625,58.9579963684082,59.49919128417969,2149416
2014-12-23,50.030418395996094,60.16155242919922,60.638126373291016,59.67689895629883,59.725364685058594,1732333
2014-12-24,49.84233856201172,59.93537902832031,60.50080871582031,59.83844757080078,60.331180572509766,1050691
2014-12-26,49.59379577636719,59.636512756347656,60.39580154418945,59.59612274169922,59.93537902832031,1570155
2014-12-29,49.20418930053711,59.16801452636719,59.73344039916992,58.92568588256836,59.636512756347656,1908872
2014-12-30,49.35197448730469,59.34571838378906,59.57189178466797,58.80452346801758,59.07915878295898,1778635
2014-12-31,48.17644500732422,57.93214797973633,59.58804321289063,57.90791702270508,59.45072555541992,1906025
2015-01-02,48.351104736328125,58.14216613769531,58.691436767578125,57.39903259277344,58.27140426635742,2099648
2015-01-05,46.66504669189453,56.11470031738281,58.71567153930664,55.840065002441406,57.38287734985352,5079390
2015-01-06,46.4433822631836,55.848140716552734,56.413570404052734,55.20193862915039,56.30856323242188,3130407
2015-01-07,46.8262825012207,56.30856323242188,56.8012924194336,55.65428161621094,56.54281234741211,2993484
2015-01-08,47.78011322021485,57.45557403564453,57.4959602355957,56.413570404052734,56.9386100769043,2041214
2015-01-09,46.77925109863281,56.25201797485352,57.60904693603516,56.21163177490234,57.44749450683594,2395654
2015-01-12,46.174686431884766,55.52503967285156,56.47011184692383,54.765750885009766,56.413570404052734,2300080
2015-01-13,46.45009994506836,55.85622024536133,56.5185775756836,55.02423477172852,55.91276168823242,2786490
2015-01-14,46.20155715942383,55.557350158691406,55.80775451660156,54.74959564208984,55.06462097167969,2914500
2015-01-15,46.07392883300781,55.40387725830078,56.68013000488281,55.331180572509766,55.88853073120117,2862380
2015-01-16,46.73222351074219,56.19547653198242,56.357025146484375,55.048465728759766,55.37156677246094,3398310
2015-01-20,47.10838317871094,56.64781951904297,56.82552337646485,55.95315170288086,56.50242233276367,2290176
2015-01-21,48.16300582885742,57.915992736816406,58.0613899230957,56.3247184753418,56.3247184753418,2954487
2015-01-22,48.39140319824219,58.19063186645508,58.23909378051758,56.97899627685547,56.97899627685547,2333754
2015-01-23,46.85985565185547,56.34894943237305,58.00484848022461,56.29240798950195,57.62520217895508,2524653
2015-01-26,47.66593170166016,57.31825637817383,57.7786750793457,56.52665710449219,56.55896759033203,2621589
2015-01-27,47.45768356323242,57.06785202026367,57.7786750793457,55.17770767211914,56.18740081787109,3639225
2015-01-28,46.08064651489258,55.411956787109375,57.229400634765625,55.24232482910156,57.229400634765625,2812612
2015-01-29,47.11511993408203,56.6558952331543,56.922454833984375,55.02423477172852,55.34733581542969,3159128
2015-01-30,47.047943115234375,56.57512283325195,56.76090621948242,55.52503967285156,56.00969314575195,4845037
2015-02-02,48.61980056762695,58.46526718139648,58.562198638916016,55.01615524291992,56.15509033203125,4851970
2015-02-03,49.59379577636719,59.636512756347656,60.34733581542969,59.2972526550293,60.26655960083008,4883043
2015-02-04,48.53917694091797,58.36833572387695,59.28917694091797,58.19063186645508,59.1033935546875,2626788
2015-02-05,48.854888916015625,58.74798202514648,59.00646209716797,58.35218048095703,58.83683395385742,1696060
2015-02-06,48.438419342041016,58.24717330932617,59.01454162597656,58.06946563720703,58.71567153930664,1698536
2015-02-09,49.05641174316406,58.99030685424805,59.095314025878906,58.0613899230957,58.12601089477539,2140007
2015-02-10,48.66009521484375,58.51373291015625,59.28917694091797,57.96445846557617,59.15185928344727,1410949
2015-02-11,48.41826248168945,58.222938537597656,58.51373291015625,57.55250549316406,58.24717330932617,1174367
2015-02-12,49.224342346191406,59.19224548339844,59.26494216918945,58.3441047668457,58.61874008178711,1377770
2015-02-13,49.9833869934082,60.10500717163086,60.23424911499024,59.12762451171875,59.256866455078125,2648082
2015-02-17,49.90278625488281,60.008079528808594,60.09693145751953,59.03069686889648,59.8626823425293,1873589
2015-02-18,49.60722351074219,59.65266418457031,60.21001434326172,59.30533218383789,59.88691329956055,2522796
2015-02-19,49.90952301025391,60.01615524291992,60.08885192871094,58.9579963684082,59.26494216918945,2419919
2015-02-20,50.04385757446289,60.17770767211914,60.30694580078125,58.71567153930664,59.70920944213867,1690241
2015-02-23,49.5198974609375,59.54765701293945,60.12116241455078,59.17609024047852,59.846527099609375,1232305
2015-02-24,49.7482795715332,59.82229232788086,60.04038619995117,59.32148742675781,59.46688079833984,1143788
2015-02-25,49.59294509887695,59.31340789794922,59.725364685058594,58.9579963684082,59.442649841308594,1101572
2015-02-26,48.97837066650391,58.57835388183594,59.47496032714844,58.36833572387695,59.19224548339844,1676128
2015-02-27,48.66093444824219,58.198707580566406,59.01454162597656,58.10985565185547,58.52180862426758,1630570
2015-03-02,48.90407180786133,58.48949813842773,58.71567153930664,57.35056686401367,58.198707580566406,1821222
2015-03-03,48.7149658203125,58.263328552246094,58.80452346801758,57.73020935058594,58.158321380615234,2017940
2015-03-04,48.37728118896485,57.85945129394531,58.1179313659668,57.310176849365234,58.00484848022461,1430509
2015-03-05,48.937835693359375,58.52988815307617,58.55411911010742,57.58481216430664,57.85945129394531,2180366
2015-03-06,47.75591659545898,57.11631774902344,58.2552490234375,56.9386100769043,57.85945129394531,1619799
2015-03-09,48.43130493164063,57.924072265625,58.10985565185547,57.29402160644531,57.29402160644531,1431747
2015-03-10,47.39122009277344,56.68013000488281,57.42326354980469,56.68013000488281,57.42326354980469,1600982
2015-03-11,47.6005973815918,56.93053436279297,57.05169677734375,56.42164611816406,56.83360290527344,1444375
2015-03-12,48.57988357543945,58.10177612304688,58.222938537597656,57.18901443481445,57.27786636352539,1619056
2015-03-13,48.120635986328125,57.55250549316406,57.93214797973633,56.93053436279297,57.915992736816406,1840658
2015-03-16,48.20167922973633,57.64943313598633,57.88368225097656,57.33441162109375,57.689823150634766,2198440
2015-03-17,46.84417724609375,56.02584838867188,57.39095306396485,55.60581588745117,57.39095306396485,3017749
2015-03-18,48.694705963134766,58.23909378051758,58.43295669555664,55.50080871582031,55.81583023071289,2623322
2015-03-19,48.04634094238281,57.46364974975586,57.86752700805664,56.98707580566406,57.72213363647461,1585507
2015-03-20,48.15439987182617,57.592891693115234,58.05331039428711,57.487884521484375,57.73828887939453,4187164
2015-03-23,46.89144134521485,56.08238983154297,57.285945892333984,56.02584838867188,57.075927734375,2255388
2015-03-24,47.17510223388672,56.42164611816406,56.60742950439453,55.864295959472656,56.07431411743164,1302500
2015-03-25,46.90494537353516,56.09854507446289,56.68013000488281,55.77544403076172,56.64781951904297,1832364
2015-03-26,46.9387092590332,56.13893508911133,56.30048370361328,55.59773635864258,55.69466781616211,1947622
2015-03-27,47.1075553894043,56.34087371826172,56.75282669067383,56.00969314575195,56.26817321777344,1460469
2015-03-30,47.61410140991211,56.94668960571289,57.05169677734375,56.405494689941406,56.720516204833984,1198632
2015-03-31,46.68207550048828,55.83198547363281,56.57512283325195,55.46041870117188,56.57512283325195,2225676
2015-04-01,46.88468170166016,56.07431411743164,56.47819137573242,55.36348724365234,55.80775451660156,1390274
2015-04-02,47.0602912902832,56.28432846069336,57.04361724853516,55.73505783081055,56.09046936035156,1641464
2015-04-06,48.21517562866211,57.66558837890625,58.263328552246094,55.945072174072266,55.99353790283203,2003084
2015-04-07,48.20167922973633,57.64943313598633,58.17447662353516,57.35056686401367,57.39095306396485,1638988
2015-04-08,48.26245880126953,57.72213363647461,58.10985565185547,57.23748016357422,57.358642578125,2540747
2015-04-09,48.37052536010742,57.85137176513672,58.0613899230957,57.31825637817383,57.53635025024414,1626608
2015-04-10,46.871185302734375,56.05815887451172,57.35056686401367,55.79159927368164,57.34248733520508,5594893
2015-04-13,47.20212173461914,56.45395660400391,56.94668960571289,55.78352355957031,56.05815887451172,1713640
2015-04-14,47.89100646972656,57.27786636352539,57.44749450683594,56.25201797485352,56.30048370361328,2010512
2015-04-15,49.97116470336914,59.765750885009766,59.95961380004883,57.53635025024414,57.75444412231445,3267330
2015-04-16,49.4984016418457,59.200321197509766,59.93537902832031,59.07915878295898,59.54765701293945,2124656
2015-04-17,48.7149658203125,58.263328552246094,58.83683395385742,57.94022750854492,58.61066055297852,1919024
2015-04-20,49.29577255249024,58.9579963684082,59.15185928344727,58.52180862426758,58.52180862426758,1836202
2015-04-21,48.57988357543945,58.10177612304688,59.36995315551758,57.7786750793457,58.86914443969727,2520320
2015-04-22,48.5528678894043,58.06946563720703,58.158321380615234,57.38287734985352,58.0613899230957,1863190
2015-04-23,50.23456954956055,60.08077621459961,60.44426345825195,58.10985565185547,58.13408660888672,3093886
2015-04-24,49.86985397338867,59.64458847045898,60.26655960083008,59.07915878295898,59.91114807128906,1921871
2015-04-27,50.95046615600586,60.93699645996094,61.00969314575195,59.5234260559082,59.78190612792969,2575535
2015-04-28,51.13957977294922,61.16316604614258,61.25201797485352,60.557350158691406,60.67851257324219,2700326
2015-04-29,51.70688629150391,61.841678619384766,62.55250549316406,60.39580154418945,60.74313354492188,3374417
2015-04-30,51.13957977294922,61.16316604614258,61.98707580566406,60.91276168823242,61.62358474731445,2616513
2015-05-01,50.86265563964844,60.83198547363281,61.712440490722656,60.50080871582031,61.16316604614258,3524834
2015-05-04,51.004493713378906,61.00161743164063,61.405494689941406,60.581581115722656,60.848140716552734,1931899
2015-05-05,50.788368225097656,60.74313354492188,62.0840072631836,60.557350158691406,61.16316604614258,1473839
2015-05-06,50.89641952514648,60.87237548828125,61.38933944702149,60.49272918701172,61.332794189453125,1695689
2015-05-07,50.21430587768555,60.05654144287109,60.79159927368164,59.95961380004883,60.65428161621094,2465972
2015-05-08,50.73434066772461,60.67851257324219,61.38933944702149,60.21809387207031,61.27625274658203,2161796
2015-05-11,50.63978958129883,60.5654296875,60.99353790283203,60.39580154418945,60.77544403076172,1152949
2015-05-12,50.930206298828125,60.91276168823242,61.147010803222656,60.28271484375,60.31502532958984,1152330
2015-05-13,51.5718002319336,61.68013000488281,61.96284484863281,61.10662460327149,61.17124557495117,1867028
2015-05-14,51.673118591308594,61.8012924194336,62.358642578125,61.5993537902832,62.01938629150391,1591573
2015-05-15,51.294918060302734,61.34894943237305,61.841678619384766,60.72697830200195,61.78513717651367,1157778
2015-05-18,51.24761962890625,61.29240798950195,61.56704330444336,60.8966064453125,61.29240798950195,1076317
2015-05-19,51.13957977294922,61.16316604614258,61.227787017822266,60.20193862915039,60.945072174072266,2342544
2015-05-20,51.53804016113281,61.63974380493164,62.19709014892578,60.95315170288086,61.37318420410156,1440413
2015-05-21,52.38226318359375,62.64943313598633,63.158321380615234,61.50242233276367,61.59127426147461,2199431
2015-05-22,52.52408599853516,62.81906127929688,63.17447662353516,62.32633209228516,62.81906127929688,2325335
2015-05-26,52.125614166259766,62.34248733520508,62.7786750793457,62.06785202026367,62.42326354980469,2154863
2015-05-27,52.09845733642578,61.98707580566406,62.33441162109375,61.4620361328125,62.180938720703125,1353753
2015-05-28,51.98303985595703,61.84975814819336,62.180938720703125,61.26817321777344,61.7447509765625,1887826
2015-05-29,51.188743591308594,60.90468597412109,61.80936813354492,60.71082305908203,61.696285247802734,2032301
2015-06-01,51.032596588134766,60.71890258789063,61.28432846069336,60.50888442993164,61.28432846069336,1824812
2015-06-02,51.46708679199219,61.2358627319336,61.720516204833984,60.34733581542969,60.46041870117188,2722981
2015-06-03,51.46029281616211,61.227787017822266,62.124393463134766,60.91276168823242,61.42164611816406,1764150
2015-06-04,50.02104187011719,59.51534652709961,60.840065002441406,59.40226364135742,60.840065002441406,2328430
2015-06-05,50.08893585205078,59.59612274169922,59.95153427124024,59.07915878295898,59.46688079833984,1390893
2015-06-08,49.39645385742188,58.77221298217773,59.49919128417969,58.6752815246582,59.31340789794922,1809213
2015-06-09,49.15885162353516,58.48949813842773,59.50727081298828,58.2552490234375,58.90145492553711,3148110
2015-06-10,49.80379486083984,59.256866455078125,59.74959564208984,58.84490966796875,59.08723831176758,2080707
2015-06-11,49.8173713684082,59.27302169799805,59.49919128417969,58.79644775390625,59.40226364135742,1183776
2015-06-12,49.647647857666016,59.071083068847656,59.30533218383789,58.86914443969727,59.1033935546875,1136236
2015-06-15,48.80581283569336,58.06946563720703,58.6833610534668,57.875606536865234,58.481422424316406,1598877
2015-06-16,48.81939697265625,58.08562088012695,58.16639709472656,57.568660736083984,58.06946563720703,1500456
2015-06-17,49.34214782714844,58.70759201049805,58.92568588256836,58.33602523803711,58.33602523803711,1583154
2015-06-18,49.8513069152832,59.31340789794922,59.70920944213867,58.40872573852539,58.788368225097656,2013978
2015-06-19,49.247100830078125,58.594505310058594,59.18416976928711,58.52988815307617,59.15185928344727,1545891
2015-06-22,49.26067352294922,58.61066055297852,58.89337539672852,58.38449096679688,58.86106491088867,972325
2015-06-23,49.26067352294922,58.61066055297852,58.77221298217773,58.23909378051758,58.505653381347656,724354
2015-06-24,48.94839096069336,58.23909378051758,58.79644775390625,58.03715515136719,58.61874008178711,870685
2015-06-25,48.18122482299805,57.32633209228516,58.35218048095703,57.32633209228516,58.35218048095703,877866
2015-06-26,48.3170051574707,57.487884521484375,57.689823150634766,57.13247299194336,57.41518783569336,3681317
2015-06-29,47.58380508422852,56.615509033203125,57.431339263916016,56.53473281860352,56.720516204833984,1224877
2015-06-30,47.6448974609375,56.68820571899414,57.68174362182617,56.63166427612305,57.38287734985352,1722306
2015-07-01,47.54305648803711,56.56704330444336,57.33441162109375,56.38933944702149,57.2213249206543,1626608
2015-07-02,47.51591110229492,56.53473281860352,57.15670394897461,56.37318420410156,56.93053436279297,1800300
2015-07-06,47.149295806884766,56.09854507446289,56.76898193359375,55.67043685913086,55.87237548828125,1583773
2015-07-07,47.36656188964844,56.357025146484375,56.510501861572266,55.25848007202149,56.10662460327149,2262940
2015-07-08,46.21921920776367,54.991920471191406,56.11470031738281,54.725364685058594,55.88045120239258,1951088
2015-07-09,45.6489372253418,54.31340789794922,56.05815887451172,54.30533218383789,56.05815887451172,2336849
2015-07-10,44.31832504272461,52.73020935058594,54.06300354003906,52.25363540649414,53.31179428100586,3809945
2015-07-13,44.80712890625,53.31179428100586,53.562198638916016,52.60096740722656,53.05331039428711,3497102
2015-07-14,45.153358459472656,53.72374725341797,54.01454162597656,52.924072265625,53.18255233764648,2361609
2015-07-15,44.67813873291016,53.158321380615234,53.57835388183594,52.66558837890625,53.57835388183594,1935489
2015-07-16,45.024356842041016,53.570274353027344,53.99030685424805,53.44103240966797,53.52180862426758,2171452
2015-07-17,45.05831146240234,53.61066055297852,54.14377975463867,53.38449096679688,53.481422424316406,1850067
2015-07-20,45.010780334472656,53.55411911010742,53.852989196777344,53.287559509277344,53.546043395996094,1660529
2015-07-21,43.883819580078125,52.2132453918457,53.32794952392578,51.64781951904297,52.205169677734375,4155718
2015-07-22,43.82271957397461,52.14054870605469,52.633277893066406,51.720516204833984,51.95476531982422,1740752
2015-07-23,43.80235290527344,52.11631774902344,52.65751266479492,52.003231048583984,52.11631774902344,2149044
2015-07-24,43.51722717285156,51.77706146240234,52.31825637817383,51.615509033203125,52.24555587768555,2048395
2015-07-27,43.41537857055664,51.6558952331543,51.712440490722656,51.02584838867188,51.37318420410156,3196764
2015-07-28,43.61906051635742,51.898223876953125,52.14862823486328,51.3247184753418,51.95476531982422,2916728
2015-07-29,44.38621520996094,52.81098556518555,52.96445846557617,51.720516204833984,51.80936813354492,1434842
2015-07-30,43.870235443115234,52.19709014892578,52.7786750793457,51.9386100769043,52.7786750793457,1715992
2015-07-31,43.496849060058594,51.75282669067383,52.67366790771485,51.52665710449219,52.39095306396485,2296861
2015-08-03,42.60749435424805,50.69466781616211,51.52665710449219,50.581581115722656,51.42164611816406,2017445
2015-08-04,42.68219375610352,50.78352355957031,51.68820571899414,50.65428161621094,51.11470031738281,3658290
2015-08-05,43.24566268920898,51.45395660400391,52.35056686401367,51.20355224609375,51.20355224609375,1914567
2015-08-06,43.496849060058594,51.75282669067383,52.17285919189453,50.96122741699219,51.510501861572266,1404140
2015-08-07,43.35429000854492,51.58319854736328,52.45557403564453,51.37318420410156,51.58319854736328,1317480
2015-08-10,44.84785842895508,53.36025619506836,53.5379638671875,51.83360290527344,52.01131057739258,1734686
2015-08-11,43.74125289916992,52.04361724853516,52.67366790771485,51.72859573364258,52.57673645019531,1189966
2015-08-12,43.890625,52.2213249206543,52.46364974975586,51.29240798950195,51.73667144775391,1243942
2015-08-13,43.71409606933594,52.01131057739258,52.30210113525391,51.63974380493164,52.30210113525391,1342116
2015-08-14,43.41537857055664,51.6558952331543,52.407108306884766,51.59127426147461,51.94668960571289,1606429
2015-08-17,43.720890045166016,52.01938629150391,52.29402160644531,51.10662460327149,51.54281234741211,1627722
2015-08-18,43.4289665222168,51.67205047607422,51.9386100769043,51.357025146484375,51.93053436279297,1132399
2015-08-19,42.621070861816406,50.71082305908203,51.52665710449219,50.37156677246094,51.3247184753418,1321317
2015-08-20,41.541629791259766,49.42649459838867,50.68659210205078,49.42649459838867,50.355411529541016,1650873
2015-08-21,40.57760620117188,48.279483795166016,49.32956314086914,48.27140426635742,49.11954879760742,2088258
2015-08-24,39.30805206298828,46.76898193359375,48.46526718139648,44.83037185668945,45.65428161621094,2503112
2015-08-25,38.01137924194336,45.22616958618164,48.39257049560547,45.1938591003418,48.158321380615234,2560803
2015-08-26,39.53889846801758,47.04361724853516,47.09208297729492,45.52503967285156,46.08238983154297,3083858
2015-08-27,41.01594924926758,48.44911193847656,48.73990249633789,47.26171112060547,47.55250549316406,1964211
2015-08-28,41.28264999389648,48.764137268066406,49.11146926879883,48.02100372314453,48.12601089477539,1792748
2015-08-31,42.36310195922852,50.04038619995117,50.40387725830078,48.31179428100586,48.998382568359375,3554793
2015-09-01,40.3594856262207,47.67366790771485,49.071083068847656,47.43941879272461,48.73990249633789,2348857
2015-09-02,40.74926376342773,48.13408660888672,48.38449096679688,47.26171112060547,48.222938537597656,1707821
2015-09-03,40.66036605834961,48.02907943725586,48.691436767578125,47.81906127929688,47.88368225097656,2022768
2015-09-04,40.113319396972656,47.38287734985352,47.67366790771485,46.83360290527344,47.3667221069336,1918405
2015-09-08,42.06221389770508,49.68497467041016,49.8546028137207,48.4006462097168,48.73990249633789,2542109
2015-09-09,41.36470413208008,48.86106491088867,50.54119491577149,48.82875442504883,50.17770767211914,2021159
2015-09-10,41.25529861450195,48.73182678222656,49.200321197509766,48.41680145263672,48.88529968261719,1333450
2015-09-11,41.4125862121582,48.91761016845703,49.20840072631836,48.42487716674805,48.90145492553711,1616704
2015-09-14,41.01594924926758,48.44911193847656,48.94992065429688,48.21486282348633,48.74798202514648,1408720
2015-09-15,41.93229675292969,49.53150177001953,49.62843322753906,48.46526718139648,48.594505310058594,1481762
2015-09-16,42.438323974609375,50.129241943359375,50.25848007202149,49.539581298828125,49.57189178466797,1623018
2015-09-17,42.05536651611328,49.67689895629883,50.49272918701172,49.55573654174805,49.91922378540039,2094944
2015-09-18,41.61772918701172,49.159934997558594,49.5799674987793,48.83683395385742,48.99030685424805,5889166
2015-09-21,41.03648376464844,48.47334289550781,49.5234260559082,48.38449096679688,49.27302169799805,1575726
2015-09-22,40.39366149902344,47.714054107666016,48.18255233764648,47.13247299194336,47.770599365234375,1777644
2015-09-23,39.55939865112305,46.72859573364258,47.89176177978516,46.39741516113281,47.714054107666016,1862819
2015-09-24,39.62095260620117,46.8012924194336,47.05169677734375,45.43618774414063,46.06623458862305,1997142
2015-09-25,39.7098388671875,46.90629959106445,47.39095306396485,46.72859573364258,47.124393463134766,1677861
2015-09-28,38.63623809814453,45.638126373291016,46.437801361083984,45.4765739440918,46.429725646972656,1525959
2015-09-29,38.63623809814453,45.638126373291016,46.02584838867188,45.28271484375,45.79159927368164,2157463
2015-09-30,39.10123825073242,46.18740081787109,46.5185775756836,45.29887008666992,46.15509033203125,2701687
2015-10-01,38.64308166503906,45.64620590209961,46.68013000488281,45.21001434326172,46.29240798950195,1670557
2015-10-02,39.6483154296875,46.83360290527344,46.87398910522461,44.97576522827149,45.23424911499024,2379560
2015-10-05,41.207427978515625,48.6752815246582,48.9660758972168,46.87398910522461,47.2213249206543,2235580
2015-10-06,41.86390686035156,49.45072555541992,49.68497467041016,48.44103240966797,48.69951629638672,2166129
2015-10-07,42.34941482543945,50.02423477172852,51.44588088989258,48.99030685424805,49.943458557128906,2811374
2015-10-08,43.655521392822266,51.56704330444336,51.898223876953125,49.87883758544922,49.91922378540039,2139635
2015-10-09,42.05536651611328,49.67689895629883,51.85783386230469,49.66881942749024,51.696285247802734,3136473
2015-10-12,41.63140106201172,49.17609024047852,50.048465728759766,48.86106491088867,49.81421661376953,1719211
2015-10-13,41.25529861450195,48.73182678222656,49.49111557006836,48.65105056762695,48.852989196777344,1888940
2015-10-14,40.585147857666016,47.94022750854492,48.73182678222656,47.81906127929688,48.55411911010742,1598010
2015-10-15,40.89287185668945,48.30371475219727,48.42487716674805,47.17285919189453,48.01292419433594,1944155
2015-10-16,40.07910537719727,47.34248733520508,48.31179428100586,46.712440490722656,48.287559509277344,2270244
2015-10-19,39.46367263793945,46.615509033203125,47.27786636352539,46.437801361083984,46.97899627685547,2771634
2015-10-20,42.07588577270508,49.70112991333008,50.73505783081055,46.95476531982422,47.54442596435547,5791116
2015-10-21,42.31523132324219,49.98384475708008,51.42164611816406,49.45880508422852,49.88691329956055,3753616
2015-10-22,43.76494216918945,51.696285247802734,52.73828887939453,50.01615524291992,50.331180572509766,4444296
2015-10-23,44.06583404541016,52.05169677734375,52.47172927856445,51.37318420410156,52.47172927856445,2081202
2015-10-26,43.71022415161133,51.63166427612305,52.34248733520508,51.29240798950195,52.05169677734375,1447841
2015-10-27,42.70500564575195,50.44426345825195,50.99353790283203,50.11308670043945,50.848140716552734,1669814
2015-10-28,43.63501739501953,51.54281234741211,51.7447509765625,50.46041870117188,50.68659210205078,2140997
2015-10-29,43.81964111328125,51.76090621948242,52.05977249145508,51.21163177490234,51.21970748901367,1738895
2015-10-30,44.05898666381836,52.04361724853516,52.33441162109375,51.60742950439453,51.841678619384766,2400730
2015-11-02,44.612892150878906,52.697898864746094,52.924072265625,51.793216705322266,51.97899627685547,1317232
2015-11-03,44.715450286865234,52.81906127929688,53.46526718139648,52.633277893066406,52.89176177978516,1690860
2015-11-04,44.448768615722656,52.5040397644043,53.73182678222656,52.41518783569336,53.077545166015625,1591820
2015-11-05,44.10685729980469,52.10016250610352,52.75444412231445,51.67205047607422,52.358642578125,1589716
2015-11-06,44.10002136230469,52.09208297729492,52.26171112060547,51.147010803222656,51.841678619384766,1237257
2015-11-09,43.69655990600586,51.615509033203125,52.10016250610352,50.97738265991211,51.97092056274414,1072356
2015-11-10,43.75810623168945,51.68820571899414,52.01131057739258,50.96122741699219,51.413570404052734,1338649
2015-11-11,43.40935134887695,51.27625274658203,51.8012924194336,50.96122741699219,51.8012924194336,1150473
2015-11-12,43.69655990600586,51.615509033203125,51.76090621948242,50.43618774414063,51.5185775756836,4098523
2015-11-13,43.149505615234375,50.96930313110352,52.52019500732422,50.8966064453125,51.57512283325195,2448516
2015-11-16,43.9837646484375,51.95476531982422,51.98707580566406,50.81583023071289,50.93699645996094,1225372
2015-11-17,43.51192855834961,51.39741516113281,52.10016250610352,51.26009750366211,51.98707580566406,1240971
2015-11-18,44.42824172973633,52.47980499267578,52.53635025024414,51.18740081787109,51.57512283325195,1276378
2015-11-19,44.6881217956543,52.7867546081543,52.80290985107422,52.05169677734375,52.41518783569336,966135
2015-11-20,44.729129791259766,52.8352165222168,53.44911193847656,52.68174362182617,53.00484848022461,1329364
2015-11-23,44.6197395324707,52.70597839355469,53.158321380615234,52.44749450683594,52.689823150634766,1385941
2015-11-24,45.0710563659668,53.23909378051758,53.44911193847656,52.512115478515625,52.54442596435547,2165881
2015-11-25,44.80266571044922,52.58481216430664,53.158321380615234,52.3667221069336,52.915992736816406,1282444
2015-11-27,44.7957763671875,52.57673645019531,52.689823150634766,52.18901443481445,52.39903259277344,670996
2015-11-30,45.35322189331055,53.23101806640625,53.44103240966797,52.53635025024414,52.66558837890625,2064365
2015-12-01,45.81432723999024,53.77221298217773,54.02261734008789,53.05331039428711,53.06946563720703,2233971
2015-12-02,44.768253326416016,52.54442596435547,53.764137268066406,52.34248733520508,53.61874008178711,1821346
2015-12-03,45.18805313110352,53.03715515136719,53.37641525268555,52.13247299194336,52.61712265014648,3433964
2015-12-04,44.56178283691406,52.30210113525391,53.16639709472656,51.720516204833984,52.31825637817383,3273643
2015-12-07,44.19701766967773,51.87398910522461,52.11631774902344,51.05815887451172,51.72859573364258,2436755
2015-12-08,43.426231384277344,50.96930313110352,51.59127426147461,50.008079528808594,51.16316604614258,2421652
2015-12-09,43.63268661499024,51.21163177490234,52.01938629150391,50.63004684448242,50.7592887878418,1839420
2015-12-10,43.89421081542969,51.5185775756836,51.94668960571289,51.050079345703125,51.16316604614258,1714011
2015-12-11,42.49024963378906,49.87075805664063,50.98545837402344,49.77383041381836,50.840065002441406,1824936
2015-12-14,42.70359802246094,50.12116241455078,50.1453971862793,49.04684829711914,49.93537902832031,2069565
2015-12-15,42.7448844909668,50.16962814331055,50.73505783081055,49.991920471191406,50.52503967285156,1631932
2015-12-16,42.290672302246094,49.636512756347656,50.73505783081055,48.58642959594727,49.01454162597656,3150339
2015-12-17,40.92113876342773,48.02907943725586,49.70920944213867,47.85945129394531,49.442649841308594,2600419
2015-12-18,40.26044845581055,47.25363540649414,48.35218048095703,47.2132453918457,47.72213363647461,3080392
2015-12-21,40.72153854370117,47.794830322265625,47.96445846557617,47.27786636352539,47.52019500732422,1574736
2015-12-22,41.18953323364258,48.3441047668457,48.69951629638672,47.770599365234375,47.96445846557617,1518407
2015-12-23,42.71736907958984,50.1373176574707,50.48465347290039,48.82875442504883,48.82875442504883,1856010
2015-12-24,42.94447708129883,50.40387725830078,50.67043685913086,50.05654144287109,50.10500717163086,1357962
2015-12-28,42.88253784179688,50.331180572509766,50.45234298706055,49.91922378540039,50.24232482910156,2558203
2015-12-29,42.78619003295898,50.21809387207031,51.17124557495117,49.87883758544922,50.64620590209961,1481638
2015-12-30,42.448974609375,49.82229232788086,50.46041870117188,49.71728515625,49.92730331420898,993619
2015-12-31,42.194332122802734,49.5234260559082,50.10500717163086,49.281097412109375,49.49111557006836,718164
2016-01-04,42.42144393920898,49.78998565673828,49.8061408996582,48.32794952392578,48.562198638916016,2428956
2016-01-05,41.6162223815918,48.84490966796875,49.98384475708008,48.44103240966797,49.8061408996582,1335059
2016-01-06,40.735313415527344,47.81098556518555,48.505653381347656,47.57673645019531,48.01292419433594,1532025
2016-01-07,40.15033721923828,47.124393463134766,47.7867546081543,46.63166427612305,46.93053436279297,2011131
2016-01-08,39.80623245239258,46.720516204833984,47.52827072143555,46.55088806152344,47.30210113525391,2681508
2016-01-11,39.20746994018555,46.01777267456055,47.075927734375,45.67851257324219,46.84975814819336,2736104
2016-01-12,38.86336135864258,45.6138916015625,47.03554153442383,44.49111557006836,46.80936813354492,5218046
2016-01-13,38.07193374633789,44.68497467041016,46.45395660400391,44.61227798461914,45.008079528808594,2506455
2016-01-14,38.34035110473633,45.0,45.57350540161133,43.812599182128906,44.73344039916992,3856865
2016-01-15,36.40644836425781,42.73020935058594,43.5379638671875,42.568660736083984,43.40872573852539,3735417
2016-01-19,36.64044570922852,43.00484848022461,43.594505310058594,42.53635025024414,43.21486282348633,2583706
2016-01-20,36.23440170288086,42.52827072143555,42.7867546081543,41.122779846191406,42.407108306884766,2416824
2016-01-21,36.372047424316406,42.689823150634766,43.546043395996094,42.003231048583984,42.41518783569336,1818993
2016-01-22,36.67485809326172,43.04523468017578,44.1033935546875,42.60904693603516,43.69951629638672,2702678
2016-01-25,36.516563415527344,42.85945129394531,43.32794952392578,42.39903259277344,42.95638275146485,3059222
2016-01-26,38.58121109008789,45.28271484375,46.18740081787109,43.24717330932617,43.38449096679688,5140795
2016-01-27,38.06504821777344,44.67689895629883,45.97738265991211,44.36187362670898,45.048465728759766,2607847
2016-01-28,38.96661758422852,45.73505783081055,46.02584838867188,44.89499282836914,45.72697830200195,2566126
2016-01-29,40.22604370117188,47.2132453918457,47.25363540649414,45.945072174072266,45.945072174072266,2651796
2016-02-01,39.7924690246582,46.70436096191406,46.9386100769043,46.00161743164063,46.1793212890625,2491846
2016-02-02,39.104248046875,45.8966064453125,46.34894943237305,45.54119491577149,46.16316604614258,3900938
2016-02-03,40.08151245117188,47.04361724853516,47.30210113525391,45.05654144287109,46.413570404052734,3112208
2016-02-04,41.06564712524414,48.198707580566406,49.49919128417969,47.03554153442383,47.05169677734375,2490113
2016-02-05,41.25146484375,48.41680145263672,48.77221298217773,47.72213363647461,48.02907943725586,1852791
2016-02-08,41.06564712524414,48.198707580566406,48.3441047668457,47.41518783569336,47.7786750793457,1554928
2016-02-09,40.00580596923828,46.95476531982422,48.0613899230957,46.405494689941406,47.568660736083984,2945821
2016-02-10,39.23500061035156,46.050079345703125,47.67366790771485,45.96122741699219,47.05977249145508,2323355
2016-02-11,39.40018844604492,46.24394226074219,46.38125991821289,44.66881942749024,45.16962814331055,2781043
2016-02-12,40.735313415527344,47.81098556518555,48.03715515136719,46.357025146484375,46.82552337646485,1977086
2016-02-16,41.49234390258789,48.69951629638672,48.70759201049805,47.46364974975586,48.33602523803711,1926699
2016-02-17,42.428321838378906,49.79806137084961,50.33925628662109,48.9579963684082,49.20840072631836,1945269
2016-02-18,42.428321838378906,49.79806137084961,50.30694580078125,49.34571838378906,49.70112991333008,1813918
2016-02-19,41.71945571899414,48.9660758972168,49.69305419921875,48.63489532470703,49.65266418457031,2708620
2016-02-22,42.290672302246094,49.636512756347656,50.129241943359375,49.40226364135742,49.660743713378906,3114065
2016-02-23,41.55428314208984,48.77221298217773,49.91922378540039,48.66720581054688,49.55573654174805,1412310
2016-02-24,41.14135360717773,48.287559509277344,48.505653381347656,46.97092056274414,47.93214797973633,2161672
2016-02-25,41.95921325683594,48.90145492553711,48.99030685424805,47.82714080810547,48.279483795166016,1745828
2016-02-26,42.35425567626953,49.36187362670898,49.74959564208984,49.14377975463867,49.483036041259766,1174738
2016-02-29,42.12553405761719,49.095314025878906,49.8626823425293,49.05492782592773,49.49111557006836,1446355
2016-03-01,43.1582260131836,50.29887008666992,50.29887008666992,49.071083068847656,49.66881942749024,1373932
2016-03-02,43.35922622680664,50.53311920166016,50.74313354492188,49.78190612792969,49.79806137084961,3199859
2016-03-03,43.282981872558594,50.44426345825195,50.96122741699219,50.23424911499024,50.60581588745117,1883122
2016-03-04,43.80278396606445,51.050079345703125,51.56704330444336,50.22616958618164,50.67043685913086,1399064
2016-03-07,45.20281219482422,52.68174362182617,52.80290985107422,50.848140716552734,50.848140716552734,2186432
2016-03-08,43.74734878540039,50.98545837402344,52.19709014892578,50.93699645996094,52.03554153442383,2260093
2016-03-09,43.04733657836914,50.16962814331055,51.18740081787109,49.55573654174805,51.00969314575195,2322612
2016-03-10,42.28494644165039,49.281097412109375,50.1453971862793,48.764137268066406,50.12116241455078,2111780
2016-03-11,43.511695861816406,50.71082305908203,50.864295959472656,49.725364685058594,49.92730331420898,1843011
2016-03-14,43.20674514770508,50.355411529541016,50.85622024536133,50.08885192871094,50.40387725830078,1208288
2016-03-15,42.61762619018555,49.66881942749024,49.78190612792969,47.58481216430664,47.65751266479492,2976771
2016-03-16,44.1631965637207,51.47011184692383,51.55088806152344,49.60419845581055,49.660743713378906,2192622
2016-03-17,45.45925521850586,52.980613708496094,53.65912628173828,51.54281234741211,51.54281234741211,3942040
2016-03-18,45.75729370117188,53.32794952392578,53.788368225097656,52.924072265625,53.0613899230957,2129236
2016-03-21,45.847389221191406,53.43295669555664,53.48949813842773,52.487884521484375,52.68174362182617,1263750
2016-03-22,45.95134735107422,53.55411911010742,53.73182678222656,52.915992736816406,53.01292419433594,1781853
2016-03-23,44.87013626098633,52.29402160644531,53.47334289550781,52.19709014892578,53.31179428100586,1222030
2016-03-24,44.78004455566406,52.18901443481445,52.18901443481445,51.405494689941406,51.99515151977539,1101077
2016-03-28,44.52359008789063,51.89014434814453,52.3667221069336,51.58319854736328,52.2132453918457,761246
2016-03-29,44.80082702636719,52.2132453918457,52.229400634765625,51.3247184753418,51.49434661865234,1296186
2016-03-30,44.58598709106445,51.96284484863281,52.90791702270508,51.75282669067383,52.70597839355469,1270312
2016-03-31,44.58598709106445,51.96284484863281,52.19709014892578,51.47819137573242,52.05169677734375,1276997
2016-04-01,44.45429229736328,51.80936813354492,51.90629959106445,50.51696395874024,51.44588088989258,1397950
2016-04-04,43.62258529663086,50.840065002441406,51.98707580566406,50.75121307373047,51.7447509765625,1898844
2016-04-05,43.18595123291016,50.331180572509766,50.54927444458008,49.82229232788086,50.33925628662109,1800052
2016-04-06,43.69191360473633,50.920841217041016,50.98545837402344,49.78998565673828,50.30694580078125,1346696
2016-04-07,43.4701042175293,50.662357330322266,51.09046936035156,50.36348724365234,50.58966064453125,1777025
2016-04-08,43.60179901123047,50.81583023071289,52.15670394897461,50.69466781616211,51.3247184753418,1112838
2016-04-11,44.17706680297852,51.48626708984375,51.9386100769043,50.97738265991211,51.02584838867188,1324165
2016-04-12,45.244407653808594,52.73020935058594,53.33602523803711,51.615509033203125,51.76090621948242,2135921
2016-04-13,45.826602935791016,53.40872573852539,53.505653381347656,52.75444412231445,52.996768951416016,1693832
2016-04-14,45.785003662109375,53.36025619506836,54.04684829711914,53.17447662353516,53.73990249633789,1401911
2016-04-15,45.72957611083984,53.29563903808594,53.48949813842773,53.077545166015625,53.287559509277344,1203212
2016-04-18,46.207794189453125,53.852989196777344,54.00646209716797,52.62520217895508,52.770599365234375,1071118
2016-04-19,47.10879898071289,54.90306854248047,55.21809387207031,53.94184112548828,54.27302169799805,1740133
2016-04-20,46.9909553527832,54.765750885009766,55.1453971862793,54.21647644042969,54.943458557128906,1422957
2016-04-21,46.214725494384766,53.86106491088867,54.78998565673828,52.5040397644043,53.73182678222656,2575783
2016-04-22,46.67909240722656,54.40226364135742,54.846527099609375,53.89337539672852,53.89337539672852,1540939
2016-04-25,46.29096221923828,53.94992065429688,55.04038619995117,53.69951629638672,54.58804321289063,1399930
2016-04-26,46.22858810424805,53.877220153808594,54.20840072631836,53.46526718139648,53.998382568359375,1922738
2016-04-27,46.263221740722656,53.91761016845703,54.22455596923828,53.570274353027344,53.88529968261719,2172566
2016-04-28,45.77115631103516,53.3441047668457,54.14377975463867,53.17447662353516,53.61874008178711,1873589
2016-04-29,45.53549957275391,53.06946563720703,53.88529968261719,52.714054107666016,53.27140426635742,2417566
2016-05-02,45.39688491821289,52.90791702270508,53.279483795166016,52.30210113525391,52.697898864746094,1347811
2016-05-03,44.89094543457031,52.31825637817383,52.67366790771485,51.81744766235352,52.56058120727539,1694698
2016-05-04,44.01073455810547,51.29240798950195,52.54442596435547,51.11470031738281,52.09208297729492,1128066
2016-05-05,43.948341369628906,51.21970748901367,52.01938629150391,51.130855560302734,51.696285247802734,1691975
2016-05-06,44.30181121826172,51.63166427612305,51.696285247802734,50.96122741699219,50.96122741699219,1067899
2016-05-09,43.74041748046875,50.97738265991211,51.37318420410156,50.79967880249024,51.28432846069336,1654339
2016-05-10,45.69491958618164,53.2552490234375,53.36833572387695,51.5185775756836,51.89014434814453,1896987
2016-05-11,45.77808380126953,53.35218048095703,53.6752815246582,52.86752700805664,53.158321380615234,1571022
2016-05-12,45.83353042602539,53.41680145263672,53.9579963684082,52.7867546081543,53.481422424316406,1443260
2016-05-13,45.00182723999024,52.44749450683594,53.65912628173828,52.34248733520508,53.27140426635742,1293958
2016-05-16,46.089962005615234,53.71567153930664,53.99030685424805,52.633277893066406,52.714054107666016,1386065
2016-05-17,46.18008041381836,53.8206787109375,54.200321197509766,53.39257049560547,53.60258483886719,1909367
2016-05-18,45.4107551574707,52.924072265625,53.73182678222656,52.58481216430664,53.546043395996094,1803147
2016-05-19,44.43350601196289,51.78513717651367,52.568660736083984,51.19547653198242,52.568660736083984,2163157
2016-05-20,44.80775451660156,52.2213249206543,52.55250549316406,51.8012924194336,52.19709014892578,1276997
2016-05-23,44.7523193359375,52.15670394897461,52.45557403564453,51.712440490722656,52.06785202026367,758894
2016-05-24,45.57015609741211,53.10985565185547,53.198707580566406,52.23748016357422,52.4959602355957,937166
2016-05-25,46.207794189453125,53.852989196777344,53.98222732543945,53.33602523803711,53.36025619506836,1722553
2016-05-26,46.5146713256836,53.86914443969727,54.418418884277344,53.65105056762695,53.90145492553711,1232677
2016-05-27,46.54954528808594,53.90953063964844,54.03877258300781,53.60258483886719,53.73990249633789,639922
2016-05-31,46.5565185546875,53.91761016845703,54.26494216918945,53.594505310058594,53.9579963684082,1315746
2016-06-01,46.71693801879883,54.1033935546875,54.159934997558594,53.18255233764648,53.45718765258789,1571022
2016-06-02,46.73089599609375,54.11954879760742,54.200321197509766,53.570274353027344,53.9660758972168,1181176
2016-06-03,46.5634994506836,53.92568588256836,54.39418411254883,53.39257049560547,54.05492782592773,911168
2016-06-06,48.68383026123047,56.38125991821289,56.45395660400391,54.05492782592773,54.30533218383789,2891349
2016-06-07,49.172061920166016,56.94668960571289,57.15670394897461,56.47819137573242,56.62358474731445,2008160
2016-06-08,49.96718215942383,57.86752700805664,58.44911193847656,57.714054107666016,57.980613708496094,2245608
2016-06-09,50.27408218383789,58.222938537597656,58.37641525268555,57.26171112060547,57.26171112060547,1844372
2016-06-10,49.29063415527344,57.0840072631836,58.14216613769531,56.83360290527344,57.81098556518555,2245237
2016-06-13,48.95584487915039,56.696285247802734,57.39095306396485,56.54281234741211,56.80936813354492,1237257
2016-06-14,48.54433441162109,56.21970748901367,56.80936813354492,55.85622024536133,56.48626708984375,2173309
2016-06-15,48.5931510925293,56.27625274658203,56.89014434814453,56.07431411743164,56.10662460327149,2085163
2016-06-16,48.66989135742188,56.36510467529297,56.510501861572266,55.1373176574707,55.848140716552734,1086469
2016-06-17,49.01165390014648,56.76090621948242,57.13247299194336,56.4620361328125,56.4620361328125,2366313
2016-06-20,49.69517135620117,57.55250549316406,58.18255233764648,57.23748016357422,57.47980499267578,1271302
2016-06-21,49.395263671875,57.205169677734375,57.47172927856445,56.76898193359375,57.35056686401367,1148369
2016-06-22,49.26272964477539,57.05169677734375,57.65751266479492,57.01131057739258,57.3667221069336,909435
2016-06-23,49.98112869262695,57.88368225097656,58.01292419433594,57.41518783569336,57.770599365234375,1193556
2016-06-24,47.05174255371094,54.49111557006836,56.01777267456055,54.34571838378906,55.581581115722656,2018311
2016-06-27,45.05695724487305,52.180938720703125,53.92568588256836,51.63974380493164,53.86106491088867,2026358
2016-06-28,46.17988967895508,53.481422424316406,53.48949813842773,52.67366790771485,52.8352165222168,1592068
2016-06-29,47.40048599243164,54.89499282836914,55.02423477172852,53.71567153930664,54.200321197509766,1739142
2016-06-30,48.34905242919922,55.99353790283203,56.00161743164063,54.58804321289063,55.048465728759766,1661644
2016-07-01,48.237449645996094,55.864295959472656,56.56704330444336,55.78352355957031,55.85622024536133,1947869
2016-07-05,46.80064392089844,54.200321197509766,55.23424911499024,54.071083068847656,55.23424911499024,2757893
2016-07-06,46.89131927490234,54.30533218383789,54.39418411254883,53.55411911010742,53.9579963684082,2691041
2016-07-07,47.93752670288086,55.51696395874024,56.26009750366211,54.75767517089844,54.87883758544922,4233217
2016-07-08,49.06045913696289,56.81744766235352,56.922454833984375,56.13893508911133,56.18740081787109,2291043
2016-07-11,49.56962585449219,57.407108306884766,57.84329605102539,56.94668960571289,57.2132453918457,1388912
2016-07-12,50.23920440673828,58.18255233764648,58.505653381347656,57.8352165222168,57.90791702270508,1442394
2016-07-13,50.44147491455078,58.41680145263672,58.69951629638672,57.68174362182617,58.27140426635742,1552576
2016-07-14,50.6158332824707,58.61874008178711,59.36187362670898,58.594505310058594,58.93376541137695,1035463
2016-07-15,50.99247360229492,59.05492782592773,59.18416976928711,58.72374725341797,58.90145492553711,1267341
2016-07-18,51.05525588989258,59.12762451171875,59.15185928344727,58.63489532470703,58.974151611328125,1001666
2016-07-19,50.894832611083984,58.94184112548828,59.135704040527344,58.562198638916016,58.72374725341797,823518
2016-07-20,50.95062255859375,59.00646209716797,59.4345703125,58.65105056762695,58.98222732543945,1968668
2016-07-21,50.15550231933594,58.08562088012695,59.159934997558594,57.43941879272461,57.98868942260742,3630187
2016-07-22,49.70912551879883,57.568660736083984,58.04523468017578,56.7447509765625,58.01292419433594,2063746
2016-07-25,49.50685501098633,57.33441162109375,57.38287734985352,56.77706146240234,57.35056686401367,983591
2016-07-26,50.4623908996582,58.44103240966797,58.51373291015625,57.85945129394531,57.85945129394531,2421776
2016-07-27,50.1066780090332,58.02907943725586,59.135704040527344,57.70597839355469,58.6833610534668,2743037
2016-07-28,50.01601409912109,57.924072265625,58.03715515136719,57.568660736083984,57.81098556518555,1337040
2016-07-29,49.82070541381836,57.697898864746094,57.980613708496094,57.01938629150391,57.68174362182617,1668576
2016-08-01,48.77449798583984,56.48626708984375,57.4959602355957,56.357025146484375,57.431339263916016,2297480
2016-08-02,48.5931510925293,56.27625274658203,56.55896759033203,55.37964630126953,56.429725646972656,2524282
2016-08-03,49.28366470336914,57.075927734375,57.23748016357422,56.122779846191406,56.30048370361328,1454402
2016-08-04,49.62542724609375,57.47172927856445,58.19063186645508,57.0274658203125,57.0274658203125,1198260
2016-08-05,50.5670166015625,58.562198638916016,58.562198638916016,57.55250549316406,57.65751266479492,1065175
2016-08-08,51.431888580322266,59.563812255859375,59.64458847045898,58.63489532470703,58.852989196777344,2146940
2016-08-09,51.3272705078125,59.442649841308594,59.8546028137207,59.08723831176758,59.71728515625,1355486
2016-08-10,51.180789947509766,59.27302169799805,59.83037185668945,59.11954879760742,59.660743713378906,899531
2016-08-11,51.98289489746094,60.20193862915039,60.30694580078125,59.47496032714844,59.66881942749024,1212745
2016-08-12,51.38306427001953,59.50727081298828,60.11308670043945,59.35379409790039,59.97576522827149,577156
2016-08-15,51.92011642456055,60.129241943359375,60.37156677246094,59.71728515625,59.71728515625,1024569
2016-08-16,51.773658752441406,59.95961380004883,60.23424911499024,59.75767517089844,60.10500717163086,962916
2016-08-17,51.5295295715332,59.67689895629883,59.991920471191406,59.46688079833984,59.97576522827149,1021969
2016-08-18,51.73877716064453,59.91922378540039,59.91922378540039,59.5799674987793,59.75767517089844,894826
2016-08-19,51.87828063964844,60.08077621459961,60.1453971862793,59.20840072631836,59.69305419921875,946946
2016-08-22,51.82945251464844,60.02423477172852,60.06462097167969,59.54765701293945,59.65266418457031,776597
2016-08-23,51.724830627441406,59.90306854248047,60.50080871582031,59.8546028137207,60.21809387207031,1087212
2016-08-24,51.341217041015625,59.45880508422852,59.98384475708008,59.2972526550293,59.78190612792969,1095259
2016-08-25,51.39701843261719,59.5234260559082,59.59612274169922,59.20840072631836,59.33764266967773,667158
2016-08-26,51.27843475341797,59.3861083984375,60.08885192871094,59.1033935546875,59.70112991333008,830079
2016-08-29,51.70646286010742,59.5234260559082,59.660743713378906,59.00646209716797,59.20840072631836,700956
2016-08-30,51.5099983215332,59.2972526550293,59.68497467041016,59.04684829711914,59.45880508422852,671244
2016-08-31,50.87147521972656,58.562198638916016,59.18416976928711,58.37641525268555,59.1033935546875,901016
2016-09-01,50.89952850341797,58.594505310058594,58.61066055297852,57.915992736816406,58.594505310058594,1103429
2016-09-02,51.0468978881836,58.764137268066406,59.095314025878906,58.562198638916016,58.94184112548828,1406987
2016-09-06,50.65394592285156,58.31179428100586,59.05492782592773,58.03715515136719,58.84490966796875,1218316
2016-09-07,50.324161529541016,57.93214797973633,58.287559509277344,57.73828887939453,58.13408660888672,1550966
2016-09-08,50.89952850341797,58.594505310058594,58.70759201049805,57.61712265014648,57.85137176513672,1554557
2016-09-09,48.45068740844727,55.77544403076172,58.2552490234375,55.77544403076172,58.03715515136719,1701136
2016-09-12,49.10324478149414,56.52665710449219,56.720516204833984,55.06462097167969,55.40387725830078,1034349
2016-09-13,47.98057556152344,55.23424911499024,56.09854507446289,54.89499282836914,55.848140716552734,1702126
2016-09-14,47.42623901367188,54.59612274169922,55.34733581542969,54.200321197509766,55.22616958618164,2487761
2016-09-15,48.13494110107422,55.411956787109375,55.69466781616211,54.45072555541992,54.64458847045898,1746942
2016-09-16,47.67182159423828,54.87883758544922,55.21809387207031,54.61227798461914,55.1453971862793,1830878
2016-09-19,48.191062927246094,55.4765739440918,55.59773635864258,55.1453971862793,55.57350540161133,1041034
2016-09-20,48.40157318115234,55.71890258789063,55.97738265991211,55.54119491577149,55.79159927368164,1296186
2016-09-21,49.49618148803711,56.97899627685547,57.06785202026367,55.81583023071289,56.00161743164063,1474087
2016-09-22,50.20488739013672,57.794830322265625,57.89176177978516,57.310176849365234,57.70597839355469,1314508
2016-09-23,48.82257461547852,56.20355224609375,57.7786750793457,56.1793212890625,57.56058120727539,1174862
2016-09-26,48.3314094543457,55.638126373291016,56.16316604614258,55.58966064453125,55.99353790283203,1444746
2016-09-27,48.73136138916016,56.09854507446289,56.09854507446289,55.21001434326172,55.28271484375,2015588
2016-09-28,50.14873504638672,57.73020935058594,57.794830322265625,56.28432846069336,56.3247184753418,1613857
2016-09-29,50.42940521240234,58.05331039428711,58.49757766723633,57.54442596435547,57.641357421875,1665481
2016-09-30,51.671382904052734,59.483036041259766,59.75767517089844,58.222938537597656,58.44911193847656,1937718
2016-10-03,51.58717727661133,59.3861083984375,59.95961380004883,59.16801452636719,59.18416976928711,1437937
2016-10-04,50.94865417480469,58.65105056762695,59.57189178466797,58.35218048095703,59.45880508422852,1663005
2016-10-05,51.699440002441406,59.51534652709961,60.01615524291992,59.03069686889648,59.1033935546875,1160377
2016-10-06,51.70646286010742,59.5234260559082,59.69305419921875,59.08723831176758,59.30533218383789,1088945
2016-10-07,50.68903732299805,58.35218048095703,59.30533218383789,57.90791702270508,58.60258483886719,1434718
2016-10-10,46.79474258422852,53.86914443969727,56.841678619384766,53.70759201049805,55.08077621459961,6170440
2016-10-11,46.94910430908203,54.04684829711914,55.048465728759766,53.44103240966797,53.44103240966797,3634273
2016-10-12,47.21573638916016,54.35379409790039,54.50727081298828,53.89337539672852,54.08723831176758,1934251
2016-10-13,46.7596549987793,53.82875442504883,53.89337539672852,53.198707580566406,53.642974853515625,2315060
2016-10-14,47.55956268310547,54.74959564208984,55.01615524291992,53.9579963684082,54.11954879760742,2168976
2016-10-17,47.44728469848633,54.62035369873047,54.91922378540039,54.46688079833984,54.81421661376953,1346573
2016-10-18,47.39115905761719,54.55573654174805,55.29079055786133,54.33764266967773,55.29079055786133,1741618
2016-10-19,48.71031951904297,56.07431411743164,57.23748016357422,54.73344039916992,54.92730331420898,2749598
2016-10-20,47.85425567626953,55.08885192871094,56.78513717651367,54.96768951416016,55.97738265991211,2596210
2016-10-21,48.16300964355469,55.44426345825195,55.54927444458008,54.18416976928711,54.2972526550293,1697917
2016-10-24,48.38052368164063,55.69466781616211,56.09046936035156,55.355411529541016,55.90468597412109,1215221
2016-10-25,47.6928825378418,54.90306854248047,55.75121307373047,54.8546028137207,55.62197113037109,1716611
2016-10-26,48.120906829833984,55.39580154418945,56.0420036315918,54.54765701293945,54.66881942749024,1291605
2016-10-27,47.35607147216797,54.51534652709961,55.68659210205078,54.50727081298828,55.63004684448242,2101505
2016-10-28,47.55255126953125,54.74151992797852,55.59773635864258,54.60419845581055,54.77383041381836,1878541
2016-10-31,46.93508529663086,54.03069686889648,55.16962814331055,54.00646209716797,55.06462097167969,2017692
2016-11-01,46.67544937133789,53.73182678222656,54.20840072631836,53.15024185180664,54.05492782592773,2990389
2016-11-02,46.52106857299805,53.55411911010742,53.88529968261719,52.90791702270508,53.32794952392578,4181840
2016-11-03,46.56318283081055,53.60258483886719,54.159934997558594,53.27140426635742,53.57835388183594,2113761
2016-11-04,45.98079299926758,52.93214797973633,53.86106491088867,52.90791702270508,53.58642959594727,3376521
2016-11-07,46.80876159667969,53.88529968261719,54.200321197509766,53.46526718139648,53.974151611328125,4377197
2016-11-08,46.85787963867188,53.94184112548828,54.35379409790039,53.65912628173828,53.88529968261719,3126940
2016-11-09,49.29268264770508,56.7447509765625,57.61712265014648,53.94184112548828,54.18416976928711,3717962
2016-11-10,50.246978759765625,57.84329605102539,58.20678329467773,57.34248733520508,57.34248733520508,3024682
2016-11-11,49.77684783935547,57.30210113525391,58.33602523803711,57.10016250610352,57.47980499267578,2305527
2016-11-14,49.84000778198242,57.37479782104492,58.00484848022461,56.66397476196289,57.84329605102539,1364895
2016-11-15,50.2119026184082,57.80290985107422,57.90791702270508,57.15670394897461,57.42326354980469,2122056
2016-11-16,49.58740997314453,57.0840072631836,57.568660736083984,56.5993537902832,57.34248733520508,1150845
2016-11-17,49.215518951416016,56.6558952331543,57.33441162109375,56.50242233276367,57.10823822021485,1429642
2016-11-18,49.22954177856445,56.67205047607422,56.8012924194336,56.13893508911133,56.6558952331543,1179938
2016-11-21,50.58378982543945,58.23101806640625,58.94992065429688,57.003231048583984,57.075927734375,2519825
2016-11-22,50.2329330444336,57.82714080810547,58.51373291015625,57.13247299194336,58.51373291015625,1428776
2016-11-23,50.68903732299805,58.35218048095703,58.44911193847656,57.84329605102539,58.04523468017578,1446355
2016-11-25,50.71710586547852,58.38449096679688,58.546043395996094,57.88368225097656,58.38449096679688,540511
2016-11-28,49.933475494384766,57.13247299194336,58.158321380615234,57.075927734375,58.02907943725586,926395
2016-11-29,49.2628059387207,56.36510467529297,56.68820571899414,55.008079528808594,56.68820571899414,1600610
2016-11-30,51.26070022583008,58.65105056762695,60.02423477172852,58.13408660888672,58.84490966796875,3500197
2016-12-01,53.32215118408203,61.00969314575195,61.97899627685547,59.256866455078125,59.256866455078125,4437611
2016-12-02,52.517333984375,60.08885192871094,61.130855560302734,59.62843322753906,60.79967880249024,2226667
2016-12-05,52.69382858276367,60.29079055786133,61.10662460327149,60.08077621459961,60.581581115722656,2450745
2016-12-06,52.750301361083984,60.355411529541016,60.40387725830078,59.45880508422852,59.93537902832031,2623198
2016-12-07,54.14813232421875,61.95476531982422,61.97899627685547,60.274635314941406,60.48465347290039,1464678
2016-12-08,53.837493896484375,61.5993537902832,62.180938720703125,61.28432846069336,61.80936813354492,1727629
2016-12-09,54.23284149169922,62.05169677734375,62.09208297729492,61.34087371826172,61.6558952331543,1046234
2016-12-12,54.18342208862305,61.99515151977539,63.222938537597656,61.76090621948242,62.229400634765625,1402902
2016-12-13,54.45169448852539,62.30210113525391,62.93214797973633,62.06785202026367,62.310176849365234,1239857
2016-12-14,53.39979553222656,61.09854507446289,62.54442596435547,61.01777267456055,61.64781951904297,1192442
2016-12-15,53.67513275146485,61.413570404052734,61.97092056274414,60.58966064453125,60.73505783081055,977277
2016-12-16,53.3574447631836,61.050079345703125,62.180938720703125,60.85622024536133,61.437801361083984,2007293
2016-12-19,53.42097854614258,61.122779846191406,61.6558952331543,60.49272918701172,61.05815887451172,1007608
2016-12-20,53.65395736694336,61.38933944702149,62.10016250610352,61.10662460327149,61.48626708984375,774740
2016-12-21,53.576290130615234,61.30048370361328,61.83360290527344,60.96930313110352,61.54281234741211,663568
2016-12-22,53.37155151367188,61.06623458862305,61.30856323242188,60.840065002441406,61.21163177490234,735496
2016-12-23,53.37155151367188,61.06623458862305,61.2358627319336,60.85622024536133,61.16316604614258,484429
2016-12-27,53.87985229492188,61.64781951904297,61.841678619384766,61.16316604614258,61.16316604614258,673720
2016-12-28,53.16682052612305,60.83198547363281,61.98707580566406,60.72697830200195,61.63166427612305,1392007
2016-12-29,53.08209991455078,60.73505783081055,61.34087371826172,60.50888442993164,61.00969314575195,527759
2016-12-30,52.8985481262207,60.52503967285156,60.88853073120117,60.20193862915039,60.75121307373047,647226
2017-01-03,53.95045852661133,61.72859573364258,62.62520217895508,60.920841217041016,61.63974380493164,1637998
2017-01-04,54.20460510253906,62.01938629150391,62.075927734375,61.44588088989258,61.8820686340332,1165948
2017-01-05,54.028106689453125,61.81744766235352,62.431339263916016,61.07431411743164,61.793216705322266,1155178
2017-01-06,54.86823654174805,62.7786750793457,63.78029251098633,62.39095306396485,62.46364974975586,3123350
2017-01-09,54.1622428894043,61.97092056274414,62.924072265625,61.7447509765625,62.70597839355469,1271055
2017-01-10,54.3740348815918,62.2132453918457,62.794830322265625,61.77706146240234,62.30210113525391,1811689
2017-01-11,55.88482284545898,63.94184112548828,63.998382568359375,62.14054870605469,62.26979064941406,1800176
2017-01-12,55.32710647583008,63.30371475219727,63.9579963684082,62.37479782104492,63.86914443969727,1144283
2017-01-13,56.23075485229492,64.33763885498047,65.83198547363281,63.73990249633789,64.45880126953125,2165386
2017-01-17,55.192970275878906,63.15024185180664,64.18416595458984,62.980613708496094,63.974151611328125,1620542
2017-01-18,55.348289489746094,63.32794952392578,63.74798202514648,63.04523468017578,63.04523468017578,1197394
2017-01-19,55.24238586425781,63.20678329467773,63.99030685424805,62.75444412231445,63.60258483886719,1460469
2017-01-20,55.78598403930664,63.82875442504883,64.03069305419922,63.31986999511719,63.49757766723633,1213364
2017-01-23,55.39769744873047,63.38449096679688,63.92568588256836,62.770599365234375,63.55411911010742,1065051
2017-01-24,56.8378791809082,65.03231048583984,65.21809387207031,63.38449096679688,63.5379638671875,1391264
2017-01-25,57.50856399536133,65.79967498779297,65.97738647460938,64.7092056274414,65.41195678710938,2221096
2017-01-26,56.710819244384766,64.88691711425781,66.49434661865234,63.55411911010742,64.9919204711914,2627160
2017-01-27,56.329586029052734,64.45072937011719,65.15347290039062,64.1033935546875,65.15347290039062,1597763
2017-01-30,55.36945724487305,63.35218048095703,64.30532836914062,62.55250549316406,64.30532836914062,1470249
2017-01-31,54.88940048217773,62.80290985107422,63.287559509277344,62.11631774902344,63.20678329467773,3571630
2017-02-01,55.22121047973633,63.18255233764648,63.6833610534668,62.44749450683594,63.2552490234375,1532520
2017-02-02,54.92470169067383,62.84329605102539,63.158321380615234,62.45557403564453,62.924072265625,1074460
2017-02-03,55.65892028808594,63.6833610534668,63.91761016845703,62.980613708496094,63.02100372314453,1004266
2017-02-06,55.07295989990234,63.01292419433594,63.594505310058594,62.75444412231445,63.4006462097168,777959
2017-02-07,54.81881713867188,62.72213363647461,63.6752815246582,62.39903259277344,63.24717330932617,1320698
2017-02-08,54.89645767211914,62.81098556518555,62.915992736816406,61.97092056274414,62.55250549316406,1373066
2017-02-09,55.66596603393555,63.691436767578125,63.77221298217773,62.689823150634766,63.0613899230957,1189347
2017-02-10,55.96953582763672,64.03877258300781,64.24070739746094,63.69951629638672,63.852989196777344,803338
2017-02-13,56.19545364379883,64.29725646972656,64.98384857177734,64.20840454101562,64.27301788330078,959698
2017-02-14,56.30134582519531,64.41841888427734,64.41841888427734,63.65105056762695,63.65105056762695,867962
2017-02-15,56.58373260498047,64.74151611328125,64.78190612792969,64.07108306884766,64.22455596923828,824137
2017-02-16,56.46372222900391,64.60420227050781,64.85460662841797,64.02261352539062,64.85460662841797,988172
2017-02-17,56.43548202514648,64.57189178466797,64.57189178466797,63.764137268066406,64.24070739746094,1238743
2017-02-21,57.09909439086914,65.3311767578125,65.5654296875,64.45072937011719,64.54766082763672,1231686
2017-02-22,57.12732696533203,65.36348724365234,66.1227798461914,64.4911117553711,64.4911117553711,2367551
2017-02-23,56.68257522583008,64.85460662841797,65.98545837402344,64.56381225585938,65.75929260253906,1807232
2017-02-24,56.83164596557617,64.6688232421875,64.6688232421875,63.077545166015625,63.86106491088867,982724
2017-02-27,56.980712890625,64.83844757080078,65.07270050048828,64.28109741210938,64.51535034179688,1159882
2017-02-28,56.86002731323242,64.70113372802734,65.2746353149414,64.39418029785156,64.60420227050781,1446851
2017-03-01,58.08101272583008,66.09046936035156,66.6882095336914,65.63005065917969,65.63005065917969,1367742
2017-03-02,57.1581916809082,65.04039001464844,65.97738647460938,64.97576904296875,65.83198547363281,766446
2017-03-03,57.06588363647461,64.93537902832031,65.45233917236328,64.54766082763672,65.04039001464844,722125
2017-03-06,57.10139083862305,64.97576904296875,65.08885192871094,63.90145492553711,63.92568588256836,1041653
2017-03-07,56.35603713989258,64.12762451171875,65.0484619140625,64.07916259765625,65.0484619140625,1092164
2017-03-08,54.8369369506836,62.39903259277344,64.63651275634766,62.358642578125,64.12762451171875,3024310
2017-03-09,54.190956115722656,61.66397476196289,62.45557403564453,60.99353790283203,62.23748016357422,3120874
2017-03-10,54.52458572387695,62.04361724853516,62.55250549316406,61.27625274658203,62.32633209228516,2326450
2017-03-13,55.10668182373047,62.70597839355469,62.73828887939453,61.90629959106445,61.90629959106445,1382722
2017-03-14,54.70205307006836,62.24555587768555,62.310176849365234,61.36510467529297,61.8820686340332,1199127
2017-03-15,56.31344223022461,64.07916259765625,64.24878692626953,62.47980499267578,62.70597839355469,1806613
2017-03-16,56.32054138183594,64.08723449707031,64.45072937011719,63.43295669555664,64.1599349975586,1755979
2017-03-17,56.57609939575195,64.3780288696289,64.57997131347656,63.974151611328125,64.40225982666016,2012617
2017-03-20,56.66127395629883,64.47496032714844,64.84652709960938,63.691436767578125,64.16801452636719,1277740
2017-03-21,55.5751838684082,63.23909378051758,65.11308288574219,63.17447662353516,64.9434585571289,1591944
2017-03-22,55.3480224609375,62.980613708496094,63.40872573852539,62.60096740722656,62.94022750854492,1424938
2017-03-23,55.497100830078125,63.15024185180664,63.877220153808594,62.72213363647461,63.02907943725586,791825
2017-03-24,55.46870803833008,63.1179313659668,64.16801452636719,62.70597839355469,63.51373291015625,1362048
2017-03-27,55.3054313659668,62.93214797973633,63.1179313659668,61.57512283325195,62.29402160644531,830450
2017-03-28,56.31344223022461,64.07916259765625,64.33763885498047,62.60904693603516,62.8352165222168,974554
2017-03-29,56.760650634765625,64.58804321289062,64.86267852783203,63.91761016845703,64.0953140258789,1238867
2017-03-30,56.83875274658203,64.67689514160156,65.06462097167969,64.39418029785156,64.53150177001953,704670
2017-03-31,57.03749847412109,64.90306854248047,65.2907943725586,64.33763885498047,64.33763885498047,1198013
2017-04-03,57.75447845458984,65.71890258789062,66.4054946899414,64.90306854248047,65.53311920166016,2051861
2017-04-04,57.655086517333984,65.60581970214844,65.8400650024414,65.21809387207031,65.71890258789062,996095
2017-04-05,56.923927307128906,64.7738265991211,66.21163177490234,64.60420227050781,66.05007934570312,1791386
2017-04-06,57.2646713256836,65.16155242919922,65.70274353027344,64.47496032714844,64.7738265991211,1174367
2017-04-07,56.8813362121582,64.7253646850586,65.3392562866211,64.62035369873047,65.08077239990234,1092783
2017-04-10,57.364036560058594,65.2746353149414,65.75929260253906,64.76575469970703,64.90306854248047,1431623
2017-04-11,57.57699203491211,65.51696014404297,65.6704330444336,64.74151611328125,65.17770385742188,1138589
2017-04-12,56.31344223022461,64.07916259765625,65.44426727294922,63.99030685424805,65.35541534423828,1048957
2017-04-13,55.73844909667969,63.42487716674805,64.4426498413086,63.33602523803711,63.998382568359375,944594
2017-04-17,56.68967056274414,64.50727081298828,64.60420227050781,63.481422424316406,63.83683395385742,1683061
2017-04-18,56.86002731323242,64.70113372802734,64.9515380859375,63.91761016845703,64.1033935546875,1416520
2017-04-19,56.26374435424805,64.02261352539062,65.46849822998047,63.90953063964844,64.97576904296875,2342296
2017-04-20,56.58319091796875,64.3861083984375,66.63973999023438,64.07916259765625,66.63973999023438,3518148
2017-04-21,56.30634307861328,64.07108306884766,64.7092056274414,63.04523468017578,64.57997131347656,2625674
2017-04-24,57.25756072998047,65.15347290039062,65.58966064453125,64.58804321289062,65.08885192871094,2564888
2017-04-25,57.690574645996094,65.64620208740234,66.130859375,65.06462097167969,65.52503967285156,1866533
2017-04-26,57.50601196289063,65.43618774414062,65.96122741699219,65.16155242919922,65.40387725830078,2029701
2017-04-27,56.53350067138672,64.3295669555664,65.34733581542969,64.08723449707031,65.34733581542969,2238428
2017-04-28,55.99399566650391,63.71567153930664,64.40225982666016,63.6752815246582,64.40225982666016,2155853
2017-05-01,55.766845703125,63.45718765258789,64.01454162597656,63.02907943725586,63.98222732543945,1339640
2017-05-02,55.24864196777344,62.86752700805664,64.29725646972656,62.60096740722656,63.764137268066406,1708811
2017-05-03,54.96470260620117,62.54442596435547,62.73020935058594,61.841678619384766,62.697898864746094,1715868
2017-05-04,54.70205307006836,62.24555587768555,62.641357421875,61.76898193359375,62.60096740722656,1594420
2017-05-05,55.9088134765625,63.61874008178711,63.61874008178711,62.205169677734375,62.3667221069336,1550719
2017-05-08,55.95851135253906,63.6752815246582,64.08723449707031,63.24717330932617,63.546043395996094,1606181
2017-05-09,56.38442993164063,64.1599349975586,64.3861083984375,63.29563903808594,63.63489532470703,2161796
2017-05-10,56.824554443359375,64.6607437133789,65.47657775878906,64.1033935546875,64.28917694091797,2197945
2017-05-11,56.71097183227539,64.53150177001953,64.6122817993164,63.57835388183594,64.4426498413086,1266845
2017-05-12,56.50510787963867,64.29725646972656,64.79805755615234,64.16801452636719,64.3295669555664,2026235
2017-05-15,57.72607803344727,65.68659210205078,66.26817321777344,65.10501098632812,65.10501098632812,2765197
2017-05-16,57.63379287719727,65.58158111572266,65.93699645996094,65.0565414428711,65.66236114501953,1951459
2017-05-17,57.00912094116211,64.87075805664062,65.58158111572266,64.49919128417969,65.58158111572266,1749665
2017-05-18,57.37824249267578,65.2907943725586,65.91276550292969,63.83683395385742,64.55573272705078,1671671
2017-05-19,59.01803207397461,67.15670776367188,67.52019500732422,65.66236114501953,65.72698211669922,3119636
2017-05-22,59.02510833740234,67.16477966308594,68.17447662353516,66.97899627685547,67.43941497802734,1456755
2017-05-23,59.2735710144043,67.44749450683594,67.81098175048828,66.8012924194336,67.33441162109375,1784329
2017-05-24,59.089012145996094,67.23748016357422,67.67366790771484,67.0274658203125,67.4151840209961,1553319
2017-05-25,58.41463851928711,66.4701156616211,67.88368225097656,66.1793212890625,67.31825256347656,2649815
2017-05-26,58.87852478027344,66.63973999023438,66.68013000488281,65.92083740234375,66.03392791748047,1487828
2017-05-30,59.513702392578125,67.358642578125,67.47172546386719,66.05815887451172,66.43780517578125,1219182
2017-05-31,58.91421508789063,66.68013000488281,67.14862823486328,65.94507598876953,67.03553771972656,2088506
2017-06-01,59.62788772583008,67.48788452148438,67.99677276611328,66.67205047607422,67.11631774902344,1314013
2017-06-02,59.3424072265625,67.16477966308594,67.6332778930664,66.92245483398438,67.43134307861328,2086525
2017-06-05,59.54224395751953,67.39095306396484,67.71405792236328,67.01130676269531,67.09208679199219,1667338
2017-06-06,59.74208450317383,67.61712646484375,67.6898193359375,66.7528305053711,67.01130676269531,1749789
2017-06-07,58.250484466552734,65.92891693115234,67.80290985107422,65.46041870117188,67.72212982177734,2705154
2017-06-08,58.792877197265625,66.54280853271484,67.42326354980469,65.92891693115234,65.92891693115234,2258236
2017-06-09,59.249637603759766,67.05977630615234,67.39903259277344,66.58319854736328,66.59127807617188,1618066
2017-06-12,59.12831878662109,66.92245483398438,67.77059936523438,66.42164611816406,67.33441162109375,1540320
2017-06-13,59.57080459594727,67.42326354980469,67.47980499267578,66.63973999023438,67.05977630615234,1328498
2017-06-14,58.378944396972656,66.07431030273438,67.43941497802734,65.79159545898438,67.43941497802734,2091849
2017-06-15,58.792877197265625,66.54280853271484,66.69628143310547,65.58966064453125,65.58966064453125,1837192
2017-06-16,59.19255065917969,66.99515533447266,67.00322723388672,66.09046936035156,66.38126373291016,1935984
2017-06-19,59.27104187011719,67.0840072631836,67.44749450683594,66.53473663330078,67.3101806640625,1619552
2017-06-20,57.77232360839844,65.3877182006836,66.43780517578125,65.08885192871094,66.37318420410156,1778387
2017-06-21,55.41719055175781,62.72213363647461,65.12924194335938,62.44749450683594,65.12924194335938,3549717
2017-06-22,55.48141098022461,62.794830322265625,63.20678329467773,62.0840072631836,62.81906127929688,2822269
2017-06-23,56.03095626831055,63.41680145263672,63.48949813842773,62.568660736083984,62.770599365234375,2784262
2017-06-26,56.16655731201172,63.570274353027344,64.05492401123047,63.198707580566406,63.58642959594727,2310356
2017-06-27,55.76689147949219,63.1179313659668,63.89337539672852,63.02100372314453,63.562198638916016,1157530
2017-06-28,56.59476089477539,64.05492401123047,64.23263549804688,63.546043395996094,63.6833610534668,1228715
2017-06-29,56.2236328125,63.63489532470703,64.41033935546875,63.3441047668457,64.24070739746094,1036330
2017-06-30,57.25133895874024,64.79805755615234,65.37156677246094,64.02261352539062,64.07108306884766,2216763
2017-07-03,58.52169799804688,66.2358627319336,66.42972564697266,64.78998565673828,65.25040435791016,985324
2017-07-05,58.250484466552734,65.92891693115234,66.5185775756836,65.40387725830078,66.227783203125,2833906
2017-07-06,58.67154693603516,66.4054946899414,67.39903259277344,65.9046859741211,65.9046859741211,2612551
2017-07-07,59.356689453125,67.18093872070312,67.26171112060547,66.21163177490234,66.25202178955078,1875075
2017-07-10,59.470890045166016,67.3101806640625,67.77059936523438,67.09208679199219,67.18901824951172,1821469
2017-07-11,59.385250091552734,67.21324920654297,67.6494369506836,66.7851333618164,67.29402160644531,1567803
2017-07-12,60.23451232910156,68.17447662353516,68.38449096679688,67.60096740722656,67.79483032226562,1092535
2017-07-13,59.7563591003418,67.6332778930664,68.36833953857422,67.56058502197266,68.34410095214844,1462821
2017-07-14,60.17741394042969,68.10985565185547,68.40064239501953,67.5848159790039,67.76251983642578,1834840
2017-07-17,60.284481048583984,68.23101806640625,68.61066436767578,67.9725341796875,68.22293853759766,1090802
2017-07-18,60.27732849121094,68.22293853759766,68.30371856689453,67.74636840820312,68.14216613769531,1347315
2017-07-19,60.80546951293945,68.8206787109375,68.90953063964844,67.78675079345703,68.36026000976562,3002398
2017-07-20,59.356689453125,67.18093872070312,68.8206787109375,67.04361724853516,68.65912628173828,2926508
2017-07-21,59.14258193969727,66.93861389160156,67.20516967773438,66.16316223144531,66.793212890625,1468268
2017-07-24,59.913360595703125,67.81098175048828,68.05331420898438,66.76090240478516,66.89014434814453,1836697
2017-07-25,60.14886474609375,68.07754516601562,68.61066436767578,67.56865692138672,68.52181243896484,2010017
2017-07-26,59.49229431152344,67.33441162109375,68.22293853759766,67.075927734375,68.18255615234375,1285663
2017-07-27,59.84913635253906,67.73828887939453,67.79483032226562,67.1324691772461,67.39903259277344,1943041
2017-07-28,59.920509338378906,67.81906127929688,68.06138610839844,67.22940063476562,67.5928955078125,743295
2017-07-31,59.94903564453125,67.85137176513672,68.30371856689453,67.65750885009766,68.02100372314453,794796
2017-08-01,59.677833557128906,67.54442596435547,68.18255615234375,67.075927734375,67.8675308227539,1102934
2017-08-02,60.16313552856445,68.09369659423828,68.39257049560547,67.18901824951172,67.24555969238281,1198136
2017-08-03,61.704689025878906,69.83844757080078,70.64620208740234,67.79483032226562,68.07754516601562,2877483
2017-08-04,61.76178741455078,69.90306854248047,70.46041870117188,69.7092056274414,69.95960998535156,2978999
2017-08-07,62.26849365234375,70.47657775878906,70.78352355957031,69.74959564208984,69.91114807128906,1354867
2017-08-08,61.9973030090332,70.16962432861328,70.59774017333984,69.9434585571289,70.31502532958984,1143293
2017-08-09,61.96877670288086,70.13732147216797,70.48464965820312,69.95960998535156,70.08885192871094,960564
2017-08-10,61.02671051025391,69.07108306884766,69.89498901367188,69.03877258300781,69.78190612792969,1128189
2017-08-11,60.69841003417969,68.69951629638672,69.28109741210938,68.61066436767578,69.07108306884766,1069013
2017-08-14,61.07665252685547,69.12762451171875,69.36994934082031,68.99031066894531,69.24070739746094,1291729
2017-08-15,60.7555046081543,68.7641372680664,69.36187744140625,68.74797821044922,68.99031066894531,944842
2017-08-16,60.91965866088867,68.94992065429688,69.49919128417969,68.8125991821289,69.14378356933594,1076070
2017-08-17,59.97758102416992,67.88368225097656,69.23263549804688,67.80290985107422,68.68335723876953,697861
2017-08-18,59.84913635253906,67.73828887939453,68.33602905273438,67.04361724853516,67.52827453613281,768179
2017-08-21,59.73494338989258,67.60904693603516,67.9321517944336,67.24555969238281,67.72212982177734,1133760
2017-08-22,60.51287078857422,68.489501953125,68.57027435302734,67.81906127929688,67.89984130859375,748990
2017-08-23,60.29874420166016,68.2471694946289,68.5460433959961,68.00484466552734,68.03715515136719,764094
2017-08-24,60.09177780151367,68.01292419433594,68.57835388183594,67.9725341796875,68.42488098144531,751837
2017-08-25,60.855445861816406,68.8772201538086,69.06300354003906,68.2471694946289,68.40872192382812,1487952
2017-08-28,60.29161834716797,68.23909759521484,69.19224548339844,68.16639709472656,69.19224548339844,851249
2017-08-29,60.1767807006836,67.73020935058594,68.15831756591797,67.19709014892578,67.54442596435547,1101820
2017-08-30,60.815521240234375,68.44911193847656,68.47334289550781,67.55250549316406,67.75444030761719,591516
2017-08-31,60.91597366333008,68.56219482421875,68.84490966796875,68.12600708007812,68.73990631103516,872914
2017-09-01,61.28199005126953,68.97415161132812,69.24878692626953,68.772216796875,68.88529968261719,1156044
2017-09-05,61.00210189819336,68.65912628173828,69.30532836914062,68.5379638671875,69.01454162597656,1121009
2017-09-06,61.69107055664063,69.4345703125,69.83037567138672,68.90145111083984,69.12762451171875,1106772
2017-09-07,61.93509292602539,69.7092056274414,69.9434585571289,69.13570404052734,69.46688079833984,908940
2017-09-08,62.65274810791016,70.51696014404297,70.71082305908203,69.45072937011719,69.48303985595703,770655
2017-09-11,63.11207962036133,71.03392791748047,71.35702514648438,70.52503967285156,71.08238983154297,1379999
2017-09-12,63.18383407592773,71.11470031738281,72.26171112060547,70.63005065917969,71.53473663330078,2116485
2017-09-13,63.57136917114258,71.55088806152344,71.7447509765625,70.76736450195312,71.08238983154297,1239114
2017-09-14,64.61918640136719,72.73020935058594,72.81906127929688,71.19548034667969,71.53473663330078,1248894
2017-09-15,64.4541015625,72.54442596435547,72.9806137084961,72.39903259277344,72.65750885009766,1383341
2017-09-18,64.62635040283203,72.73828887939453,72.77059936523438,72.45557403564453,72.60904693603516,1234162
2017-09-19,65.27943420410156,73.47334289550781,73.73990631103516,72.77867126464844,72.81098175048828,1227725
2017-09-20,66.22676849365234,74.53958129882812,74.91114807128906,74.07108306884766,74.48303985595703,1592687
2017-09-21,66.05453491210938,74.34571838378906,74.89498901367188,74.31340789794922,74.53958129882812,634475
2017-09-22,66.33442687988281,74.6607437133789,74.75767517089844,74.0953140258789,74.23263549804688,608229
2017-09-25,66.19804382324219,74.50727081298828,74.79805755615234,74.15185546875,74.68497467041016,844687
2017-09-26,65.93250274658203,74.20840454101562,74.71728515625,74.05492401123047,74.55573272705078,713831
2017-09-27,65.62390899658203,73.86106872558594,74.58804321289062,73.70759582519531,74.58804321289062,1307452
2017-09-28,65.67414855957031,73.91761016845703,73.96607208251953,73.28755950927734,73.7641372680664,1027292
2017-09-29,65.58802795410156,73.8206787109375,74.24878692626953,73.58643341064453,73.85298919677734,1375170
2017-10-02,66.37745666503906,74.7092056274414,74.83037567138672,73.90953063964844,74.21647644042969,2438489
2017-10-03,66.77218627929688,75.15347290039062,75.15347290039062,74.68497467041016,74.90306854248047,833669
2017-10-04,67.23869323730469,75.67851257324219,75.86429595947266,75.12116241455078,75.16962432861328,840850
2017-10-05,67.28889465332031,75.73505401611328,75.8966064453125,75.41195678710938,75.67851257324219,1536853
2017-10-06,67.51139831542969,75.98545837402344,76.00161743164062,75.37964630126953,75.46041870117188,890370
2017-10-09,67.33914184570312,75.79159545898438,76.33279418945312,75.63812255859375,76.20355224609375,882818
2017-10-10,67.1812744140625,75.6138916015625,76.227783203125,75.49272918701172,76.1712417602539,778454
2017-10-11,67.33197021484375,75.78352355957031,75.98545837402344,75.5088882446289,75.79967498779297,1592935
2017-10-12,67.51139831542969,75.98545837402344,76.00968933105469,75.52503967285156,75.5654296875,740448
2017-10-13,67.8056411743164,76.31664276123047,76.8497543334961,76.21163177490234,76.48626708984375,668272
2017-10-16,68.01375579833984,76.55088806152344,76.70436096191406,76.4054946899414,76.65589904785156,840107
2017-10-17,67.49705505371094,75.96930694580078,76.7366714477539,75.84814453125,76.42972564697266,980001
2017-10-18,67.15255737304688,75.58158111572266,76.03392791748047,74.9434585571289,76.03392791748047,1889188
2017-10-19,64.23163604736328,72.29402160644531,72.90791320800781,70.98545837402344,71.09854888916016,3584134
2017-10-20,68.14292907714844,76.69628143310547,76.89014434814453,73.49757385253906,73.66720581054688,3629073
2017-10-23,68.56637573242188,77.17285919189453,77.53634643554688,76.37318420410156,76.67205047607422,2953001
2017-10-24,68.81755065917969,77.45557403564453,78.42488098144531,77.00322723388672,77.52827453613281,1859352
2017-10-25,68.17882537841797,76.7366714477539,77.52019500732422,75.3392562866211,76.98707580566406,1921624
2017-10-26,69.23381042480469,77.924072265625,78.04523468017578,76.8012924194336,76.93053436279297,1463440
2017-10-27,68.89649963378906,77.54442596435547,77.99677276611328,76.93861389160156,77.56058502197266,1522616
2017-10-30,68.78887939453125,77.42326354980469,77.73020935058594,76.95476531982422,77.24555969238281,1239981
2017-10-31,68.53048706054688,77.1324691772461,77.6898193359375,76.95476531982422,77.32633209228516,1269693
2017-11-01,67.84867858886719,76.36510467529297,77.8675308227539,76.34087371826172,77.79483032226562,1240971
2017-11-02,68.20751953125,76.76898193359375,76.793212890625,76.01776885986328,76.42972564697266,1344839
2017-11-03,68.83906555175781,77.47980499267578,77.56865692138672,76.6882095336914,77.075927734375,1289872
2017-11-06,68.98261260986328,77.641357421875,77.70597839355469,76.33279418945312,76.93861389160156,1593801
2017-11-07,69.01134490966797,77.67366790771484,77.89984130859375,77.17285919189453,77.62519836425781,912035
2017-11-08,68.93238067626953,77.5848159790039,77.75444030761719,77.18901824951172,77.33441162109375,975173
2017-11-09,67.46833038330078,75.93699645996094,76.93053436279297,75.46849822998047,76.93053436279297,861772
2017-11-10,67.31045532226562,75.75929260253906,76.08238983154297,75.35541534423828,75.67851257324219,1106401
2017-11-13,67.31045532226562,75.75929260253906,75.84814453125,75.08077239990234,75.34733581542969,872171
2017-11-14,67.1812744140625,75.6138916015625,75.88045501708984,75.26655578613281,75.63005065917969,1175729
2017-11-15,66.52819061279297,74.87883758544922,75.25848388671875,74.18416595458984,75.01615142822266,1094887
2017-11-16,67.46833038330078,75.93699645996094,75.93699645996094,74.91114807128906,75.08077239990234,1184766
2017-11-17,67.61902618408203,76.10662078857422,76.31664276123047,75.17770385742188,75.53311920166016,1171396
2017-11-20,67.92045593261719,76.44587707519531,76.80937194824219,76.24394226074219,76.26009368896484,1221163
2017-11-21,68.02812194824219,76.56704711914062,76.84168243408203,76.42972564697266,76.66397094726562,625561
2017-11-22,67.97069549560547,76.50242614746094,76.80937194824219,76.41356658935547,76.60742950439453,794548
2017-11-24,67.85588836669922,76.37318420410156,76.88206481933594,76.31664276123047,76.80937194824219,175053
2017-11-27,67.74822998046875,76.25202178955078,76.62358856201172,76.08238983154297,76.31664276123047,436395
2017-11-28,69.26970672607422,77.96446228027344,78.22293853759766,76.41356658935547,76.53473663330078,1037815
2017-11-29,69.1326675415039,77.43134307861328,77.94830322265625,77.38287353515625,77.81906127929688,913520
2017-11-30,70.46685028076172,78.92568969726562,79.1599349975586,77.8675308227539,77.94830322265625,1588230
2017-12-01,69.86827087402344,78.2552490234375,79.12762451171875,76.63973999023438,78.95800018310547,1637626
2017-12-04,70.34424591064453,78.78836822509766,79.64458465576172,78.66720581054688,78.73990631103516,1180309
2017-12-05,69.19757080078125,77.50403594970703,79.14378356933594,77.3667221069336,79.11954498291016,1445860
2017-12-06,69.4355697631836,77.77059936523438,77.87560272216797,77.17285919189453,77.43134307861328,792320
2017-12-07,69.74567413330078,78.11793518066406,78.62681579589844,77.5928955078125,77.74636840820312,1073717
2017-12-08,71.10871887207031,79.64458465576172,80.08885192871094,77.43941497802734,79.21647644042969,2282624
2017-12-11,69.796142578125,78.17447662353516,79.46688079833984,77.96446228027344,79.32148742675781,1323174
2017-12-12,70.09183502197266,78.50565338134766,78.58643341064453,77.37480163574219,78.09369659423828,1028778
2017-12-13,69.36344146728516,77.6898193359375,78.57027435302734,77.62519836425781,78.38449096679688,1035339
2017-12-14,69.05332946777344,77.34249114990234,78.23909759521484,77.20516967773438,77.94830322265625,880961
2017-12-15,70.30098724365234,78.73990631103516,79.1114730834961,77.78675079345703,77.89176177978516,2239913
2017-12-18,71.59190368652344,80.18578338623047,80.42002868652344,79.0468521118164,79.1599349975586,1417634
2017-12-19,71.78662109375,80.40387725830078,80.8885269165039,79.40225982666016,80.29886627197266,1613114
2017-12-20,71.76499938964844,80.37964630126953,81.26817321777344,80.34733581542969,80.76736450195312,1072479
2017-12-21,72.73857879638672,81.4701156616211,81.72052001953125,80.30694580078125,80.5654296875,1108010
2017-12-22,72.45010375976562,81.14701080322266,81.62358856201172,80.83198547363281,81.62358856201172,749114
2017-12-26,72.92606353759766,81.68013000488281,82.09208679199219,81.06623840332031,81.30048370361328,676319
2017-12-27,72.94051361083984,81.69628143310547,82.0678482055664,81.30856323242188,81.55896759033203,690556
2017-12-28,73.15687561035156,81.93861389160156,82.26979064941406,81.39741516113281,82.00322723388672,620981
2017-12-29,72.83234405517578,81.57511901855469,82.43941497802734,81.56704711914062,82.24555969238281,643760
2018-01-02,73.33717346191406,82.14054870605469,82.26979064941406,81.34895324707031,81.94668579101562,1044624
2018-01-03,73.92855072021484,82.80290985107422,82.99677276611328,81.59127807617188,82.1324691772461,1058119
2018-01-04,74.35401153564453,83.27947998046875,83.8206787109375,82.78675079345703,83.1987075805664,1217449
2018-01-05,73.83480072021484,82.6978988647461,83.70759582519531,82.34249114990234,83.65912628173828,1448831
2018-01-08,73.87806701660156,82.74636840820312,83.07754516601562,82.46365356445312,82.67366790771484,1169786
2018-01-09,75.03919219970703,84.0468521118164,84.16801452636719,82.94830322265625,82.9806137084961,1111105
2018-01-10,74.0655517578125,82.95638275146484,83.869140625,82.82714080810547,83.869140625,846421
2018-01-11,74.64973449707031,83.61066436767578,83.78836822509766,82.85137176513672,83.34410095214844,943480
2018-01-12,75.10404968261719,84.11954498291016,84.45880126953125,83.58643341064453,84.00646209716797,585450
2018-01-16,74.54154968261719,83.489501953125,84.74151611328125,82.98869323730469,84.74151611328125,997952
2018-01-17,75.2483139038086,84.28109741210938,84.68497467041016,83.40064239501953,83.90953063964844,1029149
2018-01-18,74.99588775634766,83.99838256835938,84.41033935546875,83.4814224243164,84.41033935546875,681890
2018-01-19,75.29878997802734,84.33763885498047,84.7738265991211,84.07108306884766,84.27301788330078,1521997
2018-01-22,75.6089096069336,84.68497467041016,84.81421661376953,83.65104675292969,84.46688079833984,961431
2018-01-23,76.12813568115234,85.26655578613281,85.58158111572266,84.30532836914062,84.30532836914062,1259665
2018-01-24,75.56562805175781,84.63651275634766,85.9531478881836,84.03877258300781,85.6219711303711,969354
2018-01-25,75.31320190429688,84.35379791259766,85.19386291503906,83.80451965332031,84.97576904296875,1758703
2018-01-26,75.75313568115234,84.84652709960938,84.87883758544922,83.93376159667969,84.69305419921875,1304604
2018-01-29,74.77232360839844,83.74797821044922,85.20194244384766,83.58643341064453,84.58804321289062,2135179
2018-01-30,77.20271301269531,86.4701156616211,86.7851333618164,81.64781951904297,82.9725341796875,4414089
2018-01-31,76.5969009399414,85.79159545898438,88.09369659423828,85.37964630126953,86.55088806152344,3140311
2018-02-01,75.96947479248047,85.08885192871094,86.42972564697266,84.47496032714844,85.37964630126953,2605495
2018-02-02,74.4405746459961,83.37641143798828,84.9434585571289,83.10177612304688,84.85460662841797,1924719
2018-02-05,71.08708190917969,79.62035369873047,84.45880126953125,79.57997131347656,83.06946563720703,1850439
2018-02-06,71.99576568603516,80.63812255859375,81.1712417602539,77.28594207763672,79.19224548339844,2621960
2018-02-07,72.0606689453125,80.71082305908203,81.94668579101562,80.12924194335938,80.42002868652344,1829021
2018-02-08,69.37785339355469,77.70597839355469,80.80775451660156,77.641357421875,80.80775451660156,1949974
2018-02-09,70.20722961425781,78.63489532470703,79.55573272705078,76.19548034667969,78.772216796875,2198564
2018-02-12,70.87071990966797,79.3780288696289,80.25040435791016,78.5945053100586,79.3780288696289,1303366
2018-02-13,70.76254272460938,79.25686645507812,79.67689514160156,78.61873626708984,78.98223114013672,1052300
2018-02-14,71.89478302001953,80.52503967285156,80.80775451660156,77.72212982177734,77.72212982177734,1455145
2018-02-15,73.26505279541016,82.05977630615234,82.10015869140625,80.6704330444336,81.63973999023438,1260408
2018-02-16,72.99100494384766,81.7528305053711,82.8675308227539,81.63166046142578,81.95476531982422,961678
2018-02-20,72.26980590820312,80.94507598876953,81.87399291992188,80.6138916015625,81.41356658935547,903740
2018-02-21,72.10395050048828,80.75929260253906,82.61712646484375,80.73505401611328,80.9531478881836,900893
2018-02-22,73.60398864746094,82.43941497802734,83.206787109375,81.1793212890625,81.37318420410156,1991447
2018-02-23,74.08719635009766,82.9806137084961,83.04523468017578,81.55088806152344,83.04523468017578,941499
2018-02-26,75.28436279296875,84.32148742675781,84.4911117553711,83.07754516601562,83.57835388183594,1427909
2018-02-27,73.84996032714844,82.34249114990234,84.53150177001953,82.28594207763672,84.22455596923828,1495875
2018-02-28,72.51698303222656,80.85621643066406,82.77059936523438,80.84814453125,82.68174743652344,1157282
2018-03-01,70.92321014404297,79.07916259765625,81.01776885986328,78.67528533935547,80.74313354492188,1524473
2018-03-02,70.97390747070312,79.13570404052734,79.41841888427734,78.16639709472656,78.51373291015625,1257189
2018-03-05,71.4085922241211,79.62035369873047,79.90306854248047,78.38449096679688,78.68335723876953,1292596
2018-03-06,72.45179748535156,80.78352355957031,80.9046859741211,79.91114807128906,80.11308288574219,1356848
2018-03-07,72.08956909179688,80.37964630126953,80.69467163085938,79.24878692626953,80.03231048583984,1027664
2018-03-08,72.58219909667969,80.92891693115234,80.97738647460938,79.73344421386719,80.60581970214844,890865
2018-03-09,74.39330291748047,82.94830322265625,83.16639709472656,81.34895324707031,81.44587707519531,1300024
2018-03-12,73.53121948242188,81.98707580566406,82.8675308227539,81.48626708984375,82.8675308227539,1175110
2018-03-13,72.8936996459961,81.27625274658203,83.05331420898438,80.92891693115234,82.5848159790039,1060347
2018-03-14,71.72008514404297,79.96768951416016,81.84168243408203,79.70113372802734,81.84168243408203,1296310
2018-03-15,71.80702209472656,80.06462097167969,80.59774017333984,79.53150177001953,80.23424530029297,919339
2018-03-16,72.50248718261719,80.8400650024414,81.10662078857422,79.62035369873047,80.12924194335938,2067584
2018-03-19,72.3720932006836,80.69467163085938,80.83198547363281,79.7738265991211,80.63005065917969,1385322
2018-03-20,75.27710723876953,83.93376159667969,84.60420227050781,80.85621643066406,81.16316223144531,6225035
2018-03-21,74.66858673095703,83.2552490234375,84.18416595458984,82.65750885009766,84.18416595458984,3725513
2018-03-22,71.70560455322266,79.9515380859375,82.39095306396484,79.82229614257812,82.39095306396484,3915423
2018-03-23,71.24919891357422,79.4426498413086,81.04199981689453,79.32148742675781,80.24232482910156,5064534
2018-03-26,72.30690002441406,80.6219711303711,80.84814453125,78.29563903808594,79.4264907836914,2353686
2018-03-27,71.07534790039062,79.24878692626953,80.96930694580078,78.69951629638672,80.96930694580078,2545328
2018-03-28,69.69890594482422,77.71405792236328,79.41841888427734,77.3505630493164,79.3780288696289,2024873
2018-03-29,71.155029296875,79.33763885498047,79.91114807128906,77.79483032226562,78.23909759521484,1953316
2018-04-02,69.45257568359375,77.43941497802734,79.36187744140625,76.29240417480469,79.1033935546875,1402035
2018-04-03,69.9017333984375,77.94022369384766,78.08562469482422,76.89014434814453,77.73020935058594,2290919
2018-04-04,70.36537170410156,78.45719146728516,78.57835388183594,76.28433227539062,76.63166046142578,1778016
2018-04-05,70.77107238769531,78.90953063964844,79.6688232421875,78.23101806640625,78.92568969726562,1379380
2018-04-06,67.51107025146484,75.2746353149414,78.33602905273438,74.53958129882812,78.11793518066406,2222581
2018-04-09,67.37342071533203,75.12116241455078,76.50242614746094,75.0484619140625,75.63005065917969,1685661
2018-04-10,68.48905181884766,76.36510467529297,77.11631774902344,75.92891693115234,76.31664276123047,1752265
2018-04-11,67.7718505859375,75.5654296875,76.37318420410156,75.3392562866211,75.71890258789062,1093030
2018-04-12,67.873291015625,75.67851257324219,76.33279418945312,75.21809387207031,75.92891693115234,1767616
2018-04-13,67.99644470214844,75.81583404541016,76.70436096191406,75.5735092163086,76.68013000488281,1495504
2018-04-16,68.31519317626953,76.1712417602539,76.65589904785156,76.10662078857422,76.52665710449219,1303490
2018-04-17,68.09786987304688,75.92891693115234,76.93861389160156,75.88045501708984,76.53473663330078,1641588
2018-04-18,69.53951263427734,77.53634643554688,77.98869323730469,76.27625274658203,76.6882095336914,1992190
2018-04-19,69.54676055908203,77.54442596435547,78.69143676757812,77.1324691772461,77.39903259277344,1783710
2018-04-20,69.5612564086914,77.56058502197266,77.9159927368164,76.88206481933594,77.56058502197266,1631065
2018-04-23,68.90924072265625,76.83360290527344,77.52019500732422,76.4620361328125,77.51211547851562,1732333
2018-04-24,67.00395965576172,74.7092056274414,78.11793518066406,74.28109741210938,77.43941497802734,3198125
2018-04-25,68.77883911132812,76.6882095336914,77.0193862915039,74.33763885498047,74.86267852783203,3606913
2018-04-26,68.19205474853516,76.03392791748047,76.72859191894531,75.29886627197266,76.56704711914062,3721428
2018-04-27,69.0686264038086,77.01130676269531,78.38449096679688,70.10501098632812,71.16316223144531,4488493
2018-04-30,67.15609741210938,74.87883758544922,77.23748016357422,74.57189178466797,76.71244049072266,3977075
2018-05-01,66.54032135009766,74.19224548339844,74.81421661376953,73.04523468017578,74.53150177001953,2095934
2018-05-02,65.03343963623047,72.51211547851562,74.63651275634766,72.39095306396484,74.03877258300781,2507321
2018-05-03,64.85235595703125,72.3101806640625,72.67366790771484,71.05007934570312,72.25363159179688,2270987
2018-05-04,66.29398345947266,73.91761016845703,74.4426498413086,71.72859191894531,71.99515533447266,1889683
2018-05-07,67.05465698242188,74.76575469970703,75.2907943725586,74.01454162597656,74.17608642578125,1524968
2018-05-08,67.90950775146484,75.71890258789062,75.8400650024414,74.32148742675781,74.89498901367188,3137835
2018-05-09,68.95982360839844,76.88999938964844,77.37000274658203,75.73999786376953,76.0,4450700
2018-05-10,68.771484375,76.68000030517578,77.33999633789062,76.31999969482422,76.88999938964844,1883500
2018-05-11,69.17507934570312,77.12999725341797,77.2300033569336,76.0,76.33999633789062,1730300
2018-05-14,69.74009704589844,77.76000213623047,78.81999969482422,77.2699966430664,77.2699966430664,2396400
2018-05-15,69.01363372802734,76.94999694824219,77.37000274658203,76.5999984741211,77.37000274658203,1539900
2018-05-16,69.5965805053711,77.5999984741211,78.08000183105469,77.0199966430664,77.4000015258789,1445900
2018-05-17,69.74009704589844,77.76000213623047,78.33999633789062,77.02999877929688,77.5999984741211,1165900
2018-05-18,70.87013244628906,79.0199966430664,79.55999755859375,77.62000274658203,77.68000030517578,1775300
2018-05-21,72.09883117675781,80.38999938964844,80.75,79.56999969482422,79.56999969482422,1466500
2018-05-22,70.95084381103516,79.11000061035156,80.66000366210938,79.08999633789062,80.56999969482422,853400
2018-05-23,71.52484130859375,79.75,79.98999786376953,78.58999633789062,78.68000030517578,1985300
2018-05-24,71.9553451538086,80.2300033569336,80.5,79.12999725341797,79.36000061035156,1359500
2018-05-25,70.9777603149414,79.13999938964844,80.19000244140625,79.0,79.77999877929688,1691000
2018-05-29,69.8387451171875,77.87000274658203,78.97000122070312,77.37999725341797,78.41000366210938,1871700
2018-05-30,71.0658950805664,78.76000213623047,78.98999786376953,77.77999877929688,78.27999877929688,1294300
2018-05-31,69.66732025146484,77.20999908447266,78.72000122070312,76.66999816894531,78.72000122070312,1771100
2018-06-01,70.34403228759766,77.95999908447266,78.43000030517578,77.54000091552734,78.0,1206000
2018-06-04,70.65082550048828,78.30000305175781,78.80999755859375,77.62000274658203,78.44000244140625,1580900
2018-06-05,70.6959457397461,78.3499984741211,78.7699966430664,78.0,78.31999969482422,1227100
2018-06-06,71.07492065429688,78.7699966430664,78.7699966430664,78.2300033569336,78.58000183105469,1339800
2018-06-07,71.21928405761719,78.93000030517578,79.73999786376953,78.54000091552734,78.97000122070312,1577400
2018-06-08,71.21025848388672,78.91999816894531,79.16999816894531,78.47000122070312,79.0,923800
2018-06-11,71.2824478149414,79.0,79.4800033569336,78.79000091552734,78.87999725341797,718200
2018-06-12,70.94859313964844,78.62999725341797,79.11000061035156,78.5199966430664,78.91999816894531,1066100
2018-06-13,70.19065856933594,77.79000091552734,78.7300033569336,77.69000244140625,78.61000061035156,1184200
2018-06-14,68.62964630126953,76.05999755859375,78.29000091552734,75.58999633789062,77.94000244140625,2985800
2018-06-15,69.3154067993164,76.81999969482422,76.87999725341797,75.08000183105469,76.0199966430664,2742600
2018-06-18,69.01764678955078,76.48999786376953,76.81999969482422,75.62000274658203,75.98999786376953,2003500
2018-06-19,67.15888214111328,74.43000030517578,75.69000244140625,74.16000366210938,75.6500015258789,1631800
2018-06-20,66.37388610839844,73.55999755859375,74.73999786376953,73.08000183105469,74.62999725341797,1647900
2018-06-21,65.3903579711914,72.47000122070312,73.44000244140625,71.91999816894531,73.37999725341797,1522400
2018-06-22,65.81444549560547,72.94000244140625,73.97000122070312,72.88999938964844,73.44000244140625,2001900
2018-06-25,65.9407730102539,73.08000183105469,73.4000015258789,72.02999877929688,72.56999969482422,1537600
2018-06-26,65.65203857421875,72.76000213623047,73.41999816894531,72.55999755859375,73.33999633789062,1367400
2018-06-27,65.37232208251953,72.44999694824219,74.1500015258789,72.43000030517578,73.01000213623047,1417400
2018-06-28,65.66104125976562,72.7699966430664,73.2300033569336,71.70999908447266,72.55000305175781,1474100
2018-06-29,66.0490493774414,73.19999694824219,74.0999984741211,73.08999633789062,73.2699966430664,1342100
2018-07-02,65.79638671875,72.91999816894531,72.98999786376953,71.83999633789062,72.33000183105469,1096500
2018-07-03,66.07612609863281,73.2300033569336,73.68000030517578,72.69999694824219,73.30000305175781,946200
2018-07-05,65.85956573486328,72.98999786376953,73.5999984741211,72.19000244140625,73.58000183105469,1214600
2018-07-06,65.7783432006836,72.9000015258789,73.22000122070312,72.3499984741211,72.8499984741211,912800
2018-07-09,67.19498443603516,74.47000122070312,74.5999984741211,73.11000061035156,73.20999908447266,988500
2018-07-10,67.36642456054688,74.66000366210938,75.25,74.0999984741211,74.62000274658203,818700
2018-07-11,66.17536163330078,73.33999633789062,74.0199966430664,73.19000244140625,73.58999633789062,799000
2018-07-12,66.67164611816406,73.88999938964844,74.2699966430664,73.47000122070312,73.7300033569336,1139500
2018-07-13,67.59199523925781,74.91000366210938,75.05999755859375,73.7300033569336,73.7300033569336,998600
2018-07-16,66.86112213134766,74.0999984741211,75.18000030517578,73.91000366210938,74.91000366210938,1459100
2018-07-17,67.24911499023438,74.52999877929688,74.66999816894531,73.61000061035156,74.0,1085900
2018-07-18,66.94233703613281,74.19000244140625,74.80000305175781,73.7300033569336,74.66999816894531,2426500
2018-07-19,70.48841094970703,78.12000274658203,78.5999984741211,75.54000091552734,77.69000244140625,4095600
2018-07-20,72.40131378173828,80.23999786376953,81.48999786376953,77.58999633789062,77.73999786376953,4170500
2018-07-23,71.01172637939453,78.69999694824219,79.9800033569336,77.80999755859375,79.61000061035156,3211800
2018-07-24,71.46290588378906,79.19999694824219,79.77999877929688,78.73999786376953,79.11000061035156,2222200
2018-07-25,72.96072387695312,80.86000061035156,81.0199966430664,78.83999633789062,79.0199966430664,1798100
2018-07-26,73.31262969970703,81.25,82.38999938964844,81.12000274658203,81.12000274658203,2332800
2018-07-27,72.96072387695312,80.86000061035156,81.69000244140625,80.23999786376953,81.3499984741211,1760000
2018-07-30,73.0960922241211,81.01000213623047,82.11000061035156,80.87999725341797,81.0999984741211,1725600
2018-07-31,74.87364196777344,82.9800033569336,83.16999816894531,81.41999816894531,81.62999725341797,2858900
2018-08-01,73.46603393554688,81.41999816894531,82.9800033569336,81.12000274658203,82.68000030517578,1112700
2018-08-02,73.79085540771484,81.77999877929688,82.08999633789062,80.30000305175781,80.5999984741211,1230400
2018-08-03,74.2059097290039,82.23999786376953,82.38999938964844,81.48999786376953,82.12000274658203,862900
2018-08-06,74.58489990234375,82.66000366210938,82.88999938964844,82.11000061035156,82.41999816894531,928100
2018-08-07,74.97286224365234,83.08999633789062,83.7699966430664,82.37000274658203,83.0,1259600
2018-08-08,74.96388244628906,83.08000183105469,83.5199966430664,82.66999816894531,83.02999877929688,1011800
2018-08-09,74.36833190917969,82.41999816894531,83.38999938964844,82.37999725341797,82.9000015258789,1203800
2018-08-10,73.58332061767578,81.55000305175781,82.31999969482422,81.19000244140625,82.16999816894531,837800
2018-08-13,73.53822326660156,81.5,82.27999877929688,80.91000366210938,81.7300033569336,1091200
2018-08-14,73.79085540771484,81.77999877929688,82.38999938964844,81.66999816894531,81.7300033569336,932600
2018-08-15,74.30519104003906,82.3499984741211,82.51000213623047,80.6500015258789,80.6500015258789,1537300
2018-08-16,74.83753967285156,82.94000244140625,83.5999984741211,82.48999786376953,82.5,1402300
2018-08-17,75.74887084960938,83.94999694824219,84.26000213623047,82.58999633789062,82.9800033569336,1286400
2018-08-20,76.14588928222656,84.38999938964844,85.30999755859375,84.20999908447266,84.20999908447266,1802200
2018-08-21,76.39852905273438,84.66999816894531,84.94999694824219,84.11000061035156,84.37999725341797,1883400
2018-08-22,75.7218017578125,83.91999816894531,84.5,83.63999938964844,84.41999816894531,1922400
2018-08-23,75.79397583007812,84.0,84.29000091552734,83.43000030517578,83.80000305175781,976800
2018-08-24,76.02859497070312,84.26000213623047,84.4800033569336,83.95999908447266,84.12999725341797,636000
2018-08-27,76.77751922607422,85.08999633789062,85.5199966430664,84.48999786376953,84.5999984741211,965600
2018-08-28,76.86774444580078,85.19000244140625,85.70999908447266,84.91000366210938,85.41000366210938,1130000
2018-08-29,78.29337310791016,86.7699966430664,87.16999816894531,85.16999816894531,85.4000015258789,1527600
2018-08-30,77.59474182128906,85.5199966430664,86.41000366210938,85.12000274658203,85.63999938964844,1894300
2018-08-31,77.91231536865234,85.87000274658203,86.23999786376953,85.1500015258789,85.66999816894531,1394100
2018-09-04,78.10285949707031,86.08000183105469,86.30999755859375,85.30999755859375,85.5999984741211,1660800
2018-09-05,78.84684753417969,86.9000015258789,87.0999984741211,85.87000274658203,85.95999908447266,1132100
2018-09-06,78.33876037597656,86.33999633789062,87.33000183105469,86.01000213623047,86.9000015258789,1719500
2018-09-07,76.88703155517578,84.73999786376953,85.97000122070312,84.26000213623047,84.98999786376953,1763500
2018-09-10,77.60382080078125,85.52999877929688,86.27999877929688,85.41999816894531,85.5,1290600
2018-09-11,79.16442108154297,87.25,88.5999984741211,86.22000122070312,86.22000122070312,2259000
2018-09-12,79.62718200683594,87.76000213623047,88.18000030517578,86.81999969482422,87.5,2029000
2018-09-13,79.84491729736328,88.0,88.70999908447266,87.58000183105469,88.20999908447266,2016400
2018-09-14,80.28044128417969,88.4800033569336,88.66999816894531,87.58999633789062,87.97000122070312,1314300
2018-09-17,80.32581329345703,88.52999877929688,88.83000183105469,88.2300033569336,88.69000244140625,920600
2018-09-18,80.56167602539062,88.79000091552734,89.62999725341797,88.19000244140625,88.8499984741211,1600400
2018-09-19,80.2169189453125,88.41000366210938,89.62000274658203,88.30999755859375,88.83000183105469,1455900
2018-09-20,81.07889556884766,89.36000061035156,89.95999908447266,88.95999908447266,89.08000183105469,1575600
2018-09-21,81.02445983886719,89.30000305175781,90.26000213623048,89.16999816894531,89.5999984741211,2867100
2018-09-24,80.30767822265625,88.51000213623047,89.23999786376953,88.19999694824219,89.20999908447266,1273200
2018-09-25,80.57984161376953,88.80999755859375,89.44999694824219,88.51000213623047,88.7300033569336,1757100
2018-09-26,80.60707092285156,88.83999633789062,89.9800033569336,88.77999877929688,89.08000183105469,1788700
2018-09-27,80.73408508300781,88.9800033569336,89.4800033569336,88.9000015258789,89.20999908447266,2057900
2018-09-28,80.32581329345703,88.52999877929688,89.66000366210938,88.3499984741211,89.02999877929688,1517500
2018-10-01,79.98099517822266,88.1500015258789,89.61000061035156,87.56999969482422,89.38999938964844,1805300
2018-10-02,79.98099517822266,88.1500015258789,88.58999633789062,87.95999908447266,88.08000183105469,1240500
2018-10-03,79.9356460571289,88.0999984741211,88.80000305175781,87.88999938964844,88.4000015258789,1194000
2018-10-04,79.99010467529297,88.16000366210938,88.33000183105469,87.44999694824219,88.06999969482422,1083600
2018-10-05,79.32774353027344,87.43000030517578,88.66999816894531,86.79000091552734,88.19999694824219,1291100
2018-10-08,79.28238677978516,87.37999725341797,87.47000122070312,86.44000244140625,86.98999786376953,869000
2018-10-09,77.7217788696289,85.66000366210938,87.13999938964844,85.62000274658203,87.13999938964844,1475500
2018-10-10,75.09052276611328,82.76000213623047,85.48999786376953,82.66999816894531,85.48999786376953,2214100
2018-10-11,73.80211639404297,81.33999633789062,83.37999725341797,81.12999725341797,82.5,2474300
2018-10-12,74.56427001953125,82.18000030517578,82.88999938964844,80.97000122070312,82.88999938964844,1998600
2018-10-15,74.4281997680664,82.02999877929688,82.83000183105469,82.0199966430664,82.16999816894531,1209200
2018-10-16,75.52601623535156,83.23999786376953,83.33000183105469,81.87000274658203,82.41999816894531,1769700
2018-10-17,74.60962677001953,82.2300033569336,83.13999938964844,81.5,83.13999938964844,1928000
2018-10-18,75.75286865234375,83.48999786376953,84.9800033569336,80.9000015258789,81.0,3268300
2018-10-19,74.77294921875,82.41000366210938,83.70999908447266,81.45999908447266,83.6500015258789,2154300
2018-10-22,75.09052276611328,82.76000213623047,83.16999816894531,81.54000091552734,82.69000244140625,1601600
2018-10-23,74.95439910888672,82.61000061035156,83.18000030517578,80.72000122070312,81.19999694824219,1670500
2018-10-24,73.3665771484375,80.86000061035156,83.25,80.73999786376953,82.77999877929688,1402400
2018-10-25,74.14689636230469,81.72000122070312,82.30999755859375,81.08999633789062,81.8499984741211,1190900
2018-10-26,74.45539093017578,82.05999755859375,82.79000091552734,80.55000305175781,80.91000366210938,2155800
2018-10-29,74.03801727294922,81.5999984741211,83.62999725341797,80.58999633789062,83.36000061035156,1889500
2018-10-30,75.33551025390625,83.02999877929688,83.25,81.5999984741211,81.77999877929688,1925300
2018-10-31,75.1631088256836,82.83999633789062,84.31999969482422,82.69000244140625,83.91999816894531,2425100
2018-11-01,75.67120361328125,83.4000015258789,83.94999694824219,82.70999908447266,83.19000244140625,1695700
2018-11-02,76.73277282714844,84.56999969482422,84.9800033569336,83.86000061035156,84.11000061035156,1560800
2018-11-05,76.90518188476562,84.76000213623047,85.56999969482422,84.08000183105469,84.73999786376953,1104800
2018-11-06,77.8669662475586,85.81999969482422,85.9800033569336,84.30000305175781,84.72000122070312,1083400
2018-11-07,78.80147552490234,86.8499984741211,86.9800033569336,85.58000183105469,86.41999816894531,1179300
2018-11-08,78.72889709472656,86.7699966430664,87.5199966430664,86.5,86.77999877929688,818800
2018-11-09,78.41133117675781,86.41999816894531,87.08000183105469,85.44999694824219,86.54000091552734,1370900
2018-11-12,77.38605499267578,85.29000091552734,86.44000244140625,85.13999938964844,86.43000030517578,1309000
2018-11-13,77.41327667236328,85.31999969482422,86.5199966430664,85.01000213623047,85.66000366210938,1305100
2018-11-14,76.89610290527344,84.75,86.2699966430664,84.25,85.88999938964844,1695900
2018-11-15,78.2026596069336,86.19000244140625,86.5199966430664,83.5999984741211,84.2699966430664,1309100
2018-11-16,79.50012969970703,87.62000274658203,87.80000305175781,85.93000030517578,86.16000366210938,1458800
2018-11-19,78.52021789550781,86.54000091552734,88.04000091552734,86.30999755859375,87.55000305175781,1096700
2018-11-20,76.9323959350586,84.79000091552734,86.12000274658203,84.77999877929688,85.80999755859375,1420100
2018-11-21,77.14107513427734,85.0199966430664,85.69000244140625,84.83999633789062,85.11000061035156,1258000
2018-11-23,76.72372436523438,84.55999755859375,84.97000122070312,83.33000183105469,84.25,322500
2018-11-26,76.17931365966797,83.95999908447266,85.62999725341797,83.81999969482422,84.9800033569336,1625200
2018-11-27,75.64397430419922,83.37000274658203,83.83000183105469,82.8499984741211,83.73999786376953,1709100
2018-11-28,76.57852935791016,84.4000015258789,84.68000030517578,83.25,83.66999816894531,1796100
2018-11-29,76.68804931640625,84.04000091552734,84.44000244140625,83.20999908447266,84.05000305175781,1112900
2018-11-30,77.46369171142578,84.88999938964844,84.98999786376953,83.94999694824219,84.19999694824219,1732700
2018-12-03,78.62256622314453,86.16000366210938,87.02999877929688,85.44000244140625,86.0999984741211,2740000
2018-12-04,76.18614196777344,83.48999786376953,86.05999755859375,83.41999816894531,86.05999755859375,1905400
2018-12-06,74.6805191040039,81.83999633789062,82.5,79.0999984741211,82.5,2574700
2018-12-07,72.54519653320312,79.5,82.72000122070312,79.13999938964844,82.31999969482422,1534700
2018-12-10,71.35893249511719,78.19999694824219,79.41000366210938,76.83000183105469,79.37999725341797,1219000
2018-12-11,71.5140609741211,78.37000274658203,79.8499984741211,77.7300033569336,79.41999816894531,1669600
2018-12-12,71.4866714477539,78.33999633789062,80.08000183105469,78.27999877929688,79.62000274658203,1408100
2018-12-13,71.29505920410156,78.12999725341797,78.9000015258789,77.61000061035156,78.51000213623047,1429300
2018-12-14,69.64338684082031,76.31999969482422,78.16999816894531,76.05999755859375,77.41000366210938,974300
2018-12-17,67.82750701904297,74.33000183105469,76.20999908447266,73.93000030517578,75.95999908447266,1274200
2018-12-18,67.48072814941406,73.94999694824219,75.41999816894531,73.23999786376953,74.41000366210938,1390100
2018-12-19,65.42757415771484,71.69999694824219,74.87999725341797,71.30000305175781,73.79000091552734,1419800
2018-12-20,63.93102264404297,70.05999755859375,71.54000091552734,69.2699966430664,71.45999908447266,2267300
2018-12-21,62.95464324951172,68.98999786376953,71.83000183105469,68.88999938964844,70.08000183105469,2880100
2018-12-24,60.709842681884766,66.52999877929688,68.97000122070312,66.41000366210938,68.5999984741211,668700
2018-12-26,62.60789108276367,68.61000061035156,68.63999938964844,65.83000183105469,67.2699966430664,1656500
2018-12-27,63.97665023803711,70.11000061035156,70.12000274658203,67.12000274658203,67.58000183105469,1693100
2018-12-28,63.69378280639648,69.80000305175781,70.77999877929688,69.43000030517578,70.29000091552734,1243900
2018-12-31,64.74317169189453,70.94999694824219,71.22000122070312,69.94999694824219,70.05999755859375,1678400
2019-01-02,65.01692199707031,71.25,71.56999969482422,69.08999633789062,69.77999877929688,1486900
2019-01-03,63.68465805053711,69.79000091552734,71.05000305175781,69.13999938964844,71.01000213623047,1171200
2019-01-04,66.57731628417969,72.95999908447266,73.0,70.61000061035156,70.87000274658203,1316100
2019-01-07,67.46246337890625,73.93000030517578,74.58999633789062,72.33000183105469,73.23999786376953,1446000
2019-01-08,68.94986724853516,75.55999755859375,75.62999725341797,74.23999786376953,74.52999877929688,1125500
2019-01-09,69.67076873779297,76.3499984741211,76.8499984741211,75.86000061035156,75.95999908447266,868100
2019-01-10,70.70191192626953,77.4800033569336,77.58000183105469,75.91000366210938,76.75,1130100
2019-01-11,71.04866790771484,77.86000061035156,78.08000183105469,76.94000244140625,77.19000244140625,1291000
2019-01-14,71.23116302490234,78.05999755859375,78.41999816894531,77.16000366210938,77.37999725341797,1091700
2019-01-15,71.2676773071289,78.0999984741211,78.5,77.6500015258789,78.12999725341797,579800
2019-01-16,70.9300308227539,77.7300033569336,78.7300033569336,77.66000366210938,78.38999938964844,824200
2019-01-17,72.14368438720703,79.05999755859375,79.4000015258789,77.41000366210938,77.41000366210938,878800
2019-01-18,73.63108825683594,80.69000244140625,81.0,79.30000305175781,79.72000122070312,1011200
2019-01-22,72.35358428955078,79.29000091552734,79.97000122070312,78.63999938964844,79.87999725341797,809100
2019-01-23,71.9246826171875,78.81999969482422,80.1500015258789,78.30999755859375,79.63999938964844,911500
2019-01-24,72.25321197509766,79.18000030517578,79.41999816894531,78.30000305175781,78.87000274658203,1140100
2019-01-25,72.52696228027344,79.4800033569336,80.30999755859375,79.43000030517578,80.1500015258789,930400
2019-01-28,72.30794525146484,79.23999786376953,79.23999786376953,77.94999694824219,78.55999755859375,1515300
2019-01-29,78.62256622314453,86.16000366210938,86.51000213623047,82.5199966430664,85.47000122070312,2569200
2019-01-30,81.04985809326172,88.81999969482422,89.7699966430664,86.25,87.11000061035156,2173100
2019-01-31,80.14649200439453,87.83000183105469,90.0999984741211,87.58000183105469,88.83999633789062,2643900
2019-02-01,79.94573211669922,87.61000061035156,88.80000305175781,87.4000015258789,88.1500015258789,1087200
2019-02-04,79.65372467041016,87.29000091552734,87.63999938964844,86.91999816894531,87.16000366210938,1447200
2019-02-05,80.47498321533203,88.19000244140625,88.19000244140625,87.12999725341797,87.12999725341797,1307800
2019-02-06,80.23773193359375,87.93000030517578,88.29000091552734,87.72000122070312,88.05999755859375,1037300
2019-02-07,79.31608581542969,86.91999816894531,87.83000183105469,86.41000366210938,87.54000091552734,1570300
2019-02-08,79.22484588623047,86.81999969482422,86.9800033569336,86.12999725341797,86.68000030517578,840400
2019-02-11,79.7449722290039,87.38999938964844,87.45999908447266,86.56999969482422,86.94000244140625,1840000
2019-02-12,82.13578033447266,90.01000213623047,90.45999908447266,88.05000305175781,88.13999938964844,1570300
2019-02-13,82.21788787841797,90.0999984741211,90.77999877929688,89.8499984741211,90.1500015258789,1742100
2019-02-14,82.1905288696289,90.06999969482422,90.62999725341795,89.37999725341797,89.70999908447266,1152400
2019-02-15,83.22166442871094,91.1999969482422,91.26000213623048,90.5500030517578,90.79000091552734,1083000
2019-02-19,83.42240142822266,91.41999816894533,91.9499969482422,90.55999755859376,90.7699966430664,1022300
2019-02-20,84.02469635009766,92.08000183105467,92.0999984741211,91.04000091552734,91.63999938964844,1035300
2019-02-21,83.5593032836914,91.56999969482422,91.77999877929688,91.04000091552734,91.66000366210938,850600
2019-02-22,84.25281524658203,92.33000183105467,92.4499969482422,91.44000244140624,91.97000122070312,814700
2019-02-25,84.37144470214844,92.45999908447266,93.1999969482422,92.3499984741211,92.91000366210938,651600
2019-02-26,83.23991394042969,91.22000122070312,92.3000030517578,91.16999816894533,92.04000091552734,866200
2019-02-27,83.22157287597656,90.72000122070312,90.97000122070312,89.95999908447266,90.5,926500
2019-02-28,83.04727172851562,90.52999877929688,90.80999755859376,89.87999725341797,90.51000213623048,1000500
2019-03-01,83.46007537841797,90.9800033569336,91.38999938964844,90.37999725341795,91.25,784200
2019-03-04,83.6618881225586,91.1999969482422,91.7699966430664,90.38999938964844,91.43000030517578,931800
2019-03-05,83.22157287597656,90.72000122070312,91.52999877929688,90.66999816894533,91.16999816894533,664600
2019-03-06,83.44172668457031,90.95999908447266,91.13999938964844,90.56999969482422,90.83999633789062,845300
2019-03-07,82.72621154785156,90.18000030517578,91.0500030517578,89.5999984741211,91.0500030517578,1017500
2019-03-08,81.89139556884766,89.2699966430664,89.66999816894531,88.70999908447266,89.5,1283000
2019-03-11,83.05646514892578,90.54000091552734,90.54000091552734,89.08999633789062,89.22000122070312,700700
2019-03-12,82.96472930908203,90.44000244140624,90.72000122070312,90.11000061035156,90.69000244140624,1074100
2019-03-13,83.8453598022461,91.4000015258789,91.62999725341795,90.05999755859375,90.25,947800
2019-03-14,83.22157287597656,90.72000122070312,91.38999938964844,90.47000122070312,91.38999938964844,1203700
2019-03-15,83.19404602050781,90.69000244140624,91.22000122070312,90.27999877929688,90.72000122070312,1211200
2019-03-18,84.8819580078125,92.52999877929688,92.61000061035156,90.62999725341795,90.91999816894533,835400
2019-03-19,84.80858612060547,92.4499969482422,93.62000274658205,91.93000030517578,93.0500030517578,1098600
2019-03-20,83.79033660888672,91.33999633789062,92.51000213623048,91.12999725341795,92.25,1007600
2019-03-21,84.81775665283203,92.45999908447266,92.7699966430664,91.20999908447266,91.27999877929688,563900
2019-03-22,82.83627319335938,90.3000030517578,92.13999938964844,90.2699966430664,92.0999984741211,688800
2019-03-25,83.60684204101562,91.13999938964844,91.37999725341795,90.37000274658205,90.4800033569336,920200
2019-03-26,84.47834014892578,92.08999633789062,92.58999633789062,91.51000213623048,91.97000122070312,992900
2019-03-27,84.6250991821289,92.25,92.43000030517578,91.2300033569336,92.20999908447266,1064400
2019-03-28,85.78095245361328,93.51000213623048,93.54000091552734,92.36000061035156,92.54000091552734,742800
2019-03-29,86.0470199584961,93.8000030517578,94.56999969482422,93.36000061035156,94.11000061035156,888100
2019-04-01,88.02845764160156,95.95999908447266,95.9800033569336,94.55999755859376,94.93000030517578,936800
2019-04-02,87.94589233398438,95.87000274658205,96.29000091552734,95.36000061035156,96.0500030517578,640900
2019-04-03,88.07432556152344,96.01000213623048,96.75,95.83000183105467,96.33999633789062,869900
2019-04-04,88.87240600585938,96.87999725341795,96.9800033569336,96.0,96.1500015258789,525500
2019-04-05,88.56050872802734,96.54000091552734,97.6500015258789,96.1999969482422,97.02999877929688,1004400
2019-04-08,88.68895721435547,96.68000030517578,96.7300033569336,95.6999969482422,96.04000091552734,695800
2019-04-09,87.03773498535156,94.87999725341795,96.4000015258789,94.66999816894533,96.4000015258789,800500
2019-04-10,87.31291961669922,95.18000030517578,95.1999969482422,94.3499984741211,94.83000183105467,835300
2019-04-11,87.89083862304688,95.80999755859376,96.0199966430664,94.91999816894533,95.08000183105467,944200
2019-04-12,89.10175323486328,97.12999725341795,97.12999725341795,96.05999755859376,96.4800033569336,711400
2019-04-15,88.78987121582031,96.79000091552734,96.98999786376952,96.29000091552734,96.80999755859376,706900
2019-04-16,89.43199157714844,97.48999786376952,97.55999755859376,96.58000183105467,96.97000122070312,779500
2019-04-17,88.7990493774414,96.8000030517578,98.0199966430664,96.58999633789062,97.91999816894533,944900
2019-04-18,89.69802856445312,97.77999877929688,98.8000030517578,94.73999786376952,97.4000015258789,1615000
2019-04-22,88.38623046875,96.3499984741211,97.06999969482422,95.77999877929688,96.33999633789062,1071200
2019-04-23,89.52372741699219,97.58999633789062,97.81999969482422,96.18000030517578,96.81999969482422,1568800
2019-04-24,89.22101593017578,97.26000213623048,97.79000091552734,97.16000366210938,97.7699966430664,832500
2019-04-25,88.26698303222656,96.22000122070312,97.0500030517578,95.54000091552734,96.61000061035156,1367900
2019-04-26,89.0100326538086,97.02999877929688,97.20999908447266,96.2699966430664,96.33999633789062,755600
2019-04-29,89.6705093383789,97.75,98.4800033569336,97.23999786376952,97.87999725341795,930000
2019-04-30,89.9365463256836,98.04000091552734,98.4800033569336,97.0500030517578,97.9000015258789,2291800
2019-05-01,89.28522491455078,97.33000183105467,98.5500030517578,96.98999786376952,98.1500015258789,812700
2019-05-02,89.78975677490234,97.87999725341795,98.0199966430664,96.4499969482422,97.08999633789062,914600
2019-05-03,91.15660095214844,99.37000274658205,99.45999908447266,98.33999633789062,98.5999984741211,974300
2019-05-06,89.8264389038086,97.91999816894533,98.19000244140624,96.95999908447266,97.62999725341795,1018900
2019-05-07,89.2026596069336,97.23999786376952,97.47000122070312,95.88999938964844,96.81999969482422,1358400
2019-05-08,88.8357162475586,96.83999633789062,98.11000061035156,96.43000030517578,97.12000274658205,1206300
2019-05-09,88.28531646728516,96.23999786376952,96.4800033569336,94.8499984741211,95.91999816894533,753900
2019-05-10,88.8082046508789,96.80999755859376,97.3000030517578,94.6500015258789,95.75,1081700
2019-05-13,86.67078399658203,94.4800033569336,95.4499969482422,93.70999908447266,94.95999908447266,1094300
2019-05-14,88.14772033691406,96.08999633789062,96.2699966430664,94.5999984741211,94.5999984741211,1087700
2019-05-15,88.26698303222656,96.22000122070312,96.77999877929688,94.6500015258789,95.23999786376952,1030400
2019-05-16,88.4596176147461,96.43000030517578,96.83999633789062,96.18000030517578,96.6999969482422,670500
2019-05-17,86.64325714111328,94.4499969482422,96.11000061035156,94.41999816894533,95.23999786376952,722800
2019-05-20,86.55152893066406,94.3499984741211,94.6500015258789,93.54000091552734,94.0500030517578,670100
2019-05-21,87.32209777832031,95.19000244140624,95.4800033569336,94.5999984741211,94.80999755859376,733600
2019-05-22,85.34980773925781,93.04000091552734,94.72000122070312,92.8000030517578,94.72000122070312,1102300
2019-05-23,83.54264068603516,91.06999969482422,91.97000122070312,90.44000244140624,91.9000015258789,838600
2019-05-24,83.38668823242188,90.9000015258789,91.83999633789062,90.5199966430664,91.83999633789062,571600
2019-05-28,82.55191802978516,89.98999786376953,91.11000061035156,89.91000366210938,91.11000061035156,844300
2019-05-29,82.89132690429688,90.36000061035156,90.4499969482422,88.75,89.37000274658203,1241600
2019-05-30,83.30632781982422,90.33000183105467,90.91000366210938,89.87999725341797,90.05000305175781,554000
2019-05-31,82.45787811279297,89.41000366210938,90.62999725341795,89.16999816894531,89.26000213623047,1260900
2019-06-03,84.1548080444336,91.25,91.9499969482422,89.58999633789062,89.6500015258789,1497900
2019-06-04,86.80164337158203,94.12000274658205,94.13999938964844,92.1500015258789,92.20999908447266,967800
2019-06-05,88.00055694580078,95.41999816894533,95.52999877929688,94.0,94.4499969482422,763400
2019-06-06,87.34574890136719,94.70999908447266,95.6500015258789,94.43000030517578,95.31999969482422,906600
2019-06-07,88.58155822753906,96.0500030517578,96.31999969482422,94.97000122070312,95.3499984741211,513400
2019-06-10,89.07958221435547,96.58999633789062,97.12000274658205,96.45999908447266,96.77999877929688,545100
2019-06-11,88.876708984375,96.37000274658205,98.44000244140624,96.25,97.66999816894533,756900
2019-06-12,89.0334701538086,96.54000091552734,96.75,95.87000274658205,96.37999725341795,433500
2019-06-13,89.25480651855469,96.77999877929688,97.2699966430664,96.13999938964844,96.9800033569336,874600
2019-06-14,88.60001373291016,96.06999969482422,96.98999786376952,95.31999969482422,96.44000244140624,432700
2019-06-17,87.99132537841797,95.41000366210938,96.33000183105467,95.37999725341795,96.01000213623048,429900
2019-06-18,88.86747741699219,96.36000061035156,97.02999877929688,95.8499984741211,96.01000213623048,642700
2019-06-19,89.40237426757812,96.94000244140624,97.31999969482422,95.70999908447266,96.52999877929688,609200
2019-06-20,90.42605590820312,98.0500030517578,98.48999786376952,96.95999908447266,98.0,954700
2019-06-21,89.66060638427734,97.22000122070312,98.26000213623048,97.08999633789062,98.12999725341795,1344000
2019-06-24,90.33384704589844,97.9499969482422,98.29000091552734,96.87000274658205,97.5,656000
2019-06-25,90.9425048828125,98.61000061035156,98.66999816894533,97.5199966430664,97.97000122070312,709200
2019-06-26,90.70272064208984,98.3499984741211,99.12000274658205,98.08999633789062,98.6500015258789,596300
2019-06-27,90.87796020507812,98.54000091552734,98.62000274658205,97.69000244140624,98.5500030517578,788200
2019-06-28,92.40888214111328,100.1999969482422,100.43000030517578,98.58999633789062,98.8000030517578,1917000
2019-07-01,94.38249969482422,102.33999633789062,102.69000244140624,100.5999984741211,101.3000030517578,1569900
2019-07-02,94.24414825439452,102.19000244140624,103.19000244140624,101.83000183105467,102.48999786376952,1508200
2019-07-03,95.3508529663086,103.38999938964844,103.47000122070312,102.2300033569336,102.33999633789062,643500
2019-07-05,94.75139617919922,102.73999786376952,103.08999633789062,101.5,102.56999969482422,1019100
2019-07-08,93.38645935058594,101.26000213623048,102.5,100.75,102.5,731600
2019-07-09,92.58411407470705,100.38999938964844,100.77999877929688,100.04000091552734,100.44000244140624,1003300
2019-07-10,90.87796020507812,98.54000091552734,101.16999816894533,98.5,101.08000183105467,993300
2019-07-11,90.03871154785156,97.62999725341795,98.94000244140624,96.72000122070312,98.58999633789062,1140400
2019-07-12,92.27978515625,100.05999755859376,100.08999633789062,97.97000122070312,98.0199966430664,854900
2019-07-15,91.61576080322266,99.33999633789062,100.0999984741211,99.0,99.97000122070312,644300
2019-07-16,91.59732055664062,99.31999969482422,99.80999755859376,98.62999725341795,99.0199966430664,651700
2019-07-17,88.03746032714844,95.45999908447266,99.08000183105467,95.2699966430664,99.08000183105467,1346000
2019-07-18,89.66060638427734,97.22000122070312,98.4800033569336,93.76000213623048,94.9800033569336,1961900
2019-07-19,90.4906234741211,98.12000274658205,99.12999725341795,97.7300033569336,97.87999725341795,1184400
2019-07-22,89.64215087890625,97.1999969482422,98.66999816894533,96.80999755859376,98.12999725341795,1277800
2019-07-23,90.48140716552734,98.11000061035156,98.22000122070312,96.54000091552734,97.83999633789062,1318500
2019-07-24,90.11248779296876,97.70999908447266,98.02999877929688,96.29000091552734,97.0999984741211,1047600
2019-07-25,91.09931182861328,98.77999877929688,98.93000030517578,96.75,97.80999755859376,1179800
2019-07-26,90.57361602783205,98.20999908447266,98.97000122070312,98.0,98.37999725341795,631600
2019-07-29,89.24556732177734,96.7699966430664,98.3499984741211,96.6999969482422,98.3499984741211,557300
2019-07-30,90.27849578857422,97.88999938964844,97.88999938964844,95.06999969482422,95.06999969482422,624500
2019-07-31,89.31938171386719,96.8499984741211,97.97000122070312,95.94000244140624,97.69000244140624,913500
2019-08-01,87.0506362915039,94.38999938964844,96.98999786376952,94.12999725341795,96.66000366210938,1113800
2019-08-02,85.53816986083984,92.75,95.08000183105467,92.58000183105467,94.54000091552734,879700
2019-08-05,82.90975952148438,89.9000015258789,91.38999938964844,89.25,91.33000183105467,1108500
2019-08-06,83.92424011230469,91.0,91.33999633789062,89.76000213623047,90.45999908447266,789300
2019-08-07,83.45389556884766,90.48999786376952,90.73999786376952,88.91000366210938,89.72000122070312,926600
2019-08-08,85.23382568359375,92.41999816894533,92.9000015258789,90.87000274658205,91.20999908447266,958000
2019-08-09,85.02172088623047,92.19000244140624,93.01000213623048,91.66000366210938,92.37000274658205,834700
2019-08-12,83.14955139160156,90.16000366210938,91.86000061035156,90.01000213623047,91.73999786376952,562600
2019-08-13,84.18246459960938,91.27999877929688,92.95999908447266,89.45999908447266,89.66999816894531,556100
2019-08-14,81.42493438720703,88.29000091552734,90.2699966430664,88.16000366210938,89.7300033569336,967400
2019-08-15,82.07975769042969,89.0,89.0999984741211,87.88999938964844,88.37000274658203,653800
2019-08-16,83.66602325439453,90.72000122070312,91.26000213623048,89.38999938964844,89.5199966430664,595000
2019-08-19,84.14557647705078,91.23999786376952,91.8499984741211,90.98999786376952,91.8499984741211,884900
2019-08-20,84.20089721679688,91.3000030517578,91.63999938964844,90.26000213623048,90.97000122070312,629200
2019-08-21,84.55137634277344,91.68000030517578,92.7699966430664,91.23999786376952,92.4499969482422,697100
2019-08-22,83.85968017578125,90.93000030517578,92.43000030517578,90.5,92.08000183105467,736700
2019-08-23,81.24972534179688,88.0999984741211,90.62000274658205,87.70999908447266,90.43000030517578,727500
2019-08-26,81.74773406982422,88.63999938964844,89.48999786376953,87.06999969482422,89.11000061035156,603000
2019-08-27,82.01521301269531,88.93000030517578,89.58999633789062,88.27999877929688,89.41999816894531,871600
2019-08-28,83.72135162353516,90.77999877929688,90.83999633789062,88.41000366210938,88.54000091552734,653500
2019-08-29,85.53875732421875,92.25,92.58999633789062,91.36000061035156,91.41000366210938,970200
2019-08-30,86.92034912109375,93.73999786376952,93.95999908447266,92.81999969482422,93.12000274658205,1058900
2019-09-03,85.77984619140625,92.51000213623048,93.08000183105467,91.4499969482422,92.7300033569336,974300
2019-09-04,86.46600341796875,93.25,93.70999908447266,92.79000091552734,93.4000015258789,820400
2019-09-05,89.13648223876953,96.12999725341795,96.38999938964844,94.20999908447266,94.20999908447266,880500
2019-09-06,88.21849060058594,95.13999938964844,96.75,94.86000061035156,96.3000030517578,1106000
2019-09-09,88.58015441894531,95.52999877929688,95.87999725341795,94.73999786376952,95.87999725341795,1114800
2019-09-10,89.98954772949219,97.0500030517578,97.06999969482422,94.75,95.45999908447266,952100
2019-09-11,91.9924087524414,99.20999908447266,99.23999786376952,96.75,97.8000030517578,904600
2019-09-12,92.41895294189452,99.66999816894533,99.83999633789062,98.48999786376952,99.26000213623048,767000
2019-09-13,92.41895294189452,99.66999816894533,101.37999725341795,99.62000274658205,100.1500015258789,812400
2019-09-16,92.0294952392578,99.25,99.93000030517578,99.0,99.0500030517578,378700
2019-09-17,91.53804779052734,98.72000122070312,98.9800033569336,97.93000030517578,98.86000061035156,678900
2019-09-18,92.08512878417967,99.30999755859376,99.37000274658205,97.9000015258789,98.19000244140624,749000
2019-09-19,91.76985168457033,98.97000122070312,100.0,98.97000122070312,99.20999908447266,584000
2019-09-20,91.71424102783205,98.91000366210938,99.72000122070312,98.55999755859376,99.5,960500
2019-09-23,91.47314453125,98.6500015258789,99.23999786376952,97.8000030517578,98.04000091552734,531900
2019-09-24,91.33405303955078,98.5,99.83000183105467,98.22000122070312,98.9800033569336,945100
2019-09-25,92.23351287841795,99.47000122070312,99.72000122070312,98.44000244140624,98.44000244140624,528400
2019-09-26,92.27986907958984,99.5199966430664,99.87000274658205,98.97000122070312,99.33999633789062,499000
2019-09-27,92.84547424316406,100.12999725341795,100.4800033569336,99.05999755859376,100.0999984741211,578100
2019-09-30,92.31694793701172,99.55999755859376,100.61000061035156,99.3000030517578,100.29000091552734,685200
2019-10-01,89.26629638671875,96.2699966430664,100.33999633789062,95.91999816894533,100.02999877929688,681500
2019-10-02,87.24488067626953,94.08999633789062,95.41999816894533,93.4499969482422,95.19000244140624,989600
2019-10-03,87.6899642944336,94.56999969482422,94.6999969482422,92.37000274658205,94.01000213623048,675500
2019-10-04,88.08869934082031,95.0,95.0999984741211,93.7300033569336,94.77999877929688,889400
2019-10-07,87.75489807128906,94.63999938964844,95.5999984741211,93.91999816894533,94.55999755859376,551700
2019-10-08,85.29765319824219,91.98999786376952,93.5500030517578,91.98999786376952,93.5500030517578,609400
2019-10-09,86.5865478515625,93.37999725341795,94.04000091552734,92.43000030517578,93.19000244140624,771900
2019-10-10,88.0145034790039,94.91999816894533,95.4800033569336,93.45999908447266,93.45999908447266,721500
2019-10-11,90.27699279785156,97.36000061035156,98.5999984741211,95.9800033569336,95.9800033569336,805600
2019-10-14,88.93248748779297,95.91000366210938,97.04000091552734,95.4499969482422,96.77999877929688,781500
2019-10-15,88.9974136352539,95.9800033569336,96.43000030517578,94.29000091552734,94.86000061035156,1394200
2019-10-16,88.84902954101562,95.81999969482422,96.62000274658205,95.5,95.97000122070312,1060600
2019-10-17,94.00452423095705,101.37999725341795,104.44000244140624,99.05999755859376,102.98999786376952,2302100
2019-10-18,94.78343200683594,102.22000122070312,103.19000244140624,101.05999755859376,101.51000213623048,1849500
2019-10-21,95.9610366821289,103.48999786376952,103.94000244140624,102.56999969482422,102.69000244140624,1327100
2019-10-22,96.5452117919922,104.12000274658205,104.56999969482422,103.12000274658205,103.7300033569336,879500
2019-10-23,95.77558135986328,103.29000091552734,104.04000091552734,102.66999816894533,103.83000183105467,832900
2019-10-24,95.6086883544922,103.11000061035156,103.91000366210938,102.5500030517578,103.52999877929688,536200
2019-10-25,96.1093978881836,103.6500015258789,104.76000213623048,102.87000274658205,103.18000030517578,732300
2019-10-28,96.62865447998048,104.20999908447266,104.9499969482422,103.4800033569336,104.1999969482422,835900
2019-10-29,97.39826202392578,105.04000091552734,105.33000183105467,103.5999984741211,103.5999984741211,995400
2019-10-30,96.37830352783205,103.94000244140624,104.7699966430664,103.12999725341795,104.7699966430664,865800
2019-10-31,96.33193969726562,103.88999938964844,103.9000015258789,102.7699966430664,103.7699966430664,1134300
2019-11-01,98.87258911132812,106.62999725341795,106.66000366210938,104.33999633789062,104.87999725341795,909500
2019-11-04,101.40399169921876,109.36000061035156,109.45999908447266,107.2699966430664,107.63999938964844,1183900
2019-11-05,101.5338134765625,109.5,110.12999725341795,109.02999877929688,109.02999877929688,1063000
2019-11-06,101.49671173095705,109.45999908447266,109.61000061035156,108.47000122070312,109.45999908447266,759200
2019-11-07,101.1907196044922,109.12999725341795,110.80999755859376,109.0,110.0,1031300
2019-11-08,101.39470672607422,109.3499984741211,109.47000122070312,108.33000183105467,108.9499969482422,596200
2019-11-11,101.95105743408205,109.9499969482422,110.0,108.5,109.0,611900
2019-11-12,102.00670623779295,110.01000213623048,110.51000213623048,109.4800033569336,109.8499984741211,991600
2019-11-13,101.20001220703124,109.13999938964844,109.72000122070312,108.51000213623048,108.88999938964844,915000
2019-11-14,100.80128479003906,108.70999908447266,109.48999786376952,108.6999969482422,108.87999725341795,769200
2019-11-15,101.50598907470705,109.47000122070312,109.8499984741211,109.0500030517578,109.61000061035156,525600
2019-11-18,101.14437103271484,109.08000183105467,109.38999938964844,108.83999633789062,108.83999633789062,526300
2019-11-19,101.16291809082033,109.0999984741211,109.5500030517578,108.70999908447266,109.2300033569336,992600
2019-11-20,100.67146301269533,108.56999969482422,109.1500015258789,107.9499969482422,108.9800033569336,628600
2019-11-21,101.16291809082033,109.0999984741211,109.5,108.0199966430664,108.52999877929688,737200
2019-11-22,101.5152816772461,109.4800033569336,109.97000122070312,108.88999938964844,109.62000274658205,571500
2019-11-25,103.80555725097656,111.9499969482422,112.1999969482422,109.68000030517578,110.0,1113100
2019-11-26,104.29703521728516,112.4800033569336,112.5199966430664,110.98999786376952,112.30999755859376,1481100
2019-11-27,104.39942932128906,112.0999984741211,112.44000244140624,111.2300033569336,111.98999786376952,1608000
2019-11-29,103.8220443725586,111.4800033569336,111.95999908447266,111.08000183105467,111.87999725341795,571700
2019-12-02,102.73239135742188,110.30999755859376,112.18000030517578,110.13999938964844,111.6500015258789,909500
2019-12-03,101.54035186767578,109.02999877929688,109.41000366210938,107.97000122070312,108.91000366210938,728800
2019-12-04,102.83486938476562,110.41999816894533,111.0999984741211,109.95999908447266,110.2699966430664,1136000
2019-12-05,103.68235778808594,111.33000183105467,111.5,110.31999969482422,110.5199966430664,632400
2019-12-06,104.85578918457033,112.58999633789062,113.44000244140624,112.27999877929688,112.27999877929688,811300
2019-12-09,104.77198791503906,112.5,112.9499969482422,111.9499969482422,112.4000015258789,595700
2019-12-10,105.10723114013672,112.86000061035156,113.51000213623048,111.66999816894533,112.25,820100
2019-12-11,105.39594268798828,113.16999816894533,113.56999969482422,112.7300033569336,113.33000183105467,757600
2019-12-12,106.615966796875,114.4800033569336,115.12999725341795,113.1500015258789,113.56999969482422,1071700
2019-12-13,105.8429718017578,113.6500015258789,114.9800033569336,113.33999633789062,114.05999755859376,776200
2019-12-16,105.35870361328124,113.12999725341795,115.26000213623048,113.0199966430664,114.62000274658205,689400
2019-12-17,106.41107177734376,114.26000213623048,114.3499984741211,113.30999755859376,113.33000183105467,585900
2019-12-18,105.7964096069336,113.5999984741211,114.51000213623048,113.1500015258789,114.44000244140624,941300
2019-12-19,105.67534637451172,113.47000122070312,114.1500015258789,113.12999725341795,113.70999908447266,701500
2019-12-20,107.09092712402344,114.98999786376952,115.05999755859376,113.73999786376952,114.33000183105467,1172000
2019-12-23,107.89185333251952,115.8499984741211,116.0,114.33999633789062,115.16000366210938,761100
2019-12-24,107.34237670898438,115.26000213623048,115.93000030517578,114.5999984741211,115.91999816894533,193900
2019-12-26,107.84528350830078,115.8000030517578,115.81999969482422,114.80999755859376,115.41999816894533,251800
2019-12-27,107.53794860839844,115.47000122070312,116.11000061035156,115.2300033569336,116.01000213623048,363000
2019-12-30,107.3237533569336,115.23999786376952,115.91999816894533,115.0,115.66999816894533,311900
2019-12-31,107.34237670898438,115.26000213623048,115.7699966430664,114.62999725341795,115.0199966430664,479500
2020-01-02,108.84178924560548,116.87000274658205,116.87000274658205,115.61000061035156,116.1500015258789,937500
2020-01-03,107.82667541503906,115.77999877929688,115.91999816894533,114.62999725341795,115.12000274658205,587400
2020-01-06,107.8359832763672,115.79000091552734,115.8499984741211,114.51000213623048,114.6999969482422,754200
2020-01-07,108.1339874267578,116.11000061035156,116.41999816894533,114.58000183105467,114.93000030517578,810700
2020-01-08,108.38545989990234,116.37999725341795,116.58999633789062,115.31999969482422,115.91999816894533,848400
2020-01-09,109.07460021972656,117.12000274658205,117.12999725341795,115.94000244140624,116.79000091552734,643700
2020-01-10,107.81736755371094,115.7699966430664,117.2699966430664,115.37999725341795,117.2699966430664,623700
2020-01-13,109.08392333984376,117.12999725341795,117.23999786376952,115.91000366210938,116.02999877929688,672800
2020-01-14,109.07460021972656,117.12000274658205,117.80999755859376,116.6500015258789,117.2699966430664,790000
2020-01-15,109.5309600830078,117.61000061035156,118.33000183105467,116.7699966430664,116.7699966430664,807700
2020-01-16,111.38423919677734,119.5999984741211,119.62000274658205,117.58000183105467,118.37999725341795,650200
2020-01-17,111.31906127929688,119.52999877929688,120.04000091552734,119.11000061035156,119.9499969482422,634300
2020-01-21,109.85689544677734,117.95999908447266,119.08000183105467,117.31999969482422,118.75,584900
2020-01-22,109.7730941772461,117.87000274658205,118.9000015258789,117.66000366210938,118.33999633789062,526800
2020-01-23,110.49951934814452,118.6500015258789,118.80999755859376,116.7699966430664,117.3499984741211,729500
2020-01-24,109.0652847290039,117.11000061035156,118.86000061035156,116.6999969482422,118.86000061035156,626800
2020-01-27,107.50070190429688,115.43000030517578,116.45999908447266,113.72000122070312,114.75,909500
2020-01-28,108.4506378173828,116.4499969482422,117.01000213623048,115.38999938964844,116.0,1024300
2020-01-29,108.38545989990234,116.37999725341795,117.41999816894533,116.2300033569336,117.02999877929688,980200
2020-01-30,110.75096893310548,118.91999816894533,120.1999969482422,116.5,116.69000244140624,1212800
2020-01-31,106.02922821044922,113.8499984741211,118.1500015258789,113.4499969482422,117.93000030517578,2545100
2020-02-03,105.87092590332033,113.68000030517578,115.6999969482422,113.31999969482422,114.61000061035156,1516200
2020-02-04,108.45995330810548,116.45999908447266,117.6500015258789,115.29000091552734,115.29000091552734,1002700
2020-02-05,111.0210418701172,119.20999908447266,119.29000091552734,117.52999877929688,117.83999633789062,826000
2020-02-06,110.1083755493164,118.2300033569336,119.47000122070312,117.80999755859376,119.4499969482422,747900
2020-02-07,109.25154876708984,117.30999755859376,118.2699966430664,116.91000366210938,117.33999633789062,1050500
2020-02-10,110.09905242919922,118.22000122070312,118.4000015258789,116.80999755859376,116.94000244140624,689000
2020-02-11,110.81615447998048,118.98999786376952,119.86000061035156,118.4499969482422,119.0,818500
2020-02-12,111.61707305908205,119.8499984741211,120.06999969482422,118.68000030517578,119.8499984741211,544200
2020-02-13,111.34700012207033,119.55999755859376,119.87999725341795,118.36000061035156,119.0,581700
2020-02-14,111.62639617919922,119.86000061035156,120.12000274658205,118.70999908447266,119.70999908447266,643300
2020-02-18,111.68226623535156,119.91999816894533,120.26000213623048,118.91999816894533,119.16999816894533,691600
2020-02-19,109.19568634033205,117.25,120.26000213623048,117.1500015258789,120.16000366210938,1021300
2020-02-20,110.84407806396484,119.0199966430664,119.5,116.33000183105467,116.91999816894533,684200
2020-02-21,111.23526000976562,119.44000244140624,119.51000213623048,117.70999908447266,118.23999786376952,661900
2020-02-24,107.0536651611328,114.9499969482422,116.62000274658205,114.1999969482422,115.5500030517578,820400
2020-02-25,102.49959564208984,110.05999755859376,115.4499969482422,109.9499969482422,115.4499969482422,1234700
2020-02-26,100.86051177978516,108.3000030517578,111.79000091552734,108.26000213623048,111.16999816894533,1468400
2020-02-27,98.4561538696289,105.23999786376952,109.95999908447266,105.02999877929688,106.16999816894533,1439900
2020-02-28,96.11731719970705,102.73999786376952,103.33999633789062,99.5999984741211,101.44000244140624,1877500
2020-03-02,100.47692108154295,107.4000015258789,107.7699966430664,102.08000183105467,103.37999725341795,1418200
2020-03-03,98.90521240234376,105.72000122070312,110.9000015258789,104.52999877929688,107.43000030517578,1231200
2020-03-04,103.5641860961914,110.6999969482422,111.0,106.44000244140624,107.52999877929688,936700
2020-03-05,98.96134185791016,105.77999877929688,109.36000061035156,105.13999938964844,107.06999969482422,1056700
2020-03-06,94.9478759765625,101.48999786376952,104.7300033569336,99.41000366210938,102.23999786376952,1806000
2020-03-09,87.7068099975586,93.75,95.30999755859376,92.26000213623048,93.91000366210938,2094900
2020-03-10,94.04976654052734,100.52999877929688,100.55999755859376,94.16000366210938,96.87999725341795,1166300
2020-03-11,89.39079284667969,95.5500030517578,99.2300033569336,94.76000213623048,97.3000030517578,1460000
2020-03-12,80.06346130371094,85.58000183105469,91.27999877929688,84.37999725341797,88.87000274658203,2255200
2020-03-13,84.90018463134766,90.75,91.0,84.81999969482422,90.91000366210938,1438500
2020-03-16,71.05421447753906,75.94999694824219,80.80999755859375,72.1500015258789,80.0,2415500
2020-03-17,75.90030670166016,81.12999725341797,82.36000061035156,73.87999725341797,77.77999877929688,1866500
2020-03-18,65.3567886352539,69.86000061035156,77.08000183105469,67.36000061035156,75.55999755859375,1710000
2020-03-19,66.23619079589844,70.80000305175781,73.58999633789062,66.26000213623047,69.01000213623047,1329700
2020-03-20,61.867225646972656,66.12999725341797,75.2300033569336,65.9000015258789,71.79000091552734,2333900
2020-03-23,61.156211853027344,65.37000274658203,67.5199966430664,62.95000076293945,65.73999786376953,1788800
2020-03-24,69.92219543457031,74.73999786376953,74.83000183105469,68.83000183105469,69.55000305175781,1849300
2020-03-25,75.39510345458984,80.58999633789062,84.83000183105469,74.8499984741211,75.43000030517578,2582400
2020-03-26,79.1559829711914,84.61000061035156,84.61000061035156,78.27999877929688,82.36000061035156,1427200
2020-03-27,76.6674575805664,81.94999694824219,84.66000366210938,78.58000183105469,84.66000366210938,1123300
2020-03-30,80.11957550048828,85.63999938964844,86.12000274658203,81.01000213623047,81.25,1240800
2020-03-31,78.5291519165039,83.94000244140625,88.08000183105469,83.04000091552734,84.48999786376953,2057600
2020-04-01,74.82444763183594,79.9800033569336,80.5199966430664,77.08000183105469,79.56999969482422,1218900
2020-04-02,75.40447235107422,80.5999984741211,82.23999786376953,78.01000213623047,79.69000244140625,1407800
2020-04-03,72.3733139038086,77.36000061035156,81.2300033569336,76.83000183105469,79.94999694824219,1206700
2020-04-06,79.26824951171875,84.7300033569336,85.69999694824219,81.41999816894531,81.75,1351500
2020-04-07,79.99797058105469,85.51000213623047,89.94000244140625,85.06999969482422,88.95999908447266,1488500
2020-04-08,83.8243179321289,89.5999984741211,90.05000305175781,85.29000091552734,86.37999725341797,863000
2020-04-09,83.64656829833984,89.41000366210938,93.0999984741211,88.4800033569336,90.44000244140624,1335500
2020-04-13,80.80252075195312,86.37000274658203,90.5,84.83000183105469,90.3000030517578,1062300
2020-04-14,82.05616760253906,87.70999908447266,89.02999877929688,86.45999908447266,88.43000030517578,1305200
2020-04-15,78.95018005371094,84.38999938964844,85.73999786376953,81.51000213623047,85.05000305175781,924700
2020-04-16,78.72563171386719,84.1500015258789,84.55000305175781,81.86000061035156,83.69999694824219,960300
2020-04-17,82.7858657836914,88.48999786376953,89.06999969482422,86.29000091552734,86.29000091552734,887400
2020-04-20,80.4283218383789,85.97000122070312,87.33000183105469,83.9000015258789,84.6500015258789,1121600
2020-04-21,79.06243133544922,84.51000213623047,89.41999816894531,83.7300033569336,86.5999984741211,1757600
2020-04-22,80.75574493408203,86.31999969482422,87.9800033569336,85.41000366210938,86.80999755859375,1396000
2020-04-23,82.3368148803711,88.01000213623047,89.26000213623047,86.69999694824219,87.22000122070312,835200
2020-04-24,85.10601043701172,90.97000122070312,91.47000122070312,87.23999786376953,88.8499984741211,1080000
2020-04-27,87.18289184570312,93.19000244140624,93.69000244140624,91.3000030517578,91.4000015258789,892100
2020-04-28,88.7920150756836,94.91000366210938,95.83999633789062,93.86000061035156,95.0,818000
2020-04-29,90.10177612304688,96.30999755859376,97.87000274658205,95.9000015258789,97.68000030517578,859400
2020-04-30,87.6132583618164,93.6500015258789,94.58000183105467,92.36000061035156,94.58000183105467,1662100
2020-05-01,85.57376861572266,91.47000122070312,92.56999969482422,90.3499984741211,92.02999877929688,879000
2020-05-04,84.79727172851562,90.63999938964844,91.11000061035156,89.1500015258789,90.01000213623047,897900
2020-05-05,85.96671295166016,91.88999938964844,93.5999984741211,91.62999725341795,91.9800033569336,1022400
2020-05-06,84.54468536376953,90.37000274658205,92.1500015258789,90.22000122070312,91.87999725341795,519900
2020-05-07,85.1995620727539,91.06999969482422,92.52999877929688,90.62000274658205,91.73999786376952,605400
2020-05-08,86.28480529785156,92.2300033569336,93.5,91.31999969482422,92.87999725341795,588200
2020-05-11,84.87212371826172,90.72000122070312,91.4000015258789,89.63999938964844,90.77999877929688,730600
2020-05-12,81.14866638183594,86.73999786376953,91.7300033569336,86.70999908447266,91.19000244140624,696700
2020-05-13,78.0333480834961,83.41000366210938,86.58000183105469,82.66999816894531,86.44999694824219,778700
2020-05-14,79.979248046875,85.48999786376953,85.79000091552734,79.87000274658203,81.95999908447266,852900
2020-05-15,79.4647216796875,84.94000244140625,85.76000213623047,84.0999984741211,84.81999969482422,949800
2020-05-18,84.68501281738281,90.5199966430664,91.36000061035156,88.26000213623047,88.93000030517578,1247900
2020-05-19,83.78690338134766,89.55999755859375,91.37999725341795,88.80000305175781,90.12000274658205,723100
2020-05-20,85.1714859008789,91.04000091552734,92.5,90.8000030517578,91.19000244140624,496300
2020-05-21,84.98438262939453,90.83999633789062,91.7699966430664,90.54000091552734,90.62000274658205,538800
2020-05-22,83.98334503173828,89.7699966430664,91.04000091552734,89.12999725341797,91.04000091552734,866200
2020-05-26,88.67977142333984,94.79000091552734,95.8499984741211,92.3000030517578,92.83000183105467,969000
2020-05-27,90.9999008178711,97.2699966430664,97.87999725341795,95.54000091552734,97.13999938964844,781800
2020-05-28,91.2349624633789,97.02999877929688,98.06999969482422,95.88999938964844,98.0,1468900
2020-05-29,91.44184112548828,97.25,97.5999984741211,95.44000244140624,96.23999786376952,1203900
2020-06-01,91.91195678710938,97.75,98.55999755859376,96.87999725341795,97.44000244140624,738800
2020-06-02,93.32239532470705,99.25,99.70999908447266,97.91999816894533,98.69000244140624,850700
2020-06-03,97.29035949707033,103.47000122070312,104.30999755859376,101.41000366210938,102.87999725341795,968000
2020-06-04,97.3373565673828,103.5199966430664,104.04000091552734,101.43000030517578,101.69000244140624,889000
2020-06-05,101.17367553710938,107.5999984741211,109.52999877929688,106.5199966430664,107.81999969482422,819900
2020-06-08,102.46187591552734,108.97000122070312,109.45999908447266,107.5500030517578,107.69000244140624,825000
2020-06-09,100.29924774169922,106.66999816894533,107.83999633789062,105.5199966430664,106.9499969482422,747400
2020-06-10,96.73558807373048,102.87999725341795,106.51000213623048,102.87000274658205,106.4000015258789,703700
2020-06-11,90.4545440673828,96.1999969482422,99.86000061035156,96.08999633789062,99.41999816894533,784700
2020-06-12,90.84007263183594,96.61000061035156,100.0999984741211,94.0,100.0999984741211,1077100
2020-06-15,91.54527282714844,97.36000061035156,97.88999938964844,93.0199966430664,93.33000183105467,1059900
2020-06-16,92.55136108398438,98.43000030517578,101.79000091552734,96.04000091552734,101.77999877929688,987700
2020-06-17,91.90257263183594,97.73999786376952,99.18000030517578,97.41000366210938,98.95999908447266,889900
2020-06-18,91.5358657836914,97.3499984741211,98.5199966430664,96.12999725341795,96.72000122070312,762100
2020-06-19,89.23218536376953,94.9000015258789,99.16000366210938,94.87000274658205,99.1500015258789,1813400
2020-06-22,89.51426696777344,95.1999969482422,95.83999633789062,93.2699966430664,94.75,913200
2020-06-23,89.13816833496094,94.8000030517578,96.8000030517578,94.5199966430664,96.7300033569336,781500
2020-06-24,86.40196990966797,91.88999938964844,93.7699966430664,90.83999633789062,93.73999786376952,983500
2020-06-25,86.778076171875,92.29000091552734,92.43000030517578,90.02999877929688,91.43000030517578,828100
2020-06-26,87.10717010498047,92.63999938964844,92.87999725341795,91.55999755859376,91.8000030517578,2090700
2020-06-29,88.9218978881836,94.56999969482422,95.08999633789062,93.0199966430664,93.52999877929688,601800
2020-06-30,90.79305267333984,96.55999755859376,97.29000091552734,93.88999938964844,94.05999755859376,809300
2020-07-01,89.89036560058594,95.5999984741211,97.11000061035156,94.7699966430664,96.87000274658205,628800
2020-07-02,91.60166931152344,97.41999816894533,99.08000183105467,96.83000183105467,96.9800033569336,852600
2020-07-06,92.6453857421875,98.52999877929688,99.76000213623048,97.80999755859376,99.2300033569336,525300
2020-07-07,91.04691314697266,96.83000183105467,98.1500015258789,96.5999984741211,97.66999816894533,782800
2020-07-08,91.12213897705078,96.91000366210938,97.43000030517578,95.8499984741211,96.97000122070312,645800
2020-07-09,89.1945571899414,94.86000061035156,97.02999877929688,94.1999969482422,97.02999877929688,538100
2020-07-10,89.46726989746094,95.1500015258789,95.66999816894533,94.36000061035156,95.13999938964844,491700
2020-07-13,90.74603271484376,96.51000213623048,98.31999969482422,95.70999908447266,96.45999908447266,748400
2020-07-14,92.74881744384766,98.63999938964844,98.7300033569336,95.87999725341795,96.5199966430664,1140800
2020-07-15,96.07738494873048,102.18000030517578,102.5,99.05999755859376,100.4499969482422,999600
2020-07-16,96.25605010986328,102.37000274658205,103.47000122070312,101.29000091552734,101.72000122070312,673800
2020-07-17,97.39378356933594,103.58000183105467,104.56999969482422,102.98999786376952,103.91999816894533,816600
2020-07-20,96.41590881347656,102.54000091552734,103.97000122070312,101.91000366210938,102.79000091552734,650200
2020-07-21,97.30915069580078,103.48999786376952,104.47000122070312,102.72000122070312,103.47000122070312,1012400
2020-07-22,98.90763092041016,105.19000244140624,107.98999786376952,104.04000091552734,104.5500030517578,1480500
2020-07-23,99.43417358398438,105.75,106.83999633789062,104.5199966430664,105.4000015258789,712500
2020-07-24,99.2085189819336,105.51000213623048,106.18000030517578,105.05999755859376,105.81999969482422,1064500
2020-07-27,99.9043426513672,106.25,106.43000030517578,104.81999969482422,105.1999969482422,642200
2020-07-28,98.5127182006836,104.7699966430664,106.0999984741211,104.58999633789062,105.6500015258789,662900
2020-07-29,100.49668884277344,106.87999725341795,107.13999938964844,105.19000244140624,105.37999725341795,634800
2020-07-30,98.29644012451172,104.54000091552734,105.5,103.72000122070312,105.4800033569336,521900
2020-07-31,96.78260040283205,102.93000030517578,104.05999755859376,101.54000091552734,103.7300033569336,1658300
2020-08-03,96.98006439208984,103.13999938964844,104.38999938964844,102.70999908447266,103.33999633789062,755300
2020-08-04,97.15870666503906,103.33000183105467,103.6500015258789,102.4800033569336,102.62999725341795,765700
2020-08-05,98.49390411376952,104.75,105.47000122070312,103.97000122070312,104.13999938964844,651100
2020-08-06,98.95464324951172,105.23999786376952,105.29000091552734,104.0500030517578,104.55999755859376,459800
2020-08-07,101.5780029296875,108.02999877929688,108.0999984741211,105.37999725341795,105.37999725341795,883400
2020-08-10,103.90050506591795,110.5,110.94000244140624,108.36000061035156,108.36000061035156,1042500
2020-08-11,105.64938354492188,112.36000061035156,113.31999969482422,111.0,111.0,984200
2020-08-12,105.8468780517578,112.56999969482422,113.22000122070312,111.86000061035156,112.9499969482422,652700
2020-08-13,105.4049301147461,112.0999984741211,112.54000091552734,111.18000030517578,111.80999755859376,556800
2020-08-14,104.85958099365234,111.5199966430664,112.61000061035156,110.83000183105467,111.44000244140624,722700
2020-08-17,105.2074737548828,111.88999938964844,112.43000030517578,110.86000061035156,111.6999969482422,686700
2020-08-18,104.41764068603516,111.0500030517578,112.18000030517578,110.9000015258789,111.91999816894533,529800
2020-08-19,104.10735321044922,110.72000122070312,112.0,110.33999633789062,111.5500030517578,368900
2020-08-20,103.42095184326172,109.98999786376952,110.1999969482422,108.9800033569336,109.37000274658205,652900
2020-08-21,103.37393951416016,109.94000244140624,110.83000183105467,108.83000183105467,110.08999633789062,644900
2020-08-24,104.39881896972656,111.02999877929688,111.0500030517578,109.87999725341795,110.33000183105467,617200
2020-08-25,104.58692169189452,111.2300033569336,111.88999938964844,110.43000030517578,111.48999786376952,537500
2020-08-26,104.8219757080078,111.4800033569336,111.95999908447266,110.20999908447266,110.86000061035156,468900
2020-08-27,104.85958099365234,111.5199966430664,112.4499969482422,111.04000091552734,112.16999816894533,454600
2020-08-28,105.19485473632812,111.37999725341795,111.66999816894533,110.2300033569336,111.16000366210938,398500
2020-08-31,103.74037170410156,109.83999633789062,111.16999816894533,109.41000366210938,111.0,699500
2020-09-01,105.2326202392578,111.41999816894533,111.54000091552734,108.86000061035156,109.33000183105467,493100
2020-09-02,107.10269165039062,113.4000015258789,113.9499969482422,110.83999633789062,111.6500015258789,651600
2020-09-03,103.65538024902344,109.75,113.80999755859376,108.56999969482422,113.08999633789062,575500
2020-09-04,103.5325927734375,109.62000274658205,111.29000091552734,108.58999633789062,111.23999786376952,603400
2020-09-08,102.13478088378906,108.13999938964844,110.01000213623048,107.5500030517578,108.79000091552734,740500
2020-09-09,105.3176498413086,111.51000213623048,112.56999969482422,108.86000061035156,109.18000030517578,797100
2020-09-10,104.72262573242188,110.87999725341795,112.51000213623048,110.80999755859376,111.5199966430664,1026300
2020-09-11,106.5359878540039,112.8000030517578,113.37999725341795,111.06999969482422,111.11000061035156,562000
2020-09-14,107.37657928466795,113.69000244140624,114.54000091552734,112.91000366210938,113.8000030517578,716400
2020-09-15,107.65048217773438,113.9800033569336,114.83000183105467,113.22000122070312,114.0,668100
2020-09-16,108.93494415283205,115.33999633789062,116.37000274658205,113.68000030517578,114.76000213623048,558500
2020-09-17,108.97272491455078,115.37999725341795,115.83999633789062,112.91000366210938,113.94000244140624,694200
2020-09-18,106.34711456298828,112.5999984741211,116.13999938964844,112.0999984741211,115.36000061035156,1069500
2020-09-21,101.48309326171876,107.4499969482422,110.75,105.94000244140624,110.56999969482422,744900
2020-09-22,101.58699035644533,107.55999755859376,107.76000213623048,106.19000244140624,107.12999725341795,1008800
2020-09-23,101.0108642578125,106.9499969482422,109.2300033569336,106.6500015258789,107.66999816894533,1803500
2020-09-24,101.19032287597656,107.13999938964844,108.9000015258789,105.79000091552734,106.9499969482422,665100
2020-09-25,102.47478485107422,108.5,109.11000061035156,106.05999755859376,106.3499984741211,630700
2020-09-28,102.7392349243164,108.77999877929688,110.76000213623048,108.63999938964844,110.41999816894533,762800
2020-09-29,102.22921752929688,108.23999786376952,109.0999984741211,107.61000061035156,108.83999633789062,504200
2020-09-30,102.32366943359376,108.33999633789062,110.30999755859376,107.26000213623048,108.86000061035156,894700
2020-10-01,101.19032287597656,107.13999938964844,109.61000061035156,106.3000030517578,109.0,623100
2020-10-02,103.938720703125,110.0500030517578,111.12000274658205,105.4000015258789,105.51000213623048,812100
2020-10-05,105.14765167236328,111.33000183105467,112.58999633789062,110.6999969482422,111.29000091552734,522300
2020-10-06,103.97649383544922,110.08999633789062,112.66999816894533,109.9000015258789,111.52999877929688,437500
2020-10-07,105.49707794189452,111.6999969482422,113.0500030517578,110.87999725341795,111.47000122070312,522400
2020-10-08,106.6587905883789,112.93000030517578,112.97000122070312,111.0199966430664,112.37000274658205,444600
2020-10-09,106.80045318603516,113.08000183105467,114.29000091552734,112.30999755859376,113.80999755859376,500200
2020-10-12,107.64102935791016,113.97000122070312,114.5,113.13999938964844,113.88999938964844,610000
2020-10-13,106.18655395507812,112.43000030517578,114.52999877929688,111.93000030517578,113.75,475400
2020-10-14,107.31047058105467,113.62000274658205,114.66999816894533,112.9499969482422,112.9499969482422,564800
2020-10-15,107.5749282836914,113.9000015258789,114.20999908447266,111.81999969482422,112.05999755859376,404800
2020-10-16,107.73548126220705,114.06999969482422,115.41999816894533,113.91000366210938,114.41000366210938,650300
2020-10-19,106.5076675415039,112.7699966430664,115.98999786376952,112.4499969482422,114.5500030517578,686100
2020-10-20,107.8960418701172,114.23999786376952,116.68000030517578,112.62000274658205,113.08000183105467,1043300
2020-10-21,107.4143524169922,113.7300033569336,115.37999725341795,113.66999816894533,113.9499969482422,687900
2020-10-22,108.84050750732422,115.23999786376952,115.77999877929688,114.05999755859376,114.41000366210938,528400
2020-10-23,109.81330871582033,116.2699966430664,116.52999877929688,115.1999969482422,116.20999908447266,532500
2020-10-26,107.49935913085938,113.81999969482422,114.95999908447266,112.33999633789062,114.88999938964844,584900
2020-10-27,105.35543060302734,111.5500030517578,114.2300033569336,111.5,113.9800033569336,671400
2020-10-28,103.22093200683594,109.29000091552734,110.79000091552734,108.5,109.2300033569336,1303200
2020-10-29,103.97649383544922,110.08999633789062,111.08000183105467,108.0,108.41999816894533,794800
2020-10-30,104.5620574951172,110.70999908447266,111.16999816894533,109.4499969482422,109.83000183105467,991300
2020-11-02,108.49105072021484,114.87000274658205,115.12999725341795,112.41000366210938,112.61000061035156,654800
2020-11-03,110.65388488769533,117.16000366210938,118.16000366210938,116.05999755859376,116.58000183105467,624600
2020-11-04,107.73548126220705,114.06999969482422,117.26000213623048,113.08999633789062,116.23999786376952,685700
2020-11-05,110.85222625732422,117.37000274658205,119.02999877929688,115.68000030517578,115.68000030517578,539600
2020-11-06,109.9549560546875,116.41999816894533,118.1999969482422,113.86000061035156,117.95999908447266,858300
2020-11-09,113.07171630859376,119.72000122070312,127.38999938964844,119.5999984741211,121.38999938964844,1014100
2020-11-10,113.15672302246094,119.80999755859376,122.5999984741211,119.58000183105467,120.30999755859376,1689000
2020-11-11,114.15786743164062,120.87000274658205,121.29000091552734,118.13999938964844,120.55999755859376,804800
2020-11-12,113.33618927001952,120.0,121.08999633789062,118.9800033569336,120.4000015258789,581600
2020-11-13,115.48955535888672,122.27999877929688,122.91999816894533,119.9800033569336,120.9800033569336,639600
2020-11-16,118.8140869140625,125.8000030517578,125.88999938964844,122.30999755859376,124.55999755859376,944000
2020-11-17,118.4457550048828,125.41000366210938,125.87000274658205,122.81999969482422,124.9499969482422,600400
2020-11-18,117.45406341552734,124.36000061035156,126.86000061035156,124.36000061035156,125.97000122070312,750100
2020-11-19,117.75627899169922,124.68000030517578,125.0,123.01000213623048,123.73999786376952,473300
2020-11-20,116.62291717529295,123.4800033569336,125.18000030517578,122.91000366210938,124.69000244140624,537300
2020-11-23,116.5757064819336,123.43000030517578,124.68000030517578,122.75,122.75,790800
2020-11-24,119.32410430908205,126.33999633789062,127.04000091552734,124.12000274658205,124.2699966430664,797300
2020-11-25,117.22736358642578,124.12000274658205,126.02999877929688,123.1999969482422,125.56999969482422,1412900
2020-11-27,117.46920776367188,123.87999725341795,124.5999984741211,123.4800033569336,124.02999877929688,256600
2020-11-30,115.71491241455078,122.02999877929688,123.3000030517578,121.02999877929688,122.87000274658205,1025100
2020-12-01,116.29337310791016,122.63999938964844,124.9000015258789,122.52999877929688,123.61000061035156,741800
2020-12-02,115.96145629882812,122.29000091552734,123.4000015258789,121.55999755859376,122.16000366210938,981000
2020-12-03,114.87098693847656,121.13999938964844,123.37999725341795,120.93000030517578,122.58000183105467,691500
2020-12-04,117.14678955078124,123.54000091552734,123.6500015258789,121.7300033569336,121.91999816894533,1520400
2020-12-07,115.91405487060548,122.23999786376952,123.3000030517578,121.5199966430664,123.2699966430664,1062600
2020-12-08,115.62010192871094,121.93000030517578,122.83000183105467,121.0999984741211,121.36000061035156,875800
2020-12-09,116.86231994628906,123.23999786376952,123.54000091552734,121.61000061035156,122.2300033569336,604400
2020-12-10,115.0890884399414,121.37000274658205,123.0999984741211,120.12000274658205,123.05999755859376,658500
2020-12-11,115.0890884399414,121.37000274658205,121.91999816894533,120.41999816894533,120.5199966430664,663800
2020-12-14,113.91325378417967,120.12999725341795,122.9000015258789,119.98999786376952,122.6999969482422,525600
2020-12-15,115.53475189208984,121.83999633789062,122.3000030517578,120.04000091552734,121.30999755859376,536300
2020-12-16,114.61495208740234,120.87000274658205,122.51000213623048,120.7300033569336,122.37999725341795,503200
2020-12-17,117.3553695678711,123.76000213623048,123.93000030517578,120.5,121.52999877929688,918500
2020-12-18,117.45022583007812,123.86000061035156,125.69000244140624,122.5,123.73999786376952,1690400
2020-12-21,117.459716796875,123.87000274658205,124.62999725341795,121.04000091552734,121.0999984741211,609400
2020-12-22,117.05196380615234,123.44000244140624,124.70999908447266,123.08999633789062,123.9800033569336,654000
2020-12-23,117.24161529541016,123.63999938964844,125.36000061035156,123.62999725341795,124.26000213623048,1218800
2020-12-24,117.60194396972656,124.0199966430664,124.06999969482422,122.69000244140624,123.72000122070312,178300
2020-12-28,117.8484878540039,124.27999877929688,126.1999969482422,124.20999908447266,125.87000274658205,485200
2020-12-29,117.11834716796876,123.51000213623048,125.62000274658205,122.4499969482422,124.66999816894533,626800
2020-12-30,117.99072265625,124.43000030517578,125.27999877929688,123.5500030517578,123.5500030517578,458100
2020-12-31,119.71653747558594,126.25,126.44000244140624,123.72000122070312,124.4000015258789,556800
2021-01-04,116.9571304321289,123.33999633789062,126.75,122.6500015258789,126.22000122070312,745600
2021-01-05,117.63987731933594,124.05999755859376,125.20999908447266,123.12000274658205,123.58999633789062,572300
2021-01-06,120.95872497558594,127.55999755859376,128.8000030517578,125.1500015258789,125.83000183105467,760000
2021-01-07,122.75093841552734,129.4499969482422,129.72000122070312,126.1500015258789,128.02999877929688,622500
2021-01-08,122.75093841552734,129.4499969482422,130.41000366210938,127.5500030517578,129.52000427246094,549500
2021-01-11,122.1156234741211,128.77999877929688,129.6199951171875,128.11000061035156,128.11000061035156,351700
2021-01-12,122.89317321777344,129.60000610351562,129.92999267578125,128.22999572753906,128.8800048828125,862400
2021-01-13,120.5415267944336,127.12000274658205,129.55999755859375,127.12000274658205,129.19000244140625,1156200
2021-01-14,120.37084197998048,126.94000244140624,128.36000061035156,126.41000366210938,127.72000122070312,791600
2021-01-15,118.89157104492188,125.37999725341795,126.0500030517578,123.51000213623048,126.01000213623048,598800
2021-01-19,119.01483917236328,125.51000213623048,127.44000244140624,125.33000183105467,126.37000274658205,818000
2021-01-20,119.48898315429688,126.01000213623048,126.4000015258789,124.86000061035156,125.93000030517578,747800
2021-01-21,118.51227569580078,124.9800033569336,126.11000061035156,124.4499969482422,125.91000366210938,526600
2021-01-22,118.83466339111328,125.31999969482422,125.83999633789062,123.43000030517578,124.29000091552734,615200
2021-01-25,118.59759521484376,125.06999969482422,126.88999938964844,123.9800033569336,124.94000244140624,863500
2021-01-26,117.8200454711914,124.25,126.5,123.4499969482422,126.43000030517578,744500
2021-01-27,112.78482818603516,118.94000244140624,123.1999969482422,118.61000061035156,122.58000183105467,1397000
2021-01-28,111.89347076416016,118.0,122.4499969482422,117.44000244140624,120.08000183105467,2015200
2021-01-29,110.46161651611328,116.48999786376952,118.4800033569336,116.06999969482422,117.37999725341795,880700
2021-02-01,111.49522399902344,117.58000183105467,117.80999755859376,115.87999725341795,117.4800033569336,898400
2021-02-02,113.16414642333984,119.33999633789062,120.86000061035156,117.87999725341795,118.6500015258789,640200
2021-02-03,114.57704162597656,120.83000183105467,121.16999816894533,118.2699966430664,118.76000213623048,739600
2021-02-04,113.6287841796875,119.83000183105467,121.47000122070312,119.27999877929688,121.02999877929688,622400
2021-02-05,114.79512786865234,121.05999755859376,122.38999938964844,120.56999969482422,120.73999786376952,557100
2021-02-08,114.63391876220705,120.88999938964844,122.47000122070312,120.20999908447266,121.61000061035156,724500
2021-02-09,114.12186431884766,120.3499984741211,120.95999908447266,119.56999969482422,120.88999938964844,360600
2021-02-10,116.42610168457033,122.77999877929688,123.12000274658205,120.3499984741211,120.87999725341795,684000
2021-02-11,115.7812957763672,122.0999984741211,123.30999755859376,119.95999908447266,123.16000366210938,567200
2021-02-12,116.37870025634766,122.7300033569336,122.87000274658205,121.37999725341795,121.94000244140624,289200
2021-02-16,115.35458374023438,121.6500015258789,123.73999786376952,121.62999725341795,123.4499969482422,624000
2021-02-17,114.38738250732422,120.62999725341795,121.98999786376952,119.66999816894533,121.18000030517578,615300
2021-02-18,114.68133544921876,120.94000244140624,121.38999938964844,118.94000244140624,120.38999938964844,442100
2021-02-19,115.9235382080078,122.25,122.91000366210938,121.26000213623048,121.3499984741211,676300
2021-02-22,115.81924438476562,122.13999938964844,122.33999633789062,120.86000061035156,121.41999816894533,1144800
2021-02-23,115.6675033569336,121.9800033569336,123.62000274658205,120.3000030517578,122.66999816894533,804200
2021-02-24,119.00535583496094,125.5,125.76000213623048,121.13999938964844,121.73999786376952,723300
2021-02-25,118.31514739990234,124.27999877929688,125.73999786376952,123.86000061035156,125.41999816894533,1099000
2021-02-26,117.34410095214844,123.26000213623048,124.81999969482422,122.61000061035156,124.5199966430664,1084800
2021-03-01,121.25685119628906,127.37000274658205,129.4499969482422,124.41000366210938,124.41000366210938,1176500
2021-03-02,121.04739379882812,127.1500015258789,128.13999938964844,126.43000030517578,127.33999633789062,871400
2021-03-03,120.89508819580078,126.98999786376952,129.0800018310547,126.87000274658205,127.25,686700
2021-03-04,119.34332275390624,125.36000061035156,127.54000091552734,123.58000183105467,127.0199966430664,719300
2021-03-05,123.8177261352539,130.05999755859375,130.63999938964844,126.01000213623048,126.70999908447266,807900
2021-03-08,125.45516204833984,131.77999877929688,133.30999755859375,130.41000366210938,130.72999572753906,774600
2021-03-09,124.63646697998048,130.9199981689453,132.44000244140625,130.77999877929688,132.44000244140625,894600
2021-03-10,126.68328857421876,133.07000732421875,134.6699981689453,130.1699981689453,130.77000427246094,668900
2021-03-11,127.43536376953124,133.86000061035156,134.8800048828125,132.5,132.9600067138672,729100
2021-03-12,129.310791015625,135.8300018310547,136.0500030517578,134.52000427246094,134.77999877929688,922300
2021-03-15,129.24415588378906,135.75999450683594,135.8800048828125,133.38999938964844,135.25,737500
2021-03-16,129.0537567138672,135.55999755859375,135.72000122070312,132.4600067138672,135.22999572753906,897000
2021-03-17,130.34848022460938,136.9199981689453,137.44000244140625,135.10000610351562,136.4600067138672,700300
2021-03-18,130.61505126953125,137.1999969482422,138.19000244140625,136.4499969482422,136.92999267578125,701700
2021-03-19,129.04421997070312,135.5500030517578,137.30999755859375,134.50999450683594,136.8000030517578,1566500
2021-03-22,129.8915557861328,136.44000244140625,136.77999877929688,134.74000549316406,135.57000732421875,687300
2021-03-23,127.20686340332033,133.6199951171875,136.52999877929688,133.00999450683594,135.3300018310547,938400
2021-03-24,129.15846252441406,135.6699981689453,137.07000732421875,134.5,134.58999633789062,639700
2021-03-25,131.09104919433594,137.6999969482422,138.25999450683594,134.0800018310547,135.64999389648438,686600
2021-03-26,133.1854705810547,139.89999389648438,140.10000610351562,137.55999755859375,138.5800018310547,525500
2021-03-29,131.5956268310547,138.22999572753906,140.1699981689453,137.72000122070312,139.3300018310547,719400
2021-03-30,131.7384033203125,138.3800048828125,139.08999633789062,137.75,138.5,668300
2021-03-31,130.54843139648438,137.1300048828125,138.89999389648438,136.57000732421875,138.14999389648438,604400
2021-04-01,131.3100128173828,137.92999267578125,138.0399932861328,135.67999267578125,137.75999450683594,498400
2021-04-05,133.44247436523438,140.1699981689453,140.7100067138672,138.3699951171875,139.22000122070312,623800
2021-04-06,132.83323669433594,139.52999877929688,141.1199951171875,139.25,140.0399932861328,566000
2021-04-07,132.4048309326172,139.0800018310547,139.7899932861328,138.3800048828125,139.25,435100
2021-04-08,131.8717041015625,138.52000427246094,139.2100067138672,137.83999633789062,138.52000427246094,473000
2021-04-09,133.24258422851562,139.9600067138672,140.10000610351562,138.41000366210938,139.41000366210938,350600
2021-04-12,133.7471466064453,140.49000549316406,140.75999450683594,139.4199981689453,139.9499969482422,597300
2021-04-13,132.00498962402344,138.66000366210938,139.83999633789062,138.32000732421875,139.66000366210938,559300
2021-04-14,131.66226196289062,138.3000030517578,139.47999572753906,137.9199981689453,138.1699981689453,700300
2021-04-15,132.6904296875,139.3800048828125,139.4499969482422,137.64999389648438,138.47000122070312,565100
2021-04-16,133.8232879638672,140.57000732421875,141.2100067138672,139.5,140.8300018310547,737600
2021-04-19,133.6900177001953,140.42999267578125,140.82000732421875,138.8699951171875,140.57000732421875,801300
2021-04-20,137.90740966796875,144.86000061035156,146.89999389648438,143.77999877929688,144.74000549316406,1345300
2021-04-21,141.68685913085938,148.8300018310547,148.85000610351562,145.16000366210938,145.22999572753906,1103400
2021-04-22,140.46829223632812,147.5500030517578,149.39999389648438,147.0500030517578,149.3300018310547,802100
2021-04-23,141.0299530029297,148.13999938964844,148.72999572753906,147.02000427246094,147.35000610351562,576200
2021-04-26,139.36399841308594,146.38999938964844,149.22999572753906,146.16000366210938,148.69000244140625,710000
2021-04-27,140.839599609375,147.94000244140625,148.10000610351562,145.27000427246094,146.39999389648438,751900
2021-04-28,140.99191284179688,148.10000610351562,149.75,147.6300048828125,148.39999389648438,1146000
2021-04-29,144.06689453125,151.3300018310547,151.72000122070312,148.61000061035156,149.00999450683594,611300
2021-04-30,142.02960205078125,149.19000244140625,151.02999877929688,148.66000366210938,150.24000549316406,930800
2021-05-03,142.5817413330078,149.77000427246094,151.0399932861328,148.5,150.39999389648438,640800
2021-05-04,144.2667999267578,151.5399932861328,151.9199981689453,148.97999572753906,149.52000427246094,616900
2021-05-05,143.60040283203125,150.83999633789062,151.8000030517578,149.4199981689453,151.5500030517578,685200
2021-05-06,145.34255981445312,152.6699981689453,152.82000732421875,150.8800048828125,151.7100067138672,612200
2021-05-07,145.57102966308594,152.91000366210938,153.6300048828125,151.58999633789062,152.0500030517578,817900
2021-05-10,146.08511352539062,153.4499969482422,155.77000427246094,153.39999389648438,154.0,638600
2021-05-11,142.98158264160156,150.19000244140625,152.5,149.58999633789062,152.5,728000
2021-05-12,139.37347412109375,146.39999389648438,150.75999450683594,146.27999877929688,150.35000610351562,699800
2021-05-13,142.39138793945312,149.57000732421875,150.25999450683594,146.6199951171875,146.6199951171875,675400
2021-05-14,144.13348388671875,151.39999389648438,152.22999572753906,150.25,150.25,625900
2021-05-17,143.11488342285156,150.3300018310547,151.7100067138672,149.02999877929688,151.0500030517578,503900
2021-05-18,140.70631408691406,147.8000030517578,150.63999938964844,147.74000549316406,150.3699951171875,534600
2021-05-19,140.2969512939453,147.3699951171875,147.38999938964844,145.0399932861328,146.00999450683594,525200
2021-05-20,140.96334838867188,148.07000732421875,148.52000427246094,146.47000122070312,147.6699981689453,506900
2021-05-21,141.1537322998047,148.27000427246094,149.8300018310547,147.75,148.9499969482422,451700
2021-05-24,142.31520080566406,149.49000549316406,149.9199981689453,148.0399932861328,149.13999938964844,887300
2021-05-25,141.8487091064453,149.0,150.2899932861328,148.83999633789062,149.47000122070312,797600
2021-05-26,141.7439727783203,148.88999938964844,149.33999633789062,147.91000366210938,148.99000549316406,449800
2021-05-27,143.51583862304688,150.25,150.8800048828125,149.25999450683594,149.77999877929688,828100
2021-05-28,143.754638671875,150.5,150.94000244140625,149.69000244140625,150.7899932861328,491900
2021-06-01,144.35643005371094,151.1300048828125,152.27999877929688,151.0,152.0,432400
2021-06-02,144.4615020751953,151.24000549316406,152.27999877929688,150.5,151.63999938964844,541300
2021-06-03,145.22561645507812,152.0399932861328,152.22000122070312,150.00999450683594,150.86000061035156,614200
2021-06-04,146.28585815429688,153.14999389648438,153.42999267578125,152.17999267578125,152.17999267578125,467200
2021-06-07,144.833984375,151.6300048828125,153.75999450683594,151.0,153.2899932861328,425200
2021-06-08,145.20654296875,152.02000427246094,152.1999969482422,150.25,151.2100067138672,416900
2021-06-09,143.90750122070312,150.66000366210938,152.0500030517578,150.4199981689453,152.0500030517578,370800
2021-06-10,143.55406188964844,150.2899932861328,152.02999877929688,150.0399932861328,152.0,466400
2021-06-11,144.95816040039062,151.75999450683594,152.0,150.25999450683594,150.9199981689453,675300
2021-06-14,143.60179138183594,150.33999633789062,152.1999969482422,149.42999267578125,151.52000427246094,532000
2021-06-15,144.5856475830078,151.3699951171875,151.66000366210938,149.6300048828125,150.6300048828125,457300
2021-06-16,143.2675018310547,149.99000549316406,151.66000366210938,149.66000366210938,150.85000610351562,661400
2021-06-17,139.22705078125,145.75999450683594,150.19000244140625,144.91000366210938,150.19000244140625,767600
2021-06-18,136.55258178710938,142.9600067138672,144.38999938964844,142.9199981689453,143.86000061035156,997100
2021-06-21,139.74288940429688,146.3000030517578,146.5399932861328,143.77000427246094,144.02999877929688,575100
2021-06-22,140.69805908203125,147.3000030517578,147.94000244140625,145.32000732421875,146.22000122070312,557400
2021-06-23,140.32553100585938,146.91000366210938,148.1300048828125,146.3000030517578,147.64999389648438,921800
2021-06-24,141.06101989746094,147.67999267578125,147.77000427246094,145.91000366210938,147.22999572753906,464600
2021-06-25,142.6179962158203,149.30999755859375,149.5399932861328,148.0500030517578,148.3000030517578,695900
2021-06-28,142.31234741210938,148.99000549316406,149.50999450683594,147.85000610351562,149.2100067138672,488000
2021-06-29,142.5415496826172,149.22999572753906,150.24000549316406,148.77999877929688,149.50999450683594,595300
2021-06-30,143.8501739501953,150.60000610351562,150.72999572753906,148.64999389648438,149.24000549316406,591200
2021-07-01,144.19406127929688,150.9600067138672,151.75,150.41000366210938,151.3000030517578,772800
2021-07-02,144.9964141845703,151.8000030517578,152.30999755859375,150.32000732421875,151.80999755859375,470700
2021-07-06,143.82151794433594,150.57000732421875,151.77000427246094,148.74000549316406,151.32000732421875,598900
2021-07-07,146.21902465820312,153.0800018310547,153.36000061035156,150.22999572753906,150.22999572753906,649300
2021-07-08,144.36593627929688,151.13999938964844,152.6199951171875,149.6199951171875,151.1300048828125,1040600
2021-07-09,146.5819854736328,153.4600067138672,153.66000366210938,152.52000427246094,153.25,676300
2021-07-12,147.93829345703125,154.8800048828125,154.9600067138672,152.14999389648438,152.5,623000
2021-07-13,147.4893798828125,154.41000366210938,155.6699981689453,154.00999450683594,154.9499969482422,512700
2021-07-14,148.3394775390625,155.3000030517578,155.8300018310547,154.35000610351562,154.9600067138672,760600
2021-07-15,148.673828125,155.64999389648438,156.69000244140625,154.55999755859375,154.55999755859375,682500
2021-07-16,148.00521850585938,154.9499969482422,156.86000061035156,154.72000122070312,156.02000427246094,890200
2021-07-19,145.1587677001953,151.97000122070312,153.30999755859375,150.49000549316406,153.0500030517578,1270900
2021-07-20,154.8729248046875,162.13999938964844,163.74000549316406,152.52999877929688,152.52999877929688,1744700
2021-07-21,156.73553466796875,164.08999633789062,165.75999450683594,163.22000122070312,163.3000030517578,1791000
2021-07-22,157.44236755371094,164.8300018310547,164.99000549316406,163.11000061035156,164.72000122070312,899700
2021-07-23,156.9265899658203,164.2899932861328,166.33999633789062,163.36000061035156,165.83999633789062,929700
2021-07-26,155.6084442138672,162.91000366210938,165.13999938964844,161.85000610351562,163.97999572753906,1120500
2021-07-27,156.48721313476562,163.8300018310547,164.61000061035156,161.3699951171875,162.2100067138672,953700
2021-07-28,155.65618896484375,162.9600067138672,164.1699981689453,162.2100067138672,164.07000732421875,1273800
2021-07-29,157.70982360839844,165.11000061035156,165.27999877929688,163.3800048828125,163.99000549316406,566700
2021-07-30,159.62977600097656,167.1199951171875,167.3000030517578,164.1999969482422,164.8300018310547,1122600
2021-08-02,159.4578094482422,166.94000244140625,169.02000427246094,166.85000610351562,167.5,694700
2021-08-03,162.0654754638672,169.6699981689453,169.97000122070312,166.91000366210938,167.8000030517578,935800
2021-08-04,160.5371551513672,168.07000732421875,169.63999938964844,167.10000610351562,168.88999938964844,910600
2021-08-05,161.60699462890625,169.19000244140625,169.83999633789062,168.41000366210938,168.8000030517578,809200
2021-08-06,161.89352416992188,169.49000549316406,170.69000244140625,168.83999633789062,170.02999877929688,719300
2021-08-09,161.48277282714844,169.05999755859375,169.47000122070312,168.19000244140625,169.25,766800
2021-08-10,164.05223083496094,171.75,171.97999572753906,169.22000122070312,169.32000732421875,771000
2021-08-11,164.759033203125,172.49000549316406,173.13999938964844,171.47000122070312,172.1300048828125,693100
2021-08-12,164.34832763671875,172.05999755859375,172.8000030517578,171.17999267578125,172.14999389648438,1065400
2021-08-13,163.9471893310547,171.63999938964844,172.69000244140625,171.14999389648438,172.11000061035156,741600
2021-08-16,166.16317749023438,173.9600067138672,174.00999450683594,170.42999267578125,171.52999877929688,576200
2021-08-17,165.2653350830078,173.02000427246094,173.66000366210938,171.4199981689453,173.24000549316406,586600
2021-08-18,163.82296752929688,171.50999450683594,174.08999633789062,171.36000061035156,172.35000610351562,719800
2021-08-19,164.69219970703125,172.4199981689453,173.67999267578125,170.0399932861328,170.2100067138672,1403700
2021-08-20,164.9596405029297,172.6999969482422,173.16000366210938,171.44000244140625,172.47999572753906,1323800
2021-08-23,165.34170532226562,173.10000610351562,174.32000732421875,172.85000610351562,173.27000427246094,556500
2021-08-24,166.4210662841797,174.22999572753906,174.5800018310547,172.85000610351562,173.11000061035156,516800
2021-08-25,166.6407470703125,174.4600067138672,175.25999450683594,173.85000610351562,174.27999877929688,550300
2021-08-26,166.2395782470703,174.0399932861328,174.47000122070312,173.52000427246094,174.1999969482422,587300
2021-08-27,166.76495361328125,174.58999633789062,175.3300018310547,174.25999450683594,174.8800048828125,491400
2021-08-30,168.39340209960938,175.7899932861328,176.39999389648438,174.36000061035156,174.7899932861328,419400
2021-08-31,167.0235595703125,174.36000061035156,175.69000244140625,174.0,175.69000244140625,794600
2021-09-01,166.57334899902344,173.88999938964844,174.82000732421875,172.5,174.82000732421875,451400
2021-09-02,168.58494567871094,175.99000549316406,176.0500030517578,174.32000732421875,174.86000061035156,466100
2021-09-03,167.56959533691406,174.92999267578125,176.24000549316406,174.61000061035156,175.52000427246094,556900
2021-09-07,165.50048828125,172.77000427246094,174.38999938964844,172.57000732421875,174.22999572753906,526500
2021-09-08,167.49293518066406,174.85000610351562,175.4600067138672,171.9600067138672,172.6699981689453,644200
2021-09-09,167.48333740234375,174.83999633789062,176.4600067138672,174.6300048828125,175.0,684900
2021-09-10,166.2572479248047,173.55999755859375,176.0800018310547,173.47000122070312,175.85000610351562,708700
2021-09-13,163.51754760742188,170.6999969482422,175.32000732421875,169.36000061035156,175.05999755859375,991700
2021-09-14,159.9445343017578,166.97000122070312,171.77999877929688,166.35000610351562,171.3000030517578,1413200
2021-09-15,160.64381408691406,167.6999969482422,168.49000549316406,166.27000427246094,166.6699981689453,1454600
2021-09-16,157.3389892578125,164.25,167.8699951171875,163.33999633789062,167.77000427246094,1493700
2021-09-17,155.79669189453125,162.63999938964844,163.99000549316406,161.47999572753906,163.11000061035156,1402300
2021-09-20,155.7008819580078,162.5399932861328,162.75999450683594,159.16000366210938,160.0,1371400
2021-09-21,154.45562744140625,161.24000549316406,163.61000061035156,160.74000549316406,163.61000061035156,585700
2021-09-22,155.42312622070312,162.25,163.77000427246094,161.9600067138672,162.57000732421875,693000
2021-09-23,156.65884399414062,163.5399932861328,164.6699981689453,162.92999267578125,163.3300018310547,579400
2021-09-24,155.0878448486328,161.89999389648438,163.57000732421875,161.72999572753906,163.0800018310547,376300
2021-09-27,154.8579559326172,161.66000366210938,162.8800048828125,161.5800018310547,161.6300048828125,614100
2021-09-28,152.15658569335938,158.83999633789062,161.05999755859375,157.5500030517578,161.05999755859375,757500
2021-09-29,152.5972442626953,159.3000030517578,159.9499969482422,159.0500030517578,159.49000549316406,471400
2021-09-30,148.9571533203125,155.5,160.19000244140625,155.4600067138672,160.17999267578125,803500
2021-10-01,150.279052734375,156.8800048828125,158.11000061035156,154.17999267578125,156.25999450683594,548300
2021-10-04,149.42652893066406,155.99000549316406,158.30999755859375,154.9600067138672,156.4199981689453,683300
2021-10-05,151.46688842773438,158.1199951171875,159.13999938964844,155.38999938964844,156.5,671800
2021-10-06,152.37692260742188,159.07000732421875,159.2100067138672,154.77000427246094,156.69000244140625,681800
2021-10-07,153.07620239257812,159.8000030517578,161.16000366210938,159.7100067138672,160.10000610351562,707500
2021-10-08,151.19866943359375,157.83999633789062,158.9499969482422,156.69000244140625,158.9499969482422,546100
2021-10-11,150.07791137695312,156.6699981689453,158.8000030517578,156.6699981689453,157.61000061035156,522600
2021-10-12,150.48020935058594,157.08999633789062,159.13999938964844,156.55999755859375,157.08999633789062,625600
2021-10-13,150.75804138183594,157.3800048828125,158.22999572753906,156.3800048828125,157.47000122070312,563900
2021-10-14,155.6721649169922,162.50999450683594,162.8000030517578,158.11000061035156,158.11000061035156,657900
2021-10-15,158.1627655029297,165.11000061035156,166.5399932861328,163.1300048828125,163.9499969482422,887800
2021-10-18,159.7720489501953,166.7899932861328,167.47000122070312,163.9199981689453,164.02999877929688,1031600
2021-10-19,160.84495544433594,167.91000366210938,174.22999572753906,166.1699981689453,173.05999755859375,1746700
2021-10-20,161.74542236328125,168.85000610351562,171.24000549316406,167.8000030517578,169.5,1037200
2021-10-21,162.45423889160156,169.58999633789062,169.75999450683594,166.52000427246094,167.6999969482422,499400
2021-10-22,162.09027099609375,169.2100067138672,171.25,169.0800018310547,170.17999267578125,532600
2021-10-25,161.5442352294922,168.63999938964844,169.60000610351562,167.66000366210938,168.49000549316406,533600
2021-10-26,160.3564453125,167.39999389648438,169.19000244140625,167.35000610351562,168.94000244140625,389900
2021-10-27,158.660888671875,165.6300048828125,168.6699981689453,165.4600067138672,167.9600067138672,481300
2021-10-28,161.95619201660156,169.07000732421875,169.13999938964844,166.02000427246094,166.19000244140625,433900
2021-10-29,161.9657440185547,169.0800018310547,170.32000732421875,167.99000549316406,168.63999938964844,650700
2021-11-01,162.61712646484375,169.75999450683594,170.19000244140625,167.91000366210938,169.3000030517578,460600
2021-11-02,164.22642517089844,171.44000244140625,172.02999877929688,169.8300018310547,170.2899932861328,430500
2021-11-03,162.8470001220703,170.0,171.42999267578125,168.50999450683594,170.77000427246094,358100
2021-11-04,164.89698791503906,172.13999938964844,173.27999877929688,170.72999572753906,170.82000732421875,384700
2021-11-05,164.08274841308594,171.2899932861328,174.2899932861328,170.8800048828125,173.64999389648438,586200
2021-11-08,166.31471252441406,173.6199951171875,174.1999969482422,171.55999755859375,173.05999755859375,572600
2021-11-09,168.0101776123047,175.38999938964844,175.49000549316406,172.97000122070312,173.25,393000
2021-11-10,167.39718627929688,174.75,176.64999389648438,174.36000061035156,175.38999938964844,391600
2021-11-11,163.9486541748047,171.14999389648438,174.7899932861328,170.86000061035156,174.69000244140625,563300
2021-11-12,165.58670043945312,172.86000061035156,172.88999938964844,169.91000366210938,171.97999572753906,564700
2021-11-15,166.19976806640625,173.5,174.97000122070312,172.0,173.0,644100
2021-11-16,169.19805908203125,176.6300048828125,177.97999572753906,173.77999877929688,173.77999877929688,600000
2021-11-17,168.02938842773438,175.41000366210938,177.97999572753906,174.4199981689453,176.42999267578125,484500
2021-11-18,169.15016174316406,176.5800018310547,177.0,175.02000427246094,175.77999877929688,668800
2021-11-19,168.64247131347656,176.0500030517578,178.1999969482422,175.97000122070312,177.5,539000
2021-11-22,168.49876403808594,175.89999389648438,178.32000732421875,175.83999633789062,176.3000030517578,432700
2021-11-23,168.57542419433594,175.97999572753906,176.72999572753906,174.72000122070312,176.13999938964844,412500
2021-11-24,168.824462890625,176.24000549316406,176.6699981689453,174.2899932861328,175.10000610351562,452000
2021-11-26,164.0348663330078,171.24000549316406,173.57000732421875,170.69000244140625,171.4199981689453,546500
2021-11-29,165.05320739746094,171.8000030517578,173.89999389648438,170.8699951171875,172.42999267578125,785900
2021-11-30,157.41543579101562,163.85000610351562,171.27000427246094,163.39999389648438,170.52000427246094,1728800
2021-12-01,156.43548583984375,162.8300018310547,169.11000061035156,162.82000732421875,165.8800048828125,779300
2021-12-02,159.89413452148438,166.42999267578125,167.77999877929688,163.17999267578125,163.55999755859375,695800
2021-12-03,160.45135498046875,167.00999450683594,167.97000122070312,164.0,166.99000549316406,855200
2021-12-06,163.3143310546875,169.99000549316406,170.8300018310547,168.1699981689453,168.8800048828125,525500
2021-12-07,165.4855499267578,172.25,175.1199951171875,171.3000030517578,172.0,720500
2021-12-08,165.1012420654297,171.85000610351562,172.49000549316406,170.25999450683594,172.49000549316406,473500
2021-12-09,164.88026428222656,171.6199951171875,173.55999755859375,170.83999633789062,171.25999450683594,331800
2021-12-10,164.63047790527344,171.36000061035156,172.6300048828125,170.33999633789062,171.08999633789062,552200
2021-12-13,165.0051727294922,171.75,172.69000244140625,170.33999633789062,171.97000122070312,533000
2021-12-14,161.46969604492188,168.07000732421875,172.0399932861328,166.3300018310547,171.02999877929688,724600
2021-12-15,164.92831420898438,171.6699981689453,171.86000061035156,167.9199981689453,168.9600067138672,812000
2021-12-16,165.55279541015625,172.32000732421875,175.4600067138672,172.13999938964844,173.0,1019200
2021-12-17,163.60252380371094,170.2899932861328,176.1699981689453,170.22999572753906,172.85000610351562,1729300
2021-12-20,161.82516479492188,168.44000244140625,170.52000427246094,166.08999633789062,169.89999389648438,939800
2021-12-21,164.60166931152344,171.3300018310547,171.94000244140625,168.1300048828125,169.86000061035156,556100
2021-12-22,165.71609497070312,172.49000549316406,172.52000427246094,170.88999938964844,171.32000732421875,388000
2021-12-23,166.91702270507812,173.74000549316406,174.52999877929688,172.72999572753906,173.3699951171875,470900
2021-12-27,171.61500549316406,178.6300048828125,178.88999938964844,173.72999572753906,174.13999938964844,466000
2021-12-28,172.7486572265625,179.80999755859375,180.0399932861328,178.5,178.5,402600
2021-12-29,174.3434600830078,181.47000122070312,181.77999877929688,179.13999938964844,179.94000244140625,367800
2021-12-30,173.57492065429688,180.6699981689453,182.9600067138672,180.5399932861328,182.22000122070312,302700
2021-12-31,174.46835327148438,181.6000061035156,182.759994506836,180.5500030517578,181.08999633789065,346300
2022-01-03,171.3267822265625,178.3300018310547,183.72000122070312,177.2899932861328,181.63999938964844,786100
2022-01-04,174.3434600830078,181.47000122070312,183.0,179.60000610351562,179.9600067138672,808600
2022-01-05,172.29710388183594,179.33999633789062,182.8500061035156,178.97999572753906,182.0,758800
2022-01-06,174.3434600830078,181.47000122070312,182.8999938964844,179.83999633789062,180.5599975585937,752800
2022-01-07,175.73651123046875,182.9199981689453,184.0500030517578,181.22000122070312,182.42999267578125,1057500
2022-01-10,172.3067169189453,179.35000610351562,181.19000244140625,177.3300018310547,180.72000122070312,681000
2022-01-11,173.63250732421875,180.72999572753903,181.0,176.63999938964844,180.19000244140625,533000
2022-01-12,174.17051696777344,181.2899932861328,183.02999877929688,180.3099975585937,181.7700042724609,392100
2022-01-13,173.2962646484375,180.3800048828125,182.1499938964844,179.64999389648438,182.08999633789065,527500
2022-01-14,171.4708709716797,178.47999572753906,179.0500030517578,176.24000549316406,179.0500030517578,718700
2022-01-18,171.4324493408203,178.44000244140625,178.5800018310547,174.57000732421875,176.52999877929688,975100
2022-01-19,170.62545776367188,177.60000610351562,180.0,176.47999572753906,179.2899932861328,654300
2022-01-20,167.8201141357422,174.67999267578125,179.61000061035156,174.41000366210938,178.5,989600
2022-01-21,166.71527099609375,173.52999877929688,176.35000610351562,172.7100067138672,174.8000030517578,650000
2022-01-24,166.8689727783203,173.69000244140625,174.19000244140625,166.52999877929688,170.97000122070312,1095100
2022-01-25,163.9676055908203,170.6699981689453,172.44000244140625,165.89999389648438,170.85000610351562,935500
2022-01-26,163.24703979492188,169.9199981689453,174.83999633789062,168.67999267578125,171.47000122070312,883600
2022-01-27,162.0845947265625,168.7100067138672,175.10000610351562,164.3699951171875,174.16000366210938,1438700
2022-01-28,160.47055053710938,167.02999877929688,168.75,162.10000610351562,168.6199951171875,1205600
2022-01-31,163.23745727539062,169.91000366210938,170.0,164.5800018310547,165.86000061035156,1536900
2022-02-01,163.0260772705078,169.69000244140625,170.63999938964844,166.1699981689453,169.8300018310547,1019600
2022-02-02,163.57366943359375,170.25999450683594,171.41000366210938,168.2100067138672,169.27999877929688,952400
2022-02-03,157.13681030273438,163.55999755859375,170.22000122070312,162.94000244140625,169.00999450683594,977800
2022-02-04,156.74290466308594,163.14999389648438,164.86000061035156,157.64999389648438,162.1199951171875,1466800
2022-02-07,155.7821807861328,162.14999389648438,163.85000610351562,161.4600067138672,163.25,696400
2022-02-08,158.34735107421875,164.82000732421875,165.39999389648438,160.83999633789062,162.72000122070312,779400
2022-02-09,161.008544921875,167.58999633789062,168.5399932861328,166.52000427246094,166.52000427246094,492800
2022-02-10,157.50189208984375,163.94000244140625,167.3000030517578,162.85000610351562,164.74000549316406,784100
2022-02-11,153.9183807373047,160.2100067138672,164.85000610351562,159.14999389648438,164.4499969482422,888900
2022-02-14,154.83106994628906,161.16000366210938,161.86000061035156,159.44000244140625,160.42999267578125,787400
2022-02-15,155.2729949951172,161.6199951171875,164.1999969482422,160.6300048828125,163.24000549316406,885800
2022-02-16,156.55075073242188,162.9499969482422,163.89999389648438,160.1699981689453,160.67999267578125,697200
2022-02-17,153.13058471679688,159.38999938964844,162.1699981689453,159.2100067138672,161.32000732421875,776400
2022-02-18,152.7847137451172,159.02999877929688,160.77000427246094,158.32000732421875,158.91000366210938,649500
2022-02-22,151.9488983154297,158.16000366210938,160.69000244140625,157.4600067138672,159.13999938964844,739800
2022-02-23,148.82652282714844,154.91000366210938,159.07000732421875,154.25999450683594,158.74000549316406,841900
2022-02-24,149.25881958007812,155.36000061035156,155.42999267578125,151.30999755859375,152.0,825100
2022-02-25,153.2683868408203,159.02000427246094,159.5500030517578,155.38999938964844,155.38999938964844,631100
2022-02-28,151.18649291992188,156.86000061035156,159.1199951171875,155.1199951171875,156.6199951171875,1003400
2022-03-01,146.18423461914062,151.6699981689453,157.0800018310547,150.5800018310547,156.44000244140625,847400
2022-03-02,151.4659881591797,157.14999389648438,158.7100067138672,153.16000366210938,153.38999938964844,887500
2022-03-03,151.388916015625,157.07000732421875,158.99000549316406,156.05999755859375,158.69000244140625,444500
2022-03-04,145.48062133789062,150.94000244140625,155.0,150.75,154.32000732421875,1227500
2022-03-07,141.54818725585938,146.86000061035156,150.99000549316406,146.6699981689453,150.44000244140625,1212200
2022-03-08,140.90243530273438,146.19000244140625,150.30999755859375,145.69000244140625,147.92999267578125,889200
2022-03-09,145.73121643066406,151.1999969482422,153.0,149.82000732421875,150.33999633789062,711500
2022-03-10,146.48300170898438,151.97999572753906,152.13999938964844,148.61000061035156,148.8800048828125,893000
2022-03-11,145.18186950683594,150.6300048828125,154.3300018310547,150.5,153.52000427246094,773300
2022-03-14,145.9432830810547,151.4199981689453,154.22999572753906,150.99000549316406,152.39999389648438,499600
2022-03-15,146.68540954589844,152.19000244140625,153.16000366210938,150.63999938964844,152.75999450683594,669500
2022-03-16,150.16485595703125,155.8000030517578,157.0,152.57000732421875,153.61000061035156,862000
2022-03-17,151.63949584960938,157.3300018310547,157.58999633789062,154.05999755859375,154.05999755859375,457500
2022-03-18,153.50933837890625,159.27000427246094,159.83999633789062,155.6199951171875,157.6999969482422,1105100
2022-03-21,152.4394989013672,158.16000366210938,159.8300018310547,157.1300048828125,159.3000030517578,590100
2022-03-22,153.62501525878906,159.38999938964844,160.83999633789062,158.69000244140625,159.25,889600
2022-03-23,152.1214141845703,157.8300018310547,159.7100067138672,157.61000061035156,158.25,548600
2022-03-24,151.5430908203125,157.22999572753906,158.82000732421875,156.33999633789062,158.36000061035156,589700
2022-03-25,152.55516052246094,158.27999877929688,158.36000061035156,156.7100067138672,157.74000549316406,418600
2022-03-28,152.91175842285156,158.64999389648438,158.6999969482422,156.42999267578125,157.77000427246094,369000
2022-03-29,156.8538055419922,162.74000549316406,162.8800048828125,160.1699981689453,160.8000030517578,536000
2022-03-30,154.77194213867188,160.5800018310547,162.42999267578125,160.10000610351562,161.8699951171875,646200
2022-03-31,151.2250518798828,156.89999389648438,160.6199951171875,156.8300018310547,160.02999877929688,756500
2022-04-01,152.8153839111328,158.5500030517578,159.4499969482422,156.97000122070312,158.33999633789062,637000
2022-04-04,152.21778869628906,157.92999267578125,158.57000732421875,155.74000549316406,157.4600067138672,817300
2022-04-05,148.3528289794922,153.9199981689453,159.02000427246094,153.3699951171875,157.9499969482422,867900
2022-04-06,149.15283203125,154.75,154.85000610351562,151.02000427246094,152.0,832600
2022-04-07,148.84437561035156,154.42999267578125,155.3300018310547,152.6300048828125,153.6300048828125,979800
2022-04-08,145.42279052734375,150.8800048828125,153.75,149.41000366210938,151.1999969482422,1223200
2022-04-11,143.8324432373047,149.22999572753906,152.0500030517578,148.92999267578125,150.8800048828125,857400
2022-04-12,142.5216522216797,147.8699951171875,151.14999389648438,146.8300018310547,149.8800048828125,779900
2022-04-13,144.00595092773438,149.41000366210938,149.5,147.44000244140625,147.47000122070312,606200
2022-04-14,141.09521484375,146.38999938964844,150.8300018310547,146.27000427246094,149.9600067138672,886100
2022-04-18,141.31687927246094,146.6199951171875,148.19000244140625,145.83999633789062,145.9600067138672,855000
2022-04-19,146.19384765625,151.67999267578125,151.92999267578125,147.1999969482422,147.47000122070312,762100
2022-04-20,149.89498901367188,155.52000427246094,156.82000732421875,154.1300048828125,154.72999572753906,1154600
2022-04-21,138.9458465576172,144.16000366210938,151.67999267578125,138.5,146.47000122070312,2189000
2022-04-22,137.8278350830078,143.0,143.1699981689453,140.2899932861328,143.02000427246094,1605600
2022-04-25,137.09530639648438,142.24000549316406,143.1699981689453,139.0,142.22000122070312,1311700
2022-04-26,134.02066040039062,139.0500030517578,142.77000427246094,139.0399932861328,141.13999938964844,1577000
2022-04-27,132.99900817871094,137.99000549316406,141.6300048828125,137.9199981689453,139.05999755859375,1827600
2022-04-28,134.44476318359375,139.49000549316406,140.64999389648438,136.4199981689453,138.75999450683594,1392400
2022-04-29,128.47862243652344,133.3000030517578,139.50999450683594,132.69000244140625,138.66000366210938,2175800
2022-05-02,129.5099334716797,134.3699951171875,135.1199951171875,131.02999877929688,133.02000427246094,1158300
2022-05-03,131.11953735351562,136.0399932861328,136.7100067138672,133.6999969482422,134.41000366210938,843000
2022-05-04,133.23995971679688,138.24000549316406,138.6999969482422,134.32000732421875,135.8300018310547,988300
2022-05-05,130.33880615234375,135.22999572753906,137.83999633789062,134.02999877929688,136.80999755859375,1051200
2022-05-06,128.19911193847656,133.00999450683594,134.67999267578125,131.50999450683594,134.38999938964844,888800
2022-05-09,127.32205963134766,132.10000610351562,133.39999389648438,130.52999877929688,131.3300018310547,1204400
2022-05-10,125.24981689453124,129.9499969482422,134.24000549316406,128.30999755859375,133.39999389648438,979600
2022-05-11,125.37510681152344,130.0800018310547,132.7899932861328,128.5500030517578,129.39999389648438,1075600
2022-05-12,126.59918975830078,131.35000610351562,131.41000366210938,128.5399932861328,129.52999877929688,892000
2022-05-13,128.02565002441406,132.8300018310547,134.22999572753906,131.00999450683594,132.57000732421875,826400
2022-05-16,128.54611206054688,133.3699951171875,134.00999450683594,130.58999633789062,131.75,1014600
2022-05-17,130.98458862304688,135.89999389648438,136.24000549316406,133.42999267578125,135.97999572753906,703100
2022-05-18,124.71007537841795,129.38999938964844,134.3300018310547,128.97999572753906,134.0800018310547,753400
2022-05-19,124.85464477539062,129.5399932861328,130.89999389648438,127.04000091552734,128.4199981689453,978100
2022-05-20,126.04978942871094,130.77999877929688,131.14999389648438,127.58000183105467,130.72999572753906,1779000
2022-05-23,126.06908416748048,130.8000030517578,133.27999877929688,130.2100067138672,132.57000732421875,747900
2022-05-24,126.11725616455078,130.85000610351562,131.1999969482422,127.3499984741211,130.25999450683594,685400
2022-05-25,125.0666732788086,129.75999450683594,130.0399932861328,127.80999755859376,129.5500030517578,1481100
2022-05-26,128.24732971191406,133.05999755859375,133.91000366210938,131.38999938964844,131.4600067138672,572600
2022-05-27,130.17257690429688,134.5500030517578,134.61000061035156,133.1300048828125,134.0,661400
2022-05-31,129.5534210205078,133.91000366210938,134.97999572753906,131.0800018310547,131.97999572753906,2105100
2022-06-01,128.4601593017578,132.77999877929688,135.10000610351562,131.08999633789062,134.3699951171875,644300
2022-06-02,131.12069702148438,135.52999877929688,135.55999755859375,132.57000732421875,133.52999877929688,991500
2022-06-03,129.08901977539062,133.42999267578125,135.13999938964844,132.60000610351562,134.36000061035156,713700
2022-06-06,128.85684204101562,133.19000244140625,134.64999389648438,132.77999877929688,134.11000061035156,751300
2022-06-07,131.69149780273438,136.1199951171875,136.1999969482422,131.72000122070312,132.25,625600
2022-06-08,130.24029541015625,134.6199951171875,135.57000732421875,133.8800048828125,134.85000610351562,514100
2022-06-09,128.39247131347656,132.7100067138672,135.50999450683594,132.66000366210938,133.99000549316406,647100
2022-06-10,124.23235321044922,128.41000366210938,130.7899932861328,128.02000427246094,130.35000610351562,682000
2022-06-13,119.92711639404295,123.95999908447266,126.38999938964844,123.31999969482422,125.68000030517578,631500
2022-06-14,118.99835205078124,123.0,124.91999816894533,122.0500030517578,124.01000213623048,705100
2022-06-15,120.02386474609376,124.05999755859376,125.66999816894533,122.16999816894533,124.18000030517578,666300
2022-06-16,115.92180633544922,119.81999969482422,121.43000030517578,118.91000366210938,121.43000030517578,796900
2022-06-17,113.47412109375,117.29000091552734,120.72000122070312,117.20999908447266,119.06999969482422,1812800
2022-06-21,115.34132385253906,119.22000122070312,120.25,118.2300033569336,118.9000015258789,996500
2022-06-22,115.53482055664062,119.41999816894533,120.41999816894533,117.55999755859376,117.56999969482422,783600
2022-06-23,114.72216033935548,118.58000183105467,120.9499969482422,117.16999816894533,119.12000274658205,2012100
2022-06-24,119.21119689941406,123.22000122070312,123.5,119.79000091552734,120.0,1232300
2022-06-27,119.06607055664062,123.06999969482422,124.5,122.29000091552734,123.98999786376952,966100
2022-06-28,117.81804656982422,121.77999877929688,124.86000061035156,121.5,124.5500030517578,1038300
2022-06-29,117.3149642944336,121.26000213623048,121.86000061035156,119.2699966430664,121.86000061035156,969500
2022-06-30,117.37300872802734,121.31999969482422,122.22000122070312,119.37000274658205,119.87000274658205,1191400
2022-07-01,118.42755126953124,122.41000366210938,123.2300033569336,120.36000061035156,121.52999877929688,562500
2022-07-05,117.80836486816406,121.7699966430664,121.91000366210938,118.97000122070312,120.37000274658205,732300
2022-07-06,118.10829162597656,122.08000183105467,123.5,120.54000091552734,121.9499969482422,1150400
2022-07-07,119.5885009765625,123.61000061035156,123.7699966430664,121.06999969482422,122.5,830900
2022-07-08,117.81804656982422,121.77999877929688,123.77999877929688,121.26000213623048,123.4000015258789,788300
2022-07-11,117.38268280029295,121.33000183105467,122.79000091552734,121.11000061035156,121.77999877929688,600100
2022-07-12,116.84090423583984,120.7699966430664,123.45999908447266,120.36000061035156,120.9000015258789,698200
2022-07-13,115.82506561279295,119.72000122070312,120.3499984741211,118.05999755859376,118.70999908447266,539600
2022-07-14,114.09331512451172,117.93000030517578,118.56999969482422,116.66000366210938,117.7300033569336,924500
2022-07-15,116.60871124267578,120.52999877929688,121.44000244140624,119.08000183105467,119.9800033569336,1087100
2022-07-18,116.07659912109376,119.9800033569336,121.81999969482422,119.41000366210938,121.0999984741211,944600
2022-07-19,120.8462142944336,124.91000366210938,125.18000030517578,121.37000274658205,121.69000244140624,834200
2022-07-20,121.61051940917967,125.6999969482422,125.7699966430664,124.0199966430664,125.0,1254000
2022-07-21,123.2938995361328,127.44000244140624,127.95999908447266,123.30999755859376,125.36000061035156,1737500
2022-07-22,124.4548568725586,128.63999938964844,129.47999572753906,127.5,127.68000030517578,1583000
2022-07-25,122.54895782470705,126.66999816894533,128.5399932861328,125.83999633789062,128.49000549316406,1007200
2022-07-26,123.0907211303711,127.2300033569336,127.52999877929688,125.2699966430664,126.08000183105467,841900
2022-07-27,125.86737823486328,130.10000610351562,130.63999938964844,127.20999908447266,127.41999816894533,891300
2022-07-28,127.51204681396484,131.8000030517578,132.42999267578125,129.82000732421875,130.5399932861328,832300
2022-07-29,129.33087158203125,133.67999267578125,134.1699981689453,131.1699981689453,132.32000732421875,1428400
2022-08-01,127.9764175415039,132.27999877929688,132.67999267578125,131.16000366210938,132.5,963200
2022-08-02,126.8638687133789,131.1300048828125,133.4199981689453,131.00999450683594,131.77999877929688,618000
2022-08-03,128.8374786376953,133.1699981689453,133.50999450683594,130.99000549316406,132.05999755859375,902900
2022-08-04,128.1505584716797,132.4600067138672,133.36000061035156,132.0399932861328,133.27999877929688,775700
2022-08-05,129.66949462890625,134.02999877929688,134.0399932861328,131.27999877929688,131.6199951171875,759400
2022-08-08,130.12420654296875,134.5,135.91000366210938,133.91000366210938,135.22000122070312,730300
2022-08-09,127.56045532226562,131.85000610351562,134.07000732421875,131.25,134.07000732421875,655600
2022-08-10,131.4109344482422,135.8300018310547,136.27999877929688,134.02999877929688,134.52000427246094,663300
2022-08-11,132.039794921875,136.47999572753906,137.69000244140625,136.08999633789062,136.77999877929688,554900
2022-08-12,134.9421844482422,139.47999572753906,139.49000549316406,136.72999572753906,136.9499969482422,755700
2022-08-15,135.7161865234375,140.27999877929688,140.33999633789062,138.1699981689453,138.49000549316406,696400
2022-08-16,136.7320098876953,141.3300018310547,141.94000244140625,139.3699951171875,139.7899932861328,668000
2022-08-17,134.5648956298828,139.08999633789062,140.13999938964844,138.99000549316406,139.66000366210938,544100
2022-08-18,135.88063049316406,140.4499969482422,140.5399932861328,138.88999938964844,139.2100067138672,532300
2022-08-19,133.38455200195312,137.8699951171875,139.50999450683594,137.08999633789062,139.50999450683594,575900
2022-08-22,129.4856719970703,133.83999633789062,135.72999572753906,133.0500030517578,135.72999572753906,1275000
2022-08-23,128.8084716796875,133.13999938964844,134.44000244140625,132.72999572753906,133.4199981689453,743700
2022-08-24,128.65367126464844,132.97999572753906,133.5800018310547,132.3300018310547,133.11000061035156,798300
2022-08-25,130.57891845703125,134.97000122070312,135.0500030517578,133.41000366210938,133.89999389648438,828100
2022-08-26,123.82600402832033,127.98999786376952,135.2899932861328,127.9000015258789,135.2899932861328,822800
2022-08-29,123.28423309326172,127.43000030517578,128.41000366210938,126.72000122070312,127.01000213623048,584000
2022-08-30,122.4148941040039,126.02999877929688,127.61000061035156,125.13999938964844,127.20999908447266,1481800
2022-08-31,121.37557983398438,124.95999908447266,126.63999938964844,124.37999725341795,126.63999938964844,1534000
2022-09-01,125.35797882080078,129.05999755859375,129.10000610351562,124.9800033569336,125.83000183105467,1205700
2022-09-02,124.29925537109376,127.97000122070312,130.99000549316406,127.63999938964844,130.3699951171875,1457700
2022-09-06,124.6294937133789,128.30999755859375,128.86000061035156,126.66000366210938,128.86000061035156,1005600
2022-09-07,125.78536987304688,129.5,130.25,127.73999786376952,128.25,1668500
2022-09-08,124.18269348144533,127.8499984741211,128.42999267578125,126.3000030517578,128.35000610351562,1564400
2022-09-09,125.75621795654295,129.47000122070312,129.85000610351562,128.1300048828125,128.27000427246094,1105900
2022-09-12,126.7372589111328,130.47999572753906,131.66000366210938,129.22000122070312,130.27999877929688,1145400
2022-09-13,123.1919403076172,126.83000183105467,128.8000030517578,126.41000366210938,127.62000274658205,1402400
2022-09-14,123.41534423828124,127.05999755859376,128.4199981689453,126.01000213623048,126.88999938964844,1420600
2022-09-15,118.98614501953124,122.5,128.19000244140625,121.95999908447266,127.05999755859376,1461900
2022-09-16,117.44175720214844,120.91000366210938,122.30999755859376,119.73999786376952,120.81999969482422,1402200
2022-09-19,121.43386840820312,125.0199966430664,125.06999969482422,119.73999786376952,120.23999786376952,1184600
2022-09-20,119.1707000732422,122.69000244140624,123.83999633789062,121.47000122070312,123.83999633789062,992400
2022-09-21,118.60734558105467,122.11000061035156,125.9499969482422,122.04000091552734,123.98999786376952,983300
2022-09-22,116.70355987548828,120.1500015258789,122.2300033569336,119.68000030517578,121.8000030517578,951100
2022-09-23,116.31503295898438,119.75,120.80999755859376,117.95999908447266,119.48999786376952,1244200
2022-09-26,114.56665802001952,117.9499969482422,121.13999938964844,117.63999938964844,119.31999969482422,1368600
2022-09-27,113.3233871459961,116.66999816894533,119.48999786376952,115.0199966430664,118.79000091552734,1117300
2022-09-28,116.38302612304688,119.81999969482422,120.51000213623048,117.08000183105467,117.77999877929688,1191100
2022-09-29,114.5181121826172,117.9000015258789,118.77999877929688,116.9000015258789,118.75,770400
2022-09-30,113.23597717285156,116.58000183105467,119.37999725341795,116.37000274658205,118.20999908447266,899600
2022-10-03,116.645263671875,120.08999633789062,121.16999816894533,117.5999984741211,118.27999877929688,795400
2022-10-04,120.85107421875,124.41999816894533,124.58999633789062,121.75,121.8000030517578,864700
2022-10-05,120.52082824707033,124.08000183105467,125.1500015258789,122.66999816894533,122.66999816894533,618600
2022-10-06,119.95746612548828,123.5,125.5500030517578,123.38999938964844,123.72000122070312,788700
2022-10-07,117.25721740722656,120.72000122070312,122.5,119.94000244140624,122.08999633789062,761800
2022-10-10,117.16007995605467,120.62000274658205,122.0999984741211,119.05999755859376,121.8000030517578,625700
2022-10-11,116.14019775390624,119.56999969482422,122.04000091552734,119.4499969482422,120.3499984741211,935100
2022-10-12,114.00330352783205,117.37000274658205,120.13999938964844,117.36000061035156,119.62000274658205,1215200
2022-10-13,118.1896743774414,121.68000030517578,122.80999755859376,114.48999786376952,114.91000366210938,1168500
2022-10-14,116.14990997314452,119.58000183105467,123.3000030517578,119.20999908447266,122.4800033569336,1099400
2022-10-17,118.06340789794922,121.5500030517578,122.52999877929688,121.13999938964844,122.13999938964844,1167500
2022-10-18,119.87005615234376,123.41000366210938,125.3000030517578,122.08999633789062,124.31999969482422,1169900
2022-10-19,117.8788604736328,121.36000061035156,123.12000274658205,120.2699966430664,122.16999816894533,1033000
2022-10-20,115.68368530273438,119.0999984741211,123.13999938964844,117.8000030517578,119.9499969482422,1605400
2022-10-21,121.26874542236328,124.8499984741211,125.54000091552734,119.25,119.25,1849800
2022-10-24,122.53145599365234,126.1500015258789,127.54000091552734,125.5999984741211,125.83999633789062,1260600
2022-10-25,123.63874816894533,127.29000091552734,127.58999633789062,125.52999877929688,125.8000030517578,1208900
2022-10-26,123.9010009765625,127.55999755859376,128.9199981689453,125.86000061035156,128.19000244140625,1762200
2022-10-27,124.35753631591795,128.02999877929688,129.55999755859375,127.51000213623048,128.97000122070312,704300
2022-10-28,128.10679626464844,131.88999938964844,132.1199951171875,128.41000366210938,128.44000244140625,946900
2022-10-31,126.94123077392578,130.69000244140625,131.49000549316406,129.83999633789062,130.66000366210938,958900
2022-11-01,128.89356994628906,132.6999969482422,132.85000610351562,130.5399932861328,132.6199951171875,856900
2022-11-02,127.02864074707033,130.77999877929688,135.19000244140625,130.5399932861328,131.9499969482422,1449300
2022-11-03,126.56241607666016,130.3000030517578,131.77000427246094,128.0,129.16000366210938,1063000
2022-11-04,129.2432403564453,133.05999755859375,133.50999450683594,130.83999633789062,132.4499969482422,854800
2022-11-07,130.5545196533203,134.41000366210938,134.64999389648438,132.58999633789062,133.58999633789062,722300
2022-11-08,128.07763671875,131.86000061035156,134.27000427246094,129.91000366210938,133.77999877929688,1377500
2022-11-09,126.47500610351562,130.2100067138672,132.8800048828125,130.0399932861328,130.6999969482422,994900
2022-11-10,133.4102020263672,137.35000610351562,137.69000244140625,134.3300018310547,135.07000732421875,921500
2022-11-11,136.89723205566406,140.94000244140625,141.89999389648438,137.5399932861328,137.5399932861328,1141600
2022-11-14,137.20803833007812,141.25999450683594,143.8699951171875,140.27999877929688,140.27999877929688,1240900
2022-11-15,138.08221435546875,142.16000366210938,144.38999938964844,140.57000732421875,143.25999450683594,761600
2022-11-16,137.27603149414062,141.3300018310547,143.17999267578125,141.13999938964844,142.1199951171875,939500
2022-11-17,134.99343872070312,138.97999572753906,139.3300018310547,136.9499969482422,139.3300018310547,695200
2022-11-18,135.46939086914062,139.47000122070312,140.75999450683594,138.0399932861328,140.75999450683594,683400
2022-11-21,136.28529357910156,140.30999755859375,140.60000610351562,138.9199981689453,139.0,676900
2022-11-22,138.07247924804688,142.14999389648438,142.27999877929688,140.64999389648438,141.16000366210938,836500
2022-11-23,138.66500854492188,142.75999450683594,143.66000366210938,142.24000549316406,142.30999755859375,670500
2022-11-25,138.88839721679688,142.99000549316406,143.64999389648438,142.55999755859375,143.16000366210938,237900
2022-11-28,135.33338928222656,139.3300018310547,142.47000122070312,139.11000061035156,141.97000122070312,960600
2022-11-29,135.86468505859375,139.3699951171875,140.22999572753906,138.47999572753906,138.47999572753906,852500
2022-11-30,138.3798065185547,141.9499969482422,141.9499969482422,137.02999877929688,139.39999389648438,1450300
2022-12-01,138.9062042236328,142.49000549316406,143.52000427246094,141.75,143.0,769600
2022-12-02,139.88107299804688,143.49000549316406,144.1699981689453,140.4199981689453,140.9499969482422,679000
2022-12-05,137.4634552001953,141.00999450683594,142.0,140.47000122070312,141.60000610351562,806900
2022-12-06,136.25462341308594,139.77000427246094,141.52999877929688,138.39999389648438,140.86000061035156,581700
2022-12-07,134.870361328125,138.35000610351562,140.4499969482422,138.13999938964844,139.0399932861328,807200
2022-12-08,133.80775451660156,137.25999450683594,139.0,136.63999938964844,139.0,1102000
2022-12-09,133.8369903564453,137.2899932861328,138.4600067138672,137.07000732421875,137.44000244140625,864000
2022-12-12,136.77130126953125,140.3000030517578,140.35000610351562,137.32000732421875,138.0,845300
2022-12-13,139.00369262695312,142.58999633789062,144.52999877929688,141.0500030517578,144.1300048828125,782600
2022-12-14,137.16122436523438,140.6999969482422,143.97999572753906,140.14999389648438,142.5800018310547,811600
2022-12-15,131.29263305664062,134.67999267578125,139.2100067138672,134.10000610351562,138.2899932861328,1391300
2022-12-16,130.1228485107422,133.47999572753906,134.69000244140625,131.91000366210938,133.08999633789062,2313900
2022-12-19,129.0504913330078,132.3800048828125,134.52000427246094,131.6999969482422,133.3300018310547,767100
2022-12-20,129.89862060546875,133.25,133.80999755859375,131.75,132.27999877929688,632700
2022-12-21,131.45835876464844,134.85000610351562,135.42999267578125,133.9199981689453,134.3699951171875,747200
2022-12-22,130.36651611328125,133.72999572753906,134.27999877929688,131.41000366210938,134.0,696700
2022-12-23,131.33163452148438,134.72000122070312,134.91000366210938,133.27999877929688,133.52999877929688,367500
2022-12-27,132.4624786376953,135.8800048828125,136.47999572753906,134.1699981689453,134.97999572753906,410400
2022-12-28,129.92784118652344,133.27999877929688,136.5399932861328,132.92999267578125,136.14999389648438,575600
2022-12-29,132.91090393066406,136.33999633789062,136.77999877929688,134.52000427246094,134.52000427246094,637200
2022-12-30,132.0042724609375,135.41000366210938,135.5399932861328,133.85000610351562,135.47999572753906,546900
2023-01-03,131.67283630371094,135.07000732421875,136.63999938964844,133.72000122070312,135.88999938964844,798000
2023-01-04,132.7451629638672,136.1699981689453,136.5,134.72000122070312,136.0,592900
2023-01-05,131.0391845703125,134.4199981689453,136.0500030517578,134.02999877929688,135.25999450683594,549800
2023-01-06,135.91343688964844,139.4199981689453,139.9499969482422,135.61000061035156,135.94000244140625,649800
2023-01-09,135.41627502441406,138.91000366210938,141.74000549316406,138.60000610351562,139.5399932861328,1064600
2023-01-10,135.79644775390625,139.3000030517578,139.85000610351562,137.9600067138672,138.55999755859375,543500
2023-01-11,138.36029052734375,141.92999267578125,141.97999572753906,139.72000122070312,140.3300018310547,679000
2023-01-12,139.30589294433594,142.89999389648438,143.61000061035156,141.0500030517578,142.4600067138672,849500
2023-01-13,140.75843811035156,144.38999938964844,144.99000549316406,142.1300048828125,142.1300048828125,639600
2023-01-17,140.68043518066406,144.30999755859375,145.1999969482422,143.52999877929688,144.4600067138672,990400
2023-01-18,136.9857635498047,140.52000427246094,145.25999450683594,140.19000244140625,144.6699981689453,733800
2023-01-19,132.4624786376953,135.8800048828125,140.0,135.7899932861328,139.97999572753906,1093000
2023-01-20,135.83543395996094,139.33999633789062,139.57000732421875,135.9199981689453,136.49000549316406,749300
2023-01-23,138.15557861328125,141.72000122070312,142.38999938964844,139.39999389648438,139.63999938964844,495100
2023-01-24,139.6081085205078,143.2100067138672,144.47999572753906,140.8000030517578,141.64999389648438,733800
2023-01-25,138.28233337402344,141.85000610351562,142.0,140.0399932861328,141.7100067138672,703200
2023-01-26,139.89080810546875,143.5,143.5399932861328,140.85000610351562,143.1199951171875,697000
2023-01-27,141.3335723876953,144.97999572753906,145.77999877929688,142.5399932861328,142.9600067138672,975600
2023-01-30,139.7056121826172,143.30999755859375,145.0,142.86000061035156,143.75999450683594,1231900
2023-01-31,148.01129150390625,151.8300018310547,152.44000244140625,143.52000427246094,146.50999450683594,2427200
2023-02-01,152.66134643554688,156.60000610351562,157.3800048828125,151.24000549316406,152.4600067138672,1593600
2023-02-02,155.11793518066406,159.1199951171875,160.66000366210938,157.64999389648438,158.63999938964844,1246200
2023-02-03,155.5956268310547,159.61000061035156,159.97999572753906,157.38999938964844,157.49000549316406,980000
2023-02-06,152.5248565673828,156.4600067138672,158.3699951171875,155.8800048828125,158.10000610351562,852100
2023-02-07,152.53460693359375,156.47000122070312,157.05999755859375,153.77999877929688,155.5399932861328,797600
2023-02-08,150.27296447753906,154.14999389648438,156.82000732421875,153.19000244140625,155.39999389648438,750500
2023-02-09,149.29808044433594,153.14999389648438,156.10000610351562,152.80999755859375,155.33999633789062,545500
2023-02-10,149.39559936523438,153.25,153.55999755859375,151.88999938964844,152.44000244140625,554700
2023-02-13,151.7839813232422,155.6999969482422,155.94000244140625,153.25999450683594,153.7100067138672,657700
2023-02-14,151.7839813232422,155.6999969482422,156.0500030517578,153.30999755859375,155.17999267578125,593700
2023-02-15,152.57359313964844,156.50999450683594,156.67999267578125,154.47999572753906,155.0,554800
2023-02-16,151.0430908203125,154.94000244140625,155.91000366210938,154.00999450683594,154.72999572753906,656200
2023-02-17,151.4525146484375,155.36000061035156,155.39999389648438,152.88999938964844,154.44000244140625,664500
2023-02-21,144.79429626464844,148.52999877929688,153.8000030517578,148.16000366210938,153.8000030517578,908200
2023-02-22,144.96002197265625,148.6999969482422,150.77000427246094,148.16000366210938,149.0399932861328,715000
2023-02-23,145.17449951171875,148.9199981689453,149.97999572753906,147.35000610351562,149.47999572753906,597200
2023-02-24,144.6675567626953,148.39999389648438,148.97000122070312,146.33999633789062,147.25,690100
2023-02-27,146.7266387939453,150.0,150.36000061035156,148.9600067138672,149.27999877929688,705300
2023-02-28,146.62881469726562,149.89999389648438,151.32000732421875,149.7100067138672,150.0,1074100
2023-03-01,146.84400939941406,150.1199951171875,150.66000366210938,149.27000427246094,149.33999633789062,742900
2023-03-02,148.09608459472656,151.39999389648438,152.32000732421875,148.8800048828125,149.5800018310547,846300
2023-03-03,151.275146484375,154.64999389648438,154.97999572753906,151.57000732421875,152.10000610351562,755500
2023-03-06,150.95236206054688,154.32000732421875,156.9600067138672,154.3000030517578,155.88999938964844,777300
2023-03-07,149.47532653808594,152.80999755859375,155.08999633789062,152.08999633789062,154.52999877929688,926500
2023-03-08,149.14273071289062,152.47000122070312,154.4499969482422,151.57000732421875,153.0500030517578,1518300
2023-03-09,146.88314819335938,150.16000366210938,154.85000610351562,149.50999450683594,153.3800048828125,965200
2023-03-10,142.6182861328125,145.8000030517578,150.5,145.24000549316406,150.5,1048800
2023-03-13,140.31956481933594,143.4499969482422,145.64999389648438,141.63999938964844,143.8300018310547,1021500
2023-03-14,142.48135375976562,145.66000366210938,149.2899932861328,143.30999755859375,146.1300048828125,922000
2023-03-15,137.26768493652344,140.3300018310547,143.1699981689453,137.3699951171875,142.91000366210938,1494200
2023-03-16,137.6882781982422,140.75999450683594,141.60000610351562,137.38999938964844,139.02000427246094,1068100
2023-03-17,133.58973693847656,136.57000732421875,140.5399932861328,135.83999633789062,140.0,1575100
2023-03-20,137.08180236816406,140.13999938964844,140.1999969482422,136.8300018310547,137.5,1690000
2023-03-21,139.10665893554688,142.2100067138672,143.10000610351562,141.24000549316406,142.3000030517578,901100
2023-03-22,137.47305297851562,140.5399932861328,144.3000030517578,140.5,142.0500030517578,654000
2023-03-23,137.4633026123047,140.52999877929688,143.27000427246094,139.42999267578125,140.47000122070312,709300
2023-03-24,138.3534393310547,141.44000244140625,141.6199951171875,137.8000030517578,139.05999755859375,693300
2023-03-27,139.6544189453125,142.77000427246094,143.41000366210938,141.32000732421875,143.41000366210938,678200
2023-03-28,141.18035888671875,144.3300018310547,144.38999938964844,142.72000122070312,142.85000610351562,682000
2023-03-29,143.75299072265625,146.9600067138672,147.38999938964844,144.8800048828125,146.0399932861328,919800
2023-03-30,144.9169921875,148.14999389648438,149.08999633789062,147.5800018310547,147.99000549316406,856600
2023-03-31,148.62429809570312,151.94000244140625,152.05999755859375,148.92999267578125,149.0399932861328,1229400
2023-04-03,147.2353057861328,150.52000427246094,152.85000610351562,148.8000030517578,152.0399932861328,850700
2023-04-04,141.9042205810547,145.07000732421875,150.5800018310547,144.17999267578125,150.5800018310547,662100
2023-04-05,139.7718048095703,142.88999938964844,144.35000610351562,141.97000122070312,143.85000610351562,674200
2023-04-06,138.48060607910156,141.57000732421875,143.19000244140625,141.2899932861328,142.2899932861328,945500
2023-04-10,140.90647888183594,144.0500030517578,144.1199951171875,140.99000549316406,141.57000732421875,1338400
2023-04-11,143.72361755371094,146.92999267578125,149.08999633789062,145.17999267578125,145.17999267578125,1403000
2023-04-12,143.90945434570312,147.1199951171875,148.22000122070312,146.05999755859375,147.97000122070312,1094000
2023-04-13,144.2811737060547,147.5,147.5800018310547,144.25,147.07000732421875,969900
2023-04-14,143.80189514160156,147.00999450683594,149.08999633789062,146.0500030517578,147.4600067138672,481300
2023-04-17,144.94635009765625,148.17999267578125,148.44000244140625,146.61000061035156,147.5500030517578,492300
2023-04-18,145.04415893554688,148.27999877929688,150.0,147.57000732421875,149.02000427246094,487700
2023-04-19,144.32032775878906,147.5399932861328,148.19000244140625,146.3800048828125,147.50999450683594,464900
2023-04-20,144.00729370117188,147.22000122070312,148.1300048828125,146.17999267578125,146.17999267578125,544700
2023-04-21,144.45726013183594,147.67999267578125,148.0800018310547,146.25,147.85000610351562,406500
2023-04-24,145.35719299316406,148.60000610351562,148.9600067138672,147.5800018310547,147.58999633789062,683000
2023-04-25,142.28573608398438,145.4600067138672,148.97000122070312,145.4499969482422,147.9199981689453,907200
2023-04-26,137.73719787597656,140.80999755859375,147.16000366210938,140.10000610351562,147.07000732421875,1771100
2023-04-27,141.42491149902344,144.5800018310547,144.94000244140625,140.9600067138672,141.5800018310547,998700
2023-04-28,142.97044372558594,146.16000366210938,146.19000244140625,144.49000549316406,144.80999755859375,1130600
2023-05-01,143.2149658203125,146.41000366210938,147.3800048828125,145.8000030517578,146.05999755859375,622400
2023-05-02,141.58143615722656,144.74000549316406,147.14999389648438,142.9499969482422,145.22999572753906,738300
2023-05-03,141.2488250732422,144.39999389648438,147.10000610351562,143.97000122070312,145.39999389648438,764400
2023-05-04,138.852294921875,141.9499969482422,144.75,141.14999389648438,144.57000732421875,660000
2023-05-05,141.35643005371094,144.50999450683594,145.14999389648438,143.3699951171875,144.0399932861328,608700
2023-05-08,140.88693237304688,144.02999877929688,145.3800048828125,143.24000549316406,145.3800048828125,517300
2023-05-09,139.51747131347656,142.6300048828125,145.02999877929688,141.49000549316406,143.49000549316406,683600
2023-05-10,137.89369201660156,140.97000122070312,144.5800018310547,139.14999389648438,143.38999938964844,579400
2023-05-11,136.2698974609375,139.30999755859375,140.4600067138672,137.5399932861328,139.67999267578125,863900
2023-05-12,135.73193359375,138.75999450683594,140.6300048828125,137.6699981689453,140.2899932861328,839700
2023-05-15,136.52426147460938,139.57000732421875,140.00999450683594,138.02000427246094,139.0,839800
2023-05-16,134.51898193359375,137.52000427246094,138.6300048828125,137.19000244140625,138.5399932861328,880300
2023-05-17,136.79811096191406,139.85000610351562,140.75,138.19000244140625,138.52999877929688,657000
2023-05-18,137.75674438476562,140.8300018310547,141.17999267578125,139.24000549316406,139.58999633789062,809000
2023-05-19,136.42642211914062,139.47000122070312,142.17999267578125,139.30999755859375,141.86000061035156,683500
2023-05-22,137.14047241210938,140.1999969482422,140.52999877929688,137.8699951171875,139.36000061035156,484400
2023-05-23,136.27969360351562,139.32000732421875,140.77999877929688,137.8699951171875,139.3300018310547,672600
2023-05-24,132.6800079345703,135.63999938964844,138.83999633789062,135.39999389648438,138.83999633789062,1021800
2023-05-25,132.26914978027344,135.22000122070312,137.57000732421875,134.4199981689453,136.3699951171875,678300
2023-05-26,134.0396728515625,137.02999877929688,137.42999267578125,135.0800018310547,135.82000732421875,629700
2023-05-30,134.44711303710938,136.94000244140625,137.6300048828125,135.7899932861328,137.22000122070312,670400
2023-05-31,130.90281677246094,133.3300018310547,136.32000732421875,133.22000122070312,136.13999938964844,1089900
2023-06-01,132.60134887695312,135.05999755859375,135.97999572753906,132.8300018310547,133.8000030517578,1034200
2023-06-02,137.31396484375,139.86000061035156,140.07000732421875,136.35000610351562,136.9499969482422,760900
2023-06-05,135.37002563476562,137.8800048828125,139.6300048828125,136.6999969482422,139.6300048828125,688100
2023-06-06,136.4892578125,139.02000427246094,139.41000366210938,136.9499969482422,137.3699951171875,886800
2023-06-07,140.94659423828125,143.55999755859375,143.89999389648438,138.5399932861328,138.89999389648438,850600
2023-06-08,139.70953369140625,142.3000030517578,143.97999572753906,141.75999450683594,143.07000732421875,818000
2023-06-09,138.57064819335938,141.13999938964844,142.32000732421875,139.8000030517578,141.27000427246094,898400
2023-06-12,140.46551513671875,143.07000732421875,143.47000122070312,140.1999969482422,141.1199951171875,663500
2023-06-13,142.5076446533203,145.14999389648438,145.9199981689453,143.42999267578125,143.42999267578125,1030000
2023-06-14,142.53707885742188,145.17999267578125,146.32000732421875,144.5,145.80999755859375,1162700
2023-06-15,144.4025421142578,147.0800018310547,147.25,144.72999572753906,144.72999572753906,926800
2023-06-16,145.0406951904297,147.72999572753906,148.3800048828125,146.4199981689453,147.74000549316406,1530100
2023-06-20,140.81895446777344,143.42999267578125,147.14999389648438,143.25,146.55999755859375,1017000
2023-06-21,141.62403869628906,144.25,145.97000122070312,142.2100067138672,142.38999938964844,738500
2023-06-22,140.01388549804688,142.61000061035156,144.42999267578125,142.3300018310547,144.42999267578125,390100
2023-06-23,138.5608367919922,141.1300048828125,141.57000732421875,139.88999938964844,141.2899932861328,898900
2023-06-26,140.49497985839844,143.10000610351562,144.8000030517578,141.32000732421875,141.32000732421875,580100
2023-06-27,142.15420532226562,144.7899932861328,145.00999450683594,143.25,143.82000732421875,598000
2023-06-28,140.7404327392578,143.35000610351562,145.1300048828125,143.11000061035156,144.92999267578125,581000
2023-06-29,142.01675415039062,144.64999389648438,144.97000122070312,142.3699951171875,142.3699951171875,443200
2023-06-30,144.962158203125,147.64999389648438,148.97000122070312,145.38999938964844,146.16000366210938,1178300
2023-07-03,144.46144104003906,147.13999938964844,147.36000061035156,145.64999389648438,146.89999389648438,264900
2023-07-05,142.36038208007812,145.0,146.6999969482422,144.86000061035156,145.49000549316406,485700
2023-07-06,141.3098602294922,143.92999267578125,144.3699951171875,142.74000549316406,143.4499969482422,752600
2023-07-07,143.44036865234375,146.10000610351562,147.8300018310547,143.5399932861328,143.5399932861328,711700
2023-07-10,145.74758911132812,148.4499969482422,148.47000122070312,145.83999633789062,146.02999877929688,695200
2023-07-11,146.73919677734375,149.4600067138672,150.24000549316406,148.77000427246094,149.1699981689453,677400
2023-07-12,147.9271697998047,150.6699981689453,151.36000061035156,149.63999938964844,151.19000244140625,972500
2023-07-13,147.34788513183594,150.0800018310547,151.4499969482422,150.0399932861328,150.6300048828125,695800
2023-07-14,145.6199493408203,148.32000732421875,150.1199951171875,147.47999572753906,149.6300048828125,489700
2023-07-17,146.1893768310547,148.89999389648438,150.69000244140625,147.8000030517578,148.0500030517578,829300
2023-07-18,147.60317993164062,150.33999633789062,151.1300048828125,148.41000366210938,148.77999877929688,1141400
2023-07-19,147.39700317382812,150.1300048828125,150.47999572753906,147.60000610351562,149.50999450683594,604600
2023-07-20,147.22027587890625,149.9499969482422,150.74000549316406,148.38999938964844,150.41000366210938,820500
2023-07-21,149.35076904296875,152.1199951171875,152.75,149.22999572753906,150.24000549316406,1230100
2023-07-24,149.32131958007812,152.08999633789062,154.32000732421875,151.86000061035156,152.77000427246094,1218800
2023-07-25,143.8428955078125,146.50999450683594,149.39999389648438,138.72999572753906,144.75999450683594,2994200
2023-07-26,144.12762451171875,146.8000030517578,147.9499969482422,143.60000610351562,145.77000427246094,1317400
2023-07-27,143.13600158691406,145.7899932861328,148.22000122070312,145.19000244140625,147.6199951171875,1533200
2023-07-28,143.03781127929688,145.69000244140625,147.30999755859375,145.42999267578125,147.3000030517578,1086700
2023-07-31,143.312744140625,145.97000122070312,146.4600067138672,144.97999572753906,146.13999938964844,1677200
2023-08-01,142.83164978027344,145.47999572753906,146.63999938964844,143.9199981689453,144.82000732421875,1032300
2023-08-02,140.36734008789062,142.97000122070312,144.86000061035156,142.64999389648438,143.9600067138672,1014900
2023-08-03,140.11209106445312,142.7100067138672,143.3000030517578,141.08999633789062,142.2100067138672,830400
2023-08-04,139.6800994873047,142.27000427246094,144.14999389648438,141.61000061035156,143.66000366210938,635000
2023-08-07,140.76988220214844,143.3800048828125,143.8800048828125,142.30999755859375,142.97000122070312,660700
2023-08-08,141.36878967285156,143.99000549316406,144.25999450683594,140.85000610351562,142.0399932861328,761500
2023-08-09,140.96624755859375,143.5800018310547,144.7100067138672,143.05999755859375,143.97999572753906,597600
2023-08-10,139.77825927734375,142.3699951171875,144.58999633789062,141.42999267578125,143.64999389648438,639200
2023-08-11,140.36734008789062,142.97000122070312,143.08999633789062,141.89999389648438,141.97000122070312,586700
2023-08-14,139.88626098632812,142.47999572753906,142.8800048828125,141.55999755859375,142.42999267578125,587900
2023-08-15,137.31396484375,139.86000061035156,142.94000244140625,139.39999389648438,141.44000244140625,653700
2023-08-16,136.4794158935547,139.00999450683594,140.6999969482422,138.88999938964844,139.58999633789062,635700
2023-08-17,137.17649841308594,139.72000122070312,141.0800018310547,139.1699981689453,139.30999755859375,963100
2023-08-18,138.0110321044922,140.57000732421875,140.97999572753906,138.9600067138672,138.9600067138672,703700
2023-08-21,137.35321044921875,139.89999389648438,141.0399932861328,138.6999969482422,140.38999938964844,499000
2023-08-22,137.34341430664062,139.88999938964844,141.4600067138672,139.58999633789062,140.60000610351562,528800
2023-08-23,139.46408081054688,142.0500030517578,142.22999572753906,139.42999267578125,139.9499969482422,422800
2023-08-24,138.77684020996094,141.35000610351562,143.36000061035156,141.22000122070312,141.42999267578125,396000
2023-08-25,140.0727996826172,142.6699981689453,143.91000366210938,141.4499969482422,142.5500030517578,667500
2023-08-28,141.36878967285156,143.99000549316406,144.6999969482422,143.0399932861328,143.14999389648438,558900
2023-08-29,143.9214324951172,146.58999633789062,146.9199981689453,143.72999572753906,143.7899932861328,617400
2023-08-30,146.04953002929688,148.24000549316406,148.5399932861328,146.08999633789062,146.5,1324000
2023-08-31,146.108642578125,148.3000030517578,149.72000122070312,148.22999572753906,148.47000122070312,905300
2023-09-01,146.5027313232422,148.6999969482422,149.9499969482422,148.1699981689453,149.47999572753906,902400
2023-09-05,141.6554412841797,143.77999877929688,148.6199951171875,143.75,148.6199951171875,719500
2023-09-06,141.7342529296875,143.86000061035156,144.99000549316406,143.05999755859375,143.3000030517578,753400
2023-09-07,139.62586975097656,141.72000122070312,143.77999877929688,141.16000366210938,142.94000244140625,681300
2023-09-08,140.01010131835938,142.11000061035156,143.00999450683594,141.17999267578125,141.5399932861328,808100
2023-09-11,138.14801025390625,140.22000122070312,142.97999572753906,139.02999877929688,142.6699981689453,848000
2023-09-12,138.78842163085938,140.8699951171875,141.72999572753906,138.75,139.52999877929688,706100
2023-09-13,139.11354064941406,141.1999969482422,141.4600067138672,140.0500030517578,141.0399932861328,800200
2023-09-14,142.02981567382812,144.16000366210938,144.35000610351562,142.10000610351562,142.6300048828125,951100
2023-09-15,142.3155059814453,144.4499969482422,145.25,143.0,144.4199981689453,1357800
2023-09-18,141.40911865234375,143.52999877929688,144.66000366210938,143.13999938964844,144.36000061035156,646900
2023-09-19,141.62586975097656,143.75,144.08999633789062,142.4600067138672,143.1699981689453,586600
2023-09-20,141.3795623779297,143.5,146.47000122070312,143.33999633789062,145.05999755859375,626900
2023-09-21,139.46820068359375,141.55999755859375,143.2100067138672,141.4199981689453,142.80999755859375,843300
2023-09-22,139.2613525390625,141.35000610351562,142.55999755859375,140.07000732421875,141.60000610351562,968300
2023-09-25,140.43373107910156,142.5399932861328,143.6300048828125,140.82000732421875,140.82000732421875,847300
2023-09-26,137.73422241210938,139.8000030517578,142.33999633789062,139.8000030517578,141.4499969482422,890000
2023-09-27,138.51254272460938,140.58999633789062,141.1699981689453,139.2899932861328,140.97000122070312,706600
2023-09-28,138.61109924316406,140.69000244140625,142.10000610351562,139.86000061035156,140.83999633789062,843000
2023-09-29,137.44851684570312,139.50999450683594,141.89999389648438,139.07000732421875,141.89999389648438,733600
2023-10-02,135.64553833007812,137.67999267578125,139.8800048828125,137.10000610351562,139.0399932861328,765600
2023-10-03,135.74407958984375,137.77999877929688,137.89999389648438,136.5,137.1699981689453,551300
2023-10-04,135.8820037841797,137.9199981689453,138.86000061035156,136.4499969482422,137.61000061035156,715500
2023-10-05,136.26626586914062,138.30999755859375,139.67999267578125,136.57000732421875,138.44000244140625,774300
2023-10-06,136.83767700195312,138.88999938964844,140.1699981689453,137.0399932861328,137.69000244140625,907600
2023-10-09,138.2958221435547,140.3699951171875,140.83999633789062,137.6699981689453,138.17999267578125,648200
2023-10-10,138.946044921875,141.02999877929688,142.39999389648438,139.3800048828125,140.8699951171875,824000
2023-10-11,140.0790557861328,142.17999267578125,142.33999633789062,141.24000549316406,141.41000366210938,750800
2023-10-12,138.14801025390625,140.22000122070312,143.25999450683594,140.16000366210938,142.9499969482422,874200
2023-10-13,136.07907104492188,138.1199951171875,140.85000610351562,136.97000122070312,140.61000061035156,655300
2023-10-16,138.6997528076172,140.77999877929688,141.41000366210938,139.3699951171875,139.6699981689453,651400
2023-10-17,139.49777221679688,141.58999633789062,142.8000030517578,139.77000427246094,139.9499969482422,664800
2023-10-18,133.82290649414062,135.8300018310547,141.72000122070312,135.5500030517578,140.47999572753906,762100
2023-10-19,132.44357299804688,134.42999267578125,137.13999938964844,134.07000732421875,135.6199951171875,761900
2023-10-20,132.69973754882812,134.69000244140625,135.39999389648438,133.58999633789062,134.39999389648438,1251000
2023-10-23,131.8721466064453,133.85000610351562,136.25,133.82000732421875,134.77999877929688,1503700
2023-10-24,130.37461853027344,132.3300018310547,135.9600067138672,128.5399932861328,135.9600067138672,2283500
2023-10-25,128.15786743164062,130.0800018310547,131.2899932861328,128.3699951171875,131.1300048828125,1192300
2023-10-26,128.6209259033203,130.5500030517578,131.99000549316406,129.3000030517578,130.8000030517578,1014400
2023-10-27,126.52238464355467,128.4199981689453,131.5800018310547,128.1300048828125,130.49000549316406,595500
2023-10-30,126.52238464355467,128.4199981689453,129.9199981689453,127.5,129.16000366210938,834000
2023-10-31,128.02976989746094,129.9499969482422,129.99000549316406,127.25,127.62999725341795,960600
2023-11-01,127.17264556884766,129.0800018310547,130.60000610351562,127.5,130.25999450683594,860400
2023-11-02,131.29086303710938,133.25999450683594,134.27000427246094,130.2100067138672,130.97000122070312,916400
2023-11-03,132.37461853027344,134.36000061035156,136.50999450683594,134.33999633789062,135.13999938964844,709800
2023-11-06,130.79824829101562,132.75999450683594,135.14999389648438,131.41000366210938,134.1300048828125,859800
2023-11-07,128.5421142578125,130.47000122070312,132.3000030517578,130.2899932861328,132.3000030517578,865300
2023-11-08,128.18743896484375,130.11000061035156,130.9199981689453,129.6300048828125,130.66000366210938,1017300
2023-11-09,128.85736083984375,130.7899932861328,131.47999572753906,130.08999633789062,131.3000030517578,838600
2023-11-10,129.68496704101562,131.6300048828125,132.02999877929688,130.07000732421875,131.44000244140625,700600
2023-11-13,129.52731323242188,131.47000122070312,132.3800048828125,130.75,131.13999938964844,762500
2023-11-14,134.778564453125,136.8000030517578,136.88999938964844,133.77000427246094,133.77000427246094,805700
2023-11-15,136.778564453125,138.8300018310547,140.99000549316406,136.1300048828125,137.0,1151700
2023-11-16,135.50762939453125,137.5399932861328,139.9499969482422,137.11000061035156,138.82000732421875,637200
2023-11-17,135.75392150878906,137.7899932861328,138.52999877929688,137.11000061035156,138.44000244140625,788900
2023-11-20,136.20713806152344,138.25,138.27000427246094,136.5,137.75,733800
2023-11-21,136.43374633789062,138.47999572753906,139.0399932861328,137.3800048828125,137.86000061035156,758700
2023-11-22,136.51255798339844,138.55999755859375,139.38999938964844,138.10000610351562,138.86000061035156,546400
2023-11-24,137.6258544921875,139.69000244140625,139.7100067138672,138.25,138.39999389648438,264900
2023-11-27,136.9854736328125,139.0399932861328,139.7899932861328,137.9600067138672,138.82000732421875,515800
2023-11-28,138.0199432373047,140.08999633789062,140.82000732421875,137.72999572753906,138.8699951171875,1071400
2023-11-29,139.19664001464844,140.77000427246094,142.13999938964844,140.44000244140625,140.9600067138672,749700
2023-11-30,139.58230590820312,141.16000366210938,142.24000549316406,139.92999267578125,141.5,1080100
2023-12-01,141.60939025878906,143.2100067138672,143.35000610351562,141.14999389648438,141.5800018310547,863600
2023-12-04,141.82691955566406,143.42999267578125,143.57000732421875,141.67999267578125,142.02000427246094,726500
2023-12-05,139.78005981445312,141.36000061035156,143.27000427246094,141.17999267578125,143.0500030517578,680500
2023-12-06,141.60939025878906,143.2100067138672,144.7100067138672,142.08999633789062,142.08999633789062,565200
2023-12-07,142.08401489257812,143.69000244140625,143.77999877929688,142.44000244140625,143.60000610351562,782100
2023-12-08,142.01480102539062,143.6199951171875,145.1199951171875,143.30999755859375,143.7899932861328,991000
2023-12-11,143.6859130859375,145.30999755859375,145.77999877929688,143.52999877929688,143.55999755859375,535000
2023-12-12,143.86390686035156,145.49000549316406,145.9600067138672,145.1300048828125,145.8000030517578,438400
2023-12-13,145.65367126464844,147.3000030517578,147.8699951171875,144.0,145.3800048828125,740300
2023-12-14,153.55435180664062,155.2899932861328,155.85000610351562,148.5800018310547,148.8800048828125,1380300
2023-12-15,150.4989013671875,152.1999969482422,155.0399932861328,151.49000549316406,153.9600067138672,1374300
2023-12-18,150.10336303710938,151.8000030517578,152.75999450683594,150.85000610351562,152.75,632300
2023-12-19,151.58660888671875,153.3000030517578,153.72000122070312,151.9499969482422,152.47000122070312,761700
2023-12-20,149.2925262451172,150.97999572753906,154.38999938964844,150.8000030517578,153.0,722000
2023-12-21,150.77577209472656,152.47999572753906,152.7100067138672,151.16000366210938,152.14999389648438,442100
2023-12-22,151.23062133789062,152.94000244140625,153.8000030517578,152.07000732421875,153.0,443500
2023-12-26,152.91163635253906,154.63999938964844,154.9199981689453,153.07000732421875,153.16000366210938,452600
2023-12-27,152.43699645996094,154.16000366210938,154.9600067138672,153.67999267578125,154.86000061035156,441200
2023-12-28,152.43699645996094,154.16000366210938,154.64999389648438,153.50999450683594,154.33999633789062,529500
2023-12-29,152.0908966064453,153.80999755859375,154.38999938964844,153.00999450683594,153.55999755859375,623900
2024-01-02,149.82650756835938,151.52000427246094,154.0500030517578,150.97999572753906,153.1699981689453,695400
2024-01-03,146.6721649169922,148.3300018310547,150.39999389648438,147.69000244140625,150.3300018310547,844800
2024-01-04,146.44473266601562,148.10000610351562,149.3800048828125,147.94000244140625,148.6999969482422,873400
2024-01-05,145.841552734375,147.49000549316406,148.3699951171875,146.85000610351562,147.5,878500
2024-01-08,146.57327270507812,148.22999572753906,148.33999633789062,145.83999633789062,146.55999755859375,1012700
2024-01-09,145.93052673339844,147.5800018310547,147.77999877929688,145.72999572753906,146.91000366210938,905900
2024-01-10,145.5251007080078,147.1699981689453,148.35000610351562,146.32000732421875,147.9499969482422,633200
2024-01-11,145.68333435058594,147.3300018310547,147.77999877929688,145.69000244140625,147.30999755859375,1055300
2024-01-12,145.49545288085938,147.13999938964844,148.64999389648438,146.47000122070312,148.57000732421875,575600
2024-01-16,144.5758514404297,146.2100067138672,146.4499969482422,144.5800018310547,146.22999572753906,1074200
2024-01-17,142.82565307617188,144.44000244140625,146.16000366210938,143.97000122070312,144.5500030517578,610000
2024-01-18,145.12960815429688,146.77000427246094,146.99000549316406,144.6300048828125,144.6300048828125,531900
2024-01-19,146.43484497070312,148.08999633789062,148.57000732421875,145.8699951171875,146.9499969482422,524300
2024-01-22,146.80072021484375,148.4600067138672,150.25,148.35000610351562,148.91000366210938,598800
2024-01-23,149.0057830810547,150.69000244140625,150.72999572753906,148.47000122070312,149.47999572753906,1050100
2024-01-24,146.355712890625,148.00999450683594,151.99000549316406,147.97999572753906,151.85000610351562,772800
2024-01-25,148.283935546875,149.9600067138672,150.07000732421875,148.60000610351562,149.1199951171875,858000
2024-01-26,148.26416015625,149.94000244140625,151.33999633789062,149.22999572753906,150.10000610351562,550500
2024-01-29,150.06381225585938,151.75999450683594,151.8000030517578,149.19000244140625,149.36000061035156,788400
2024-01-30,149.7869415283203,151.47999572753906,152.22000122070312,151.07000732421875,151.75999450683594,784500
2024-01-31,148.10595703125,149.77999877929688,152.3300018310547,149.74000549316406,151.74000549316406,1775000
2024-02-01,154.80029296875,156.5500030517578,156.69000244140625,148.4499969482422,151.8699951171875,2116600
2024-02-02,156.97569274902344,158.75,159.38999938964844,156.0,156.0,1407000
2024-02-05,158.20184326171875,159.99000549316406,160.47999572753906,156.58999633789062,158.85000610351562,1918000
2024-02-06,159.02256774902344,160.82000732421875,161.19000244140625,159.5,159.9600067138672,1283400
2024-02-07,158.67648315429688,160.47000122070312,162.47999572753906,160.0800018310547,162.0,1198500
2024-02-08,158.3205108642578,160.11000061035156,161.0,158.19000244140625,160.49000549316406,1036500
2024-02-09,158.73580932617188,160.52999877929688,160.92999267578125,159.36000061035156,160.2100067138672,1021000
2024-02-12,160.1597137451172,161.97000122070312,162.17999267578125,159.89999389648438,160.35000610351562,1032500
2024-02-13,158.0436248779297,159.8300018310547,160.0399932861328,158.2899932861328,159.75,870000
2024-02-14,159.09176635742188,160.88999938964844,161.97000122070312,159.22999572753906,161.0399932861328,748900
2024-02-15,160.82220458984375,162.63999938964844,163.02999877929688,161.02000427246094,161.4499969482422,774800
2024-02-16,159.65541076660156,161.4600067138672,164.08999633789062,161.1699981689453,162.52000427246094,802000
2024-02-20,158.2908477783203,160.0800018310547,160.58999633789062,159.47999572753906,160.25999450683594,695700
2024-02-21,158.5973663330078,160.38999938964844,160.7100067138672,159.5800018310547,160.38999938964844,873500
2024-02-22,161.25729370117188,163.0800018310547,163.50999450683594,161.19000244140625,161.19000244140625,857100
2024-02-23,162.2659149169922,164.10000610351562,164.3000030517578,162.4499969482422,163.6300048828125,766400
2024-02-26,162.93829345703125,164.77999877929688,165.10000610351562,163.07000732421875,163.4600067138672,957100
2024-02-27,162.25599670410156,164.08999633789062,166.55999755859375,163.75999450683594,165.5800018310547,941900
2024-02-28,163.02969360351562,164.36000061035156,166.6199951171875,163.32000732421875,163.32000732421875,690700
2024-02-29,164.04144287109375,165.3800048828125,165.91000366210938,163.7100067138672,165.1300048828125,1087400
2024-03-01,165.94590759277344,167.3000030517578,167.85000610351562,164.91000366210938,165.86000061035156,1022800
2024-03-04,166.50137329101562,167.86000061035156,169.27000427246094,166.8699951171875,167.3800048828125,830200
2024-03-05,165.9161376953125,167.27000427246094,169.8000030517578,166.1999969482422,167.9199981689453,1114700
2024-03-06,169.53660583496094,170.9199981689453,171.77000427246094,167.8699951171875,167.8699951171875,1220800
2024-03-07,170.5086669921875,171.89999389648438,172.3000030517578,170.92999267578125,171.6699981689453,1125700
2024-03-08,169.6457061767578,171.02999877929688,173.5500030517578,170.5,172.60000610351562,844900
2024-03-11,169.5564422607422,170.94000244140625,171.44000244140625,169.0800018310547,170.5399932861328,563100
2024-03-12,173.8513946533203,175.27000427246094,175.50999450683594,169.64999389648438,171.0500030517578,1177200
2024-03-13,175.7855987548828,177.22000122070312,177.63999938964844,175.77999877929688,175.83999633789062,1163000
2024-03-14,173.65301513671875,175.07000732421875,176.85000610351562,173.5,176.39999389648438,1032300
2024-03-15,174.1092987060547,175.52999877929688,176.47999572753906,173.67999267578125,173.67999267578125,1132600
2024-03-18,173.0082550048828,174.4199981689453,177.0,174.24000549316406,176.33999633789062,805000
2024-03-19,173.72242736816406,175.13999938964844,176.10000610351562,174.36000061035156,174.36000061035156,747300
2024-03-20,174.12911987304688,175.5500030517578,176.3000030517578,173.7100067138672,174.5800018310547,935800
2024-03-21,176.46009826660156,177.89999389648438,178.27999877929688,175.32000732421875,175.72999572753906,2048600
2024-03-22,174.98216247558594,176.41000366210938,178.25999450683594,176.07000732421875,178.13999938964844,994300
2024-03-25,173.94065856933594,175.36000061035156,177.7100067138672,175.1999969482422,176.4199981689453,748500
2024-03-26,173.36534118652344,174.77999877929688,176.6699981689453,174.63999938964844,175.52999877929688,1080900
2024-03-27,175.7855987548828,177.22000122070312,177.3699951171875,174.97000122070312,175.52999877929688,770100
2024-03-28,175.75584411621094,177.19000244140625,178.02000427246094,176.4600067138672,177.39999389648438,879500
2024-04-01,174.1092987060547,175.52999877929688,177.33999633789062,175.14999389648438,177.02000427246094,746500
2024-04-02,172.3238525390625,173.72999572753906,176.39999389648438,173.5399932861328,175.72999572753906,804300
2024-04-03,172.93882751464844,174.35000610351562,175.3000030517578,172.6699981689453,173.16000366210938,1281700
2024-04-04,171.79812622070312,173.1999969482422,176.85000610351562,172.33999633789062,175.9199981689453,979000
2024-04-05,174.41677856445312,175.83999633789062,176.4199981689453,173.00999450683594,173.6199951171875,828400
2024-04-08,174.65484619140625,176.0800018310547,177.22000122070312,176.0399932861328,176.47999572753906,1062000
2024-04-09,175.91456604003906,177.35000610351562,177.83999633789062,174.91000366210938,177.19000244140625,809600
2024-04-10,172.4230499267578,173.8300018310547,175.64999389648438,173.22999572753906,174.85000610351562,859100
2024-04-11,171.87750244140625,173.27999877929688,174.82000732421875,172.52999877929688,174.50999450683594,617000
2024-04-12,170.66737365722656,172.05999755859375,173.02000427246094,171.2100067138672,171.58999633789062,653800
2024-04-15,169.2886199951172,170.6699981689453,174.8800048828125,169.82000732421875,174.8800048828125,626000
2024-04-16,169.774658203125,171.16000366210938,172.02000427246094,169.33999633789062,170.16000366210938,852600
2024-04-17,168.12808227539062,169.5,173.00999450683594,168.1999969482422,172.1699981689453,1024400
2024-04-18,167.2452850341797,168.61000061035156,170.75,168.3300018310547,170.3800048828125,947200
2024-04-19,168.46533203125,169.83999633789062,170.67999267578125,168.5500030517578,169.08999633789062,1257000
2024-04-22,168.9017791748047,170.27999877929688,171.6699981689453,169.13999938964844,170.0800018310547,867500
2024-04-23,170.89549255371094,172.2899932861328,172.9499969482422,170.85000610351562,171.32000732421875,854200
2024-04-24,170.05238342285156,171.44000244140625,173.2100067138672,170.50999450683594,171.55999755859375,1287500
2024-04-25,177.66029357910156,179.11000061035156,181.4900054931641,174.30999755859375,175.9499969482422,2304000
2024-04-26,178.71173095703125,180.1699981689453,181.4900054931641,178.86000061035156,179.3800048828125,1104100
2024-04-29,178.582763671875,180.0399932861328,181.0599975585937,179.19000244140625,180.0,967800
2024-04-30,177.84877014160156,179.3000030517578,182.3300018310547,179.16000366210938,180.0,1959400
2024-05-01,176.41050720214844,177.85000610351562,179.61000061035156,176.72999572753906,179.19000244140625,2151200
2024-05-02,176.11293029785156,177.5500030517578,179.5800018310547,175.4199981689453,178.4199981689453,922400
2024-05-03,177.54127502441406,178.99000549316406,179.57000732421875,177.27999877929688,178.5,1273500
2024-05-06,180.25909423828125,181.72999572753903,181.7899932861328,179.8000030517578,180.2100067138672,642600
2024-05-07,180.35829162597656,181.8300018310547,183.42999267578125,181.6100006103516,182.58999633789065,651400
2024-05-08,182.26275634765625,183.75,184.22999572753903,181.1100006103516,181.1499938964844,1027400
2024-05-09,183.4530334472656,184.9499969482422,185.009994506836,183.97999572753903,184.1199951171875,812600
2024-05-10,184.0481872558593,185.5500030517578,186.2100067138672,184.9199981689453,185.7100067138672,837700
2024-05-13,182.76861572265625,184.259994506836,186.5,184.0200042724609,186.08999633789065,632300
2024-05-14,182.2230834960937,183.7100067138672,185.47000122070312,183.2100067138672,185.0,840000
2024-05-15,183.67124938964844,185.1699981689453,186.07000732421875,184.38999938964844,184.58999633789065,720700
2024-05-16,182.6495819091797,184.13999938964844,185.5,183.8099975585937,184.9199981689453,889000
2024-05-17,182.6000061035156,184.08999633789065,185.1300048828125,183.6100006103516,185.0,1688700
2024-05-20,183.58200073242188,185.0800018310547,185.9900054931641,184.1100006103516,184.1100006103516,738700
2024-05-21,184.55406188964844,186.0599975585937,186.17999267578125,184.009994506836,184.3600006103516,505200
2024-05-22,186.0319976806641,187.5500030517578,187.8000030517578,186.19000244140625,186.3800048828125,937200
2024-05-23,182.7884521484375,184.27999877929688,187.7400054931641,184.02999877929688,187.63999938964844,1287200
2024-05-24,182.68927001953125,184.17999267578125,185.42999267578125,183.009994506836,185.0200042724609,761500
2024-05-28,181.9949188232422,183.47999572753903,188.63999938964844,182.3699951171875,187.22000122070312,1345900
2024-05-29,180.07061767578125,181.5399932861328,183.0,181.44000244140625,182.0,969300
2024-05-30,180.1599273681641,181.6300048828125,182.3699951171875,181.0500030517578,181.94000244140625,850600
2024-05-31,182.8456115722656,183.82000732421875,184.07000732421875,179.82000732421875,181.4900054931641,1718900
2024-06-03,180.3290100097656,181.2899932861328,184.38999938964844,179.33999633789062,184.0200042724609,1250000
2024-06-04,178.4888153076172,179.44000244140625,181.4199981689453,178.27999877929688,180.6999969482422,1242800
2024-06-05,180.00076293945312,180.9600067138672,181.58999633789065,178.0800018310547,179.8000030517578,1246400
2024-06-06,177.08628845214844,178.02999877929688,181.5800018310547,177.49000549316406,180.7700042724609,1092400
2024-06-07,176.28057861328125,177.22000122070312,178.49000549316406,176.69000244140625,177.50999450683594,1050500
2024-06-10,177.0067138671875,177.9499969482422,178.8300018310547,176.61000061035156,176.61000061035156,963800
2024-06-11,176.330322265625,177.27000427246094,177.7899932861328,176.0800018310547,177.25,869600
2024-06-12,180.7865753173828,181.75,182.1300048828125,178.58999633789062,178.97000122070312,1649300
2024-06-13,180.4284820556641,181.38999938964844,181.6000061035156,178.6300048828125,181.1499938964844,908600
2024-06-14,176.3104248046875,177.25,180.6199951171875,174.8800048828125,180.02000427246094,1049300
2024-06-17,178.27992248535156,179.22999572753906,180.19000244140625,176.57000732421875,176.8000030517578,933900
2024-06-18,181.8210601806641,182.7899932861328,182.83999633789065,179.36000061035156,180.3999938964844,1332300
2024-06-20,182.328369140625,183.3000030517578,183.92999267578125,182.13999938964844,182.4600067138672,1095000
2024-06-21,181.5325927734375,182.5,183.0,180.22999572753903,182.6199951171875,1432600
2024-06-24,183.42251586914065,184.3999938964844,186.0,182.5200042724609,183.2100067138672,1041100
2024-06-25,179.10552978515625,180.05999755859375,184.08999633789065,180.00999450683594,184.08999633789065,994200
2024-06-26,177.7726287841797,178.72000122070312,179.88999938964844,177.4199981689453,179.4499969482422,877100
2024-06-27,177.50405883789062,178.4499969482422,179.67999267578125,177.44000244140625,178.74000549316406,712000
2024-06-28,179.4934539794922,180.4499969482422,181.47999572753903,178.5800018310547,179.0399932861328,1581400
2024-07-01,176.05181884765625,176.99000549316406,181.6999969482422,176.52000427246094,181.6999969482422,868400
2024-07-02,176.02197265625,176.9600067138672,177.60000610351562,176.3000030517578,176.9499969482422,951500
2024-07-03,176.0319061279297,176.97000122070312,178.1199951171875,175.88999938964844,177.41000366210938,514700
2024-07-05,175.7434539794922,176.67999267578125,176.7100067138672,174.16000366210938,176.42999267578125,798400
2024-07-08,175.55447387695312,176.49000549316406,178.44000244140625,176.00999450683594,177.5,705800
2024-07-09,174.20167541503906,175.1300048828125,176.58999633789062,174.82000732421875,176.1199951171875,1002500
2024-07-10,177.6134796142578,178.55999755859375,178.66000366210938,175.10000610351562,175.1300048828125,875200
2024-07-11,181.13473510742188,182.1000061035156,183.47000122070312,179.99000549316406,180.10000610351562,1004100
2024-07-12,183.54188537597656,184.5200042724609,185.33999633789065,182.8300018310547,183.7400054931641,836000
2024-07-15,184.0093994140625,184.9900054931641,187.22000122070312,184.1699981689453,184.6199951171875,797400
2024-07-16,190.4749450683593,191.4900054931641,191.6999969482422,184.5,185.5500030517578,1312200
2024-07-17,188.8038482666016,189.8099975585937,192.3099975585937,189.63999938964844,190.7899932861328,1021100
2024-07-18,185.3522491455078,186.33999633789065,191.52999877929688,186.22999572753903,188.4100036621093,1271900
2024-07-19,182.72622680664065,183.6999969482422,188.0,182.759994506836,187.52999877929688,856600
2024-07-22,180.1897430419922,181.1499938964844,183.5,179.32000732421875,181.9900054931641,1416600
2024-07-23,179.41387939453125,180.3699951171875,182.6499938964844,179.9600067138672,181.67999267578125,1122400
2024-07-24,175.3953094482422,176.3300018310547,179.69000244140625,176.2100067138672,179.39999389648438,1310700
2024-07-25,185.3323516845703,186.32000732421875,188.8300018310547,178.8300018310547,180.10000610351562,2544900
2024-07-26,184.2481231689453,185.22999572753903,188.1100006103516,184.5200042724609,185.42999267578125,1412000
2024-07-29,185.4815673828125,186.47000122070312,186.9199981689453,183.94000244140625,185.33999633789065,948200
2024-07-30,183.5319366455078,184.509994506836,188.58999633789065,184.0,187.6199951171875,880200
2024-07-31,183.28326416015625,184.259994506836,186.7400054931641,183.8099975585937,185.9600067138672,1125100
2024-08-01,178.20034790039062,179.14999389648438,185.2400054931641,178.41000366210938,184.0200042724609,917900
2024-08-02,174.4901123046875,175.4199981689453,176.8800048828125,173.0399932861328,176.8800048828125,976800
2024-08-05,171.82432556152344,172.74000549316406,174.6699981689453,171.5399932861328,174.2899932861328,1091900
2024-08-06,173.5550994873047,174.47999572753906,176.9499969482422,172.58999633789062,173.67999267578125,1030300
2024-08-07,171.5856170654297,172.5,177.74000549316406,172.3000030517578,176.13999938964844,639100
2024-08-08,175.62408447265625,176.55999755859375,176.75999450683594,173.9499969482422,174.32000732421875,647300
2024-08-09,175.2958221435547,176.22999572753906,176.55999755859375,174.19000244140625,176.27000427246094,635700
2024-08-12,173.44569396972656,174.3699951171875,176.66000366210938,173.77999877929688,176.3000030517578,428400
2024-08-13,175.71359252929688,176.64999389648438,177.1300048828125,174.10000610351562,175.02999877929688,536700
2024-08-14,175.88272094726562,176.82000732421875,177.94000244140625,175.82000732421875,176.49000549316406,579700
2024-08-15,178.02130126953125,178.97000122070312,180.58999633789065,177.75999450683594,179.3300018310547,534900
2024-08-16,178.8767547607422,179.8300018310547,180.6000061035156,178.4499969482422,178.77999877929688,985100
2024-08-19,180.73683166503903,181.6999969482422,182.47999572753903,180.0,180.2700042724609,689400
2024-08-20,179.11549377441406,180.07000732421875,181.69000244140625,179.7100067138672,181.3600006103516,447800
2024-08-21,181.27398681640625,182.2400054931641,182.57000732421875,180.07000732421875,180.7400054931641,459500
2024-08-22,180.5776824951172,181.5399932861328,182.8000030517578,180.94000244140625,182.1000061035156,389200
2024-08-23,183.6612548828125,184.63999938964844,185.1199951171875,181.6000061035156,182.7400054931641,414400
2024-08-26,182.4178771972656,183.38999938964844,186.1100006103516,182.5399932861328,185.3000030517578,653700
2024-08-27,181.5226593017578,182.4900054931641,183.7700042724609,182.4499969482422,183.0599975585937,425400
2024-08-28,180.87608337402344,181.83999633789065,183.3800048828125,181.42999267578125,182.52999877929688,379600
2024-08-29,182.0398864746093,183.009994506836,185.259994506836,181.759994506836,183.47999572753903,898300
2024-08-30,185.56607055664065,186.02999877929688,186.1699981689453,182.7899932861328,183.1199951171875,1631800
2024-09-03,179.8004913330078,180.25,185.5,179.19000244140625,185.0,781800
2024-09-04,175.9501190185547,176.38999938964844,180.4100036621093,175.4199981689453,180.1600036621093,1191800
2024-09-05,174.61346435546875,175.0500030517578,176.86000061035156,173.30999755859375,176.16000366210938,1216200
2024-09-06,174.94264221191406,175.3800048828125,177.27999877929688,174.2100067138672,175.39999389648438,1175400
2024-09-09,178.44387817382812,178.88999938964844,179.35000610351562,176.05999755859375,176.89999389648438,861200
2024-09-10,180.9974975585937,181.4499969482422,181.5800018310547,177.64999389648438,179.3000030517578,831200
2024-09-11,182.7032470703125,183.1600036621093,183.44000244140625,176.6199951171875,180.6600036621093,1205000
2024-09-12,186.2144470214844,186.67999267578125,186.7100067138672,181.83999633789065,183.8000030517578,907200
2024-09-13,184.59849548339844,185.0599975585937,188.22999572753903,184.9199981689453,187.3500061035156,1185100
2024-09-16,186.3042449951172,186.7700042724609,187.8999938964844,185.44000244140625,186.19000244140625,1033800
2024-09-17,187.8802947998047,188.3500061035156,190.4600067138672,187.1100006103516,187.75,991100
2024-09-18,185.46632385253903,185.92999267578125,189.19000244140625,185.2400054931641,188.22999572753903,1265700
2024-09-19,190.70323181152344,191.17999267578125,192.0500030517578,188.3800048828125,189.3999938964844,1090200
2024-09-20,188.6483612060547,189.1199951171875,190.97000122070312,188.3600006103516,189.5800018310547,1622200
2024-09-23,190.55360412597656,191.02999877929688,191.3999938964844,189.0399932861328,189.83999633789065,644000
2024-09-24,192.14962768554688,192.6300048828125,193.1199951171875,191.3000030517578,192.17999267578125,585600
2024-09-25,189.74563598632807,190.22000122070312,193.8500061035156,189.9600067138672,193.52999877929688,571200
2024-09-26,192.54861450195312,193.02999877929688,193.13999938964844,190.1600036621093,191.75,945500
2024-09-27,192.2992401123047,192.77999877929688,194.75,192.4199981689453,193.6199951171875,636700
2024-09-30,191.2618408203125,191.7400054931641,192.3500061035156,189.8000030517578,191.8800048828125,521900
2024-10-01,189.93516540527344,190.4100036621093,192.4600067138672,188.9100036621093,191.67999267578125,557700
2024-10-02,189.7955017089844,190.2700042724609,191.0200042724609,188.75,189.22999572753903,1032400
2024-10-03,189.1670684814453,189.63999938964844,190.1100006103516,188.3999938964844,189.72999572753903,699500
2024-10-04,188.4389038085937,188.9100036621093,191.72999572753903,187.4600067138672,191.72999572753903,778700
2024-10-07,187.0623321533203,187.52999877929688,189.009994506836,186.7700042724609,188.009994506836,800100
2024-10-08,186.6932678222656,187.1600036621093,188.1999969482422,185.9499969482422,187.47000122070312,876400
2024-10-09,185.615951538086,186.0800018310547,187.8099975585937,185.0,185.5200042724609,1330100
2024-10-10,186.15460205078125,186.6199951171875,187.38999938964844,185.0,186.0800018310547,1857100
2024-10-11,190.21446228027344,190.69000244140625,191.27999877929688,186.0599975585937,186.42999267578125,1497500
2024-10-14,193.2468719482422,193.72999572753903,193.9100036621093,190.3000030517578,190.88999938964844,908600
2024-10-15,190.802978515625,191.27999877929688,194.42999267578125,191.07000732421875,193.8999938964844,585300
2024-10-16,192.3092193603516,192.7899932861328,194.1100006103516,190.5200042724609,190.7100067138672,750300
2024-10-17,194.39401245117188,194.8800048828125,195.67999267578125,193.63999938964844,194.5599975585937,879100
2024-10-18,193.895263671875,194.3800048828125,195.6000061035156,193.4600067138672,195.3800048828125,985500
2024-10-21,192.2593536376953,192.7400054931641,194.5,192.2899932861328,194.259994506836,601900
2024-10-22,190.9226837158203,191.3999938964844,192.3999938964844,190.1999969482422,192.1199951171875,754400
2024-10-23,191.2019805908203,191.67999267578125,192.75,190.5399932861328,191.1699981689453,1037400
2024-10-24,184.31919860839844,184.77999877929688,189.83999633789065,183.009994506836,185.9600067138672,2620500
2024-10-25,186.51370239257807,186.97999572753903,189.3300018310547,185.759994506836,188.38999938964844,1238400
2024-10-28,191.9800567626953,192.4600067138672,192.4900054931641,188.67999267578125,188.67999267578125,1385200
2024-10-29,191.3615875244141,191.83999633789065,192.17999267578125,189.08999633789065,191.0500030517578,830700
2024-10-30,192.5087280273437,192.9900054931641,194.32000732421875,191.1100006103516,191.72000122070312,889200
2024-10-31,188.8578491210937,189.3300018310547,192.8999938964844,189.17999267578125,191.97000122070312,881600
2024-11-01,188.63839721679688,189.1100006103516,191.6000061035156,188.8500061035156,189.72000122070312,606400
2024-11-04,188.6882781982422,189.1600036621093,191.75,188.5500030517578,188.94000244140625,523400
2024-11-05,191.6708068847656,192.1499938964844,192.2400054931641,188.72000122070312,188.9499969482422,486600
2024-11-06,202.0548553466797,202.5599975585937,204.0599975585937,200.1000061035156,200.5200042724609,1252000
2024-11-07,201.25685119628903,201.759994506836,202.8300018310547,200.5,202.8300018310547,749600
2024-11-08,200.9974975585937,201.5,203.8699951171875,200.7400054931641,201.3500061035156,993300
2024-11-11,204.06982421875,204.5800018310547,204.92999267578125,202.4199981689453,202.4199981689453,526200
2024-11-12,201.8453826904297,202.3500061035156,204.88999938964844,201.759994506836,204.509994506836,501100
2024-11-13,203.4812927246093,203.9900054931641,204.92999267578125,201.2400054931641,201.6100006103516,533100
2024-11-14,201.5860290527344,202.08999633789065,204.1499938964844,201.9100036621093,203.5500030517578,494700
2024-11-15,200.67828369140625,201.17999267578125,203.6600036621093,200.5599975585937,202.02999877929688,678100
2024-11-18,200.0299224853516,200.52999877929688,201.88999938964844,200.19000244140625,200.9600067138672,613600
2024-11-19,198.23440551757807,198.72999572753903,199.22000122070312,197.27999877929688,198.0200042724609,761300
2024-11-20,197.6359100341797,198.1300048828125,199.5,196.6300048828125,199.1600036621093,699000
2024-11-21,201.9850311279297,202.4900054931641,203.13999938964844,198.2400054931641,199.0399932861328,718600
2024-11-22,204.2294311523437,204.7400054931641,205.0599975585937,202.75,202.8500061035156,598600
2024-11-25,205.04737854003903,205.5599975585937,207.75,205.17999267578125,205.72000122070312,1163100
2024-11-26,205.825424194336,206.33999633789065,206.69000244140625,203.8099975585937,205.5399932861328,752300
2024-11-27,205.9949951171875,206.509994506836,208.259994506836,205.67999267578125,206.5800018310547,475300
2024-11-29,205.8999938964844,205.8999938964844,207.0500030517578,205.509994506836,206.22000122070312,304500
2024-12-02,204.6999969482422,204.6999969482422,206.22999572753903,204.2100067138672,206.1600036621093,541400
2024-12-03,203.7700042724609,203.7700042724609,204.2400054931641,202.0500030517578,204.0,653300
2024-12-04,203.27999877929688,203.27999877929688,204.13999938964844,202.1999969482422,202.8000030517578,461800
2024-12-05,201.77999877929688,201.77999877929688,203.97000122070312,201.3500061035156,203.6100006103516,495700
2024-12-06,201.4600067138672,201.4600067138672,203.0,200.6499938964844,202.2100067138672,378000
2024-12-09,201.7400054931641,201.7400054931641,203.1199951171875,201.2100067138672,202.22000122070312,475500
2024-12-10,201.3099975585937,201.3099975585937,203.0,198.6999969482422,200.9499969482422,903400
2024-12-11,201.1999969482422,201.1999969482422,203.3500061035156,200.8099975585937,202.6600036621093,513900
2024-12-12,201.3600006103516,201.3600006103516,202.5200042724609,200.6300048828125,200.8000030517578,566200
2024-12-13,201.009994506836,201.009994506836,201.8000030517578,199.7100067138672,200.92999267578125,687300
2024-12-16,199.75,199.75,201.47999572753903,199.1600036621093,200.02999877929688,594700
2024-12-17,196.5399932861328,196.5399932861328,199.72000122070312,195.3800048828125,198.72000122070312,885600
2024-12-18,188.8099975585937,188.8099975585937,197.8999938964844,188.7400054931641,196.9199981689453,765200
2024-12-19,188.94000244140625,188.94000244140625,192.22999572753903,188.72000122070312,190.92999267578125,893100
2024-12-20,189.2700042724609,189.2700042724609,190.6199951171875,187.5,188.52999877929688,2381100
2024-12-23,,188.8099975585937,189.44000244140625,186.9600067138672,188.3600006103516,611000
2024-12-24,,190.3300018310547,190.52999877929688,188.4499969482422,188.4499969482422,215500
2024-12-26,,190.9100036621093,191.4900054931641,189.2700042724609,189.47999572753903,299000
2024-12-27,,188.3300018310547,191.4900054931641,187.6499938964844,189.3099975585937,457400
2024-12-30,,186.32000732421875,188.0,184.6300048828125,187.0,704800
2024-12-31,,187.6000061035156,188.6000061035156,186.1100006103516,186.9100036621093,901800
2025-01-02,,185.63999938964844,189.0,184.92999267578125,188.32000732421875,651800
2025-01-03,,188.02999877929688,188.47000122070312,185.1600036621093,186.6600036621093,404500
2025-01-06,,188.02999877929688,190.3000030517578,187.47999572753903,188.0,453600
2025-01-07,,187.97999572753903,189.1999969482422,186.8699951171875,187.9100036621093,692500
2025-01-08,,187.22000122070312,187.8500061035156,185.509994506836,187.009994506836,653200
2025-01-10,,183.63999938964844,186.0,182.75,185.0,1072000
