Price,Adj Close,Close,High,Low,Open,Volume
Ticker,BAC,BAC,BAC,BAC,BAC,BAC
Date,,,,,,
1995-01-03,5.2201690673828125,11.4375,11.46875,11.28125,11.28125,1515600
1995-01-04,5.262959003448486,11.53125,11.5625,11.40625,11.40625,1536800
1995-01-05,5.305749416351318,11.625,11.65625,11.53125,11.5625,1242800
1995-01-06,5.291482448577881,11.59375,11.6875,11.53125,11.59375,1721200
1995-01-09,5.291482448577881,11.59375,11.625,11.53125,11.5625,1092000
1995-01-10,5.37706184387207,11.78125,11.8125,11.5625,11.5625,2662000
1995-01-11,5.305749416351318,11.625,12.0,11.375,11.8125,4369200
1995-01-12,5.291482448577881,11.59375,11.65625,11.5,11.625,1947600
1995-01-13,5.462637424468994,11.96875,12.0,11.65625,11.6875,3228000
1995-01-16,5.533951282501221,12.125,12.21875,11.84375,11.96875,3696800
1995-01-17,5.32001256942749,11.65625,11.8125,11.53125,11.6875,8594400
1995-01-18,5.32001256942749,11.65625,11.6875,11.53125,11.65625,3576800
1995-01-19,5.24869441986084,11.5,11.625,11.5,11.59375,2386000
1995-01-20,5.234433174133301,11.46875,11.5,11.3125,11.5,1899600
1995-01-23,5.191645622253418,11.375,11.40625,11.15625,11.3125,4550000
1995-01-24,5.2201690673828125,11.4375,11.5,11.40625,11.4375,3313600
1995-01-25,5.32001256942749,11.65625,11.8125,11.375,11.4375,2540000
1995-01-26,5.37706184387207,11.78125,11.8125,11.65625,11.71875,2215600
1995-01-27,5.405587673187256,11.84375,12.0,11.8125,11.84375,2300000
1995-01-30,5.362797737121582,11.75,11.90625,11.53125,11.875,1823600
1995-01-31,5.32001256942749,11.65625,11.84375,11.625,11.6875,3173600
1995-02-01,5.262959003448486,11.53125,11.71875,11.5,11.6875,2878800
1995-02-02,5.305749416351318,11.625,11.71875,11.5,11.5,2993600
1995-02-03,5.591001987457275,12.25,12.28125,11.8125,11.875,5435600
1995-02-06,5.7193684577941895,12.53125,12.59375,12.125,12.1875,4440800
1995-02-07,5.648053169250488,12.375,12.75,12.375,12.5625,4282800
1995-02-08,5.67657995223999,12.4375,12.5,12.34375,12.40625,1518000
1995-02-09,5.591001987457275,12.25,12.46875,12.1875,12.375,1314400
1995-02-10,5.576739311218262,12.21875,12.3125,12.1875,12.25,2084800
1995-02-13,5.6052656173706055,12.28125,12.40625,12.25,12.25,1925600
1995-02-14,5.6623148918151855,12.40625,12.4375,12.34375,12.34375,2392800
1995-02-15,5.7336297035217285,12.5625,12.625,12.28125,12.46875,2656000
1995-02-16,5.7336297035217285,12.5625,12.625,12.5,12.5625,1702400
1995-02-17,5.705104827880859,12.5,12.625,12.4375,12.59375,2651200
1995-02-21,5.6623148918151855,12.40625,12.59375,12.375,12.5,1732000
1995-02-22,5.776418685913086,12.65625,12.75,12.34375,12.375,2954800
1995-02-23,5.861996650695801,12.84375,12.90625,12.6875,12.78125,4304800
1995-02-24,5.804944038391113,12.71875,12.8125,12.59375,12.8125,2324400
1995-02-27,5.761733055114746,12.5,12.65625,12.46875,12.625,1246400
1995-02-28,5.747327327728272,12.46875,12.5625,12.375,12.5,2692800
1995-03-01,5.689708232879639,12.34375,12.5625,12.3125,12.5,3410800
1995-03-02,5.761733055114746,12.5,12.53125,12.34375,12.40625,4144000
1995-03-03,5.776135444641113,12.53125,12.53125,12.4375,12.4375,2816800
1995-03-06,5.73292350769043,12.4375,12.46875,12.34375,12.46875,1854800
1995-03-07,5.632091045379639,12.21875,12.40625,12.125,12.375,3124800
1995-03-08,5.646495342254639,12.25,12.3125,12.21875,12.25,1632400
1995-03-09,5.632091045379639,12.21875,12.3125,12.125,12.3125,2731600
1995-03-10,5.704113483428955,12.375,12.40625,12.125,12.28125,3869200
1995-03-13,5.704113483428955,12.375,12.40625,12.1875,12.375,2263200
1995-03-14,5.776135444641113,12.53125,12.5625,12.40625,12.4375,2367600
1995-03-15,5.761733055114746,12.5,12.59375,12.40625,12.5,2254800
1995-03-16,5.80494499206543,12.59375,12.65625,12.375,12.4375,2951200
1995-03-17,5.747327327728272,12.46875,12.5625,12.4375,12.5625,2712400
1995-03-20,5.675302028656006,12.3125,12.53125,12.28125,12.53125,3736800
1995-03-21,5.574473857879639,12.09375,12.3125,12.09375,12.28125,2590000
1995-03-22,5.632091045379639,12.21875,12.21875,12.09375,12.21875,2894000
1995-03-23,5.660899639129639,12.28125,12.3125,12.1875,12.21875,2868400
1995-03-24,5.632091045379639,12.21875,12.3125,12.1875,12.28125,1697600
1995-03-27,5.73292350769043,12.4375,12.4375,12.25,12.28125,2149600
1995-03-28,5.790540218353272,12.5625,12.5625,12.4375,12.4375,1926000
1995-03-29,5.862561702728272,12.71875,12.9375,12.53125,12.5625,4323600
1995-03-30,5.876966953277588,12.75,12.84375,12.625,12.78125,4588400
1995-03-31,5.848154544830322,12.6875,12.71875,12.59375,12.6875,3443200
1995-04-03,5.833755016326904,12.65625,12.78125,12.625,12.6875,3610800
1995-04-04,5.833755016326904,12.65625,12.6875,12.59375,12.625,2909200
1995-04-05,5.92017936706543,12.84375,12.84375,12.625,12.6875,2424000
1995-04-06,6.035415172576904,13.09375,13.15625,12.90625,12.90625,5396800
1995-04-07,6.078627586364746,13.1875,13.28125,13.03125,13.09375,3714000
1995-04-10,6.093029975891113,13.21875,13.21875,13.125,13.15625,3591600
1995-04-11,6.078627586364746,13.1875,13.25,13.125,13.1875,4205600
1995-04-12,5.99220085144043,13.0,13.15625,13.0,13.125,2385200
1995-04-13,5.963395118713379,12.9375,13.125,12.875,13.0625,3222800
1995-04-17,5.876966953277588,12.75,12.9375,12.65625,12.9375,3924800
1995-04-18,5.80494499206543,12.59375,12.8125,12.59375,12.78125,2216800
1995-04-19,5.819348812103272,12.625,12.6875,12.59375,12.65625,2197600
1995-04-20,5.73292350769043,12.4375,12.59375,12.40625,12.5625,3873200
1995-04-21,5.761733055114746,12.5,12.5625,12.4375,12.5,5873200
1995-04-24,5.776135444641113,12.53125,12.625,12.4375,12.5,3736800
1995-04-25,5.848154544830322,12.6875,12.78125,12.5,12.5,4358000
1995-04-26,5.862561702728272,12.71875,12.75,12.625,12.71875,1172400
1995-04-27,5.862561702728272,12.71875,12.828125,12.6875,12.75,1869200
1995-04-28,5.761733055114746,12.5,12.6875,12.46875,12.6875,1677600
1995-05-01,5.73292350769043,12.4375,12.5,12.40625,12.5,3308000
1995-05-02,5.761733055114746,12.5,12.5625,12.40625,12.40625,2798400
1995-05-03,5.819348812103272,12.625,12.625,12.5,12.53125,2540400
1995-05-04,5.934584617614746,12.875,13.0625,12.71875,12.75,4009200
1995-05-05,6.078627586364746,13.1875,13.1875,13.03125,13.0625,3058000
1995-05-08,6.179455757141113,13.40625,13.4375,13.0625,13.0625,3611600
1995-05-09,6.265883445739746,13.59375,13.65625,13.46875,13.46875,6028400
1995-05-10,6.265883445739746,13.59375,13.6875,13.5,13.6875,2469600
1995-05-11,6.193862438201904,13.4375,13.625,13.40625,13.625,2301600
1995-05-12,6.22266960144043,13.5,13.53125,13.34375,13.375,1922000
1995-05-15,6.323500633239746,13.71875,13.71875,13.40625,13.5,2737600
1995-05-16,6.38111686706543,13.84375,13.90625,13.6875,13.71875,3507200
1995-05-17,6.323500633239746,13.71875,13.84375,13.65625,13.8125,1514000
1995-05-18,6.294692993164063,13.65625,13.78125,13.34375,13.71875,1237600
1995-05-19,6.193862438201904,13.4375,13.59375,13.34375,13.5,2176000
1995-05-22,6.280289173126221,13.625,13.625,13.375,13.40625,1880800
1995-05-23,6.38111686706543,13.84375,13.84375,13.65625,13.75,2492000
1995-05-24,6.481947422027588,14.0625,14.1875,14.0,14.0625,2890800
1995-05-25,6.481947422027588,14.0625,14.09375,13.90625,14.0625,2284800
1995-05-26,6.423815727233887,13.8125,13.96875,13.6875,13.90625,1759200
1995-05-30,6.438347339630127,13.84375,13.84375,13.625,13.75,1806800
1995-05-31,6.58368444442749,14.15625,14.15625,13.6875,13.84375,1596400
1995-06-01,6.5982160568237305,14.1875,14.1875,13.96875,14.09375,2020400
1995-06-02,6.627286911010742,14.25,14.40625,14.03125,14.09375,4198800
1995-06-05,6.64181661605835,14.28125,14.4375,14.21875,14.3125,3470400
1995-06-06,6.58368444442749,14.15625,14.25,14.09375,14.25,2706800
1995-06-07,6.496481418609619,13.96875,14.0625,13.90625,14.03125,2955600
1995-06-08,6.365682125091553,13.6875,13.96875,13.65625,13.96875,2258400
1995-06-09,6.249413967132568,13.4375,13.65625,13.40625,13.625,3858000
1995-06-12,6.293014049530029,13.53125,13.59375,13.375,13.375,1866000
1995-06-13,6.452878952026367,13.875,13.875,13.625,13.625,2561200
1995-06-14,6.409280776977539,13.78125,13.84375,13.75,13.8125,1741200
1995-06-15,6.351147651672363,13.65625,13.78125,13.625,13.78125,3010800
1995-06-16,6.394748687744141,13.75,13.75,13.65625,13.71875,3462800
1995-06-19,6.496481418609619,13.96875,14.0,13.75,13.75,1790400
1995-06-20,6.511016368865967,14.0,14.0625,13.875,13.96875,2663600
1995-06-21,6.569148063659668,14.125,14.1875,14.03125,14.0625,2723200
1995-06-22,6.6708831787109375,14.34375,14.375,14.15625,14.21875,2796000
1995-06-23,6.540083408355713,14.0625,14.34375,14.0,14.25,4588400
1995-06-26,6.496481418609619,13.96875,14.0625,13.90625,14.0625,2026800
1995-06-27,6.365682125091553,13.6875,14.03125,13.65625,13.90625,2094400
1995-06-28,6.38021183013916,13.71875,13.78125,13.53125,13.6875,3502400
1995-06-29,6.278477191925049,13.5,13.6875,13.4375,13.6875,2359600
1995-06-30,6.234877109527588,13.40625,13.5625,13.40625,13.5,4383200
1995-07-03,6.278477191925049,13.5,13.53125,13.4375,13.4375,1191200
1995-07-05,6.336615562438965,13.625,13.625,13.46875,13.5625,2491200
1995-07-06,6.438347339630127,13.84375,13.84375,13.53125,13.78125,2470000
1995-07-07,6.481948852539063,13.9375,14.09375,13.90625,13.9375,3236400
1995-07-10,6.394748687744141,13.75,14.09375,13.71875,13.90625,2504800
1995-07-11,6.452878952026367,13.875,13.9375,13.6875,13.71875,1840000
1995-07-12,6.511016368865967,14.0,14.09375,13.78125,13.84375,1804000
1995-07-13,6.554612159729004,14.09375,14.125,13.9375,14.0,1198000
1995-07-14,6.481948852539063,13.9375,14.09375,13.84375,14.03125,1227200
1995-07-17,6.452878952026367,13.875,14.09375,13.78125,13.96875,4454800
1995-07-18,6.569148063659668,14.125,14.15625,13.875,13.96875,5256400
1995-07-19,6.496481418609619,13.96875,14.09375,13.6875,14.0,3639600
1995-07-20,6.569148063659668,14.125,14.125,13.875,13.96875,2630400
1995-07-21,6.452878952026367,13.875,14.125,13.84375,14.125,1860000
1995-07-24,6.409280776977539,13.78125,13.90625,13.71875,13.90625,2314000
1995-07-25,6.5255513191223145,14.03125,14.0625,13.75,13.84375,1646400
1995-07-26,6.612746715545654,14.21875,14.3125,14.03125,14.0625,2719600
1995-07-27,6.569148063659668,14.125,14.375,14.0625,14.28125,1538000
1995-07-28,6.5255513191223145,14.03125,14.15625,14.0,14.125,1438000
1995-07-31,6.5255513191223145,14.03125,14.125,13.9375,13.96875,1307600
1995-08-01,6.5255513191223145,14.03125,14.0625,13.84375,14.0,1782400
1995-08-02,6.612746715545654,14.21875,14.21875,14.03125,14.03125,3315600
1995-08-03,6.612746715545654,14.21875,14.25,14.0625,14.1875,2508800
1995-08-04,6.6708831787109375,14.34375,14.375,14.1875,14.25,2150400
1995-08-07,6.801684379577637,14.625,14.65625,14.34375,14.375,2679600
1995-08-08,6.917954444885254,14.875,14.96875,14.65625,14.65625,5250000
1995-08-09,6.932488918304443,14.90625,14.90625,14.78125,14.875,2840800
1995-08-10,6.932488918304443,14.90625,14.9375,14.75,14.84375,2040400
1995-08-11,6.758082389831543,14.53125,14.90625,14.4375,14.90625,2137600
1995-08-14,6.743555068969727,14.5,14.59375,14.4375,14.5625,1552800
1995-08-15,6.816215991973877,14.65625,14.65625,14.46875,14.5,1659200
1995-08-16,6.917954444885254,14.875,14.875,14.71875,14.78125,1880000
1995-08-17,6.90341854095459,14.84375,14.90625,14.75,14.84375,1947200
1995-08-18,6.961556434631348,14.96875,15.03125,14.90625,15.0,2320400
1995-08-21,6.947021484375,14.9375,15.03125,14.9375,15.0,2899200
1995-08-22,6.961556434631348,14.96875,15.0,14.78125,14.9375,1806800
1995-08-23,6.932488918304443,14.90625,14.96875,14.875,14.96875,1804800
1995-08-24,7.019690036773682,15.09375,15.1875,14.90625,14.96875,2795600
1995-08-25,7.1504902839660645,15.375,15.40625,15.0625,15.0625,2407200
1995-08-28,7.223158359527588,15.53125,15.59375,15.3125,15.34375,2900400
1995-08-29,7.16502046585083,15.40625,15.46875,15.3125,15.46875,5500800
1995-08-30,7.194324970245361,15.34375,15.40625,15.1875,15.1875,3147200
1995-08-31,7.194324970245361,15.34375,15.46875,15.25,15.34375,2368400
1995-09-01,7.208980560302734,15.375,15.4375,15.25,15.25,2605200
1995-09-05,7.135720252990723,15.21875,15.21875,15.03125,15.1875,3519600
1995-09-06,7.208980560302734,15.375,15.40625,15.25,15.25,5017600
1995-09-07,7.311548233032227,15.59375,15.59375,15.375,15.4375,5788400
1995-09-08,7.443415641784668,15.875,15.875,15.59375,15.625,6355600
1995-09-11,7.531332015991211,16.0625,16.09375,15.8125,15.84375,5700800
1995-09-12,7.545981884002685,16.09375,16.09375,15.90625,16.0625,3396000
1995-09-13,7.589942932128906,16.1875,16.21875,16.03125,16.03125,2832400
1995-09-14,7.707161426544189,16.4375,16.4375,16.15625,16.1875,3589600
1995-09-15,7.839032649993896,16.71875,16.75,16.40625,16.46875,4906400
1995-09-18,7.795075416564941,16.625,16.71875,16.40625,16.6875,3800400
1995-09-19,8.000207901000977,17.0625,17.0625,16.53125,16.625,3852800
1995-09-20,8.02951431274414,17.125,17.21875,16.96875,17.09375,3395600
1995-09-21,7.985555648803711,17.03125,17.15625,16.90625,17.09375,3422000
1995-09-22,7.97090482711792,17.0,17.03125,16.875,16.90625,4437200
1995-09-25,7.912295818328857,16.875,17.0625,16.8125,17.0625,2280000
1995-09-26,7.868336200714111,16.78125,16.84375,16.71875,16.84375,2366800
1995-09-27,7.97090482711792,17.0,17.0,16.65625,16.6875,3344400
1995-09-28,7.985555648803711,17.03125,17.0625,16.84375,17.0,3482400
1995-09-29,7.882989406585693,16.8125,17.03125,16.8125,17.03125,2851600
1995-10-02,7.985555648803711,17.03125,17.09375,16.75,16.8125,3718400
1995-10-03,8.117424964904785,17.3125,17.3125,16.96875,17.0,4387200
1995-10-04,8.205345153808594,17.5,17.75,17.21875,17.25,5179600
1995-10-05,8.161388397216797,17.40625,17.5625,17.34375,17.5,1775200
1995-10-06,8.176037788391113,17.4375,17.53125,17.34375,17.40625,1767200
1995-10-09,8.205345153808594,17.5,17.5,17.28125,17.40625,1206400
1995-10-10,8.102778434753418,17.28125,17.3125,17.15625,17.28125,2980000
1995-10-11,8.176037788391113,17.4375,17.5,17.25,17.28125,1769200
1995-10-12,8.454436302185059,18.03125,18.03125,17.5,17.5,4588800
1995-10-13,8.39582633972168,17.90625,18.0625,17.78125,18.0,2126800
1995-10-16,8.35186767578125,17.8125,18.09375,17.75,17.75,3169600
1995-10-17,8.425131797790527,17.96875,18.03125,17.875,17.875,4562400
1995-10-18,8.513045310974121,18.15625,18.25,18.0625,18.25,3937600
1995-10-19,8.410473823547363,17.9375,18.125,17.78125,18.125,4228000
1995-10-20,8.205345153808594,17.5,17.9375,17.4375,17.9375,4538800
1995-10-23,8.293258666992188,17.6875,17.9375,17.5,17.5,3990000
1995-10-24,8.132081031799316,17.34375,17.78125,17.28125,17.75,2820800
1995-10-25,7.72181510925293,16.46875,17.40625,16.4375,17.34375,5020400
1995-10-26,7.6192450523376465,16.25,16.375,16.0,16.375,5439600
1995-10-27,7.912295818328857,16.875,16.90625,16.09375,16.125,4554400
1995-10-30,7.736465454101562,16.5,17.0,16.375,17.0,4149600
1995-10-31,7.707161426544189,16.4375,16.5,16.34375,16.5,2528400
1995-11-01,7.839032649993896,16.71875,16.71875,16.40625,16.46875,3647600
1995-11-02,8.02951431274414,17.125,17.15625,16.65625,16.75,2117200
1995-11-03,7.912295818328857,16.875,17.09375,16.78125,17.09375,2052000
1995-11-06,7.912295818328857,16.875,17.0,16.78125,16.84375,2150400
1995-11-07,7.839032649993896,16.71875,16.9375,16.6875,16.9375,2440800
1995-11-08,7.956254959106445,16.96875,17.03125,16.75,16.78125,3183600
1995-11-09,8.132081031799316,17.34375,17.34375,17.0,17.0625,5187600
1995-11-10,8.132081031799316,17.34375,17.40625,17.0,17.25,1830400
1995-11-13,8.08812141418457,17.25,17.34375,17.25,17.34375,2194800
1995-11-14,8.014863014221191,17.09375,17.21875,17.0625,17.21875,2841600
1995-11-15,7.941595554351807,16.9375,17.09375,16.8125,17.09375,2591200
1995-11-16,8.102778434753418,17.28125,17.3125,16.875,16.9375,3547600
1995-11-17,8.293258666992188,17.6875,17.75,17.25,17.375,3584000
1995-11-20,8.234647750854492,17.5625,17.71875,17.53125,17.6875,1710400
1995-11-21,8.307913780212402,17.71875,17.8125,17.53125,17.5625,2648000
1995-11-22,8.35186767578125,17.8125,17.90625,17.65625,17.84375,2013200
1995-11-24,8.35186767578125,17.8125,17.875,17.71875,17.71875,948000
1995-11-27,8.498390197753906,18.125,18.46875,17.78125,17.84375,5134800
1995-11-28,8.425131797790527,17.96875,18.125,17.84375,18.125,3375600
1995-11-29,8.464129447937012,17.90625,17.96875,17.71875,17.84375,2359600
1995-11-30,8.44935417175293,17.875,18.0,17.8125,17.90625,1730400
1995-12-01,8.478896141052246,17.9375,18.03125,17.875,17.9375,2388800
1995-12-04,8.670930862426758,18.34375,18.46875,18.03125,18.0625,3038400
1995-12-05,8.59706974029541,18.1875,18.4375,18.125,18.3125,2904400
1995-12-06,8.803873062133789,18.625,18.6875,18.25,18.25,4057200
1995-12-07,8.700475692749023,18.40625,18.65625,18.28125,18.5625,3269600
1995-12-08,8.700475692749023,18.40625,18.5625,18.3125,18.46875,2271200
1995-12-11,8.626612663269043,18.25,18.40625,18.1875,18.40625,1179200
1995-12-12,8.626612663269043,18.25,18.28125,18.09375,18.125,1436000
1995-12-13,8.537979125976562,18.0625,18.28125,18.03125,18.25,1263200
1995-12-14,8.286866188049316,17.53125,18.0625,17.40625,18.0625,2508400
1995-12-15,8.272096633911133,17.5,17.71875,17.5,17.625,4133200
1995-12-18,8.124378204345703,17.1875,17.5,17.0625,17.5,3090000
1995-12-19,8.198237419128418,17.34375,17.46875,17.0625,17.125,3730800
1995-12-20,8.272096633911133,17.5,17.78125,17.34375,17.375,3666000
1995-12-21,8.139151573181152,17.21875,17.75,17.125,17.65625,2737200
1995-12-22,8.094837188720703,17.125,17.21875,16.96875,17.1875,3510000
1995-12-26,8.080065727233887,17.09375,17.21875,17.03125,17.09375,808400
1995-12-27,8.109607696533203,17.15625,17.3125,17.09375,17.125,2210400
1995-12-28,8.227783203125,17.40625,17.46875,17.15625,17.1875,2736400
1995-12-29,8.227783203125,17.40625,17.53125,17.3125,17.5,1591600
1996-01-02,8.198237419128418,17.34375,17.4375,17.25,17.34375,1892400
1996-01-03,8.124378204345703,17.1875,17.59375,17.1875,17.4375,3606800
1996-01-04,7.932347297668457,16.78125,17.25,16.75,17.125,5502000
1996-01-05,7.769861221313477,16.4375,16.59375,16.1875,16.5,8226800
1996-01-08,7.873263835906982,16.65625,16.65625,16.375,16.40625,1634400
1996-01-09,7.82341194152832,16.55078125,16.71875,16.46875,16.71875,6674400
1996-01-10,7.710775852203369,16.3125,16.625,16.28125,16.5,6672000
1996-01-11,7.755087852478027,16.40625,16.46875,16.28125,16.46875,2596000
1996-01-12,7.814177989959717,16.53125,16.65625,16.25,16.4375,4012800
1996-01-15,7.755087852478027,16.40625,16.65625,16.375,16.5625,3866400
1996-01-16,7.799403190612793,16.5,16.5625,16.09375,16.5,8422400
1996-01-17,7.843724727630615,16.59375,16.625,16.4375,16.5625,5702400
1996-01-18,7.784633159637451,16.46875,16.75,16.3125,16.75,3342400
1996-01-19,7.888031959533691,16.6875,16.75,16.3125,16.46875,4556000
1996-01-22,7.917577743530273,16.75,16.875,16.53125,16.5625,2461600
1996-01-23,7.932347297668457,16.78125,16.78125,16.59375,16.71875,2012800
1996-01-24,7.917577743530273,16.75,16.78125,16.625,16.75,2700000
1996-01-25,7.917577743530273,16.75,16.96875,16.6875,16.75,4171600
1996-01-26,7.917577743530273,16.75,16.8125,16.5625,16.75,1996400
1996-01-29,8.094837188720703,17.125,17.125,16.625,16.78125,2331200
1996-01-30,8.15392017364502,17.25,17.34375,17.15625,17.21875,3321200
1996-01-31,8.257323265075684,17.46875,17.5,17.21875,17.3125,5628000
1996-02-01,8.124378204345703,17.1875,17.5,17.09375,17.5,9975200
1996-02-02,8.124378204345703,17.1875,17.375,17.0,17.15625,4112000
1996-02-05,8.168696403503418,17.28125,17.40625,17.03125,17.125,2597600
1996-02-06,8.213006019592285,17.375,17.5625,17.3125,17.34375,4653600
1996-02-07,8.331185340881348,17.625,17.6875,17.40625,17.5,5961200
1996-02-08,8.685704231262207,18.375,18.5625,17.65625,17.6875,5296800
1996-02-09,8.685704231262207,18.375,18.625,18.28125,18.34375,4092400
1996-02-12,8.700475692749023,18.40625,18.53125,18.3125,18.4375,2722000
1996-02-13,8.73001766204834,18.46875,18.59375,18.34375,18.34375,3000400
1996-02-14,8.641386985778809,18.28125,18.625,18.25,18.46875,3085600
1996-02-15,8.744787216186523,18.5,18.59375,18.28125,18.34375,2256400
1996-02-16,8.656157493591309,18.3125,18.5,18.15625,18.5,3780000
1996-02-20,8.508440017700195,18.0,18.1875,17.875,18.125,5360800
1996-02-21,8.700475692749023,18.40625,18.4375,17.96875,18.0,3210400
1996-02-22,8.789103507995605,18.59375,18.875,18.46875,18.5625,5047200
1996-02-23,8.818648338317871,18.65625,18.8125,18.5,18.65625,3513200
1996-02-26,8.936817169189453,18.90625,19.0625,18.625,18.6875,4487200
1996-02-27,8.862957000732422,18.75,18.9375,18.65625,18.90625,3268800
1996-02-28,8.902265548706055,18.6875,18.96875,18.53125,18.71875,2328000
1996-02-29,8.783164024353027,18.4375,18.6875,18.375,18.625,2911600
1996-03-01,8.96180534362793,18.8125,18.90625,18.375,18.625,4333200
1996-03-04,9.125564575195312,19.15625,19.15625,18.875,19.0,2962400
1996-03-05,9.348858833312988,19.625,19.71875,19.0,19.03125,3048400
1996-03-06,9.274431228637695,19.46875,19.75,19.40625,19.6875,3397200
1996-03-07,9.214885711669922,19.34375,19.6875,19.25,19.40625,3363200
1996-03-08,8.857603073120117,18.59375,19.0625,18.53125,18.90625,4671600
1996-03-11,8.842711448669434,18.5625,18.78125,18.3125,18.5625,3638400
1996-03-12,8.76828384399414,18.40625,18.46875,17.75,18.3125,6066800
1996-03-13,8.738508224487305,18.34375,18.65625,18.28125,18.53125,2426400
1996-03-14,8.76828384399414,18.40625,18.5625,18.34375,18.40625,2471600
1996-03-15,8.81294059753418,18.5,18.53125,18.25,18.375,3344800
1996-03-18,9.03624439239502,18.96875,19.15625,18.59375,18.59375,2135200
1996-03-19,8.946921348571777,18.78125,19.15625,18.6875,19.03125,2240000
1996-03-20,8.946921348571777,18.78125,18.875,18.59375,18.84375,2155200
1996-03-21,8.81294059753418,18.5,18.8125,18.46875,18.75,2416800
1996-03-22,8.96180534362793,18.8125,18.84375,18.59375,18.625,2048800
1996-03-25,9.03624439239502,18.96875,19.28125,18.90625,19.1875,3526000
1996-03-26,9.170221328735352,19.25,19.3125,18.9375,18.9375,2311600
1996-03-27,9.348858833312988,19.625,19.78125,19.21875,19.25,7557600
1996-03-28,9.393526077270508,19.71875,19.84375,19.5,19.5625,4535600
1996-03-29,9.542388916015623,20.03125,20.34375,19.8125,19.96875,6886000
1996-04-01,9.855015754699709,20.6875,20.6875,20.21875,20.21875,3926400
1996-04-02,9.795464515686035,20.5625,20.65625,20.40625,20.625,2405200
1996-04-03,9.7656888961792,20.5,20.53125,20.375,20.5,1822000
1996-04-04,9.795464515686035,20.5625,20.6875,20.46875,20.5625,3050000
1996-04-08,9.601934432983398,20.15625,20.1875,19.78125,20.1875,5518400
1996-04-09,9.453068733215332,19.84375,20.21875,19.6875,20.1875,3462800
1996-04-10,9.080903053283691,19.0625,19.84375,18.96875,19.84375,3372000
1996-04-11,8.991580963134766,18.875,19.21875,18.6875,19.1875,4760800
1996-04-12,9.170221328735352,19.25,19.3125,18.875,18.90625,5092800
1996-04-15,9.408409118652344,19.75,19.875,19.4375,19.46875,4693200
1996-04-16,9.185110092163086,19.28125,19.75,19.25,19.75,3621200
1996-04-17,9.200000762939451,19.3125,19.3125,19.0625,19.25,4141600
1996-04-18,9.200000762939451,19.3125,19.4375,19.15625,19.25,2326000
1996-04-19,9.170221328735352,19.25,19.375,19.09375,19.3125,2258800
1996-04-22,9.289319038391112,19.5,19.53125,19.3125,19.375,2270000
1996-04-23,9.304200172424316,19.53125,19.625,19.34375,19.40625,2406800
1996-04-24,9.289319038391112,19.5,19.625,19.40625,19.5625,1858800
1996-04-25,9.408409118652344,19.75,19.8125,19.375,19.5,3059600
1996-04-26,9.497732162475586,19.9375,19.96875,19.71875,19.75,1800400
1996-04-29,9.408409118652344,19.75,19.875,19.6875,19.875,2267200
1996-04-30,9.512619018554688,19.96875,19.96875,19.65625,19.6875,1458000
1996-05-01,9.527503967285156,20.0,20.03125,19.875,19.875,2012800
1996-05-02,9.229771614074709,19.375,19.90625,19.34375,19.875,3254400
1996-05-03,9.274431228637695,19.46875,19.78125,19.40625,19.5,4564000
1996-05-06,9.1404447555542,19.1875,19.5,19.03125,19.4375,2584000
1996-05-07,9.200000762939451,19.3125,19.375,18.9375,19.09375,3818000
1996-05-08,9.423297882080078,19.78125,19.875,19.0,19.25,4213600
1996-05-09,9.408409118652344,19.75,19.96875,19.625,19.71875,2355200
1996-05-10,9.572166442871094,20.09375,20.21875,19.90625,19.96875,2516400
1996-05-13,9.587051391601562,20.125,20.125,20.0,20.09375,2582000
1996-05-14,9.676372528076172,20.3125,20.34375,20.125,20.1875,2158400
1996-05-15,9.587051391601562,20.125,20.40625,20.09375,20.25,1818800
1996-05-16,9.601934432983398,20.15625,20.21875,19.96875,20.03125,3027600
1996-05-17,9.676372528076172,20.3125,20.375,20.21875,20.25,1872800
1996-05-20,9.735918045043944,20.4375,20.5,20.28125,20.28125,1418000
1996-05-21,9.750804901123049,20.46875,20.5,20.34375,20.375,1775200
1996-05-22,9.840120315551758,20.65625,20.65625,20.375,20.5,2592000
1996-05-23,9.706146240234377,20.375,20.6875,20.3125,20.6875,3066400
1996-05-24,9.706146240234377,20.375,20.5,20.21875,20.4375,1744000
1996-05-28,9.616820335388184,20.1875,20.4375,20.15625,20.4375,2655200
1996-05-29,9.572166442871094,20.09375,20.375,20.03125,20.15625,1917200
1996-05-30,9.66148281097412,20.28125,20.34375,20.03125,20.09375,4456000
1996-05-31,9.66148281097412,20.28125,20.375,20.15625,20.25,2973200
1996-06-03,9.72103214263916,20.40625,20.40625,20.09375,20.1875,2251200
1996-06-04,10.003875732421877,21.0,21.0,20.53125,20.5625,4228800
1996-06-05,10.11840534210205,21.09375,21.09375,20.65625,20.84375,2955200
1996-06-06,10.058444023132324,20.96875,21.15625,20.90625,21.125,3373200
1996-06-07,9.878559112548828,20.59375,20.59375,20.25,20.3125,6977600
1996-06-10,9.848578453063965,20.53125,20.5625,20.453125,20.5,1996800
1996-06-11,9.908539772033691,20.65625,20.78125,20.5,20.625,2626000
1996-06-12,9.983491897583008,20.8125,20.96875,20.6875,20.6875,4768000
1996-06-13,10.058444023132324,20.96875,20.96875,20.6875,20.8125,2204800
1996-06-14,9.983491897583008,20.8125,20.96875,20.78125,20.9375,1555200
1996-06-17,9.953508377075195,20.75,20.8125,20.5,20.75,2302400
1996-06-18,9.848578453063965,20.53125,20.71875,20.5,20.625,2327600
1996-06-19,9.698674201965332,20.21875,20.53125,20.1875,20.5,2454800
1996-06-20,9.578755378723145,19.96875,20.15625,19.8125,20.125,3526400
1996-06-21,9.458840370178224,19.71875,20.03125,19.5625,20.03125,4143600
1996-06-24,9.608735084533691,20.03125,20.3125,19.84375,19.84375,3008400
1996-06-25,9.713666915893556,20.25,20.375,20.0625,20.09375,2251200
1996-06-26,9.62372589111328,20.0625,20.40625,20.03125,20.28125,1988800
1996-06-27,9.773630142211914,20.375,20.40625,19.90625,20.03125,2594400
1996-06-28,9.908539772033691,20.65625,20.78125,20.375,20.4375,4197200
1996-07-01,10.103410720825195,21.0625,21.09375,20.6875,20.6875,2188000
1996-07-02,10.073431015014648,21.0,21.09375,20.90625,21.09375,1866800
1996-07-03,10.148386001586914,21.15625,21.28125,20.8125,20.96875,1824000
1996-07-05,9.833587646484377,20.5,20.84375,20.5,20.75,1720000
1996-07-08,9.63871955871582,20.09375,20.4375,20.0625,20.3125,3484800
1996-07-09,9.593746185302734,20.0,20.34375,20.0,20.15625,3072400
1996-07-10,9.758639335632324,20.34375,20.34375,20.03125,20.21875,1881200
1996-07-11,9.63871955871582,20.09375,20.34375,19.75,20.34375,3864400
1996-07-12,9.631218910217283,20.078125,20.21875,19.96875,20.03125,3093200
1996-07-15,9.503803253173828,19.8125,20.1875,19.75,20.0,2567200
1996-07-16,9.488816261291504,19.78125,20.03125,19.09375,19.875,6756400
1996-07-17,9.668693542480469,20.15625,20.25,19.8125,20.0,3342000
1996-07-18,9.818599700927734,20.46875,20.71875,20.1875,20.375,7129600
1996-07-19,9.803611755371094,20.4375,20.53125,20.375,20.5,4401600
1996-07-22,9.803611755371094,20.4375,20.59375,20.3125,20.40625,4303200
1996-07-23,9.878559112548828,20.59375,20.65625,20.4375,20.5,2740800
1996-07-24,9.968499183654783,20.78125,20.8125,20.4375,20.46875,2715200
1996-07-25,10.02845859527588,20.90625,21.03125,20.875,20.9375,2650800
1996-07-26,10.013476371765137,20.875,20.96875,20.75,20.90625,2096800
1996-07-29,9.998480796813965,20.84375,20.96875,20.78125,20.84375,1907200
1996-07-30,10.17836093902588,21.21875,21.3125,20.96875,21.0625,3648000
1996-07-31,10.313282012939451,21.5,21.5,21.1875,21.21875,3324400
1996-08-01,10.313282012939451,21.5,21.78125,21.4375,21.46875,5290400
1996-08-02,10.613085746765137,22.125,22.3125,21.6875,21.6875,9468000
1996-08-05,10.568113327026367,22.03125,22.28125,22.03125,22.125,4068800
1996-08-06,10.613085746765137,22.125,22.3125,21.96875,22.0,4169200
1996-08-07,10.65804958343506,22.21875,22.3125,22.125,22.1875,3346000
1996-08-08,10.762984275817873,22.4375,22.4375,22.1875,22.1875,4276400
1996-08-09,10.91289234161377,22.75,22.8125,22.46875,22.5,6396400
1996-08-12,10.942862510681152,22.8125,22.84375,22.6875,22.71875,7053200
1996-08-13,10.88290786743164,22.6875,22.84375,22.65625,22.75,2966400
1996-08-14,10.867913246154783,22.65625,22.8125,22.5625,22.625,3787200
1996-08-15,10.897896766662598,22.71875,22.78125,22.59375,22.59375,2778000
1996-08-16,10.98784065246582,22.90625,23.03125,22.75,22.78125,3881200
1996-08-19,11.092766761779783,23.125,23.21875,22.9375,22.9375,2698400
1996-08-20,11.077776908874512,23.09375,23.375,23.0625,23.0625,3812000
1996-08-21,11.077776908874512,23.09375,23.09375,22.9375,23.03125,6178000
1996-08-22,11.25765609741211,23.46875,23.53125,23.03125,23.03125,2970000
1996-08-23,11.19770622253418,23.34375,23.4375,23.21875,23.40625,4301600
1996-08-26,11.242671012878418,23.4375,23.46875,23.21875,23.34375,3154000
1996-08-27,11.22768211364746,23.40625,23.53125,23.34375,23.5,3085600
1996-08-28,11.182711601257324,23.3125,23.40625,23.28125,23.34375,4416800
1996-08-29,11.077776908874512,23.09375,23.34375,23.09375,23.25,9281200
1996-08-30,10.20834732055664,21.28125,22.1875,21.15625,22.15625,26468800
1996-09-03,10.073431015014648,21.0,21.0625,20.53125,21.0,18928000
1996-09-04,10.11328125,20.9375,21.0625,20.8125,21.0625,10714400
1996-09-05,9.90196132659912,20.5,20.9375,20.5,20.8125,6977600
1996-09-06,10.098186492919922,20.90625,20.96875,20.5,20.53125,8519600
1996-09-09,10.249134063720703,21.21875,21.28125,21.03125,21.125,6361200
1996-09-10,10.173656463623049,21.0625,21.21875,20.90625,21.15625,4745200
1996-09-11,10.158567428588867,21.03125,21.125,20.96875,21.0,4179200
1996-09-12,10.249134063720703,21.21875,21.21875,21.03125,21.09375,4412000
1996-09-13,10.339695930480955,21.40625,21.65625,21.375,21.65625,4991200
1996-09-16,10.40007781982422,21.53125,21.59375,21.375,21.375,3854800
1996-09-17,10.36988353729248,21.46875,21.5,21.21875,21.46875,4850800
1996-09-18,10.339695930480955,21.40625,21.5,21.3125,21.4375,2496800
1996-09-19,10.21894073486328,21.15625,21.3125,21.15625,21.28125,3938000
1996-09-20,10.083093643188477,20.875,21.28125,20.875,21.1875,7082800
1996-09-23,10.158567428588867,21.03125,21.09375,20.75,20.90625,6540000
1996-09-24,10.143472671508787,21.0,21.1875,20.84375,21.0625,6555200
1996-09-25,10.309513092041016,21.34375,21.375,20.96875,21.03125,8125200
1996-09-26,10.40007781982422,21.53125,21.75,21.34375,21.375,9789600
1996-09-27,10.460456848144531,21.65625,21.6875,21.5,21.5,6377600
1996-09-30,10.490642547607422,21.71875,21.78125,21.65625,21.65625,5025200
1996-10-01,10.430264472961426,21.59375,21.84375,21.5625,21.84375,2920000
1996-10-02,10.551024436950684,21.84375,21.875,21.65625,21.71875,4462000
1996-10-03,10.581212997436523,21.90625,21.90625,21.78125,21.78125,2749600
1996-10-04,10.701967239379885,22.15625,22.3125,21.9375,21.9375,3464800
1996-10-07,10.732154846191406,22.21875,22.21875,22.0625,22.1875,2131200
1996-10-08,10.732154846191406,22.21875,22.34375,22.125,22.15625,2659200
1996-10-09,10.67177677154541,22.09375,22.28125,21.78125,22.25,2364800
1996-10-10,10.566121101379396,21.875,22.09375,21.84375,22.09375,1377200
1996-10-11,10.656682014465332,22.0625,22.15625,21.9375,22.0,2300800
1996-10-14,10.777441024780272,22.3125,22.3125,22.0625,22.09375,2958400
1996-10-15,10.732154846191406,22.21875,22.5,22.15625,22.4375,3034400
1996-10-16,10.656682014465332,22.0625,22.15625,21.9375,22.15625,2327600
1996-10-17,10.701967239379885,22.15625,22.234375,22.0625,22.125,2232800
1996-10-18,10.85291576385498,22.46875,22.46875,22.125,22.21875,2526000
1996-10-21,11.034046173095703,22.84375,22.84375,22.40625,22.4375,2390400
1996-10-22,10.973672866821287,22.71875,22.84375,22.625,22.84375,2559600
1996-10-23,10.928386688232422,22.625,22.78125,22.5625,22.625,3214000
1996-10-24,10.943485260009766,22.65625,22.8125,22.59375,22.6875,2445600
1996-10-25,10.928386688232422,22.625,22.78125,22.625,22.625,1858000
1996-10-28,10.943485260009766,22.65625,22.78125,22.65625,22.6875,3199200
1996-10-29,11.169894218444824,23.125,23.125,22.71875,22.78125,4595200
1996-10-30,11.36612319946289,23.53125,23.5625,23.0625,23.0625,4648000
1996-10-31,11.381217956542969,23.5625,23.6875,23.53125,23.625,3310400
1996-11-01,11.215181350708008,23.21875,23.65625,23.1875,23.59375,2667600
1996-11-04,11.290651321411133,23.375,23.40625,23.1875,23.1875,2764000
1996-11-05,11.486883163452148,23.78125,23.84375,23.375,23.375,6004400
1996-11-06,11.486883163452148,23.78125,23.96875,23.71875,23.8125,3733200
1996-11-07,11.426499366760254,23.65625,23.78125,23.4375,23.5625,5466400
1996-11-08,11.36612319946289,23.53125,23.53125,23.3125,23.5,3613200
1996-11-11,11.305745124816896,23.40625,23.4375,23.25,23.4375,2082400
1996-11-12,11.23027229309082,23.25,23.5,23.25,23.5,3524400
1996-11-13,11.335939407348633,23.46875,23.46875,23.1875,23.25,4545600
1996-11-14,11.486883163452148,23.78125,23.84375,23.34375,23.375,3779200
1996-11-15,11.607637405395508,24.03125,24.28125,23.71875,23.84375,4089200
1996-11-18,11.72839069366455,24.28125,24.3125,24.03125,24.03125,2974000
1996-11-19,11.95479965209961,24.75,24.75,24.15625,24.15625,5015200
1996-11-20,12.10575008392334,25.0625,25.15625,24.71875,24.75,4542800
1996-11-21,12.015186309814451,24.875,25.0625,24.875,24.96875,5170000
1996-11-22,12.332164764404297,25.53125,25.53125,24.9375,25.0,3404000
1996-11-25,12.588767051696776,26.0625,26.15625,25.5625,25.59375,4559200
1996-11-26,12.452924728393556,25.78125,26.3125,25.75,26.125,4864800
1996-11-27,12.498205184936523,25.875,25.96875,25.78125,25.8125,2154800
1996-11-29,12.513300895690918,25.90625,26.0,25.84375,25.875,1583600
1996-12-02,12.40764331817627,25.6875,25.84375,25.625,25.84375,2044000
1996-12-03,12.07555866241455,25.0,25.78125,25.0,25.625,3668800
1996-12-04,11.89937973022461,24.47265625,24.90625,24.03125,24.875,4847600
1996-12-05,11.65435791015625,23.96875,24.1875,23.84375,24.1875,3233200
1996-12-06,11.867090225219728,24.40625,24.46875,23.40625,23.75,5075200
1996-12-09,11.958253860473633,24.59375,24.75,24.40625,24.46875,4332800
1996-12-10,11.851896286010742,24.375,24.625,24.3125,24.625,2829600
1996-12-11,11.684752464294434,24.03125,24.125,23.6875,24.0,4258000
1996-12-12,11.289690971374512,23.21875,24.28125,23.15625,24.25,4306400
1996-12-13,11.350475311279297,23.34375,23.59375,22.90625,23.15625,5834000
1996-12-16,11.213722229003906,23.0625,23.71875,23.0625,23.5,4871600
1996-12-17,11.57839012145996,23.8125,23.875,22.875,23.0,5175600
1996-12-18,11.441637992858888,23.53125,24.0,23.5,23.875,3616400
1996-12-19,11.973455429077148,24.625,24.65625,24.125,24.125,4903200
1996-12-20,12.019036293029783,24.71875,25.09375,24.59375,25.0625,6423600
1996-12-23,11.973455429077148,24.625,24.71875,24.53125,24.6875,2135600
1996-12-24,11.927868843078612,24.53125,24.75,24.34375,24.625,918400
1996-12-26,12.019036293029783,24.71875,24.78125,24.53125,24.53125,2467200
1996-12-27,12.079822540283203,24.84375,24.90625,24.71875,24.875,1447200
1996-12-30,12.292546272277832,25.28125,25.375,25.125,25.1875,2798800
1996-12-31,11.88228702545166,24.4375,25.25,24.4375,25.25,2826000
1997-01-02,11.836697578430176,24.34375,24.625,24.0,24.5,4902800
1997-01-03,11.9886474609375,24.65625,24.71875,24.4375,24.5,2872000
1997-01-06,12.00384521484375,24.6875,24.90625,24.59375,24.875,3716000
1997-01-07,12.019036293029783,24.71875,24.71875,24.40625,24.625,4605200
1997-01-08,12.307740211486816,25.3125,25.9375,25.25,25.625,10745200
1997-01-09,12.383719444274902,25.46875,25.84375,25.375,25.375,4949600
1997-01-10,12.55085563659668,25.8125,25.8125,25.09375,25.1875,5528800
1997-01-13,12.505271911621094,25.71875,26.09375,25.34375,25.9375,5543600
1997-01-14,12.96111011505127,26.65625,26.8125,25.9375,25.96875,7183200
1997-01-15,12.778775215148926,26.28125,26.625,26.125,26.5,6616800
1997-01-16,12.839557647705078,26.40625,26.5625,26.21875,26.25,5207600
1997-01-17,12.91552734375,26.5625,26.65625,26.375,26.4375,7210800
1997-01-20,12.976306915283203,26.6875,26.84375,26.40625,26.4375,4394400
1997-01-21,12.976306915283203,26.6875,26.8125,26.40625,26.5,4275200
1997-01-22,13.325786590576172,27.40625,27.53125,26.53125,26.625,6024000
1997-01-23,13.00669765472412,26.75,27.53125,26.75,27.375,8204800
1997-01-24,12.885136604309082,26.5,26.875,26.3125,26.71875,7267600
1997-01-27,12.885136604309082,26.5,26.6875,26.34375,26.4375,5878400
1997-01-28,12.74838924407959,26.21875,27.03125,26.03125,26.78125,4940400
1997-01-29,13.067472457885742,26.875,26.90625,26.1875,26.1875,4435200
1997-01-30,13.128253936767578,27.0,27.09375,26.875,26.90625,5276400
1997-01-31,13.143446922302246,27.03125,27.4375,26.9375,27.0,4762000
1997-02-03,13.371376037597656,27.5,27.5,26.75,27.0,4922000
1997-02-04,13.53851318359375,27.84375,27.875,27.375,27.46875,6627600
1997-02-05,13.416953086853027,27.59375,28.0,27.5625,27.84375,7671200
1997-02-06,13.523316383361816,27.8125,27.875,27.46875,27.5,5312800
1997-02-07,13.81201457977295,28.40625,28.4375,28.0,28.03125,5999600
1997-02-10,13.644875526428224,28.0625,28.4375,27.8125,27.8125,5070800
1997-02-11,13.781624794006348,28.34375,28.34375,28.125,28.125,5020800
1997-02-12,14.009549140930176,28.8125,28.875,28.3125,28.375,5364000
1997-02-13,14.313444137573242,29.4375,29.5625,28.8125,28.8125,5998000
1997-02-14,14.556562423706056,29.9375,30.125,29.625,29.6875,7969200
1997-02-18,14.875646591186523,30.59375,30.65625,30.0,30.03125,6509600
1997-02-19,14.890844345092772,30.625,31.03125,30.375,30.53125,7406400
1997-02-20,14.799678802490234,30.4375,30.875,30.28125,30.5,10401600
1997-02-21,14.617338180541992,30.0625,30.5,30.0,30.4375,12503200
1997-02-24,14.845264434814451,30.53125,30.59375,29.875,29.9375,5207200
1997-02-25,15.073180198669434,31.0,31.0,30.625,30.6875,4710000
1997-02-26,15.057997703552246,30.96875,31.1875,30.75,30.96875,9901200
1997-02-27,14.890844345092772,30.625,31.34375,30.625,31.0,7435200
1997-02-28,14.58695125579834,30.0,30.75,29.75,30.625,6986800
1997-03-03,14.982010841369627,30.8125,30.8125,29.6875,29.6875,4423600
1997-03-04,15.133960723876951,31.125,31.5625,30.625,30.75,6149400
1997-03-05,15.122960090637209,30.9375,31.6875,30.625,31.25,8088200
1997-03-06,15.15351676940918,31.0,31.125,30.75,30.9375,5354800
1997-03-07,15.489583969116213,31.6875,31.8125,30.8125,30.9375,5313600
1997-03-10,15.88673973083496,32.5,32.5,31.5,31.75,4137600
1997-03-11,15.581228256225586,31.875,32.4375,31.6875,32.375,5620600
1997-03-12,15.336820602416992,31.375,32.0,31.1875,31.875,4171600
1997-03-13,14.603583335876465,29.875,31.0,29.6875,30.75,8156600
1997-03-14,14.389725685119627,29.4375,30.25,29.375,30.125,7468200
1997-03-17,14.420275688171388,29.5,29.625,28.625,29.125,5895600
1997-03-18,14.114765167236328,28.875,29.5625,28.75,29.5,3971400
1997-03-19,14.389725685119627,29.4375,29.625,28.4375,28.5,4691000
1997-03-20,14.175864219665527,29.0,29.8125,28.9375,29.4375,4635800
1997-03-21,14.32862377166748,29.3125,29.6875,29.0,29.125,4726800
1997-03-24,15.061861038208008,30.8125,30.8125,29.1875,29.1875,5453000
1997-03-25,14.909103393554688,30.5,31.375,30.5,30.8125,5631000
1997-03-26,14.603583335876465,29.875,30.5625,29.8125,30.375,4568200
1997-03-27,14.145313262939451,28.9375,30.3125,28.375,30.0,4789800
1997-03-31,13.564837455749512,27.75,29.125,27.375,28.8125,7611200
1997-04-01,13.717594146728516,28.0625,28.5,27.4375,27.5,7120000
1997-04-02,13.656489372253418,27.9375,28.0625,27.1875,27.9375,4425800
1997-04-03,13.564837455749512,27.75,28.0625,27.25,27.3125,6276800
1997-04-04,13.656489372253418,27.9375,28.0625,27.0,27.0,4819000
1997-04-07,13.748148918151855,28.125,28.5,28.125,28.1875,3298400
1997-04-08,14.32862377166748,29.3125,29.375,28.3125,28.625,3635200
1997-04-09,13.99255657196045,28.625,29.75,28.4375,29.5,4041000
1997-04-10,14.114765167236328,28.875,29.25,28.5625,28.5625,3852200
1997-04-11,13.564837455749512,27.75,28.5625,27.5625,28.25,4387600
1997-04-14,13.595389366149902,27.8125,27.8125,27.3125,27.5,3715800
1997-04-15,13.68704605102539,28.0,28.6875,27.6875,28.4375,7336800
1997-04-16,13.564837455749512,27.75,27.875,27.1875,27.5,4445800
1997-04-17,13.62594223022461,27.875,28.375,27.625,27.75,4237600
1997-04-18,13.62594223022461,27.875,28.4375,27.8125,27.875,3207200
1997-04-21,13.534284591674805,27.6875,28.25,27.5,28.0,2821200
1997-04-22,13.900907516479492,28.4375,28.4375,27.5625,27.625,3194400
1997-04-23,13.87034797668457,28.375,28.5,28.1875,28.4375,3893400
1997-04-24,13.900907516479492,28.4375,28.8125,28.4375,28.5625,3577400
1997-04-25,13.99255657196045,28.625,28.9375,28.4375,28.5,3031600
1997-04-28,14.114765167236328,28.875,29.5625,28.5625,28.625,3874800
1997-04-29,14.634140014648438,29.9375,30.3125,29.6875,29.875,6683400
1997-04-30,14.756339073181152,30.1875,30.5,29.75,29.8125,4252800
1997-05-01,14.756339073181152,30.1875,30.4375,29.9375,30.1875,3551400
1997-05-02,15.336820602416992,31.375,31.5625,30.25,30.25,4035200
1997-05-05,15.306273460388184,31.3125,31.5,30.75,31.0,4616200
1997-05-06,15.367372512817385,31.4375,31.875,31.0625,31.125,4993000
1997-05-07,14.573040008544922,29.8125,31.25,29.6875,31.0,7229200
1997-05-08,14.481374740600586,29.625,30.8125,29.625,29.8125,6104200
1997-05-09,14.725791931152344,30.125,30.5,29.8125,30.0,3666600
1997-05-12,14.909103393554688,30.5,31.0,30.1875,30.1875,2828800
1997-05-13,14.78689956665039,30.25,30.625,30.125,30.375,3182000
1997-05-14,14.97020149230957,30.625,31.1875,30.5625,30.8125,3969600
1997-05-15,15.03131103515625,30.75,30.875,30.4375,30.6875,2676400
1997-05-16,14.756339073181152,30.1875,30.875,30.0625,30.75,3357800
1997-05-19,14.511940002441406,29.6875,30.1875,29.5,30.125,2691200
1997-05-20,14.695232391357422,30.0625,30.0625,29.0,29.0,5009000
1997-05-21,14.29806900024414,29.25,30.25,29.0,30.125,3962600
1997-05-22,14.29806900024414,29.25,29.625,29.0,29.375,2721800
1997-05-23,14.420275688171388,29.5,29.75,29.375,29.375,1524000
1997-05-27,14.145313262939451,28.9375,29.4375,28.8125,29.25,2629600
1997-05-28,14.114765167236328,28.875,29.5625,28.75,29.0,2375600
1997-05-29,14.175864219665527,29.0,29.5625,28.5625,29.25,2403400
1997-05-30,14.389725685119627,29.4375,29.875,28.5625,28.6875,4319800
1997-06-02,14.32862377166748,29.3125,29.8125,29.0625,29.6875,2620400
1997-06-03,14.634140014648438,29.9375,30.5,29.375,29.8125,4891400
1997-06-04,14.65379524230957,29.8125,30.3125,29.625,29.75,3138200
1997-06-05,15.176047325134276,30.875,31.125,30.0,30.0625,4967800
1997-06-06,15.54470443725586,31.625,32.0,30.8125,30.875,6793200
1997-06-09,15.698314666748049,31.9375,32.1875,31.625,31.75,6229400
1997-06-10,15.944069862365724,32.4375,32.6875,32.0625,32.0625,6580000
1997-06-11,16.159114837646484,32.875,32.9375,32.5,32.5,5122000
1997-06-12,16.343435287475586,33.25,33.5625,33.0625,33.375,5975000
1997-06-13,16.55847930908203,33.6875,33.8125,33.0625,33.375,6062200
1997-06-16,16.83498191833496,34.25,34.25,33.75,33.75,3641800
1997-06-17,16.86569595336914,34.3125,34.9375,33.8125,34.25,4544400
1997-06-18,16.650646209716797,33.875,34.5,33.875,34.1875,4782400
1997-06-19,17.01929473876953,34.625,34.875,33.9375,34.0,3166400
1997-06-20,16.957849502563477,34.5,35.0,34.375,34.875,3923600
1997-06-23,16.404884338378906,33.375,34.5625,33.25,34.4375,3659000
1997-06-24,16.78888702392578,34.15625,34.21875,33.375,33.6875,4494600
1997-06-25,16.619930267333984,33.8125,34.5625,33.75,34.25,3775800
1997-06-26,16.37415313720703,33.3125,34.21875,32.9375,33.8125,3813200
1997-06-27,16.036239624023438,32.625,33.3125,32.3125,33.25,6394800
1997-06-30,15.867263793945312,32.28125,33.375,32.25,32.5,5161800
1997-07-01,16.066959381103516,32.6875,33.1875,32.3125,32.5,3398000
1997-07-02,16.25127601623535,33.0625,33.09375,32.5625,32.5625,3623200
1997-07-03,16.712093353271484,34.0,34.15625,33.25,33.25,3208600
1997-07-07,16.543123245239258,33.65625,33.96875,33.5,33.9375,2897200
1997-07-08,16.481685638427734,33.53125,33.78125,33.375,33.625,1990800
1997-07-09,16.35879898071289,33.28125,33.625,33.03125,33.625,4022200
1997-07-10,16.32807731628418,33.21875,33.375,33.03125,33.21875,3961400
1997-07-11,16.37415313720703,33.3125,33.4375,33.125,33.1875,3679600
1997-07-14,16.543123245239258,33.65625,34.0625,33.375,33.4375,3452800
1997-07-15,16.420246124267578,33.40625,33.71875,33.21875,33.625,2451600
1997-07-16,16.80425262451172,34.1875,34.40625,33.40625,33.40625,2792400
1997-07-17,16.619930267333984,33.8125,34.1875,33.6875,34.1875,2194400
1997-07-18,16.113037109375,32.78125,33.71875,32.75,33.71875,3467600
1997-07-21,16.466318130493164,33.5,33.53125,32.5,32.75,3225200
1997-07-22,16.78888702392578,34.15625,34.1875,33.15625,33.25,2575800
1997-07-23,16.589204788208008,33.75,34.40625,33.75,34.15625,3174800
1997-07-24,16.8503360748291,34.28125,34.3125,33.34375,33.625,2261800
1997-07-25,16.650646209716797,33.875,34.4375,33.8125,34.25,1966200
1997-07-28,16.681371688842773,33.9375,34.25,33.8125,33.8125,2212000
1997-07-29,17.111454010009766,34.8125,34.84375,33.71875,33.96875,2366600
1997-07-30,17.249706268310547,35.09375,35.5625,34.6875,34.71875,4395000
1997-07-31,17.495466232299805,35.59375,35.84375,34.875,35.0,4798600
1997-08-01,17.29578399658203,35.1875,35.59375,34.59375,35.46875,4199200
1997-08-04,17.357223510742188,35.3125,35.59375,35.03125,35.15625,2820600
1997-08-05,17.00393295288086,34.59375,35.25,34.53125,35.21875,2528800
1997-08-06,17.2036190032959,35.0,35.21875,34.625,34.625,3551200
1997-08-07,16.86569595336914,34.3125,35.4375,34.1875,35.125,3496600
1997-08-08,16.220550537109375,33.0,33.875,32.71875,33.5,3981400
1997-08-11,16.497045516967773,33.5625,33.78125,32.625,33.0625,4181200
1997-08-12,16.25127601623535,33.0625,33.875,33.03125,33.5625,3962600
1997-08-13,16.25127601623535,33.0625,34.0,32.9375,33.625,3203600
1997-08-14,16.3895206451416,33.34375,33.6875,33.0625,33.53125,2445800
1997-08-15,15.97477912902832,32.5,33.1875,32.4375,33.125,3653000
1997-08-18,15.867263793945312,32.28125,32.71875,32.125,32.5,4301600
1997-08-19,15.99014949798584,32.53125,32.65625,32.09375,32.375,5061600
1997-08-20,16.174474716186523,32.90625,33.0,32.40625,32.4375,4249200
1997-08-21,15.913355827331545,32.375,33.0,32.1875,32.9375,3943200
1997-08-22,15.759743690490724,32.0625,32.15625,31.28125,31.875,3183000
1997-08-25,15.729025840759276,32.0,32.375,31.8125,32.15625,3031400
1997-08-26,15.652219772338867,31.84375,32.1875,31.59375,31.875,2811400
1997-08-27,15.68293285369873,31.90625,32.125,31.8125,32.0,7096800
1997-08-28,15.560056686401367,31.65625,32.09375,31.3125,31.875,5996000
1997-08-29,14.684517860412598,29.875,30.15625,28.78125,30.0,14526600
1997-09-02,14.438748359680176,29.375,29.65625,29.03125,29.625,12121400
1997-09-03,14.412179946899414,29.15625,29.75,29.125,29.5,9659800
1997-09-04,14.195921897888184,28.71875,29.1875,28.53125,29.1875,8720400
1997-09-05,14.05690097808838,28.4375,29.03125,28.3125,28.96875,8210800
1997-09-08,14.226812362670898,28.78125,28.84375,28.53125,28.59375,7868200
1997-09-09,14.58210563659668,29.5,29.5625,28.59375,28.78125,9361600
1997-09-10,14.381293296813965,29.09375,29.6875,29.0,29.5,5863000
1997-09-11,14.288609504699709,28.90625,29.03125,28.53125,29.03125,5163000
1997-09-12,14.58210563659668,29.5,29.5625,28.78125,29.25,7564200
1997-09-15,14.473977088928224,29.28125,29.625,29.15625,29.53125,3233600
1997-09-16,14.597549438476562,29.53125,29.6875,29.46875,29.46875,8278400
1997-09-17,14.566654205322266,29.46875,29.78125,29.40625,29.6875,6379400
1997-09-18,14.535764694213867,29.40625,29.6875,29.25,29.46875,4525000
1997-09-19,14.76746940612793,29.875,30.1875,29.375,29.40625,8332400
1997-09-22,15.107304573059082,30.5625,30.5625,30.0625,30.21875,4671600
1997-09-23,15.33902072906494,31.03125,31.28125,30.5,30.65625,7395400
1997-09-24,15.694295883178713,31.75,32.28125,31.0,31.03125,8139600
1997-09-25,15.323569297790527,31.0,31.625,30.90625,31.5,5449000
1997-09-26,15.53982639312744,31.4375,31.5625,31.25,31.5,5216000
1997-09-29,15.663402557373049,31.6875,31.6875,31.28125,31.4375,3857200
1997-09-30,15.29266357421875,30.9375,31.6875,30.9375,31.6875,4544400
1997-10-01,15.478036880493164,31.3125,31.53125,31.1875,31.3125,5649400
1997-10-02,15.632512092590332,31.625,31.96875,31.4375,31.4375,3902600
1997-10-03,15.972342491149902,32.3125,32.8125,32.125,32.75,7109400
1997-10-06,16.065017700195312,32.5,32.71875,32.4375,32.46875,4079800
1997-10-07,16.35853385925293,33.09375,33.09375,32.4375,32.6875,3230800
1997-10-08,16.188608169555664,32.75,33.125,32.34375,33.125,3500000
1997-10-09,16.204057693481445,32.78125,32.96875,32.1875,32.375,3934600
1997-10-10,15.95689296722412,32.28125,32.59375,32.09375,32.40625,2722400
1997-10-13,16.204057693481445,32.78125,32.8125,32.34375,32.34375,3998600
1997-10-14,15.786991119384766,31.9375,33.1875,31.9375,32.8125,5216000
1997-10-15,15.52438259124756,31.40625,31.90625,31.28125,31.875,4511600
1997-10-16,15.647953033447266,31.65625,32.03125,31.5,31.96875,3498200
1997-10-17,15.33902072906494,31.03125,31.5,30.65625,31.375,3575400
1997-10-20,15.323569297790527,31.0,31.3125,30.84375,31.15625,2238200
1997-10-21,15.586167335510254,31.53125,31.5625,31.0,31.375,2981400
1997-10-22,15.431695938110352,31.21875,32.15625,31.15625,32.15625,2553800
1997-10-23,15.29266357421875,30.9375,31.21875,30.5,31.09375,3076200
1997-10-24,15.261775970458984,30.875,31.5625,30.78125,31.4375,2535400
1997-10-27,14.25771713256836,28.84375,31.0,28.6875,30.75,3638000
1997-10-28,14.659335136413574,29.65625,29.875,27.5,28.0,7712800
1997-10-29,15.107304573059082,30.5625,30.8125,29.875,30.0,6588200
1997-10-30,14.45853042602539,29.25,30.375,29.25,30.0625,3614200
1997-10-31,14.782913208007812,29.90625,30.25,29.6875,30.0,5063400
1997-11-03,15.308119773864746,30.96875,31.0,30.46875,30.875,3527400
1997-11-04,15.400797843933104,31.15625,31.1875,30.53125,30.96875,3445200
1997-11-05,15.323569297790527,31.0,31.375,30.75,31.1875,2445400
1997-11-06,15.19998836517334,30.75,30.90625,30.40625,30.65625,2191000
1997-11-07,15.060956954956056,30.46875,30.5,29.6875,30.25,3638200
1997-11-10,14.76746940612793,29.875,30.84375,29.75,30.71875,3164200
1997-11-11,14.58210563659668,29.5,30.09375,29.46875,30.0,2456000
1997-11-12,14.427627563476562,29.1875,29.8125,29.0625,29.25,2909000
1997-11-13,14.690226554870604,29.71875,29.8125,29.0,29.3125,4011800
1997-11-14,14.829258918762209,30.0,30.125,29.375,29.84375,2606600
1997-11-17,15.153643608093262,30.65625,30.9375,30.375,30.5,3482400
1997-11-18,14.89105224609375,30.125,30.78125,30.0,30.75,4087400
1997-11-19,15.045514106750488,30.4375,30.65625,29.875,30.15625,4063000
1997-11-20,15.184537887573242,30.71875,31.0,30.5625,30.5625,3499800
1997-11-21,15.369906425476074,31.09375,31.25,30.75,30.75,3820000
1997-11-24,15.107304573059082,30.5625,31.03125,30.53125,31.03125,2765800
1997-11-25,15.246326446533203,30.84375,30.96875,30.625,30.6875,2194400
1997-11-26,14.860145568847656,30.0625,30.875,30.0625,30.71875,3162200
1997-11-28,14.844703674316406,30.03125,30.21875,30.0,30.09375,1193000
1997-12-01,15.169095993041992,30.6875,30.6875,29.90625,30.125,5520200
1997-12-02,15.246326446533203,30.84375,30.96875,30.6875,30.8125,4055400
1997-12-03,15.387453079223633,30.9375,31.0,30.6875,30.75,3924200
1997-12-04,15.169862747192385,30.5,31.875,30.375,31.0,8394200
1997-12-05,15.169862747192385,30.5,30.65625,30.03125,30.125,5827800
1997-12-08,15.449627876281738,31.0625,31.0625,30.5625,30.5625,6571200
1997-12-09,15.605050086975098,31.375,32.0625,31.0,31.125,6505800
1997-12-10,15.449627876281738,31.0625,31.625,30.84375,31.4375,5192400
1997-12-11,15.511808395385742,31.1875,31.3125,30.375,30.96875,6544000
1997-12-12,15.43409252166748,31.03125,31.625,31.0,31.5,4148400
1997-12-15,15.919805526733398,32.0078125,32.0625,31.0625,31.0625,4960600
1997-12-16,15.605050086975098,31.375,32.375,31.34375,32.375,4194400
1997-12-17,15.449627876281738,31.0625,31.5,30.96875,31.5,3264600
1997-12-18,15.356369972229004,30.875,31.4375,30.4375,31.4375,3076200
1997-12-19,14.70356273651123,29.5625,30.375,29.5,30.0,8294600
1997-12-22,14.921173095703123,30.0,30.09375,29.71875,29.75,4238800
1997-12-23,14.921173095703123,30.0,30.375,29.96875,30.125,2445600
1997-12-24,14.54814624786377,29.25,30.03125,29.0625,29.875,2689000
1997-12-26,14.81236457824707,29.78125,29.9375,29.625,29.8125,1601400
1997-12-29,14.983346939086914,30.125,30.4375,30.0625,30.0625,2276200
1997-12-30,15.263118743896484,30.6875,30.71875,30.09375,30.34375,2669200
1997-12-31,15.123233795166016,30.40625,30.90625,30.25,30.75,2239200
1998-01-02,15.107684135437012,30.375,30.6875,30.25,30.5,2458600
1998-01-05,15.52734661102295,31.21875,31.34375,30.6875,30.875,5986800
1998-01-06,15.325288772583008,30.8125,30.90625,30.5625,30.875,4401200
1998-01-07,15.418546676635742,31.0,31.0,30.25,30.8125,7112200
1998-01-08,15.263118743896484,30.6875,31.0,30.4375,31.0,8401200
1998-01-09,14.672491073608398,29.5,30.59375,29.28125,30.5625,7178400
1998-01-12,14.439336776733398,29.03125,29.625,28.125,29.0,9723600
1998-01-13,14.439336776733398,29.03125,30.09375,28.6875,30.0,10567600
1998-01-14,15.123233795166016,30.40625,30.40625,29.4375,29.5,7424000
1998-01-15,14.95225429534912,30.0625,30.3125,29.75,30.1875,4104800
1998-01-16,15.278656005859377,30.71875,30.96875,30.0625,30.28125,5543800
1998-01-20,15.62060260772705,31.40625,31.5,30.53125,31.125,4815600
1998-01-21,15.138774871826172,30.4375,31.34375,30.1875,31.34375,5137400
1998-01-22,14.843461036682127,29.84375,30.28125,29.8125,30.0,5013000
1998-01-23,14.719115257263184,29.59375,30.15625,29.0,29.84375,6323600
1998-01-26,14.827911376953123,29.8125,30.09375,29.5,29.625,3923000
1998-01-27,15.232032775878906,30.625,30.6875,29.875,29.9375,3900800
1998-01-28,15.029977798461914,30.21875,31.0,30.09375,30.6875,4564400
1998-01-29,15.138774871826172,30.4375,30.96875,30.03125,30.1875,5465800
1998-01-30,14.89008903503418,29.9375,30.75,29.9375,30.6875,3394000
1998-02-02,15.278656005859377,30.71875,30.96875,30.59375,30.625,3927400
1998-02-03,15.52734661102295,31.21875,31.25,30.53125,30.59375,3951000
1998-02-04,15.651684761047363,31.46875,31.59375,30.75,31.25,5295800
1998-02-05,15.807113647460938,31.78125,32.0,31.5,32.0,5197600
1998-02-06,16.11797523498535,32.40625,32.6875,31.90625,31.90625,6654200
1998-02-09,16.024721145629883,32.21875,32.625,32.03125,32.46875,3631000
1998-02-10,16.009174346923828,32.1875,32.53125,32.0,32.34375,3339800
1998-02-11,16.180137634277344,32.53125,32.65625,32.3125,32.5,3842800
1998-02-12,16.211227416992188,32.59375,32.8125,31.84375,32.4375,3837400
1998-02-13,15.993634223937988,32.15625,32.5,31.90625,32.46875,4530400
1998-02-17,16.071346282958984,32.3125,32.59375,32.0,32.5,3571600
1998-02-18,16.102439880371094,32.375,32.5625,32.21875,32.28125,2977000
1998-02-19,16.024721145629883,32.21875,32.5625,32.125,32.5,2958800
1998-02-20,16.180137634277344,32.53125,32.53125,32.1875,32.375,4577600
1998-02-23,16.739686965942383,33.65625,33.875,32.65625,32.96875,7243600
1998-02-24,16.506547927856445,33.1875,33.71875,33.09375,33.5,5528200
1998-02-25,17.128263473510742,34.4375,34.4375,33.375,33.5,5734600
1998-02-26,17.03501319885254,34.25,34.46875,33.8125,34.1875,4410800
1998-02-27,17.03501319885254,34.25,34.375,33.875,34.1875,2931400
1998-03-02,16.92620849609375,34.03125,34.375,34.0,34.25,3524200
1998-03-03,17.1438045501709,34.46875,34.46875,33.78125,34.0,4350400
1998-03-04,17.27008628845215,34.53125,34.6875,34.28125,34.5,5310200
1998-03-05,16.973140716552734,33.9375,34.21875,33.78125,34.03125,3918800
1998-03-06,17.27008628845215,34.53125,34.625,34.0,34.0,3825000
1998-03-09,17.17631721496582,34.34375,34.75,34.0625,34.0625,3169200
1998-03-10,17.488889694213867,34.96875,35.0,34.40625,34.46875,3444400
1998-03-11,17.551406860351562,35.09375,35.21875,34.90625,35.0,4315600
1998-03-12,17.598299026489258,35.1875,35.1875,34.6875,35.03125,3450000
1998-03-13,17.301340103149414,34.59375,35.28125,34.4375,35.25,2884000
1998-03-16,17.44200897216797,34.875,34.9375,34.53125,34.59375,4961000
1998-03-17,17.645183563232422,35.28125,35.3125,34.59375,35.0,5537400
1998-03-18,17.785842895507812,35.5625,35.625,35.0,35.34375,4808600
1998-03-19,18.114059448242188,36.21875,36.46875,35.625,35.6875,4482400
1998-03-20,18.395374298095703,36.78125,36.875,36.1875,36.46875,6142600
1998-03-23,18.36411476135254,36.71875,37.03125,36.40625,36.75,5335000
1998-03-24,18.61417961120605,37.21875,37.5625,36.8125,36.84375,3918600
1998-03-25,18.31723976135254,36.625,37.53125,36.0,37.3125,6807800
1998-03-26,18.12968063354492,36.25,36.71875,35.9375,36.25,2806600
1998-03-27,18.02028083801269,36.03125,36.71875,35.9375,36.71875,2998200
1998-03-30,17.785842895507812,35.5625,36.5,35.25,36.21875,3655200
1998-03-31,18.23908805847168,36.46875,36.65625,35.875,35.9375,4690800
1998-04-01,18.28597640991211,36.5625,36.59375,36.03125,36.46875,4663200
1998-04-02,18.30159950256348,36.59375,36.78125,36.28125,36.5,3748600
1998-04-03,18.473522186279297,36.9375,37.25,36.5625,36.8125,3725200
1998-04-06,18.817367553710938,37.625,38.125,37.4375,37.4375,6373000
1998-04-07,18.86424827575684,37.71875,38.25,37.25,37.8125,5487600
1998-04-08,18.567291259765625,37.125,37.65625,36.90625,37.625,5259600
1998-04-09,19.114315032958984,38.21875,38.3125,37.1875,37.4375,3977600
1998-04-13,20.161453247070312,40.3125,42.5,39.90625,42.5,25322600
1998-04-14,20.192716598510746,40.375,40.71875,40.125,40.5,9358000
1998-04-15,20.09894371032715,40.1875,40.4375,39.78125,39.9375,7070000
1998-04-16,19.473773956298828,38.9375,40.09375,38.8125,40.0625,6466000
1998-04-17,19.723846435546875,39.4375,39.5,38.46875,38.9375,6510200
1998-04-20,19.505029678344727,39.0,39.5625,38.84375,39.5,3751400
1998-04-21,19.254976272583008,38.5,38.90625,38.3125,38.625,5615800
1998-04-22,19.630077362060547,39.25,39.34375,38.625,38.625,4261200
1998-04-23,19.380006790161133,38.75,39.125,38.75,39.125,4174600
1998-04-24,19.129940032958984,38.25,39.0625,38.0,38.875,4659000
1998-04-27,18.160938262939453,36.3125,37.4375,36.09375,37.25,7694000
1998-04-28,18.37974739074707,36.75,37.1875,36.5,36.9375,4682800
1998-04-29,18.457887649536133,36.90625,37.15625,36.6875,37.0,5939400
1998-04-30,19.00490951538086,38.0,38.875,37.5625,37.625,5827400
1998-05-01,19.551921844482425,39.09375,39.09375,38.15625,38.25,4747000
1998-05-04,19.254976272583008,38.5,39.46875,38.5,39.25,3328200
1998-05-05,19.00490951538086,38.0,38.25,37.40625,38.25,4089200
1998-05-06,18.489154815673828,36.96875,38.15625,36.9375,37.9375,3926200
1998-05-07,18.34848976135254,36.6875,37.09375,36.53125,37.0,3394400
1998-05-08,18.61417961120605,37.21875,37.53125,36.625,36.625,4398600
1998-05-11,18.395374298095703,36.78125,37.65625,36.25,37.5,3777000
1998-05-12,19.208091735839844,38.40625,38.46875,36.75,36.90625,5085200
1998-05-13,18.942380905151367,37.875,38.625,37.6875,38.375,4875400
1998-05-14,18.91113471984864,37.8125,38.34375,37.59375,38.0,3393200
1998-05-15,18.78611183166504,37.5625,37.78125,37.25,37.78125,5199400
1998-05-18,18.80173683166504,37.59375,37.90625,37.375,37.71875,3839200
1998-05-19,18.98927879333496,37.96875,38.375,37.625,38.375,4173000
1998-05-20,19.380006790161133,38.75,38.90625,38.1875,38.3125,4611400
1998-05-21,19.254976272583008,38.5,39.0,38.5,38.8125,3580600
1998-05-22,19.23933982849121,38.46875,38.625,38.25,38.625,2467800
1998-05-26,19.03616523742676,38.0625,38.84375,38.03125,38.625,3571000
1998-05-27,18.80173683166504,37.59375,37.8125,36.75,37.3125,4800600
1998-05-28,19.00490951538086,38.0,38.125,37.6875,37.9375,2749200
1998-05-29,18.879880905151367,37.75,38.40625,37.75,38.3125,3615600
1998-06-01,18.83299827575684,37.65625,37.96875,37.46875,37.5625,3215400
1998-06-02,18.83299827575684,37.65625,38.09375,37.5625,38.09375,3180800
1998-06-03,18.7400016784668,37.28125,37.5625,37.0,37.46875,4259400
1998-06-04,18.944210052490234,37.6875,37.78125,37.0,37.21875,6191800
1998-06-05,19.17983055114746,38.15625,38.15625,37.71875,37.9375,4852000
1998-06-08,19.39974975585937,38.59375,38.71875,38.15625,38.15625,5295600
1998-06-09,19.462581634521484,38.71875,38.78125,38.28125,38.5,3112600
1998-06-10,19.619667053222656,39.03125,39.0625,38.46875,38.5,4770400
1998-06-11,19.619667053222656,39.03125,39.71875,38.9375,39.09375,5103000
1998-06-12,19.41546058654785,38.625,38.96875,38.125,38.90625,3679600
1998-06-15,18.944210052490234,37.6875,38.34375,37.6875,38.25,3940200
1998-06-16,18.80283164978028,37.40625,38.0,36.875,37.8125,4866600
1998-06-17,19.0384464263916,37.875,38.40625,37.5625,37.71875,4503800
1998-06-18,19.242658615112305,38.28125,38.4375,37.84375,38.0,3713200
1998-06-19,19.14841079711914,38.09375,38.375,38.0625,38.3125,5515200
1998-06-22,18.92849922180176,37.65625,38.125,37.625,38.0,2557000
1998-06-23,18.78712272644043,37.375,38.0,37.34375,37.65625,3746600
1998-06-24,19.478290557861328,38.75,39.0,37.125,37.3125,7482600
1998-06-25,19.446876525878903,38.6875,39.4375,38.5,38.625,5216800
1998-06-26,19.65107727050781,39.09375,39.53125,38.625,38.65625,3713000
1998-06-29,19.72962760925293,39.25,39.875,39.21875,39.3125,3684400
1998-06-30,19.274084091186523,38.34375,39.28125,38.25,39.25,8362400
1998-07-01,20.09092712402344,39.96875,40.09375,38.5,38.5,6369600
1998-07-02,20.67212104797364,41.125,41.375,39.78125,39.84375,6895600
1998-07-06,21.033409118652344,41.84375,41.84375,40.75,41.0,3276400
1998-07-07,21.17478370666504,42.125,42.3125,41.4375,41.90625,4127600
1998-07-08,21.865947723388672,43.5,43.5,42.09375,42.09375,5710200
1998-07-09,21.614620208740234,43.0,43.375,42.625,43.25,5615800
1998-07-10,21.913070678710938,43.59375,43.625,42.4375,42.875,4948000
1998-07-13,21.865947723388672,43.5,44.21875,42.9375,43.34375,5579000
1998-07-14,22.10157012939453,43.96875,44.0,43.53125,43.5625,3697000
1998-07-15,21.614620208740234,43.0,43.8125,43.0,43.78125,3854000
1998-07-16,21.36328315734864,42.5,43.15625,42.28125,43.0,3506000
1998-07-17,21.53608131408692,42.84375,42.84375,42.3125,42.5,5604600
1998-07-20,21.25333404541016,42.28125,43.46875,42.125,42.90625,3122200
1998-07-21,20.766366958618164,41.3125,42.3125,41.0625,42.3125,3777000
1998-07-22,21.04911231994629,41.875,42.40625,41.15625,41.1875,5019400
1998-07-23,20.93915748596192,41.65625,42.5,41.5,42.25,2927000
1998-07-24,20.67212104797364,41.125,41.96875,40.375,41.6875,3394600
1998-07-27,20.6249942779541,41.03125,41.15625,40.09375,40.625,3762200
1998-07-28,20.0752067565918,39.9375,40.9375,39.5,40.90625,4632800
1998-07-29,19.94953727722168,39.6875,40.40625,39.25,40.1875,4615800
1998-07-30,20.45219612121582,40.6875,40.875,39.71875,39.875,4762600
1998-07-31,20.04378318786621,39.875,40.75,39.53125,40.5625,3290200
1998-08-03,19.823877334594727,39.4375,40.21875,39.3125,40.1875,3455200
1998-08-04,18.80283164978028,37.40625,39.8125,37.09375,39.8125,6106800
1998-08-05,19.289794921875,38.375,38.75,36.84375,37.625,7173000
1998-08-06,19.588247299194336,38.96875,39.0,37.75,38.1875,3536800
1998-08-07,18.975629806518555,37.75,39.125,37.53125,39.0,4832400
1998-08-10,18.58291816711425,36.96875,37.75,36.9375,37.75,3947000
1998-08-11,17.86033058166504,35.53125,36.09375,34.28125,36.0625,10445600
1998-08-12,18.237342834472656,36.28125,36.75,36.03125,36.25,4804600
1998-08-13,18.111665725708008,36.03125,36.59375,35.5625,36.125,4266000
1998-08-14,17.609004974365234,35.03125,36.59375,34.75,36.25,4546400
1998-08-17,18.394407272338867,36.59375,36.59375,34.78125,34.90625,5783800
1998-08-18,18.83424568176269,37.46875,37.5625,36.5,36.625,5315400
1998-08-19,18.31587600708008,36.4375,37.90625,36.1875,37.90625,4004800
1998-08-20,17.938875198364258,35.6875,36.375,35.625,36.375,3772400
1998-08-21,17.671829223632812,35.15625,35.5625,33.75,35.5625,8577200
1998-08-24,17.68754005432129,35.1875,35.875,34.875,35.625,3859000
1998-08-25,17.750370025634766,35.3125,36.34375,35.15625,35.875,4335400
1998-08-26,17.404796600341797,34.625,35.125,34.25,34.5,4840000
1998-08-27,16.33662986755371,32.5,33.5,31.15625,33.375,13330000
1998-08-28,15.661168098449709,31.15625,33.40625,31.0,32.75,8726600
1998-08-31,14.451634407043455,28.75,32.15625,28.5,31.25,9941800
1998-09-01,14.420208930969238,28.6875,29.21875,27.53125,29.0,16489800
1998-09-02,14.864239692687988,29.375,30.5,28.8125,28.875,9219200
1998-09-03,14.484736442565918,28.625,29.375,27.5,29.375,8337000
1998-09-04,13.66245460510254,27.0,28.875,25.875,28.625,12121200
1998-09-08,14.310791015625,28.28125,29.78125,27.15625,29.75,14515400
1998-09-09,13.599203109741213,26.875,28.25,26.0,28.25,10812400
1998-09-10,12.7452974319458,25.1875,25.375,23.9375,24.875,23530200
1998-09-11,13.788957595825195,27.25,27.3125,24.125,25.0625,14861200
1998-09-14,14.421483993530272,28.5,28.84375,27.625,27.71875,8740800
1998-09-15,14.374051094055176,28.40625,28.46875,27.125,28.125,12169800
1998-09-16,14.927495002746582,29.5,29.71875,28.53125,28.75,10177000
1998-09-17,14.184286117553713,28.03125,29.0,27.8125,29.0,9114600
1998-09-18,13.472697257995604,26.625,28.09375,26.375,28.03125,12478800
1998-09-21,13.140623092651367,25.96875,26.53125,25.0,26.0625,11156600
1998-09-22,13.66245460510254,27.0,27.09375,26.3125,26.5,9698200
1998-09-23,14.864239692687988,29.375,29.375,27.09375,27.125,11151600
1998-09-24,13.75733757019043,27.1875,29.375,26.8125,29.375,18577600
1998-09-25,14.184286117553713,28.03125,28.3125,26.4375,27.0,14544600
1998-09-28,14.437291145324709,28.53125,29.375,28.1875,28.65625,10497000
1998-09-29,14.05777645111084,27.78125,29.3125,27.625,29.0625,9948200
1998-09-30,13.535948753356934,26.75,27.78125,26.5,27.78125,13292000
1998-10-01,13.58338737487793,26.84375,27.25,26.0,26.0,15308600
1998-10-02,13.931278228759766,27.53125,27.96875,26.0625,27.0,14547400
1998-10-05,13.15644073486328,26.0,27.4375,25.6875,27.4375,10529600
1998-10-06,13.061562538146973,25.8125,27.1875,25.53125,26.75,11078800
1998-10-07,12.381599426269531,24.46875,26.0625,23.78125,25.875,18039200
1998-10-08,12.555546760559082,24.8125,25.0,22.0,24.0,24167600
1998-10-09,13.630828857421877,26.9375,27.0,24.3125,24.6875,18508400
1998-10-12,13.362008094787598,26.40625,28.0,26.125,27.875,14975800
1998-10-13,13.64664363861084,26.96875,27.28125,26.25,26.4375,11395000
1998-10-14,12.160219192504885,24.03125,24.6875,23.4375,24.5,40283600
1998-10-15,12.397409439086914,24.5,25.75,22.6875,23.25,48148400
1998-10-16,12.555546760559082,24.8125,25.15625,24.125,24.75,39531400
1998-10-19,13.377821922302246,26.4375,26.59375,25.0,25.0,23010400
1998-10-20,14.184286117553713,28.03125,28.875,27.21875,27.5,24908800
1998-10-21,13.77314567565918,27.21875,28.0,27.0625,28.0,13971800
1998-10-22,14.453106880187988,28.5625,28.6875,27.03125,27.03125,10719200
1998-10-23,14.231722831726074,28.125,28.5625,27.71875,28.0625,8770200
1998-10-26,14.326600074768066,28.3125,28.8125,27.8125,28.125,8040400
1998-10-27,13.64664363861084,26.96875,28.4375,26.875,28.3125,17178000
1998-10-28,13.883833885192873,27.4375,27.90625,26.375,26.75,13177400
1998-10-29,14.453106880187988,28.5625,29.09375,27.21875,27.5,12551400
1998-10-30,14.547988891601562,28.75,29.21875,28.5,28.5,11175400
1998-11-02,14.80099391937256,29.25,29.53125,28.71875,28.71875,9293600
1998-11-03,14.70610523223877,29.0625,29.3125,28.6875,28.8125,7538000
1998-11-04,15.275389671325684,30.1875,30.25,29.28125,29.4375,11643800
1998-11-05,15.87627410888672,31.375,31.5,29.53125,29.75,12135600
1998-11-06,15.797211647033691,31.21875,32.0,31.09375,31.25,9517800
1998-11-09,15.212133407592772,30.0625,31.0,29.875,30.8125,8317200
1998-11-10,15.006564140319824,29.65625,30.125,29.59375,29.78125,7488600
1998-11-11,14.421483993530272,28.5,29.84375,28.25,29.75,10671800
1998-11-12,14.105223655700684,27.875,28.59375,27.5,28.0,12370800
1998-11-13,14.785181999206545,29.21875,29.25,28.0,28.09375,8507200
1998-11-16,15.117254257202148,29.875,30.09375,29.40625,29.59375,9232400
1998-11-17,15.37026309967041,30.375,31.25,29.65625,29.90625,11365600
1998-11-18,15.496771812438965,30.625,30.8125,30.03125,30.375,7997200
1998-11-19,15.575827598571776,30.78125,31.0,30.21875,30.59375,9472400
1998-11-20,15.955341339111328,31.53125,31.53125,30.8125,30.8125,13137800
1998-11-23,16.492990493774414,32.59375,32.75,31.84375,31.875,10028400
1998-11-24,16.398109436035156,32.40625,32.84375,32.125,32.1875,10687200
1998-11-25,16.714374542236328,33.03125,33.0625,32.25,32.28125,6174400
1998-11-27,16.761816024780273,33.125,33.3125,32.90625,33.0,2666600
1998-11-30,16.492990493774414,32.59375,33.0,32.1875,32.625,11097400
1998-12-01,16.461360931396484,32.53125,32.90625,32.3125,32.40625,10513400
1998-12-02,16.576013565063477,32.53125,32.8125,32.03125,32.25,10856000
1998-12-03,15.891317367553713,31.1875,32.40625,31.125,32.40625,10778000
1998-12-04,16.46454620361328,32.3125,32.4375,31.25,31.4375,8411600
1998-12-07,16.16201400756836,31.71875,32.25,31.71875,32.21875,7704400
1998-12-08,15.604707717895508,30.625,31.75,30.53125,31.6875,9748600
1998-12-09,15.493239402770996,30.40625,31.125,30.125,30.75,8942200
1998-12-10,15.222537994384766,29.875,30.4375,29.6875,30.4375,8031200
1998-12-11,14.999614715576172,29.4375,29.6875,28.6875,29.0,8870400
1998-12-14,14.362692832946776,28.1875,29.21875,28.09375,28.78125,10867800
1998-12-15,14.553768157958984,28.5625,28.625,27.6875,28.40625,10245000
1998-12-16,14.235308647155762,27.9375,28.53125,27.5,28.5,10095600
1998-12-17,15.349921226501465,30.125,30.3125,28.625,28.875,12054000
1998-12-18,15.095157623291016,29.625,30.34375,29.375,30.25,11271800
1998-12-21,15.429548263549805,30.28125,30.65625,29.53125,29.625,9647200
1998-12-22,15.302154541015623,30.03125,30.5,29.9375,30.3125,6754800
1998-12-23,15.68430995941162,30.78125,31.0,30.125,30.125,9892000
1998-12-24,15.763928413391112,30.9375,31.1875,30.65625,30.84375,2468200
1998-12-28,15.5091552734375,30.4375,31.09375,30.25,31.0625,5588600
1998-12-29,15.541000366210938,30.5,30.6875,29.90625,30.28125,7480600
1998-12-30,15.71616268157959,30.84375,31.0,30.3125,30.375,7954000
1998-12-31,15.318075180053713,30.0625,30.5,29.875,30.5,6894200
1999-01-04,15.413613319396973,30.25,31.0625,29.75,29.875,12488200
1999-01-05,15.62062168121338,30.65625,30.71875,29.9375,29.9375,9597400
1999-01-06,16.400846481323242,32.1875,32.6875,30.96875,31.0,15861400
1999-01-07,17.212940216064453,33.78125,33.90625,31.875,32.0,14381600
1999-01-08,17.818010330200195,34.96875,34.96875,34.0,34.375,13912000
1999-01-11,17.818010330200195,34.96875,35.46875,34.53125,34.96875,12484200
1999-01-12,17.0537052154541,33.46875,34.78125,33.125,34.75,10338600
1999-01-13,16.67154884338379,32.71875,33.25,30.53125,30.53125,15175000
1999-01-14,15.92316436767578,31.25,32.6875,30.59375,32.5625,13558800
1999-01-15,16.448623657226562,32.28125,32.375,31.5,31.5,12151600
1999-01-19,16.30530548095703,32.0,32.28125,30.90625,32.28125,12794800
1999-01-20,16.81485939025879,33.0,33.4375,31.03125,31.6875,14628800
1999-01-21,16.68747901916504,32.75,33.40625,32.75,33.09375,11339800
1999-01-22,16.576013565063477,32.53125,32.75,32.0625,32.25,8695200
1999-01-25,16.480464935302734,32.34375,32.65625,32.0625,32.46875,8721400
1999-01-26,16.544170379638672,32.46875,32.53125,31.78125,32.375,9792400
1999-01-27,15.827618598937988,31.0625,32.5,31.03125,32.5,8554800
1999-01-28,16.528236389160156,32.4375,32.5625,31.6875,31.8125,8992400
1999-01-29,17.03778648376465,33.4375,33.59375,32.125,32.71875,8192200
1999-02-01,16.6237850189209,32.625,33.34375,32.125,33.3125,6599200
1999-02-02,16.16201400756836,31.71875,32.53125,31.1875,32.5,7502800
1999-02-03,16.177927017211914,31.75,32.5,31.0625,31.625,8303600
1999-02-04,15.588767051696776,30.59375,32.0,30.5,32.0,9178200
1999-02-05,15.477313041687012,30.375,31.09375,30.15625,30.8125,6986800
1999-02-08,15.286235809326172,30.0,30.65625,30.0,30.5,6210000
1999-02-09,15.222537994384766,29.875,31.125,29.78125,30.125,10849400
1999-02-10,15.700227737426758,30.8125,30.96875,30.0625,30.25,6456000
1999-02-11,16.544170379638672,32.46875,32.46875,30.875,30.9375,8263200
1999-02-12,16.01869773864746,31.4375,32.40625,31.125,32.125,7982400
1999-02-16,16.46454620361328,32.3125,32.5,31.65625,32.375,7313600
1999-02-17,16.528236389160156,32.4375,33.375,31.75,31.9375,13875600
1999-02-18,16.798925399780273,32.96875,33.125,32.0625,32.375,7618600
1999-02-19,16.544170379638672,32.46875,33.03125,32.3125,32.84375,7850600
1999-02-22,16.719322204589844,32.8125,33.28125,32.25,32.28125,8089200
1999-02-23,17.0537052154541,33.46875,33.71875,32.75,33.0,9215600
1999-02-24,16.289392471313477,31.96875,33.8125,31.9375,33.5,8000400
1999-02-25,16.46454620361328,32.3125,32.3125,31.5,31.875,8528800
1999-02-26,16.639707565307617,32.65625,32.875,31.78125,32.5,6959200
1999-03-01,17.11739158630371,33.59375,33.75,32.5,32.65625,10167600
1999-03-02,17.260709762573242,33.875,34.15625,33.65625,33.9375,10114400
1999-03-03,17.247873306274414,33.625,33.9375,33.15625,33.59375,10944600
1999-03-04,16.99140739440918,33.125,33.75,32.78125,33.28125,10430000
1999-03-05,17.664657592773438,34.4375,34.5625,33.5,34.1875,11775200
1999-03-08,17.4722957611084,34.0625,34.4375,33.75,34.4375,5971800
1999-03-09,18.017309188842773,35.125,35.21875,34.0625,34.125,12253600
1999-03-10,18.337894439697266,35.75,35.8125,35.1875,35.5,11234400
1999-03-11,18.498193740844727,36.0625,37.0,35.71875,36.0,11938400
1999-03-12,18.530254364013672,36.125,36.4375,35.9375,36.09375,8587000
1999-03-15,18.91496467590332,36.875,37.0,36.0,36.0,7550400
1999-03-16,18.56232070922852,36.1875,36.96875,36.15625,36.90625,7017200
1999-03-17,18.12950897216797,35.34375,36.0,35.15625,35.875,5153600
1999-03-18,18.96305084228516,36.96875,36.96875,35.125,35.25,8032800
1999-03-19,18.337894439697266,35.75,37.25,35.65625,37.1875,9070800
1999-03-22,18.594362258911133,36.25,36.28125,35.65625,35.875,4538000
1999-03-23,17.696704864501953,34.5,36.0625,34.28125,36.0625,6254400
1999-03-24,17.4722957611084,34.0625,35.0,33.75,34.71875,4667600
1999-03-25,17.921119689941406,34.9375,35.375,34.40625,34.40625,5264800
1999-03-26,17.921119689941406,34.9375,35.46875,34.625,34.875,5374800
1999-03-29,18.305831909179688,35.6875,35.96875,35.125,35.375,4372400
1999-03-30,18.20965385437012,35.5,36.1875,35.1875,35.4375,5247600
1999-03-31,18.11348342895508,35.3125,36.0625,34.96875,35.8125,6479400
1999-04-01,17.696704864501953,34.5,35.28125,34.40625,35.25,5340400
1999-04-05,18.369949340820312,35.8125,35.84375,34.8125,35.0,5102000
1999-04-06,17.85700798034668,34.8125,35.59375,34.8125,35.5625,5772800
1999-04-07,18.722612380981445,36.5,36.59375,35.125,35.46875,9485400
1999-04-08,19.203489303588867,37.4375,37.46875,36.25,36.75,9638000
1999-04-09,19.07525062561035,37.1875,37.34375,36.5625,37.3125,6298000
1999-04-12,19.23556327819824,37.5,37.5,36.75,36.9375,7974400
1999-04-13,18.866867065429688,36.78125,37.28125,36.5,37.09375,7363000
1999-04-14,18.48216819763184,36.03125,37.3125,36.03125,37.0625,6958000
1999-04-15,18.45010757446289,35.96875,36.40625,35.625,36.0625,5685600
1999-04-16,18.722612380981445,36.5,36.5,35.375,35.90625,6461800
1999-04-19,18.40201759338379,35.875,38.0625,35.6875,37.1875,15291400
1999-04-20,18.81877899169922,36.6875,36.8125,35.75,35.9375,8795000
1999-04-21,18.78672981262207,36.625,36.875,35.78125,36.25,6591200
1999-04-22,19.043193817138672,37.125,37.3125,36.46875,36.5625,6097600
1999-04-23,18.979082107543945,37.0,37.4375,36.5,36.9375,4582000
1999-04-26,18.466136932373047,36.0,36.96875,36.0,36.90625,4904800
1999-04-27,19.107318878173828,37.25,37.34375,36.1875,36.40625,6478800
1999-04-28,18.88290405273437,36.8125,37.5625,36.8125,37.34375,6539400
1999-04-29,18.722612380981445,36.5,37.5,36.0,37.125,8288600
1999-04-30,18.35392951965332,35.78125,36.6875,35.5625,36.375,6892400
1999-05-03,18.62643051147461,36.3125,36.40625,35.53125,35.59375,5164800
1999-05-04,18.065393447875977,35.21875,36.4375,35.0625,36.4375,6678400
1999-05-05,18.19363594055176,35.46875,35.96875,34.15625,35.34375,8095800
1999-05-06,17.824947357177734,34.75,35.25,34.15625,35.0,6730000
1999-05-07,18.03333282470703,35.15625,35.40625,34.34375,34.34375,5759000
1999-05-10,17.72876739501953,34.5625,35.15625,34.40625,35.125,6041200
1999-05-11,17.696704864501953,34.5,34.96875,34.1875,34.96875,8753400
1999-05-12,17.64861297607422,34.40625,34.875,33.40625,34.25,8369000
1999-05-13,18.12950897216797,35.34375,35.59375,34.71875,34.9375,9413600
1999-05-14,17.584508895874023,34.28125,34.8125,33.84375,34.78125,7546200
1999-05-17,17.584508895874023,34.28125,34.59375,33.5,34.0,6300200
1999-05-18,17.504362106323242,34.125,34.84375,33.28125,34.3125,6595400
1999-05-19,17.760822296142578,34.625,34.625,34.0,34.125,5036800
1999-05-20,17.45627212524414,34.03125,34.75,33.8125,34.59375,4734200
1999-05-21,17.295963287353516,33.71875,34.0,33.3125,33.90625,6499400
1999-05-24,16.831113815307617,32.8125,33.21875,32.25,33.21875,9043200
1999-05-25,16.093746185302734,31.375,32.75,31.0625,32.25,10687600
1999-05-26,16.92729377746582,33.0,33.0,30.75,31.5,9871200
1999-05-27,16.02962303161621,31.25,32.28125,31.25,32.0,8243000
1999-05-28,16.59066390991211,32.34375,32.5,31.71875,32.5,7445000
1999-06-01,16.25404167175293,31.6875,32.4375,31.3125,32.4375,6425400
1999-06-02,16.337997436523438,31.625,31.71875,30.9375,31.4375,8412400
1999-06-03,16.612449645996094,32.15625,32.25,31.4375,32.0,5360600
1999-06-04,16.75774574279785,32.4375,32.5,31.5,32.15625,7212800
1999-06-07,17.112918853759766,33.125,33.5,32.21875,32.4375,6254200
1999-06-08,17.032197952270508,32.96875,33.3125,32.75,33.15625,4334400
1999-06-09,17.112918853759766,33.125,33.8125,32.625,33.34375,6594800
1999-06-10,17.09677505493164,33.09375,33.125,32.125,32.78125,5439400
1999-06-11,17.314729690551758,33.515625,33.9375,33.03125,33.09375,8572600
1999-06-14,16.999900817871094,32.90625,33.84375,32.875,33.71875,5902200
1999-06-15,17.387378692626953,33.65625,33.78125,33.21875,33.375,8446800
1999-06-16,18.0008602142334,34.84375,34.875,34.3125,34.46875,7039600
1999-06-17,18.53361892700196,35.875,35.96875,34.59375,34.6875,7059000
1999-06-18,18.695066452026367,36.1875,36.1875,35.6875,36.0,9097600
1999-06-21,18.51746368408203,35.84375,36.5625,35.375,36.15625,5489000
1999-06-22,18.53361892700196,35.875,36.46875,35.6875,35.8125,5226000
1999-06-23,18.226863861083984,35.28125,35.75,34.59375,35.75,6954400
1999-06-24,17.82326316833496,34.5,35.4375,33.9375,35.4375,6141600
1999-06-25,18.178438186645508,35.1875,35.1875,34.125,34.125,8708400
1999-06-28,18.46903610229492,35.75,36.21875,35.4375,35.5,7932800
1999-06-29,18.856504440307617,36.5,36.5625,35.75,35.78125,7119000
1999-06-30,18.93722343444824,36.65625,37.4375,36.0625,36.5,12285600
1999-07-01,19.24396324157715,37.25,37.4375,36.3125,36.65625,6992400
1999-07-02,19.22782516479492,37.21875,37.65625,36.96875,37.5,8431400
1999-07-06,19.40541076660156,37.5625,38.0,37.03125,37.0625,8380600
1999-07-07,19.356969833374023,37.46875,37.53125,37.21875,37.5,6854400
1999-07-08,19.43768882751465,37.625,38.0625,37.0625,37.125,8351600
1999-07-09,19.24396324157715,37.25,37.71875,36.9375,37.625,6685200
1999-07-12,19.276254653930664,37.3125,37.5,37.21875,37.375,6057400
1999-07-13,19.066368103027344,36.90625,37.125,36.6875,37.0,7082600
1999-07-14,19.09866142272949,36.96875,37.28125,36.90625,37.0625,6695200
1999-07-15,19.29239845275879,37.34375,37.5,37.15625,37.1875,6052200
1999-07-16,19.50227165222168,37.75,37.875,37.28125,37.34375,7494800
1999-07-19,19.114809036254883,37.0,38.1875,36.90625,38.0,9732600
1999-07-20,18.53361892700196,35.875,37.21875,35.84375,36.90625,9896000
1999-07-21,17.903989791870117,34.65625,35.90625,34.59375,35.875,9828600
1999-07-22,17.920127868652344,34.6875,35.3125,34.65625,34.78125,9206400
1999-07-23,17.72640037536621,34.3125,34.875,34.09375,34.65625,5711000
1999-07-26,18.03314208984375,34.90625,35.5,34.21875,34.25,6679800
1999-07-27,18.14615249633789,35.125,35.375,35.0,35.125,6592600
1999-07-28,18.081573486328125,35.0,35.3125,34.875,35.125,5441200
1999-07-29,17.66181755065918,34.1875,34.71875,34.0,34.5,8083400
1999-07-30,17.14520835876465,33.1875,34.21875,33.1875,34.1875,7049400
1999-08-02,16.935331344604492,32.78125,33.625,32.71875,33.625,7311400
1999-08-03,16.69316291809082,32.3125,32.90625,31.75,32.8125,6962800
1999-08-04,16.337997436523438,31.625,33.0,31.59375,32.375,5471800
1999-08-05,16.273420333862305,31.5,31.75,30.9375,31.75,11291200
1999-08-06,15.530779838562012,30.0625,31.3125,29.9375,31.3125,9283800
1999-08-09,15.65993595123291,30.3125,30.6875,30.09375,30.125,9859400
1999-08-10,15.563067436218262,30.125,30.5625,29.78125,30.4375,8717800
1999-08-11,15.877887725830078,30.734375,31.25,30.375,30.375,8431200
1999-08-12,15.65993595123291,30.3125,31.34375,30.3125,31.15625,7456800
1999-08-13,16.192691802978516,31.34375,31.59375,30.75,30.75,8043600
1999-08-16,16.144258499145508,31.25,31.28125,30.78125,30.875,5972400
1999-08-17,16.69316291809082,32.3125,32.3125,31.8125,32.125,6854400
1999-08-18,16.8546142578125,32.625,33.0,31.875,32.21875,6388400
1999-08-19,16.596303939819336,32.125,32.5625,32.0,32.3125,5186600
1999-08-20,16.8546142578125,32.625,32.6875,32.03125,32.15625,5311800
1999-08-23,17.19363784790039,33.28125,33.34375,32.78125,32.8125,6007400
1999-08-24,17.27436065673828,33.4375,33.78125,32.65625,32.96875,8093400
1999-08-25,17.08062744140625,33.0625,33.40625,32.03125,33.0,9466200
1999-08-26,16.499439239501953,31.9375,33.4375,31.90625,33.4375,7752400
1999-08-27,16.467145919799805,31.875,32.34375,31.78125,31.9375,6045600
1999-08-30,15.514626502990724,30.03125,31.8125,30.03125,31.8125,10505600
1999-08-31,15.62764835357666,30.25,30.875,29.53125,30.28125,10834400
1999-09-01,15.565835952758787,29.90625,30.25,29.78125,30.1875,7179400
1999-09-02,15.370655059814451,29.53125,29.78125,28.96875,29.75,9011400
1999-09-03,16.216449737548828,31.15625,31.53125,30.53125,31.125,10408800
1999-09-07,15.79355239868164,30.34375,30.90625,29.875,30.875,8775200
1999-09-08,15.451985359191896,29.6875,30.09375,29.5,29.75,11886000
1999-09-09,15.077881813049316,28.96875,29.6875,28.71875,29.6875,11668400
1999-09-10,15.43572235107422,29.65625,29.96875,29.15625,29.21875,9529800
1999-09-13,15.403181076049805,29.59375,29.8125,29.3125,29.5625,7449400
1999-09-14,14.703783988952637,28.25,29.34375,28.0,29.3125,14288400
1999-09-15,14.443528175354004,27.75,28.6875,27.75,28.6875,8825000
1999-09-16,14.492334365844728,27.84375,28.09375,27.46875,28.0,9674800
1999-09-17,14.557395935058594,27.96875,28.4375,27.96875,28.4375,10656400
1999-09-20,14.524861335754396,27.90625,28.25,27.8125,28.0,5922000
1999-09-21,14.150762557983398,27.1875,27.5625,26.8125,27.5,10265400
1999-09-22,13.923047065734863,26.75,27.375,26.625,27.1875,11911400
1999-09-23,14.232085227966309,27.34375,27.96875,26.78125,26.875,11339600
1999-09-24,15.02908420562744,28.875,29.15625,27.46875,27.5,12569600
1999-09-27,14.524861335754396,27.90625,29.1875,27.65625,29.1875,8487000
1999-09-28,14.606194496154783,28.0625,28.21875,27.71875,27.75,8044200
1999-09-29,14.150762557983398,27.1875,28.09375,27.15625,28.0625,6073600
1999-09-30,14.492334365844728,27.84375,28.5,27.1875,27.4375,9606200
1999-10-01,14.394731521606444,27.65625,28.0,27.1875,27.78125,5720000
1999-10-04,14.931493759155272,28.6875,28.71875,27.6875,27.6875,5265000
1999-10-05,15.02908420562744,28.875,29.71875,28.375,28.71875,11751800
1999-10-06,15.32186508178711,29.4375,29.5,28.96875,28.96875,8391800
1999-10-07,14.752570152282717,28.34375,29.6875,28.25,29.4375,7940000
1999-10-08,14.573657035827637,28.0,28.34375,27.53125,27.53125,9461200
1999-10-11,14.085699081420898,27.0625,28.125,27.0625,28.0625,6239200
1999-10-12,13.93930721282959,26.78125,27.34375,26.5625,27.125,8813400
1999-10-13,13.500151634216309,25.9375,26.9375,25.5625,26.65625,8805200
1999-10-14,13.27243995666504,25.5,26.09375,25.21875,25.6875,10040000
1999-10-15,12.540504455566406,24.09375,25.375,24.03125,24.6875,13124000
1999-10-18,12.89833927154541,24.78125,24.90625,24.3125,24.5,17087800
1999-10-19,13.923047065734863,26.75,27.3125,26.0,26.25,21410000
1999-10-20,14.215827941894531,27.3125,27.5,27.03125,27.15625,9162200
1999-10-21,14.29715061187744,27.46875,27.8125,27.0,27.09375,8736400
1999-10-22,15.289328575134276,29.375,29.75,27.8125,27.8125,11626800
1999-10-25,15.159199714660645,29.125,29.375,28.5625,29.25,10529000
1999-10-26,15.175472259521484,29.15625,29.40625,28.90625,29.0625,10647200
1999-10-27,15.891145706176758,30.53125,30.53125,29.03125,29.1875,11185000
1999-10-28,16.655607223510742,32.0,32.0625,31.125,31.75,18323000
1999-10-29,16.769466400146484,32.21875,32.84375,31.75,32.40625,16623400
1999-11-01,16.88332748413086,32.4375,32.59375,31.96875,32.25,8036400
1999-11-02,16.72066307067871,32.125,32.875,32.09375,32.46875,7819600
1999-11-03,16.395370483398438,31.5,32.375,31.46875,32.375,9753400
1999-11-04,16.525487899780273,31.75,32.25,31.75,31.9375,10273600
1999-11-05,16.93211555480957,32.53125,33.4375,32.5,32.75,9963600
1999-11-08,17.17609977722168,33.0,33.5,32.625,32.71875,7111000
1999-11-09,16.639345169067383,31.96875,33.21875,31.6875,33.15625,8868000
1999-11-10,16.655607223510742,32.0,32.40625,31.40625,31.625,8971600
1999-11-11,16.395370483398438,31.5,32.0,31.25,32.0,6346800
1999-11-12,17.30622100830078,33.25,33.40625,31.75,31.75,9961600
1999-11-15,17.11102867126465,32.875,33.21875,32.78125,33.03125,8334400
1999-11-16,17.566463470458984,33.75,33.75,32.9375,33.03125,10852600
1999-11-17,17.322484970092773,33.28125,33.5625,33.0625,33.4375,7027000
1999-11-18,17.013446807861328,32.6875,33.46875,32.625,33.25,9271600
1999-11-19,16.948387145996094,32.5625,33.0625,32.40625,32.71875,5920200
1999-11-22,16.72066307067871,32.125,32.34375,31.90625,32.1875,9306200
1999-11-23,16.297773361206055,31.3125,31.9375,31.09375,31.8125,7634000
1999-11-24,15.614633560180664,30.0,30.78125,29.875,30.625,12368600
1999-11-26,15.744757652282717,30.25,30.6875,29.90625,29.96875,4666600
1999-11-29,14.817638397216797,28.46875,30.09375,28.15625,30.0625,15969000
1999-11-30,15.25273323059082,29.3046875,29.75,28.71875,28.75,14985400
1999-12-01,15.191210746765137,28.9375,29.5,28.5625,28.5625,9380200
1999-12-02,14.797491073608398,28.1875,29.09375,27.75,28.6875,12395600
1999-12-03,15.076372146606444,28.71875,29.125,28.5625,28.6875,14423800
1999-12-06,14.52680206298828,27.671875,28.4375,27.25,28.0625,13820000
1999-12-07,13.780366897583008,26.25,27.46875,26.125,27.40625,20245200
1999-12-08,13.304616928100586,25.34375,25.78125,25.0625,25.0625,20637800
1999-12-09,13.370235443115234,25.46875,25.65625,24.5,25.46875,19260000
1999-12-10,14.07565689086914,26.8125,27.25,26.0,26.0,16073000
1999-12-13,13.81727123260498,26.3203125,26.5625,26.0,26.5,10728400
1999-12-14,13.419448852539062,25.5625,26.125,25.3125,26.0,11878400
1999-12-15,13.296414375305176,25.328125,25.75,24.84375,25.53125,14480400
1999-12-16,13.17337131500244,25.09375,25.21875,24.40625,24.96875,16354800
1999-12-17,12.796056747436523,24.375,25.21875,24.1875,25.0,25242400
1999-12-20,12.599190711975098,24.0,24.8125,23.96875,24.46875,12407000
1999-12-21,12.94369888305664,24.65625,25.53125,23.8125,23.90625,15986200
1999-12-22,12.730438232421877,24.25,25.0625,24.21875,24.75,12196200
1999-12-23,12.960105895996094,24.6875,24.75,24.5625,24.59375,10530000
1999-12-27,12.861669540405272,24.5,25.3125,24.5,24.875,10829000
1999-12-28,12.94369888305664,24.65625,24.84375,24.5,24.53125,7265400
1999-12-29,13.091343879699709,24.9375,25.125,24.59375,24.75,8115200
1999-12-30,13.304616928100586,25.34375,25.4375,24.875,25.0,6736200
1999-12-31,13.17337131500244,25.09375,25.46875,25.0,25.28125,5287600
2000-01-03,12.71402645111084,24.21875,25.125,24.0,25.125,13705800
2000-01-04,11.959392547607422,22.78125,23.96875,22.46875,23.875,27293400
2000-01-05,12.090633392333984,23.03125,23.21875,22.25,22.53125,22855600
2000-01-06,13.12416172027588,25.0,25.0,23.375,23.46875,17307000
2000-01-07,12.779644966125488,24.34375,24.8125,24.0,24.8125,11632800
2000-01-10,12.336709022521973,23.5,24.46875,23.34375,24.46875,11152800
2000-01-11,12.074228286743164,23.0,23.46875,22.78125,22.78125,11064400
2000-01-12,12.205467224121094,23.25,23.53125,23.0,23.0,11067600
2000-01-13,12.484354972839355,23.78125,23.9375,23.4375,23.5,12322000
2000-01-14,13.255401611328123,25.25,25.28125,24.40625,24.96875,20438600
2000-01-18,12.599190711975098,24.0,25.0,23.90625,25.0,17116000
2000-01-19,12.599190711975098,24.0,24.59375,23.34375,23.9375,15468400
2000-01-20,12.357210159301758,23.5390625,24.0,23.0,23.75,12249000
2000-01-21,11.992199897766112,22.84375,23.34375,22.78125,23.25,12839400
2000-01-24,11.696904182434082,22.28125,23.125,22.25,22.875,12614800
2000-01-25,11.84455108642578,22.5625,22.84375,22.34375,22.46875,15631000
2000-01-26,12.369513511657717,23.5625,23.65625,22.6875,22.875,15441200
2000-01-27,12.632004737854004,24.0625,24.1875,23.53125,23.78125,12769400
2000-01-28,12.008600234985352,22.875,23.9375,22.875,23.9375,13517000
2000-01-31,12.71402645111084,24.21875,24.21875,23.15625,23.25,16910000
2000-02-01,12.861669540405272,24.5,24.5,24.0,24.0625,8965200
2000-02-02,12.533567428588867,23.875,24.25,23.6875,23.75,11717400
2000-02-03,12.189061164855955,23.21875,24.03125,22.71875,23.84375,22798000
2000-02-04,12.04141330718994,22.9375,23.5625,22.65625,23.46875,13400000
2000-02-07,11.893773078918455,22.65625,22.75,22.4375,22.65625,10364400
2000-02-08,12.369513511657717,23.5625,23.625,22.84375,22.90625,10821800
2000-02-09,12.090633392333984,23.03125,23.625,23.03125,23.5625,9294200
2000-02-10,11.778932571411133,22.4375,23.25,22.34375,23.03125,11579400
2000-02-11,11.860956192016602,22.59375,23.3125,22.5,22.5,13510400
2000-02-14,11.614882469177246,22.125,22.96875,22.03125,22.84375,13426800
2000-02-15,11.975791931152344,22.8125,23.0,22.03125,22.03125,13834000
2000-02-16,11.860956192016602,22.59375,23.25,22.5625,23.125,11939600
2000-02-17,11.71330738067627,22.3125,23.15625,22.15625,22.71875,12256800
2000-02-18,11.483638763427734,21.875,22.34375,21.6875,22.28125,14998000
2000-02-22,11.746123313903809,22.375,22.9375,21.5,21.59375,13162800
2000-02-23,12.008600234985352,22.875,23.3125,22.21875,22.5,13732000
2000-02-24,11.762524604797363,22.40625,23.125,21.9375,22.9375,11467800
2000-02-25,11.582073211669922,22.0625,22.90625,22.0625,22.375,10603800
2000-02-28,12.057819366455078,22.96875,23.46875,22.28125,22.375,13760000
2000-02-29,12.074228286743164,23.0,23.21875,22.53125,22.96875,11792800
2000-03-01,12.090811729431152,22.78125,23.09375,22.40625,23.0,9796600
2000-03-02,11.9581298828125,22.53125,22.78125,22.3125,22.78125,10613000
2000-03-03,11.941536903381348,22.5,23.0625,22.3125,22.875,12825800
2000-03-06,11.808849334716797,22.25,22.96875,22.0,22.5,9827800
2000-03-07,11.676177978515623,22.0,22.59375,21.875,22.5,8911200
2000-03-08,11.576659202575684,21.8125,22.3125,21.78125,22.0,8126400
2000-03-09,11.427391052246094,21.53125,22.0,21.40625,21.8125,13093600
2000-03-10,11.377635955810549,21.4375,21.625,21.15625,21.46875,12134400
2000-03-13,11.460562705993652,21.59375,22.03125,21.25,21.4375,10650800
2000-03-14,11.311293601989746,21.3125,21.90625,21.25,21.78125,8233200
2000-03-15,12.173736572265623,22.9375,23.03125,21.3125,21.4375,20421800
2000-03-16,13.069350242614746,24.625,24.75,23.3125,23.5,27207200
2000-03-17,13.268380165100098,25.0,25.375,24.5,24.6875,20839800
2000-03-20,13.168868064880373,24.8125,25.125,24.1875,25.0,10749800
2000-03-21,13.533747673034668,25.5,25.875,24.75,24.8125,13791200
2000-03-22,13.649846076965332,25.71875,25.96875,25.03125,25.71875,11186200
2000-03-23,14.379600524902344,27.09375,27.09375,25.5625,26.125,15425400
2000-03-24,14.49570655822754,27.3125,27.59375,26.625,26.96875,16576200
2000-03-27,14.36301326751709,27.0625,27.5,26.59375,27.25,10686800
2000-03-28,14.2137451171875,26.78125,27.34375,26.3125,26.3125,10733000
2000-03-29,13.799115180969238,26.0,26.5625,25.9375,26.5,11628600
2000-03-30,13.483996391296388,25.40625,26.21875,25.21875,26.125,10390200
2000-03-31,13.915206909179688,26.21875,26.625,25.3125,25.5,10241800
2000-04-03,14.727899551391602,27.75,27.78125,26.03125,26.03125,17099000
2000-04-04,14.379600524902344,27.09375,28.28125,26.65625,27.8125,18461600
2000-04-05,14.329855918884276,27.0,27.625,26.8125,26.96875,9186800
2000-04-06,14.180580139160156,26.71875,27.28125,26.5,27.125,8071000
2000-04-07,13.882039070129396,26.15625,26.90625,26.0,26.53125,7752800
2000-04-10,14.014723777770996,26.40625,26.9375,26.0625,26.15625,10295200
2000-04-11,13.890342712402344,26.171875,26.6875,25.90625,26.375,7588600
2000-04-12,14.479119300842283,27.28125,28.0,26.5625,26.5625,15690000
2000-04-13,14.014723777770996,26.40625,27.625,26.28125,27.3125,12167000
2000-04-14,13.251792907714844,24.96875,25.9375,24.3125,25.9375,19890400
2000-04-17,13.351306915283203,25.15625,25.5,24.0625,24.96875,13947400
2000-04-18,13.533747673034668,25.5,25.59375,24.875,25.5,11306400
2000-04-19,13.11910915374756,24.71875,25.46875,24.46875,25.46875,7913600
2000-04-20,13.15228271484375,24.78125,25.09375,24.71875,25.0625,6438400
2000-04-24,13.666431427001951,25.75,25.75,24.6875,24.78125,8713600
2000-04-25,14.180580139160156,26.71875,26.84375,25.5,25.53125,9767800
2000-04-26,13.732772827148438,25.875,26.46875,25.59375,26.34375,7742400
2000-04-27,13.600086212158203,25.625,25.8125,25.03125,25.25,8961400
2000-04-28,13.003010749816896,24.5,25.6875,24.1875,25.5625,13831200
2000-05-01,13.268380165100098,25.0,25.46875,24.15625,24.53125,9424800
2000-05-02,13.168868064880373,24.8125,25.46875,24.65625,24.65625,8853400
2000-05-03,13.003010749816896,24.5,25.40625,24.15625,24.8125,7772200
2000-05-04,12.737641334533691,24.0,24.46875,23.84375,24.34375,10026400
2000-05-05,12.62154769897461,23.78125,24.28125,23.5625,23.625,8272200
2000-05-08,12.78740119934082,24.09375,24.40625,23.59375,23.59375,9454400
2000-05-09,12.78740119934082,24.09375,24.84375,23.8125,24.25,9627400
2000-05-10,12.339594841003418,23.25,24.21875,23.1875,23.96875,13484400
2000-05-11,12.571791648864746,23.6875,23.96875,23.28125,23.875,13535600
2000-05-12,12.8952054977417,24.296875,24.46875,23.15625,23.6875,11749800
2000-05-15,13.434229850769045,25.3125,25.4375,24.28125,24.3125,10759200
2000-05-16,13.185452461242676,24.84375,25.8125,24.59375,25.46875,10708400
2000-05-17,13.08593463897705,24.65625,24.90625,24.28125,24.53125,6094800
2000-05-18,13.351306915283203,25.15625,25.40625,24.65625,24.6875,9306600
2000-05-19,13.202038764953612,24.875,25.09375,24.5625,24.78125,9126200
2000-05-22,13.334716796875,25.125,25.15625,24.375,24.875,8182800
2000-05-23,13.948378562927246,26.28125,26.5625,25.125,25.21875,14451000
2000-05-24,14.843995094299316,27.96875,28.0625,26.6875,26.75,22449600
2000-05-25,14.678140640258787,27.65625,28.03125,27.25,27.5,14555600
2000-05-26,14.49570655822754,27.3125,27.625,26.9375,27.5,10615400
2000-05-30,14.578630447387695,27.46875,27.59375,27.15625,27.46875,8080400
2000-05-31,14.846434593200684,27.71875,27.96875,27.0625,27.0625,11082200
2000-06-01,15.214665412902832,28.40625,28.875,27.65625,27.75,13747000
2000-06-02,16.336101531982422,30.5,30.5,29.625,29.96875,17988400
2000-06-05,15.867446899414062,29.625,29.75,29.0,29.625,8917600
2000-06-06,15.197927474975586,28.375,28.84375,28.0625,28.6875,12851000
2000-06-07,15.482471466064451,28.90625,28.96875,28.0625,28.34375,8100200
2000-06-08,15.197927474975586,28.375,28.71875,28.3125,28.71875,6899000
2000-06-09,14.99708080291748,28.0,28.71875,27.84375,28.46875,6113600
2000-06-12,15.122615814208984,28.234375,28.375,27.96875,28.0,5211200
2000-06-13,14.913392066955566,27.84375,28.28125,27.78125,28.21875,7555400
2000-06-14,14.812960624694824,27.65625,28.0,27.46875,27.84375,8988000
2000-06-15,13.909112930297852,25.96875,27.78125,25.59375,27.78125,21273000
2000-06-16,12.854637145996094,24.0,26.125,23.25,26.09375,34707600
2000-06-19,12.955062866210938,24.1875,24.65625,23.71875,23.8125,20703400
2000-06-20,12.988539695739746,24.25,24.8125,24.0,24.59375,10214400
2000-06-21,12.754213333129885,23.8125,24.28125,23.125,24.1875,10812200
2000-06-22,12.586831092834473,23.5,23.75,23.0625,23.53125,7421200
2000-06-23,12.687261581420898,23.6875,24.28125,23.625,24.25,9036400
2000-06-26,12.837898254394531,23.96875,24.375,23.59375,24.15625,7527200
2000-06-27,12.586831092834473,23.5,23.875,23.0,23.5625,14991000
2000-06-28,12.164202690124512,22.7109375,23.5625,22.625,23.53125,11504200
2000-06-29,12.16838264465332,22.71875,23.125,22.5625,22.6875,7949600
2000-06-30,11.515616416931152,21.5,22.6875,21.4921875,22.59375,14691000
2000-07-03,12.051217079162598,22.5,22.625,21.8125,21.875,5997800
2000-07-05,12.134917259216309,22.65625,23.125,22.53125,22.53125,8936800
2000-07-06,12.268811225891112,22.90625,23.09375,22.375,23.03125,7997600
2000-07-07,12.703999519348145,23.71875,23.84375,23.0625,23.21875,9502000
2000-07-10,12.703999519348145,23.71875,24.0,23.65625,23.875,6457600
2000-07-11,12.570094108581545,23.46875,23.84375,23.375,23.71875,7978000
2000-07-12,12.586831092834473,23.5,23.9375,23.34375,23.75,7483800
2000-07-13,12.369237899780272,23.09375,23.5625,22.90625,23.5,8234200
2000-07-14,12.720733642578123,23.75,23.90625,23.15625,23.21875,10231200
2000-07-17,12.553362846374512,23.4375,24.28125,23.375,23.8125,12662000
2000-07-18,12.385981559753418,23.125,23.65625,22.96875,23.625,10538600
2000-07-19,12.369237899780272,23.09375,23.28125,22.875,23.28125,8372400
2000-07-20,12.955062866210938,24.1875,24.25,23.0625,23.0625,13491800
2000-07-21,13.055489540100098,24.375,24.5625,23.71875,24.1875,9566600
2000-07-24,12.703999519348145,23.71875,24.15625,23.34375,23.5625,6708400
2000-07-25,12.921586036682127,24.125,24.21875,23.84375,24.0,6160000
2000-07-26,12.603567123413086,23.53125,24.03125,23.3125,24.0,11561800
2000-07-27,12.51987648010254,23.375,23.84375,23.0,23.53125,7476600
2000-07-28,12.45293140411377,23.25,23.59375,22.90625,23.5625,8515000
2000-07-31,12.687261581420898,23.6875,23.71875,23.03125,23.21875,10973000
2000-08-01,12.770950317382812,23.84375,24.0625,23.5,23.84375,7565600
2000-08-02,12.637045860290527,23.59375,24.25,23.5625,23.84375,10312800
2000-08-03,13.139180183410645,24.53125,24.65625,23.34375,23.40625,12763800
2000-08-04,14.059755325317385,26.25,26.34375,25.03125,25.25,20500400
2000-08-07,14.026288032531738,26.1875,26.40625,25.78125,26.28125,9230000
2000-08-08,13.909112930297852,25.96875,26.25,25.8125,26.03125,8192800
2000-08-09,14.210404396057127,26.53125,26.875,25.375,25.96875,10528400
2000-08-10,14.310820579528809,26.71875,27.28125,26.375,26.59375,8443000
2000-08-11,14.478201866149902,27.03125,27.15625,26.5,26.6875,6491000
2000-08-14,14.729269981384276,27.5,27.5,26.5,26.75,7390200
2000-08-15,14.54515266418457,27.15625,27.4375,27.09375,27.40625,9677200
2000-08-16,14.327569007873535,26.75,27.34375,26.5,27.1875,6123800
2000-08-17,14.344298362731934,26.78125,27.09375,26.6875,26.78125,6548400
2000-08-18,14.394511222839355,26.875,27.0,26.65625,26.65625,6788200
2000-08-21,14.42799186706543,26.9375,27.28125,26.625,26.875,7316600
2000-08-22,14.578630447387695,27.21875,27.46875,26.75,26.9375,7884400
2000-08-23,14.478201866149902,27.03125,27.4375,26.6875,27.21875,6054200
2000-08-24,14.059755325317385,26.25,26.96875,26.125,26.875,8393000
2000-08-25,13.858905792236328,25.875,26.5625,25.78125,26.25,7425600
2000-08-28,13.842171669006348,25.84375,26.4375,25.6875,25.84375,7660200
2000-08-29,13.624574661254885,25.4375,25.9375,25.09375,25.9375,9275200
2000-08-30,13.759809494018556,25.4375,25.9375,25.125,25.1875,8192000
2000-08-31,14.490906715393066,26.7890625,26.875,25.4375,25.5,11308400
2000-09-01,14.199300765991213,26.25,26.875,26.125,26.78125,7202800
2000-09-05,14.469779014587402,26.75,26.84375,26.0,26.0625,7996800
2000-09-06,14.503581047058104,26.8125,27.46875,26.59375,26.59375,8794000
2000-09-07,14.706429481506348,27.1875,27.40625,26.875,27.0625,5809800
2000-09-08,15.129021644592283,27.96875,28.0,27.0625,27.0625,9423200
2000-09-11,15.298068046569824,28.28125,28.71875,27.96875,28.0,10691000
2000-09-12,15.416404724121094,28.5,28.78125,28.21875,28.75,8562000
2000-09-13,15.365683555603027,28.40625,28.8125,28.28125,28.5,7472200
2000-09-14,15.234679222106934,28.1640625,28.6875,27.8125,28.28125,7393000
2000-09-15,14.84166145324707,27.4375,28.25,27.34375,28.125,11681200
2000-09-18,14.520484924316406,26.84375,27.59375,26.75,27.59375,8866200
2000-09-19,14.84166145324707,27.4375,27.53125,26.6875,26.8125,7564000
2000-09-20,14.55430030822754,26.90625,27.4375,26.625,27.40625,7440400
2000-09-21,14.334532737731934,26.5,27.09375,26.125,26.9375,8906400
2000-09-22,14.875463485717772,27.5,27.5,26.15625,26.34375,11423600
2000-09-25,14.875463485717772,27.5,28.09375,27.375,27.59375,8120600
2000-09-26,14.55430030822754,26.90625,27.71875,26.84375,27.375,9646800
2000-09-27,14.250028610229492,26.34375,27.0625,25.9375,26.9375,10652000
2000-09-28,14.605012893676758,27.0,27.1875,26.09375,26.5625,8149800
2000-09-29,14.165507316589355,26.1875,26.90625,26.0,26.625,9287600
2000-10-02,14.35144329071045,26.53125,26.5625,25.90625,26.3125,6038600
2000-10-03,14.655714988708496,27.09375,27.25,26.40625,26.6875,9244800
2000-10-04,14.266925811767578,26.375,27.375,26.09375,27.15625,8719800
2000-10-05,14.57119846343994,26.9375,26.96875,26.34375,26.375,7255200
2000-10-06,13.96265697479248,25.8125,27.0625,25.75,27.0625,8869400
2000-10-09,13.675288200378418,25.28125,26.0625,25.09375,26.0,6151600
2000-10-10,13.168166160583496,24.34375,25.375,23.96875,25.3125,12609000
2000-10-11,12.728665351867676,23.53125,24.375,22.75,24.34375,17528800
2000-10-12,12.052510261535645,22.28125,23.75,22.03125,23.625,13461200
2000-10-13,12.59343433380127,23.28125,23.875,22.59375,22.6875,9950600
2000-10-16,12.221550941467283,22.59375,23.03125,22.28125,23.0,16535600
2000-10-17,11.562296867370604,21.375,22.5625,21.1875,22.5625,16354400
2000-10-18,11.410158157348633,21.09375,21.6875,20.125,20.75,17018400
2000-10-19,11.917277336120604,22.03125,22.46875,21.40625,21.4375,11030400
2000-10-20,11.832761764526367,21.875,22.34375,21.75,22.0625,8862200
2000-10-23,11.832761764526367,21.875,21.96875,21.34375,21.78125,7581000
2000-10-24,12.035598754882812,22.25,22.6875,21.71875,21.90625,8341200
2000-10-25,11.917277336120604,22.03125,22.84375,21.90625,22.28125,9571400
2000-10-26,11.731334686279297,21.6875,22.40625,21.125,22.09375,12509800
2000-10-27,12.153937339782717,22.46875,22.46875,21.59375,22.0,9987000
2000-10-30,12.711763381958008,23.5,23.6875,22.3125,22.3125,13372000
2000-10-31,12.999134063720703,24.03125,24.09375,23.1875,23.5,11475600
2000-11-01,13.08364963531494,24.1875,24.28125,23.625,23.78125,8454800
2000-11-02,13.320300102233888,24.625,25.09375,24.21875,24.21875,10339200
2000-11-03,13.168166160583496,24.34375,24.59375,24.3125,24.4375,7605800
2000-11-06,13.810518264770508,25.53125,25.5625,24.46875,24.46875,12686400
2000-11-07,13.709094047546388,25.34375,25.6875,25.25,25.3125,8151400
2000-11-08,13.185073852539062,24.375,25.25,24.28125,25.25,11550000
2000-11-09,13.45553970336914,24.875,24.90625,24.21875,24.375,9283400
2000-11-10,13.08364963531494,24.1875,25.125,24.1875,24.75,8596000
2000-11-13,12.830093383789062,23.71875,24.34375,23.4375,23.78125,10939600
2000-11-14,12.407492637634276,22.9375,24.3125,22.53125,24.0625,18229200
2000-11-15,11.35944938659668,21.0,22.0,20.65625,21.6875,40690400
2000-11-16,11.325636863708496,20.9375,21.46875,20.84375,20.875,17389000
2000-11-17,10.903039932250977,20.15625,21.25,20.0625,20.90625,15500000
2000-11-20,10.632574081420898,19.65625,20.25,19.0,20.0,18536400
2000-11-21,10.717097282409668,19.8125,19.9375,19.15625,19.59375,15794000
2000-11-22,10.429734230041504,19.28125,19.65625,19.09375,19.375,12469200
2000-11-24,10.632574081420898,19.65625,19.71875,19.375,19.46875,6632400
2000-11-27,10.734004974365234,19.84375,19.96875,19.6875,19.875,9984800
2000-11-28,10.95375919342041,20.25,20.4375,19.625,19.625,11102400
2000-11-29,11.158757209777832,20.34375,20.59375,20.0,20.03125,12576800
2000-11-30,10.953067779541016,19.96875,20.6875,19.625,20.21875,14783600
2000-12-01,10.901641845703123,19.875,20.3125,19.625,20.0,10962000
2000-12-04,10.695948600769045,19.5,19.96875,19.40625,19.625,10072000
2000-12-05,11.295884132385254,20.59375,20.8125,19.25,19.5,18256800
2000-12-06,10.421700477600098,19.0,21.09375,18.15625,20.5,34591800
2000-12-07,10.695948600769045,19.5,19.5625,19.03125,19.25,22555000
2000-12-08,11.21018409729004,20.4375,20.65625,19.78125,19.8125,15146600
2000-12-11,11.912960052490234,21.71875,21.78125,20.40625,20.4375,18441800
2000-12-12,11.912960052490234,21.71875,21.75,21.125,21.375,12758600
2000-12-13,11.775835990905762,21.46875,21.9375,21.3125,21.71875,14410800
2000-12-14,11.6044282913208,21.15625,21.1875,20.65625,20.96875,11441200
2000-12-15,11.46729850769043,20.90625,21.21875,20.6875,20.6875,15267800
2000-12-18,11.930108070373535,21.75,21.90625,21.28125,21.34375,13112200
2000-12-19,12.13579559326172,22.125,22.96875,21.71875,21.875,22175800
2000-12-20,11.724414825439451,21.375,22.15625,21.15625,22.0,17412600
2000-12-21,12.56431770324707,22.90625,22.9375,21.46875,21.6875,15748800
2000-12-22,12.650026321411133,23.0625,23.4375,22.90625,23.125,9425200
2000-12-26,12.701443672180176,23.15625,23.375,22.5,23.0,7184000
2000-12-27,12.83857536315918,23.40625,23.40625,23.0625,23.28125,7222200
2000-12-28,12.83857536315918,23.40625,23.625,23.125,23.125,7008800
2000-12-29,12.581459999084473,22.9375,23.4375,22.75,23.4375,7570800
2001-01-02,12.821426391601562,23.375,23.375,22.5,22.65625,7021200
2001-01-03,13.695619583129885,24.96875,25.0,22.875,23.21875,20566800
2001-01-04,14.1241455078125,25.75,25.84375,24.6875,24.90625,22259200
2001-01-05,13.164251327514648,24.0,25.0,23.40625,23.8125,30578400
2001-01-08,13.232810020446776,24.125,24.4375,23.15625,23.5625,11865600
2001-01-09,12.889995574951172,23.5,24.375,23.3125,24.0,11454600
2001-01-10,13.318519592285156,24.28125,24.375,23.28125,23.375,14501000
2001-01-11,13.55848789215088,24.71875,24.78125,24.0625,24.34375,14693200
2001-01-12,13.455646514892578,24.53125,24.71875,24.0625,24.71875,8350600
2001-01-16,13.969881057739258,25.46875,25.65625,23.8125,24.125,21287800
2001-01-17,13.592778205871582,24.78125,25.46875,24.65625,25.46875,16560800
2001-01-18,13.42136573791504,24.46875,24.8125,24.125,24.75,11780000
2001-01-19,13.489931106567385,24.59375,24.96875,24.15625,24.75,11225800
2001-01-22,13.815606117248535,25.1875,25.4375,24.625,24.875,8684000
2001-01-23,13.815606117248535,25.1875,25.34375,24.78125,24.875,8757400
2001-01-24,14.004158973693848,25.53125,25.65625,24.6875,25.0,11042200
2001-01-25,14.1241455078125,25.75,26.1875,25.15625,25.5625,8711400
2001-01-26,14.58694839477539,26.59375,26.90625,25.5625,25.625,11745400
2001-01-29,14.815265655517578,27.01000022888184,27.209999084472656,26.350000381469727,27.0049991607666,13714000
2001-01-30,15.212934494018556,27.73500061035156,27.96999931335449,26.75,27.100000381469727,15187000
2001-01-31,14.760416030883787,26.90999984741211,27.96999931335449,26.90999984741211,27.64999961853028,15905800
2001-02-01,14.612316131591797,26.63999938964844,27.440000534057617,26.049999237060547,26.950000762939453,12553800
2001-02-02,14.700081825256348,26.799999237060547,27.475000381469727,26.709999084472656,26.799999237060547,9311200
2001-02-05,14.606840133666992,26.6299991607666,27.1200008392334,26.450000762939453,26.799999237060547,9242400
2001-02-06,13.976044654846191,25.479999542236328,26.315000534057617,25.229999542236328,25.9950008392334,13367200
2001-02-07,13.57563591003418,24.75,25.520000457763672,24.424999237060547,25.479999542236328,14626600
2001-02-08,13.36994171142578,24.375,25.0,24.280000686645508,25.0,11619600
2001-02-09,13.57563591003418,24.75,24.924999237060547,24.3799991607666,24.549999237060547,10775800
2001-02-12,13.72921371459961,25.030000686645508,25.155000686645508,24.850000381469727,24.875,8587800
2001-02-13,13.778578758239746,25.1200008392334,25.7450008392334,25.06999969482422,25.27499961853028,9626000
2001-02-14,13.93216323852539,25.39999961853028,25.575000762939453,25.104999542236328,25.125,8626000
2001-02-15,13.956846237182615,25.44499969482422,25.915000915527344,25.174999237060547,25.450000762939453,10574800
2001-02-16,14.096717834472656,25.700000762939453,25.959999084472656,25.32999992370605,25.56999969482422,8758000
2001-02-20,13.471413612365724,24.559999465942383,25.614999771118164,24.44499969482422,25.549999237060547,11386600
2001-02-21,13.095685958862305,23.875,24.924999237060547,23.84499931335449,24.5,13770400
2001-02-22,13.232810020446776,24.125,24.13500022888184,22.825000762939453,23.625,14869600
2001-02-23,13.47689723968506,24.56999969482422,24.979999542236328,23.52499961853028,23.924999237060547,9874800
2001-02-26,13.981531143188477,25.489999771118164,25.75,24.0,24.565000534057617,12056400
2001-02-27,14.104940414428713,25.71500015258789,26.155000686645508,24.96500015258789,25.48500061035156,12820200
2001-02-28,14.057808876037598,25.350000381469727,25.64999961853028,24.375,25.625,12699600
2001-03-01,13.680716514587402,24.670000076293945,24.850000381469727,23.77499961853028,24.424999237060547,13457400
2001-03-02,13.60030746459961,24.52499961853028,25.23500061035156,24.174999237060547,24.200000762939453,11280400
2001-03-05,13.608627319335938,24.540000915527344,24.850000381469727,24.21999931335449,24.52499961853028,8531400
2001-03-06,13.935809135437012,25.1299991607666,25.475000381469727,24.825000762939453,25.100000381469727,8971800
2001-03-07,14.626226425170898,26.375,26.375,25.13500022888184,25.225000381469727,11277000
2001-03-08,14.895182609558104,26.86000061035156,26.924999237060547,26.375,26.375,13711800
2001-03-09,14.55689525604248,26.25,26.625,26.075000762939453,26.600000381469727,8953400
2001-03-12,14.31290054321289,25.809999465942383,26.315000534057617,25.575000762939453,26.0,14741800
2001-03-13,15.042134284973145,27.125,27.125,26.100000381469727,26.39999961853028,16513600
2001-03-14,14.34894847869873,25.875,26.405000686645508,25.43000030517578,26.100000381469727,25571400
2001-03-15,14.487584114074709,26.125,26.440000534057617,25.950000762939453,26.049999237060547,12948800
2001-03-16,14.251906394958496,25.700000762939453,26.489999771118164,25.600000381469727,26.0,18050000
2001-03-19,14.68722152709961,26.48500061035156,26.700000762939453,25.43000030517578,25.575000762939453,10553800
2001-03-20,14.22140407562256,25.645000457763672,27.14999961853028,25.549999237060547,26.940000534057617,17218600
2001-03-21,14.12712860107422,25.475000381469727,26.5,25.2549991607666,25.89999961853028,16723400
2001-03-22,13.772225379943848,24.834999084472656,25.450000762939453,23.96999931335449,25.299999237060547,20123800
2001-03-23,14.634536743164062,26.38999938964844,26.38999938964844,24.975000381469727,25.049999237060547,15785400
2001-03-26,14.55689525604248,26.25,26.850000381469727,25.790000915527344,26.575000762939453,11939200
2001-03-27,15.105910301208496,27.239999771118164,27.34000015258789,25.59499931335449,25.875,19161000
2001-03-28,15.089266777038574,27.209999084472656,27.299999237060547,26.57999992370605,26.90999984741211,13029000
2001-03-29,14.739912033081056,26.57999992370605,27.049999237060547,26.375,26.77499961853028,11123800
2001-03-30,15.18077278137207,27.375,27.3799991607666,26.59000015258789,26.77499961853028,12760800
2001-04-02,14.9755859375,27.0049991607666,27.6200008392334,26.63999938964844,27.225000381469727,16126800
2001-04-03,14.487584114074709,26.125,26.950000762939453,25.80500030517578,26.950000762939453,14116800
2001-04-04,13.94967269897461,25.155000686645508,26.125,25.02499961853028,25.924999237060547,18445800
2001-04-05,14.376679420471191,25.924999237060547,26.27499961853028,25.645000457763672,25.799999237060547,11382400
2001-04-06,13.750040054321287,24.795000076293945,26.25,24.325000762939453,25.924999237060547,26638400
2001-04-09,14.03007984161377,25.299999237060547,25.780000686645508,25.02499961853028,25.174999237060547,9621200
2001-04-10,14.396082878112791,25.959999084472656,26.600000381469727,25.76499938964844,25.799999237060547,12583200
2001-04-11,14.570773124694824,26.27499961853028,27.09000015258789,26.13500022888184,26.950000762939453,11780000
2001-04-12,14.681678771972656,26.475000381469727,26.725000381469727,26.170000076293945,26.27499961853028,6576000
2001-04-16,14.543041229248049,26.225000381469727,27.1299991607666,26.100000381469727,26.52499961853028,15241400
2001-04-17,14.418264389038086,26.0,26.424999237060547,25.90999984741211,26.27499961853028,11540000
2001-04-18,15.300000190734863,27.59000015258789,27.75,26.02499961853028,26.125,23188400
2001-04-19,15.63827133178711,28.200000762939453,28.7450008392334,27.38500022888184,27.450000762939453,18648000
2001-04-20,15.25286865234375,27.5049991607666,28.19499969482422,27.4950008392334,28.19499969482422,13803200
2001-04-23,15.230672836303713,27.46500015258789,27.674999237060547,27.20499992370605,27.5049991607666,11155800
2001-04-24,15.111448287963867,27.25,27.81999969482422,27.225000381469727,27.600000381469727,8100800
2001-04-25,15.22236156463623,27.450000762939453,27.52499961853028,26.8799991607666,27.25,7681000
2001-04-26,15.283361434936523,27.559999465942383,27.799999237060547,27.209999084472656,27.52499961853028,8984800
2001-04-27,15.782453536987305,28.459999084472656,28.5,27.71500015258789,27.850000381469727,8606600
2001-04-30,15.527366638183594,28.0,28.700000762939453,27.75,28.549999237060547,10037000
2001-05-01,15.65213680267334,28.225000381469727,28.25,27.56999969482422,27.875,10729200
2001-05-02,15.557859420776367,28.05500030517578,28.395000457763672,27.93000030517578,28.25,9048400
2001-05-03,15.5134916305542,27.975000381469727,28.084999084472656,27.575000762939453,28.05500030517578,9332600
2001-05-04,15.632732391357422,28.190000534057617,28.3700008392334,27.59000015258789,27.75,8610800
2001-05-07,15.591139793395996,28.114999771118164,28.125,27.809999465942383,28.125,6231000
2001-05-08,15.446954727172852,27.854999542236328,28.174999237060547,27.780000686645508,28.174999237060547,5066600
2001-05-09,15.355456352233888,27.690000534057617,27.864999771118164,27.450000762939453,27.77499961853028,9901400
2001-05-10,15.466375350952148,27.88999938964844,28.020000457763672,27.799999237060547,28.0,6182000
2001-05-11,14.839727401733398,26.76000022888184,27.959999084472656,26.725000381469727,27.825000762939453,14266200
2001-05-14,15.083721160888672,27.200000762939453,27.200000762939453,26.81999969482422,26.950000762939453,9414800
2001-05-15,15.263961791992188,27.52499961853028,27.64999961853028,27.239999771118164,27.325000762939453,11294000
2001-05-16,15.67986297607422,28.27499961853028,28.295000076293945,27.299999237060547,27.424999237060547,10060200
2001-05-17,15.693733215332031,28.299999237060547,28.614999771118164,27.950000762939453,28.100000381469727,14768600
2001-05-18,15.804636001586914,28.5,28.575000762939453,28.190000534057617,28.190000534057617,8775400
2001-05-21,15.663229942321776,28.2450008392334,28.38500022888184,28.0,28.225000381469727,8715400
2001-05-22,16.25935935974121,29.31999969482422,29.38999938964844,28.200000762939453,28.200000762939453,15513000
2001-05-23,16.251047134399414,29.30500030517578,29.65999984741211,28.98500061035156,29.02499961853028,13571400
2001-05-24,16.633689880371094,29.9950008392334,30.0,29.405000686645508,29.5,12146400
2001-05-25,16.278772354125977,29.354999542236328,30.0,29.280000686645508,30.0,9941600
2001-05-29,16.525556564331055,29.799999237060547,29.864999771118164,29.475000381469727,29.5,9957200
2001-05-30,16.45277214050293,29.38999938964844,29.924999237060547,29.13999938964844,29.52499961853028,11551000
2001-05-31,16.584331512451172,29.625,29.725000381469727,29.174999237060547,29.51499938964844,12036400
2001-06-01,16.26244354248047,29.049999237060547,29.75,29.0,29.75,11831400
2001-06-04,16.410789489746094,29.315000534057617,29.52499961853028,29.13999938964844,29.5,9570200
2001-06-05,16.78026580810547,29.975000381469727,30.100000381469727,29.395000457763672,29.5,14663000
2001-06-06,16.707483291625977,29.84499931335449,29.934999465942383,29.27499961853028,29.549999237060547,11213600
2001-06-07,16.682294845581055,29.799999237060547,29.924999237060547,29.03499984741211,29.450000762939453,11580200
2001-06-08,16.522750854492188,29.51499938964844,29.625,29.225000381469727,29.39999961853028,5187800
2001-06-11,16.44157600402832,29.3700008392334,29.700000762939453,29.229999542236328,29.375,5647000
2001-06-12,16.542343139648438,29.549999237060547,29.64999961853028,28.88500022888184,29.290000915527344,9361000
2001-06-13,16.542343139648438,29.549999237060547,29.950000762939453,29.424999237060547,29.475000381469727,8730000
2001-06-14,16.150482177734375,28.850000381469727,29.475000381469727,28.77499961853028,29.350000381469727,10238200
2001-06-15,16.240055084228516,29.01000022888184,29.290000915527344,28.56999969482422,28.575000762939453,19419000
2001-06-18,16.5815372467041,29.6200008392334,29.739999771118164,28.86000061035156,29.225000381469727,9121400
2001-06-19,16.71588706970215,29.86000061035156,29.989999771118164,29.364999771118164,29.89999961853028,11606600
2001-06-20,16.833452224731445,30.06999969482422,30.575000762939453,29.64999961853028,29.64999961853028,16970200
2001-06-21,17.180524826049805,30.690000534057617,30.7450008392334,30.09499931335449,30.100000381469727,17187800
2001-06-22,17.33727264404297,30.96999931335449,31.09000015258789,30.459999084472656,30.815000534057617,14944000
2001-06-25,17.130149841308594,30.600000381469727,31.0,30.38999938964844,30.96999931335449,9602200
2001-06-26,16.90622901916504,30.200000762939453,30.350000381469727,29.81999969482422,30.100000381469727,11698600
2001-06-27,16.88382339477539,30.15999984741211,30.575000762939453,30.03499984741211,30.225000381469727,10013400
2001-06-28,16.788663864135742,29.989999771118164,30.61000061035156,29.950000762939453,30.14999961853028,10041400
2001-06-29,16.80265235900879,30.01499938964844,30.100000381469727,29.52499961853028,30.02499961853028,13302000
2001-07-02,16.934215545654297,30.25,30.31999969482422,29.850000381469727,30.01499938964844,7821200
2001-07-03,16.931407928466797,30.2450008392334,30.25,29.920000076293945,30.174999237060547,4774400
2001-07-05,16.872631072998047,30.13999938964844,30.350000381469727,30.049999237060547,30.125,4312400
2001-07-06,16.335216522216797,29.18000030517578,30.145000457763672,29.0,30.145000457763672,8881800
2001-07-09,16.491954803466797,29.459999084472656,29.545000076293945,29.125,29.225000381469727,6830200
2001-07-10,15.948948860168455,28.489999771118164,29.424999237060547,28.424999237060547,29.424999237060547,11411200
2001-07-11,16.052518844604492,28.674999237060547,28.70499992370605,27.59499931335449,28.2549991607666,13696200
2001-07-12,16.63469886779785,29.71500015258789,29.790000915527344,28.77499961853028,28.924999237060547,11812200
2001-07-13,16.864238739013672,30.125,30.2549991607666,29.545000076293945,29.71500015258789,9301600
2001-07-16,17.180524826049805,30.690000534057617,31.2450008392334,30.625,30.75,19454800
2001-07-17,17.82990264892578,31.850000381469727,32.165000915527344,30.915000915527344,31.0,23559800
2001-07-18,17.936264038085938,32.040000915527344,32.150001525878906,31.52499961853028,31.625,24389000
2001-07-19,17.77392578125,31.75,32.349998474121094,31.424999237060547,32.25,15832600
2001-07-20,17.59198760986328,31.424999237060547,31.600000381469727,31.13999938964844,31.59000015258789,9335200
2001-07-23,17.452035903930664,31.174999237060547,31.690000534057617,31.155000686645508,31.575000762939453,5177800
2001-07-24,17.35686683654785,31.0049991607666,31.434999465942383,30.850000381469727,31.299999237060547,9385800
2001-07-25,17.466026306152344,31.200000762939453,31.26499938964844,30.75,31.14999961853028,11382600
2001-07-26,17.664766311645508,31.55500030517578,31.64999961853028,31.155000686645508,31.25,7400400
2001-07-27,17.77392578125,31.75,32.0,31.55500030517578,31.55500030517578,5730200
2001-07-30,17.787914276123047,31.77499961853028,31.815000534057617,31.5,31.600000381469727,4768800
2001-07-31,17.807518005371094,31.809999465942383,31.959999084472656,31.670000076293945,31.77499961853028,7290000
2001-08-01,17.633974075317383,31.5,31.864999771118164,31.325000762939453,31.864999771118164,6042800
2001-08-02,17.762723922729492,31.729999542236328,31.81999969482422,31.5,31.64999961853028,7742400
2001-08-03,17.731937408447266,31.674999237060547,31.75,31.350000381469727,31.729999542236328,6278800
2001-08-06,17.5723934173584,31.38999938964844,31.834999084472656,31.315000534057617,31.725000381469727,6109000
2001-08-07,17.647966384887695,31.52499961853028,31.63999938964844,31.309999465942383,31.39999961853028,5450600
2001-08-08,17.58078384399414,31.405000686645508,31.89999961853028,31.28499984741211,31.450000762939453,7435800
2001-08-09,17.717941284179688,31.64999961853028,31.700000762939453,31.38999938964844,31.549999237060547,8195400
2001-08-10,17.60598373413086,31.450000762939453,31.700000762939453,31.28499984741211,31.700000762939453,8591800
2001-08-13,17.715150833129883,31.645000457763672,31.674999237060547,31.25,31.350000381469727,6421400
2001-08-14,17.51081657409668,31.280000686645508,31.81999969482422,31.25,31.75,7272600
2001-08-15,17.494016647338867,31.25,31.645000457763672,31.25,31.25,8329200
2001-08-16,17.74033546447754,31.690000534057617,31.75,31.1299991607666,31.299999237060547,9298400
2001-08-17,17.547203063964844,31.34499931335449,31.799999237060547,31.30500030517578,31.674999237060547,10905600
2001-08-20,17.79352569580078,31.78499984741211,31.84000015258789,31.424999237060547,31.424999237060547,7904800
2001-08-21,17.77672576904297,31.7549991607666,32.5,31.75,31.8700008392334,18047800
2001-08-22,18.09581184387207,32.32500076293945,32.349998474121094,31.475000381469727,32.04999923706055,11869800
2001-08-23,18.193777084350582,32.5,32.77000045776367,32.154998779296875,32.32500076293945,10438600
2001-08-24,17.70115089416504,31.6200008392334,32.4900016784668,31.559999465942383,32.40999984741211,12021400
2001-08-27,17.563997268676758,31.375,31.7450008392334,31.36000061035156,31.674999237060547,7536000
2001-08-28,17.314884185791016,30.93000030517578,31.475000381469727,30.924999237060547,31.375,9047400
2001-08-29,16.808256149291992,30.02499961853028,30.975000381469727,30.02499961853028,30.89999961853028,12449600
2001-08-30,16.85862922668457,30.114999771118164,30.475000381469727,29.8799991607666,29.950000762939453,13391200
2001-08-31,17.21411895751953,30.75,31.075000762939453,30.174999237060547,30.299999237060547,8776800
2001-09-04,17.328880310058594,30.95499992370605,31.395000457763672,30.26499938964844,30.375,13949200
2001-09-05,17.311933517456055,30.645000457763672,31.049999237060547,30.434999465942383,30.625,15066600
2001-09-06,16.885417938232422,29.88999938964844,30.575000762939453,29.375,30.450000762939453,17680400
2001-09-07,16.549287796020508,29.295000076293945,29.809999465942383,28.940000534057617,29.27499961853028,16347200
2001-09-10,16.283781051635742,28.825000762939453,29.325000762939453,28.65999984741211,29.075000762939453,16255600
2001-09-17,15.351659774780272,27.174999237060547,28.049999237060547,26.975000381469727,27.0,30120400
2001-09-18,15.555034637451172,27.53499984741211,27.575000762939453,26.86000061035156,27.174999237060547,17734400
2001-09-19,15.53526210784912,27.5,28.350000381469727,27.100000381469727,27.59000015258789,28698800
2001-09-20,15.14829444885254,26.815000534057617,27.575000762939453,26.5,27.5,21862400
2001-09-21,14.405426025390623,25.5,26.6299991607666,25.125,25.125,27687200
2001-09-24,15.069206237792969,26.674999237060547,27.239999771118164,26.209999084472656,26.440000534057617,17264800
2001-09-25,15.563504219055176,27.549999237060547,27.809999465942383,26.64999961853028,26.700000762939453,14381000
2001-09-26,15.549384117126465,27.52499961853028,27.975000381469727,27.25,27.924999237060547,11122400
2001-09-27,16.0662784576416,28.440000534057617,28.584999084472656,27.39999961853028,27.799999237060547,13723800
2001-09-28,16.495628356933594,29.200000762939453,29.299999237060547,28.739999771118164,28.875,17620400
2001-10-01,16.650970458984375,29.475000381469727,29.56999969482422,28.950000762939453,29.225000381469727,10449000
2001-10-02,16.80068016052246,29.739999771118164,29.799999237060547,29.02499961853028,29.475000381469727,13301000
2001-10-03,16.944726943969727,29.9950008392334,30.14999961853028,29.39999961853028,29.475000381469727,16663200
2001-10-04,16.634023666381836,29.44499969482422,30.114999771118164,29.200000762939453,29.9950008392334,16576400
2001-10-05,15.854439735412598,28.065000534057617,29.549999237060547,27.875,29.44499969482422,20000400
2001-10-08,15.32341766357422,27.125,28.06999969482422,26.93000030517578,28.06999969482422,15811200
2001-10-09,14.730257034301758,26.075000762939453,27.334999084472656,26.075000762939453,27.325000762939453,20811200
2001-10-10,15.478764533996582,27.39999961853028,27.825000762939453,26.209999084472656,26.299999237060547,15884600
2001-10-11,15.422270774841309,27.299999237060547,27.7450008392334,27.049999237060547,27.39999961853028,16259000
2001-10-12,14.973163604736328,26.5049991607666,27.075000762939453,26.049999237060547,27.075000762939453,14523600
2001-10-15,15.690610885620115,27.77499961853028,27.799999237060547,26.25,26.950000762939453,22450200
2001-10-16,16.30072021484375,28.854999542236328,29.200000762939453,28.170000076293945,28.225000381469727,20734800
2001-10-17,16.1284236907959,28.549999237060547,29.3799991607666,28.375,29.225000381469727,15595400
2001-10-18,16.100189208984375,28.5,28.8700008392334,28.375,28.55500030517578,9835400
2001-10-19,16.108646392822266,28.51499938964844,28.73500061035156,27.64999961853028,28.475000381469727,11661200
2001-10-22,16.498445510864258,29.20499992370605,29.52499961853028,28.51499938964844,28.520000457763672,11244400
2001-10-23,16.639671325683594,29.45499992370605,29.950000762939453,29.36000061035156,29.39999961853028,13118400
2001-10-24,16.93343734741211,29.975000381469727,30.0049991607666,29.63500022888184,29.75,11386800
2001-10-25,17.170703887939453,30.395000457763672,30.600000381469727,29.434999465942383,29.575000762939453,13377200
2001-10-26,17.13115119934082,30.325000762939453,30.68000030517578,30.209999084472656,30.325000762939453,9899200
2001-10-29,16.80632972717285,29.75,30.27499961853028,29.57999992370605,30.25,11741800
2001-10-30,16.665090560913086,29.5,29.950000762939453,29.0049991607666,29.25,11570800
2001-10-31,16.66227149963379,29.4950008392334,30.125,29.36000061035156,29.975000381469727,9537200
2001-11-01,16.93343734741211,29.975000381469727,30.25,29.174999237060547,29.600000381469727,11846400
2001-11-02,17.193300247192383,30.434999465942383,30.61000061035156,29.834999084472656,29.950000762939453,9253200
2001-11-05,17.238487243652344,30.51499938964844,31.09000015258789,30.39999961853028,30.674999237060547,9230200
2001-11-06,17.543546676635742,31.05500030517578,31.05500030517578,30.5,30.51499938964844,9783600
2001-11-07,17.72432518005371,31.375,31.63500022888184,30.95499992370605,31.0,9948000
2001-11-08,17.823162078857422,31.549999237060547,32.04999923706055,31.3700008392334,31.375,10949200
2001-11-09,17.809059143066406,31.52499961853028,31.770000457763672,31.225000381469727,31.39999961853028,8452400
2001-11-12,17.800586700439453,31.51000022888184,31.6200008392334,30.850000381469727,31.39999961853028,9694400
2001-11-13,17.924861907958984,31.729999542236328,32.025001525878906,31.64999961853028,31.674999237060547,8431800
2001-11-14,17.936166763305664,31.75,32.04999923706055,31.4950008392334,32.0,7892600
2001-11-15,17.86272430419922,31.6200008392334,31.915000915527344,31.48500061035156,31.600000381469727,9757600
2001-11-16,17.665002822875977,31.270000457763672,31.51000022888184,31.059999465942383,31.5049991607666,10821400
2001-11-19,18.06327247619629,31.975000381469727,32.0,31.375,31.38500022888184,8564200
2001-11-20,17.938987731933594,31.7549991607666,31.875,31.53499984741211,31.674999237060547,7294000
2001-11-21,17.95876121520996,31.790000915527344,32.23500061035156,31.674999237060547,31.725000381469727,8722800
2001-11-23,18.35702514648437,32.494998931884766,32.494998931884766,31.815000534057617,31.850000381469727,4089600
2001-11-26,18.3400821685791,32.46500015258789,32.494998931884766,32.20000076293945,32.25,7157600
2001-11-27,17.93051528930664,31.739999771118164,32.185001373291016,31.520000457763672,32.04999923706055,13207400
2001-11-28,17.430570602416992,30.854999542236328,31.950000762939453,30.854999542236328,31.64999961853028,15635600
2001-11-29,17.96441078186035,31.799999237060547,31.98500061035156,31.125,31.14999961853028,15955400
2001-11-30,17.337352752685547,30.690000534057617,31.315000534057617,30.64999961853028,31.049999237060547,17048800
2001-12-03,17.35147476196289,30.71500015258789,30.88999938964844,30.2450008392334,30.5,10781000
2001-12-04,17.608509063720703,31.170000076293945,31.200000762939453,30.200000762939453,30.64999961853028,8414200
2001-12-05,17.711183547973633,31.049999237060547,31.5049991607666,31.049999237060547,31.450000762939453,9795200
2001-12-06,17.96786880493164,31.5,31.61000061035156,30.9950008392334,31.174999237060547,9255400
2001-12-07,18.01920318603516,31.59000015258789,31.674999237060547,31.225000381469727,31.475000381469727,6423800
2001-12-10,17.60280418395996,30.86000061035156,31.59000015258789,30.70499992370605,31.350000381469727,7960000
2001-12-11,17.811006546020508,31.225000381469727,31.52499961853028,30.549999237060547,30.77499961853028,9805200
2001-12-12,17.93364143371582,31.440000534057617,31.440000534057617,31.01000022888184,31.100000381469727,7157200
2001-12-13,17.579992294311523,30.81999969482422,31.21500015258789,30.725000381469727,31.09000015258789,10265200
2001-12-14,17.51724624633789,30.709999084472656,30.950000762939453,30.5,30.52499961853028,9289000
2001-12-17,18.039167404174805,31.625,31.625,30.52499961853028,30.799999237060547,11429000
2001-12-18,17.990692138671875,31.540000915527344,31.825000762939453,31.364999771118164,31.59000015258789,8762400
2001-12-19,18.113327026367188,31.7549991607666,32.08000183105469,31.30500030517578,31.424999237060547,8569600
2001-12-20,17.996379852294922,31.549999237060547,31.975000381469727,31.5049991607666,31.739999771118164,9630400
2001-12-21,17.568580627441406,30.799999237060547,31.600000381469727,30.799999237060547,31.52499961853028,15204200
2001-12-24,17.625619888305664,30.89999961853028,31.200000762939453,30.88500022888184,31.125,3354400
2001-12-26,17.785341262817383,31.18000030517578,31.559999465942383,30.979999542236328,31.02499961853028,4360600
2001-12-27,17.95360565185547,31.475000381469727,31.75,31.200000762939453,31.200000762939453,6295600
2001-12-28,18.11902236938477,31.76499938964844,32.060001373291016,31.5,31.600000381469727,7869400
2001-12-31,17.95360565185547,31.475000381469727,31.875,31.40999984741211,31.875,5397400
2002-01-02,17.95646095275879,31.479999542236328,31.549999237060547,31.05500030517578,31.155000686645508,8669200
2002-01-03,17.936494827270508,31.44499969482422,31.950000762939453,31.3799991607666,31.479999542236328,8237600
2002-01-04,18.21599769592285,31.934999465942383,32.07500076293945,31.5049991607666,31.559999465942383,10598600
2002-01-07,17.999244689941406,31.55500030517578,31.690000534057617,31.200000762939453,31.200000762939453,10852200
2002-01-08,17.711183547973633,31.049999237060547,31.44499969482422,30.875,31.350000381469727,11914200
2002-01-09,17.66840362548828,30.975000381469727,31.5,30.82999992370605,31.125,8524200
2002-01-10,17.68267250061035,31.0,31.34000015258789,30.89999961853028,31.100000381469727,10527400
2002-01-11,17.368938446044922,30.450000762939453,31.13999938964844,30.450000762939453,31.125,9616400
2002-01-14,17.317604064941406,30.36000061035156,30.56999969482422,30.200000762939453,30.44499969482422,9339200
2002-01-15,17.525802612304688,30.725000381469727,30.924999237060547,30.28499984741211,30.39999961853028,12358800
2002-01-16,17.34041976928711,30.39999961853028,30.90999984741211,30.075000762939453,30.299999237060547,10224600
2002-01-17,17.431684494018555,30.559999465942383,30.75,30.5,30.52499961853028,8927400
2002-01-18,17.34041976928711,30.39999961853028,30.665000915527344,30.26000022888184,30.39999961853028,8546200
2002-01-22,17.873741149902344,31.334999084472656,31.36000061035156,30.5,30.75,16068400
2002-01-23,17.927940368652344,31.43000030517578,31.549999237060547,30.950000762939453,31.34000015258789,10192400
2002-01-24,18.253068923950195,32.0,32.0,31.559999465942383,31.77499961853028,14674400
2002-01-25,18.067689895629883,31.674999237060547,32.06999969482422,31.43000030517578,31.709999084472656,11100400
2002-01-28,18.15039825439453,31.81999969482422,31.98500061035156,31.51499938964844,31.625,9068000
2002-01-29,16.884090423583984,29.600000381469727,32.16999816894531,29.53499984741211,31.864999771118164,28117000
2002-01-30,17.5856990814209,30.82999992370605,30.96999931335449,29.950000762939453,30.02499961853028,27774800
2002-01-31,17.976423263549805,31.51499938964844,31.600000381469727,30.76499938964844,31.040000915527344,15095000
2002-02-01,17.500144958496094,30.68000030517578,31.450000762939453,30.4950008392334,31.27499961853028,14908000
2002-02-04,16.941123962402344,29.700000762939453,30.52499961853028,29.64999961853028,30.475000381469727,14934600
2002-02-05,16.79853057861328,29.450000762939453,29.75,28.95499992370605,29.39999961853028,17548000
2002-02-06,16.78428077697754,29.424999237060547,29.575000762939453,28.7549991607666,29.350000381469727,13978000
2002-02-07,16.812795639038086,29.475000381469727,30.299999237060547,29.36000061035156,29.424999237060547,13316800
2002-02-08,17.28338050842285,30.299999237060547,30.34000015258789,29.729999542236328,29.77499961853028,11691800
2002-02-11,17.468765258789062,30.625,30.71500015258789,30.0,30.27499961853028,10368000
2002-02-12,17.414573669433594,30.530000686645508,30.875,30.40999984741211,30.40999984741211,12272000
2002-02-13,17.716890335083008,31.059999465942383,31.3700008392334,30.559999465942383,30.700000762939453,12995800
2002-02-14,17.699777603149414,31.030000686645508,31.424999237060547,30.64999961853028,31.0,13994000
2002-02-15,17.34041976928711,30.39999961853028,30.89999961853028,30.39999961853028,30.75,15111200
2002-02-19,16.983911514282227,29.77499961853028,30.25,29.614999771118164,30.0,13777200
2002-02-20,17.448793411254883,30.59000015258789,30.625,29.68000030517578,29.89999961853028,14379400
2002-02-21,17.42882537841797,30.55500030517578,31.075000762939453,30.479999542236328,30.709999084472656,11352800
2002-02-22,17.488723754882812,30.65999984741211,30.89999961853028,30.01499938964844,30.55500030517578,11517200
2002-02-25,18.039167404174805,31.625,31.73500061035156,30.725000381469727,30.725000381469727,13312200
2002-02-26,18.15039825439453,31.81999969482422,32.03499984741211,31.34499931335449,31.625,13417800
2002-02-27,18.30011558532715,31.780000686645508,32.224998474121094,31.450000762939453,31.809999465942383,14275400
2002-02-28,18.41241455078125,31.975000381469727,32.369998931884766,31.809999465942383,31.920000076293945,13040600
2002-03-01,18.65713882446289,32.400001525878906,32.43000030517578,32.025001525878906,32.025001525878906,12071000
2002-03-04,19.1178035736084,33.20000076293945,33.375,32.48500061035156,32.5,26654800
2002-03-05,18.72911834716797,32.525001525878906,33.349998474121094,32.40999984741211,33.0,18157800
2002-03-06,19.204185485839844,33.349998474121094,33.599998474121094,32.61000061035156,32.70000076293945,14116400
2002-03-07,19.284807205200195,33.4900016784668,33.974998474121094,33.45000076293945,33.70000076293945,15431600
2002-03-08,19.52953338623047,33.915000915527344,34.14500045776367,33.75,33.95000076293945,13213600
2002-03-11,19.506500244140625,33.875,34.224998474121094,33.560001373291016,33.560001373291016,13500800
2002-03-12,19.57847595214844,34.0,34.125,33.375,33.375,12975000
2002-03-13,19.44891166687012,33.775001525878906,34.22999954223633,33.540000915527344,33.775001525878906,9238600
2002-03-14,19.2905502319336,33.5,33.94499969482422,33.400001525878906,33.67499923706055,8650600
2002-03-15,19.91822624206543,34.59000015258789,34.67499923706055,33.72999954223633,33.875,19066600
2002-03-18,19.811691284179688,34.404998779296875,34.68000030517578,34.25,34.310001373291016,10802400
2002-03-19,19.82608222961425,34.43000030517578,34.73500061035156,34.29999923706055,34.505001068115234,10798800
2002-03-20,19.532413482666016,33.91999816894531,34.29999923706055,33.880001068115234,33.97999954223633,7225200
2002-03-21,19.57847595214844,34.0,34.13999938964844,33.63999938964844,33.875,6761600
2002-03-22,19.76562118530273,34.32500076293945,34.724998474121094,33.875,34.005001068115234,9226600
2002-03-25,19.62166404724121,34.07500076293945,34.57500076293945,34.04999923706055,34.57500076293945,6856400
2002-03-26,19.90094375610352,34.560001373291016,34.709999084472656,34.025001525878906,34.029998779296875,9005600
2002-03-27,19.808809280395508,34.400001525878906,34.689998626708984,34.150001525878906,34.150001525878906,11604600
2002-03-28,19.584228515625,34.0099983215332,34.80500030517578,33.90999984741211,34.275001525878906,8347400
2002-04-01,19.62166404724121,34.07500076293945,34.15999984741211,33.42499923706055,33.525001525878906,10230800
2002-04-02,19.79440689086914,34.375,34.375,33.70500183105469,33.75,8533400
2002-04-03,19.65333747863769,34.130001068115234,34.5,34.029998779296875,34.349998474121094,9998200
2002-04-04,19.780017852783203,34.349998474121094,34.48500061035156,33.91999816894531,33.92499923706055,8415000
2002-04-05,19.84335899353028,34.459999084472656,34.849998474121094,34.349998474121094,34.349998474121094,8954600
2002-04-08,20.004589080810547,34.7400016784668,34.900001525878906,33.900001525878906,33.900001525878906,10931400
2002-04-09,20.06794166564941,34.849998474121094,34.974998474121094,34.68000030517578,34.7400016784668,8511200
2002-04-10,20.13702964782715,34.970001220703125,35.04499816894531,34.67499923706055,34.775001525878906,15897200
2002-04-11,19.7512264251709,34.29999923706055,34.96500015258789,34.025001525878906,34.900001525878906,12846800
2002-04-12,20.1687068939209,35.025001525878906,35.025001525878906,34.459999084472656,34.57500076293945,12408800
2002-04-15,19.923974990844727,34.599998474121094,35.244998931884766,34.275001525878906,35.025001525878906,15707600
2002-04-16,20.361602783203125,35.36000061035156,35.459999084472656,34.8849983215332,34.95000076293945,15885400
2002-04-17,20.3846435546875,35.400001525878906,35.599998474121094,35.04999923706055,35.2599983215332,14004600
2002-04-18,20.332820892333984,35.310001373291016,35.474998474121094,34.790000915527344,35.125,11307200
2002-04-19,20.62074089050293,35.810001373291016,35.974998474121094,35.3650016784668,35.5,12846200
2002-04-22,20.45950126647949,35.529998779296875,36.095001220703125,35.45000076293945,35.599998474121094,13940600
2002-04-23,20.73014640808105,36.0,36.18999862670898,35.400001525878906,35.5,13752200
2002-04-24,20.58618927001953,35.75,36.25,35.75,35.92499923706055,11599600
2002-04-25,20.39616203308105,35.41999816894531,35.775001525878906,35.28499984741211,35.57500076293945,13122400
2002-04-26,20.666810989379883,35.88999938964844,36.060001373291016,35.32500076293945,35.599998474121094,16733400
2002-04-29,20.519975662231445,35.6349983215332,36.14500045776367,35.54999923706055,35.75,10507600
2002-04-30,20.868358612060547,36.2400016784668,36.5,35.625,35.625,11827800
2002-05-01,20.799245834350582,36.119998931884766,36.43999862670898,35.7599983215332,36.02000045776367,11877000
2002-05-02,21.176427841186523,36.775001525878906,36.775001525878906,36.02000045776367,36.025001525878906,12411600
2002-05-03,21.21385955810547,36.84000015258789,37.0,36.525001525878906,36.57500076293945,9504800
2002-05-06,20.86547088623047,36.23500061035156,37.19499969482422,36.09999847412109,36.82500076293945,11719600
2002-05-07,21.006547927856445,36.47999954223633,36.93999862670898,36.3849983215332,36.59000015258789,13897200
2002-05-08,21.305986404418945,37.0,37.290000915527344,36.8849983215332,37.209999084472656,14052400
2002-05-09,21.426910400390625,37.209999084472656,37.47499847412109,36.72499847412109,36.79999923706055,12211400
2002-05-10,21.26280212402344,36.92499923706055,37.41999816894531,36.88999938964844,37.25,10408800
2002-05-13,21.59391212463379,37.5,37.5,36.92499923706055,36.92499923706055,11854800
2002-05-14,21.84727096557617,37.93999862670898,37.97999954223633,37.57500076293945,37.6349983215332,13379800
2002-05-15,21.85879135131836,37.959999084472656,38.25,37.57500076293945,37.57500076293945,11209200
2002-05-16,21.942283630371094,38.10499954223633,38.4900016784668,37.900001525878906,37.900001525878906,9952600
2002-05-17,22.140953063964844,38.45000076293945,38.5,38.22499847412109,38.42499923706055,12060600
2002-05-20,21.824249267578125,37.900001525878906,38.36000061035156,37.84999847412109,38.29499816894531,7851600
2002-05-21,21.59103012084961,37.494998931884766,38.17499923706055,37.46500015258789,38.0099983215332,12468400
2002-05-22,21.71771049499512,37.71500015258789,37.845001220703125,37.23500061035156,37.494998931884766,9651800
2002-05-23,22.0689754486084,38.32500076293945,38.36000061035156,37.900001525878906,37.95000076293945,9762800
2002-05-24,21.9221420288086,38.06999969482422,38.54499816894531,38.04999923706055,38.22499847412109,9245000
2002-05-28,21.798324584960938,37.85499954223633,38.150001525878906,37.79999923706055,38.06999969482422,8244800
2002-05-29,21.95956039428711,38.1349983215332,38.34999847412109,37.755001068115234,37.775001525878906,7656000
2002-05-30,21.85879135131836,37.959999084472656,38.275001525878906,37.755001068115234,37.790000915527344,8542200
2002-05-31,21.827117919921875,37.90499877929688,38.40499877929688,37.90499877929688,38.060001373291016,8579000
2002-06-03,21.435544967651367,37.22499847412109,38.125,37.185001373291016,37.8849983215332,11843200
2002-06-04,21.4211654663086,37.20000076293945,37.3650016784668,36.900001525878906,37.125,12731600
2002-06-05,21.249902725219727,36.60499954223633,37.29999923706055,36.54999923706055,37.04999923706055,11502200
2002-06-06,20.24560546875,34.875,36.625,34.75,36.60499954223633,21196000
2002-06-07,20.599727630615234,35.48500061035156,35.68000030517578,34.375,34.400001525878906,21196000
2002-06-10,20.64615821838379,35.564998626708984,35.8849983215332,35.5,35.5,11071800
2002-06-11,20.52425193786621,35.35499954223633,36.20000076293945,35.32500076293945,35.75,10921000
2002-06-12,20.65196418762207,35.57500076293945,35.84000015258789,35.125,35.275001525878906,13975400
2002-06-13,20.202062606811523,34.79999923706055,35.724998474121094,34.79999923706055,35.599998474121094,10077200
2002-06-14,20.6374454498291,35.54999923706055,35.77000045776367,34.25,34.349998474121094,18796200
2002-06-17,21.29344367980957,36.68000030517578,36.834999084472656,35.54999923706055,35.54999923706055,11954800
2002-06-18,21.479209899902344,37.0,37.06499862670898,36.400001525878906,36.59999847412109,10561800
2002-06-19,21.40664291381836,36.875,37.220001220703125,36.57500076293945,36.67499923706055,11045000
2002-06-20,20.927719116210938,36.04999923706055,36.82500076293945,35.875,36.75,13195000
2002-06-21,20.393638610839844,35.130001068115234,36.20000076293945,35.125,35.650001525878906,20842200
2002-06-24,20.42266273498535,35.18000030517578,35.67499923706055,34.70000076293945,35.0,14473000
2002-06-25,20.326885223388672,35.01499938964844,35.970001220703125,34.97999954223633,35.400001525878906,11919400
2002-06-26,19.57801055908203,33.724998474121094,34.474998474121094,33.40999984741211,34.04999923706055,22387200
2002-06-27,19.911800384521484,34.29999923706055,34.3849983215332,33.849998474121094,34.13999938964844,15906000
2002-06-28,20.42266273498535,35.18000030517578,35.25,34.345001220703125,34.400001525878906,14093000
2002-07-01,20.100475311279297,34.625,35.61000061035156,34.625,35.18000030517578,12482600
2002-07-02,20.17014503479004,34.744998931884766,35.209999084472656,34.29999923706055,34.625,13165000
2002-07-03,19.9698543548584,34.400001525878906,34.939998626708984,34.05500030517578,34.625,11107400
2002-07-05,20.55617332458496,35.40999984741211,35.45000076293945,34.900001525878906,35.0,7266800
2002-07-08,20.88127899169922,35.970001220703125,36.22499847412109,35.375,35.40999984741211,10838800
2002-07-09,20.387836456298828,35.119998931884766,36.34999847412109,35.01499938964844,36.13999938964844,14075400
2002-07-10,19.76668357849121,34.04999923706055,35.34000015258789,33.875,35.279998779296875,16285600
2002-07-11,20.071447372436523,34.57500076293945,34.875,33.650001525878906,33.82500076293945,15699600
2002-07-12,19.914714813232425,34.30500030517578,34.84000015258789,34.060001373291016,34.58000183105469,13371800
2002-07-15,19.67670249938965,33.89500045776367,34.0,32.375,33.54999923706055,22688200
2002-07-16,19.244213104248047,33.150001525878906,33.935001373291016,32.91999816894531,33.525001525878906,14742200
2002-07-17,18.866872787475582,32.5,33.85499954223633,32.20000076293945,33.625,15897000
2002-07-18,18.17314910888672,31.30500030517578,32.70000076293945,31.05500030517578,32.45000076293945,14895000
2002-07-19,17.856769561767578,30.76000022888184,31.30500030517578,30.52499961853028,31.174999237060547,16266800
2002-07-22,17.493942260742188,30.13500022888184,31.225000381469727,29.75,30.559999465942383,20690000
2002-07-23,16.806026458740234,28.950000762939453,30.600000381469727,28.64999961853028,30.25,30282400
2002-07-24,17.125303268432617,29.5,29.75,27.55500030517578,28.795000076293945,35287800
2002-07-25,17.40106201171875,29.975000381469727,30.5,28.9950008392334,29.200000762939453,24442600
2002-07-26,17.894502639770508,30.825000762939453,30.895000457763672,29.89999961853028,30.0,13935400
2002-07-29,18.663684844970703,32.150001525878906,32.25,30.940000534057617,31.600000381469727,15390800
2002-07-30,18.65789031982422,32.13999938964844,32.56999969482422,31.39999961853028,31.77499961853028,14503200
2002-07-31,19.3022518157959,33.25,33.25,32.13999938964844,32.29999923706055,17595800
2002-08-01,18.808822631835938,32.400001525878906,33.1349983215332,32.224998474121094,33.125,14379600
2002-08-02,18.43439102172852,31.7549991607666,32.3650016784668,31.34000015258789,32.275001525878906,13137200
2002-08-05,18.01350975036621,31.030000686645508,31.875,30.89999961853028,31.76000022888184,14106800
2002-08-06,18.49823760986328,31.864999771118164,32.77000045776367,31.575000762939453,31.625,12956800
2002-08-07,18.939434051513672,32.625,32.625,31.979999542236328,32.42499923706055,13150400
2002-08-08,19.85084724426269,34.19499969482422,34.349998474121094,32.82500076293945,32.869998931884766,16347800
2002-08-09,19.972755432128903,34.404998779296875,34.69499969482422,33.56999969482422,34.125,11041200
2002-08-12,19.86826515197754,34.224998474121094,34.435001373291016,33.45000076293945,33.92499923706055,9509400
2002-08-13,19.55188369750977,33.68000030517578,34.994998931884766,33.654998779296875,34.224998474121094,13428400
2002-08-14,20.02791213989257,34.5,34.650001525878906,33.25,33.68000030517578,15394400
2002-08-15,20.144018173217773,34.70000076293945,35.09000015258789,34.564998626708984,34.70000076293945,14115400
2002-08-16,19.943735122680664,34.35499954223633,34.775001525878906,34.29999923706055,34.474998474121094,10693800
2002-08-19,20.3471908569336,35.04999923706055,35.13999938964844,34.35499954223633,34.35499954223633,10599200
2002-08-20,20.03081512451172,34.505001068115234,34.900001525878906,34.310001373291016,34.75,9451800
2002-08-21,20.18465232849121,34.77000045776367,34.95500183105469,34.05500030517578,34.599998474121094,8370000
2002-08-22,20.41975784301757,35.17499923706055,35.29499816894531,34.560001373291016,34.61000061035156,9600400
2002-08-23,20.144018173217773,34.70000076293945,35.16999816894531,34.39500045776367,34.9900016784668,8659400
2002-08-26,20.60843276977539,35.5,35.75,34.625,35.125,11739000
2002-08-27,20.72453498840332,35.70000076293945,36.04499816894531,35.55500030517578,35.70000076293945,11534200
2002-08-28,20.32107353210449,35.005001068115234,35.59000015258789,34.75,35.35499954223633,9822600
2002-08-29,20.42266273498535,35.18000030517578,35.4900016784668,34.29999923706055,34.525001525878906,8516400
2002-08-30,20.34139060974121,35.040000915527344,35.54999923706055,34.90999984741211,35.07500076293945,8745600
2002-09-03,19.485116958618164,33.564998626708984,34.54499816894531,33.375,34.349998474121094,13533600
2002-09-04,19.73114776611328,33.685001373291016,33.92499923706055,33.30500030517578,33.474998474121094,11440200
2002-09-05,19.71649932861328,33.65999984741211,33.685001373291016,32.75,33.20000076293945,11224600
2002-09-06,20.293466567993164,34.64500045776367,34.779998779296875,33.96500015258789,34.025001525878906,12251800
2002-09-09,20.281753540039062,34.625,34.779998779296875,33.875,34.375,11795000
2002-09-10,20.070878982543945,34.26499938964844,34.67499923706055,33.91999816894531,34.625,9022400
2002-09-11,20.132387161254883,34.369998931884766,34.92499923706055,34.150001525878906,34.88999938964844,6122000
2002-09-12,19.719425201416016,33.665000915527344,34.314998626708984,33.55500030517578,34.310001373291016,8555000
2002-09-13,20.003522872924805,34.150001525878906,34.25,33.3849983215332,33.599998474121094,9796800
2002-09-16,20.202674865722656,34.4900016784668,34.4900016784668,33.75,34.0,8329200
2002-09-17,19.930299758911133,34.025001525878906,35.0,33.92499923706055,34.91999816894531,11468400
2002-09-18,19.41776657104492,33.150001525878906,33.56999969482422,32.880001068115234,33.150001525878906,18397000
2002-09-19,18.55670547485352,31.68000030517578,32.57500076293945,31.565000534057617,32.45000076293945,16487400
2002-09-20,18.480552673339844,31.549999237060547,31.825000762939453,31.13999938964844,31.684999465942383,24144600
2002-09-23,18.70021247863769,31.924999237060547,32.15999984741211,30.700000762939453,31.34000015258789,12708800
2002-09-24,18.15838623046875,31.0,32.39500045776367,30.95499992370605,31.77499961853028,15573400
2002-09-25,18.59770393371582,31.75,32.150001525878906,30.799999237060547,31.549999237060547,13811400
2002-09-26,19.30647087097168,32.959999084472656,33.064998626708984,32.0,32.25,13685600
2002-09-27,18.7675724029541,32.040000915527344,33.369998931884766,31.875,32.755001068115234,14120200
2002-09-30,18.685565948486328,31.89999961853028,32.44499969482422,31.0,32.03499984741211,16546400
2002-10-01,19.37383079528809,33.07500076293945,33.185001373291016,31.709999084472656,31.905000686645508,12892000
2002-10-02,18.79979133605957,32.095001220703125,33.18000030517578,31.875,32.54999923706055,15673000
2002-10-03,17.514060974121094,29.89999961853028,31.975000381469727,29.875,31.725000381469727,23276000
2002-10-04,16.98688507080078,29.0,30.63999938964844,28.440000534057617,29.950000762939453,21492200
2002-10-07,16.283971786499023,27.799999237060547,29.450000762939453,27.604999542236328,29.0049991607666,18664200
2002-10-08,16.752573013305664,28.600000381469727,29.225000381469727,27.89999961853028,28.225000381469727,23262400
2002-10-09,15.859309196472168,27.075000762939453,28.604999542236328,26.9950008392334,28.604999542236328,20963200
2002-10-10,16.59443473815918,28.32999992370605,28.645000457763672,26.975000381469727,27.075000762939453,16985600
2002-10-11,17.396913528442383,29.700000762939453,30.39999961853028,29.07999992370605,29.125,15836400
2002-10-14,17.780582427978516,30.354999542236328,30.575000762939453,29.350000381469727,29.70499992370605,11443600
2002-10-15,19.256681442260746,32.875,32.974998474121094,31.5,31.5,30901600
2002-10-16,19.578842163085938,33.42499923706055,33.5,32.54499816894531,32.54999923706055,20498400
2002-10-17,20.08552360534668,34.290000915527344,34.375,33.42499923706055,33.42499923706055,19231800
2002-10-18,20.3022518157959,34.65999984741211,34.974998474121094,34.025001525878906,34.29499816894531,16167800
2002-10-21,20.60391616821289,35.17499923706055,35.29999923706055,34.25,34.45000076293945,16888200
2002-10-22,20.398902893066406,34.82500076293945,35.07500076293945,34.529998779296875,34.70000076293945,14686200
2002-10-23,20.53069305419922,35.04999923706055,35.13999938964844,34.150001525878906,34.70000076293945,18444000
2002-10-24,20.05623817443848,34.2400016784668,35.349998474121094,34.084999084472656,35.16999816894531,13821400
2002-10-25,20.44869804382324,34.90999984741211,35.150001525878906,33.75,33.95000076293945,13621800
2002-10-28,20.35497665405273,34.75,35.494998931884766,34.599998474121094,35.400001525878906,13550000
2002-10-29,20.337406158447266,34.720001220703125,35.005001068115234,34.314998626708984,34.82500076293945,14682400
2002-10-30,20.63319969177246,35.224998474121094,35.494998931884766,34.84000015258789,34.92499923706055,12186000
2002-10-31,20.442832946777344,34.900001525878906,35.599998474121094,34.71500015258789,35.32500076293945,14313000
2002-11-01,20.57756423950196,35.130001068115234,35.3849983215332,34.525001525878906,34.599998474121094,10612600
2002-11-04,20.57756423950196,35.130001068115234,36.0,35.02000045776367,35.1349983215332,13113600
2002-11-05,20.80014038085937,35.5099983215332,35.665000915527344,34.95000076293945,35.0,9459600
2002-11-06,20.52776527404785,35.04499816894531,35.75,34.595001220703125,35.4900016784668,15957800
2002-11-07,19.75164031982422,33.720001220703125,35.04999923706055,33.53499984741211,35.04999923706055,14829000
2002-11-08,19.654998779296875,33.55500030517578,34.275001525878906,33.224998474121094,33.81999969482422,11900600
2002-11-11,19.5495548248291,33.375,33.790000915527344,33.29999923706055,33.525001525878906,7378000
2002-11-12,19.725284576416016,33.67499923706055,34.32500076293945,33.59000015258789,33.60499954223633,10981600
2002-11-13,19.71356964111328,33.654998779296875,34.25,33.125,33.54999923706055,12475400
2002-11-14,20.135311126708984,34.375,34.494998931884766,34.08000183105469,34.17499923706055,9758200
2002-11-15,20.14702796936035,34.39500045776367,34.5099983215332,34.0,34.380001068115234,10951400
2002-11-18,19.74286651611328,33.70500183105469,34.724998474121094,33.525001525878906,34.67499923706055,9449400
2002-11-19,19.98008728027344,34.11000061035156,34.4900016784668,33.29999923706055,33.709999084472656,12838200
2002-11-20,20.35497665405273,34.75,34.875,34.025001525878906,34.025001525878906,10154400
2002-11-21,20.91729164123535,35.709999084472656,35.875,34.755001068115234,34.755001068115234,15202000
2002-11-22,20.87335968017578,35.6349983215332,36.0,35.29499816894531,35.71500015258789,9998400
2002-11-25,20.85285758972168,35.599998474121094,36.0,35.345001220703125,35.6349983215332,9659200
2002-11-26,20.372539520263672,34.779998779296875,35.58000183105469,34.71500015258789,35.57500076293945,10350400
2002-11-27,20.79136276245117,35.494998931884766,35.650001525878906,34.90999984741211,35.07500076293945,8072600
2002-11-29,20.52483940124512,35.040000915527344,35.599998474121094,34.904998779296875,35.54499816894531,4974200
2002-12-02,20.24074363708496,34.55500030517578,35.650001525878906,34.375,35.04499816894531,15108600
2002-12-03,20.29639434814453,34.650001525878906,34.974998474121094,34.21500015258789,34.560001373291016,11371400
2002-12-04,20.352563858032227,34.42499923706055,34.875,34.14500045776367,34.224998474121094,12885800
2002-12-05,19.983049392700195,33.79999923706055,34.54999923706055,33.7599983215332,34.42499923706055,9349800
2002-12-06,20.1722354888916,34.119998931884766,34.54999923706055,33.54999923706055,33.57500076293945,12003200
2002-12-09,20.11606979370117,34.025001525878906,34.349998474121094,33.900001525878906,34.04999923706055,9576600
2002-12-10,20.509233474731445,34.689998626708984,34.689998626708984,33.95500183105469,34.029998779296875,8687800
2002-12-11,20.54471015930176,34.75,34.83000183105469,34.29499816894531,34.32500076293945,9990600
2002-12-12,20.556529998779297,34.77000045776367,35.025001525878906,34.55500030517578,34.95000076293945,8538400
2002-12-13,20.175195693969727,34.125,34.67499923706055,34.125,34.599998474121094,7195400
2002-12-16,20.7752742767334,35.13999938964844,35.349998474121094,34.20500183105469,34.275001525878906,10135000
2002-12-17,20.518112182617188,34.70500183105469,35.17499923706055,34.654998779296875,35.025001525878906,8419200
2002-12-18,20.240222930908203,34.23500061035156,34.525001525878906,33.95000076293945,34.125,11451200
2002-12-19,20.24910545349121,34.25,34.73500061035156,34.125,34.20000076293945,10848600
2002-12-20,20.78118324279785,35.150001525878906,35.150001525878906,34.584999084472656,34.685001373291016,13935800
2002-12-23,20.725027084350582,35.05500030517578,35.45000076293945,34.775001525878906,34.900001525878906,8917400
2002-12-24,20.61860656738281,34.875,35.1150016784668,34.84000015258789,35.05500030517578,2935800
2002-12-26,20.64521598815918,34.91999816894531,35.31999969482422,34.724998474121094,35.02000045776367,4670800
2002-12-27,20.44715881347656,34.584999084472656,35.099998474121094,34.45000076293945,34.91999816894531,6335000
2002-12-30,20.633384704589844,34.900001525878906,35.04999923706055,34.32500076293945,34.67499923706055,6909400
2002-12-31,20.565399169921875,34.78499984741211,35.0,34.314998626708984,34.900001525878906,7148400
2003-01-02,20.893524169921875,35.34000015258789,35.42499923706055,34.720001220703125,34.95500183105469,12584000
2003-01-03,20.763452529907227,35.119998931884766,35.279998779296875,34.77000045776367,35.04999923706055,7803400
2003-01-06,21.0620174407959,35.625,35.849998474121094,34.505001068115234,34.82500076293945,12500600
2003-01-07,21.09453010559082,35.68000030517578,35.93000030517578,35.415000915527344,35.630001068115234,9804800
2003-01-08,21.008808135986328,35.53499984741211,35.685001373291016,35.380001068115234,35.685001373291016,8487600
2003-01-09,21.28372573852539,36.0,36.040000915527344,35.70000076293945,35.70000076293945,8655400
2003-01-10,21.22460174560547,35.900001525878906,36.22499847412109,35.595001220703125,35.6349983215332,10312600
2003-01-13,21.396053314208984,36.18999862670898,36.244998931884766,35.79999923706055,36.025001525878906,9200200
2003-01-14,21.42561149597168,36.2400016784668,36.244998931884766,35.849998474121094,36.025001525878906,9981800
2003-01-15,21.121150970458984,35.724998474121094,36.25,35.435001373291016,36.2400016784668,12833200
2003-01-16,20.988113403320312,35.5,35.95500183105469,35.275001525878906,35.64500045776367,10803400
2003-01-17,21.13000869750977,35.7400016784668,35.779998779296875,35.18000030517578,35.2400016784668,10169000
2003-01-21,20.908292770385746,35.3650016784668,35.880001068115234,35.3650016784668,35.625,8987600
2003-01-22,20.958553314208984,35.45000076293945,35.7400016784668,35.1150016784668,35.369998931884766,13887400
2003-01-23,21.165489196777344,35.79999923706055,35.94499969482422,35.400001525878906,35.53499984741211,11231000
2003-01-24,20.580177307128903,34.810001373291016,35.79999923706055,34.779998779296875,35.79999923706055,12940400
2003-01-27,20.284570693969727,34.310001373291016,35.0,34.255001068115234,34.79999923706055,14438800
2003-01-28,20.42646026611328,34.54999923706055,34.665000915527344,34.25,34.314998626708984,8976000
2003-01-29,20.5713119506836,34.79499816894531,35.165000915527344,34.04999923706055,34.54999923706055,11114000
2003-01-30,20.311168670654297,34.35499954223633,34.994998931884766,34.275001525878906,34.599998474121094,10439200
2003-01-31,20.70729637145996,35.025001525878906,35.14500045776367,34.20000076293945,34.35499954223633,11305000
2003-02-03,20.701385498046875,35.01499938964844,35.2400016784668,34.81999969482422,35.025001525878906,8517400
2003-02-04,20.29048728942871,34.31999969482422,35.02000045776367,34.220001220703125,35.02000045776367,12388000
2003-02-05,20.24910545349121,34.25,35.07500076293945,34.1349983215332,34.5,13363200
2003-02-06,20.225454330444336,34.209999084472656,34.5099983215332,33.810001373291016,34.255001068115234,14258200
2003-02-07,20.08355712890625,33.970001220703125,34.584999084472656,33.81999969482422,34.21500015258789,9889600
2003-02-10,20.16337203979492,34.10499954223633,34.224998474121094,33.75,33.970001220703125,11253400
2003-02-11,20.02148056030273,33.8650016784668,34.584999084472656,33.720001220703125,34.10499954223633,11087000
2003-02-12,19.864805221557617,33.599998474121094,34.07500076293945,33.599998474121094,33.869998931884766,10268000
2003-02-13,19.983049392700195,33.79999923706055,33.994998931884766,33.275001525878906,33.70000076293945,11433200
2003-02-14,20.35847282409668,34.435001373291016,34.45000076293945,33.619998931884766,33.724998474121094,10414400
2003-02-18,20.636343002319336,34.904998779296875,35.029998779296875,34.435001373291016,34.435001373291016,9671800
2003-02-19,20.61860656738281,34.875,34.904998779296875,34.5,34.900001525878906,8897600
2003-02-20,20.53287696838379,34.72999954223633,34.91999816894531,34.61000061035156,34.875,8666000
2003-02-21,20.79893112182617,35.18000030517578,35.255001068115234,34.685001373291016,34.79999923706055,11533600
2003-02-24,20.299346923828125,34.334999084472656,35.17499923706055,34.32500076293945,35.0,11315600
2003-02-25,20.417591094970703,34.53499984741211,34.595001220703125,33.81999969482422,34.125,12131800
2003-02-26,20.198848724365234,34.165000915527344,34.53499984741211,34.029998779296875,34.53499984741211,13251600
2003-02-27,20.45602226257324,34.599998474121094,34.755001068115234,34.150001525878906,34.165000915527344,10065200
2003-02-28,20.467849731445312,34.619998931884766,35.04999923706055,34.45000076293945,34.625,12520400
2003-03-03,20.272743225097656,34.290000915527344,35.130001068115234,34.20000076293945,34.724998474121094,12544800
2003-03-04,20.11606979370117,34.025001525878906,34.75,34.01499938964844,34.334999084472656,9746800
2003-03-05,20.39359664916992,34.16999816894531,34.17499923706055,33.720001220703125,33.82500076293945,12694200
2003-03-06,20.33690643310547,34.07500076293945,34.25,33.665000915527344,34.16999816894531,10890600
2003-03-07,20.58756256103516,34.494998931884766,34.53499984741211,33.55500030517578,33.55500030517578,11318000
2003-03-10,19.94597816467285,33.41999816894531,34.220001220703125,33.29999923706055,34.125,12046800
2003-03-11,19.58489799499512,32.814998626708984,33.595001220703125,32.685001373291016,33.41999816894531,15528200
2003-03-12,19.647560119628903,32.91999816894531,32.92499923706055,32.130001068115234,32.724998474121094,17628800
2003-03-13,20.172775268554688,33.79999923706055,33.875,33.025001525878906,33.25,14148600
2003-03-14,20.086227416992188,33.654998779296875,34.224998474121094,33.595001220703125,33.92499923706055,12576000
2003-03-17,20.62635040283203,34.560001373291016,34.56999969482422,33.34000015258789,33.654998779296875,14287000
2003-03-18,20.39359664916992,34.16999816894531,34.650001525878906,33.91999816894531,34.564998626708984,12402200
2003-03-19,20.73976325988769,34.75,34.810001373291016,34.16999816894531,34.20000076293945,11742200
2003-03-20,20.74571990966797,34.7599983215332,34.974998474121094,33.974998474121094,34.75,12306000
2003-03-21,21.03817176818848,35.25,35.25,34.7599983215332,34.7599983215332,16477000
2003-03-24,20.530866622924805,34.400001525878906,34.849998474121094,34.334999084472656,34.625,11811400
2003-03-25,20.68305778503418,34.654998779296875,34.95000076293945,34.375,34.54499816894531,8564800
2003-03-26,20.456274032592773,34.275001525878906,34.73500061035156,34.19499969482422,34.71500015258789,10195200
2003-03-27,20.37867927551269,34.14500045776367,34.3849983215332,33.81999969482422,34.275001525878906,9681000
2003-03-28,20.465219497680664,34.290000915527344,34.46500015258789,33.86000061035156,34.14500045776367,9108200
2003-03-31,19.94597816467285,33.41999816894531,34.05500030517578,33.40999984741211,33.505001068115234,11451800
2003-04-01,20.292142868041992,34.0,34.0,33.599998474121094,33.724998474121094,13214600
2003-04-02,20.83525657653809,34.90999984741211,34.994998931884766,34.40999984741211,34.625,13986000
2003-04-03,20.647247314453125,34.595001220703125,35.099998474121094,34.54999923706055,35.0,10945200
2003-04-04,20.88896751403809,35.0,35.0,34.619998931884766,34.775001525878906,8445600
2003-04-07,20.721853256225582,34.720001220703125,35.75,34.720001220703125,35.349998474121094,15174400
2003-04-08,21.14261245727539,35.42499923706055,35.51499938964844,34.625,34.720001220703125,13142400
2003-04-09,20.93671607971192,35.08000183105469,35.65999984741211,35.02000045776367,35.02000045776367,13717600
2003-04-10,21.250045776367188,35.60499954223633,35.60499954223633,35.10499954223633,35.275001525878906,9260800
2003-04-11,21.2888412475586,35.66999816894531,36.0,35.28499984741211,35.28499984741211,11159600
2003-04-14,21.485795974731445,36.0,36.025001525878906,35.32500076293945,35.77000045776367,14626600
2003-04-15,21.688709259033203,36.34000015258789,36.47499847412109,35.5,36.0,13615800
2003-04-16,21.482810974121094,35.994998931884766,36.47499847412109,35.75,36.42499923706055,13037600
2003-04-17,21.74839401245117,36.43999862670898,36.45000076293945,35.95000076293945,35.994998931884766,9319200
2003-04-21,21.72452735900879,36.400001525878906,36.93999862670898,36.2599983215332,36.43999862670898,8177400
2003-04-22,22.15424537658692,37.119998931884766,37.20000076293945,36.18999862670898,36.2599983215332,13733200
2003-04-23,22.246749877929688,37.275001525878906,37.40499877929688,36.834999084472656,36.84999847412109,11959800
2003-04-24,21.95130920410156,36.77999877929688,37.275001525878906,36.57500076293945,36.78499984741211,11075400
2003-04-25,21.65887260437012,36.290000915527344,36.84999847412109,36.18999862670898,36.584999084472656,8547800
2003-04-28,21.98413276672364,36.834999084472656,37.09999847412109,36.29499816894531,36.32500076293945,8856000
2003-04-29,22.00503921508789,36.869998931884766,37.10499954223633,36.400001525878906,36.86000061035156,10198600
2003-04-30,22.0975399017334,37.025001525878906,37.22499847412109,36.65499877929688,36.81499862670898,11023600
2003-05-01,22.157224655151367,37.125,37.244998931884766,36.40499877929688,37.025001525878906,10601600
2003-05-02,22.354177474975582,37.45500183105469,37.494998931884766,36.98500061035156,37.025001525878906,11668000
2003-05-05,22.12439727783203,37.06999969482422,37.45500183105469,37.0099983215332,37.28499984741211,10577600
2003-05-06,22.204973220825195,37.20500183105469,37.43999862670898,36.92499923706055,37.07500076293945,10374400
2003-05-07,22.16021728515625,37.130001068115234,37.3849983215332,36.85499954223633,37.20500183105469,12018400
2003-05-08,21.990108489990234,36.845001220703125,37.2400016784668,36.7599983215332,36.900001525878906,9640200
2003-05-09,22.082624435424805,37.0,37.119998931884766,36.64500045776367,37.07500076293945,10074400
2003-05-12,22.23481750488281,37.255001068115234,37.36000061035156,36.755001068115234,36.915000915527344,8687200
2003-05-13,22.178110122680664,37.15999984741211,37.3650016784668,36.95500183105469,37.255001068115234,9294600
2003-05-14,22.06471824645996,36.970001220703125,37.27999877929688,36.84999847412109,37.25,7810200
2003-05-15,22.207958221435547,37.209999084472656,37.23500061035156,36.900001525878906,37.09999847412109,9063800
2003-05-16,22.13036727905273,37.08000183105469,37.244998931884766,36.89500045776367,36.915000915527344,10707600
2003-05-19,21.626049041748047,36.23500061035156,37.08000183105469,36.1150016784668,37.08000183105469,10856000
2003-05-20,21.637983322143555,36.255001068115234,36.560001373291016,36.02000045776367,36.32500076293945,9977600
2003-05-21,21.79912567138672,36.525001525878906,36.70000076293945,36.150001525878906,36.165000915527344,9787000
2003-05-22,21.82002067565918,36.560001373291016,36.82500076293945,36.40999984741211,36.5,9361200
2003-05-23,22.00801467895508,36.875,37.0,36.45000076293945,36.560001373291016,6137000
2003-05-27,22.378040313720703,37.494998931884766,37.5,36.51499938964844,36.625,12112200
2003-05-28,22.18408203125,37.16999816894531,37.625,37.125,37.38999938964844,15869000
2003-05-29,21.9572868347168,36.790000915527344,37.43999862670898,36.67499923706055,37.0,10486400
2003-05-30,22.142303466796875,37.09999847412109,37.30500030517578,36.900001525878906,36.93999862670898,10914600
2003-06-02,22.12141227722168,37.06499862670898,37.650001525878906,37.005001068115234,37.34999847412109,13884000
2003-06-03,22.59290885925293,37.85499954223633,37.86000061035156,37.13999938964844,37.13999938964844,14217200
2003-06-04,23.071441650390625,38.33000183105469,38.400001525878906,37.54999923706055,37.54999923706055,15276200
2003-06-05,23.089496612548828,38.36000061035156,38.70000076293945,37.73500061035156,37.73500061035156,11684000
2003-06-06,23.1496810913086,38.459999084472656,39.0,38.30500030517578,38.625,11757400
2003-06-09,22.8216495513916,37.915000915527344,38.459999084472656,37.755001068115234,38.150001525878906,9071600
2003-06-10,23.20384979248047,38.54999923706055,38.54999923706055,37.79999923706055,37.915000915527344,8608600
2003-06-11,23.59209251403809,39.19499969482422,39.22499847412109,38.40999984741211,38.6349983215332,11708200
2003-06-12,23.60713195800781,39.220001220703125,39.27999877929688,38.95000076293945,39.19499969482422,8836800
2003-06-13,23.622188568115234,39.244998931884766,39.3650016784668,39.01499938964844,39.21500015258789,7655200
2003-06-16,24.04352188110352,39.94499969482422,39.94499969482422,39.31499862670898,39.31499862670898,11025600
2003-06-17,24.02848243713379,39.91999816894531,39.97499847412109,39.69499969482422,39.97499847412109,9175600
2003-06-18,23.9953727722168,39.8650016784668,40.0,39.59999847412109,39.91999816894531,9997600
2003-06-19,23.59811210632324,39.20500183105469,39.875,39.150001525878906,39.8650016784668,10153600
2003-06-20,23.74858665466309,39.45500183105469,39.68000030517578,39.20500183105469,39.33000183105469,12829600
2003-06-23,23.45063591003418,38.959999084472656,39.57500076293945,38.79999923706055,39.459999084472656,12384000
2003-06-24,23.33928298950196,38.775001525878906,38.97999954223633,37.8849983215332,38.959999084472656,20650200
2003-06-25,23.670339584350582,39.32500076293945,39.845001220703125,38.67499923706055,38.70000076293945,24128800
2003-06-26,23.97431182861328,39.83000183105469,39.92499923706055,39.29999923706055,39.29999923706055,15608400
2003-06-27,23.959259033203125,39.80500030517578,39.93999862670898,39.650001525878906,39.76499938964844,12264400
2003-06-30,23.784704208374023,39.51499938964844,39.97999954223633,39.51499938964844,39.810001373291016,14915400
2003-07-01,24.07662582397461,40.0,40.0,39.27999877929688,39.45000076293945,13989000
2003-07-02,24.197002410888672,40.20000076293945,40.31499862670898,39.81999969482422,39.92499923706055,19887200
2003-07-03,24.079639434814453,40.005001068115234,40.36000061035156,39.77000045776367,40.20000076293945,9123800
2003-07-07,24.34749412536621,40.45000076293945,40.4900016784668,40.060001373291016,40.10499954223633,10966400
2003-07-08,24.52206039428711,40.7400016784668,40.875,40.34999847412109,40.34999847412109,9093400
2003-07-09,24.63340950012207,40.92499923706055,41.43999862670898,40.05500030517578,40.54999923706055,10688400
2003-07-10,24.55816650390625,40.79999923706055,40.97999954223633,40.53499984741211,40.92499923706055,10835200
2003-07-11,24.94339179992676,41.43999862670898,41.43999862670898,40.970001220703125,41.0,11561200
2003-07-14,25.1179428100586,41.72999954223633,42.45000076293945,41.560001373291016,41.70000076293945,23332000
2003-07-15,25.12998580932617,41.75,42.20000076293945,41.40499877929688,42.0,17591800
2003-07-16,24.913301467895508,41.38999938964844,41.875,41.04999923706055,41.86000061035156,12721200
2003-07-17,24.534086227416992,40.7599983215332,41.26499938964844,40.6150016784668,41.09000015258789,11370400
2003-07-18,25.02465057373047,41.57500076293945,41.57500076293945,40.880001068115234,40.900001525878906,10361800
2003-07-21,24.73271942138672,41.09000015258789,41.57500076293945,40.869998931884766,41.57500076293945,9352400
2003-07-22,25.03669166564941,41.595001220703125,41.845001220703125,40.93999862670898,41.07500076293945,9670600
2003-07-23,25.087852478027344,41.68000030517578,41.83000183105469,41.334999084472656,41.505001068115234,6604600
2003-07-24,24.66650390625,40.97999954223633,41.97499847412109,40.88999938964844,41.70500183105469,9175800
2003-07-25,25.13901138305664,41.76499938964844,41.76499938964844,40.875,41.07500076293945,7315400
2003-07-28,24.92835807800293,41.415000915527344,41.755001068115234,41.3650016784668,41.59999847412109,6675600
2003-07-29,24.94339179992676,41.43999862670898,41.77000045776367,41.06499862670898,41.415000915527344,8460800
2003-07-30,24.904277801513672,41.375,41.70000076293945,41.20000076293945,41.43999862670898,7289600
2003-07-31,24.85008811950684,41.28499984741211,41.900001525878906,41.25,41.70000076293945,9816000
2003-08-01,24.29934310913086,40.369998931884766,41.27999877929688,40.28499984741211,41.27999877929688,12767400
2003-08-04,24.55816650390625,40.79999923706055,40.84999847412109,39.94499969482422,40.369998931884766,11993800
2003-08-05,24.01643180847168,39.900001525878906,40.775001525878906,39.755001068115234,40.525001525878906,12028200
2003-08-06,24.25721740722656,40.29999923706055,40.630001068115234,39.755001068115234,39.900001525878906,10170000
2003-08-07,24.23613929748535,40.26499938964844,40.31499862670898,39.81499862670898,40.09999847412109,9044400
2003-08-08,24.4648666381836,40.64500045776367,40.66999816894531,40.34999847412109,40.5,6158400
2003-08-11,24.26021194458008,40.30500030517578,40.720001220703125,40.04999923706055,40.52000045776367,8421600
2003-08-12,24.50700187683105,40.71500015258789,40.744998931884766,40.255001068115234,40.310001373291016,7081400
2003-08-13,24.314382553100582,40.39500045776367,40.84999847412109,40.25,40.71500015258789,6107400
2003-08-14,24.50399780273437,40.709999084472656,40.75,40.15499877929688,40.45500183105469,5994400
2003-08-15,24.52806282043457,40.75,40.75,40.53499984741211,40.709999084472656,3451600
2003-08-18,24.39864730834961,40.53499984741211,40.67499923706055,40.345001220703125,40.57500076293945,6788600
2003-08-19,24.440792083740234,40.60499954223633,40.90499877929688,40.25,40.88999938964844,9750800
2003-08-20,24.591264724731445,40.85499954223633,40.97999954223633,40.32500076293945,40.60499954223633,7226600
2003-08-21,24.37456703186035,40.494998931884766,41.09000015258789,40.34999847412109,40.85499954223633,9304400
2003-08-22,23.589082717895508,39.18999862670898,40.69499969482422,39.119998931884766,40.650001525878906,18321200
2003-08-25,23.37239646911621,38.83000183105469,39.31499862670898,38.81499862670898,39.25,14025400
2003-08-26,23.441614151000977,38.94499969482422,39.09999847412109,38.60499954223633,38.83000183105469,14179600
2003-08-27,23.363359451293945,38.81499862670898,39.11000061035156,38.744998931884766,38.94499969482422,7649600
2003-08-28,23.56500244140625,39.150001525878906,39.2599983215332,38.72499847412109,38.84999847412109,8092200
2003-08-29,23.850906372070312,39.625,39.650001525878906,39.0099983215332,39.06499862670898,9163000
2003-09-02,23.905088424682617,39.71500015258789,39.95000076293945,39.52999877929688,39.625,15231000
2003-09-03,23.71355438232422,39.0,39.494998931884766,38.709999084472656,39.400001525878906,21272600
2003-09-04,23.17848014831543,38.119998931884766,38.75,37.95000076293945,38.70000076293945,23552600
2003-09-05,23.15111923217773,38.07500076293945,38.625,37.775001525878906,37.775001525878906,15824400
2003-09-08,23.4034481048584,38.4900016784668,38.61000061035156,38.17499923706055,38.27999877929688,11766000
2003-09-09,23.13896751403809,38.05500030517578,38.375,38.0099983215332,38.34999847412109,9464600
2003-09-10,22.761972427368164,37.435001373291016,37.90499877929688,37.290000915527344,37.900001525878906,16089800
2003-09-11,22.983901977539062,37.79999923706055,38.16999816894531,37.400001525878906,37.400001525878906,13984400
2003-09-12,23.053842544555664,37.915000915527344,38.09999847412109,37.70000076293945,37.79999923706055,13503000
2003-09-15,23.409534454345703,38.5,38.560001373291016,37.90499877929688,38.040000915527344,10104800
2003-09-16,23.60410499572754,38.81999969482422,38.81999969482422,38.369998931884766,38.470001220703125,13177000
2003-09-17,23.70443153381348,38.98500061035156,39.02999877929688,38.59999847412109,38.650001525878906,9741800
2003-09-18,24.227344512939453,39.845001220703125,40.0,38.9900016784668,39.0,14302000
2003-09-19,24.084457397460938,39.61000061035156,39.970001220703125,39.560001373291016,39.845001220703125,12757600
2003-09-22,23.895967483520508,39.29999923706055,39.40999984741211,39.025001525878906,39.125,9049800
2003-09-23,24.03276824951172,39.525001525878906,39.665000915527344,39.30500030517578,39.34999847412109,7939000
2003-09-24,23.83515739440918,39.20000076293945,39.68999862670898,39.04999923706055,39.57500076293945,9751600
2003-09-25,23.865571975708008,39.25,39.625,39.1349983215332,39.29999923706055,9767600
2003-09-26,23.95677375793457,39.400001525878906,39.53499984741211,39.165000915527344,39.32500076293945,12012800
2003-09-29,23.932451248168945,39.36000061035156,39.400001525878906,38.89500045776367,39.0,13573000
2003-09-30,23.72572135925293,39.02000045776367,39.36000061035156,38.77000045776367,39.36000061035156,13869000
2003-10-01,24.084457397460938,39.61000061035156,39.64500045776367,38.994998931884766,39.22499847412109,14240200
2003-10-02,24.07533073425293,39.595001220703125,39.720001220703125,39.375,39.45500183105469,8676200
2003-10-03,24.18477249145508,39.775001525878906,40.119998931884766,39.595001220703125,39.595001220703125,13703000
2003-10-06,24.458396911621094,40.22499847412109,40.31499862670898,39.775001525878906,39.92499923706055,7875000
2003-10-07,24.42799568176269,40.17499923706055,40.290000915527344,39.69499969482422,40.22499847412109,10539000
2003-10-08,24.42496490478516,40.16999816894531,40.27000045776367,39.94499969482422,40.125,6028800
2003-10-09,24.525291442871094,40.334999084472656,40.755001068115234,40.18999862670898,40.375,9283600
2003-10-10,24.66208839416504,40.560001373291016,40.68999862670898,40.28499984741211,40.29999923706055,6839200
2003-10-13,24.85058784484864,40.869998931884766,40.935001373291016,40.63999938964844,40.63999938964844,7647600
2003-10-14,25.08164405822754,41.25,41.375,40.86000061035156,41.375,12863000
2003-10-15,24.947887420654297,41.02999877929688,41.375,40.79499816894531,41.375,10601600
2003-10-16,24.908348083496094,40.96500015258789,41.10499954223633,40.720001220703125,41.02999877929688,11029000
2003-10-17,24.838436126708984,40.84999847412109,41.060001373291016,40.630001068115234,41.060001373291016,9599000
2003-10-20,24.7502670288086,40.70500183105469,40.83000183105469,40.150001525878906,40.150001525878906,9393800
2003-10-21,24.63169288635254,40.5099983215332,40.85499954223633,40.43000030517578,40.665000915527344,8557600
2003-10-22,24.634735107421875,40.51499938964844,40.95500183105469,40.25,40.95500183105469,7701400
2003-10-23,24.86274528503418,40.88999938964844,40.9900016784668,40.32500076293945,40.51499938964844,6893600
2003-10-24,24.8870792388916,40.93000030517578,40.9900016784668,40.45000076293945,40.88999938964844,7763000
2003-10-27,22.366743087768555,36.78499984741211,37.625,36.744998931884766,37.150001525878906,93370000
2003-10-28,22.147850036621094,36.42499923706055,37.060001373291016,36.22499847412109,36.790000915527344,62329600
2003-10-29,22.6069278717041,37.18000030517578,37.47499847412109,36.28499984741211,36.42499923706055,52769000
2003-10-30,22.853174209594727,37.584999084472656,37.7400016784668,37.09999847412109,37.5,37171200
2003-10-31,23.023435592651367,37.8650016784668,37.92499923706055,37.59999847412109,37.67499923706055,23301400
2003-11-03,23.10247039794922,37.994998931884766,37.994998931884766,37.40499877929688,37.875,25707000
2003-11-04,22.96566200256348,37.77000045776367,38.18999862670898,37.64500045776367,37.82500076293945,26455000
2003-11-05,23.166309356689453,38.09999847412109,38.09999847412109,37.29499816894531,37.77000045776367,23349600
2003-11-06,23.36089515686035,38.41999816894531,38.45000076293945,37.744998931884766,37.875,20095000
2003-11-07,23.15111923217773,38.07500076293945,38.48500061035156,38.06499862670898,38.47499847412109,16211200
2003-11-10,22.98694229125977,37.80500030517578,38.119998931884766,37.68000030517578,38.04999923706055,13692600
2003-11-11,22.95654296875,37.755001068115234,37.790000915527344,37.53499984741211,37.70000076293945,10710200
2003-11-12,23.047752380371094,37.90499877929688,38.040000915527344,37.560001373291016,37.57500076293945,11524800
2003-11-13,22.92613983154297,37.70500183105469,37.90999984741211,37.60499954223633,37.81499862670898,11586400
2003-11-14,22.71636199951172,37.36000061035156,37.72999954223633,37.255001068115234,37.70500183105469,13011600
2003-11-17,22.67076110839844,37.28499984741211,37.375,37.10499954223633,37.20000076293945,12905400
2003-11-18,22.482261657714844,36.97499847412109,37.369998931884766,36.92499923706055,37.34999847412109,13187000
2003-11-19,22.609956741333008,37.185001373291016,37.29999923706055,36.95500183105469,36.96500015258789,11986200
2003-11-20,22.497472763061523,37.0,37.38999938964844,36.880001068115234,37.01499938964844,11660000
2003-11-21,22.603878021240234,37.17499923706055,37.25,36.86000061035156,37.150001525878906,12748600
2003-11-24,22.771085739135746,37.45000076293945,37.4900016784668,37.14500045776367,37.22499847412109,12723400
2003-11-25,22.81670570373535,37.525001525878906,37.6349983215332,37.29999923706055,37.48500061035156,10843800
2003-11-26,22.944381713867188,37.73500061035156,37.744998931884766,37.14500045776367,37.14500045776367,12625000
2003-11-28,22.93222045898437,37.71500015258789,37.875,37.02999877929688,37.02999877929688,5382800
2003-12-01,23.211917877197266,38.17499923706055,38.17499923706055,37.32500076293945,37.32500076293945,14578400
2003-12-02,23.29096794128418,38.30500030517578,38.400001525878906,38.150001525878906,38.209999084472656,18055400
2003-12-03,23.180362701416016,37.72499847412109,38.0,37.65999984741211,37.95000076293945,16416400
2003-12-04,23.189592361450195,37.7400016784668,37.775001525878906,37.59000015258789,37.72499847412109,14279200
2003-12-05,23.07590103149414,37.55500030517578,37.875,37.54499816894531,37.67499923706055,11470400
2003-12-08,23.34933853149414,38.0,38.0,37.5,37.560001373291016,14351000
2003-12-09,23.168081283569336,37.70500183105469,38.095001220703125,37.60499954223633,38.09000015258789,13526000
2003-12-10,23.223377227783203,37.79499816894531,38.20000076293945,37.625,38.20000076293945,10213200
2003-12-11,23.315549850463867,37.94499969482422,37.9900016784668,37.775001525878906,37.84999847412109,12332600
2003-12-12,23.30325126647949,37.92499923706055,38.095001220703125,37.8849983215332,37.95000076293945,10176000
2003-12-15,23.4814395904541,38.21500015258789,38.55500030517578,38.11000061035156,38.34999847412109,17195400
2003-12-16,23.8101806640625,38.75,38.88999938964844,38.125,38.150001525878906,13961600
2003-12-17,23.92692375183105,38.93999862670898,38.9900016784668,38.68999862670898,38.75,9198800
2003-12-18,24.240297317504883,39.45000076293945,39.45000076293945,38.80500030517578,38.90999984741211,14935800
2003-12-19,24.27102279663086,39.5,39.67499923706055,39.32500076293945,39.45000076293945,17564800
2003-12-22,24.289453506469727,39.52999877929688,39.64500045776367,39.33000183105469,39.375,9015000
2003-12-23,24.366270065307617,39.65499877929688,39.720001220703125,39.380001068115234,39.400001525878906,9983400
2003-12-24,24.347829818725582,39.625,39.79999923706055,39.59000015258789,39.625,3195600
2003-12-26,24.452287673950195,39.79499816894531,39.82500076293945,39.5,39.54999923706055,3974800
2003-12-29,24.67041206359864,40.150001525878906,40.150001525878906,39.80500030517578,39.95000076293945,8800000
2003-12-30,24.731857299804688,40.25,40.25,40.0,40.005001068115234,6945400
2003-12-31,24.71036148071289,40.21500015258789,40.26499938964844,40.02999877929688,40.125,8070200
2004-01-02,24.29866409301757,39.54499816894531,40.21500015258789,39.45500183105469,39.875,16897000
2004-01-05,24.36933326721192,39.65999984741211,39.79999923706055,39.36000061035156,39.65999984741211,14535400
2004-01-06,24.32939338684082,39.595001220703125,39.69499969482422,39.400001525878906,39.560001373291016,15083600
2004-01-07,24.27409553527832,39.505001068115234,39.584999084472656,39.40499877929688,39.525001525878906,13346200
2004-01-08,24.286386489868164,39.525001525878906,39.56999969482422,39.375,39.505001068115234,13774200
2004-01-09,24.071327209472656,39.17499923706055,39.525001525878906,39.095001220703125,39.5,13173400
2004-01-12,24.117408752441406,39.25,39.29999923706055,39.08000183105469,39.09999847412109,10848600
2004-01-13,24.055965423583984,39.150001525878906,39.375,39.060001373291016,39.125,10750800
2004-01-14,24.347829818725582,39.625,39.650001525878906,39.15499877929688,39.15499877929688,12892800
2004-01-15,24.17270469665528,39.34000015258789,39.92499923706055,38.79999923706055,39.65499877929688,22091200
2004-01-16,24.277158737182617,39.5099983215332,39.625,39.09000015258789,39.34999847412109,14935800
2004-01-20,24.599760055541992,40.03499984741211,40.07500076293945,39.57500076293945,39.625,14564800
2004-01-21,25.146623611450195,40.92499923706055,40.98500061035156,39.97499847412109,40.03499984741211,18121600
2004-01-22,25.10054397583008,40.84999847412109,41.09999847412109,40.72499847412109,40.92499923706055,15677800
2004-01-23,24.968429565429688,40.6349983215332,41.16999816894531,40.494998931884766,41.0,12525800
2004-01-26,25.26644515991211,41.119998931884766,41.150001525878906,40.505001068115234,40.57500076293945,11386200
2004-01-27,25.192699432373047,41.0,41.36000061035156,40.994998931884766,41.150001525878906,14184200
2004-01-28,24.731857299804688,40.25,41.47499847412109,40.0,41.09999847412109,16121200
2004-01-29,24.86090087890625,40.459999084472656,40.52000045776367,40.0,40.5,13861000
2004-01-30,25.02680778503418,40.72999954223633,41.130001068115234,40.31499862670898,40.400001525878906,11857400
2004-02-02,25.0544548034668,40.775001525878906,41.040000915527344,40.57500076293945,40.72999954223633,10329800
2004-02-03,25.04217338562012,40.755001068115234,40.96500015258789,40.595001220703125,40.70000076293945,7410400
2004-02-04,25.10054397583008,40.84999847412109,41.03499984741211,40.560001373291016,40.560001373291016,10217800
2004-02-05,25.192699432373047,41.0,41.17499923706055,40.70000076293945,40.84999847412109,8777800
2004-02-06,25.42620277404785,41.380001068115234,41.42499923706055,41.0,41.0,8582800
2004-02-09,25.094396591186523,40.84000015258789,41.334999084472656,40.75,41.20000076293945,7605000
2004-02-10,25.07597541809082,40.810001373291016,40.92499923706055,40.625,40.84999847412109,9265200
2004-02-11,25.18964385986328,40.994998931884766,41.06499862670898,40.375,40.65999984741211,11446800
2004-02-12,25.085180282592773,40.82500076293945,41.095001220703125,40.7400016784668,40.875,5974200
2004-02-13,25.060596466064453,40.78499984741211,41.095001220703125,40.72499847412109,41.025001525878906,8155400
2004-02-17,25.149707794189453,40.93000030517578,41.275001525878906,40.85499954223633,40.900001525878906,7614800
2004-02-18,25.060596466064453,40.78499984741211,41.005001068115234,40.70000076293945,40.82500076293945,7458000
2004-02-19,24.999156951904297,40.685001373291016,41.119998931884766,40.65499877929688,40.78499984741211,9204400
2004-02-20,24.98992919921875,40.66999816894531,40.85499954223633,40.35499954223633,40.64500045776367,9703400
2004-02-23,25.192699432373047,41.0,41.040000915527344,40.59999847412109,40.70000076293945,9652400
2004-02-24,25.023738861083984,40.72499847412109,41.15999984741211,40.595001220703125,40.775001525878906,11676600
2004-02-25,25.10361671447754,40.85499954223633,40.994998931884766,40.68000030517578,40.75,8476400
2004-02-26,25.192699432373047,41.0,41.04999923706055,40.70500183105469,40.80500030517578,8446800
2004-02-27,25.168127059936523,40.959999084472656,41.2400016784668,40.76499938964844,40.95000076293945,13627000
2004-03-01,25.232635498046875,41.06499862670898,41.28499984741211,40.97999954223633,41.06999969482422,8755600
2004-03-02,25.346323013305664,41.25,41.375,41.025001525878906,41.08000183105469,14651400
2004-03-03,25.631736755371094,41.310001373291016,41.32500076293945,40.845001220703125,40.95000076293945,11514200
2004-03-04,25.476621627807617,41.060001373291016,41.27000045776367,41.0,41.20000076293945,8526000
2004-03-05,25.66897392272949,41.369998931884766,41.5,40.79999923706055,40.875,11972000
2004-03-08,25.575889587402344,41.220001220703125,41.435001373291016,41.130001068115234,41.20000076293945,8339400
2004-03-09,25.3680419921875,40.8849983215332,41.16999816894531,40.77999877929688,41.04999923706055,10125200
2004-03-10,24.815826416015625,39.994998931884766,40.89500045776367,39.90999984741211,40.88999938964844,12053200
2004-03-11,24.67930793762207,39.775001525878906,40.435001373291016,39.63999938964844,40.0,15975200
2004-03-12,24.918184280395508,40.15999984741211,40.220001220703125,39.82500076293945,39.92499923706055,10854400
2004-03-15,24.62967872619629,39.69499969482422,40.185001373291016,39.57500076293945,40.01499938964844,10856800
2004-03-16,24.853042602539062,40.05500030517578,40.125,39.82500076293945,40.07500076293945,13631600
2004-03-17,24.95852470397949,40.22499847412109,40.5,40.07500076293945,40.32500076293945,11188000
2004-03-18,24.84373664855957,40.040000915527344,40.165000915527344,39.78499984741211,39.92499923706055,11857000
2004-03-19,24.772369384765625,39.92499923706055,40.26499938964844,39.90499877929688,40.25,19400800
2004-03-22,24.42491912841797,39.3650016784668,39.75,39.25,39.72499847412109,14832200
2004-03-23,24.362869262695312,39.26499938964844,39.70500183105469,39.22499847412109,39.70500183105469,15793400
2004-03-24,24.294620513916016,39.15499877929688,39.45000076293945,39.0,39.290000915527344,14829000
2004-03-25,24.73824691772461,39.869998931884766,39.93000030517578,39.22999954223633,39.32500076293945,13512600
2004-03-26,24.84994888305664,40.04999923706055,40.19499969482422,39.75,39.79999923706055,14308000
2004-03-29,25.14156150817871,40.52000045776367,40.66999816894531,40.30500030517578,40.400001525878906,12083200
2004-03-30,25.3680419921875,40.8849983215332,40.97999954223633,40.4900016784668,40.51499938964844,11363600
2004-03-31,25.12294578552246,40.4900016784668,40.935001373291016,40.45500183105469,40.88999938964844,17437000
2004-04-01,25.274965286254883,40.73500061035156,40.97499847412109,40.625,40.72499847412109,12958000
2004-04-02,24.977134704589844,40.255001068115234,41.09000015258789,40.095001220703125,40.97499847412109,22860800
2004-04-05,25.20671272277832,40.625,40.64500045776367,39.96500015258789,40.255001068115234,15189800
2004-04-06,25.43938446044922,41.0,41.005001068115234,40.560001373291016,40.57500076293945,14484800
2004-04-07,25.26876449584961,40.72499847412109,40.9900016784668,40.72499847412109,40.95000076293945,11183200
2004-04-08,25.14466094970703,40.525001525878906,40.994998931884766,40.39500045776367,40.970001220703125,8213200
2004-04-12,25.43010139465332,40.98500061035156,40.994998931884766,40.619998931884766,40.625,10105000
2004-04-13,24.97403144836425,40.25,40.994998931884766,40.130001068115234,40.994998931884766,16865000
2004-04-14,24.84683990478516,40.04499816894531,40.43000030517578,39.54499816894531,39.625,23632200
2004-04-15,24.90578269958496,40.13999938964844,40.31999969482422,39.7599983215332,40.220001220703125,14383800
2004-04-16,25.060901641845703,40.38999938964844,40.5,40.07500076293945,40.22499847412109,14094600
2004-04-19,25.17879676818848,40.58000183105469,40.77999877929688,40.20000076293945,40.38999938964844,10681400
2004-04-20,24.84373664855957,40.040000915527344,40.82500076293945,40.040000915527344,40.58000183105469,12165600
2004-04-21,24.99885368347168,40.290000915527344,40.45000076293945,39.875,40.09999847412109,11839600
2004-04-22,25.250141143798828,40.69499969482422,40.900001525878906,40.14500045776367,40.345001220703125,12743200
2004-04-23,25.26876449584961,40.72499847412109,40.75,40.47499847412109,40.72499847412109,8803200
2004-04-26,25.20671272277832,40.625,40.81999969482422,40.56499862670898,40.72499847412109,9030400
2004-04-27,25.374252319335938,40.89500045776367,40.994998931884766,40.65999984741211,40.70000076293945,10603800
2004-04-28,25.09813117980957,40.45000076293945,40.77999877929688,40.45000076293945,40.709999084472656,9604200
2004-04-29,25.02057456970215,40.32500076293945,40.84999847412109,40.02999877929688,40.57500076293945,13749000
2004-04-30,24.97093391418457,40.244998931884766,40.47499847412109,40.07500076293945,40.34000015258789,10545800
2004-05-03,25.12294578552246,40.4900016784668,40.59000015258789,40.1150016784668,40.1150016784668,8869600
2004-05-04,25.29047393798828,40.7599983215332,40.95000076293945,40.375,40.46500015258789,11293800
2004-05-05,25.305997848510746,40.78499984741211,40.81999969482422,40.59999847412109,40.60499954223633,9738800
2004-05-06,24.84994888305664,40.04999923706055,40.630001068115234,39.75,40.45500183105469,14865400
2004-05-07,24.369081497192383,39.275001525878906,40.130001068115234,39.125,39.82500076293945,14631800
2004-05-10,24.17361831665039,38.959999084472656,39.11000061035156,38.505001068115234,39.04999923706055,16220800
2004-05-11,24.33184814453125,39.21500015258789,39.25,38.72499847412109,39.0,12327200
2004-05-12,24.92440795898437,40.16999816894531,40.18000030517578,39.20500183105469,39.525001525878906,18760800
2004-05-13,24.874755859375,40.09000015258789,40.59999847412109,39.97999954223633,39.97999954223633,14427400
2004-05-14,24.88096809387207,40.09999847412109,40.400001525878906,39.875,40.17499923706055,10800600
2004-05-17,24.7785873413086,39.935001373291016,40.40999984741211,39.619998931884766,39.625,12478400
2004-05-18,25.08261489868164,40.42499923706055,40.43999862670898,40.10499954223633,40.125,10636000
2004-05-19,25.02057456970215,40.32500076293945,40.89500045776367,40.29999923706055,40.59000015258789,13052000
2004-05-20,25.22842597961425,40.65999984741211,40.79999923706055,40.36000061035156,40.45000076293945,10673400
2004-05-21,25.274965286254883,40.73500061035156,40.93999862670898,40.6349983215332,40.7400016784668,9685400
2004-05-24,25.29978370666504,40.775001525878906,40.93999862670898,40.71500015258789,40.91999816894531,8437200
2004-05-25,25.575889587402344,41.220001220703125,41.22499847412109,40.525001525878906,40.61000061035156,13229400
2004-05-26,25.73100471496582,41.470001220703125,41.470001220703125,41.05500030517578,41.05500030517578,14386200
2004-05-27,25.628631591796875,41.30500030517578,41.56499862670898,40.92499923706055,41.5,14058000
2004-05-28,25.78995704650879,41.56499862670898,41.67499923706055,41.26499938964844,41.30500030517578,10294000
2004-06-01,25.76204872131348,41.52000045776367,41.54499816894531,41.22999954223633,41.400001525878906,11683400
2004-06-02,26.040834426879883,41.56499862670898,41.77000045776367,41.07500076293945,41.77000045776367,10461200
2004-06-03,26.00950813293457,41.51499938964844,41.65999984741211,41.375,41.525001525878906,8925800
2004-06-04,26.188060760498047,41.79999923706055,41.88999938964844,41.57500076293945,41.625,9897600
2004-06-07,26.510719299316406,42.31499862670898,42.345001220703125,41.8650016784668,41.869998931884766,11347400
2004-06-08,26.36035919189453,42.07500076293945,42.20000076293945,41.880001068115234,42.07500076293945,11520600
2004-06-09,26.17239570617676,41.775001525878906,42.10499954223633,41.7599983215332,41.95000076293945,7264400
2004-06-10,26.379154205322266,42.10499954223633,42.119998931884766,41.560001373291016,41.755001068115234,7477600
2004-06-14,25.859149932861328,41.275001525878906,42.03499984741211,41.275001525878906,41.84999847412109,10849400
2004-06-15,26.385412216186523,42.1150016784668,42.22499847412109,41.58000183105469,41.59999847412109,14701200
2004-06-16,26.29144096374512,41.96500015258789,42.255001068115234,41.959999084472656,42.125,11355200
2004-06-17,26.20998954772949,41.834999084472656,42.025001525878906,41.744998931884766,41.82500076293945,8878600
2004-06-18,26.473127365112305,42.255001068115234,42.31499862670898,41.875,41.90499877929688,9613000
2004-06-21,26.607839584350582,42.470001220703125,42.4900016784668,42.255001068115234,42.255001068115234,10067600
2004-06-22,26.476253509521484,42.2599983215332,42.43999862670898,42.10499954223633,42.3849983215332,12322000
2004-06-23,26.55457305908203,42.3849983215332,42.43000030517578,41.95500183105469,42.17499923706055,16322800
2004-06-24,26.764453887939453,42.720001220703125,42.84000015258789,42.43000030517578,42.47499847412109,13723000
2004-06-25,26.31336784362793,42.0,42.83000183105469,42.0,42.72499847412109,16040800
2004-06-28,26.538908004760746,42.36000061035156,42.60499954223633,42.125,42.42499923706055,11361600
2004-06-29,26.49191093444824,42.28499984741211,42.43999862670898,42.17499923706055,42.22999954223633,7428400
2004-06-30,26.507572174072266,42.310001373291016,42.595001220703125,41.93999862670898,42.290000915527344,10198800
2004-07-01,26.30710220336914,41.9900016784668,42.5,41.84999847412109,42.31499862670898,8796400
2004-07-02,26.385412216186523,42.1150016784668,42.46500015258789,41.935001373291016,42.0,5847800
2004-07-06,26.20685195922852,41.83000183105469,42.060001373291016,41.78499984741211,42.005001068115234,6669400
2004-07-07,26.385412216186523,42.1150016784668,42.27999877929688,41.86000061035156,41.95000076293945,6396800
2004-07-08,26.191186904907227,41.80500030517578,42.165000915527344,41.76499938964844,41.97499847412109,7413800
2004-07-09,26.285175323486328,41.95500183105469,42.11000061035156,41.82500076293945,42.04999923706055,6017200
2004-07-12,26.579627990722656,42.42499923706055,42.42499923706055,42.005001068115234,42.005001068115234,8271800
2004-07-13,26.667346954345703,42.56499862670898,42.65999984741211,42.26499938964844,42.34999847412109,9971000
2004-07-14,26.407337188720703,42.150001525878906,42.67499923706055,41.93999862670898,42.29999923706055,14940400
2004-07-15,26.2663803100586,41.92499923706055,42.375,41.92499923706055,42.2599983215332,11974200
2004-07-16,26.460588455200195,42.23500061035156,42.435001373291016,42.05500030517578,42.275001525878906,11502400
2004-07-19,26.74564743041992,42.68999862670898,42.85499954223633,42.334999084472656,42.400001525878906,10999200
2004-07-20,26.708066940307617,42.630001068115234,42.685001373291016,42.275001525878906,42.57500076293945,11247200
2004-07-21,26.285175323486328,41.95500183105469,42.79999923706055,41.95500183105469,42.72499847412109,10661400
2004-07-22,26.585906982421875,42.435001373291016,42.494998931884766,41.84999847412109,41.915000915527344,12562200
2004-07-23,26.58276557922364,42.43000030517578,42.595001220703125,42.220001220703125,42.38999938964844,9412800
2004-07-26,26.71120262145996,42.6349983215332,42.75,42.30500030517578,42.31499862670898,9489200
2004-07-27,26.626611709594727,42.5,42.69499969482422,42.21500015258789,42.63999938964844,11091600
2004-07-28,26.604700088500977,42.46500015258789,42.625,42.150001525878906,42.31499862670898,8186600
2004-07-29,26.617218017578125,42.48500061035156,42.720001220703125,42.31499862670898,42.59999847412109,6422200
2004-07-30,26.62975311279297,42.505001068115234,42.53499984741211,42.22499847412109,42.415000915527344,6810400
2004-08-02,26.83649444580078,42.834999084472656,42.91999816894531,42.310001373291016,42.400001525878906,7586800
2004-08-03,26.880355834960938,42.90499877929688,43.0,42.71500015258789,42.72499847412109,8211000
2004-08-04,26.657941818237305,42.54999923706055,42.77999877929688,42.40999984741211,42.755001068115234,8889200
2004-08-05,26.28204917907715,41.95000076293945,42.64500045776367,41.95000076293945,42.63999938964844,9471000
2004-08-06,26.285175323486328,41.95500183105469,42.345001220703125,41.70000076293945,41.92499923706055,10409600
2004-08-09,26.29144096374512,41.96500015258789,42.119998931884766,41.89500045776367,42.025001525878906,7536200
2004-08-10,26.626611709594727,42.5,42.5,41.959999084472656,41.994998931884766,8664400
2004-08-11,26.792633056640625,42.76499938964844,42.76499938964844,42.28499984741211,42.375,8985800
2004-08-12,26.723726272583008,42.65499877929688,42.79999923706055,42.56999969482422,42.63999938964844,7531800
2004-08-13,26.614089965820312,42.47999954223633,42.69499969482422,42.310001373291016,42.64500045776367,7832000
2004-08-16,26.97119331359864,43.04999923706055,43.04999923706055,42.435001373291016,42.47499847412109,9970400
2004-08-17,27.21554183959961,43.43999862670898,43.525001525878906,43.09999847412109,43.119998931884766,10672800
2004-08-18,27.394086837768555,43.72499847412109,43.869998931884766,43.375,43.42499923706055,11816400
2004-08-19,27.45986557006836,43.83000183105469,43.875,43.630001068115234,43.67499923706055,9856200
2004-08-20,27.723012924194336,44.25,44.275001525878906,43.65499877929688,43.755001068115234,10309600
2004-08-23,27.660364151000977,44.150001525878906,44.34999847412109,44.040000915527344,44.22499847412109,8469400
2004-08-24,27.782529830932617,44.345001220703125,44.34999847412109,44.07500076293945,44.150001525878906,9984400
2004-08-25,27.77939224243164,44.34000015258789,44.375,44.150001525878906,44.2599983215332,9729000
2004-08-26,27.629024505615234,44.09999847412109,44.470001220703125,44.09999847412109,44.290000915527344,8829400
2004-08-27,27.88277816772461,44.505001068115234,44.64500045776367,44.1150016784668,44.17499923706055,6883400
2004-08-30,27.923492431640625,44.56999969482422,44.869998931884766,44.52999877929688,44.790000915527344,6437700
2004-08-31,28.18036842346192,44.97999954223633,44.9900016784668,44.540000915527344,44.75,10125800
2004-09-01,27.62346076965332,43.650001525878906,44.61000061035156,43.45000076293945,44.45000076293945,14293900
2004-09-02,27.75004005432129,43.84999847412109,43.880001068115234,43.27000045776367,43.84999847412109,10074100
2004-09-03,27.59814643859864,43.61000061035156,44.11000061035156,43.52000045776367,44.0,7788600
2004-09-07,28.01582336425781,44.27000045776367,44.380001068115234,43.880001068115234,43.95000076293945,9494700
2004-09-08,27.914569854736328,44.11000061035156,44.4900016784668,44.02999877929688,44.02999877929688,7944500
2004-09-09,28.0791072845459,44.369998931884766,44.47999954223633,44.06999969482422,44.25,6696800
2004-09-10,28.22465705871582,44.59999847412109,44.77999877929688,44.220001220703125,44.2599983215332,6291400
2004-09-13,28.148725509643555,44.47999954223633,44.75,44.36000061035156,44.459999084472656,7544300
2004-09-14,28.066452026367188,44.34999847412109,44.58000183105469,44.06999969482422,44.27000045776367,7993400
2004-09-15,27.95253562927246,44.16999816894531,44.470001220703125,44.09000015258789,44.36000061035156,6568000
2004-09-16,28.060115814208984,44.34000015258789,44.38999938964844,44.150001525878906,44.290000915527344,5731900
2004-09-17,28.26262855529785,44.65999984741211,44.790000915527344,44.40999984741211,44.4900016784668,9626300
2004-09-20,28.0791072845459,44.369998931884766,44.5,44.119998931884766,44.400001525878906,7013700
2004-09-21,28.27528190612793,44.68000030517578,44.810001373291016,44.31999969482422,44.369998931884766,6711900
2004-09-22,27.794322967529297,43.91999816894531,44.68000030517578,43.59999847412109,44.15999984741211,9312700
2004-09-23,27.572837829589844,43.56999969482422,44.06999969482422,43.540000915527344,43.93000030517578,6091400
2004-09-24,27.83229637145996,43.97999954223633,44.22999954223633,43.54999923706055,43.59999847412109,9772100
2004-09-27,27.731040954589844,43.81999969482422,44.18999862670898,43.77000045776367,44.09999847412109,8371100
2004-09-28,27.642446517944336,43.68000030517578,43.900001525878906,43.38999938964844,43.75,8270700
2004-09-29,27.58549690246582,43.59000015258789,43.68999862670898,43.04999923706055,43.54999923706055,9114300
2004-09-30,27.420957565307617,43.33000183105469,43.72999954223633,43.13999938964844,43.68000030517578,9169000
2004-10-01,27.94620513916016,44.15999984741211,44.40999984741211,43.40999984741211,43.52999877929688,8748600
2004-10-04,28.066452026367188,44.34999847412109,44.66999816894531,44.25,44.38999938964844,6801500
2004-10-05,28.30061721801757,44.720001220703125,44.900001525878906,44.45000076293945,44.5099983215332,8014600
2004-10-06,28.63601875305176,45.25,45.369998931884766,44.83000183105469,44.91999816894531,9269600
2004-10-07,28.74992179870605,45.43000030517578,45.43000030517578,44.95000076293945,45.25,7423000
2004-10-08,28.566389083862305,45.13999938964844,45.58000183105469,45.02000045776367,45.369998931884766,6117800
2004-10-11,28.73725700378418,45.40999984741211,45.47999954223633,45.18000030517578,45.290000915527344,4367200
2004-10-12,28.81318664550781,45.52999877929688,45.58000183105469,45.0,45.0,8336500
2004-10-13,28.48411750793457,45.0099983215332,45.68999862670898,44.79999923706055,45.52999877929688,7803200
2004-10-14,27.97152328491211,44.20000076293945,45.11000061035156,44.02999877929688,44.79999923706055,13686700
2004-10-15,28.471481323242188,44.9900016784668,45.09000015258789,44.34000015258789,44.5,12905000
2004-10-18,28.465145111083984,44.97999954223633,45.04999923706055,44.65999984741211,44.7400016784668,7712800
2004-10-19,28.07278060913086,44.36000061035156,45.25,43.86000061035156,45.0,12862200
2004-10-20,27.66776657104492,43.720001220703125,44.36000061035156,43.22999954223633,44.36000061035156,13009600
2004-10-21,27.78800773620605,43.90999984741211,44.33000183105469,43.220001220703125,43.869998931884766,10874400
2004-10-22,27.718385696411133,43.79999923706055,44.380001068115234,43.72999954223633,43.79999923706055,7644300
2004-10-25,27.604476928710938,43.619998931884766,43.650001525878906,42.93999862670898,43.650001525878906,10422500
2004-10-26,27.76269721984864,43.869998931884766,43.95000076293945,43.52000045776367,43.619998931884766,8632300
2004-10-27,28.07278060913086,44.36000061035156,44.5,43.650001525878906,43.7599983215332,8503000
2004-10-28,28.174034118652344,44.52000045776367,44.77000045776367,44.09999847412109,44.09999847412109,7280000
2004-10-29,28.344900131225582,44.790000915527344,44.900001525878906,44.560001373291016,44.630001068115234,10054500
2004-11-01,28.547399520874023,45.11000061035156,45.18000030517578,44.81999969482422,44.91999816894531,8223900
2004-11-02,28.585372924804688,45.16999816894531,45.59999847412109,44.61000061035156,44.61000061035156,7889900
2004-11-03,28.8828125,45.63999938964844,45.95000076293945,45.5,45.7400016784668,9683900
2004-11-04,29.268842697143555,46.25,46.36000061035156,45.52999877929688,45.650001525878906,9109200
2004-11-05,29.078996658325195,45.95000076293945,46.45000076293945,45.86000061035156,46.25,9740300
2004-11-08,29.091657638549805,45.970001220703125,46.43999862670898,45.709999084472656,45.91999816894531,6992100
2004-11-09,29.06634330749512,45.93000030517578,46.25,45.81999969482422,46.20000076293945,7021400
2004-11-10,29.256202697753903,46.22999954223633,46.630001068115234,46.0,46.130001068115234,7132100
2004-11-11,29.813077926635746,47.11000061035156,47.25,46.470001220703125,46.5,9026400
2004-11-12,30.02192687988281,47.43999862670898,47.470001220703125,46.83000183105469,46.959999084472656,7514800
2004-11-15,29.952316284179688,47.33000183105469,47.470001220703125,47.11000061035156,47.18999862670898,7550400
2004-11-16,29.59792709350586,46.77000045776367,47.380001068115234,46.54999923706055,47.33000183105469,9642500
2004-11-17,29.48401641845703,46.59000015258789,47.2599983215332,46.36000061035156,47.02000045776367,9269900
2004-11-18,29.37009620666504,46.40999984741211,46.68000030517578,46.13999938964844,46.20000076293945,10505800
2004-11-19,29.01571273803711,45.84999847412109,46.2599983215332,45.61000061035156,46.15999984741211,12943700
2004-11-22,29.27517509460449,46.2599983215332,46.34000015258789,45.59999847412109,45.59999847412109,9023900
2004-11-23,29.363773345947266,46.400001525878906,46.43000030517578,46.0099983215332,46.02999877929688,8346000
2004-11-24,29.401729583740234,46.459999084472656,46.650001525878906,46.20000076293945,46.20000076293945,7115600
2004-11-26,29.40806770324707,46.470001220703125,46.68000030517578,46.27000045776367,46.36000061035156,2400800
2004-11-29,29.325794219970703,46.34000015258789,46.59999847412109,46.0,46.25,7712500
2004-11-30,29.281503677368164,46.27000045776367,46.43999862670898,46.0,46.130001068115234,8928800
2004-12-01,29.773578643798828,46.59000015258789,46.61000061035156,45.79999923706055,45.79999923706055,10775600
2004-12-02,29.664936065673828,46.41999816894531,46.7599983215332,46.25,46.40999984741211,6691600
2004-12-03,29.60102272033692,46.31999969482422,46.5099983215332,46.0099983215332,46.16999816894531,7228800
2004-12-06,29.71607208251953,46.5,46.54999923706055,46.04999923706055,46.06999969482422,6067300
2004-12-07,29.3006649017334,45.84999847412109,46.61000061035156,45.790000915527344,46.33000183105469,8282000
2004-12-08,29.466827392578125,46.11000061035156,46.22999954223633,45.75,46.04999923706055,7836800
2004-12-09,29.52434158325196,46.20000076293945,46.25,45.81999969482422,46.040000915527344,6202000
2004-12-10,29.31985092163086,45.880001068115234,46.16999816894531,45.75,45.95000076293945,6580800
2004-12-13,29.37097549438477,45.959999084472656,46.13999938964844,45.79999923706055,46.0,9732800
2004-12-14,29.287887573242188,45.83000183105469,45.970001220703125,45.65999984741211,45.810001373291016,9009500
2004-12-15,29.35179328918457,45.93000030517578,46.02000045776367,45.75,45.7599983215332,8868200
2004-12-16,29.454065322875977,46.09000015258789,46.130001068115234,45.75,45.810001373291016,9509400
2004-12-17,28.885284423828125,45.20000076293945,46.150001525878906,45.20000076293945,45.59999847412109,16696300
2004-12-20,29.08978271484375,45.52000045776367,45.95000076293945,45.27999877929688,45.5099983215332,8782100
2004-12-21,29.59461975097656,46.310001373291016,46.45000076293945,45.54999923706055,45.7599983215332,7447500
2004-12-22,29.90776634216309,46.79999923706055,46.88999938964844,46.2400016784668,46.31999969482422,8967500
2004-12-23,29.843881607055664,46.70000076293945,46.97999954223633,46.65999984741211,46.869998931884766,5191200
2004-12-27,29.81830596923828,46.65999984741211,46.90999984741211,46.619998931884766,46.619998931884766,4281800
2004-12-28,30.01641273498535,46.970001220703125,47.0099983215332,46.59999847412109,46.59999847412109,4913200
2004-12-29,29.94611930847168,46.86000061035156,47.040000915527344,46.77000045776367,46.77000045776367,5795400
2004-12-30,30.010040283203125,46.959999084472656,47.15999984741211,46.84999847412109,46.900001525878906,5628100
2004-12-31,30.029193878173828,46.9900016784668,47.220001220703125,46.77000045776367,46.810001373291016,5348800
2005-01-03,29.690492630004883,46.459999084472656,46.95000076293945,46.18000030517578,46.65999984741211,10238100
2005-01-04,29.28150749206543,45.81999969482422,46.72999954223633,45.7400016784668,46.40999984741211,10264100
2005-01-05,28.942813873291016,45.290000915527344,45.93999862670898,45.25,45.63999938964844,14796100
2005-01-06,28.8980712890625,45.220001220703125,45.630001068115234,44.9900016784668,45.41999816894531,14602200
2005-01-07,28.584932327270508,44.72999954223633,45.36000061035156,44.720001220703125,45.29999923706055,10547200
2005-01-10,28.942813873291016,45.290000915527344,45.34000015258789,44.77000045776367,44.77999877929688,11488600
2005-01-11,28.87251663208008,45.18000030517578,45.43000030517578,44.959999084472656,45.150001525878906,8900700
2005-01-12,28.79583168029785,45.060001373291016,45.34000015258789,44.7400016784668,45.18000030517578,9709300
2005-01-13,28.437959671020508,44.5,45.150001525878906,44.400001525878906,45.09999847412109,12200500
2005-01-14,28.68717765808105,44.88999938964844,45.0099983215332,44.59999847412109,44.84999847412109,11224200
2005-01-18,29.22398567199707,45.72999954223633,45.97999954223633,44.709999084472656,45.040000915527344,15553300
2005-01-19,28.73830223083496,44.970001220703125,45.380001068115234,44.91999816894531,45.25,10838600
2005-01-20,28.955585479736328,45.310001373291016,45.56999969482422,44.90999984741211,44.93000030517578,11086700
2005-01-21,28.81499481201172,45.09000015258789,45.5,45.02000045776367,45.2599983215332,8258900
2005-01-24,28.8980712890625,45.220001220703125,45.63999938964844,45.13999938964844,45.150001525878906,7088400
2005-01-25,29.1345157623291,45.59000015258789,45.900001525878906,45.22999954223633,45.22999954223633,7370000
2005-01-26,29.249547958374023,45.77000045776367,45.91999816894531,45.52999877929688,45.72999954223633,7771400
2005-01-27,29.096168518066406,45.52999877929688,45.77999877929688,45.34999847412109,45.560001373291016,5700200
2005-01-28,29.204811096191406,45.70000076293945,45.7599983215332,45.40999984741211,45.43000030517578,6836900
2005-01-31,29.63298225402832,46.369998931884766,46.43000030517578,45.900001525878906,45.95000076293945,10799200
2005-02-01,29.831090927124023,46.68000030517578,46.79999923706055,46.33000183105469,46.36000061035156,8110400
2005-02-02,29.863040924072266,46.72999954223633,46.75,46.400001525878906,46.45000076293945,7091700
2005-02-03,29.65216445922852,46.400001525878906,46.59999847412109,46.2400016784668,46.45000076293945,7452400
2005-02-04,29.96528434753418,46.88999938964844,46.900001525878906,46.29999923706055,46.29999923706055,7539900
2005-02-07,29.80551528930664,46.63999938964844,46.84999847412109,46.5099983215332,46.68000030517578,7041700
2005-02-08,29.96528434753418,46.88999938964844,46.93000030517578,46.54999923706055,46.54999923706055,4591400
2005-02-09,29.677711486816406,46.43999862670898,46.97999954223633,46.43000030517578,46.86000061035156,5396800
2005-02-10,29.9908504486084,46.93000030517578,47.0,46.59999847412109,46.650001525878906,6027900
2005-02-11,29.92054557800293,46.81999969482422,47.06999969482422,46.630001068115234,46.93000030517578,7038700
2005-02-14,29.9908504486084,46.93000030517578,47.09000015258789,46.79999923706055,46.88999938964844,5887300
2005-02-15,30.073944091796875,47.060001373291016,47.06999969482422,46.7599983215332,46.79999923706055,5792600
2005-02-16,29.888607025146484,46.77000045776367,46.900001525878906,46.5,46.77000045776367,6073000
2005-02-17,29.626588821411133,46.36000061035156,47.0,46.34000015258789,46.75,9197800
2005-02-18,29.23038101196289,45.7400016784668,46.36000061035156,45.650001525878906,46.34999847412109,11250300
2005-02-22,28.885284423828125,45.20000076293945,45.72999954223633,45.15999984741211,45.54999923706055,12081600
2005-02-23,29.22398567199707,45.72999954223633,45.97999954223633,45.380001068115234,45.54999923706055,7740000
2005-02-24,29.52434158325196,46.20000076293945,46.400001525878906,45.619998931884766,45.650001525878906,9387700
2005-02-25,29.90139579772949,46.790000915527344,46.9900016784668,45.900001525878906,46.09999847412109,8157100
2005-02-28,29.811906814575195,46.650001525878906,46.900001525878906,46.33000183105469,46.54999923706055,10043400
2005-03-01,30.08669662475586,47.08000183105469,47.20000076293945,46.63999938964844,46.650001525878906,10527200
2005-03-02,30.04800796508789,46.56999969482422,46.81999969482422,46.369998931884766,46.400001525878906,9691700
2005-03-03,29.89314842224121,46.33000183105469,46.7400016784668,45.86000061035156,46.52999877929688,9103300
2005-03-04,30.183494567871094,46.77999877929688,46.900001525878906,46.5,46.59999847412109,8889400
2005-03-07,29.983482360839844,46.470001220703125,46.88999938964844,46.45000076293945,46.70000076293945,7653200
2005-03-08,29.84798240661621,46.2599983215332,46.459999084472656,45.95000076293945,46.25,7804800
2005-03-09,29.48665237426757,45.70000076293945,46.20000076293945,45.52999877929688,46.150001525878906,10203500
2005-03-10,29.589893341064453,45.86000061035156,46.220001220703125,45.560001373291016,45.79999923706055,8026800
2005-03-11,29.53182029724121,45.77000045776367,46.09999847412109,45.54999923706055,45.88999938964844,7595000
2005-03-14,29.551176071166992,45.79999923706055,45.84999847412109,45.27000045776367,45.72999954223633,9219900
2005-03-15,29.38343048095703,45.540000915527344,46.20000076293945,45.52000045776367,45.70000076293945,7143800
2005-03-16,28.90594291687012,44.79999923706055,45.2599983215332,44.650001525878906,45.20000076293945,12799200
2005-03-17,28.893051147460938,44.77999877929688,45.15999984741211,44.70000076293945,44.900001525878906,7583800
2005-03-18,28.99627494812012,44.93999862670898,45.13999938964844,44.45000076293945,44.880001068115234,19222100
2005-03-21,28.583335876464844,44.29999923706055,44.72999954223633,43.93000030517578,44.63999938964844,10031000
2005-03-22,28.17040252685547,43.65999984741211,44.52999877929688,43.400001525878906,44.41999816894531,12770500
2005-03-23,28.376861572265625,43.97999954223633,44.220001220703125,43.41999816894531,43.5099983215332,16983100
2005-03-24,28.22847366333008,43.75,44.52999877929688,43.75,44.25,10748400
2005-03-28,28.57689094543457,44.290000915527344,44.7400016784668,43.970001220703125,44.02999877929688,12028800
2005-03-29,28.31879425048828,43.88999938964844,44.47999954223633,43.79999923706055,44.29999923706055,11567100
2005-03-30,28.40267944335937,44.02000045776367,44.20000076293945,43.630001068115234,43.79999923706055,12252600
2005-03-31,28.45429039001465,44.09999847412109,44.5,43.86000061035156,44.09999847412109,12242400
2005-04-01,28.39622688293457,44.0099983215332,44.68000030517578,43.720001220703125,44.41999816894531,11748100
2005-04-04,28.49300193786621,44.15999984741211,44.22999954223633,43.5099983215332,43.900001525878906,12265300
2005-04-05,28.589807510375977,44.310001373291016,44.61000061035156,44.150001525878906,44.34999847412109,8477100
2005-04-06,28.776918411254883,44.59999847412109,44.90999984741211,44.400001525878906,44.560001373291016,8186000
2005-04-07,28.9253044128418,44.83000183105469,45.130001068115234,44.75,44.84999847412109,8529100
2005-04-08,28.828519821166992,44.68000030517578,45.18000030517578,44.630001068115234,45.09999847412109,6728400
2005-04-11,29.02210235595703,44.97999954223633,45.16999816894531,44.810001373291016,44.95000076293945,6809600
2005-04-12,29.370519638061523,45.52000045776367,45.79999923706055,44.650001525878906,44.900001525878906,10269300
2005-04-13,29.10598373413086,45.11000061035156,45.720001220703125,44.86000061035156,45.38999938964844,8569000
2005-04-14,28.828519821166992,44.68000030517578,45.09999847412109,44.650001525878906,45.02000045776367,9956000
2005-04-15,28.570446014404297,44.27999877929688,44.97999954223633,44.0099983215332,44.470001220703125,13423000
2005-04-18,28.86078643798828,44.72999954223633,44.95000076293945,44.38999938964844,44.63999938964844,16980700
2005-04-19,28.98983383178711,44.93000030517578,45.09999847412109,44.7400016784668,44.79999923706055,9657400
2005-04-20,28.538179397583008,44.22999954223633,44.93999862670898,44.09999847412109,44.93000030517578,11100500
2005-04-21,28.641407012939453,44.38999938964844,44.59999847412109,43.470001220703125,44.400001525878906,12941300
2005-04-22,28.62851333618164,44.369998931884766,44.70000076293945,43.84999847412109,44.27000045776367,8948300
2005-04-25,28.9253044128418,44.83000183105469,44.90999984741211,44.25,44.720001220703125,8189300
2005-04-26,28.783361434936523,44.61000061035156,45.0099983215332,44.54999923706055,44.650001525878906,7244800
2005-04-27,28.951122283935547,44.869998931884766,44.9900016784668,44.20000076293945,44.290000915527344,9465300
2005-04-28,28.8349838256836,44.68999862670898,45.02000045776367,44.52999877929688,44.65999984741211,7992700
2005-04-29,29.06080436706543,45.040000915527344,45.060001373291016,44.36000061035156,44.86000061035156,10723600
2005-05-02,29.25438117980957,45.34000015258789,45.38999938964844,44.810001373291016,44.83000183105469,7910400
2005-05-03,29.26727104187012,45.36000061035156,45.72999954223633,45.11000061035156,45.29999923706055,9886800
2005-05-04,29.660871505737305,45.970001220703125,45.97999954223633,45.18999862670898,45.59999847412109,9779100
2005-05-05,29.58342361450196,45.84999847412109,46.150001525878906,45.38999938964844,45.81999969482422,8165200
2005-05-06,29.351158142089844,45.4900016784668,45.95000076293945,45.36000061035156,45.93999862670898,7758100
2005-05-09,29.506004333496094,45.72999954223633,45.7400016784668,45.34999847412109,45.40999984741211,5546400
2005-05-10,29.280181884765625,45.380001068115234,45.709999084472656,45.18000030517578,45.33000183105469,7526600
2005-05-11,29.46084976196289,45.65999984741211,45.7400016784668,45.13999938964844,45.38999938964844,7620400
2005-05-12,29.25438117980957,45.34000015258789,45.880001068115234,45.27000045776367,45.5,9033300
2005-05-13,29.118885040283203,45.130001068115234,45.540000915527344,44.72999954223633,45.5,9838500
2005-05-16,29.58342361450196,45.84999847412109,45.90999984741211,45.130001068115234,45.130001068115234,7024300
2005-05-17,29.77053451538086,46.13999938964844,46.20000076293945,45.43999862670898,45.560001373291016,6908200
2005-05-18,30.09962272644043,46.650001525878906,46.75,46.20000076293945,46.22999954223633,8961400
2005-05-19,29.97058486938477,46.45000076293945,46.7400016784668,46.16999816894531,46.34999847412109,6709900
2005-05-20,30.04800796508789,46.56999969482422,46.63999938964844,46.25,46.5,7617800
2005-05-23,30.03508949279785,46.54999923706055,46.75,46.470001220703125,46.5,5728600
2005-05-24,30.073814392089844,46.61000061035156,46.7400016784668,46.29999923706055,46.5,6375100
2005-05-25,30.028642654418945,46.540000915527344,46.59999847412109,46.29999923706055,46.36000061035156,6931900
2005-05-26,30.138322830200195,46.709999084472656,46.79999923706055,46.5,46.72999954223633,6935700
2005-05-27,30.09962272644043,46.650001525878906,46.70000076293945,46.380001068115234,46.54999923706055,5211400
2005-05-31,29.886695861816406,46.31999969482422,46.650001525878906,46.31999969482422,46.560001373291016,9095400
2005-06-01,30.16033744812012,46.290000915527344,46.70000076293945,45.900001525878906,45.970001220703125,9146100
2005-06-02,30.08867454528809,46.18000030517578,46.22999954223633,45.97999954223633,46.22999954223633,6693200
2005-06-03,29.828054428100582,45.77999877929688,46.0099983215332,45.709999084472656,45.81999969482422,6426700
2005-06-06,29.90625,45.900001525878906,45.95000076293945,45.560001373291016,45.7400016784668,4520100
2005-06-07,29.88018035888672,45.86000061035156,46.2599983215332,45.81999969482422,45.970001220703125,6265100
2005-06-08,29.912748336791992,45.90999984741211,46.20000076293945,45.81999969482422,46.0,5255900
2005-06-09,30.03003692626953,46.09000015258789,46.209999084472656,45.68000030517578,45.83000183105469,6333700
2005-06-10,29.971397399902344,46.0,46.16999816894531,45.7599983215332,46.09000015258789,5106400
2005-06-13,29.91926956176757,45.91999816894531,46.18999862670898,45.630001068115234,45.790000915527344,5765400
2005-06-14,29.95186424255371,45.970001220703125,46.060001373291016,45.77000045776367,45.84000015258789,5093400
2005-06-15,30.3623275756836,46.59999847412109,46.630001068115234,45.93000030517578,46.150001525878906,10128700
2005-06-16,30.251554489135746,46.43000030517578,46.70000076293945,46.36000061035156,46.58000183105469,6729200
2005-06-17,30.388391494750977,46.63999938964844,46.880001068115234,46.38999938964844,46.880001068115234,13876500
2005-06-20,30.433996200561523,46.709999084472656,46.880001068115234,46.29999923706055,46.41999816894531,8135700
2005-06-21,30.6750602722168,47.08000183105469,47.2599983215332,46.709999084472656,46.709999084472656,12812100
2005-06-22,30.66854858398437,47.06999969482422,47.43999862670898,47.040000915527344,47.060001373291016,10628100
2005-06-23,30.3623275756836,46.59999847412109,47.18000030517578,46.47999954223633,47.0,10607300
2005-06-24,30.46006202697754,46.75,47.09999847412109,46.369998931884766,46.54999923706055,12332000
2005-06-27,30.232011795043945,46.400001525878906,46.900001525878906,46.34999847412109,46.75,9136800
2005-06-28,30.40793800354004,46.66999816894531,46.900001525878906,46.459999084472656,46.650001525878906,8160400
2005-06-29,30.564308166503903,46.90999984741211,47.08000183105469,46.72999954223633,46.75,9222600
2005-06-30,29.71728134155273,45.61000061035156,46.5,45.58000183105469,46.5,42051300
2005-07-01,29.306819915771484,44.97999954223633,45.88999938964844,44.560001373291016,45.61000061035156,34938900
2005-07-05,29.391521453857425,45.11000061035156,45.18000030517578,44.61000061035156,45.09999847412109,25842200
2005-07-06,29.12437438964844,44.70000076293945,45.20000076293945,44.70000076293945,45.150001525878906,22795900
2005-07-07,29.111347198486328,44.68000030517578,44.79999923706055,44.29999923706055,44.650001525878906,17265100
2005-07-08,29.41758918762207,45.150001525878906,45.220001220703125,44.56999969482422,44.75,15123800
2005-07-11,29.430606842041016,45.16999816894531,45.47999954223633,45.0,45.27999877929688,15516700
2005-07-12,29.52183151245117,45.310001373291016,45.56999969482422,45.06999969482422,45.16999816894531,14704800
2005-07-13,29.80850410461425,45.75,45.79999923706055,45.40999984741211,45.7400016784668,14116900
2005-07-14,29.847599029541016,45.810001373291016,45.95000076293945,45.709999084472656,45.79999923706055,13844700
2005-07-15,29.958362579345703,45.97999954223633,46.04999923706055,45.77999877929688,45.81999969482422,13909400
2005-07-18,29.37198066711425,45.08000183105469,45.59000015258789,45.08000183105469,45.290000915527344,19272500
2005-07-19,29.20256233215332,44.81999969482422,45.369998931884766,44.59000015258789,45.27999877929688,18397300
2005-07-20,29.22861671447754,44.86000061035156,44.97999954223633,44.58000183105469,44.83000183105469,13133300
2005-07-21,29.05921936035156,44.59999847412109,44.959999084472656,44.59999847412109,44.900001525878906,11957200
2005-07-22,29.222110748291016,44.84999847412109,44.84999847412109,44.5099983215332,44.72999954223633,8088100
2005-07-25,29.098318099975582,44.65999984741211,45.06999969482422,44.65999984741211,44.91999816894531,10232800
2005-07-26,29.01361656188965,44.52999877929688,44.7400016784668,44.41999816894531,44.56999969482422,15081700
2005-07-27,28.76602554321289,44.150001525878906,44.4900016784668,43.95000076293945,44.369998931884766,23059100
2005-07-28,28.6748046875,44.0099983215332,44.27000045776367,43.93999862670898,44.119998931884766,12103900
2005-07-29,28.40766906738281,43.59999847412109,44.20000076293945,43.59999847412109,44.0,13126200
2005-08-01,28.4467716217041,43.65999984741211,43.84999847412109,43.58000183105469,43.77000045776367,12298400
2005-08-02,28.629196166992188,43.93999862670898,44.04999923706055,43.709999084472656,43.810001373291016,10597200
2005-08-03,28.524946212768555,43.77999877929688,44.02000045776367,43.650001525878906,43.900001525878906,12631900
2005-08-04,28.47933387756348,43.709999084472656,43.79999923706055,43.5099983215332,43.77999877929688,11410100
2005-08-05,28.17963409423828,43.25,43.68000030517578,43.13999938964844,43.619998931884766,12698500
2005-08-08,27.97764015197754,42.93999862670898,43.45000076293945,42.91999816894531,43.34000015258789,9544000
2005-08-09,27.95157814025879,42.900001525878906,43.16999816894531,42.7400016784668,42.93999862670898,11487100
2005-08-10,27.85385513305664,42.75,43.38999938964844,42.4900016784668,43.150001525878906,16749400
2005-08-11,27.87991523742676,42.790000915527344,42.869998931884766,42.45000076293945,42.84999847412109,11957500
2005-08-12,27.814743041992188,42.68999862670898,42.95000076293945,42.59000015258789,42.900001525878906,8386000
2005-08-15,28.134016036987305,43.18000030517578,43.400001525878906,42.68999862670898,42.81999969482422,12521500
2005-08-16,28.485849380493164,43.720001220703125,44.150001525878906,43.34999847412109,43.34999847412109,19137500
2005-08-17,28.49236488342285,43.72999954223633,44.02000045776367,43.59999847412109,43.790000915527344,13637600
2005-08-18,28.53798484802246,43.79999923706055,43.9900016784668,43.52999877929688,43.72999954223633,11846600
2005-08-19,28.420698165893555,43.619998931884766,43.97999954223633,43.61000061035156,43.97999954223633,7767700
2005-08-22,28.49888801574707,43.7400016784668,43.959999084472656,43.5,43.790000915527344,8004700
2005-08-23,28.238265991210938,43.34000015258789,43.84999847412109,43.119998931884766,43.75,9228600
2005-08-24,27.95810317993164,42.90999984741211,43.52000045776367,42.900001525878906,43.400001525878906,10045500
2005-08-25,28.06235122680664,43.06999969482422,43.209999084472656,42.91999816894531,43.130001068115234,6963100
2005-08-26,27.91248321533203,42.84000015258789,43.060001373291016,42.619998931884766,43.0,10788500
2005-08-29,28.25128936767578,43.36000061035156,43.5,42.52000045776367,42.7599983215332,11389200
2005-08-30,28.08189392089844,43.09999847412109,43.380001068115234,42.93000030517578,43.380001068115234,15381300
2005-08-31,28.365358352661133,43.02999877929688,43.02999877929688,42.52000045776367,42.65999984741211,11348700
2005-09-01,28.41149139404297,43.09999847412109,43.63999938964844,42.68000030517578,43.040000915527344,13294700
2005-09-02,28.286243438720703,42.90999984741211,43.34000015258789,42.86000061035156,43.25,9509000
2005-09-06,28.57628631591797,43.34999847412109,43.40999984741211,42.95000076293945,43.06999969482422,11949200
2005-09-07,28.549936294555664,43.310001373291016,43.40999984741211,43.150001525878906,43.34999847412109,9770000
2005-09-08,28.365358352661133,43.02999877929688,43.34999847412109,42.9900016784668,43.2599983215332,10490200
2005-09-09,28.3126163482666,42.95000076293945,43.150001525878906,42.90999984741211,43.060001373291016,13402900
2005-09-12,28.147823333740234,42.70000076293945,43.04999923706055,42.68999862670898,42.900001525878906,13153800
2005-09-13,28.12143898010254,42.65999984741211,42.77999877929688,42.52999877929688,42.52999877929688,11504700
2005-09-14,28.10824966430664,42.63999938964844,42.84000015258789,42.5,42.68000030517578,11571300
2005-09-15,28.16759490966797,42.72999954223633,42.880001068115234,42.59999847412109,42.72999954223633,9177200
2005-09-16,28.793832778930664,43.68000030517578,43.68999862670898,42.86000061035156,42.97999954223633,24500500
2005-09-19,28.6026668548584,43.38999938964844,43.68000030517578,43.130001068115234,43.68000030517578,10275900
2005-09-20,28.345571517944336,43.0,43.59999847412109,42.810001373291016,43.380001068115234,12390600
2005-09-21,27.857765197753903,42.2599983215332,42.86000061035156,42.130001068115234,42.75,19531400
2005-09-22,27.81160926818848,42.18999862670898,42.2599983215332,41.810001373291016,42.209999084472656,16441800
2005-09-23,27.83799362182617,42.22999954223633,42.5,41.880001068115234,42.209999084472656,11267900
2005-09-26,27.686368942260746,42.0,42.720001220703125,41.88999938964844,42.59999847412109,15253500
2005-09-27,27.63363265991211,41.91999816894531,42.119998931884766,41.75,42.060001373291016,11978700
2005-09-28,27.422685623168945,41.59999847412109,42.09999847412109,41.34999847412109,42.09000015258789,14976400
2005-09-29,27.75228500366211,42.09999847412109,42.11000061035156,41.130001068115234,41.54999923706055,17436800
2005-09-30,27.75228500366211,42.09999847412109,42.619998931884766,42.0099983215332,42.150001525878906,15079700
2005-10-03,27.719331741333008,42.04999923706055,42.58000183105469,41.959999084472656,42.470001220703125,13229600
2005-10-04,27.62704086303711,41.90999984741211,42.52999877929688,41.900001525878906,42.13999938964844,11183700
2005-10-05,27.65999984741211,41.959999084472656,42.77000045776367,41.86000061035156,41.95000076293945,11886600
2005-10-06,27.83799362182617,42.22999954223633,42.65999984741211,41.97999954223633,42.0,14776300
2005-10-07,27.864356994628903,42.27000045776367,42.58000183105469,42.18999862670898,42.560001373291016,9818200
2005-10-10,27.74571228027344,42.09000015258789,42.45000076293945,42.04999923706055,42.400001525878906,10301800
2005-10-11,27.607288360595703,41.880001068115234,42.34999847412109,41.83000183105469,42.150001525878906,11136100
2005-10-12,27.613868713378903,41.88999938964844,42.34999847412109,41.7400016784668,41.900001525878906,11057200
2005-10-13,27.686368942260746,42.0,42.11000061035156,41.380001068115234,41.88999938964844,14538800
2005-10-14,27.719331741333008,42.04999923706055,42.2599983215332,41.900001525878906,42.150001525878906,13751600
2005-10-17,27.719331741333008,42.04999923706055,42.220001220703125,41.93000030517578,42.09999847412109,10224400
2005-10-18,27.402910232543945,41.56999969482422,42.130001068115234,41.56999969482422,42.09999847412109,10709200
2005-10-19,27.97639846801757,42.43999862670898,42.459999084472656,41.63999938964844,41.84999847412109,23207200
2005-10-20,27.818204879760746,42.20000076293945,42.9900016784668,42.04999923706055,42.540000915527344,19581300
2005-10-21,27.857765197753903,42.2599983215332,42.5,42.09999847412109,42.34999847412109,14292900
2005-10-24,28.59606170654297,43.380001068115234,43.380001068115234,42.4900016784668,42.5099983215332,14165900
2005-10-25,28.464223861694336,43.18000030517578,43.400001525878906,42.86000061035156,43.400001525878906,11885100
2005-10-26,28.477407455444336,43.20000076293945,43.58000183105469,43.0,43.08000183105469,10893200
2005-10-27,28.464223861694336,43.18000030517578,43.5,43.11000061035156,43.209999084472656,9911500
2005-10-28,28.99158096313477,43.97999954223633,43.97999954223633,43.22999954223633,43.43000030517578,14087800
2005-10-31,28.8333797454834,43.7400016784668,44.09000015258789,43.66999816894531,44.0,14757400
2005-11-01,28.7542781829834,43.619998931884766,43.86000061035156,43.27000045776367,43.75,19218600
2005-11-02,29.057506561279297,44.08000183105469,44.13999938964844,43.650001525878906,43.77999877929688,11795200
2005-11-03,29.01136016845703,44.0099983215332,44.33000183105469,43.70000076293945,44.25,14361800
2005-11-04,29.156391143798828,44.22999954223633,44.380001068115234,44.04999923706055,44.150001525878906,11984700
2005-11-07,29.30801010131836,44.459999084472656,44.47999954223633,44.16999816894531,44.400001525878906,9632500
2005-11-08,29.261850357055664,44.38999938964844,44.5,44.25,44.38999938964844,7777700
2005-11-09,29.36072540283203,44.540000915527344,44.79999923706055,44.400001525878906,44.470001220703125,9608400
2005-11-10,29.86172866821289,45.29999923706055,45.41999816894531,44.56999969482422,44.619998931884766,13948700
2005-11-11,29.96720314025879,45.459999084472656,45.59999847412109,45.119998931884766,45.25,11850900
2005-11-14,30.07267570495605,45.619998931884766,45.72999954223633,45.209999084472656,45.310001373291016,9828400
2005-11-15,29.828777313232425,45.25,45.65999984741211,45.09000015258789,45.58000183105469,11406600
2005-11-16,29.64420318603516,44.970001220703125,45.47999954223633,44.900001525878906,45.400001525878906,11949900
2005-11-17,29.88808822631836,45.34000015258789,45.38999938964844,44.88999938964844,45.0,11455700
2005-11-18,30.03312492370605,45.560001373291016,45.970001220703125,45.25,45.970001220703125,13406200
2005-11-21,30.21772193908692,45.84000015258789,45.93000030517578,45.5099983215332,45.59999847412109,14224100
2005-11-22,30.389095306396484,46.09999847412109,46.150001525878906,45.619998931884766,45.88999938964844,16508200
2005-11-23,30.791202545166016,46.709999084472656,47.0,45.95000076293945,46.0099983215332,17356500
2005-11-25,30.97576713562012,46.9900016784668,47.04999923706055,46.7599983215332,46.84999847412109,5130700
2005-11-28,30.69232749938965,46.560001373291016,47.150001525878906,46.52000045776367,47.0099983215332,14917500
2005-11-29,30.83733940124512,46.77999877929688,46.959999084472656,46.68000030517578,46.70000076293945,13686200
2005-11-30,30.57749557495117,45.88999938964844,46.5,45.84000015258789,46.4900016784668,14514600
2005-12-01,30.570810317993164,45.880001068115234,46.2599983215332,45.79999923706055,46.0,13589900
2005-12-02,30.737403869628903,46.130001068115234,46.18000030517578,45.7599983215332,45.880001068115234,9221600
2005-12-05,30.93729782104492,46.43000030517578,46.540000915527344,45.790000915527344,45.93000030517578,11815700
2005-12-06,30.85733985900879,46.310001373291016,46.72999954223633,46.130001068115234,46.459999084472656,12883300
2005-12-07,30.5574951171875,45.86000061035156,46.34000015258789,45.41999816894531,46.25,11727100
2005-12-08,30.50419044494629,45.77999877929688,46.02999877929688,45.560001373291016,45.84000015258789,10978000
2005-12-09,30.58415031433105,45.900001525878906,46.209999084472656,45.61000061035156,45.77999877929688,8840600
2005-12-12,30.47753524780273,45.7400016784668,46.06999969482422,45.619998931884766,45.97999954223633,10321300
2005-12-13,30.98394012451172,46.5,46.70000076293945,45.61000061035156,45.619998931884766,13980700
2005-12-14,31.17050170898437,46.77999877929688,46.9900016784668,46.5,46.619998931884766,15120000
2005-12-15,31.103864669799805,46.68000030517578,46.810001373291016,46.380001068115234,46.70000076293945,10459700
2005-12-16,31.297103881835938,46.970001220703125,47.25,46.84000015258789,46.95000076293945,18620400
2005-12-19,31.003921508789062,46.52999877929688,46.77999877929688,46.31999969482422,46.68000030517578,12631900
2005-12-20,31.11054229736328,46.68999862670898,46.84999847412109,46.59000015258789,46.72999954223633,11935800
2005-12-21,31.07721900939941,46.63999938964844,47.0,46.40999984741211,46.869998931884766,13973100
2005-12-22,31.263776779174805,46.91999816894531,46.9900016784668,46.54999923706055,46.77999877929688,12058500
2005-12-23,31.277118682861328,46.93999862670898,47.04999923706055,46.86000061035156,47.0,6523300
2005-12-27,31.023923873901367,46.560001373291016,47.25,46.560001373291016,46.58000183105469,9184500
2005-12-28,30.830677032470703,46.27000045776367,46.81999969482422,46.27000045776367,46.7599983215332,7799100
2005-12-29,30.77737808227539,46.18999862670898,46.58000183105469,46.15999984741211,46.34999847412109,6998700
2005-12-30,30.750732421875,46.150001525878906,46.36000061035156,45.90999984741211,46.02000045776367,14498300
2006-01-03,31.370410919189453,47.08000183105469,47.18000030517578,46.150001525878906,46.91999816894531,16296700
2006-01-04,31.03724479675293,46.58000183105469,47.2400016784668,46.45000076293945,47.0,17757900
2006-01-05,31.07721900939941,46.63999938964844,46.83000183105469,46.31999969482422,46.58000183105469,14970700
2006-01-06,31.03056907653809,46.56999969482422,46.90999984741211,46.34999847412109,46.79999923706055,12599800
2006-01-09,31.050561904907227,46.59999847412109,46.970001220703125,46.36000061035156,46.720001220703125,15619400
2006-01-10,30.790700912475582,46.209999084472656,46.5099983215332,45.880001068115234,46.400001525878906,15634600
2006-01-11,30.717416763305664,46.09999847412109,46.25,45.75,46.060001373291016,14742100
2006-01-12,30.517520904541016,45.79999923706055,46.22999954223633,45.709999084472656,46.220001220703125,10546600
2006-01-13,30.517520904541016,45.79999923706055,46.0,45.68000030517578,45.83000183105469,10791000
2006-01-17,30.19100379943848,45.310001373291016,45.58000183105469,45.0,45.400001525878906,14605900
2006-01-18,30.157678604125977,45.2599983215332,45.650001525878906,44.91999816894531,45.31999969482422,10867000
2006-01-19,30.077735900878903,45.13999938964844,45.880001068115234,44.84999847412109,45.880001068115234,14584000
2006-01-20,29.444732666015625,44.18999862670898,45.150001525878906,44.16999816894531,45.0,24950800
2006-01-23,29.291479110717773,43.959999084472656,44.38999938964844,43.4900016784668,43.5,23459500
2006-01-24,29.478052139282227,44.2400016784668,44.68000030517578,44.040000915527344,44.08000183105469,13500300
2006-01-25,29.7379150390625,44.630001068115234,44.650001525878906,44.150001525878906,44.150001525878906,15132000
2006-01-26,29.91781616210937,44.900001525878906,45.15999984741211,44.66999816894531,45.0,18449100
2006-01-27,29.85118293762207,44.79999923706055,45.11000061035156,44.61000061035156,44.900001525878906,12250800
2006-01-30,29.63796806335449,44.47999954223633,45.34999847412109,44.25,44.75,14812100
2006-01-31,29.47138977050781,44.22999954223633,44.72999954223633,44.119998931884766,44.650001525878906,19151000
2006-02-01,29.284814834594727,43.95000076293945,44.2400016784668,43.86000061035156,44.09999847412109,15854700
2006-02-02,28.94499015808105,43.43999862670898,43.970001220703125,43.369998931884766,43.95000076293945,14745100
2006-02-03,28.71177673339844,43.09000015258789,43.54999923706055,42.91999816894531,43.29999923706055,17097000
2006-02-06,28.898345947265625,43.369998931884766,43.650001525878906,43.2400016784668,43.400001525878906,12554600
2006-02-07,28.978317260742188,43.4900016784668,43.869998931884766,43.459999084472656,43.59999847412109,13914200
2006-02-08,29.09823989868164,43.66999816894531,43.720001220703125,43.34000015258789,43.54999923706055,11101600
2006-02-09,29.20485115051269,43.83000183105469,44.04999923706055,43.70000076293945,43.75,13766200
2006-02-10,29.26482391357422,43.91999816894531,44.02000045776367,43.40999984741211,43.77000045776367,9038900
2006-02-13,29.11822891235352,43.70000076293945,43.959999084472656,43.29999923706055,43.70000076293945,8329500
2006-02-14,29.42473030090332,44.15999984741211,44.4900016784668,43.72999954223633,43.91999816894531,17049200
2006-02-15,29.558002471923828,44.36000061035156,44.59999847412109,43.93000030517578,44.06999969482422,12818500
2006-02-16,29.77789688110352,44.68999862670898,44.72999954223633,44.27999877929688,44.38999938964844,11773700
2006-02-17,29.757905960083008,44.65999984741211,45.31999969482422,44.52000045776367,44.77999877929688,11938900
2006-02-21,29.684614181518555,44.54999923706055,44.83000183105469,44.5099983215332,44.709999084472656,10380500
2006-02-22,30.03777503967285,45.08000183105469,45.16999816894531,44.41999816894531,44.45000076293945,14729600
2006-02-23,30.230981826782227,45.369998931884766,45.70000076293945,45.0,45.18999862670898,17345700
2006-02-24,30.46419906616211,45.720001220703125,45.88999938964844,44.93999862670898,44.93999862670898,13832400
2006-02-27,30.63745880126953,45.97999954223633,46.0,45.70000076293945,45.84000015258789,18460200
2006-02-28,30.550811767578125,45.84999847412109,46.04999923706055,45.75,45.77000045776367,20699000
2006-03-01,30.71923065185547,45.59999847412109,45.66999816894531,45.310001373291016,45.34999847412109,15576200
2006-03-02,30.41608238220215,45.150001525878906,45.36000061035156,44.900001525878906,45.25,14367400
2006-03-03,30.44304084777832,45.18999862670898,45.4900016784668,44.97999954223633,45.08000183105469,12399500
2006-03-06,30.45650863647461,45.209999084472656,45.29999923706055,44.90999984741211,45.09999847412109,11318400
2006-03-07,30.73272132873535,45.619998931884766,45.68999862670898,45.04999923706055,45.09000015258789,12823300
2006-03-08,30.793346405029297,45.709999084472656,45.88999938964844,45.41999816894531,45.41999816894531,14201200
2006-03-09,30.6855583190918,45.54999923706055,45.810001373291016,45.4900016784668,45.70000076293945,11922800
2006-03-10,30.95502281188965,45.95000076293945,46.0,45.45000076293945,45.5,12535400
2006-03-13,30.948291778564453,45.93999862670898,46.20000076293945,45.790000915527344,45.959999084472656,10090800
2006-03-14,31.163867950439453,46.2599983215332,46.400001525878906,45.93999862670898,46.0,14364000
2006-03-15,31.258176803588867,46.400001525878906,46.52999877929688,45.869998931884766,46.04999923706055,11344600
2006-03-16,31.500713348388672,46.7599983215332,46.900001525878906,46.47999954223633,46.47999954223633,13005400
2006-03-17,31.595014572143555,46.900001525878906,46.97999954223633,46.63999938964844,46.970001220703125,18970500
2006-03-20,31.595014572143555,46.900001525878906,47.0,46.560001373291016,46.709999084472656,11243700
2006-03-21,31.372699737548828,46.56999969482422,46.97999954223633,46.52000045776367,46.75,11774400
2006-03-22,31.6556339263916,46.9900016784668,47.13999938964844,46.400001525878906,46.400001525878906,11157200
2006-03-23,31.46028518676757,46.70000076293945,46.97999954223633,46.61000061035156,46.869998931884766,10793900
2006-03-24,31.595014572143555,46.900001525878906,47.0,46.65999984741211,46.77999877929688,10495000
2006-03-27,31.541126251220703,46.81999969482422,46.93000030517578,46.66999816894531,46.790000915527344,10450300
2006-03-28,31.029125213623047,46.060001373291016,47.0099983215332,45.95000076293945,46.619998931884766,16077800
2006-03-29,30.968505859375,45.970001220703125,46.29999923706055,45.720001220703125,46.16999816894531,11836200
2006-03-30,30.725971221923828,45.61000061035156,46.09000015258789,45.47999954223633,45.79999923706055,12825100
2006-03-31,30.67881965637207,45.540000915527344,45.91999816894531,45.45000076293945,45.72999954223633,10968800
2006-04-03,30.77314186096192,45.68000030517578,46.220001220703125,45.65999984741211,45.84999847412109,11832600
2006-04-04,31.184080123901367,46.290000915527344,46.400001525878906,45.70000076293945,45.77000045776367,8823300
2006-04-05,31.35922622680664,46.54999923706055,46.56999969482422,46.209999084472656,46.209999084472656,10249600
2006-04-06,31.123437881469727,46.20000076293945,46.52999877929688,46.04999923706055,46.33000183105469,7795500
2006-04-07,30.813554763793945,45.7400016784668,46.470001220703125,45.65999984741211,46.40999984741211,9406600
2006-04-10,30.77314186096192,45.68000030517578,46.08000183105469,45.63999938964844,45.900001525878906,9100000
2006-04-11,30.692317962646484,45.560001373291016,46.0,45.45000076293945,45.75,8570000
2006-04-12,30.800094604492188,45.720001220703125,45.91999816894531,45.56999969482422,45.619998931884766,7157300
2006-04-13,30.806827545166016,45.72999954223633,45.93000030517578,45.59999847412109,45.72999954223633,7642200
2006-04-17,30.638402938842773,45.47999954223633,45.95000076293945,45.2599983215332,45.95000076293945,10618900
2006-04-18,30.96176719665528,45.959999084472656,46.29999923706055,45.369998931884766,45.45000076293945,16356400
2006-04-19,31.02239990234375,46.04999923706055,46.2400016784668,45.790000915527344,45.869998931884766,10493000
2006-04-20,31.177345275878903,46.27999877929688,46.84999847412109,46.11000061035156,46.59999847412109,17056200
2006-04-21,31.574800491333008,46.869998931884766,46.95000076293945,46.34999847412109,46.34999847412109,16502600
2006-04-24,31.70953750610352,47.06999969482422,47.13999938964844,46.709999084472656,46.84999847412109,12568100
2006-04-25,31.723005294799805,47.09000015258789,47.16999816894531,46.83000183105469,47.02000045776367,12677000
2006-04-26,32.140682220458984,47.709999084472656,47.77999877929688,47.04999923706055,47.09999847412109,19058900
2006-04-27,33.03665542602539,49.040000915527344,49.18000030517578,47.5099983215332,47.59000015258789,34554500
2006-04-28,33.629478454589844,49.91999816894531,49.97999954223633,48.900001525878906,48.93000030517578,29595900
2006-05-01,33.1309814453125,49.18000030517578,50.0,49.09999847412109,49.84000015258789,21093000
2006-05-02,33.31959533691406,49.459999084472656,49.65999984741211,49.2599983215332,49.2599983215332,19227800
2006-05-03,33.21181106567383,49.29999923706055,49.59999847412109,49.220001220703125,49.27000045776367,13745200
2006-05-04,33.64295959472656,49.93999862670898,49.95000076293945,49.52999877929688,49.54999923706055,15863000
2006-05-05,34.0000114440918,50.470001220703125,50.5,49.95000076293945,50.0,19401000
2006-05-08,33.75748062133789,50.11000061035156,50.31999969482422,50.0,50.20000076293945,10721900
2006-05-09,33.81138229370117,50.18999862670898,50.34999847412109,50.040000915527344,50.11000061035156,10343700
2006-05-10,33.79790115356445,50.16999816894531,50.43999862670898,49.7400016784668,50.02999877929688,11892500
2006-05-11,33.474544525146484,49.68999862670898,50.29999923706055,49.43999862670898,50.29999923706055,11227700
2006-05-12,33.14445114135742,49.20000076293945,49.84999847412109,49.130001068115234,49.68999862670898,15232200
2006-05-15,33.380218505859375,49.54999923706055,49.77000045776367,48.59999847412109,49.0,13367300
2006-05-16,33.440860748291016,49.63999938964844,49.79999923706055,49.38999938964844,49.619998931884766,8121100
2006-05-17,32.71330261230469,48.560001373291016,49.310001373291016,48.29999923706055,49.29999923706055,20638000
2006-05-18,32.41688919067383,48.119998931884766,49.040000915527344,48.09000015258789,48.650001525878906,13165300
2006-05-19,32.51795196533203,48.27000045776367,48.58000183105469,48.0,48.34999847412109,15761800
2006-05-22,32.511207580566406,48.2599983215332,48.72999954223633,48.11000061035156,48.27000045776367,16162600
2006-05-23,32.490989685058594,48.22999954223633,48.88999938964844,48.18000030517578,48.75,12592100
2006-05-24,32.659400939941406,48.47999954223633,48.709999084472656,48.0099983215332,48.20000076293945,17052700
2006-05-25,32.94908905029297,48.90999984741211,49.06999969482422,48.41999816894531,48.75,13871200
2006-05-26,33.26571273803711,49.380001068115234,49.61000061035156,48.86000061035156,49.150001525878906,15352800
2006-05-30,32.8076057434082,48.70000076293945,49.22999954223633,48.650001525878906,49.18000030517578,14796800
2006-05-31,32.94375228881836,48.400001525878906,48.56999969482422,47.900001525878906,48.34999847412109,15518900
2006-06-01,33.14793395996094,48.70000076293945,48.7400016784668,48.34000015258789,48.400001525878906,14188200
2006-06-02,33.529109954833984,49.2599983215332,49.43000030517578,48.91999816894531,49.220001220703125,13392700
2006-06-05,33.1751708984375,48.7400016784668,49.47999954223633,48.65999984741211,49.20000076293945,10750300
2006-06-06,33.03223419189453,48.52999877929688,49.08000183105469,48.02999877929688,48.79999923706055,15816700
2006-06-07,33.250038146972656,48.84999847412109,49.2400016784668,48.31999969482422,48.5,12480200
2006-06-08,33.37256622314453,49.02999877929688,49.20000076293945,48.52000045776367,48.65999984741211,15392800
2006-06-09,33.209190368652344,48.790000915527344,49.20000076293945,48.630001068115234,48.84999847412109,11685300
2006-06-12,32.95054626464844,48.40999984741211,49.0099983215332,48.34999847412109,48.79999923706055,9570900
2006-06-13,32.038475036621094,47.06999969482422,48.650001525878906,46.75,48.150001525878906,22932100
2006-06-14,31.74579620361328,46.63999938964844,47.2599983215332,45.86000061035156,46.97999954223633,20908100
2006-06-15,32.6102180480957,47.90999984741211,48.06999969482422,46.79999923706055,46.86000061035156,21674900
2006-06-16,32.27669906616211,47.41999816894531,47.88999938964844,47.38999938964844,47.70000076293945,21387400
2006-06-19,32.08610916137695,47.13999938964844,47.93000030517578,47.04999923706055,47.93000030517578,10154500
2006-06-20,32.04527282714844,47.08000183105469,47.459999084472656,47.0,47.0099983215332,12954900
2006-06-21,32.20182800292969,47.310001373291016,47.56999969482422,47.02999877929688,47.02999877929688,11575200
2006-06-22,32.35838317871094,47.540000915527344,47.70000076293945,47.130001068115234,47.310001373291016,10268800
2006-06-23,32.2698974609375,47.40999984741211,47.72999954223633,47.119998931884766,47.400001525878906,12398500
2006-06-26,32.303932189941406,47.459999084472656,47.52999877929688,47.15999984741211,47.34999847412109,8859800
2006-06-27,32.19502258300781,47.29999923706055,47.70000076293945,47.290000915527344,47.459999084472656,10128700
2006-06-28,32.43326187133789,47.650001525878906,47.81999969482422,47.400001525878906,47.400001525878906,12517900
2006-06-29,33.07987976074219,48.59999847412109,48.70000076293945,47.56999969482422,47.709999084472656,16028900
2006-06-30,32.739532470703125,48.09999847412109,48.810001373291016,48.0099983215332,48.79999923706055,14414500
2006-07-03,33.22281646728516,48.810001373291016,49.02999877929688,48.18000030517578,48.18999862670898,6660400
2006-07-05,33.263648986816406,48.869998931884766,49.09999847412109,48.31999969482422,48.5,12059500
2006-07-06,33.39299011230469,49.060001373291016,49.310001373291016,48.790000915527344,48.869998931884766,7653500
2006-07-07,33.21601486206055,48.79999923706055,49.220001220703125,48.650001525878906,48.900001525878906,7583700
2006-07-10,33.44740295410156,49.13999938964844,49.27000045776367,49.040000915527344,49.119998931884766,7321900
2006-07-11,33.45424270629883,49.150001525878906,49.2400016784668,48.65999984741211,48.970001220703125,11447500
2006-07-12,33.0594596862793,48.56999969482422,49.209999084472656,48.5,49.18000030517578,7977600
2006-07-13,32.657859802246094,47.97999954223633,48.77000045776367,47.900001525878906,48.56999969482422,12113600
2006-07-14,32.882511138916016,48.310001373291016,48.5,47.59000015258789,48.0,10613100
2006-07-17,32.821231842041016,48.220001220703125,48.459999084472656,47.869998931884766,48.11000061035156,10434700
2006-07-18,32.97096252441406,48.43999862670898,48.58000183105469,47.790000915527344,48.15999984741211,9437000
2006-07-19,33.99876403808594,49.95000076293945,49.97999954223633,48.84999847412109,48.97999954223633,24176600
2006-07-20,33.79457092285156,49.650001525878906,50.06999969482422,49.59999847412109,49.83000183105469,15785300
2006-07-21,34.128082275390625,50.13999938964844,50.2599983215332,49.77000045776367,49.84999847412109,19627600
2006-07-24,34.42076873779297,50.56999969482422,50.70000076293945,50.13999938964844,50.150001525878906,13098200
2006-07-25,34.58412170410156,50.810001373291016,51.09000015258789,50.54999923706055,50.58000183105469,15198200
2006-07-26,34.7066535949707,50.9900016784668,51.20000076293945,50.59000015258789,50.630001068115234,14242200
2006-07-27,34.7270622253418,51.02000045776367,51.45000076293945,50.97999954223633,51.290000915527344,13054100
2006-07-28,35.162689208984375,51.65999984741211,51.900001525878906,51.15999984741211,51.15999984741211,12051700
2006-07-31,35.07419967651367,51.52999877929688,51.650001525878906,51.20000076293945,51.63999938964844,10928400
2006-08-01,35.07419967651367,51.52999877929688,51.58000183105469,51.08000183105469,51.34000015258789,11102900
2006-08-02,35.36688995361328,51.959999084472656,51.970001220703125,51.52000045776367,51.65999984741211,9711300
2006-08-03,35.37369155883789,51.970001220703125,52.34000015258789,51.7599983215332,51.869998931884766,11329500
2006-08-04,35.61191940307617,52.31999969482422,52.75,52.130001068115234,52.5,19869100
2006-08-07,35.503013610839844,52.15999984741211,52.36000061035156,52.09999847412109,52.20000076293945,9614800
2006-08-08,35.4349479675293,52.060001373291016,52.68000030517578,51.95000076293945,52.34999847412109,12969100
2006-08-09,35.08100128173828,51.540000915527344,52.56999969482422,51.34999847412109,52.25,12412600
2006-08-10,35.06739044189453,51.52000045776367,51.650001525878906,51.06999969482422,51.310001373291016,10816200
2006-08-11,34.985721588134766,51.400001525878906,51.5099983215332,50.70000076293945,51.33000183105469,11741200
2006-08-14,34.801937103271484,51.130001068115234,51.880001068115234,51.02000045776367,51.59999847412109,8245700
2006-08-15,35.4962043762207,52.150001525878906,52.20000076293945,51.630001068115234,51.79999923706055,12396900
2006-08-16,35.59831237792969,52.29999923706055,52.47999954223633,51.900001525878906,52.47999954223633,9384100
2006-08-17,35.48941802978516,52.13999938964844,52.400001525878906,51.93000030517578,52.06999969482422,9622900
2006-08-18,35.72761917114258,52.4900016784668,52.5,52.060001373291016,52.22999954223633,8985600
2006-08-21,35.70720672607422,52.459999084472656,52.65999984741211,52.36000061035156,52.36000061035156,7274400
2006-08-22,35.734432220458984,52.5,52.709999084472656,52.33000183105469,52.470001220703125,7504200
2006-08-23,35.72761917114258,52.4900016784668,52.650001525878906,52.310001373291016,52.4900016784668,7575900
2006-08-24,35.74123764038086,52.5099983215332,52.709999084472656,52.380001068115234,52.4900016784668,9418600
2006-08-25,35.48258590698242,52.130001068115234,52.27999877929688,51.86000061035156,52.18999862670898,11392400
2006-08-28,35.52342987060547,52.18999862670898,52.36000061035156,52.060001373291016,52.119998931884766,8147700
2006-08-29,35.59149169921875,52.290000915527344,52.38999938964844,51.9900016784668,52.27000045776367,16074400
2006-08-30,35.570858001708984,51.70000076293945,52.04999923706055,51.630001068115234,51.86000061035156,12362200
2006-08-31,35.412620544433594,51.470001220703125,51.900001525878906,51.470001220703125,51.81999969482422,10533100
2006-09-01,35.5433349609375,51.65999984741211,51.84000015258789,51.29999923706055,51.83000183105469,9775300
2006-09-05,35.60526657104492,51.75,51.88999938964844,51.4900016784668,51.619998931884766,8992800
2006-09-06,35.536468505859375,51.650001525878906,51.90999984741211,51.41999816894531,51.5,10342800
2006-09-07,35.440128326416016,51.5099983215332,51.869998931884766,51.43000030517578,51.63999938964844,9487400
2006-09-08,35.5433349609375,51.65999984741211,51.810001373291016,51.20000076293945,51.400001525878906,10082700
2006-09-11,35.21310043334961,51.18000030517578,51.29999923706055,50.79999923706055,51.09999847412109,13728000
2006-09-12,35.570858001708984,51.70000076293945,51.84999847412109,51.290000915527344,51.290000915527344,13893100
2006-09-13,35.70846176147461,51.900001525878906,51.95000076293945,51.47999954223633,51.70000076293945,8985200
2006-09-14,35.72910690307617,51.93000030517578,51.97999954223633,51.560001373291016,51.59999847412109,8290500
2006-09-15,35.39884948730469,51.45000076293945,52.0,51.43999862670898,52.0,15843600
2006-09-18,35.62590408325195,51.77999877929688,51.93000030517578,51.2599983215332,51.38999938964844,11259500
2006-09-19,35.79791641235352,52.02999877929688,52.09000015258789,51.5099983215332,51.880001068115234,14284600
2006-09-20,36.11439895629883,52.4900016784668,52.650001525878906,52.13999938964844,52.18000030517578,13629000
2006-09-21,35.9423828125,52.2400016784668,52.68999862670898,52.11000061035156,52.630001068115234,9765700
2006-09-22,36.0731086730957,52.43000030517578,52.720001220703125,52.18000030517578,52.290000915527344,11521500
2006-09-25,36.44464874267578,52.970001220703125,53.18000030517578,52.52999877929688,52.720001220703125,13046100
2006-09-26,36.7955436706543,53.47999954223633,53.5,52.7400016784668,52.970001220703125,14145600
2006-09-27,36.63041687011719,53.2400016784668,53.709999084472656,53.130001068115234,53.29999923706055,11387100
2006-09-28,36.82306289672852,53.52000045776367,53.84000015258789,53.02000045776367,53.33000183105469,12219800
2006-09-29,36.85747146606445,53.56999969482422,54.0,53.43000030517578,53.58000183105469,10701400
2006-10-02,36.89187240600586,53.619998931884766,53.68000030517578,53.29999923706055,53.52999877929688,7378600
2006-10-03,37.43540954589844,54.40999984741211,54.56999969482422,53.56999969482422,53.630001068115234,13591200
2006-10-04,37.71749496459961,54.81999969482422,54.84999847412109,54.150001525878906,54.290000915527344,12570700
2006-10-05,37.51108169555664,54.52000045776367,54.869998931884766,54.27000045776367,54.560001373291016,8653700
2006-10-06,37.31844711303711,54.2400016784668,54.470001220703125,54.11000061035156,54.34999847412109,8968900
2006-10-09,37.50419235229492,54.5099983215332,54.540000915527344,54.04999923706055,54.08000183105469,5886000
2006-10-10,37.586761474609375,54.630001068115234,54.650001525878906,54.27999877929688,54.54999923706055,10630800
2006-10-11,37.18082809448242,54.040000915527344,54.220001220703125,53.650001525878906,54.220001220703125,12485000
2006-10-12,37.33219146728516,54.2599983215332,54.56999969482422,54.150001525878906,54.34999847412109,9426000
2006-10-13,37.421634674072266,54.38999938964844,54.4900016784668,53.880001068115234,54.20000076293945,7951400
2006-10-16,36.95378494262695,53.709999084472656,54.34999847412109,53.709999084472656,54.29999923706055,8634300
2006-10-17,36.93315124511719,53.68000030517578,53.81999969482422,52.91999816894531,53.31999969482422,10068900
2006-10-18,37.02256774902344,53.810001373291016,53.93999862670898,53.34000015258789,53.91999816894531,12417500
2006-10-19,36.6441650390625,53.2599983215332,53.720001220703125,52.83000183105469,53.720001220703125,16086300
2006-10-20,36.89187240600586,53.619998931884766,53.68000030517578,52.75,53.33000183105469,16555700
2006-10-23,36.91938018798828,53.65999984741211,53.970001220703125,53.22999954223633,53.27999877929688,14966300
2006-10-24,36.76114654541016,53.43000030517578,53.59999847412109,53.119998931884766,53.459999084472656,14260800
2006-10-25,37.1533203125,54.0,54.09000015258789,53.540000915527344,53.540000915527344,11578600
2006-10-26,37.277156829833984,54.18000030517578,54.18000030517578,53.68999862670898,53.9900016784668,9950800
2006-10-27,36.9469108581543,53.70000076293945,54.04999923706055,53.61000061035156,54.02999877929688,9197700
2006-10-30,37.09828186035156,53.91999816894531,54.06999969482422,53.59000015258789,53.59999847412109,7471300
2006-10-31,37.06387710571289,53.869998931884766,54.290000915527344,53.83000183105469,54.130001068115234,11782300
2006-11-01,36.86434555053711,53.58000183105469,54.150001525878906,53.5,54.150001525878906,12654100
2006-11-02,36.84370040893555,53.54999923706055,53.68999862670898,53.220001220703125,53.36000061035156,8920300
2006-11-03,36.76114654541016,53.43000030517578,53.68999862670898,53.400001525878906,53.54999923706055,7531600
2006-11-06,37.29779815673828,54.209999084472656,54.25,53.66999816894531,53.68000030517578,11139700
2006-11-07,37.44228363037109,54.41999816894531,54.619998931884766,54.15999984741211,54.220001220703125,8579500
2006-11-08,37.57300567626953,54.61000061035156,54.75,54.20000076293945,54.400001525878906,9559600
2006-11-09,37.50419235229492,54.5099983215332,54.720001220703125,54.380001068115234,54.52000045776367,9004900
2006-11-10,37.683101654052734,54.77000045776367,54.77000045776367,54.25,54.5099983215332,9612200
2006-11-13,37.46980667114258,54.459999084472656,54.93000030517578,54.459999084472656,54.56999969482422,8669900
2006-11-14,37.724388122558594,54.83000183105469,54.97999954223633,54.06999969482422,54.54999923706055,13716200
2006-11-15,37.48357391357422,54.47999954223633,54.79999923706055,54.33000183105469,54.77000045776367,12612500
2006-11-16,37.77255630493164,54.900001525878906,54.9900016784668,54.59000015258789,54.72999954223633,10064100
2006-11-17,37.738128662109375,54.84999847412109,55.04999923706055,54.81999969482422,54.84999847412109,13267400
2006-11-20,37.77255630493164,54.900001525878906,55.08000183105469,54.720001220703125,54.84999847412109,8949900
2006-11-21,37.64868927001953,54.720001220703125,55.04999923706055,54.5099983215332,55.040000915527344,9191500
2006-11-22,37.586761474609375,54.630001068115234,54.91999816894531,54.41999816894531,54.68000030517578,11706600
2006-11-24,37.53860855102539,54.560001373291016,54.7599983215332,54.27000045776367,54.369998931884766,4835400
2006-11-27,37.09828186035156,53.91999816894531,54.68999862670898,53.72999954223633,54.560001373291016,14859600
2006-11-28,37.33907699584961,54.27000045776367,54.4900016784668,53.77999877929688,53.91999816894531,11998100
2006-11-29,37.55458831787109,54.02000045776367,54.13999938964844,53.709999084472656,54.060001373291016,9322900
2006-11-30,37.43639755249024,53.84999847412109,54.150001525878906,53.65999984741211,54.02000045776367,11314900
2006-12-01,37.193092346191406,53.5,54.0,53.0099983215332,53.83000183105469,14482400
2006-12-04,36.60215759277344,52.650001525878906,53.02000045776367,52.20000076293945,52.5,28801800
2006-12-05,36.699493408203125,52.790000915527344,52.83000183105469,52.29999923706055,52.65999984741211,16918300
2006-12-06,36.629974365234375,52.68999862670898,53.02999877929688,52.59999847412109,52.75,13045300
2006-12-07,36.49094009399414,52.4900016784668,52.84999847412109,52.400001525878906,52.619998931884766,12408800
2006-12-08,35.91392517089844,51.65999984741211,52.380001068115234,51.31999969482422,52.29999923706055,32237800
2006-12-11,36.53265380859375,52.54999923706055,52.77000045776367,51.83000183105469,51.86000061035156,18229300
2006-12-12,36.70644378662109,52.79999923706055,52.95000076293945,52.34999847412109,52.45000076293945,14986000
2006-12-13,36.90805816650391,53.09000015258789,53.38999938964844,52.95000076293945,53.20000076293945,13299700
2006-12-14,36.96367645263672,53.16999816894531,53.47999954223633,52.720001220703125,53.09999847412109,13389700
2006-12-15,37.06795120239258,53.31999969482422,53.470001220703125,52.86000061035156,53.220001220703125,22369800
2006-12-18,37.283447265625,53.630001068115234,53.77000045776367,53.36000061035156,53.470001220703125,12915300
2006-12-19,37.24870681762695,53.58000183105469,53.88999938964844,53.400001525878906,53.41999816894531,10902300
2006-12-20,37.304325103759766,53.65999984741211,53.790000915527344,53.41999816894531,53.70000076293945,8999000
2006-12-21,37.20003890991211,53.5099983215332,54.0099983215332,53.43000030517578,53.88999938964844,10445800
2006-12-22,37.08882522583008,53.34999847412109,53.65999984741211,53.040000915527344,53.63999938964844,8402700
2006-12-26,37.33212661743164,53.70000076293945,54.0099983215332,53.380001068115234,53.400001525878906,10028200
2006-12-27,37.38078689575195,53.77000045776367,54.04999923706055,53.5,53.880001068115234,8905300
2006-12-28,37.29736328125,53.650001525878906,53.959999084472656,53.5099983215332,53.79999923706055,7024400
2006-12-29,37.11662292480469,53.38999938964844,53.77999877929688,53.25,53.650001525878906,7612900
2007-01-03,37.07492446899414,53.33000183105469,54.18000030517578,52.9900016784668,53.400001525878906,16028200
2007-01-04,37.3112678527832,53.66999816894531,53.88999938964844,53.04999923706055,53.33000183105469,13175000
2007-01-05,37.0123405456543,53.2400016784668,53.59000015258789,53.02999877929688,53.59000015258789,10205000
2007-01-08,37.1583251953125,53.45000076293945,53.63999938964844,52.79999923706055,53.459999084472656,9685900
2007-01-09,37.193092346191406,53.5,53.709999084472656,52.970001220703125,53.59999847412109,12546500
2007-01-10,37.24870681762695,53.58000183105469,53.70000076293945,53.15999984741211,53.2599983215332,10083900
2007-01-11,37.02623748779297,53.2599983215332,53.650001525878906,53.18000030517578,53.5,14645200
2007-01-12,37.109676361083984,53.380001068115234,53.59999847412109,53.2400016784668,53.2400016784668,13012400
2007-01-16,37.15138626098633,53.43999862670898,53.52999877929688,53.310001373291016,53.459999084472656,12006200
2007-01-17,37.06795120239258,53.31999969482422,53.709999084472656,53.150001525878906,53.5,12746800
2007-01-18,37.04710006713867,53.290000915527344,53.54999923706055,53.209999084472656,53.45000076293945,10111100
2007-01-19,37.25566101074219,53.59000015258789,53.63999938964844,53.25,53.459999084472656,12794000
2007-01-22,37.29736328125,53.650001525878906,54.04999923706055,53.540000915527344,53.63999938964844,15563000
2007-01-23,37.06795120239258,53.31999969482422,53.52000045776367,52.900001525878906,53.25,17367300
2007-01-24,36.98453521728516,53.20000076293945,53.47999954223633,52.560001373291016,53.470001220703125,25262700
2007-01-25,36.42836380004883,52.400001525878906,53.220001220703125,52.34000015258789,53.20000076293945,20091400
2007-01-26,36.1781120300293,52.040000915527344,52.79999923706055,51.720001220703125,52.52000045776367,22715300
2007-01-29,35.77487564086914,51.459999084472656,52.25,51.34999847412109,51.9900016784668,22157900
2007-01-30,36.23372650146485,52.119998931884766,52.130001068115234,51.36000061035156,51.52000045776367,17991300
2007-01-31,36.553504943847656,52.58000183105469,52.79999923706055,51.84999847412109,52.0,19232300
2007-02-01,36.7342643737793,52.84000015258789,52.970001220703125,52.650001525878906,52.7599983215332,12647800
2007-02-02,36.66474151611328,52.7400016784668,53.15999984741211,52.72999954223633,52.83000183105469,12651800
2007-02-05,36.76207733154297,52.880001068115234,53.119998931884766,52.369998931884766,52.7400016784668,11112400
2007-02-06,36.991485595703125,53.209999084472656,53.33000183105469,52.75,52.77000045776367,13702200
2007-02-07,37.09575653076172,53.36000061035156,53.4900016784668,53.25,53.34999847412109,9509500
2007-02-08,37.06795120239258,53.31999969482422,53.38999938964844,53.0,53.34999847412109,13669800
2007-02-09,36.83854293823242,52.9900016784668,53.5,52.65999984741211,53.31999969482422,11423700
2007-02-12,36.8733024597168,53.040000915527344,53.310001373291016,52.97999954223633,53.20000076293945,10685400
2007-02-13,37.35298538208008,53.72999954223633,53.790000915527344,53.09000015258789,53.09000015258789,10682100
2007-02-14,37.5754508972168,54.04999923706055,54.16999816894531,53.56999969482422,53.7599983215332,12189700
2007-02-15,37.43639755249024,53.84999847412109,54.209999084472656,53.70000076293945,54.08000183105469,16916400
2007-02-16,37.5754508972168,54.04999923706055,54.06999969482422,53.59999847412109,53.63999938964844,10815700
2007-02-20,37.5754508972168,54.04999923706055,54.16999816894531,53.709999084472656,53.869998931884766,9998000
2007-02-21,37.47810745239258,53.90999984741211,53.970001220703125,53.709999084472656,53.75,11771600
2007-02-22,37.33212661743164,53.70000076293945,54.09999847412109,53.4900016784668,53.84999847412109,10215100
2007-02-23,36.748165130615234,52.86000061035156,53.7400016784668,52.77999877929688,53.27999877929688,16807800
2007-02-26,36.699493408203125,52.790000915527344,53.150001525878906,52.59999847412109,53.09000015258789,16356500
2007-02-27,35.3160514831543,50.79999923706055,52.61000061035156,49.0,52.20000076293945,31633500
2007-02-28,35.73078918457031,50.83000183105469,51.5,50.36000061035156,50.869998931884766,27398400
2007-03-01,35.41446304321289,50.380001068115234,50.900001525878906,49.79999923706055,50.25,25006600
2007-03-02,35.15437698364258,50.0099983215332,50.34000015258789,49.81999969482422,50.09999847412109,17183400
2007-03-05,34.894290924072266,49.63999938964844,50.27999877929688,49.560001373291016,49.59999847412109,18612500
2007-03-06,35.80811309814453,50.93999862670898,51.09000015258789,50.09999847412109,50.09999847412109,16716600
2007-03-07,35.56208419799805,50.59000015258789,51.09999847412109,50.40999984741211,51.02999877929688,14548500
2007-03-08,35.688621520996094,50.77000045776367,51.33000183105469,50.59000015258789,50.880001068115234,13333900
2007-03-09,35.81513977050781,50.95000076293945,51.209999084472656,50.66999816894531,51.150001525878906,10723700
2007-03-12,35.9135627746582,51.09000015258789,51.18000030517578,50.70000076293945,50.95000076293945,10574300
2007-03-13,34.76774978637695,49.459999084472656,51.08000183105469,49.2599983215332,51.08000183105469,25463400
2007-03-14,34.98566818237305,49.77000045776367,49.91999816894531,48.36000061035156,49.52000045776367,25008800
2007-03-15,35.2176399230957,50.09999847412109,50.81999969482422,49.540000915527344,49.630001068115234,19655200
2007-03-16,34.88023376464844,49.619998931884766,50.470001220703125,49.5,50.27000045776367,21922100
2007-03-19,35.40743637084961,50.369998931884766,50.38999938964844,49.34999847412109,49.79999923706055,12994400
2007-03-20,35.681575775146484,50.7599983215332,50.83000183105469,50.310001373291016,50.369998931884766,10061800
2007-03-21,36.4548225402832,51.86000061035156,52.0,50.58000183105469,50.77999877929688,21716000
2007-03-22,36.30016326904297,51.63999938964844,52.150001525878906,51.40999984741211,51.97999954223633,20661200
2007-03-23,36.3353271484375,51.68999862670898,52.0,51.40999984741211,51.70000076293945,13102700
2007-03-26,36.24394226074219,51.560001373291016,51.709999084472656,50.91999816894531,51.70000076293945,13472600
2007-03-27,36.44078063964844,51.84000015258789,52.0,51.34999847412109,51.560001373291016,20025700
2007-03-28,35.688621520996094,50.77000045776367,51.47999954223633,50.5,51.43999862670898,19919100
2007-03-29,35.98384094238281,51.18999862670898,51.25,50.68000030517578,51.02000045776367,13947300
2007-03-30,35.864356994628906,51.02000045776367,51.40999984741211,50.27999877929688,51.16999816894531,16151700
2007-04-02,35.44961166381836,50.43000030517578,51.25,50.119998931884766,51.20000076293945,16943000
2007-04-03,35.75189208984375,50.86000061035156,50.88999938964844,50.459999084472656,50.59999847412109,13101600
2007-04-04,35.77296829223633,50.88999938964844,51.02999877929688,50.59000015258789,50.93999862670898,11108100
2007-04-05,35.744850158691406,50.84999847412109,50.91999816894531,50.380001068115234,50.72999954223633,10748700
2007-04-09,35.75189208984375,50.86000061035156,50.959999084472656,50.52000045776367,50.900001525878906,9290300
2007-04-10,35.89949035644531,51.06999969482422,51.18000030517578,50.810001373291016,50.93999862670898,10498700
2007-04-11,35.505859375,50.5099983215332,51.06999969482422,50.310001373291016,51.06999969482422,15268300
2007-04-12,35.34416961669922,50.27999877929688,50.52000045776367,50.060001373291016,50.52000045776367,12953900
2007-04-13,35.44258499145508,50.41999816894531,50.58000183105469,50.150001525878906,50.43999862670898,12906200
2007-04-16,36.01197052001953,51.22999954223633,51.68000030517578,50.75,50.79999923706055,18774400
2007-04-17,36.061180114746094,51.29999923706055,51.5,51.09000015258789,51.29999923706055,13395400
2007-04-18,36.42671203613281,51.81999969482422,52.20000076293945,51.25,51.43000030517578,19115500
2007-04-19,35.78702545166016,50.90999984741211,51.38999938964844,50.72999954223633,51.34000015258789,25404800
2007-04-20,35.87842559814453,51.040000915527344,51.29999923706055,50.33000183105469,51.29999923706055,29384700
2007-04-23,35.505859375,50.5099983215332,51.290000915527344,50.31999969482422,51.040000915527344,22349400
2007-04-24,35.58316802978516,50.619998931884766,50.900001525878906,50.25,50.650001525878906,15076800
2007-04-25,36.01197052001953,51.22999954223633,51.2400016784668,50.5,50.84000015258789,16116700
2007-04-26,35.653472900390625,50.720001220703125,51.16999816894531,50.650001525878906,51.0,14693900
2007-04-27,35.688621520996094,50.77000045776367,50.84999847412109,50.400001525878906,50.720001220703125,15118100
2007-04-30,35.779998779296875,50.900001525878906,51.220001220703125,50.77000045776367,50.93000030517578,19515200
2007-05-01,35.80109024047852,50.93000030517578,51.25,50.66999816894531,51.0,14725300
2007-05-02,35.85732650756836,51.0099983215332,51.18999862670898,50.91999816894531,51.02000045776367,11477800
2007-05-03,36.01197052001953,51.22999954223633,51.58000183105469,51.09999847412109,51.220001220703125,12718400
2007-05-04,36.01900863647461,51.2400016784668,51.560001373291016,51.09000015258789,51.5,13558200
2007-05-07,36.14552688598633,51.41999816894531,51.560001373291016,51.27999877929688,51.47999954223633,11593100
2007-05-08,36.13147735595703,51.400001525878906,51.4900016784668,51.09000015258789,51.27999877929688,10795300
2007-05-09,36.1666259765625,51.45000076293945,51.630001068115234,51.18999862670898,51.31999969482422,16584300
2007-05-10,35.555057525634766,50.58000183105469,51.470001220703125,50.540000915527344,51.45000076293945,17866500
2007-05-11,35.81513977050781,50.95000076293945,51.09000015258789,50.619998931884766,50.81999969482422,11040500
2007-05-14,35.69563674926758,50.77999877929688,51.150001525878906,50.560001373291016,51.02999877929688,16609200
2007-05-15,35.80811309814453,50.93999862670898,51.38999938964844,50.91999816894531,50.9900016784668,15653600
2007-05-16,35.93464660644531,51.119998931884766,51.41999816894531,50.86000061035156,51.34000015258789,18972400
2007-05-17,35.941673278808594,51.130001068115234,51.25,50.869998931884766,51.150001525878906,14744800
2007-05-18,36.047119140625,51.27999877929688,51.369998931884766,51.11000061035156,51.31999969482422,14634500
2007-05-21,36.01197052001953,51.22999954223633,51.34999847412109,51.06999969482422,51.29999923706055,14297800
2007-05-22,36.20176696777344,51.5,51.619998931884766,51.16999816894531,51.209999084472656,16403900
2007-05-23,36.09632873535156,51.34999847412109,51.900001525878906,51.33000183105469,51.70000076293945,13478000
2007-05-24,35.885440826416016,51.04999923706055,51.7400016784668,50.959999084472656,51.70000076293945,17259600
2007-05-25,35.99089050292969,51.20000076293945,51.25,50.790000915527344,51.20000076293945,11556400
2007-05-29,35.98384094238281,51.18999862670898,51.5,51.15999984741211,51.22999954223633,14373200
2007-05-30,36.111778259277344,50.810001373291016,51.18999862670898,50.4900016784668,50.650001525878906,16051700
2007-05-31,36.04072570800781,50.709999084472656,51.040000915527344,50.470001220703125,50.959999084472656,15938900
2007-06-01,36.09046173095703,50.77999877929688,50.9900016784668,50.47999954223633,50.75,14293500
2007-06-04,36.14020919799805,50.84999847412109,50.91999816894531,50.619998931884766,50.77999877929688,12758700
2007-06-05,36.00517272949219,50.65999984741211,50.79999923706055,50.54999923706055,50.77999877929688,12630000
2007-06-06,35.77064514160156,50.33000183105469,50.650001525878906,50.2599983215332,50.5,14588700
2007-06-07,35.386837005615234,49.790000915527344,50.5,49.7400016784668,50.29999923706055,21053100
2007-06-08,35.72089385986328,50.2599983215332,50.27999877929688,49.560001373291016,49.91999816894531,18402800
2007-06-11,35.57163619995117,50.04999923706055,50.290000915527344,49.810001373291016,50.09999847412109,13209900
2007-06-12,35.29445266723633,49.65999984741211,50.09999847412109,49.650001525878906,49.84999847412109,16877600
2007-06-13,35.791961669921875,50.36000061035156,50.380001068115234,49.75,50.0,19863000
2007-06-14,35.592960357666016,50.08000183105469,50.45000076293945,50.0,50.36000061035156,17525600
2007-06-15,35.592960357666016,50.08000183105469,50.380001068115234,49.9900016784668,50.16999816894531,27194200
2007-06-18,35.472145080566406,49.90999984741211,50.13999938964844,49.83000183105469,50.0099983215332,13196100
2007-06-19,35.92700958251953,50.54999923706055,50.83000183105469,50.150001525878906,50.16999816894531,25301000
2007-06-20,35.52190017700195,49.97999954223633,50.79999923706055,49.93999862670898,50.70000076293945,21505400
2007-06-21,35.457908630371094,49.88999938964844,50.130001068115234,49.709999084472656,50.02000045776367,19282200
2007-06-22,34.78983688354492,48.95000076293945,49.88999938964844,48.95000076293945,49.84000015258789,35893600
2007-06-25,34.718780517578125,48.84999847412109,49.47999954223633,48.65999984741211,49.18000030517578,20984900
2007-06-26,34.68324279785156,48.79999923706055,49.400001525878906,48.79999923706055,49.150001525878906,21003400
2007-06-27,34.96042251586914,49.18999862670898,49.20000076293945,48.54999923706055,48.790000915527344,16095400
2007-06-28,34.88932800292969,49.09000015258789,49.459999084472656,48.7599983215332,49.22999954223633,15200500
2007-06-29,34.747196197509766,48.88999938964844,49.34999847412109,48.59000015258789,49.22999954223633,19179000
2007-07-02,35.05281448364258,49.31999969482422,49.34999847412109,48.97999954223633,49.150001525878906,11098100
2007-07-03,35.21626663208008,49.54999923706055,49.70000076293945,49.2400016784668,49.4900016784668,8331400
2007-07-05,35.08835220336914,49.369998931884766,49.650001525878906,49.02999877929688,49.040000915527344,12644600
2007-07-06,34.931976318359375,49.150001525878906,49.369998931884766,48.84999847412109,49.310001373291016,20671200
2007-07-09,34.69034194946289,48.810001373291016,49.16999816894531,48.77999877929688,49.0,21405600
2007-07-10,34.370506286621094,48.36000061035156,48.72999954223633,48.27000045776367,48.59999847412109,27025200
2007-07-11,34.47712326049805,48.5099983215332,49.060001373291016,48.119998931884766,48.369998931884766,24178900
2007-07-12,35.20206832885742,49.52999877929688,49.54999923706055,48.5099983215332,48.59999847412109,18427900
2007-07-13,35.18074035644531,49.5,49.81999969482422,49.34999847412109,49.54999923706055,14025900
2007-07-16,35.26602935791016,49.619998931884766,49.97999954223633,49.34000015258789,49.34000015258789,14072800
2007-07-17,35.39394760131836,49.79999923706055,50.20000076293945,49.70000076293945,49.72999954223633,19572700
2007-07-18,35.081241607666016,49.36000061035156,49.77999877929688,48.540000915527344,49.36000061035156,28540200
2007-07-19,35.017276763916016,49.27000045776367,49.84999847412109,48.900001525878906,49.56999969482422,22329300
2007-07-20,34.33498764038086,48.310001373291016,49.27000045776367,48.09999847412109,49.2599983215332,32525300
2007-07-23,34.22127151489258,48.150001525878906,48.59999847412109,48.02000045776367,48.459999084472656,24454400
2007-07-24,33.510528564453125,47.150001525878906,48.13999938964844,47.0,47.93000030517578,33103600
2007-07-25,34.06489944458008,47.93000030517578,48.2400016784668,46.900001525878906,47.45000076293945,33727500
2007-07-26,33.56740951538086,47.22999954223633,47.720001220703125,46.900001525878906,47.34000015258789,51484500
2007-07-27,33.695335388183594,47.40999984741211,48.209999084472656,47.34999847412109,47.540000915527344,37536200
2007-07-30,33.90143585205078,47.70000076293945,48.13999938964844,47.45000076293945,47.900001525878906,35877300
2007-07-31,33.70243453979492,47.41999816894531,48.40999984741211,47.38999938964844,48.0099983215332,33880000
2007-08-01,33.8516845703125,47.630001068115234,47.86000061035156,46.88999938964844,47.29999923706055,48411400
2007-08-02,33.95830154418945,47.77999877929688,48.04999923706055,47.560001373291016,47.77000045776367,37180800
2007-08-03,33.4039306640625,47.0,48.09999847412109,46.970001220703125,47.650001525878906,43493200
2007-08-06,34.22837448120117,48.15999984741211,48.27999877929688,46.52000045776367,47.290000915527344,52233600
2007-08-07,34.5908317565918,48.66999816894531,49.34000015258789,47.59999847412109,48.040000915527344,46093100
2007-08-08,35.32288360595703,49.70000076293945,49.970001220703125,48.560001373291016,48.66999816894531,35709200
2007-08-09,34.363407135009766,48.34999847412109,49.20000076293945,47.91999816894531,48.29999923706055,39096900
2007-08-10,34.533992767333984,48.59000015258789,49.400001525878906,47.75,47.75,32166500
2007-08-13,34.47001647949219,48.5,49.29999923706055,48.400001525878906,49.290000915527344,26263700
2007-08-14,34.01515197753906,47.86000061035156,48.70000076293945,47.79999923706055,48.59999847412109,26116600
2007-08-15,34.27812576293945,48.22999954223633,49.27000045776367,47.65999984741211,47.900001525878906,40894900
2007-08-16,35.42948532104492,49.84999847412109,50.33000183105469,47.77000045776367,48.060001373291016,69390600
2007-08-17,36.78696441650391,51.7599983215332,52.77999877929688,50.52000045776367,51.81999969482422,63492600
2007-08-20,36.495582580566406,51.34999847412109,52.16999816894531,50.470001220703125,51.86000061035156,36334500
2007-08-21,36.46004104614258,51.29999923706055,51.959999084472656,50.70000076293945,51.0,26677700
2007-08-22,36.70880126953125,51.650001525878906,51.869998931884766,50.93000030517578,51.77999877929688,30700500
2007-08-23,36.83671188354492,51.83000183105469,52.08000183105469,51.2400016784668,52.02999877929688,37119400
2007-08-24,36.86514663696289,51.869998931884766,51.9900016784668,51.369998931884766,51.880001068115234,18412600
2007-08-27,36.1544189453125,50.869998931884766,51.77000045776367,50.7599983215332,51.77000045776367,24534600
2007-08-28,35.29445266723633,49.65999984741211,50.7599983215332,49.650001525878906,50.7599983215332,30401900
2007-08-29,35.92700958251953,50.54999923706055,50.59999847412109,49.59999847412109,50.0099983215332,25674300
2007-08-30,35.68534851074219,50.209999084472656,50.59000015258789,50.0,50.13999938964844,18907100
2007-08-31,36.01939010620117,50.68000030517578,51.34000015258789,50.52999877929688,51.31999969482422,22514200
2007-09-04,36.30368423461914,51.08000183105469,51.25,50.5099983215332,50.619998931884766,24405600
2007-09-05,35.951019287109375,49.95000076293945,50.2599983215332,49.59999847412109,50.2599983215332,27360000
2007-09-06,35.835845947265625,49.790000915527344,50.06999969482422,49.4900016784668,50.04999923706055,20653000
2007-09-07,35.281646728515625,49.02000045776367,49.720001220703125,48.75,49.16999816894531,32834000
2007-09-10,35.238460540771484,48.959999084472656,49.5,48.59999847412109,49.209999084472656,20641600
2007-09-11,35.59114074707031,49.45000076293945,49.790000915527344,49.04999923706055,49.22999954223633,21040400
2007-09-12,35.54794692993164,49.38999938964844,49.4900016784668,49.119998931884766,49.369998931884766,16901500
2007-09-13,35.88623046875,49.86000061035156,50.2400016784668,49.560001373291016,49.560001373291016,23447600
2007-09-14,35.951019287109375,49.95000076293945,50.09999847412109,49.59999847412109,49.65999984741211,18494200
2007-09-17,35.63431167602539,49.5099983215332,50.2599983215332,49.369998931884766,49.84000015258789,19139500
2007-09-18,36.85788345336914,51.209999084472656,51.29999923706055,49.41999816894531,49.70000076293945,33475200
2007-09-19,36.75710678100586,51.06999969482422,51.93000030517578,50.68000030517578,51.45000076293945,34416800
2007-09-20,36.55559158325195,50.790000915527344,51.400001525878906,50.52000045776367,51.09000015258789,19987500
2007-09-21,36.87947082519531,51.2400016784668,51.459999084472656,50.650001525878906,51.27999877929688,26822400
2007-09-24,36.41164016723633,50.59000015258789,51.25,50.5,51.2400016784668,20674800
2007-09-25,36.14533996582031,50.220001220703125,50.58000183105469,49.91999816894531,50.09999847412109,20737300
2007-09-26,36.28208541870117,50.40999984741211,50.68999862670898,49.93999862670898,50.310001373291016,21087800
2007-09-27,36.4188232421875,50.59999847412109,50.650001525878906,50.09999847412109,50.5099983215332,13994900
2007-09-28,36.18131637573242,50.27000045776367,50.65999984741211,50.11000061035156,50.65999984741211,14729500
2007-10-01,36.44761276245117,50.63999938964844,50.66999816894531,49.7599983215332,50.040000915527344,22172400
2007-10-02,37.224945068359375,51.720001220703125,51.869998931884766,50.95000076293945,51.0,26625200
2007-10-03,37.37609100341797,51.93000030517578,52.02999877929688,51.380001068115234,51.45000076293945,16454000
2007-10-04,37.71437072753906,52.400001525878906,52.4900016784668,52.0,52.040000915527344,16592800
2007-10-05,37.9374885559082,52.709999084472656,52.93999862670898,52.5099983215332,52.54999923706055,16607600
2007-10-08,37.73597717285156,52.43000030517578,52.650001525878906,52.25,52.650001525878906,10854900
2007-10-09,37.83671569824219,52.56999969482422,52.650001525878906,52.06999969482422,52.63999938964844,14764200
2007-10-10,37.64237594604492,52.29999923706055,52.47999954223633,51.97999954223633,52.20000076293945,15382700
2007-10-11,37.72876739501953,52.41999816894531,52.959999084472656,52.119998931884766,52.5,18522300
2007-10-12,37.47686004638672,52.06999969482422,52.56999969482422,51.9900016784668,52.47999954223633,14666500
2007-10-15,37.00902557373047,51.41999816894531,52.06999969482422,50.97999954223633,52.0,20870800
2007-10-16,36.13095474243164,50.20000076293945,51.150001525878906,49.970001220703125,51.0,28061000
2007-10-17,36.00858688354492,50.02999877929688,50.77000045776367,49.470001220703125,50.720001220703125,28344700
2007-10-18,35.15929412841797,48.84999847412109,48.97999954223633,47.7599983215332,48.43999862670898,49030200
2007-10-19,34.23801803588867,47.56999969482422,48.79999923706055,47.540000915527344,48.630001068115234,35663200
2007-10-22,34.38916015625,47.77999877929688,48.150001525878906,47.0,47.45000076293945,25526300
2007-10-23,34.38916015625,47.77999877929688,48.29999923706055,47.2400016784668,48.29999923706055,20194300
2007-10-24,34.17325210571289,47.47999954223633,47.77000045776367,46.45000076293945,47.650001525878906,28020700
2007-10-25,33.8277702331543,47.0,47.84000015258789,46.45000076293945,47.29999923706055,34432800
2007-10-26,34.569114685058594,48.02999877929688,48.45000076293945,46.810001373291016,47.95000076293945,26594400
2007-10-29,34.533111572265625,47.97999954223633,48.43999862670898,47.66999816894531,48.31999969482422,17553900
2007-10-30,34.54030990600586,47.9900016784668,48.18000030517578,47.470001220703125,47.93000030517578,20259000
2007-10-31,34.74904251098633,48.27999877929688,48.58000183105469,47.33000183105469,48.29999923706055,29107800
2007-11-01,32.899295806884766,45.709999084472656,47.0,45.47999954223633,46.75,48004100
2007-11-02,32.46747970581055,45.11000061035156,46.130001068115234,44.220001220703125,46.02000045776367,51566400
2007-11-05,31.992446899414062,44.45000076293945,45.09999847412109,43.27000045776367,43.900001525878906,37758000
2007-11-06,32.79135513305664,45.560001373291016,45.65999984741211,44.4900016784668,44.4900016784668,31114100
2007-11-07,31.171920776367188,43.310001373291016,45.09999847412109,43.25,45.0,43617100
2007-11-08,31.30868148803711,43.5,44.40999984741211,42.02000045776367,43.34999847412109,48097300
2007-11-09,31.6541690826416,43.97999954223633,45.09000015258789,42.59000015258789,43.34999847412109,45235900
2007-11-12,31.6541690826416,43.97999954223633,45.380001068115234,43.54999923706055,43.54999923706055,32698500
2007-11-13,33.3023681640625,46.27000045776367,46.380001068115234,44.18000030517578,44.5,40882500
2007-11-14,32.9137077331543,45.72999954223633,46.9900016784668,45.31999969482422,46.84000015258789,33978500
2007-11-15,31.726118087768555,44.08000183105469,45.79999923706055,43.79999923706055,45.63999938964844,32015600
2007-11-16,31.934852600097656,44.369998931884766,44.5,43.47999954223633,44.290000915527344,33513600
2007-11-19,30.81926345825196,42.81999969482422,44.08000183105469,42.77999877929688,44.08000183105469,32492400
2007-11-20,30.78328323364257,42.77000045776367,43.63999938964844,41.72999954223633,42.79999923706055,43513500
2007-11-21,30.32982444763184,42.13999938964844,43.33000183105469,41.91999816894531,42.38999938964844,29442100
2007-11-23,31.05677795410156,43.150001525878906,43.34000015258789,42.40999984741211,42.56999969482422,14465600
2007-11-26,30.142698287963867,41.880001068115234,43.2599983215332,41.81999969482422,43.2400016784668,31375200
2007-11-27,30.905635833740234,42.93999862670898,43.31999969482422,42.0099983215332,42.459999084472656,35700800
2007-11-28,32.28033447265625,44.84999847412109,45.0,43.0,43.70000076293945,36845200
2007-11-29,32.12197494506836,44.630001068115234,44.880001068115234,44.02000045776367,44.79999923706055,22607000
2007-11-30,33.20161056518555,46.130001068115234,46.70000076293945,45.59999847412109,46.13999938964844,45494200
2007-12-03,32.72657775878906,45.470001220703125,46.369998931884766,45.310001373291016,46.25,25093100
2007-12-04,32.1795654296875,44.709999084472656,45.02000045776367,44.470001220703125,45.0,24637200
2007-12-05,33.02659606933594,45.22999954223633,45.27999877929688,44.34999847412109,44.5099983215332,29247800
2007-12-06,33.55963897705078,45.959999084472656,45.97999954223633,44.91999816894531,45.18999862670898,21654800
2007-12-07,33.12883377075195,45.369998931884766,46.40999984741211,45.33000183105469,46.0,23926800
2007-12-10,34.056156158447266,46.63999938964844,46.77999877929688,45.40999984741211,45.5,30544800
2007-12-11,32.60307693481445,44.650001525878906,47.0,44.5,46.52000045776367,33997700
2007-12-12,31.712257385253903,43.43000030517578,45.63999938964844,42.5099983215332,44.93999862670898,62623400
2007-12-13,31.434776306152344,43.04999923706055,43.13999938964844,42.0099983215332,42.869998931884766,37553200
2007-12-14,30.7849063873291,42.15999984741211,43.25,42.11000061035156,42.41999816894531,33028000
2007-12-17,30.44902610778809,41.70000076293945,42.20000076293945,41.2599983215332,42.0099983215332,39410600
2007-12-18,30.302967071533203,41.5,42.20000076293945,40.77999877929688,42.13999938964844,34660100
2007-12-19,30.36870384216309,41.59000015258789,42.59999847412109,41.47999954223633,41.68000030517578,26788600
2007-12-20,30.237255096435547,41.40999984741211,42.0,40.83000183105469,41.84999847412109,28801500
2007-12-21,30.609655380249023,41.91999816894531,42.06999969482422,41.06999969482422,41.810001373291016,42798800
2007-12-24,30.87253189086914,42.27999877929688,42.66999816894531,41.72999954223633,41.72999954223633,12722200
2007-12-26,30.88712501525879,42.29999923706055,42.31999969482422,41.75,42.08000183105469,15446400
2007-12-27,30.273775100708008,41.459999084472656,42.02999877929688,41.31999969482422,42.0,19281700
2007-12-28,30.01089668273925,41.09999847412109,41.88999938964844,40.84000015258789,41.70000076293945,23522900
2007-12-31,30.12772560119629,41.2599983215332,41.59999847412109,40.61000061035156,40.90999984741211,24663300
2008-01-02,29.61659049987793,40.560001373291016,41.54999923706055,40.34999847412109,41.52999877929688,30764600
2008-01-03,29.426742553710938,40.29999923706055,40.810001373291016,40.25,40.630001068115234,22589500
2008-01-04,29.098154067993164,39.84999847412109,40.290000915527344,39.7599983215332,40.0,34921700
2008-01-07,29.134666442871094,39.900001525878906,40.2400016784668,39.2599983215332,40.04999923706055,31884400
2008-01-08,28.04668617248535,38.40999984741211,40.209999084472656,38.27999877929688,40.18000030517578,42143300
2008-01-09,28.287647247314453,38.7400016784668,38.790000915527344,37.41999816894531,38.380001068115234,44276900
2008-01-10,28.69655990600586,39.29999923706055,39.810001373291016,37.900001525878906,38.400001525878906,60532300
2008-01-11,28.11240005493164,38.5,39.77999877929688,38.150001525878906,39.40999984741211,79116300
2008-01-14,28.638139724731445,39.220001220703125,39.29999923706055,38.40999984741211,38.7599983215332,37063400
2008-01-15,27.65968132019043,37.880001068115234,38.79999923706055,37.810001373291016,38.79999923706055,42560000
2008-01-16,28.25113868713379,38.68999862670898,39.40999984741211,37.68000030517578,37.68000030517578,46457400
2008-01-17,26.951400756835938,36.90999984741211,39.16999816894531,36.77999877929688,39.16999816894531,46725700
2008-01-18,26.2650146484375,35.970001220703125,37.47999954223633,35.130001068115234,37.25,60762800
2008-01-22,27.301877975463867,37.38999938964844,38.97999954223633,33.119998931884766,33.119998931884766,85919200
2008-01-23,29.623889923095703,40.56999969482422,41.0,36.59999847412109,36.83000183105469,93531900
2008-01-24,29.134666442871094,39.900001525878906,40.790000915527344,38.84999847412109,40.5,109818800
2008-01-25,28.82797622680664,39.47999954223633,40.54999923706055,39.18000030517578,40.119998931884766,78213500
2008-01-28,30.083913803100582,41.20000076293945,41.27999877929688,39.15999984741211,39.43000030517578,47332200
2008-01-29,30.62425804138184,41.93999862670898,42.119998931884766,41.0,41.65999984741211,54214400
2008-01-30,30.8214111328125,42.209999084472656,43.68999862670898,41.22999954223633,41.84000015258789,71585900
2008-01-31,32.23799133300781,44.150001525878906,44.5,41.369998931884766,41.77999877929688,80378600
2008-02-01,32.88054656982422,45.02999877929688,45.08000183105469,44.06999969482422,44.119998931884766,60211900
2008-02-04,32.150367736816406,44.02999877929688,44.84000015258789,43.900001525878906,44.75,36302000
2008-02-05,30.9382438659668,42.369998931884766,43.38999938964844,42.29999923706055,43.02000045776367,55739200
2008-02-06,30.909046173095703,42.33000183105469,43.33000183105469,42.209999084472656,42.709999084472656,37702200
2008-02-07,31.66843605041504,43.369998931884766,43.810001373291016,41.880001068115234,42.16999816894531,47817600
2008-02-08,30.7849063873291,42.15999984741211,43.34000015258789,41.54999923706055,43.220001220703125,44693100
2008-02-11,30.77028465270996,42.13999938964844,42.790000915527344,41.66999816894531,42.790000915527344,36314700
2008-02-12,31.26683235168457,42.81999969482422,43.33000183105469,42.16999816894531,42.40999984741211,39998300
2008-02-13,31.639244079589844,43.33000183105469,43.4900016784668,42.5099983215332,43.060001373291016,33394600
2008-02-14,30.84330940246582,42.2400016784668,43.59999847412109,42.130001068115234,43.400001525878906,37342100
2008-02-15,31.17922019958496,42.70000076293945,42.70000076293945,41.68000030517578,42.0,51280800
2008-02-19,31.157304763793945,42.66999816894531,43.29999923706055,42.34999847412109,43.18000030517578,32874300
2008-02-20,31.3763484954834,42.970001220703125,43.209999084472656,41.88999938964844,42.20000076293945,38450800
2008-02-21,30.8214111328125,42.209999084472656,43.5,42.0,43.02999877929688,36158900
2008-02-22,31.10619163513184,42.59999847412109,42.650001525878906,41.02999877929688,42.29999923706055,33756000
2008-02-25,31.35445976257324,42.93999862670898,43.02999877929688,41.720001220703125,42.27000045776367,29972200
2008-02-26,31.193798065185547,42.720001220703125,43.220001220703125,42.33000183105469,42.709999084472656,30539700
2008-02-27,31.31063842773437,42.880001068115234,43.25,42.18999862670898,42.34999847412109,29710100
2008-02-28,30.24456214904785,41.41999816894531,42.7400016784668,41.34999847412109,42.59000015258789,34949400
2008-02-29,29.01784896850586,39.7400016784668,41.06999969482422,39.540000915527344,41.02000045776367,39711500
2008-03-03,28.608930587768555,39.18000030517578,39.959999084472656,38.56999969482422,39.7400016784668,37261500
2008-03-04,28.316856384277344,38.77999877929688,39.09000015258789,37.77999877929688,38.7599983215332,46582400
2008-03-05,27.87881088256836,37.54999923706055,38.72999954223633,37.209999084472656,38.650001525878906,51850800
2008-03-06,27.11409950256348,36.52000045776367,37.22999954223633,36.27999877929688,36.95000076293945,51961200
2008-03-07,27.277433395385746,36.7400016784668,37.56999969482422,35.900001525878906,36.040000915527344,43862700
2008-03-10,26.21573066711425,35.310001373291016,37.20000076293945,35.150001525878906,37.130001068115234,50356100
2008-03-11,28.005035400390625,37.720001220703125,37.75,35.58000183105469,36.900001525878906,68076000
2008-03-12,27.492734909057617,37.02999877929688,38.900001525878906,36.97999954223633,37.34000015258789,41747400
2008-03-13,27.57439994812012,37.13999938964844,37.54999923706055,35.45000076293945,36.36000061035156,53560500
2008-03-14,26.49787139892578,35.689998626708984,37.61000061035156,35.20000076293945,37.47999954223633,57591200
2008-03-17,26.698326110839844,35.959999084472656,36.400001525878906,34.25,34.36000061035156,67553100
2008-03-18,28.90338134765625,38.93000030517578,38.93000030517578,36.5,37.06999969482422,68660600
2008-03-19,28.62867927551269,38.560001373291016,40.459999084472656,38.38999938964844,39.27999877929688,61962200
2008-03-20,31.078746795654297,41.86000061035156,41.9900016784668,38.61000061035156,38.84999847412109,69566900
2008-03-24,31.51679801940918,42.45000076293945,43.459999084472656,41.45000076293945,41.75,62674600
2008-03-25,30.41798210144043,40.970001220703125,42.25,40.70000076293945,41.650001525878906,52389000
2008-03-26,29.578996658325195,39.84000015258789,40.45000076293945,39.0,40.22999954223633,51047100
2008-03-27,28.688077926635746,38.63999938964844,40.380001068115234,38.61000061035156,40.0099983215332,42795300
2008-03-28,28.2648868560791,38.06999969482422,39.150001525878906,37.97999954223633,38.77999877929688,38462100
2008-03-31,28.14609146118164,37.90999984741211,40.0,37.77999877929688,38.150001525878906,37031600
2008-04-01,30.336294174194336,40.86000061035156,40.880001068115234,39.18999862670898,39.2599983215332,52432700
2008-04-02,29.92053604125977,40.29999923706055,41.5,40.02000045776367,40.88999938964844,40527100
2008-04-03,29.97251319885254,40.369998931884766,40.66999816894531,39.2400016784668,39.68999862670898,31047600
2008-04-04,29.25976753234864,39.40999984741211,40.27999877929688,39.310001373291016,40.220001220703125,31394100
2008-04-07,29.326583862304688,39.5,40.400001525878906,39.36000061035156,39.84999847412109,32126700
2008-04-08,28.495031356811523,38.380001068115234,39.29999923706055,38.25,39.18000030517578,39627900
2008-04-09,28.160938262939453,37.93000030517578,38.79999923706055,37.86000061035156,38.630001068115234,31935100
2008-04-10,27.98275184631348,37.68999862670898,38.29999923706055,37.36000061035156,37.93999862670898,37341200
2008-04-11,27.42592430114746,36.93999862670898,37.880001068115234,36.79999923706055,37.16999816894531,35756400
2008-04-14,26.416189193725582,35.58000183105469,36.540000915527344,35.439998626708984,36.400001525878906,44191700
2008-04-15,26.416189193725582,35.58000183105469,36.459999084472656,35.27000045776367,36.11000061035156,44341600
2008-04-16,27.455615997314453,36.97999954223633,36.97999954223633,36.130001068115234,36.400001525878906,38112700
2008-04-17,27.81940650939941,37.470001220703125,37.7400016784668,36.25,36.709999084472656,30100100
2008-04-18,28.62867927551269,38.560001373291016,39.619998931884766,38.119998931884766,38.470001220703125,48291900
2008-04-21,27.923355102539062,37.61000061035156,38.25,37.36000061035156,37.790000915527344,38324400
2008-04-22,27.4704704284668,37.0,37.720001220703125,36.70000076293945,37.619998931884766,42136100
2008-04-23,27.36652565002441,36.86000061035156,37.33000183105469,36.5,37.20000076293945,30227300
2008-04-24,28.116390228271484,37.869998931884766,38.18999862670898,36.88999938964844,37.0099983215332,39720600
2008-04-25,28.43564414978028,38.29999923706055,38.68000030517578,37.540000915527344,38.27000045776367,34667400
2008-04-28,28.346553802490234,38.18000030517578,38.56999969482422,37.86000061035156,38.380001068115234,24256800
2008-04-29,28.108964920043945,37.86000061035156,38.43000030517578,37.68999862670898,38.06999969482422,28257700
2008-04-30,27.87138557434082,37.540000915527344,38.43999862670898,37.41999816894531,38.0099983215332,33748000
2008-05-01,29.244911193847656,39.38999938964844,39.4900016784668,37.560001373291016,37.65999984741211,41524300
2008-05-02,29.54188537597656,39.790000915527344,40.650001525878906,39.38999938964844,40.09999847412109,44354600
2008-05-05,28.93309211730957,38.970001220703125,39.52999877929688,38.79999923706055,39.400001525878906,32767200
2008-05-06,29.13354682922364,39.2400016784668,39.43999862670898,38.11000061035156,38.65999984741211,35600200
2008-05-07,28.21290779113769,38.0,39.41999816894531,37.84999847412109,39.27999877929688,36551000
2008-05-08,27.715478897094727,37.33000183105469,38.310001373291016,37.220001220703125,38.209999084472656,36001600
2008-05-09,27.21061897277832,36.650001525878906,37.470001220703125,36.52999877929688,37.209999084472656,43012400
2008-05-12,27.7971420288086,37.43999862670898,37.58000183105469,36.7599983215332,36.81999969482422,26709900
2008-05-13,27.1809139251709,36.61000061035156,37.59999847412109,36.5,37.459999084472656,35473600
2008-05-14,27.32197380065918,36.79999923706055,37.0,36.5,36.7400016784668,28741400
2008-05-15,27.255157470703125,36.709999084472656,36.88999938964844,36.11000061035156,36.880001068115234,46841100
2008-05-16,26.85423469543457,36.16999816894531,36.81999969482422,36.040000915527344,36.77999877929688,32144800
2008-05-19,26.8022575378418,36.09999847412109,36.720001220703125,35.650001525878906,36.220001220703125,37786200
2008-05-20,26.27512550354004,35.38999938964844,35.95000076293945,35.27000045776367,35.84000015258789,36536800
2008-05-21,25.71086502075196,34.630001068115234,35.54999923706055,34.5,35.400001525878906,44293800
2008-05-22,25.78511428833008,34.72999954223633,35.33000183105469,34.4900016784668,34.75,40330700
2008-05-23,25.191162109375,33.93000030517578,34.619998931884766,33.900001525878906,34.58000183105469,42429400
2008-05-27,25.36935043334961,34.16999816894531,34.349998474121094,33.709999084472656,34.02000045776367,37972000
2008-05-28,25.14661407470703,33.869998931884766,34.47999954223633,33.25,34.439998626708984,46624900
2008-05-29,25.6885986328125,34.599998474121094,34.77000045776367,33.66999816894531,33.779998779296875,37973700
2008-05-30,25.25055885314941,34.0099983215332,34.869998931884766,33.97999954223633,34.79999923706055,31973900
2008-06-02,24.931310653686523,33.58000183105469,33.939998626708984,33.20000076293945,33.84000015258789,39784200
2008-06-03,24.730844497680664,33.310001373291016,33.93000030517578,32.900001525878906,33.79999923706055,47951400
2008-06-04,24.21609115600586,31.989999771118164,32.599998474121094,31.809999465942383,32.310001373291016,61136800
2008-06-05,24.21609115600586,31.989999771118164,32.380001068115234,31.559999465942383,32.13999938964844,52548300
2008-06-06,23.08817672729492,30.5,31.690000534057617,30.38999938964844,31.64999961853028,70192800
2008-06-09,22.414457321166992,29.61000061035156,30.850000381469727,29.34000015258789,30.780000686645508,69906600
2008-06-10,22.422025680541992,29.6200008392334,30.530000686645508,29.31999969482422,29.350000381469727,61912700
2008-06-11,21.839141845703125,28.850000381469727,30.18000030517578,28.82999992370605,30.049999237060547,68528000
2008-06-12,22.28577041625977,29.440000534057617,30.040000915527344,29.0,29.049999237060547,61131700
2008-06-13,22.543142318725582,29.780000686645508,29.89999961853028,29.040000915527344,29.780000686645508,51467700
2008-06-16,22.951913833618164,30.31999969482422,30.76000022888184,29.450000762939453,29.670000076293945,45187700
2008-06-17,22.13436889648437,29.239999771118164,30.88999938964844,29.170000076293945,30.71999931335449,44534100
2008-06-18,21.475786209106445,28.3700008392334,28.950000762939453,28.0,28.850000381469727,73024600
2008-06-19,21.30167961120605,28.13999938964844,28.46999931335449,26.979999542236328,28.459999084472656,104447300
2008-06-20,20.51442146301269,27.100000381469727,28.100000381469727,26.950000762939453,27.309999465942383,89929700
2008-06-23,19.59088706970215,25.8799991607666,27.26000022888184,25.82999992370605,27.18000030517578,69725400
2008-06-24,20.15106201171875,26.6200008392334,26.84000015258789,25.549999237060547,25.96999931335449,74750100
2008-06-25,20.14349174499512,26.61000061035156,27.940000534057617,26.350000381469727,26.88999938964844,72567600
2008-06-26,18.780902862548828,24.809999465942383,25.8799991607666,24.729999542236328,25.8799991607666,96150100
2008-06-27,18.61437225341797,24.59000015258789,25.440000534057617,24.25,25.0,83313400
2008-06-30,18.069339752197266,23.8700008392334,25.040000915527344,22.440000534057617,24.739999771118164,79478800
2008-07-01,18.023923873901367,23.809999465942383,24.229999542236328,22.670000076293945,23.309999465942383,105853900
2008-07-02,17.062541961669922,22.540000915527344,24.290000915527344,22.540000915527344,24.049999237060547,76056000
2008-07-03,16.95656394958496,22.39999961853028,22.8799991607666,21.71999931335449,22.75,46598700
2008-07-07,16.297983169555664,21.530000686645508,22.950000762939453,21.100000381469727,22.61000061035156,98083400
2008-07-08,17.819534301757812,23.540000915527344,23.670000076293945,21.1200008392334,21.559999465942383,104967400
2008-07-09,16.699186325073242,22.059999465942383,24.0,21.8700008392334,23.59000015258789,97149900
2008-07-10,16.926284790039062,22.36000061035156,23.200000762939453,21.280000686645508,21.6200008392334,112748800
2008-07-11,16.403959274291992,21.670000076293945,22.46999931335449,20.84000015258789,21.309999465942383,133737500
2008-07-14,15.253337860107422,20.14999961853028,22.940000534057617,20.049999237060547,22.799999237060547,102861100
2008-07-15,14.019447326660156,18.520000457763672,20.270000457763672,18.440000534057617,19.549999237060547,186221000
2008-07-16,17.160945892333984,22.670000076293945,22.920000076293945,19.040000915527344,19.450000762939453,191122800
2008-07-17,20.06020736694336,26.5,26.5,23.799999237060547,23.950000762939453,189147600
2008-07-18,20.80964088439941,27.489999771118164,27.989999771118164,25.600000381469727,27.459999084472656,157811600
2008-07-21,21.619611740112305,28.559999465942383,30.89999961853028,28.200000762939453,30.309999465942383,163781600
2008-07-22,24.488601684570312,32.349998474121094,33.439998626708984,27.200000762939453,27.850000381469727,139814700
2008-07-23,25.313720703125,33.439998626708984,34.2599983215332,31.75,32.04999923706055,159601900
2008-07-24,23.194154739379883,30.63999938964844,34.0,30.479999542236328,33.66999816894531,120641100
2008-07-25,22.391748428344727,29.57999992370605,31.09000015258789,29.01000022888184,30.600000381469727,89735800
2008-07-28,21.241119384765625,28.059999465942383,30.59000015258789,27.940000534057617,29.34000015258789,73281800
2008-07-29,24.39020538330078,32.220001220703125,32.220001220703125,27.799999237060547,28.15999984741211,109271100
2008-07-30,25.44242477416992,33.61000061035156,34.5,31.989999771118164,33.380001068115234,119467100
2008-07-31,24.904953002929688,32.900001525878906,33.84000015258789,32.119998931884766,32.72999954223633,66288700
2008-08-01,25.23044776916504,33.33000183105469,33.5,31.93000030517578,33.20000076293945,58692700
2008-08-04,24.69297981262207,32.619998931884766,33.599998474121094,31.700000762939453,32.599998474121094,59095000
2008-08-05,25.419708251953125,33.58000183105469,34.20000076293945,33.04999923706055,33.279998779296875,74277800
2008-08-06,25.3212947845459,33.45000076293945,33.97999954223633,32.220001220703125,33.02000045776367,55622800
2008-08-07,23.86030960083008,31.520000457763672,33.540000915527344,31.14999961853028,32.7599983215332,77877400
2008-08-08,24.41290855407715,32.25,32.75,30.770000457763672,30.96999931335449,61163900
2008-08-11,25.268310546875,33.380001068115234,33.97999954223633,32.02000045776367,32.18000030517578,63158700
2008-08-12,23.565080642700195,31.1299991607666,33.0,30.84000015258789,32.959999084472656,59264100
2008-08-13,21.84671401977539,28.86000061035156,30.64999961853028,28.5,30.479999542236328,98225700
2008-08-14,22.8459415435791,30.18000030517578,30.489999771118164,28.6299991607666,28.940000534057617,64682500
2008-08-15,23.239574432373047,30.700000762939453,31.5,30.26000022888184,30.5,55464900
2008-08-18,22.17979049682617,29.299999237060547,30.809999465942383,29.299999237060547,30.709999084472656,59555500
2008-08-19,21.256267547607425,28.07999992370605,29.0,27.75,28.959999084472656,71296800
2008-08-20,22.17222595214844,29.290000915527344,29.39999961853028,27.71999931335449,28.299999237060547,63148100
2008-08-21,21.98297691345215,29.040000915527344,29.350000381469727,27.979999542236328,28.64999961853028,49905900
2008-08-22,22.8686580657959,30.209999084472656,30.43000030517578,29.280000686645508,29.979999542236328,55439800
2008-08-25,21.922407150268555,28.959999084472656,30.049999237060547,28.850000381469727,29.940000534057617,41479400
2008-08-26,21.96783447265625,29.020000457763672,29.489999771118164,28.450000762939453,29.049999237060547,43496300
2008-08-27,22.44474601745605,29.64999961853028,29.84000015258789,28.790000915527344,29.170000076293945,39123300
2008-08-28,23.79217338562012,31.43000030517578,31.43000030517578,29.799999237060547,30.190000534057617,64508600
2008-08-29,23.57264518737793,31.13999938964844,31.479999542236328,30.71999931335449,30.989999771118164,40830800
2008-09-02,24.7005672454834,32.630001068115234,33.13999938964844,32.060001373291016,32.72999954223633,70626400
2008-09-03,25.44953155517578,32.959999084472656,32.9900016784668,31.549999237060547,32.209999084472656,71778400
2008-09-04,23.62730407714844,30.600000381469727,32.79999923706055,30.5,32.58000183105469,70001300
2008-09-05,24.885873794555664,32.22999954223633,32.290000915527344,29.81999969482422,30.07999992370605,85388200
2008-09-08,26.81621551513672,34.72999954223633,35.70000076293945,33.45000076293945,35.2599983215332,164205500
2008-09-09,25.10978507995605,32.52000045776367,35.099998474121094,32.29999923706055,34.29999923706055,107012300
2008-09-10,25.01713752746582,32.400001525878906,33.36000061035156,31.200000762939453,32.970001220703125,88138200
2008-09-11,25.52674674987793,33.060001373291016,33.22999954223633,30.3700008392334,30.959999084472656,93465600
2008-09-12,26.051803588867188,33.7400016784668,34.400001525878906,32.099998474121094,32.279998779296875,79018300
2008-09-15,20.50015640258789,26.549999237060547,30.11000061035156,26.549999237060547,28.229999542236328,275947400
2008-09-16,22.81656265258789,29.549999237060547,29.75,25.0,25.030000686645508,174575700
2008-09-17,21.00204086303711,27.200000762939453,29.39999961853028,26.520000457763672,28.6200008392334,174479800
2008-09-18,23.611852645874023,30.57999992370605,32.099998474121094,26.86000061035156,28.1200008392334,225157700
2008-09-19,28.93957901000977,37.47999954223633,39.5,34.40999984741211,38.540000915527344,169634200
2008-09-22,26.36837577819824,34.150001525878906,35.9900016784668,34.0,35.970001220703125,64641500
2008-09-23,25.712060928344727,33.29999923706055,35.45000076293945,32.0,34.400001525878906,54546200
2008-09-24,25.534473419189453,33.06999969482422,34.58000183105469,33.0,33.77000045776367,46292200
2008-09-25,26.53824234008789,34.369998931884766,35.5,33.52000045776367,34.06999969482422,60479300
2008-09-26,28.33732032775879,36.70000076293945,37.5,33.290000915527344,33.7599983215332,71964400
2008-09-29,23.357053756713867,30.25,36.70000076293945,30.25,36.70000076293945,102415400
2008-09-30,27.024677276611328,35.0,35.43000030517578,31.850000381469727,32.400001525878906,79197200
2008-10-01,29.44146728515625,38.130001068115234,38.5,34.220001220703125,34.56999969482422,77465900
2008-10-02,28.082523345947266,36.369998931884766,38.43999862670898,36.310001373291016,37.84000015258789,60475000
2008-10-03,26.623178482055664,34.47999954223633,38.5,34.02000045776367,37.86000061035156,71040700
2008-10-06,24.878154754638672,32.220001220703125,33.4900016784668,30.780000686645508,31.780000686645508,82372200
2008-10-07,18.3536319732666,23.770000457763672,30.239999771118164,23.770000457763672,29.64999961853028,143285000
2008-10-08,17.064157485961914,22.100000381469727,23.700000762939453,20.01000022888184,20.350000381469727,322727700
2008-10-09,15.156987190246582,19.6299991607666,24.0,19.51000022888184,23.32999992370605,197845600
2008-10-10,16.11444091796875,20.8700008392334,22.14999961853028,18.989999771118164,19.39999961853028,212897700
2008-10-13,17.596935272216797,22.790000915527344,24.309999465942383,21.64999961853028,23.780000686645508,169776400
2008-10-14,20.48470687866211,26.530000686645508,27.209999084472656,25.0,26.43000030517578,213923300
2008-10-15,18.392234802246094,23.81999969482422,26.07999992370605,23.600000381469727,25.39999961853028,118298900
2008-10-16,18.724245071411133,24.25,25.020000457763672,22.11000061035156,24.40999984741211,132357000
2008-10-17,17.94438934326172,23.239999771118164,24.780000686645508,23.15999984741211,23.540000915527344,113718000
2008-10-20,18.840068817138672,24.39999961853028,24.450000762939453,23.01000022888184,23.920000076293945,84862900
2008-10-21,18.50805282592773,23.96999931335449,24.920000076293945,23.700000762939453,23.950000762939453,75498200
2008-10-22,17.496557235717773,22.65999984741211,24.38999938964844,21.65999984741211,23.440000534057617,99175000
2008-10-23,17.75908088684082,23.0,23.200000762939453,21.559999465942383,22.57999992370605,97334900
2008-10-24,16.268863677978516,21.06999969482422,22.270000457763672,20.489999771118164,20.489999771118164,106422900
2008-10-27,15.851910591125488,20.530000686645508,21.799999237060547,20.489999771118164,20.8700008392334,73489800
2008-10-28,17.774526596069336,23.020000457763672,23.270000457763672,20.020000457763672,21.290000915527344,110456600
2008-10-29,17.234018325805664,22.31999969482422,23.809999465942383,22.100000381469727,23.0,110623200
2008-10-30,17.589204788208008,22.780000686645508,23.479999542236328,22.170000076293945,23.309999465942383,77086600
2008-10-31,18.66248321533203,24.170000076293945,24.170000076293945,22.350000381469727,22.350000381469727,134621200
2008-11-03,18.230079650878903,23.61000061035156,24.059999465942383,23.100000381469727,23.96999931335449,59182300
2008-11-04,18.94044685363769,24.530000686645508,24.6200008392334,23.46999931335449,24.030000686645508,89542600
2008-11-05,16.793909072875977,21.75,24.350000381469727,21.559999465942383,24.11000061035156,88416800
2008-11-06,15.5353364944458,20.1200008392334,22.309999465942383,19.959999084472656,21.6200008392334,118548800
2008-11-07,15.821027755737305,20.489999771118164,20.739999771118164,19.950000762939453,20.440000534057617,82003200
2008-11-10,15.041165351867676,19.479999542236328,21.13999938964844,19.049999237060547,21.049999237060547,79599800
2008-11-11,14.431182861328123,18.690000534057617,19.32999992370605,18.25,19.14999961853028,103837200
2008-11-12,13.126272201538086,17.0,18.84000015258789,17.0,18.350000381469727,101948600
2008-11-13,13.20348834991455,17.100000381469727,17.399999618530273,14.880000114440918,17.15999984741211,197772100
2008-11-14,12.678438186645508,16.420000076293945,18.040000915527344,16.200000762939453,16.84000015258789,124550600
2008-11-17,11.60517406463623,15.029999732971191,16.280000686645508,14.979999542236328,16.209999084472656,130129600
2008-11-18,11.728713989257812,15.1899995803833,15.720000267028809,14.539999961853027,15.170000076293944,149127600
2008-11-19,10.084071159362791,13.0600004196167,14.979999542236328,12.93000030517578,14.8100004196167,173059700
2008-11-20,8.686506271362305,11.25,13.239999771118164,11.0,12.8100004196167,196136500
2008-11-21,8.856375694274902,11.470000267028809,12.15999984741211,10.010000228881836,12.079999923706056,229691500
2008-11-24,11.265436172485352,14.59000015258789,14.850000381469728,12.43000030517578,12.59000015258789,197880500
2008-11-25,11.427583694458008,14.800000190734863,15.5,13.90999984741211,15.229999542236328,145943000
2008-11-26,11.914026260375977,15.43000030517578,15.460000038146973,13.75,14.31999969482422,118890800
2008-11-28,12.547181129455566,16.25,16.389999389648438,15.40999984741211,15.43000030517578,52660100
2008-12-01,9.921919822692873,12.850000381469728,15.600000381469728,12.770000457763672,15.59000015258789,127347400
2008-12-02,11.09556484222412,14.369999885559082,14.6899995803833,12.90999984741211,13.460000038146973,136087200
2008-12-03,11.885286331176758,15.050000190734863,15.18000030517578,13.390000343322754,13.699999809265137,128501000
2008-12-04,11.324583053588867,14.34000015258789,15.359999656677246,13.93000030517578,14.739999771118164,107562100
2008-12-05,12.035332679748535,15.239999771118164,15.460000038146973,13.75,13.899999618530272,140156600
2008-12-08,14.088603019714355,17.84000015258789,18.0,16.049999237060547,16.190000534057617,164101500
2008-12-09,13.385753631591797,16.950000762939453,17.940000534057617,16.899999618530273,17.399999618530273,116333600
2008-12-10,13.180427551269531,16.690000534057617,17.360000610351562,16.049999237060547,17.270000457763672,88454000
2008-12-11,11.774721145629885,14.90999984741211,16.3700008392334,14.829999923706056,16.329999923706055,107442900
2008-12-12,11.790519714355469,14.93000030517578,15.09000015258789,13.899999618530272,14.109999656677246,119512500
2008-12-15,11.142950057983398,14.109999656677246,15.100000381469728,13.899999618530272,15.050000190734863,81959400
2008-12-16,11.92476749420166,15.100000381469728,15.199999809265137,13.510000228881836,14.18000030517578,183131000
2008-12-17,11.54570770263672,14.619999885559082,15.390000343322754,14.5,14.81999969482422,96214400
2008-12-18,11.024491310119627,13.960000038146973,15.109999656677246,13.90999984741211,14.850000381469728,102574800
2008-12-19,10.898136138916016,13.800000190734863,14.369999885559082,13.600000381469728,14.06999969482422,104069400
2008-12-22,10.684906959533691,13.529999732971191,14.010000228881836,13.210000038146973,13.899999618530272,72654800
2008-12-23,10.068927764892578,12.75,13.579999923706056,12.720000267028809,13.43000030517578,68454600
2008-12-24,10.684906959533691,13.529999732971191,13.5600004196167,12.739999771118164,12.75,38022300
2008-12-26,10.550657272338867,13.359999656677246,13.800000190734863,13.289999961853027,13.65999984741211,43646200
2008-12-29,10.218975067138672,12.9399995803833,13.729999542236328,12.68000030517578,13.56999969482422,62741300
2008-12-30,10.455892562866213,13.239999771118164,13.239999771118164,12.65999984741211,13.09000015258789,72897800
2008-12-31,11.119256019592283,14.079999923706056,14.119999885559082,13.0,13.09000015258789,113351000
2009-01-02,11.316685676574709,14.329999923706056,14.56999969482422,13.710000038146973,13.920000076293944,86580700
2009-01-05,11.040283203125,13.979999542236328,14.550000190734863,13.890000343322754,14.380000114440918,93640500
2009-01-06,11.27719783782959,14.279999732971191,14.8100004196167,14.06999969482422,14.270000457763672,111015400
2009-01-07,10.827058792114258,13.710000038146973,14.130000114440918,13.609999656677246,14.109999656677246,112810000
2009-01-08,10.692805290222168,13.539999961853027,13.989999771118164,13.350000381469728,13.81999969482422,93943500
2009-01-09,10.258461952209473,12.989999771118164,13.779999732971191,12.949999809265137,13.68000030517578,74813700
2009-01-12,9.026496887207031,11.43000030517578,12.899999618530272,11.31999969482422,12.859999656677246,122567000
2009-01-13,8.410516738891602,10.649999618530272,11.25,10.460000038146973,11.1899995803833,242917900
2009-01-14,8.055147171020508,10.199999809265137,10.479999542236328,10.09000015258789,10.09000015258789,166801200
2009-01-15,6.57047176361084,8.319999694824219,9.720000267028809,7.349999904632568,9.699999809265137,552512600
2009-01-16,5.670187950134277,7.179999828338623,9.31999969482422,7.0,8.989999771118164,494599400
2009-01-20,4.027573585510254,5.099999904632568,6.5,5.050000190734863,6.480000019073486,413433500
2009-01-21,5.275328636169434,6.679999828338623,6.880000114440918,5.360000133514404,5.539999961853027,438488400
2009-01-22,4.509302616119385,5.710000038146973,6.400000095367432,5.5,6.369999885559082,362515000
2009-01-23,4.92785120010376,6.239999771118164,6.28000020980835,5.300000190734863,5.369999885559082,301305600
2009-01-26,4.738317966461182,6.0,6.980000019073486,6.0,6.460000038146973,267222800
2009-01-27,5.133179187774658,6.5,6.610000133514404,6.199999809265137,6.300000190734863,190621000
2009-01-28,5.836027145385742,7.389999866485596,7.809999942779541,7.099999904632568,7.639999866485596,357522100
2009-01-29,5.354299545288086,6.78000020980835,7.199999809265137,6.710000038146973,6.960000038146973,175314200
2009-01-30,5.196357727050781,6.579999923706055,6.920000076293945,6.349999904632568,6.880000114440918,220955000
2009-02-02,4.738317966461182,6.0,6.659999847412109,5.820000171661377,6.199999809265137,291276500
2009-02-03,4.185513973236084,5.300000190734863,6.159999847412109,5.190000057220459,6.159999847412109,355724700
2009-02-04,3.7116832733154297,4.699999809265137,5.539999961853027,4.619999885559082,5.46999979019165,610037800
2009-02-05,3.8222439289093018,4.840000152587891,4.960000038146973,3.7699999809265137,4.559999942779541,757557100
2009-02-06,4.840981960296631,6.130000114440918,6.489999771118164,5.360000133514404,5.389999866485596,725522500
2009-02-09,5.441168308258057,6.889999866485596,7.050000190734863,6.309999942779541,6.570000171661377,461430100
2009-02-10,4.390843391418457,5.559999942779541,6.889999866485596,5.480000019073486,6.849999904632568,608904400
2009-02-11,4.793599605560303,6.070000171661377,6.139999866485596,5.710000038146973,5.800000190734863,396772000
2009-02-12,4.635656356811523,5.869999885559082,5.920000076293945,5.349999904632568,5.71999979019165,370215500
2009-02-13,4.398740291595459,5.570000171661377,5.869999885559082,5.550000190734863,5.679999828338623,239879500
2009-02-17,3.869626998901367,4.900000095367432,5.199999809265137,4.869999885559082,5.070000171661377,278175000
2009-02-18,3.6090188026428223,4.570000171661377,5.210000038146973,4.510000228881836,5.159999847412109,327604800
2009-02-19,3.103599071502685,3.930000066757202,4.679999828338623,3.859999895095825,4.059999942779541,406830800
2009-02-20,2.993037700653076,3.7899999618530273,4.090000152587891,2.5299999713897705,3.609999895095825,840283700
2009-02-23,3.087804317474365,3.910000085830689,4.480000019073486,3.819999933242798,4.289999961853027,511845600
2009-02-24,3.735373497009277,4.730000019073486,4.75,3.859999895095825,4.03000020980835,510482600
2009-02-25,4.074954986572266,5.159999847412109,5.5,4.199999809265137,4.809999942779541,593460500
2009-02-26,4.201309680938721,5.320000171661377,5.889999866485596,5.110000133514404,5.610000133514404,449243000
2009-02-27,3.119393825531006,3.950000047683716,4.889999866485596,3.950000047683716,4.25,476468300
2009-03-02,2.8666832447052,3.630000114440918,3.920000076293945,3.2699999809265137,3.609999895095825,437894200
2009-03-03,2.882477045059204,3.650000095367432,4.079999923706055,3.569999933242798,3.950000047683716,347261200
2009-03-04,2.8428826332092285,3.5899999141693115,4.03000020980835,3.380000114440918,3.380000114440918,262493200
2009-03-05,2.510289192199707,3.1700000762939453,3.509999990463257,3.119999885559082,3.400000095367432,282814100
2009-03-06,2.4865334033966064,3.140000104904175,3.539999961853028,3.0,3.289999961853028,281698600
2009-03-09,2.969585418701172,3.75,3.7699999809265137,3.200000047683716,3.220000028610229,298867900
2009-03-10,3.793151617050171,4.789999961853027,4.800000190734863,4.199999809265137,4.349999904632568,419616900
2009-03-11,3.904015302658081,4.929999828338623,5.5,4.510000228881836,5.300000190734863,451780400
2009-03-12,4.632551670074463,5.849999904632568,5.989999771118164,4.840000152587891,4.920000076293945,544222900
2009-03-13,4.561283111572266,5.760000228881836,6.449999809265137,5.650000095367432,6.25,568457500
2009-03-16,4.893877029418945,6.179999828338623,6.949999809265137,6.03000020980835,6.21999979019165,537893100
2009-03-17,4.965145587921143,6.269999980926514,6.360000133514404,5.800000190734863,6.070000171661377,429150400
2009-03-18,6.073792934417725,7.670000076293945,7.670000076293945,6.21999979019165,6.360000133514404,664772200
2009-03-19,5.48779296875,6.929999828338623,8.569999694824219,6.820000171661377,8.430000305175781,622301500
2009-03-20,4.901795387268066,6.190000057220459,6.989999771118164,5.980000019073486,6.96999979019165,572920000
2009-03-23,6.176736831665039,7.800000190734863,7.889999866485596,6.900000095367432,7.369999885559082,569334700
2009-03-24,5.717441558837891,7.21999979019165,7.989999771118164,7.070000171661377,7.320000171661377,524215100
2009-03-25,6.097549915313721,7.699999809265137,7.989999771118164,6.960000038146973,7.769999980926514,620457600
2009-03-26,6.00252103805542,7.579999923706055,7.960000038146973,7.139999866485596,7.880000114440918,479338200
2009-03-27,5.812467575073242,7.340000152587891,7.739999771118164,7.130000114440918,7.199999809265137,383537100
2009-03-30,4.775092601776123,6.03000020980835,6.75,6.019999980926514,6.699999809265137,486926900
2009-03-31,5.400684833526611,6.820000171661377,6.889999866485596,6.25,6.360000133514404,422256900
2009-04-01,5.582821846008301,7.050000190734863,7.21999979019165,6.440000057220459,6.449999809265137,421386100
2009-04-02,5.733280658721924,7.239999771118164,7.869999885559082,7.070000171661377,7.849999904632568,512639600
2009-04-03,6.018357753753662,7.599999904632568,7.610000133514404,6.650000095367432,7.090000152587891,348608900
2009-04-06,5.923333644866943,7.480000019073486,7.639999866485596,7.139999866485596,7.239999771118164,290223200
2009-04-07,5.828306674957275,7.360000133514404,7.579999923706055,7.210000038146973,7.21999979019165,264002200
2009-04-08,5.5907392501831055,7.059999942779541,7.550000190734863,6.909999847412109,7.489999771118164,309546200
2009-04-09,7.562545299530029,9.550000190734863,9.850000381469728,8.0,8.149999618530273,1029694600
2009-04-13,8.72662353515625,11.020000457763672,11.119999885559082,9.15999984741211,9.399999618530272,687385400
2009-04-14,7.9901652336120605,10.09000015258789,11.579999923706056,10.0600004196167,11.18000030517578,666610100
2009-04-15,8.267330169677734,10.4399995803833,10.520000457763672,9.270000457763672,9.68000030517578,556590300
2009-04-16,8.18813705444336,10.34000015258789,10.899999618530272,10.260000228881836,10.890000343322754,383207300
2009-04-17,8.394026756286621,10.600000381469728,11.229999542236328,10.300000190734863,10.68000030517578,487364200
2009-04-20,6.350954532623291,8.020000457763672,9.890000343322754,8.020000457763672,9.75,802467300
2009-04-21,6.936953067779541,8.760000228881836,8.930000305175781,7.0,7.210000038146973,867931700
2009-04-22,6.541008472442627,8.260000228881836,9.239999771118164,8.130000114440918,8.430000305175781,620909200
2009-04-23,6.984465599060059,8.819999694824219,8.920000076293945,8.229999542236328,8.59000015258789,561041900
2009-04-24,7.206193923950195,9.100000381469728,9.470000267028809,8.699999809265137,9.0600004196167,589862000
2009-04-27,7.063652038574219,8.920000076293945,9.289999961853027,8.649999618530273,8.65999984741211,332356100
2009-04-28,6.453897953033447,8.149999618530273,8.680000305175781,8.0,8.039999961853027,467568100
2009-04-29,6.873599529266357,8.680000305175781,8.84000015258789,8.359999656677246,8.470000267028809,457954600
2009-04-30,7.0715742111206055,8.930000305175781,9.260000228881836,8.800000190734863,9.119999885559082,343739500
2009-05-01,6.889438152313232,8.699999809265137,9.020000457763672,8.550000190734863,8.789999961853027,299754800
2009-05-04,8.219807624816895,10.380000114440918,10.449999809265137,8.819999694824219,8.890000343322754,582512600
2009-05-05,8.584083557128906,10.84000015258789,11.119999885559082,10.100000381469728,10.270000457763672,550673100
2009-05-06,10.049078941345217,12.6899995803833,12.850000381469728,11.510000228881836,11.93000030517578,924590100
2009-05-07,10.698426246643066,13.510000228881836,15.06999969482422,12.779999732971191,14.75,946806700
2009-05-08,11.221074104309082,14.170000076293944,14.619999885559082,13.550000190734863,14.229999542236328,681310400
2009-05-11,10.247051239013672,12.9399995803833,13.949999809265137,12.9399995803833,13.600000381469728,411170100
2009-05-12,9.708562850952148,12.260000228881836,13.279999732971191,12.119999885559082,13.229999542236328,412128100
2009-05-13,8.718705177307129,11.010000228881836,11.949999809265137,11.010000228881836,11.93000030517578,391486200
2009-05-14,8.956271171569824,11.3100004196167,11.56999969482422,10.609999656677246,10.81999969482422,440641900
2009-05-15,8.449458122253418,10.670000076293944,11.630000114440918,10.579999923706056,11.34000015258789,324124400
2009-05-18,9.288863182067873,11.729999542236328,12.100000381469728,11.520000457763672,11.550000190734863,553623400
2009-05-19,8.908754348754883,11.25,12.239999771118164,11.25,11.949999809265137,506343300
2009-05-20,9.098811149597168,11.489999771118164,12.239999771118164,11.210000038146973,11.880000114440918,1197984500
2009-05-21,9.0354585647583,11.40999984741211,11.970000267028809,11.199999809265137,11.449999809265137,587487600
2009-05-22,8.766218185424805,11.06999969482422,11.649999618530272,10.75,11.600000381469728,502447400
2009-05-26,8.694948196411133,10.979999542236328,11.270000457763672,10.8100004196167,10.899999618530272,495077300
2009-05-27,8.63951301574707,10.90999984741211,11.539999961853027,10.90999984741211,11.31999969482422,539898200
2009-05-28,8.948351860046387,11.300000190734863,11.300000190734863,10.56999969482422,10.90999984741211,464520100
2009-05-29,8.924593925476074,11.270000457763672,11.5,10.970000267028809,11.489999771118164,370618000
2009-06-01,8.877081871032715,11.210000038146973,11.75,11.210000038146973,11.40999984741211,350813400
2009-06-02,9.0354585647583,11.40999984741211,11.600000381469728,11.100000381469728,11.1899995803833,311852000
2009-06-03,8.884867668151855,11.210000038146973,11.539999961853027,11.140000343322754,11.369999885559082,236543800
2009-06-04,9.407973289489746,11.869999885559082,11.869999885559082,11.199999809265137,11.369999885559082,316481900
2009-06-05,9.400043487548828,11.859999656677246,12.329999923706056,11.859999656677246,12.239999771118164,369767900
2009-06-08,9.55856704711914,12.0600004196167,12.18000030517578,11.65999984741211,11.770000457763672,246762300
2009-06-09,9.55856704711914,12.0600004196167,12.149999618530272,11.93000030517578,12.140000343322754,203171000
2009-06-10,9.495158195495604,11.979999542236328,12.350000381469728,11.93000030517578,12.119999885559082,328393900
2009-06-11,10.279813766479492,12.970000267028809,13.220000267028809,12.1899995803833,12.199999809265137,530063800
2009-06-12,10.874256134033203,13.720000267028809,13.93000030517578,13.229999542236328,13.300000190734863,448295800
2009-06-15,10.565144538879396,13.329999923706056,13.6899995803833,13.15999984741211,13.619999885559082,345381600
2009-06-16,10.089591979980469,12.729999542236328,13.399999618530272,12.720000267028809,13.399999618530272,370863900
2009-06-17,9.748784065246582,12.300000190734863,12.760000228881836,12.020000457763672,12.5600004196167,444130500
2009-06-18,10.224332809448242,12.899999618530272,12.949999809265137,12.34000015258789,12.399999618530272,341091800
2009-06-19,10.477960586547852,13.220000267028809,13.350000381469728,12.829999923706056,13.100000381469728,433963600
2009-06-22,9.46345043182373,11.9399995803833,13.050000190734863,11.9399995803833,12.880000114440918,433445300
2009-06-23,9.693300247192385,12.229999542236328,12.4399995803833,11.93000030517578,12.109999656677246,358378200
2009-06-24,9.78841495513916,12.350000381469728,12.670000076293944,12.18000030517578,12.449999809265137,334262900
2009-06-25,9.78841495513916,12.350000381469728,12.359999656677246,12.010000228881836,12.09000015258789,330425500
2009-06-26,10.105448722839355,12.75,12.779999732971191,12.270000457763672,12.34000015258789,341830600
2009-06-29,10.454181671142578,13.1899995803833,13.1899995803833,12.520000457763672,12.789999961853027,333302300
2009-06-30,10.46210765838623,13.199999809265137,13.479999542236328,12.9399995803833,13.260000228881836,306341500
2009-07-01,10.343226432800291,13.050000190734863,13.449999809265137,13.039999961853027,13.270000457763672,243363600
2009-07-02,10.01826286315918,12.640000343322754,13.050000190734863,12.619999885559082,12.789999961853027,215974600
2009-07-06,9.62989330291748,12.149999618530272,12.59000015258789,11.84000015258789,12.470000267028809,377832200
2009-07-07,9.62989330291748,12.149999618530272,12.369999885559082,11.949999809265137,12.149999618530272,275460100
2009-07-08,9.384195327758787,11.84000015258789,12.289999961853027,11.270000457763672,12.1899995803833,570440000
2009-07-09,9.487229347229004,11.970000267028809,12.25,11.84000015258789,12.100000381469728,273316500
2009-07-10,9.415895462036133,11.880000114440918,11.960000038146973,11.579999923706056,11.869999885559082,212285000
2009-07-13,10.295669555664062,12.989999771118164,12.989999771118164,12.270000457763672,12.369999885559082,392441900
2009-07-14,10.232259750366213,12.90999984741211,13.229999542236328,12.789999961853027,13.210000038146973,272335100
2009-07-15,10.636478424072266,13.420000076293944,13.619999885559082,13.100000381469728,13.229999542236328,371943700
2009-07-16,10.43833351135254,13.170000076293944,13.43000030517578,13.020000457763672,13.199999809265137,308208800
2009-07-17,10.21640968322754,12.890000343322754,13.470000267028809,12.760000228881836,13.25,457023600
2009-07-20,9.70123291015625,12.239999771118164,12.859999656677246,12.119999885559082,12.829999923706056,381163700
2009-07-21,9.66159725189209,12.1899995803833,12.399999618530272,11.93000030517578,12.279999732971191,258512200
2009-07-22,9.693300247192385,12.229999542236328,12.479999542236328,11.93000030517578,11.960000038146973,247974800
2009-07-23,10.05789279937744,12.6899995803833,12.880000114440918,12.199999809265137,12.350000381469728,285591600
2009-07-24,9.915226936340332,12.510000228881836,12.779999732971191,12.270000457763672,12.630000114440918,187107000
2009-07-27,10.374926567077637,13.09000015258789,13.130000114440918,12.510000228881836,12.5600004196167,240525400
2009-07-28,10.573071479797363,13.34000015258789,13.43000030517578,12.90999984741211,12.949999809265137,241532500
2009-07-29,10.715736389160156,13.520000457763672,13.75,13.239999771118164,13.239999771118164,258773100
2009-07-30,11.07240390777588,13.970000267028809,14.140000343322754,13.789999961853027,13.869999885559082,288316600
2009-07-31,11.722318649291992,14.789999961853027,14.789999961853027,14.020000457763672,14.100000381469728,375052000
2009-08-03,12.14238739013672,15.31999969482422,15.619999885559082,14.81999969482422,15.239999771118164,468196400
2009-08-04,12.396015167236328,15.640000343322754,15.979999542236328,15.050000190734863,15.1899995803833,364961500
2009-08-05,13.204453468322754,16.65999984741211,16.81999969482422,15.84000015258789,16.030000686645508,488503800
2009-08-06,13.236157417297363,16.700000762939453,17.350000381469727,16.389999389648438,17.239999771118164,462678600
2009-08-07,13.014233589172363,16.420000076293945,17.139999389648438,16.260000228881836,16.979999542236328,381728400
2009-08-10,13.22030258178711,16.68000030517578,16.889999389648438,16.15999984741211,16.309999465942383,240548200
2009-08-11,12.562457084655762,15.850000381469728,16.850000381469727,15.800000190734863,16.700000762939453,326233600
2009-08-12,12.625862121582031,15.93000030517578,16.170000076293945,15.399999618530272,15.529999732971191,313761100
2009-08-13,13.47392749786377,17.0,17.0,16.229999542236328,16.65999984741211,337776700
2009-08-14,13.783034324645996,17.389999389648438,17.469999313354492,16.56999969482422,16.979999542236328,302461500
2009-08-17,13.125189781188965,16.559999465942383,16.8799991607666,16.399999618530273,16.540000915527344,309793300
2009-08-18,13.394673347473145,16.899999618530273,17.079999923706055,16.729999542236328,16.780000686645508,202882900
2009-08-19,13.275779724121094,16.75,17.030000686645508,16.530000686645508,16.600000381469727,198785800
2009-08-20,13.58489227294922,17.139999389648438,17.200000762939453,16.8700008392334,16.889999389648438,183804300
2009-08-21,13.838516235351562,17.459999084472656,17.600000381469727,17.309999465942383,17.459999084472656,236597200
2009-08-24,13.75133228302002,17.350000381469727,18.200000762939453,17.329999923706055,17.809999465942383,316639800
2009-08-25,14.068367004394531,17.75,18.0,17.549999237060547,17.559999465942383,238816800
2009-08-26,14.100072860717772,17.790000915527344,17.940000534057617,17.540000915527344,17.760000228881836,203846000
2009-08-27,14.203107833862305,17.920000076293945,17.979999542236328,17.59000015258789,17.75,176384900
2009-08-28,14.250657081604004,17.979999542236328,18.25,17.780000686645508,18.100000381469727,188061000
2009-08-31,13.941556930541992,17.59000015258789,17.899999618530273,17.450000762939453,17.56999969482422,159710500
2009-09-01,13.045936584472656,16.459999084472656,17.860000610351562,16.40999984741211,17.700000762939453,334738300
2009-09-02,12.90318202972412,16.270000457763672,16.729999542236328,16.020000457763672,16.149999618530273,229078300
2009-09-03,13.355228424072266,16.84000015258789,16.899999618530273,16.510000228881836,16.59000015258789,176555400
2009-09-04,13.553499221801758,17.09000015258789,17.25,16.920000076293945,17.06999969482422,173567100
2009-09-08,13.497980117797852,17.020000457763672,17.510000228881836,16.979999542236328,17.459999084472656,163026500
2009-09-09,13.513846397399902,17.040000915527344,17.200000762939453,16.90999984741211,17.020000457763672,155753700
2009-09-10,13.656588554382324,17.219999313354492,17.239999771118164,16.700000762939453,16.959999084472656,175319800
2009-09-11,13.458325386047363,16.969999313354492,17.290000915527344,16.950000762939453,17.239999771118164,139774800
2009-09-14,13.47418975830078,16.989999771118164,17.09000015258789,16.510000228881836,16.68000030517578,162371700
2009-09-15,13.315580368041992,16.790000915527344,17.170000076293945,16.760000228881836,16.989999771118164,158450100
2009-09-16,13.68038272857666,17.25,17.299999237060547,16.829999923706055,16.889999389648438,193950600
2009-09-17,13.96589183807373,17.610000610351562,17.75,17.200000762939453,17.309999465942383,212907800
2009-09-18,13.981751441955566,17.6299991607666,17.770000457763672,17.510000228881836,17.729999542236328,160550400
2009-09-21,13.68038272857666,17.25,17.440000534057617,17.18000030517578,17.389999389648438,127963900
2009-09-22,13.96589183807373,17.610000610351562,18.07999992370605,17.540000915527344,17.68000030517578,158650700
2009-09-23,13.878649711608888,17.5,18.059999465942383,17.489999771118164,17.760000228881836,197847500
2009-09-24,13.46626091003418,16.979999542236328,17.700000762939453,16.809999465942383,17.549999237060547,221414100
2009-09-25,13.164891242980955,16.600000381469727,17.079999923706055,16.5,16.950000762939453,161603900
2009-09-28,13.656588554382324,17.219999313354492,17.229999542236328,16.649999618530273,16.709999084472656,129240300
2009-09-29,13.609013557434082,17.15999984741211,17.530000686645508,17.06999969482422,17.3700008392334,124964600
2009-09-30,13.418672561645508,16.920000076293945,17.309999465942383,16.760000228881836,17.260000228881836,186120500
2009-10-01,12.855599403381348,16.209999084472656,17.15999984741211,16.18000030517578,16.959999084472656,247824500
2009-10-02,12.958696365356444,16.34000015258789,16.489999771118164,15.619999885559082,15.899999618530272,226303000
2009-10-05,13.45039176940918,16.959999084472656,16.969999313354492,16.549999237060547,16.670000076293945,155256700
2009-10-06,13.48211669921875,17.0,17.3700008392334,16.709999084472656,17.209999084472656,195927500
2009-10-07,13.759690284729004,17.350000381469727,17.350000381469727,17.040000915527344,17.079999923706055,153192000
2009-10-08,13.743833541870115,17.329999923706055,17.600000381469727,17.229999542236328,17.56999969482422,137567400
2009-10-09,13.878649711608888,17.5,17.549999237060547,17.229999542236328,17.329999923706055,87503400
2009-10-12,14.29898166656494,18.030000686645508,18.030000686645508,17.510000228881836,17.649999618530273,139972400
2009-10-13,14.124504089355469,17.809999465942383,18.0,17.479999542236328,17.940000534057617,150388900
2009-10-14,14.743093490600586,18.59000015258789,18.63999938964844,18.15999984741211,18.3799991607666,229813800
2009-10-15,14.354498863220217,18.100000381469727,19.100000381469727,17.8799991607666,18.32999992370605,212270200
2009-10-16,13.688318252563477,17.260000228881836,17.489999771118164,17.059999465942383,17.15999984741211,336814500
2009-10-19,13.609013557434082,17.15999984741211,17.530000686645508,17.139999389648438,17.270000457763672,155876100
2009-10-20,13.4900484085083,17.010000228881836,17.469999313354492,17.010000228881836,17.219999313354492,169353700
2009-10-21,13.093520164489746,16.510000228881836,17.170000076293945,16.459999084472656,16.989999771118164,219344000
2009-10-22,13.101451873779297,16.520000457763672,16.670000076293945,16.049999237060547,16.549999237060547,235015400
2009-10-23,12.863525390625,16.219999313354492,16.65999984741211,16.06999969482422,16.649999618530273,181905600
2009-10-26,12.213220596313477,15.399999618530272,16.200000762939453,15.06999969482422,16.15999984741211,376383000
2009-10-27,12.252866744995115,15.449999809265137,15.539999961853027,15.020000457763672,15.43000030517578,270531500
2009-10-28,11.90392017364502,15.010000228881836,15.449999809265137,15.0,15.43000030517578,213262400
2009-10-29,12.474931716918944,15.729999542236328,15.779999732971191,15.079999923706056,15.210000038146973,202946700
2009-10-30,11.562904357910156,14.579999923706056,15.729999542236328,14.5,15.699999809265137,307670900
2009-11-02,11.602556228637695,14.630000114440918,15.229999542236328,14.119999885559082,14.850000381469728,307863100
2009-11-03,11.73737621307373,14.800000190734863,14.93000030517578,14.210000038146973,14.25,188258700
2009-11-04,11.658069610595703,14.699999809265137,15.25,14.699999809265137,15.18000030517578,200076300
2009-11-05,11.9990873336792,15.130000114440918,15.15999984741211,14.720000267028809,14.90999984741211,156790200
2009-11-06,11.93564510345459,15.050000190734863,15.239999771118164,14.84000015258789,14.9399995803833,152297800
2009-11-09,12.506651878356934,15.770000457763672,15.81999969482422,15.140000343322754,15.289999961853027,170808600
2009-11-10,12.712847709655762,16.030000686645508,16.200000762939453,15.729999542236328,15.850000381469728,195721000
2009-11-11,13.030074119567873,16.43000030517578,16.6200008392334,16.200000762939453,16.229999542236328,184673700
2009-11-12,12.736635208129885,16.059999465942383,16.56999969482422,15.989999771118164,16.360000610351562,154405900
2009-11-13,12.67319393157959,15.979999542236328,16.190000534057617,15.850000381469728,16.079999923706055,125121900
2009-11-16,12.585956573486328,15.869999885559082,16.260000228881836,15.760000228881836,16.15999984741211,153962000
2009-11-17,12.506651878356934,15.770000457763672,15.81999969482422,15.59000015258789,15.8100004196167,110912100
2009-11-18,12.966628074645996,16.350000381469727,16.3799991607666,15.869999885559082,15.880000114440918,179789700
2009-11-19,12.7524995803833,16.079999923706055,16.469999313354492,16.030000686645508,16.239999771118164,158923100
2009-11-20,12.76042938232422,16.09000015258789,16.190000534057617,15.970000267028809,16.030000686645508,128329800
2009-11-23,12.919044494628906,16.290000915527344,16.469999313354492,16.170000076293945,16.280000686645508,138294900
2009-11-24,12.768357276916504,16.100000381469727,16.309999465942383,15.989999771118164,16.209999084472656,118077000
2009-11-25,12.64940357208252,15.949999809265137,16.270000457763672,15.899999618530272,16.209999084472656,97450200
2009-11-27,12.268728256225586,15.470000267028809,15.760000228881836,15.199999809265137,15.31999969482422,96712700
2009-11-30,12.57009506225586,15.850000381469728,15.890000343322754,15.539999961853027,15.59000015258789,129973500
2009-12-01,12.609749794006348,15.899999618530272,16.09000015258789,15.670000076293944,16.040000915527344,143216700
2009-12-02,12.419291496276855,15.649999618530272,15.829999923706056,15.539999961853027,15.81999969482422,130213100
2009-12-03,12.50658893585205,15.760000228881836,16.739999771118164,15.68000030517578,16.25,651715900
2009-12-04,12.919239044189451,16.280000686645508,16.399999618530273,15.619999885559082,15.760000228881836,1226791300
2009-12-07,12.609745979309082,15.890000343322754,16.290000915527344,15.829999923706056,16.25,291029100
2009-12-08,12.228837966918944,15.40999984741211,15.859999656677246,15.369999885559082,15.720000267028809,312296800
2009-12-09,12.21296501159668,15.390000343322754,15.56999969482422,15.25,15.449999809265137,199467800
2009-12-10,12.0701265335083,15.210000038146973,15.649999618530272,15.09000015258789,15.579999923706056,254946200
2009-12-11,12.40342140197754,15.630000114440918,15.699999809265137,15.210000038146973,15.31999969482422,194958400
2009-12-14,12.40342140197754,15.630000114440918,15.729999542236328,15.43000030517578,15.670000076293944,128586100
2009-12-15,12.054250717163086,15.1899995803833,15.510000228881836,15.149999618530272,15.449999809265137,190193100
2009-12-16,12.125670433044434,15.279999732971191,15.4399995803833,15.229999542236328,15.329999923706056,166373000
2009-12-17,11.79237937927246,14.859999656677246,15.359999656677246,14.829999923706056,15.270000457763672,268907300
2009-12-18,11.92728328704834,15.029999732971191,15.25,14.880000114440918,15.010000228881836,202871600
2009-12-21,12.125670433044434,15.279999732971191,15.4399995803833,15.199999809265137,15.210000038146973,153571100
2009-12-22,12.165349960327148,15.329999923706056,15.4399995803833,15.31999969482422,15.359999656677246,104061100
2009-12-23,12.054250717163086,15.1899995803833,15.470000267028809,15.149999618530272,15.460000038146973,102116100
2009-12-24,12.101866722106934,15.25,15.279999732971191,15.199999809265137,15.229999542236328,36611800
2009-12-28,12.133609771728516,15.289999961853027,15.40999984741211,15.149999618530272,15.3100004196167,102573300
2009-12-29,11.998702049255373,15.119999885559082,15.329999923706056,15.100000381469728,15.300000190734863,83089500
2009-12-30,11.959026336669922,15.06999969482422,15.100000381469728,14.970000267028809,15.039999961853027,86897900
2009-12-31,11.951087951660156,15.0600004196167,15.239999771118164,15.010000228881836,15.09000015258789,94322600
2010-01-04,12.451034545898438,15.6899995803833,15.75,15.119999885559082,15.239999771118164,180845200
2010-01-05,12.855753898620604,16.200000762939453,16.209999084472656,15.699999809265137,15.739999771118164,209521300
2010-01-06,13.006532669067385,16.389999389648438,16.540000915527344,16.030000686645508,16.209999084472656,205257900
2010-01-07,13.43505573272705,16.93000030517578,17.190000534057617,16.510000228881836,16.68000030517578,320868400
2010-01-08,13.316022872924805,16.780000686645508,17.100000381469727,16.6299991607666,16.979999542236328,220104700
2010-01-11,13.43505573272705,16.93000030517578,17.139999389648438,16.719999313354492,16.989999771118164,168991600
2010-01-12,12.98272705078125,16.360000610351562,16.75,16.170000076293945,16.719999313354492,223486800
2010-01-13,13.18905258178711,16.6200008392334,16.780000686645508,16.149999618530273,16.43000030517578,192609900
2010-01-14,13.347763061523438,16.81999969482422,16.920000076293945,16.610000610351562,16.6299991607666,142634200
2010-01-15,12.903362274169922,16.260000228881836,16.649999618530273,16.229999542236328,16.639999389648438,195117100
2010-01-19,12.95097827911377,16.31999969482422,16.469999313354492,15.84000015258789,16.059999465942383,181616500
2010-01-20,13.085888862609863,16.489999771118164,16.6299991607666,16.18000030517578,16.219999313354492,288741100
2010-01-21,12.276451110839844,15.470000267028809,16.65999984741211,15.199999809265137,16.459999084472656,551285500
2010-01-22,11.824119567871094,14.899999618530272,15.520000457763672,14.710000038146973,15.260000228881836,369620800
2010-01-25,11.887603759765623,14.979999542236328,15.270000457763672,14.770000457763672,15.15999984741211,262351600
2010-01-26,11.720956802368164,14.770000457763672,15.170000076293944,14.720000267028809,14.9399995803833,212380600
2010-01-27,12.054250717163086,15.1899995803833,15.289999961853027,14.68000030517578,14.710000038146973,258716200
2010-01-28,12.197096824645996,15.369999885559082,15.59000015258789,15.010000228881836,15.399999618530272,232729500
2010-01-29,12.04631519317627,15.18000030517578,15.550000190734863,15.09000015258789,15.489999771118164,175135300
2010-02-01,12.236774444580078,15.420000076293944,15.4399995803833,15.130000114440918,15.260000228881836,159503300
2010-02-02,12.379615783691406,15.600000381469728,15.68000030517578,15.3100004196167,15.449999809265137,171404800
2010-02-03,12.324063301086426,15.529999732971191,15.800000190734863,15.520000457763672,15.56999969482422,130861600
2010-02-04,11.705085754394531,14.75,15.43000030517578,14.729999542236328,15.350000381469728,252558700
2010-02-05,11.903474807739258,15.0,15.0600004196167,14.3100004196167,14.84000015258789,297683300
2010-02-08,11.49082374572754,14.479999542236328,14.960000038146973,14.449999809265137,14.9399995803833,208207300
2010-02-09,11.482888221740724,14.470000267028809,14.779999732971191,14.25,14.670000076293944,251522100
2010-02-10,11.6416015625,14.670000076293944,14.90999984741211,14.460000038146973,14.510000228881836,175741800
2010-02-11,11.609858512878418,14.630000114440918,14.800000190734863,14.539999961853027,14.670000076293944,141086300
2010-02-12,11.46701431274414,14.449999809265137,14.539999961853027,14.279999732971191,14.470000267028809,162819300
2010-02-16,12.030445098876951,15.15999984741211,15.3100004196167,14.619999885559082,14.65999984741211,205493300
2010-02-17,12.427228927612305,15.65999984741211,15.880000114440918,15.25,15.350000381469728,261541900
2010-02-18,12.60180950164795,15.880000114440918,16.0,15.5,15.520000457763672,242140300
2010-02-19,12.60180950164795,15.880000114440918,16.040000915527344,15.710000038146973,15.729999542236328,216078200
2010-02-22,12.863688468933104,16.209999084472656,16.399999618530273,15.960000038146973,15.960000038146973,173773200
2010-02-23,12.64942741394043,15.9399995803833,16.3799991607666,15.789999961853027,16.1200008392334,210478400
2010-02-24,12.958918571472168,16.329999923706055,16.360000610351562,15.960000038146973,15.979999542236328,191571600
2010-02-25,13.133499145507812,16.549999237060547,16.56999969482422,15.949999809265137,16.049999237060547,287325100
2010-02-26,13.220795631408691,16.65999984741211,16.84000015258789,16.40999984741211,16.56999969482422,343669400
2010-03-01,13.26047134399414,16.709999084472656,16.860000610351562,16.56999969482422,16.739999771118164,170931100
2010-03-02,13.062082290649414,16.459999084472656,16.799999237060547,16.389999389648438,16.700000762939453,183048600
2010-03-03,12.99855613708496,16.3700008392334,16.6200008392334,16.329999923706055,16.469999313354492,154950200
2010-03-04,13.022378921508787,16.399999618530273,16.5,16.030000686645508,16.450000762939453,157746500
2010-03-05,13.260595321655272,16.700000762939453,16.75,16.450000762939453,16.520000457763672,172469000
2010-03-08,13.292353630065918,16.739999771118164,16.90999984741211,16.690000534057617,16.75,127705100
2010-03-09,13.34000015258789,16.799999237060547,16.989999771118164,16.540000915527344,16.6299991607666,167779500
2010-03-10,13.586155891418455,17.110000610351562,17.350000381469727,16.989999771118164,17.010000228881836,222932200
2010-03-11,13.59409236907959,17.1200008392334,17.280000686645508,17.059999465942383,17.18000030517578,145079600
2010-03-12,13.379704475402832,16.850000381469727,17.299999237060547,16.68000030517578,17.260000228881836,171456700
2010-03-15,13.379704475402832,16.850000381469727,16.90999984741211,16.59000015258789,16.739999771118164,120308200
2010-03-16,13.522626876831056,17.030000686645508,17.06999969482422,16.899999618530273,16.969999313354492,107411800
2010-03-17,13.713200569152832,17.270000457763672,17.299999237060547,17.030000686645508,17.170000076293945,134463900
2010-03-18,13.562332153320312,17.079999923706055,17.31999969482422,16.979999542236328,17.290000915527344,123986800
2010-03-19,13.355879783630373,16.81999969482422,17.229999542236328,16.739999771118164,16.81999969482422,178218800
2010-03-22,13.467041015625,16.959999084472656,16.969999313354492,16.600000381469727,16.6200008392334,113667800
2010-03-23,13.602028846740724,17.1299991607666,17.219999313354492,16.940000534057617,17.079999923706055,131261400
2010-03-24,13.951411247253418,17.56999969482422,17.729999542236328,17.100000381469727,17.1200008392334,270410600
2010-03-25,14.08640480041504,17.739999771118164,18.350000381469727,17.700000762939453,17.84000015258789,315304700
2010-03-26,14.21344757080078,17.899999618530273,18.229999542236328,17.75,17.979999542236328,220970700
2010-03-29,14.324618339538574,18.040000915527344,18.200000762939453,17.770000457763672,18.170000076293945,152539700
2010-03-30,14.102285385131836,17.760000228881836,18.1200008392334,17.670000076293945,18.059999465942383,144373000
2010-03-31,14.173746109008787,17.850000381469727,17.979999542236328,17.670000076293945,17.690000534057617,114280900
2010-04-01,14.324618339538574,18.040000915527344,18.100000381469727,17.889999389648438,18.020000457763672,95607200
2010-04-05,14.396078109741213,18.1299991607666,18.25,18.020000457763672,18.15999984741211,107989300
2010-04-06,14.681939125061035,18.489999771118164,18.540000915527344,18.100000381469727,18.15999984741211,160316600
2010-04-07,14.785160064697266,18.6200008392334,18.86000061035156,18.530000686645508,18.57999992370605,233522300
2010-04-08,14.808985710144045,18.64999961853028,18.84000015258789,18.309999465942383,18.59000015258789,164305500
2010-04-09,14.76133918762207,18.59000015258789,18.850000381469727,18.5,18.81999969482422,135480600
2010-04-12,14.816924095153809,18.65999984741211,18.81999969482422,18.600000381469727,18.68000030517578,128319000
2010-04-13,14.824865341186523,18.670000076293945,18.71999931335449,18.489999771118164,18.61000061035156,113687800
2010-04-14,15.404521942138672,19.39999961853028,19.420000076293945,18.920000076293945,18.979999542236328,246624700
2010-04-15,15.46803855895996,19.479999542236328,19.86000061035156,19.36000061035156,19.6299991607666,240100000
2010-04-16,14.618412017822266,18.40999984741211,19.479999542236328,18.049999237060547,19.46999931335449,589061800
2010-04-19,14.602533340454102,18.38999938964844,18.64999961853028,17.8700008392334,18.100000381469727,358828000
2010-04-20,14.777220726013184,18.61000061035156,18.82999992370605,18.440000534057617,18.790000915527344,200544700
2010-04-21,14.515182495117188,18.280000686645508,18.90999984741211,18.11000061035156,18.670000076293945,201891300
2010-04-22,14.721640586853027,18.540000915527344,18.600000381469727,17.950000762939453,18.030000686645508,219472400
2010-04-23,14.634289741516112,18.43000030517578,18.530000686645508,18.280000686645508,18.39999961853028,145428400
2010-04-26,14.332551956176758,18.049999237060547,18.440000534057617,18.030000686645508,18.40999984741211,160873000
2010-04-27,13.872010231018066,17.469999313354492,18.18000030517578,17.40999984741211,17.90999984741211,259438600
2010-04-28,14.118165969848633,17.780000686645508,17.959999084472656,17.510000228881836,17.649999618530273,195287800
2010-04-29,14.531073570251465,18.299999237060547,18.39999961853028,17.989999771118164,18.040000915527344,177296300
2010-04-30,14.15786361694336,17.829999923706055,18.299999237060547,17.610000610351562,18.280000686645508,231536200
2010-05-03,14.34048843383789,18.059999465942383,18.14999961853028,17.780000686645508,17.8799991607666,150747100
2010-05-04,13.943472862243652,17.559999465942383,17.90999984741211,17.479999542236328,17.770000457763672,183242300
2010-05-05,13.91965389251709,17.530000686645508,17.84000015258789,16.889999389648438,17.200000762939453,195023300
2010-05-06,12.927091598510742,16.280000686645508,17.610000610351562,15.5,17.479999542236328,465091500
2010-05-07,12.847689628601074,16.18000030517578,16.790000915527344,15.949999809265137,16.479999542236328,388118300
2010-05-10,13.73702335357666,17.299999237060547,17.389999389648438,17.010000228881836,17.229999542236328,268476800
2010-05-11,13.625853538513184,17.15999984741211,17.489999771118164,16.969999313354492,17.079999923706055,188202400
2010-05-12,13.554390907287598,17.06999969482422,17.329999923706055,16.989999771118164,17.270000457763672,179359300
2010-05-13,13.395586967468262,16.8700008392334,17.18000030517578,16.850000381469727,17.030000686645508,135257500
2010-05-14,12.974739074707031,16.34000015258789,16.719999313354492,16.1200008392334,16.709999084472656,212906900
2010-05-17,12.982677459716797,16.350000381469727,16.450000762939453,15.850000381469728,16.389999389648438,181966800
2010-05-18,12.665058135986328,15.949999809265137,16.75,15.670000076293944,16.709999084472656,216050700
2010-05-19,12.95091438293457,16.309999465942383,16.459999084472656,15.800000190734863,15.800000190734863,260711100
2010-05-20,12.148924827575684,15.300000190734863,16.049999237060547,15.279999732971191,15.960000038146973,301263900
2010-05-21,12.696819305419922,15.989999771118164,16.0,14.949999809265137,14.960000038146973,266468500
2010-05-24,12.228330612182615,15.399999618530272,16.079999923706055,15.390000343322754,15.979999542236328,170656700
2010-05-25,12.299792289733888,15.489999771118164,15.539999961853027,14.800000190734863,14.90999984741211,263919800
2010-05-26,12.283916473388672,15.470000267028809,16.100000381469727,15.380000114440918,15.90999984741211,225933000
2010-05-27,12.847689628601074,16.18000030517578,16.200000762939453,15.59000015258789,15.8100004196167,163490700
2010-05-28,12.498308181762695,15.739999771118164,16.18000030517578,15.710000038146973,16.170000076293945,160778500
2010-06-01,12.260091781616213,15.4399995803833,15.979999542236328,15.399999618530272,15.579999923706056,126185400
2010-06-02,12.62558937072754,15.890000343322754,15.920000076293944,15.350000381469728,15.579999923706056,127114500
2010-06-03,12.562023162841797,15.8100004196167,16.06999969482422,15.6899995803833,15.960000038146973,124229100
2010-06-04,12.196531295776367,15.350000381469728,15.729999542236328,15.25,15.5,148415800
2010-06-07,11.78335666656494,14.829999923706056,15.399999618530272,14.770000457763672,15.359999656677246,158959100
2010-06-08,12.180636405944824,15.329999923706056,15.350000381469728,14.789999961853027,14.880000114440918,167648900
2010-06-09,11.926380157470703,15.010000228881836,15.489999771118164,14.9399995803833,15.43000030517578,150844900
2010-06-10,12.283928871154783,15.460000038146973,15.479999542236328,15.109999656677246,15.270000457763672,124056500
2010-06-11,12.395169258117676,15.600000381469728,15.699999809265137,15.3100004196167,15.329999923706056,115114300
2010-06-14,12.244199752807615,15.40999984741211,15.789999961853027,15.390000343322754,15.699999809265137,120504600
2010-06-15,12.554080963134766,15.800000190734863,15.84000015258789,15.3100004196167,15.5600004196167,129815000
2010-06-16,12.609696388244627,15.869999885559082,15.970000267028809,15.649999618530272,15.699999809265137,110926700
2010-06-17,12.56997299194336,15.81999969482422,16.06999969482422,15.59000015258789,15.960000038146973,127136400
2010-06-18,12.56997299194336,15.81999969482422,15.90999984741211,15.739999771118164,15.880000114440918,105721700
2010-06-21,12.546133995056152,15.789999961853027,16.100000381469727,15.75,16.030000686645508,109114600
2010-06-22,12.379276275634766,15.579999923706056,15.90999984741211,15.5600004196167,15.779999732971191,108235700
2010-06-23,12.260090827941896,15.43000030517578,15.710000038146973,15.289999961853027,15.600000381469728,132920800
2010-06-24,11.934320449829102,15.020000457763672,15.3100004196167,14.979999542236328,15.270000457763672,167776300
2010-06-25,12.25214672088623,15.420000076293944,15.619999885559082,15.109999656677246,15.260000228881836,175269500
2010-06-28,12.109127044677734,15.239999771118164,15.550000190734863,15.210000038146973,15.5,110641800
2010-06-29,11.57676887512207,14.56999969482422,15.050000190734863,14.449999809265137,15.010000228881836,201991800
2010-06-30,11.417859077453612,14.369999885559082,14.800000190734863,14.300000190734863,14.619999885559082,138978000
2010-07-01,11.13976001739502,14.020000457763672,14.350000381469728,13.5,14.31999969482422,256787300
2010-07-02,10.996740341186523,13.84000015258789,14.100000381469728,13.68000030517578,14.100000381469728,140988600
2010-07-06,11.171542167663574,14.0600004196167,14.3100004196167,13.829999923706056,14.130000114440918,120153500
2010-07-07,11.688008308410645,14.710000038146973,14.729999542236328,14.100000381469728,14.119999885559082,150021000
2010-07-08,11.8071928024292,14.859999656677246,14.9399995803833,14.600000381469728,14.880000114440918,132297400
2010-07-09,12.005829811096191,15.109999656677246,15.130000114440918,14.75,14.859999656677246,86584400
2010-07-12,12.085290908813477,15.210000038146973,15.25,14.970000267028809,15.06999969482422,92146300
2010-07-13,12.450783729553224,15.670000076293944,15.720000267028809,15.399999618530272,15.479999542236328,130720700
2010-07-14,12.450783729553224,15.670000076293944,15.720000267028809,15.420000076293944,15.600000381469728,115645600
2010-07-15,12.228311538696287,15.390000343322754,15.6899995803833,15.0600004196167,15.65999984741211,177237600
2010-07-16,11.107979774475098,13.979999542236328,14.670000076293944,13.960000038146973,14.630000114440918,438430600
2010-07-19,10.813987731933594,13.609999656677246,14.020000457763672,13.300000190734863,13.970000267028809,314752200
2010-07-20,10.941118240356444,13.770000457763672,13.850000381469728,13.300000190734863,13.359999656677246,180152700
2010-07-21,10.615350723266602,13.359999656677246,13.970000267028809,13.329999923706056,13.960000038146973,203245200
2010-07-22,10.853717803955078,13.65999984741211,13.890000343322754,13.539999961853027,13.550000190734863,185760900
2010-07-23,10.917283058166504,13.739999771118164,13.800000190734863,13.470000267028809,13.68000030517578,133979700
2010-07-26,11.243053436279297,14.149999618530272,14.210000038146973,13.710000038146973,13.850000381469728,159255000
2010-07-27,11.274835586547852,14.1899995803833,14.649999618530272,14.18000030517578,14.520000457763672,176895900
2010-07-28,11.115922927856444,13.989999771118164,14.239999771118164,13.960000038146973,14.119999885559082,110133600
2010-07-29,11.147708892822266,14.029999732971191,14.210000038146973,13.899999618530272,14.149999618530272,124734700
2010-07-30,11.155652046203612,14.039999961853027,14.239999771118164,13.850000381469728,13.880000114440918,130077700
2010-08-02,11.473478317260742,14.4399995803833,14.470000267028809,14.229999542236328,14.380000114440918,130216100
2010-08-03,11.394021034240724,14.34000015258789,14.460000038146973,14.289999961853027,14.359999656677246,96776700
2010-08-04,11.274835586547852,14.1899995803833,14.390000343322754,14.119999885559082,14.359999656677246,131865800
2010-08-05,11.13976001739502,14.020000457763672,14.130000114440918,13.960000038146973,14.09000015258789,110927900
2010-08-06,11.092087745666504,13.960000038146973,14.039999961853027,13.75,13.90999984741211,135088300
2010-08-09,11.05235767364502,13.90999984741211,14.06999969482422,13.75,14.0600004196167,121443000
2010-08-10,10.829882621765137,13.630000114440918,13.81999969482422,13.609999656677246,13.770000457763672,131286100
2010-08-11,10.480269432067873,13.1899995803833,13.520000457763672,13.15999984741211,13.5,182937400
2010-08-12,10.376982688903809,13.0600004196167,13.350000381469728,13.020000457763672,13.050000190734863,146852800
2010-08-13,10.51205825805664,13.229999542236328,13.34000015258789,13.109999656677246,13.109999656677246,107923800
2010-08-16,10.480269432067873,13.1899995803833,13.289999961853027,13.09000015258789,13.130000114440918,99799300
2010-08-17,10.49616241455078,13.210000038146973,13.449999809265137,13.149999618530272,13.40999984741211,132047600
2010-08-18,10.583565711975098,13.31999969482422,13.5,13.239999771118164,13.25,137585300
2010-08-19,10.345196723937988,13.020000457763672,13.369999885559082,13.010000228881836,13.279999732971191,153344800
2010-08-20,10.226011276245115,12.869999885559082,12.989999771118164,12.75,12.979999542236328,164506800
2010-08-23,10.226011276245115,12.869999885559082,13.100000381469728,12.859999656677246,13.06999969482422,114682800
2010-08-24,10.043270111083984,12.640000343322754,12.829999923706056,12.59000015258789,12.75,156884400
2010-08-25,10.059152603149414,12.65999984741211,12.720000267028809,12.420000076293944,12.5600004196167,159923400
2010-08-26,9.90818691253662,12.470000267028809,12.899999618530272,12.470000267028809,12.739999771118164,137778600
2010-08-27,10.043270111083984,12.640000343322754,12.720000267028809,12.40999984741211,12.56999969482422,158558400
2010-08-30,9.789003372192385,12.31999969482422,12.600000381469728,12.270000457763672,12.539999961853027,126732000
2010-08-31,9.900240898132324,12.460000038146973,12.520000457763672,12.18000030517578,12.329999923706056,172987600
2010-09-01,10.504593849182127,13.210000038146973,13.210000038146973,12.600000381469728,12.640000343322754,204575600
2010-09-02,10.560259819030762,13.279999732971191,13.4399995803833,13.149999618530272,13.149999618530272,154881900
2010-09-03,10.735201835632324,13.5,13.6899995803833,13.329999923706056,13.5,141624900
2010-09-07,10.504593849182127,13.210000038146973,13.420000076293944,13.199999809265137,13.380000114440918,127499100
2010-09-08,10.631827354431152,13.369999885559082,13.489999771118164,13.229999542236328,13.260000228881836,102657200
2010-09-09,10.735201835632324,13.5,13.869999885559082,13.479999542236328,13.579999923706056,168549000
2010-09-10,10.774967193603516,13.550000190734863,13.65999984741211,13.510000228881836,13.600000381469728,85884600
2010-09-13,11.09304428100586,13.949999809265137,14.0600004196167,13.869999885559082,13.9399995803833,164136200
2010-09-14,10.878340721130373,13.68000030517578,13.970000267028809,13.640000343322754,13.960000038146973,140042500
2010-09-15,10.902195930480955,13.710000038146973,13.789999961853027,13.510000228881836,13.619999885559082,134665300
2010-09-16,10.774967193603516,13.550000190734863,13.65999984741211,13.510000228881836,13.619999885559082,120788100
2010-09-17,10.655682563781738,13.399999618530272,13.699999809265137,13.34000015258789,13.6899995803833,132686500
2010-09-20,10.926051139831545,13.739999771118164,13.8100004196167,13.369999885559082,13.460000038146973,130367700
2010-09-21,10.854483604431152,13.649999618530272,14.0,13.640000343322754,13.949999809265137,168349300
2010-09-22,10.671585083007812,13.420000076293944,13.770000457763672,13.40999984741211,13.630000114440918,141117900
2010-09-23,10.472786903381348,13.170000076293944,13.43000030517578,13.119999885559082,13.3100004196167,153255800
2010-09-24,10.814722061157228,13.600000381469728,13.600000381469728,13.300000190734863,13.369999885559082,142535200
2010-09-27,10.528450965881348,13.239999771118164,13.630000114440918,13.229999542236328,13.609999656677246,123657600
2010-09-28,10.5523099899292,13.270000457763672,13.31999969482422,13.149999618530272,13.3100004196167,124743600
2010-09-29,10.425073623657228,13.109999656677246,13.289999961853027,13.050000190734863,13.239999771118164,156717200
2010-09-30,10.41712474822998,13.100000381469728,13.390000343322754,13.050000190734863,13.210000038146973,148937800
2010-10-01,10.576165199279783,13.300000190734863,13.420000076293944,13.0600004196167,13.220000267028809,168814600
2010-10-04,10.456886291503906,13.149999618530272,13.449999809265137,13.130000114440918,13.270000457763672,133664600
2010-10-05,10.782915115356444,13.5600004196167,13.640000343322754,13.210000038146973,13.31999969482422,191282100
2010-10-06,10.64773178100586,13.390000343322754,13.65999984741211,13.31999969482422,13.630000114440918,150771000
2010-10-07,10.584115982055664,13.3100004196167,13.5,13.229999542236328,13.470000267028809,112300500
2010-10-08,10.480741500854492,13.18000030517578,13.489999771118164,13.100000381469728,13.34000015258789,173162700
2010-10-11,10.456886291503906,13.149999618530272,13.25,13.109999656677246,13.199999809265137,101283500
2010-10-12,10.751111030578612,13.520000457763672,13.529999732971191,13.09000015258789,13.100000381469728,136898300
2010-10-13,10.568208694458008,13.289999961853027,13.640000343322754,13.25,13.600000381469728,175054300
2010-10-14,10.01952075958252,12.600000381469728,13.029999732971191,12.420000076293944,13.0,511175200
2010-10-15,9.526498794555664,11.979999542236328,12.68000030517578,11.739999771118164,12.65999984741211,600410400
2010-10-18,9.81277084350586,12.34000015258789,12.369999885559082,11.829999923706056,11.960000038146973,416485100
2010-10-19,9.383362770080566,11.800000190734863,12.449999809265137,11.710000038146973,12.34000015258789,574229600
2010-10-20,9.343602180480955,11.75,11.880000114440918,11.170000076293944,11.600000381469728,655116600
2010-10-21,9.033474922180176,11.359999656677246,11.880000114440918,11.31999969482422,11.84000015258789,318784400
2010-10-22,9.097091674804688,11.4399995803833,11.579999923706056,11.369999885559082,11.470000267028809,173466800
2010-10-25,8.874434471130371,11.15999984741211,11.59000015258789,11.06999969482422,11.5600004196167,327390900
2010-10-26,8.985764503479004,11.300000190734863,11.479999542236328,11.029999732971191,11.079999923706056,232839500
2010-10-27,9.176608085632324,11.539999961853027,11.670000076293944,11.25,11.31999969482422,275344800
2010-10-28,9.168658256530762,11.529999732971191,11.720000267028809,11.40999984741211,11.720000267028809,180293000
2010-10-29,9.105042457580566,11.449999809265137,11.539999961853027,11.359999656677246,11.5,126825100
2010-11-01,9.14480209350586,11.5,11.579999923706056,11.359999656677246,11.5,152004500
2010-11-02,9.06528091430664,11.399999618530272,11.59000015258789,11.300000190734863,11.5600004196167,176470800
2010-11-03,9.160707473754885,11.520000457763672,11.550000190734863,11.3100004196167,11.460000038146973,176344100
2010-11-04,9.645779609680176,12.130000114440918,12.239999771118164,11.699999809265137,11.789999961853027,310826500
2010-11-05,9.828675270080566,12.359999656677246,12.710000038146973,12.15999984741211,12.170000076293944,405644600
2010-11-08,10.01952075958252,12.600000381469728,12.729999542236328,12.43000030517578,12.619999885559082,247865900
2010-11-09,9.757108688354492,12.270000457763672,12.739999771118164,12.229999542236328,12.729999542236328,225038100
2010-11-10,9.9956693649292,12.56999969482422,12.56999969482422,12.199999809265137,12.350000381469728,191612200
2010-11-11,9.836628913879396,12.369999885559082,12.5600004196167,12.3100004196167,12.5,130702300
2010-11-12,9.63782787322998,12.119999885559082,12.329999923706056,12.029999732971191,12.289999961853027,170642600
2010-11-15,9.62192440032959,12.100000381469728,12.289999961853027,12.06999969482422,12.220000267028809,112735900
2010-11-16,9.494688034057615,11.9399995803833,12.050000190734863,11.720000267028809,11.989999771118164,219262600
2010-11-17,9.240225791931152,11.619999885559082,11.989999771118164,11.600000381469728,11.899999618530272,170058200
2010-11-18,9.303842544555664,11.699999809265137,11.81999969482422,11.630000114440918,11.779999732971191,138773700
2010-11-19,9.272034645080566,11.65999984741211,11.65999984741211,11.529999732971191,11.640000343322754,104569300
2010-11-22,8.985764503479004,11.300000190734863,11.59000015258789,11.210000038146973,11.5600004196167,223150100
2010-11-23,8.818770408630371,11.09000015258789,11.390000343322754,11.0600004196167,11.18000030517578,199123000
2010-11-24,8.96985912322998,11.279999732971191,11.300000190734863,11.100000381469728,11.18000030517578,109514300
2010-11-26,8.842628479003906,11.119999885559082,11.210000038146973,11.100000381469728,11.170000076293944,54441000
2010-11-29,8.993717193603516,11.3100004196167,11.359999656677246,11.079999923706056,11.140000343322754,144663800
2010-11-30,8.707443237304688,10.949999809265137,11.300000190734863,10.90999984741211,11.199999809265137,267119300
2010-12-01,8.986017227172852,11.289999961853027,11.300000190734863,10.970000267028809,11.170000076293944,289105800
2010-12-02,9.296428680419922,11.68000030517578,11.739999771118164,11.350000381469728,11.369999885559082,284454000
2010-12-03,9.43969440460205,11.859999656677246,11.880000114440918,11.529999732971191,11.59000015258789,164553900
2010-12-06,9.264591217041016,11.640000343322754,11.859999656677246,11.630000114440918,11.779999732971191,132238800
2010-12-07,9.208879470825195,11.56999969482422,11.869999885559082,11.5,11.84000015258789,215071600
2010-12-08,9.55112361907959,12.0,12.06999969482422,11.600000381469728,11.609999656677246,235158100
2010-12-09,10.068477630615234,12.649999618530272,12.6899995803833,12.25,12.260000228881836,328639000
2010-12-10,10.187868118286133,12.800000190734863,12.850000381469728,12.470000267028809,12.649999618530272,224667700
2010-12-13,9.980924606323242,12.539999961853027,12.880000114440918,12.520000457763672,12.859999656677246,189201500
2010-12-14,9.869501113891602,12.399999618530272,12.710000038146973,12.329999923706056,12.56999969482422,161365800
2010-12-15,9.781939506530762,12.289999961853027,12.539999961853027,12.279999732971191,12.380000114440918,160612500
2010-12-16,9.965007781982422,12.520000457763672,12.770000457763672,12.380000114440918,12.470000267028809,309278400
2010-12-17,10.004806518554688,12.56999969482422,12.649999618530272,12.449999809265137,12.550000190734863,154544200
2010-12-20,10.044600486755373,12.619999885559082,12.75,12.56999969482422,12.59000015258789,113899800
2010-12-21,10.331136703491213,12.979999542236328,12.979999542236328,12.699999809265137,12.729999542236328,163167100
2010-12-22,10.649507522583008,13.380000114440918,13.449999809265137,13.0,13.010000228881836,240618000
2010-12-23,10.394810676574709,13.0600004196167,13.300000190734863,12.970000267028809,13.260000228881836,183718500
2010-12-27,10.561955451965332,13.270000457763672,13.399999618530272,12.960000038146973,12.979999542236328,116011000
2010-12-28,10.617669105529783,13.34000015258789,13.489999771118164,13.34000015258789,13.380000114440918,119303600
2010-12-29,10.593791007995604,13.3100004196167,13.420000076293944,13.3100004196167,13.390000343322754,74986200
2010-12-30,10.569912910461426,13.279999732971191,13.399999618530272,13.260000228881836,13.31999969482422,88176300
2010-12-31,10.617669105529783,13.34000015258789,13.380000114440918,13.220000267028809,13.229999542236328,63036100
2011-01-03,11.294207572937012,14.1899995803833,14.229999542236328,13.800000190734863,13.850000381469728,354322300
2011-01-04,11.334001541137695,14.239999771118164,14.25,14.020000457763672,14.229999542236328,218978200
2011-01-05,11.540943145751951,14.5,14.600000381469728,14.149999618530272,14.1899995803833,246151200
2011-01-06,11.49318790435791,14.4399995803833,14.6899995803833,14.34000015258789,14.539999961853027,241658500
2011-01-07,11.341960906982422,14.25,14.68000030517578,13.979999542236328,14.539999961853027,392328700
2011-01-10,11.461348533630373,14.399999618530272,14.43000030517578,14.09000015258789,14.170000076293944,185382600
2011-01-11,11.69217014312744,14.6899995803833,14.729999542236328,14.529999732971191,14.609999656677246,212239400
2011-01-12,11.930949211120604,14.989999771118164,14.989999771118164,14.850000381469728,14.890000343322754,204060800
2011-01-13,11.75584602355957,14.770000457763672,15.020000457763672,14.720000267028809,15.010000228881836,158944400
2011-01-14,12.137887954711914,15.25,15.3100004196167,14.68000030517578,14.739999771118164,282493800
2011-01-18,11.938909530639648,15.0,15.15999984741211,14.850000381469728,15.079999923706056,198400500
2011-01-19,11.437474250793455,14.369999885559082,14.949999809265137,14.350000381469728,14.850000381469728,247013200
2011-01-20,11.572782516479492,14.539999961853027,14.609999656677246,13.9399995803833,14.270000457763672,245219600
2011-01-21,11.341960906982422,14.25,14.710000038146973,14.220000267028809,14.40999984741211,291812600
2011-01-24,11.079304695129396,13.920000076293944,14.260000228881836,13.880000114440918,14.25,225424700
2011-01-25,10.848488807678224,13.630000114440918,13.84000015258789,13.399999618530272,13.779999732971191,303642100
2011-01-26,10.78481674194336,13.550000190734863,13.770000457763672,13.550000190734863,13.710000038146973,145810300
2011-01-27,10.88032054901123,13.670000076293944,13.670000076293944,13.479999542236328,13.579999923706056,153086100
2011-01-28,10.824607849121094,13.600000381469728,14.0600004196167,13.579999923706056,13.829999923706056,226452500
2011-01-31,10.928078651428224,13.729999542236328,13.789999961853027,13.640000343322754,13.710000038146973,118000800
2011-02-01,11.38971710205078,14.3100004196167,14.369999885559082,13.869999885559082,13.899999618530272,211978400
2011-02-02,11.334001541137695,14.239999771118164,14.350000381469728,14.130000114440918,14.329999923706056,140312700
2011-02-03,11.485228538513184,14.43000030517578,14.470000267028809,14.149999618530272,14.15999984741211,145885300
2011-02-04,11.373797416687012,14.289999961853027,14.470000267028809,14.109999656677246,14.43000030517578,141015200
2011-02-07,11.676254272460938,14.670000076293944,14.770000457763672,14.43000030517578,14.510000228881836,149423500
2011-02-08,11.628495216369627,14.609999656677246,14.760000228881836,14.5,14.640000343322754,158426200
2011-02-09,11.652373313903809,14.640000343322754,14.6899995803833,14.40999984741211,14.460000038146973,150179100
2011-02-10,11.532987594604492,14.489999771118164,14.640000343322754,14.470000267028809,14.510000228881836,132240800
2011-02-11,11.75584602355957,14.770000457763672,14.869999885559082,14.350000381469728,14.369999885559082,156195600
2011-02-14,11.851351737976074,14.890000343322754,14.949999809265137,14.710000038146973,14.779999732971191,112571100
2011-02-15,11.75584602355957,14.770000457763672,14.880000114440918,14.6899995803833,14.800000190734863,109532300
2011-02-16,11.81156063079834,14.84000015258789,14.880000114440918,14.699999809265137,14.8100004196167,132821900
2011-02-17,11.78768253326416,14.8100004196167,14.90999984741211,14.729999542236328,14.75,103495400
2011-02-18,11.739922523498535,14.75,14.890000343322754,14.670000076293944,14.84000015258789,98369000
2011-02-22,11.286249160766602,14.18000030517578,14.520000457763672,14.09000015258789,14.380000114440918,187522800
2011-02-23,11.278290748596191,14.170000076293944,14.4399995803833,13.920000076293944,14.170000076293944,196355700
2011-02-24,11.11910343170166,13.970000267028809,14.15999984741211,13.789999961853027,14.109999656677246,201697200
2011-02-25,11.302162170410156,14.199999809265137,14.31999969482422,14.119999885559082,14.15999984741211,126869100
2011-02-28,11.373797416687012,14.289999961853027,14.479999542236328,14.15999984741211,14.270000457763672,137039100
2011-03-01,11.087265014648438,13.93000030517578,14.350000381469728,13.90999984741211,14.31999969482422,161263900
2011-03-02,11.015581130981444,13.829999923706056,14.06999969482422,13.8100004196167,13.920000076293944,115609400
2011-03-03,11.366044044494627,14.270000457763672,14.289999961853027,14.050000190734863,14.050000190734863,139513500
2011-03-04,11.246564865112305,14.119999885559082,14.3100004196167,13.979999542236328,14.300000190734863,146184700
2011-03-07,11.174880981445312,14.029999732971191,14.270000457763672,13.920000076293944,14.18000030517578,139010300
2011-03-08,11.700571060180664,14.6899995803833,14.699999809265137,14.199999809265137,14.270000457763672,250033200
2011-03-09,11.62091827392578,14.59000015258789,14.6899995803833,14.479999542236328,14.65999984741211,148290400
2011-03-10,11.358075141906738,14.260000228881836,14.460000038146973,14.260000228881836,14.420000076293944,155462700
2011-03-11,11.45365047454834,14.380000114440918,14.43000030517578,14.100000381469728,14.109999656677246,111555000
2011-03-14,11.334184646606444,14.229999542236328,14.350000381469728,14.06999969482422,14.260000228881836,112139700
2011-03-15,11.119126319885254,13.960000038146973,14.0600004196167,13.710000038146973,13.770000457763672,167837200
2011-03-16,10.90406894683838,13.6899995803833,14.100000381469728,13.65999984741211,14.010000228881836,178630900
2011-03-17,11.13505744934082,13.979999542236328,14.039999961853027,13.75,13.890000343322754,131745300
2011-03-18,11.182847023010254,14.039999961853027,14.289999961853027,13.979999542236328,14.199999809265137,199209100
2011-03-21,11.190814018249512,14.050000190734863,14.220000267028809,13.899999618530272,14.199999809265137,114391500
2011-03-22,11.055402755737305,13.880000114440918,14.050000190734863,13.880000114440918,14.039999961853027,86286500
2011-03-23,10.872209548950195,13.649999618530272,13.739999771118164,13.369999885559082,13.720000267028809,230626600
2011-03-24,10.736804962158203,13.479999542236328,13.59000015258789,13.31999969482422,13.5600004196167,170761100
2011-03-25,10.625296592712402,13.34000015258789,13.529999732971191,13.31999969482422,13.489999771118164,115322600
2011-03-28,10.64919376373291,13.369999885559082,13.5600004196167,13.369999885559082,13.420000076293944,78640400
2011-03-29,10.633262634277344,13.350000381469728,13.40999984741211,13.15999984741211,13.40999984741211,117737500
2011-03-30,10.71291160583496,13.449999809265137,13.5600004196167,13.270000457763672,13.399999618530272,121082200
2011-03-31,10.61732578277588,13.329999923706056,13.390000343322754,13.289999961853027,13.350000381469728,86180900
2011-04-01,10.64919376373291,13.369999885559082,13.609999656677246,13.350000381469728,13.449999809265137,95017100
2011-04-04,10.704946517944336,13.4399995803833,13.59000015258789,13.399999618530272,13.399999618530272,71113900
2011-04-05,10.728839874267578,13.470000267028809,13.5,13.369999885559082,13.43000030517578,64968800
2011-04-06,10.927966117858888,13.720000267028809,13.779999732971191,13.529999732971191,13.600000381469728,136151600
2011-04-07,10.840350151062012,13.609999656677246,13.880000114440918,13.539999961853027,13.789999961853027,119206000
2011-04-08,10.736804962158203,13.479999542236328,13.720000267028809,13.449999809265137,13.630000114440918,87592400
2011-04-11,10.74477195739746,13.489999771118164,13.59000015258789,13.43000030517578,13.5,63348300
2011-04-12,10.728839874267578,13.470000267028809,13.579999923706056,13.3100004196167,13.399999618530272,100372600
2011-04-13,10.56954288482666,13.270000457763672,13.640000343322754,13.210000038146973,13.609999656677246,124630800
2011-04-14,10.458033561706545,13.130000114440918,13.260000228881836,13.06999969482422,13.15999984741211,115624900
2011-04-15,10.2111177444458,12.81999969482422,13.329999923706056,12.81999969482422,13.220000267028809,266336200
2011-04-18,9.8925199508667,12.420000076293944,12.600000381469728,12.239999771118164,12.59000015258789,262012500
2011-04-19,9.828800201416016,12.34000015258789,12.529999732971191,12.149999618530272,12.529999732971191,182612900
2011-04-20,9.773042678833008,12.270000457763672,12.479999542236328,12.210000038146973,12.43000030517578,179989100
2011-04-21,9.804903984069824,12.3100004196167,12.399999618530272,12.239999771118164,12.329999923706056,100820900
2011-04-25,9.908445358276367,12.4399995803833,12.600000381469728,12.31999969482422,12.329999923706056,112414300
2011-04-26,9.741182327270508,12.229999542236328,12.529999732971191,12.229999542236328,12.489999771118164,146800000
2011-04-27,9.820829391479492,12.329999923706056,12.399999618530272,12.229999542236328,12.239999771118164,118705100
2011-04-28,9.8925199508667,12.420000076293944,12.449999809265137,12.25,12.3100004196167,92414200
2011-04-29,9.781005859375,12.279999732971191,12.420000076293944,12.279999732971191,12.390000343322754,87169300
2011-05-02,9.828800201416016,12.34000015258789,12.470000267028809,12.329999923706056,12.359999656677246,89940100
2011-05-03,10.035886764526367,12.600000381469728,12.710000038146973,12.329999923706056,12.350000381469728,145530300
2011-05-04,9.94827365875244,12.489999771118164,12.68000030517578,12.420000076293944,12.640000343322754,99234300
2011-05-05,9.796936988830566,12.300000190734863,12.470000267028809,12.199999809265137,12.40999984741211,130921200
2011-05-06,9.804903984069824,12.3100004196167,12.449999809265137,12.279999732971191,12.40999984741211,111324100
2011-05-09,9.701360702514648,12.18000030517578,12.31999969482422,12.109999656677246,12.279999732971191,110668200
2011-05-10,9.781005859375,12.279999732971191,12.369999885559082,12.18000030517578,12.210000038146973,91577700
2011-05-11,9.757112503051758,12.25,12.43000030517578,12.229999542236328,12.279999732971191,150517800
2011-05-12,9.71728801727295,12.199999809265137,12.270000457763672,12.09000015258789,12.199999809265137,111941900
2011-05-13,9.502232551574709,11.93000030517578,12.210000038146973,11.90999984741211,12.199999809265137,159056700
2011-05-16,9.446476936340332,11.859999656677246,12.109999656677246,11.81999969482422,11.890000343322754,123646400
2011-05-17,9.478336334228516,11.899999618530272,11.9399995803833,11.800000190734863,11.8100004196167,145394700
2011-05-18,9.390724182128906,11.789999961853027,11.899999618530272,11.729999542236328,11.899999618530272,152963400
2011-05-19,9.311070442199709,11.6899995803833,11.890000343322754,11.68000030517578,11.880000114440918,121082700
2011-05-20,9.223458290100098,11.579999923706056,11.779999732971191,11.529999732971191,11.640000343322754,115821500
2011-05-23,9.096020698547363,11.420000076293944,11.520000457763672,11.380000114440918,11.470000267028809,122134100
2011-05-24,9.12787914276123,11.460000038146973,11.510000228881836,11.289999961853027,11.449999809265137,129513400
2011-05-25,9.064157485961914,11.380000114440918,11.579999923706056,11.350000381469728,11.350000381469728,103583400
2011-05-26,9.12787914276123,11.460000038146973,11.5600004196167,11.380000114440918,11.390000343322754,124072200
2011-05-27,9.311070442199709,11.6899995803833,11.779999732971191,11.539999961853027,11.56999969482422,107370400
2011-05-31,9.358861923217772,11.75,11.920000076293944,11.619999885559082,11.869999885559082,106228200
2011-06-01,8.960273742675781,11.239999771118164,11.739999771118164,11.229999542236328,11.710000038146973,176331800
2011-06-02,9.00013256072998,11.289999961853027,11.420000076293944,11.079999923706056,11.289999961853027,198074000
2011-06-03,8.992161750793457,11.279999732971191,11.449999809265137,11.15999984741211,11.199999809265137,115786700
2011-06-06,8.633431434631348,10.829999923706056,11.199999809265137,10.75,11.18000030517578,213289400
2011-06-07,8.48993968963623,10.649999618530272,11.050000190734863,10.600000381469728,10.960000038146973,160224800
2011-06-08,8.402252197265625,10.539999961853027,10.789999961853027,10.5,10.59000015258789,159384200
2011-06-09,8.48993968963623,10.649999618530272,10.75,10.5,10.579999923706056,129533300
2011-06-10,8.609513282775879,10.800000190734863,11.029999732971191,10.40999984741211,10.619999885559082,210796300
2011-06-13,8.745036125183105,10.970000267028809,11.020000457763672,10.640000343322754,10.890000343322754,186095900
2011-06-14,8.609513282775879,10.800000190734863,11.119999885559082,10.75,11.119999885559082,173051000
2011-06-15,8.370361328125,10.5,10.670000076293944,10.40999984741211,10.600000381469728,213408200
2011-06-16,8.450078010559082,10.600000381469728,10.6899995803833,10.399999618530272,10.449999809265137,200127400
2011-06-17,8.51385498046875,10.68000030517578,10.770000457763672,10.579999923706056,10.75,116367000
2011-06-20,8.450078010559082,10.600000381469728,10.65999984741211,10.529999732971191,10.59000015258789,88402500
2011-06-21,8.633431434631348,10.829999923706056,10.869999885559082,10.529999732971191,10.68000030517578,109392600
2011-06-22,8.601547241210938,10.789999961853027,10.9399995803833,10.779999732971191,10.789999961853027,102448600
2011-06-23,8.537771224975586,10.710000038146973,10.770000457763672,10.5600004196167,10.649999618530272,180604400
2011-06-24,8.386305809020996,10.520000457763672,10.770000457763672,10.489999771118164,10.729999542236328,122210200
2011-06-27,8.649377822875977,10.850000381469728,10.949999809265137,10.520000457763672,10.520000457763672,202814500
2011-06-28,8.625458717346191,10.81999969482422,10.920000076293944,10.770000457763672,10.90999984741211,113027000
2011-06-29,8.880558013916016,11.140000343322754,11.25,11.0,11.170000076293944,301628700
2011-06-30,8.737066268920898,10.960000038146973,11.18000030517578,10.84000015258789,11.170000076293944,255993900
2011-07-01,8.840697288513184,11.09000015258789,11.140000343322754,10.920000076293944,10.979999542236328,137487700
2011-07-05,8.768950462341309,11.0,11.06999969482422,10.90999984741211,11.0600004196167,110261100
2011-07-06,8.561681747436523,10.739999771118164,10.850000381469728,10.65999984741211,10.829999923706056,145455700
2011-07-07,8.705178260803223,10.920000076293944,10.960000038146973,10.850000381469728,10.899999618530272,113940400
2011-07-08,8.52979564666748,10.699999809265137,10.800000190734863,10.609999656677246,10.75,129514100
2011-07-11,8.250788688659668,10.350000381469728,10.550000190734863,10.300000190734863,10.529999732971191,145323900
2011-07-12,8.139179229736328,10.210000038146973,10.399999618530272,10.199999809265137,10.270000457763672,145156100
2011-07-13,8.131207466125488,10.199999809265137,10.359999656677246,10.149999618530272,10.270000457763672,164765500
2011-07-14,8.027575492858887,10.06999969482422,10.329999923706056,10.0600004196167,10.300000190734863,148536100
2011-07-15,7.971770763397217,10.0,10.18000030517578,9.880000114440918,10.119999885559082,183416000
2011-07-18,7.748563766479492,9.720000267028809,9.93000030517578,9.529999732971191,9.880000114440918,226934200
2011-07-19,7.6289873123168945,9.56999969482422,9.850000381469728,9.399999618530272,9.75,322430300
2011-07-20,7.852195739746094,9.850000381469728,10.0,9.630000114440918,9.65999984741211,249783800
2011-07-21,8.15512466430664,10.229999542236328,10.279999732971191,10.0,10.029999732971191,238464700
2011-07-22,8.075407981872559,10.130000114440918,10.270000457763672,10.050000190734863,10.260000228881836,138441500
2011-07-25,7.979743957519531,10.010000228881836,10.06999969482422,9.880000114440918,9.970000267028809,130582700
2011-07-26,7.971770763397217,10.0,10.09000015258789,9.90999984741211,9.970000267028809,121168700
2011-07-27,7.716677188873291,9.68000030517578,9.9399995803833,9.68000030517578,9.920000076293944,151491700
2011-07-28,7.804368019104004,9.789999961853027,9.850000381469728,9.6899995803833,9.720000267028809,113623300
2011-07-29,7.740591049194336,9.710000038146973,9.949999809265137,9.600000381469728,9.640000343322754,187926700
2011-08-01,7.820310592651367,9.8100004196167,10.050000190734863,9.699999809265137,10.039999961853027,159616700
2011-08-02,7.565210819244385,9.489999771118164,9.859999656677246,9.470000267028809,9.760000228881836,173972600
2011-08-03,7.6050705909729,9.539999961853027,9.59000015258789,9.31999969482422,9.489999771118164,175691200
2011-08-04,7.039076328277588,8.829999923706055,9.460000038146973,8.770000457763672,9.369999885559082,305309300
2011-08-05,6.512939453125,8.170000076293945,9.050000190734863,8.029999732971191,8.970000267028809,546781600
2011-08-08,5.189623832702637,6.510000228881836,7.699999809265137,6.309999942779541,7.400000095367432,682052900
2011-08-09,6.05854606628418,7.599999904632568,7.659999847412109,6.679999828338623,7.019999980926514,496094500
2011-08-10,5.396890163421631,6.769999980926514,7.590000152587891,6.739999771118164,7.53000020980835,493986500
2011-08-11,5.77953577041626,7.25,7.420000076293945,6.960000038146973,7.099999904632568,344079000
2011-08-12,5.731705188751221,7.190000057220459,7.710000038146973,7.130000114440918,7.489999771118164,298997800
2011-08-15,6.186097145080566,7.760000228881836,7.840000152587891,7.349999904632568,7.460000038146973,268370400
2011-08-16,5.899112224578857,7.400000095367432,7.659999847412109,7.340000152587891,7.610000133514404,275997300
2011-08-17,5.9469428062438965,7.460000038146973,7.590000152587891,7.400000095367432,7.460000038146973,159346200
2011-08-18,5.588213443756104,7.010000228881836,7.090000152587891,6.78000020980835,7.050000190734863,335205500
2011-08-19,5.556325435638428,6.96999979019165,7.119999885559082,6.75,6.800000190734863,289217900
2011-08-22,5.117877006530762,6.420000076293945,7.21999979019165,6.420000076293945,7.199999809265137,398777800
2011-08-23,5.022216320037842,6.300000190734863,6.440000057220459,6.010000228881836,6.369999885559082,563788800
2011-08-24,5.57227087020874,6.989999771118164,7.050000190734863,6.320000171661377,6.360000133514404,602753000
2011-08-25,6.098409175872803,7.650000095367432,8.800000190734863,7.380000114440918,8.289999961853027,859643400
2011-08-26,6.186097145080566,7.760000228881836,7.980000019073486,7.449999809265137,7.619999885559082,424194600
2011-08-29,6.688318729400635,8.390000343322754,8.40999984741211,7.960000038146973,8.100000381469727,363420500
2011-08-30,6.473079681396484,8.119999885559082,8.390000343322754,8.050000190734863,8.289999961853027,297220400
2011-08-31,6.520970344543457,8.170000076293945,8.289999961853027,8.109999656677246,8.279999732971191,282263500
2011-09-01,6.313448905944824,7.909999847412109,8.180000305175781,7.909999847412109,8.180000305175781,243549600
2011-09-02,5.786662578582764,7.25,7.449999809265137,7.170000076293945,7.309999942779541,305988600
2011-09-06,5.579141616821289,6.989999771118164,7.070000171661377,6.800000190734863,6.909999847412109,283101800
2011-09-07,5.97023868560791,7.480000019073486,7.519999980926514,7.099999904632568,7.230000019073486,257251800
2011-09-08,5.7467546463012695,7.199999809265137,7.440000057220459,7.199999809265137,7.380000114440918,204593600
2011-09-09,5.5711588859558105,6.980000019073486,7.210000038146973,6.960000038146973,7.110000133514404,255828800
2011-09-12,5.627030372619629,7.050000190734863,7.099999904632568,6.809999942779541,6.849999904632568,286856000
2011-09-13,5.58712100982666,7.0,7.179999828338623,6.96999979019165,7.090000152587891,220657500
2011-09-14,5.627030372619629,7.050000190734863,7.130000114440918,6.920000076293945,7.090000152587891,212940200
2011-09-15,5.8505144119262695,7.329999923706055,7.340000152587891,7.130000114440918,7.179999828338623,230299700
2011-09-16,5.770698547363281,7.230000019073486,7.389999866485596,7.079999923706055,7.380000114440918,240523700
2011-09-19,5.579141616821289,6.989999771118164,7.070000171661377,6.940000057220459,7.059999942779541,199254700
2011-09-20,5.507307052612305,6.900000095367432,7.059999942779541,6.900000095367432,7.039999961853027,142828700
2011-09-21,5.092263221740723,6.380000114440918,6.96999979019165,6.360000133514404,6.949999809265137,381953600
2011-09-22,4.836850643157959,6.059999942779541,6.28000020980835,6.0,6.239999771118164,384622500
2011-09-23,5.036392688751221,6.309999942779541,6.389999866485596,6.070000171661377,6.090000152587891,503374000
2011-09-26,5.267856597900391,6.599999904632568,6.599999904632568,6.309999942779541,6.480000019073486,228406400
2011-09-27,5.172079563140869,6.480000019073486,6.849999904632568,6.409999847412109,6.840000152587891,231598900
2011-09-28,4.916666030883789,6.159999847412109,6.53000020980835,6.159999847412109,6.510000228881836,222449300
2011-09-29,5.068317413330078,6.349999904632568,6.449999809265137,6.150000095367432,6.400000095367432,224013100
2011-09-30,4.884740352630615,6.119999885559082,6.320000171661377,6.110000133514404,6.179999828338623,175213100
2011-10-03,4.413825988769531,5.53000020980835,6.179999828338623,5.519999980926514,6.079999923706055,369335100
2011-10-04,4.597403526306152,5.760000228881836,5.760000228881836,5.130000114440918,5.480000019073486,448300000
2011-10-05,4.6053853034973145,5.769999980926514,5.829999923706055,5.510000228881836,5.710000038146973,291785700
2011-10-06,5.012448310852051,6.28000020980835,6.309999942779541,5.650000095367432,5.769999980926514,336087400
2011-10-07,4.709146976470947,5.900000095367432,6.329999923706055,5.880000114440918,6.320000171661377,285598300
2011-10-10,5.012448310852051,6.28000020980835,6.289999961853027,6.119999885559082,6.139999866485596,225326600
2011-10-11,5.0842814445495605,6.369999885559082,6.46999979019165,6.130000114440918,6.179999828338623,204431100
2011-10-12,5.251894950866699,6.579999923706055,6.739999771118164,6.340000152587891,6.510000228881836,284617700
2011-10-13,4.964555740356445,6.21999979019165,6.440000057220459,6.170000076293945,6.440000057220459,230115400
2011-10-14,4.940612316131592,6.190000057220459,6.360000133514404,6.119999885559082,6.309999942779541,203564500
2011-10-17,4.8129072189331055,6.03000020980835,6.28000020980835,6.03000020980835,6.179999828338623,175512200
2011-10-18,5.299783706665039,6.639999866485596,6.789999961853027,6.159999847412109,6.269999980926514,496883800
2011-10-19,5.1082258224487305,6.400000095367432,6.860000133514404,6.369999885559082,6.679999828338623,318554300
2011-10-20,5.164096832275391,6.46999979019165,6.480000019073486,6.179999828338623,6.429999828338623,254971700
2011-10-21,5.156116485595703,6.460000038146973,6.650000095367432,6.380000114440918,6.590000152587891,252586400
2011-10-24,5.363637447357178,6.71999979019165,6.739999771118164,6.489999771118164,6.590000152587891,217032400
2011-10-25,5.156116485595703,6.460000038146973,6.670000076293945,6.460000038146973,6.650000095367432,200837500
2011-10-26,5.259877681732178,6.590000152587891,6.659999847412109,6.440000057220459,6.579999923706055,208197400
2011-10-27,5.762718200683594,7.21999979019165,7.230000019073486,6.900000095367432,7.110000133514404,408959900
2011-10-28,5.866477012634277,7.349999904632568,7.429999828338623,7.050000190734863,7.079999923706055,273167300
2011-10-31,5.451435089111328,6.829999923706055,7.159999847412109,6.820000171661377,7.090000152587891,252026900
2011-11-01,5.1082258224487305,6.400000095367432,6.679999828338623,6.320000171661377,6.380000114440918,371823200
2011-11-02,5.363637447357178,6.71999979019165,6.739999771118164,6.570000171661377,6.71999979019165,216830700
2011-11-03,5.515288352966309,6.909999847412109,6.980000019073486,6.579999923706055,6.909999847412109,244340400
2011-11-04,5.180059909820557,6.489999771118164,6.75,6.449999809265137,6.730000019073486,266446300
2011-11-07,5.148134231567383,6.449999809265137,6.590000152587891,6.300000190734863,6.440000057220459,192433500
2011-11-08,5.211987018585205,6.53000020980835,6.590000152587891,6.400000095367432,6.539999961853027,219000600
2011-11-09,4.916666030883789,6.159999847412109,6.360000133514404,6.150000095367432,6.309999942779541,265539000
2011-11-10,4.8129072189331055,6.03000020980835,6.329999923706055,6.010000228881836,6.320000171661377,324988000
2011-11-11,4.956576824188232,6.210000038146973,6.289999961853027,6.119999885559082,6.119999885559082,210025900
2011-11-14,4.828870296478272,6.050000190734863,6.190000057220459,6.019999980926514,6.159999847412109,225481700
2011-11-15,4.892721652984619,6.130000114440918,6.239999771118164,6.0,6.010000228881836,268228500
2011-11-16,4.709146976470947,5.900000095367432,6.090000152587891,5.900000095367432,6.090000152587891,292502400
2011-11-17,4.629330158233643,5.800000190734863,6.03000020980835,5.789999961853027,5.980000019073486,285881900
2011-11-18,4.613368034362793,5.78000020980835,5.889999866485596,5.75,5.860000133514404,227038600
2011-11-21,4.381900787353516,5.489999771118164,5.679999828338623,5.480000019073486,5.659999847412109,269658300
2011-11-22,4.28611946105957,5.369999885559082,5.590000152587891,5.320000171661377,5.519999980926514,270959000
2011-11-23,4.102544784545898,5.139999866485596,5.309999942779541,5.130000114440918,5.300000190734863,264978500
2011-11-25,4.126489639282227,5.170000076293945,5.329999923706055,5.119999885559082,5.159999847412109,138425100
2011-11-28,4.190341472625732,5.25,5.53000020980835,5.139999866485596,5.5,345537900
2011-11-29,4.0546555519104,5.079999923706055,5.28000020980835,5.03000020980835,5.190000057220459,333749700
2011-11-30,4.350555896759033,5.440000057220459,5.440000057220459,5.179999828338623,5.400000095367432,436268200
2011-12-01,4.422532081604004,5.53000020980835,5.630000114440918,5.289999961853027,5.369999885559082,315495500
2011-12-02,4.510503768920898,5.639999866485596,5.880000114440918,5.610000133514404,5.670000076293945,283132900
2011-12-05,4.630462646484375,5.789999961853027,5.949999809265137,5.730000019073486,5.860000133514404,293977700
2011-12-06,4.622467517852783,5.78000020980835,5.920000076293945,5.699999809265137,5.739999771118164,254787200
2011-12-07,4.710438251495361,5.889999866485596,5.920000076293945,5.699999809265137,5.730000019073486,244700100
2011-12-08,4.470516681671143,5.590000152587891,5.880000114440918,5.53000020980835,5.840000152587891,286031100
2011-12-09,4.574482440948486,5.71999979019165,5.849999904632568,5.630000114440918,5.670000076293945,293654100
2011-12-12,4.358553886413574,5.449999809265137,5.599999904632568,5.400000095367432,5.590000152587891,191824000
2011-12-13,4.254588127136231,5.320000171661377,5.599999904632568,5.21999979019165,5.559999942779541,227194200
2011-12-14,4.182612419128418,5.230000019073486,5.369999885559082,5.199999809265137,5.239999771118164,226723100
2011-12-15,4.20660400390625,5.260000228881836,5.369999885559082,5.210000038146973,5.329999923706055,196092100
2011-12-16,4.158619403839111,5.199999809265137,5.420000076293945,5.159999847412109,5.309999942779541,227111300
2011-12-19,3.9906766414642334,4.989999771118164,5.21999979019165,4.920000076293945,5.199999809265137,344317700
2011-12-20,4.134628772735596,5.170000076293945,5.21999979019165,5.039999961853027,5.110000133514404,239246100
2011-12-21,4.182612419128418,5.230000019073486,5.25,5.099999904632568,5.179999828338623,203711800
2011-12-22,4.374545574188232,5.46999979019165,5.510000228881836,5.210000038146973,5.260000228881836,303085900
2011-12-23,4.478515148162842,5.599999904632568,5.630000114440918,5.46999979019165,5.539999961853027,190712000
2011-12-27,4.382546424865723,5.480000019073486,5.579999923706055,5.460000038146973,5.550000190734863,158575400
2011-12-28,4.230596542358398,5.289999961853027,5.460000038146973,5.269999980926514,5.449999809265137,146104500
2011-12-29,4.366551876068115,5.460000038146973,5.480000019073486,5.28000020980835,5.289999961853027,168098500
2011-12-30,4.446526050567627,5.559999942779541,5.579999923706055,5.369999885559082,5.389999866485596,176441000
2012-01-03,4.638461112976074,5.800000190734863,5.889999866485596,5.739999771118164,5.75,246293200
2012-01-04,4.646456241607666,5.809999942779541,5.880000114440918,5.619999885559082,5.710000038146973,243711200
2012-01-05,5.046326160430908,6.309999942779541,6.349999904632568,5.710000038146973,5.75,547780000
2012-01-06,4.9423604011535645,6.179999828338623,6.300000190734863,6.059999942779541,6.210000038146973,299630600
2012-01-09,5.014336109161377,6.269999980926514,6.369999885559082,6.190000057220459,6.260000228881836,240614400
2012-01-10,5.302240371704102,6.630000114440918,6.659999847412109,6.440000057220459,6.440000057220459,354292100
2012-01-11,5.49417781829834,6.869999885559082,6.900000095367432,6.519999980926514,6.599999904632568,354039600
2012-01-12,5.430197715759277,6.789999961853027,7.019999980926514,6.659999847412109,6.989999771118164,362099600
2012-01-13,5.286245346069336,6.610000133514404,6.690000057220459,6.409999847412109,6.489999771118164,337048400
2012-01-17,5.182281017303467,6.480000019073486,6.820000171661377,6.440000057220459,6.630000114440918,294196500
2012-01-18,5.438194751739502,6.800000190734863,6.800000190734863,6.460000038146973,6.5,302497700
2012-01-19,5.566151142120361,6.960000038146973,7.289999961853027,6.75,7.210000038146973,491008100
2012-01-20,5.6541242599487305,7.070000171661377,7.079999923706055,6.829999923706055,6.949999809265137,236630700
2012-01-23,5.798075199127197,7.25,7.369999885559082,7.110000133514404,7.130000114440918,339942200
2012-01-24,5.83006477355957,7.289999961853027,7.349999904632568,7.059999942779541,7.110000133514404,228810300
2012-01-25,5.878047943115234,7.349999904632568,7.369999885559082,7.150000095367432,7.199999809265137,249340100
2012-01-26,5.8380632400512695,7.300000190734863,7.5,7.230000019073486,7.449999809265137,265938800
2012-01-27,5.83006477355957,7.289999961853027,7.349999904632568,7.199999809265137,7.210000038146973,230914000
2012-01-30,5.6541242599487305,7.070000171661377,7.150000095367432,7.019999980926514,7.130000114440918,231240100
2012-01-31,5.702106952667236,7.130000114440918,7.190000057220459,7.050000190734863,7.170000076293945,212736300
2012-02-01,5.886045455932617,7.360000133514404,7.440000057220459,7.210000038146973,7.25,318811000
2012-02-02,5.958024501800537,7.449999809265137,7.489999771118164,7.329999923706055,7.429999828338623,232425400
2012-02-03,6.269917964935303,7.840000152587891,7.889999866485596,7.630000114440918,7.659999847412109,364195700
2012-02-06,6.3738861083984375,7.96999979019165,7.96999979019165,7.769999980926514,7.789999961853027,236316000
2012-02-07,6.27791690826416,7.849999904632568,7.989999771118164,7.800000190734863,7.949999809265137,253694200
2012-02-08,6.501840591430664,8.130000114440918,8.149999618530273,7.929999828338623,7.960000038146973,436439700
2012-02-09,6.541830539703369,8.180000305175781,8.350000381469727,8.100000381469727,8.3100004196167,480206700
2012-02-10,6.453858375549316,8.069999694824219,8.119999885559082,7.980000019073486,8.050000190734863,254420800
2012-02-13,6.5978102684021,8.25,8.3100004196167,8.210000038146973,8.270000457763672,308490200
2012-02-14,6.381882667541504,7.980000019073486,8.170000076293945,7.949999809265137,8.149999618530273,384682800
2012-02-15,6.2219343185424805,7.78000020980835,8.119999885559082,7.769999980926514,8.010000228881836,372981400
2012-02-16,6.469854831695557,8.09000015258789,8.130000114440918,7.659999847412109,7.710000038146973,337131800
2012-02-17,6.413873195648193,8.020000457763672,8.079999923706055,7.920000076293945,8.039999961853027,355445600
2012-02-21,6.485848426818848,8.109999656677246,8.199999809265137,8.0,8.029999732971191,333407700
2012-02-22,6.357891082763672,7.949999809265137,8.130000114440918,7.949999809265137,8.0600004196167,228867800
2012-02-23,6.413873195648193,8.020000457763672,8.050000190734863,7.900000095367432,7.96999979019165,144231800
2012-02-24,6.301909923553467,7.880000114440918,8.09000015258789,7.880000114440918,8.050000190734863,163128200
2012-02-27,6.429867744445801,8.039999961853027,8.050000190734863,7.670000076293945,7.789999961853027,298930800
2012-02-28,6.493844985961914,8.119999885559082,8.149999618530273,8.0,8.050000190734863,193443200
2012-02-29,6.381746292114258,7.96999979019165,8.239999771118164,7.96999979019165,8.15999984741211,266720500
2012-03-01,6.501851558685303,8.119999885559082,8.170000076293945,8.050000190734863,8.09000015258789,197850100
2012-03-02,6.509859561920166,8.130000114440918,8.210000038146973,8.100000381469727,8.109999656677246,143887500
2012-03-05,6.381746292114258,7.96999979019165,8.130000114440918,7.949999809265137,8.09000015258789,196328300
2012-03-06,6.173557281494141,7.710000038146973,7.789999961853027,7.659999847412109,7.78000020980835,262871200
2012-03-07,6.421780586242676,8.020000457763672,8.020000457763672,7.769999980926514,7.809999942779541,328331900
2012-03-08,6.453810214996338,8.0600004196167,8.119999885559082,8.0,8.069999694824219,160282000
2012-03-09,6.445801258087158,8.050000190734863,8.1899995803833,8.010000228881836,8.119999885559082,195281400
2012-03-12,6.3977580070495605,7.989999771118164,8.0600004196167,7.909999847412109,8.010000228881836,165298900
2012-03-13,6.798120498657227,8.489999771118164,8.5,8.050000190734863,8.069999694824219,385984100
2012-03-14,7.078371524810791,8.84000015258789,8.899999618530273,8.5600004196167,8.65999984741211,488077000
2012-03-15,7.39865779876709,9.239999771118164,9.25,8.850000381469727,8.979999542236328,489593000
2012-03-16,7.847062110900879,9.800000190734863,9.800000190734863,9.329999923706056,9.40999984741211,582294100
2012-03-19,7.630869388580322,9.529999732971191,10.100000381469728,9.510000228881836,9.779999732971191,669479900
2012-03-20,7.855071067810059,9.8100004196167,9.970000267028809,9.59000015258789,9.630000114440918,451213900
2012-03-21,7.8630757331848145,9.81999969482422,10.029999732971191,9.739999771118164,9.960000038146973,326573800
2012-03-22,7.686918258666992,9.600000381469728,9.770000457763672,9.520000457763672,9.65999984741211,264520500
2012-03-23,7.88709831237793,9.850000381469728,9.850000381469728,9.399999618530272,9.470000267028809,283110900
2012-03-26,7.951157093048096,9.93000030517578,10.039999961853027,9.850000381469728,10.010000228881836,241605700
2012-03-27,7.686918258666992,9.600000381469728,9.899999618530272,9.579999923706056,9.869999885559082,250069600
2012-03-28,7.80702543258667,9.75,9.779999732971191,9.579999923706056,9.619999885559082,234021500
2012-03-29,7.630869388580322,9.529999732971191,9.68000030517578,9.43000030517578,9.630000114440918,253625800
2012-03-30,7.662899494171143,9.56999969482422,9.640000343322754,9.350000381469728,9.609999656677246,250234500
2012-04-02,7.750975608825684,9.68000030517578,9.779999732971191,9.40999984741211,9.539999961853027,179229000
2012-04-03,7.598839282989502,9.489999771118164,9.670000076293944,9.40999984741211,9.670000076293944,190453400
2012-04-04,7.3666300773620605,9.199999809265137,9.359999656677246,9.149999618530272,9.350000381469728,228560600
2012-04-05,7.39065408706665,9.229999542236328,9.399999618530272,9.109999656677246,9.140000343322754,180868100
2012-04-09,7.150437355041504,8.930000305175781,9.039999961853027,8.829999923706055,9.039999961853027,211427600
2012-04-10,6.838155269622803,8.539999961853027,9.09000015258789,8.5,8.970000267028809,377220000
2012-04-11,7.094387054443359,8.859999656677246,8.90999984741211,8.720000267028809,8.779999732971191,252563700
2012-04-12,7.34260892868042,9.170000076293944,9.18000030517578,8.90999984741211,8.930000305175781,223979900
2012-04-13,6.95025634765625,8.680000305175781,9.079999923706056,8.680000305175781,9.079999923706056,282354600
2012-04-16,7.03833532333374,8.789999961853027,8.930000305175781,8.619999885559082,8.869999885559082,217284500
2012-04-17,7.142429351806641,8.920000076293945,9.0,8.869999885559082,8.970000267028809,193424400
2012-04-18,7.142429351806641,8.920000076293945,9.0,8.84000015258789,8.880000114440918,160064100
2012-04-19,7.022322177886963,8.770000457763672,9.170000076293944,8.670000076293945,9.15999984741211,348804500
2012-04-20,6.694023609161377,8.359999656677246,8.779999732971191,8.329999923706055,8.779999732971191,277965300
2012-04-23,6.549897193908691,8.180000305175781,8.300000190734863,7.949999809265137,8.020000457763672,256073900
2012-04-24,6.573917388916016,8.210000038146973,8.270000457763672,8.100000381469727,8.25,192443800
2012-04-25,6.613955020904541,8.260000228881836,8.350000381469727,8.170000076293945,8.300000190734863,164902400
2012-04-26,6.62196159362793,8.270000457763672,8.399999618530273,8.170000076293945,8.1899995803833,131586300
2012-04-27,6.605947494506836,8.25,8.34000015258789,8.1899995803833,8.34000015258789,120948200
2012-04-30,6.493846416473389,8.109999656677246,8.239999771118164,8.039999961853027,8.220000267028809,137422300
2012-05-01,6.653991222381592,8.3100004196167,8.399999618530273,8.079999923706055,8.109999656677246,177953400
2012-05-02,6.533881664276123,8.15999984741211,8.229999542236328,8.119999885559082,8.210000038146973,136208900
2012-05-03,6.405766487121582,8.0,8.180000305175781,7.909999847412109,8.180000305175781,204584500
2012-05-04,6.197577476501465,7.739999771118164,7.920000076293945,7.699999809265137,7.900000095367432,194857200
2012-05-07,6.373735904693604,7.960000038146973,8.0,7.659999847412109,7.710000038146973,167662600
2012-05-08,6.23761510848999,7.789999961853027,7.900000095367432,7.690000057220459,7.869999885559082,180627900
2012-05-09,6.189569473266602,7.730000019073486,7.820000171661377,7.650000095367432,7.670000076293945,174742300
2012-05-10,6.16555118560791,7.699999809265137,7.940000057220459,7.670000076293945,7.909999847412109,156787300
2012-05-11,6.045441150665283,7.550000190734863,7.769999980926514,7.409999847412109,7.480000019073486,245533600
2012-05-14,5.885297775268555,7.349999904632568,7.519999980926514,7.349999904632568,7.369999885559082,170716800
2012-05-15,5.84526252746582,7.300000190734863,7.550000190734863,7.25,7.369999885559082,201254900
2012-05-16,5.693124294281006,7.110000133514404,7.46999979019165,7.079999923706055,7.400000095367432,216226100
2012-05-17,5.58903169631958,6.980000019073486,7.25,6.929999828338623,7.099999904632568,241468300
2012-05-18,5.621058464050293,7.019999980926514,7.03000020980835,6.889999866485596,7.010000228881836,223783500
2012-05-21,5.468921661376953,6.829999923706055,7.110000133514404,6.71999979019165,7.03000020980835,229980800
2012-05-22,5.58903169631958,6.980000019073486,7.150000095367432,6.860000133514404,6.920000076293945,221551500
2012-05-23,5.741168022155762,7.170000076293945,7.170000076293945,6.849999904632568,6.900000095367432,194441500
2012-05-24,5.717146396636963,7.139999866485596,7.329999923706055,7.010000228881836,7.260000228881836,206041500
2012-05-25,5.725154876708984,7.150000095367432,7.25,7.070000171661377,7.070000171661377,108661200
2012-05-29,5.957361221313477,7.440000057220459,7.449999809265137,7.21999979019165,7.28000020980835,159872200
2012-05-30,5.77294921875,7.199999809265137,7.409999847412109,7.099999904632568,7.329999923706055,206801500
2012-05-31,5.893218517303467,7.349999904632568,7.369999885559082,7.039999961853027,7.210000038146973,203267300
2012-06-01,5.628623962402344,7.019999980926514,7.190000057220459,6.940000057220459,7.119999885559082,240859000
2012-06-04,5.532409191131592,6.900000095367432,7.099999904632568,6.849999904632568,7.099999904632568,163821500
2012-06-05,5.6927690505981445,7.099999904632568,7.139999866485596,6.900000095367432,6.909999847412109,147346700
2012-06-06,6.125738143920898,7.639999866485596,7.769999980926514,7.179999828338623,7.239999771118164,356852900
2012-06-07,5.949345111846924,7.420000076293945,7.900000095367432,7.380000114440918,7.809999942779541,276170400
2012-06-08,6.061595916748047,7.559999942779541,7.579999923706055,7.199999809265137,7.349999904632568,234555000
2012-06-11,5.837093830108643,7.28000020980835,7.769999980926514,7.28000020980835,7.71999979019165,204590700
2012-06-12,6.005470275878906,7.489999771118164,7.5,7.21999979019165,7.320000171661377,148255600
2012-06-13,6.01348876953125,7.5,7.610000133514404,7.349999904632568,7.400000095367432,162374500
2012-06-14,6.141775608062744,7.659999847412109,7.690000057220459,7.449999809265137,7.519999980926514,157528300
2012-06-15,6.334208011627197,7.900000095367432,7.900000095367432,7.550000190734863,7.71999979019165,211751900
2012-06-18,6.2219557762146,7.760000228881836,7.909999847412109,7.730000019073486,7.769999980926514,140319900
2012-06-19,6.502586841583252,8.109999656677246,8.210000038146973,7.860000133514404,7.880000114440918,248771500
2012-06-20,6.526638984680176,8.140000343322754,8.220000267028809,8.020000457763672,8.15999984741211,213582800
2012-06-21,6.270064830780029,7.820000171661377,8.170000076293945,7.800000190734863,8.109999656677246,227157600
2012-06-22,6.36628007888794,7.940000057220459,8.010000228881836,7.789999961853027,7.96999979019165,142219300
2012-06-25,6.0936689376831055,7.599999904632568,7.739999771118164,7.559999942779541,7.739999771118164,151907200
2012-06-26,6.10970401763916,7.619999885559082,7.679999828338623,7.480000019073486,7.650000095367432,129776500
2012-06-27,6.229973793029785,7.769999980926514,7.820000171661377,7.610000133514404,7.679999828338623,111335500
2012-06-28,6.205918788909912,7.739999771118164,7.75,7.53000020980835,7.619999885559082,133125300
2012-06-29,6.558713436126709,8.180000305175781,8.199999809265137,7.949999809265137,8.0,258769800
2012-07-02,6.454476833343506,8.050000190734863,8.210000038146973,7.869999885559082,8.199999809265137,152974000
2012-07-03,6.462495803833008,8.0600004196167,8.119999885559082,8.010000228881836,8.0600004196167,57653700
2012-07-05,6.270064830780029,7.820000171661377,8.0600004196167,7.820000171661377,8.029999732971191,120162000
2012-07-06,6.141775608062744,7.659999847412109,7.800000190734863,7.650000095367432,7.690000057220459,116595200
2012-07-09,6.061595916748047,7.559999942779541,7.699999809265137,7.53000020980835,7.630000114440918,87078300
2012-07-10,5.997452259063721,7.480000019073486,7.670000076293945,7.400000095367432,7.650000095367432,101758300
2012-07-11,6.117721557617188,7.630000114440918,7.690000057220459,7.449999809265137,7.489999771118164,128619400
2012-07-12,5.997452259063721,7.480000019073486,7.550000190734863,7.429999828338623,7.53000020980835,107637000
2012-07-13,6.270064830780029,7.820000171661377,7.829999923706055,7.550000190734863,7.559999942779541,177154500
2012-07-16,6.262046813964844,7.809999942779541,7.960000038146973,7.769999980926514,7.929999828338623,109439900
2012-07-17,6.35024356842041,7.920000076293945,7.929999828338623,7.75,7.920000076293945,127266800
2012-07-18,6.03754186630249,7.53000020980835,7.929999828338623,7.5,7.880000114440918,254341100
2012-07-19,5.821057319641113,7.260000228881836,7.650000095367432,7.119999885559082,7.559999942779541,260959200
2012-07-20,5.668713569641113,7.070000171661377,7.210000038146973,7.059999942779541,7.210000038146973,160463000
2012-07-23,5.684751987457275,7.090000152587891,7.150000095367432,6.900000095367432,6.940000057220459,168638000
2012-07-24,5.644660472869873,7.039999961853027,7.179999828338623,6.96999979019165,7.159999847412109,138286700
2012-07-25,5.668713569641113,7.070000171661377,7.159999847412109,7.010000228881836,7.110000133514404,117241300
2012-07-26,5.748895645141602,7.170000076293945,7.239999771118164,7.110000133514404,7.21999979019165,121121500
2012-07-27,5.861146926879883,7.309999942779541,7.400000095367432,7.139999866485596,7.199999809265137,146210900
2012-07-30,5.837093830108643,7.28000020980835,7.380000114440918,7.260000228881836,7.28000020980835,74683800
2012-07-31,5.885200500488281,7.340000152587891,7.340000152587891,7.210000038146973,7.28000020980835,86093200
2012-08-01,5.788984298706055,7.21999979019165,7.360000133514404,7.210000038146973,7.349999904632568,97187800
2012-08-02,5.756912708282471,7.179999828338623,7.260000228881836,7.099999904632568,7.119999885559082,112848000
2012-08-03,5.957360744476318,7.429999828338623,7.489999771118164,7.269999980926514,7.300000190734863,130250800
2012-08-06,6.125738143920898,7.639999866485596,7.679999828338623,7.440000057220459,7.449999809265137,112657000
2012-08-07,6.149794578552246,7.670000076293945,7.849999904632568,7.659999847412109,7.710000038146973,119572200
2012-08-08,6.149794578552246,7.670000076293945,7.769999980926514,7.570000171661377,7.579999923706055,73353500
2012-08-09,6.189885139465332,7.71999979019165,7.760000228881836,7.670000076293945,7.679999828338623,59676500
2012-08-10,6.205918788909912,7.739999771118164,7.760000228881836,7.630000114440918,7.659999847412109,50443800
2012-08-13,6.189885139465332,7.71999979019165,7.829999923706055,7.679999828338623,7.71999979019165,58341300
2012-08-14,6.237991809844971,7.78000020980835,7.900000095367432,7.739999771118164,7.78000020980835,104644000
2012-08-15,6.310152530670166,7.869999885559082,7.869999885559082,7.730000019073486,7.75,73559200
2012-08-16,6.358262538909912,7.929999828338623,7.960000038146973,7.829999923706055,7.889999866485596,78181200
2012-08-17,6.414387226104736,8.0,8.119999885559082,7.940000057220459,7.96999979019165,138307600
2012-08-20,6.534656524658203,8.149999618530273,8.1899995803833,7.980000019073486,7.980000019073486,100276900
2012-08-21,6.566730499267578,8.1899995803833,8.399999618530273,8.15999984741211,8.25,190820700
2012-08-22,6.590783596038818,8.220000267028809,8.319999694824219,8.119999885559082,8.140000343322754,140333800
2012-08-23,6.534656524658203,8.149999618530273,8.270000457763672,8.119999885559082,8.220000267028809,98866200
2012-08-24,6.542675971984863,8.15999984741211,8.210000038146973,8.029999732971191,8.119999885559082,88822200
2012-08-27,6.470514297485352,8.069999694824219,8.199999809265137,8.050000190734863,8.199999809265137,96142100
2012-08-28,6.382315158843994,7.960000038146973,8.109999656677246,7.949999809265137,8.039999961853027,96280400
2012-08-29,6.414387226104736,8.0,8.100000381469727,7.980000019073486,7.980000019073486,106910900
2012-08-30,6.342226028442383,7.909999847412109,7.949999809265137,7.829999923706055,7.949999809265137,91900100
2012-08-31,6.406368255615234,7.989999771118164,8.020000457763672,7.880000114440918,8.0,91730500
2012-09-04,6.414387226104736,8.0,8.109999656677246,7.949999809265137,8.0,81461800
2012-09-05,6.382275581359863,7.949999809265137,8.020000457763672,7.929999828338623,7.989999771118164,55769500
2012-09-06,6.703395843505859,8.350000381469727,8.350000381469727,8.029999732971191,8.039999961853027,200570300
2012-09-07,7.064655303955078,8.800000190734863,8.800000190734863,8.449999809265137,8.470000267028809,232843000
2012-09-10,6.888041019439697,8.579999923706055,8.920000076293945,8.529999732971191,8.84000015258789,190045600
2012-09-11,7.249300003051758,9.029999732971191,9.050000190734863,8.579999923706055,8.630000114440918,201630400
2012-09-12,7.201132774353027,8.970000267028809,9.1899995803833,8.869999885559082,9.149999618530272,204167100
2012-09-13,7.546337604522705,9.399999618530272,9.479999542236328,8.8100004196167,8.890000343322754,330759200
2012-09-14,7.666758060455322,9.550000190734863,9.789999961853027,9.449999809265137,9.600000381469728,329619800
2012-09-17,7.466059684753418,9.300000190734863,9.489999771118164,9.270000457763672,9.390000343322754,141409300
2012-09-18,7.409861087799072,9.229999542236328,9.289999961853027,9.09000015258789,9.15999984741211,150503600
2012-09-19,7.458032131195068,9.289999961853027,9.460000038146973,9.260000228881836,9.329999923706056,126360100
2012-09-20,7.377748012542725,9.1899995803833,9.25,9.079999923706056,9.140000343322754,111354300
2012-09-21,7.313529014587402,9.109999656677246,9.350000381469728,9.079999923706056,9.350000381469728,155865300
2012-09-24,7.3055009841918945,9.100000381469728,9.199999809265137,8.949999809265137,8.989999771118164,113331700
2012-09-25,7.16901969909668,8.930000305175781,9.210000038146973,8.90999984741211,9.170000076293944,146678000
2012-09-26,7.080711364746094,8.819999694824219,8.90999984741211,8.699999809265137,8.859999656677246,158640100
2012-09-27,7.201132774353027,8.970000267028809,9.06999969482422,8.899999618530273,8.9399995803833,119023800
2012-09-28,7.088742733001709,8.829999923706055,8.930000305175781,8.789999961853027,8.890000343322754,119039200
2012-10-01,7.193103790283203,8.960000038146973,9.130000114440918,8.850000381469727,8.869999885559082,133194500
2012-10-02,7.16901969909668,8.930000305175781,9.109999656677246,8.880000114440918,9.100000381469728,109601600
2012-10-03,7.313529014587402,9.109999656677246,9.119999885559082,8.90999984741211,8.979999542236328,115670100
2012-10-04,7.554365158081055,9.40999984741211,9.420000076293944,9.149999618530272,9.199999809265137,160486300
2012-10-05,7.482111930847168,9.31999969482422,9.649999618530272,9.229999542236328,9.5600004196167,204255800
2012-10-08,7.450003623962402,9.279999732971191,9.380000114440918,9.130000114440918,9.15999984741211,81944200
2012-10-09,7.393807888031006,9.210000038146973,9.380000114440918,9.039999961853027,9.329999923706056,153036100
2012-10-10,7.393807888031006,9.210000038146973,9.270000457763672,9.0600004196167,9.1899995803833,110640900
2012-10-11,7.4981689453125,9.34000015258789,9.420000076293944,9.300000190734863,9.390000343322754,122925800
2012-10-12,7.321555137634277,9.119999885559082,9.279999732971191,9.050000190734863,9.15999984741211,158562500
2012-10-15,7.578449726104736,9.4399995803833,9.4399995803833,9.15999984741211,9.239999771118164,154458500
2012-10-16,7.594510078430176,9.460000038146973,9.600000381469728,9.380000114440918,9.529999732971191,172663600
2012-10-17,7.578449726104736,9.4399995803833,9.600000381469728,9.300000190734863,9.420000076293944,229733500
2012-10-18,7.602534294128418,9.470000267028809,9.56999969482422,9.369999885559082,9.380000114440918,149739000
2012-10-19,7.578449726104736,9.4399995803833,9.550000190734863,9.390000343322754,9.420000076293944,169451300
2012-10-22,7.666758060455322,9.550000190734863,9.5600004196167,9.40999984741211,9.470000267028809,132617600
2012-10-23,7.514228820800781,9.359999656677246,9.470000267028809,9.279999732971191,9.4399995803833,160627600
2012-10-24,7.474085330963135,9.3100004196167,9.489999771118164,9.300000190734863,9.449999809265137,120868300
2012-10-25,7.417890071868896,9.239999771118164,9.420000076293944,9.170000076293944,9.369999885559082,121778900
2012-10-26,7.321555137634277,9.119999885559082,9.270000457763672,9.050000190734863,9.170000076293944,124687200
2012-10-31,7.482111930847168,9.31999969482422,9.350000381469728,9.149999618530272,9.199999809265137,94925500
2012-11-01,7.819293975830078,9.739999771118164,9.75,9.270000457763672,9.34000015258789,205700000
2012-11-02,7.907596111297607,9.850000381469728,9.970000267028809,9.770000457763672,9.869999885559082,220993300
2012-11-05,7.827316761016846,9.75,9.93000030517578,9.619999885559082,9.829999923706056,121104400
2012-11-06,7.979849338531494,9.9399995803833,9.970000267028809,9.75,9.829999923706056,132533500
2012-11-07,7.409861087799072,9.229999542236328,9.670000076293944,9.220000267028809,9.630000114440918,286124300
2012-11-08,7.538313388824463,9.390000343322754,9.600000381469728,9.380000114440918,9.489999771118164,223927000
2012-11-09,7.570420742034912,9.43000030517578,9.59000015258789,9.270000457763672,9.300000190734863,141093100
2012-11-12,7.538313388824463,9.390000343322754,9.520000457763672,9.380000114440918,9.5,68498300
2012-11-13,7.490141868591309,9.329999923706056,9.550000190734863,9.279999732971191,9.3100004196167,119629700
2012-11-14,7.217189788818359,8.989999771118164,9.420000076293944,8.949999809265137,9.380000114440918,197392900
2012-11-15,7.297471046447754,9.09000015258789,9.199999809265137,9.020000457763672,9.029999732971191,144569800
2012-11-16,7.321555137634277,9.119999885559082,9.210000038146973,8.920000076293945,9.119999885559082,178995000
2012-11-19,7.618588447570801,9.489999771118164,9.529999732971191,9.31999969482422,9.359999656677246,146244000
2012-11-20,7.730983734130859,9.630000114440918,9.68000030517578,9.420000076293944,9.470000267028809,150696200
2012-11-21,7.843376636505127,9.770000457763672,9.779999732971191,9.630000114440918,9.670000076293944,132499300
2012-11-23,7.947741031646728,9.899999618530272,9.899999618530272,9.800000190734863,9.84000015258789,59048000
2012-11-26,7.899571895599365,9.84000015258789,9.869999885559082,9.75,9.81999969482422,99730900
2012-11-27,7.755068302154541,9.65999984741211,9.949999809265137,9.65999984741211,9.890000343322754,149684000
2012-11-28,7.83534574508667,9.760000228881836,9.760000228881836,9.380000114440918,9.5600004196167,152946500
2012-11-29,7.891542434692383,9.829999923706056,9.880000114440918,9.760000228881836,9.84000015258789,125905400
2012-11-30,7.915628433227539,9.859999656677246,9.869999885559082,9.760000228881836,9.779999732971191,108739700
2012-12-03,7.867461204528809,9.800000190734863,9.9399995803833,9.779999732971191,9.93000030517578,99872800
2012-12-04,7.9557671546936035,9.90999984741211,9.90999984741211,9.770000457763672,9.789999961853027,144124500
2012-12-05,8.405791282653809,10.460000038146973,10.5600004196167,9.949999809265137,9.970000267028809,463491000
2012-12-06,8.405791282653809,10.460000038146973,10.579999923706056,10.289999961853027,10.510000228881836,176607900
2012-12-07,8.550443649291992,10.640000343322754,10.68000030517578,10.479999542236328,10.5600004196167,192055100
2012-12-10,8.49419116973877,10.56999969482422,10.630000114440918,10.460000038146973,10.600000381469728,148065200
2012-12-11,8.445971488952637,10.510000228881836,10.710000038146973,10.5,10.640000343322754,159121300
2012-12-12,8.526335716247559,10.609999656677246,10.699999809265137,10.510000228881836,10.59000015258789,166819300
2012-12-13,8.47007942199707,10.539999961853027,10.65999984741211,10.510000228881836,10.59000015258789,106232100
2012-12-14,8.502225875854492,10.579999923706056,10.600000381469728,10.520000457763672,10.550000190734863,91707200
2012-12-17,8.839740753173828,11.0,11.0,10.640000343322754,10.649999618530272,170087700
2012-12-18,9.129039764404297,11.359999656677246,11.359999656677246,11.050000190734863,11.239999771118164,255238400
2012-12-19,8.992425918579102,11.1899995803833,11.489999771118164,11.170000076293944,11.399999618530272,193013700
2012-12-20,9.257620811462402,11.520000457763672,11.520000457763672,11.079999923706056,11.100000381469728,184449000
2012-12-21,9.072790145874023,11.289999961853027,11.350000381469728,11.119999885559082,11.199999809265137,244892300
2012-12-24,9.040642738342283,11.25,11.289999961853027,11.210000038146973,11.270000457763672,50657100
2012-12-26,9.273694038391112,11.539999961853027,11.630000114440918,11.270000457763672,11.289999961853027,146097900
2012-12-27,9.21744155883789,11.470000267028809,11.6899995803833,11.229999542236328,11.65999984741211,210411400
2012-12-28,9.129039764404297,11.359999656677246,11.489999771118164,11.270000457763672,11.31999969482422,131872200
2012-12-31,9.329946517944336,11.609999656677246,11.649999618530272,11.300000190734863,11.369999885559082,170837500
2013-01-02,9.66746425628662,12.029999732971191,12.149999618530272,11.899999618530272,12.050000190734863,236021400
2013-01-03,9.611212730407717,11.960000038146973,12.050000190734863,11.880000114440918,12.010000228881836,157149700
2013-01-04,9.731749534606934,12.109999656677246,12.109999656677246,11.93000030517578,11.970000267028809,132601900
2013-01-07,9.71568202972412,12.09000015258789,12.199999809265137,12.0,12.149999618530272,201403500
2013-01-08,9.627284049987791,11.979999542236328,12.100000381469728,11.890000343322754,12.09000015258789,168461100
2013-01-09,9.185294151306152,11.43000030517578,12.0,11.329999923706056,11.869999885559082,335692000
2013-01-10,9.466560363769531,11.779999732971191,11.8100004196167,11.539999961853027,11.609999656677246,199964900
2013-01-11,9.346017837524414,11.630000114440918,11.720000267028809,11.510000228881836,11.699999809265137,146136700
2013-01-14,9.21744155883789,11.470000267028809,11.630000114440918,11.380000114440918,11.609999656677246,110032900
2013-01-15,9.281726837158203,11.550000190734863,11.619999885559082,11.300000190734863,11.380000114440918,126058300
2013-01-16,9.466560363769531,11.779999732971191,11.789999961853027,11.470000267028809,11.579999923706056,164579300
2013-01-17,9.064751625061035,11.279999732971191,11.699999809265137,11.170000076293944,11.6899995803833,323622200
2013-01-18,8.952249526977539,11.140000343322754,11.329999923706056,11.020000457763672,11.260000228881836,179971800
2013-01-22,9.121002197265623,11.350000381469728,11.359999656677246,11.09000015258789,11.119999885559082,137242700
2013-01-23,9.177257537841797,11.420000076293944,11.4399995803833,11.229999542236328,11.380000114440918,121638200
2013-01-24,9.265655517578123,11.529999732971191,11.670000076293944,11.420000076293944,11.449999809265137,127870800
2013-01-25,9.337982177734377,11.619999885559082,11.720000267028809,11.510000228881836,11.6899995803833,100171600
2013-01-28,9.22547721862793,11.479999542236328,11.670000076293944,11.43000030517578,11.640000343322754,91304200
2013-01-29,9.233512878417969,11.489999771118164,11.579999923706056,11.399999618530272,11.420000076293944,96824100
2013-01-30,9.145118713378906,11.380000114440918,11.539999961853027,11.350000381469728,11.489999771118164,89130200
2013-01-31,9.096898078918455,11.31999969482422,11.359999656677246,11.220000267028809,11.31999969482422,97024700
2013-02-01,9.410311698913574,11.710000038146973,11.729999542236328,11.369999885559082,11.40999984741211,161141300
2013-02-04,9.22547721862793,11.479999542236328,11.6899995803833,11.460000038146973,11.579999923706056,139733000
2013-02-05,9.546923637390137,11.880000114440918,11.979999542236328,11.5600004196167,11.59000015258789,187785900
2013-02-06,9.587101936340332,11.93000030517578,11.970000267028809,11.729999542236328,11.729999542236328,173626800
2013-02-07,9.514776229858398,11.84000015258789,11.979999542236328,11.729999542236328,11.970000267028809,173209900
2013-02-08,9.450488090515137,11.760000228881836,11.899999618530272,11.720000267028809,11.859999656677246,145321100
2013-02-11,9.530848503112791,11.859999656677246,11.899999618530272,11.670000076293944,11.729999542236328,103510800
2013-02-12,9.844258308410645,12.25,12.34000015258789,11.779999732971191,11.869999885559082,232173900
2013-02-13,9.779966354370115,12.170000076293944,12.420000076293944,12.050000190734863,12.350000381469728,192742500
2013-02-14,9.747827529907228,12.130000114440918,12.270000457763672,12.06999969482422,12.09000015258789,144104800
2013-02-15,9.66746425628662,12.029999732971191,12.210000038146973,11.970000267028809,12.210000038146973,158242700
2013-02-19,9.796043395996094,12.1899995803833,12.3100004196167,12.0600004196167,12.100000381469728,170783400
2013-02-20,9.482632637023926,11.800000190734863,12.289999961853027,11.75,12.18000030517578,193466400
2013-02-21,9.177257537841797,11.420000076293944,11.729999542236328,11.350000381469728,11.729999542236328,235532400
2013-02-22,9.193333625793455,11.4399995803833,11.640000343322754,11.260000228881836,11.619999885559082,179268200
2013-02-25,8.863846778869629,11.029999732971191,11.609999656677246,10.979999542236328,11.600000381469728,206893900
2013-02-26,8.94421100616455,11.130000114440918,11.220000267028809,11.029999732971191,11.119999885559082,173039600
2013-02-27,9.088993072509766,11.300000190734863,11.359999656677246,11.100000381469728,11.149999618530272,147145400
2013-02-28,9.032690048217772,11.229999542236328,11.369999885559082,11.199999809265137,11.329999923706056,143546700
2013-03-01,9.121164321899414,11.34000015258789,11.550000190734863,11.020000457763672,11.130000114440918,189050700
2013-03-04,9.177468299865724,11.40999984741211,11.449999809265137,11.220000267028809,11.270000457763672,116436000
2013-03-05,9.29007339477539,11.550000190734863,11.710000038146973,11.529999732971191,11.5600004196167,135869700
2013-03-06,9.58768081665039,11.920000076293944,12.020000457763672,11.760000228881836,11.770000457763672,182557500
2013-03-07,9.861154556274414,12.260000228881836,12.279999732971191,11.979999542236328,12.0,212403800
2013-03-08,9.708332061767578,12.06999969482422,12.4399995803833,12.020000457763672,12.420000076293944,209777100
2013-03-11,9.772676467895508,12.149999618530272,12.220000267028809,12.020000457763672,12.079999923706056,106427800
2013-03-12,9.66007137298584,12.010000228881836,12.18000030517578,11.90999984741211,12.109999656677246,128134700
2013-03-13,9.700288772583008,12.0600004196167,12.109999656677246,11.979999542236328,12.039999961853027,86216800
2013-03-14,9.740501403808594,12.109999656677246,12.1899995803833,12.100000381469728,12.119999885559082,115440000
2013-03-15,10.11049747467041,12.56999969482422,12.65999984741211,12.350000381469728,12.520000457763672,319019100
2013-03-18,10.10245418548584,12.5600004196167,12.68000030517578,12.260000228881836,12.289999961853027,189783300
2013-03-19,10.223103523254396,12.710000038146973,12.9399995803833,12.59000015258789,12.789999961853027,242939600
2013-03-20,10.279407501220703,12.779999732971191,12.890000343322754,12.710000038146973,12.789999961853027,219121700
2013-03-21,10.11049747467041,12.56999969482422,12.84000015258789,12.550000190734863,12.710000038146973,154529400
2013-03-22,10.10245418548584,12.5600004196167,12.670000076293944,12.479999542236328,12.619999885559082,101974400
2013-03-25,9.973762512207031,12.399999618530272,12.720000267028809,12.31999969482422,12.68000030517578,154320200
2013-03-26,9.877241134643556,12.279999732971191,12.5,12.149999618530272,12.449999809265137,135654700
2013-03-27,9.837024688720703,12.229999542236328,12.279999732971191,12.119999885559082,12.140000343322754,107177200
2013-03-28,9.796807289123535,12.18000030517578,12.279999732971191,12.109999656677246,12.239999771118164,92013900
2013-04-01,9.772676467895508,12.149999618530272,12.279999732971191,12.100000381469728,12.149999618530272,86281600
2013-04-02,9.772676467895508,12.149999618530272,12.25,12.140000343322754,12.239999771118164,102626000
2013-04-03,9.499205589294434,11.8100004196167,12.140000343322754,11.720000267028809,12.119999885559082,199765800
2013-04-04,9.603765487670898,11.9399995803833,11.989999771118164,11.720000267028809,11.8100004196167,117831400
2013-04-05,9.627897262573242,11.970000267028809,12.010000228881836,11.640000343322754,11.670000076293944,141061900
2013-04-08,9.820938110351562,12.210000038146973,12.210000038146973,11.90999984741211,12.0,101419200
2013-04-09,9.853111267089844,12.25,12.350000381469728,12.210000038146973,12.25,132365800
2013-04-10,9.909411430358888,12.31999969482422,12.399999618530272,12.260000228881836,12.3100004196167,105853900
2013-04-11,9.869197845458984,12.270000457763672,12.329999923706056,12.15999984741211,12.3100004196167,100241900
2013-04-12,9.788763046264648,12.170000076293944,12.25,12.06999969482422,12.149999618530272,88191700
2013-04-15,9.635940551757812,11.979999542236328,12.31999969482422,11.970000267028809,12.1899995803833,176504300
2013-04-16,9.877241134643556,12.279999732971191,12.359999656677246,12.079999923706056,12.210000038146973,147641900
2013-04-17,9.410725593566896,11.699999809265137,12.020000457763672,11.449999809265137,11.90999984741211,335408600
2013-04-18,9.20159912109375,11.4399995803833,11.649999618530272,11.229999542236328,11.609999656677246,220290500
2013-04-19,9.378554344177246,11.65999984741211,11.6899995803833,11.43000030517578,11.5600004196167,119792000
2013-04-22,9.426815032958984,11.720000267028809,11.75,11.56999969482422,11.68000030517578,88532300
2013-04-23,9.708332061767578,12.06999969482422,12.15999984741211,11.899999618530272,11.920000076293944,176816000
2013-04-24,9.901371955871582,12.3100004196167,12.369999885559082,12.119999885559082,12.140000343322754,120624900
2013-04-25,10.005939483642578,12.4399995803833,12.539999961853027,12.359999656677246,12.390000343322754,118694600
2013-04-26,9.989846229553224,12.420000076293944,12.460000038146973,12.289999961853027,12.34000015258789,83093200
2013-04-29,9.957674026489258,12.380000114440918,12.479999542236328,12.369999885559082,12.449999809265137,65432400
2013-04-30,9.901371955871582,12.3100004196167,12.399999618530272,12.199999809265137,12.390000343322754,89362100
2013-05-01,9.764636039733888,12.140000343322754,12.270000457763672,12.079999923706056,12.199999809265137,88417800
2013-05-02,9.804850578308104,12.1899995803833,12.210000038146973,12.050000190734863,12.170000076293944,76530500
2013-05-03,9.84506893157959,12.239999771118164,12.40999984741211,12.210000038146973,12.359999656677246,94322600
2013-05-06,10.359840393066406,12.880000114440918,12.890000343322754,12.359999656677246,12.390000343322754,265062800
2013-05-07,10.37592887878418,12.899999618530272,13.109999656677246,12.760000228881836,12.920000076293944,218248100
2013-05-08,10.472453117370604,13.020000457763672,13.18000030517578,12.84000015258789,12.850000381469728,149755400
2013-05-09,10.383967399597168,12.90999984741211,13.0600004196167,12.869999885559082,13.050000190734863,112952300
2013-05-10,10.472453117370604,13.020000457763672,13.039999961853027,12.890000343322754,12.9399995803833,87625100
2013-05-13,10.440275192260742,12.979999542236328,13.100000381469728,12.949999809265137,12.979999542236328,94295600
2013-05-14,10.729838371276855,13.34000015258789,13.359999656677246,13.020000457763672,13.039999961853027,154128100
2013-05-15,10.810270309448242,13.4399995803833,13.550000190734863,13.289999961853027,13.289999961853027,139728300
2013-05-16,10.745923042297363,13.359999656677246,13.550000190734863,13.31999969482422,13.40999984741211,117977000
2013-05-17,10.802226066589355,13.43000030517578,13.520000457763672,13.390000343322754,13.5,107335600
2013-05-20,10.866573333740234,13.510000228881836,13.600000381469728,13.390000343322754,13.390000343322754,88941700
2013-05-21,10.810270309448242,13.4399995803833,13.5600004196167,13.359999656677246,13.529999732971191,111810300
2013-05-22,10.705707550048828,13.3100004196167,13.729999542236328,13.170000076293944,13.489999771118164,174531500
2013-05-23,10.625273704528809,13.210000038146973,13.420000076293944,12.81999969482422,12.93000030517578,190522000
2013-05-24,10.64940071105957,13.239999771118164,13.260000228881836,13.119999885559082,13.170000076293944,83452600
2013-05-28,10.73788070678711,13.350000381469728,13.510000228881836,13.3100004196167,13.489999771118164,133553000
2013-05-29,10.842442512512209,13.479999542236328,13.5600004196167,13.270000457763672,13.3100004196167,126397300
2013-05-30,11.123960494995115,13.829999923706056,13.93000030517578,13.43000030517578,13.5,153383400
2013-05-31,10.987224578857422,13.65999984741211,13.989999771118164,13.649999618530272,13.90999984741211,160176100
2013-06-03,10.898744583129885,13.550000190734863,13.729999542236328,13.210000038146973,13.6899995803833,197168200
2013-06-04,10.745923042297363,13.359999656677246,13.670000076293944,13.3100004196167,13.510000228881836,130055400
2013-06-05,10.536639213562012,13.09000015258789,13.449999809265137,12.970000267028809,13.289999961853027,185778900
2013-06-06,10.625181198120115,13.199999809265137,13.239999771118164,12.850000381469728,13.079999923706056,142361900
2013-06-07,10.77007007598877,13.380000114440918,13.390000343322754,13.149999618530272,13.329999923706056,121057300
2013-06-10,10.70567798614502,13.300000190734863,13.550000190734863,13.260000228881836,13.489999771118164,104648500
2013-06-11,10.560789108276367,13.119999885559082,13.279999732971191,13.06999969482422,13.109999656677246,106369100
2013-06-12,10.512491226196287,13.0600004196167,13.25,12.970000267028809,13.239999771118164,117289400
2013-06-13,10.633231163024902,13.210000038146973,13.260000228881836,12.970000267028809,13.0,103636400
2013-06-14,10.520538330078123,13.06999969482422,13.239999771118164,13.029999732971191,13.229999542236328,101380700
2013-06-17,10.633231163024902,13.210000038146973,13.260000228881836,13.130000114440918,13.170000076293944,115441500
2013-06-18,10.681529998779297,13.270000457763672,13.34000015258789,13.199999809265137,13.220000267028809,67257600
2013-06-19,10.617135047912598,13.1899995803833,13.399999618530272,13.170000076293944,13.289999961853027,103850000
2013-06-20,10.375651359558104,12.890000343322754,13.140000343322754,12.800000190734863,13.079999923706056,185741100
2013-06-21,10.214662551879885,12.6899995803833,13.0,12.390000343322754,12.989999771118164,196004700
2013-06-24,9.900738716125488,12.300000190734863,12.449999809265137,12.130000114440918,12.399999618530272,159762500
2013-06-25,10.198567390441896,12.670000076293944,12.770000457763672,12.43000030517578,12.609999656677246,132844500
2013-06-26,10.27101230621338,12.760000228881836,12.850000381469728,12.68000030517578,12.84000015258789,105282000
2013-06-27,10.472243309020996,13.010000228881836,13.029999732971191,12.779999732971191,12.84000015258789,124616300
2013-06-28,10.351502418518066,12.859999656677246,13.0,12.84000015258789,12.970000267028809,90297100
2013-07-01,10.407851219177246,12.93000030517578,13.100000381469728,12.920000076293944,12.949999809265137,83146300
2013-07-02,10.38370132446289,12.899999618530272,13.100000381469728,12.800000190734863,12.949999809265137,83708600
2013-07-03,10.32735538482666,12.829999923706056,12.84000015258789,12.729999542236328,12.81999969482422,37971700
2013-07-05,10.512491226196287,13.0600004196167,13.079999923706056,12.90999984741211,12.989999771118164,80758500
2013-07-08,10.689579963684082,13.279999732971191,13.369999885559082,13.079999923706056,13.109999656677246,107441200
2013-07-09,10.890814781188965,13.529999732971191,13.529999732971191,13.25,13.369999885559082,106067300
2013-07-10,10.762019157409668,13.369999885559082,13.529999732971191,13.3100004196167,13.510000228881836,104353400
2013-07-11,10.874712944030762,13.510000228881836,13.579999923706056,13.329999923706056,13.539999961853027,93756500
2013-07-12,11.092045783996582,13.779999732971191,13.800000190734863,13.470000267028809,13.539999961853027,123958400
2013-07-15,11.172536849975586,13.880000114440918,13.9399995803833,13.760000228881836,13.93000030517578,90765200
2013-07-16,11.204739570617676,13.920000076293944,14.020000457763672,13.770000457763672,13.93000030517578,146041900
2013-07-17,11.518664360046388,14.3100004196167,14.4399995803833,14.039999961853027,14.0600004196167,249674500
2013-07-18,11.880887985229492,14.760000228881836,14.850000381469728,14.399999618530272,14.399999618530272,221796400
2013-07-19,11.872835159301758,14.75,14.760000228881836,14.600000381469728,14.760000228881836,136196600
2013-07-22,12.009675979614258,14.920000076293944,14.989999771118164,14.649999618530272,14.739999771118164,112416800
2013-07-23,12.025775909423828,14.9399995803833,15.029999732971191,14.859999656677246,14.979999542236328,113736000
2013-07-24,11.840638160705566,14.710000038146973,15.0,14.68000030517578,15.0,117771100
2013-07-25,11.937231063842772,14.829999923706056,14.850000381469728,14.539999961853027,14.619999885559082,89243300
2013-07-26,11.856739044189451,14.729999542236328,14.760000228881836,14.619999885559082,14.699999809265137,73777800
2013-07-29,11.687701225280762,14.520000457763672,14.699999809265137,14.449999809265137,14.649999618530272,88616700
2013-07-30,11.687701225280762,14.520000457763672,14.630000114440918,14.460000038146973,14.579999923706056,71675200
2013-07-31,11.75209617614746,14.600000381469728,14.850000381469728,14.56999969482422,14.579999923706056,128182500
2013-08-01,12.033824920654297,14.949999809265137,14.970000267028809,14.81999969482422,14.850000381469728,108554200
2013-08-02,11.94528102874756,14.84000015258789,14.90999984741211,14.779999732971191,14.880000114440918,83367400
2013-08-05,11.9130859375,14.800000190734863,14.84000015258789,14.699999809265137,14.770000457763672,61711900
2013-08-06,11.784293174743652,14.640000343322754,14.760000228881836,14.630000114440918,14.739999771118164,84249800
2013-08-07,11.695751190185549,14.529999732971191,14.56999969482422,14.25,14.43000030517578,128693600
2013-08-08,11.760144233703612,14.609999656677246,14.699999809265137,14.4399995803833,14.68000030517578,88544100
2013-08-09,11.631354331970217,14.449999809265137,14.609999656677246,14.399999618530272,14.5600004196167,72897900
2013-08-12,11.59915828704834,14.40999984741211,14.470000267028809,14.31999969482422,14.359999656677246,60867500
2013-08-13,11.679649353027344,14.510000228881836,14.619999885559082,14.329999923706056,14.470000267028809,75777900
2013-08-14,11.75209617614746,14.600000381469728,14.75,14.539999961853027,14.550000190734863,78553700
2013-08-15,11.52671241760254,14.31999969482422,14.470000267028809,14.3100004196167,14.460000038146973,99238900
2013-08-16,11.607208251953123,14.420000076293944,14.470000267028809,14.210000038146973,14.289999961853027,104959000
2013-08-19,11.389874458312988,14.149999618530272,14.380000114440918,14.130000114440918,14.369999885559082,98384600
2013-08-20,11.502568244934082,14.289999961853027,14.380000114440918,13.979999542236328,14.18000030517578,114332500
2013-08-21,11.542813301086426,14.34000015258789,14.479999542236328,14.199999809265137,14.260000228881836,91680600
2013-08-22,11.727946281433104,14.56999969482422,14.600000381469728,14.399999618530272,14.470000267028809,76348300
2013-08-23,11.727946281433104,14.56999969482422,14.6899995803833,14.510000228881836,14.59000015258789,67699200
2013-08-26,11.663555145263672,14.489999771118164,14.699999809265137,14.489999771118164,14.529999732971191,68938900
2013-08-27,11.357677459716797,14.109999656677246,14.40999984741211,14.100000381469728,14.260000228881836,122534200
2013-08-28,11.365726470947266,14.119999885559082,14.25,13.989999771118164,14.06999969482422,96473600
2013-08-29,11.40597152709961,14.170000076293944,14.300000190734863,14.119999885559082,14.140000343322754,76691500
2013-08-30,11.365726470947266,14.119999885559082,14.25,14.06999969482422,14.229999542236328,73233400
2013-09-03,11.470369338989258,14.25,14.380000114440918,14.18000030517578,14.300000190734863,74628700
2013-09-04,11.534808158874512,14.31999969482422,14.399999618530272,14.210000038146973,14.210000038146973,71132500
2013-09-05,11.575080871582031,14.369999885559082,14.550000190734863,14.359999656677246,14.40999984741211,71229200
2013-09-06,11.567028999328612,14.359999656677246,14.5,14.270000457763672,14.470000267028809,75513100
2013-09-09,11.663688659667969,14.479999542236328,14.489999771118164,14.369999885559082,14.40999984741211,53447300
2013-09-10,11.76840114593506,14.609999656677246,14.6899995803833,14.520000457763672,14.520000457763672,93180300
2013-09-11,11.800622940063477,14.649999618530272,14.68000030517578,14.520000457763672,14.5600004196167,81098900
2013-09-12,11.663688659667969,14.479999542236328,14.68000030517578,14.460000038146973,14.649999618530272,63355900
2013-09-13,11.671745300292969,14.489999771118164,14.550000190734863,14.449999809265137,14.460000038146973,56793400
2013-09-16,11.703965187072754,14.529999732971191,14.68000030517578,14.529999732971191,14.609999656677246,65276500
2013-09-17,11.720073699951172,14.550000190734863,14.619999885559082,14.399999618530272,14.529999732971191,73686100
2013-09-18,11.848955154418944,14.710000038146973,14.81999969482422,14.489999771118164,14.529999732971191,127092600
2013-09-19,11.76840114593506,14.609999656677246,14.829999923706056,14.579999923706056,14.800000190734863,79710700
2013-09-20,11.631464958190918,14.4399995803833,14.65999984741211,14.4399995803833,14.649999618530272,145174800
2013-09-23,11.389819145202637,14.140000343322754,14.31999969482422,14.09000015258789,14.3100004196167,127283100
2013-09-24,11.349539756774902,14.09000015258789,14.25,14.010000228881836,14.18000030517578,96912800
2013-09-25,11.389819145202637,14.140000343322754,14.239999771118164,14.029999732971191,14.119999885559082,86546100
2013-09-26,11.341485023498535,14.079999923706056,14.220000267028809,13.979999542236328,14.1899995803833,89352900
2013-09-27,11.19649600982666,13.899999618530272,14.029999732971191,13.880000114440918,13.989999771118164,79156000
2013-09-30,11.115947723388672,13.800000190734863,13.93000030517578,13.600000381469728,13.6899995803833,104439900
2013-10-01,11.19649600982666,13.899999618530272,13.920000076293944,13.8100004196167,13.850000381469728,57631000
2013-10-02,11.325379371643066,14.0600004196167,14.100000381469728,13.789999961853027,13.8100004196167,89186300
2013-10-03,11.277048110961914,14.0,14.100000381469728,13.829999923706056,14.06999969482422,95269000
2013-10-04,11.317325592041016,14.050000190734863,14.079999923706056,13.960000038146973,14.020000457763672,63495400
2013-10-07,11.124001502990724,13.8100004196167,13.949999809265137,13.800000190734863,13.90999984741211,64822700
2013-10-08,11.027339935302734,13.6899995803833,13.899999618530272,13.68000030517578,13.829999923706056,92746200
2013-10-09,11.14816188812256,13.84000015258789,13.93000030517578,13.6899995803833,13.720000267028809,96012800
2013-10-10,11.46231174468994,14.229999542236328,14.25,14.010000228881836,14.029999732971191,102305800
2013-10-11,11.430091857910156,14.1899995803833,14.279999732971191,14.109999656677246,14.239999771118164,83422000
2013-10-14,11.55897045135498,14.350000381469728,14.390000343322754,14.050000190734863,14.0600004196167,78367500
2013-10-15,11.470366477966309,14.239999771118164,14.43000030517578,14.210000038146973,14.390000343322754,102099300
2013-10-16,11.728127479553224,14.5600004196167,14.609999656677246,14.31999969482422,14.31999969482422,153481000
2013-10-17,11.808677673339844,14.65999984741211,14.65999984741211,14.40999984741211,14.449999809265137,94090800
2013-10-18,11.78451156616211,14.630000114440918,14.720000267028809,14.529999732971191,14.68000030517578,96986400
2013-10-21,11.69590950012207,14.520000457763672,14.59000015258789,14.470000267028809,14.529999732971191,91280600
2013-10-22,11.69590950012207,14.520000457763672,14.630000114440918,14.449999809265137,14.550000190734863,102836000
2013-10-23,11.446202278137209,14.210000038146973,14.479999542236328,14.170000076293944,14.449999809265137,108529700
2013-10-24,11.413982391357422,14.170000076293944,14.199999809265137,14.06999969482422,14.119999885559082,92566100
2013-10-25,11.486478805541992,14.260000228881836,14.270000457763672,14.140000343322754,14.149999618530272,58592400
2013-10-28,11.46231174468994,14.229999542236328,14.31999969482422,14.210000038146973,14.289999961853027,62328000
2013-10-29,11.397871971130373,14.149999618530272,14.289999961853027,14.0600004196167,14.260000228881836,79563100
2013-10-30,11.413982391357422,14.170000076293944,14.289999961853027,14.149999618530272,14.1899995803833,76624200
2013-10-31,11.252881050109863,13.970000267028809,14.15999984741211,13.960000038146973,14.140000343322754,105713400
2013-11-01,11.293157577514648,14.020000457763672,14.100000381469728,13.960000038146973,14.0,75610400
2013-11-04,11.309267044067385,14.039999961853027,14.119999885559082,14.0,14.09000015258789,53063200
2013-11-05,11.220662117004396,13.93000030517578,14.020000457763672,13.899999618530272,13.989999771118164,71809700
2013-11-06,11.24482536315918,13.960000038146973,14.020000457763672,13.90999984741211,13.989999771118164,66712900
2013-11-07,11.115947723388672,13.800000190734863,14.029999732971191,13.800000190734863,14.0,80775000
2013-11-08,11.534808158874512,14.31999969482422,14.31999969482422,13.84000015258789,13.859999656677246,158227300
2013-11-11,11.599246978759766,14.399999618530272,14.420000076293944,14.239999771118164,14.270000457763672,66357400
2013-11-12,11.534808158874512,14.31999969482422,14.460000038146973,14.260000228881836,14.329999923706056,69498300
2013-11-13,11.792570114135742,14.640000343322754,14.640000343322754,14.199999809265137,14.260000228881836,128018500
2013-11-14,11.9214506149292,14.800000190734863,14.81999969482422,14.609999656677246,14.68000030517578,128999400
2013-11-15,12.018109321594238,14.920000076293944,14.949999809265137,14.770000457763672,14.789999961853027,105475300
2013-11-18,12.018109321594238,14.920000076293944,15.170000076293944,14.859999656677246,14.979999542236328,145554400
2013-11-19,12.243651390075684,15.199999809265137,15.300000190734863,14.970000267028809,14.979999542236328,161505600
2013-11-20,12.195322036743164,15.140000343322754,15.270000457763672,15.079999923706056,15.25,107174900
2013-11-21,12.557799339294434,15.59000015258789,15.600000381469728,15.199999809265137,15.220000267028809,142053600
2013-11-22,12.59807014465332,15.640000343322754,15.789999961853027,15.600000381469728,15.699999809265137,110331100
2013-11-25,12.735007286071776,15.8100004196167,15.979999542236328,15.65999984741211,15.670000076293944,153765500
2013-11-26,12.791393280029297,15.880000114440918,15.970000267028809,15.8100004196167,15.84000015258789,114833700
2013-11-27,12.751118659973145,15.829999923706056,15.9399995803833,15.760000228881836,15.869999885559082,75503600
2013-11-29,12.743060111999512,15.81999969482422,15.920000076293944,15.789999961853027,15.84000015258789,44288400
2013-12-02,12.67056941986084,15.729999542236328,15.970000267028809,15.699999809265137,15.84000015258789,92987400
2013-12-03,12.517521858215332,15.539999961853027,15.789999961853027,15.390000343322754,15.640000343322754,106450300
2013-12-04,12.598124504089355,15.630000114440918,15.729999542236328,15.359999656677246,15.390000343322754,96678100
2013-12-05,12.436919212341309,15.43000030517578,15.640000343322754,15.359999656677246,15.609999656677246,95230500
2013-12-06,12.541704177856444,15.5600004196167,15.720000267028809,15.460000038146973,15.609999656677246,92203100
2013-12-09,12.55782413482666,15.579999923706056,15.670000076293944,15.5600004196167,15.619999885559082,50167200
2013-12-10,12.541704177856444,15.5600004196167,15.68000030517578,15.510000228881836,15.520000457763672,67486300
2013-12-11,12.291833877563477,15.25,15.550000190734863,15.18000030517578,15.550000190734863,117565000
2013-12-12,12.291833877563477,15.25,15.350000381469728,15.119999885559082,15.260000228881836,76113900
2013-12-13,12.235416412353516,15.18000030517578,15.329999923706056,15.130000114440918,15.279999732971191,61575600
2013-12-16,12.28377628326416,15.239999771118164,15.34000015258789,15.199999809265137,15.220000267028809,71467000
2013-12-17,12.235416412353516,15.18000030517578,15.300000190734863,15.140000343322754,15.239999771118164,74247300
2013-12-18,12.646485328674316,15.6899995803833,15.710000038146973,15.0600004196167,15.279999732971191,152929300
2013-12-19,12.694846153259276,15.75,15.789999961853027,15.600000381469728,15.65999984741211,97776100
2013-12-20,12.573945045471191,15.600000381469728,15.869999885559082,15.600000381469728,15.75,131956000
2013-12-23,12.646485328674316,15.6899995803833,15.789999961853027,15.6899995803833,15.720000267028809,52565800
2013-12-24,12.654544830322266,15.699999809265137,15.75,15.670000076293944,15.720000267028809,21770400
2013-12-26,12.614242553710938,15.649999618530272,15.75,15.640000343322754,15.739999771118164,48803600
2013-12-27,12.630365371704102,15.670000076293944,15.699999809265137,15.579999923706056,15.670000076293944,40049300
2013-12-30,12.52558135986328,15.539999961853027,15.6899995803833,15.520000457763672,15.640000343322754,56218800
2013-12-31,12.549763679504396,15.56999969482422,15.619999885559082,15.510000228881836,15.600000381469728,57188900
2014-01-02,12.97695541381836,16.100000381469727,16.15999984741211,15.68000030517578,15.6899995803833,148709900
2014-01-03,13.226818084716797,16.40999984741211,16.5,16.229999542236328,16.270000457763672,129921800
2014-01-06,13.42832374572754,16.65999984741211,16.729999542236328,16.559999465942383,16.6299991607666,114431300
2014-01-07,13.299363136291504,16.5,16.790000915527344,16.450000762939453,16.770000457763672,110605100
2014-01-08,13.363842010498049,16.579999923706055,16.690000534057617,16.520000457763672,16.670000076293945,101036400
2014-01-09,13.565347671508787,16.829999923706055,16.93000030517578,16.610000610351562,16.670000076293945,100947200
2014-01-10,13.516989707946776,16.770000457763672,16.790000915527344,16.610000610351562,16.75,87454100
2014-01-13,13.24294376373291,16.43000030517578,16.799999237060547,16.399999618530273,16.790000915527344,90025400
2014-01-14,13.516989707946776,16.770000457763672,16.770000457763672,16.530000686645508,16.540000915527344,97786600
2014-01-15,13.82327365875244,17.149999618530273,17.420000076293945,17.110000610351562,17.229999542236328,329333100
2014-01-16,13.766857147216797,17.079999923706055,17.139999389648438,16.989999771118164,17.09000015258789,163613100
2014-01-17,13.710434913635254,17.010000228881836,17.219999313354492,16.989999771118164,17.200000762939453,96232200
2014-01-21,13.710434913635254,17.010000228881836,17.15999984741211,16.8700008392334,17.079999923706055,118269200
2014-01-22,13.82327365875244,17.149999618530273,17.149999618530273,17.0,17.079999923706055,68114400
2014-01-23,13.589529991149902,16.860000610351562,17.09000015258789,16.739999771118164,17.06999969482422,123765900
2014-01-24,13.259061813354492,16.450000762939453,16.719999313354492,16.450000762939453,16.670000076293945,112899300
2014-01-27,13.14621639251709,16.309999465942383,16.540000915527344,16.059999465942383,16.3700008392334,134872600
2014-01-28,13.484746932983398,16.729999542236328,16.760000228881836,16.3700008392334,16.450000762939453,92891300
2014-01-29,13.444446563720703,16.68000030517578,16.850000381469727,16.489999771118164,16.549999237060547,130026900
2014-01-30,13.645952224731444,16.93000030517578,16.989999771118164,16.770000457763672,16.809999465942383,91028200
2014-01-31,13.500868797302246,16.75,16.979999542236328,16.610000610351562,16.719999313354492,139432100
2014-02-03,13.178462028503418,16.350000381469727,16.8799991607666,16.299999237060547,16.770000457763672,159981200
2014-02-04,13.178462028503418,16.350000381469727,16.559999465942383,16.260000228881836,16.489999771118164,125337000
2014-02-05,13.21876049041748,16.399999618530273,16.450000762939453,16.149999618530273,16.309999465942383,110576200
2014-02-06,13.452509880065918,16.690000534057617,16.729999542236328,16.440000534057617,16.450000762939453,110029100
2014-02-07,13.557290077209473,16.81999969482422,16.8799991607666,16.6299991607666,16.81999969482422,122571100
2014-02-10,13.476686477661133,16.719999313354492,16.729999542236328,16.600000381469727,16.709999084472656,95792500
2014-02-11,13.605647087097168,16.8799991607666,16.920000076293945,16.639999389648438,16.729999542236328,92617500
2014-02-12,13.500868797302246,16.75,16.90999984741211,16.649999618530273,16.8700008392334,96948900
2014-02-13,13.500868797302246,16.75,16.81999969482422,16.6299991607666,16.649999618530273,95756900
2014-02-14,13.46056842803955,16.700000762939453,16.760000228881836,16.649999618530273,16.739999771118164,100684300
2014-02-18,13.275182723999023,16.469999313354492,16.739999771118164,16.469999313354492,16.700000762939453,121778600
2014-02-19,13.057557106018066,16.200000762939453,16.450000762939453,16.18000030517578,16.3799991607666,137734500
2014-02-20,13.13815975189209,16.299999237060547,16.360000610351562,16.18000030517578,16.219999313354492,107425900
2014-02-21,13.13010025024414,16.290000915527344,16.489999771118164,16.25,16.290000915527344,106236900
2014-02-24,13.323543548583984,16.530000686645508,16.6299991607666,16.299999237060547,16.299999237060547,102909600
2014-02-25,13.17039966583252,16.34000015258789,16.559999465942383,16.31999969482422,16.5,81457000
2014-02-26,13.162341117858888,16.329999923706055,16.399999618530273,16.1299991607666,16.360000610351562,89831600
2014-02-27,13.291304588317873,16.489999771118164,16.489999771118164,16.209999084472656,16.270000457763672,71314500
2014-02-28,13.323543548583984,16.530000686645508,16.649999618530273,16.350000381469727,16.489999771118164,126252100
2014-03-03,13.13815975189209,16.299999237060547,16.40999984741211,16.190000534057617,16.299999237060547,87526800
2014-03-04,13.484746932983398,16.729999542236328,16.739999771118164,16.43000030517578,16.479999542236328,100849900
2014-03-05,13.912199020385742,17.25,17.309999465942383,16.780000686645508,16.790000915527344,207180000
2014-03-06,13.992843627929688,17.350000381469727,17.6299991607666,17.309999465942383,17.420000076293945,138078900
2014-03-07,13.976717948913574,17.329999923706055,17.59000015258789,17.25,17.540000915527344,109547100
2014-03-10,14.089628219604492,17.469999313354492,17.469999313354492,17.25,17.270000457763672,81732700
2014-03-11,13.92832374572754,17.270000457763672,17.520000457763672,17.25,17.510000228881836,90183400
2014-03-12,13.936388969421388,17.280000686645508,17.329999923706055,17.06999969482422,17.18000030517578,83309200
2014-03-13,13.839607238769531,17.15999984741211,17.469999313354492,17.06999969482422,17.34000015258789,100875700
2014-03-14,13.549266815185549,16.799999237060547,17.219999313354492,16.760000228881836,17.079999923706055,131297200
2014-03-17,13.799283981323242,17.110000610351562,17.170000076293945,16.969999313354492,16.979999542236328,79942200
2014-03-18,13.863802909851074,17.190000534057617,17.219999313354492,17.06999969482422,17.139999389648438,67402400
2014-03-19,14.0654296875,17.440000534057617,17.489999771118164,17.1200008392334,17.15999984741211,105006500
2014-03-20,14.452547073364258,17.920000076293945,18.0,17.43000030517578,17.440000534057617,167048700
2014-03-21,14.16221046447754,17.559999465942383,18.030000686645508,17.559999465942383,18.030000686645508,155721000
2014-03-24,14.008975982666016,17.3700008392334,17.649999618530273,17.299999237060547,17.6200008392334,118500000
2014-03-25,13.87993335723877,17.209999084472656,17.579999923706055,17.200000762939453,17.489999771118164,98348600
2014-03-26,13.855737686157228,17.18000030517578,17.399999618530273,17.18000030517578,17.3799991607666,97573700
2014-03-27,13.718633651733398,17.010000228881836,17.489999771118164,16.829999923706055,17.280000686645508,175139500
2014-03-28,13.694442749023438,16.979999542236328,17.149999618530273,16.850000381469727,17.09000015258789,79909500
2014-03-31,13.871870040893556,17.200000762939453,17.270000457763672,17.1200008392334,17.149999618530273,62115800
2014-04-01,13.984782218933104,17.34000015258789,17.399999618530273,17.260000228881836,17.280000686645508,57423800
2014-04-02,13.896063804626465,17.229999542236328,17.3799991607666,17.1299991607666,17.350000381469727,65349000
2014-04-03,13.831543922424316,17.149999618530273,17.239999771118164,17.030000686645508,17.209999084472656,56534500
2014-04-04,13.484746932983398,16.719999313354492,17.219999313354492,16.700000762939453,17.209999084472656,110409600
2014-04-07,13.210536003112791,16.3799991607666,16.700000762939453,16.190000534057617,16.690000534057617,129464900
2014-04-08,13.258928298950195,16.440000534057617,16.5,16.25,16.3700008392334,75769700
2014-04-09,13.404099464416504,16.6200008392334,16.6299991607666,16.350000381469727,16.549999237060547,83096400
2014-04-10,13.000844955444336,16.1200008392334,16.6200008392334,16.100000381469727,16.6200008392334,98390900
2014-04-11,12.718570709228516,15.770000457763672,16.1299991607666,15.619999885559082,15.859999656677246,133757100
2014-04-14,12.90406608581543,16.0,16.219999313354492,15.779999732971191,16.049999237060547,99249400
2014-04-15,13.218598365783691,16.389999389648438,16.40999984741211,15.960000038146973,16.09000015258789,134956600
2014-04-16,13.008910179138184,16.1299991607666,16.219999313354492,15.779999732971191,16.200000762939453,172948900
2014-04-17,13.02503776550293,16.149999618530273,16.25,15.93000030517578,16.139999389648438,104765500
2014-04-21,12.976651191711426,16.09000015258789,16.170000076293945,16.030000686645508,16.149999618530273,51280500
2014-04-22,13.137951850891112,16.290000915527344,16.34000015258789,16.040000915527344,16.09000015258789,77888900
2014-04-23,13.202474594116213,16.3700008392334,16.399999618530273,16.229999542236328,16.299999237060547,52425600
2014-04-24,13.178278923034668,16.34000015258789,16.5,16.209999084472656,16.43000030517578,73910900
2014-04-25,12.863740921020508,15.949999809265137,16.229999542236328,15.93000030517578,16.100000381469727,84617700
2014-04-28,12.057236671447754,14.949999809265137,15.40999984741211,14.859999656677246,15.329999923706056,344935200
2014-04-29,12.291123390197754,15.239999771118164,15.300000190734863,14.90999984741211,15.039999961853027,155495000
2014-04-30,12.210474967956545,15.140000343322754,15.270000457763672,15.130000114440918,15.260000228881836,82359700
2014-05-01,12.170144081115724,15.09000015258789,15.220000267028809,15.029999732971191,15.140000343322754,68368300
2014-05-02,12.29918384552002,15.25,15.289999961853027,15.100000381469728,15.18000030517578,73562900
2014-05-05,12.162081718444824,15.079999923706056,15.130000114440918,15.020000457763672,15.079999923706056,51669100
2014-05-06,11.879803657531738,14.729999542236328,15.029999732971191,14.720000267028809,15.029999732971191,96268300
2014-05-07,11.936262130737305,14.800000190734863,14.920000076293944,14.75,14.859999656677246,91733000
2014-05-08,12.04110622406006,14.93000030517578,15.039999961853027,14.800000190734863,14.850000381469728,65232700
2014-05-09,11.88787078857422,14.739999771118164,14.989999771118164,14.670000076293944,14.949999809265137,86751600
2014-05-12,12.15401554107666,15.06999969482422,15.100000381469728,14.789999961853027,14.789999961853027,70669900
2014-05-13,12.121753692626951,15.029999732971191,15.100000381469728,14.9399995803833,15.039999961853027,58469100
2014-05-14,11.968521118164062,14.84000015258789,15.020000457763672,14.8100004196167,14.989999771118164,52431900
2014-05-15,11.734633445739746,14.550000190734863,14.829999923706056,14.390000343322754,14.81999969482422,104193000
2014-05-16,11.702372550964355,14.510000228881836,14.539999961853027,14.369999885559082,14.510000228881836,80476100
2014-05-19,11.831413269042969,14.670000076293944,14.699999809265137,14.380000114440918,14.43000030517578,51034700
2014-05-20,11.718505859375,14.529999732971191,14.6899995803833,14.479999542236328,14.649999618530272,60108200
2014-05-21,11.783024787902832,14.609999656677246,14.710000038146973,14.5,14.59000015258789,64808600
2014-05-22,11.86367416381836,14.710000038146973,14.720000267028809,14.550000190734863,14.579999923706056,51929400
2014-05-23,11.87173843383789,14.720000267028809,14.8100004196167,14.649999618530272,14.710000038146973,51648900
2014-05-27,12.274991989135742,15.220000267028809,15.3100004196167,14.979999542236328,15.0,125398900
2014-05-28,12.210474967956545,15.140000343322754,15.279999732971191,15.029999732971191,15.270000457763672,72481700
2014-05-29,12.21853733062744,15.149999618530272,15.210000038146973,15.100000381469728,15.119999885559082,39423000
2014-05-30,12.210474967956545,15.140000343322754,15.229999542236328,15.06999969482422,15.119999885559082,45787100
2014-06-02,12.307250022888184,15.260000228881836,15.279999732971191,15.050000190734863,15.15999984741211,46374000
2014-06-03,12.266924858093262,15.210000038146973,15.279999732971191,15.109999656677246,15.199999809265137,49025400
2014-06-04,12.266924858093262,15.210000038146973,15.260000228881836,15.149999618530272,15.1899995803833,39757300
2014-06-05,12.44435691833496,15.43000030517578,15.479999542236328,15.220000267028809,15.279999732971191,60300500
2014-06-06,12.573397636413574,15.59000015258789,15.649999618530272,15.43000030517578,15.449999809265137,73930500
2014-06-09,12.775026321411133,15.84000015258789,15.880000114440918,15.600000381469728,15.600000381469728,78647900
2014-06-10,12.839545249938965,15.920000076293944,15.9399995803833,15.729999542236328,15.779999732971191,49852900
2014-06-11,12.573397636413574,15.59000015258789,15.81999969482422,15.550000190734863,15.6899995803833,73729300
2014-06-12,12.436293601989746,15.420000076293944,15.65999984741211,15.380000114440918,15.56999969482422,66173200
2014-06-13,12.45242404937744,15.4399995803833,15.550000190734863,15.329999923706056,15.460000038146973,61588100
2014-06-16,12.323383331298828,15.279999732971191,15.3100004196167,15.18000030517578,15.300000190734863,55425400
2014-06-17,12.573397636413574,15.59000015258789,15.619999885559082,15.260000228881836,15.270000457763672,58011600
2014-06-18,12.621788024902344,15.649999618530272,15.6899995803833,15.4399995803833,15.630000114440918,70220300
2014-06-19,12.541138648986816,15.550000190734863,15.670000076293944,15.5,15.65999984741211,40953900
2014-06-20,12.468506813049316,15.449999809265137,15.630000114440918,15.4399995803833,15.630000114440918,54765300
2014-06-23,12.621838569641112,15.640000343322754,15.649999618530272,15.380000114440918,15.470000267028809,58492200
2014-06-24,12.500787734985352,15.489999771118164,15.699999809265137,15.4399995803833,15.5600004196167,73262500
2014-06-25,12.48464584350586,15.470000267028809,15.489999771118164,15.279999732971191,15.449999809265137,71766400
2014-06-26,12.43622875213623,15.40999984741211,15.529999732971191,15.270000457763672,15.4399995803833,68519600
2014-06-27,12.371663093566896,15.329999923706056,15.420000076293944,15.3100004196167,15.380000114440918,58149200
2014-06-30,12.40394401550293,15.369999885559082,15.449999809265137,15.289999961853027,15.3100004196167,47274500
2014-07-01,12.58956241607666,15.600000381469728,15.649999618530272,15.380000114440918,15.380000114440918,74193500
2014-07-02,12.791311264038086,15.850000381469728,16.030000686645508,15.760000228881836,15.779999732971191,87685800
2014-07-03,12.936579704284668,16.030000686645508,16.229999542236328,16.0,16.06999969482422,70582300
2014-07-07,12.863947868347168,15.9399995803833,16.0,15.829999923706056,15.989999771118164,62437100
2014-07-08,12.57341766357422,15.579999923706056,15.829999923706056,15.520000457763672,15.81999969482422,73343400
2014-07-09,12.58956241607666,15.600000381469728,15.6899995803833,15.539999961853027,15.619999885559082,46415800
2014-07-10,12.460436820983888,15.4399995803833,15.529999732971191,15.25,15.329999923706056,61458500
2014-07-11,12.412013053894045,15.380000114440918,15.43000030517578,15.300000190734863,15.390000343322754,56849400
2014-07-14,12.565348625183104,15.56999969482422,15.670000076293944,15.520000457763672,15.619999885559082,59181700
2014-07-15,12.759032249450684,15.8100004196167,15.850000381469728,15.65999984741211,15.75,99946700
2014-07-16,12.516927719116213,15.510000228881836,15.65999984741211,15.43000030517578,15.65999984741211,123711700
2014-07-17,12.266748428344728,15.199999809265137,15.479999542236328,15.130000114440918,15.449999809265137,114839900
2014-07-18,12.500787734985352,15.489999771118164,15.5,15.25,15.270000457763672,74859200
2014-07-21,12.524994850158691,15.520000457763672,15.550000190734863,15.359999656677246,15.420000076293944,61802200
2014-07-22,12.524994850158691,15.520000457763672,15.619999885559082,15.470000267028809,15.59000015258789,58331100
2014-07-23,12.524994850158691,15.520000457763672,15.630000114440918,15.510000228881836,15.520000457763672,47253300
2014-07-24,12.60569667816162,15.619999885559082,15.640000343322754,15.550000190734863,15.5600004196167,46549800
2014-07-25,12.581488609313965,15.59000015258789,15.630000114440918,15.550000190734863,15.59000015258789,35627200
2014-07-28,12.508858680725098,15.5,15.609999656677246,15.460000038146973,15.59000015258789,39313000
2014-07-29,12.379730224609377,15.34000015258789,15.529999732971191,15.34000015258789,15.520000457763672,51480500
2014-07-30,12.57341766357422,15.579999923706056,15.670000076293944,15.3100004196167,15.43000030517578,83243100
2014-07-31,12.30710220336914,15.25,15.550000190734863,15.25,15.4399995803833,70677300
2014-08-01,12.089204788208008,14.979999542236328,15.390000343322754,14.84000015258789,15.18000030517578,115978900
2014-08-04,12.145694732666016,15.050000190734863,15.119999885559082,14.979999542236328,15.06999969482422,51954700
2014-08-05,12.105344772338867,15.0,15.199999809265137,14.899999618530272,15.010000228881836,65071500
2014-08-06,12.266748428344728,15.199999809265137,15.359999656677246,15.140000343322754,15.140000343322754,95977900
2014-08-07,12.202189445495604,15.119999885559082,15.4399995803833,15.09000015258789,15.4399995803833,80058300
2014-08-08,12.266748428344728,15.199999809265137,15.199999809265137,14.989999771118164,15.079999923706056,54495000
2014-08-11,12.282892227172852,15.220000267028809,15.270000457763672,15.149999618530272,15.260000228881836,41545100
2014-08-12,12.274818420410156,15.210000038146973,15.300000190734863,15.149999618530272,15.18000030517578,33674400
2014-08-13,12.30710220336914,15.25,15.289999961853027,15.199999809265137,15.25,34394600
2014-08-14,12.36359405517578,15.31999969482422,15.31999969482422,15.260000228881836,15.260000228881836,29934600
2014-08-15,12.282892227172852,15.220000267028809,15.40999984741211,15.140000343322754,15.34000015258789,61535500
2014-08-18,12.468506813049316,15.449999809265137,15.449999809265137,15.270000457763672,15.279999732971191,54968600
2014-08-19,12.468506813049316,15.449999809265137,15.649999618530272,15.4399995803833,15.520000457763672,44825500
2014-08-20,12.524994850158691,15.520000457763672,15.630000114440918,15.369999885559082,15.40999984741211,57825000
2014-08-21,13.041489601135254,16.15999984741211,16.219999313354492,15.619999885559082,15.6899995803833,177294400
2014-08-22,13.017278671264648,16.1299991607666,16.290000915527344,16.049999237060547,16.15999984741211,107641800
2014-08-25,13.146406173706056,16.290000915527344,16.399999618530273,16.200000762939453,16.270000457763672,89396500
2014-08-26,13.178686141967772,16.329999923706055,16.459999084472656,16.31999969482422,16.34000015258789,73323400
2014-08-27,13.073772430419922,16.200000762939453,16.389999389648438,16.139999389648438,16.3700008392334,63061800
2014-08-28,12.920437812805176,16.010000228881836,16.100000381469727,15.989999771118164,16.100000381469727,62170400
2014-08-29,12.985002517700195,16.09000015258789,16.139999389648438,16.020000457763672,16.049999237060547,50106600
2014-09-02,13.130269050598145,16.270000457763672,16.280000686645508,16.059999465942383,16.139999389648438,59400400
2014-09-03,13.033123970031738,16.100000381469727,16.280000686645508,16.040000915527344,16.270000457763672,67418900
2014-09-04,13.04122257232666,16.110000610351562,16.270000457763672,16.040000915527344,16.100000381469727,56378600
2014-09-05,12.968361854553224,16.020000457763672,16.06999969482422,15.899999618530272,16.049999237060547,80974900
2014-09-08,13.23550510406494,16.350000381469727,16.3700008392334,16.149999618530273,16.190000534057617,99411200
2014-09-09,13.065503120422363,16.139999389648438,16.260000228881836,16.100000381469727,16.25,82428900
2014-09-10,13.24359893798828,16.360000610351562,16.399999618530273,16.1299991607666,16.15999984741211,75656100
2014-09-11,13.413597106933594,16.56999969482422,16.6299991607666,16.299999237060547,16.31999969482422,106598100
2014-09-12,13.59168529510498,16.790000915527344,16.829999923706055,16.610000610351562,16.6200008392334,116306800
2014-09-15,13.551209449768066,16.739999771118164,16.93000030517578,16.6200008392334,16.799999237060547,87306900
2014-09-16,13.52692699432373,16.709999084472656,16.84000015258789,16.670000076293945,16.670000076293945,65017200
2014-09-17,13.575498580932615,16.770000457763672,16.93000030517578,16.68000030517578,16.709999084472656,82902700
2014-09-18,13.794068336486816,17.040000915527344,17.149999618530273,16.8700008392334,16.8799991607666,111923200
2014-09-19,13.721210479736328,16.950000762939453,17.170000076293945,16.8799991607666,17.149999618530273,88455000
2014-09-22,13.785967826843262,17.030000686645508,17.170000076293945,16.989999771118164,17.09000015258789,109276700
2014-09-23,13.802159309387209,17.049999237060547,17.200000762939453,17.030000686645508,17.049999237060547,91921900
2014-09-24,13.907391548156738,17.18000030517578,17.190000534057617,16.969999313354492,17.1200008392334,86396100
2014-09-25,13.640257835388184,16.850000381469727,17.18000030517578,16.850000381469727,17.15999984741211,104522500
2014-09-26,13.785967826843262,17.030000686645508,17.049999237060547,16.889999389648438,16.90999984741211,66785900
2014-09-29,13.769777297973633,17.010000228881836,17.049999237060547,16.8799991607666,16.90999984741211,68038300
2014-09-30,13.802159309387209,17.049999237060547,17.110000610351562,16.969999313354492,17.079999923706055,82217400
2014-10-01,13.615971565246582,16.81999969482422,17.09000015258789,16.799999237060547,17.06999969482422,91235900
2014-10-02,13.664541244506836,16.8799991607666,16.989999771118164,16.6299991607666,16.860000610351562,118018800
2014-10-03,13.996437072753906,17.290000915527344,17.299999237060547,17.059999465942383,17.110000610351562,110840600
2014-10-06,13.996437072753906,17.290000915527344,17.40999984741211,17.219999313354492,17.3700008392334,66212100
2014-10-07,13.664541244506836,16.8799991607666,17.200000762939453,16.8799991607666,17.18000030517578,91396300
2014-10-08,13.8588285446167,17.1200008392334,17.1200008392334,16.719999313354492,16.8799991607666,101266800
2014-10-09,13.429783821105955,16.59000015258789,17.110000610351562,16.549999237060547,17.040000915527344,121363100
2014-10-10,13.340739250183104,16.479999542236328,16.770000457763672,16.360000610351562,16.520000457763672,129552700
2014-10-13,13.275973320007324,16.399999618530273,16.670000076293945,16.399999618530273,16.479999542236328,92674100
2014-10-14,13.373119354248049,16.520000457763672,16.6299991607666,16.360000610351562,16.510000228881836,97451900
2014-10-15,12.757888793945312,15.760000228881836,16.239999771118164,15.43000030517578,16.229999542236328,216591800
2014-10-16,13.016932487487791,16.079999923706055,16.25,15.520000457763672,15.609999656677246,148199400
2014-10-17,13.122169494628906,16.209999084472656,16.40999984741211,16.15999984741211,16.25,94339200
2014-10-20,13.162644386291504,16.260000228881836,16.329999923706055,16.15999984741211,16.200000762939453,76510700
2014-10-21,13.437881469726562,16.600000381469727,16.610000610351562,16.309999465942383,16.43000030517578,78287300
2014-10-22,13.275973320007324,16.399999618530273,16.700000762939453,16.3700008392334,16.59000015258789,85199800
2014-10-23,13.437881469726562,16.600000381469727,16.729999542236328,16.520000457763672,16.579999923706055,68436600
2014-10-24,13.53502082824707,16.719999313354492,16.719999313354492,16.559999465942383,16.6299991607666,41951400
2014-10-27,13.429783821105955,16.59000015258789,16.690000534057617,16.5,16.68000030517578,51500000
2014-10-28,13.59977912902832,16.799999237060547,16.799999237060547,16.610000610351562,16.6200008392334,71850800
2014-10-29,13.753585815429688,16.989999771118164,17.020000457763672,16.709999084472656,16.770000457763672,99875700
2014-10-30,13.785967826843262,17.030000686645508,17.1200008392334,16.84000015258789,16.959999084472656,72579100
2014-10-31,13.891201972961426,17.15999984741211,17.219999313354492,17.100000381469727,17.170000076293945,82788900
2014-11-03,13.980247497558594,17.270000457763672,17.350000381469727,17.100000381469727,17.18000030517578,64050700
2014-11-04,13.931678771972656,17.209999084472656,17.299999237060547,17.020000457763672,17.219999313354492,53515400
2014-11-05,14.03691577911377,17.34000015258789,17.3700008392334,17.209999084472656,17.31999969482422,58608200
2014-11-06,14.053106307983398,17.360000610351562,17.399999618530273,17.280000686645508,17.34000015258789,57339200
2014-11-07,14.053106307983398,17.360000610351562,17.3799991607666,17.219999313354492,17.309999465942383,53907800
2014-11-10,14.061202049255373,17.3700008392334,17.399999618530273,17.299999237060547,17.360000610351562,54261100
2014-11-11,14.02073097229004,17.31999969482422,17.459999084472656,17.299999237060547,17.3700008392334,62236000
2014-11-12,13.996437072753906,17.290000915527344,17.299999237060547,17.06999969482422,17.239999771118164,48669100
2014-11-13,13.939775466918944,17.219999313354492,17.299999237060547,17.1200008392334,17.290000915527344,50586300
2014-11-14,13.875017166137695,17.139999389648438,17.25,17.100000381469727,17.170000076293945,41144600
2014-11-17,13.834542274475098,17.09000015258789,17.139999389648438,16.969999313354492,17.059999465942383,43393300
2014-11-18,13.875017166137695,17.139999389648438,17.219999313354492,17.059999465942383,17.06999969482422,39490700
2014-11-19,13.810256004333496,17.059999465942383,17.149999618530273,17.010000228881836,17.149999618530273,49441600
2014-11-20,13.761678695678713,17.0,17.010000228881836,16.829999923706055,16.959999084472656,49652100
2014-11-21,13.8588285446167,17.1200008392334,17.190000534057617,17.059999465942383,17.149999618530273,63000000
2014-11-24,13.907391548156738,17.18000030517578,17.280000686645508,17.079999923706055,17.15999984741211,52785700
2014-11-25,13.842636108398438,17.100000381469727,17.260000228881836,17.079999923706055,17.229999542236328,44786300
2014-11-26,13.850729942321776,17.110000610351562,17.149999618530273,17.040000915527344,17.1200008392334,27310300
2014-11-28,13.794068336486816,17.040000915527344,17.149999618530273,17.030000686645508,17.06999969482422,27834900
2014-12-01,13.59168529510498,16.790000915527344,16.940000534057617,16.729999542236328,16.920000076293945,61173100
2014-12-02,13.883111953735352,17.149999618530273,17.149999618530273,16.860000610351562,16.8700008392334,62945200
2014-12-03,14.037364959716797,17.290000915527344,17.299999237060547,17.059999465942383,17.100000381469727,70104200
2014-12-04,13.97241497039795,17.209999084472656,17.34000015258789,17.1299991607666,17.239999771118164,49412800
2014-12-05,14.354001998901367,17.68000030517578,17.709999084472656,17.350000381469727,17.40999984741211,131824000
2014-12-08,14.337760925292969,17.65999984741211,17.8700008392334,17.510000228881836,17.65999984741211,101035100
2014-12-09,14.256573677062988,17.559999465942383,17.59000015258789,17.170000076293945,17.18000030517578,95939400
2014-12-10,14.11043930053711,17.3799991607666,17.68000030517578,17.3700008392334,17.479999542236328,103611100
2014-12-11,14.183511734008787,17.469999313354492,17.649999618530273,17.440000534057617,17.440000534057617,80173200
2014-12-12,13.907466888427734,17.1299991607666,17.469999313354492,17.1299991607666,17.469999313354492,88886700
2014-12-15,13.68014144897461,16.850000381469727,17.309999465942383,16.760000228881836,17.299999237060547,101305300
2014-12-16,13.574594497680664,16.719999313354492,17.190000534057617,16.59000015258789,16.739999771118164,96112000
2014-12-17,14.013011932373049,17.260000228881836,17.270000457763672,16.81999969482422,16.8700008392334,92164100
2014-12-18,14.232215881347656,17.530000686645508,17.530000686645508,17.34000015258789,17.469999313354492,79334000
2014-12-19,14.305285453796388,17.6200008392334,17.700000762939453,17.489999771118164,17.489999771118164,105588200
2014-12-22,14.378353118896484,17.709999084472656,17.729999542236328,17.549999237060547,17.649999618530273,70969300
2014-12-23,14.556970596313477,17.93000030517578,17.989999771118164,17.780000686645508,17.829999923706055,94405200
2014-12-24,14.59756088256836,17.979999542236328,18.100000381469727,17.920000076293945,17.969999313354492,35091300
2014-12-26,14.59756088256836,17.979999542236328,18.049999237060547,17.950000762939453,18.020000457763672,34362500
2014-12-29,14.703107833862305,18.11000061035156,18.190000534057617,17.90999984741211,17.969999313354492,58370900
2014-12-30,14.719345092773438,18.1299991607666,18.18000030517578,18.010000228881836,18.040000915527344,41433500
2014-12-31,14.52448844909668,17.889999389648438,18.209999084472656,17.889999389648438,18.190000534057617,57819600
2015-01-02,14.532612800598145,17.899999618530273,18.030000686645508,17.68000030517578,17.989999771118164,48951100
2015-01-05,14.11043930053711,17.3799991607666,17.809999465942383,17.290000915527344,17.790000915527344,105605500
2015-01-06,13.688260078430176,16.860000610351562,17.440000534057617,16.780000686645508,17.420000076293945,144912400
2015-01-07,13.753203392028809,16.940000534057617,17.18000030517578,16.8700008392334,17.139999389648438,104603800
2015-01-08,14.037364959716797,17.290000915527344,17.34000015258789,17.100000381469727,17.15999984741211,73388500
2015-01-09,13.785684585571287,16.979999542236328,17.3799991607666,16.950000762939453,17.3799991607666,84144600
2015-01-12,13.542122840881348,16.68000030517578,17.030000686645508,16.65999984741211,17.020000457763672,92762500
2015-01-13,13.355388641357422,16.450000762939453,16.889999389648438,16.31999969482422,16.81999969482422,100845400
2015-01-14,13.022521018981934,16.040000915527344,16.219999313354492,15.770000457763672,16.0,164779800
2015-01-15,12.34054183959961,15.199999809265137,15.760000228881836,15.149999618530272,15.59000015258789,193241300
2015-01-16,12.48668098449707,15.380000114440918,15.399999618530272,14.970000267028809,15.15999984741211,149802000
2015-01-20,12.38925075531006,15.260000228881836,15.630000114440918,15.199999809265137,15.59000015258789,123402800
2015-01-21,12.511038780212402,15.40999984741211,15.56999969482422,15.149999618530272,15.279999732971191,101054200
2015-01-22,13.063111305236816,16.09000015258789,16.190000534057617,15.43000030517578,15.550000190734863,183042100
2015-01-23,12.77083969116211,15.729999542236328,16.190000534057617,15.729999542236328,16.040000915527344,103376900
2015-01-26,12.86825942993164,15.850000381469728,15.93000030517578,15.699999809265137,15.720000267028809,69969300
2015-01-27,12.689647674560549,15.630000114440918,15.789999961853027,15.479999542236328,15.550000190734863,86184200
2015-01-28,12.34054183959961,15.199999809265137,15.729999542236328,15.18000030517578,15.720000267028809,105359800
2015-01-29,12.52727508544922,15.43000030517578,15.489999771118164,15.199999809265137,15.3100004196167,76095800
2015-01-30,12.29994773864746,15.149999618530272,15.470000267028809,15.149999618530272,15.229999542236328,99844600
2015-02-02,12.551630973815918,15.460000038146973,15.489999771118164,15.119999885559082,15.270000457763672,101586700
2015-02-03,12.900736808776855,15.890000343322754,15.93000030517578,15.609999656677246,15.619999885559082,105159400
2015-02-04,12.819550514221191,15.789999961853027,16.0,15.75,15.789999961853027,83848100
2015-02-05,12.965690612792969,15.970000267028809,16.09000015258789,15.899999618530272,15.979999542236328,92264700
2015-02-06,13.387864112854004,16.489999771118164,16.75,16.219999313354492,16.299999237060547,160832300
2015-02-09,13.27420139312744,16.350000381469727,16.5,16.25,16.350000381469727,95532900
2015-02-10,13.331031799316406,16.420000076293945,16.6200008392334,16.350000381469727,16.559999465942383,100322800
2015-02-11,13.282320022583008,16.360000610351562,16.450000762939453,16.209999084472656,16.329999923706055,99924400
2015-02-12,13.534001350402832,16.670000076293945,16.729999542236328,16.3700008392334,16.40999984741211,116394100
2015-02-13,13.485291481018066,16.610000610351562,16.790000915527344,16.540000915527344,16.729999542236328,93632700
2015-02-17,13.501526832580566,16.6299991607666,16.68000030517578,16.3700008392334,16.520000457763672,93350600
2015-02-18,13.233607292175291,16.299999237060547,16.559999465942383,16.239999771118164,16.549999237060547,84057400
2015-02-19,13.160539627075195,16.209999084472656,16.3799991607666,16.079999923706055,16.209999084472656,83604300
2015-02-20,13.298558235168455,16.3799991607666,16.43000030517578,16.010000228881836,16.139999389648438,89763600
2015-02-23,13.152420997619627,16.200000762939453,16.31999969482422,16.100000381469727,16.31999969482422,87623700
2015-02-24,13.298558235168455,16.3799991607666,16.549999237060547,16.25,16.270000457763672,74109600
2015-02-25,13.387864112854004,16.489999771118164,16.5,16.31999969482422,16.3700008392334,57201000
2015-02-26,13.022521018981934,16.040000915527344,16.440000534057617,15.899999618530272,16.420000076293945,161100700
2015-02-27,12.835790634155272,15.8100004196167,15.880000114440918,15.619999885559082,15.779999732971191,130448200
2015-03-02,12.99816608428955,16.010000228881836,16.030000686645508,15.720000267028809,15.789999961853027,71402400
2015-03-03,13.022521018981934,16.040000915527344,16.149999618530273,15.960000038146973,16.030000686645508,65689800
2015-03-04,12.90035915374756,15.84000015258789,15.979999542236328,15.760000228881836,15.960000038146973,78441600
2015-03-05,13.030659675598145,16.0,16.030000686645508,15.75,15.920000076293944,69510000
2015-03-06,13.209834098815918,16.219999313354492,16.6200008392334,16.0,16.0,163207200
2015-03-09,13.169113159179688,16.170000076293945,16.329999923706055,16.1200008392334,16.309999465942383,72912700
2015-03-10,12.859637260437012,15.789999961853027,16.1299991607666,15.789999961853027,16.040000915527344,85633600
2015-03-11,13.120248794555664,16.110000610351562,16.15999984741211,15.869999885559082,15.920000076293944,85910100
2015-03-12,13.103960037231444,16.09000015258789,16.209999084472656,15.899999618530272,16.049999237060547,126376300
2015-03-13,13.103960037231444,16.09000015258789,16.149999618530273,15.9399995803833,16.079999923706055,88581900
2015-03-16,13.136536598205566,16.1299991607666,16.219999313354492,15.850000381469728,16.110000610351562,63406500
2015-03-17,13.103960037231444,16.09000015258789,16.1200008392334,15.960000038146973,16.06999969482422,67315000
2015-03-18,13.014376640319824,15.979999542236328,16.100000381469727,15.90999984741211,16.010000228881836,86387600
2015-03-19,12.713038444519045,15.609999656677246,15.970000267028809,15.609999656677246,15.960000038146973,109169200
2015-03-20,12.90035915374756,15.84000015258789,15.93000030517578,15.640000343322754,15.699999809265137,99867700
2015-03-23,12.802626609802246,15.720000267028809,15.880000114440918,15.720000267028809,15.81999969482422,73773500
2015-03-24,12.713038444519045,15.609999656677246,15.800000190734863,15.609999656677246,15.729999542236328,77011000
2015-03-25,12.550156593322754,15.40999984741211,15.649999618530272,15.399999618530272,15.630000114440918,88541500
2015-03-26,12.55830192565918,15.420000076293944,15.539999961853027,15.260000228881836,15.390000343322754,76741500
2015-03-27,12.468717575073242,15.3100004196167,15.489999771118164,15.270000457763672,15.479999542236328,73140800
2015-03-30,12.639745712280272,15.520000457763672,15.609999656677246,15.399999618530272,15.420000076293944,70835300
2015-03-31,12.533868789672852,15.390000343322754,15.520000457763672,15.380000114440918,15.5,61381700
2015-04-01,12.550156593322754,15.40999984741211,15.460000038146973,15.25,15.420000076293944,73153900
2015-04-02,12.656030654907228,15.539999961853027,15.619999885559082,15.43000030517578,15.43000030517578,50443500
2015-04-06,12.631597518920898,15.510000228881836,15.600000381469728,15.34000015258789,15.390000343322754,51189500
2015-04-07,12.590880393981934,15.460000038146973,15.649999618530272,15.449999809265137,15.529999732971191,50057800
2015-04-08,12.713038444519045,15.609999656677246,15.739999771118164,15.5,15.510000228881836,71732500
2015-04-09,12.79448413848877,15.710000038146973,15.760000228881836,15.529999732971191,15.630000114440918,44935600
2015-04-10,12.802626609802246,15.720000267028809,15.789999961853027,15.600000381469728,15.6899995803833,43817700
2015-04-13,12.86778163909912,15.800000190734863,15.859999656677246,15.739999771118164,15.779999732971191,49191200
2015-04-14,12.884074211120604,15.81999969482422,15.949999809265137,15.710000038146973,15.880000114440918,84385400
2015-04-15,12.73747730255127,15.640000343322754,15.850000381469728,15.59000015258789,15.699999809265137,124479100
2015-04-16,12.859637260437012,15.789999961853027,15.9399995803833,15.579999923706056,15.640000343322754,105591000
2015-04-17,12.672323226928713,15.5600004196167,15.75,15.5,15.710000038146973,88994300
2015-04-20,12.680464744567873,15.56999969482422,15.6899995803833,15.5600004196167,15.619999885559082,53649400
2015-04-21,12.623456954956056,15.5,15.640000343322754,15.43000030517578,15.600000381469728,64033100
2015-04-22,12.818912506103516,15.739999771118164,15.829999923706056,15.489999771118164,15.550000190734863,73092800
2015-04-23,12.77819538116455,15.6899995803833,15.800000190734863,15.68000030517578,15.720000267028809,50292200
2015-04-24,12.73747730255127,15.640000343322754,15.75,15.609999656677246,15.710000038146973,40766100
2015-04-27,12.672323226928713,15.5600004196167,15.760000228881836,15.5600004196167,15.630000114440918,73523400
2015-04-28,12.74561595916748,15.649999618530272,15.710000038146973,15.5,15.579999923706056,58080100
2015-04-29,13.014376640319824,15.979999542236328,16.040000915527344,15.56999969482422,15.600000381469728,134499400
2015-04-30,12.97365379333496,15.93000030517578,16.049999237060547,15.800000190734863,16.0,78313900
2015-05-01,13.120248794555664,16.110000610351562,16.149999618530273,15.920000076293944,16.0,78171400
2015-05-04,13.389009475708008,16.440000534057617,16.450000762939453,16.1200008392334,16.139999389648438,76592300
2015-05-05,13.31570816040039,16.350000381469727,16.610000610351562,16.329999923706055,16.420000076293945,106148700
2015-05-06,13.26684284210205,16.290000915527344,16.489999771118164,16.079999923706055,16.360000610351562,96426500
2015-05-07,13.22612190246582,16.239999771118164,16.329999923706055,16.09000015258789,16.229999542236328,73794800
2015-05-08,13.397151947021484,16.450000762939453,16.459999084472656,16.219999313354492,16.31999969482422,86333700
2015-05-11,13.429729461669922,16.489999771118164,16.59000015258789,16.43000030517578,16.450000762939453,56246000
2015-05-12,13.38086223602295,16.43000030517578,16.479999542236328,16.350000381469727,16.459999084472656,59627100
2015-05-13,13.413436889648438,16.469999313354492,16.520000457763672,16.360000610351562,16.440000534057617,47330600
2015-05-14,13.4541597366333,16.520000457763672,16.59000015258789,16.450000762939453,16.530000686645508,55395700
2015-05-15,13.31570816040039,16.350000381469727,16.520000457763672,16.299999237060547,16.520000457763672,54937800
2015-05-18,13.446017265319824,16.510000228881836,16.540000915527344,16.309999465942383,16.309999465942383,51059900
2015-05-19,13.65776538848877,16.770000457763672,16.780000686645508,16.579999923706055,16.59000015258789,89115500
2015-05-20,13.633331298828123,16.739999771118164,16.850000381469727,16.6299991607666,16.780000686645508,67684000
2015-05-21,13.625182151794434,16.729999542236328,16.75,16.559999465942383,16.709999084472656,52056600
2015-05-22,13.641477584838867,16.75,16.799999237060547,16.700000762939453,16.719999313354492,47032900
2015-05-26,13.437870979309082,16.5,16.729999542236328,16.43000030517578,16.729999542236328,100048200
2015-05-27,13.633331298828123,16.739999771118164,16.75,16.540000915527344,16.559999465942383,70026700
2015-05-28,13.576322555541992,16.670000076293945,16.729999542236328,16.579999923706055,16.719999313354492,60970000
2015-05-29,13.437870979309082,16.5,16.670000076293945,16.469999313354492,16.65999984741211,74266200
2015-06-01,13.478591918945312,16.549999237060547,16.639999389648438,16.469999313354492,16.579999923706055,62941600
2015-06-02,13.617040634155272,16.719999313354492,16.760000228881836,16.5,16.520000457763672,65513200
2015-06-03,13.829424858093262,16.93000030517578,17.020000457763672,16.670000076293945,16.670000076293945,89614900
2015-06-04,13.70689868927002,16.780000686645508,16.979999542236328,16.719999313354492,16.8700008392334,61025500
2015-06-05,14.04180908203125,17.190000534057617,17.350000381469727,16.969999313354492,17.040000915527344,119087400
2015-06-08,13.951955795288086,17.079999923706055,17.329999923706055,17.049999237060547,17.270000457763672,69749600
2015-06-09,14.139830589294434,17.309999465942383,17.350000381469727,17.0,17.049999237060547,82104900
2015-06-10,14.368553161621094,17.59000015258789,17.6200008392334,17.360000610351562,17.389999389648438,102643100
2015-06-11,14.286869049072266,17.489999771118164,17.68000030517578,17.440000534057617,17.6200008392334,77191500
2015-06-12,14.286869049072266,17.489999771118164,17.579999923706055,17.360000610351562,17.450000762939453,53149400
2015-06-15,14.270535469055176,17.469999313354492,17.5,17.25,17.329999923706055,68053400
2015-06-16,14.335878372192385,17.549999237060547,17.559999465942383,17.3700008392334,17.459999084472656,47291200
2015-06-17,14.188843727111816,17.3700008392334,17.600000381469727,17.299999237060547,17.59000015258789,88712100
2015-06-18,14.197013854980469,17.3799991607666,17.399999618530273,17.219999313354492,17.350000381469727,97599900
2015-06-19,14.025471687316896,17.170000076293945,17.389999389648438,17.1200008392334,17.280000686645508,83395400
2015-06-22,14.270535469055176,17.469999313354492,17.530000686645508,17.350000381469727,17.360000610351562,58477700
2015-06-23,14.433900833129885,17.670000076293945,17.719999313354492,17.559999465942383,17.559999465942383,63865700
2015-06-24,14.286869049072266,17.489999771118164,17.690000534057617,17.450000762939453,17.530000686645508,59079500
2015-06-25,14.188843727111816,17.3700008392334,17.6200008392334,17.350000381469727,17.56999969482422,59772200
2015-06-26,14.22152042388916,17.40999984741211,17.520000457763672,17.350000381469727,17.479999542236328,63080800
2015-06-29,13.796753883361816,16.889999389648438,17.25,16.860000610351562,17.1299991607666,98604200
2015-06-30,13.902942657470703,17.020000457763672,17.1299991607666,16.850000381469727,17.079999923706055,89039800
2015-07-01,14.066313743591309,17.219999313354492,17.309999465942383,17.09000015258789,17.25,62317400
2015-07-02,13.911114692687988,17.030000686645508,17.209999084472656,16.889999389648438,17.15999984741211,64736500
2015-07-06,13.837592124938965,16.940000534057617,17.010000228881836,16.709999084472656,16.780000686645508,58726900
2015-07-07,13.633383750915527,16.690000534057617,16.93000030517578,16.34000015258789,16.899999618530273,115450500
2015-07-08,13.273961067199709,16.25,16.5,16.219999313354492,16.420000076293945,83033000
2015-07-09,13.46183967590332,16.479999542236328,16.719999313354492,16.450000762939453,16.530000686645508,81534400
2015-07-10,13.641549110412598,16.700000762939453,16.84000015258789,16.65999984741211,16.799999237060547,72965300
2015-07-13,13.902942657470703,17.020000457763672,17.049999237060547,16.899999618530273,16.969999313354492,67934300
2015-07-14,13.9927978515625,17.1299991607666,17.149999618530273,16.860000610351562,16.93000030517578,69999800
2015-07-15,14.442071914672852,17.68000030517578,17.850000381469727,17.489999771118164,17.530000686645508,173099900
2015-07-16,14.662619590759276,17.950000762939453,18.06999969482422,17.860000610351562,17.90999984741211,117054300
2015-07-17,14.785152435302734,18.100000381469727,18.15999984741211,17.889999389648438,17.959999084472656,96894900
2015-07-20,14.801493644714355,18.1200008392334,18.229999542236328,18.07999992370605,18.14999961853028,71980100
2015-07-21,14.768816947937012,18.07999992370605,18.170000076293945,18.020000457763672,18.11000061035156,63732800
2015-07-22,15.071054458618164,18.450000762939453,18.479999542236328,18.030000686645508,18.030000686645508,110327000
2015-07-23,14.850500106811523,18.18000030517578,18.43000030517578,18.07999992370605,18.38999938964844,103650100
2015-07-24,14.621779441833496,17.899999618530273,18.229999542236328,17.84000015258789,18.18000030517578,86364300
2015-07-27,14.433900833129885,17.670000076293945,17.780000686645508,17.5,17.65999984741211,93231900
2015-07-28,14.60544204711914,17.8799991607666,17.889999389648438,17.600000381469727,17.790000915527344,82166800
2015-07-29,14.834162712097168,18.15999984741211,18.200000762939453,17.920000076293945,17.950000762939453,96388600
2015-07-30,14.809659004211426,18.1299991607666,18.290000915527344,18.049999237060547,18.200000762939453,65667900
2015-07-31,14.60544204711914,17.8799991607666,18.059999465942383,17.860000610351562,18.030000686645508,67176900
2015-08-03,14.515589714050291,17.770000457763672,17.969999313354492,17.639999389648438,17.90999984741211,62376800
2015-08-04,14.540095329284668,17.799999237060547,17.93000030517578,17.709999084472656,17.790000915527344,69741500
2015-08-05,14.597277641296388,17.8700008392334,18.049999237060547,17.799999237060547,17.93000030517578,65228600
2015-08-06,14.548260688781738,17.809999465942383,17.979999542236328,17.770000457763672,17.90999984741211,47594700
2015-08-07,14.499250411987305,17.75,18.06999969482422,17.600000381469727,17.920000076293945,71020700
2015-08-10,14.736140251159668,18.040000915527344,18.049999237060547,17.860000610351562,17.8700008392334,65791200
2015-08-11,14.531927108764648,17.790000915527344,17.969999313354492,17.719999313354492,17.850000381469727,65868600
2015-08-12,14.31137752532959,17.520000457763672,17.649999618530273,17.020000457763672,17.6200008392334,141600100
2015-08-13,14.393059730529783,17.6200008392334,17.690000534057617,17.440000534057617,17.559999465942383,67456200
2015-08-14,14.458406448364258,17.700000762939453,17.700000762939453,17.540000915527344,17.56999969482422,52710300
2015-08-17,14.515589714050291,17.770000457763672,17.809999465942383,17.559999465942383,17.610000610351562,42310000
2015-08-18,14.45024299621582,17.690000534057617,17.899999618530273,17.649999618530273,17.719999313354492,50360700
2015-08-19,14.262361526489258,17.459999084472656,17.690000534057617,17.440000534057617,17.549999237060547,78540500
2015-08-20,13.657885551452637,16.719999313354492,17.200000762939453,16.719999313354492,17.190000534057617,149185400
2015-08-21,13.151432037353516,16.100000381469727,16.65999984741211,16.100000381469727,16.200000762939453,148874300
2015-08-24,12.48977756500244,15.289999961853027,15.979999542236328,14.600000381469728,15.020000457763672,214649500
2015-08-25,12.465270042419434,15.260000228881836,16.200000762939453,15.25,16.200000762939453,194377000
2015-08-26,13.118759155273438,16.059999465942383,16.059999465942383,15.34000015258789,15.8100004196167,174208500
2015-08-27,13.42916774749756,16.440000534057617,16.450000762939453,16.09000015258789,16.3799991607666,124185400
2015-08-28,13.363818168640137,16.360000610351562,16.440000534057617,16.200000762939453,16.399999618530273,75899300
2015-08-31,13.347482681274414,16.34000015258789,16.3799991607666,16.18000030517578,16.329999923706055,66695200
2015-09-01,12.726665496826172,15.579999923706056,16.049999237060547,15.460000038146973,15.949999809265137,119064000
2015-09-02,12.988903045654297,15.850000381469728,15.859999656677246,15.56999969482422,15.81999969482422,74820400
2015-09-03,13.062655448913574,15.9399995803833,16.190000534057617,15.869999885559082,15.970000267028809,77175800
2015-09-04,12.825002670288086,15.649999618530272,15.859999656677246,15.5,15.789999961853027,104539500
2015-09-08,13.242944717407228,16.15999984741211,16.15999984741211,15.899999618530272,15.960000038146973,73960200
2015-09-09,13.029878616333008,15.899999618530272,16.459999084472656,15.829999923706056,16.3700008392334,70466100
2015-09-10,13.144606590270996,16.040000915527344,16.110000610351562,15.8100004196167,15.869999885559082,71110200
2015-09-11,13.144606590270996,16.040000915527344,16.059999465942383,15.899999618530272,15.989999771118164,54287700
2015-09-14,13.079049110412598,15.960000038146973,16.06999969482422,15.899999618530272,15.970000267028809,50640900
2015-09-15,13.365866661071776,16.309999465942383,16.389999389648438,16.010000228881836,16.040000915527344,62327100
2015-09-16,13.382256507873535,16.329999923706055,16.389999389648438,16.09000015258789,16.350000381469727,83776400
2015-09-17,12.997096061706545,15.859999656677246,16.479999542236328,15.779999732971191,16.290000915527344,119088200
2015-09-18,12.751251220703123,15.5600004196167,15.710000038146973,15.5,15.68000030517578,136531200
2015-09-21,12.865981101989746,15.699999809265137,15.75,15.56999969482422,15.670000076293944,79096200
2015-09-22,12.759448051452637,15.56999969482422,15.579999923706056,15.449999809265137,15.489999771118164,92235200
2015-09-23,12.882368087768556,15.720000267028809,15.850000381469728,15.579999923706056,15.600000381469728,78117500
2015-09-24,12.743057250976562,15.550000190734863,15.619999885559082,15.399999618530272,15.539999961853027,99520100
2015-09-25,13.021683692932127,15.890000343322754,16.020000457763672,15.8100004196167,15.880000114440918,88655000
2015-09-28,12.677498817443848,15.470000267028809,15.81999969482422,15.380000114440918,15.789999961853027,91324300
2015-09-29,12.579158782958984,15.350000381469728,15.529999732971191,15.25,15.5,79829400
2015-09-30,12.767641067504885,15.579999923706056,15.600000381469728,15.31999969482422,15.550000190734863,71347100
2015-10-01,12.743057250976562,15.550000190734863,15.640000343322754,15.359999656677246,15.520000457763672,71516800
2015-10-02,12.60374355316162,15.380000114440918,15.380000114440918,14.630000114440918,15.079999923706056,181838400
2015-10-05,12.857783317565918,15.6899995803833,15.789999961853027,15.4399995803833,15.449999809265137,75315300
2015-10-06,12.857783317565918,15.6899995803833,15.81999969482422,15.56999969482422,15.68000030517578,67473700
2015-10-07,12.906952857971191,15.75,15.93000030517578,15.56999969482422,15.779999732971191,66655600
2015-10-08,12.906952857971191,15.75,15.779999732971191,15.510000228881836,15.720000267028809,79056900
2015-10-09,12.767641067504885,15.579999923706056,15.81999969482422,15.5,15.75,76667100
2015-10-12,12.718473434448242,15.520000457763672,15.619999885559082,15.43000030517578,15.600000381469728,50725800
2015-10-13,12.718473434448242,15.520000457763672,15.59000015258789,15.399999618530272,15.449999809265137,73689800
2015-10-14,12.81680965423584,15.640000343322754,15.920000076293944,15.550000190734863,15.770000457763672,122272400
2015-10-15,13.267529487609863,16.190000534057617,16.280000686645508,15.720000267028809,15.8100004196167,127028800
2015-10-16,13.210166931152344,16.1200008392334,16.290000915527344,16.030000686645508,16.290000915527344,66989500
2015-10-19,13.226554870605469,16.139999389648438,16.209999084472656,15.979999542236328,16.0,62953500
2015-10-20,13.275724411010742,16.200000762939453,16.290000915527344,16.100000381469727,16.15999984741211,50797800
2015-10-21,13.029878616333008,15.899999618530272,16.290000915527344,15.899999618530272,16.260000228881836,64440400
2015-10-22,13.242944717407228,16.15999984741211,16.200000762939453,16.0,16.0,74116600
2015-10-23,13.53796100616455,16.520000457763672,16.549999237060547,16.25,16.290000915527344,82285800
2015-10-26,13.529766082763672,16.510000228881836,16.549999237060547,16.34000015258789,16.520000457763672,67702800
2015-10-27,13.439620018005373,16.399999618530273,16.469999313354492,16.299999237060547,16.399999618530273,56159300
2015-10-28,14.160771369934082,17.280000686645508,17.309999465942383,16.450000762939453,16.450000762939453,147720100
2015-10-29,14.0050687789917,17.09000015258789,17.440000534057617,16.969999313354492,17.15999984741211,95542300
2015-10-30,13.751028060913086,16.780000686645508,17.18000030517578,16.760000228881836,17.18000030517578,87645800
2015-11-02,13.98048496246338,17.059999465942383,17.139999389648438,16.8700008392334,16.899999618530273,56948200
2015-11-03,14.07882308959961,17.18000030517578,17.260000228881836,16.989999771118164,17.010000228881836,66127100
2015-11-04,13.939515113830566,17.010000228881836,17.309999465942383,16.959999084472656,17.299999237060547,78728400
2015-11-05,14.18535614013672,17.309999465942383,17.3700008392334,17.030000686645508,17.030000686645508,85505500
2015-11-06,14.709829330444336,17.950000762939453,18.09000015258789,17.760000228881836,17.84000015258789,158037500
2015-11-09,14.488569259643556,17.68000030517578,18.07999992370605,17.559999465942383,18.030000686645508,129920700
2015-11-10,14.627882957458496,17.850000381469727,17.940000534057617,17.559999465942383,17.6299991607666,59905800
2015-11-11,14.545930862426758,17.75,17.989999771118164,17.68000030517578,17.989999771118164,59235000
2015-11-12,14.234527587890623,17.3700008392334,17.6299991607666,17.350000381469727,17.579999923706055,77850900
2015-11-13,14.095211029052734,17.200000762939453,17.309999465942383,17.09000015258789,17.1299991607666,103574900
2015-11-16,14.283696174621582,17.43000030517578,17.459999084472656,17.010000228881836,17.1299991607666,70384300
2015-11-17,14.275500297546388,17.420000076293945,17.600000381469727,17.34000015258789,17.5,70488600
2015-11-18,14.619685173034668,17.84000015258789,17.8700008392334,17.43000030517578,17.43000030517578,85708300
2015-11-19,14.49676513671875,17.690000534057617,17.850000381469727,17.6200008392334,17.780000686645508,51829700
2015-11-20,14.463985443115234,17.649999618530273,17.829999923706055,17.59000015258789,17.809999465942383,56288300
2015-11-23,14.31648063659668,17.469999313354492,17.729999542236328,17.459999084472656,17.6200008392334,50362900
2015-11-24,14.31648063659668,17.469999313354492,17.56999969482422,17.25,17.260000228881836,58724200
2015-11-25,14.291890144348145,17.440000534057617,17.56999969482422,17.40999984741211,17.510000228881836,34939000
2015-11-27,14.32466983795166,17.479999542236328,17.5,17.329999923706055,17.459999084472656,22937500
2015-11-30,14.283696174621582,17.43000030517578,17.579999923706055,17.420000076293945,17.479999542236328,61893700
2015-12-01,14.595100402832031,17.809999465942383,17.809999465942383,17.479999542236328,17.520000457763672,74351800
2015-12-02,14.48004913330078,17.6200008392334,17.889999389648438,17.549999237060547,17.8799991607666,76919000
2015-12-03,14.217074394226074,17.299999237060547,17.770000457763672,17.25,17.68000030517578,95810100
2015-12-04,14.627972602844238,17.799999237060547,17.829999923706055,17.3799991607666,17.440000534057617,103021700
2015-12-07,14.414308547973633,17.540000915527344,17.799999237060547,17.440000534057617,17.790000915527344,81633300
2015-12-08,14.126678466796877,17.190000534057617,17.459999084472656,17.1299991607666,17.389999389648438,84873500
2015-12-09,14.052716255187988,17.100000381469727,17.3799991607666,16.8700008392334,17.110000610351562,82418100
2015-12-10,14.134895324707031,17.200000762939453,17.40999984741211,16.959999084472656,17.149999618530273,68395000
2015-12-11,13.748649597167969,16.729999542236328,17.059999465942383,16.639999389648438,16.969999313354492,91503900
2015-12-14,13.806177139282228,16.799999237060547,16.889999389648438,16.5,16.760000228881836,121121200
2015-12-15,14.315690994262695,17.420000076293945,17.489999771118164,16.989999771118164,17.020000457763672,99737200
2015-12-16,14.58688259124756,17.75,17.780000686645508,17.229999542236328,17.649999618530273,171576700
2015-12-17,14.217074394226074,17.299999237060547,17.829999923706055,17.299999237060547,17.799999237060547,97265700
2015-12-18,13.773310661315918,16.760000228881836,17.270000457763672,16.760000228881836,17.190000534057617,136737800
2015-12-21,13.945882797241213,16.969999313354492,17.030000686645508,16.770000457763672,16.979999542236328,65150300
2015-12-22,14.03628158569336,17.079999923706055,17.110000610351562,16.850000381469727,17.049999237060547,56173500
2015-12-23,14.24994945526123,17.34000015258789,17.34000015258789,17.100000381469727,17.15999984741211,65770700
2015-12-24,14.192420959472656,17.270000457763672,17.3799991607666,17.219999313354492,17.31999969482422,29369400
2015-12-28,14.077372550964355,17.1299991607666,17.229999542236328,16.979999542236328,17.219999313354492,41777500
2015-12-29,14.200639724731444,17.280000686645508,17.350000381469727,17.15999984741211,17.25,45670400
2015-12-30,14.011625289916992,17.049999237060547,17.239999771118164,17.040000915527344,17.200000762939453,35066400
2015-12-31,13.83083152770996,16.829999923706055,17.06999969482422,16.829999923706055,17.010000228881836,47153000
2016-01-04,13.502113342285156,16.43000030517578,16.489999771118164,16.25,16.450000762939453,114888000
2016-01-05,13.502113342285156,16.43000030517578,16.59000015258789,16.229999542236328,16.520000457763672,66670000
2016-01-06,13.214485168457031,16.079999923706055,16.290000915527344,16.020000457763672,16.190000534057617,102760800
2016-01-07,12.73784351348877,15.5,15.899999618530272,15.4399995803833,15.729999542236328,116255900
2016-01-08,12.49130153656006,15.199999809265137,15.9399995803833,15.15999984741211,15.9399995803833,124782400
2016-01-11,12.58170223236084,15.3100004196167,15.369999885559082,14.9399995803833,15.260000228881836,104611700
2016-01-12,12.58170223236084,15.3100004196167,15.579999923706056,15.0600004196167,15.539999961853027,100023500
2016-01-13,12.244762420654297,14.899999618530272,15.520000457763672,14.850000381469728,15.470000267028809,119413000
2016-01-14,12.3187255859375,14.989999771118164,15.199999809265137,14.649999618530272,15.010000228881836,125920000
2016-01-15,11.883174896240234,14.460000038146973,14.65999984741211,14.130000114440918,14.40999984741211,172296100
2016-01-19,11.70237922668457,14.239999771118164,14.789999961853027,14.010000228881836,14.6899995803833,185727400
2016-01-20,11.25039005279541,13.6899995803833,14.0,13.270000457763672,13.789999961853027,250537600
2016-01-21,10.97920036315918,13.359999656677246,13.84000015258789,13.25,13.670000076293944,188976000
2016-01-22,11.143558502197266,13.5600004196167,13.720000267028809,13.470000267028809,13.649999618530272,169999800
2016-01-25,10.650482177734377,12.960000038146973,13.550000190734863,12.9399995803833,13.539999961853027,186419100
2016-01-26,10.93811321258545,13.3100004196167,13.350000381469728,13.039999961853027,13.06999969482422,124246900
2016-01-27,10.97920036315918,13.359999656677246,13.729999542236328,13.1899995803833,13.199999809265137,124095800
2016-01-28,11.118904113769531,13.529999732971191,13.710000038146973,13.260000228881836,13.59000015258789,110996200
2016-01-29,11.620200157165527,14.140000343322754,14.149999618530272,13.59000015258789,13.65999984741211,159984100
2016-02-01,11.472275733947754,13.960000038146973,14.09000015258789,13.800000190734863,14.050000190734863,105739400
2016-02-02,10.87236499786377,13.229999542236328,13.75,13.130000114440918,13.739999771118164,147101200
2016-02-03,10.7080078125,13.029999732971191,13.289999961853027,12.520000457763672,13.279999732971191,257664600
2016-02-04,10.888799667358398,13.25,13.59000015258789,12.890000343322754,12.890000343322754,179394400
2016-02-05,10.642257690429688,12.949999809265137,13.390000343322754,12.890000343322754,13.31999969482422,125842800
2016-02-08,10.08344268798828,12.270000457763672,12.699999809265137,12.130000114440918,12.670000076293944,221363600
2016-02-09,10.02591323852539,12.199999809265137,12.43000030517578,11.960000038146973,11.989999771118164,247349000
2016-02-10,9.84511947631836,11.979999542236328,12.539999961853027,11.90999984741211,12.420000076293944,227530000
2016-02-11,9.171245574951172,11.15999984741211,11.550000190734863,10.989999771118164,11.460000038146973,375088700
2016-02-12,9.820469856262209,11.949999809265137,12.029999732971191,11.399999618530272,11.479999542236328,245388400
2016-02-16,10.067007064819336,12.25,12.390000343322754,12.109999656677246,12.380000114440918,194306700
2016-02-17,10.32176113128662,12.5600004196167,12.6899995803833,12.470000267028809,12.56999969482422,221859400
2016-02-18,10.058785438537598,12.239999771118164,12.739999771118164,12.100000381469728,12.710000038146973,161539400
2016-02-19,9.968388557434082,12.130000114440918,12.239999771118164,11.979999542236328,12.220000267028809,121045600
2016-02-22,10.305325508117676,12.539999961853027,12.539999961853027,12.130000114440918,12.130000114440918,88865500
2016-02-23,9.993040084838867,12.15999984741211,12.479999542236328,12.100000381469728,12.470000267028809,104498700
2016-02-24,9.968388557434082,12.130000114440918,12.149999618530272,11.649999618530272,11.960000038146973,159552800
2016-02-25,10.124529838562012,12.31999969482422,12.329999923706056,12.09000015258789,12.140000343322754,103054600
2016-02-26,10.436814308166504,12.699999809265137,12.949999809265137,12.399999618530272,12.489999771118164,160314400
2016-02-29,10.288890838623049,12.520000457763672,12.859999656677246,12.510000228881836,12.699999809265137,123661100
2016-03-01,10.839492797851562,13.1899995803833,13.210000038146973,12.619999885559082,12.640000343322754,153558200
2016-03-02,11.062220573425291,13.40999984741211,13.510000228881836,13.130000114440918,13.199999809265137,139622500
2016-03-03,11.136466026306152,13.5,13.550000190734863,13.25,13.380000114440918,105082700
2016-03-04,11.169463157653809,13.539999961853027,13.890000343322754,13.489999771118164,13.760000228881836,171410900
2016-03-07,11.161212921142578,13.529999732971191,13.619999885559082,13.369999885559082,13.449999809265137,97650300
2016-03-08,10.77349853515625,13.0600004196167,13.470000267028809,13.050000190734863,13.399999618530272,125894800
2016-03-09,10.83949375152588,13.140000343322754,13.270000457763672,13.0,13.170000076293944,92253800
2016-03-10,10.946735382080078,13.270000457763672,13.399999618530272,13.0,13.229999542236328,123016200
2016-03-11,11.375692367553713,13.789999961853027,13.84000015258789,13.369999885559082,13.4399995803833,120400600
2016-03-14,11.25195598602295,13.640000343322754,13.739999771118164,13.489999771118164,13.720000267028809,87746800
2016-03-15,11.194208145141602,13.56999969482422,13.600000381469728,13.390000343322754,13.510000228881836,80404000
2016-03-16,10.979732513427734,13.3100004196167,13.8100004196167,13.09000015258789,13.510000228881836,149645400
2016-03-17,11.053969383239746,13.399999618530272,13.479999542236328,13.050000190734863,13.220000267028809,122212300
2016-03-18,11.375692367553713,13.789999961853027,13.880000114440918,13.550000190734863,13.68000030517578,146616200
2016-03-21,11.41693878173828,13.84000015258789,14.029999732971191,13.720000267028809,13.800000190734863,104695700
2016-03-22,11.350947380065918,13.760000228881836,13.84000015258789,13.630000114440918,13.670000076293944,83252100
2016-03-23,11.235455513000488,13.619999885559082,13.829999923706056,13.600000381469728,13.770000457763672,95789700
2016-03-24,11.284950256347656,13.68000030517578,13.6899995803833,13.270000457763672,13.40999984741211,94836500
2016-03-28,11.235455513000488,13.619999885559082,13.739999771118164,13.539999961853027,13.729999542236328,54498500
2016-03-29,11.070472717285156,13.420000076293944,13.539999961853027,13.260000228881836,13.539999961853027,101606800
2016-03-30,11.119965553283691,13.479999542236328,13.65999984741211,13.460000038146973,13.489999771118164,85897000
2016-03-31,11.15296459197998,13.520000457763672,13.710000038146973,13.449999809265137,13.489999771118164,79592100
2016-04-01,11.185959815979004,13.5600004196167,13.649999618530272,13.31999969482422,13.470000267028809,73130900
2016-04-04,11.144713401794434,13.510000228881836,13.649999618530272,13.40999984741211,13.539999961853027,59709600
2016-04-05,10.8807373046875,13.1899995803833,13.34000015258789,13.15999984741211,13.300000190734863,78445900
2016-04-06,10.946735382080078,13.270000457763672,13.300000190734863,13.109999656677246,13.199999809265137,62558500
2016-04-07,10.600264549255373,12.850000381469728,13.210000038146973,12.75,13.149999618530272,105704500
2016-04-08,10.625012397766112,12.880000114440918,13.140000343322754,12.859999656677246,13.029999732971191,76548100
2016-04-11,10.69925594329834,12.970000267028809,13.09000015258789,12.880000114440918,12.920000076293944,79411500
2016-04-12,10.946735382080078,13.270000457763672,13.329999923706056,12.93000030517578,13.0,100791600
2016-04-13,11.375692367553713,13.789999961853027,13.850000381469728,13.529999732971191,13.550000190734863,138647200
2016-04-14,11.66441822052002,14.140000343322754,14.279999732971191,13.699999809265137,13.710000038146973,179383300
2016-04-15,11.548927307128906,14.0,14.289999961853027,13.949999809265137,14.270000457763672,87958700
2016-04-18,11.689164161682127,14.170000076293944,14.239999771118164,13.81999969482422,13.850000381469728,81998200
2016-04-19,11.920143127441406,14.449999809265137,14.539999961853027,14.239999771118164,14.260000228881836,107153600
2016-04-20,12.316104888916016,14.93000030517578,14.9399995803833,14.529999732971191,14.5600004196167,115628700
2016-04-21,12.291358947753906,14.899999618530272,15.140000343322754,14.75,14.93000030517578,121589000
2016-04-22,12.464592933654783,15.109999656677246,15.140000343322754,14.869999885559082,14.869999885559082,83456600
2016-04-25,12.340852737426758,14.960000038146973,15.140000343322754,14.8100004196167,15.020000457763672,70489500
2016-04-26,12.448094367980955,15.09000015258789,15.140000343322754,14.800000190734863,15.020000457763672,84812400
2016-04-27,12.390350341796877,15.020000457763672,15.300000190734863,14.979999542236328,15.020000457763672,115789000
2016-04-28,12.20061492919922,14.789999961853027,15.079999923706056,14.760000228881836,14.920000076293944,78639300
2016-04-29,12.010884284973145,14.5600004196167,14.850000381469728,14.43000030517578,14.729999542236328,122128100
2016-05-02,12.18411922454834,14.770000457763672,14.779999732971191,14.399999618530272,14.579999923706056,68882800
2016-05-03,11.845902442932127,14.359999656677246,14.510000228881836,14.149999618530272,14.510000228881836,110549000
2016-05-04,11.656167030334473,14.130000114440918,14.270000457763672,14.0,14.09000015258789,99269700
2016-05-05,11.59017562866211,14.050000190734863,14.31999969482422,14.0,14.149999618530272,73145900
2016-05-06,11.639666557312012,14.109999656677246,14.140000343322754,13.800000190734863,13.829999923706056,76595100
2016-05-09,11.540675163269045,13.989999771118164,14.1899995803833,13.90999984741211,14.079999923706056,55399600
2016-05-10,11.796403884887695,14.300000190734863,14.329999923706056,14.050000190734863,14.079999923706056,59870500
2016-05-11,11.713912010192873,14.199999809265137,14.5,14.1899995803833,14.25,68088900
2016-05-12,11.66441822052002,14.140000343322754,14.470000267028809,14.050000190734863,14.300000190734863,72567100
2016-05-13,11.449939727783203,13.880000114440918,14.369999885559082,13.869999885559082,14.149999618530272,86193900
2016-05-16,11.491183280944824,13.93000030517578,14.020000457763672,13.800000190734863,13.81999969482422,57848600
2016-05-17,11.557174682617188,14.010000228881836,14.130000114440918,13.81999969482422,13.890000343322754,76273800
2016-05-18,12.118125915527344,14.6899995803833,14.75,14.010000228881836,14.020000457763672,150748500
2016-05-19,11.98613739013672,14.529999732971191,14.869999885559082,14.43000030517578,14.600000381469728,106156900
2016-05-20,11.977887153625488,14.520000457763672,14.699999809265137,14.43000030517578,14.640000343322754,81214000
2016-05-23,11.93664264678955,14.470000267028809,14.600000381469728,14.399999618530272,14.539999961853027,66303200
2016-05-24,12.10987377166748,14.68000030517578,14.75,14.529999732971191,14.600000381469728,96183700
2016-05-25,12.307855606079102,14.920000076293944,15.149999618530272,14.829999923706056,14.829999923706056,123498700
2016-05-26,12.126370429992676,14.699999809265137,14.989999771118164,14.6899995803833,14.979999542236328,65356600
2016-05-27,12.274859428405762,14.880000114440918,14.880000114440918,14.6899995803833,14.760000228881836,62411300
2016-05-31,12.20061492919922,14.789999961853027,15.050000190734863,14.729999542236328,15.029999732971191,85635900
2016-06-01,12.299945831298828,14.859999656677246,14.899999618530272,14.449999809265137,14.600000381469728,62612100
2016-06-02,12.366158485412598,14.9399995803833,14.979999542236328,14.770000457763672,14.949999809265137,64327300
2016-06-03,11.935747146606444,14.420000076293944,14.5,14.1899995803833,14.460000038146973,148600900
2016-06-06,12.01851749420166,14.520000457763672,14.699999809265137,14.369999885559082,14.4399995803833,80949300
2016-06-07,11.87780475616455,14.350000381469728,14.600000381469728,14.34000015258789,14.539999961853027,67447100
2016-06-08,11.944024085998535,14.43000030517578,14.460000038146973,14.300000190734863,14.350000381469728,58292900
2016-06-09,11.745370864868164,14.1899995803833,14.31999969482422,14.079999923706056,14.31999969482422,74814900
2016-06-10,11.447389602661133,13.829999923706056,14.0,13.75,13.979999542236328,90725700
2016-06-13,11.257013320922852,13.600000381469728,13.90999984741211,13.579999923706056,13.640000343322754,71925000
2016-06-14,10.9755859375,13.260000228881836,13.729999542236328,13.170000076293944,13.5600004196167,85377800
2016-06-15,11.041807174682615,13.34000015258789,13.65999984741211,13.279999732971191,13.380000114440918,100659100
2016-06-16,11.016977310180664,13.3100004196167,13.329999923706056,13.020000457763672,13.229999542236328,90152000
2016-06-17,11.09146785736084,13.399999618530272,13.529999732971191,13.279999732971191,13.380000114440918,89022300
2016-06-20,11.207350730895996,13.539999961853027,13.850000381469728,13.510000228881836,13.739999771118164,89874000
2016-06-21,11.273569107055664,13.619999885559082,13.649999618530272,13.449999809265137,13.619999885559082,73810800
2016-06-22,11.265289306640623,13.609999656677246,13.779999732971191,13.59000015258789,13.600000381469728,77980500
2016-06-23,11.621213912963867,14.039999961853027,14.050000190734863,13.81999969482422,13.84000015258789,82494600
2016-06-24,10.760381698608398,13.0,13.4399995803833,12.970000267028809,13.050000190734863,231499200
2016-06-27,10.08164882659912,12.18000030517578,12.770000457763672,12.050000190734863,12.770000457763672,250847700
2016-06-28,10.51206111907959,12.699999809265137,12.720000267028809,12.350000381469728,12.56999969482422,150136300
2016-06-29,10.917645454406738,13.1899995803833,13.220000267028809,12.920000076293944,13.06999969482422,118484000
2016-06-30,10.983866691589355,13.270000457763672,13.380000114440918,13.06999969482422,13.369999885559082,125773900
2016-07-01,10.84315299987793,13.100000381469728,13.270000457763672,13.020000457763672,13.1899995803833,88888100
2016-07-05,10.545171737670898,12.739999771118164,12.9399995803833,12.630000114440918,12.93000030517578,98246500
2016-07-06,10.644501686096191,12.859999656677246,12.920000076293944,12.449999809265137,12.520000457763672,94983300
2016-07-07,10.768657684326172,13.010000228881836,13.109999656677246,12.84000015258789,12.869999885559082,101100300
2016-07-08,10.901094436645508,13.170000076293944,13.31999969482422,13.109999656677246,13.279999732971191,92698900
2016-07-11,10.93420124053955,13.210000038146973,13.399999618530272,13.199999809265137,13.289999961853027,67267300
2016-07-12,11.207350730895996,13.539999961853027,13.600000381469728,13.399999618530272,13.40999984741211,89070600
2016-07-13,11.124576568603516,13.4399995803833,13.579999923706056,13.31999969482422,13.5,74595600
2016-07-14,11.298397064208984,13.649999618530272,13.779999732971191,13.640000343322754,13.729999542236328,97852100
2016-07-15,11.306680679321287,13.65999984741211,13.789999961853027,13.520000457763672,13.779999732971191,78652500
2016-07-18,11.67915153503418,14.109999656677246,14.229999542236328,13.81999969482422,13.84000015258789,187187100
2016-07-19,11.803311347961426,14.260000228881836,14.369999885559082,14.029999732971191,14.0600004196167,96940100
2016-07-20,11.919191360473633,14.399999618530272,14.43000030517578,14.260000228881836,14.350000381469728,79277900
2016-07-21,11.811591148376465,14.270000457763672,14.470000267028809,14.260000228881836,14.43000030517578,65376300
2016-07-22,11.902636528015137,14.380000114440918,14.399999618530272,14.18000030517578,14.260000228881836,46604800
2016-07-25,11.894357681274414,14.369999885559082,14.390000343322754,14.279999732971191,14.3100004196167,46420800
2016-07-26,12.0267972946167,14.529999732971191,14.550000190734863,14.3100004196167,14.31999969482422,60205600
2016-07-27,12.109566688537598,14.630000114440918,14.699999809265137,14.449999809265137,14.56999969482422,100986000
2016-07-28,12.15095329284668,14.68000030517578,14.6899995803833,14.460000038146973,14.56999969482422,72049500
2016-07-29,11.993684768676758,14.489999771118164,14.699999809265137,14.479999542236328,14.5600004196167,63276500
2016-08-01,11.861251831054688,14.329999923706056,14.600000381469728,14.260000228881836,14.520000457763672,61460900
2016-08-02,11.695707321166992,14.130000114440918,14.449999809265137,14.09000015258789,14.279999732971191,83776300
2016-08-03,11.985407829284668,14.479999542236328,14.479999542236328,14.100000381469728,14.109999656677246,65305400
2016-08-04,11.985407829284668,14.479999542236328,14.539999961853027,14.359999656677246,14.479999542236328,46176600
2016-08-05,12.457209587097168,15.050000190734863,15.0600004196167,14.75,14.75,120947800
2016-08-08,12.523428916931152,15.130000114440918,15.170000076293944,14.920000076293944,15.079999923706056,71960300
2016-08-09,12.573094367980955,15.1899995803833,15.1899995803833,15.06999969482422,15.109999656677246,49973300
2016-08-10,12.25855827331543,14.8100004196167,15.18000030517578,14.779999732971191,15.15999984741211,79080700
2016-08-11,12.316498756408691,14.880000114440918,14.970000267028809,14.75,14.829999923706056,68945400
2016-08-12,12.341330528259276,14.90999984741211,14.90999984741211,14.699999809265137,14.770000457763672,63031300
2016-08-15,12.432378768920898,15.020000457763672,15.029999732971191,14.949999809265137,14.970000267028809,48592100
2016-08-16,12.556537628173828,15.170000076293944,15.1899995803833,14.93000030517578,14.970000267028809,80307500
2016-08-17,12.539981842041016,15.149999618530272,15.239999771118164,15.079999923706056,15.15999984741211,93407300
2016-08-18,12.548258781433104,15.15999984741211,15.239999771118164,15.0600004196167,15.109999656677246,62804300
2016-08-19,12.597923278808594,15.220000267028809,15.25,15.050000190734863,15.130000114440918,59834800
2016-08-22,12.564813613891602,15.18000030517578,15.25,15.119999885559082,15.199999809265137,60877100
2016-08-23,12.705527305603027,15.350000381469728,15.40999984741211,15.260000228881836,15.260000228881836,67817900
2016-08-24,12.74691390991211,15.399999618530272,15.5,15.359999656677246,15.369999885559082,65484900
2016-08-25,12.854516983032228,15.529999732971191,15.539999961853027,15.399999618530272,15.420000076293944,67714400
2016-08-26,13.069725036621094,15.789999961853027,15.899999618530272,15.579999923706056,15.609999656677246,126886300
2016-08-29,13.11111068725586,15.84000015258789,16.010000228881836,15.779999732971191,15.8100004196167,120144900
2016-08-30,13.400812149047852,16.190000534057617,16.229999542236328,15.800000190734863,15.84000015258789,121280600
2016-08-31,13.421606063842772,16.139999389648438,16.239999771118164,15.880000114440918,16.209999084472656,127664300
2016-09-01,13.28855037689209,15.979999542236328,16.149999618530273,15.75,16.149999618530273,128812600
2016-09-02,13.30517864227295,16.0,16.059999465942383,15.81999969482422,15.9399995803833,100997300
2016-09-06,13.122237205505373,15.779999732971191,16.059999465942383,15.699999809265137,16.049999237060547,96542200
2016-09-07,13.055708885192873,15.699999809265137,15.850000381469728,15.649999618530272,15.720000267028809,63310300
2016-09-08,13.188758850097656,15.859999656677246,15.9399995803833,15.68000030517578,15.770000457763672,69292700
2016-09-09,13.08897304534912,15.739999771118164,16.149999618530273,15.739999771118164,15.90999984741211,135182500
2016-09-12,13.22202491760254,15.899999618530272,15.9399995803833,15.479999542236328,15.649999618530272,109724000
2016-09-13,13.07234001159668,15.720000267028809,15.859999656677246,15.550000190734863,15.670000076293944,89317600
2016-09-14,12.997498512268066,15.630000114440918,15.84000015258789,15.5600004196167,15.670000076293944,75528100
2016-09-15,13.03076171875,15.670000076293944,15.75,15.579999923706056,15.640000343322754,67322600
2016-09-16,12.88107681274414,15.489999771118164,15.68000030517578,15.479999542236328,15.65999984741211,90926200
2016-09-19,12.964238166809082,15.59000015258789,15.779999732971191,15.550000190734863,15.550000190734863,66186400
2016-09-20,12.972552299499512,15.600000381469728,15.760000228881836,15.510000228881836,15.739999771118164,68210400
2016-09-21,13.014129638671877,15.649999618530272,15.829999923706056,15.390000343322754,15.710000038146973,95464600
2016-09-22,12.972552299499512,15.600000381469728,15.710000038146973,15.5,15.6899995803833,75611300
2016-09-23,12.906023979187012,15.520000457763672,15.670000076293944,15.5,15.529999732971191,51604400
2016-09-26,12.54844856262207,15.09000015258789,15.4399995803833,15.020000457763672,15.399999618530272,94972100
2016-09-27,12.714762687683104,15.289999961853027,15.34000015258789,14.8100004196167,15.010000228881836,81992600
2016-09-28,12.78960418701172,15.380000114440918,15.390000343322754,15.149999618530272,15.359999656677246,66076400
2016-09-29,12.606658935546877,15.15999984741211,15.5,15.0600004196167,15.380000114440918,78997700
2016-09-30,13.014129638671877,15.649999618530272,15.729999542236328,15.170000076293944,15.260000228881836,119428700
2016-10-03,12.997498512268066,15.630000114440918,15.729999542236328,15.5,15.59000015258789,69873100
2016-10-04,13.138866424560549,15.800000190734863,16.049999237060547,15.670000076293944,15.699999809265137,98501500
2016-10-05,13.396657943725586,16.110000610351562,16.229999542236328,15.960000038146973,15.960000038146973,86056900
2016-10-06,13.488126754760742,16.219999313354492,16.229999542236328,16.040000915527344,16.170000076293945,75886700
2016-10-07,13.413283348083496,16.1299991607666,16.25,15.979999542236328,16.190000534057617,99605400
2016-10-10,13.554652214050291,16.299999237060547,16.399999618530273,16.18000030517578,16.219999313354492,64158500
2016-10-11,13.396657943725586,16.110000610351562,16.329999923706055,16.020000457763672,16.260000228881836,77374000
2016-10-12,13.330127716064451,16.030000686645508,16.239999771118164,16.010000228881836,16.09000015258789,67165800
2016-10-13,13.163814544677734,15.829999923706056,16.09000015258789,15.600000381469728,16.09000015258789,78637000
2016-10-14,13.30517864227295,16.0,16.229999542236328,15.9399995803833,16.149999618530273,108865700
2016-10-17,13.346759796142578,16.049999237060547,16.200000762939453,15.899999618530272,16.170000076293945,101795500
2016-10-18,13.52138900756836,16.260000228881836,16.270000457763672,16.110000610351562,16.190000534057617,71433100
2016-10-19,13.69601821899414,16.469999313354492,16.530000686645508,16.280000686645508,16.299999237060547,97969000
2016-10-20,13.77086067199707,16.559999465942383,16.6299991607666,16.40999984741211,16.450000762939453,88081200
2016-10-21,13.862334251403809,16.670000076293945,16.670000076293945,16.399999618530273,16.459999084472656,77954900
2016-10-24,13.94549560546875,16.770000457763672,16.799999237060547,16.610000610351562,16.75,68244800
2016-10-25,13.903915405273438,16.719999313354492,16.81999969482422,16.68000030517578,16.709999084472656,49350300
2016-10-26,14.028653144836426,16.8700008392334,16.8700008392334,16.6200008392334,16.639999389648438,58730400
2016-10-27,14.061914443969728,16.90999984741211,17.100000381469727,16.860000610351562,16.950000762939453,97937300
2016-10-28,13.870655059814451,16.68000030517578,16.979999542236328,16.5,16.950000762939453,115123600
2016-10-31,13.720969200134276,16.5,16.729999542236328,16.5,16.68000030517578,70387600
2016-11-01,13.812443733215332,16.610000610351562,16.75,16.329999923706055,16.559999465942383,88587100
2016-11-02,13.70433521270752,16.479999542236328,16.559999465942383,16.280000686645508,16.459999084472656,119202000
2016-11-03,13.70433521270752,16.479999542236328,16.670000076293945,16.450000762939453,16.479999542236328,69690400
2016-11-04,13.762545585632324,16.549999237060547,16.709999084472656,16.350000381469727,16.530000686645508,82437400
2016-11-07,14.14507007598877,17.010000228881836,17.040000915527344,16.850000381469727,16.860000610351562,91581900
2016-11-08,14.136754035949709,17.0,17.110000610351562,16.709999084472656,16.81999969482422,95842800
2016-11-09,14.943379402160645,17.969999313354492,18.049999237060547,17.399999618530273,17.65999984741211,319516900
2016-11-10,15.600327491760254,18.76000022888184,18.989999771118164,18.25,18.26000022888184,304986400
2016-11-11,15.816530227661133,19.020000457763672,19.030000686645508,18.6299991607666,18.63999938964844,212952500
2016-11-14,16.697999954223633,20.07999992370605,20.200000762939453,19.39999961853028,19.40999984741211,320959900
2016-11-15,16.7645320892334,20.15999984741211,20.18000030517578,19.600000381469727,19.790000915527344,190293100
2016-11-16,16.423583984375,19.75,19.959999084472656,19.68000030517578,19.780000686645508,126734500
2016-11-17,16.697999954223633,20.07999992370605,20.21999931335449,19.700000762939453,19.76000022888184,167979200
2016-11-18,16.63148307800293,20.0,20.13999938964844,19.8700008392334,20.059999465942383,120620200
2016-11-21,16.905895233154297,20.32999992370605,20.350000381469727,20.01000022888184,20.100000381469727,117479100
2016-11-22,16.88094711303711,20.299999237060547,20.46999931335449,20.1200008392334,20.32999992370605,104771800
2016-11-23,17.097156524658203,20.559999465942383,20.65999984741211,20.200000762939453,20.420000076293945,110801300
2016-11-25,17.34663200378418,20.86000061035156,20.8799991607666,20.5,20.6200008392334,62610400
2016-11-28,16.88094711303711,20.299999237060547,20.850000381469727,20.25,20.670000076293945,108651200
2016-11-29,16.872636795043945,20.290000915527344,20.540000915527344,20.25,20.3799991607666,114216800
2016-11-30,17.62799835205078,21.1200008392334,21.190000534057617,20.71999931335449,20.770000457763672,191699600
2016-12-01,17.945173263549805,21.5,21.940000534057617,21.34000015258789,21.420000076293945,199233900
2016-12-02,17.719816207885742,21.229999542236328,21.5,21.020000457763672,21.489999771118164,128468700
2016-12-05,18.22895812988281,21.84000015258789,21.8700008392334,21.459999084472656,21.46999931335449,130377300
2016-12-06,18.49604225158692,22.15999984741211,22.15999984741211,21.71999931335449,22.09000015258789,120789200
2016-12-07,18.838253021240234,22.56999969482422,22.56999969482422,21.950000762939453,22.190000534057617,168005200
2016-12-08,19.15542221069336,22.950000762939453,23.239999771118164,22.690000534057617,22.790000915527344,182693900
2016-12-09,19.272275924682617,23.09000015258789,23.170000076293945,22.780000686645508,22.950000762939453,130590400
2016-12-12,18.871639251708984,22.61000061035156,23.25,22.540000915527344,23.0,136986000
2016-12-13,18.871639251708984,22.61000061035156,22.8799991607666,22.290000915527344,22.799999237060547,118204100
2016-12-14,18.92171669006348,22.670000076293945,23.299999237060547,22.209999084472656,22.309999465942383,225340900
2016-12-15,19.33070182800293,23.15999984741211,23.38999938964844,22.799999237060547,22.89999961853028,162025800
2016-12-16,18.913368225097656,22.65999984741211,23.31999969482422,22.64999961853028,23.15999984741211,147497700
2016-12-19,18.76313018798828,22.479999542236328,22.71999931335449,22.32999992370605,22.600000381469727,97508900
2016-12-20,18.95510482788086,22.709999084472656,22.82999992370605,22.61000061035156,22.6299991607666,83879500
2016-12-21,18.88833236694336,22.6299991607666,22.71999931335449,22.46999931335449,22.71999931335449,61079100
2016-12-22,18.813215255737305,22.540000915527344,22.729999542236328,22.46999931335449,22.600000381469727,67123500
2016-12-23,18.8632869720459,22.600000381469727,22.64999961853028,22.43000030517578,22.51000022888184,38187800
2016-12-27,18.871639251708984,22.61000061035156,22.739999771118164,22.540000915527344,22.709999084472656,39988600
2016-12-28,18.63793563842773,22.32999992370605,22.670000076293945,22.26000022888184,22.6200008392334,52652900
2016-12-29,18.362499237060547,22.0,22.38999938964844,21.770000457763672,22.32999992370605,79188400
2016-12-30,18.44596672058105,22.100000381469727,22.26000022888184,21.950000762939453,22.020000457763672,72605900
2017-01-03,18.80487060546875,22.530000686645508,22.68000030517578,22.200000762939453,22.600000381469727,99298100
2017-01-04,19.15542221069336,22.950000762939453,22.959999084472656,22.600000381469727,22.71999931335449,76875100
2017-01-05,18.93006706237793,22.68000030517578,22.93000030517578,22.350000381469727,22.81999969482422,86826400
2017-01-06,18.93006706237793,22.68000030517578,22.850000381469727,22.559999465942383,22.780000686645508,66281500
2017-01-09,18.82156181335449,22.549999237060547,22.709999084472656,22.39999961853028,22.51000022888184,75901500
2017-01-10,19.14707946777344,22.940000534057617,23.13999938964844,22.540000915527344,22.59000015258789,100977700
2017-01-11,19.25558280944824,23.06999969482422,23.06999969482422,22.71999931335449,22.940000534057617,92385600
2017-01-12,19.13038444519043,22.920000076293945,23.1200008392334,22.61000061035156,23.01000022888184,120474200
2017-01-13,19.205507278442383,23.01000022888184,23.40999984741211,22.799999237060547,23.209999084472656,161930900
2017-01-17,18.404226303100582,22.049999237060547,22.790000915527344,22.01000022888184,22.68000030517578,152495900
2017-01-18,18.88833236694336,22.6299991607666,22.64999961853028,22.100000381469727,22.299999237060547,124366000
2017-01-19,18.80487060546875,22.530000686645508,22.809999465942383,22.40999984741211,22.729999542236328,75990800
2017-01-20,18.89667701721192,22.63999938964844,22.93000030517578,22.520000457763672,22.65999984741211,102564900
2017-01-23,18.82990455627441,22.559999465942383,22.76000022888184,22.420000076293945,22.6200008392334,61385600
2017-01-24,19.15542221069336,22.950000762939453,23.100000381469727,22.479999542236328,22.61000061035156,98508700
2017-01-25,19.505983352661133,23.3700008392334,23.420000076293945,23.100000381469727,23.31999969482422,99753300
2017-01-26,19.564403533935547,23.440000534057617,23.549999237060547,23.280000686645508,23.40999984741211,84146400
2017-01-27,19.49763298034668,23.36000061035156,23.450000762939453,23.280000686645508,23.43000030517578,54590200
2017-01-30,19.15542221069336,22.950000762939453,23.200000762939453,22.709999084472656,23.200000762939453,91561200
2017-01-31,18.89667701721192,22.63999938964844,23.030000686645508,22.5,22.770000457763672,91044300
2017-02-01,19.1053409576416,22.88999938964844,23.21999931335449,22.81999969482422,22.96999931335449,103630900
2017-02-02,18.96344947814941,22.71999931335449,22.790000915527344,22.51000022888184,22.739999771118164,88679100
2017-02-03,19.43921089172364,23.290000915527344,23.350000381469727,22.950000762939453,23.14999961853028,116035100
2017-02-06,19.29731750488281,23.1200008392334,23.3799991607666,23.06999969482422,23.14999961853028,92228400
2017-02-07,19.11369132995605,22.89999961853028,23.290000915527344,22.86000061035156,23.280000686645508,87982900
2017-02-08,18.92171669006348,22.670000076293945,22.729999542236328,22.450000762939453,22.729999542236328,102264500
2017-02-09,19.29731750488281,23.1200008392334,23.14999961853028,22.63999938964844,22.76000022888184,102634200
2017-02-10,19.26392936706543,23.07999992370605,23.239999771118164,22.959999084472656,23.190000534057617,90548300
2017-02-13,19.53102302551269,23.39999961853028,23.540000915527344,23.170000076293945,23.170000076293945,105342500
2017-02-14,20.08189392089844,24.059999465942383,24.170000076293945,23.32999992370605,23.39999961853028,139711400
2017-02-15,20.51592063903809,24.57999992370605,24.770000457763672,24.11000061035156,24.34000015258789,151233300
2017-02-16,20.51592063903809,24.57999992370605,24.6200008392334,24.299999237060547,24.540000915527344,98144500
2017-02-17,20.46584129333496,24.520000457763672,24.57999992370605,24.200000762939453,24.280000686645508,85789200
2017-02-21,20.68285369873047,24.780000686645508,24.799999237060547,24.57999992370605,24.59000015258789,78571500
2017-02-22,20.691198348999023,24.790000915527344,24.950000762939453,24.540000915527344,24.61000061035156,81531900
2017-02-23,20.51592063903809,24.57999992370605,24.88999938964844,24.51000022888184,24.790000915527344,85846000
2017-02-24,20.223791122436523,24.229999542236328,24.350000381469727,24.020000457763672,24.1200008392334,97074400
2017-02-27,20.507566452026367,24.56999969482422,24.65999984741211,24.190000534057617,24.200000762939453,69129100
2017-02-28,20.59938621520996,24.68000030517578,24.700000762939453,24.420000076293945,24.479999542236328,90242000
2017-03-01,21.34868621826172,25.5,25.61000061035156,25.21999931335449,25.3700008392334,143947500
2017-03-02,21.12263870239257,25.229999542236328,25.799999237060547,25.200000762939453,25.68000030517578,99824600
2017-03-03,21.298450469970703,25.440000534057617,25.64999961853028,25.299999237060547,25.299999237060547,92456100
2017-03-06,21.13938331604004,25.25,25.350000381469727,25.07999992370605,25.32999992370605,75660400
2017-03-07,21.10589408874512,25.209999084472656,25.36000061035156,25.100000381469727,25.21999931335449,64053700
2017-03-08,21.147754669189453,25.26000022888184,25.770000457763672,25.21999931335449,25.600000381469727,105314600
2017-03-09,21.22310447692871,25.350000381469727,25.530000686645508,25.229999542236328,25.350000381469727,78984600
2017-03-10,21.18961334228516,25.309999465942383,25.6200008392334,25.09000015258789,25.6200008392334,86998800
2017-03-13,21.181236267089844,25.299999237060547,25.40999984741211,25.1299991607666,25.299999237060547,56886200
2017-03-14,21.197986602783203,25.31999969482422,25.34000015258789,25.049999237060547,25.190000534057617,63182700
2017-03-15,21.080781936645508,25.18000030517578,25.549999237060547,24.959999084472656,25.38999938964844,114662700
2017-03-16,21.114267349243164,25.21999931335449,25.489999771118164,25.190000534057617,25.239999771118164,70306200
2017-03-17,20.81287384033203,24.86000061035156,25.270000457763672,24.82999992370605,25.21999931335449,105222400
2017-03-20,20.46124267578125,24.440000534057617,24.76000022888184,24.420000076293945,24.57999992370605,87287500
2017-03-21,19.272417068481445,23.020000457763672,24.559999465942383,22.950000762939453,24.5,259545800
2017-03-22,19.2054443359375,22.940000534057617,23.18000030517578,22.450000762939453,22.64999961853028,167984400
2017-03-23,19.31427764892578,23.06999969482422,23.489999771118164,22.90999984741211,23.040000915527344,111666800
2017-03-24,19.35613822937012,23.1200008392334,23.350000381469727,22.76000022888184,23.200000762939453,113499100
2017-03-27,19.28078842163086,23.030000686645508,23.049999237060547,22.15999984741211,22.280000686645508,119513500
2017-03-28,19.65753173828125,23.479999542236328,23.670000076293945,23.0,23.01000022888184,95761700
2017-03-29,19.548696517944336,23.350000381469727,23.64999961853028,23.309999465942383,23.51000022888184,67204500
2017-03-30,19.984039306640625,23.8700008392334,23.979999542236328,23.32999992370605,23.3799991607666,79189200
2017-03-31,19.74962615966797,23.59000015258789,23.96999931335449,23.59000015258789,23.82999992370605,77158300
2017-04-03,19.74962615966797,23.59000015258789,23.75,23.07999992370605,23.64999961853028,88076600
2017-04-04,19.62404060363769,23.440000534057617,23.51000022888184,23.200000762939453,23.200000762939453,75244400
2017-04-05,19.39799690246582,23.170000076293945,23.8799991607666,23.14999961853028,23.770000457763672,97453300
2017-04-06,19.473344802856445,23.26000022888184,23.459999084472656,22.959999084472656,23.170000076293945,82975200
2017-04-07,19.389623641967773,23.15999984741211,23.34000015258789,22.93000030517578,23.030000686645508,79519400
2017-04-10,19.272417068481445,23.020000457763672,23.280000686645508,22.90999984741211,23.1299991607666,63254700
2017-04-11,19.188695907592773,22.920000076293945,22.950000762939453,22.57999992370605,22.82999992370605,94206700
2017-04-12,18.96265411376953,22.64999961853028,22.940000534057617,22.61000061035156,22.8799991607666,76556300
2017-04-13,18.70311737060547,22.34000015258789,22.959999084472656,22.34000015258789,22.559999465942383,88061800
2017-04-17,19.09660720825196,22.809999465942383,22.82999992370605,22.26000022888184,22.36000061035156,85053200
2017-04-18,19.012882232666016,22.709999084472656,23.14999961853028,22.3799991607666,23.11000061035156,146488400
2017-04-19,19.03800201416016,22.739999771118164,23.14999961853028,22.68000030517578,22.920000076293945,101771800
2017-04-20,19.31427764892578,23.06999969482422,23.170000076293945,22.81999969482422,22.959999084472656,103802600
2017-04-21,19.012882232666016,22.709999084472656,23.07999992370605,22.59000015258789,23.030000686645508,127235400
2017-04-24,19.78311347961425,23.6299991607666,23.850000381469727,23.239999771118164,23.239999771118164,138638900
2017-04-25,20.07612991333008,23.979999542236328,24.350000381469727,23.90999984741211,23.989999771118164,131531100
2017-04-26,20.00078392028809,23.88999938964844,24.190000534057617,23.86000061035156,24.0,95172200
2017-04-27,19.79985237121582,23.64999961853028,23.93000030517578,23.459999084472656,23.89999961853028,80024200
2017-04-28,19.54032516479492,23.34000015258789,23.71999931335449,23.31999969482422,23.56999969482422,69384900
2017-05-01,19.766366958618164,23.61000061035156,23.770000457763672,23.350000381469727,23.520000457763672,72382900
2017-05-02,19.699392318725582,23.530000686645508,23.670000076293945,23.32999992370605,23.61000061035156,60262600
2017-05-03,19.90032386779785,23.770000457763672,23.780000686645508,23.34000015258789,23.3700008392334,64272800
2017-05-04,19.967294692993164,23.850000381469727,24.049999237060547,23.729999542236328,23.979999542236328,68133400
2017-05-05,19.87519645690918,23.739999771118164,23.989999771118164,23.600000381469727,23.979999542236328,56678800
2017-05-08,20.05938720703125,23.959999084472656,24.059999465942383,23.75,23.75,56016500
2017-05-09,20.07612991333008,23.979999542236328,24.309999465942383,23.8700008392334,24.030000686645508,61622000
2017-05-10,20.21845817565918,24.14999961853028,24.170000076293945,23.8700008392334,23.90999984741211,48495300
2017-05-11,20.151477813720703,24.06999969482422,24.229999542236328,23.84000015258789,24.100000381469727,68350800
2017-05-12,20.09287452697754,24.0,24.0,23.75,23.920000076293945,62589000
2017-05-15,20.14310646057129,24.059999465942383,24.13999938964844,23.979999542236328,24.059999465942383,50688800
2017-05-16,20.084503173828125,23.989999771118164,24.170000076293945,23.940000534057617,24.06999969482422,55774800
2017-05-17,18.89567375183105,22.56999969482422,23.450000762939453,22.459999084472656,23.3700008392334,190353300
2017-05-18,19.03800201416016,22.739999771118164,23.0,22.5,22.61000061035156,108444100
2017-05-19,19.297536849975582,23.049999237060547,23.299999237060547,22.8700008392334,22.90999984741211,89566700
2017-05-22,19.289161682128903,23.040000915527344,23.239999771118164,22.81999969482422,23.190000534057617,74839400
2017-05-23,19.582178115844727,23.38999938964844,23.5,22.84000015258789,23.030000686645508,79020000
2017-05-24,19.55706596374512,23.36000061035156,23.46999931335449,23.21999931335449,23.440000534057617,58823200
2017-05-25,19.464975357055664,23.25,23.57999992370605,23.21999931335449,23.40999984741211,60443500
2017-05-26,19.45660400390625,23.239999771118164,23.420000076293945,23.170000076293945,23.229999542236328,50399500
2017-05-30,19.18032455444336,22.90999984741211,23.209999084472656,22.8799991607666,23.1299991607666,61307900
2017-05-31,18.82334327697754,22.40999984741211,22.799999237060547,22.09000015258789,22.780000686645508,138636300
2017-06-01,19.008132934570312,22.6299991607666,22.63999938964844,22.299999237060547,22.479999542236328,69725100
2017-06-02,18.8569450378418,22.450000762939453,22.59000015258789,22.15999984741211,22.270000457763672,79722300
2017-06-05,18.82334327697754,22.40999984741211,22.700000762939453,22.38999938964844,22.440000534057617,51590300
2017-06-06,18.672155380249023,22.229999542236328,22.40999984741211,22.06999969482422,22.200000762939453,71735600
2017-06-07,18.982929229736328,22.600000381469727,22.6200008392334,22.270000457763672,22.299999237060547,66429700
2017-06-08,19.293716430664062,22.96999931335449,23.209999084472656,22.600000381469727,22.6200008392334,93685900
2017-06-09,19.88168716430664,23.670000076293945,23.670000076293945,23.209999084472656,23.21999931335449,108254300
2017-06-12,19.974082946777344,23.780000686645508,24.040000915527344,23.729999542236328,23.81999969482422,85829900
2017-06-13,19.96568489074707,23.770000457763672,24.11000061035156,23.65999984741211,23.950000762939453,68047300
2017-06-14,19.95728302001953,23.76000022888184,23.809999465942383,23.200000762939453,23.549999237060547,102352400
2017-06-15,19.77248954772949,23.540000915527344,23.950000762939453,23.46999931335449,23.549999237060547,69707500
2017-06-16,19.680095672607425,23.43000030517578,23.6200008392334,23.3700008392334,23.559999465942383,57745800
2017-06-19,20.083276748657227,23.90999984741211,24.0,23.600000381469727,23.61000061035156,58587800
2017-06-20,19.73049736022949,23.489999771118164,23.989999771118164,23.479999542236328,23.90999984741211,59693500
2017-06-21,19.428112030029297,23.1299991607666,23.56999969482422,23.06999969482422,23.5,72432800
2017-06-22,19.260120391845703,22.93000030517578,23.200000762939453,22.89999961853028,23.1200008392334,64763300
2017-06-23,19.167724609375,22.81999969482422,23.11000061035156,22.739999771118164,23.11000061035156,85399600
2017-06-26,19.226518630981445,22.88999938964844,23.13999938964844,22.729999542236328,22.90999984741211,61307800
2017-06-27,19.54570770263672,23.270000457763672,23.600000381469727,23.0,23.100000381469727,88257800
2017-06-28,20.058074951171875,23.8799991607666,23.959999084472656,23.530000686645508,23.530000686645508,119049300
2017-06-29,20.42765998840332,24.31999969482422,24.670000076293945,24.040000915527344,24.57999992370605,150501200
2017-06-30,20.37725830078125,24.26000022888184,24.6200008392334,24.170000076293945,24.6200008392334,84005200
2017-07-03,20.730039596557617,24.68000030517578,24.90999984741211,24.440000534057617,24.459999084472656,58129700
2017-07-05,20.93162727355957,24.920000076293945,24.950000762939453,24.6200008392334,24.799999237060547,76172500
2017-07-06,20.75523567199707,24.709999084472656,25.11000061035156,24.690000534057617,24.89999961853028,84465400
2017-07-07,20.85603141784668,24.82999992370605,25.0,24.64999961853028,24.920000076293945,54478800
2017-07-10,20.90643310546875,24.88999938964844,24.989999771118164,24.63999938964844,24.71999931335449,54632800
2017-07-11,20.662841796875,24.600000381469727,24.90999984741211,24.459999084472656,24.8799991607666,69410600
2017-07-12,20.452852249145508,24.350000381469727,24.600000381469727,24.299999237060547,24.420000076293945,68708700
2017-07-13,20.67963981628418,24.6200008392334,24.6299991607666,24.3700008392334,24.43000030517578,55533400
2017-07-14,20.335262298583984,24.209999084472656,24.31999969482422,23.81999969482422,24.200000762939453,92625400
2017-07-17,20.17567443847656,24.020000457763672,24.21999931335449,23.93000030517578,24.21999931335449,81522000
2017-07-18,20.07487678527832,23.89999961853028,24.059999465942383,23.61000061035156,23.90999984741211,107981400
2017-07-19,20.209264755249023,24.059999465942383,24.200000762939453,23.809999465942383,24.049999237060547,74140100
2017-07-20,20.108474731445312,23.940000534057617,24.1200008392334,23.82999992370605,24.020000457763672,62793500
2017-07-21,19.99087905883789,23.799999237060547,23.959999084472656,23.65999984741211,23.84000015258789,65922500
2017-07-24,20.083276748657227,23.90999984741211,24.030000686645508,23.729999542236328,23.739999771118164,51382700
2017-07-25,20.562049865722656,24.479999542236328,24.670000076293945,24.239999771118164,24.25,86154700
2017-07-26,20.335262298583984,24.209999084472656,24.670000076293945,24.13999938964844,24.670000076293945,65704700
2017-07-27,20.25126838684082,24.11000061035156,24.450000762939453,24.030000686645508,24.26000022888184,62902100
2017-07-28,20.18407249450684,24.030000686645508,24.209999084472656,23.959999084472656,24.049999237060547,50143400
2017-07-31,20.259666442871094,24.1200008392334,24.299999237060547,24.09000015258789,24.1200008392334,62272000
2017-08-01,20.536853790283203,24.450000762939453,24.489999771118164,24.270000457763672,24.290000915527344,52782500
2017-08-02,20.65444564819336,24.59000015258789,24.59000015258789,24.26000022888184,24.440000534057617,55317100
2017-08-03,20.469655990600582,24.3700008392334,24.600000381469727,24.31999969482422,24.549999237060547,53210600
2017-08-04,20.973621368408203,24.96999931335449,25.07999992370605,24.64999961853028,24.68000030517578,105206600
2017-08-07,20.96522521972656,24.959999084472656,25.049999237060547,24.89999961853028,25.01000022888184,41860900
2017-08-08,20.914831161499023,24.89999961853028,25.350000381469727,24.81999969482422,24.950000762939453,73399300
2017-08-09,20.78043556213379,24.739999771118164,24.770000457763672,24.459999084472656,24.600000381469727,56910400
2017-08-10,20.259666442871094,24.1200008392334,24.57999992370605,24.09000015258789,24.57999992370605,78023700
2017-08-11,20.04127693176269,23.86000061035156,24.239999771118164,23.799999237060547,24.06999969482422,68157400
2017-08-14,20.51165008544922,24.420000076293945,24.489999771118164,24.170000076293945,24.229999542236328,54989500
2017-08-15,20.553646087646484,24.46999931335449,24.850000381469727,24.450000762939453,24.75,45143200
2017-08-16,20.318464279174805,24.190000534057617,24.6200008392334,24.07999992370605,24.540000915527344,59188900
2017-08-17,19.856483459472656,23.63999938964844,24.170000076293945,23.6200008392334,24.06999969482422,78969300
2017-08-18,19.839689254760746,23.6200008392334,23.89999961853028,23.450000762939453,23.559999465942383,60461200
2017-08-21,19.638097763061523,23.3799991607666,23.63999938964844,23.13999938964844,23.57999992370605,70124800
2017-08-22,20.01608085632324,23.82999992370605,23.88999938964844,23.56999969482422,23.600000381469727,59228600
2017-08-23,19.95728302001953,23.76000022888184,23.96999931335449,23.59000015258789,23.61000061035156,39825500
2017-08-24,20.024477005004883,23.84000015258789,23.940000534057617,23.68000030517578,23.93000030517578,39178700
2017-08-25,19.96568489074707,23.770000457763672,24.06999969482422,23.75,23.88999938964844,43511900
2017-08-28,19.92368125915528,23.71999931335449,23.89999961853028,23.56999969482422,23.84000015258789,37155000
2017-08-29,19.806093215942383,23.57999992370605,23.700000762939453,23.1200008392334,23.21999931335449,60897200
2017-08-30,20.152233123779297,23.8700008392334,24.040000915527344,23.559999465942383,23.729999542236328,58412900
2017-08-31,20.16911506652832,23.88999938964844,24.040000915527344,23.780000686645508,24.030000686645508,62362400
2017-09-01,20.33796119689941,24.09000015258789,24.18000030517578,23.799999237060547,23.89999961853028,56233900
2017-09-05,19.67945098876953,23.309999465942383,23.82999992370605,23.229999542236328,23.82999992370605,108605400
2017-09-06,19.76388359069824,23.40999984741211,23.57999992370605,23.209999084472656,23.489999771118164,64188900
2017-09-07,19.39240837097168,22.96999931335449,23.40999984741211,22.75,23.3799991607666,103501200
2017-09-08,19.324865341186523,22.88999938964844,23.229999542236328,22.850000381469727,22.93000030517578,68365000
2017-09-11,19.721664428710938,23.36000061035156,23.40999984741211,23.07999992370605,23.21999931335449,73741000
2017-09-12,20.21976852416992,23.950000762939453,24.030000686645508,23.450000762939453,23.459999084472656,99658500
2017-09-13,20.540584564208984,24.32999992370605,24.350000381469727,23.8700008392334,23.920000076293945,86339800
2017-09-14,20.464603424072266,24.239999771118164,24.540000915527344,24.200000762939453,24.3799991607666,70051000
2017-09-15,20.582801818847656,24.3799991607666,24.40999984741211,24.14999961853028,24.209999084472656,85937600
2017-09-18,20.852962493896484,24.700000762939453,24.770000457763672,24.40999984741211,24.420000076293945,68076400
2017-09-19,20.988037109375,24.86000061035156,24.989999771118164,24.6200008392334,24.700000762939453,56218100
2017-09-20,21.156888961791992,25.059999465942383,25.239999771118164,24.670000076293945,24.8799991607666,82289900
2017-09-21,21.241315841674805,25.15999984741211,25.280000686645508,24.920000076293945,25.049999237060547,57864000
2017-09-22,21.12311363220215,25.020000457763672,25.06999969482422,24.850000381469727,25.01000022888184,61446000
2017-09-25,20.903614044189453,24.76000022888184,25.07999992370605,24.57999992370605,24.940000534057617,62361700
2017-09-26,20.94582748413086,24.809999465942383,24.959999084472656,24.690000534057617,24.82999992370605,53012700
2017-09-27,21.452377319335938,25.40999984741211,25.63999938964844,25.18000030517578,25.309999465942383,92877400
2017-09-28,21.486146926879883,25.450000762939453,25.63999938964844,25.34000015258789,25.59000015258789,64991400
2017-09-29,21.393281936645508,25.34000015258789,25.479999542236328,25.309999465942383,25.40999984741211,66232600
2017-10-02,21.62967109680176,25.6200008392334,25.64999961853028,25.38999938964844,25.459999084472656,54001400
2017-10-03,21.83229255676269,25.86000061035156,25.93000030517578,25.6200008392334,25.75,55946900
2017-10-04,21.705644607543945,25.709999084472656,25.950000762939453,25.700000762939453,25.86000061035156,53402800
2017-10-05,22.06024169921875,26.1299991607666,26.229999542236328,25.65999984741211,25.770000457763672,62636900
2017-10-06,22.12777328491211,26.209999084472656,26.299999237060547,26.040000915527344,26.25,53900600
2017-10-09,21.823848724365234,25.850000381469727,26.270000457763672,25.76000022888184,26.26000022888184,55172500
2017-10-10,21.891387939453125,25.93000030517578,25.950000762939453,25.709999084472656,25.82999992370605,46133800
2017-10-11,21.806961059570312,25.82999992370605,25.93000030517578,25.64999961853028,25.93000030517578,51652300
2017-10-12,21.486146926879883,25.450000762939453,25.93000030517578,25.34000015258789,25.8700008392334,71770000
2017-10-13,21.806961059570312,25.82999992370605,26.0,25.1200008392334,25.3799991607666,104196900
2017-10-16,22.15310478210449,26.239999771118164,26.32999992370605,25.8700008392334,25.8700008392334,71927200
2017-10-17,22.11933135986328,26.200000762939453,26.43000030517578,26.11000061035156,26.3700008392334,48644400
2017-10-18,22.3557243347168,26.479999542236328,26.549999237060547,26.32999992370605,26.34000015258789,55382500
2017-10-19,22.44014549255371,26.57999992370605,26.59000015258789,26.14999961853028,26.200000762939453,54542700
2017-10-20,22.9382553100586,27.170000076293945,27.18000030517578,26.89999961853028,27.040000915527344,83764700
2017-10-23,22.9298152923584,27.15999984741211,27.43000030517578,27.09000015258789,27.21999931335449,69607700
2017-10-24,23.36882209777832,27.68000030517578,27.84000015258789,27.34000015258789,27.350000381469727,90346500
2017-10-25,23.32661247253418,27.6299991607666,27.920000076293945,27.34000015258789,27.88999938964844,81265300
2017-10-26,23.419479370117188,27.739999771118164,27.979999542236328,27.68000030517578,27.690000534057617,55342500
2017-10-27,23.47013282775879,27.799999237060547,27.959999084472656,27.6200008392334,27.68000030517578,58856700
2017-10-30,23.301284790039062,27.600000381469727,27.76000022888184,27.459999084472656,27.64999961853028,51357600
2017-10-31,23.12399101257324,27.38999938964844,27.71999931335449,27.34000015258789,27.63999938964844,50311200
2017-11-01,23.24218940734864,27.530000686645508,27.729999542236328,27.36000061035156,27.63999938964844,46527700
2017-11-02,23.52923393249512,27.8700008392334,27.940000534057617,27.280000686645508,27.51000022888184,59692000
2017-11-03,23.48701858520508,27.81999969482422,27.81999969482422,27.6200008392334,27.729999542236328,37816100
2017-11-06,23.427919387817383,27.75,27.81999969482422,27.6200008392334,27.739999771118164,37261000
2017-11-07,22.946701049804688,27.18000030517578,27.770000457763672,27.020000457763672,27.739999771118164,68342100
2017-11-08,22.617441177368164,26.790000915527344,26.959999084472656,26.489999771118164,26.959999084472656,83128200
2017-11-09,22.364164352416992,26.489999771118164,26.65999984741211,26.1200008392334,26.489999771118164,95448600
2017-11-10,22.38105010986328,26.51000022888184,26.739999771118164,26.459999084472656,26.59000015258789,61105300
2017-11-13,22.28818321228028,26.39999961853028,26.479999542236328,26.13999938964844,26.26000022888184,55902200
2017-11-14,22.15310478210449,26.239999771118164,26.350000381469727,26.07999992370605,26.26000022888184,61596800
2017-11-15,22.617441177368164,26.790000915527344,26.93000030517578,25.809999465942383,25.989999771118164,98274900
2017-11-16,22.592113494873047,26.76000022888184,27.049999237060547,26.739999771118164,26.90999984741211,54565200
2017-11-17,22.473920822143555,26.6200008392334,26.729999542236328,26.440000534057617,26.51000022888184,48420700
2017-11-20,22.57523727416992,26.739999771118164,26.84000015258789,26.540000915527344,26.739999771118164,46328800
2017-11-21,22.566783905029297,26.729999542236328,26.86000061035156,26.690000534057617,26.799999237060547,57749100
2017-11-22,22.507688522338867,26.65999984741211,26.89999961853028,26.59000015258789,26.770000457763672,38103200
2017-11-24,22.44858932495117,26.59000015258789,26.739999771118164,26.56999969482422,26.71999931335449,14273600
2017-11-27,22.44858932495117,26.59000015258789,26.920000076293945,26.51000022888184,26.520000457763672,44828600
2017-11-28,23.335050582885746,27.63999938964844,27.700000762939453,26.56999969482422,26.6200008392334,99765000
2017-11-29,23.875377655029297,28.280000686645508,28.489999771118164,27.84000015258789,28.020000457763672,119728400
2017-11-30,23.883852005004883,28.170000076293945,28.71999931335449,28.07999992370605,28.6200008392334,122131900
2017-12-01,23.82450485229492,28.100000381469727,28.51000022888184,27.5,28.25,137774800
2017-12-04,24.638437271118164,29.059999465942383,29.309999465942383,28.81999969482422,28.850000381469727,145661700
2017-12-05,24.528217315673828,28.93000030517578,29.299999237060547,28.850000381469727,29.100000381469727,91349800
2017-12-06,24.282337188720703,28.63999938964844,28.96999931335449,28.56999969482422,28.729999542236328,74593800
2017-12-07,24.40103340148925,28.780000686645508,28.96999931335449,28.3700008392334,28.88999938964844,80706100
2017-12-08,24.62995147705078,29.049999237060547,29.09000015258789,28.76000022888184,29.020000457763672,60991300
2017-12-11,24.53669166564941,28.940000534057617,29.170000076293945,28.89999961853028,29.030000686645508,54001900
2017-12-12,24.858875274658203,29.31999969482422,29.5,28.90999984741211,29.31999969482422,76017200
2017-12-13,24.451908111572266,28.84000015258789,29.440000534057617,28.82999992370605,29.309999465942383,79980600
2017-12-14,24.358642578125,28.729999542236328,29.18000030517578,28.709999084472656,29.059999465942383,60615800
2017-12-15,24.621479034423828,29.040000915527344,29.18000030517578,28.739999771118164,28.90999984741211,129859400
2017-12-18,24.994531631469727,29.479999542236328,29.5,29.270000457763672,29.290000915527344,70548600
2017-12-19,24.96909523010254,29.450000762939453,29.63999938964844,29.3700008392334,29.600000381469727,67984100
2017-12-20,24.994531631469727,29.479999542236328,29.84000015258789,29.450000762939453,29.76000022888184,81271200
2017-12-21,25.28280639648437,29.81999969482422,29.979999542236328,29.57999992370605,29.59000015258789,72953200
2017-12-22,25.333669662475582,29.8799991607666,30.030000686645508,29.6200008392334,29.979999542236328,54203000
2017-12-26,25.24888038635254,29.780000686645508,29.940000534057617,29.57999992370605,29.739999771118164,42371200
2017-12-27,25.206493377685547,29.729999542236328,29.729999542236328,29.600000381469727,29.65999984741211,35111800
2017-12-28,25.265840530395508,29.799999237060547,29.81999969482422,29.65999984741211,29.729999542236328,37914900
2017-12-29,25.02844619750977,29.520000457763672,29.8799991607666,29.520000457763672,29.850000381469727,40672000
2018-01-02,25.35062599182129,29.89999961853028,29.89999961853028,29.61000061035156,29.75,57121600
2018-01-03,25.265840530395508,29.799999237060547,29.940000534057617,29.690000534057617,29.89999961853028,57865700
2018-01-04,25.596498489379883,30.190000534057617,30.440000534057617,29.8799991607666,29.96999931335449,76512500
2018-01-05,25.71519660949707,30.32999992370605,30.420000076293945,30.049999237060547,30.3700008392334,56445200
2018-01-08,25.537155151367188,30.1200008392334,30.270000457763672,30.049999237060547,30.229999542236328,42914800
2018-01-09,25.664325714111328,30.270000457763672,30.540000915527344,30.1299991607666,30.200000762939453,69479100
2018-01-10,25.901731491088867,30.549999237060547,30.729999542236328,30.309999465942383,30.3700008392334,63532800
2018-01-11,25.9949893951416,30.65999984741211,30.690000534057617,30.450000762939453,30.65999984741211,59318300
2018-01-12,26.44434356689453,31.190000534057617,31.200000762939453,30.770000457763672,30.8799991607666,66371600
2018-01-16,26.48673820495605,31.239999771118164,31.790000915527344,31.030000686645508,31.739999771118164,104467900
2018-01-17,26.435869216918945,31.18000030517578,31.290000915527344,30.34000015258789,31.0,124382900
2018-01-18,26.690221786499023,31.479999542236328,31.709999084472656,31.209999084472656,31.32999992370605,76463800
2018-01-19,26.89370346069336,31.71999931335449,31.739999771118164,31.459999084472656,31.57999992370605,66491000
2018-01-22,27.08023452758789,31.940000534057617,31.940000534057617,31.57999992370605,31.670000076293945,53848800
2018-01-23,27.063276290893555,31.920000076293945,32.130001068115234,31.790000915527344,31.86000061035156,56531400
2018-01-24,27.20741081237793,32.09000015258789,32.209999084472656,31.81999969482422,32.0099983215332,81585000
2018-01-25,27.20741081237793,32.09000015258789,32.25,31.93000030517578,32.2400016784668,62265800
2018-01-26,27.300670623779297,32.20000076293945,32.20000076293945,31.950000762939453,32.11000061035156,52699900
2018-01-29,27.36850357055664,32.279998779296875,32.45000076293945,32.18000030517578,32.25,59126500
2018-01-30,27.029359817504883,31.8799991607666,32.20000076293945,31.850000381469727,31.950000762939453,60555800
2018-01-31,27.13109970092773,32.0,32.290000915527344,31.950000762939453,32.04999923706055,65734100
2018-02-01,27.555021286010746,32.5,32.5,31.959999084472656,32.0,62367400
2018-02-02,27.08871459960937,31.950000762939453,32.66999816894531,31.86000061035156,32.439998626708984,96971900
2018-02-05,25.65585327148437,30.26000022888184,31.979999542236328,29.14999961853028,31.1200008392334,155908300
2018-02-06,26.45282554626465,31.200000762939453,31.290000915527344,29.299999237060547,29.40999984741211,165878400
2018-02-07,26.49522399902344,31.25,31.739999771118164,30.86000061035156,31.1200008392334,101180500
2018-02-08,25.2149715423584,29.739999771118164,31.3799991607666,29.729999542236328,31.309999465942383,128981300
2018-02-09,25.71519660949707,30.32999992370605,30.61000061035156,29.1299991607666,30.170000076293945,143071100
2018-02-12,26.384998321533203,31.1200008392334,31.440000534057617,30.540000915527344,30.6200008392334,95055100
2018-02-13,26.435869216918945,31.18000030517578,31.39999961853028,30.76000022888184,31.040000915527344,76727300
2018-02-14,27.13109970092773,32.0,32.029998779296875,31.059999465942383,31.170000076293945,97251500
2018-02-15,27.30914688110352,32.209999084472656,32.470001220703125,31.8700008392334,32.38999938964844,68117400
2018-02-16,27.105669021606445,31.96999931335449,32.2599983215332,31.920000076293945,32.0,62137800
2018-02-20,27.07175636291504,31.93000030517578,32.15999984741211,31.75,31.959999084472656,58573900
2018-02-21,27.02088928222656,31.8700008392334,32.369998931884766,31.770000457763672,31.799999237060547,72210300
2018-02-22,26.86827087402344,31.690000534057617,32.13999938964844,31.59000015258789,31.989999771118164,64749700
2018-02-23,27.156543731689453,32.029998779296875,32.060001373291016,31.76000022888184,31.799999237060547,53626300
2018-02-26,27.48719787597656,32.41999816894531,32.439998626708984,32.04999923706055,32.16999816894531,61796300
2018-02-27,27.4108943939209,32.33000183105469,32.849998474121094,32.31999969482422,32.31999969482422,69235500
2018-02-28,27.21588706970215,32.099998474121094,32.77000045776367,32.09000015258789,32.4900016784668,72044000
2018-03-01,26.790372848510746,31.479999542236328,32.349998474121094,31.36000061035156,32.06999969482422,90547100
2018-03-02,26.918025970458984,31.6299991607666,31.690000534057617,30.6299991607666,31.1200008392334,82739100
2018-03-05,27.34354782104492,32.130001068115234,32.349998474121094,31.170000076293945,31.350000381469727,70543100
2018-03-06,27.32652282714844,32.11000061035156,32.31999969482422,31.950000762939453,32.29999923706055,50832600
2018-03-07,27.386096954345703,32.18000030517578,32.22999954223633,31.57999992370605,31.700000762939453,52763900
2018-03-08,27.403112411499023,32.20000076293945,32.27000045776367,31.809999465942383,32.189998626708984,53139800
2018-03-09,27.84565544128418,32.720001220703125,32.72999954223633,32.400001525878906,32.470001220703125,73905800
2018-03-12,27.94777488708496,32.84000015258789,33.04999923706055,32.63999938964844,32.689998626708984,60322800
2018-03-13,27.539276123046875,32.36000061035156,32.9900016784668,32.29999923706055,32.970001220703125,63347500
2018-03-14,27.35205268859864,32.13999938964844,32.54999923706055,31.93000030517578,32.54999923706055,58011400
2018-03-15,27.318010330200195,32.099998474121094,32.34000015258789,31.93000030517578,32.290000915527344,41964200
2018-03-16,27.377582550048828,32.16999816894531,32.56999969482422,32.08000183105469,32.11000061035156,83447600
2018-03-19,27.21588897705078,31.979999542236328,32.220001220703125,31.68000030517578,32.130001068115234,57363200
2018-03-20,27.21588897705078,31.979999542236328,32.20000076293945,31.8799991607666,32.060001373291016,44784500
2018-03-21,27.12228202819824,31.8700008392334,32.45000076293945,31.68000030517578,32.0,64546300
2018-03-22,25.998924255371094,30.549999237060547,31.489999771118164,30.420000076293945,31.440000534057617,110271900
2018-03-23,24.824501037597656,29.170000076293945,30.709999084472656,29.049999237060547,30.690000534057617,115740200
2018-03-26,25.905311584472656,30.440000534057617,30.559999465942383,29.64999961853028,29.88999938964844,83297000
2018-03-27,25.12236213684082,29.520000457763672,30.670000076293945,29.209999084472656,30.64999961853028,85821800
2018-03-28,25.01172637939453,29.38999938964844,29.959999084472656,29.01000022888184,29.790000915527344,79396100
2018-03-29,25.5223388671875,29.989999771118164,30.13999938964844,29.309999465942383,29.56999969482422,65678300
2018-04-02,24.94364547729492,29.309999465942383,30.059999465942383,28.75,29.799999237060547,86644200
2018-04-03,25.18194007873535,29.59000015258789,29.64999961853028,29.100000381469727,29.540000915527344,69698700
2018-04-04,25.42872810363769,29.8799991607666,29.96999931335449,28.950000762939453,29.0,66640800
2018-04-05,25.80318260192871,30.31999969482422,30.549999237060547,30.1200008392334,30.18000030517578,55765500
2018-04-06,25.215972900390625,29.6299991607666,30.290000915527344,29.3700008392334,30.01000022888184,79687600
2018-04-09,25.420223236083984,29.8700008392334,30.6299991607666,29.76000022888184,29.81999969482422,65917500
2018-04-10,25.93934440612793,30.479999542236328,30.57999992370605,30.229999542236328,30.479999542236328,60540500
2018-04-11,25.44574928283692,29.89999961853028,30.239999771118164,29.88999938964844,30.14999961853028,62211500
2018-04-12,26.08401870727539,30.64999961853028,30.799999237060547,30.170000076293945,30.21999931335449,57989100
2018-04-13,25.36064910888672,29.799999237060547,31.170000076293945,29.559999465942383,31.1299991607666,99254500
2018-04-16,25.47128295898437,29.93000030517578,30.3700008392334,29.46999931335449,30.07999992370605,110588900
2018-04-17,25.564891815185547,30.040000915527344,30.3700008392334,29.8799991607666,30.170000076293945,83475900
2018-04-18,25.13087272644043,29.530000686645508,30.21999931335449,29.5,30.030000686645508,79743200
2018-04-19,25.68404006958008,30.18000030517578,30.239999771118164,29.540000915527344,29.549999237060547,80902600
2018-04-20,25.75212287902832,30.26000022888184,30.530000686645508,30.1299991607666,30.26000022888184,65554600
2018-04-23,25.80318260192871,30.31999969482422,30.39999961853028,30.1200008392334,30.270000457763672,50686300
2018-04-24,25.69254493713379,30.190000534057617,30.86000061035156,30.0,30.459999084472656,81486800
2018-04-25,25.64999389648437,30.13999938964844,30.34000015258789,29.799999237060547,30.09000015258789,65893500
2018-04-26,25.590425491333008,30.06999969482422,30.280000686645508,29.989999771118164,30.040000915527344,45936700
2018-04-27,25.658506393432617,30.14999961853028,30.209999084472656,29.96999931335449,29.989999771118164,47411200
2018-04-30,25.4627685546875,29.920000076293945,30.43000030517578,29.920000076293945,30.270000457763672,55153900
2018-05-01,25.4883041381836,29.950000762939453,29.959999084472656,29.6200008392334,29.920000076293945,52871700
2018-05-02,25.17341995239257,29.57999992370605,30.06999969482422,29.559999465942383,29.950000762939453,68234600
2018-05-03,24.850032806396484,29.200000762939453,29.520000457763672,28.43000030517578,29.51000022888184,110672700
2018-05-04,24.93513298034668,29.299999237060547,29.420000076293945,28.81999969482422,28.989999771118164,58281900
2018-05-07,25.2244815826416,29.63999938964844,29.790000915527344,29.32999992370605,29.440000534057617,46765200
2018-05-08,25.47128295898437,29.93000030517578,30.1299991607666,29.670000076293945,29.770000457763672,65119800
2018-05-09,26.143590927124023,30.71999931335449,30.790000915527344,30.07999992370605,30.100000381469727,72266500
2018-05-10,26.28826904296875,30.88999938964844,31.06999969482422,30.420000076293945,30.61000061035156,54773200
2018-05-11,26.313796997070312,30.920000076293945,31.030000686645508,30.809999465942383,30.90999984741211,42024800
2018-05-14,26.484004974365234,31.1200008392334,31.229999542236328,31.030000686645508,31.040000915527344,41791600
2018-05-15,26.569107055664062,31.21999931335449,31.36000061035156,30.850000381469727,30.920000076293945,64433500
2018-05-16,26.432945251464844,31.059999465942383,31.25,31.020000457763672,31.18000030517578,43590100
2018-05-17,26.22018051147461,30.809999465942383,31.07999992370605,30.670000076293945,31.040000915527344,45981500
2018-05-18,25.75212287902832,30.26000022888184,30.790000915527344,30.229999542236328,30.770000457763672,58641700
2018-05-21,25.998924255371094,30.549999237060547,30.68000030517578,30.479999542236328,30.520000457763672,34983300
2018-05-22,26.28826904296875,30.88999938964844,31.13999938964844,30.540000915527344,30.600000381469727,61103000
2018-05-23,25.905311584472656,30.440000534057617,30.76000022888184,30.07999992370605,30.709999084472656,73893100
2018-05-24,25.70956993103028,30.209999084472656,30.40999984741211,29.82999992370605,30.39999961853028,62146200
2018-05-25,25.667016983032227,30.15999984741211,30.190000534057617,29.8799991607666,30.01000022888184,44166700
2018-05-29,24.64578437805176,28.959999084472656,29.799999237060547,28.700000762939453,29.76000022888184,135895000
2018-05-30,25.096832275390625,29.489999771118164,29.600000381469727,29.15999984741211,29.290000915527344,79435300
2018-05-31,24.814842224121094,29.040000915527344,29.26000022888184,28.82999992370605,29.200000762939453,97509300
2018-06-01,25.12246322631836,29.39999961853028,29.65999984741211,29.309999465942383,29.489999771118164,64796600
2018-06-04,25.12246322631836,29.39999961853028,29.59000015258789,29.32999992370605,29.549999237060547,43777000
2018-06-05,24.88319969177246,29.1200008392334,29.34000015258789,29.059999465942383,29.309999465942383,47690800
2018-06-06,25.669347763061523,30.040000915527344,30.049999237060547,29.280000686645508,29.290000915527344,74995800
2018-06-07,25.712066650390625,30.09000015258789,30.309999465942383,29.88999938964844,30.200000762939453,68402700
2018-06-08,25.64371109008789,30.01000022888184,30.049999237060547,29.809999465942383,30.01000022888184,49572900
2018-06-11,25.68643379211425,30.059999465942383,30.40999984741211,30.059999465942383,30.1299991607666,46732800
2018-06-12,25.54971694946289,29.89999961853028,30.270000457763672,29.75,30.170000076293945,49644600
2018-06-13,25.49845123291016,29.84000015258789,30.36000061035156,29.700000762939453,29.979999542236328,68900200
2018-06-14,25.207916259765625,29.5,30.049999237060547,29.3799991607666,30.040000915527344,77863200
2018-06-15,25.01992416381836,29.280000686645508,29.40999984741211,28.8700008392334,29.25,105079500
2018-06-18,25.12246322631836,29.39999961853028,29.5,28.809999465942383,28.940000534057617,52644100
2018-06-19,25.002830505371094,29.26000022888184,29.3700008392334,28.950000762939453,29.040000915527344,65466200
2018-06-20,24.98573875427246,29.239999771118164,29.5,29.18000030517578,29.420000076293945,52256500
2018-06-21,25.028467178344727,29.290000915527344,29.450000762939453,29.0,29.209999084472656,68322600
2018-06-22,24.772113800048828,28.989999771118164,29.520000457763672,28.989999771118164,29.459999084472656,76079200
2018-06-25,24.33631896972656,28.479999542236328,28.90999984741211,28.26000022888184,28.86000061035156,73616400
2018-06-26,24.387592315673828,28.540000915527344,28.670000076293945,28.01000022888184,28.520000457763672,56369300
2018-06-27,24.131237030029297,28.239999771118164,28.850000381469727,28.239999771118164,28.51000022888184,61764400
2018-06-28,24.49867057800293,28.670000076293945,28.84000015258789,28.299999237060547,28.39999961853028,71292100
2018-06-29,24.088510513305664,28.190000534057617,29.170000076293945,28.18000030517578,29.09000015258789,102307600
2018-07-02,24.16542053222656,28.280000686645508,28.280000686645508,27.82999992370605,28.07999992370605,52534300
2018-07-03,23.73816680908203,27.780000686645508,28.43000030517578,27.739999771118164,28.32999992370605,40599000
2018-07-05,23.85779571533203,27.920000076293945,28.07999992370605,27.809999465942383,27.950000762939453,44506800
2018-07-06,23.951793670654297,28.030000686645508,28.14999961853028,27.6299991607666,27.809999465942383,39424900
2018-07-09,24.823381423950195,29.049999237060547,29.09000015258789,28.21999931335449,28.229999542236328,61758900
2018-07-10,24.635393142700195,28.82999992370605,29.32999992370605,28.75,29.21999931335449,58858400
2018-07-11,24.50721549987793,28.68000030517578,28.90999984741211,28.6200008392334,28.670000076293945,50218900
2018-07-12,24.584123611450195,28.770000457763672,28.96999931335449,28.65999984741211,28.89999961853028,51700700
2018-07-13,24.396135330200195,28.549999237060547,28.690000534057617,28.21999931335449,28.6200008392334,75178000
2018-07-16,25.44717597961425,29.780000686645508,29.850000381469727,28.729999542236328,28.780000686645508,129172000
2018-07-17,25.64371109008789,30.01000022888184,30.200000762939453,29.57999992370605,29.88999938964844,87778900
2018-07-18,25.74625015258789,30.1299991607666,30.290000915527344,29.84000015258789,29.920000076293945,59109200
2018-07-19,25.35318756103516,29.670000076293945,30.020000457763672,29.63999938964844,29.93000030517578,59260600
2018-07-20,25.74625015258789,30.1299991607666,30.15999984741211,29.459999084472656,29.6200008392334,80432700
2018-07-23,26.276046752929688,30.75,30.850000381469727,30.1299991607666,30.13999938964844,74080200
2018-07-24,26.344406127929688,30.82999992370605,31.11000061035156,30.64999961853028,30.850000381469727,64761500
2018-07-25,26.549489974975582,31.06999969482422,31.11000061035156,30.670000076293945,30.700000762939453,57644100
2018-07-26,26.43840217590332,30.940000534057617,31.209999084472656,30.88999938964844,31.190000534057617,46215000
2018-07-27,26.540945053100582,31.059999465942383,31.13999938964844,30.799999237060547,30.989999771118164,57198900
2018-07-30,26.754568099975582,31.309999465942383,31.450000762939453,31.1299991607666,31.13999938964844,58721000
2018-07-31,26.387136459350582,30.8799991607666,31.420000076293945,30.81999969482422,31.36000061035156,64066000
2018-08-01,26.703298568725582,31.25,31.549999237060547,31.170000076293945,31.21999931335449,69070700
2018-08-02,26.72893524169922,31.280000686645508,31.309999465942383,30.8700008392334,30.979999542236328,46427200
2018-08-03,26.92547035217285,31.51000022888184,31.51000022888184,31.15999984741211,31.18000030517578,50153800
2018-08-06,26.93401527404785,31.520000457763672,31.59000015258789,31.31999969482422,31.450000762939453,41261500
2018-08-07,26.92547035217285,31.51000022888184,31.799999237060547,31.489999771118164,31.549999237060547,43946200
2018-08-08,27.17327308654785,31.799999237060547,31.90999984741211,31.479999542236328,31.51000022888184,43689600
2018-08-09,27.00237464904785,31.600000381469727,31.790000915527344,31.549999237060547,31.729999542236328,38219100
2018-08-10,26.652029037475582,31.190000534057617,31.32999992370605,30.89999961853028,31.229999542236328,55679800
2018-08-13,26.045330047607425,30.479999542236328,31.1200008392334,30.450000762939453,31.07999992370605,63960600
2018-08-14,26.310226440429688,30.790000915527344,30.89999961853028,30.420000076293945,30.61000061035156,42521200
2018-08-15,25.94278907775879,30.36000061035156,30.6200008392334,30.15999984741211,30.479999542236328,59747900
2018-08-16,26.250411987304688,30.71999931335449,30.84000015258789,30.520000457763672,30.559999465942383,44015400
2018-08-17,26.267501831054688,30.739999771118164,30.86000061035156,30.549999237060547,30.65999984741211,39843500
2018-08-20,26.37858772277832,30.8700008392334,30.93000030517578,30.64999961853028,30.690000534057617,40011000
2018-08-21,26.50676345825196,31.020000457763672,31.25,30.82999992370605,30.90999984741211,53510600
2018-08-22,26.472585678100582,30.979999542236328,31.09000015258789,30.8799991607666,30.920000076293945,33062900
2018-08-23,26.35295486450196,30.84000015258789,30.979999542236328,30.739999771118164,30.940000534057617,38259100
2018-08-24,26.39567947387696,30.88999938964844,31.07999992370605,30.850000381469727,30.940000534057617,43585000
2018-08-27,26.754568099975582,31.309999465942383,31.489999771118164,30.989999771118164,31.030000686645508,47729300
2018-08-28,26.720388412475582,31.270000457763672,31.40999984741211,31.190000534057617,31.36000061035156,38539000
2018-08-29,26.60930061340332,31.13999938964844,31.309999465942383,31.06999969482422,31.239999771118164,46401800
2018-08-30,26.49821853637696,31.01000022888184,31.14999961853028,30.950000762939453,31.020000457763672,47358900
2018-08-31,26.42985916137696,30.93000030517578,30.950000762939453,30.6200008392334,30.8799991607666,49266000
2018-09-04,26.60930061340332,31.13999938964844,31.15999984741211,30.81999969482422,30.90999984741211,44745600
2018-09-05,26.643484115600582,31.18000030517578,31.239999771118164,30.96999931335449,31.06999969482422,48516700
2018-09-06,26.48892974853516,30.850000381469727,31.11000061035156,30.729999542236328,31.049999237060547,42666000
2018-09-07,26.497514724731445,30.86000061035156,31.1200008392334,30.6299991607666,31.0,49103800
2018-09-10,26.463165283203125,30.81999969482422,31.0,30.75,30.8799991607666,34156200
2018-09-11,26.48892974853516,30.850000381469727,30.89999961853028,30.700000762939453,30.71999931335449,53071000
2018-09-12,26.1283016204834,30.43000030517578,30.959999084472656,30.3799991607666,30.8799991607666,59482300
2018-09-13,25.87929344177246,30.13999938964844,30.670000076293945,30.07999992370605,30.530000686645508,59219500
2018-09-14,26.076780319213867,30.3700008392334,30.38999938964844,30.11000061035156,30.1299991607666,33743900
2018-09-17,25.99951171875,30.280000686645508,30.489999771118164,30.14999961853028,30.34000015258789,35026600
2018-09-18,25.93940162658692,30.209999084472656,30.39999961853028,30.1299991607666,30.32999992370605,49921700
2018-09-19,26.61772346496582,31.0,31.200000762939453,30.1299991607666,30.1299991607666,92666300
2018-09-20,26.78086471557617,31.190000534057617,31.3700008392334,31.13999938964844,31.299999237060547,83357400
2018-09-21,26.64348220825196,31.030000686645508,31.3700008392334,30.96999931335449,31.34000015258789,85992100
2018-09-24,26.39447593688965,30.739999771118164,31.200000762939453,30.65999984741211,30.979999542236328,45587700
2018-09-25,26.334375381469727,30.670000076293945,31.040000915527344,30.600000381469727,30.850000381469727,40949900
2018-09-26,25.87070655822754,30.1299991607666,30.739999771118164,30.059999465942383,30.709999084472656,57882400
2018-09-27,25.70756721496582,29.940000534057617,30.309999465942383,29.93000030517578,30.239999771118164,45879700
2018-09-28,25.29542350769043,29.459999084472656,29.850000381469727,29.420000076293945,29.64999961853028,74707600
2018-10-01,25.45856094360352,29.64999961853028,29.940000534057617,29.540000915527344,29.68000030517578,53900900
2018-10-02,25.39846420288086,29.57999992370605,29.71999931335449,29.270000457763672,29.57999992370605,42940300
2018-10-03,25.75908660888672,30.0,30.18000030517578,29.71999931335449,29.809999465942383,61080300
2018-10-04,26.1283016204834,30.43000030517578,30.790000915527344,30.13999938964844,30.170000076293945,72325700
2018-10-05,25.95657157897949,30.229999542236328,30.64999961853028,30.049999237060547,30.600000381469727,51931000
2018-10-08,25.99091911315918,30.270000457763672,30.420000076293945,29.90999984741211,30.049999237060547,47471600
2018-10-09,25.74191665649414,29.979999542236328,30.190000534057617,29.8700008392334,30.030000686645508,58868600
2018-10-10,25.10651969909668,29.239999771118164,30.1299991607666,29.209999084472656,29.979999542236328,88454400
2018-10-11,24.350919723510746,28.36000061035156,29.25,28.26000022888184,28.88999938964844,111417300
2018-10-12,24.436786651611328,28.459999084472656,29.040000915527344,27.729999542236328,28.989999771118164,102279200
2018-10-15,23.973127365112305,27.920000076293945,28.6200008392334,27.63999938964844,28.489999771118164,114636100
2018-10-16,24.49689483642578,28.530000686645508,28.57999992370605,27.89999961853028,28.239999771118164,87887800
2018-10-17,24.814592361450195,28.89999961853028,29.190000534057617,28.15999984741211,28.3700008392334,79068700
2018-10-18,24.256479263305664,28.25,28.89999961853028,28.13999938964844,28.670000076293945,77369200
2018-10-19,24.31657600402832,28.31999969482422,28.520000457763672,27.96999931335449,28.13999938964844,64305400
2018-10-22,23.50946044921875,27.3799991607666,28.350000381469727,27.309999465942383,28.31999969482422,89942900
2018-10-23,23.20035171508789,27.020000457763672,27.200000762939453,26.11000061035156,26.38999938964844,102392500
2018-10-24,22.48768424987793,26.190000534057617,26.89999961853028,26.07999992370605,26.86000061035156,86386600
2018-10-25,22.83113670349121,26.59000015258789,26.93000030517578,26.18000030517578,26.3799991607666,73780400
2018-10-26,22.65941047668457,26.38999938964844,26.57999992370605,25.8799991607666,26.32999992370605,91103500
2018-10-29,22.84831428527832,26.61000061035156,27.18000030517578,26.290000915527344,26.690000534057617,89367000
2018-10-30,22.99427795410156,26.780000686645508,26.86000061035156,26.31999969482422,26.76000022888184,79004800
2018-10-31,23.61249732971192,27.5,27.8799991607666,27.059999465942383,27.100000381469727,92296300
2018-11-01,23.878677368164062,27.809999465942383,28.0,27.61000061035156,27.770000457763672,49827300
2018-11-02,23.947364807128903,27.88999938964844,28.3799991607666,27.520000457763672,28.01000022888184,69010200
2018-11-05,24.09333229064941,28.059999465942383,28.239999771118164,27.88999938964844,27.950000762939453,41103100
2018-11-06,24.22212791442871,28.209999084472656,28.25,27.739999771118164,28.020000457763672,43514400
2018-11-07,24.505481719970703,28.540000915527344,28.670000076293945,28.13999938964844,28.420000076293945,56679200
2018-11-08,24.78882598876953,28.8700008392334,29.1200008392334,28.43000030517578,28.5,49421200
2018-11-09,24.48830986022949,28.520000457763672,28.88999938964844,28.3799991607666,28.75,43270600
2018-11-12,23.82715606689453,27.75,28.520000457763672,27.63999938964844,28.3799991607666,50307500
2018-11-13,23.83574485778809,27.76000022888184,28.13999938964844,27.690000534057617,27.75,57423400
2018-11-14,23.363487243652344,27.209999084472656,28.100000381469727,26.780000686645508,27.950000762939453,69213300
2018-11-15,23.955949783325195,27.89999961853028,27.96999931335449,26.8799991607666,27.13999938964844,66174800
2018-11-16,23.82715606689453,27.75,27.88999938964844,27.420000076293945,27.690000534057617,52456100
2018-11-19,23.82715606689453,27.75,28.020000457763672,27.540000915527344,27.780000686645508,46000000
2018-11-20,23.50946044921875,27.3799991607666,27.56999969482422,26.96999931335449,27.420000076293945,92330600
2018-11-21,23.41501235961914,27.270000457763672,27.76000022888184,27.25,27.59000015258789,40364400
2018-11-23,23.15741920471192,26.96999931335449,27.170000076293945,26.8799991607666,27.07999992370605,22974100
2018-11-26,23.66400718688965,27.559999465942383,27.729999542236328,27.100000381469727,27.18000030517578,53210700
2018-11-27,23.81857109069824,27.739999771118164,27.89999961853028,27.38999938964844,27.43000030517578,43617100
2018-11-28,24.411027908325195,28.43000030517578,28.46999931335449,27.559999465942383,27.8799991607666,61388100
2018-11-29,24.07616424560547,28.040000915527344,28.350000381469727,27.96999931335449,28.18000030517578,46824600
2018-11-30,24.385272979736328,28.39999961853028,28.6299991607666,27.8700008392334,27.940000534057617,64284600
2018-12-03,24.505481719970703,28.540000915527344,29.040000915527344,28.36000061035156,28.989999771118164,59908700
2018-12-04,23.17458724975586,26.989999771118164,28.31999969482422,26.729999542236328,28.31999969482422,103565700
2018-12-06,22.69107246398925,26.280000686645508,26.31999969482422,25.530000686645508,26.229999542236328,133294200
2018-12-07,21.9571475982666,25.43000030517578,26.540000915527344,25.299999237060547,26.14999961853028,107477600
2018-12-10,21.378644943237305,24.76000022888184,25.229999542236328,24.290000915527344,25.18000030517578,110166900
2018-12-11,21.223228454589844,24.57999992370605,25.39999961853028,24.530000686645508,25.209999084472656,78545000
2018-12-12,21.171424865722656,24.520000457763672,24.989999771118164,24.3700008392334,24.8700008392334,87191800
2018-12-13,21.06781005859375,24.39999961853028,24.81999969482422,24.280000686645508,24.65999984741211,64860100
2018-12-14,21.13688850402832,24.479999542236328,24.8700008392334,24.1200008392334,24.18000030517578,92762600
2018-12-17,21.128246307373047,24.46999931335449,24.93000030517578,24.15999984741211,24.26000022888184,98602800
2018-12-18,21.128246307373047,24.46999931335449,25.09000015258789,24.309999465942383,24.670000076293945,89046300
2018-12-19,20.87785530090332,24.18000030517578,25.239999771118164,24.06999969482422,24.450000762939453,121887600
2018-12-20,20.81741523742676,24.11000061035156,24.43000030517578,23.76000022888184,23.850000381469727,112594000
2018-12-21,20.178470611572266,23.3700008392334,24.51000022888184,23.26000022888184,23.90999984741211,160800400
2018-12-24,19.625873565673828,22.729999542236328,23.209999084472656,22.65999984741211,22.76000022888184,64859100
2018-12-26,20.81741523742676,24.11000061035156,24.18000030517578,22.690000534057617,22.90999984741211,100877800
2018-12-27,21.041906356811523,24.3700008392334,24.3700008392334,23.38999938964844,23.780000686645508,91575400
2018-12-28,21.059175491333008,24.38999938964844,24.75,24.26000022888184,24.59000015258789,78693800
2018-12-31,21.27503204345703,24.63999938964844,24.96999931335449,24.3700008392334,24.56999969482422,56257300
2019-01-02,21.55133628845215,24.959999084472656,25.13999938964844,24.01000022888184,24.07999992370605,71836300
2019-01-03,21.205963134765625,24.559999465942383,25.040000915527344,24.450000762939453,24.940000534057617,66599600
2019-01-04,22.0866641998291,25.57999992370605,25.64999961853028,25.030000686645508,25.100000381469727,83829100
2019-01-07,22.06939697265625,25.559999465942383,25.780000686645508,25.290000915527344,25.559999465942383,57016300
2019-01-08,22.026227951049805,25.51000022888184,25.790000915527344,25.09000015258789,25.71999931335449,67339400
2019-01-09,22.24208068847656,25.76000022888184,25.850000381469727,25.38999938964844,25.670000076293945,69707200
2019-01-10,22.21617889404297,25.729999542236328,25.780000686645508,25.420000076293945,25.559999465942383,65235800
2019-01-11,22.475210189819336,26.030000686645508,26.040000915527344,25.459999084472656,25.530000686645508,63476000
2019-01-14,22.768775939941406,26.3700008392334,26.479999542236328,25.61000061035156,25.770000457763672,76715400
2019-01-15,22.924190521240234,26.549999237060547,26.809999465942383,26.049999237060547,26.209999084472656,80625500
2019-01-16,24.56472396850586,28.450000762939453,28.71999931335449,27.86000061035156,28.1299991607666,163131700
2019-01-17,25.030977249145508,28.989999771118164,29.0,28.09000015258789,28.34000015258789,107428800
2019-01-18,25.29863929748535,29.299999237060547,29.459999084472656,28.709999084472656,29.020000457763672,97928200
2019-01-22,25.117319107055664,29.09000015258789,29.299999237060547,28.88999938964844,28.979999542236328,84861400
2019-01-23,24.970537185668945,28.920000076293945,29.280000686645508,28.6200008392334,29.21999931335449,79425900
2019-01-24,25.10868263244629,29.07999992370605,29.200000762939453,28.739999771118164,28.75,59492300
2019-01-25,25.540407180786133,29.57999992370605,29.71999931335449,29.13999938964844,29.280000686645508,72182100
2019-01-28,25.58357620239257,29.6299991607666,29.670000076293945,29.290000915527344,29.31999969482422,59963800
2019-01-29,25.3763484954834,29.38999938964844,29.700000762939453,29.34000015258789,29.540000915527344,51451900
2019-01-30,25.10005187988281,29.06999969482422,29.46999931335449,28.950000762939453,29.420000076293945,66475800
2019-01-31,24.58199119567871,28.46999931335449,28.84000015258789,27.979999542236328,28.75,100201200
2019-02-01,24.50428771972656,28.3799991607666,28.84000015258789,28.309999465942383,28.600000381469727,64244100
2019-02-04,24.93599510192871,28.8799991607666,28.96999931335449,28.420000076293945,28.46999931335449,55195900
2019-02-05,24.849655151367188,28.780000686645508,28.8799991607666,28.56999969482422,28.850000381469727,46622600
2019-02-06,24.806480407714844,28.729999542236328,28.89999961853028,28.540000915527344,28.670000076293945,35606900
2019-02-07,24.38339805603028,28.239999771118164,28.63999938964844,27.89999961853028,28.540000915527344,62289200
2019-02-08,24.426572799682617,28.290000915527344,28.31999969482422,27.86000061035156,28.14999961853028,50031300
2019-02-11,24.53018569946289,28.40999984741211,28.459999084472656,28.209999084472656,28.34000015258789,47724400
2019-02-12,24.771947860717773,28.690000534057617,28.86000061035156,28.57999992370605,28.6200008392334,49178100
2019-02-13,24.78057861328125,28.700000762939453,28.989999771118164,28.65999984741211,28.8700008392334,48951200
2019-02-14,24.512920379638672,28.38999938964844,28.6200008392334,28.11000061035156,28.36000061035156,47756600
2019-02-15,25.13459014892578,29.11000061035156,29.309999465942383,28.670000076293945,28.76000022888184,65867000
2019-02-19,25.151853561401367,29.1299991607666,29.26000022888184,28.75,28.93000030517578,40841300
2019-02-20,25.39362144470215,29.40999984741211,29.450000762939453,29.01000022888184,29.100000381469727,42806300
2019-02-21,25.290002822875977,29.290000915527344,29.450000762939453,29.11000061035156,29.32999992370605,42754100
2019-02-22,25.10868263244629,29.07999992370605,29.270000457763672,28.959999084472656,29.049999237060547,47887800
2019-02-25,25.27273750305176,29.270000457763672,29.59000015258789,29.1200008392334,29.1200008392334,61227400
2019-02-26,25.290002822875977,29.290000915527344,29.6299991607666,28.959999084472656,29.020000457763672,53153200
2019-02-27,25.49723243713379,29.530000686645508,29.670000076293945,29.209999084472656,29.299999237060547,48128600
2019-02-28,25.236879348754883,29.07999992370605,29.549999237060547,29.01000022888184,29.5,62358100
2019-03-01,25.43648147583008,29.309999465942383,29.64999961853028,29.209999084472656,29.32999992370605,45771500
2019-03-04,25.193483352661133,29.030000686645508,29.540000915527344,28.770000457763672,29.32999992370605,56893200
2019-03-05,25.236879348754883,29.07999992370605,29.190000534057617,28.700000762939453,29.020000457763672,39932500
2019-03-06,25.02859878540039,28.84000015258789,29.15999984741211,28.799999237060547,29.01000022888184,41672000
2019-03-07,24.77692031860352,28.549999237060547,28.71999931335449,28.26000022888184,28.670000076293945,53908600
2019-03-08,24.86370658874512,28.64999961853028,28.670000076293945,28.01000022888184,28.059999465942383,40860700
2019-03-11,25.115385055541992,28.940000534057617,29.059999465942383,28.700000762939453,28.700000762939453,40709300
2019-03-12,25.115385055541992,28.940000534057617,29.1200008392334,28.88999938964844,29.0,34450000
2019-03-13,25.41912651062012,29.290000915527344,29.51000022888184,28.979999542236328,29.049999237060547,54683300
2019-03-14,25.56666374206543,29.459999084472656,29.63999938964844,29.239999771118164,29.309999465942383,45219100
2019-03-15,25.42780494689941,29.299999237060547,29.61000061035156,29.26000022888184,29.440000534057617,82346200
2019-03-18,25.879085540771484,29.81999969482422,29.959999084472656,29.32999992370605,29.3799991607666,58568600
2019-03-19,25.73155212402344,29.64999961853028,30.13999938964844,29.540000915527344,30.01000022888184,55455100
2019-03-20,24.855026245117188,28.63999938964844,29.65999984741211,28.600000381469727,29.6200008392334,81689900
2019-03-21,24.455820083618164,28.18000030517578,28.600000381469727,28.040000915527344,28.450000762939453,77444400
2019-03-22,23.44044303894043,27.01000022888184,28.06999969482422,26.709999084472656,27.90999984741211,118851600
2019-03-25,23.292909622192383,26.84000015258789,27.3799991607666,26.61000061035156,26.90999984741211,65568000
2019-03-26,23.614011764526367,27.209999084472656,27.350000381469727,26.8799991607666,27.14999961853028,59878500
2019-03-27,23.45780372619629,27.030000686645508,27.3700008392334,26.950000762939453,27.09000015258789,57621700
2019-03-28,23.71815299987793,27.32999992370605,27.40999984741211,27.020000457763672,27.200000762939453,45872300
2019-03-29,23.943790435791016,27.59000015258789,27.68000030517578,27.299999237060547,27.549999237060547,83446300
2019-04-01,24.76824378967285,28.540000915527344,28.739999771118164,27.850000381469727,27.89999961853028,91751100
2019-04-02,25.054628372192383,28.8700008392334,28.8700008392334,28.350000381469727,28.46999931335449,66694000
2019-04-03,25.02859878540039,28.84000015258789,29.239999771118164,28.700000762939453,29.06999969482422,63110600
2019-04-04,25.29762840270996,29.14999961853028,29.309999465942383,28.84000015258789,28.850000381469727,53712100
2019-04-05,25.236879348754883,29.07999992370605,29.5,28.979999542236328,29.31999969482422,46383400
2019-04-08,25.31498146057129,29.170000076293945,29.200000762939453,28.8700008392334,28.88999938964844,35272800
2019-04-09,25.07198905944824,28.88999938964844,29.06999969482422,28.739999771118164,29.0,40535300
2019-04-10,25.22819709777832,29.06999969482422,29.14999961853028,28.75,28.89999961853028,42669700
2019-04-11,25.22819709777832,29.06999969482422,29.489999771118164,28.989999771118164,29.25,50440100
2019-04-12,26.182825088500977,30.170000076293945,30.21999931335449,29.559999465942383,29.559999465942383,100192000
2019-04-15,25.89643859863281,29.84000015258789,30.13999938964844,29.65999984741211,30.100000381469727,57438800
2019-04-16,25.931156158447266,29.8799991607666,30.049999237060547,29.0,29.299999237060547,105168400
2019-04-17,26.06133079528809,30.030000686645508,30.1200008392334,29.459999084472656,29.82999992370605,94831600
2019-04-18,26.06133079528809,30.030000686645508,30.15999984741211,29.81999969482422,29.950000762939453,61796600
2019-04-22,26.07868766784668,30.049999237060547,30.100000381469727,29.780000686645508,29.93000030517578,34763400
2019-04-23,26.09604454040528,30.06999969482422,30.209999084472656,29.920000076293945,29.989999771118164,41889700
2019-04-24,26.052648544311523,30.020000457763672,30.170000076293945,29.850000381469727,29.950000762939453,40078100
2019-04-25,26.10472297668457,30.07999992370605,30.31999969482422,29.89999961853028,29.90999984741211,43243800
2019-04-26,26.339040756225582,30.350000381469727,30.38999938964844,30.049999237060547,30.170000076293945,40627500
2019-04-29,26.70353126525879,30.770000457763672,31.170000076293945,30.40999984741211,30.43000030517578,68408600
2019-04-30,26.53863906860352,30.57999992370605,30.8799991607666,30.40999984741211,30.799999237060547,47764200
2019-05-01,26.26094055175781,30.26000022888184,30.88999938964844,30.18000030517578,30.559999465942383,56161000
2019-05-02,26.469213485717773,30.5,30.559999465942383,30.14999961853028,30.26000022888184,40634100
2019-05-03,26.65146255493164,30.709999084472656,30.799999237060547,30.5,30.65999984741211,35256100
2019-05-06,26.443178176879883,30.46999931335449,30.61000061035156,30.06999969482422,30.11000061035156,39882000
2019-05-07,25.96586799621582,29.920000076293945,30.170000076293945,29.6299991607666,30.15999984741211,58528400
2019-05-08,25.86172866821289,29.799999237060547,30.11000061035156,29.670000076293945,29.729999542236328,39903400
2019-05-09,25.78362464904785,29.709999084472656,29.780000686645508,29.280000686645508,29.420000076293945,44173500
2019-05-10,25.67079734802246,29.57999992370605,29.709999084472656,29.190000534057617,29.459999084472656,59649900
2019-05-13,24.51656723022461,28.25,29.0,28.049999237060547,28.959999084472656,72547000
2019-05-14,24.83767318725586,28.6200008392334,28.989999771118164,28.209999084472656,28.36000061035156,52216100
2019-05-15,24.55127716064453,28.290000915527344,28.489999771118164,28.01000022888184,28.100000381469727,51973200
2019-05-16,24.811634063720703,28.59000015258789,28.82999992370605,28.43000030517578,28.459999084472656,42791500
2019-05-17,24.64674186706543,28.39999961853028,28.63999938964844,28.21999931335449,28.25,43772500
2019-05-20,24.64674186706543,28.39999961853028,28.520000457763672,28.239999771118164,28.39999961853028,41717600
2019-05-21,24.898420333862305,28.690000534057617,28.75,28.450000762939453,28.56999969482422,39258700
2019-05-22,24.72484970092773,28.489999771118164,28.6299991607666,28.350000381469727,28.51000022888184,29177600
2019-05-23,24.091323852539062,27.76000022888184,28.200000762939453,27.5,28.1299991607666,59772900
2019-05-24,24.455820083618164,28.18000030517578,28.26000022888184,27.86000061035156,27.93000030517578,35524400
2019-05-28,24.212820053100582,27.89999961853028,28.25,27.8799991607666,28.049999237060547,44273400
2019-05-29,24.08264541625977,27.75,27.850000381469727,27.3799991607666,27.530000686645508,49818900
2019-05-30,23.57061767578125,27.15999984741211,27.93000030517578,26.979999542236328,27.770000457763672,58649300
2019-05-31,23.08462905883789,26.600000381469727,26.8700008392334,26.479999542236328,26.5,68304200
2019-06-03,23.15405464172364,26.68000030517578,26.989999771118164,26.39999961853028,26.59000015258789,50109900
2019-06-04,24.23017883300781,27.920000076293945,27.950000762939453,27.13999938964844,27.18000030517578,58426400
2019-06-05,24.22150421142578,27.90999984741211,28.01000022888184,27.459999084472656,27.84000015258789,44874400
2019-06-06,24.32620429992676,27.8799991607666,28.040000915527344,27.540000915527344,27.76000022888184,38633600
2019-06-07,24.02082252502441,27.530000686645508,27.790000915527344,27.420000076293945,27.75,51317200
2019-06-10,24.491989135742188,28.06999969482422,28.46999931335449,27.84000015258789,27.86000061035156,48305800
2019-06-11,24.640316009521484,28.239999771118164,28.700000762939453,28.13999938964844,28.3799991607666,38691800
2019-06-12,24.38728141784668,27.950000762939453,28.270000457763672,27.86000061035156,28.200000762939453,33528900
2019-06-13,24.378559112548828,27.940000534057617,28.15999984741211,27.809999465942383,27.96999931335449,33404200
2019-06-14,24.46581077575684,28.040000915527344,28.170000076293945,27.780000686645508,27.90999984741211,37322100
2019-06-17,24.36983871459961,27.93000030517578,28.21999931335449,27.790000915527344,28.01000022888184,33410100
2019-06-18,24.97188186645508,28.6200008392334,28.799999237060547,27.82999992370605,28.020000457763672,60170700
2019-06-19,24.71012115478516,28.31999969482422,28.96999931335449,28.299999237060547,28.700000762939453,61953500
2019-06-20,24.66649627685547,28.270000457763672,28.61000061035156,27.850000381469727,28.59000015258789,60887200
2019-06-21,24.53561782836914,28.1200008392334,28.549999237060547,28.07999992370605,28.190000534057617,69444000
2019-06-24,24.413461685180664,27.979999542236328,28.3799991607666,27.88999938964844,28.07999992370605,40046400
2019-06-25,24.22150230407715,27.76000022888184,28.020000457763672,27.3799991607666,28.020000457763672,46901300
2019-06-26,24.35238647460937,27.90999984741211,28.18000030517578,27.850000381469727,27.940000534057617,42312300
2019-06-27,24.6141414642334,28.209999084472656,28.31999969482422,28.059999465942383,28.07999992370605,35575600
2019-06-28,25.30344009399414,29.0,29.270000457763672,28.729999542236328,29.01000022888184,101856900
2019-07-01,25.669906616210938,29.420000076293945,29.850000381469727,29.25,29.479999542236328,48029900
2019-07-02,25.4343204498291,29.14999961853028,29.43000030517578,28.93000030517578,29.34000015258789,32263500
2019-07-03,25.347064971923828,29.049999237060547,29.239999771118164,28.93000030517578,29.190000534057617,26642300
2019-07-05,25.53030014038086,29.26000022888184,29.56999969482422,29.14999961853028,29.36000061035156,33092000
2019-07-08,25.47795295715332,29.200000762939453,29.299999237060547,28.940000534057617,29.01000022888184,30924400
2019-07-09,25.60883140563965,29.350000381469727,29.420000076293945,28.940000534057617,28.96999931335449,28750100
2019-07-10,25.320894241333008,29.020000457763672,29.39999961853028,28.959999084472656,29.170000076293945,40574800
2019-07-11,25.617551803588867,29.36000061035156,29.5,29.030000686645508,29.100000381469727,37376800
2019-07-12,25.696083068847656,29.450000762939453,29.530000686645508,29.36000061035156,29.440000534057617,29632900
2019-07-15,25.495399475097656,29.21999931335449,29.530000686645508,29.07999992370605,29.5,46462100
2019-07-16,25.29471778869629,28.989999771118164,29.200000762939453,28.86000061035156,29.170000076293945,54920400
2019-07-17,25.46922492980957,29.190000534057617,29.6200008392334,29.0,29.100000381469727,84958300
2019-07-18,25.722257614135746,29.479999542236328,29.57999992370605,29.18000030517578,29.280000686645508,49468800
2019-07-19,25.652456283569336,29.39999961853028,29.61000061035156,29.3799991607666,29.540000915527344,44863200
2019-07-22,25.80078887939453,29.56999969482422,29.61000061035156,29.280000686645508,29.290000915527344,31224300
2019-07-23,26.39410972595215,30.25,30.280000686645508,29.700000762939453,29.75,64030300
2019-07-24,26.76057243347168,30.670000076293945,30.75,30.040000915527344,30.06999969482422,53171900
2019-07-25,26.47263526916504,30.34000015258789,30.88999938964844,30.209999084472656,30.739999771118164,43251900
2019-07-26,26.847824096679688,30.770000457763672,30.989999771118164,30.420000076293945,30.56999969482422,46978800
2019-07-29,26.62969207763672,30.520000457763672,30.850000381469727,30.489999771118164,30.71999931335449,39176700
2019-07-30,26.95252799987793,30.88999938964844,30.89999961853028,30.14999961853028,30.209999084472656,37598300
2019-07-31,26.769296646118164,30.68000030517578,31.059999465942383,30.59000015258789,30.82999992370605,60607600
2019-08-01,25.730981826782227,29.489999771118164,31.06999969482422,29.36000061035156,30.549999237060547,76913400
2019-08-02,25.63500595092773,29.3799991607666,29.5,28.90999984741211,29.36000061035156,57492300
2019-08-05,24.500713348388672,28.07999992370605,28.63999938964844,27.709999084472656,28.530000686645508,96207700
2019-08-06,24.797372817993164,28.420000076293945,28.489999771118164,27.690000534057617,28.40999984741211,65115800
2019-08-07,24.334932327270508,27.88999938964844,27.93000030517578,27.1200008392334,27.61000061035156,75388500
2019-08-08,24.762470245361328,28.3799991607666,28.489999771118164,28.06999969482422,28.11000061035156,53141900
2019-08-09,24.71884536743164,28.32999992370605,28.520000457763672,27.96999931335449,28.270000457763672,53499600
2019-08-12,24.116798400878903,27.63999938964844,27.850000381469727,27.459999084472656,27.82999992370605,55674700
2019-08-13,24.18659782409668,27.71999931335449,28.25,27.3799991607666,27.56999969482422,69919200
2019-08-14,23.05231094360352,26.420000076293945,27.07999992370605,26.280000686645508,26.940000534057617,106591700
2019-08-15,22.90398025512696,26.25,26.82999992370605,26.209999084472656,26.57999992370605,70192000
2019-08-16,23.584556579589844,27.030000686645508,27.1200008392334,26.440000534057617,26.530000686645508,70841700
2019-08-19,23.7939567565918,27.270000457763672,27.700000762939453,27.13999938964844,27.63999938964844,44964800
2019-08-20,23.314064025878903,26.71999931335449,27.059999465942383,26.700000762939453,27.020000457763672,47665000
2019-08-21,23.49730110168457,26.93000030517578,27.07999992370605,26.790000915527344,26.93000030517578,47785400
2019-08-22,23.72416114807129,27.190000534057617,27.299999237060547,26.959999084472656,27.09000015258789,49353700
2019-08-23,23.095935821533203,26.46999931335449,27.21999931335449,26.26000022888184,26.950000762939453,81880700
2019-08-26,23.36642074584961,26.780000686645508,26.799999237060547,26.489999771118164,26.700000762939453,41499100
2019-08-27,23.095935821533203,26.46999931335449,26.89999961853028,26.280000686645508,26.86000061035156,52517000
2019-08-28,23.42749786376953,26.850000381469727,27.07999992370605,26.209999084472656,26.21999931335449,45897900
2019-08-29,23.846315383911133,27.32999992370605,27.450000762939453,26.920000076293945,27.0,55432900
2019-08-30,24.00337028503418,27.51000022888184,27.690000534057617,27.350000381469727,27.5,41326200
2019-09-03,23.60200500488281,27.049999237060547,27.229999542236328,26.61000061035156,27.209999084472656,50743100
2019-09-04,23.985918045043945,27.489999771118164,27.57999992370605,27.15999984741211,27.31999969482422,40862500
2019-09-05,24.69733238220215,28.1200008392334,28.43000030517578,27.799999237060547,27.850000381469727,63413700
2019-09-06,24.35480117797852,27.729999542236328,28.09000015258789,27.56999969482422,28.020000457763672,56054100
2019-09-09,25.14525032043457,28.6299991607666,28.850000381469727,27.96999931335449,28.0,68629300
2019-09-10,25.77761650085449,29.350000381469727,29.350000381469727,28.809999465942383,28.88999938964844,71066200
2019-09-11,25.87422561645508,29.459999084472656,29.46999931335449,28.89999961853028,29.3700008392334,53982200
2019-09-12,26.05866813659668,29.670000076293945,29.799999237060547,28.90999984741211,29.21999931335449,72943900
2019-09-13,26.4978084564209,30.170000076293945,30.31999969482422,29.8700008392334,30.0,79657000
2019-09-16,26.46267509460449,30.1299991607666,30.170000076293945,29.63999938964844,29.68000030517578,43391300
2019-09-17,26.29580307006836,29.940000534057617,30.020000457763672,29.59000015258789,29.850000381469727,48284900
2019-09-18,26.348506927490234,30.0,30.14999961853028,29.549999237060547,29.770000457763672,66640400
2019-09-19,26.19040870666504,29.81999969482422,30.100000381469727,29.75,30.0,43035700
2019-09-20,25.9884033203125,29.59000015258789,30.1299991607666,29.56999969482422,29.96999931335449,167269000
2019-09-23,25.926921844482425,29.520000457763672,29.6200008392334,29.170000076293945,29.309999465942383,52048300
2019-09-24,25.41752243041992,28.940000534057617,29.63999938964844,28.739999771118164,29.600000381469727,64806900
2019-09-25,25.68978881835937,29.25,29.40999984741211,28.780000686645508,28.780000686645508,45807700
2019-09-26,25.58439826965332,29.1299991607666,29.32999992370605,29.049999237060547,29.209999084472656,33198100
2019-09-27,25.77761650085449,29.350000381469727,29.709999084472656,29.209999084472656,29.40999984741211,41336600
2019-09-30,25.61952209472656,29.170000076293945,29.520000457763672,29.07999992370605,29.489999771118164,39191000
2019-10-01,24.97837829589844,28.440000534057617,29.51000022888184,28.40999984741211,29.440000534057617,49434400
2019-10-02,24.451404571533203,27.84000015258789,28.299999237060547,27.809999465942383,28.200000762939453,52293100
2019-10-03,24.42505645751953,27.809999465942383,27.8799991607666,27.15999984741211,27.76000022888184,53015800
2019-10-04,24.916900634765625,28.3700008392334,28.39999961853028,27.84000015258789,27.850000381469727,42641800
2019-10-07,24.864198684692383,28.309999465942383,28.6200008392334,28.18000030517578,28.32999992370605,36742400
2019-10-08,24.26697158813477,27.6299991607666,27.920000076293945,27.459999084472656,27.8700008392334,58201100
2019-10-09,24.49532127380371,27.88999938964844,28.06999969482422,27.75,27.82999992370605,37511400
2019-10-10,24.987159729003903,28.450000762939453,28.75,28.040000915527344,28.040000915527344,48239300
2019-10-11,25.391170501708984,28.90999984741211,29.34000015258789,28.86000061035156,28.989999771118164,70008600
2019-10-14,25.593175888061523,29.13999938964844,29.15999984741211,28.729999542236328,28.739999771118164,36040100
2019-10-15,26.111366271972656,29.729999542236328,30.239999771118164,29.11000061035156,29.34000015258789,78656000
2019-10-16,26.4978084564209,30.170000076293945,30.71999931335449,30.14999961853028,30.3700008392334,87131700
2019-10-17,26.576854705810547,30.26000022888184,30.540000915527344,30.0,30.299999237060547,55575900
2019-10-18,26.65589904785156,30.350000381469727,30.489999771118164,30.100000381469727,30.1299991607666,48872900
2019-10-21,27.244348526000977,31.020000457763672,31.14999961853028,30.6299991607666,30.670000076293945,61087400
2019-10-22,27.40243911743164,31.200000762939453,31.3700008392334,30.75,30.96999931335449,58662100
2019-10-23,27.595666885375977,31.420000076293945,31.440000534057617,31.09000015258789,31.1299991607666,47771200
2019-10-24,27.54296493530273,31.36000061035156,31.520000457763672,31.200000762939453,31.450000762939453,39491000
2019-10-25,27.859149932861328,31.71999931335449,31.850000381469727,31.34000015258789,31.36000061035156,43702000
2019-10-28,27.96453857421875,31.84000015258789,32.22999954223633,31.739999771118164,31.96999931335449,58790300
2019-10-29,28.16654586791992,32.06999969482422,32.13999938964844,31.809999465942383,31.940000534057617,48266600
2019-10-30,27.77132225036621,31.6200008392334,32.0099983215332,31.530000686645508,32.0099983215332,45262400
2019-10-31,27.463916778564453,31.270000457763672,31.6200008392334,30.81999969482422,31.40999984741211,49430900
2019-11-01,27.92940902709961,31.799999237060547,31.84000015258789,31.3700008392334,31.700000762939453,41985300
2019-11-04,28.456382751464844,32.400001525878906,32.5,32.099998474121094,32.2400016784668,54228600
2019-11-05,28.82526206970215,32.81999969482422,33.09000015258789,32.5,32.5099983215332,68785600
2019-11-06,28.798906326293945,32.790000915527344,33.060001373291016,32.66999816894531,32.7599983215332,47524500
2019-11-07,29.18535041809082,33.22999954223633,33.599998474121094,33.0099983215332,33.11000061035156,68310700
2019-11-08,29.211700439453125,33.2599983215332,33.27000045776367,32.93000030517578,33.06999969482422,38724000
2019-11-11,29.14143943786621,33.18000030517578,33.25,32.970001220703125,33.029998779296875,27784000
2019-11-12,29.06239318847656,33.09000015258789,33.31999969482422,32.9900016784668,33.130001068115234,37282200
2019-11-13,28.798906326293945,32.790000915527344,32.88999938964844,32.47999954223633,32.720001220703125,48887800
2019-11-14,28.71986389160156,32.70000076293945,32.86000061035156,32.4900016784668,32.689998626708984,35554600
2019-11-15,28.921863555908203,32.93000030517578,32.959999084472656,32.70000076293945,32.91999816894531,36398300
2019-11-18,28.94821548461914,32.959999084472656,33.029998779296875,32.75,32.86000061035156,31133700
2019-11-19,28.93065452575684,32.939998626708984,33.150001525878906,32.81999969482422,33.119998931884766,33183700
2019-11-20,28.711076736450195,32.689998626708984,32.83000183105469,32.41999816894531,32.790000915527344,43612200
2019-11-21,28.842832565307617,32.84000015258789,33.040000915527344,32.630001068115234,32.779998779296875,42787600
2019-11-22,29.14143943786621,33.18000030517578,33.31999969482422,32.939998626708984,32.959999084472656,38783900
2019-11-25,29.39613914489746,33.470001220703125,33.5099983215332,33.2599983215332,33.33000183105469,50238800
2019-11-26,29.29074478149414,33.349998474121094,33.400001525878906,33.119998931884766,33.380001068115234,50626600
2019-11-27,29.35222816467285,33.41999816894531,33.599998474121094,33.310001373291016,33.4900016784668,32097700
2019-11-29,29.2643985748291,33.31999969482422,33.52000045776367,33.2400016784668,33.369998931884766,19503400
2019-12-02,29.361013412475582,33.43000030517578,33.75,33.34000015258789,33.45000076293945,47158800
2019-12-03,28.842832565307617,32.84000015258789,32.900001525878906,32.54999923706055,32.869998931884766,58745100
2019-12-04,29.11509704589844,33.150001525878906,33.29999923706055,32.849998474121094,33.08000183105469,46637900
2019-12-05,29.22106170654297,33.09000015258789,33.220001220703125,33.0,33.15999984741211,38304500
2019-12-06,29.73324203491211,33.66999816894531,33.79999923706055,33.56999969482422,33.68000030517578,50908500
2019-12-09,29.59195137023925,33.5099983215332,33.70000076293945,33.439998626708984,33.5,32974500
2019-12-10,29.60960960388184,33.529998779296875,33.630001068115234,33.29999923706055,33.400001525878906,41960100
2019-12-11,29.70675277709961,33.63999938964844,33.7599983215332,33.47999954223633,33.47999954223633,43107800
2019-12-12,30.625152587890625,34.68000030517578,34.810001373291016,33.68000030517578,33.779998779296875,64942500
2019-12-13,30.41321563720703,34.439998626708984,34.959999084472656,34.349998474121094,34.689998626708984,48539600
2019-12-16,30.6428165435791,34.70000076293945,35.09000015258789,34.70000076293945,34.95000076293945,50777100
2019-12-17,30.94306755065918,35.040000915527344,35.27000045776367,34.7400016784668,34.849998474121094,50840500
2019-12-18,31.0048770904541,35.11000061035156,35.27000045776367,35.04999923706055,35.11000061035156,48757900
2019-12-19,30.863584518432617,34.95000076293945,35.22999954223633,34.88999938964844,35.150001525878906,45409500
2019-12-20,30.872419357299805,34.959999084472656,35.2400016784668,34.90999984741211,35.2400016784668,109395500
2019-12-23,31.0578670501709,35.16999816894531,35.189998626708984,34.95000076293945,35.040000915527344,33995400
2019-12-24,31.102012634277344,35.220001220703125,35.279998779296875,35.119998931884766,35.189998626708984,13805400
2019-12-26,31.3669376373291,35.52000045776367,35.560001373291016,35.290000915527344,35.31999969482422,26992100
2019-12-27,31.2168197631836,35.349998474121094,35.720001220703125,35.2599983215332,35.70000076293945,28111300
2019-12-30,31.04020500183105,35.150001525878906,35.650001525878906,35.09000015258789,35.56999969482422,30705100
2019-12-31,31.102012634277344,35.220001220703125,35.2599983215332,34.970001220703125,35.029998779296875,29630100
2020-01-02,31.47290802001953,35.63999938964844,35.65999984741211,35.290000915527344,35.349998474121094,37614200
2020-01-03,30.81943321228028,34.900001525878906,35.150001525878906,34.7599983215332,34.97999954223633,50357900
2020-01-06,30.77528190612793,34.849998474121094,34.900001525878906,34.369998931884766,34.40999984741211,42185000
2020-01-07,30.57217788696289,34.619998931884766,34.91999816894531,34.529998779296875,34.70000076293945,34149000
2020-01-08,30.881250381469727,34.970001220703125,35.189998626708984,34.54999923706055,34.56999969482422,45311600
2020-01-09,30.934226989746094,35.029998779296875,35.33000183105469,34.939998626708984,35.29999923706055,39861600
2020-01-10,30.67814445495605,34.7400016784668,35.06999969482422,34.65999984741211,35.0,39730400
2020-01-13,30.96072196960449,35.060001373291016,35.06999969482422,34.65999984741211,34.84000015258789,37956100
2020-01-14,31.19032287597656,35.31999969482422,35.66999816894531,35.11000061035156,35.29999923706055,66719300
2020-01-15,30.616323471069336,34.66999816894531,34.790000915527344,34.34000015258789,34.77000045776367,74745500
2020-01-16,30.660484313964844,34.720001220703125,34.9900016784668,34.599998474121094,34.900001525878906,50368500
2020-01-17,30.65164566040039,34.709999084472656,34.95000076293945,34.599998474121094,34.91999816894531,54156100
2020-01-21,30.25426483154297,34.2599983215332,34.52000045776367,34.220001220703125,34.41999816894531,50811000
2020-01-22,30.34257125854492,34.36000061035156,34.45000076293945,34.22999954223633,34.369998931884766,38879700
2020-01-23,30.130630493164062,34.119998931884766,34.2599983215332,33.72999954223633,34.09000015258789,45717100
2020-01-24,29.618444442749023,33.540000915527344,34.13999938964844,33.27000045776367,34.119998931884766,47797200
2020-01-27,29.00912094116211,32.849998474121094,33.130001068115234,32.470001220703125,32.56999969482422,57096200
2020-01-28,29.35352325439453,33.2400016784668,33.4900016784668,32.95000076293945,33.02000045776367,38834600
2020-01-29,29.15040779113769,33.0099983215332,33.439998626708984,32.97999954223633,33.33000183105469,37414700
2020-01-30,29.56545639038086,33.47999954223633,33.52000045776367,32.66999816894531,32.70000076293945,50542800
2020-01-31,28.991464614868164,32.83000183105469,33.16999816894531,32.650001525878906,33.06999969482422,54845300
2020-02-03,29.11509323120117,32.970001220703125,33.400001525878906,32.91999816894531,33.0,48485500
2020-02-04,29.68909454345703,33.619998931884766,33.900001525878906,33.529998779296875,33.560001373291016,45061600
2020-02-05,30.65164566040039,34.709999084472656,34.810001373291016,34.06999969482422,34.099998474121094,54604800
2020-02-06,30.616323471069336,34.66999816894531,35.0099983215332,34.599998474121094,34.939998626708984,39511500
2020-02-07,30.56333541870117,34.61000061035156,34.65999984741211,34.2400016784668,34.31999969482422,31263000
2020-02-10,30.63399124145508,34.689998626708984,34.689998626708984,34.380001068115234,34.439998626708984,24373800
2020-02-11,30.70462417602539,34.77000045776367,35.040000915527344,34.7599983215332,34.849998474121094,32476300
2020-02-12,30.83709716796875,34.91999816894531,35.45000076293945,34.779998779296875,35.08000183105469,36656700
2020-02-13,30.828271865844727,34.90999984741211,35.029998779296875,34.54999923706055,34.7599983215332,31775100
2020-02-14,30.77528190612793,34.849998474121094,34.959999084472656,34.70000076293945,34.880001068115234,26447700
2020-02-18,30.26309585571289,34.27000045776367,34.83000183105469,34.0099983215332,34.77000045776367,40318000
2020-02-19,30.660484313964844,34.720001220703125,34.849998474121094,34.40999984741211,34.45000076293945,29632100
2020-02-20,30.77528190612793,34.849998474121094,35.08000183105469,34.459999084472656,34.459999084472656,42604100
2020-02-21,30.34257125854492,34.36000061035156,34.63999938964844,34.13999938964844,34.529998779296875,46675500
2020-02-24,28.903154373168945,32.72999954223633,33.209999084472656,32.52000045776367,33.18000030517578,79159600
2020-02-25,27.446075439453125,31.07999992370605,32.7599983215332,30.84000015258789,32.689998626708984,91586800
2020-02-26,27.04868507385254,30.6299991607666,31.600000381469727,30.559999465942383,31.38999938964844,80012800
2020-02-27,25.72407531738281,29.1299991607666,30.299999237060547,28.90999984741211,29.549999237060547,121148300
2020-02-28,25.167734146118164,28.5,28.75,27.700000762939453,28.0,171198800
2020-03-02,25.936010360717773,29.3700008392334,29.3799991607666,27.440000534057617,28.350000381469727,147776300
2020-03-03,24.505420684814453,27.75,29.75,27.6200008392334,29.3700008392334,138698500
2020-03-04,25.070592880249023,28.38999938964844,28.420000076293945,27.39999961853028,28.25,111239800
2020-03-05,23.799739837646484,26.780000686645508,27.350000381469727,26.39999961853028,27.239999771118164,110878700
2020-03-06,22.84881019592285,25.709999084472656,26.209999084472656,25.100000381469727,25.46999931335449,119121200
2020-03-09,19.489473342895508,21.93000030517578,23.489999771118164,21.51000022888184,22.229999542236328,145196000
2020-03-10,20.98251342773437,23.61000061035156,23.68000030517578,21.59000015258789,23.25,134863600
2020-03-11,20.14712142944336,22.670000076293945,23.959999084472656,22.26000022888184,22.84000015258789,127347000
2020-03-12,18.22750473022461,20.51000022888184,22.8700008392334,20.14999961853028,20.59000015258789,139552600
2020-03-13,21.47130584716797,24.15999984741211,24.25,21.479999542236328,22.190000534057617,128357400
2020-03-16,18.16529655456543,20.440000534057617,21.729999542236328,19.57999992370605,19.850000381469727,121688800
2020-03-17,19.533918380737305,21.979999542236328,22.690000534057617,20.030000686645508,21.059999465942383,120065700
2020-03-18,18.476348876953125,20.790000915527344,20.96999931335449,19.700000762939453,20.270000457763672,148272500
2020-03-19,18.840717315673828,21.200000762939453,21.75,19.0,20.26000022888184,122461300
2020-03-20,17.48098373413086,19.670000076293945,21.84000015258789,19.559999465942383,21.76000022888184,150910400
2020-03-23,16.067930221557617,18.07999992370605,19.670000076293945,17.950000762939453,19.26000022888184,181898500
2020-03-24,18.689632415771484,21.030000686645508,21.14999961853028,19.01000022888184,19.420000076293945,147882400
2020-03-25,18.75184440612793,21.100000381469727,22.100000381469727,20.40999984741211,21.709999084472656,146991300
2020-03-26,20.19156265258789,22.71999931335449,22.950000762939453,21.170000076293945,21.309999465942383,116111400
2020-03-27,19.19619941711425,21.600000381469727,22.200000762939453,21.100000381469727,21.68000030517578,91522800
2020-03-30,19.58723258972168,22.040000915527344,22.350000381469727,21.270000457763672,21.64999961853028,80449100
2020-03-31,18.86738014221192,21.229999542236328,22.489999771118164,20.959999084472656,21.81999969482422,95213700
2020-04-01,17.569856643676758,19.770000457763672,20.350000381469727,19.51000022888184,19.93000030517578,83961300
2020-04-02,18.28082656860352,20.56999969482422,20.790000915527344,19.59000015258789,19.64999961853028,70007400
2020-04-03,17.800922393798828,20.030000686645508,20.739999771118164,19.68000030517578,20.39999961853028,68293500
2020-04-06,19.009567260742188,21.38999938964844,21.600000381469727,20.809999465942383,21.030000686645508,97766200
2020-04-07,19.67610549926757,22.13999938964844,22.8799991607666,21.850000381469727,22.799999237060547,94560300
2020-04-08,20.84032440185547,23.450000762939453,23.600000381469727,22.40999984741211,22.40999984741211,81212300
2020-04-09,22.093402862548828,24.86000061035156,25.31999969482422,24.049999237060547,24.06999969482422,125275700
2020-04-13,21.25801467895508,23.920000076293945,24.850000381469727,23.780000686645508,24.780000686645508,83164700
2020-04-14,21.08916282653809,23.729999542236328,24.64999961853028,23.100000381469727,24.5,88991100
2020-04-15,19.72054100036621,22.190000534057617,22.64999961853028,21.90999984741211,22.15999984741211,99082200
2020-04-16,19.03622817993164,21.420000076293945,22.209999084472656,21.09000015258789,22.14999961853028,89213300
2020-04-17,20.68924331665039,23.280000686645508,23.39999961853028,22.309999465942383,22.34000015258789,92800300
2020-04-20,19.99604225158692,22.5,23.1299991607666,22.18000030517578,22.56999969482422,74446300
2020-04-21,19.23175048828125,21.63999938964844,22.3700008392334,21.5,21.89999961853028,78871300
2020-04-22,19.37394142150879,21.799999237060547,22.229999542236328,21.75,22.15999984741211,49669500
2020-04-23,19.436155319213867,21.8700008392334,22.38999938964844,21.850000381469727,21.959999084472656,50614800
2020-04-24,19.711650848388672,22.18000030517578,22.299999237060547,21.670000076293945,22.11000061035156,47633500
2020-04-27,20.85809326171875,23.46999931335449,23.64999961853028,22.450000762939453,22.520000457763672,66916700
2020-04-28,21.231359481811523,23.88999938964844,24.809999465942383,23.850000381469727,24.450000762939453,65504900
2020-04-29,22.022310256958008,24.780000686645508,25.11000061035156,24.51000022888184,24.90999984741211,73493900
2020-04-30,21.3735466003418,24.049999237060547,24.3799991607666,23.850000381469727,24.209999084472656,55244100
2020-05-01,20.51149559020996,23.07999992370605,23.459999084472656,22.809999465942383,23.3799991607666,51772600
2020-05-04,20.378189086914062,22.93000030517578,22.989999771118164,22.43000030517578,22.700000762939453,45886100
2020-05-05,20.13823699951172,22.65999984741211,23.520000457763672,22.6200008392334,23.479999542236328,45691900
2020-05-06,19.862733840942383,22.350000381469727,23.07999992370605,22.229999542236328,23.0,53874600
2020-05-07,20.29820251464844,22.84000015258789,23.3700008392334,22.61000061035156,22.65999984741211,51884300
2020-05-08,20.94696617126465,23.56999969482422,23.6200008392334,23.25,23.46999931335449,45181000
2020-05-11,20.06714057922364,22.57999992370605,23.1200008392334,22.559999465942383,23.11000061035156,68951800
2020-05-12,19.436155319213867,21.8700008392334,22.81999969482422,21.850000381469727,22.709999084472656,69588700
2020-05-13,18.547441482543945,20.8700008392334,21.75,20.71999931335449,21.65999984741211,112113400
2020-05-14,19.2939567565918,21.709999084472656,21.790000915527344,20.100000381469727,20.290000915527344,88359100
2020-05-15,19.054000854492188,21.440000534057617,21.700000762939453,21.229999542236328,21.39999961853028,64484000
2020-05-18,20.378189086914062,22.93000030517578,23.059999465942383,22.06999969482422,22.420000076293945,86589400
2020-05-19,19.738311767578125,22.209999084472656,23.0,22.190000534057617,22.65999984741211,62179000
2020-05-20,20.360414505004883,22.90999984741211,23.0,22.63999938964844,22.68000030517578,59789500
2020-05-21,20.35153007507324,22.89999961853028,23.270000457763672,22.780000686645508,22.809999465942383,57726000
2020-05-22,20.13823699951172,22.65999984741211,22.950000762939453,22.459999084472656,22.93000030517578,48107000
2020-05-26,21.577953338623047,24.280000686645508,24.600000381469727,23.700000762939453,23.75,119485500
2020-05-27,23.088762283325195,25.979999542236328,26.170000076293945,24.96999931335449,26.06999969482422,117672700
2020-05-28,22.093402862548828,24.86000061035156,26.13999938964844,24.790000915527344,26.07999992370605,84340800
2020-05-29,21.43575859069824,24.1200008392334,24.90999984741211,24.059999465942383,24.420000076293945,113811100
2020-06-01,21.87122917175293,24.61000061035156,24.8700008392334,24.049999237060547,24.280000686645508,58375500
2020-06-02,22.07563018798828,24.84000015258789,25.38999938964844,24.559999465942383,24.959999084472656,71118100
2020-06-03,23.097654342651367,25.989999771118164,26.13999938964844,25.38999938964844,25.5,86744600
2020-06-04,23.965715408325195,26.780000686645508,26.82999992370605,25.56999969482422,25.709999084472656,94545300
2020-06-05,25.15594482421875,28.11000061035156,29.01000022888184,27.8799991607666,28.950000762939453,118767900
2020-06-08,25.540760040283203,28.540000915527344,28.89999961853028,28.13999938964844,28.59000015258789,79598500
2020-06-09,25.25438690185547,28.21999931335449,28.540000915527344,27.549999237060547,27.71999931335449,77773400
2020-06-10,23.804628372192383,26.600000381469727,28.100000381469727,26.51000022888184,27.96999931335449,90415300
2020-06-11,21.415218353271484,23.93000030517578,25.690000534057617,23.68000030517578,24.979999542236328,149875500
2020-06-12,22.175893783569336,24.780000686645508,25.049999237060547,24.040000915527344,25.030000686645508,73729700
2020-06-15,22.50701141357422,25.14999961853028,25.170000076293945,23.690000534057617,23.76000022888184,76538900
2020-06-16,23.088701248168945,25.799999237060547,26.239999771118164,24.86000061035156,26.18000030517578,96796500
2020-06-17,22.37277030944824,25.0,25.89999961853028,24.920000076293945,25.89999961853028,58349500
2020-06-18,22.408571243286133,25.040000915527344,25.489999771118164,24.57999992370605,24.700000762939453,53419000
2020-06-19,22.59650230407715,25.25,25.489999771118164,24.489999771118164,25.440000534057617,127563600
2020-06-22,22.0327091217041,24.6200008392334,25.030000686645508,24.61000061035156,24.88999938964844,55484300
2020-06-23,22.184844970703125,24.790000915527344,25.40999984741211,24.76000022888184,25.01000022888184,46108300
2020-06-24,21.30782890319824,23.809999465942383,24.540000915527344,23.68000030517578,24.540000915527344,75437100
2020-06-25,22.1221981048584,24.71999931335449,24.770000457763672,23.549999237060547,23.700000762939453,65031900
2020-06-26,20.717193603515625,23.14999961853028,24.11000061035156,23.020000457763672,24.09000015258789,118139200
2020-06-29,20.93196487426757,23.38999938964844,23.84000015258789,23.100000381469727,23.40999984741211,66269200
2020-06-30,21.254135131835938,23.75,23.90999984741211,23.100000381469727,23.200000762939453,61716200
2020-07-01,20.81562805175781,23.26000022888184,24.06999969482422,23.229999542236328,24.030000686645508,57379900
2020-07-02,20.84247779846192,23.290000915527344,23.989999771118164,23.21999931335449,23.84000015258789,56000200
2020-07-06,21.173593521118164,23.65999984741211,24.07999992370605,23.459999084472656,23.81999969482422,59589000
2020-07-07,20.59190559387207,23.01000022888184,23.38999938964844,22.89999961853028,23.3799991607666,60645800
2020-07-08,20.672447204589844,23.100000381469727,23.190000534057617,22.700000762939453,23.030000686645508,52922600
2020-07-09,20.37712287902832,22.770000457763672,23.15999984741211,22.38999938964844,22.940000534057617,79385900
2020-07-10,21.49575996398925,24.020000457763672,24.049999237060547,22.68000030517578,22.709999084472656,81142900
2020-07-13,21.647899627685547,24.190000534057617,24.51000022888184,23.86000061035156,24.3700008392334,73598100
2020-07-14,21.603151321411133,24.13999938964844,24.14999961853028,23.450000762939453,23.88999938964844,67423100
2020-07-15,22.01481056213379,24.600000381469727,24.8700008392334,24.280000686645508,24.76000022888184,57384400
2020-07-16,21.415218353271484,23.93000030517578,24.21999931335449,23.540000915527344,23.75,78067100
2020-07-17,20.779829025268555,23.21999931335449,23.979999542236328,23.200000762939453,23.8799991607666,66659100
2020-07-20,21.102001190185547,23.57999992370605,23.700000762939453,23.11000061035156,23.190000534057617,61114000
2020-07-21,21.85372734069824,24.420000076293945,24.479999542236328,23.690000534057617,23.709999084472656,75499300
2020-07-22,21.755285263061523,24.309999465942383,24.32999992370605,23.96999931335449,24.239999771118164,52193700
2020-07-23,21.96111488342285,24.540000915527344,24.63999938964844,24.11000061035156,24.520000457763672,61047600
2020-07-24,21.79108047485352,24.350000381469727,24.82999992370605,24.270000457763672,24.559999465942383,50217600
2020-07-27,21.603151321411133,24.13999938964844,24.270000457763672,23.8799991607666,24.21999931335449,54721300
2020-07-28,21.80002784729004,24.36000061035156,24.559999465942383,24.07999992370605,24.1299991607666,48406500
2020-07-29,22.614398956298828,25.270000457763672,25.290000915527344,24.190000534057617,24.36000061035156,71393500
2020-07-30,22.22958755493164,24.84000015258789,24.950000762939453,24.350000381469727,24.71999931335449,61755900
2020-07-31,22.265384674072266,24.8799991607666,24.950000762939453,24.459999084472656,24.93000030517578,61955800
2020-08-03,22.36382293701172,24.989999771118164,25.309999465942383,24.690000534057617,25.030000686645508,58284000
2020-08-04,22.381725311279297,25.01000022888184,25.059999465942383,24.86000061035156,24.959999084472656,37985300
2020-08-05,22.72178840637207,25.38999938964844,25.59000015258789,25.25,25.31999969482422,51322600
2020-08-06,22.79338455200196,25.46999931335449,25.670000076293945,25.280000686645508,25.450000762939453,51999700
2020-08-07,23.366125106811523,26.11000061035156,26.190000534057617,25.26000022888184,25.34000015258789,63354500
2020-08-10,23.76883316040039,26.559999465942383,26.809999465942383,26.209999084472656,26.309999465942383,64051100
2020-08-11,24.090999603271484,26.920000076293945,27.75,26.780000686645508,27.280000686645508,81441000
2020-08-12,23.92096710205078,26.729999542236328,27.56999969482422,26.40999984741211,27.479999542236328,61971300
2020-08-13,23.580904006958008,26.350000381469727,26.670000076293945,26.13999938964844,26.489999771118164,55955500
2020-08-14,23.68829345703125,26.46999931335449,26.65999984741211,25.920000076293945,26.059999465942383,50931900
2020-08-17,23.178194046020508,25.89999961853028,26.40999984741211,25.84000015258789,26.309999465942383,57518700
2020-08-18,22.84707832336425,25.530000686645508,25.989999771118164,25.459999084472656,25.8700008392334,45850100
2020-08-19,22.82023048400879,25.5,26.07999992370605,25.38999938964844,25.65999984741211,59856000
2020-08-20,22.46226501464844,25.100000381469727,25.32999992370605,25.020000457763672,25.15999984741211,49403700
2020-08-21,22.35487937927246,24.979999542236328,25.43000030517578,24.89999961853028,24.979999542236328,55010700
2020-08-24,22.99026298522949,25.690000534057617,25.700000762939453,25.040000915527344,25.21999931335449,54579500
2020-08-25,23.26768684387207,26.0,26.190000534057617,25.729999542236328,26.040000915527344,57304700
2020-08-26,22.873926162719727,25.559999465942383,25.940000534057617,25.540000915527344,25.940000534057617,39478000
2020-08-27,23.31242752075196,26.049999237060547,26.21999931335449,25.440000534057617,25.489999771118164,52934800
2020-08-28,23.53615379333496,26.299999237060547,26.46999931335449,25.989999771118164,26.39999961853028,46466400
2020-08-31,23.035005569458008,25.739999771118164,26.13999938964844,25.690000534057617,26.09000015258789,49416200
2020-09-01,23.008161544799805,25.709999084472656,25.89999961853028,25.39999961853028,25.57999992370605,46109200
2020-09-02,23.28558158874512,26.020000457763672,26.15999984741211,25.489999771118164,25.530000686645508,57300900
2020-09-03,23.12337875366211,25.65999984741211,26.6200008392334,25.459999084472656,26.200000762939453,86192500
2020-09-04,23.91638565063477,26.540000915527344,26.76000022888184,25.799999237060547,26.26000022888184,99621400
2020-09-08,22.961166381835938,25.479999542236328,26.31999969482422,25.38999938964844,26.13999938964844,74978600
2020-09-09,22.98820304870605,25.51000022888184,25.71999931335449,25.229999542236328,25.63999938964844,53822700
2020-09-10,22.6547794342041,25.13999938964844,25.88999938964844,25.07999992370605,25.700000762939453,56609600
2020-09-11,22.979190826416016,25.5,25.57999992370605,25.09000015258789,25.21999931335449,47708300
2020-09-14,23.204479217529297,25.75,25.989999771118164,25.540000915527344,25.670000076293945,47802400
2020-09-15,22.78094482421875,25.280000686645508,25.82999992370605,25.190000534057617,25.770000457763672,63820200
2020-09-16,23.06930923461914,25.600000381469727,25.90999984741211,25.049999237060547,25.280000686645508,64598600
2020-09-17,22.84402275085449,25.350000381469727,25.479999542236328,25.100000381469727,25.1299991607666,48862000
2020-09-18,22.71786117553711,25.209999084472656,25.57999992370605,25.100000381469727,25.14999961853028,94055800
2020-09-21,22.05101203918457,24.46999931335449,24.780000686645508,24.030000686645508,24.56999969482422,75218600
2020-09-22,21.573410034179688,23.940000534057617,24.600000381469727,23.809999465942383,24.270000457763672,68665300
2020-09-23,20.96063041687012,23.26000022888184,24.26000022888184,23.26000022888184,24.100000381469727,59950300
2020-09-24,21.0327205657959,23.34000015258789,23.81999969482422,22.950000762939453,23.3799991607666,53570700
2020-09-25,21.167892456054688,23.489999771118164,23.549999237060547,23.1299991607666,23.280000686645508,42111300
2020-09-28,21.70857620239257,24.09000015258789,24.309999465942383,23.790000915527344,23.8799991607666,47996900
2020-09-29,21.42021369934082,23.770000457763672,23.989999771118164,23.530000686645508,23.979999542236328,45695200
2020-09-30,21.70857620239257,24.09000015258789,24.31999969482422,23.770000457763672,23.780000686645508,56226100
2020-10-01,21.717592239379883,24.100000381469727,24.40999984741211,23.86000061035156,24.270000457763672,44782200
2020-10-02,21.81671524047852,24.209999084472656,24.43000030517578,23.56999969482422,23.63999938964844,51682100
2020-10-05,22.186187744140625,24.6200008392334,24.709999084472656,24.3799991607666,24.520000457763672,44396800
2020-10-06,21.96090316772461,24.3700008392334,25.190000534057617,24.280000686645508,24.920000076293945,67541100
2020-10-07,22.42048454284668,24.8799991607666,25.11000061035156,24.600000381469727,24.6299991607666,47648000
2020-10-08,22.7448959350586,25.239999771118164,25.299999237060547,24.809999465942383,24.950000762939453,52080600
2020-10-09,22.85303497314453,25.36000061035156,25.489999771118164,25.040000915527344,25.34000015258789,44511500
2020-10-12,23.14139747619629,25.68000030517578,25.82999992370605,25.239999771118164,25.299999237060547,48362900
2020-10-13,22.48356437683105,24.950000762939453,25.68000030517578,24.84000015258789,25.63999938964844,61186900
2020-10-14,21.2850399017334,23.6200008392334,24.59000015258789,23.59000015258789,24.350000381469727,127409500
2020-10-15,21.76264953613281,24.14999961853028,24.200000762939453,23.479999542236328,23.59000015258789,66832400
2020-10-16,21.8437442779541,24.239999771118164,24.350000381469727,23.940000534057617,24.200000762939453,58357700
2020-10-19,21.375158309936523,23.71999931335449,24.31999969482422,23.690000534057617,24.299999237060547,51377900
2020-10-20,21.753633499145508,24.13999938964844,24.479999542236328,23.8799991607666,23.88999938964844,62476400
2020-10-21,21.67253494262696,24.049999237060547,24.34000015258789,24.01000022888184,24.21999931335449,41564900
2020-10-22,22.41147422790528,24.8700008392334,24.90999984741211,24.0,24.049999237060547,55402000
2020-10-23,22.43850517272949,24.89999961853028,25.26000022888184,24.709999084472656,25.239999771118164,51007400
2020-10-26,22.11409378051757,24.540000915527344,24.57999992370605,24.14999961853028,24.46999931335449,59450200
2020-10-27,21.492305755615234,23.850000381469727,24.38999938964844,23.809999465942383,24.290000915527344,55009300
2020-10-28,21.149871826171875,23.46999931335449,23.65999984741211,23.1200008392334,23.40999984741211,81942500
2020-10-29,21.212949752807617,23.540000915527344,23.75,23.1200008392334,23.36000061035156,57490400
2020-10-30,21.35713195800781,23.700000762939453,23.84000015258789,23.239999771118164,23.489999771118164,66453400
2020-11-02,21.699567794799805,24.07999992370605,24.26000022888184,23.46999931335449,23.88999938964844,59756400
2020-11-03,22.24926948547364,24.690000534057617,24.940000534057617,24.51000022888184,24.57999992370605,65106200
2020-11-04,21.33911323547364,23.68000030517578,24.13999938964844,23.270000457763672,23.88999938964844,88845500
2020-11-05,22.17717170715332,24.61000061035156,24.790000915527344,23.86000061035156,23.89999961853028,74722600
2020-11-06,21.90683364868164,24.309999465942383,24.959999084472656,24.229999542236328,24.93000030517578,55454500
2020-11-09,25.015783309936523,27.76000022888184,28.270000457763672,26.299999237060547,26.600000381469727,178378800
2020-11-10,24.92566299438477,27.65999984741211,27.76000022888184,27.18000030517578,27.489999771118164,77694600
2020-11-11,24.637296676635746,27.34000015258789,27.770000457763672,27.1200008392334,27.75,48360900
2020-11-12,24.051557540893555,26.690000534057617,26.89999961853028,26.309999465942383,26.84000015258789,67912600
2020-11-13,24.33091354370117,27.0,27.209999084472656,26.76000022888184,26.8799991607666,52421000
2020-11-16,24.85357666015625,27.57999992370605,28.0,27.18000030517578,27.86000061035156,57396700
2020-11-17,24.826539993286133,27.549999237060547,27.600000381469727,27.01000022888184,27.25,46402300
2020-11-18,24.31288719177246,26.979999542236328,27.93000030517578,26.959999084472656,27.6299991607666,54416700
2020-11-19,24.31288719177246,26.979999542236328,27.01000022888184,26.64999961853028,26.93000030517578,46423000
2020-11-20,24.15969657897949,26.809999465942383,26.950000762939453,26.6299991607666,26.739999771118164,40538000
2020-11-23,24.682357788085938,27.38999938964844,27.520000457763672,27.059999465942383,27.11000061035156,45421200
2020-11-24,26.115177154541016,28.979999542236328,28.989999771118164,27.920000076293945,27.93000030517578,80387800
2020-11-25,26.16023635864257,29.030000686645508,29.040000915527344,28.479999542236328,28.709999084472656,57249900
2020-11-27,26.124187469482425,28.989999771118164,29.100000381469727,28.809999465942383,28.96999931335449,25971600
2020-11-30,25.37624168395996,28.15999984741211,28.86000061035156,28.100000381469727,28.71999931335449,63567900
2020-12-01,25.85384559631348,28.690000534057617,29.040000915527344,28.670000076293945,28.739999771118164,50255100
2020-12-02,26.18727302551269,29.059999465942383,29.18000030517578,28.530000686645508,28.690000534057617,45257500
2020-12-03,26.2144718170166,28.90999984741211,29.100000381469727,28.6299991607666,28.940000534057617,54013700
2020-12-04,26.55904197692871,29.290000915527344,29.43000030517578,29.0,29.200000762939453,66188200
2020-12-07,26.37769317626953,29.09000015258789,29.14999961853028,28.690000534057617,28.89999961853028,42197800
2020-12-08,26.232608795166016,28.93000030517578,29.14999961853028,28.770000457763672,28.86000061035156,33869100
2020-12-09,26.114728927612305,28.799999237060547,29.25,28.75,29.25,54886300
2020-12-10,26.39582633972168,29.11000061035156,29.1299991607666,28.46999931335449,28.6299991607666,58859600
2020-12-11,25.906169891357425,28.56999969482422,28.75,28.299999237060547,28.68000030517578,40538400
2020-12-14,25.58880615234375,28.21999931335449,28.959999084472656,28.13999938964844,28.920000076293945,40267100
2020-12-15,25.969646453857425,28.63999938964844,28.81999969482422,28.25,28.350000381469727,43672700
2020-12-16,26.04218482971192,28.71999931335449,28.81999969482422,28.440000534057617,28.799999237060547,42463200
2020-12-17,26.14193153381348,28.82999992370605,28.920000076293945,28.530000686645508,28.709999084472656,43182700
2020-12-18,25.99684715270996,28.670000076293945,29.100000381469727,28.56999969482422,28.88999938964844,82817200
2020-12-21,26.967084884643555,29.739999771118164,29.989999771118164,28.729999542236328,29.100000381469727,93397400
2020-12-22,26.486495971679688,29.209999084472656,29.780000686645508,29.170000076293945,29.780000686645508,39054300
2020-12-23,27.24818229675293,30.049999237060547,30.350000381469727,29.32999992370605,29.38999938964844,52537200
2020-12-24,27.16657066345215,29.959999084472656,30.270000457763672,29.739999771118164,30.270000457763672,22632300
2020-12-28,27.320720672607425,30.1299991607666,30.549999237060547,29.989999771118164,30.229999542236328,32861200
2020-12-29,27.2119140625,30.01000022888184,30.25,29.93000030517578,30.170000076293945,33291900
2020-12-30,27.18470764160156,29.979999542236328,30.21999931335449,29.940000534057617,30.0,26370100
2020-12-31,27.48393821716309,30.309999465942383,30.38999938964844,29.89999961853028,30.01000022888184,28716000
2021-01-04,27.23004722595215,30.030000686645508,30.56999969482422,29.75,30.459999084472656,51483900
2021-01-05,27.438596725463867,30.26000022888184,30.540000915527344,29.90999984741211,30.170000076293945,48507000
2021-01-06,29.152381896972656,32.150001525878906,32.619998931884766,31.36000061035156,31.89999961853028,107002800
2021-01-07,29.796180725097656,32.86000061035156,33.619998931884766,32.84000015258789,33.310001373291016,74358500
2021-01-08,29.4969425201416,32.529998779296875,33.0,32.11000061035156,32.91999816894531,44641400
2021-01-11,29.98660087585449,33.06999969482422,33.130001068115234,31.89999961853028,32.09000015258789,51868200
2021-01-12,30.52159309387207,33.65999984741211,33.970001220703125,33.20000076293945,33.41999816894531,68166200
2021-01-13,30.340234756469727,33.459999084472656,33.68000030517578,33.09000015258789,33.43000030517578,43172800
2021-01-14,30.82081794738769,33.9900016784668,34.369998931884766,33.41999816894531,33.47999954223633,48483500
2021-01-15,29.932191848754883,33.0099983215332,33.630001068115234,32.70000076293945,33.290000915527344,57684300
2021-01-19,29.71456718444824,32.77000045776367,33.599998474121094,32.20000076293945,32.5,78130200
2021-01-20,29.32466506958008,32.34000015258789,32.790000915527344,32.15999984741211,32.7599983215332,53920000
2021-01-21,28.80780982971192,31.770000457763672,32.47999954223633,31.729999542236328,32.34000015258789,49626600
2021-01-22,28.608318328857425,31.549999237060547,31.75,31.25,31.36000061035156,45314500
2021-01-25,28.254684448242188,31.15999984741211,31.299999237060547,30.56999969482422,31.270000457763672,48078400
2021-01-26,28.055194854736328,30.940000534057617,31.43000030517578,30.90999984741211,31.39999961853028,36373000
2021-01-27,27.04869270324707,29.82999992370605,30.43000030517578,29.670000076293945,30.309999465942383,63809200
2021-01-28,27.49300765991211,30.31999969482422,30.75,29.920000076293945,30.420000076293945,51223300
2021-01-29,26.885473251342773,29.64999961853028,30.5,29.59000015258789,30.39999961853028,64019100
2021-02-01,27.16657066345215,29.959999084472656,30.040000915527344,29.56999969482422,29.8700008392334,40985300
2021-02-02,28.136808395385746,31.030000686645508,31.200000762939453,30.540000915527344,30.57999992370605,53527000
2021-02-03,28.635522842407227,31.57999992370605,31.729999542236328,30.8799991607666,30.90999984741211,49404900
2021-02-04,29.46974754333496,32.5,32.529998779296875,31.780000686645508,31.799999237060547,51751900
2021-02-05,29.35186004638672,32.369998931884766,32.90999984741211,32.31999969482422,32.88999938964844,42008800
2021-02-08,30.00472640991211,33.09000015258789,33.279998779296875,32.400001525878906,32.43000030517578,46014100
2021-02-09,29.87778663635254,32.95000076293945,33.02000045776367,32.59000015258789,32.970001220703125,35868600
2021-02-10,29.904991149902344,32.97999954223633,33.41999816894531,32.86000061035156,33.119998931884766,45031900
2021-02-11,29.81431198120117,32.880001068115234,33.310001373291016,32.54999923706055,32.970001220703125,29479900
2021-02-12,30.25862693786621,33.369998931884766,33.45000076293945,32.90999984741211,33.0,37468300
2021-02-16,31.074716567993164,34.27000045776367,34.560001373291016,33.70000076293945,33.97999954223633,52802600
2021-02-17,31.2016544342041,34.40999984741211,34.560001373291016,33.790000915527344,34.040000915527344,45455300
2021-02-18,31.002172470092773,34.189998626708984,34.650001525878906,34.02000045776367,34.060001373291016,37541700
2021-02-19,31.31954002380371,34.540000915527344,34.72999954223633,34.18000030517578,34.20000076293945,54514100
2021-02-22,31.87266540527344,35.150001525878906,35.25,34.40999984741211,34.45000076293945,56783400
2021-02-23,32.20816421508789,35.52000045776367,35.88999938964844,35.13999938964844,35.41999816894531,67440700
2021-02-24,32.987972259521484,36.380001068115234,36.52000045776367,35.599998474121094,35.7400016784668,58139500
2021-02-25,32.579933166503906,35.93000030517578,37.02999877929688,35.7599983215332,36.959999084472656,74762000
2021-02-26,31.473690032958984,34.709999084472656,36.02999877929688,34.68000030517578,35.72999954223633,70933300
2021-03-01,32.45298767089844,35.790000915527344,36.04999923706055,35.2400016784668,35.52000045776367,45901700
2021-03-02,32.217227935791016,35.529998779296875,35.939998626708984,35.5,35.650001525878906,41167400
2021-03-03,33.02425003051758,36.41999816894531,36.970001220703125,35.84000015258789,35.970001220703125,66047000
2021-03-04,33.26117706298828,36.5,36.869998931884766,35.91999816894531,36.13999938964844,96512800
2021-03-05,33.65303039550781,36.93000030517578,37.59999847412109,36.16999816894531,37.02999877929688,74292300
2021-03-08,33.83527374267578,37.130001068115234,37.72999954223633,36.81999969482422,37.380001068115234,65335500
2021-03-09,33.09714889526367,36.31999969482422,37.15999984741211,35.810001373291016,36.54999923706055,63946000
2021-03-10,34.053977966308594,37.369998931884766,37.52999877929688,36.369998931884766,36.540000915527344,53365600
2021-03-11,33.93552017211914,37.2400016784668,37.790000915527344,36.84999847412109,37.27000045776367,45834000
2021-03-12,34.57339859008789,37.93999862670898,38.18000030517578,37.58000183105469,37.91999816894531,46069600
2021-03-15,34.40026092529297,37.75,38.06999969482422,37.220001220703125,38.02999877929688,50131600
2021-03-16,34.30002212524414,37.63999938964844,37.720001220703125,36.970001220703125,37.41999816894531,50300400
2021-03-17,34.58251953125,37.95000076293945,38.36000061035156,37.33000183105469,38.0,63796000
2021-03-18,35.48466491699219,38.93999862670898,39.970001220703125,38.41999816894531,38.5099983215332,95439700
2021-03-19,35.111045837402344,38.52999877929688,38.91999816894531,37.52999877929688,38.290000915527344,106252700
2021-03-22,34.3182487487793,37.65999984741211,38.380001068115234,37.400001525878906,38.08000183105469,54701300
2021-03-23,33.62567901611328,36.900001525878906,37.81999969482422,36.77999877929688,37.36000061035156,49838000
2021-03-24,33.62567901611328,36.900001525878906,37.790000915527344,36.88999938964844,37.209999084472656,43896800
2021-03-25,34.3182487487793,37.65999984741211,37.75,36.630001068115234,36.869998931884766,47517900
2021-03-26,35.247745513916016,38.68000030517578,38.7599983215332,38.08000183105469,38.34999847412109,66846000
2021-03-29,34.91057205200195,38.310001373291016,38.630001068115234,37.86000061035156,38.04999923706055,45680000
2021-03-30,35.53022766113281,38.9900016784668,39.459999084472656,38.630001068115234,38.630001068115234,56705900
2021-03-31,35.25685501098633,38.68999862670898,38.9900016784668,38.459999084472656,38.619998931884766,49270000
2021-04-01,35.985862731933594,39.4900016784668,39.52000045776367,38.720001220703125,38.83000183105469,65587000
2021-04-05,36.26835632324219,39.79999923706055,40.27999877929688,39.59999847412109,40.0,50328500
2021-04-06,36.16810989379883,39.68999862670898,40.150001525878906,39.459999084472656,39.52999877929688,42590100
2021-04-07,36.49616622924805,40.04999923706055,40.150001525878906,39.59000015258789,39.77000045776367,43136400
2021-04-08,36.17722702026367,39.70000076293945,39.84999847412109,39.220001220703125,39.79999923706055,45285900
2021-04-09,36.44150161743164,39.9900016784668,40.18000030517578,39.5099983215332,39.90999984741211,45872900
2021-04-12,36.505279541015625,40.060001373291016,40.380001068115234,39.84999847412109,39.9900016784668,45544600
2021-04-13,35.83094787597656,39.31999969482422,39.81999969482422,39.20000076293945,39.810001373291016,46770400
2021-04-14,36.34125900268555,39.880001068115234,40.33000183105469,38.91999816894531,38.97999954223633,52023800
2021-04-15,35.30241775512695,38.7400016784668,39.84000015258789,38.04999923706055,39.72999954223633,118128900
2021-04-16,35.67603302001953,39.150001525878906,39.41999816894531,38.90999984741211,39.310001373291016,60633400
2021-04-19,35.69425964355469,39.16999816894531,39.43000030517578,39.02999877929688,39.38999938964844,42321100
2021-04-20,34.70097732543945,38.08000183105469,39.0,37.88999938964844,39.0,50834100
2021-04-21,35.284183502197266,38.720001220703125,38.77999877929688,37.40999984741211,37.75,37851800
2021-04-22,34.95613098144531,38.36000061035156,38.77000045776367,38.16999816894531,38.75,48093400
2021-04-23,35.703372955322266,39.18000030517578,39.34000015258789,38.220001220703125,38.31999969482422,48674100
2021-04-26,35.91295623779297,39.40999984741211,39.84999847412109,39.27999877929688,39.34999847412109,34699800
2021-04-27,36.34125900268555,39.880001068115234,39.91999816894531,39.5099983215332,39.66999816894531,34304800
2021-04-28,36.47795104980469,40.02999877929688,40.220001220703125,39.880001068115234,39.93000030517578,34084400
2021-04-29,37.46211242675781,41.11000061035156,41.130001068115234,40.459999084472656,40.54999923706055,44008700
2021-04-30,36.93357849121094,40.52999877929688,40.900001525878906,40.470001220703125,40.84000015258789,39203400
2021-05-03,36.960914611816406,40.560001373291016,41.04999923706055,40.41999816894531,40.869998931884766,41940500
2021-05-04,37.36186981201172,41.0,41.08000183105469,39.77999877929688,40.2400016784668,53880000
2021-05-05,37.71726608276367,41.38999938964844,41.560001373291016,40.7599983215332,41.20000076293945,37471100
2021-05-06,38.2822494506836,42.0099983215332,42.060001373291016,41.2400016784668,41.47999954223633,39044400
2021-05-07,38.43716049194336,42.18000030517578,42.25,41.11000061035156,41.130001068115234,39249200
2021-05-10,38.31869888305664,42.04999923706055,42.93999862670898,42.02999877929688,42.5,41271500
2021-05-11,37.881290435791016,41.56999969482422,42.34000015258789,41.34000015258789,41.54999923706055,42964700
2021-05-12,37.52590560913086,41.18000030517578,42.560001373291016,41.040000915527344,42.380001068115234,47533000
2021-05-13,38.12733459472656,41.84000015258789,42.09000015258789,40.77999877929688,40.86000061035156,42026100
2021-05-14,38.6011962890625,42.36000061035156,42.47999954223633,41.91999816894531,42.060001373291016,30932600
2021-05-17,38.94746780395508,42.7400016784668,42.84999847412109,42.15999984741211,42.2400016784668,32656400
2021-05-18,38.418941497802734,42.15999984741211,42.95000076293945,42.13999938964844,42.70000076293945,37880300
2021-05-19,38.24579620361328,41.970001220703125,42.0,41.310001373291016,41.650001525878906,42672800
2021-05-20,38.1546745300293,41.869998931884766,42.130001068115234,41.459999084472656,41.900001525878906,36871100
2021-05-21,38.63764572143555,42.400001525878906,42.59999847412109,41.88999938964844,42.02000045776367,40243800
2021-05-24,38.84724426269531,42.630001068115234,42.77999877929688,42.25,42.58000183105469,31390800
2021-05-25,38.2822494506836,42.0099983215332,43.2599983215332,41.93000030517578,42.68999862670898,52657700
2021-05-26,38.30958557128906,42.040000915527344,42.25,41.65999984741211,42.02000045776367,41332800
2021-05-27,38.77433776855469,42.54999923706055,42.84999847412109,42.119998931884766,42.47999954223633,52981100
2021-05-28,38.6285285949707,42.38999938964844,42.709999084472656,42.04999923706055,42.65999984741211,38509700
2021-06-01,39.11149978637695,42.91999816894531,43.27999877929688,42.77000045776367,42.95000076293945,42890700
2021-06-02,39.12972259521485,42.93999862670898,43.16999816894531,42.59999847412109,43.09999847412109,34180500
2021-06-03,39.578121185302734,43.25,43.4900016784668,42.68000030517578,42.77000045776367,46981200
2021-06-04,39.59643173217773,43.27000045776367,43.38999938964844,42.83000183105469,43.2400016784668,37192600
2021-06-07,39.45915985107422,43.119998931884766,43.38999938964844,43.060001373291016,43.27000045776367,28401900
2021-06-08,39.23953628540039,42.880001068115234,43.2400016784668,42.43000030517578,42.86000061035156,41871400
2021-06-09,38.727081298828125,42.31999969482422,42.72999954223633,42.11000061035156,42.470001220703125,42366300
2021-06-10,38.15056991577149,41.68999862670898,42.959999084472656,41.619998931884766,42.7599983215332,40123600
2021-06-11,38.306129455566406,41.86000061035156,41.88999938964844,41.5099983215332,41.810001373291016,31203600
2021-06-14,37.84859085083008,41.36000061035156,41.90999984741211,41.060001373291016,41.84999847412109,36050700
2021-06-15,37.87603378295898,41.38999938964844,41.560001373291016,40.900001525878906,41.27999877929688,39247900
2021-06-16,38.08651351928711,41.619998931884766,41.9900016784668,40.66999816894531,41.27999877929688,63859100
2021-06-17,36.42102813720703,39.79999923706055,42.09999847412109,39.720001220703125,42.02000045776367,80728200
2021-06-18,35.48762512207031,38.77999877929688,39.29999923706055,38.4900016784668,39.0099983215332,102774200
2021-06-21,36.37527084350586,39.75,39.77999877929688,39.02999877929688,39.119998931884766,48119400
2021-06-22,36.57658767700195,39.970001220703125,40.2599983215332,39.27999877929688,39.880001068115234,44113200
2021-06-23,36.78706741333008,40.20000076293945,40.41999816894531,40.06999969482422,40.15999984741211,32039900
2021-06-24,37.36357879638672,40.83000183105469,41.0099983215332,40.18000030517578,40.43999862670898,37161800
2021-06-25,38.08651351928711,41.619998931884766,41.83000183105469,40.84000015258789,41.27000045776367,53178800
2021-06-28,38.03160095214844,41.560001373291016,41.58000183105469,41.09999847412109,41.459999084472656,34416500
2021-06-29,37.41848373413086,40.88999938964844,41.95000076293945,40.75,41.630001068115234,38519600
2021-06-30,37.7296142578125,41.22999954223633,41.36000061035156,40.720001220703125,40.7599983215332,29159800
2021-07-01,38.0133056640625,41.540000915527344,41.70000076293945,41.209999084472656,41.560001373291016,28045100
2021-07-02,37.65641403198242,41.150001525878906,41.470001220703125,41.09999847412109,41.369998931884766,28980800
2021-07-06,36.66810607910156,40.06999969482422,40.880001068115234,39.869998931884766,40.810001373291016,47578700
2021-07-07,36.37527084350586,39.75,40.0,39.36000061035156,39.56999969482422,43499900
2021-07-08,35.48762512207031,38.77999877929688,39.2400016784668,38.47999954223633,38.619998931884766,52793100
2021-07-09,36.6406478881836,40.040000915527344,40.2400016784668,39.400001525878906,39.650001525878906,43887200
2021-07-12,37.18056488037109,40.630001068115234,40.810001373291016,39.63999938964844,39.790000915527344,42624500
2021-07-13,36.47592926025391,39.86000061035156,40.47999954223633,39.58000183105469,40.47999954223633,54338100
2021-07-14,35.56083297729492,38.86000061035156,39.54999923706055,37.790000915527344,39.11000061035156,105651700
2021-07-15,35.533382415771484,38.83000183105469,39.33000183105469,38.31999969482422,38.38999938964844,54697300
2021-07-16,34.70063400268555,37.91999816894531,39.290000915527344,37.59000015258789,39.220001220703125,60469700
2021-07-19,33.7946891784668,36.93000030517578,37.25,36.5099983215332,36.75,83251500
2021-07-20,34.490169525146484,37.68999862670898,38.119998931884766,36.61000061035156,36.86000061035156,59462900
2021-07-21,35.19478988647461,38.459999084472656,38.77000045776367,37.97999954223633,38.04999923706055,49907400
2021-07-22,34.73723602294922,37.959999084472656,38.400001525878906,37.68000030517578,38.36000061035156,52715600
2021-07-23,34.49931716918945,37.70000076293945,38.27000045776367,37.560001373291016,38.20000076293945,48659400
2021-07-26,34.8928108215332,38.130001068115234,38.2400016784668,37.65999984741211,37.65999984741211,32258000
2021-07-27,34.75554275512695,37.97999954223633,38.2400016784668,37.459999084472656,37.720001220703125,39121400
2021-07-28,34.8928108215332,38.130001068115234,38.5,37.75,38.18999862670898,43331100
2021-07-29,35.396121978759766,38.68000030517578,38.97999954223633,38.369998931884766,38.54999923706055,43039100
2021-07-30,35.103275299072266,38.36000061035156,38.83000183105469,38.04999923706055,38.5099983215332,46210100
2021-08-02,34.73723602294922,37.959999084472656,38.95000076293945,37.90999984741211,38.400001525878906,49894000
2021-08-03,35.27714920043945,38.54999923706055,38.630001068115234,37.54999923706055,38.060001373291016,39680600
2021-08-04,35.02091598510742,38.27000045776367,38.77000045776367,37.86000061035156,38.02999877929688,42289800
2021-08-05,35.707244873046875,39.02000045776367,39.060001373291016,38.54999923706055,38.56999969482422,34754500
2021-08-06,36.741310119628906,40.150001525878906,40.40999984741211,39.470001220703125,39.470001220703125,58022300
2021-08-09,37.21715927124024,40.66999816894531,40.959999084472656,39.79999923706055,40.04999923706055,56340100
2021-08-10,37.91264343261719,41.43000030517578,41.619998931884766,40.58000183105469,40.709999084472656,44987300
2021-08-11,38.38848876953125,41.95000076293945,42.18999862670898,41.47999954223633,41.59999847412109,58458200
2021-08-12,38.57151794433594,42.150001525878906,42.290000915527344,41.77000045776367,42.22999954223633,37400100
2021-08-13,38.09566879272461,41.630001068115234,42.22999954223633,41.43000030517578,42.09000015258789,41344900
2021-08-16,37.78453063964844,41.290000915527344,41.29999923706055,40.61000061035156,41.15999984741211,38599100
2021-08-17,37.601505279541016,41.09000015258789,41.56999969482422,40.619998931884766,41.04999923706055,43526900
2021-08-18,37.32697296142578,40.790000915527344,41.52999877929688,40.65999984741211,40.77000045776367,50342500
2021-08-19,36.77791595458984,40.18999862670898,40.66999816894531,40.0099983215332,40.119998931884766,51883900
2021-08-20,36.942630767822266,40.369998931884766,40.470001220703125,39.90999984741211,40.09000015258789,40415000
2021-08-23,37.43678665161133,40.90999984741211,41.09999847412109,40.59999847412109,40.630001068115234,35364500
2021-08-24,37.95840072631836,41.47999954223633,41.68000030517578,41.040000915527344,41.09999847412109,35579300
2021-08-25,38.57151794433594,42.150001525878906,42.45000076293945,41.540000915527344,41.65999984741211,51219900
2021-08-26,38.47085189819336,42.040000915527344,42.84000015258789,42.02000045776367,42.5,41184500
2021-08-27,38.88265228271485,42.4900016784668,42.650001525878906,41.93999862670898,42.119998931884766,46468600
2021-08-30,38.12311553955078,41.65999984741211,42.630001068115234,41.630001068115234,42.630001068115234,44855600
2021-08-31,38.20547103881836,41.75,42.06999969482422,41.36000061035156,41.66999816894531,54654600
2021-09-01,37.69301223754883,41.18999862670898,41.77999877929688,41.02999877929688,41.75,52361900
2021-09-02,37.72981262207031,41.02000045776367,41.4900016784668,40.63999938964844,41.11000061035156,44538900
2021-09-03,37.75739669799805,41.04999923706055,41.18999862670898,40.68000030517578,41.02000045776367,41812400
2021-09-07,38.00575256347656,41.31999969482422,41.84999847412109,41.18000030517578,41.25,43748600
2021-09-08,37.509056091308594,40.77999877929688,41.4900016784668,40.68000030517578,41.08000183105469,36064400
2021-09-09,37.64702987670898,40.93000030517578,41.34999847412109,40.560001373291016,40.65999984741211,36266400
2021-09-10,37.03997421264648,40.27000045776367,41.34999847412109,40.2400016784668,41.220001220703125,40514700
2021-09-13,37.656227111816406,40.93999862670898,40.959999084472656,40.34999847412109,40.59999847412109,42036300
2021-09-14,36.64445495605469,39.84000015258789,41.310001373291016,39.65999984741211,41.130001068115234,53820400
2021-09-15,36.92039489746094,40.13999938964844,40.34000015258789,39.66999816894531,39.72999954223633,52358200
2021-09-16,37.20552444458008,40.45000076293945,40.810001373291016,40.20000076293945,40.47999954223633,42922000
2021-09-17,37.25152206420898,40.5,40.66999816894531,40.08000183105469,40.34000015258789,92746000
2021-09-20,35.9730110168457,39.11000061035156,39.459999084472656,38.36000061035156,39.380001068115234,67566200
2021-09-21,35.99140548706055,39.130001068115234,39.59999847412109,38.93999862670898,39.27000045776367,38271100
2021-09-22,36.92039489746094,40.13999938964844,40.52000045776367,39.75,39.75,46261400
2021-09-23,38.3460693359375,41.68999862670898,41.880001068115234,40.650001525878906,40.7599983215332,49779800
2021-09-24,38.75996780395508,42.13999938964844,42.34000015258789,41.650001525878906,41.720001220703125,39042300
2021-09-27,39.79014205932617,43.2599983215332,43.43000030517578,42.63999938964844,42.68000030517578,49755400
2021-09-28,39.69816589355469,43.15999984741211,44.040000915527344,43.060001373291016,43.43000030517578,60781200
2021-09-29,39.61538314819336,43.06999969482422,43.31999969482422,42.7400016784668,43.18000030517578,44260200
2021-09-30,39.04511260986328,42.45000076293945,43.34999847412109,42.22999954223633,43.34999847412109,47410800
2021-10-01,39.62458038330078,43.08000183105469,43.43000030517578,42.38999938964844,42.47999954223633,40987100
2021-10-04,39.86372756958008,43.34000015258789,44.06999969482422,43.06999969482422,43.11000061035156,48273400
2021-10-05,40.67314529418945,44.220001220703125,44.75,43.66999816894531,43.77000045776367,54070700
2021-10-06,40.691532135009766,44.2400016784668,44.290000915527344,43.54999923706055,43.84999847412109,47031700
2021-10-07,40.58115768432617,44.119998931884766,44.869998931884766,44.02999877929688,44.790000915527344,46258800
2021-10-08,40.78351211547852,44.34000015258789,44.810001373291016,43.91999816894531,44.06999969482422,39389400
2021-10-11,40.2684326171875,43.77999877929688,44.810001373291016,43.75,44.59999847412109,36283500
2021-10-12,40.04767608642578,43.540000915527344,44.0,43.27000045776367,43.66999816894531,36898300
2021-10-13,39.67977142333984,43.13999938964844,43.63999938964844,42.33000183105469,43.54999923706055,43908000
2021-10-14,41.4549560546875,45.06999969482422,45.09999847412109,43.47999954223633,44.369998931884766,82201000
2021-10-15,42.650691986083984,46.369998931884766,46.66999816894531,45.36000061035156,45.77000045776367,64264900
2021-10-18,42.56791305541992,46.27999877929688,46.88999938964844,46.02999877929688,46.290000915527344,49542500
2021-10-19,42.75185775756836,46.47999954223633,46.630001068115234,46.20000076293945,46.5,32515500
2021-10-20,43.31293869018555,47.09000015258789,47.2400016784668,46.04999923706055,46.4900016784668,40411000
2021-10-21,43.07379150390625,46.83000183105469,47.47999954223633,46.61000061035156,47.09999847412109,36848600
2021-10-22,43.75444030761719,47.56999969482422,47.619998931884766,46.9900016784668,46.9900016784668,36225600
2021-10-25,43.699249267578125,47.5099983215332,47.97999954223633,47.20000076293945,47.79999923706055,31679500
2021-10-26,44.11315536499024,47.959999084472656,48.43000030517578,47.43999862670898,47.65999984741211,35674800
2021-10-27,43.26695251464844,47.040000915527344,48.16999816894531,47.02999877929688,47.47999954223633,45790800
2021-10-28,43.94758605957031,47.77999877929688,48.0,47.29999923706055,47.59000015258789,37209600
2021-10-29,43.94758605957031,47.77999877929688,48.130001068115234,47.52000045776367,47.75,31756200
2021-11-01,44.0119743347168,47.84999847412109,48.16999816894531,47.27999877929688,48.09999847412109,36937200
2021-11-02,44.03957748413086,47.880001068115234,48.41999816894531,47.34999847412109,47.56999969482422,36283400
2021-11-03,44.49026870727539,48.369998931884766,48.68999862670898,47.61000061035156,47.79999923706055,42553000
2021-11-04,43.53368377685547,47.33000183105469,48.150001525878906,46.880001068115234,48.150001525878906,47646300
2021-11-05,43.20255661010742,46.970001220703125,47.81999969482422,46.81999969482422,47.59999847412109,38271200
2021-11-08,43.54288864135742,47.34000015258789,47.79999923706055,47.25,47.34999847412109,33815500
2021-11-09,43.11978149414063,46.880001068115234,47.36000061035156,46.40999984741211,46.650001525878906,36900300
2021-11-10,43.441707611083984,47.22999954223633,47.52000045776367,46.650001525878906,46.75,39385600
2021-11-11,43.68086242675781,47.4900016784668,47.88999938964844,47.0099983215332,47.310001373291016,31194800
2021-11-12,43.147369384765625,46.90999984741211,47.52999877929688,46.7599983215332,47.5099983215332,44268500
2021-11-15,43.276145935058594,47.04999923706055,47.38999938964844,46.900001525878906,47.2599983215332,35335500
2021-11-16,43.303741455078125,47.08000183105469,47.27999877929688,46.68999862670898,47.18000030517578,35120800
2021-11-17,42.77946472167969,46.5099983215332,47.20000076293945,46.45000076293945,47.08000183105469,32963700
2021-11-18,42.60469436645508,46.31999969482422,46.810001373291016,46.209999084472656,46.709999084472656,30639000
2021-11-19,41.75849151611328,45.400001525878906,45.77000045776367,44.83000183105469,45.70000076293945,48429500
2021-11-22,42.56791305541992,46.27999877929688,46.869998931884766,45.90999984741211,46.720001220703125,53697100
2021-11-23,43.690059661865234,47.5,47.650001525878906,46.66999816894531,46.869998931884766,49362900
2021-11-24,43.80962753295898,47.630001068115234,47.97999954223633,47.209999084472656,47.41999816894531,40060000
2021-11-26,42.08961486816406,45.7599983215332,46.040000915527344,44.75,45.52000045776367,55110100
2021-11-29,41.933250427246094,45.59000015258789,46.70000076293945,45.16999816894531,46.41999816894531,50231100
2021-11-30,40.9030876159668,44.470001220703125,45.220001220703125,44.36000061035156,44.7599983215332,77193600
2021-12-01,40.32362747192383,43.84000015258789,45.70000076293945,43.810001373291016,45.220001220703125,60601600
2021-12-02,41.48812484741211,44.88999938964844,45.5,44.0,44.33000183105469,57821400
2021-12-03,40.54542541503906,43.869998931884766,45.06999969482422,43.59999847412109,45.0,74605300
2021-12-06,40.8042106628418,44.150001525878906,44.880001068115234,43.959999084472656,44.560001373291016,48193100
2021-12-07,41.32177734375,44.709999084472656,44.90999984741211,44.43000030517578,44.560001373291016,40740800
2021-12-08,40.81345748901367,44.15999984741211,44.79999923706055,44.09000015258789,44.68000030517578,50560300
2021-12-09,41.11845397949219,44.4900016784668,44.72999954223633,43.650001525878906,43.90999984741211,37316700
2021-12-10,41.14617156982422,44.52000045776367,44.83000183105469,44.06999969482422,44.709999084472656,37700200
2021-12-13,40.27740859985352,43.58000183105469,44.400001525878906,43.38999938964844,44.27000045776367,38653900
2021-12-14,40.78573226928711,44.130001068115234,44.81999969482422,43.52999877929688,43.59000015258789,47099400
2021-12-15,40.61012649536133,43.93999862670898,44.45000076293945,43.619998931884766,44.369998931884766,60057100
2021-12-16,41.58980178833008,45.0,45.36000061035156,44.09000015258789,44.70000076293945,69487200
2021-12-17,40.55466842651367,43.880001068115234,44.70000076293945,43.619998931884766,44.5,124242400
2021-12-20,39.88923645019531,43.15999984741211,43.36000061035156,42.70000076293945,43.27000045776367,56455200
2021-12-21,40.84118270874024,44.18999862670898,44.47999954223633,43.540000915527344,43.540000915527344,47845600
2021-12-22,40.92435836791992,44.27999877929688,44.58000183105469,43.880001068115234,44.08000183105469,35715700
2021-12-23,41.053741455078125,44.41999816894531,45.06999969482422,44.400001525878906,44.68000030517578,34053500
2021-12-27,41.25707244873047,44.63999938964844,44.81999969482422,44.310001373291016,44.54999923706055,33879200
2021-12-28,41.312530517578125,44.70000076293945,45.08000183105469,44.41999816894531,44.470001220703125,32492400
2021-12-29,41.24783706665039,44.630001068115234,45.119998931884766,44.59999847412109,44.84999847412109,25294900
2021-12-30,41.15541458129883,44.52999877929688,45.09999847412109,44.47999954223633,44.75,23852200
2021-12-31,41.11845397949219,44.4900016784668,44.720001220703125,44.27999877929688,44.52000045776367,24253900
2022-01-03,42.68036651611328,46.18000030517578,46.4900016784668,44.97999954223633,45.09000015258789,58587900
2022-01-04,44.35321044921875,47.9900016784668,48.43000030517578,47.040000915527344,47.060001373291016,74606700
2022-01-05,43.60459518432617,47.18000030517578,48.369998931884766,47.15999984741211,48.13999938964844,57791600
2022-01-06,44.48259735107422,48.130001068115234,48.15999984741211,47.18999862670898,47.97999954223633,52040900
2022-01-07,45.45301818847656,49.18000030517578,49.310001373291016,48.060001373291016,48.150001525878906,59082600
2022-01-10,45.22196578979492,48.93000030517578,50.08000183105469,48.34000015258789,49.90999984741211,66839500
2022-01-11,45.480751037597656,49.209999084472656,49.25,48.63999938964844,48.9900016784668,40454400
2022-01-12,45.15727615356445,48.86000061035156,49.380001068115234,48.68000030517578,49.16999816894531,41378000
2022-01-13,45.064849853515625,48.7599983215332,49.4900016784668,48.630001068115234,48.91999816894531,46337500
2022-01-14,44.27926254272461,47.90999984741211,48.22999954223633,47.18999862670898,47.52000045776367,72953300
2022-01-18,42.75431060791016,46.2599983215332,47.91999816894531,46.04999923706055,47.84999847412109,65877400
2022-01-19,42.9206657409668,46.43999862670898,48.58000183105469,46.34999847412109,48.38999938964844,84451800
2022-01-20,42.28295516967773,45.75,47.04999923706055,45.65999984741211,46.68999862670898,46265300
2022-01-21,41.51586151123047,44.91999816894531,46.02000045776367,44.65999984741211,45.56999969482422,71303600
2022-01-24,41.17390060424805,44.54999923706055,44.68999862670898,42.59000015258789,43.900001525878906,90672700
2022-01-25,41.987213134765625,45.43000030517578,45.56999969482422,43.83000183105469,44.290000915527344,73555300
2022-01-26,42.42159271240234,45.900001525878906,46.459999084472656,45.2599983215332,45.77999877929688,63735800
2022-01-27,42.024173736572266,45.470001220703125,46.75,45.09000015258789,46.369998931884766,63402400
2022-01-28,42.39387130737305,45.869998931884766,45.88999938964844,44.45000076293945,45.33000183105469,51048300
2022-01-31,42.64340591430664,46.13999938964844,46.27000045776367,45.220001220703125,45.52000045776367,44793700
2022-02-01,43.38278579711914,46.93999862670898,47.09999847412109,45.900001525878906,46.209999084472656,40326600
2022-02-02,43.336570739746094,46.88999938964844,46.959999084472656,46.29999923706055,46.720001220703125,41125600
2022-02-03,42.91142654418945,46.43000030517578,47.290000915527344,46.34999847412109,47.220001220703125,35879900
2022-02-04,44.6212272644043,48.27999877929688,48.68999862670898,46.68000030517578,47.08000183105469,60297100
2022-02-07,44.83380126953125,48.5099983215332,48.7599983215332,47.9900016784668,48.560001373291016,44824800
2022-02-08,45.63787078857422,49.380001068115234,50.02000045776367,48.93999862670898,49.150001525878906,49560500
2022-02-09,45.545448303222656,49.27999877929688,49.790000915527344,49.02999877929688,49.220001220703125,33861100
2022-02-10,45.33288192749024,49.04999923706055,50.11000061035156,48.7599983215332,49.68000030517578,47082800
2022-02-11,44.28850936889648,47.91999816894531,49.43999862670898,47.5,48.630001068115234,61056000
2022-02-14,43.82639694213867,47.41999816894531,48.18999862670898,46.93999862670898,48.02000045776367,44791900
2022-02-15,44.16836929321289,47.790000915527344,48.369998931884766,47.56999969482422,48.0,42397600
2022-02-16,44.06669998168945,47.68000030517578,48.2400016784668,47.310001373291016,47.43999862670898,36664600
2022-02-17,42.578712463378906,46.06999969482422,47.290000915527344,45.95000076293945,47.0,49442400
2022-02-18,42.477046966552734,45.959999084472656,46.540000915527344,45.720001220703125,46.06999969482422,37856500
2022-02-22,42.107364654541016,45.560001373291016,45.97999954223633,45.040000915527344,45.16999816894531,51905600
2022-02-23,41.38646697998047,44.77999877929688,46.11000061035156,44.56999969482422,45.95000076293945,45704900
2022-02-24,40.29587936401367,43.59999847412109,43.68000030517578,42.04999923706055,43.0,80484800
2022-02-25,41.6082878112793,45.02000045776367,45.34999847412109,43.630001068115234,43.810001373291016,68530700
2022-02-28,40.85042953491211,44.20000076293945,44.2599983215332,43.43999862670898,43.720001220703125,69955300
2022-03-01,39.25152587890625,42.470001220703125,43.7400016784668,41.93000030517578,43.709999084472656,74895600
2022-03-02,39.88923645019531,43.15999984741211,43.540000915527344,42.619998931884766,42.7400016784668,70834600
2022-03-03,39.46202087402344,42.4900016784668,43.5,42.209999084472656,43.09000015258789,48733800
2022-03-04,38.0317611694336,40.95000076293945,41.43999862670898,40.31999969482422,41.43000030517578,75572800
2022-03-07,35.607757568359375,38.34000015258789,40.11000061035156,38.209999084472656,39.93000030517578,109779000
2022-03-08,35.839942932128906,38.59000015258789,39.65999984741211,38.16999816894531,39.06999969482422,76553800
2022-03-09,38.115352630615234,41.040000915527344,41.61000061035156,40.15999984741211,40.310001373291016,78207900
2022-03-10,37.77170944213867,40.66999816894531,41.47999954223633,40.11000061035156,40.290000915527344,48804400
2022-03-11,37.4559440612793,40.33000183105469,41.380001068115234,40.290000915527344,41.040000915527344,43946600
2022-03-14,38.26395034790039,41.20000076293945,42.18000030517578,40.900001525878906,40.900001525878906,54262400
2022-03-15,38.54256820678711,41.5,41.77999877929688,40.869998931884766,41.2599983215332,41395300
2022-03-16,39.74991607666016,42.79999923706055,43.04999923706055,41.91999816894531,42.2400016784668,59477600
2022-03-17,39.96353149414063,43.02999877929688,43.040000915527344,41.83000183105469,42.40999984741211,50260200
2022-03-18,39.84280014038086,42.900001525878906,42.93000030517578,42.2599983215332,42.7599983215332,74470600
2022-03-21,39.78706741333008,42.84000015258789,43.43000030517578,42.5099983215332,43.34999847412109,47106400
2022-03-22,41.03158187866211,44.18000030517578,44.630001068115234,43.70000076293945,43.81999969482422,52360600
2022-03-23,40.019264221191406,43.09000015258789,44.0099983215332,43.02999877929688,43.720001220703125,48539300
2022-03-24,40.00068664550781,43.06999969482422,43.43000030517578,42.88999938964844,43.380001068115234,30360800
2022-03-25,40.6136474609375,43.72999954223633,44.2599983215332,43.33000183105469,43.47999954223633,38968100
2022-03-28,40.446475982666016,43.54999923706055,43.75,42.83000183105469,43.709999084472656,37428600
2022-03-29,40.34431838989258,43.43999862670898,44.38999938964844,43.11000061035156,44.25,46355800
2022-03-30,39.93567657470703,43.0,43.650001525878906,42.75,43.43999862670898,36601800
2022-03-31,38.282527923583984,41.220001220703125,42.88999938964844,41.20000076293945,42.84000015258789,67902500
2022-04-01,37.985328674316406,40.900001525878906,41.7400016784668,40.34999847412109,41.68999862670898,61929200
2022-04-04,37.920318603515625,40.83000183105469,41.13999938964844,40.15999984741211,40.47999954223633,53761700
2022-04-05,37.27948760986328,40.13999938964844,40.7599983215332,40.040000915527344,40.43999862670898,51781700
2022-04-06,36.8708381652832,39.70000076293945,40.0099983215332,39.34999847412109,39.7400016784668,54159800
2022-04-07,36.58293533325195,39.38999938964844,39.97999954223633,38.84999847412109,39.88999938964844,54585000
2022-04-08,36.84298324584961,39.66999816894531,40.09999847412109,39.31999969482422,39.4900016784668,41018900
2022-04-11,36.7686767578125,39.59000015258789,40.400001525878906,39.38999938964844,39.47999954223633,34198700
2022-04-12,36.37861251831055,39.16999816894531,40.08000183105469,38.84999847412109,39.56999969482422,42855300
2022-04-13,36.05355072021485,38.81999969482422,39.0099983215332,38.36000061035156,38.5,45484200
2022-04-14,34.89263153076172,37.56999969482422,38.970001220703125,37.41999816894531,38.4900016784668,79032000
2022-04-18,36.08141326904297,38.84999847412109,39.310001373291016,37.220001220703125,37.41999816894531,80080300
2022-04-19,36.75010299682617,39.56999969482422,39.880001068115234,39.11000061035156,39.209999084472656,53714200
2022-04-20,36.83369064331055,39.65999984741211,40.369998931884766,39.61000061035156,40.150001525878906,47064300
2022-04-21,36.13713836669922,38.90999984741211,40.209999084472656,38.619998931884766,40.0,46245900
2022-04-22,34.88334655761719,37.560001373291016,38.84999847412109,37.5,38.810001373291016,50409800
2022-04-25,34.63258743286133,37.290000915527344,37.400001525878906,35.93000030517578,36.88999938964844,64301100
2022-04-26,33.85245132446289,36.45000076293945,37.540000915527344,36.41999816894531,36.880001068115234,44809900
2022-04-27,33.66668701171875,36.25,36.90999984741211,36.16999816894531,36.27000045776367,39824900
2022-04-28,34.18679428100586,36.810001373291016,36.95000076293945,36.15999984741211,36.72999954223633,39567800
2022-04-29,33.1373176574707,35.68000030517578,37.130001068115234,35.540000915527344,36.75,47385200
2022-05-02,33.56454086303711,36.13999938964844,36.27999877929688,35.400001525878906,36.02999877929688,46652200
2022-05-03,34.48398971557617,37.130001068115234,37.630001068115234,36.33000183105469,36.34000015258789,48926000
2022-05-04,35.8677978515625,38.619998931884766,38.75,37.27999877929688,37.369998931884766,57860300
2022-05-05,34.864768981933594,37.540000915527344,38.209999084472656,36.869998931884766,38.04999923706055,48860600
2022-05-06,34.781192779541016,37.45000076293945,37.619998931884766,36.61000061035156,37.369998931884766,50440100
2022-05-09,33.77814865112305,36.369998931884766,37.060001373291016,36.060001373291016,36.869998931884766,51242000
2022-05-10,33.21161651611328,35.7599983215332,37.130001068115234,35.18000030517578,36.75,60235300
2022-05-11,33.035152435302734,35.56999969482422,36.91999816894531,35.5099983215332,35.900001525878906,54969300
2022-05-12,32.5707893371582,35.06999969482422,35.43000030517578,34.2599983215332,35.0099983215332,61231500
2022-05-13,32.66366195678711,35.16999816894531,35.72999954223633,34.7599983215332,35.529998779296875,49117900
2022-05-16,32.32931900024414,34.810001373291016,35.16999816894531,34.40999984741211,35.0,39076500
2022-05-17,33.425235748291016,35.9900016784668,36.220001220703125,35.43000030517578,35.619998931884766,42635600
2022-05-18,32.39433288574219,34.880001068115234,35.689998626708984,34.599998474121094,35.619998931884766,47396900
2022-05-19,31.994972229003903,34.45000076293945,34.84000015258789,34.25,34.290000915527344,47002700
2022-05-20,31.447021484375,33.86000061035156,34.97999954223633,32.959999084472656,34.79999923706055,62406500
2022-05-23,33.31378555297852,35.869998931884766,36.2599983215332,34.65999984741211,34.7599983215332,69081900
2022-05-24,33.109458923339844,35.650001525878906,35.959999084472656,34.959999084472656,35.470001220703125,46146700
2022-05-25,33.285911560058594,35.84000015258789,36.27000045776367,35.290000915527344,35.5,49343400
2022-05-26,34.0567741394043,36.66999816894531,36.84000015258789,36.34000015258789,36.5,60201200
2022-05-27,34.38182830810547,37.02000045776367,37.04999923706055,36.58000183105469,36.88999938964844,43365600
2022-05-31,34.54899978637695,37.20000076293945,37.52999877929688,36.61000061035156,36.81999969482422,71609200
2022-06-01,34.0567741394043,36.66999816894531,37.470001220703125,36.16999816894531,37.459999084472656,35237900
2022-06-02,34.280948638916016,36.70000076293945,36.709999084472656,36.06999969482422,36.40999984741211,35341900
2022-06-03,33.8045654296875,36.18999862670898,36.68000030517578,36.130001068115234,36.47999954223633,25235200
2022-06-06,33.767208099365234,36.150001525878906,37.209999084472656,36.09999847412109,36.70000076293945,40394000
2022-06-07,33.95402145385742,36.34999847412109,36.40999984741211,35.7400016784668,35.900001525878906,29152200
2022-06-08,33.52433395385742,35.88999938964844,36.11000061035156,35.52000045776367,35.91999816894531,33590600
2022-06-09,32.23530578613281,34.5099983215332,35.84000015258789,34.5,35.7400016784668,49419000
2022-06-10,30.983625411987305,33.16999816894531,34.040000915527344,33.02000045776367,33.68000030517578,49318200
2022-06-13,29.909427642822266,32.02000045776367,32.77000045776367,31.739999771118164,32.38999938964844,61216600
2022-06-14,29.38633918762207,31.459999084472656,32.599998474121094,31.229999542236328,31.920000076293945,49349800
2022-06-15,29.93744850158692,32.04999923706055,32.4900016784668,31.420000076293945,31.979999542236328,51540100
2022-06-16,29.750635147094727,31.850000381469727,32.0,30.86000061035156,31.5,61363400
2022-06-17,29.81602096557617,31.920000076293945,32.58000183105469,31.63999938964844,32.029998779296875,80470300
2022-06-21,30.68471908569336,32.849998474121094,33.290000915527344,32.619998931884766,32.88999938964844,53537200
2022-06-22,30.451196670532227,32.599998474121094,32.939998626708984,32.31999969482422,32.38999938964844,38305600
2022-06-23,29.965476989746094,32.08000183105469,32.40999984741211,31.26000022888184,32.380001068115234,44091500
2022-06-24,30.18031120300293,32.310001373291016,32.77000045776367,31.229999542236328,31.25,79504700
2022-06-27,30.21767234802246,32.349998474121094,32.599998474121094,31.90999984741211,32.41999816894531,47900300
2022-06-28,30.133607864379883,32.2599983215332,33.5,32.189998626708984,32.83000183105469,49863800
2022-06-29,29.759973526000977,31.86000061035156,32.439998626708984,31.65999984741211,32.22999954223633,35149700
2022-06-30,29.07809066772461,31.1299991607666,31.549999237060547,30.63999938964844,31.170000076293945,46312300
2022-07-01,29.479745864868164,31.559999465942383,31.670000076293945,30.6299991607666,30.979999542236328,40236100
2022-07-05,29.18084526062012,31.239999771118164,31.239999771118164,30.450000762939453,30.799999237060547,47411800
2022-07-06,28.93797874450684,30.979999542236328,31.25,30.63999938964844,31.01000022888184,35933700
2022-07-07,29.759973526000977,31.86000061035156,32.0099983215332,31.46999931335449,31.5,40137900
2022-07-08,29.69459342956543,31.790000915527344,32.25,31.559999465942383,32.0099983215332,31153800
2022-07-11,29.38633918762207,31.459999084472656,31.790000915527344,31.290000915527344,31.549999237060547,29311900
2022-07-12,29.292932510375977,31.36000061035156,32.029998779296875,30.979999542236328,31.020000457763672,39527000
2022-07-13,28.807207107543945,30.84000015258789,31.14999961853028,30.39999961853028,31.06999969482422,44153700
2022-07-14,28.144006729125977,30.1299991607666,30.21999931335449,29.670000076293945,30.09000015258789,51707800
2022-07-15,30.124265670776367,32.25,32.630001068115234,30.61000061035156,30.64999961853028,77801700
2022-07-18,30.133607864379883,32.2599983215332,33.380001068115234,32.099998474121094,33.08000183105469,56382900
2022-07-19,31.151763916015625,33.349998474121094,33.619998931884766,32.68000030517578,32.900001525878906,46874900
2022-07-20,31.16110610961914,33.36000061035156,33.45000076293945,32.95000076293945,33.18000030517578,35514900
2022-07-21,31.431989669799805,33.650001525878906,33.66999816894531,32.95000076293945,33.09000015258789,31244000
2022-07-22,31.22648811340332,33.43000030517578,33.939998626708984,33.09000015258789,33.599998474121094,27115400
2022-07-25,31.506711959838867,33.72999954223633,33.97999954223633,33.439998626708984,33.779998779296875,30381000
2022-07-26,30.871538162231445,33.04999923706055,33.779998779296875,32.959999084472656,33.40999984741211,30645700
2022-07-27,31.375940322875977,33.59000015258789,33.77000045776367,32.95000076293945,33.2400016784668,30344800
2022-07-28,31.123741149902344,33.31999969482422,33.75,32.900001525878906,33.5,40176500
2022-07-29,31.581439971923828,33.810001373291016,33.939998626708984,33.349998474121094,33.470001220703125,48152500
2022-08-01,31.488035202026367,33.709999084472656,33.88999938964844,33.220001220703125,33.619998931884766,32336700
2022-08-02,30.86219596862793,33.040000915527344,33.720001220703125,33.0,33.599998474121094,37884100
2022-08-03,31.42264747619629,33.63999938964844,33.75,33.16999816894531,33.41999816894531,30065800
2022-08-04,31.198471069335938,33.400001525878906,33.66999816894531,33.16999816894531,33.52000045776367,28404500
2022-08-05,31.721555709838867,33.959999084472656,34.33000183105469,33.2400016784668,33.279998779296875,35874500
2022-08-08,31.28253555297852,33.4900016784668,34.290000915527344,33.45000076293945,34.16999816894531,33454300
2022-08-09,31.68419075012207,33.91999816894531,33.959999084472656,33.40999984741211,33.650001525878906,40196900
2022-08-10,32.75838851928711,35.06999969482422,35.43000030517578,34.45000076293945,34.5,61415800
2022-08-11,33.54301834106445,35.90999984741211,36.060001373291016,35.650001525878906,35.77000045776367,50420800
2022-08-12,33.907318115234375,36.29999923706055,36.310001373291016,35.689998626708984,36.15999984741211,31821700
2022-08-15,33.86060333251953,36.25,36.29999923706055,35.66999816894531,35.84000015258789,24908000
2022-08-16,34.22489929199219,36.63999938964844,36.93999862670898,36.09999847412109,36.18999862670898,31870200
2022-08-17,34.010066986083984,36.40999984741211,36.59000015258789,36.08000183105469,36.20000076293945,27125600
2022-08-18,33.88862991333008,36.27999877929688,36.400001525878906,36.0,36.25,23138300
2022-08-19,33.141361236572266,35.47999954223633,36.02999877929688,35.310001373291016,35.959999084472656,36485400
2022-08-22,32.43146133422852,34.720001220703125,34.81999969482422,34.45000076293945,34.75,31210300
2022-08-23,32.14189147949219,34.40999984741211,34.970001220703125,34.36000061035156,34.66999816894531,26588000
2022-08-24,32.24464797973633,34.52000045776367,34.79999923706055,34.04999923706055,34.25,31389400
2022-08-25,32.82377624511719,35.13999938964844,35.279998779296875,34.45000076293945,34.599998474121094,40576700
2022-08-26,31.78693580627441,34.029998779296875,35.47999954223633,34.02000045776367,35.439998626708984,36152600
2022-08-29,31.665512084960938,33.900001525878906,34.150001525878906,33.61000061035156,33.86000061035156,34931000
2022-08-30,31.842988967895508,34.09000015258789,34.279998779296875,33.540000915527344,34.18000030517578,48194900
2022-08-31,31.394624710083008,33.61000061035156,34.369998931884766,33.599998474121094,34.13999938964844,44917600
2022-09-01,31.469844818115234,33.470001220703125,33.4900016784668,32.65999984741211,33.34000015258789,32848900
2022-09-02,31.432233810424805,33.43000030517578,34.47999954223633,33.27000045776367,33.93000030517578,44000800
2022-09-06,31.084346771240234,33.060001373291016,33.72999954223633,32.61000061035156,33.63999938964844,40762400
2022-09-07,31.563871383666992,33.56999969482422,33.66999816894531,32.630001068115234,32.810001373291016,40742600
2022-09-08,32.5793342590332,34.650001525878906,34.72999954223633,33.27000045776367,33.459999084472656,44361800
2022-09-09,32.85199737548828,34.939998626708984,35.25,34.84000015258789,34.97999954223633,37295100
2022-09-12,33.16227722167969,35.27000045776367,35.630001068115234,35.029998779296875,35.20000076293945,30534000
2022-09-13,31.968175888061523,34.0,34.720001220703125,33.810001373291016,34.58000183105469,40959600
2022-09-14,31.845935821533203,33.869998931884766,34.41999816894531,33.540000915527344,34.20000076293945,32004400
2022-09-15,32.447696685791016,34.5099983215332,34.900001525878906,33.70000076293945,33.790000915527344,44863300
2022-09-16,32.08100128173828,34.119998931884766,34.22999954223633,33.65999984741211,34.189998626708984,54281800
2022-09-19,32.61693572998047,34.689998626708984,34.869998931884766,33.630001068115234,33.720001220703125,29782000
2022-09-20,32.12800598144531,34.16999816894531,34.779998779296875,33.880001068115234,34.5,33591100
2022-09-21,31.16896629333496,33.150001525878906,34.400001525878906,33.119998931884766,34.310001373291016,51667800
2022-09-22,30.557811737060547,32.5,33.41999816894531,32.38999938964844,33.310001373291016,47527500
2022-09-23,29.83382606506348,31.729999542236328,32.09000015258789,31.209999084472656,31.93000030517578,55316100
2022-09-26,29.175655364990234,31.030000686645508,31.81999969482422,30.68000030517578,31.31999969482422,40360200
2022-09-27,28.743146896362305,30.56999969482422,31.3700008392334,30.299999237060547,31.270000457763672,43396600
2022-09-28,29.213268280029297,31.06999969482422,31.309999465942383,30.38999938964844,30.530000686645508,38372900
2022-09-29,28.82776641845703,30.65999984741211,30.89999961853028,30.209999084472656,30.690000534057617,35220900
2022-09-30,28.3952579498291,30.200000762939453,31.190000534057617,30.170000076293945,30.76000022888184,42294100
2022-10-03,29.23207092285156,31.09000015258789,31.280000686645508,30.200000762939453,30.59000015258789,34591700
2022-10-04,30.444982528686523,32.380001068115234,32.52000045776367,31.65999984741211,31.71999931335449,39758700
2022-10-05,30.01247215270996,31.920000076293945,32.029998779296875,31.450000762939453,31.540000915527344,35791100
2022-10-06,29.57995986938477,31.459999084472656,31.8799991607666,31.36000061035156,31.600000381469727,40891900
2022-10-07,28.912389755249023,30.75,31.239999771118164,30.530000686645508,31.170000076293945,52304600
2022-10-10,28.82776641845703,30.65999984741211,31.049999237060547,30.350000381469727,30.89999961853028,37669100
2022-10-11,27.99095344543457,29.770000457763672,30.46999931335449,29.56999969482422,30.3700008392334,58124000
2022-10-12,28.07557487487793,29.86000061035156,30.309999465942383,29.479999542236328,29.63999938964844,36137900
2022-10-13,29.79621696472168,31.690000534057617,31.770000457763672,29.309999465942383,29.40999984741211,67671000
2022-10-14,29.80561828613281,31.700000762939453,32.630001068115234,31.56999969482422,31.809999465942383,58108500
2022-10-17,31.61088180541992,33.619998931884766,33.869998931884766,32.869998931884766,33.36000061035156,88896800
2022-10-18,32.79558563232422,34.880001068115234,35.36000061035156,34.279998779296875,34.97999954223633,81937900
2022-10-19,31.89295196533203,33.91999816894531,34.83000183105469,33.77000045776367,34.58000183105469,43139900
2022-10-20,31.68610191345215,33.70000076293945,34.630001068115234,33.59000015258789,33.97999954223633,39549100
2022-10-21,32.86140060424805,34.95000076293945,35.040000915527344,33.560001373291016,33.560001373291016,54870300
2022-10-24,32.97422790527344,35.06999969482422,35.2599983215332,34.709999084472656,35.11000061035156,33765600
2022-10-25,33.27510070800781,35.38999938964844,35.58000183105469,34.529998779296875,34.7400016784668,37132300
2022-10-26,33.56657791137695,35.70000076293945,36.09000015258789,35.349998474121094,35.41999816894531,41104600
2022-10-27,33.72642517089844,35.869998931884766,36.369998931884766,35.77000045776367,36.150001525878906,35261900
2022-10-28,34.01789093017578,36.18000030517578,36.29999923706055,35.63999938964844,36.040000915527344,31659100
2022-10-31,33.886260986328125,36.040000915527344,36.33000183105469,35.810001373291016,36.0,32565500
2022-11-01,34.03670120239258,36.20000076293945,36.7599983215332,36.11000061035156,36.43999862670898,29913200
2022-11-02,33.93327713012695,36.09000015258789,37.27999877929688,35.95000076293945,36.06999969482422,57380600
2022-11-03,33.74522018432617,35.88999938964844,36.13999938964844,35.40999984741211,35.70000076293945,30046500
2022-11-04,34.59143829345703,36.790000915527344,37.0,36.220001220703125,36.5,39369400
2022-11-07,34.79829025268555,37.0099983215332,37.34000015258789,36.72999954223633,37.0099983215332,37533700
2022-11-08,34.89231872558594,37.11000061035156,37.41999816894531,36.75,37.09000015258789,32664300
2022-11-09,34.33757019042969,36.52000045776367,36.959999084472656,36.38999938964844,36.880001068115234,30164400
2022-11-10,35.85136413574219,38.130001068115234,38.220001220703125,37.13999938964844,37.29999923706055,45702800
2022-11-11,36.114627838134766,38.40999984741211,38.59999847412109,37.970001220703125,38.18999862670898,35688700
2022-11-14,35.50347137451172,37.7599983215332,38.2599983215332,37.75,38.09000015258789,35541400
2022-11-15,35.44706344604492,37.70000076293945,38.29999923706055,37.29999923706055,38.18999862670898,46082800
2022-11-16,35.12738037109375,37.36000061035156,37.7400016784668,37.20000076293945,37.61000061035156,23813000
2022-11-17,34.948734283447266,37.16999816894531,37.20000076293945,36.560001373291016,36.880001068115234,23689700
2022-11-18,34.96753692626953,37.18999862670898,37.84999847412109,36.91999816894531,37.790000915527344,32041800
2022-11-21,35.08036804199219,37.310001373291016,37.52000045776367,37.060001373291016,37.09000015258789,27935700
2022-11-22,35.24961471557617,37.4900016784668,37.79999923706055,37.43000030517578,37.59000015258789,23499300
2022-11-23,35.3624382019043,37.61000061035156,37.65999984741211,37.369998931884766,37.4900016784668,18934700
2022-11-25,35.44706344604492,37.70000076293945,37.869998931884766,37.560001373291016,37.720001220703125,16118500
2022-11-28,34.65725326538086,36.86000061035156,37.65999984741211,36.83000183105469,37.400001525878906,35428300
2022-11-29,34.78889465332031,37.0,37.150001525878906,36.720001220703125,36.97999954223633,27048800
2022-11-30,35.58809280395508,37.84999847412109,37.84999847412109,36.20000076293945,36.900001525878906,51747900
2022-12-01,34.56669998168945,36.54999923706055,37.68999862670898,36.400001525878906,37.5,46213200
2022-12-02,34.1222038269043,36.08000183105469,36.290000915527344,35.810001373291016,36.060001373291016,42295300
2022-12-05,32.59956741333008,34.470001220703125,35.88999938964844,34.13999938964844,35.810001373291016,71386600
2022-12-06,31.20933151245117,33.0,34.68000030517578,32.40999984741211,34.56999969482422,84085700
2022-12-07,30.963441848754883,32.7400016784668,32.91999816894531,32.349998474121094,32.59000015258789,49234100
2022-12-08,30.67971611022949,32.439998626708984,32.9900016784668,32.18000030517578,32.970001220703125,45491100
2022-12-09,30.622976303100582,32.380001068115234,32.599998474121094,32.08000183105469,32.11000061035156,36985500
2022-12-12,30.953981399536133,32.72999954223633,32.779998779296875,32.060001373291016,32.310001373291016,41060500
2022-12-13,30.972898483276367,32.75,33.66999816894531,32.56999969482422,33.54999923706055,54804800
2022-12-14,30.52840042114257,32.279998779296875,33.0,32.15999984741211,32.79999923706055,48819500
2022-12-15,30.04607582092285,31.770000457763672,31.989999771118164,31.489999771118164,31.75,49027600
2022-12-16,29.97987365722656,31.700000762939453,31.93000030517578,31.350000381469727,31.6200008392334,61795200
2022-12-19,30.32033920288086,32.060001373291016,32.22999954223633,31.729999542236328,31.76000022888184,38374100
2022-12-20,30.443283081054688,32.189998626708984,32.58000183105469,32.13999938964844,32.400001525878906,35561100
2022-12-21,30.90669631958008,32.68000030517578,32.869998931884766,32.40999984741211,32.52000045776367,32544000
2022-12-22,30.632429122924805,32.38999938964844,32.58000183105469,31.8700008392334,32.52000045776367,30234400
2022-12-23,30.70809364318848,32.470001220703125,32.58000183105469,32.189998626708984,32.400001525878906,21378600
2022-12-27,30.76482963562012,32.529998779296875,32.66999816894531,32.279998779296875,32.5,22776100
2022-12-28,30.991811752319336,32.77000045776367,32.970001220703125,32.529998779296875,32.56999969482422,30541000
2022-12-29,31.34173583984375,33.13999938964844,33.15999984741211,32.75,32.88999938964844,22252900
2022-12-30,31.32282257080078,33.119998931884766,33.29999923706055,32.86000061035156,33.099998474121094,28198900
2023-01-03,31.691654205322266,33.5099983215332,34.09000015258789,33.209999084472656,33.22999954223633,35221500
2023-01-04,32.2874755859375,34.13999938964844,34.81999969482422,33.83000183105469,33.900001525878906,41998500
2023-01-05,32.221275329589844,34.06999969482422,34.13999938964844,33.58000183105469,33.91999816894531,34177000
2023-01-06,32.54281997680664,34.40999984741211,34.58000183105469,33.540000915527344,34.09000015258789,34068700
2023-01-09,32.0510368347168,33.88999938964844,34.7599983215332,33.709999084472656,34.75,43818800
2023-01-10,32.268558502197266,34.119998931884766,34.27000045776367,33.63999938964844,33.7400016784668,35096000
2023-01-11,32.51445388793945,34.380001068115234,34.439998626708984,34.0,34.119998931884766,36783700
2023-01-12,32.59956741333008,34.470001220703125,34.869998931884766,34.36000061035156,34.599998474121094,44230400
2023-01-13,33.318328857421875,35.22999954223633,35.38999938964844,33.09000015258789,34.20000076293945,89667800
2023-01-17,32.64685821533203,34.52000045776367,34.83000183105469,34.150001525878906,34.689998626708984,56458400
2023-01-18,31.89026641845703,33.720001220703125,34.34000015258789,33.5099983215332,34.33000183105469,54517800
2023-01-19,31.42684936523437,33.22999954223633,33.54999923706055,32.88999938964844,33.279998779296875,42707100
2023-01-20,32.01321029663086,33.849998474121094,33.88999938964844,33.09000015258789,33.29999923706055,45004400
2023-01-23,32.45770263671875,34.31999969482422,34.5099983215332,33.75,33.810001373291016,33683300
2023-01-24,32.69413757324219,34.56999969482422,34.790000915527344,33.95000076293945,34.220001220703125,26716700
2023-01-25,32.97785949707031,34.869998931884766,34.959999084472656,34.25,34.29999923706055,28859700
2023-01-26,33.422359466552734,35.34000015258789,35.349998474121094,34.790000915527344,35.04999923706055,30035500
2023-01-27,33.526390075683594,35.45000076293945,35.779998779296875,35.27000045776367,35.439998626708984,29964900
2023-01-30,33.384525299072266,35.29999923706055,35.560001373291016,35.18000030517578,35.209999084472656,27353500
2023-01-31,33.55475616455078,35.47999954223633,35.47999954223633,35.0,35.16999816894531,38917400
2023-02-01,33.970882415771484,35.91999816894531,36.2599983215332,35.11000061035156,35.20000076293945,44438700
2023-02-02,34.169490814208984,36.130001068115234,36.380001068115234,35.439998626708984,36.09999847412109,33729100
2023-02-03,34.453208923339844,36.43000030517578,36.7599983215332,35.900001525878906,36.02000045776367,37411700
2023-02-06,34.39646530151367,36.369998931884766,36.43999862670898,35.97999954223633,36.25,29463200
2023-02-07,34.774757385253906,36.77000045776367,37.0,36.130001068115234,36.16999816894531,44100200
2023-02-08,34.5194091796875,36.5,36.84000015258789,36.34000015258789,36.40999984741211,28032800
2023-02-09,33.781742095947266,35.720001220703125,36.34999847412109,35.560001373291016,36.27000045776367,35257100
2023-02-10,33.64933776855469,35.58000183105469,35.59000015258789,35.029998779296875,35.54999923706055,32898900
2023-02-13,33.715538024902344,35.650001525878906,35.779998779296875,35.38999938964844,35.47999954223633,29163900
2023-02-14,33.687164306640625,35.619998931884766,35.9900016784668,35.459999084472656,35.630001068115234,33625200
2023-02-15,33.63041687011719,35.560001373291016,35.61000061035156,35.15999984741211,35.31999969482422,23500100
2023-02-16,33.365604400634766,35.279998779296875,35.65999984741211,35.220001220703125,35.41999816894531,22681100
2023-02-17,33.43181610107422,35.349998474121094,35.38999938964844,34.7400016784668,35.08000183105469,28562700
2023-02-21,32.64685821533203,34.52000045776367,35.04999923706055,34.27000045776367,34.90999984741211,37068900
2023-02-22,32.42933654785156,34.290000915527344,34.54999923706055,34.06999969482422,34.36000061035156,38550400
2023-02-23,32.400962829589844,34.2599983215332,34.599998474121094,33.86000061035156,34.400001525878906,28488000
2023-02-24,32.35367584228516,34.209999084472656,34.290000915527344,33.84000015258789,33.86000061035156,27046600
2023-02-27,32.35367584228516,34.209999084472656,34.689998626708984,34.16999816894531,34.45000076293945,30137500
2023-02-28,32.43878936767578,34.29999923706055,34.4900016784668,34.18000030517578,34.349998474121094,32620600
2023-03-01,32.2874755859375,34.13999938964844,34.4900016784668,33.97999954223633,34.150001525878906,29281600
2023-03-02,31.87817001342773,33.4900016784668,33.70000076293945,33.0,33.65999984741211,44607200
2023-03-03,32.51592254638672,34.15999984741211,34.290000915527344,33.650001525878906,33.650001525878906,39109100
2023-03-06,32.44928741455078,34.09000015258789,34.560001373291016,33.9900016784668,34.2400016784668,36646700
2023-03-07,31.4117488861084,33.0,33.900001525878906,32.79999923706055,33.849998474121094,52855300
2023-03-08,30.992929458618164,32.560001373291016,32.970001220703125,32.439998626708984,32.65999984741211,40045600
2023-03-09,29.070146560668945,30.540000915527344,32.38999938964844,30.309999465942383,32.279998779296875,112457900
2023-03-10,28.81314468383789,30.270000457763672,31.040000915527344,28.920000076293945,30.31999969482422,165330900
2023-03-13,27.13784980773925,28.51000022888184,29.71999931335449,27.8700008392334,28.920000076293945,218403300
2023-03-14,27.37581825256348,28.76000022888184,30.09000015258789,28.46999931335449,29.989999771118164,154255800
2023-03-15,27.118810653686523,28.489999771118164,28.559999465942383,27.68000030517578,27.8799991607666,131104400
2023-03-16,27.575708389282227,28.96999931335449,29.46999931335449,28.11000061035156,28.3799991607666,108348800
2023-03-17,26.481056213378903,27.81999969482422,28.65999984741211,27.6200008392334,28.65999984741211,130665500
2023-03-20,26.414424896240234,27.75,28.43000030517578,27.64999961853028,28.239999771118164,81441200
2023-03-21,27.213998794555664,28.59000015258789,28.979999542236328,28.51000022888184,28.6299991607666,84854800
2023-03-22,26.30971908569336,27.63999938964844,28.739999771118164,27.63999938964844,28.709999084472656,76925900
2023-03-23,25.671968460083008,26.96999931335449,28.09000015258789,26.790000915527344,28.0,105335900
2023-03-24,25.833786010742188,27.13999938964844,27.290000915527344,26.31999969482422,26.600000381469727,96872700
2023-03-27,27.118810653686523,28.489999771118164,28.64999961853028,27.90999984741211,27.93000030517578,102469800
2023-03-28,26.766620635986328,28.1200008392334,28.64999961853028,27.979999542236328,28.3799991607666,63416500
2023-03-29,27.29014778137207,28.670000076293945,28.770000457763672,28.239999771118164,28.489999771118164,62666400
2023-03-30,26.93795585632324,28.299999237060547,29.059999465942383,28.11000061035156,28.920000076293945,67427100
2023-03-31,27.223520278930664,28.600000381469727,28.68000030517578,28.26000022888184,28.6200008392334,56482100
2023-04-03,27.213998794555664,28.59000015258789,28.979999542236328,28.32999992370605,28.63999938964844,51996800
2023-04-04,26.633358001708984,27.979999542236328,28.64999961853028,27.65999984741211,28.549999237060547,56233300
2023-04-05,26.30971908569336,27.63999938964844,27.90999984741211,27.459999084472656,27.65999984741211,47799400
2023-04-06,26.50009536743164,27.84000015258789,28.01000022888184,27.6200008392334,27.71999931335449,41216600
2023-04-10,26.59528350830078,27.940000534057617,28.100000381469727,27.64999961853028,27.670000076293945,40572700
2023-04-11,27.32822036743164,28.709999084472656,28.75,27.959999084472656,28.020000457763672,58761200
2023-04-12,27.10929298400879,28.479999542236328,29.01000022888184,28.3700008392334,28.68000030517578,44313300
2023-04-13,27.185441970825195,28.559999465942383,28.63999938964844,28.239999771118164,28.559999465942383,52261400
2023-04-14,28.099241256713867,29.520000457763672,29.8700008392334,29.25,29.299999237060547,81110800
2023-04-17,28.90833282470703,30.3700008392334,30.40999984741211,29.39999961853028,29.770000457763672,83704400
2023-04-18,29.08918571472168,30.559999465942383,30.93000030517578,29.799999237060547,30.799999237060547,114498800
2023-04-19,28.61324882507324,30.059999465942383,30.200000762939453,29.790000915527344,30.1299991607666,65594200
2023-04-20,28.46095085144043,29.89999961853028,30.229999542236328,29.770000457763672,29.84000015258789,43193800
2023-04-21,28.4323959350586,29.8700008392334,29.979999542236328,29.40999984741211,29.75,44759000
2023-04-24,28.32768821716309,29.76000022888184,29.89999961853028,29.59000015258789,29.790000915527344,28020300
2023-04-25,27.45196533203125,28.84000015258789,29.530000686645508,28.81999969482422,29.450000762939453,49718800
2023-04-26,27.07121658325196,28.440000534057617,28.940000534057617,28.299999237060547,28.76000022888184,45848400
2023-04-27,27.49955940246582,28.88999938964844,29.07999992370605,28.520000457763672,28.520000457763672,33060100
2023-04-28,27.870790481567383,29.280000686645508,29.43000030517578,28.51000022888184,28.530000686645508,45532800
2023-05-01,27.642343521118164,29.040000915527344,29.540000915527344,29.0,29.5,34076800
2023-05-02,26.80469512939453,28.15999984741211,28.86000061035156,27.709999084472656,28.850000381469727,70797700
2023-05-03,26.519132614135746,27.86000061035156,28.5,27.809999465942383,28.15999984741211,51139500
2023-05-04,25.69100570678711,26.989999771118164,27.809999465942383,26.82999992370605,27.57999992370605,82173800
2023-05-05,26.37635040283203,27.709999084472656,27.88999938964844,27.46999931335449,27.6200008392334,50050100
2023-05-08,26.35731315612793,27.690000534057617,28.14999961853028,27.65999984741211,28.07999992370605,34245500
2023-05-09,26.32875633239746,27.65999984741211,27.82999992370605,27.239999771118164,27.420000076293945,32188800
2023-05-10,26.00512313842773,27.31999969482422,28.0,27.020000457763672,27.959999084472656,44446400
2023-05-11,26.071752548217773,27.38999938964844,27.489999771118164,26.8799991607666,27.01000022888184,34897300
2023-05-12,25.786191940307617,27.09000015258789,27.549999237060547,26.8799991607666,27.520000457763672,38101300
2023-05-15,26.31924057006836,27.64999961853028,27.81999969482422,27.030000686645508,27.100000381469727,38722800
2023-05-16,26.043197631835938,27.36000061035156,27.89999961853028,27.32999992370605,27.780000686645508,33347500
2023-05-17,27.19496154785156,28.56999969482422,28.670000076293945,27.729999542236328,27.739999771118164,61750400
2023-05-18,27.099773406982425,28.46999931335449,28.5,28.0,28.440000534057617,51146100
2023-05-19,26.75710105895996,28.11000061035156,28.670000076293945,28.030000686645508,28.459999084472656,49984200
2023-05-22,26.97603225708008,28.34000015258789,28.450000762939453,28.01000022888184,28.299999237060547,36473700
2023-05-23,27.204477310180664,28.57999992370605,29.07999992370605,28.299999237060547,28.31999969482422,51400400
2023-05-24,26.7475814819336,28.100000381469727,28.51000022888184,28.0,28.32999992370605,50606900
2023-05-25,26.814212799072266,28.170000076293945,28.239999771118164,27.8799991607666,27.989999771118164,40517800
2023-05-26,26.947473526000977,28.309999465942383,28.39999961853028,27.790000915527344,28.200000762939453,57879100
2023-05-30,26.899879455566406,28.26000022888184,28.489999771118164,27.950000762939453,28.31999969482422,41819600
2023-05-31,26.452503204345703,27.790000915527344,28.15999984741211,27.479999542236328,28.100000381469727,61905200
2023-06-01,26.65398979187012,27.780000686645508,27.979999542236328,27.34000015258789,27.76000022888184,57426100
2023-06-02,27.54629135131836,28.709999084472656,28.950000762939453,28.1200008392334,28.15999984741211,66511100
2023-06-05,27.3831844329834,28.540000915527344,28.81999969482422,28.299999237060547,28.81999969482422,34757800
2023-06-06,28.045215606689453,29.229999542236328,29.43000030517578,28.450000762939453,28.459999084472656,46297900
2023-06-07,28.28508186340332,29.479999542236328,29.64999961853028,29.01000022888184,29.299999237060547,44502600
2023-06-08,28.045215606689453,29.229999542236328,29.3799991607666,28.989999771118164,29.280000686645508,41483100
2023-06-09,28.08359718322754,29.270000457763672,29.39999961853028,29.07999992370605,29.200000762939453,32671800
2023-06-12,27.94927024841309,29.1299991607666,29.559999465942383,28.90999984741211,29.299999237060547,41011300
2023-06-13,28.20832633972168,29.39999961853028,29.799999237060547,29.030000686645508,29.1299991607666,42718800
2023-06-14,27.93967628479004,29.1200008392334,29.729999542236328,28.989999771118164,29.56999969482422,38322800
2023-06-15,28.179542541503903,29.3700008392334,29.46999931335449,28.690000534057617,28.89999961853028,42044900
2023-06-16,28.00683784484864,29.190000534057617,29.68000030517578,29.15999984741211,29.530000686645508,53028200
2023-06-20,27.69981002807617,28.8700008392334,29.040000915527344,28.57999992370605,29.01000022888184,39040900
2023-06-21,27.41196823120117,28.56999969482422,29.0,28.540000915527344,28.780000686645508,39553400
2023-06-22,26.82669258117676,27.959999084472656,28.530000686645508,27.89999961853028,28.5,50742900
2023-06-23,26.62520408630371,27.75,27.88999938964844,27.59000015258789,27.739999771118164,54998400
2023-06-26,26.95142364501953,28.09000015258789,28.280000686645508,27.790000915527344,27.799999237060547,47519300
2023-06-27,27.0953426361084,28.239999771118164,28.39999961853028,27.950000762939453,28.100000381469727,39081800
2023-06-28,26.932233810424805,28.06999969482422,28.270000457763672,27.89999961853028,28.25,37803800
2023-06-29,27.498321533203125,28.65999984741211,29.0,28.39999961853028,28.5,68376400
2023-06-30,27.5271053314209,28.690000534057617,29.11000061035156,28.670000076293945,28.940000534057617,50370700
2023-07-03,28.016433715820312,29.200000762939453,29.350000381469727,28.64999961853028,28.700000762939453,30995800
2023-07-05,27.90129852294922,29.07999992370605,29.420000076293945,28.950000762939453,29.13999938964844,37492000
2023-07-06,27.133724212646484,28.280000686645508,28.81999969482422,28.100000381469727,28.799999237060547,52098000
2023-07-07,27.37359046936035,28.530000686645508,28.81999969482422,28.290000915527344,28.299999237060547,34231500
2023-07-10,27.498321533203125,28.65999984741211,28.850000381469727,28.46999931335449,28.59000015258789,36086000
2023-07-11,27.843727111816406,29.020000457763672,29.07999992370605,28.420000076293945,28.65999984741211,40978700
2023-07-12,28.16994857788086,29.36000061035156,29.88999938964844,29.270000457763672,29.51000022888184,41855500
2023-07-13,28.46738243103028,29.670000076293945,29.8700008392334,29.40999984741211,29.520000457763672,39589000
2023-07-14,27.93008041381836,29.11000061035156,30.100000381469727,29.049999237060547,30.0,58660500
2023-07-17,28.20832633972168,29.39999961853028,29.559999465942383,29.1200008392334,29.14999961853028,49477200
2023-07-18,29.45563125610352,30.700000762939453,30.86000061035156,29.920000076293945,30.0,98253800
2023-07-19,30.251989364624023,31.530000686645508,31.700000762939453,30.690000534057617,30.88999938964844,70619800
2023-07-20,30.40550422668457,31.690000534057617,31.799999237060547,31.26000022888184,31.32999992370605,42128800
2023-07-21,30.68375015258789,31.979999542236328,32.11000061035156,31.420000076293945,31.8700008392334,70813600
2023-07-24,31.326589584350582,32.650001525878906,32.849998474121094,31.979999542236328,32.0,64548600
2023-07-25,30.84686279296875,32.150001525878906,32.790000915527344,32.06999969482422,32.7599983215332,51208800
2023-07-26,31.0963191986084,32.40999984741211,32.540000915527344,32.150001525878906,32.2400016784668,41814600
2023-07-27,30.65496635437012,31.950000762939453,32.7400016784668,31.81999969482422,32.43000030517578,45529500
2023-07-28,30.60699462890625,31.89999961853028,32.15999984741211,31.709999084472656,32.150001525878906,33296500
2023-07-31,30.702938079833984,32.0,32.25,31.780000686645508,31.89999961853028,29093400
2023-08-01,30.338342666625977,31.6200008392334,31.940000534057617,31.420000076293945,31.84000015258789,32712000
2023-08-02,29.92577171325684,31.190000534057617,31.280000686645508,30.780000686645508,31.15999984741211,38855100
2023-08-03,30.13685417175293,31.40999984741211,31.549999237060547,30.8799991607666,30.940000534057617,27933400
2023-08-04,30.03131103515625,31.299999237060547,31.670000076293945,31.170000076293945,31.36000061035156,30755100
2023-08-07,30.58780097961425,31.8799991607666,31.89999961853028,31.40999984741211,31.40999984741211,31745200
2023-08-08,30.00252914428711,31.270000457763672,31.309999465942383,30.479999542236328,31.299999237060547,45951800
2023-08-09,29.609146118164062,30.86000061035156,31.280000686645508,30.82999992370605,31.21999931335449,30732100
2023-08-10,29.68590545654297,30.940000534057617,31.31999969482422,30.799999237060547,31.01000022888184,26062600
2023-08-11,30.02172088623047,31.290000915527344,31.39999961853028,30.75,30.799999237060547,35709900
2023-08-14,29.67630958557129,30.93000030517578,31.11000061035156,30.75,31.049999237060547,32563700
2023-08-15,28.726436614990234,29.940000534057617,30.549999237060547,29.84000015258789,30.5,43406100
2023-08-16,28.10278511047364,29.290000915527344,29.84000015258789,29.209999084472656,29.75,47220400
2023-08-17,28.093191146850582,29.280000686645508,29.540000915527344,29.11000061035156,29.440000534057617,37202200
2023-08-18,27.93008041381836,29.11000061035156,29.350000381469727,28.979999542236328,29.040000915527344,31418000
2023-08-21,27.96845817565918,29.14999961853028,29.299999237060547,28.799999237060547,29.21999931335449,34959000
2023-08-22,27.28723907470703,28.440000534057617,29.239999771118164,28.420000076293945,29.1299991607666,37586400
2023-08-23,27.296831130981445,28.450000762939453,28.51000022888184,28.18000030517578,28.450000762939453,44686600
2023-08-24,27.459941864013672,28.6200008392334,28.790000915527344,28.3700008392334,28.39999961853028,31934800
2023-08-25,27.34480667114257,28.5,28.790000915527344,28.299999237060547,28.63999938964844,34253200
2023-08-28,27.59426689147949,28.76000022888184,29.0,28.56999969482422,28.690000534057617,33075200
2023-08-29,27.98765182495117,29.170000076293945,29.26000022888184,28.71999931335449,28.88999938964844,30428200
2023-08-30,27.8629207611084,29.040000915527344,29.270000457763672,28.93000030517578,29.21999931335449,33366400
2023-08-31,27.73714637756348,28.670000076293945,28.96999931335449,28.530000686645508,28.93000030517578,37243000
2023-09-01,28.037059783935547,28.979999542236328,29.1299991607666,28.76000022888184,28.76000022888184,35192000
2023-09-05,27.71780014038086,28.64999961853028,29.1200008392334,28.5,28.940000534057617,46543600
2023-09-06,27.466259002685547,28.38999938964844,28.559999465942383,28.1200008392334,28.39999961853028,45022600
2023-09-07,27.214717864990234,28.1299991607666,28.549999237060547,28.059999465942383,28.40999984741211,35023600
2023-09-08,27.43723487854004,28.36000061035156,28.3799991607666,27.959999084472656,28.1200008392334,36513900
2023-09-11,27.55332946777344,28.479999542236328,28.76000022888184,28.39999961853028,28.51000022888184,34168300
2023-09-12,28.02738571166992,28.96999931335449,29.13999938964844,28.39999961853028,28.459999084472656,42284000
2023-09-13,27.94031524658203,28.8799991607666,29.190000534057617,28.700000762939453,29.1200008392334,37215700
2023-09-14,28.249902725219727,29.200000762939453,29.440000534057617,29.100000381469727,29.170000076293945,44634800
2023-09-15,27.9016170501709,28.84000015258789,29.09000015258789,28.75,28.950000762939453,61166000
2023-09-18,27.82421875,28.76000022888184,28.799999237060547,28.489999771118164,28.799999237060547,25752300
2023-09-19,27.71780014038086,28.64999961853028,28.940000534057617,28.51000022888184,28.76000022888184,34888100
2023-09-20,27.62105178833008,28.549999237060547,28.96999931335449,28.530000686645508,28.809999465942383,26641100
2023-09-21,27.137319564819336,28.049999237060547,28.59000015258789,28.020000457763672,28.36000061035156,39861300
2023-09-22,26.74065971374512,27.63999938964844,28.190000534057617,27.600000381469727,28.06999969482422,41284400
2023-09-25,26.701961517333984,27.600000381469727,27.6200008392334,27.350000381469727,27.5,32749200
2023-09-26,26.28595733642578,27.170000076293945,27.5,27.01000022888184,27.34000015258789,42237400
2023-09-27,26.382699966430664,27.270000457763672,27.61000061035156,27.06999969482422,27.229999542236328,38296300
2023-09-28,26.66326332092285,27.559999465942383,27.63999938964844,27.170000076293945,27.170000076293945,36734300
2023-09-29,26.489118576049805,27.3799991607666,27.989999771118164,27.270000457763672,27.88999938964844,40613400
2023-10-02,25.831249237060547,26.700000762939453,27.36000061035156,26.57999992370605,27.270000457763672,50388600
2023-10-03,25.066951751708984,25.90999984741211,26.520000457763672,25.81999969482422,26.489999771118164,62144500
2023-10-04,25.095977783203125,25.940000534057617,26.01000022888184,25.57999992370605,25.8799991607666,55696400
2023-10-05,25.212072372436523,26.059999465942383,26.09000015258789,25.559999465942383,25.780000686645508,49044100
2023-10-06,25.22174453735352,26.06999969482422,26.229999542236328,25.46999931335449,25.770000457763672,58120700
2023-10-09,25.45393753051757,26.309999465942383,26.36000061035156,25.71999931335449,25.76000022888184,39953700
2023-10-10,26.131160736083984,27.01000022888184,27.299999237060547,26.56999969482422,26.61000061035156,51960100
2023-10-11,26.140838623046875,27.020000457763672,27.440000534057617,26.89999961853028,27.170000076293945,38508200
2023-10-12,26.02473831176757,26.89999961853028,27.07999992370605,26.61000061035156,26.96999931335449,44249800
2023-10-13,25.88929748535156,26.76000022888184,27.71999931335449,26.520000457763672,27.43000030517578,55089700
2023-10-16,26.1118106842041,26.989999771118164,27.18000030517578,26.770000457763672,27.15999984741211,56817500
2023-10-17,26.7213134765625,27.6200008392334,27.8700008392334,26.71999931335449,27.049999237060547,95344200
2023-10-18,26.421396255493164,27.309999465942383,28.040000915527344,27.209999084472656,27.540000915527344,68371100
2023-10-19,26.0827865600586,26.959999084472656,27.780000686645508,26.8799991607666,27.25,58611000
2023-10-20,25.45393753051757,26.309999465942383,26.940000534057617,26.239999771118164,26.799999237060547,62029800
2023-10-23,24.73801612854004,25.56999969482422,26.209999084472656,25.520000457763672,26.1299991607666,59857200
2023-10-24,24.641265869140625,25.46999931335449,25.8700008392334,25.39999961853028,25.739999771118164,55975700
2023-10-25,24.718664169311523,25.549999237060547,25.64999961853028,25.18000030517578,25.3799991607666,45522400
2023-10-26,25.270118713378903,26.1200008392334,26.36000061035156,25.440000534057617,25.489999771118164,60921000
2023-10-27,24.351030349731445,25.170000076293945,26.06999969482422,24.959999084472656,26.06999969482422,64709300
2023-10-30,24.854108810424805,25.690000534057617,25.780000686645508,25.280000686645508,25.31999969482422,41891900
2023-10-31,25.482959747314453,26.34000015258789,26.3799991607666,25.71999931335449,25.739999771118164,50106700
2023-11-01,25.5410099029541,26.39999961853028,26.6200008392334,26.14999961853028,26.440000534057617,44046300
2023-11-02,26.7213134765625,27.6200008392334,27.65999984741211,26.59000015258789,26.709999084472656,63278300
2023-11-03,27.495281219482425,28.420000076293945,28.93000030517578,28.1299991607666,28.15999984741211,62595200
2023-11-06,27.40821075439453,28.32999992370605,28.770000457763672,28.020000457763672,28.559999465942383,45548000
2023-11-07,27.243741989135746,28.15999984741211,28.26000022888184,27.950000762939453,28.049999237060547,33081900
2023-11-08,26.982526779174805,27.88999938964844,28.200000762939453,27.670000076293945,28.15999984741211,31896000
2023-11-09,26.634239196777344,27.530000686645508,28.07999992370605,27.39999961853028,28.06999969482422,32267900
2023-11-10,26.779359817504883,27.68000030517578,27.770000457763672,27.34000015258789,27.76000022888184,32858500
2023-11-13,26.79870986938477,27.700000762939453,27.850000381469727,27.420000076293945,27.540000915527344,28521800
2023-11-14,28.26925277709961,29.21999931335449,29.40999984741211,28.46999931335449,28.5,66676300
2023-11-15,28.656238555908203,29.6200008392334,29.729999542236328,29.200000762939453,29.200000762939453,46968900
2023-11-16,28.578840255737305,29.540000915527344,29.700000762939453,29.21999931335449,29.43000030517578,36952800
2023-11-17,29.0045223236084,29.979999542236328,30.0,29.549999237060547,29.709999084472656,38493300
2023-11-20,29.03354835510254,30.01000022888184,30.25,29.75,29.979999542236328,46783400
2023-11-21,28.694936752319336,29.65999984741211,29.989999771118164,29.549999237060547,29.989999771118164,41611900
2023-11-22,28.665910720825195,29.6299991607666,29.790000915527344,29.520000457763672,29.739999771118164,41422700
2023-11-24,28.762659072875977,29.729999542236328,29.88999938964844,29.479999542236328,29.479999542236328,15815600
2023-11-27,28.598190307617188,29.559999465942383,29.690000534057617,29.51000022888184,29.600000381469727,42039500
2023-11-28,28.56916618347168,29.530000686645508,29.64999961853028,29.31999969482422,29.530000686645508,29705800
2023-11-29,29.323787689208984,30.309999465942383,30.61000061035156,29.809999465942383,29.8799991607666,57954900
2023-11-30,29.73336410522461,30.489999771118164,30.549999237060547,30.040000915527344,30.209999084472656,52547700
2023-12-01,30.19169807434082,30.959999084472656,31.049999237060547,30.350000381469727,30.39999961853028,46088100
2023-12-04,30.055173873901367,30.81999969482422,31.0,30.520000457763672,30.530000686645508,37811300
2023-12-05,29.821128845214844,30.57999992370605,30.790000915527344,30.32999992370605,30.68000030517578,45723100
2023-12-06,29.77237129211425,30.530000686645508,31.520000457763672,30.440000534057617,30.780000686645508,49803100
2023-12-07,29.899145126342773,30.65999984741211,30.93000030517578,30.540000915527344,30.59000015258789,32699600
2023-12-08,30.19169807434082,30.959999084472656,31.13999938964844,30.61000061035156,30.670000076293945,34786800
2023-12-11,30.08443069458008,30.850000381469727,31.07999992370605,30.709999084472656,30.920000076293945,32254000
2023-12-12,29.97715759277344,30.739999771118164,30.86000061035156,30.450000762939453,30.770000457763672,34566700
2023-12-13,31.24489974975586,32.040000915527344,32.130001068115234,30.6299991607666,30.75,60311100
2023-12-14,33.09775161743164,33.939998626708984,34.06999969482422,32.56999969482422,32.619998931884766,107190000
2023-12-15,32.76618576049805,33.599998474121094,34.02000045776367,33.290000915527344,33.81999969482422,83732200
2023-12-18,32.60040283203125,33.43000030517578,33.790000915527344,33.40999984741211,33.709999084472656,40694700
2023-12-19,32.67841720581055,33.5099983215332,33.66999816894531,32.79999923706055,33.029998779296875,44534800
2023-12-20,32.16157531738281,32.97999954223633,33.709999084472656,32.95000076293945,33.380001068115234,44711400
2023-12-21,32.37611389160156,33.20000076293945,33.45000076293945,32.88999938964844,33.2400016784668,32325700
2023-12-22,32.60040283203125,33.43000030517578,33.66999816894531,33.20000076293945,33.209999084472656,37258100
2023-12-26,33.019737243652344,33.86000061035156,33.959999084472656,33.369998931884766,33.45000076293945,24845400
2023-12-27,33.0002326965332,33.84000015258789,33.95000076293945,33.65999984741211,33.79999923706055,24498600
2023-12-28,33.039241790771484,33.880001068115234,33.970001220703125,33.77000045776367,33.81999969482422,21799600
2023-12-29,32.83444595336914,33.66999816894531,33.9900016784668,33.54999923706055,33.939998626708984,28037800
2024-01-02,33.05874252319336,33.900001525878906,34.06999969482422,33.27000045776367,33.38999938964844,36668600
2024-01-03,32.69792175292969,33.529998779296875,33.77000045776367,33.2400016784668,33.650001525878906,45988700
2024-01-04,32.96122360229492,33.79999923706055,34.310001373291016,33.540000915527344,33.56999969482422,39834600
2024-01-05,33.57558822631836,34.43000030517578,34.689998626708984,33.709999084472656,33.79999923706055,49228900
2024-01-08,33.31229019165039,34.15999984741211,34.29999923706055,33.63999938964844,34.29999923706055,40253900
2024-01-09,32.795440673828125,33.630001068115234,33.84000015258789,33.5099983215332,33.81999969482422,39268800
2024-01-10,32.76618576049805,33.599998474121094,33.630001068115234,33.2400016784668,33.5,34904000
2024-01-11,32.32735824584961,33.150001525878906,33.5,32.779998779296875,33.36000061035156,48790600
2024-01-12,31.98604202270508,32.79999923706055,33.189998626708984,31.959999084472656,32.25,74320300
2024-01-16,31.32291412353516,32.119998931884766,32.5099983215332,31.81999969482422,32.40999984741211,58420800
2024-01-17,31.010854721069336,31.799999237060547,31.989999771118164,31.270000457763672,31.71999931335449,48811300
2024-01-18,30.94259262084961,31.729999542236328,31.770000457763672,31.39999961853028,31.75,35484400
2024-01-19,31.4204330444336,32.220001220703125,32.22999954223633,31.56999969482422,31.799999237060547,49331400
2024-01-22,31.74224090576172,32.54999923706055,32.9900016784668,32.31999969482422,32.36000061035156,43903400
2024-01-23,31.95678329467773,32.77000045776367,32.81999969482422,32.38999938964844,32.540000915527344,30003400
2024-01-24,32.16157531738281,32.97999954223633,33.34000015258789,32.90999984741211,33.029998779296875,36403900
2024-01-25,32.56139373779297,33.38999938964844,33.45000076293945,32.83000183105469,33.209999084472656,46204000
2024-01-26,32.60040283203125,33.43000030517578,33.66999816894531,33.31999969482422,33.400001525878906,30839800
2024-01-29,32.775936126708984,33.61000061035156,33.650001525878906,33.2400016784668,33.400001525878906,30269300
2024-01-30,33.92665481567383,34.790000915527344,34.88999938964844,33.84000015258789,33.900001525878906,60315700
2024-01-31,33.16600799560547,34.0099983215332,35.099998474121094,34.0,34.56999969482422,54716000
2024-02-01,32.71742248535156,33.54999923706055,34.25,32.93000030517578,33.93000030517578,57084800
2024-02-02,32.63941192626953,33.470001220703125,33.709999084472656,33.16999816894531,33.369998931884766,40401300
2024-02-05,32.17132568359375,32.9900016784668,33.290000915527344,32.86000061035156,33.11000061035156,43573000
2024-02-06,32.22008514404297,33.040000915527344,33.36000061035156,32.880001068115234,32.91999816894531,27188000
2024-02-07,32.35661315917969,33.18000030517578,33.2599983215332,32.630001068115234,33.060001373291016,29660100
2024-02-08,32.298099517822266,33.119998931884766,33.279998779296875,32.79999923706055,33.04999923706055,36852200
2024-02-09,32.24934005737305,33.06999969482422,33.25,32.84000015258789,33.099998474121094,36176000
2024-02-12,32.78569030761719,33.619998931884766,33.970001220703125,32.97999954223633,33.0,34160400
2024-02-13,31.9372787475586,32.75,33.310001373291016,32.349998474121094,33.119998931884766,43801500
2024-02-14,32.3078498840332,33.130001068115234,33.18000030517578,32.869998931884766,32.97999954223633,27833900
2024-02-15,33.22452163696289,34.06999969482422,34.2400016784668,33.31999969482422,33.31999969482422,41683100
2024-02-16,33.24402618408203,34.09000015258789,34.150001525878906,32.4900016784668,33.91999816894531,33257400
2024-02-20,33.11725234985352,33.959999084472656,34.09000015258789,33.77000045776367,33.779998779296875,30372900
2024-02-21,32.863704681396484,33.70000076293945,33.7400016784668,33.16999816894531,33.36000061035156,37878900
2024-02-22,32.775936126708984,33.61000061035156,34.06999969482422,33.369998931884766,33.369998931884766,42756900
2024-02-23,33.078243255615234,33.91999816894531,34.04999923706055,33.4900016784668,33.72999954223633,30586000
2024-02-26,32.775936126708984,33.61000061035156,34.220001220703125,33.529998779296875,33.790000915527344,31129200
2024-02-27,33.42931365966797,34.279998779296875,34.43000030517578,33.709999084472656,33.72999954223633,40536300
2024-02-28,33.45856857299805,34.310001373291016,34.599998474121094,34.11000061035156,34.220001220703125,39548600
2024-02-29,33.900489807128906,34.52000045776367,34.650001525878906,34.150001525878906,34.33000183105469,43863400
2024-03-01,33.73353958129883,34.349998474121094,34.650001525878906,34.029998779296875,34.529998779296875,38424200
2024-03-04,34.51918411254883,35.150001525878906,35.41999816894531,34.25,34.290000915527344,49136400
2024-03-05,34.75487518310547,35.38999938964844,35.720001220703125,34.869998931884766,34.93000030517578,47591600
2024-03-06,34.78433609008789,35.41999816894531,35.790000915527344,35.06999969482422,35.650001525878906,49149700
2024-03-07,34.990570068359375,35.630001068115234,35.900001525878906,35.25,35.599998474121094,35900700
2024-03-08,34.96110534667969,35.599998474121094,36.130001068115234,35.5,35.869998931884766,42749600
2024-03-11,35.24590301513672,35.88999938964844,35.93000030517578,35.27000045776367,35.38999938964844,34131500
2024-03-12,35.31464767456055,35.959999084472656,36.150001525878906,35.779998779296875,35.900001525878906,29260400
2024-03-13,35.4324951171875,36.08000183105469,36.45000076293945,35.959999084472656,35.959999084472656,38289600
2024-03-14,35.04949188232422,35.689998626708984,36.220001220703125,35.47999954223633,35.91999816894531,40178100
2024-03-15,34.77451705932617,35.40999984741211,36.0099983215332,35.2400016784668,35.279998779296875,69638100
2024-03-18,35.363746643066406,36.0099983215332,36.09000015258789,35.38999938964844,35.65999984741211,50617900
2024-03-19,35.38338851928711,36.02999877929688,36.38999938964844,35.849998474121094,35.88999938964844,46113800
2024-03-20,36.09047317504883,36.75,36.880001068115234,35.72999954223633,35.84000015258789,40519000
2024-03-21,36.83683013916016,37.5099983215332,37.59999847412109,36.880001068115234,36.93000030517578,43219500
2024-03-22,36.38508605957031,37.04999923706055,37.61000061035156,37.0,37.40999984741211,28955900
2024-03-25,36.1984977722168,36.86000061035156,37.27999877929688,36.84000015258789,37.09999847412109,30480200
2024-03-26,36.42436981201172,37.09000015258789,37.2400016784668,36.79999923706055,37.0,33673400
2024-03-27,37.13145065307617,37.810001373291016,37.84999847412109,37.2400016784668,37.25,36350200
2024-03-28,37.23947143554688,37.91999816894531,38.0,37.41999816894531,37.720001220703125,42262500
2024-04-01,36.84664916992188,37.52000045776367,38.34999847412109,37.43999862670898,37.93999862670898,33908000
2024-04-02,36.63059997558594,37.29999923706055,37.58000183105469,37.15999984741211,37.18999862670898,34806800
2024-04-03,36.76808547973633,37.43999862670898,38.02000045776367,37.27000045776367,37.400001525878906,33338500
2024-04-04,36.25741958618164,36.91999816894531,37.959999084472656,36.869998931884766,37.70000076293945,42888200
2024-04-05,36.44401168823242,37.11000061035156,37.34000015258789,36.72999954223633,36.810001373291016,30818000
2024-04-08,36.82700729370117,37.5,37.58000183105469,37.130001068115234,37.20000076293945,29470300
2024-04-09,37.05288314819336,37.72999954223633,37.77000045776367,37.20000076293945,37.5099983215332,30977700
2024-04-10,35.99226760864258,36.650001525878906,37.22999954223633,36.54999923706055,37.18000030517578,37610700
2024-04-11,35.69764709472656,36.34999847412109,36.75,36.04999923706055,36.75,38604000
2024-04-12,35.147701263427734,35.790000915527344,36.09000015258789,35.529998779296875,35.810001373291016,47118300
2024-04-15,35.30482864379883,35.95000076293945,36.7599983215332,35.7599983215332,36.33000183105469,44392000
2024-04-16,34.057621002197266,34.68000030517578,36.16999816894531,34.150001525878906,36.09999847412109,95566100
2024-04-17,34.597747802734375,35.22999954223633,35.75,34.75,34.88999938964844,65951400
2024-04-18,35.12805938720703,35.77000045776367,35.9900016784668,35.18000030517578,35.540000915527344,44506200
2024-04-19,36.306522369384766,36.970001220703125,37.119998931884766,36.060001373291016,36.09999847412109,56240900
2024-04-22,37.05288314819336,37.72999954223633,37.90999984741211,36.869998931884766,37.0,43867100
2024-04-23,37.681396484375,38.369998931884766,38.41999816894531,37.83000183105469,37.93999862670898,39180300
2024-04-24,37.63229370117188,38.31999969482422,38.4900016784668,38.0,38.02000045776367,28670600
2024-04-25,37.22965240478516,37.90999984741211,38.27000045776367,37.380001068115234,37.93000030517578,41116000
2024-04-26,37.15109252929688,37.83000183105469,38.310001373291016,37.77999877929688,37.93000030517578,28668700
2024-04-29,36.87611389160156,37.54999923706055,38.060001373291016,37.45000076293945,37.84000015258789,26438800
2024-04-30,36.34580612182617,37.0099983215332,37.66999816894531,36.97999954223633,37.34999847412109,30283800
2024-05-01,36.28688430786133,36.95000076293945,37.5099983215332,36.77000045776367,37.209999084472656,32272000
2024-05-02,36.21813583374024,36.880001068115234,37.4900016784668,36.650001525878906,37.369998931884766,34860300
2024-05-03,36.58149719238281,37.25,37.52999877929688,37.08000183105469,37.25,34082700
2024-05-06,37.01359939575195,37.68999862670898,37.790000915527344,37.36000061035156,37.65999984741211,28422300
2024-05-07,37.16090774536133,37.84000015258789,38.150001525878906,37.70000076293945,37.70000076293945,29119500
2024-05-08,37.03324508666992,37.709999084472656,37.81999969482422,37.52000045776367,37.70000076293945,32803300
2024-05-09,37.59300994873047,38.27999877929688,38.41999816894531,37.459999084472656,37.52999877929688,26855400
2024-05-10,37.75996017456055,38.45000076293945,38.77999877929688,38.33000183105469,38.47999954223633,27359100
2024-05-13,37.52426910400391,38.209999084472656,38.77999877929688,38.18000030517578,38.619998931884766,24060600
2024-05-14,37.79924392700195,38.4900016784668,38.790000915527344,38.369998931884766,38.400001525878906,27594800
2024-05-15,38.21170425415039,38.90999984741211,39.2400016784668,38.77999877929688,38.79999923706055,34084400
2024-05-16,38.516143798828125,39.220001220703125,39.36000061035156,38.709999084472656,38.91999816894531,32554200
2024-05-17,38.58488845825195,39.290000915527344,39.4900016784668,39.15999984741211,39.45000076293945,25537300
2024-05-20,38.123321533203125,38.81999969482422,39.470001220703125,38.790000915527344,39.2599983215332,28369800
2024-05-21,38.93842697143555,39.650001525878906,39.75,38.77000045776367,38.77000045776367,31799200
2024-05-22,39.04645156860352,39.7599983215332,39.810001373291016,39.34000015258789,39.40999984741211,42837600
2024-05-23,38.46703720092773,39.16999816894531,39.84000015258789,38.93999862670898,39.77000045776367,39033900
2024-05-24,38.98752975463867,39.70000076293945,39.77999877929688,39.06999969482422,39.15999984741211,22162100
2024-05-28,38.614349365234375,39.31999969482422,39.7400016784668,39.11000061035156,39.650001525878906,31217900
2024-05-29,38.02511596679688,38.720001220703125,38.900001525878906,38.560001373291016,38.84000015258789,26677500
2024-05-30,37.93672943115234,38.630001068115234,39.119998931884766,37.59000015258789,38.72999954223633,51008600
2024-05-31,39.2723274230957,39.9900016784668,40.08000183105469,38.65999984741211,38.70000076293945,58188400
2024-06-03,39.16429901123047,39.880001068115234,40.18999862670898,39.36000061035156,40.040000915527344,31898600
2024-06-04,38.96788787841797,39.68000030517578,40.13999938964844,39.41999816894531,39.619998931884766,26974200
2024-06-05,39.242862701416016,39.959999084472656,39.9900016784668,39.52000045776367,39.81999969482422,34140300
2024-06-06,38.98752975463867,39.70000076293945,40.0,39.41999816894531,39.90999984741211,38676400
2024-06-07,39.30369567871094,39.77999877929688,39.959999084472656,39.27999877929688,39.27999877929688,25928700
2024-06-10,39.195011138916016,39.66999816894531,39.84000015258789,39.209999084472656,39.58000183105469,37182700
2024-06-11,38.39471435546875,38.86000061035156,39.34999847412109,38.459999084472656,39.33000183105469,44629000
2024-06-12,38.93812561035156,39.40999984741211,39.880001068115234,39.09999847412109,39.79999923706055,38964700
2024-06-13,38.789920806884766,39.2599983215332,39.34999847412109,38.93000030517578,39.290000915527344,40018700
2024-06-14,38.770164489746094,39.2400016784668,39.47999954223633,38.90999984741211,39.09999847412109,32347900
2024-06-17,39.03692626953125,39.5099983215332,39.52999877929688,38.97999954223633,39.09000015258789,26135400
2024-06-18,39.51118469238281,39.9900016784668,40.02000045776367,39.459999084472656,39.560001373291016,30804500
2024-06-20,39.51118469238281,39.9900016784668,40.310001373291016,39.75,39.77999877929688,29383300
2024-06-21,39.01716995239258,39.4900016784668,39.90999984741211,39.369998931884766,39.84999847412109,72251500
2024-06-24,39.54082489013672,40.02000045776367,40.34000015258789,39.650001525878906,39.77000045776367,31064900
2024-06-25,38.90848922729492,39.380001068115234,40.06999969482422,39.34999847412109,39.77999877929688,30928600
2024-06-26,38.53303527832031,39.0,39.34999847412109,38.470001220703125,39.16999816894531,44310200
2024-06-27,38.7800407409668,39.25,39.34999847412109,38.34000015258789,38.70000076293945,29464200
2024-06-28,39.29381561279297,39.77000045776367,40.060001373291016,39.31999969482422,39.7400016784668,52028200
2024-07-01,39.53094100952149,40.0099983215332,40.34000015258789,39.66999816894531,39.90999984741211,26770500
2024-07-02,40.43992614746094,40.93000030517578,40.959999084472656,39.959999084472656,40.0,35626100
2024-07-03,40.4102897644043,40.900001525878906,41.20000076293945,40.75,41.02000045776367,17100700
2024-07-05,39.926151275634766,40.40999984741211,40.959999084472656,40.290000915527344,40.93000030517578,23489000
2024-07-08,40.13364028930664,40.619998931884766,41.040000915527344,40.43000030517578,40.59999847412109,26728500
2024-07-09,40.9240608215332,41.41999816894531,41.83000183105469,40.59999847412109,40.7599983215332,34697200
2024-07-10,41.240230560302734,41.7400016784668,41.7599983215332,41.06999969482422,41.27999877929688,25333400
2024-07-11,41.30939102172852,41.810001373291016,41.900001525878906,41.38999938964844,41.77000045776367,33824600
2024-07-12,41.09202575683594,41.59000015258789,41.91999816894531,41.09000015258789,41.4900016784668,31856600
2024-07-15,41.388431549072266,41.88999938964844,42.22999954223633,41.70000076293945,41.84999847412109,36648100
2024-07-16,43.60161590576172,44.130001068115234,44.400001525878906,42.220001220703125,42.52000045776367,75953300
2024-07-17,43.453407287597656,43.97999954223633,44.43999862670898,43.650001525878906,43.650001525878906,65713600
2024-07-18,42.49502182006836,43.0099983215332,44.2400016784668,42.93000030517578,43.619998931884766,48549200
2024-07-19,42.3863410949707,42.900001525878906,43.560001373291016,42.68999862670898,42.86000061035156,43903000
2024-07-22,41.79352188110352,42.29999923706055,42.869998931884766,41.959999084472656,42.63999938964844,42838300
2024-07-23,41.90220642089844,42.40999984741211,42.77999877929688,42.150001525878906,42.220001220703125,36705100
2024-07-24,41.68484115600586,42.18999862670898,42.75,42.06999969482422,42.27999877929688,36567200
2024-07-25,41.180946350097656,41.68000030517578,42.29999923706055,41.65999984741211,42.02000045776367,41593900
2024-07-26,41.17106628417969,41.66999816894531,41.959999084472656,41.40999984741211,41.58000183105469,52049300
2024-07-29,40.5980110168457,41.09000015258789,41.880001068115234,40.97999954223633,41.77999877929688,37133100
2024-07-30,40.785736083984375,41.27999877929688,41.88999938964844,40.810001373291016,41.04999923706055,44163200
2024-07-31,39.82735061645508,40.310001373291016,41.380001068115234,40.220001220703125,41.22999954223633,50851600
2024-08-01,39.02705001831055,39.5,40.45000076293945,38.97999954223633,40.43999862670898,60107800
2024-08-02,37.13003921508789,37.58000183105469,38.52999877929688,37.18000030517578,38.0,76728000
2024-08-05,36.21117782592773,36.650001525878906,36.959999084472656,35.13999938964844,35.650001525878906,76075200
2024-08-06,36.47793960571289,36.91999816894531,37.310001373291016,36.540000915527344,36.650001525878906,40614100
2024-08-07,36.85338973999024,37.29999923706055,38.59000015258789,37.27000045776367,38.09999847412109,44952400
2024-08-08,37.75249481201172,38.209999084472656,38.41999816894531,37.65999984741211,37.81999969482422,36557800
2024-08-09,37.8216552734375,38.27999877929688,38.45000076293945,37.90999984741211,38.15999984741211,26411200
2024-08-12,37.71297454833984,38.16999816894531,38.72999954223633,38.0099983215332,38.5,33040600
2024-08-13,37.9995002746582,38.459999084472656,38.47999954223633,38.119998931884766,38.369998931884766,21553500
2024-08-14,38.34531021118164,38.810001373291016,38.91999816894531,38.43000030517578,38.52000045776367,25658900
2024-08-15,38.56267547607422,39.02999877929688,39.68000030517578,38.970001220703125,39.43000030517578,37379800
2024-08-16,38.86896514892578,39.34000015258789,39.41999816894531,38.9900016784668,39.0,26886600
2024-08-19,39.195011138916016,39.66999816894531,39.7400016784668,39.45000076293945,39.47999954223633,27268900
2024-08-20,38.22674560546875,38.68999862670898,39.2400016784668,38.34000015258789,39.119998931884766,44440800
2024-08-21,38.28602600097656,38.75,38.9900016784668,38.38999938964844,38.869998931884766,33751100
2024-08-22,38.770164489746094,39.2400016784668,39.290000915527344,38.56999969482422,38.77999877929688,35421600
2024-08-23,39.29381561279297,39.77000045776367,40.16999816894531,39.27000045776367,39.27000045776367,45616600
2024-08-26,39.442020416259766,39.91999816894531,40.20000076293945,39.65999984741211,40.0,44659500
2024-08-27,39.195011138916016,39.66999816894531,40.130001068115234,39.61000061035156,40.0,32323900
2024-08-28,39.47166061401367,39.95000076293945,40.27000045776367,39.33000183105469,39.34000015258789,40700500
2024-08-29,39.68902587890625,40.16999816894531,40.34000015258789,39.52999877929688,40.04999923706055,34810800
2024-08-30,40.26208114624024,40.75,40.86000061035156,40.130001068115234,40.16999816894531,49098200
2024-09-03,40.212684631347656,40.70000076293945,40.900001525878906,40.22999954223633,40.58000183105469,48489300
2024-09-04,40.01507568359375,40.5,40.95000076293945,40.27999877929688,40.65999984741211,39629600
2024-09-05,39.65938568115234,40.13999938964844,40.93999862670898,40.0099983215332,40.79999923706055,34214500
2024-09-06,38.54558181762695,38.7599983215332,39.880001068115234,38.560001373291016,39.77000045776367,47007600
2024-09-09,39.25165557861328,39.470001220703125,39.709999084472656,39.09999847412109,39.25,37610200
2024-09-10,39.06270599365234,39.27999877929688,39.84000015258789,38.33000183105469,39.84000015258789,53983900
2024-09-11,38.78425598144531,39.0,39.02999877929688,38.0099983215332,38.9900016784668,41190000
2024-09-12,38.56547164916992,38.77999877929688,39.33000183105469,38.52999877929688,39.04999923706055,39948800
2024-09-13,38.43619155883789,38.650001525878906,39.09000015258789,38.43999862670898,38.880001068115234,31887300
2024-09-16,38.88370132446289,39.09999847412109,39.209999084472656,38.790000915527344,38.810001373291016,26336400
2024-09-17,39.33121109008789,39.54999923706055,39.79999923706055,39.209999084472656,39.27999877929688,27769400
2024-09-18,39.40082550048828,39.619998931884766,40.119998931884766,39.41999816894531,39.619998931884766,42527800
2024-09-19,40.6439094543457,40.869998931884766,41.04999923706055,40.0099983215332,40.040000915527344,57977800
2024-09-20,40.0472297668457,40.27000045776367,40.72999954223633,40.2400016784668,40.619998931884766,70725000
2024-09-23,39.64944076538086,39.869998931884766,40.43999862670898,39.75,40.209999084472656,31714800
2024-09-24,39.23176574707031,39.45000076293945,39.97999954223633,39.25,39.84999847412109,32534900
2024-09-25,39.03287124633789,39.25,39.40999984741211,38.93999862670898,39.25,28866000
2024-09-26,39.3013801574707,39.52000045776367,39.720001220703125,39.11000061035156,39.38999938964844,39601400
2024-09-27,39.18204498291016,39.400001525878906,39.900001525878906,39.34999847412109,39.650001525878906,27861100
2024-09-30,39.46049499511719,39.68000030517578,39.790000915527344,39.02000045776367,39.22999954223633,35055200
2024-10-01,39.0030403137207,39.220001220703125,39.560001373291016,38.93999862670898,39.5099983215332,26291200
2024-10-02,39.01298141479492,39.22999954223633,39.540000915527344,39.04999923706055,39.25,23302700
2024-10-03,39.03287124633789,39.25,39.27000045776367,38.72999954223633,38.97999954223633,26030200
2024-10-04,39.88811492919922,40.11000061035156,40.25,39.619998931884766,39.93000030517578,34209900
2024-10-07,39.73894500732422,39.959999084472656,40.43999862670898,39.709999084472656,40.209999084472656,27177500
2024-10-08,39.709110260009766,39.93000030517578,40.150001525878906,39.810001373291016,40.04999923706055,26023600
2024-10-09,39.96767044067383,40.18999862670898,40.38999938964844,39.720001220703125,39.869998931884766,27421000
2024-10-10,39.7488899230957,39.970001220703125,40.130001068115234,39.77000045776367,40.0099983215332,26182300
2024-10-11,41.71793746948242,41.95000076293945,42.16999816894531,40.400001525878906,40.5,50660700
2024-10-14,41.67815780639648,41.90999984741211,42.18000030517578,41.720001220703125,41.959999084472656,28098900
2024-10-15,41.906883239746094,42.13999938964844,43.36000061035156,42.04999923706055,43.22999954223633,61490000
2024-10-16,42.563232421875,42.79999923706055,43.09999847412109,42.150001525878906,42.209999084472656,42437800
2024-10-17,42.36433792114258,42.59999847412109,43.0,42.470001220703125,42.83000183105469,31708600
2024-10-18,42.08588790893555,42.31999969482422,42.650001525878906,42.11000061035156,42.43000030517578,30593500
2024-10-21,41.52898406982422,41.7599983215332,42.40999984741211,41.7400016784668,42.25,26589500
2024-10-22,42.06599807739258,42.29999923706055,42.40999984741211,41.56999969482422,41.650001525878906,37104400
2024-10-23,42.10577774047852,42.34000015258789,42.470001220703125,42.02000045776367,42.20000076293945,28569400
2024-10-24,42.41406631469727,42.650001525878906,42.65999984741211,41.970001220703125,42.31999969482422,28392000
2024-10-25,41.65826797485352,41.88999938964844,42.97999954223633,41.790000915527344,42.91999816894531,27466900
2024-10-28,42.38422775268555,42.619998931884766,42.75,42.0099983215332,42.06999969482422,24527600
2024-10-29,42.29472732543945,42.52999877929688,42.810001373291016,42.470001220703125,42.59000015258789,22313500
2024-10-30,42.07594680786133,42.310001373291016,42.900001525878906,41.63999938964844,41.709999084472656,38100500
2024-10-31,41.588653564453125,41.81999969482422,42.54999923706055,41.79999923706055,42.290000915527344,28138200
2024-11-01,41.52898406982422,41.7599983215332,42.43000030517578,41.75,42.150001525878906,31220000
2024-11-04,41.10136795043945,41.33000183105469,42.02000045776367,41.11000061035156,41.61000061035156,31110100
2024-11-05,41.64832305908203,41.880001068115234,42.0099983215332,41.380001068115234,41.5099983215332,30851400
2024-11-06,45.15879440307617,45.40999984741211,45.54999923706055,44.0,44.79999923706055,110086700
2024-11-07,44.5223388671875,44.77000045776367,45.22999954223633,44.5099983215332,45.040000915527344,48339700
2024-11-08,44.88034439086914,45.130001068115234,45.5,44.95000076293945,45.13999938964844,38331800
2024-11-11,45.82509231567383,46.08000183105469,46.52000045776367,45.58000183105469,45.59999847412109,43293500
2024-11-12,45.60630798339844,45.86000061035156,46.45000076293945,45.84000015258789,46.13999938964844,38155900
2024-11-13,45.616249084472656,45.869998931884766,46.47999954223633,45.83000183105469,46.20000076293945,36903900
2024-11-14,45.646087646484375,45.900001525878906,46.15999984741211,45.72999954223633,45.95000076293945,35733100
2024-11-15,46.49138259887695,46.75,46.84000015258789,45.619998931884766,45.619998931884766,40488900
2024-11-18,46.461551666259766,46.720001220703125,47.02000045776367,46.4900016784668,46.75,32371800
2024-11-19,46.153263092041016,46.40999984741211,46.619998931884766,45.95000076293945,45.9900016784668,28534100
2024-11-20,45.80520248413086,46.060001373291016,46.63999938964844,45.91999816894531,46.56999969482422,28021000
2024-11-21,46.20298767089844,46.459999084472656,47.04999923706055,46.29999923706055,46.38999938964844,45336500
2024-11-22,46.7400016784668,47.0,47.220001220703125,46.27999877929688,46.369998931884766,37996200
2024-11-25,47.23723602294922,47.5,47.7400016784668,47.15999984741211,47.2599983215332,42718600
2024-11-26,47.4858512878418,47.75,47.84000015258789,47.209999084472656,47.5099983215332,30301500
2024-11-27,47.505741119384766,47.77000045776367,47.97999954223633,47.650001525878906,47.81999969482422,23278400
2024-11-29,47.24717712402344,47.5099983215332,48.08000183105469,47.5,47.79999923706055,23262000
2024-12-02,46.779781341552734,47.040000915527344,47.81999969482422,46.84999847412109,47.7400016784668,35891500
2024-12-03,46.560997009277344,46.81999969482422,47.47999954223633,46.650001525878906,47.369998931884766,38123800
2024-12-04,46.11348342895508,46.369998931884766,46.77999877929688,46.130001068115234,46.68999862670898,24941300
2024-12-05,46.7400016784668,47.0,47.2400016784668,46.5,46.560001373291016,31572100
2024-12-06,46.75,46.75,47.060001373291016,46.400001525878906,47.060001373291016,28931700
2024-12-09,45.90999984741211,45.90999984741211,46.75,45.900001525878906,46.560001373291016,34660900
2024-12-10,45.75,45.75,46.290000915527344,45.59000015258789,45.90999984741211,35665800
2024-12-11,46.08000183105469,46.08000183105469,46.15999984741211,45.470001220703125,46.0,36790500
2024-12-12,46.08000183105469,46.08000183105469,46.470001220703125,45.91999816894531,46.13999938964844,24017300
2024-12-13,45.66999816894531,45.66999816894531,46.09999847412109,45.380001068115234,46.09000015258789,32902300
2024-12-16,45.470001220703125,45.470001220703125,45.68000030517578,45.15999984741211,45.59000015258789,27330400
2024-12-17,45.04999923706055,45.04999923706055,45.18999862670898,44.619998931884766,45.18999862670898,33054600
2024-12-18,43.5,43.5,45.43000030517578,43.34999847412109,45.13999938964844,41771900
2024-12-19,43.380001068115234,43.380001068115234,44.47999954223633,43.310001373291016,43.970001220703125,38583600
2024-12-20,44.16999816894531,44.16999816894531,44.400001525878906,43.09999847412109,43.20000076293945,74111000
2024-12-23,,43.88999938964844,44.11000061035156,42.77999877929688,43.900001525878906,35374800
2024-12-24,,44.380001068115234,44.41999816894531,43.93000030517578,43.93000030517578,12054400
2024-12-26,,44.54999923706055,44.58000183105469,44.11000061035156,44.209999084472656,16077400
