Price,Adj Close,Close,High,Low,Open,Volume
Ticker,JNPR,JNPR,JNPR,JNPR,JNPR,JNPR
Date,,,,,,
2005-06-02,19.88179397583008,25.670000076293945,25.739999771118164,25.51000022888184,25.57999992370605,3563900
2005-06-03,19.53326416015625,25.21999931335449,25.700000762939453,25.020000457763672,25.6299991607666,4549400
2005-06-06,19.401592254638672,25.049999237060547,25.25,24.6200008392334,25.14999961853028,5917700
2005-06-07,19.20022392272949,24.790000915527344,25.46999931335449,24.690000534057617,25.190000534057617,5455800
2005-06-08,19.053062438964844,24.600000381469727,24.989999771118164,24.520000457763672,24.809999465942383,4417000
2005-06-09,19.25443458557129,24.86000061035156,25.059999465942383,24.420000076293945,24.559999465942383,5412400
2005-06-10,19.46355438232422,25.1299991607666,25.190000534057617,24.459999084472656,24.940000534057617,5755800
2005-06-13,19.48678970336914,25.15999984741211,25.459999084472656,24.82999992370605,24.90999984741211,4710400
2005-06-14,19.35511779785156,24.989999771118164,25.38999938964844,24.770000457763672,25.1200008392334,3251600
2005-06-15,19.719141006469727,25.459999084472656,25.489999771118164,24.8799991607666,25.31999969482422,6873900
2005-06-16,20.323266983032227,26.239999771118164,26.420000076293945,25.450000762939453,25.56999969482422,9540700
2005-06-17,20.346498489379883,26.270000457763672,26.43000030517578,26.049999237060547,26.26000022888184,6095800
2005-06-20,20.15287208557129,26.020000457763672,26.229999542236328,25.950000762939453,26.0,4041200
2005-06-21,21.00483703613281,27.1200008392334,27.239999771118164,26.200000762939453,26.239999771118164,12267200
2005-06-22,20.95836639404297,27.059999465942383,27.290000915527344,26.75,27.290000915527344,5993600
2005-06-23,20.7182674407959,26.75,27.64999961853028,26.700000762939453,27.209999084472656,12608600
2005-06-24,19.827571868896484,25.600000381469727,26.89999961853028,25.459999084472656,26.68000030517578,11938700
2005-06-27,19.571983337402344,25.270000457763672,25.51000022888184,25.13999938964844,25.39999961853028,5125500
2005-06-28,19.502281188964844,25.18000030517578,25.559999465942383,25.059999465942383,25.440000534057617,5101300
2005-06-29,19.541004180908203,25.229999542236328,25.479999542236328,25.100000381469727,25.229999542236328,4204300
2005-06-30,19.502281188964844,25.18000030517578,25.76000022888184,25.18000030517578,25.450000762939453,5520100
2005-07-01,19.277671813964844,24.88999938964844,25.3799991607666,24.76000022888184,25.25,4939300
2005-07-05,19.14600372314453,24.71999931335449,25.059999465942383,24.46999931335449,24.61000061035156,6001800
2005-07-06,19.324138641357425,24.950000762939453,25.290000915527344,24.600000381469727,24.6200008392334,6480600
2005-07-07,19.24669075012207,24.850000381469727,24.950000762939453,24.5,24.700000762939453,5157300
2005-07-08,19.67267417907715,25.39999961853028,25.40999984741211,24.540000915527344,24.799999237060547,6985600
2005-07-11,19.750123977661133,25.5,25.530000686645508,25.13999938964844,25.46999931335449,5081500
2005-07-12,20.13737869262696,26.0,26.15999984741211,25.32999992370605,25.39999961853028,5844800
2005-07-13,20.26130485534668,26.15999984741211,26.190000534057617,25.549999237060547,26.1299991607666,4377500
2005-07-14,20.354246139526367,26.280000686645508,26.799999237060547,26.200000762939453,26.209999084472656,6504500
2005-07-15,20.199342727661133,26.07999992370605,26.479999542236328,25.82999992370605,26.32999992370605,5000000
2005-07-18,20.23033142089844,26.1200008392334,26.14999961853028,25.799999237060547,25.979999542236328,4063900
2005-07-19,20.547876358032227,26.530000686645508,27.209999084472656,26.1299991607666,26.31999969482422,7659800
2005-07-20,19.36286354064941,25.0,25.6299991607666,24.799999237060547,25.600000381469727,18007600
2005-07-21,18.510906219482425,23.89999961853028,25.0,23.76000022888184,24.96999931335449,17574300
2005-07-22,18.464431762695312,23.84000015258789,24.09000015258789,23.670000076293945,24.059999465942383,7339700
2005-07-25,17.837074279785156,23.030000686645508,23.989999771118164,22.950000762939453,23.89999961853028,14486400
2005-07-26,17.891294479370117,23.100000381469727,23.350000381469727,23.07999992370605,23.15999984741211,9528400
2005-07-27,18.68903350830078,24.1299991607666,24.21999931335449,22.959999084472656,23.229999542236328,11824600
2005-07-28,18.56511116027832,23.96999931335449,24.190000534057617,23.89999961853028,24.100000381469727,6588600
2005-07-29,18.580604553222656,23.989999771118164,24.299999237060547,23.989999771118164,24.020000457763672,5350100
2005-08-01,18.712278366088867,24.15999984741211,24.280000686645508,23.88999938964844,24.09000015258789,5789400
2005-08-02,18.7819766998291,24.25,24.3799991607666,24.100000381469727,24.200000762939453,5282700
2005-08-03,18.96011734008789,24.479999542236328,24.5,24.100000381469727,24.21999931335449,6029100
2005-08-04,18.42570686340332,23.790000915527344,24.43000030517578,23.739999771118164,24.290000915527344,6237900
2005-08-05,18.301782608032227,23.6299991607666,23.780000686645508,23.38999938964844,23.600000381469727,6850000
2005-08-08,17.899038314819336,23.11000061035156,23.6299991607666,23.06999969482422,23.59000015258789,5669800
2005-08-09,18.04619026184082,23.299999237060547,23.34000015258789,23.07999992370605,23.209999084472656,6256700
2005-08-10,18.24756622314453,23.559999465942383,23.799999237060547,23.309999465942383,23.31999969482422,9417800
2005-08-11,18.42570686340332,23.790000915527344,23.790000915527344,23.290000915527344,23.540000915527344,5370400
2005-08-12,18.263059616088867,23.57999992370605,23.6299991607666,23.15999984741211,23.479999542236328,5532300
2005-08-15,18.1933536529541,23.489999771118164,23.71999931335449,23.38999938964844,23.459999084472656,3617700
2005-08-16,18.278541564941406,23.600000381469727,23.76000022888184,23.190000534057617,23.309999465942383,6303400
2005-08-17,18.185606002807617,23.479999542236328,23.84000015258789,23.38999938964844,23.64999961853028,4845300
2005-08-18,18.10041618347168,23.3700008392334,23.520000457763672,23.31999969482422,23.40999984741211,3132700
2005-08-19,18.06167984008789,23.31999969482422,23.479999542236328,23.190000534057617,23.43000030517578,4130000
2005-08-22,18.278541564941406,23.600000381469727,23.81999969482422,23.290000915527344,23.38999938964844,5055300
2005-08-23,18.32501983642578,23.65999984741211,23.850000381469727,23.51000022888184,23.75,3863200
2005-08-24,18.24756622314453,23.559999465942383,23.809999465942383,23.440000534057617,23.600000381469727,4953500
2005-08-25,18.077173233032227,23.34000015258789,23.600000381469727,23.270000457763672,23.46999931335449,4553500
2005-08-26,17.790603637695312,22.96999931335449,23.21999931335449,22.75,23.170000076293945,6894300
2005-08-29,17.689912796020508,22.84000015258789,22.90999984741211,22.57999992370605,22.76000022888184,5759500
2005-08-30,17.519521713256836,22.6200008392334,22.86000061035156,22.32999992370605,22.850000381469727,8211600
2005-08-31,17.612462997436523,22.739999771118164,22.76000022888184,22.51000022888184,22.520000457763672,6770600
2005-09-01,17.829326629638672,23.020000457763672,23.1200008392334,22.57999992370605,22.75,7110600
2005-09-02,17.93776512145996,23.15999984741211,23.39999961853028,22.96999931335449,23.059999465942383,4572100
2005-09-06,18.08491516113281,23.350000381469727,23.40999984741211,23.170000076293945,23.25,3324600
2005-09-07,18.43345069885254,23.799999237060547,23.8700008392334,23.299999237060547,23.299999237060547,4319900
2005-09-08,18.65030860900879,24.07999992370605,24.13999938964844,23.709999084472656,23.709999084472656,5673200
2005-09-09,18.60383987426757,24.020000457763672,24.1299991607666,23.799999237060547,24.0,3224300
2005-09-12,18.611587524414062,24.030000686645508,24.3700008392334,23.850000381469727,24.020000457763672,4001900
2005-09-13,18.588356018066406,24.0,24.21999931335449,23.89999961853028,23.96999931335449,2474700
2005-09-14,18.208839416503903,23.51000022888184,24.0,23.36000061035156,24.0,3925200
2005-09-15,18.1081485748291,23.3799991607666,23.64999961853028,22.950000762939453,23.450000762939453,4231800
2005-09-16,18.224336624145508,23.530000686645508,23.6299991607666,23.309999465942383,23.3700008392334,3793200
2005-09-19,18.015213012695312,23.26000022888184,23.5,23.13999938964844,23.5,3548600
2005-09-20,17.914522171020508,23.1299991607666,23.770000457763672,22.93000030517578,23.030000686645508,7113400
2005-09-21,17.581483840942383,22.700000762939453,23.15999984741211,22.600000381469727,23.030000686645508,4959300
2005-09-22,17.3646183013916,22.420000076293945,22.790000915527344,22.0,22.700000762939453,5405800
2005-09-23,17.29491424560547,22.32999992370605,22.600000381469727,22.25,22.420000076293945,4297200
2005-09-26,17.395599365234375,22.459999084472656,22.690000534057617,22.31999969482422,22.46999931335449,4529300
2005-09-27,17.496292114257812,22.59000015258789,22.96999931335449,22.40999984741211,22.40999984741211,5568900
2005-09-28,18.224336624145508,23.530000686645508,23.6299991607666,22.68000030517578,22.700000762939453,7008200
2005-09-29,18.34050941467285,23.68000030517578,23.81999969482422,23.31999969482422,23.600000381469727,5741900
2005-09-30,18.43345069885254,23.799999237060547,23.940000534057617,23.479999542236328,23.549999237060547,4717800
2005-10-03,17.821584701538086,23.01000022888184,23.950000762939453,22.96999931335449,23.600000381469727,8766900
2005-10-04,17.465307235717773,22.549999237060547,23.18000030517578,22.540000915527344,23.0,6984700
2005-10-05,17.109025955200195,22.09000015258789,22.799999237060547,22.049999237060547,22.600000381469727,7495300
2005-10-06,17.28716468811035,22.31999969482422,22.739999771118164,22.09000015258789,22.15999984741211,8056100
2005-10-07,17.37236785888672,22.43000030517578,22.549999237060547,22.190000534057617,22.450000762939453,4514500
2005-10-10,17.194217681884766,22.200000762939453,22.450000762939453,22.01000022888184,22.450000762939453,4271300
2005-10-11,16.714019775390625,21.57999992370605,22.450000762939453,21.420000076293945,22.18000030517578,7823300
2005-10-12,16.56686782836914,21.38999938964844,21.739999771118164,21.049999237060547,21.229999542236328,9146000
2005-10-13,16.961872100830078,21.89999961853028,21.959999084472656,21.239999771118164,21.40999984741211,6916300
2005-10-14,16.72177505493164,21.59000015258789,22.229999542236328,21.420000076293945,22.059999465942383,8341200
2005-10-17,16.946382522583008,21.8799991607666,21.88999938964844,21.3700008392334,21.75,3800300
2005-10-18,16.50490951538086,21.309999465942383,21.850000381469727,21.280000686645508,21.799999237060547,4588600
2005-10-19,17.031578063964844,21.989999771118164,22.030000686645508,21.100000381469727,21.100000381469727,9283700
2005-10-20,17.65119171142578,22.790000915527344,23.96999931335449,21.56999969482422,23.600000381469727,32039800
2005-10-21,18.022958755493164,23.270000457763672,23.520000457763672,23.1200008392334,23.18000030517578,9793400
2005-10-24,18.015213012695312,23.26000022888184,23.420000076293945,23.07999992370605,23.25,5284200
2005-10-25,17.790603637695312,22.96999931335449,23.479999542236328,22.63999938964844,23.06999969482422,7594600
2005-10-26,17.697662353515625,22.850000381469727,23.540000915527344,22.75,22.89999961853028,6497100
2005-10-27,17.403345108032227,22.46999931335449,23.030000686645508,22.420000076293945,22.75,4367400
2005-10-28,17.55824851989746,22.670000076293945,22.940000534057617,22.290000915527344,22.75,4306500
2005-10-31,18.069425582885746,23.32999992370605,23.46999931335449,22.559999465942383,22.600000381469727,8196300
2005-11-01,18.371490478515625,23.71999931335449,24.030000686645508,23.229999542236328,23.32999992370605,10390300
2005-11-02,18.665807723999023,24.100000381469727,24.299999237060547,23.239999771118164,23.299999237060547,12695400
2005-11-03,18.73551368713379,24.190000534057617,24.43000030517578,23.809999465942383,24.1200008392334,6590300
2005-11-04,18.56511116027832,23.96999931335449,24.39999961853028,23.81999969482422,24.01000022888184,4101900
2005-11-07,18.97560691833496,24.5,24.5,23.690000534057617,24.06999969482422,5369100
2005-11-08,18.91364860534668,24.420000076293945,24.68000030517578,24.309999465942383,24.479999542236328,3963900
2005-11-09,19.053062438964844,24.600000381469727,24.6299991607666,24.13999938964844,24.309999465942383,3613100
2005-11-10,18.9368896484375,24.450000762939453,24.450000762939453,23.790000915527344,24.350000381469727,5873900
2005-11-11,18.580604553222656,23.989999771118164,24.100000381469727,23.84000015258789,23.8700008392334,10363600
2005-11-14,18.24756622314453,23.559999465942383,24.100000381469727,23.40999984741211,24.0,5146400
2005-11-15,17.984230041503906,23.21999931335449,23.790000915527344,23.100000381469727,23.56999969482422,6528000
2005-11-16,17.77511215209961,22.950000762939453,23.3700008392334,22.71999931335449,23.3700008392334,7860600
2005-11-17,18.1081485748291,23.3799991607666,23.420000076293945,22.920000076293945,23.11000061035156,3928900
2005-11-18,18.092668533325195,23.36000061035156,23.68000030517578,22.799999237060547,23.59000015258789,9126200
2005-11-21,18.131385803222656,23.40999984741211,23.540000915527344,23.25,23.459999084472656,4215800
2005-11-22,18.27080726623535,23.59000015258789,23.739999771118164,22.950000762939453,23.100000381469727,9311200
2005-11-23,18.642566680908203,24.06999969482422,24.309999465942383,23.56999969482422,23.71999931335449,6728400
2005-11-25,18.534143447875977,23.93000030517578,24.200000762939453,23.75,24.1200008392334,1718100
2005-11-28,18.456684112548828,23.82999992370605,24.0,23.64999961853028,23.809999465942383,3269400
2005-11-29,18.038442611694336,23.290000915527344,23.950000762939453,23.280000686645508,23.89999961853028,4909500
2005-11-30,17.41883659362793,22.489999771118164,23.290000915527344,22.40999984741211,23.200000762939453,12040900
2005-12-01,17.744131088256836,22.90999984741211,22.940000534057617,22.5,22.64999961853028,7947200
2005-12-02,17.689912796020508,22.84000015258789,23.049999237060547,22.64999961853028,22.729999542236328,3391500
2005-12-05,18.15462303161621,23.440000534057617,23.63999938964844,22.6200008392334,22.8799991607666,11742600
2005-12-06,17.821584701538086,23.01000022888184,23.56999969482422,22.96999931335449,23.46999931335449,5609200
2005-12-07,17.581483840942383,22.700000762939453,23.25,22.559999465942383,22.96999931335449,6050000
2005-12-08,17.279420852661133,22.309999465942383,22.809999465942383,22.14999961853028,22.71999931335449,8458600
2005-12-09,17.465307235717773,22.549999237060547,22.709999084472656,22.100000381469727,22.299999237060547,5200500
2005-12-12,17.395599365234375,22.459999084472656,22.6299991607666,22.21999931335449,22.440000534057617,3695500
2005-12-13,17.240697860717773,22.26000022888184,22.549999237060547,22.100000381469727,22.39999961853028,7067300
2005-12-14,16.868928909301758,21.780000686645508,22.299999237060547,21.700000762939453,22.14999961853028,10515900
2005-12-15,16.72177505493164,21.59000015258789,21.950000762939453,21.479999542236328,21.850000381469727,7905300
2005-12-16,16.915395736694336,21.84000015258789,21.8799991607666,21.440000534057617,21.64999961853028,10420100
2005-12-19,16.961872100830078,21.89999961853028,22.350000381469727,21.76000022888184,21.940000534057617,6824300
2005-12-20,17.0703067779541,22.040000915527344,22.170000076293945,21.0,21.979999542236328,6401800
2005-12-21,17.140010833740234,22.1299991607666,22.239999771118164,21.93000030517578,21.979999542236328,5307200
2005-12-22,17.147756576538086,22.13999938964844,22.34000015258789,22.049999237060547,22.1299991607666,6713900
2005-12-23,17.271678924560547,22.299999237060547,22.34000015258789,22.1299991607666,22.14999961853028,3893900
2005-12-27,17.116771697998047,22.100000381469727,22.59000015258789,22.059999465942383,22.309999465942383,3971000
2005-12-28,17.55824851989746,22.670000076293945,22.84000015258789,22.0,22.0,8147300
2005-12-29,17.25618553161621,22.280000686645508,22.71999931335449,22.229999542236328,22.65999984741211,4640800
2005-12-30,17.271678924560547,22.299999237060547,22.450000762939453,22.07999992370605,22.15999984741211,4183000
2006-01-03,16.41196632385254,21.190000534057617,22.18000030517578,20.88999938964844,22.13999938964844,22328300
2006-01-04,16.54363441467285,21.36000061035156,21.56999969482422,21.1299991607666,21.299999237060547,11951400
2006-01-05,16.659812927246094,21.51000022888184,21.93000030517578,21.39999961853028,21.459999084472656,11352800
2006-01-06,17.085790634155273,22.059999465942383,22.229999542236328,21.670000076293945,21.799999237060547,13182700
2006-01-09,16.30353546142578,21.049999237060547,21.709999084472656,20.43000030517578,21.65999984741211,42376100
2006-01-10,17.232946395874023,22.25,22.270000457763672,20.64999961853028,20.82999992370605,25699700
2006-01-11,17.140010833740234,22.1299991607666,22.59000015258789,21.88999938964844,22.25,15880000
2006-01-12,16.74500846862793,21.6200008392334,22.0,21.549999237060547,22.0,8945300
2006-01-13,16.97736167907715,21.920000076293945,21.96999931335449,21.420000076293945,21.64999961853028,6705300
2006-01-17,16.814708709716797,21.709999084472656,21.920000076293945,21.520000457763672,21.920000076293945,9195600
2006-01-18,17.279420852661133,22.309999465942383,22.36000061035156,21.3700008392334,21.38999938964844,10363800
2006-01-19,17.333633422851562,22.3799991607666,22.6299991607666,22.229999542236328,22.540000915527344,7604700
2006-01-20,16.737266540527344,21.61000061035156,22.440000534057617,21.56999969482422,22.38999938964844,8460500
2006-01-23,16.41196632385254,21.190000534057617,21.8700008392334,21.170000076293945,21.76000022888184,6658700
2006-01-24,16.535890579223633,21.350000381469727,21.75,21.170000076293945,21.299999237060547,7800700
2006-01-25,16.667556762695312,21.520000457763672,21.729999542236328,20.790000915527344,21.6200008392334,16060500
2006-01-26,13.21322250366211,17.059999465942383,18.71999931335449,16.979999542236328,18.520000457763672,110746200
2006-01-27,13.538518905639648,17.479999542236328,17.479999542236328,16.979999542236328,17.290000915527344,33975200
2006-01-30,14.17361831665039,18.299999237060547,18.450000762939453,17.889999389648438,17.90999984741211,26545400
2006-01-31,14.041948318481444,18.1299991607666,18.64999961853028,17.989999771118164,18.600000381469727,27390300
2006-02-01,14.165870666503906,18.290000915527344,18.40999984741211,17.90999984741211,17.90999984741211,12908700
2006-02-02,13.979987144470217,18.049999237060547,18.40999984741211,17.979999542236328,18.26000022888184,14752600
2006-02-03,14.227835655212402,18.3700008392334,18.5,17.920000076293945,18.0,16664300
2006-02-06,14.452445030212402,18.65999984741211,18.68000030517578,18.32999992370605,18.350000381469727,10829300
2006-02-07,14.576364517211914,18.81999969482422,18.8799991607666,18.549999237060547,18.6299991607666,15846900
2006-02-08,14.684800148010254,18.959999084472656,19.209999084472656,18.8700008392334,19.15999984741211,12513900
2006-02-09,14.560877799987791,18.799999237060547,19.15999984741211,18.799999237060547,19.0,6655700
2006-02-10,14.878427505493164,19.209999084472656,19.25,18.39999961853028,18.8700008392334,12755600
2006-02-13,14.444695472717283,18.64999961853028,19.07999992370605,18.549999237060547,18.89999961853028,7454000
2006-02-14,14.715778350830078,19.0,19.040000915527344,18.51000022888184,18.76000022888184,9121800
2006-02-15,14.816468238830566,19.1299991607666,19.200000762939453,18.790000915527344,18.84000015258789,5841500
2006-02-16,14.421464920043944,18.6200008392334,19.190000534057617,18.57999992370605,19.18000030517578,11550100
2006-02-17,13.918025970458984,17.969999313354492,18.68000030517578,17.940000534057617,18.68000030517578,21135900
2006-02-21,13.51528263092041,17.450000762939453,18.049999237060547,17.219999313354492,18.049999237060547,25295200
2006-02-22,13.73989200592041,17.739999771118164,17.940000534057617,17.459999084472656,17.700000762939453,17294500
2006-02-23,13.801851272583008,17.81999969482422,18.030000686645508,17.59000015258789,17.75,6317800
2006-02-24,13.685673713684082,17.670000076293945,17.950000762939453,17.510000228881836,17.760000228881836,10494700
2006-02-27,13.85606575012207,17.889999389648438,18.010000228881836,17.549999237060547,17.709999084472656,6558100
2006-02-28,14.243326187133787,18.38999938964844,18.459999084472656,17.799999237060547,17.850000381469727,12426300
2006-03-01,15.219216346740724,19.64999961853028,19.700000762939453,18.3700008392334,18.38999938964844,25318300
2006-03-02,15.164999008178713,19.57999992370605,19.850000381469727,19.200000762939453,19.450000762939453,9730900
2006-03-03,15.180487632751465,19.600000381469727,19.799999237060547,19.290000915527344,19.309999465942383,6494200
2006-03-06,15.22696018218994,19.65999984741211,19.799999237060547,19.299999237060547,19.450000762939453,11786000
2006-03-07,15.172743797302246,19.59000015258789,19.88999938964844,19.5,19.559999465942383,8021500
2006-03-08,14.986859321594238,19.350000381469727,19.690000534057617,19.11000061035156,19.51000022888184,11011900
2006-03-09,14.800975799560549,19.11000061035156,19.530000686645508,18.940000534057617,19.420000076293945,6442700
2006-03-10,14.638330459594728,18.89999961853028,19.200000762939453,18.57999992370605,19.1200008392334,8274100
2006-03-13,14.677048683166504,18.950000762939453,19.31999969482422,18.8799991607666,18.89999961853028,4839200
2006-03-14,15.65293788909912,20.209999084472656,20.25,19.100000381469727,19.190000534057617,20171000
2006-03-15,15.707157135009766,20.280000686645508,20.5,19.920000076293945,20.239999771118164,13376800
2006-03-16,15.149506568908691,19.559999465942383,20.39999961853028,19.520000457763672,20.190000534057617,11984900
2006-03-17,15.06431007385254,19.450000762939453,19.71999931335449,19.26000022888184,19.63999938964844,9992800
2006-03-20,15.103031158447266,19.5,19.76000022888184,19.38999938964844,19.450000762939453,5807200
2006-03-21,14.994600296020508,19.36000061035156,20.100000381469727,19.299999237060547,19.36000061035156,6483100
2006-03-22,14.70802879333496,18.989999771118164,19.200000762939453,18.670000076293945,18.8700008392334,9947100
2006-03-23,14.75450611114502,19.049999237060547,19.14999961853028,18.850000381469727,18.950000762939453,5234100
2006-03-24,14.90940284729004,19.25,19.88999938964844,19.14999961853028,19.239999771118164,11691500
2006-03-27,14.979117393493652,19.34000015258789,19.59000015258789,19.25,19.489999771118164,5889800
2006-03-28,14.762248992919922,19.059999465942383,19.520000457763672,18.959999084472656,19.290000915527344,6800100
2006-03-29,15.041069984436035,19.420000076293945,19.5,18.959999084472656,19.15999984741211,7279700
2006-03-30,14.847445487976074,19.170000076293945,19.5,19.09000015258789,19.36000061035156,9382600
2006-03-31,14.808716773986816,19.1200008392334,19.39999961853028,19.06999969482422,19.15999984741211,9572200
2006-04-03,14.615092277526855,18.8700008392334,19.38999938964844,18.850000381469727,19.3799991607666,10048700
2006-04-04,14.607351303100586,18.86000061035156,19.209999084472656,18.75,18.940000534057617,10451700
2006-04-05,14.677048683166504,18.950000762939453,19.25,18.770000457763672,18.89999961853028,8459300
2006-04-06,14.653820037841797,18.920000076293945,19.020000457763672,18.75,19.0,8530600
2006-04-07,14.75450611114502,19.049999237060547,19.200000762939453,18.81999969482422,19.0,7151500
2006-04-10,14.529894828796388,18.76000022888184,19.200000762939453,18.63999938964844,19.0,8490000
2006-04-11,14.607351303100586,18.86000061035156,19.25,18.43000030517578,19.190000534057617,13697600
2006-04-12,14.777739524841309,19.07999992370605,19.1200008392334,18.71999931335449,18.940000534057617,6209000
2006-04-13,14.948129653930664,19.299999237060547,19.38999938964844,18.8700008392334,18.979999542236328,7001000
2006-04-17,15.041069984436035,19.420000076293945,19.57999992370605,19.290000915527344,19.34000015258789,8769600
2006-04-18,15.38185977935791,19.86000061035156,20.15999984741211,19.3799991607666,19.40999984741211,13614200
2006-04-19,15.722640991210938,20.299999237060547,20.3700008392334,19.86000061035156,20.040000915527344,27611800
2006-04-20,14.134892463684082,18.25,19.020000457763672,17.989999771118164,18.8799991607666,50007400
2006-04-21,13.840574264526367,17.8700008392334,18.40999984741211,17.809999465942383,18.299999237060547,18350900
2006-04-24,13.670183181762695,17.649999618530273,17.93000030517578,17.5,17.93000030517578,11828100
2006-04-25,14.01871395111084,18.100000381469727,18.229999542236328,17.59000015258789,17.75,11179700
2006-04-26,14.31302547454834,18.479999542236328,18.520000457763672,17.93000030517578,18.059999465942383,8646600
2006-04-27,14.103909492492676,18.209999084472656,18.8799991607666,18.14999961853028,18.32999992370605,11890200
2006-04-28,14.31302547454834,18.479999542236328,18.5,18.010000228881836,18.21999931335449,8757200
2006-05-01,13.979987144470217,18.049999237060547,18.5,17.850000381469727,18.459999084472656,11326900
2006-05-02,14.103909492492676,18.209999084472656,18.39999961853028,17.920000076293945,18.049999237060547,6001100
2006-05-03,13.99548053741455,18.06999969482422,18.309999465942383,18.030000686645508,18.270000457763672,9190500
2006-05-04,13.95675277709961,18.020000457763672,18.21999931335449,17.90999984741211,18.0,8675500
2006-05-05,13.840574264526367,17.8700008392334,18.1200008392334,17.850000381469727,18.100000381469727,9871700
2006-05-08,13.918025970458984,17.969999313354492,18.07999992370605,17.489999771118164,17.90999984741211,14796600
2006-05-09,13.910284042358398,17.959999084472656,18.100000381469727,17.75,17.93000030517578,8934100
2006-05-10,13.708913803100586,17.700000762939453,17.899999618530273,17.579999923706055,17.829999923706055,6606700
2006-05-11,13.306159019470217,17.18000030517578,17.780000686645508,17.100000381469727,17.700000762939453,9510000
2006-05-12,13.06606674194336,16.8700008392334,17.209999084472656,16.8700008392334,17.209999084472656,11016400
2006-05-15,13.089298248291016,16.899999618530273,17.18000030517578,16.799999237060547,16.799999237060547,5178500
2006-05-16,12.833707809448242,16.56999969482422,16.950000762939453,16.170000076293945,16.899999618530273,15064900
2006-05-17,13.06606674194336,16.8700008392334,17.020000457763672,16.260000228881836,16.420000076293945,16106900
2006-05-18,12.469685554504396,16.100000381469727,16.899999618530273,15.93000030517578,16.799999237060547,18122300
2006-05-19,11.664189338684082,15.0600004196167,16.229999542236328,15.0,16.149999618530273,33743900
2006-05-22,11.997231483459473,15.489999771118164,15.75,14.619999885559082,14.640000343322754,24334000
2006-05-23,11.64095401763916,15.029999732971191,15.93000030517578,15.0,15.5,21562400
2006-05-24,11.269187927246094,14.550000190734863,15.050000190734863,14.329999923706056,15.050000190734863,24407400
2006-05-25,11.842329978942873,15.289999961853027,15.34000015258789,14.539999961853027,14.630000114440918,16227800
2006-05-26,12.152134895324709,15.6899995803833,15.960000038146973,15.529999732971191,15.949999809265137,19321100
2006-05-30,12.276056289672852,15.850000381469728,15.90999984741211,15.56999969482422,15.75,12733300
2006-05-31,12.338017463684082,15.93000030517578,16.079999923706055,15.720000267028809,15.890000343322754,13254600
2006-06-01,13.530770301818848,17.469999313354492,17.469999313354492,16.010000228881836,16.030000686645508,95037000
2006-06-02,13.128024101257324,16.950000762939453,17.389999389648438,16.799999237060547,17.290000915527344,33557800
2006-06-05,13.019591331481934,16.809999465942383,17.030000686645508,16.610000610351562,16.84000015258789,12163000
2006-06-06,13.01184368133545,16.799999237060547,17.0,16.670000076293945,16.8700008392334,10412300
2006-06-07,13.182236671447754,17.020000457763672,17.200000762939453,16.790000915527344,16.860000610351562,9296300
2006-06-08,13.174495697021484,17.010000228881836,17.149999618530273,16.510000228881836,16.959999084472656,11789000
2006-06-09,12.957629203796388,16.729999542236328,17.200000762939453,16.420000076293945,17.110000610351562,12452400
2006-06-12,12.694296836853027,16.389999389648438,16.829999923706055,16.239999771118164,16.700000762939453,5664800
2006-06-13,12.461939811706545,16.09000015258789,16.360000610351562,15.760000228881836,16.270000457763672,10765000
2006-06-14,12.392234802246094,16.0,16.239999771118164,15.640000343322754,16.09000015258789,7237800
2006-06-15,12.903412818908691,16.65999984741211,16.860000610351562,15.850000381469728,16.020000457763672,8562700
2006-06-16,12.973121643066406,16.75,17.010000228881836,16.549999237060547,16.639999389648438,8885000
2006-06-19,12.307037353515623,15.890000343322754,16.899999618530273,15.869999885559082,16.799999237060547,14636200
2006-06-20,12.330275535583496,15.920000076293944,16.139999389648438,15.729999542236328,15.8100004196167,8163700
2006-06-21,12.26056671142578,15.829999923706056,16.229999542236328,15.81999969482422,15.81999969482422,7781800
2006-06-22,12.237330436706545,15.800000190734863,16.010000228881836,15.670000076293944,15.880000114440918,5650700
2006-06-23,12.252821922302246,15.81999969482422,15.920000076293944,15.630000114440918,15.6899995803833,7555100
2006-06-26,12.26056671142578,15.829999923706056,16.030000686645508,15.710000038146973,15.789999961853027,5985400
2006-06-27,11.94301700592041,15.420000076293944,15.9399995803833,15.399999618530272,15.779999732971191,4757600
2006-06-28,12.066938400268556,15.579999923706056,15.59000015258789,15.1899995803833,15.520000457763672,4435900
2006-06-29,12.407722473144531,16.020000457763672,16.040000915527344,15.539999961853027,15.56999969482422,6883000
2006-06-30,12.38449001312256,15.989999771118164,16.190000534057617,15.880000114440918,16.059999465942383,8629200
2006-07-03,12.531646728515623,16.18000030517578,16.200000762939453,15.9399995803833,16.100000381469727,2196200
2006-07-05,12.322531700134276,15.90999984741211,16.139999389648438,15.800000190734863,15.899999618530272,4305500
2006-07-06,12.399978637695312,16.010000228881836,16.049999237060547,15.850000381469728,15.920000076293944,3952600
2006-07-07,12.175372123718262,15.720000267028809,16.020000457763672,15.510000228881836,15.890000343322754,5506500
2006-07-10,11.94301700592041,15.420000076293944,15.829999923706056,15.170000076293944,15.739999771118164,6892600
2006-07-11,11.71066188812256,15.119999885559082,15.390000343322754,14.970000267028809,15.270000457763672,10612000
2006-07-12,11.19173812866211,14.449999809265137,15.149999618530272,14.4399995803833,15.119999885559082,11460000
2006-07-13,11.114285469055176,14.350000381469728,14.81999969482422,14.18000030517578,14.380000114440918,10722700
2006-07-14,10.91291332244873,14.09000015258789,14.40999984741211,14.020000457763672,14.300000190734863,8824000
2006-07-17,11.060070991516112,14.279999732971191,14.600000381469728,14.050000190734863,14.149999618530272,6321000
2006-07-18,11.091052055358888,14.31999969482422,14.470000267028809,13.890000343322754,14.289999961853027,7355400
2006-07-19,10.95163631439209,14.140000343322754,14.529999732971191,14.020000457763672,14.31999969482422,19111200
2006-07-20,10.88967514038086,14.0600004196167,14.760000228881836,14.010000228881836,14.210000038146973,33680600
2006-07-21,10.55663776397705,13.630000114440918,13.979999542236328,13.539999961853027,13.970000267028809,15095200
2006-07-24,10.665067672729492,13.770000457763672,13.9399995803833,13.609999656677246,13.68000030517578,7132900
2006-07-25,10.61085319519043,13.699999809265137,13.850000381469728,13.420000076293944,13.770000457763672,9497500
2006-07-26,10.386242866516112,13.40999984741211,13.84000015258789,13.369999885559082,13.789999961853027,9978900
2006-07-27,10.32427978515625,13.329999923706056,13.59000015258789,13.109999656677246,13.359999656677246,8026400
2006-07-28,10.587614059448242,13.670000076293944,13.699999809265137,13.329999923706056,13.359999656677246,9883500
2006-07-31,10.417222023010254,13.449999809265137,13.720000267028809,13.449999809265137,13.600000381469728,4373600
2006-08-01,10.293299674987791,13.289999961853027,13.390000343322754,13.18000030517578,13.210000038146973,5620000
2006-08-02,10.246830940246582,13.229999542236328,13.390000343322754,13.1899995803833,13.300000190734863,6954500
2006-08-03,10.223590850830078,13.199999809265137,13.359999656677246,12.979999542236328,13.170000076293944,10763300
2006-08-04,10.169377326965332,13.130000114440918,13.460000038146973,13.039999961853027,13.399999618530272,4577000
2006-08-07,10.068689346313477,13.0,13.220000267028809,12.890000343322754,13.109999656677246,6392600
2006-08-08,10.00672721862793,12.920000076293944,13.149999618530272,12.800000190734863,13.130000114440918,4960100
2006-08-09,10.386242866516112,13.40999984741211,13.729999542236328,13.34000015258789,13.399999618530272,10185300
2006-08-10,9.991241455078123,12.899999618530272,13.4399995803833,12.760000228881836,13.329999923706056,14276000
2006-08-11,9.449081420898438,12.199999809265137,12.649999618530272,12.09000015258789,12.539999961853027,34692700
2006-08-14,9.634963035583496,12.4399995803833,12.6899995803833,12.229999542236328,12.270000457763672,11289200
2006-08-15,10.448203086853027,13.489999771118164,13.489999771118164,12.600000381469728,12.600000381469728,15671700
2006-08-16,10.672808647155762,13.779999732971191,13.789999961853027,13.210000038146973,13.5,10186200
2006-08-17,10.711540222167969,13.829999923706056,14.0,13.670000076293944,13.75,5755300
2006-08-18,10.835457801818848,13.989999771118164,14.09000015258789,13.699999809265137,13.75,6921200
2006-08-21,10.827714920043944,13.979999542236328,14.119999885559082,13.800000190734863,13.890000343322754,5257700
2006-08-22,10.812226295471191,13.960000038146973,14.109999656677246,13.859999656677246,14.0,3907900
2006-08-23,10.455946922302246,13.5,14.010000228881836,13.4399995803833,14.010000228881836,5325300
2006-08-24,10.40947723388672,13.4399995803833,13.649999618530272,13.3100004196167,13.510000228881836,5143300
2006-08-25,10.65732192993164,13.760000228881836,13.770000457763672,13.350000381469728,13.479999542236328,4821600
2006-08-28,10.665067672729492,13.770000457763672,13.829999923706056,13.56999969482422,13.800000190734863,5119200
2006-08-29,10.711540222167969,13.829999923706056,13.84000015258789,13.550000190734863,13.710000038146973,4130200
2006-08-30,11.04457950592041,14.260000228881836,14.289999961853027,13.699999809265137,13.880000114440918,7168200
2006-08-31,11.354385375976562,14.65999984741211,14.720000267028809,14.199999809265137,14.300000190734863,12297600
2006-09-01,11.168502807617188,14.420000076293944,14.789999961853027,14.380000114440918,14.739999771118164,5090700
2006-09-05,11.633211135864258,15.020000457763672,15.25,14.380000114440918,14.520000457763672,12108900
2006-09-06,11.439580917358398,14.770000457763672,15.15999984741211,14.699999809265137,14.949999809265137,8296600
2006-09-07,11.137521743774414,14.380000114440918,14.800000190734863,14.149999618530272,14.760000228881836,9216100
2006-09-08,11.137521743774414,14.380000114440918,14.510000228881836,14.239999771118164,14.43000030517578,8808600
2006-09-11,11.029090881347656,14.239999771118164,14.369999885559082,13.949999809265137,14.300000190734863,8664000
2006-09-12,11.253695487976074,14.529999732971191,14.68000030517578,14.149999618530272,14.210000038146973,9405300
2006-09-13,11.780370712280272,15.210000038146973,15.449999809265137,14.600000381469728,14.630000114440918,12991500
2006-09-14,11.919780731201172,15.390000343322754,15.489999771118164,15.010000228881836,15.199999809265137,8509400
2006-09-15,11.86556339263916,15.31999969482422,15.699999809265137,15.079999923706056,15.460000038146973,10545900
2006-09-18,12.074685096740724,15.59000015258789,15.81999969482422,15.380000114440918,15.380000114440918,8455300
2006-09-19,12.322531700134276,15.90999984741211,16.270000457763672,15.539999961853027,15.81999969482422,11569300
2006-09-20,12.58586311340332,16.25,16.360000610351562,16.100000381469727,16.149999618530273,13137600
2006-09-21,12.841452598571776,16.579999923706055,16.860000610351562,16.450000762939453,16.489999771118164,15400900
2006-09-22,12.523902893066406,16.170000076293945,16.5,15.949999809265137,16.479999542236328,10348400
2006-09-25,13.058317184448242,16.860000610351562,17.0,16.239999771118164,16.280000686645508,11905900
2006-09-26,13.282928466796877,17.149999618530273,17.280000686645508,16.600000381469727,16.729999542236328,10503300
2006-09-27,13.391359329223633,17.290000915527344,17.450000762939453,17.100000381469727,17.18000030517578,13844000
2006-09-28,13.430084228515623,17.34000015258789,17.520000457763672,17.190000534057617,17.350000381469727,7463500
2006-09-29,13.383611679077148,17.280000686645508,17.459999084472656,17.200000762939453,17.43000030517578,9098700
2006-10-02,12.98861026763916,16.770000457763672,17.34000015258789,16.700000762939453,17.18000030517578,10927600
2006-10-03,13.236457824707031,17.09000015258789,17.15999984741211,16.5,16.770000457763672,10478000
2006-10-04,13.747637748718262,17.75,17.860000610351562,16.93000030517578,17.030000686645508,15343300
2006-10-05,14.096165657043455,18.200000762939453,18.25,17.389999389648438,17.649999618530273,12114400
2006-10-06,14.01871395111084,18.100000381469727,18.14999961853028,17.729999542236328,18.1200008392334,6968600
2006-10-09,13.817340850830078,17.84000015258789,18.34000015258789,17.739999771118164,18.13999938964844,8022600
2006-10-10,13.422338485717772,17.329999923706055,17.8799991607666,17.200000762939453,17.760000228881836,12711500
2006-10-11,13.004104614257812,16.790000915527344,17.520000457763672,16.6299991607666,17.149999618530273,22249100
2006-10-12,13.538518905639648,17.479999542236328,17.5,16.90999984741211,17.079999923706055,10985700
2006-10-13,13.51528263092041,17.450000762939453,17.510000228881836,17.059999465942383,17.469999313354492,8509800
2006-10-16,13.763129234313965,17.770000457763672,17.790000915527344,17.420000076293945,17.420000076293945,8065200
2006-10-17,13.445574760437012,17.360000610351562,17.670000076293945,17.09000015258789,17.600000381469727,8757400
2006-10-18,13.64694881439209,17.6200008392334,17.670000076293945,17.15999984741211,17.469999313354492,15468800
2006-10-19,14.37498664855957,18.559999465942383,18.700000762939453,17.959999084472656,17.979999542236328,26310300
2006-10-20,13.910284042358398,17.959999084472656,18.790000915527344,17.829999923706055,18.71999931335449,19927100
2006-10-23,13.639204978942873,17.610000610351562,17.969999313354492,17.5,17.8799991607666,8712000
2006-10-24,13.189985275268556,17.030000686645508,17.719999313354492,16.940000534057617,17.649999618530273,25752700
2006-10-25,13.120274543762209,16.940000534057617,17.170000076293945,16.56999969482422,16.649999618530273,14441200
2006-10-26,13.290671348571776,17.15999984741211,17.299999237060547,16.860000610351562,16.940000534057617,7692400
2006-10-27,13.11253261566162,16.93000030517578,17.469999313354492,16.809999465942383,17.229999542236328,7597400
2006-10-30,13.244196891784668,17.100000381469727,17.200000762939453,16.809999465942383,16.93000030517578,5962400
2006-10-31,13.337141036987305,17.219999313354492,17.399999618530273,17.1200008392334,17.209999084472656,7743100
2006-11-01,13.259692192077637,17.1200008392334,17.40999984741211,17.020000457763672,17.34000015258789,6808500
2006-11-02,13.128024101257324,16.950000762939453,17.25,16.829999923706055,17.149999618530273,5804500
2006-11-03,13.027338027954102,16.81999969482422,17.040000915527344,16.75,17.020000457763672,4410200
2006-11-06,13.708913803100586,17.700000762939453,17.790000915527344,16.809999465942383,16.809999465942383,10329200
2006-11-07,14.01097297668457,18.09000015258789,18.229999542236328,17.600000381469727,17.6200008392334,11192000
2006-11-08,14.475679397583008,18.690000534057617,18.790000915527344,17.899999618530273,18.0,15181100
2006-11-09,15.219216346740724,19.64999961853028,19.96999931335449,19.290000915527344,19.51000022888184,27295800
2006-11-10,15.087542533874512,19.479999542236328,19.64999961853028,19.020000457763672,19.600000381469727,8477100
2006-11-13,14.955881118774414,19.309999465942383,19.75,19.25,19.57999992370605,11983300
2006-11-14,15.219216346740724,19.64999961853028,19.700000762939453,19.100000381469727,19.290000915527344,8633400
2006-11-15,15.443824768066406,19.940000534057617,20.0,19.290000915527344,19.56999969482422,9551900
2006-11-16,15.490294456481934,20.0,20.21999931335449,19.799999237060547,20.0,7045800
2006-11-17,15.730398178100586,20.309999465942383,20.3700008392334,19.690000534057617,19.690000534057617,7576000
2006-11-20,15.862062454223633,20.479999542236328,20.5,20.030000686645508,20.14999961853028,7184000
2006-11-21,16.590099334716797,21.420000076293945,21.5,21.100000381469727,21.420000076293945,16563400
2006-11-22,16.698532104492188,21.559999465942383,21.56999969482422,21.049999237060547,21.299999237060547,7023700
2006-11-24,16.473926544189453,21.270000457763672,21.489999771118164,21.01000022888184,21.3799991607666,2495300
2006-11-27,15.714908599853516,20.290000915527344,21.38999938964844,20.170000076293945,21.190000534057617,9834900
2006-11-28,16.016963958740234,20.68000030517578,20.770000457763672,20.14999961853028,20.239999771118164,7959700
2006-11-29,16.17960548400879,20.88999938964844,21.1299991607666,20.549999237060547,20.75,8778000
2006-11-30,16.489416122436523,21.290000915527344,21.5,20.700000762939453,20.809999465942383,9587000
2006-12-01,16.09441566467285,20.780000686645508,21.780000686645508,20.63999938964844,21.38999938964844,9859700
2006-12-04,16.040199279785156,20.709999084472656,21.0,20.36000061035156,20.799999237060547,9846000
2006-12-05,15.978238105773926,20.6299991607666,20.86000061035156,20.489999771118164,20.850000381469727,7607600
2006-12-06,15.645198822021484,20.200000762939453,20.59000015258789,20.09000015258789,20.530000686645508,8671300
2006-12-07,15.50578784942627,20.020000457763672,20.540000915527344,20.0,20.170000076293945,7561800
2006-12-08,15.50578784942627,20.020000457763672,20.299999237060547,19.700000762939453,20.01000022888184,4311700
2006-12-11,15.753623008728027,20.34000015258789,20.36000061035156,19.8799991607666,19.959999084472656,8107200
2006-12-12,15.5600004196167,20.09000015258789,20.520000457763672,20.049999237060547,20.25,4955000
2006-12-13,15.242446899414062,19.68000030517578,20.32999992370605,19.63999938964844,20.190000534057617,7981500
2006-12-14,15.776865005493164,20.3700008392334,20.459999084472656,19.6200008392334,19.670000076293945,10425900
2006-12-15,15.335397720336914,19.799999237060547,20.670000076293945,19.520000457763672,20.479999542236328,14459300
2006-12-18,15.172743797302246,19.59000015258789,20.100000381469727,19.459999084472656,19.809999465942383,8485600
2006-12-19,14.90940284729004,19.25,19.450000762939453,19.1299991607666,19.34000015258789,11653500
2006-12-20,14.870683670043944,19.200000762939453,19.280000686645508,18.39999961853028,18.75,21143300
2006-12-21,14.994600296020508,19.36000061035156,19.46999931335449,18.559999465942383,18.559999465942383,12818400
2006-12-22,14.537641525268556,18.770000457763672,19.36000061035156,18.540000915527344,19.309999465942383,8309000
2006-12-26,14.59959888458252,18.850000381469727,18.989999771118164,18.76000022888184,18.90999984741211,4546100
2006-12-27,14.560877799987791,18.799999237060547,19.0,18.71999931335449,19.0,3462700
2006-12-28,14.731268882751465,19.020000457763672,19.100000381469727,18.75,18.86000061035156,4393200
2006-12-29,14.669305801391602,18.940000534057617,19.25,18.88999938964844,18.989999771118164,4355400
2007-01-03,14.893917083740234,19.229999542236328,19.76000022888184,18.93000030517578,19.21999931335449,11879000
2007-01-04,15.103031158447266,19.5,19.700000762939453,18.59000015258789,19.170000076293945,8831400
2007-01-05,15.436079025268556,19.93000030517578,19.979999542236328,19.26000022888184,19.39999961853028,9642100
2007-01-08,15.668435096740724,20.229999542236328,20.5,19.739999771118164,19.979999542236328,12015400
2007-01-09,15.53675937652588,20.059999465942383,20.34000015258789,19.71999931335449,20.25,9727800
2007-01-10,15.707157135009766,20.280000686645508,20.3799991607666,19.75,19.84000015258789,4352600
2007-01-11,16.009218215942383,20.670000076293945,20.920000076293945,20.15999984741211,20.450000762939453,6445600
2007-01-12,15.939517974853516,20.57999992370605,20.64999961853028,20.1299991607666,20.520000457763672,6196800
2007-01-16,16.086671829223633,20.770000457763672,20.88999938964844,20.3799991607666,20.64999961853028,6683000
2007-01-17,15.567747116088867,20.100000381469727,20.8799991607666,20.020000457763672,20.6299991607666,8274900
2007-01-18,15.12627124786377,19.530000686645508,20.190000534057617,19.3700008392334,20.14999961853028,11042200
2007-01-19,15.110783576965332,19.51000022888184,19.770000457763672,19.32999992370605,19.440000534057617,6845600
2007-01-22,14.816468238830566,19.1299991607666,19.5,18.82999992370605,19.40999984741211,9056900
2007-01-23,14.467934608459473,18.68000030517578,19.049999237060547,18.56999969482422,18.770000457763672,10549500
2007-01-24,14.70802879333496,18.989999771118164,19.14999961853028,18.690000534057617,18.86000061035156,5234700
2007-01-25,14.297539710998535,18.459999084472656,18.93000030517578,18.39999961853028,18.76000022888184,6351200
2007-01-26,14.684800148010254,18.959999084472656,19.14999961853028,18.68000030517578,18.950000762939453,16086500
2007-01-29,15.087542533874512,19.479999542236328,19.780000686645508,18.76000022888184,18.82999992370605,14183800
2007-01-30,15.350886344909668,19.81999969482422,19.89999961853028,19.239999771118164,19.59000015258789,17330800
2007-01-31,14.034207344055176,18.1200008392334,18.850000381469727,17.84000015258789,18.6200008392334,29985200
2007-02-01,13.925774574279783,17.979999542236328,18.25,17.850000381469727,18.21999931335449,10410900
2007-02-02,14.096165657043455,18.200000762939453,18.309999465942383,17.920000076293945,17.940000534057617,6977400
2007-02-05,14.289801597595217,18.450000762939453,18.56999969482422,18.11000061035156,18.1200008392334,5445800
2007-02-06,14.429211616516112,18.6299991607666,18.75,18.26000022888184,18.600000381469727,7052200
2007-02-07,14.878427505493164,19.209999084472656,19.299999237060547,18.90999984741211,19.0,10766700
2007-02-08,15.552254676818848,20.07999992370605,20.190000534057617,18.950000762939453,19.09000015258789,18212600
2007-02-09,14.878427505493164,19.209999084472656,20.07999992370605,19.059999465942383,20.0,14473900
2007-02-12,14.940389633178713,19.290000915527344,19.56999969482422,19.049999237060547,19.36000061035156,5936000
2007-02-13,14.831953048706056,19.14999961853028,19.489999771118164,19.049999237060547,19.489999771118164,6837700
2007-02-14,15.22696018218994,19.65999984741211,19.75,19.229999542236328,19.229999542236328,5456100
2007-02-15,15.38185977935791,19.86000061035156,19.950000762939453,19.6299991607666,19.6299991607666,7424300
2007-02-16,15.250195503234863,19.690000534057617,19.88999938964844,19.56999969482422,19.850000381469727,4116300
2007-02-20,15.46705436706543,19.96999931335449,20.030000686645508,19.5,19.739999771118164,4697600
2007-02-21,15.141761779785156,19.549999237060547,19.84000015258789,19.46999931335449,19.76000022888184,5860200
2007-02-22,15.103031158447266,19.5,19.690000534057617,19.39999961853028,19.64999961853028,6481300
2007-02-23,15.319906234741213,19.780000686645508,19.89999961853028,19.450000762939453,19.549999237060547,6305400
2007-02-26,15.18823528289795,19.61000061035156,19.950000762939453,19.459999084472656,19.82999992370605,3769900
2007-02-27,14.35175609588623,18.530000686645508,19.39999961853028,18.450000762939453,19.059999465942383,8523200
2007-02-28,14.64606761932373,18.90999984741211,18.979999542236328,18.5,18.5,7818700
2007-03-01,14.475679397583008,18.690000534057617,18.88999938964844,18.299999237060547,18.3799991607666,7193900
2007-03-02,14.251069068908691,18.39999961853028,18.600000381469727,18.15999984741211,18.46999931335449,7993900
2007-03-05,13.918025970458984,17.969999313354492,18.57999992370605,17.959999084472656,18.309999465942383,6962900
2007-03-06,14.336265563964844,18.51000022888184,18.59000015258789,18.11000061035156,18.11000061035156,5919500
2007-03-07,14.01871395111084,18.100000381469727,18.489999771118164,18.049999237060547,18.420000076293945,7149800
2007-03-08,14.258813858032228,18.40999984741211,18.489999771118164,18.280000686645508,18.309999465942383,4321400
2007-03-09,14.181363105773926,18.309999465942383,18.690000534057617,18.09000015258789,18.64999961853028,6511100
2007-03-12,14.289801597595217,18.450000762939453,19.11000061035156,18.40999984741211,18.479999542236328,11171000
2007-03-13,13.73989200592041,17.739999771118164,18.43000030517578,17.670000076293945,18.229999542236328,16918000
2007-03-14,14.01097297668457,18.09000015258789,18.11000061035156,17.209999084472656,17.399999618530273,14388200
2007-03-15,14.212342262268066,18.350000381469727,18.59000015258789,18.020000457763672,18.14999961853028,9142500
2007-03-16,13.94900894165039,18.010000228881836,18.489999771118164,17.8799991607666,18.299999237060547,11162600
2007-03-19,13.918025970458984,17.969999313354492,18.200000762939453,17.940000534057617,18.049999237060547,10066200
2007-03-20,14.52214813232422,18.75,18.850000381469727,18.07999992370605,18.100000381469727,16328100
2007-03-21,14.90166473388672,19.239999771118164,19.25,18.64999961853028,18.700000762939453,8506200
2007-03-22,14.932641983032228,19.280000686645508,19.489999771118164,19.170000076293945,19.450000762939453,7516200
2007-03-23,14.677048683166504,18.950000762939453,19.68000030517578,18.81999969482422,19.280000686645508,9259600
2007-03-26,15.195979118347168,19.6200008392334,19.6200008392334,19.0,19.020000457763672,9527000
2007-03-27,15.06431007385254,19.450000762939453,19.540000915527344,19.270000457763672,19.489999771118164,6460900
2007-03-28,15.195979118347168,19.6200008392334,19.84000015258789,19.32999992370605,19.38999938964844,9570200
2007-03-29,15.42059326171875,19.90999984741211,20.0,19.6200008392334,19.799999237060547,10530400
2007-03-30,15.242446899414062,19.68000030517578,20.030000686645508,19.64999961853028,19.84000015258789,6609600
2007-04-02,15.5600004196167,20.09000015258789,20.170000076293945,19.6299991607666,19.68000030517578,8790300
2007-04-03,15.908533096313477,20.540000915527344,20.71999931335449,20.1299991607666,20.25,8017700
2007-04-04,15.993728637695312,20.64999961853028,20.700000762939453,20.38999938964844,20.520000457763672,7432300
2007-04-05,15.931770324707031,20.56999969482422,20.64999961853028,20.450000762939453,20.530000686645508,4758800
2007-04-09,16.102157592773438,20.790000915527344,20.86000061035156,20.489999771118164,20.56999969482422,5709900
2007-04-10,16.24931526184082,20.979999542236328,21.01000022888184,20.690000534057617,20.690000534057617,8301500
2007-04-11,15.885290145874023,20.51000022888184,21.1299991607666,20.450000762939453,21.01000022888184,7353700
2007-04-12,15.862062454223633,20.479999542236328,20.57999992370605,20.34000015258789,20.530000686645508,9084400
2007-04-13,15.947260856628418,20.59000015258789,20.75,20.31999969482422,20.479999542236328,9094000
2007-04-16,16.241573333740234,20.96999931335449,21.01000022888184,20.700000762939453,20.739999771118164,6362200
2007-04-17,16.17186164855957,20.8799991607666,20.96999931335449,20.700000762939453,20.850000381469727,6671200
2007-04-18,16.218339920043945,20.940000534057617,21.020000457763672,20.59000015258789,20.59000015258789,5031200
2007-04-19,15.931770324707031,20.56999969482422,20.81999969482422,20.3799991607666,20.780000686645508,5441600
2007-04-20,15.893043518066406,20.520000457763672,20.89999961853028,20.38999938964844,20.88999938964844,9100700
2007-04-23,16.350006103515625,21.11000061035156,21.549999237060547,20.979999542236328,21.06999969482422,15955900
2007-04-24,16.16412353515625,20.8700008392334,20.989999771118164,19.86000061035156,20.290000915527344,21312500
2007-04-25,16.706283569335938,21.56999969482422,21.670000076293945,20.770000457763672,21.059999465942383,12867200
2007-04-26,17.279420852661133,22.309999465942383,22.549999237060547,21.56999969482422,21.600000381469727,19638700
2007-04-27,17.581483840942383,22.700000762939453,22.82999992370605,22.14999961853028,22.14999961853028,11094400
2007-04-30,17.318147659301758,22.36000061035156,22.8799991607666,22.34000015258789,22.700000762939453,13516900
2007-05-01,17.612462997436523,22.739999771118164,22.8700008392334,22.200000762939453,22.40999984741211,13115800
2007-05-02,17.78285026550293,22.959999084472656,23.170000076293945,22.57999992370605,22.690000534057617,9270300
2007-05-03,18.022958755493164,23.270000457763672,23.559999465942383,22.90999984741211,23.0,8531700
2007-05-04,17.77511215209961,22.950000762939453,23.51000022888184,22.90999984741211,23.5,9048300
2007-05-07,17.829326629638672,23.020000457763672,23.309999465942383,22.950000762939453,23.13999938964844,5395000
2007-05-08,18.301782608032227,23.6299991607666,23.690000534057617,22.709999084472656,22.940000534057617,10799200
2007-05-09,18.363746643066406,23.709999084472656,23.75,22.799999237060547,23.100000381469727,13412800
2007-05-10,17.991975784301758,23.229999542236328,23.8700008392334,23.209999084472656,23.549999237060547,12214600
2007-05-11,18.51865196228028,23.90999984741211,24.0,23.200000762939453,23.32999992370605,10189100
2007-05-14,18.146881103515625,23.43000030517578,23.950000762939453,23.32999992370605,23.82999992370605,11737500
2007-05-15,18.232074737548828,23.540000915527344,23.989999771118164,23.299999237060547,23.520000457763672,13284700
2007-05-16,18.588356018066406,24.0,24.049999237060547,23.530000686645508,23.530000686645508,12464000
2007-05-17,18.348257064819336,23.690000534057617,23.89999961853028,23.420000076293945,23.8700008392334,17755500
2007-05-18,18.038442611694336,23.290000915527344,23.39999961853028,22.8799991607666,23.350000381469727,18296600
2007-05-21,18.41021728515625,23.770000457763672,23.989999771118164,23.13999938964844,23.38999938964844,9994900
2007-05-22,18.472177505493164,23.850000381469727,23.93000030517578,23.450000762939453,23.770000457763672,7882500
2007-05-23,18.363746643066406,23.709999084472656,24.13999938964844,23.540000915527344,23.88999938964844,10686500
2007-05-24,18.21658515930176,23.520000457763672,23.979999542236328,23.350000381469727,23.780000686645508,9637900
2007-05-25,17.960994720458984,23.190000534057617,23.729999542236328,23.06999969482422,23.51000022888184,8089400
2007-05-29,18.658058166503903,24.09000015258789,24.11000061035156,23.40999984741211,23.40999984741211,9226500
2007-05-30,18.898162841796875,24.39999961853028,24.450000762939453,23.690000534057617,23.809999465942383,11889900
2007-05-31,18.90590476989746,24.40999984741211,24.530000686645508,24.049999237060547,24.5,9526100
2007-06-01,19.09178733825684,24.64999961853028,24.75,24.200000762939453,24.5,8515100
2007-06-04,19.324138641357425,24.950000762939453,25.030000686645508,24.39999961853028,24.39999961853028,8550600
2007-06-05,19.068553924560547,24.6200008392334,24.770000457763672,24.299999237060547,24.530000686645508,11300300
2007-06-06,18.952375411987305,24.46999931335449,24.8700008392334,24.43000030517578,24.46999931335449,8522400
2007-06-07,18.52639579772949,23.920000076293945,24.670000076293945,23.790000915527344,24.450000762939453,12952100
2007-06-08,18.97560691833496,24.5,24.6299991607666,23.76000022888184,23.89999961853028,7488200
2007-06-11,19.308652877807617,24.93000030517578,25.059999465942383,24.479999542236328,24.56999969482422,10560600
2007-06-12,19.25443458557129,24.86000061035156,25.200000762939453,24.670000076293945,24.780000686645508,11110700
2007-06-13,19.66493034362793,25.38999938964844,25.479999542236328,24.88999938964844,24.989999771118164,11234300
2007-06-14,19.68042182922364,25.40999984741211,25.690000534057617,25.270000457763672,25.31999969482422,8744500
2007-06-15,19.74238014221192,25.489999771118164,25.770000457763672,25.18000030517578,25.770000457763672,10072000
2007-06-18,19.579730987548828,25.280000686645508,25.450000762939453,24.959999084472656,25.31999969482422,6661500
2007-06-19,19.74238014221192,25.489999771118164,25.549999237060547,24.979999542236328,24.979999542236328,8029500
2007-06-20,19.22345542907715,24.81999969482422,26.0,24.770000457763672,26.0,9158400
2007-06-21,19.602968215942383,25.309999465942383,25.38999938964844,24.770000457763672,24.979999542236328,8750200
2007-06-22,19.4248275756836,25.07999992370605,25.270000457763672,24.90999984741211,25.14999961853028,7278500
2007-06-25,19.324138641357425,24.950000762939453,25.13999938964844,24.850000381469727,25.1299991607666,13202200
2007-06-26,19.35511779785156,24.989999771118164,25.299999237060547,24.90999984741211,25.170000076293945,6064200
2007-06-27,19.750123977661133,25.5,25.6200008392334,24.89999961853028,24.950000762939453,7824000
2007-06-28,19.61845588684082,25.32999992370605,25.68000030517578,25.270000457763672,25.31999969482422,8300400
2007-06-29,19.494529724121094,25.170000076293945,25.56999969482422,25.049999237060547,25.56999969482422,5465000
2007-07-02,19.97473526000977,25.790000915527344,25.8799991607666,25.25,25.25,8871900
2007-07-03,20.501407623291016,26.46999931335449,26.68000030517578,26.059999465942383,26.14999961853028,8398700
2007-07-05,20.880905151367188,26.959999084472656,26.96999931335449,26.190000534057617,26.3700008392334,7600200
2007-07-06,20.94287109375,27.040000915527344,27.14999961853028,26.61000061035156,26.959999084472656,5636300
2007-07-09,20.78022766113281,26.82999992370605,27.07999992370605,26.75,27.06999969482422,6806500
2007-07-10,20.55561828613281,26.540000915527344,26.86000061035156,26.459999084472656,26.75,6182000
2007-07-11,21.08228874206543,27.21999931335449,27.25,26.540000915527344,26.540000915527344,7808500
2007-07-12,21.60896110534668,27.89999961853028,27.93000030517578,27.21999931335449,27.46999931335449,9673300
2007-07-13,21.570232391357425,27.850000381469727,27.989999771118164,27.61000061035156,27.709999084472656,6906300
2007-07-16,20.880905151367188,26.959999084472656,27.780000686645508,26.88999938964844,27.700000762939453,10976500
2007-07-17,20.98935317993164,27.100000381469727,27.190000534057617,26.64999961853028,27.0,9773400
2007-07-18,20.702775955200195,26.729999542236328,26.979999542236328,26.299999237060547,26.809999465942383,14725300
2007-07-19,23.28190803527832,30.059999465942383,30.96999931335449,29.3700008392334,29.63999938964844,37744900
2007-07-20,23.545242309570312,30.39999961853028,30.729999542236328,29.61000061035156,29.89999961853028,15197000
2007-07-23,24.00995635986328,31.0,31.200000762939453,30.1200008392334,30.14999961853028,14029700
2007-07-24,23.413578033447266,30.229999542236328,30.920000076293945,30.18000030517578,30.5,10443200
2007-07-25,24.61407470703125,31.780000686645508,31.959999084472656,30.39999961853028,30.420000076293945,21354800
2007-07-26,23.808576583862305,30.739999771118164,31.89999961853028,30.450000762939453,31.32999992370605,21480800
2007-07-27,23.21220588684082,29.96999931335449,31.09000015258789,29.81999969482422,30.75,13713200
2007-07-30,23.73112678527832,30.63999938964844,30.86000061035156,30.11000061035156,30.200000762939453,10487200
2007-07-31,23.204456329345703,29.959999084472656,31.09000015258789,29.90999984741211,30.540000915527344,10781600
2007-08-01,24.30426979064941,31.3799991607666,31.5,29.40999984741211,29.5,19704000
2007-08-02,25.210453033447266,32.54999923706055,32.54999923706055,31.43000030517578,31.450000762939453,17542200
2007-08-03,24.188098907470703,31.229999542236328,32.68000030517578,31.229999542236328,32.54999923706055,9747400
2007-08-06,25.915258407592773,33.459999084472656,33.470001220703125,31.350000381469727,31.86000061035156,18828000
2007-08-07,25.837814331054688,33.36000061035156,33.7400016784668,32.5099983215332,33.09000015258789,12683200
2007-08-08,26.63555908203125,34.38999938964844,34.7400016784668,33.790000915527344,33.849998474121094,15168400
2007-08-09,26.0236873626709,33.599998474121094,34.70000076293945,33.4900016784668,33.75,10986300
2007-08-10,24.854177474975582,32.09000015258789,33.459999084472656,31.61000061035156,33.029998779296875,11199900
2007-08-13,25.682905197143555,33.15999984741211,33.86000061035156,32.58000183105469,32.9900016784668,12443500
2007-08-14,24.482404708862305,31.61000061035156,33.47999954223633,31.549999237060547,33.38999938964844,10157600
2007-08-15,23.18122673034668,29.93000030517578,31.51000022888184,29.90999984741211,31.350000381469727,17693800
2007-08-16,23.35161590576172,30.14999961853028,30.38999938964844,28.61000061035156,29.68000030517578,13423200
2007-08-17,24.50564384460449,31.63999938964844,31.690000534057617,29.6299991607666,30.75,11927700
2007-08-20,24.466915130615234,31.59000015258789,32.099998474121094,31.5,31.600000381469727,9253200
2007-08-21,24.799957275390625,32.02000045776367,32.349998474121094,31.309999465942383,31.440000534057617,6328700
2007-08-22,25.2956485748291,32.65999984741211,32.869998931884766,32.290000915527344,32.400001525878906,9409900
2007-08-23,24.916135787963867,32.16999816894531,32.90999984741211,31.82999992370605,32.90999984741211,5891100
2007-08-24,25.241436004638672,32.59000015258789,32.689998626708984,31.799999237060547,32.040000915527344,6103500
2007-08-27,25.4505558013916,32.86000061035156,33.029998779296875,32.36000061035156,32.59000015258789,6021900
2007-08-28,25.00132751464844,32.279998779296875,33.31999969482422,32.2599983215332,32.61000061035156,10049200
2007-08-29,25.256925582885746,32.61000061035156,32.810001373291016,31.950000762939453,32.54999923706055,7091700
2007-08-30,25.38859367370605,32.779998779296875,33.40999984741211,32.31999969482422,32.54999923706055,8429400
2007-08-31,25.497020721435547,32.91999816894531,33.2599983215332,32.52000045776367,33.25,7919500
2007-09-04,26.2637939453125,33.90999984741211,34.119998931884766,32.93000030517578,33.130001068115234,6553700
2007-09-05,26.79820442199707,34.599998474121094,34.70000076293945,33.470001220703125,33.79999923706055,7255800
2007-09-06,27.069292068481445,34.95000076293945,35.09000015258789,34.290000915527344,34.599998474121094,9003800
2007-09-07,26.782718658447266,34.58000183105469,35.43000030517578,33.970001220703125,34.5,14546200
2007-09-10,27.231937408447266,35.15999984741211,35.5,33.599998474121094,34.63999938964844,13039400
2007-09-11,28.02194595336914,36.18000030517578,36.220001220703125,35.0099983215332,35.220001220703125,11480800
2007-09-12,28.726749420166016,37.09000015258789,37.56999969482422,35.939998626708984,36.18000030517578,17987300
2007-09-13,27.93674659729004,36.06999969482422,37.5,35.959999084472656,37.5,11795500
2007-09-14,27.58047103881836,35.61000061035156,36.09999847412109,35.33000183105469,35.84000015258789,8398300
2007-09-17,27.123504638671875,35.02000045776367,35.4900016784668,34.83000183105469,35.349998474121094,7985900
2007-09-18,28.223308563232425,36.43999862670898,36.459999084472656,35.06999969482422,35.31999969482422,8012700
2007-09-19,27.890268325805664,36.0099983215332,36.220001220703125,35.5,36.18000030517578,12306000
2007-09-20,27.87478446960449,35.9900016784668,36.59000015258789,35.83000183105469,35.83000183105469,5652600
2007-09-21,27.812820434570312,35.90999984741211,36.56999969482422,35.849998474121094,36.27000045776367,8361900
2007-09-24,27.52625846862793,35.540000915527344,36.41999816894531,35.2400016784668,36.09999847412109,10239400
2007-09-25,27.665666580200195,35.720001220703125,36.02999877929688,35.290000915527344,35.40999984741211,8374700
2007-09-26,27.23967742919922,35.16999816894531,36.0,34.5,35.959999084472656,11248300
2007-09-27,28.13037109375,36.31999969482422,36.31999969482422,35.400001525878906,35.439998626708984,9644300
2007-09-28,28.354978561401367,36.61000061035156,36.84000015258789,36.220001220703125,36.47999954223633,7755900
2007-10-01,28.25428771972656,36.47999954223633,36.77999877929688,36.29999923706055,36.59000015258789,8041700
2007-10-02,28.378210067749023,36.63999938964844,36.77000045776367,36.16999816894531,36.47999954223633,5968400
2007-10-03,27.71213150024414,35.779998779296875,36.59999847412109,35.529998779296875,36.58000183105469,6669300
2007-10-04,27.83605194091797,35.939998626708984,36.08000183105469,35.099998474121094,35.72999954223633,8250200
2007-10-05,28.688026428222656,37.040000915527344,37.459999084472656,35.689998626708984,36.18999862670898,9859200
2007-10-08,28.63379669189453,36.970001220703125,37.22999954223633,36.61000061035156,36.9900016784668,5088500
2007-10-09,29.16047477722168,37.650001525878906,37.95000076293945,36.459999084472656,37.15999984741211,14489800
2007-10-10,29.144994735717773,37.630001068115234,37.880001068115234,37.0,37.720001220703125,6818100
2007-10-11,28.145872116088867,36.34000015258789,37.869998931884766,36.18999862670898,37.45000076293945,10005000
2007-10-12,28.74997329711914,37.119998931884766,37.15999984741211,36.34999847412109,36.61000061035156,6345000
2007-10-15,28.40144729614257,36.66999816894531,37.459999084472656,36.45000076293945,37.22999954223633,6144000
2007-10-16,28.37047576904297,36.630001068115234,37.060001373291016,35.709999084472656,36.0,8478400
2007-10-17,28.57960319519043,36.900001525878906,37.290000915527344,36.27000045776367,36.88999938964844,5193900
2007-10-18,28.59507942199707,36.91999816894531,37.22999954223633,36.40999984741211,36.9900016784668,4665700
2007-10-19,27.588211059570312,35.619998931884766,36.869998931884766,35.400001525878906,36.84000015258789,9172300
2007-10-22,27.797327041625977,35.88999938964844,35.939998626708984,34.79999923706055,35.2599983215332,9460700
2007-10-23,28.76546287536621,37.13999938964844,37.29999923706055,36.0099983215332,36.09999847412109,11127900
2007-10-24,26.34899139404297,34.02000045776367,35.22999954223633,32.63999938964844,35.16999816894531,21845400
2007-10-25,25.97722053527832,33.540000915527344,34.279998779296875,33.2400016784668,34.119998931884766,9986800
2007-10-26,26.294771194458008,33.95000076293945,34.34000015258789,33.2599983215332,34.220001220703125,7004200
2007-10-29,27.85154914855957,35.959999084472656,36.119998931884766,34.0099983215332,34.0099983215332,9617900
2007-10-30,27.75860023498535,35.84000015258789,36.0,35.25,35.880001068115234,5708500
2007-10-31,27.882524490356445,36.0,36.04999923706055,35.13999938964844,35.900001525878906,6609900
2007-11-01,26.883399963378903,34.709999084472656,35.959999084472656,34.650001525878906,35.70000076293945,7137600
2007-11-02,27.402324676513672,35.380001068115234,35.470001220703125,34.11000061035156,34.9900016784668,10303500
2007-11-05,27.22419166564941,35.150001525878906,35.380001068115234,34.560001373291016,34.880001068115234,5859600
2007-11-06,27.317138671875,35.27000045776367,35.439998626708984,34.880001068115234,35.189998626708984,6366600
2007-11-07,26.42644500732422,34.119998931884766,35.09000015258789,33.720001220703125,34.900001525878906,8916800
2007-11-08,25.404083251953125,32.79999923706055,33.400001525878906,31.059999465942383,32.970001220703125,19032800
2007-11-09,24.1726016998291,31.209999084472656,32.22999954223633,31.14999961853028,32.220001220703125,13295700
2007-11-12,22.995344161987305,29.690000534057617,30.200000762939453,29.489999771118164,30.09000015258789,19928700
2007-11-13,24.1726016998291,31.209999084472656,31.280000686645508,29.690000534057617,30.049999237060547,12592700
2007-11-14,23.80083465576172,30.729999542236328,31.670000076293945,30.459999084472656,31.40999984741211,9248000
2007-11-15,23.142498016357425,29.8799991607666,30.82999992370605,29.61000061035156,30.790000915527344,7748500
2007-11-16,23.669172286987305,30.559999465942383,30.709999084472656,29.76000022888184,30.200000762939453,6878500
2007-11-19,23.034067153930664,29.739999771118164,30.920000076293945,29.530000686645508,30.530000686645508,8473500
2007-11-20,22.22857093811035,28.700000762939453,30.51000022888184,28.13999938964844,29.850000381469727,16361200
2007-11-21,22.49190330505371,29.040000915527344,29.75,28.01000022888184,28.299999237060547,10380500
2007-11-23,22.84043502807617,29.489999771118164,29.61000061035156,28.700000762939453,29.13999938964844,1908500
2007-11-26,22.11239624023437,28.549999237060547,30.059999465942383,28.549999237060547,29.670000076293945,6919800
2007-11-27,22.52288246154785,29.07999992370605,29.18000030517578,28.350000381469727,28.5,6204100
2007-11-28,23.676916122436523,30.56999969482422,30.82999992370605,29.39999961853028,29.600000381469727,8459900
2007-11-29,23.09602928161621,29.81999969482422,30.8700008392334,29.61000061035156,30.32999992370605,7519200
2007-11-30,23.01857566833496,29.71999931335449,30.5,29.600000381469727,30.299999237060547,7801800
2007-12-03,23.522010803222656,30.3700008392334,30.549999237060547,29.729999542236328,29.75,6010200
2007-12-04,23.55299568176269,30.40999984741211,30.63999938964844,29.780000686645508,29.950000762939453,5420700
2007-12-05,24.242311477661133,31.299999237060547,32.15999984741211,30.600000381469727,30.729999542236328,10967800
2007-12-06,24.203582763671875,31.25,31.530000686645508,31.0,31.39999961853028,7737000
2007-12-07,23.9325008392334,30.89999961853028,31.780000686645508,30.809999465942383,31.420000076293945,6752900
2007-12-10,24.31976127624512,31.39999961853028,31.76000022888184,30.809999465942383,30.84000015258789,6345200
2007-12-11,25.256925582885746,32.61000061035156,33.31999969482422,31.440000534057617,31.440000534057617,16300700
2007-12-12,25.899768829345703,33.439998626708984,33.97999954223633,32.88999938964844,33.310001373291016,8429100
2007-12-13,25.6751708984375,33.150001525878906,33.939998626708984,32.599998474121094,33.63999938964844,6095900
2007-12-14,25.64418029785156,33.11000061035156,33.47999954223633,32.93000030517578,32.9900016784668,5545700
2007-12-17,24.68378639221192,31.8700008392334,33.41999816894531,31.850000381469727,33.130001068115234,9283500
2007-12-18,24.954864501953125,32.220001220703125,32.43000030517578,31.56999969482422,32.33000183105469,5127100
2007-12-19,26.14761543273925,33.7599983215332,34.0,32.2599983215332,32.459999084472656,8583300
2007-12-20,26.387710571289062,34.06999969482422,34.16999816894531,33.06999969482422,34.130001068115234,9011300
2007-12-21,26.87565422058105,34.70000076293945,34.84000015258789,34.279998779296875,34.380001068115234,9521800
2007-12-24,26.62006187438965,34.369998931884766,34.95000076293945,34.08000183105469,34.66999816894531,1891200
2007-12-26,26.7130126953125,34.4900016784668,34.5,33.849998474121094,34.0099983215332,3098800
2007-12-27,25.97722053527832,33.540000915527344,34.5,33.540000915527344,34.5,3221100
2007-12-28,26.27153587341309,33.91999816894531,34.15999984741211,33.61000061035156,33.61000061035156,3595300
2007-12-31,25.71388816833496,33.20000076293945,33.939998626708984,32.959999084472656,33.939998626708984,4299500
2008-01-02,24.861927032470703,32.099998474121094,33.29999923706055,32.0,33.20000076293945,7635900
2008-01-03,25.117509841918945,32.43000030517578,32.88999938964844,31.799999237060547,32.06999969482422,5185100
2008-01-04,24.102901458740234,31.1200008392334,32.5,31.01000022888184,32.400001525878906,8003300
2008-01-07,23.777603149414062,30.700000762939453,31.25,29.8799991607666,31.18000030517578,9258400
2008-01-08,23.545242309570312,30.39999961853028,31.790000915527344,30.31999969482422,30.920000076293945,8647000
2008-01-09,23.87054443359375,30.81999969482422,30.8799991607666,29.420000076293945,30.61000061035156,9637700
2008-01-10,23.75436782836914,30.670000076293945,31.1200008392334,29.38999938964844,30.280000686645508,12145900
2008-01-11,20.60209274291992,26.600000381469727,27.43000030517578,25.770000457763672,26.950000762939453,37340000
2008-01-14,21.833568572998047,28.190000534057617,28.5,27.09000015258789,27.190000534057617,17205000
2008-01-15,21.337875366210938,27.549999237060547,27.86000061035156,27.049999237060547,27.559999465942383,12187500
2008-01-16,21.21395301818848,27.38999938964844,28.190000534057617,26.89999961853028,27.729999542236328,11105300
2008-01-17,20.60209274291992,26.600000381469727,28.0,26.559999465942383,27.850000381469727,15258000
2008-01-18,20.524639129638672,26.5,27.200000762939453,26.100000381469727,26.6200008392334,13045100
2008-01-22,19.83531951904297,25.61000061035156,26.40999984741211,25.13999938964844,25.65999984741211,15883000
2008-01-23,18.87492179870605,24.3700008392334,25.61000061035156,23.979999542236328,24.38999938964844,19196500
2008-01-24,20.36973190307617,26.299999237060547,26.93000030517578,25.100000381469727,25.270000457763672,24376400
2008-01-25,20.0986557006836,25.950000762939453,27.350000381469727,25.940000534057617,26.989999771118164,27728300
2008-01-28,21.066801071166992,27.200000762939453,27.200000762939453,25.670000076293945,26.209999084472656,15798200
2008-01-29,20.733753204345703,26.770000457763672,27.790000915527344,26.729999542236328,27.600000381469727,17116000
2008-01-30,20.834444046020508,26.89999961853028,27.489999771118164,26.25,26.729999542236328,10745000
2008-01-31,21.02808380126953,27.14999961853028,27.51000022888184,26.40999984741211,26.540000915527344,11936200
2008-02-01,21.105527877807617,27.25,27.56999969482422,26.63999938964844,27.1299991607666,10139400
2008-02-04,20.44718170166016,26.39999961853028,27.549999237060547,26.049999237060547,27.34000015258789,9815600
2008-02-05,19.750123977661133,25.5,26.229999542236328,25.479999542236328,26.209999084472656,11268500
2008-02-06,19.44806671142578,25.11000061035156,26.170000076293945,25.030000686645508,25.739999771118164,11199300
2008-02-07,19.13051414489746,24.700000762939453,25.01000022888184,23.8700008392334,24.020000457763672,20455900
2008-02-08,19.719141006469727,25.459999084472656,25.799999237060547,24.540000915527344,24.57999992370605,8683400
2008-02-11,19.99796867370605,25.81999969482422,25.93000030517578,24.739999771118164,24.739999771118164,10082200
2008-02-12,20.083166122436523,25.93000030517578,26.690000534057617,25.770000457763672,25.84000015258789,9428000
2008-02-13,21.283662796020508,27.479999542236328,27.520000457763672,26.229999542236328,26.350000381469727,10744900
2008-02-14,20.76473999023437,26.809999465942383,27.86000061035156,26.670000076293945,27.489999771118164,9077200
2008-02-15,20.23033142089844,26.1200008392334,26.90999984741211,25.86000061035156,26.670000076293945,7238600
2008-02-19,20.24580955505371,26.13999938964844,26.940000534057617,26.07999992370605,26.61000061035156,8621400
2008-02-20,20.17610549926757,26.049999237060547,26.26000022888184,25.43000030517578,26.170000076293945,9377700
2008-02-21,19.874042510986328,25.65999984741211,26.39999961853028,25.559999465942383,26.13999938964844,6410000
2008-02-22,20.2845401763916,26.190000534057617,26.299999237060547,25.350000381469727,25.61000061035156,6848400
2008-02-25,21.368860244750977,27.59000015258789,27.670000076293945,26.540000915527344,26.90999984741211,12081800
2008-02-26,21.30689811706543,27.51000022888184,27.850000381469727,27.170000076293945,27.459999084472656,10640800
2008-02-27,22.685531616210938,29.290000915527344,29.3799991607666,27.18000030517578,27.209999084472656,14374100
2008-02-28,22.14337921142578,28.59000015258789,29.36000061035156,28.57999992370605,29.190000534057617,10780300
2008-02-29,20.772485733032227,26.81999969482422,28.25,26.71999931335449,28.200000762939453,15360200
2008-03-03,20.036693572998047,25.8700008392334,27.01000022888184,25.21999931335449,26.8799991607666,18767800
2008-03-04,20.361989974975582,26.290000915527344,26.559999465942383,25.56999969482422,25.84000015258789,13725000
2008-03-05,21.08228874206543,27.21999931335449,27.530000686645508,26.420000076293945,26.420000076293945,11034300
2008-03-06,20.005708694458008,25.82999992370605,27.3700008392334,25.270000457763672,26.920000076293945,17242300
2008-03-07,19.324138641357425,24.950000762939453,26.190000534057617,24.6299991607666,25.549999237060547,17528300
2008-03-10,19.053062438964844,24.600000381469727,25.51000022888184,24.520000457763672,24.979999542236328,8595000
2008-03-11,19.95924568176269,25.770000457763672,25.809999465942383,24.920000076293945,25.270000457763672,9999900
2008-03-12,19.804332733154297,25.56999969482422,26.21999931335449,25.46999931335449,25.940000534057617,6369400
2008-03-13,19.83531951904297,25.61000061035156,25.86000061035156,24.530000686645508,25.36000061035156,9884800
2008-03-14,19.11502265930176,24.68000030517578,25.88999938964844,24.09000015258789,25.6200008392334,15962200
2008-03-17,18.78972816467285,24.26000022888184,24.75,23.43000030517578,24.479999542236328,12392000
2008-03-18,19.734634399414062,25.479999542236328,25.600000381469727,24.6299991607666,24.71999931335449,9792000
2008-03-19,18.9368896484375,24.450000762939453,25.89999961853028,24.450000762939453,25.25,8343400
2008-03-20,19.48678970336914,25.15999984741211,25.15999984741211,23.790000915527344,24.64999961853028,12833300
2008-03-24,19.750123977661133,25.5,25.93000030517578,25.020000457763672,25.100000381469727,11435000
2008-03-25,20.586599349975582,26.57999992370605,26.90999984741211,25.51000022888184,25.809999465942383,12245800
2008-03-26,20.292285919189453,26.200000762939453,26.59000015258789,25.989999771118164,26.39999961853028,9891100
2008-03-27,19.2854118347168,24.89999961853028,26.049999237060547,24.739999771118164,26.01000022888184,15017900
2008-03-28,18.82070541381836,24.299999237060547,25.26000022888184,24.239999771118164,25.0,12426000
2008-03-31,19.36286354064941,25.0,25.36000061035156,24.229999542236328,24.459999084472656,13484000
2008-04-01,19.96698951721192,25.780000686645508,25.8700008392334,25.25,25.39999961853028,10410100
2008-04-02,19.02207374572754,24.559999465942383,25.8700008392334,24.190000534057617,25.8700008392334,15371000
2008-04-03,18.88266563415528,24.3799991607666,24.68000030517578,24.049999237060547,24.170000076293945,13562000
2008-04-04,18.611587524414062,24.030000686645508,24.540000915527344,23.690000534057617,24.299999237060547,9660700
2008-04-07,18.170116424560547,23.459999084472656,24.280000686645508,23.3700008392334,24.170000076293945,10231400
2008-04-08,18.146881103515625,23.43000030517578,23.670000076293945,23.13999938964844,23.299999237060547,12055000
2008-04-09,17.790603637695312,22.96999931335449,23.450000762939453,22.63999938964844,23.38999938964844,14001800
2008-04-10,18.053930282592773,23.309999465942383,23.440000534057617,22.979999542236328,22.979999542236328,13590800
2008-04-11,17.68216896057129,22.82999992370605,23.38999938964844,22.229999542236328,22.530000686645508,14510900
2008-04-14,17.899038314819336,23.11000061035156,23.520000457763672,22.68000030517578,22.8700008392334,12057800
2008-04-15,17.604719161987305,22.729999542236328,23.38999938964844,22.479999542236328,23.299999237060547,7421600
2008-04-16,18.286285400390625,23.61000061035156,23.790000915527344,22.8799991607666,23.06999969482422,11919300
2008-04-17,18.092668533325195,23.36000061035156,23.700000762939453,23.040000915527344,23.63999938964844,9838300
2008-04-18,18.96011734008789,24.479999542236328,24.670000076293945,23.75,24.059999465942383,12195900
2008-04-21,19.479042053222656,25.14999961853028,25.270000457763672,24.09000015258789,24.100000381469727,10372700
2008-04-22,18.851682662963867,24.34000015258789,25.0,24.11000061035156,24.88999938964844,9409300
2008-04-23,19.649438858032227,25.3700008392334,25.479999542236328,24.530000686645508,24.68000030517578,11153200
2008-04-24,19.92826271057129,25.729999542236328,26.309999465942383,25.030000686645508,25.450000762939453,23368000
2008-04-25,20.68728446960449,26.709999084472656,26.8700008392334,24.56999969482422,26.270000457763672,27065100
2008-04-28,20.94287109375,27.040000915527344,27.690000534057617,26.56999969482422,26.700000762939453,16354500
2008-04-29,21.19072532653809,27.36000061035156,27.559999465942383,26.96999931335449,27.020000457763672,9432900
2008-04-30,21.39209747314453,27.6200008392334,28.25,27.200000762939453,27.229999542236328,13389000
2008-05-01,22.16661071777344,28.6200008392334,28.700000762939453,27.450000762939453,27.459999084472656,11080100
2008-05-02,22.29827308654785,28.790000915527344,29.489999771118164,28.270000457763672,28.88999938964844,11601800
2008-05-05,22.10465240478516,28.540000915527344,29.07999992370605,28.34000015258789,28.71999931335449,7937700
2008-05-06,22.25180435180664,28.729999542236328,28.959999084472656,27.8799991607666,28.209999084472656,8523800
2008-05-07,21.740623474121094,28.06999969482422,29.040000915527344,27.81999969482422,28.549999237060547,10116900
2008-05-08,21.407581329345703,27.63999938964844,28.3799991607666,27.229999542236328,28.3799991607666,10805300
2008-05-09,21.159740447998047,27.31999969482422,27.739999771118164,27.0,27.440000534057617,10190400
2008-05-12,21.46180534362793,27.709999084472656,27.82999992370605,27.31999969482422,27.5,6081000
2008-05-13,21.136505126953125,27.290000915527344,27.809999465942383,26.8700008392334,27.59000015258789,6929700
2008-05-14,21.08228874206543,27.21999931335449,27.809999465942383,27.049999237060547,27.36000061035156,8303800
2008-05-15,21.818077087402344,28.170000076293945,28.280000686645508,27.06999969482422,27.299999237060547,8852700
2008-05-16,22.37572860717773,28.88999938964844,29.040000915527344,27.739999771118164,28.09000015258789,15658000
2008-05-19,22.468669891357425,29.01000022888184,29.350000381469727,28.59000015258789,28.950000762939453,11464400
2008-05-20,21.73288345336914,28.059999465942383,28.799999237060547,27.770000457763672,28.770000457763672,8810300
2008-05-21,21.32239151000977,27.530000686645508,28.170000076293945,27.18000030517578,27.959999084472656,8189200
2008-05-22,21.345617294311523,27.559999465942383,28.25,27.290000915527344,27.729999542236328,12661200
2008-05-23,21.12876319885254,27.280000686645508,27.43000030517578,26.8799991607666,27.309999465942383,8926400
2008-05-27,21.70190048217773,28.020000457763672,28.15999984741211,27.39999961853028,27.440000534057617,8441200
2008-05-28,21.67866516113281,27.989999771118164,28.299999237060547,27.5,28.09000015258789,6647300
2008-05-29,21.384353637695312,27.61000061035156,27.81999969482422,27.36000061035156,27.520000457763672,7719900
2008-05-30,21.31464385986328,27.520000457763672,27.82999992370605,27.26000022888184,27.780000686645508,8441900
2008-06-02,20.95061492919922,27.049999237060547,27.479999542236328,26.56999969482422,27.440000534057617,8907700
2008-06-03,20.617582321166992,26.6200008392334,27.420000076293945,26.290000915527344,27.229999542236328,10316200
2008-06-04,20.89640617370605,26.979999542236328,27.290000915527344,26.6200008392334,26.6200008392334,10938900
2008-06-05,20.80345916748047,26.86000061035156,27.209999084472656,26.700000762939453,27.13999938964844,9106400
2008-06-06,20.64081573486328,26.64999961853028,26.8799991607666,26.350000381469727,26.64999961853028,19352400
2008-06-09,20.795726776123047,26.850000381469727,26.8799991607666,26.38999938964844,26.799999237060547,12702200
2008-06-10,20.516889572143555,26.489999771118164,26.86000061035156,26.229999542236328,26.549999237060547,11572000
2008-06-11,19.401592254638672,25.049999237060547,26.489999771118164,24.850000381469727,26.3700008392334,21768700
2008-06-12,19.02982521057129,24.56999969482422,25.350000381469727,24.32999992370605,25.18000030517578,21569000
2008-06-13,18.73551368713379,24.190000534057617,24.84000015258789,23.739999771118164,24.71999931335449,20587200
2008-06-16,18.67354393005371,24.11000061035156,24.6200008392334,23.89999961853028,24.020000457763672,15583600
2008-06-17,18.278541564941406,23.600000381469727,24.3700008392334,23.530000686645508,24.350000381469727,14858000
2008-06-18,17.527263641357422,22.6299991607666,23.309999465942383,22.549999237060547,23.280000686645508,20987500
2008-06-19,18.053930282592773,23.309999465942383,23.479999542236328,21.920000076293945,22.520000457763672,22295700
2008-06-20,17.612462997436523,22.739999771118164,23.38999938964844,22.520000457763672,23.3700008392334,15602000
2008-06-23,17.798343658447266,22.979999542236328,23.299999237060547,22.76000022888184,22.770000457763672,12300800
2008-06-24,17.891294479370117,23.100000381469727,23.6200008392334,22.8799991607666,22.8799991607666,12057700
2008-06-25,18.069425582885746,23.32999992370605,23.68000030517578,23.11000061035156,23.34000015258789,12657700
2008-06-26,17.349124908447266,22.39999961853028,23.13999938964844,22.32999992370605,23.13999938964844,10950000
2008-06-27,17.535009384155273,22.63999938964844,22.850000381469727,22.18000030517578,22.36000061035156,12628500
2008-06-30,17.17873764038086,22.18000030517578,22.799999237060547,22.07999992370605,22.56999969482422,10436700
2008-07-01,16.845691680908203,21.75,22.01000022888184,21.3799991607666,22.0,17362100
2008-07-02,16.938634872436523,21.8700008392334,22.39999961853028,21.46999931335449,21.700000762939453,15017900
2008-07-03,17.620208740234375,22.75,23.100000381469727,21.46999931335449,21.940000534057617,11098500
2008-07-07,17.94550323486328,23.170000076293945,23.989999771118164,22.71999931335449,23.36000061035156,19891500
2008-07-08,18.077173233032227,23.34000015258789,23.75,22.440000534057617,23.38999938964844,17321400
2008-07-09,16.985105514526367,21.93000030517578,23.049999237060547,21.86000061035156,23.049999237060547,13323300
2008-07-10,17.0703067779541,22.040000915527344,22.440000534057617,21.5,22.049999237060547,10486600
2008-07-11,16.853439331054688,21.76000022888184,22.299999237060547,21.229999542236328,21.540000915527344,12725400
2008-07-14,16.82245445251465,21.71999931335449,22.21999931335449,21.34000015258789,22.209999084472656,11677400
2008-07-15,16.985105514526367,21.93000030517578,22.34000015258789,20.790000915527344,21.63999938964844,16513900
2008-07-16,17.511770248413086,22.61000061035156,22.63999938964844,21.239999771118164,21.81999969482422,14259000
2008-07-17,17.93776512145996,23.15999984741211,23.799999237060547,22.64999961853028,22.8700008392334,12522500
2008-07-18,17.465307235717773,22.549999237060547,23.299999237060547,22.299999237060547,23.280000686645508,10163500
2008-07-21,18.1933536529541,23.489999771118164,23.59000015258789,22.709999084472656,22.84000015258789,12638100
2008-07-22,17.318147659301758,22.36000061035156,23.479999542236328,22.1299991607666,23.350000381469727,19003800
2008-07-23,17.7286434173584,22.88999938964844,23.049999237060547,21.88999938964844,22.479999542236328,14222300
2008-07-24,17.480798721313477,22.56999969482422,23.100000381469727,21.600000381469727,22.75,21059800
2008-07-25,20.578855514526367,26.56999969482422,27.049999237060547,24.43000030517578,25.71999931335449,44483300
2008-07-28,19.765613555908203,25.520000457763672,26.420000076293945,25.309999465942383,26.40999984741211,23946500
2008-07-29,19.74238014221192,25.489999771118164,26.170000076293945,24.8700008392334,25.690000534057617,17605800
2008-07-30,20.12963104248047,25.989999771118164,26.96999931335449,25.520000457763672,25.68000030517578,15710600
2008-07-31,20.160619735717773,26.030000686645508,26.549999237060547,25.63999938964844,25.8700008392334,11342500
2008-08-01,20.269052505493164,26.170000076293945,26.350000381469727,25.5,25.940000534057617,8286300
2008-08-04,19.38610076904297,25.030000686645508,25.86000061035156,24.739999771118164,25.799999237060547,17351800
2008-08-05,20.12963104248047,25.989999771118164,26.18000030517578,25.229999542236328,25.290000915527344,12360600
2008-08-06,20.37747383117676,26.309999465942383,26.64999961853028,25.57999992370605,26.15999984741211,13865700
2008-08-07,19.98248291015625,25.799999237060547,26.299999237060547,25.6299991607666,26.049999237060547,8396700
2008-08-08,20.756994247436523,26.799999237060547,26.940000534057617,25.65999984741211,25.989999771118164,9380800
2008-08-11,20.478172302246094,26.440000534057617,27.0,26.299999237060547,26.670000076293945,11478500
2008-08-12,20.059932708740234,25.89999961853028,26.350000381469727,25.57999992370605,26.350000381469727,9489900
2008-08-13,20.23033142089844,26.1200008392334,26.270000457763672,25.450000762939453,25.75,8439300
2008-08-14,20.927385330200195,27.020000457763672,27.049999237060547,25.81999969482422,25.89999961853028,11434600
2008-08-15,20.88866424560547,26.96999931335449,27.64999961853028,26.89999961853028,27.14999961853028,8637700
2008-08-18,20.46267890930176,26.420000076293945,27.13999938964844,26.239999771118164,27.059999465942383,6994500
2008-08-19,19.95150184631348,25.76000022888184,26.39999961853028,25.530000686645508,26.200000762939453,8315100
2008-08-20,19.874042510986328,25.65999984741211,26.100000381469727,25.46999931335449,26.0,7665900
2008-08-21,19.78110694885254,25.540000915527344,25.65999984741211,25.1299991607666,25.40999984741211,6144300
2008-08-22,20.044437408447266,25.8799991607666,25.90999984741211,25.200000762939453,25.450000762939453,5702600
2008-08-25,19.688167572021484,25.420000076293945,25.88999938964844,25.299999237060547,25.440000534057617,5530200
2008-08-26,19.45581245422364,25.1200008392334,25.489999771118164,24.96999931335449,25.36000061035156,7503300
2008-08-27,19.59521675109864,25.299999237060547,25.51000022888184,24.96999931335449,25.350000381469727,7564600
2008-08-28,20.12189292907715,25.979999542236328,26.239999771118164,25.299999237060547,25.479999542236328,8858500
2008-08-29,19.9050235748291,25.700000762939453,25.82999992370605,25.1299991607666,25.61000061035156,8602100
2008-09-02,19.36286354064941,25.0,26.440000534057617,24.8700008392334,26.209999084472656,12978100
2008-09-03,19.517778396606445,25.200000762939453,25.51000022888184,24.84000015258789,24.920000076293945,10095200
2008-09-04,18.278541564941406,23.600000381469727,24.32999992370605,23.57999992370605,24.229999542236328,15350700
2008-09-05,18.704532623291016,24.14999961853028,24.489999771118164,23.100000381469727,23.239999771118164,14600400
2008-09-08,19.33188819885254,24.959999084472656,25.15999984741211,24.40999984741211,24.799999237060547,13924900
2008-09-09,19.20022392272949,24.790000915527344,25.43000030517578,24.600000381469727,25.040000915527344,14459700
2008-09-10,19.579730987548828,25.280000686645508,25.559999465942383,24.86000061035156,25.07999992370605,13187100
2008-09-11,20.021202087402344,25.850000381469727,25.8799991607666,24.57999992370605,24.739999771118164,13107700
2008-09-12,19.99022102355957,25.809999465942383,25.82999992370605,25.09000015258789,25.520000457763672,11607300
2008-09-15,19.5255126953125,25.209999084472656,26.270000457763672,25.020000457763672,25.479999542236328,13598000
2008-09-16,19.67267417907715,25.39999961853028,25.84000015258789,24.46999931335449,24.729999542236328,15111800
2008-09-17,18.766489028930664,24.229999542236328,25.09000015258789,23.450000762939453,24.959999084472656,18853100
2008-09-18,20.052186965942383,25.88999938964844,26.21999931335449,24.479999542236328,24.770000457763672,22031600
2008-09-19,20.834444046020508,26.89999961853028,27.31999969482422,25.15999984741211,27.06999969482422,19636400
2008-09-22,19.711400985717773,25.450000762939453,26.940000534057617,25.26000022888184,26.76000022888184,11498900
2008-09-23,18.766489028930664,24.229999542236328,25.3799991607666,24.11000061035156,25.270000457763672,12462800
2008-09-24,18.007461547851562,23.25,23.670000076293945,22.799999237060547,22.979999542236328,13134400
2008-09-25,17.96874237060547,23.200000762939453,23.700000762939453,23.030000686645508,23.5,8847400
2008-09-26,17.829326629638672,23.020000457763672,23.09000015258789,22.309999465942383,22.61000061035156,8496700
2008-09-29,16.26481056213379,21.0,22.88999938964844,20.57999992370605,22.530000686645508,15302300
2008-09-30,16.319021224975586,21.06999969482422,21.84000015258789,20.809999465942383,20.959999084472656,13647600
2008-10-01,15.482545852661133,19.989999771118164,20.799999237060547,19.6299991607666,20.68000030517578,14976200
2008-10-02,14.367246627807615,18.549999237060547,19.600000381469727,18.350000381469727,19.299999237060547,18029400
2008-10-03,14.37498664855957,18.559999465942383,19.790000915527344,18.239999771118164,18.239999771118164,17475500
2008-10-06,14.638330459594728,18.89999961853028,19.030000686645508,17.040000915527344,18.290000915527344,17249900
2008-10-07,13.220964431762695,17.06999969482422,19.229999542236328,17.030000686645508,18.75,14670900
2008-10-08,13.368123054504396,17.260000228881836,18.350000381469727,16.459999084472656,16.90999984741211,15974600
2008-10-09,12.980865478515623,16.760000228881836,18.299999237060547,16.450000762939453,17.59000015258789,14532800
2008-10-10,12.748510360717772,16.459999084472656,17.40999984741211,15.270000457763672,15.68000030517578,19523600
2008-10-13,14.692538261413574,18.96999931335449,19.01000022888184,17.0,17.280000686645508,10143200
2008-10-14,13.794105529785156,17.809999465942383,19.75,17.399999618530273,19.64999961853028,11416900
2008-10-15,12.58586311340332,16.25,17.68000030517578,16.170000076293945,17.5,13531900
2008-10-16,12.996360778808594,16.780000686645508,16.8799991607666,15.6899995803833,16.0,14215100
2008-10-17,13.933524131774902,17.989999771118164,18.3799991607666,16.649999618530273,17.1299991607666,14343200
2008-10-20,15.47480010986328,19.979999542236328,20.100000381469727,18.059999465942383,18.46999931335449,15228200
2008-10-21,14.266559600830078,18.420000076293945,19.690000534057617,18.31999969482422,19.38999938964844,12301600
2008-10-22,14.72352123260498,19.01000022888184,19.01000022888184,17.799999237060547,18.09000015258789,15786200
2008-10-23,13.809592247009276,17.829999923706055,19.65999984741211,16.709999084472656,18.670000076293945,22423700
2008-10-24,12.77948760986328,16.5,17.459999084472656,15.40999984741211,15.5,17853500
2008-10-27,13.027338027954102,16.81999969482422,17.899999618530273,16.43000030517578,16.549999237060547,10264900
2008-10-28,14.460186004638672,18.670000076293945,18.739999771118164,16.81999969482422,17.270000457763672,12806200
2008-10-29,14.390483856201172,18.57999992370605,19.479999542236328,18.14999961853028,18.57999992370605,9703200
2008-10-30,14.5841064453125,18.82999992370605,19.3799991607666,18.36000061035156,18.979999542236328,8024200
2008-10-31,14.514403343200684,18.739999771118164,19.290000915527344,18.14999961853028,18.43000030517578,8301500
2008-11-03,14.072936058044434,18.170000076293945,19.059999465942383,18.010000228881836,18.780000686645508,5883600
2008-11-04,14.529894828796388,18.76000022888184,18.799999237060547,18.170000076293945,18.6299991607666,6967800
2008-11-05,13.32939624786377,17.209999084472656,18.68000030517578,17.170000076293945,18.51000022888184,7624900
2008-11-06,13.10478973388672,16.920000076293945,17.420000076293945,16.200000762939453,16.459999084472656,12180000
2008-11-07,13.445574760437012,17.360000610351562,17.43000030517578,16.780000686645508,17.270000457763672,6205100
2008-11-10,13.344890594482422,17.229999542236328,17.8700008392334,16.889999389648438,17.8700008392334,5109100
2008-11-11,12.593607902526855,16.260000228881836,17.1200008392334,16.059999465942383,17.049999237060547,6220300
2008-11-12,11.733898162841797,15.149999618530272,16.149999618530273,15.149999618530272,16.0,10725900
2008-11-13,12.469685554504396,16.100000381469727,16.100000381469727,14.199999809265137,15.1899995803833,10424700
2008-11-14,11.64095401763916,15.029999732971191,16.020000457763672,14.899999618530272,15.609999656677246,8183100
2008-11-17,11.400854110717772,14.720000267028809,15.420000076293944,14.600000381469728,14.739999771118164,8670900
2008-11-18,11.354385375976562,14.65999984741211,14.800000190734863,14.140000343322754,14.65999984741211,9123800
2008-11-19,10.874187469482422,14.039999961853027,14.8100004196167,14.010000228881836,14.350000381469728,10802800
2008-11-20,10.719285011291504,13.84000015258789,14.880000114440918,13.289999961853027,13.760000228881836,15583700
2008-11-21,11.548014640808104,14.90999984741211,14.920000076293944,13.760000228881836,14.220000267028809,13459100
2008-11-24,12.802725791931152,16.530000686645508,16.93000030517578,15.029999732971191,15.380000114440918,11490900
2008-11-25,12.957629203796388,16.729999542236328,16.950000762939453,15.5600004196167,16.75,13883800
2008-11-26,13.592730522155762,17.549999237060547,17.579999923706055,16.420000076293945,16.559999465942383,6673400
2008-11-28,13.461067199707031,17.3799991607666,17.489999771118164,16.809999465942383,17.489999771118164,2403200
2008-12-01,11.819095611572266,15.260000228881836,16.989999771118164,15.25,16.989999771118164,8113000
2008-12-02,12.578118324279783,16.239999771118164,16.3799991607666,15.34000015258789,15.710000038146973,10733600
2008-12-03,12.911157608032228,16.670000076293945,16.780000686645508,15.630000114440918,15.770000457763672,11374700
2008-12-04,12.066938400268556,15.579999923706056,16.709999084472656,15.25,16.239999771118164,8880200
2008-12-05,12.624587059020996,16.299999237060547,16.479999542236328,15.149999618530272,15.40999984741211,8841300
2008-12-08,13.220964431762695,17.06999969482422,17.260000228881836,16.209999084472656,16.600000381469727,11091900
2008-12-09,13.894794464111328,17.940000534057617,18.39999961853028,16.56999969482422,16.700000762939453,17406200
2008-12-10,13.77861499786377,17.790000915527344,18.18000030517578,17.440000534057617,17.579999923706055,8712500
2008-12-11,13.267437934875488,17.1299991607666,17.84000015258789,17.020000457763672,17.479999542236328,6962800
2008-12-12,13.523025512695312,17.459999084472656,17.549999237060547,16.600000381469727,16.780000686645508,6221600
2008-12-15,13.135767936706545,16.959999084472656,17.479999542236328,16.670000076293945,17.420000076293945,6790600
2008-12-16,13.786365509033203,17.799999237060547,17.8799991607666,16.920000076293945,16.989999771118164,10887800
2008-12-17,13.414592742919922,17.31999969482422,17.639999389648438,17.139999389648438,17.3799991607666,9452100
2008-12-18,13.236457824707031,17.09000015258789,17.799999237060547,17.040000915527344,17.299999237060547,10030700
2008-12-19,13.058317184448242,16.860000610351562,17.43000030517578,16.84000015258789,17.25,11070300
2008-12-22,12.88792324066162,16.639999389648438,16.899999618530273,16.260000228881836,16.770000457763672,6428600
2008-12-23,13.027338027954102,16.81999969482422,16.979999542236328,16.5,16.729999542236328,5403700
2008-12-24,13.189985275268556,17.030000686645508,17.09000015258789,16.729999542236328,16.84000015258789,2079800
2008-12-26,13.11253261566162,16.93000030517578,17.18000030517578,16.700000762939453,17.15999984741211,1269100
2008-12-29,13.267437934875488,17.1299991607666,17.440000534057617,16.739999771118164,17.020000457763672,4528900
2008-12-30,13.476558685302734,17.399999618530273,17.489999771118164,17.049999237060547,17.079999923706055,3432800
2008-12-31,13.561752319335938,17.510000228881836,17.739999771118164,17.34000015258789,17.450000762939453,6460300
2009-01-02,14.243326187133787,18.38999938964844,18.46999931335449,17.350000381469727,17.350000381469727,5909400
2009-01-05,14.320778846740724,18.489999771118164,18.64999961853028,18.100000381469727,18.32999992370605,6350800
2009-01-06,14.537641525268556,18.770000457763672,18.84000015258789,18.18000030517578,18.540000915527344,11441400
2009-01-07,13.801851272583008,17.81999969482422,18.82999992370605,17.6299991607666,18.63999938964844,10060800
2009-01-08,14.088420867919922,18.190000534057617,18.280000686645508,17.549999237060547,17.780000686645508,9362000
2009-01-09,13.662432670593262,17.639999389648438,18.270000457763672,17.1299991607666,18.229999542236328,9015400
2009-01-12,13.220964431762695,17.06999969482422,17.739999771118164,16.75,17.690000534057617,5327500
2009-01-13,13.08155345916748,16.889999389648438,17.5,16.530000686645508,17.1299991607666,8527900
2009-01-14,12.469685554504396,16.100000381469727,16.65999984741211,16.0,16.579999923706055,8010800
2009-01-15,12.66331386566162,16.350000381469727,16.559999465942383,15.6899995803833,16.209999084472656,13382200
2009-01-16,12.694296836853027,16.389999389648438,16.649999618530273,15.899999618530272,16.59000015258789,8731300
2009-01-20,11.950765609741213,15.43000030517578,16.469999313354492,15.390000343322754,16.229999542236328,9352200
2009-01-21,13.143510818481444,16.969999313354492,17.040000915527344,15.789999961853027,15.84000015258789,16577500
2009-01-22,13.476558685302734,17.399999618530273,17.530000686645508,16.420000076293945,16.420000076293945,16773000
2009-01-23,13.693418502807615,17.68000030517578,17.950000762939453,16.899999618530273,17.139999389648438,12690400
2009-01-26,13.701162338256836,17.690000534057617,18.1299991607666,17.350000381469727,17.739999771118164,9514400
2009-01-27,13.77861499786377,17.790000915527344,17.93000030517578,17.5,17.610000610351562,8680100
2009-01-28,14.204601287841797,18.34000015258789,18.600000381469727,18.020000457763672,18.1299991607666,11201700
2009-01-29,13.143510818481444,16.969999313354492,17.93000030517578,16.729999542236328,17.93000030517578,20037800
2009-01-30,10.96712589263916,14.15999984741211,15.510000228881836,13.75,15.380000114440918,49747900
2009-02-02,11.19173812866211,14.449999809265137,14.65999984741211,13.829999923706056,13.899999618530272,14489500
2009-02-03,11.08330535888672,14.3100004196167,14.630000114440918,14.029999732971191,14.59000015258789,16625400
2009-02-04,11.346637725830078,14.649999618530272,14.9399995803833,14.25,14.449999809265137,12153700
2009-02-05,12.392234802246094,16.0,16.440000534057617,14.270000457763672,14.279999732971191,31866500
2009-02-06,12.66331386566162,16.350000381469727,16.829999923706055,15.899999618530272,16.270000457763672,16332400
2009-02-09,12.29929256439209,15.880000114440918,16.1299991607666,15.56999969482422,15.729999542236328,14096600
2009-02-10,12.121155738830566,15.649999618530272,16.639999389648438,15.550000190734863,15.800000190734863,15524400
2009-02-11,12.04370403289795,15.550000190734863,15.960000038146973,15.43000030517578,15.789999961853027,8854800
2009-02-12,11.9662504196167,15.449999809265137,15.470000267028809,14.979999542236328,15.270000457763672,10124300
2009-02-13,11.935272216796877,15.40999984741211,15.65999984741211,15.149999618530272,15.369999885559082,6532500
2009-02-17,11.54026699066162,14.899999618530272,15.199999809265137,14.899999618530272,15.0,8197700
2009-02-18,11.393112182617188,14.710000038146973,15.25,14.600000381469728,15.100000381469728,8261700
2009-02-19,11.47056007385254,14.8100004196167,15.079999923706056,14.670000076293944,15.050000190734863,14044900
2009-02-20,11.36987590789795,14.68000030517578,14.899999618530272,14.4399995803833,14.720000267028809,10517500
2009-02-23,11.114285469055176,14.350000381469728,14.979999542236328,14.31999969482422,14.8100004196167,11318600
2009-02-24,11.578994750976562,14.949999809265137,15.239999771118164,14.130000114440918,14.449999809265137,18735800
2009-02-25,11.393112182617188,14.710000038146973,15.09000015258789,14.09000015258789,14.739999771118164,14131200
2009-02-26,11.036832809448242,14.25,15.130000114440918,14.149999618530272,14.489999771118164,10056200
2009-02-27,11.005852699279783,14.210000038146973,14.649999618530272,14.010000228881836,14.4399995803833,12327000
2009-03-02,10.448203086853027,13.489999771118164,14.1899995803833,13.470000267028809,14.1899995803833,11976100
2009-03-03,10.32427978515625,13.329999923706056,13.789999961853027,13.199999809265137,13.510000228881836,17304800
2009-03-04,10.680557250976562,13.789999961853027,14.050000190734863,13.5,13.510000228881836,17145700
2009-03-05,10.401729583740234,13.43000030517578,13.619999885559082,13.0600004196167,13.619999885559082,17131200
2009-03-06,9.813100814819336,12.670000076293944,13.470000267028809,12.43000030517578,13.279999732971191,19648300
2009-03-09,9.820845603942873,12.68000030517578,13.43000030517578,12.510000228881836,12.550000190734863,12222600
2009-03-10,10.65732192993164,13.760000228881836,13.899999618530272,13.0600004196167,13.15999984741211,17042800
2009-03-11,11.08330535888672,14.3100004196167,14.550000190734863,13.5600004196167,13.84000015258789,19020600
2009-03-12,11.439580917358398,14.770000457763672,14.779999732971191,13.729999542236328,14.300000190734863,20492200
2009-03-13,11.41634464263916,14.739999771118164,14.949999809265137,14.470000267028809,14.770000457763672,14539400
2009-03-16,11.33889389038086,14.640000343322754,15.0,14.600000381469728,14.989999771118164,10957700
2009-03-17,11.919780731201172,15.390000343322754,15.390000343322754,14.5600004196167,14.630000114440918,12377800
2009-03-18,12.04370403289795,15.550000190734863,16.030000686645508,15.100000381469728,15.149999618530272,16486300
2009-03-19,12.121155738830566,15.649999618530272,15.970000267028809,15.460000038146973,15.75,15941600
2009-03-20,11.687426567077637,15.09000015258789,15.84000015258789,14.880000114440918,15.40999984741211,19088900
2009-03-23,12.77948760986328,16.5,16.5,15.3100004196167,15.350000381469728,20693800
2009-03-24,12.38449001312256,15.989999771118164,16.639999389648438,15.93000030517578,16.389999389648438,13186700
2009-03-25,12.121155738830566,15.649999618530272,16.079999923706055,15.15999984741211,16.040000915527344,16896100
2009-03-26,12.671061515808104,16.360000610351562,16.489999771118164,15.81999969482422,15.960000038146973,18324600
2009-03-27,12.252821922302246,15.81999969482422,16.15999984741211,15.520000457763672,15.779999732971191,11261500
2009-03-30,11.71066188812256,15.119999885559082,15.470000267028809,14.880000114440918,15.449999809265137,14737400
2009-03-31,11.656447410583496,15.050000190734863,15.479999542236328,14.970000267028809,15.31999969482422,21029600
2009-04-01,12.221842765808104,15.779999732971191,15.920000076293944,14.75,15.020000457763672,16192900
2009-04-02,13.120274543762209,16.940000534057617,17.270000457763672,15.84000015258789,15.859999656677246,22155200
2009-04-03,13.189985275268556,17.030000686645508,17.190000534057617,16.579999923706055,17.010000228881836,12687100
2009-04-06,12.438705444335938,16.059999465942383,16.510000228881836,15.890000343322754,16.360000610351562,19295100
2009-04-07,12.097917556762695,15.619999885559082,16.34000015258789,15.600000381469728,15.729999542236328,20750000
2009-04-08,13.561752319335938,17.510000228881836,17.90999984741211,16.75,17.3700008392334,30880500
2009-04-09,14.204601287841797,18.34000015258789,18.56999969482422,17.729999542236328,17.84000015258789,14186000
2009-04-13,13.94900894165039,18.010000228881836,18.290000915527344,17.799999237060547,18.1200008392334,11225400
2009-04-14,14.034207344055176,18.1200008392334,18.3700008392334,17.649999618530273,17.790000915527344,14118100
2009-04-15,14.227835655212402,18.3700008392334,18.65999984741211,17.940000534057617,17.989999771118164,9119300
2009-04-16,14.86293601989746,19.190000534057617,19.31999969482422,18.450000762939453,18.56999969482422,13149800
2009-04-17,14.320778846740724,18.489999771118164,18.89999961853028,18.229999542236328,18.89999961853028,15445500
2009-04-20,13.67792510986328,17.65999984741211,18.13999938964844,17.549999237060547,18.010000228881836,12325600
2009-04-21,14.181363105773926,18.309999465942383,18.3700008392334,17.59000015258789,17.75,13422100
2009-04-22,14.553130149841309,18.790000915527344,19.299999237060547,18.0,18.14999961853028,14448000
2009-04-23,14.917156219482422,19.26000022888184,19.350000381469727,18.040000915527344,18.940000534057617,20962200
2009-04-24,17.29491424560547,22.32999992370605,22.43000030517578,21.07999992370605,21.299999237060547,37061600
2009-04-27,16.55137825012207,21.3700008392334,22.0,21.299999237060547,21.709999084472656,15079300
2009-04-28,16.17186164855957,20.8799991607666,21.479999542236328,20.75,20.959999084472656,15168700
2009-04-29,16.473926544189453,21.270000457763672,21.690000534057617,20.690000534057617,21.100000381469727,14338000
2009-04-30,16.768239974975586,21.64999961853028,22.350000381469727,21.38999938964844,21.43000030517578,12165800
2009-05-01,17.163246154785156,22.15999984741211,22.32999992370605,21.14999961853028,21.799999237060547,10394900
2009-05-04,17.29491424560547,22.32999992370605,22.459999084472656,21.729999542236328,22.18000030517578,9541000
2009-05-05,17.844816207885742,23.040000915527344,23.11000061035156,22.299999237060547,22.43000030517578,13876400
2009-05-06,17.806093215942383,22.989999771118164,23.40999984741211,22.65999984741211,23.299999237060547,18231000
2009-05-07,16.497159957885742,21.299999237060547,22.799999237060547,21.020000457763672,22.600000381469727,19019500
2009-05-08,16.92314910888672,21.850000381469727,21.90999984741211,21.13999938964844,21.690000534057617,12385300
2009-05-11,16.458436965942383,21.25,21.61000061035156,20.950000762939453,21.549999237060547,8810600
2009-05-12,16.8302001953125,21.729999542236328,21.920000076293945,20.979999542236328,21.299999237060547,12353400
2009-05-13,16.44294548034668,21.229999542236328,22.1200008392334,21.1200008392334,21.61000061035156,12701700
2009-05-14,16.68304443359375,21.540000915527344,21.65999984741211,21.26000022888184,21.31999969482422,6248200
2009-05-15,16.698532104492188,21.559999465942383,21.799999237060547,21.26000022888184,21.309999465942383,6572200
2009-05-18,17.24843978881836,22.270000457763672,22.309999465942383,21.3700008392334,21.559999465942383,7339300
2009-05-19,17.511770248413086,22.61000061035156,22.940000534057617,22.040000915527344,22.100000381469727,4596000
2009-05-20,17.713144302368164,22.8700008392334,23.520000457763672,22.670000076293945,22.920000076293945,9040200
2009-05-21,18.053930282592773,23.309999465942383,23.84000015258789,22.89999961853028,23.07999992370605,13390400
2009-05-22,17.960994720458984,23.190000534057617,23.5,23.100000381469727,23.100000381469727,7378000
2009-05-26,18.60383987426757,24.020000457763672,24.270000457763672,22.8700008392334,22.8700008392334,10982500
2009-05-27,18.69678497314453,24.13999938964844,24.670000076293945,23.920000076293945,24.11000061035156,13783700
2009-05-28,19.269926071166992,24.8799991607666,24.96999931335449,24.229999542236328,24.25,11440800
2009-05-29,19.15374755859375,24.729999542236328,25.239999771118164,24.3799991607666,24.89999961853028,16601700
2009-06-01,19.626201629638672,25.34000015258789,25.440000534057617,24.39999961853028,24.65999984741211,12286700
2009-06-02,18.44894027709961,23.81999969482422,24.76000022888184,23.76000022888184,24.489999771118164,20225200
2009-06-03,18.510906219482425,23.89999961853028,24.200000762939453,23.39999961853028,23.489999771118164,14467600
2009-06-04,18.68903350830078,24.1299991607666,24.350000381469727,23.729999542236328,23.93000030517578,7646100
2009-06-05,18.665807723999023,24.100000381469727,24.68000030517578,24.0,24.209999084472656,8911400
2009-06-08,18.35598945617676,23.700000762939453,23.989999771118164,23.18000030517578,23.76000022888184,10226500
2009-06-09,18.758745193481445,24.21999931335449,24.31999969482422,23.790000915527344,24.0,8509100
2009-06-10,18.42570686340332,23.790000915527344,24.489999771118164,23.459999084472656,24.299999237060547,11997100
2009-06-11,18.49540901184082,23.8799991607666,24.190000534057617,23.530000686645508,23.530000686645508,9635400
2009-06-12,18.4876708984375,23.8700008392334,23.93000030517578,23.43000030517578,23.57999992370605,6591900
2009-06-15,18.34050941467285,23.68000030517578,23.790000915527344,23.299999237060547,23.549999237060547,7178900
2009-06-16,17.883543014526367,23.09000015258789,23.81999969482422,23.040000915527344,23.530000686645508,10766600
2009-06-17,17.713144302368164,22.8700008392334,23.170000076293945,22.299999237060547,22.89999961853028,17801200
2009-06-18,17.31039810180664,22.350000381469727,23.030000686645508,22.15999984741211,22.8700008392334,11966200
2009-06-19,17.3646183013916,22.420000076293945,22.68000030517578,22.3700008392334,22.489999771118164,12185400
2009-06-22,16.644317626953125,21.489999771118164,22.200000762939453,21.46999931335449,22.11000061035156,10382600
2009-06-23,16.938634872436523,21.8700008392334,22.07999992370605,21.229999542236328,21.3799991607666,15161000
2009-06-24,17.55824851989746,22.670000076293945,23.09000015258789,21.8700008392334,21.8799991607666,19218500
2009-06-25,17.844816207885742,23.040000915527344,23.200000762939453,22.38999938964844,22.6299991607666,11598500
2009-06-26,17.527263641357422,22.6299991607666,23.229999542236328,22.600000381469727,22.600000381469727,10451300
2009-06-29,18.301782608032227,23.6299991607666,23.790000915527344,22.6299991607666,22.63999938964844,15355800
2009-06-30,18.278541564941406,23.600000381469727,23.93000030517578,23.26000022888184,23.46999931335449,16162400
2009-07-01,18.90590476989746,24.40999984741211,24.61000061035156,23.799999237060547,23.850000381469727,15701600
2009-07-02,18.239822387695312,23.549999237060547,24.1299991607666,23.309999465942383,24.049999237060547,13207800
2009-07-06,18.34050941467285,23.68000030517578,23.940000534057617,23.13999938964844,23.440000534057617,14021000
2009-07-07,17.798343658447266,22.979999542236328,24.09000015258789,22.90999984741211,23.739999771118164,16802800
2009-07-08,17.798343658447266,22.979999542236328,23.39999961853028,22.459999084472656,23.0,14793000
2009-07-09,17.930011749267578,23.14999961853028,23.51000022888184,22.93000030517578,23.209999084472656,8863900
2009-07-10,17.96874237060547,23.200000762939453,23.5,22.799999237060547,23.280000686645508,9216800
2009-07-13,18.007461547851562,23.25,23.450000762939453,22.850000381469727,23.11000061035156,8190100
2009-07-14,18.13913345336914,23.420000076293945,23.59000015258789,23.049999237060547,23.36000061035156,7078700
2009-07-15,19.51002311706543,25.190000534057617,25.229999542236328,23.82999992370605,23.979999542236328,22298200
2009-07-16,19.38610076904297,25.030000686645508,25.299999237060547,24.780000686645508,25.13999938964844,11187700
2009-07-17,19.51002311706543,25.190000534057617,25.25,24.790000915527344,25.059999465942383,9343200
2009-07-20,19.92051124572754,25.71999931335449,25.780000686645508,25.200000762939453,25.299999237060547,9031200
2009-07-21,20.044437408447266,25.8799991607666,26.0,25.280000686645508,25.920000076293945,8439800
2009-07-22,19.750123977661133,25.5,26.020000457763672,25.100000381469727,25.82999992370605,16589700
2009-07-23,20.56335830688477,26.549999237060547,26.64999961853028,25.229999542236328,25.350000381469727,17498700
2009-07-24,20.80345916748047,26.86000061035156,26.96999931335449,25.0,25.479999542236328,20466400
2009-07-27,20.63306999206543,26.63999938964844,26.86000061035156,26.46999931335449,26.81999969482422,8216100
2009-07-28,20.11414337158203,25.96999931335449,26.51000022888184,25.57999992370605,26.40999984741211,13601200
2009-07-29,19.9050235748291,25.700000762939453,25.88999938964844,25.3799991607666,25.799999237060547,5326500
2009-07-30,20.168357849121094,26.040000915527344,26.549999237060547,25.82999992370605,26.0,6222400
2009-07-31,20.23806381225586,26.1299991607666,26.34000015258789,25.780000686645508,25.90999984741211,5778300
2009-08-03,20.346498489379883,26.270000457763672,26.39999961853028,25.850000381469727,26.01000022888184,7539700
2009-08-04,20.23033142089844,26.1200008392334,26.34000015258789,25.8799991607666,26.01000022888184,6432400
2009-08-05,19.889535903930664,25.68000030517578,26.229999542236328,25.350000381469727,26.1200008392334,6469600
2009-08-06,19.46355438232422,25.1299991607666,25.86000061035156,25.01000022888184,25.850000381469727,7169600
2009-08-07,19.67267417907715,25.39999961853028,25.809999465942383,25.309999465942383,25.56999969482422,4911900
2009-08-10,19.36286354064941,25.0,25.530000686645508,24.8799991607666,25.200000762939453,4932100
2009-08-11,19.38610076904297,25.030000686645508,25.170000076293945,24.739999771118164,24.8700008392334,8005700
2009-08-12,19.63394546508789,25.350000381469727,25.6299991607666,24.88999938964844,24.989999771118164,5749600
2009-08-13,19.541004180908203,25.229999542236328,25.39999961853028,24.96999931335449,25.26000022888184,7651500
2009-08-14,19.068553924560547,24.6200008392334,25.229999542236328,24.420000076293945,24.950000762939453,6539900
2009-08-17,18.348257064819336,23.690000534057617,24.309999465942383,23.459999084472656,24.100000381469727,10005500
2009-08-18,18.60383987426757,24.020000457763672,24.09000015258789,23.690000534057617,23.75,7509000
2009-08-19,18.34050941467285,23.68000030517578,24.059999465942383,23.56999969482422,23.8799991607666,8842000
2009-08-20,19.04530906677246,24.59000015258789,24.700000762939453,23.520000457763672,23.600000381469727,10753100
2009-08-21,19.06080818176269,24.61000061035156,24.920000076293945,24.450000762939453,24.90999984741211,9799300
2009-08-24,18.557373046875,23.959999084472656,24.64999961853028,23.84000015258789,24.559999465942383,9169300
2009-08-25,18.301782608032227,23.6299991607666,24.1200008392334,23.5,24.0,7677600
2009-08-26,17.984230041503906,23.21999931335449,23.71999931335449,23.07999992370605,23.6200008392334,10094100
2009-08-27,18.348257064819336,23.690000534057617,23.71999931335449,22.670000076293945,23.170000076293945,9992600
2009-08-28,18.263059616088867,23.57999992370605,24.549999237060547,23.309999465942383,23.96999931335449,7161500
2009-08-31,17.86805534362793,23.06999969482422,23.5,22.979999542236328,23.5,5190400
2009-09-01,17.57373809814453,22.690000534057617,23.75,22.65999984741211,23.059999465942383,11164100
2009-09-02,17.837074279785156,23.030000686645508,23.14999961853028,22.450000762939453,22.64999961853028,8389000
2009-09-03,18.131385803222656,23.40999984741211,23.6200008392334,23.14999961853028,23.170000076293945,7180000
2009-09-04,18.41021728515625,23.770000457763672,23.84000015258789,23.190000534057617,23.5,4691100
2009-09-08,18.812957763671875,24.290000915527344,24.5,23.89999961853028,23.89999961853028,6663300
2009-09-09,20.24580955505371,26.13999938964844,26.540000915527344,24.350000381469727,24.350000381469727,29741600
2009-09-10,20.56335830688477,26.549999237060547,26.64999961853028,25.86000061035156,26.0,11500200
2009-09-11,20.46267890930176,26.420000076293945,26.59000015258789,26.15999984741211,26.51000022888184,4638200
2009-09-14,20.478172302246094,26.440000534057617,26.51000022888184,26.030000686645508,26.280000686645508,4975900
2009-09-15,20.86543083190918,26.940000534057617,27.14999961853028,26.229999542236328,26.229999542236328,9705800
2009-09-16,21.23719787597656,27.420000076293945,27.530000686645508,26.780000686645508,26.81999969482422,5815400
2009-09-17,21.198463439941406,27.3700008392334,27.530000686645508,27.040000915527344,27.15999984741211,6411800
2009-09-18,21.39209747314453,27.6200008392334,27.790000915527344,27.32999992370605,27.489999771118164,6251000
2009-09-21,21.49278450012207,27.75,28.049999237060547,25.670000076293945,27.39999961853028,5740200
2009-09-22,21.45405387878418,27.700000762939453,27.979999542236328,27.489999771118164,27.770000457763672,5873800
2009-09-23,20.81895446777344,26.8799991607666,27.46999931335449,26.81999969482422,27.3799991607666,8079300
2009-09-24,20.59434509277344,26.59000015258789,27.18000030517578,26.32999992370605,26.8700008392334,6385400
2009-09-25,20.385229110717773,26.31999969482422,26.68000030517578,26.15999984741211,26.56999969482422,5045000
2009-09-28,21.105527877807617,27.25,27.68000030517578,26.68000030517578,26.700000762939453,6005900
2009-09-29,20.56335830688477,26.549999237060547,27.350000381469727,26.530000686645508,27.13999938964844,6484100
2009-09-30,20.927385330200195,27.020000457763672,27.51000022888184,26.36000061035156,26.770000457763672,10014000
2009-10-01,20.331010818481445,26.25,27.09000015258789,26.1200008392334,27.049999237060547,9309600
2009-10-02,20.021202087402344,25.850000381469727,26.420000076293945,25.75,26.0,6611400
2009-10-05,20.431697845458984,26.3799991607666,26.57999992370605,25.81999969482422,25.920000076293945,5357900
2009-10-06,20.8731746673584,26.950000762939453,27.34000015258789,26.540000915527344,26.63999938964844,7944100
2009-10-07,20.547876358032227,26.530000686645508,27.049999237060547,26.39999961853028,26.799999237060547,4634500
2009-10-08,20.98935317993164,27.100000381469727,27.299999237060547,26.63999938964844,26.93000030517578,6534500
2009-10-09,21.32239151000977,27.530000686645508,27.61000061035156,26.93000030517578,26.96999931335449,4516200
2009-10-12,21.624452590942383,27.920000076293945,28.049999237060547,27.450000762939453,27.459999084472656,5686100
2009-10-13,21.175228118896484,27.34000015258789,28.46999931335449,27.06999969482422,28.11000061035156,12866300
2009-10-14,21.066801071166992,27.200000762939453,27.729999542236328,26.88999938964844,27.63999938964844,10819800
2009-10-15,21.12876319885254,27.280000686645508,27.38999938964844,26.82999992370605,27.0,9916400
2009-10-16,20.524639129638672,26.5,27.1299991607666,26.18000030517578,27.1200008392334,10147000
2009-10-19,21.07454299926757,27.209999084472656,27.39999961853028,26.600000381469727,26.600000381469727,7005000
2009-10-20,21.46954727172852,27.71999931335449,27.940000534057617,27.18000030517578,27.239999771118164,8810500
2009-10-21,21.546998977661133,27.81999969482422,28.200000762939453,27.3799991607666,27.38999938964844,8016600
2009-10-22,21.856801986694336,28.21999931335449,28.25,27.31999969482422,27.850000381469727,11043400
2009-10-23,21.151994705200195,27.309999465942383,28.739999771118164,26.600000381469727,28.530000686645508,19194700
2009-10-26,20.307769775390625,26.21999931335449,27.57999992370605,26.190000534057617,27.229999542236328,13278900
2009-10-27,20.01345443725586,25.84000015258789,26.6299991607666,25.5,26.270000457763672,12318900
2009-10-28,19.409330368041992,25.059999465942383,26.299999237060547,25.049999237060547,25.729999542236328,20237400
2009-10-29,20.41620826721192,26.36000061035156,26.600000381469727,25.059999465942383,25.479999542236328,10180100
2009-10-30,19.75786781311035,25.51000022888184,26.850000381469727,25.270000457763672,26.32999992370605,7219500
2009-11-02,19.850807189941406,25.6299991607666,26.100000381469727,25.40999984741211,26.030000686645508,9185100
2009-11-03,19.86630249023437,25.64999961853028,25.68000030517578,25.15999984741211,25.420000076293945,5309000
2009-11-04,19.79659080505371,25.559999465942383,26.01000022888184,25.520000457763672,25.940000534057617,5432600
2009-11-05,20.13737869262696,26.0,26.1200008392334,25.690000534057617,25.89999961853028,7338800
2009-11-06,19.61845588684082,25.32999992370605,26.020000457763672,25.280000686645508,25.81999969482422,7663100
2009-11-09,19.69590377807617,25.43000030517578,25.8799991607666,25.309999465942383,25.84000015258789,10693000
2009-11-10,19.293163299560547,24.90999984741211,25.63999938964844,24.88999938964844,25.31999969482422,20557500
2009-11-11,19.63394546508789,25.350000381469727,25.6299991607666,25.030000686645508,25.14999961853028,9126800
2009-11-12,19.13051414489746,24.700000762939453,25.0,24.040000915527344,24.729999542236328,20749800
2009-11-13,20.253562927246094,26.14999961853028,26.520000457763672,25.21999931335449,25.21999931335449,13076300
2009-11-16,20.10639762878418,25.959999084472656,26.479999542236328,25.86000061035156,26.43000030517578,5946200
2009-11-17,19.99022102355957,25.809999465942383,26.100000381469727,25.709999084472656,25.8700008392334,5575600
2009-11-18,19.827571868896484,25.600000381469727,25.8799991607666,25.479999542236328,25.75,5487100
2009-11-19,19.58747673034668,25.290000915527344,25.459999084472656,25.15999984741211,25.440000534057617,4742700
2009-11-20,19.517778396606445,25.200000762939453,25.31999969482422,24.8700008392334,25.040000915527344,5302700
2009-11-23,20.19159507751465,26.06999969482422,26.11000061035156,25.459999084472656,25.57999992370605,9615100
2009-11-24,20.168357849121094,26.040000915527344,26.100000381469727,25.76000022888184,26.100000381469727,8054200
2009-11-25,20.300033569335938,26.209999084472656,26.280000686645508,25.950000762939453,26.040000915527344,5679700
2009-11-27,19.88179397583008,25.670000076293945,25.81999969482422,25.270000457763672,25.459999084472656,2262100
2009-11-30,20.23806381225586,26.1299991607666,26.15999984741211,25.57999992370605,25.68000030517578,6652500
2009-12-01,20.74925422668457,26.790000915527344,27.14999961853028,26.209999084472656,26.309999465942383,7108400
2009-12-02,20.756994247436523,26.799999237060547,27.3700008392334,26.670000076293945,26.8799991607666,3788400
2009-12-03,20.849931716918945,26.920000076293945,27.31999969482422,26.850000381469727,26.88999938964844,6027800
2009-12-04,21.167484283447266,27.32999992370605,27.89999961853028,27.049999237060547,27.5,6467200
2009-12-07,21.18297576904297,27.350000381469727,27.5,26.64999961853028,26.920000076293945,6043900
2009-12-08,21.05130958557129,27.18000030517578,27.31999969482422,26.780000686645508,27.059999465942383,5640300
2009-12-09,21.136505126953125,27.290000915527344,27.299999237060547,26.75,27.11000061035156,7104200
2009-12-10,20.91189384460449,27.0,27.5,26.709999084472656,27.39999961853028,6954500
2009-12-11,20.741498947143555,26.780000686645508,27.299999237060547,26.51000022888184,27.13999938964844,3646500
2009-12-14,20.702775955200195,26.729999542236328,27.020000457763672,26.489999771118164,26.799999237060547,5907400
2009-12-15,20.516889572143555,26.489999771118164,26.64999961853028,26.229999542236328,26.51000022888184,5556800
2009-12-16,20.41620826721192,26.36000061035156,26.790000915527344,26.31999969482422,26.64999961853028,6501800
2009-12-17,19.75786781311035,25.51000022888184,26.229999542236328,25.34000015258789,26.229999542236328,12100800
2009-12-18,20.21483612060547,26.100000381469727,26.13999938964844,25.520000457763672,25.68000030517578,8444700
2009-12-21,20.470428466796875,26.43000030517578,26.61000061035156,26.14999961853028,26.190000534057617,4341100
2009-12-22,20.44718170166016,26.39999961853028,26.690000534057617,26.170000076293945,26.420000076293945,2960600
2009-12-23,20.307769775390625,26.21999931335449,26.700000762939453,26.170000076293945,26.520000457763672,3286700
2009-12-24,20.470428466796875,26.43000030517578,26.540000915527344,26.18000030517578,26.18000030517578,1033400
2009-12-28,20.756994247436523,26.799999237060547,26.84000015258789,26.39999961853028,26.530000686645508,2968200
2009-12-29,20.78022766113281,26.82999992370605,26.950000762939453,26.65999984741211,26.809999465942383,2252700
2009-12-30,21.02033042907715,27.13999938964844,27.209999084472656,26.63999938964844,26.729999542236328,3318500
2009-12-31,20.65630531311035,26.670000076293945,27.229999542236328,26.65999984741211,27.13999938964844,2411600
2010-01-04,21.05130958557129,27.18000030517578,27.31999969482422,26.81999969482422,26.920000076293945,3332500
2010-01-05,20.7182674407959,26.75,27.299999237060547,26.38999938964844,27.15999984741211,9555900
2010-01-06,20.160619735717773,26.030000686645508,26.690000534057617,25.75,26.670000076293945,11830100
2010-01-07,20.26130485534668,26.15999984741211,26.18000030517578,25.700000762939453,26.07999992370605,5326000
2010-01-08,20.331010818481445,26.25,26.25,25.81999969482422,26.15999984741211,4158100
2010-01-11,20.292285919189453,26.200000762939453,26.38999938964844,25.76000022888184,26.290000915527344,4846600
2010-01-12,20.028953552246094,25.86000061035156,26.06999969482422,25.76000022888184,26.020000457763672,6637600
2010-01-13,20.509143829345703,26.479999542236328,26.600000381469727,25.76000022888184,25.959999084472656,6871800
2010-01-14,20.40072059631348,26.34000015258789,26.670000076293945,26.11000061035156,26.530000686645508,4447800
2010-01-15,20.586599349975582,26.57999992370605,26.76000022888184,26.0,26.36000061035156,7235400
2010-01-19,20.81121253967285,26.8700008392334,26.89999961853028,26.420000076293945,26.5,3904000
2010-01-20,20.17610549926757,26.049999237060547,26.65999984741211,25.770000457763672,26.600000381469727,8020600
2010-01-21,20.23033142089844,26.1200008392334,26.82999992370605,25.950000762939453,26.489999771118164,9142600
2010-01-22,19.324138641357425,24.950000762939453,26.06999969482422,24.90999984741211,25.979999542236328,6204900
2010-01-25,19.649438858032227,25.3700008392334,25.56999969482422,25.020000457763672,25.190000534057617,5214000
2010-01-26,19.25443458557129,24.86000061035156,25.39999961853028,24.780000686645508,25.26000022888184,6511600
2010-01-27,19.378353118896484,25.020000457763672,25.229999542236328,24.690000534057617,24.809999465942383,5899300
2010-01-28,18.96787071228028,24.489999771118164,25.170000076293945,24.350000381469727,25.049999237060547,10374600
2010-01-29,19.231204986572266,24.82999992370605,26.200000762939453,24.530000686645508,25.959999084472656,17334500
2010-02-01,19.409330368041992,25.059999465942383,25.1200008392334,24.059999465942383,24.3799991607666,8197400
2010-02-02,19.494529724121094,25.170000076293945,25.209999084472656,24.84000015258789,25.1200008392334,8456200
2010-02-03,19.61845588684082,25.32999992370605,25.5,24.76000022888184,25.030000686645508,5596700
2010-02-04,19.277671813964844,24.88999938964844,25.26000022888184,24.68000030517578,25.059999465942383,9317500
2010-02-05,19.36286354064941,25.0,25.09000015258789,24.51000022888184,24.8799991607666,9158200
2010-02-08,19.293163299560547,24.90999984741211,25.290000915527344,24.809999465942383,24.959999084472656,3989800
2010-02-09,19.45581245422364,25.1200008392334,25.3799991607666,24.850000381469727,24.940000534057617,4250400
2010-02-10,19.378353118896484,25.020000457763672,25.32999992370605,24.82999992370605,25.020000457763672,3080100
2010-02-11,19.56424331665039,25.26000022888184,25.350000381469727,24.8799991607666,25.01000022888184,3776600
2010-02-12,19.176984786987305,24.76000022888184,25.049999237060547,24.6200008392334,25.01000022888184,8038200
2010-02-16,19.711400985717773,25.450000762939453,25.530000686645508,24.799999237060547,24.989999771118164,8110700
2010-02-17,19.84305763244629,25.6200008392334,25.729999542236328,25.38999938964844,25.51000022888184,5909900
2010-02-18,20.090913772583008,25.940000534057617,25.979999542236328,25.46999931335449,25.61000061035156,3253000
2010-02-19,21.25268745422364,27.440000534057617,27.479999542236328,25.75,25.799999237060547,14781900
2010-02-22,21.07454299926757,27.209999084472656,27.71999931335449,27.020000457763672,27.38999938964844,7529600
2010-02-23,20.834444046020508,26.89999961853028,27.309999465942383,26.65999984741211,27.190000534057617,6072800
2010-02-24,21.647687911987305,27.950000762939453,28.020000457763672,27.0,27.14999961853028,10625800
2010-02-25,21.686412811279297,28.0,28.01000022888184,27.270000457763672,27.59000015258789,10211600
2010-02-26,21.67091560363769,27.979999542236328,28.049999237060547,27.540000915527344,27.920000076293945,7779300
2010-03-01,22.096904754638672,28.530000686645508,28.64999961853028,27.90999984741211,27.979999542236328,5336700
2010-03-02,22.127885818481445,28.56999969482422,28.739999771118164,28.420000076293945,28.56999969482422,4067200
2010-03-03,22.275043487548828,28.76000022888184,29.0,28.51000022888184,28.6200008392334,5056000
2010-03-04,22.20533561706543,28.670000076293945,28.770000457763672,28.040000915527344,28.770000457763672,5829000
2010-03-05,22.538375854492188,29.100000381469727,29.1200008392334,28.600000381469727,28.63999938964844,5438100
2010-03-08,22.925636291503903,29.600000381469727,29.729999542236328,28.940000534057617,28.940000534057617,5678300
2010-03-09,23.15024375915528,29.88999938964844,29.90999984741211,29.040000915527344,29.489999771118164,9326200
2010-03-10,23.537498474121094,30.38999938964844,30.479999542236328,29.700000762939453,29.8799991607666,7852700
2010-03-11,23.59171867370605,30.459999084472656,30.89999961853028,30.07999992370605,30.270000457763672,7679700
2010-03-12,23.188968658447266,29.940000534057617,30.65999984741211,29.850000381469727,30.549999237060547,5037100
2010-03-15,23.289663314819336,30.06999969482422,30.46999931335449,29.57999992370605,29.8700008392334,6716500
2010-03-16,23.545242309570312,30.39999961853028,30.39999961853028,29.86000061035156,30.030000686645508,4478800
2010-03-17,23.769851684570312,30.690000534057617,30.790000915527344,30.26000022888184,30.38999938964844,4991600
2010-03-18,23.429073333740234,30.25,30.8700008392334,30.049999237060547,30.729999542236328,4846200
2010-03-19,23.15024375915528,29.88999938964844,30.46999931335449,29.770000457763672,30.299999237060547,5793400
2010-03-22,23.3438777923584,30.13999938964844,30.32999992370605,29.270000457763672,29.39999961853028,4380800
2010-03-23,23.91701316833496,30.8799991607666,30.93000030517578,30.07999992370605,30.209999084472656,4665700
2010-03-24,23.59171867370605,30.459999084472656,31.049999237060547,30.31999969482422,30.65999984741211,7158100
2010-03-25,23.80083465576172,30.729999542236328,31.239999771118164,30.600000381469727,30.76000022888184,7436300
2010-03-26,23.614953994750977,30.489999771118164,31.13999938964844,30.36000061035156,30.780000686645508,4620900
2010-03-29,23.73887252807617,30.64999961853028,30.8700008392334,30.38999938964844,30.63999938964844,3220800
2010-03-30,23.909263610839844,30.8700008392334,31.31999969482422,30.68000030517578,30.920000076293945,4272600
2010-03-31,23.76210021972656,30.68000030517578,30.940000534057617,30.530000686645508,30.700000762939453,3680600
2010-04-01,23.583972930908203,30.450000762939453,31.07999992370605,30.209999084472656,30.809999465942383,3832100
2010-04-05,23.901531219482425,30.86000061035156,30.93000030517578,30.43000030517578,30.780000686645508,7685900
2010-04-06,24.50564384460449,31.63999938964844,31.770000457763672,30.43000030517578,30.61000061035156,8171100
2010-04-07,24.38946533203125,31.489999771118164,31.8700008392334,31.31999969482422,31.520000457763672,6328300
2010-04-08,24.21906471252441,31.270000457763672,31.489999771118164,30.670000076293945,31.420000076293945,6908900
2010-04-09,24.51338768005371,31.64999961853028,31.739999771118164,31.25,31.299999237060547,3581300
2010-04-12,24.47466087341309,31.600000381469727,31.84000015258789,31.350000381469727,31.63999938964844,5774700
2010-04-13,24.203582763671875,31.25,31.549999237060547,30.959999084472656,31.450000762939453,4261500
2010-04-14,24.63731575012207,31.809999465942383,31.90999984741211,31.239999771118164,31.25,4673600
2010-04-15,24.76898002624512,31.979999542236328,32.15999984741211,31.670000076293945,31.850000381469727,3985900
2010-04-16,24.1726016998291,31.209999084472656,31.89999961853028,31.01000022888184,31.8700008392334,5812900
2010-04-19,24.149370193481445,31.18000030517578,31.200000762939453,30.239999771118164,30.96999931335449,7164500
2010-04-20,24.44368553161621,31.559999465942383,31.809999465942383,30.690000534057617,31.3799991607666,11415500
2010-04-21,23.09602928161621,29.81999969482422,30.200000762939453,29.229999542236328,29.299999237060547,28929200
2010-04-22,23.00307846069336,29.700000762939453,29.780000686645508,29.38999938964844,29.56999969482422,7361500
2010-04-23,23.289663314819336,30.06999969482422,30.07999992370605,29.450000762939453,29.75,7245200
2010-04-26,23.041805267333984,29.75,30.32999992370605,29.63999938964844,30.13999938964844,6321700
2010-04-27,22.67003631591797,29.270000457763672,29.75,28.959999084472656,29.559999465942383,8963800
2010-04-28,22.468669891357425,29.01000022888184,29.3700008392334,28.3700008392334,29.3700008392334,8402100
2010-04-29,22.7397518157959,29.36000061035156,29.5,28.90999984741211,29.07999992370605,4617700
2010-04-30,22.00395965576172,28.40999984741211,29.59000015258789,28.38999938964844,29.40999984741211,6554500
2010-05-03,22.45318031311035,28.989999771118164,29.06999969482422,28.549999237060547,28.549999237060547,5086000
2010-05-04,21.79484367370605,28.13999938964844,28.75,27.799999237060547,28.75,8378300
2010-05-05,21.9807186126709,28.3799991607666,28.780000686645508,27.63999938964844,27.82999992370605,6679000
2010-05-06,21.368860244750977,27.59000015258789,28.65999984741211,25.350000381469727,28.13999938964844,10404100
2010-05-07,20.702775955200195,26.729999542236328,27.59000015258789,25.979999542236328,27.38999938964844,13686100
2010-05-10,21.82582664489746,28.18000030517578,28.75,27.780000686645508,27.86000061035156,8179400
2010-05-11,21.639936447143555,27.940000534057617,28.46999931335449,27.68000030517578,27.8799991607666,5141800
2010-05-12,22.398963928222656,28.920000076293945,29.0,28.020000457763672,28.1200008392334,5726900
2010-05-13,21.70964813232422,28.030000686645508,28.799999237060547,27.940000534057617,28.709999084472656,7100300
2010-05-14,21.299156188964844,27.5,27.920000076293945,27.049999237060547,27.65999984741211,6514800
2010-05-17,21.67866516113281,27.989999771118164,28.07999992370605,27.229999542236328,27.51000022888184,7944300
2010-05-18,21.066801071166992,27.200000762939453,28.36000061035156,26.959999084472656,28.229999542236328,6741300
2010-05-19,20.81121253967285,26.8700008392334,27.299999237060547,26.0,27.190000534057617,7915800
2010-05-20,19.81208229064941,25.57999992370605,26.3700008392334,25.549999237060547,26.3700008392334,10066700
2010-05-21,20.439434051513672,26.38999938964844,26.479999542236328,25.049999237060547,25.13999938964844,10357700
2010-05-24,20.23806381225586,26.1299991607666,26.59000015258789,26.040000915527344,26.21999931335449,5429000
2010-05-25,20.338754653930664,26.26000022888184,26.350000381469727,25.100000381469727,25.38999938964844,8212000
2010-05-26,20.17610549926757,26.049999237060547,26.8700008392334,25.920000076293945,26.46999931335449,7056400
2010-05-27,21.1132755279541,27.26000022888184,27.280000686645508,26.540000915527344,26.57999992370605,6739300
2010-05-28,20.617582321166992,26.6200008392334,27.209999084472656,26.3799991607666,27.209999084472656,8650700
2010-06-01,19.231204986572266,24.82999992370605,26.270000457763672,24.790000915527344,26.0,18239900
2010-06-02,19.58747673034668,25.290000915527344,25.32999992370605,24.209999084472656,24.989999771118164,11148900
2010-06-03,19.99022102355957,25.809999465942383,25.8700008392334,25.030000686645508,25.26000022888184,8650600
2010-06-04,19.10727882385254,24.670000076293945,25.46999931335449,24.549999237060547,25.25,8414900
2010-06-07,18.82070541381836,24.299999237060547,25.06999969482422,24.270000457763672,24.84000015258789,8705300
2010-06-08,18.851682662963867,24.34000015258789,24.440000534057617,23.89999961853028,24.36000061035156,8851100
2010-06-09,18.57286071777344,23.979999542236328,24.90999984741211,23.86000061035156,24.43000030517578,10016500
2010-06-10,19.02207374572754,24.559999465942383,24.57999992370605,24.15999984741211,24.26000022888184,6027200
2010-06-11,19.35511779785156,24.989999771118164,25.14999961853028,24.11000061035156,24.229999542236328,6123800
2010-06-14,19.26218605041504,24.8700008392334,25.540000915527344,24.86000061035156,25.21999931335449,6278800
2010-06-15,19.77335548400879,25.530000686645508,25.63999938964844,25.049999237060547,25.209999084472656,5031200
2010-06-16,19.48678970336914,25.15999984741211,25.350000381469727,24.850000381469727,25.25,10571500
2010-06-17,19.58747673034668,25.290000915527344,25.450000762939453,25.059999465942383,25.420000076293945,6399600
2010-06-18,19.750123977661133,25.5,25.6299991607666,25.200000762939453,25.270000457763672,5629500
2010-06-21,19.324138641357425,24.950000762939453,26.09000015258789,24.82999992370605,25.809999465942383,21225200
2010-06-22,18.92139434814453,24.43000030517578,25.18000030517578,24.43000030517578,25.020000457763672,6429400
2010-06-23,18.92139434814453,24.43000030517578,24.64999961853028,24.170000076293945,24.56999969482422,5442000
2010-06-24,18.363746643066406,23.709999084472656,24.31999969482422,23.57999992370605,24.299999237060547,8717500
2010-06-25,18.371490478515625,23.71999931335449,23.88999938964844,23.200000762939453,23.729999542236328,9204900
2010-06-28,18.73551368713379,24.190000534057617,24.39999961853028,23.6200008392334,23.65999984741211,7168900
2010-06-29,17.984230041503906,23.21999931335449,24.040000915527344,23.030000686645508,23.90999984741211,7819600
2010-06-30,17.674423217773438,22.81999969482422,23.520000457763672,22.739999771118164,23.059999465942383,5946000
2010-07-01,17.813838958740234,23.0,23.06999969482422,22.25,22.850000381469727,8653600
2010-07-02,18.65030860900879,24.07999992370605,24.36000061035156,23.049999237060547,23.13999938964844,14727000
2010-07-06,18.658058166503903,24.09000015258789,25.09000015258789,23.8799991607666,24.59000015258789,9795500
2010-07-07,19.74238014221192,25.489999771118164,25.51000022888184,24.440000534057617,24.65999984741211,8092000
2010-07-08,19.69590377807617,25.43000030517578,25.88999938964844,24.809999465942383,25.690000534057617,8184500
2010-07-09,19.95924568176269,25.770000457763672,25.8799991607666,25.25,25.38999938964844,5952400
2010-07-12,20.13737869262696,26.0,26.059999465942383,25.39999961853028,25.76000022888184,6349500
2010-07-13,20.702775955200195,26.729999542236328,26.8799991607666,26.07999992370605,26.07999992370605,6182500
2010-07-14,20.98935317993164,27.100000381469727,27.21999931335449,26.59000015258789,26.700000762939453,9352000
2010-07-15,20.80345916748047,26.86000061035156,26.959999084472656,26.190000534057617,26.76000022888184,12270500
2010-07-16,20.059932708740234,25.89999961853028,26.729999542236328,25.75,26.670000076293945,10002500
2010-07-19,20.60209274291992,26.600000381469727,26.84000015258789,26.200000762939453,26.34000015258789,8506700
2010-07-20,20.671794891357425,26.690000534057617,26.8700008392334,26.09000015258789,26.09000015258789,10230300
2010-07-21,20.53238677978516,26.51000022888184,26.51000022888184,25.63999938964844,26.18000030517578,15676700
2010-07-22,21.22945022583008,27.40999984741211,27.790000915527344,26.690000534057617,26.690000534057617,10825300
2010-07-23,21.75612068176269,28.09000015258789,28.34000015258789,27.309999465942383,27.36000061035156,12109800
2010-07-26,22.3447494506836,28.850000381469727,28.93000030517578,27.86000061035156,27.86000061035156,10391800
2010-07-27,21.748374938964844,28.07999992370605,29.0,27.950000762939453,28.8799991607666,8748900
2010-07-28,21.53151130676269,27.799999237060547,28.239999771118164,27.59000015258789,28.01000022888184,5305600
2010-07-29,21.37660026550293,27.600000381469727,28.459999084472656,27.46999931335449,28.309999465942383,6983700
2010-07-30,21.51601791381836,27.780000686645508,28.0,27.280000686645508,27.3700008392334,5848000
2010-08-02,21.76386260986328,28.100000381469727,28.290000915527344,27.76000022888184,27.979999542236328,5988800
2010-08-03,21.70190048217773,28.020000457763672,28.1299991607666,27.700000762939453,28.030000686645508,3091500
2010-08-04,22.058181762695312,28.479999542236328,28.56999969482422,28.040000915527344,28.14999961853028,3632800
2010-08-05,21.9265079498291,28.309999465942383,28.3799991607666,28.07999992370605,28.21999931335449,2607700
2010-08-06,21.67866516113281,27.989999771118164,28.239999771118164,27.540000915527344,28.0,4447500
2010-08-09,22.135637283325195,28.57999992370605,28.75,28.07999992370605,28.09000015258789,4577900
2010-08-10,22.2208251953125,28.690000534057617,29.0,28.21999931335449,28.290000915527344,6223700
2010-08-11,21.430822372436523,27.670000076293945,28.39999961853028,27.479999542236328,28.39999961853028,6461200
2010-08-12,19.96698951721192,25.780000686645508,26.09000015258789,25.0,25.89999961853028,14141600
2010-08-13,19.850807189941406,25.6299991607666,25.8700008392334,25.479999542236328,25.63999938964844,4078300
2010-08-16,20.036693572998047,25.8700008392334,26.26000022888184,25.3799991607666,25.46999931335449,4518300
2010-08-17,20.307769775390625,26.21999931335449,26.489999771118164,25.8799991607666,25.96999931335449,5529300
2010-08-18,20.501407623291016,26.46999931335449,26.57999992370605,26.100000381469727,26.190000534057617,3818500
2010-08-19,20.66405868530273,26.68000030517578,26.780000686645508,26.059999465942383,26.299999237060547,6534700
2010-08-20,21.09778213500977,27.239999771118164,27.520000457763672,26.559999465942383,26.57999992370605,8441500
2010-08-23,21.05130958557129,27.18000030517578,27.559999465942383,27.0,27.34000015258789,4577800
2010-08-24,20.74925422668457,26.790000915527344,27.25,26.57999992370605,26.84000015258789,9115000
2010-08-25,20.726015090942383,26.76000022888184,26.8799991607666,26.350000381469727,26.530000686645508,5527100
2010-08-26,20.74925422668457,26.790000915527344,27.030000686645508,26.690000534057617,26.809999465942383,4224000
2010-08-27,21.09778213500977,27.239999771118164,27.32999992370605,26.549999237060547,27.01000022888184,5297500
2010-08-30,20.842193603515625,26.90999984741211,27.729999542236328,26.90999984741211,27.239999771118164,4204200
2010-08-31,21.066801071166992,27.200000762939453,27.540000915527344,26.8700008392334,26.88999938964844,6954500
2010-09-01,21.399837493896484,27.6299991607666,28.32999992370605,27.520000457763672,27.520000457763672,6109500
2010-09-02,21.90327262878418,28.280000686645508,28.38999938964844,27.6299991607666,27.64999961853028,4992500
2010-09-03,22.45318031311035,28.989999771118164,29.209999084472656,28.56999969482422,28.56999969482422,6742900
2010-09-07,22.127885818481445,28.56999969482422,29.15999984741211,28.520000457763672,28.850000381469727,4677000
2010-09-08,22.3447494506836,28.850000381469727,28.90999984741211,28.540000915527344,28.61000061035156,4018800
2010-09-09,21.918760299682617,28.299999237060547,29.190000534057617,28.190000534057617,29.190000534057617,4839100
2010-09-10,21.90327262878418,28.280000686645508,28.459999084472656,27.950000762939453,28.309999465942383,3793500
2010-09-13,22.631319046020508,29.21999931335449,29.25,28.559999465942383,28.63999938964844,4476800
2010-09-14,22.701021194458008,29.309999465942383,29.770000457763672,28.959999084472656,29.209999084472656,4876700
2010-09-15,22.848182678222656,29.5,29.540000915527344,29.049999237060547,29.100000381469727,4527400
2010-09-16,23.034067153930664,29.739999771118164,29.75,29.25,29.38999938964844,6384100
2010-09-17,23.243179321289062,30.01000022888184,30.11000061035156,29.68000030517578,29.90999984741211,6197200
2010-09-20,23.522010803222656,30.3700008392334,30.479999542236328,29.82999992370605,30.06999969482422,4013200
2010-09-21,23.44455337524414,30.270000457763672,30.5,30.0,30.350000381469727,5714900
2010-09-22,22.894655227661133,29.559999465942383,30.21999931335449,29.450000762939453,30.100000381469727,6491400
2010-09-23,22.824949264526367,29.46999931335449,29.86000061035156,29.26000022888184,29.43000030517578,4030300
2010-09-24,23.06505012512207,29.780000686645508,30.420000076293945,29.690000534057617,29.8700008392334,6530000
2010-09-27,24.03319358825684,31.030000686645508,31.479999542236328,29.6200008392334,29.8700008392334,10958400
2010-09-28,24.211332321166992,31.26000022888184,31.34000015258789,30.21999931335449,31.1200008392334,7250900
2010-09-29,23.94799041748047,30.920000076293945,31.34000015258789,30.700000762939453,31.18000030517578,7504300
2010-09-30,23.50652313232422,30.350000381469727,31.3700008392334,30.209999084472656,31.07999992370605,7207200
2010-10-01,23.4677963256836,30.299999237060547,30.729999542236328,30.11000061035156,30.600000381469727,5478100
2010-10-04,23.816326141357425,30.75,30.76000022888184,30.059999465942383,30.170000076293945,5690800
2010-10-05,25.241436004638672,32.59000015258789,32.84000015258789,31.01000022888184,31.040000915527344,17239400
2010-10-06,24.18034744262696,31.21999931335449,32.619998931884766,30.89999961853028,32.59000015258789,14007200
2010-10-07,24.29652404785156,31.3700008392334,31.530000686645508,30.809999465942383,31.39999961853028,5908200
2010-10-08,24.37398338317871,31.46999931335449,31.57999992370605,30.479999542236328,31.46999931335449,6843700
2010-10-11,24.536624908447266,31.68000030517578,31.959999084472656,31.290000915527344,31.3700008392334,4953300
2010-10-12,24.714767456054688,31.90999984741211,32.029998779296875,31.34000015258789,31.6200008392334,4917600
2010-10-13,24.50564384460449,31.63999938964844,32.380001068115234,31.3700008392334,32.0099983215332,7860200
2010-10-14,24.242311477661133,31.299999237060547,32.279998779296875,31.200000762939453,32.130001068115234,10997100
2010-10-15,24.737998962402344,31.940000534057617,31.940000534057617,31.049999237060547,31.51000022888184,8596100
2010-10-18,24.761234283447266,31.96999931335449,32.029998779296875,31.5,31.76000022888184,5285500
2010-10-19,23.6536808013916,30.540000915527344,31.270000457763672,30.34000015258789,31.01000022888184,14334000
2010-10-20,24.885150909423828,32.130001068115234,32.66999816894531,30.84000015258789,31.229999542236328,18438300
2010-10-21,24.54436492919922,31.690000534057617,32.349998474121094,31.459999084472656,32.099998474121094,8122300
2010-10-22,24.737998962402344,31.940000534057617,32.0,31.229999542236328,31.459999084472656,5620600
2010-10-25,24.799957275390625,32.02000045776367,32.349998474121094,31.90999984741211,32.09000015258789,6160900
2010-10-26,25.07879447937012,32.380001068115234,32.38999938964844,31.530000686645508,31.6200008392334,7451500
2010-10-27,24.86966896057129,32.11000061035156,32.349998474121094,31.75,32.029998779296875,4725300
2010-10-28,24.621829986572266,31.790000915527344,32.27000045776367,31.39999961853028,32.27000045776367,4842500
2010-10-29,25.08652305603028,32.38999938964844,32.529998779296875,31.6200008392334,31.84000015258789,5460500
2010-11-01,24.79220962524414,32.0099983215332,32.72999954223633,31.850000381469727,32.58000183105469,5052100
2010-11-02,24.962602615356445,32.22999954223633,32.29999923706055,31.739999771118164,32.2400016784668,4099300
2010-11-03,25.83005714416504,33.349998474121094,33.349998474121094,32.220001220703125,32.22999954223633,8259900
2010-11-04,26.20957946777344,33.84000015258789,34.2599983215332,33.56999969482422,33.70000076293945,6891200
2010-11-05,26.63555908203125,34.38999938964844,34.56999969482422,33.709999084472656,33.810001373291016,5109600
2010-11-08,26.48065948486328,34.189998626708984,34.599998474121094,34.099998474121094,34.16999816894531,4467300
2010-11-09,26.488393783569336,34.20000076293945,34.939998626708984,33.9900016784668,34.18000030517578,5352500
2010-11-10,26.75947952270508,34.54999923706055,34.58000183105469,33.66999816894531,34.130001068115234,5600000
2010-11-11,26.74398803710937,34.529998779296875,34.68000030517578,32.630001068115234,32.630001068115234,22052000
2010-11-12,27.73537254333496,35.810001373291016,36.0,34.349998474121094,34.40999984741211,15107300
2010-11-15,26.59683609008789,34.34000015258789,35.84000015258789,34.29999923706055,35.70000076293945,10229100
2010-11-16,26.070167541503903,33.65999984741211,34.380001068115234,33.5,34.06999969482422,8447600
2010-11-17,25.64418029785156,33.11000061035156,33.91999816894531,32.880001068115234,33.7400016784668,6804800
2010-11-18,26.62781524658203,34.380001068115234,34.619998931884766,33.52000045776367,33.58000183105469,4876500
2010-11-19,26.898889541625977,34.72999954223633,35.0,34.2400016784668,34.41999816894531,7299000
2010-11-22,26.75947952270508,34.54999923706055,34.83000183105469,34.2599983215332,34.56999969482422,5114900
2010-11-23,25.930747985839844,33.47999954223633,34.2599983215332,33.45000076293945,34.20000076293945,6422500
2010-11-24,26.72850608825684,34.5099983215332,34.54999923706055,33.7400016784668,33.7400016784668,4217400
2010-11-26,26.434192657470703,34.130001068115234,34.529998779296875,34.06999969482422,34.290000915527344,1366700
2010-11-29,26.28702163696289,33.939998626708984,34.22999954223633,33.52000045776367,33.7400016784668,4244700
2010-11-30,26.34899139404297,34.02000045776367,34.369998931884766,33.380001068115234,33.529998779296875,4961700
2010-12-01,26.984092712402344,34.84000015258789,35.02000045776367,34.47999954223633,34.529998779296875,4015400
2010-12-02,27.0925235748291,34.97999954223633,35.099998474121094,34.720001220703125,34.84000015258789,3656000
2010-12-03,26.581342697143555,34.31999969482422,34.86000061035156,34.220001220703125,34.630001068115234,6188200
2010-12-06,26.44967460632324,34.150001525878906,34.459999084472656,33.95000076293945,34.29999923706055,6531100
2010-12-07,26.395463943481445,34.08000183105469,34.599998474121094,34.060001373291016,34.29999923706055,5491000
2010-12-08,27.077037811279297,34.959999084472656,35.029998779296875,34.18000030517578,34.20000076293945,6726700
2010-12-09,27.68889045715332,35.75,35.849998474121094,35.040000915527344,35.29999923706055,5918400
2010-12-10,27.789588928222656,35.880001068115234,36.0,35.52000045776367,35.810001373291016,3220400
2010-12-13,28.006452560424805,36.15999984741211,36.84999847412109,35.84000015258789,35.97999954223633,5309400
2010-12-14,27.68889045715332,35.75,36.29999923706055,35.56999969482422,36.209999084472656,3203300
2010-12-15,27.82830810546875,35.93000030517578,36.380001068115234,35.4900016784668,35.560001373291016,3833800
2010-12-16,28.424684524536133,36.70000076293945,36.720001220703125,35.61000061035156,35.97999954223633,3967700
2010-12-17,28.262035369873047,36.4900016784668,36.95000076293945,36.43000030517578,36.90999984741211,4305200
2010-12-20,28.649303436279297,36.9900016784668,37.34000015258789,36.5,36.52000045776367,4697500
2010-12-21,29.12949180603028,37.61000061035156,37.61000061035156,36.959999084472656,37.2400016784668,5306000
2010-12-22,29.354097366333008,37.900001525878906,37.95000076293945,37.58000183105469,37.65999984741211,3261600
2010-12-23,28.6647891998291,37.0099983215332,37.90999984741211,36.77000045776367,37.869998931884766,4456200
2010-12-27,28.719009399414062,37.08000183105469,37.310001373291016,36.77000045776367,36.93999862670898,2008300
2010-12-28,28.657045364379883,37.0,37.34000015258789,36.970001220703125,37.130001068115234,1735900
2010-12-29,28.59507942199707,36.91999816894531,37.33000183105469,36.90999984741211,37.04999923706055,2118500
2010-12-30,28.78870391845703,37.16999816894531,37.27000045776367,36.77999877929688,36.88999938964844,2296900
2010-12-31,28.59507942199707,36.91999816894531,37.18000030517578,36.79999923706055,37.09000015258789,2127300
2011-01-03,28.84292984008789,37.2400016784668,37.630001068115234,37.09000015258789,37.2400016784668,3115200
2011-01-04,28.780967712402344,37.15999984741211,37.5099983215332,36.79999923706055,37.5099983215332,2937200
2011-01-05,29.338611602783203,37.880001068115234,37.88999938964844,36.869998931884766,36.970001220703125,3947500
2011-01-06,29.594202041625977,38.209999084472656,38.47999954223633,37.869998931884766,37.959999084472656,4418000
2011-01-07,29.1140079498291,37.59000015258789,38.20000076293945,37.2599983215332,38.18000030517578,4718500
2011-01-10,29.12949180603028,37.61000061035156,37.70000076293945,36.93000030517578,37.43000030517578,3650300
2011-01-11,29.31538391113281,37.84999847412109,37.93000030517578,37.540000915527344,37.90999984741211,2461900
2011-01-12,29.67940330505371,38.31999969482422,38.470001220703125,38.0,38.150001525878906,2620200
2011-01-13,29.601951599121094,38.220001220703125,38.720001220703125,37.95000076293945,38.4900016784668,3999100
2011-01-14,29.99695205688477,38.72999954223633,38.72999954223633,37.93999862670898,38.20000076293945,3724600
2011-01-18,29.3928337097168,37.95000076293945,38.70000076293945,37.900001525878906,38.470001220703125,4754200
2011-01-19,28.57960319519043,36.900001525878906,37.95000076293945,36.58000183105469,37.88999938964844,5748300
2011-01-20,27.10027313232422,34.9900016784668,35.88999938964844,34.20000076293945,35.22999954223633,15186300
2011-01-21,27.00732612609864,34.869998931884766,35.66999816894531,34.630001068115234,35.41999816894531,7822500
2011-01-24,27.015077590942383,34.880001068115234,35.08000183105469,34.349998474121094,34.95000076293945,7405300
2011-01-25,26.968599319458008,34.81999969482422,35.29999923706055,34.34000015258789,34.7599983215332,10606000
2011-01-26,28.695764541625977,37.04999923706055,37.59000015258789,36.02999877929688,36.310001373291016,19120600
2011-01-27,28.81194496154785,37.20000076293945,37.40999984741211,36.84000015258789,36.86000061035156,6704100
2011-01-28,28.0993881225586,36.27999877929688,37.25,36.13999938964844,37.09999847412109,7280000
2011-01-31,28.74997329711914,37.119998931884766,37.20000076293945,36.09999847412109,36.20000076293945,5105300
2011-02-01,28.94361686706543,37.369998931884766,37.81999969482422,37.040000915527344,37.31999969482422,4991100
2011-02-02,29.41605758666992,37.97999954223633,38.22999954223633,37.09999847412109,37.09999847412109,4835800
2011-02-03,29.80332946777344,38.47999954223633,38.59999847412109,37.970001220703125,38.16999816894531,5454900
2011-02-04,31.027055740356445,40.060001373291016,40.11000061035156,38.540000915527344,38.540000915527344,8914400
2011-02-07,31.05803298950196,40.09999847412109,40.45000076293945,39.900001525878906,39.970001220703125,8141400
2011-02-08,31.205202102661133,40.290000915527344,40.709999084472656,40.06999969482422,40.16999816894531,7296400
2011-02-09,31.236177444458008,40.33000183105469,40.70000076293945,39.97999954223633,40.060001373291016,6621000
2011-02-10,33.61393737792969,43.400001525878906,43.52999877929688,39.75,39.900001525878906,19904600
2011-02-11,33.62168884277344,43.40999984741211,43.70000076293945,42.84999847412109,43.04999923706055,10230500
2011-02-14,33.78432083129883,43.619998931884766,43.79999923706055,43.18999862670898,43.619998931884766,6632900
2011-02-15,34.380714416503906,44.38999938964844,44.619998931884766,43.29999923706055,43.40999984741211,8250300
2011-02-16,33.9547233581543,43.84000015258789,44.619998931884766,43.43999862670898,44.560001373291016,8826700
2011-02-17,34.25678253173828,44.22999954223633,44.459999084472656,43.75,43.77000045776367,4548900
2011-02-18,34.078643798828125,44.0,44.52000045776367,43.709999084472656,44.380001068115234,5000900
2011-02-22,32.87815475463867,42.45000076293945,43.68000030517578,42.29999923706055,43.209999084472656,6633600
2011-02-23,32.09587478637695,41.43999862670898,43.0,40.459999084472656,42.43999862670898,12073200
2011-02-24,33.43578338623047,43.16999816894531,43.38999938964844,41.18000030517578,41.2599983215332,8032100
2011-02-25,34.00119400024414,43.900001525878906,44.11000061035156,43.369998931884766,43.47999954223633,6440400
2011-02-28,34.078643798828125,44.0,44.459999084472656,43.619998931884766,43.91999816894531,5718400
2011-03-01,33.397064208984375,43.119998931884766,44.470001220703125,43.0099983215332,44.27000045776367,7454300
2011-03-02,33.466773986816406,43.209999084472656,44.0,43.119998931884766,43.119998931884766,5682400
2011-03-03,33.892765045166016,43.7599983215332,44.27000045776367,43.400001525878906,43.75,5339000
2011-03-04,34.16383361816406,44.11000061035156,44.97999954223633,43.20000076293945,44.31999969482422,10291100
2011-03-07,34.32649230957031,44.31999969482422,44.63999938964844,43.41999816894531,44.59000015258789,9440500
2011-03-08,34.4349250793457,44.459999084472656,45.0099983215332,43.91999816894531,44.36000061035156,7629600
2011-03-09,33.55972671508789,43.33000183105469,43.77999877929688,42.56999969482422,43.68000030517578,8403600
2011-03-10,32.02616882324219,41.34999847412109,42.77000045776367,41.31999969482422,42.68000030517578,9156000
2011-03-11,33.21894836425781,42.88999938964844,42.959999084472656,41.02999877929688,41.130001068115234,6416300
2011-03-14,33.342872619628906,43.04999923706055,43.59999847412109,42.4900016784668,42.5,8014400
2011-03-15,32.71550750732422,42.2400016784668,42.61000061035156,41.650001525878906,41.77000045776367,7241400
2011-03-16,32.51411056518555,41.97999954223633,42.56999969482422,41.36000061035156,42.290000915527344,8415700
2011-03-17,31.66216278076172,40.880001068115234,42.7400016784668,40.75,42.59999847412109,7696200
2011-03-18,31.181961059570312,40.2599983215332,41.58000183105469,39.959999084472656,41.33000183105469,10831600
2011-03-21,31.39883041381836,40.540000915527344,40.77000045776367,38.84999847412109,39.65999984741211,8092500
2011-03-22,30.306764602661133,39.130001068115234,39.97999954223633,39.02000045776367,39.630001068115234,7536600
2011-03-23,31.07351875305176,40.119998931884766,40.369998931884766,38.880001068115234,39.15999984741211,6395500
2011-03-24,31.61569023132324,40.81999969482422,41.36000061035156,40.18999862670898,40.18999862670898,5271500
2011-03-25,31.67765617370605,40.900001525878906,41.34999847412109,40.61000061035156,41.34000015258789,4384700
2011-03-28,31.034799575805664,40.06999969482422,41.02000045776367,39.9900016784668,40.970001220703125,5495600
2011-03-29,31.56921768188477,40.7599983215332,40.869998931884766,39.66999816894531,40.0,4085000
2011-03-30,32.421180725097656,41.86000061035156,42.02999877929688,40.45000076293945,41.130001068115234,6128600
2011-03-31,32.59157180786133,42.08000183105469,42.20000076293945,41.22999954223633,41.81999969482422,5456400
2011-04-01,31.95647621154785,41.2599983215332,42.27000045776367,41.119998931884766,42.27000045776367,5520200
2011-04-04,30.79471015930176,39.7599983215332,41.58000183105469,39.400001525878906,41.31999969482422,8785700
2011-04-05,30.500391006469727,39.380001068115234,40.43000030517578,39.31999969482422,40.08000183105469,6156800
2011-04-06,30.074405670166016,38.83000183105469,39.5099983215332,37.970001220703125,39.09000015258789,14381600
2011-04-07,30.113126754760746,38.880001068115234,39.310001373291016,38.63999938964844,38.70000076293945,6069900
2011-04-08,29.67940330505371,38.31999969482422,39.380001068115234,38.220001220703125,39.09000015258789,4747900
2011-04-11,29.880779266357425,38.58000183105469,38.65999984741211,38.11000061035156,38.470001220703125,4709900
2011-04-12,29.31538391113281,37.84999847412109,38.40999984741211,37.560001373291016,38.27000045776367,6723100
2011-04-13,29.70262718200684,38.34999847412109,38.90999984741211,37.470001220703125,38.61000061035156,8359800
2011-04-14,29.81107711791992,38.4900016784668,38.61000061035156,37.81999969482422,38.0,6265800
2011-04-15,29.72587203979492,38.380001068115234,38.720001220703125,37.9900016784668,38.650001525878906,4489600
2011-04-18,29.632936477661133,38.2599983215332,38.380001068115234,37.43999862670898,37.91999816894531,5691900
2011-04-19,29.795583724975582,38.470001220703125,38.75,37.810001373291016,38.27999877929688,8528600
2011-04-20,30.407447814941406,39.2599983215332,39.59999847412109,36.47999954223633,38.060001373291016,22722500
2011-04-21,31.04254913330078,40.08000183105469,40.18999862670898,39.290000915527344,39.59999847412109,6832400
2011-04-25,30.81793212890625,39.790000915527344,40.400001525878906,39.40999984741211,39.470001220703125,5610300
2011-04-26,30.24480056762696,39.04999923706055,39.95000076293945,39.02999877929688,39.84999847412109,5600000
2011-04-27,30.027936935424805,38.77000045776367,39.36000061035156,38.5,39.08000183105469,6206900
2011-04-28,29.795583724975582,38.470001220703125,38.880001068115234,38.15999984741211,38.59000015258789,4667800
2011-04-29,29.687145233154297,38.33000183105469,38.70000076293945,38.13999938964844,38.560001373291016,4400000
2011-05-02,29.1140079498291,37.59000015258789,38.34000015258789,37.47999954223633,38.27000045776367,7024500
2011-05-03,29.04429626464844,37.5,37.619998931884766,37.04999923706055,37.2400016784668,5096300
2011-05-04,28.88165855407715,37.290000915527344,37.540000915527344,36.75,37.43000030517578,4158300
2011-05-05,29.07528305053711,37.540000915527344,38.31999969482422,37.02000045776367,37.02000045776367,7481500
2011-05-06,28.76546287536621,37.13999938964844,38.0099983215332,37.06999969482422,38.0099983215332,5183900
2011-05-09,28.88939094543457,37.29999923706055,37.619998931884766,36.90999984741211,37.15999984741211,4867900
2011-05-10,29.28439712524414,37.810001373291016,38.09999847412109,37.41999816894531,37.52000045776367,6617300
2011-05-11,29.795583724975582,38.470001220703125,39.150001525878906,37.630001068115234,37.77999877929688,8235000
2011-05-12,30.833431243896484,39.810001373291016,40.18999862670898,37.790000915527344,38.22999954223633,13517400
2011-05-13,30.69401359558105,39.630001068115234,40.290000915527344,39.380001068115234,39.650001525878906,8774700
2011-05-16,30.299013137817383,39.119998931884766,40.369998931884766,39.040000915527344,39.77000045776367,6196400
2011-05-17,29.865283966064453,38.560001373291016,39.0099983215332,38.08000183105469,39.0099983215332,6274100
2011-05-18,30.15186309814453,38.93000030517578,39.02999877929688,38.31999969482422,38.65999984741211,4015900
2011-05-19,30.24480056762696,39.04999923706055,39.310001373291016,38.75,39.15999984741211,3764900
2011-05-20,30.097644805908203,38.86000061035156,39.4900016784668,38.77999877929688,39.08000183105469,4355300
2011-05-23,29.23793601989746,37.75,38.369998931884766,37.59000015258789,38.209999084472656,7307200
2011-05-24,28.30852127075196,36.54999923706055,37.970001220703125,36.34999847412109,37.810001373291016,8950000
2011-05-25,28.424684524536133,36.70000076293945,37.09000015258789,36.04999923706055,36.119998931884766,11965500
2011-05-26,28.641557693481445,36.97999954223633,37.09999847412109,36.5099983215332,36.5099983215332,4561600
2011-05-27,28.695764541625977,37.04999923706055,37.52000045776367,36.959999084472656,37.13999938964844,4330900
2011-05-31,28.354978561401367,36.61000061035156,37.02999877929688,36.06999969482422,36.959999084472656,9567000
2011-06-01,25.535749435424805,32.970001220703125,36.869998931884766,32.61000061035156,36.5,27315600
2011-06-02,26.039182662963867,33.619998931884766,34.29999923706055,33.04999923706055,33.20000076293945,15812900
2011-06-03,25.04005622863769,32.33000183105469,33.25,32.150001525878906,33.20000076293945,10751100
2011-06-06,24.358482360839844,31.450000762939453,32.31999969482422,31.049999237060547,32.20000076293945,15142700
2011-06-07,25.26466941833496,32.619998931884766,32.95000076293945,31.559999465942383,32.15999984741211,13770100
2011-06-08,24.86966896057129,32.11000061035156,32.400001525878906,31.36000061035156,31.739999771118164,10985100
2011-06-09,24.70702171325684,31.89999961853028,32.59000015258789,31.8799991607666,32.2599983215332,8247900
2011-06-10,23.831817626953125,30.770000457763672,32.13999938964844,30.670000076293945,31.790000915527344,10905800
2011-06-13,23.16572952270508,29.90999984741211,30.920000076293945,29.780000686645508,30.920000076293945,12709900
2011-06-14,23.59171867370605,30.459999084472656,30.739999771118164,29.36000061035156,29.670000076293945,17901700
2011-06-15,22.747499465942383,29.3700008392334,30.520000457763672,29.200000762939453,30.11000061035156,12574300
2011-06-16,22.84043502807617,29.489999771118164,30.64999961853028,29.270000457763672,29.51000022888184,10740600
2011-06-17,22.716516494750977,29.32999992370605,29.8799991607666,29.190000534057617,29.790000915527344,9328600
2011-06-20,22.85593032836914,29.51000022888184,29.690000534057617,29.030000686645508,29.26000022888184,5602200
2011-06-21,23.429073333740234,30.25,30.43000030517578,29.6299991607666,29.700000762939453,6518200
2011-06-22,22.871416091918945,29.530000686645508,30.15999984741211,29.5,30.030000686645508,6880100
2011-06-23,23.44455337524414,30.270000457763672,30.3799991607666,29.11000061035156,29.270000457763672,12193800
2011-06-24,23.250926971435547,30.020000457763672,31.299999237060547,29.950000762939453,30.459999084472656,11663400
2011-06-27,23.622697830200195,30.5,30.56999969482422,29.5,29.799999237060547,8402300
2011-06-28,23.57622528076172,30.440000534057617,31.11000061035156,30.32999992370605,30.600000381469727,7977200
2011-06-29,23.87054443359375,30.81999969482422,31.229999542236328,30.270000457763672,31.0,9240500
2011-06-30,24.397214889526367,31.5,31.59000015258789,30.65999984741211,30.82999992370605,8027400
2011-07-01,24.761234283447266,31.96999931335449,32.11000061035156,31.18000030517578,31.540000915527344,7438500
2011-07-05,24.621829986572266,31.790000915527344,32.290000915527344,31.51000022888184,32.119998931884766,6729300
2011-07-06,24.397214889526367,31.5,31.780000686645508,31.21999931335449,31.6299991607666,6938200
2011-07-07,25.404083251953125,32.79999923706055,33.11000061035156,31.76000022888184,31.979999542236328,9089900
2011-07-08,24.830942153930664,32.060001373291016,32.29999923706055,31.549999237060547,32.279998779296875,10154100
2011-07-11,24.358482360839844,31.450000762939453,32.060001373291016,31.239999771118164,31.540000915527344,6485000
2011-07-12,24.149370193481445,31.18000030517578,31.780000686645508,30.950000762939453,31.420000076293945,9117600
2011-07-13,24.03319358825684,31.030000686645508,31.739999771118164,30.68000030517578,31.40999984741211,7715100
2011-07-14,23.51426696777344,30.36000061035156,31.25,30.13999938964844,31.190000534057617,7559100
2011-07-15,23.72338104248047,30.6299991607666,30.65999984741211,30.209999084472656,30.549999237060547,4881400
2011-07-18,23.25867462158203,30.030000686645508,30.75,29.75,30.420000076293945,7361500
2011-07-19,24.45916748046875,31.57999992370605,31.700000762939453,30.39999961853028,30.440000534057617,7701800
2011-07-20,24.126134872436523,31.14999961853028,31.36000061035156,30.690000534057617,31.1200008392334,7586900
2011-07-21,23.48328399658203,30.31999969482422,30.670000076293945,30.1299991607666,30.530000686645508,14275400
2011-07-22,24.21906471252441,31.270000457763672,31.6200008392334,30.32999992370605,30.40999984741211,8564100
2011-07-25,23.75436782836914,30.670000076293945,31.170000076293945,30.57999992370605,30.920000076293945,5599400
2011-07-26,24.14162254333496,31.170000076293945,32.16999816894531,30.780000686645508,30.780000686645508,20976200
2011-07-27,19.09952735900879,24.65999984741211,25.440000534057617,24.540000915527344,25.0,61572000
2011-07-28,18.42570686340332,23.790000915527344,24.71999931335449,23.770000457763672,24.709999084472656,25905500
2011-07-29,18.11589813232422,23.38999938964844,23.940000534057617,23.13999938964844,23.32999992370605,17085000
2011-08-01,17.829326629638672,23.020000457763672,23.63999938964844,22.809999465942383,23.43000030517578,15943100
2011-08-02,17.627952575683594,22.76000022888184,23.38999938964844,22.75,22.84000015258789,11837300
2011-08-03,18.27080726623535,23.59000015258789,23.64999961853028,22.39999961853028,22.799999237060547,16584400
2011-08-04,17.155502319335938,22.14999961853028,23.5,22.0,23.07999992370605,17526300
2011-08-05,17.21746253967285,22.229999542236328,23.01000022888184,21.76000022888184,22.559999465942383,17989300
2011-08-08,15.614216804504396,20.15999984741211,21.739999771118164,20.040000915527344,21.059999465942383,19583600
2011-08-09,16.667556762695312,21.520000457763672,21.850000381469727,20.18000030517578,20.770000457763672,21808600
2011-08-10,16.009218215942383,20.670000076293945,21.56999969482422,20.59000015258789,20.959999084472656,14100200
2011-08-11,17.140010833740234,22.1299991607666,22.56999969482422,20.8700008392334,20.89999961853028,21758100
2011-08-12,17.17873764038086,22.18000030517578,22.40999984741211,21.729999542236328,22.270000457763672,12034400
2011-08-15,17.403345108032227,22.46999931335449,22.479999542236328,21.790000915527344,21.799999237060547,6632100
2011-08-16,17.101285934448242,22.07999992370605,22.38999938964844,21.780000686645508,22.309999465942383,6352300
2011-08-17,16.79922103881836,21.690000534057617,22.39999961853028,21.540000915527344,22.18000030517578,7606000
2011-08-18,15.436079025268556,19.93000030517578,20.959999084472656,19.709999084472656,20.959999084472656,15962000
2011-08-19,15.28117561340332,19.729999542236328,20.290000915527344,19.6299991607666,19.81999969482422,8514000
2011-08-22,15.273432731628418,19.71999931335449,20.21999931335449,19.65999984741211,20.1299991607666,5438100
2011-08-23,16.18735694885254,20.89999961853028,20.89999961853028,19.799999237060547,20.0,7000600
2011-08-24,16.28029441833496,21.020000457763672,21.18000030517578,20.299999237060547,20.790000915527344,7564700
2011-08-25,15.769121170043944,20.36000061035156,21.170000076293945,20.26000022888184,21.07999992370605,7323400
2011-08-26,16.18735694885254,20.89999961853028,21.01000022888184,19.770000457763672,20.170000076293945,6837500
2011-08-29,16.961872100830078,21.89999961853028,21.93000030517578,21.040000915527344,21.21999931335449,4939600
2011-08-30,16.907655715942383,21.82999992370605,22.059999465942383,21.39999961853028,21.64999961853028,6435300
2011-08-31,16.210590362548828,20.93000030517578,22.13999938964844,20.790000915527344,22.13999938964844,13836300
2011-09-01,16.37324333190918,21.13999938964844,21.90999984741211,20.979999542236328,20.979999542236328,10064600
2011-09-02,15.645198822021484,20.200000762939453,20.89999961853028,20.0,20.799999237060547,7699400
2011-09-06,15.46705436706543,19.96999931335449,20.030000686645508,19.3700008392334,19.790000915527344,6163100
2011-09-07,16.68304443359375,21.540000915527344,21.75,20.420000076293945,20.5,9327100
2011-09-08,16.714019775390625,21.57999992370605,22.200000762939453,21.36000061035156,21.670000076293945,8026400
2011-09-09,16.621078491210938,21.459999084472656,21.940000534057617,20.86000061035156,21.280000686645508,12482600
2011-09-12,16.837949752807617,21.739999771118164,21.770000457763672,20.739999771118164,20.86000061035156,7905400
2011-09-13,16.63657569885254,21.479999542236328,22.07999992370605,21.239999771118164,21.799999237060547,9467600
2011-09-14,16.72177505493164,21.59000015258789,22.040000915527344,21.100000381469727,21.790000915527344,12020400
2011-09-15,16.03245735168457,20.700000762939453,21.950000762939453,20.450000762939453,21.89999961853028,18155900
2011-09-16,15.606465339660645,20.14999961853028,20.8799991607666,19.770000457763672,20.780000686645508,19786500
2011-09-19,15.412842750549316,19.89999961853028,20.049999237060547,19.65999984741211,19.940000534057617,8333900
2011-09-20,15.598726272583008,20.13999938964844,20.5,19.790000915527344,20.1200008392334,10954900
2011-09-21,15.319906234741213,19.780000686645508,20.65999984741211,19.75,20.31999969482422,9044000
2011-09-22,14.808716773986816,19.1200008392334,19.200000762939453,18.670000076293945,19.06999969482422,15305500
2011-09-23,14.677048683166504,18.950000762939453,19.3700008392334,18.850000381469727,18.93000030517578,8890000
2011-09-26,14.79322910308838,19.100000381469727,19.170000076293945,18.64999961853028,19.170000076293945,11597800
2011-09-27,15.436079025268556,19.93000030517578,20.3700008392334,19.209999084472656,19.43000030517578,11567500
2011-09-28,14.59959888458252,18.850000381469727,19.76000022888184,18.790000915527344,19.739999771118164,10620000
2011-09-29,14.251069068908691,18.39999961853028,19.18000030517578,18.049999237060547,19.07999992370605,9246000
2011-09-30,13.368123054504396,17.260000228881836,18.309999465942383,17.209999084472656,18.309999465942383,16748700
2011-10-03,13.228708267211914,17.079999923706055,17.719999313354492,17.020000457763672,17.110000610351562,13239000
2011-10-04,13.73989200592041,17.739999771118164,17.8799991607666,16.670000076293945,16.719999313354492,13900000
2011-10-05,14.839701652526855,19.15999984741211,19.450000762939453,17.639999389648438,17.700000762939453,18746200
2011-10-06,15.048822402954102,19.43000030517578,19.489999771118164,18.979999542236328,19.25,8847400
2011-10-07,14.75450611114502,19.049999237060547,19.86000061035156,18.90999984741211,19.489999771118164,8299300
2011-10-10,15.242446899414062,19.68000030517578,19.88999938964844,19.34000015258789,19.46999931335449,5279400
2011-10-11,15.62196159362793,20.170000076293945,20.75,19.709999084472656,19.75,9885700
2011-10-12,15.482545852661133,19.989999771118164,20.600000381469727,19.89999961853028,20.459999084472656,11021800
2011-10-13,15.823335647583008,20.43000030517578,20.450000762939453,19.799999237060547,19.8799991607666,9582600
2011-10-14,16.698532104492188,21.559999465942383,21.65999984741211,20.729999542236328,21.450000762939453,11828300
2011-10-17,15.80009651184082,20.39999961853028,21.309999465942383,20.25,21.26000022888184,9437200
2011-10-18,16.58236312866211,21.40999984741211,22.11000061035156,19.84000015258789,20.36000061035156,22393100
2011-10-19,15.62196159362793,20.170000076293945,22.190000534057617,20.06999969482422,21.979999542236328,23326000
2011-10-20,15.924019813537598,20.559999465942383,20.75,19.75,20.14999961853028,16673800
2011-10-21,16.35775375366211,21.1200008392334,21.309999465942383,20.5,20.96999931335449,13937700
2011-10-24,17.41883659362793,22.489999771118164,22.6200008392334,21.229999542236328,21.26000022888184,10947400
2011-10-25,17.635698318481445,22.770000457763672,23.520000457763672,22.020000457763672,22.46999931335449,16261400
2011-10-26,18.007461547851562,23.25,23.5,22.270000457763672,23.43000030517578,11479800
2011-10-27,18.90590476989746,24.40999984741211,25.61000061035156,23.84000015258789,24.309999465942383,16846600
2011-10-28,19.2157039642334,24.809999465942383,25.09000015258789,24.299999237060547,24.489999771118164,8532900
2011-10-31,18.952375411987305,24.46999931335449,25.1200008392334,24.309999465942383,24.6299991607666,9293300
2011-11-01,18.03070831298828,23.280000686645508,23.780000686645508,22.75,23.459999084472656,15385100
2011-11-02,18.232074737548828,23.540000915527344,23.71999931335449,22.989999771118164,23.71999931335449,9844800
2011-11-03,18.557373046875,23.959999084472656,24.059999465942383,23.07999992370605,23.88999938964844,9278500
2011-11-04,18.57286071777344,23.979999542236328,24.049999237060547,23.32999992370605,23.5,6158300
2011-11-07,18.363746643066406,23.709999084472656,23.989999771118164,23.170000076293945,23.940000534057617,5157500
2011-11-08,19.0762939453125,24.6299991607666,24.700000762939453,23.799999237060547,23.89999961853028,8847800
2011-11-09,18.053930282592773,23.309999465942383,23.989999771118164,23.229999542236328,23.82999992370605,10488400
2011-11-10,18.41021728515625,23.770000457763672,24.38999938964844,23.26000022888184,23.809999465942383,11293400
2011-11-11,19.269926071166992,24.8799991607666,25.190000534057617,24.06999969482422,24.1200008392334,10707100
2011-11-14,19.176984786987305,24.76000022888184,25.350000381469727,24.57999992370605,24.76000022888184,7946200
2011-11-15,19.04530906677246,24.59000015258789,24.90999984741211,24.309999465942383,24.59000015258789,7303200
2011-11-16,18.57286071777344,23.979999542236328,24.75,23.89999961853028,24.290000915527344,7978900
2011-11-17,17.604719161987305,22.729999542236328,23.920000076293945,22.46999931335449,23.920000076293945,12018400
2011-11-18,17.47304344177246,22.559999465942383,23.020000457763672,22.3799991607666,22.989999771118164,7612500
2011-11-21,16.907655715942383,21.82999992370605,22.1200008392334,21.420000076293945,22.09000015258789,8381300
2011-11-22,16.58236312866211,21.40999984741211,21.950000762939453,21.18000030517578,21.64999961853028,7070900
2011-11-23,15.91627597808838,20.549999237060547,21.299999237060547,20.32999992370605,21.299999237060547,6798000
2011-11-25,15.62196159362793,20.170000076293945,20.770000457763672,20.1299991607666,20.40999984741211,2417700
2011-11-28,16.41196632385254,21.190000534057617,21.290000915527344,20.8799991607666,21.020000457763672,6168600
2011-11-29,16.14862823486328,20.850000381469727,21.39999961853028,20.739999771118164,21.299999237060547,6826900
2011-11-30,17.5892276763916,22.709999084472656,22.75,21.479999542236328,21.479999542236328,9662600
2011-12-01,17.232946395874023,22.25,23.0,22.190000534057617,22.56999969482422,5332400
2011-12-02,17.504039764404297,22.600000381469727,22.81999969482422,22.36000061035156,22.520000457763672,6910000
2011-12-05,18.092668533325195,23.36000061035156,23.709999084472656,22.780000686645508,22.959999084472656,8066800
2011-12-06,17.596973419189453,22.71999931335449,23.3799991607666,22.6200008392334,23.32999992370605,6084100
2011-12-07,16.50490951538086,21.309999465942383,22.56999969482422,21.1200008392334,22.5,15944800
2011-12-08,15.529016494750977,20.049999237060547,21.290000915527344,19.920000076293945,21.26000022888184,18952100
2011-12-09,15.412842750549316,19.89999961853028,20.26000022888184,19.709999084472656,20.200000762939453,15911200
2011-12-12,15.358628273010254,19.82999992370605,19.850000381469727,19.39999961853028,19.57999992370605,7468500
2011-12-13,14.70802879333496,18.989999771118164,20.07999992370605,18.84000015258789,19.89999961853028,14186300
2011-12-14,14.622832298278809,18.8799991607666,19.030000686645508,18.26000022888184,18.8700008392334,12257800
2011-12-15,14.405972480773926,18.600000381469727,19.18000030517578,18.34000015258789,19.1299991607666,7726100
2011-12-16,14.212342262268066,18.350000381469727,18.84000015258789,18.270000457763672,18.690000534057617,9892300
2011-12-19,14.034207344055176,18.1200008392334,18.739999771118164,18.049999237060547,18.489999771118164,6926000
2011-12-20,15.288918495178224,19.739999771118164,20.1299991607666,18.8700008392334,19.049999237060547,11246900
2011-12-21,15.06431007385254,19.450000762939453,19.700000762939453,19.09000015258789,19.549999237060547,9505100
2011-12-22,16.07118034362793,20.75,20.86000061035156,20.07999992370605,20.100000381469727,10959200
2011-12-23,16.133140563964844,20.82999992370605,20.979999542236328,20.520000457763672,20.75,4912200
2011-12-27,16.102157592773438,20.790000915527344,20.989999771118164,20.600000381469727,20.739999771118164,4229600
2011-12-28,15.846562385559082,20.459999084472656,20.780000686645508,20.350000381469727,20.739999771118164,4325500
2011-12-29,15.8698091506958,20.489999771118164,20.600000381469727,20.350000381469727,20.51000022888184,3454800
2011-12-30,15.80784511566162,20.40999984741211,20.71999931335449,20.3700008392334,20.43000030517578,3219800
2012-01-03,16.295785903930664,21.040000915527344,21.21999931335449,20.709999084472656,20.89999961853028,7395500
2012-01-04,16.07118034362793,20.75,20.84000015258789,19.670000076293945,20.309999465942383,9530300
2012-01-05,15.985981941223145,20.63999938964844,20.959999084472656,20.39999961853028,20.479999542236328,8608600
2012-01-06,15.823335647583008,20.43000030517578,20.71999931335449,20.3700008392334,20.65999984741211,7250500
2012-01-09,16.675302505493164,21.530000686645508,22.059999465942383,20.18000030517578,20.350000381469727,18248600
2012-01-10,16.52814483642578,21.34000015258789,22.739999771118164,21.229999542236328,22.0,23068300
2012-01-11,16.50490951538086,21.309999465942383,21.540000915527344,21.0,21.11000061035156,7751800
2012-01-12,16.489416122436523,21.290000915527344,21.350000381469727,20.690000534057617,21.25,8186600
2012-01-13,16.30353546142578,21.049999237060547,21.1299991607666,20.64999961853028,20.950000762939453,5148400
2012-01-17,16.450695037841797,21.239999771118164,21.57999992370605,21.1299991607666,21.299999237060547,7443600
2012-01-18,17.434326171875,22.51000022888184,22.57999992370605,21.170000076293945,21.36000061035156,10188000
2012-01-19,18.49540901184082,23.8799991607666,24.209999084472656,22.940000534057617,23.36000061035156,17621500
2012-01-20,17.806093215942383,22.989999771118164,23.790000915527344,22.88999938964844,23.739999771118164,11114400
2012-01-23,17.457561492919922,22.540000915527344,23.350000381469727,22.489999771118164,22.96999931335449,9688600
2012-01-24,17.930011749267578,23.14999961853028,23.3700008392334,22.18000030517578,22.540000915527344,9387900
2012-01-25,17.519521713256836,22.6200008392334,23.170000076293945,22.350000381469727,23.100000381469727,13011800
2012-01-26,17.325889587402344,22.3700008392334,23.299999237060547,22.0,23.01000022888184,17362200
2012-01-27,16.79922103881836,21.690000534057617,21.88999938964844,19.959999084472656,19.959999084472656,41191300
2012-01-30,16.334516525268555,21.09000015258789,21.38999938964844,20.950000762939453,21.3799991607666,8775500
2012-01-31,16.210590362548828,20.93000030517578,21.31999969482422,20.8799991607666,21.190000534057617,10762600
2012-02-01,16.791475296020508,21.68000030517578,21.88999938964844,20.989999771118164,20.989999771118164,10383200
2012-02-02,16.737266540527344,21.61000061035156,21.84000015258789,21.3700008392334,21.68000030517578,7449500
2012-02-03,17.465307235717773,22.549999237060547,23.030000686645508,21.86000061035156,21.940000534057617,11814100
2012-02-06,17.596973419189453,22.71999931335449,22.799999237060547,22.030000686645508,22.3799991607666,8483500
2012-02-07,17.829326629638672,23.020000457763672,23.43000030517578,22.40999984741211,22.6200008392334,12111800
2012-02-08,17.883543014526367,23.09000015258789,23.440000534057617,22.75,23.049999237060547,8267500
2012-02-09,17.95325469970703,23.18000030517578,23.43000030517578,22.850000381469727,22.88999938964844,8292000
2012-02-10,17.596973419189453,22.71999931335449,23.06999969482422,22.540000915527344,23.06999969482422,8126500
2012-02-13,17.403345108032227,22.46999931335449,22.89999961853028,22.170000076293945,22.84000015258789,10632600
2012-02-14,17.480798721313477,22.56999969482422,22.799999237060547,22.239999771118164,22.39999961853028,8225600
2012-02-15,18.712278366088867,24.15999984741211,25.040000915527344,22.799999237060547,22.84000015258789,27002500
2012-02-16,18.60383987426757,24.020000457763672,24.1299991607666,23.520000457763672,24.09000015258789,8934300
2012-02-17,18.743257522583008,24.200000762939453,24.479999542236328,23.8700008392334,24.15999984741211,7918300
2012-02-21,18.41021728515625,23.770000457763672,24.239999771118164,23.520000457763672,23.530000686645508,6429000
2012-02-22,18.41795921325684,23.780000686645508,24.309999465942383,23.65999984741211,23.82999992370605,6996700
2012-02-23,18.208839416503903,23.51000022888184,23.790000915527344,22.65999984741211,22.940000534057617,10690300
2012-02-24,18.371490478515625,23.71999931335449,24.100000381469727,23.46999931335449,23.57999992370605,6293500
2012-02-27,18.239822387695312,23.549999237060547,23.809999465942383,23.100000381469727,23.51000022888184,9128100
2012-02-28,18.386978149414062,23.739999771118164,23.86000061035156,23.34000015258789,23.65999984741211,9320000
2012-02-29,17.627952575683594,22.76000022888184,23.81999969482422,22.739999771118164,23.81999969482422,14054500
2012-03-01,17.263927459716797,22.290000915527344,22.88999938964844,22.18000030517578,22.450000762939453,15090000
2012-03-02,17.031578063964844,21.989999771118164,22.559999465942383,21.950000762939453,22.200000762939453,8566600
2012-03-05,16.520397186279297,21.32999992370605,22.15999984741211,21.270000457763672,22.030000686645508,11213800
2012-03-06,16.334516525268555,21.09000015258789,21.39999961853028,20.920000076293945,21.09000015258789,9372100
2012-03-07,16.58236312866211,21.40999984741211,21.6200008392334,21.209999084472656,21.25,6221100
2012-03-08,16.59785270690918,21.43000030517578,21.690000534057617,21.15999984741211,21.670000076293945,5941400
2012-03-09,16.590099334716797,21.420000076293945,21.770000457763672,21.1299991607666,21.40999984741211,7407900
2012-03-12,16.3809871673584,21.14999961853028,21.479999542236328,20.96999931335449,21.38999938964844,6101500
2012-03-13,16.50490951538086,21.309999465942383,21.530000686645508,21.170000076293945,21.31999969482422,13731600
2012-03-14,15.954998970031738,20.600000381469727,21.100000381469727,20.38999938964844,21.09000015258789,14034900
2012-03-15,16.520397186279297,21.32999992370605,21.3799991607666,20.63999938964844,20.68000030517578,8945700
2012-03-16,16.59785270690918,21.43000030517578,21.489999771118164,21.209999084472656,21.38999938964844,5151600
2012-03-19,16.77598762512207,21.65999984741211,21.76000022888184,21.350000381469727,21.440000534057617,5628800
2012-03-20,16.3809871673584,21.14999961853028,21.299999237060547,20.89999961853028,20.93000030517578,7783800
2012-03-21,16.40423011779785,21.18000030517578,21.350000381469727,20.8700008392334,20.8700008392334,6086600
2012-03-22,16.22608184814453,20.950000762939453,21.14999961853028,20.86000061035156,21.01000022888184,5985100
2012-03-23,16.350006103515625,21.11000061035156,21.290000915527344,20.8700008392334,20.8700008392334,6131600
2012-03-26,16.590099334716797,21.420000076293945,21.559999465942383,21.18000030517578,21.26000022888184,5871900
2012-03-27,17.21746253967285,22.229999542236328,22.64999961853028,21.6200008392334,21.6200008392334,12494100
2012-03-28,17.35687828063965,22.40999984741211,22.729999542236328,21.989999771118164,22.39999961853028,12931200
2012-03-29,17.713144302368164,22.8700008392334,22.950000762939453,22.11000061035156,22.209999084472656,10729700
2012-03-30,17.720890045166016,22.8799991607666,23.059999465942383,22.64999961853028,23.0,8099400
2012-04-02,17.604719161987305,22.729999542236328,22.88999938964844,22.63999938964844,22.76000022888184,8491500
2012-04-03,16.97736167907715,21.920000076293945,22.63999938964844,21.780000686645508,22.59000015258789,11392900
2012-04-04,16.72951316833496,21.600000381469727,21.799999237060547,21.450000762939453,21.670000076293945,7977200
2012-04-05,16.458436965942383,21.25,21.520000457763672,21.07999992370605,21.440000534057617,6398100
2012-04-09,16.19510269165039,20.90999984741211,21.1299991607666,20.81999969482422,21.020000457763672,4579700
2012-04-10,16.17186164855957,20.8799991607666,21.450000762939453,20.86000061035156,21.13999938964844,8873200
2012-04-11,16.845691680908203,21.75,21.850000381469727,20.82999992370605,21.1200008392334,11949100
2012-04-12,17.054813385009766,22.020000457763672,22.239999771118164,21.690000534057617,21.739999771118164,8066900
2012-04-13,16.419713973999023,21.200000762939453,21.920000076293945,21.14999961853028,21.8700008392334,7966600
2012-04-16,16.140886306762695,20.84000015258789,21.459999084472656,20.75,21.309999465942383,9233100
2012-04-17,16.74500846862793,21.6200008392334,21.700000762939453,20.90999984741211,20.90999984741211,6991600
2012-04-18,16.38873863220215,21.15999984741211,21.450000762939453,21.040000915527344,21.450000762939453,5187800
2012-04-19,16.210590362548828,20.93000030517578,21.32999992370605,20.739999771118164,21.100000381469727,8788400
2012-04-20,15.954998970031738,20.600000381469727,20.940000534057617,20.46999931335449,20.71999931335449,11040600
2012-04-23,15.62196159362793,20.170000076293945,20.520000457763672,20.07999992370605,20.350000381469727,10122500
2012-04-24,16.752748489379883,21.6299991607666,22.5,19.530000686645508,20.190000534057617,35832200
2012-04-25,16.14862823486328,20.850000381469727,21.8700008392334,19.90999984741211,21.709999084472656,37444200
2012-04-26,16.50490951538086,21.309999465942383,21.38999938964844,20.75,20.86000061035156,10683600
2012-04-27,16.466188430786133,21.26000022888184,21.6200008392334,20.979999542236328,21.34000015258789,8133100
2012-04-30,16.59785270690918,21.43000030517578,21.489999771118164,21.11000061035156,21.25,5787100
2012-05-01,16.621078491210938,21.459999084472656,21.88999938964844,21.26000022888184,21.350000381469727,4565700
2012-05-02,16.272552490234375,21.01000022888184,21.34000015258789,20.8799991607666,21.25,8819000
2012-05-03,15.745885848999023,20.32999992370605,21.030000686645508,20.100000381469727,21.0,9452200
2012-05-04,15.2656831741333,19.709999084472656,20.14999961853028,19.40999984741211,20.14999961853028,10939300
2012-05-07,14.90940284729004,19.25,19.709999084472656,19.14999961853028,19.709999084472656,9400000
2012-05-08,14.661558151245115,18.93000030517578,19.18000030517578,18.6200008392334,19.13999938964844,10179100
2012-05-09,14.72352123260498,19.01000022888184,19.170000076293945,18.5,18.59000015258789,10135600
2012-05-10,13.99548053741455,18.06999969482422,18.89999961853028,17.700000762939453,18.65999984741211,14143700
2012-05-11,13.90254020690918,17.950000762939453,18.32999992370605,17.850000381469727,17.950000762939453,7509800
2012-05-14,13.608223915100098,17.56999969482422,17.770000457763672,17.5,17.719999313354492,5142400
2012-05-15,13.685673713684082,17.670000076293945,18.6299991607666,17.610000610351562,18.100000381469727,10656000
2012-05-16,13.383611679077148,17.280000686645508,18.010000228881836,17.260000228881836,17.739999771118164,5619900
2012-05-17,13.16675090789795,17.0,17.459999084472656,16.969999313354492,17.329999923706055,8134600
2012-05-18,13.577241897583008,17.530000686645508,17.959999084472656,17.270000457763672,17.34000015258789,14281900
2012-05-21,13.925774574279783,17.979999542236328,18.100000381469727,17.40999984741211,17.40999984741211,10375600
2012-05-22,13.933524131774902,17.989999771118164,18.31999969482422,17.790000915527344,17.989999771118164,8867500
2012-05-23,13.344890594482422,17.229999542236328,17.760000228881836,17.0,17.6299991607666,15833000
2012-05-24,13.16675090789795,17.0,17.280000686645508,16.860000610351562,17.270000457763672,12832500
2012-05-25,13.282928466796877,17.149999618530273,17.389999389648438,17.0,17.020000457763672,7823100
2012-05-29,13.484299659729004,17.40999984741211,17.579999923706055,17.25,17.290000915527344,6946000
2012-05-30,13.368123054504396,17.260000228881836,17.389999389648438,16.899999618530273,17.200000762939453,6935700
2012-05-31,13.321654319763184,17.200000762939453,17.329999923706055,16.899999618530273,17.260000228881836,7004300
2012-06-01,13.027338027954102,16.81999969482422,16.969999313354492,16.600000381469727,16.75,8327500
2012-06-04,12.94213581085205,16.709999084472656,16.989999771118164,16.530000686645508,16.850000381469727,8355200
2012-06-05,13.16675090789795,17.0,17.139999389648438,16.700000762939453,16.729999542236328,6603500
2012-06-06,13.538518905639648,17.479999542236328,17.520000457763672,17.049999237060547,17.110000610351562,6467500
2012-06-07,12.833707809448242,16.56999969482422,17.3799991607666,16.469999313354492,17.260000228881836,16384900
2012-06-08,13.08155345916748,16.889999389648438,16.969999313354492,16.5,16.670000076293945,13155900
2012-06-11,12.702041625976562,16.399999618530273,17.149999618530273,16.3799991607666,17.010000228881836,9049900
2012-06-12,12.864686012268066,16.610000610351562,16.719999313354492,16.329999923706055,16.65999984741211,9365000
2012-06-13,12.671061515808104,16.360000610351562,16.799999237060547,16.229999542236328,16.59000015258789,12029100
2012-06-14,12.547138214111328,16.200000762939453,16.420000076293945,15.949999809265137,16.360000610351562,10244000
2012-06-15,12.7252779006958,16.43000030517578,16.440000534057617,16.079999923706055,16.170000076293945,9451600
2012-06-18,12.66331386566162,16.350000381469727,16.459999084472656,16.200000762939453,16.31999969482422,7693300
2012-06-19,12.748510360717772,16.459999084472656,16.700000762939453,16.360000610351562,16.440000534057617,9354400
2012-06-20,12.957629203796388,16.729999542236328,16.84000015258789,16.420000076293945,16.5,6601500
2012-06-21,12.29929256439209,15.880000114440918,16.700000762939453,15.81999969482422,16.610000610351562,9336900
2012-06-22,12.423216819763184,16.040000915527344,16.149999618530273,15.81999969482422,15.960000038146973,14238300
2012-06-25,12.074685096740724,15.59000015258789,15.8100004196167,15.420000076293944,15.8100004196167,4682700
2012-06-26,11.9662504196167,15.449999809265137,15.699999809265137,15.34000015258789,15.56999969482422,6165500
2012-06-27,12.066938400268556,15.579999923706056,15.68000030517578,15.350000381469728,15.420000076293944,5057300
2012-06-28,12.028210639953612,15.529999732971191,15.68000030517578,15.3100004196167,15.43000030517578,6840100
2012-06-29,12.63233470916748,16.309999465942383,16.31999969482422,15.739999771118164,15.75,6761700
2012-07-02,12.276056289672852,15.850000381469728,16.25,15.75,16.239999771118164,4336300
2012-07-03,12.50066375732422,16.139999389648438,16.219999313354492,15.829999923706056,15.869999885559082,1852400
2012-07-05,12.492920875549316,16.1299991607666,16.350000381469727,15.90999984741211,16.049999237060547,3825600
2012-07-06,12.066938400268556,15.579999923706056,15.890000343322754,15.40999984741211,15.869999885559082,4621700
2012-07-09,11.772621154785156,15.199999809265137,15.510000228881836,15.079999923706056,15.510000228881836,4945900
2012-07-10,11.493796348571776,14.84000015258789,15.59000015258789,14.760000228881836,15.329999923706056,6576200
2012-07-11,11.36987590789795,14.68000030517578,15.0,14.520000457763672,14.789999961853027,7033900
2012-07-12,11.238208770751951,14.510000228881836,14.640000343322754,14.170000076293944,14.529999732971191,9233400
2012-07-13,11.230463981628418,14.5,14.710000038146973,14.4399995803833,14.56999969482422,5340800
2012-07-16,11.067818641662598,14.289999961853027,14.550000190734863,14.199999809265137,14.449999809265137,6956100
2012-07-17,11.052326202392578,14.270000457763672,14.369999885559082,14.010000228881836,14.31999969482422,5969800
2012-07-18,11.780370712280272,15.210000038146973,15.390000343322754,14.239999771118164,14.25,10232700
2012-07-19,12.268312454223633,15.84000015258789,15.859999656677246,15.300000190734863,15.3100004196167,11098600
2012-07-20,12.121155738830566,15.649999618530272,15.949999809265137,15.510000228881836,15.720000267028809,9918200
2012-07-23,11.78811264038086,15.220000267028809,15.300000190734863,14.68000030517578,15.270000457763672,5740800
2012-07-24,11.47830581665039,14.81999969482422,15.18000030517578,14.550000190734863,15.09000015258789,14828900
2012-07-25,12.77948760986328,16.5,17.0,15.93000030517578,16.049999237060547,21426500
2012-07-26,13.035083770751951,16.829999923706055,16.979999542236328,16.3700008392334,16.639999389648438,13488100
2012-07-27,13.77861499786377,17.790000915527344,17.969999313354492,16.790000915527344,16.989999771118164,16051300
2012-07-30,13.592730522155762,17.549999237060547,17.989999771118164,17.309999465942383,17.690000534057617,10535000
2012-07-31,13.577241897583008,17.530000686645508,17.770000457763672,17.209999084472656,17.56999969482422,10080400
2012-08-01,13.716651916503906,17.709999084472656,18.059999465942383,16.18000030517578,17.520000457763672,41379900
2012-08-02,13.615968704223633,17.579999923706055,17.920000076293945,17.18000030517578,17.329999923706055,13997300
2012-08-03,14.003226280212402,18.07999992370605,18.13999938964844,17.68000030517578,17.860000610351562,7758700
2012-08-06,14.429211616516112,18.6299991607666,18.709999084472656,18.13999938964844,18.15999984741211,10736500
2012-08-07,14.75450611114502,19.049999237060547,19.31999969482422,18.700000762939453,18.700000762939453,10480700
2012-08-08,14.537641525268556,18.770000457763672,19.229999542236328,18.68000030517578,18.979999542236328,6264400
2012-08-09,15.02558135986328,19.39999961853028,19.57999992370605,18.729999542236328,18.799999237060547,10935300
2012-08-10,14.90166473388672,19.239999771118164,19.32999992370605,19.01000022888184,19.229999542236328,6460800
2012-08-13,14.653820037841797,18.920000076293945,19.299999237060547,18.729999542236328,19.14999961853028,5617600
2012-08-14,13.99548053741455,18.06999969482422,18.940000534057617,17.90999984741211,18.940000534057617,12969300
2012-08-15,14.282054901123049,18.440000534057617,18.57999992370605,18.18000030517578,18.18000030517578,8980200
2012-08-16,14.398228645324709,18.59000015258789,19.06999969482422,18.57999992370605,18.8700008392334,9924500
2012-08-17,14.289801597595217,18.450000762939453,18.770000457763672,18.3700008392334,18.57999992370605,7420000
2012-08-20,14.196850776672363,18.32999992370605,18.59000015258789,18.18000030517578,18.38999938964844,7429600
2012-08-21,14.096165657043455,18.200000762939453,18.61000061035156,18.13999938964844,18.34000015258789,7862600
2012-08-22,14.14263916015625,18.26000022888184,18.34000015258789,17.959999084472656,18.11000061035156,7633800
2012-08-23,14.119402885437012,18.229999542236328,18.479999542236328,18.100000381469727,18.200000762939453,5887500
2012-08-24,13.73989200592041,17.739999771118164,18.190000534057617,17.649999618530273,18.13999938964844,7037400
2012-08-27,13.747637748718262,17.75,17.860000610351562,17.520000457763672,17.799999237060547,5786700
2012-08-28,14.204601287841797,18.34000015258789,18.459999084472656,17.549999237060547,17.670000076293945,10192900
2012-08-29,14.31302547454834,18.479999542236328,18.61000061035156,18.290000915527344,18.290000915527344,5072800
2012-08-30,13.747637748718262,17.75,18.1200008392334,17.559999465942383,18.11000061035156,7693700
2012-08-31,13.507538795471191,17.440000534057617,18.0,17.350000381469727,17.90999984741211,6567200
2012-09-04,13.701162338256836,17.690000534057617,17.889999389648438,17.309999465942383,17.3700008392334,7557500
2012-09-05,13.54626178741455,17.489999771118164,17.780000686645508,17.459999084472656,17.65999984741211,6356300
2012-09-06,14.119402885437012,18.229999542236328,18.36000061035156,17.799999237060547,17.829999923706055,9927500
2012-09-07,14.491168022155762,18.709999084472656,19.059999465942383,18.100000381469727,18.209999084472656,9822900
2012-09-10,14.103909492492676,18.209999084472656,18.739999771118164,18.200000762939453,18.739999771118164,5370300
2012-09-11,14.359504699707031,18.540000915527344,18.700000762939453,18.1299991607666,18.200000762939453,6043700
2012-09-12,14.971370697021484,19.32999992370605,19.40999984741211,18.61000061035156,18.65999984741211,10809800
2012-09-13,15.033329010009766,19.40999984741211,19.59000015258789,18.920000076293945,19.209999084472656,8727300
2012-09-14,14.971370697021484,19.32999992370605,20.0,19.25,19.38999938964844,7086800
2012-09-17,15.00235080718994,19.3700008392334,19.59000015258789,19.14999961853028,19.290000915527344,5073200
2012-09-18,14.669305801391602,18.940000534057617,19.299999237060547,18.850000381469727,19.299999237060547,5143700
2012-09-19,14.622832298278809,18.8799991607666,19.0,18.770000457763672,18.86000061035156,3925700
2012-09-20,14.390483856201172,18.57999992370605,18.82999992370605,18.520000457763672,18.75,4281700
2012-09-21,14.320778846740724,18.489999771118164,18.89999961853028,18.36000061035156,18.71999931335449,5851500
2012-09-24,14.150382995605469,18.270000457763672,18.38999938964844,18.1299991607666,18.270000457763672,3541400
2012-09-25,13.832833290100098,17.860000610351562,18.420000076293945,17.860000610351562,18.3700008392334,3732900
2012-09-26,13.461067199707031,17.3799991607666,17.889999389648438,17.149999618530273,17.799999237060547,6713900
2012-09-27,13.685673713684082,17.670000076293945,17.760000228881836,17.260000228881836,17.440000534057617,4357700
2012-09-28,13.251949310302734,17.110000610351562,17.5,17.100000381469727,17.440000534057617,9128600
2012-10-01,12.98861026763916,16.770000457763672,17.3799991607666,16.719999313354492,17.209999084472656,8919200
2012-10-02,12.957629203796388,16.729999542236328,17.030000686645508,16.6299991607666,16.940000534057617,8644800
2012-10-03,12.864686012268066,16.610000610351562,16.950000762939453,16.559999465942383,16.850000381469727,7479800
2012-10-04,12.934395790100098,16.700000762939453,16.829999923706055,16.3799991607666,16.739999771118164,7479300
2012-10-05,12.895669937133787,16.649999618530273,17.170000076293945,16.510000228881836,16.850000381469727,5854500
2012-10-08,12.864686012268066,16.610000610351562,16.8799991607666,16.34000015258789,16.540000915527344,3986600
2012-10-09,12.841452598571776,16.579999923706055,16.739999771118164,16.31999969482422,16.6299991607666,5767400
2012-10-10,12.66331386566162,16.350000381469727,16.709999084472656,16.290000915527344,16.600000381469727,5162700
2012-10-11,12.66331386566162,16.350000381469727,16.6299991607666,16.31999969482422,16.479999542236328,4622200
2012-10-12,12.66331386566162,16.350000381469727,16.40999984741211,16.100000381469727,16.34000015258789,6340200
2012-10-15,13.004104614257812,16.790000915527344,16.829999923706055,16.3799991607666,16.520000457763672,5376200
2012-10-16,13.538518905639648,17.479999542236328,17.649999618530273,16.809999465942383,16.860000610351562,11526100
2012-10-17,13.406850814819336,17.309999465942383,17.510000228881836,17.1200008392334,17.170000076293945,5874800
2012-10-18,14.096165657043455,18.200000762939453,19.21999931335449,17.719999313354492,18.36000061035156,25742400
2012-10-19,13.77861499786377,17.790000915527344,18.3799991607666,17.690000534057617,18.170000076293945,7933000
2012-10-22,13.716651916503906,17.709999084472656,17.889999389648438,17.489999771118164,17.639999389648438,5106900
2012-10-23,13.608223915100098,17.56999969482422,17.670000076293945,17.15999984741211,17.420000076293945,8294400
2012-10-24,12.38449001312256,15.989999771118164,17.579999923706055,15.90999984741211,17.579999923706055,20584000
2012-10-25,12.446449279785156,16.06999969482422,16.149999618530273,15.770000457763672,15.869999885559082,9083500
2012-10-26,12.841452598571776,16.579999923706055,16.700000762939453,15.899999618530272,15.970000267028809,11396200
2012-10-31,12.833707809448242,16.56999969482422,16.639999389648438,16.1200008392334,16.579999923706055,7825600
2012-11-01,13.375866889953612,17.270000457763672,17.3700008392334,16.450000762939453,16.559999465942383,9677600
2012-11-02,13.259692192077637,17.1200008392334,17.489999771118164,17.100000381469727,17.440000534057617,4511900
2012-11-05,13.507538795471191,17.440000534057617,17.530000686645508,16.709999084472656,16.8799991607666,6011400
2012-11-06,13.584985733032228,17.540000915527344,17.690000534057617,17.350000381469727,17.510000228881836,6249400
2012-11-07,13.763129234313965,17.770000457763672,18.530000686645508,17.260000228881836,18.229999542236328,14271800
2012-11-08,13.631458282470703,17.600000381469727,18.14999961853028,17.579999923706055,18.1200008392334,8348300
2012-11-09,13.670183181762695,17.649999618530273,17.829999923706055,17.3799991607666,17.510000228881836,7042400
2012-11-12,13.77861499786377,17.790000915527344,17.979999542236328,17.540000915527344,17.760000228881836,6147600
2012-11-13,13.437827110290527,17.350000381469727,17.68000030517578,17.329999923706055,17.65999984741211,7783000
2012-11-14,13.592730522155762,17.549999237060547,17.979999542236328,17.489999771118164,17.719999313354492,9323300
2012-11-15,13.089298248291016,16.899999618530273,17.709999084472656,16.850000381469727,17.610000610351562,8667500
2012-11-16,12.640080451965332,16.31999969482422,17.0,16.030000686645508,16.969999313354492,12329700
2012-11-19,12.671061515808104,16.360000610351562,16.799999237060547,16.239999771118164,16.440000534057617,6980200
2012-11-20,12.508415222167969,16.149999618530273,16.459999084472656,16.09000015258789,16.280000686645508,7767500
2012-11-21,12.55488109588623,16.209999084472656,16.360000610351562,16.1299991607666,16.229999542236328,6713400
2012-11-23,12.934395790100098,16.700000762939453,16.700000762939453,16.219999313354492,16.219999313354492,2711700
2012-11-26,13.019591331481934,16.809999465942383,16.8799991607666,16.530000686645508,16.639999389648438,4161500
2012-11-27,13.236457824707031,17.09000015258789,17.290000915527344,16.690000534057617,16.799999237060547,6268800
2012-11-28,13.77861499786377,17.790000915527344,17.8700008392334,16.920000076293945,17.010000228881836,13974300
2012-11-29,13.95675277709961,18.020000457763672,18.100000381469727,17.809999465942383,17.829999923706055,7126000
2012-11-30,13.925774574279783,17.979999542236328,18.07999992370605,17.760000228881836,18.0,6001600
2012-12-03,13.848321914672852,17.8799991607666,18.350000381469727,17.829999923706055,18.100000381469727,7584900
2012-12-04,13.95675277709961,18.020000457763672,18.299999237060547,17.969999313354492,18.100000381469727,11159600
2012-12-05,14.227835655212402,18.3700008392334,18.43000030517578,17.8700008392334,17.979999542236328,9727800
2012-12-06,14.79322910308838,19.100000381469727,19.170000076293945,18.270000457763672,18.270000457763672,13838900
2012-12-07,14.940389633178713,19.290000915527344,19.309999465942383,18.86000061035156,19.06999969482422,8737400
2012-12-10,14.932641983032228,19.280000686645508,19.530000686645508,19.190000534057617,19.299999237060547,7084800
2012-12-11,14.847445487976074,19.170000076293945,19.690000534057617,19.07999992370605,19.229999542236328,9157500
2012-12-12,14.692538261413574,18.96999931335449,19.34000015258789,18.920000076293945,19.290000915527344,5654500
2012-12-13,14.994600296020508,19.36000061035156,19.5,18.8799991607666,18.940000534057617,7734400
2012-12-14,15.172743797302246,19.59000015258789,19.950000762939453,19.07999992370605,19.25,6907000
2012-12-17,15.319906234741213,19.780000686645508,19.81999969482422,19.43000030517578,19.6200008392334,4820600
2012-12-18,15.69167137145996,20.26000022888184,20.280000686645508,19.709999084472656,19.71999931335449,7202100
2012-12-19,15.614216804504396,20.15999984741211,20.670000076293945,20.059999465942383,20.38999938964844,6679800
2012-12-20,15.761375427246094,20.350000381469727,20.479999542236328,19.89999961853028,20.1299991607666,5369300
2012-12-21,15.62196159362793,20.170000076293945,20.209999084472656,19.739999771118164,20.18000030517578,7791600
2012-12-24,15.49804401397705,20.01000022888184,20.06999969482422,19.420000076293945,19.700000762939453,1860200
2012-12-26,15.4050931930542,19.88999938964844,20.39999961853028,19.770000457763672,20.01000022888184,2943200
2012-12-27,15.327645301818848,19.790000915527344,19.950000762939453,19.43000030517578,19.93000030517578,4461300
2012-12-28,15.010089874267578,19.3799991607666,19.64999961853028,19.350000381469727,19.57999992370605,5152800
2012-12-31,15.234707832336426,19.670000076293945,19.780000686645508,19.209999084472656,19.420000076293945,7807400
2013-01-02,15.91627597808838,20.549999237060547,20.68000030517578,20.01000022888184,20.1299991607666,6104100
2013-01-03,15.62196159362793,20.170000076293945,20.700000762939453,20.11000061035156,20.479999542236328,6327500
2013-01-04,15.784608840942385,20.3799991607666,20.43000030517578,20.09000015258789,20.14999961853028,7089600
2013-01-07,15.606465339660645,20.14999961853028,20.32999992370605,19.979999542236328,20.299999237060547,5313400
2013-01-08,15.273432731628418,19.71999931335449,20.0,19.549999237060547,20.0,8334700
2013-01-09,15.451571464538574,19.950000762939453,20.040000915527344,19.600000381469727,19.709999084472656,5493900
2013-01-10,15.722640991210938,20.299999237060547,20.3700008392334,20.0,20.049999237060547,6546300
2013-01-11,16.001476287841797,20.65999984741211,20.700000762939453,20.280000686645508,20.299999237060547,6055500
2013-01-14,16.12539291381836,20.81999969482422,20.8700008392334,20.5,20.56999969482422,6698000
2013-01-15,16.272552490234375,21.01000022888184,21.030000686645508,20.440000534057617,20.670000076293945,6103300
2013-01-16,16.24931526184082,20.979999542236328,21.170000076293945,20.84000015258789,20.88999938964844,4727900
2013-01-17,16.481670379638672,21.280000686645508,21.850000381469727,21.030000686645508,21.46999931335449,6333200
2013-01-18,16.644317626953125,21.489999771118164,21.489999771118164,21.07999992370605,21.239999771118164,6021300
2013-01-22,16.652063369750977,21.5,21.989999771118164,21.3799991607666,21.420000076293945,6658000
2013-01-23,16.481670379638672,21.280000686645508,21.700000762939453,21.229999542236328,21.5,6856200
2013-01-24,16.652063369750977,21.5,21.690000534057617,21.1200008392334,21.18000030517578,9507100
2013-01-25,17.480798721313477,22.56999969482422,22.63999938964844,21.5,21.76000022888184,15485500
2013-01-28,17.194217681884766,22.200000762939453,22.850000381469727,22.190000534057617,22.57999992370605,10210900
2013-01-29,16.714019775390625,21.57999992370605,22.200000762939453,21.559999465942383,22.06999969482422,7833600
2013-01-30,16.714019775390625,21.57999992370605,21.84000015258789,21.520000457763672,21.520000457763672,5986500
2013-01-31,17.333633422851562,22.3799991607666,22.40999984741211,21.559999465942383,21.68000030517578,9455600
2013-02-01,17.28716468811035,22.31999969482422,22.530000686645508,22.200000762939453,22.31999969482422,7183400
2013-02-04,17.225204467773438,22.239999771118164,22.979999542236328,22.21999931335449,22.40999984741211,7785900
2013-02-05,17.341384887695312,22.38999938964844,22.65999984741211,22.270000457763672,22.36000061035156,4701000
2013-02-06,17.333633422851562,22.3799991607666,22.479999542236328,22.100000381469727,22.239999771118164,5360600
2013-02-07,17.325889587402344,22.3700008392334,22.43000030517578,22.100000381469727,22.34000015258789,4898700
2013-02-08,16.915395736694336,21.84000015258789,22.34000015258789,21.739999771118164,22.32999992370605,6260700
2013-02-11,16.814708709716797,21.709999084472656,22.020000457763672,21.670000076293945,21.8700008392334,3831200
2013-02-12,16.737266540527344,21.61000061035156,21.82999992370605,21.520000457763672,21.76000022888184,3770500
2013-02-13,16.783733367919922,21.670000076293945,21.739999771118164,21.290000915527344,21.59000015258789,5596700
2013-02-14,16.791475296020508,21.68000030517578,21.76000022888184,21.09000015258789,21.520000457763672,4892600
2013-02-15,16.93088722229004,21.86000061035156,21.8799991607666,21.450000762939453,21.729999542236328,5634800
2013-02-19,17.232946395874023,22.25,22.25,21.32999992370605,21.600000381469727,5465000
2013-02-20,16.814708709716797,21.709999084472656,22.290000915527344,21.690000534057617,22.18000030517578,3848700
2013-02-21,16.520397186279297,21.32999992370605,21.6299991607666,21.1200008392334,21.6299991607666,4742400
2013-02-22,16.61334228515625,21.450000762939453,21.63999938964844,21.26000022888184,21.540000915527344,2551500
2013-02-25,16.047937393188477,20.71999931335449,21.68000030517578,20.71999931335449,21.670000076293945,5502900
2013-02-26,15.846562385559082,20.459999084472656,20.96999931335449,20.1200008392334,20.82999992370605,11591300
2013-02-27,16.047937393188477,20.71999931335449,20.850000381469727,20.34000015258789,20.489999771118164,4954400
2013-02-28,16.016963958740234,20.68000030517578,20.989999771118164,20.520000457763672,20.670000076293945,5059500
2013-03-01,15.8698091506958,20.489999771118164,20.68000030517578,20.38999938964844,20.59000015258789,4359400
2013-03-04,15.590980529785156,20.1299991607666,20.51000022888184,20.049999237060547,20.5,5086800
2013-03-05,15.47480010986328,19.979999542236328,20.5,19.88999938964844,20.200000762939453,9396200
2013-03-06,15.583233833312988,20.1200008392334,20.36000061035156,20.020000457763672,20.1200008392334,6014400
2013-03-07,16.35775375366211,21.1200008392334,21.200000762939453,20.670000076293945,20.670000076293945,7511800
2013-03-08,16.024709701538086,20.690000534057617,21.270000457763672,20.61000061035156,21.21999931335449,5743700
2013-03-11,16.17960548400879,20.88999938964844,20.940000534057617,20.520000457763672,20.6200008392334,3537500
2013-03-12,16.086671829223633,20.770000457763672,20.989999771118164,20.700000762939453,20.790000915527344,2789300
2013-03-13,15.908533096313477,20.540000915527344,20.790000915527344,20.36000061035156,20.75,3594400
2013-03-14,15.885290145874023,20.51000022888184,21.040000915527344,20.43000030517578,20.75,3422000
2013-03-15,15.62196159362793,20.170000076293945,20.489999771118164,20.1200008392334,20.38999938964844,5591700
2013-03-18,15.65293788909912,20.209999084472656,20.309999465942383,19.01000022888184,19.07999992370605,12561100
2013-03-19,14.824210166931152,19.13999938964844,19.56999969482422,18.64999961853028,19.059999465942383,16883300
2013-03-20,14.955881118774414,19.309999465942383,19.3700008392334,18.82999992370605,18.84000015258789,6639600
2013-03-21,14.630577087402344,18.88999938964844,18.93000030517578,18.549999237060547,18.63999938964844,13210600
2013-03-22,14.498915672302246,18.71999931335449,19.13999938964844,18.63999938964844,18.989999771118164,7185800
2013-03-25,14.684800148010254,18.959999084472656,19.100000381469727,18.690000534057617,18.75,7459700
2013-03-26,14.444695472717283,18.64999961853028,19.059999465942383,18.51000022888184,19.059999465942383,8993900
2013-03-27,14.460186004638672,18.670000076293945,18.790000915527344,18.51000022888184,18.56999969482422,9203800
2013-03-28,14.359504699707031,18.540000915527344,18.780000686645508,18.46999931335449,18.65999984741211,7870000
2013-04-01,14.359504699707031,18.540000915527344,18.729999542236328,18.450000762939453,18.59000015258789,4722700
2013-04-02,14.150382995605469,18.270000457763672,18.729999542236328,18.25,18.61000061035156,5177400
2013-04-03,14.150382995605469,18.270000457763672,18.6200008392334,18.190000534057617,18.309999465942383,4539200
2013-04-04,14.034207344055176,18.1200008392334,18.32999992370605,17.93000030517578,18.32999992370605,5458300
2013-04-05,13.592730522155762,17.549999237060547,17.649999618530273,16.75,16.989999771118164,13042800
2013-04-08,13.809592247009276,17.829999923706055,17.889999389648438,17.520000457763672,17.850000381469727,4887300
2013-04-09,13.941262245178224,18.0,18.15999984741211,17.809999465942383,17.81999969482422,4160500
2013-04-10,14.5918550491333,18.84000015258789,19.049999237060547,18.1299991607666,18.170000076293945,11719700
2013-04-11,14.37498664855957,18.559999465942383,18.790000915527344,18.36000061035156,18.700000762939453,6622500
2013-04-12,14.498915672302246,18.71999931335449,18.739999771118164,18.25,18.479999542236328,5574700
2013-04-15,14.01871395111084,18.100000381469727,18.790000915527344,18.07999992370605,18.57999992370605,5733300
2013-04-16,14.049694061279297,18.13999938964844,18.34000015258789,17.90999984741211,18.239999771118164,5709500
2013-04-17,13.708913803100586,17.700000762939453,18.200000762939453,17.6299991607666,17.979999542236328,4896300
2013-04-18,13.414592742919922,17.31999969482422,17.84000015258789,17.25,17.790000915527344,4658700
2013-04-19,13.244196891784668,17.100000381469727,17.450000762939453,17.059999465942383,17.389999389648438,6323100
2013-04-22,13.259692192077637,17.1200008392334,17.239999771118164,16.93000030517578,17.100000381469727,4899400
2013-04-23,13.445574760437012,17.360000610351562,17.700000762939453,17.170000076293945,17.260000228881836,13911400
2013-04-24,12.152134895324709,15.6899995803833,16.459999084472656,15.619999885559082,16.139999389648438,34275200
2013-04-25,12.322531700134276,15.90999984741211,16.1299991607666,15.670000076293944,15.779999732971191,8979100
2013-04-26,12.229583740234377,15.789999961853027,15.960000038146973,15.760000228881836,15.859999656677246,7477600
2013-04-29,12.438705444335938,16.059999465942383,16.209999084472656,15.8100004196167,15.84000015258789,9656700
2013-04-30,12.81821632385254,16.549999237060547,16.850000381469727,16.010000228881836,16.059999465942383,11548400
2013-05-01,12.63233470916748,16.309999465942383,16.690000534057617,16.229999542236328,16.489999771118164,8188300
2013-05-02,12.624587059020996,16.299999237060547,16.469999313354492,16.229999542236328,16.360000610351562,8215600
2013-05-03,12.763998031616213,16.479999542236328,16.610000610351562,16.299999237060547,16.40999984741211,4585500
2013-05-06,13.11253261566162,16.93000030517578,16.969999313354492,16.479999542236328,16.56999969482422,10600400
2013-05-07,13.01184368133545,16.799999237060547,16.989999771118164,16.65999984741211,16.829999923706055,6358300
2013-05-08,13.391359329223633,17.290000915527344,17.31999969482422,16.670000076293945,16.68000030517578,8110100
2013-05-09,13.430084228515623,17.34000015258789,17.440000534057617,17.149999618530273,17.239999771118164,5318300
2013-05-10,13.445574760437012,17.360000610351562,17.520000457763672,17.219999313354492,17.389999389648438,5540500
2013-05-13,13.375866889953612,17.270000457763672,17.399999618530273,17.200000762939453,17.290000915527344,4583900
2013-05-14,13.244196891784668,17.100000381469727,17.329999923706055,17.09000015258789,17.299999237060547,8108700
2013-05-15,13.220964431762695,17.06999969482422,17.1299991607666,16.84000015258789,17.100000381469727,6714800
2013-05-16,13.77087116241455,17.780000686645508,18.020000457763672,17.489999771118164,17.700000762939453,11883400
2013-05-17,13.639204978942873,17.610000610351562,17.739999771118164,17.479999542236328,17.670000076293945,6355600
2013-05-20,13.615968704223633,17.579999923706055,17.719999313354492,17.469999313354492,17.579999923706055,4608900
2013-05-21,13.662432670593262,17.639999389648438,17.719999313354492,17.489999771118164,17.56999969482422,5003000
2013-05-22,13.492046356201172,17.420000076293945,17.65999984741211,17.34000015258789,17.6200008392334,9336500
2013-05-23,13.383611679077148,17.280000686645508,17.389999389648438,17.15999984741211,17.15999984741211,6993100
2013-05-24,13.437827110290527,17.350000381469727,17.3799991607666,17.149999618530273,17.239999771118164,5619200
2013-05-28,13.530770301818848,17.469999313354492,17.690000534057617,17.40999984741211,17.520000457763672,5003800
2013-05-29,13.933524131774902,17.989999771118164,18.07999992370605,17.389999389648438,17.40999984741211,9732400
2013-05-30,13.94900894165039,18.010000228881836,18.18000030517578,17.899999618530273,18.040000915527344,4434000
2013-05-31,13.732145309448242,17.729999542236328,18.059999465942383,17.729999542236328,17.93000030517578,4468600
2013-06-03,13.554006576538086,17.5,17.780000686645508,17.459999084472656,17.690000534057617,6157100
2013-06-04,13.468811988830566,17.389999389648438,17.56999969482422,17.31999969482422,17.40999984741211,5186100
2013-06-05,14.359504699707031,18.540000915527344,18.68000030517578,17.219999313354492,17.34000015258789,16774600
2013-06-06,14.305283546447754,18.46999931335449,19.100000381469727,18.190000534057617,18.75,9056700
2013-06-07,14.762248992919922,19.059999465942383,19.07999992370605,18.39999961853028,18.520000457763672,7675300
2013-06-10,14.739012718200684,19.030000686645508,19.14999961853028,18.799999237060547,19.059999465942383,7009000
2013-06-11,14.17361831665039,18.299999237060547,18.84000015258789,18.26000022888184,18.84000015258789,5604100
2013-06-12,14.243326187133787,18.38999938964844,18.700000762939453,18.290000915527344,18.43000030517578,4429400
2013-06-13,14.924898147583008,19.270000457763672,19.309999465942383,18.32999992370605,18.34000015258789,8390800
2013-06-14,14.75450611114502,19.049999237060547,19.6200008392334,18.96999931335449,19.21999931335449,6476700
2013-06-17,14.762248992919922,19.059999465942383,19.25,18.90999984741211,19.15999984741211,5061000
2013-06-18,14.816468238830566,19.1299991607666,19.32999992370605,19.09000015258789,19.09000015258789,4079800
2013-06-19,14.816468238830566,19.1299991607666,19.290000915527344,18.90999984741211,19.11000061035156,6259100
2013-06-20,14.86293601989746,19.190000534057617,19.43000030517578,18.96999931335449,19.06999969482422,10662900
2013-06-21,14.553130149841309,18.790000915527344,19.290000915527344,18.790000915527344,19.209999084472656,13577500
2013-06-24,14.320778846740724,18.489999771118164,18.63999938964844,18.049999237060547,18.520000457763672,6732300
2013-06-25,14.258813858032228,18.40999984741211,18.82999992370605,18.280000686645508,18.64999961853028,5290500
2013-06-26,14.297539710998535,18.459999084472656,18.549999237060547,18.190000534057617,18.549999237060547,4086100
2013-06-27,14.75450611114502,19.049999237060547,19.11000061035156,18.559999465942383,18.59000015258789,5317200
2013-06-28,14.955881118774414,19.309999465942383,19.350000381469727,18.780000686645508,19.049999237060547,9252200
2013-07-01,15.087542533874512,19.479999542236328,19.68000030517578,19.25,19.39999961853028,5371700
2013-07-02,14.816468238830566,19.1299991607666,19.479999542236328,19.020000457763672,19.450000762939453,3532100
2013-07-03,14.948129653930664,19.299999237060547,19.32999992370605,19.030000686645508,19.11000061035156,1702500
2013-07-05,15.18823528289795,19.61000061035156,19.6200008392334,19.299999237060547,19.40999984741211,2581300
2013-07-08,14.932641983032228,19.280000686645508,19.920000076293945,19.280000686645508,19.670000076293945,5783000
2013-07-09,15.234707832336426,19.670000076293945,19.729999542236328,19.3700008392334,19.3700008392334,2780800
2013-07-10,15.242446899414062,19.68000030517578,19.989999771118164,19.61000061035156,19.799999237060547,4332500
2013-07-11,15.614216804504396,20.15999984741211,20.190000534057617,19.86000061035156,19.8799991607666,4889200
2013-07-12,15.761375427246094,20.350000381469727,20.5,20.09000015258789,20.170000076293945,3425700
2013-07-15,15.838828086853027,20.450000762939453,20.790000915527344,20.25,20.32999992370605,3860500
2013-07-16,15.91627597808838,20.549999237060547,20.559999465942383,20.25,20.46999931335449,2490600
2013-07-17,16.063434600830078,20.739999771118164,20.920000076293945,20.36000061035156,20.5,3754700
2013-07-18,16.288043975830078,21.030000686645508,21.1200008392334,20.729999542236328,20.799999237060547,3361900
2013-07-19,16.295785903930664,21.040000915527344,21.239999771118164,20.88999938964844,20.959999084472656,3359200
2013-07-22,16.07118034362793,20.75,20.780000686645508,20.34000015258789,20.690000534057617,5802000
2013-07-23,16.52814483642578,21.34000015258789,21.43000030517578,20.6299991607666,20.850000381469727,13234300
2013-07-24,16.77598762512207,21.65999984741211,21.81999969482422,21.030000686645508,21.75,13000400
2013-07-25,17.093536376953125,22.06999969482422,22.11000061035156,21.670000076293945,21.690000534057617,7011300
2013-07-26,16.667556762695312,21.520000457763672,22.0,21.489999771118164,21.940000534057617,5946300
2013-07-29,16.652063369750977,21.5,21.65999984741211,21.34000015258789,21.450000762939453,4397200
2013-07-30,16.961872100830078,21.89999961853028,22.0,21.57999992370605,21.59000015258789,4632100
2013-07-31,16.783733367919922,21.670000076293945,22.0,21.549999237060547,21.8700008392334,5013600
2013-08-01,17.016084671020508,21.96999931335449,22.030000686645508,21.690000534057617,21.76000022888184,3754000
2013-08-02,16.88442039489746,21.799999237060547,21.950000762939453,21.71999931335449,21.8700008392334,2779100
2013-08-05,17.054813385009766,22.020000457763672,22.21999931335449,21.700000762939453,21.71999931335449,2659500
2013-08-06,17.031578063964844,21.989999771118164,22.18000030517578,21.75,21.979999542236328,3122000
2013-08-07,17.039321899414062,22.0,22.25,21.8799991607666,22.1299991607666,4556300
2013-08-08,17.163246154785156,22.15999984741211,22.190000534057617,21.950000762939453,22.09000015258789,2323400
2013-08-09,16.202848434448242,20.920000076293945,22.100000381469727,20.850000381469727,22.049999237060547,10973900
2013-08-12,15.947260856628418,20.59000015258789,20.700000762939453,20.43000030517578,20.670000076293945,12061800
2013-08-13,16.38873863220215,21.15999984741211,21.21999931335449,20.600000381469727,20.65999984741211,5045000
2013-08-14,16.342266082763672,21.100000381469727,21.32999992370605,21.040000915527344,21.170000076293945,2773800
2013-08-15,15.722640991210938,20.299999237060547,20.64999961853028,20.290000915527344,20.479999542236328,6000800
2013-08-16,15.83108139038086,20.440000534057617,20.61000061035156,20.299999237060547,20.31999969482422,3829000
2013-08-19,15.53675937652588,20.059999465942383,20.520000457763672,20.030000686645508,20.46999931335449,2939400
2013-08-20,15.730398178100586,20.309999465942383,20.57999992370605,20.06999969482422,20.11000061035156,3315400
2013-08-21,15.412842750549316,19.89999961853028,20.299999237060547,19.88999938964844,20.229999542236328,3314700
2013-08-22,15.42059326171875,19.90999984741211,20.13999938964844,19.75,19.93000030517578,4200200
2013-08-23,15.288918495178224,19.739999771118164,20.09000015258789,19.729999542236328,20.049999237060547,5836400
2013-08-26,15.118524551391602,19.520000457763672,19.88999938964844,19.46999931335449,19.729999542236328,6332200
2013-08-27,14.677048683166504,18.950000762939453,19.3799991607666,18.88999938964844,19.3700008392334,5678700
2013-08-28,14.72352123260498,19.01000022888184,19.209999084472656,18.940000534057617,18.96999931335449,3603100
2013-08-29,14.615092277526855,18.8700008392334,19.190000534057617,18.81999969482422,18.989999771118164,4104100
2013-08-30,14.638330459594728,18.89999961853028,19.11000061035156,18.709999084472656,18.940000534057617,5394100
2013-09-03,15.06431007385254,19.450000762939453,19.540000915527344,19.11000061035156,19.11000061035156,6630500
2013-09-04,16.047937393188477,20.71999931335449,20.799999237060547,19.459999084472656,19.549999237060547,10998300
2013-09-05,15.877551078796388,20.5,20.790000915527344,20.40999984741211,20.690000534057617,3629100
2013-09-06,16.133140563964844,20.82999992370605,21.020000457763672,20.479999542236328,20.64999961853028,4759300
2013-09-09,16.16412353515625,20.8700008392334,20.989999771118164,20.68000030517578,20.93000030517578,3304800
2013-09-10,16.3809871673584,21.14999961853028,21.200000762939453,20.86000061035156,20.959999084472656,3446600
2013-09-11,16.58236312866211,21.40999984741211,21.559999465942383,21.100000381469727,21.100000381469727,3846900
2013-09-12,16.38873863220215,21.15999984741211,21.57999992370605,21.13999938964844,21.450000762939453,3687800
2013-09-13,16.28029441833496,21.020000457763672,21.280000686645508,20.940000534057617,21.239999771118164,3550100
2013-09-16,16.311283111572266,21.059999465942383,21.25,20.979999542236328,21.209999084472656,3974400
2013-09-17,16.590099334716797,21.420000076293945,21.440000534057617,20.989999771118164,21.07999992370605,6257100
2013-09-18,16.77598762512207,21.65999984741211,21.76000022888184,21.36000061035156,21.3700008392334,5278400
2013-09-19,16.590099334716797,21.420000076293945,21.790000915527344,21.3700008392334,21.65999984741211,3325200
2013-09-20,16.257055282592773,20.989999771118164,21.5,20.90999984741211,21.440000534057617,5403000
2013-09-23,15.885290145874023,20.51000022888184,21.059999465942383,20.420000076293945,21.040000915527344,9362300
2013-09-24,15.645198822021484,20.200000762939453,20.40999984741211,20.059999465942383,20.229999542236328,8774100
2013-09-25,15.567747116088867,20.100000381469727,20.26000022888184,20.020000457763672,20.209999084472656,4122700
2013-09-26,15.606465339660645,20.14999961853028,20.709999084472656,20.100000381469727,20.18000030517578,3720000
2013-09-27,15.451571464538574,19.950000762939453,20.229999542236328,19.850000381469727,20.11000061035156,3823600
2013-09-30,15.38185977935791,19.86000061035156,20.18000030517578,19.64999961853028,19.76000022888184,4302500
2013-10-01,15.606465339660645,20.14999961853028,20.450000762939453,19.920000076293945,20.11000061035156,7529100
2013-10-02,15.629709243774414,20.18000030517578,20.299999237060547,19.96999931335449,19.979999542236328,3852400
2013-10-03,15.590980529785156,20.1299991607666,20.43000030517578,19.940000534057617,20.09000015258789,5489100
2013-10-04,16.14862823486328,20.850000381469727,20.96999931335449,20.059999465942383,20.1299991607666,5624400
2013-10-07,15.924019813537598,20.559999465942383,20.850000381469727,20.530000686645508,20.65999984741211,3568600
2013-10-08,15.784608840942385,20.3799991607666,20.770000457763672,20.15999984741211,20.549999237060547,4771500
2013-10-09,15.49804401397705,20.01000022888184,20.549999237060547,19.540000915527344,20.479999542236328,6641700
2013-10-10,15.49804401397705,20.01000022888184,20.31999969482422,19.93000030517578,20.209999084472656,7231800
2013-10-11,15.629709243774414,20.18000030517578,20.299999237060547,19.93000030517578,19.950000762939453,4180500
2013-10-14,15.962745666503906,20.61000061035156,20.61000061035156,20.020000457763672,20.06999969482422,3006400
2013-10-15,15.544507026672363,20.06999969482422,20.600000381469727,20.049999237060547,20.520000457763672,3513200
2013-10-16,16.288043975830078,21.030000686645508,21.14999961853028,20.57999992370605,20.600000381469727,8236500
2013-10-17,16.016963958740234,20.68000030517578,20.89999961853028,20.540000915527344,20.8700008392334,4724900
2013-10-18,16.12539291381836,20.81999969482422,20.950000762939453,20.64999961853028,20.940000534057617,4333200
2013-10-21,16.14862823486328,20.850000381469727,20.920000076293945,20.690000534057617,20.780000686645508,3342900
2013-10-22,15.769121170043944,20.36000061035156,21.39999961853028,20.26000022888184,20.34000015258789,12302200
2013-10-23,14.75450611114502,19.049999237060547,20.13999938964844,19.0,20.100000381469727,18849700
2013-10-24,14.398228645324709,18.59000015258789,19.18000030517578,18.520000457763672,19.030000686645508,13353400
2013-10-25,14.483427047729492,18.700000762939453,18.920000076293945,18.549999237060547,18.75,8565100
2013-10-28,14.59959888458252,18.850000381469727,18.920000076293945,18.6200008392334,18.709999084472656,6864200
2013-10-29,14.715778350830078,19.0,19.1200008392334,18.89999961853028,18.979999542236328,4165800
2013-10-30,14.467934608459473,18.68000030517578,19.14999961853028,18.57999992370605,19.040000915527344,5169800
2013-10-31,14.436951637268066,18.63999938964844,18.76000022888184,18.559999465942383,18.65999984741211,4589800
2013-11-01,14.31302547454834,18.479999542236328,18.729999542236328,18.36000061035156,18.68000030517578,4476000
2013-11-04,14.305283546447754,18.46999931335449,18.729999542236328,18.420000076293945,18.56999969482422,4590700
2013-11-05,14.37498664855957,18.559999465942383,18.700000762939453,18.38999938964844,18.420000076293945,3592600
2013-11-06,14.491168022155762,18.709999084472656,18.76000022888184,18.51000022888184,18.57999992370605,3974200
2013-11-07,14.467934608459473,18.68000030517578,18.84000015258789,18.600000381469727,18.71999931335449,6694900
2013-11-08,14.924898147583008,19.270000457763672,19.270000457763672,18.63999938964844,18.690000534057617,5699900
2013-11-11,14.769994735717772,19.06999969482422,19.299999237060547,18.850000381469727,19.270000457763672,5479900
2013-11-12,15.180487632751465,19.600000381469727,19.65999984741211,19.030000686645508,19.059999465942383,5713800
2013-11-13,14.940389633178713,19.290000915527344,19.559999465942383,19.15999984741211,19.459999084472656,8011300
2013-11-14,15.02558135986328,19.39999961853028,19.40999984741211,18.600000381469727,18.6200008392334,14097700
2013-11-15,15.366374015808104,19.84000015258789,20.11000061035156,19.39999961853028,19.440000534057617,15241900
2013-11-18,15.172743797302246,19.59000015258789,19.88999938964844,19.559999465942383,19.86000061035156,5329200
2013-11-19,15.02558135986328,19.39999961853028,19.57999992370605,19.21999931335449,19.559999465942383,14186100
2013-11-20,15.412842750549316,19.89999961853028,20.01000022888184,19.459999084472656,19.489999771118164,12241900
2013-11-21,15.590980529785156,20.1299991607666,20.15999984741211,19.780000686645508,19.950000762939453,10160700
2013-11-22,15.924019813537598,20.559999465942383,20.71999931335449,20.100000381469727,20.15999984741211,10905700
2013-11-25,15.8698091506958,20.489999771118164,20.61000061035156,20.18000030517578,20.61000061035156,8021400
2013-11-26,15.637453079223633,20.190000534057617,20.540000915527344,20.18000030517578,20.489999771118164,10249900
2013-11-27,15.753623008728027,20.34000015258789,20.459999084472656,20.25,20.299999237060547,8596300
2013-11-29,15.69941520690918,20.270000457763672,20.450000762939453,20.270000457763672,20.34000015258789,2611100
2013-12-02,15.730398178100586,20.309999465942383,20.40999984741211,20.11000061035156,20.270000457763672,4954200
2013-12-03,15.776865005493164,20.3700008392334,20.540000915527344,20.15999984741211,20.229999542236328,10438900
2013-12-04,16.140886306762695,20.84000015258789,20.88999938964844,20.200000762939453,20.229999542236328,10695100
2013-12-05,16.535890579223633,21.350000381469727,21.46999931335449,20.790000915527344,20.8799991607666,12171400
2013-12-06,16.783733367919922,21.670000076293945,21.770000457763672,21.26000022888184,21.5,16086200
2013-12-09,16.791475296020508,21.68000030517578,22.020000457763672,21.6200008392334,21.68000030517578,11273500
2013-12-10,16.72177505493164,21.59000015258789,21.90999984741211,21.3799991607666,21.59000015258789,7698400
2013-12-11,16.512649536132812,21.31999969482422,21.809999465942383,21.280000686645508,21.540000915527344,7338000
2013-12-12,15.985981941223145,20.63999938964844,21.309999465942383,20.56999969482422,21.309999465942383,10518400
2013-12-13,16.009218215942383,20.670000076293945,20.8700008392334,20.57999992370605,20.790000915527344,6037000
2013-12-16,16.295785903930664,21.040000915527344,21.13999938964844,20.76000022888184,20.809999465942383,6579100
2013-12-17,16.233829498291016,20.959999084472656,21.31999969482422,20.950000762939453,21.01000022888184,5566600
2013-12-18,16.489416122436523,21.290000915527344,21.299999237060547,20.709999084472656,20.920000076293945,8556400
2013-12-19,16.419713973999023,21.200000762939453,21.420000076293945,21.18000030517578,21.229999542236328,6896000
2013-12-20,16.861183166503906,21.770000457763672,21.809999465942383,21.239999771118164,21.290000915527344,11847300
2013-12-23,16.791475296020508,21.68000030517578,21.920000076293945,21.6299991607666,21.84000015258789,6009000
2013-12-24,16.892160415649414,21.809999465942383,21.88999938964844,21.46999931335449,21.46999931335449,2733000
2013-12-26,16.96961784362793,21.90999984741211,22.0,21.809999465942383,21.86000061035156,2942800
2013-12-27,17.209716796875,22.21999931335449,22.299999237060547,21.90999984741211,21.940000534057617,3647100
2013-12-30,17.44981575012207,22.530000686645508,22.690000534057617,22.1299991607666,22.200000762939453,5465600
2013-12-31,17.480798721313477,22.56999969482422,22.709999084472656,22.459999084472656,22.57999992370605,3299500
2014-01-02,17.41108512878418,22.479999542236328,22.64999961853028,22.280000686645508,22.56999969482422,5653500
2014-01-03,17.635698318481445,22.770000457763672,22.81999969482422,22.39999961853028,22.549999237060547,4879800
2014-01-06,17.519521713256836,22.6200008392334,22.89999961853028,22.61000061035156,22.770000457763672,8412800
2014-01-07,17.55050277709961,22.65999984741211,22.790000915527344,22.40999984741211,22.690000534057617,10464500
2014-01-08,17.751874923706055,22.920000076293945,22.979999542236328,22.64999961853028,22.700000762939453,12018700
2014-01-09,17.68216896057129,22.82999992370605,22.950000762939453,22.520000457763672,22.940000534057617,12526500
2014-01-10,18.232074737548828,23.540000915527344,23.93000030517578,22.540000915527344,22.920000076293945,20688700
2014-01-13,19.610715866088867,25.31999969482422,25.959999084472656,24.799999237060547,25.06999969482422,36753200
2014-01-14,19.688167572021484,25.420000076293945,25.690000534057617,25.06999969482422,25.63999938964844,12088900
2014-01-15,20.044437408447266,25.8799991607666,25.959999084472656,25.3700008392334,25.3700008392334,6847800
2014-01-16,19.97473526000977,25.790000915527344,25.959999084472656,25.709999084472656,25.799999237060547,3798600
2014-01-17,20.13737869262696,26.0,26.030000686645508,25.65999984741211,25.850000381469727,6603600
2014-01-21,20.160619735717773,26.030000686645508,26.520000457763672,25.8700008392334,26.11000061035156,5969800
2014-01-22,20.27679252624512,26.18000030517578,26.25,25.780000686645508,26.15999984741211,5579900
2014-01-23,20.14512634277344,26.01000022888184,26.36000061035156,25.690000534057617,25.93000030517578,12223800
2014-01-24,21.46954727172852,27.71999931335449,28.75,27.549999237060547,27.63999938964844,38419000
2014-01-27,21.624452590942383,27.920000076293945,28.040000915527344,27.46999931335449,27.799999237060547,13621000
2014-01-28,21.30689811706543,27.51000022888184,27.59000015258789,27.11000061035156,27.3700008392334,10868800
2014-01-29,21.477293014526367,27.729999542236328,28.0,27.299999237060547,27.31999969482422,9525300
2014-01-30,21.585723876953125,27.8700008392334,28.030000686645508,27.479999542236328,28.030000686645508,6548100
2014-01-31,20.609834671020508,26.61000061035156,27.59000015258789,26.559999465942383,27.3700008392334,16100200
2014-02-03,20.40846061706543,26.350000381469727,26.979999542236328,26.229999542236328,26.38999938964844,11248200
2014-02-04,20.726015090942383,26.76000022888184,26.959999084472656,26.3700008392334,26.479999542236328,8717100
2014-02-05,20.741498947143555,26.780000686645508,26.93000030517578,26.18000030517578,26.700000762939453,7458200
2014-02-06,20.919639587402344,27.01000022888184,27.520000457763672,26.8799991607666,26.920000076293945,6092600
2014-02-07,21.105527877807617,27.25,27.270000457763672,26.790000915527344,26.979999542236328,7409500
2014-02-10,21.477293014526367,27.729999542236328,27.770000457763672,27.13999938964844,27.15999984741211,7966100
2014-02-11,21.423080444335938,27.65999984741211,27.799999237060547,27.3799991607666,27.670000076293945,5553200
2014-02-12,20.98935317993164,27.100000381469727,27.850000381469727,26.96999931335449,27.51000022888184,8012200
2014-02-13,21.275917053222656,27.46999931335449,27.479999542236328,26.81999969482422,26.850000381469727,8817900
2014-02-14,21.23719787597656,27.420000076293945,27.670000076293945,27.31999969482422,27.51000022888184,5299300
2014-02-18,21.26817512512207,27.459999084472656,27.790000915527344,27.14999961853028,27.32999992370605,5832000
2014-02-19,21.066801071166992,27.200000762939453,27.5,27.07999992370605,27.38999938964844,6197400
2014-02-20,21.22945022583008,27.40999984741211,28.38999938964844,27.18000030517578,27.479999542236328,18045100
2014-02-21,21.647687911987305,27.950000762939453,28.13999938964844,27.600000381469727,28.01000022888184,17581700
2014-02-24,21.361114501953125,27.57999992370605,28.040000915527344,26.6200008392334,27.540000915527344,10857400
2014-02-25,20.981603622436523,27.09000015258789,27.82999992370605,27.030000686645508,27.6200008392334,6697300
2014-02-26,20.82670211791992,26.88999938964844,27.11000061035156,26.700000762939453,26.71999931335449,6603000
2014-02-27,20.919639587402344,27.01000022888184,27.100000381469727,26.770000457763672,26.8700008392334,5623500
2014-02-28,20.71052360534668,26.739999771118164,27.14999961853028,26.280000686645508,26.989999771118164,15813600
2014-03-03,20.516889572143555,26.489999771118164,26.690000534057617,26.280000686645508,26.530000686645508,5277600
2014-03-04,20.338754653930664,26.26000022888184,26.690000534057617,26.1200008392334,26.559999465942383,13212000
2014-03-05,20.4239559173584,26.3700008392334,26.6200008392334,26.270000457763672,26.350000381469727,6307600
2014-03-06,20.478172302246094,26.440000534057617,26.71999931335449,26.3700008392334,26.489999771118164,5732900
2014-03-07,20.338754653930664,26.26000022888184,26.6200008392334,26.14999961853028,26.450000762939453,7407000
2014-03-10,20.354246139526367,26.280000686645508,26.479999542236328,25.950000762939453,26.280000686645508,7506800
2014-03-11,19.66493034362793,25.38999938964844,26.40999984741211,25.32999992370605,26.239999771118164,14671100
2014-03-12,19.734634399414062,25.479999542236328,25.63999938964844,25.209999084472656,25.3799991607666,11688000
2014-03-13,19.44806671142578,25.11000061035156,25.670000076293945,25.09000015258789,25.559999465942383,7386400
2014-03-14,19.84305763244629,25.6200008392334,25.790000915527344,25.11000061035156,25.1299991607666,7558800
2014-03-17,19.641691207885746,25.36000061035156,25.46999931335449,25.15999984741211,25.200000762939453,9719400
2014-03-18,20.06767463684082,25.90999984741211,25.959999084472656,25.350000381469727,25.38999938964844,5548000
2014-03-19,20.485912322998047,26.450000762939453,26.63999938964844,26.200000762939453,26.290000915527344,7602500
2014-03-20,20.501407623291016,26.46999931335449,26.790000915527344,26.14999961853028,26.15999984741211,4851400
2014-03-21,20.10639762878418,25.959999084472656,26.799999237060547,25.90999984741211,26.71999931335449,7848000
2014-03-24,20.005708694458008,25.82999992370605,26.18000030517578,25.600000381469727,25.93000030517578,5614800
2014-03-25,20.292285919189453,26.200000762939453,26.39999961853028,25.84000015258789,25.93000030517578,5513800
2014-03-26,19.9050235748291,25.700000762939453,26.3700008392334,25.670000076293945,26.26000022888184,5709500
2014-03-27,19.61845588684082,25.32999992370605,25.940000534057617,25.31999969482422,25.64999961853028,4694000
2014-03-28,19.84305763244629,25.6200008392334,25.93000030517578,25.32999992370605,25.3700008392334,4239900
2014-03-31,19.95150184631348,25.76000022888184,26.0,25.64999961853028,25.65999984741211,4030700
2014-04-01,20.470428466796875,26.43000030517578,26.540000915527344,25.86000061035156,25.86000061035156,5957300
2014-04-02,20.40846061706543,26.350000381469727,26.57999992370605,26.26000022888184,26.43000030517578,3812200
2014-04-03,20.756994247436523,26.799999237060547,26.8799991607666,26.280000686645508,26.31999969482422,6303000
2014-04-04,20.059932708740234,25.89999961853028,26.8799991607666,25.81999969482422,26.84000015258789,7460400
2014-04-07,19.61845588684082,25.32999992370605,25.790000915527344,25.190000534057617,25.75,8463100
2014-04-08,19.556495666503903,25.25,25.530000686645508,25.020000457763672,25.32999992370605,8225300
2014-04-09,19.602968215942383,25.309999465942383,25.489999771118164,24.950000762939453,25.3700008392334,8534300
2014-04-10,19.24669075012207,24.850000381469727,25.479999542236328,24.84000015258789,25.479999542236328,7647000
2014-04-11,18.812957763671875,24.290000915527344,25.040000915527344,24.280000686645508,24.799999237060547,8927900
2014-04-14,19.12277030944824,24.690000534057617,24.8700008392334,24.209999084472656,24.46999931335449,7932400
2014-04-15,19.277671813964844,24.88999938964844,24.950000762939453,24.18000030517578,24.809999465942383,7184000
2014-04-16,19.401592254638672,25.049999237060547,25.5,24.86000061035156,25.0,7926600
2014-04-17,19.494529724121094,25.170000076293945,25.31999969482422,24.86000061035156,25.020000457763672,9636900
2014-04-21,19.688167572021484,25.420000076293945,25.600000381469727,25.020000457763672,25.100000381469727,5225800
2014-04-22,20.052186965942383,25.88999938964844,26.1299991607666,25.3700008392334,25.56999969482422,9651800
2014-04-23,19.25443458557129,24.86000061035156,25.40999984741211,24.450000762939453,25.39999961853028,18234600
2014-04-24,19.54875564575196,25.239999771118164,25.420000076293945,24.6200008392334,25.190000534057617,12027100
2014-04-25,18.96011734008789,24.479999542236328,25.15999984741211,24.479999542236328,25.1200008392334,7907100
2014-04-28,18.611587524414062,24.030000686645508,24.709999084472656,23.809999465942383,24.61000061035156,10258900
2014-04-29,18.805213928222656,24.280000686645508,24.459999084472656,24.100000381469727,24.100000381469727,6498700
2014-04-30,19.12277030944824,24.690000534057617,24.75,24.209999084472656,24.280000686645508,6353400
2014-05-01,19.293163299560547,24.90999984741211,25.25,24.670000076293945,24.739999771118164,5829100
2014-05-02,19.169239044189453,24.75,25.1200008392334,24.739999771118164,24.90999984741211,5106300
2014-05-05,19.20796203613281,24.799999237060547,24.89999961853028,24.530000686645508,24.63999938964844,3811500
2014-05-06,19.053062438964844,24.600000381469727,24.920000076293945,24.549999237060547,24.729999542236328,4127100
2014-05-07,19.10727882385254,24.670000076293945,24.700000762939453,24.270000457763672,24.59000015258789,4955500
2014-05-08,19.084043502807617,24.63999938964844,25.14999961853028,24.540000915527344,24.65999984741211,4703900
2014-05-09,19.053062438964844,24.600000381469727,24.670000076293945,24.25,24.6299991607666,3959300
2014-05-12,19.192476272583008,24.780000686645508,25.1200008392334,24.709999084472656,24.739999771118164,4097600
2014-05-13,19.26218605041504,24.8700008392334,24.940000534057617,24.65999984741211,24.809999465942383,5661200
2014-05-14,19.06080818176269,24.61000061035156,25.049999237060547,24.459999084472656,24.84000015258789,7970200
2014-05-15,19.138256072998047,24.709999084472656,25.11000061035156,24.46999931335449,24.96999931335449,6654300
2014-05-16,18.90590476989746,24.40999984741211,24.75,24.299999237060547,24.729999542236328,7851900
2014-05-19,19.068553924560547,24.6200008392334,24.86000061035156,24.3700008392334,24.3700008392334,6889100
2014-05-20,18.82844924926757,24.309999465942383,24.709999084472656,24.309999465942383,24.600000381469727,8053500
2014-05-21,19.04530906677246,24.59000015258789,24.68000030517578,24.290000915527344,24.38999938964844,6744700
2014-05-22,19.13051414489746,24.700000762939453,24.82999992370605,24.56999969482422,24.59000015258789,5476100
2014-05-23,19.192476272583008,24.780000686645508,24.979999542236328,24.63999938964844,24.75,5661900
2014-05-27,19.378353118896484,25.020000457763672,25.239999771118164,24.850000381469727,24.89999961853028,7563600
2014-05-28,19.541004180908203,25.229999542236328,25.43000030517578,25.030000686645508,25.09000015258789,9126000
2014-05-29,19.711400985717773,25.450000762939453,25.700000762939453,25.39999961853028,25.39999961853028,7077800
2014-05-30,18.94463157653809,24.459999084472656,25.459999084472656,24.38999938964844,25.440000534057617,10403300
2014-06-02,18.97560691833496,24.5,24.600000381469727,24.170000076293945,24.5,10145500
2014-06-03,18.991098403930664,24.520000457763672,24.670000076293945,24.40999984741211,24.43000030517578,6295100
2014-06-04,19.11502265930176,24.68000030517578,24.809999465942383,24.420000076293945,24.46999931335449,5640700
2014-06-05,19.20796203613281,24.799999237060547,25.0,24.549999237060547,25.0,5405100
2014-06-06,19.277671813964844,24.88999938964844,25.1299991607666,24.84000015258789,24.90999984741211,4334700
2014-06-09,19.161495208740234,24.739999771118164,25.059999465942383,24.700000762939453,24.8700008392334,3591100
2014-06-10,19.15374755859375,24.729999542236328,24.8799991607666,24.6299991607666,24.700000762939453,4437000
2014-06-11,19.09952735900879,24.65999984741211,24.809999465942383,24.61000061035156,24.709999084472656,3809800
2014-06-12,19.0762939453125,24.6299991607666,24.799999237060547,24.450000762939453,24.6299991607666,4470600
2014-06-13,19.04530906677246,24.59000015258789,24.64999961853028,24.39999961853028,24.549999237060547,6232700
2014-06-16,19.308652877807617,24.93000030517578,25.1200008392334,24.549999237060547,24.6200008392334,5653800
2014-06-17,19.51002311706543,25.190000534057617,25.350000381469727,24.84000015258789,24.850000381469727,4682300
2014-06-18,19.556495666503903,25.25,25.290000915527344,24.920000076293945,25.190000534057617,3604000
2014-06-19,18.75099372863769,24.209999084472656,25.11000061035156,24.200000762939453,25.09000015258789,14218600
2014-06-20,18.78972816467285,24.26000022888184,24.39999961853028,24.06999969482422,24.209999084472656,13231000
2014-06-23,18.92139434814453,24.43000030517578,24.540000915527344,24.190000534057617,24.26000022888184,4501100
2014-06-24,18.68903350830078,24.1299991607666,24.549999237060547,24.06999969482422,24.459999084472656,7089000
2014-06-25,18.69678497314453,24.13999938964844,24.299999237060547,23.96999931335449,24.07999992370605,6484700
2014-06-26,18.77423095703125,24.239999771118164,24.34000015258789,24.030000686645508,24.200000762939453,4280600
2014-06-27,18.952375411987305,24.46999931335449,24.57999992370605,24.13999938964844,24.21999931335449,6858000
2014-06-30,19.00658798217773,24.540000915527344,24.739999771118164,24.46999931335449,24.5,3589200
2014-07-01,18.97560691833496,24.5,24.729999542236328,24.440000534057617,24.63999938964844,4386800
2014-07-02,19.192476272583008,24.780000686645508,24.940000534057617,24.549999237060547,24.549999237060547,4135400
2014-07-03,19.09178733825684,24.64999961853028,24.959999084472656,24.64999961853028,24.950000762939453,2388700
2014-07-07,19.138256072998047,24.709999084472656,24.81999969482422,24.57999992370605,24.75,3200100
2014-07-08,18.65030860900879,24.07999992370605,24.61000061035156,24.020000457763672,24.600000381469727,6747400
2014-07-09,18.88266563415528,24.3799991607666,24.40999984741211,24.059999465942383,24.06999969482422,6444500
2014-07-10,18.89041328430176,24.38999938964844,24.5,24.01000022888184,24.13999938964844,3248800
2014-07-11,18.79747009277344,24.270000457763672,24.489999771118164,24.190000534057617,24.420000076293945,3040800
2014-07-14,18.68903350830078,24.1299991607666,24.36000061035156,24.059999465942383,24.31999969482422,3996300
2014-07-15,18.72001838684082,24.170000076293945,24.38999938964844,24.059999465942383,24.200000762939453,3203300
2014-07-16,18.456684112548828,23.82999992370605,24.350000381469727,23.780000686645508,24.239999771118164,6880000
2014-07-17,18.472177505493164,23.850000381469727,24.01000022888184,23.690000534057617,23.799999237060547,7795600
2014-07-18,18.588356018066406,24.0,24.100000381469727,23.89999961853028,24.0,4988300
2014-07-21,18.9368896484375,24.450000762939453,24.670000076293945,24.01000022888184,24.270000457763672,9647700
2014-07-22,19.22345542907715,24.81999969482422,25.190000534057617,24.59000015258789,24.59000015258789,10036100
2014-07-23,17.37236785888672,22.43000030517578,22.770000457763672,21.96999931335449,22.63999938964844,40636400
2014-07-24,17.976484298706055,23.209999084472656,23.32999992370605,22.39999961853028,22.440000534057617,13961500
2014-07-25,18.007461547851562,23.25,23.43000030517578,23.020000457763672,23.170000076293945,6462700
2014-07-28,18.371490478515625,23.71999931335449,23.739999771118164,23.13999938964844,23.40999984741211,7857600
2014-07-29,18.363746643066406,23.709999084472656,24.059999465942383,23.690000534057617,23.71999931335449,7472500
2014-07-30,18.371490478515625,23.71999931335449,24.0,23.65999984741211,23.84000015258789,5917700
2014-07-31,18.232074737548828,23.540000915527344,23.81999969482422,23.479999542236328,23.559999465942383,6580600
2014-08-01,18.022958755493164,23.270000457763672,23.549999237060547,23.15999984741211,23.40999984741211,6160500
2014-08-04,17.96874237060547,23.200000762939453,23.459999084472656,23.040000915527344,23.21999931335449,5802200
2014-08-05,18.053930282592773,23.309999465942383,23.3799991607666,23.059999465942383,23.13999938964844,4311600
2014-08-06,18.08491516113281,23.350000381469727,23.459999084472656,23.18000030517578,23.25,4122500
2014-08-07,17.813838958740234,23.0,23.5,22.989999771118164,23.450000762939453,4499700
2014-08-08,17.999727249145508,23.239999771118164,23.290000915527344,22.920000076293945,23.0,4478200
2014-08-11,18.06167984008789,23.31999969482422,23.450000762939453,23.18000030517578,23.290000915527344,4204500
2014-08-12,18.077173233032227,23.34000015258789,23.489999771118164,23.21999931335449,23.32999992370605,3943000
2014-08-13,18.263059616088867,23.57999992370605,23.75,23.3799991607666,23.43000030517578,5749600
2014-08-14,17.813838958740234,23.0,23.64999961853028,22.950000762939453,23.450000762939453,9829500
2014-08-15,17.806093215942383,22.989999771118164,23.18000030517578,22.90999984741211,23.100000381469727,7052700
2014-08-18,18.007461547851562,23.25,23.32999992370605,23.059999465942383,23.18000030517578,4663600
2014-08-19,18.348257064819336,23.690000534057617,23.690000534057617,23.21999931335449,23.26000022888184,6655100
2014-08-20,18.42570686340332,23.790000915527344,23.979999542236328,23.5,23.57999992370605,5867300
2014-08-21,18.580604553222656,23.989999771118164,24.100000381469727,23.64999961853028,23.799999237060547,5015600
2014-08-22,18.62707901000977,24.049999237060547,24.209999084472656,23.780000686645508,23.8700008392334,4155800
2014-08-25,18.39472961425781,23.75,24.18000030517578,23.6200008392334,24.13999938964844,2794000
2014-08-26,18.208839416503903,23.51000022888184,23.799999237060547,23.5,23.790000915527344,4511900
2014-08-27,17.991975784301758,23.229999542236328,23.709999084472656,23.209999084472656,23.540000915527344,5167300
2014-08-28,18.03087043762207,23.18000030517578,23.190000534057617,22.89999961853028,23.07999992370605,4385400
2014-08-29,18.03864479064941,23.190000534057617,23.270000457763672,23.01000022888184,23.26000022888184,5745300
2014-09-02,18.03864479064941,23.190000534057617,23.56999969482422,23.15999984741211,23.209999084472656,3804000
2014-09-03,17.98419761657715,23.1200008392334,23.25,23.030000686645508,23.229999542236328,5231200
2014-09-04,18.02309226989746,23.170000076293945,23.51000022888184,23.01000022888184,23.06999969482422,4143600
2014-09-05,18.14754676818848,23.32999992370605,23.420000076293945,23.059999465942383,23.059999465942383,6294500
2014-09-08,18.28756332397461,23.51000022888184,23.600000381469727,23.200000762939453,23.200000762939453,3888300
2014-09-09,18.16310691833496,23.350000381469727,23.549999237060547,23.299999237060547,23.489999771118164,3507900
2014-09-10,18.466472625732425,23.739999771118164,23.76000022888184,23.39999961853028,23.440000534057617,3244500
2014-09-11,18.43535041809082,23.700000762939453,23.71999931335449,23.309999465942383,23.71999931335449,4044900
2014-09-12,18.01531791687012,23.15999984741211,23.6299991607666,23.1299991607666,23.6299991607666,3854200
2014-09-15,17.914194107055664,23.030000686645508,23.13999938964844,22.600000381469727,23.1299991607666,7200500
2014-09-16,17.73527717590332,22.799999237060547,23.01000022888184,22.489999771118164,23.01000022888184,5942200
2014-09-17,17.750837326049805,22.81999969482422,23.020000457763672,22.739999771118164,22.84000015258789,3942800
2014-09-18,17.727502822875977,22.790000915527344,22.979999542236328,22.770000457763672,22.81999969482422,4968300
2014-09-19,17.603046417236328,22.6299991607666,22.90999984741211,22.51000022888184,22.82999992370605,13910400
2014-09-22,17.5797061920166,22.600000381469727,22.8799991607666,22.5,22.63999938964844,3857800
2014-09-23,17.525257110595703,22.530000686645508,22.739999771118164,22.51000022888184,22.6299991607666,4495800
2014-09-24,17.54081916809082,22.549999237060547,22.65999984741211,22.450000762939453,22.520000457763672,3585400
2014-09-25,17.237449645996094,22.15999984741211,22.549999237060547,22.07999992370605,22.520000457763672,4990800
2014-09-26,17.284120559692383,22.21999931335449,22.290000915527344,22.020000457763672,22.100000381469727,3018600
2014-09-29,17.253005981445312,22.18000030517578,22.21999931335449,21.89999961853028,22.09000015258789,3349400
2014-09-30,17.229671478271484,22.14999961853028,22.299999237060547,22.059999465942383,22.25,4164800
2014-10-01,16.864076614379883,21.68000030517578,22.1200008392334,21.63999938964844,22.100000381469727,7007900
2014-10-02,17.0741024017334,21.950000762939453,22.049999237060547,21.61000061035156,21.68000030517578,2903200
2014-10-03,17.1596622467041,22.059999465942383,22.209999084472656,21.93000030517578,22.0,2722800
2014-10-06,16.848520278930664,21.65999984741211,22.07999992370605,21.600000381469727,22.06999969482422,3176200
2014-10-07,16.56070899963379,21.290000915527344,21.799999237060547,21.25,21.6299991607666,5452400
2014-10-08,16.490703582763672,21.200000762939453,21.229999542236328,20.450000762939453,21.020000457763672,9068200
2014-10-09,16.288454055786133,20.940000534057617,21.1200008392334,20.729999542236328,21.1200008392334,7302200
2014-10-10,14.810511589050291,19.040000915527344,20.200000762939453,19.030000686645508,20.1200008392334,18728900
2014-10-13,14.444918632507324,18.56999969482422,19.100000381469727,18.549999237060547,18.959999084472656,10167300
2014-10-14,14.600491523742676,18.770000457763672,19.07999992370605,18.68000030517578,18.729999542236328,8181900
2014-10-15,14.88051986694336,19.1299991607666,19.170000076293945,18.40999984741211,18.540000915527344,9634600
2014-10-16,14.927196502685549,19.190000534057617,19.3799991607666,18.82999992370605,18.82999992370605,7666200
2014-10-17,15.152772903442385,19.479999542236328,19.6299991607666,19.309999465942383,19.3799991607666,6120600
2014-10-20,15.401693344116213,19.799999237060547,19.89999961853028,19.280000686645508,19.3700008392334,4820300
2014-10-21,15.69728183746338,20.18000030517578,20.26000022888184,19.76000022888184,19.850000381469727,6056000
2014-10-22,15.308348655700684,19.68000030517578,20.200000762939453,19.65999984741211,20.11000061035156,7058600
2014-10-23,15.806178092956545,20.31999969482422,20.3700008392334,19.780000686645508,19.90999984741211,8248100
2014-10-24,14.779401779174805,19.0,19.93000030517578,18.959999084472656,19.75,21215600
2014-10-27,15.339462280273438,19.71999931335449,19.81999969482422,18.809999465942383,18.989999771118164,13511900
2014-10-28,16.109546661376953,20.709999084472656,20.780000686645508,19.729999542236328,19.739999771118164,10626600
2014-10-29,16.30401039123535,20.959999084472656,21.030000686645508,20.520000457763672,20.64999961853028,11885400
2014-10-30,16.311790466308594,20.96999931335449,21.229999542236328,20.799999237060547,20.950000762939453,10288300
2014-10-31,16.389577865600586,21.06999969482422,21.309999465942383,20.84000015258789,21.18000030517578,11697200
2014-11-03,16.389577865600586,21.06999969482422,21.11000061035156,20.82999992370605,21.049999237060547,6262600
2014-11-04,16.48291778564453,21.190000534057617,21.229999542236328,20.950000762939453,21.1200008392334,4573800
2014-11-05,16.669614791870117,21.43000030517578,21.46999931335449,21.09000015258789,21.26000022888184,5069200
2014-11-06,16.80962562561035,21.61000061035156,21.670000076293945,21.40999984741211,21.450000762939453,5634300
2014-11-07,17.04298973083496,21.90999984741211,22.0,21.549999237060547,21.549999237060547,5231600
2014-11-10,16.724056243896484,21.5,21.700000762939453,21.18000030517578,21.18000030517578,6225800
2014-11-11,15.775065422058104,20.280000686645508,21.950000762939453,20.21999931335449,21.86000061035156,21582500
2014-11-12,16.234006881713867,20.8700008392334,20.959999084472656,20.1299991607666,20.18000030517578,9857200
2014-11-13,15.907307624816896,20.450000762939453,20.850000381469727,20.350000381469727,20.799999237060547,7385000
2014-11-14,16.327348709106445,20.989999771118164,21.020000457763672,20.39999961853028,20.40999984741211,5634700
2014-11-17,16.591827392578125,21.32999992370605,21.43000030517578,20.8799991607666,21.040000915527344,6537500
2014-11-18,16.786283493041992,21.57999992370605,21.709999084472656,21.190000534057617,21.270000457763672,5535100
2014-11-19,16.69293975830078,21.459999084472656,21.540000915527344,21.290000915527344,21.51000022888184,3808800
2014-11-20,16.63849639892578,21.38999938964844,21.489999771118164,21.18000030517578,21.350000381469727,3879800
2014-11-21,16.996313095092773,21.850000381469727,21.850000381469727,21.530000686645508,21.6299991607666,3685000
2014-11-24,17.151880264282227,22.049999237060547,22.07999992370605,21.71999931335449,21.84000015258789,4000300
2014-11-25,17.315231323242188,22.26000022888184,22.270000457763672,22.01000022888184,22.020000457763672,4853600
2014-11-26,17.268566131591797,22.200000762939453,22.290000915527344,22.1200008392334,22.229999542236328,5056200
2014-11-28,17.31544303894043,22.15999984741211,22.280000686645508,21.89999961853028,22.06999969482422,2035600
2014-12-01,17.002893447875977,21.76000022888184,22.09000015258789,21.670000076293945,22.09000015258789,5173500
2014-12-02,16.82317352294922,21.530000686645508,21.700000762939453,21.40999984741211,21.57999992370605,5902800
2014-12-03,17.432647705078125,22.309999465942383,22.32999992370605,21.59000015258789,21.6299991607666,5782200
2014-12-04,17.377952575683594,22.239999771118164,22.280000686645508,22.07999992370605,22.21999931335449,3891100
2014-12-05,17.45609474182129,22.34000015258789,22.3700008392334,22.059999465942383,22.170000076293945,4707600
2014-12-08,16.956008911132812,21.700000762939453,22.299999237060547,21.64999961853028,22.299999237060547,8064500
2014-12-09,17.073217391967773,21.850000381469727,21.8799991607666,21.34000015258789,21.450000762939453,4978600
2014-12-10,16.74504280090332,21.43000030517578,21.86000061035156,21.31999969482422,21.780000686645508,9297900
2014-12-11,16.698152542114258,21.3700008392334,21.71999931335449,21.34000015258789,21.59000015258789,4480200
2014-12-12,16.487178802490234,21.100000381469727,21.34000015258789,21.059999465942383,21.229999542236328,4702300
2014-12-15,16.61220932006836,21.26000022888184,21.5,21.13999938964844,21.299999237060547,8009700
2014-12-16,16.698152542114258,21.3700008392334,21.65999984741211,21.030000686645508,21.1200008392334,6489900
2014-12-17,16.73722267150879,21.420000076293945,21.56999969482422,21.229999542236328,21.39999961853028,5418800
2014-12-18,17.112287521362305,21.89999961853028,21.90999984741211,21.68000030517578,21.690000534057617,3909700
2014-12-19,17.565486907958984,22.479999542236328,22.479999542236328,21.979999542236328,22.059999465942383,8698600
2014-12-22,17.706138610839844,22.65999984741211,22.709999084472656,22.420000076293945,22.43000030517578,3255500
2014-12-23,17.823348999023438,22.809999465942383,23.100000381469727,22.63999938964844,22.670000076293945,3970500
2014-12-24,17.838970184326172,22.82999992370605,23.040000915527344,22.780000686645508,22.790000915527344,1338700
2014-12-26,17.760833740234375,22.729999542236328,22.979999542236328,22.71999931335449,22.8700008392334,1982600
2014-12-29,17.65144157409668,22.59000015258789,22.850000381469727,22.57999992370605,22.729999542236328,2569700
2014-12-30,17.71395492553711,22.670000076293945,22.790000915527344,22.459999084472656,22.57999992370605,1809600
2014-12-31,17.44046974182129,22.31999969482422,22.729999542236328,22.280000686645508,22.690000534057617,1884700
2015-01-02,17.542049407958984,22.450000762939453,22.57999992370605,22.239999771118164,22.459999084472656,2086500
2015-01-05,17.346704483032227,22.200000762939453,22.32999992370605,22.06999969482422,22.31999969482422,3806500
2015-01-06,17.104469299316406,21.88999938964844,22.21999931335449,21.739999771118164,22.190000534057617,4322000
2015-01-07,17.48735237121582,22.3799991607666,22.71999931335449,21.920000076293945,22.01000022888184,9811300
2015-01-08,17.995254516601562,23.030000686645508,23.100000381469727,22.600000381469727,22.61000061035156,5419100
2015-01-09,18.010873794555664,23.049999237060547,23.209999084472656,22.68000030517578,23.030000686645508,4157100
2015-01-12,17.542049407958984,22.450000762939453,22.850000381469727,22.38999938964844,22.850000381469727,5407100
2015-01-13,17.50298309326172,22.39999961853028,22.93000030517578,22.14999961853028,22.299999237060547,3540800
2015-01-14,17.385766983032227,22.25,22.34000015258789,21.729999542236328,22.200000762939453,6340800
2015-01-15,16.71377944946289,21.38999938964844,22.549999237060547,21.31999969482422,22.31999969482422,10812300
2015-01-16,16.901304244995117,21.6299991607666,21.68000030517578,21.239999771118164,21.3799991607666,3697100
2015-01-20,16.971637725830078,21.71999931335449,21.84000015258789,21.46999931335449,21.739999771118164,2824500
2015-01-21,17.065404891967773,21.84000015258789,21.88999938964844,21.3700008392334,21.549999237060547,2975200
2015-01-22,17.229488372802734,22.049999237060547,22.059999465942383,21.520000457763672,21.59000015258789,1765400
2015-01-23,17.1982364654541,22.01000022888184,22.3799991607666,21.96999931335449,22.040000915527344,2143300
2015-01-26,17.307632446289062,22.14999961853028,22.15999984741211,21.76000022888184,21.979999542236328,2149000
2015-01-27,17.05758285522461,21.82999992370605,22.030000686645508,21.729999542236328,21.82999992370605,5045200
2015-01-28,17.698322296142578,22.64999961853028,23.59000015258789,22.64999961853028,23.38999938964844,11988700
2015-01-29,17.745201110839844,22.709999084472656,22.989999771118164,22.489999771118164,22.709999084472656,6543100
2015-01-30,17.760833740234375,22.729999542236328,23.0,22.559999465942383,22.61000061035156,8003100
2015-02-02,17.62799072265625,22.559999465942383,22.82999992370605,22.14999961853028,22.729999542236328,5997100
2015-02-03,18.14371490478516,23.21999931335449,23.280000686645508,22.690000534057617,22.690000534057617,5460600
2015-02-04,17.768644332885742,22.739999771118164,23.479999542236328,22.700000762939453,23.059999465942383,5677300
2015-02-05,18.159343719482425,23.239999771118164,23.34000015258789,22.81999969482422,22.82999992370605,4228000
2015-02-06,18.30780792236328,23.43000030517578,23.61000061035156,23.239999771118164,23.239999771118164,5029400
2015-02-09,18.08901596069336,23.14999961853028,23.450000762939453,23.1299991607666,23.299999237060547,2727700
2015-02-10,18.065576553344727,23.1200008392334,23.32999992370605,22.86000061035156,23.299999237060547,3023300
2015-02-11,18.19841384887696,23.290000915527344,23.3799991607666,23.100000381469727,23.13999938964844,4044000
2015-02-12,18.479705810546875,23.64999961853028,23.940000534057617,23.40999984741211,23.43000030517578,4493400
2015-02-13,18.6281681060791,23.84000015258789,23.89999961853028,23.57999992370605,23.63999938964844,2504100
2015-02-17,18.69849395751953,23.93000030517578,23.950000762939453,23.68000030517578,23.81999969482422,2434200
2015-02-18,18.557838439941406,23.75,23.89999961853028,23.670000076293945,23.81999969482422,2411700
2015-02-19,18.75319099426269,24.0,24.09000015258789,23.6200008392334,23.729999542236328,3249400
2015-02-20,18.90946578979492,24.200000762939453,24.21999931335449,23.76000022888184,23.93000030517578,6472400
2015-02-23,18.85477638244629,24.1299991607666,24.13999938964844,23.88999938964844,24.1299991607666,4457100
2015-02-24,19.104814529418945,24.450000762939453,24.600000381469727,24.059999465942383,24.11000061035156,7337200
2015-02-25,19.14388084411621,24.5,24.56999969482422,24.36000061035156,24.43000030517578,4459500
2015-02-26,18.83913993835449,24.11000061035156,24.56999969482422,23.96999931335449,24.39999961853028,3836700
2015-02-27,18.76068115234375,23.90999984741211,24.14999961853028,23.82999992370605,23.950000762939453,4424400
2015-03-02,18.839136123657227,24.01000022888184,24.13999938964844,23.65999984741211,23.90999984741211,4595700
2015-03-03,18.737138748168945,23.8799991607666,23.940000534057617,23.63999938964844,23.799999237060547,3777100
2015-03-04,18.21143341064453,23.209999084472656,23.850000381469727,23.209999084472656,23.850000381469727,5087600
2015-03-05,18.16435432434082,23.14999961853028,23.540000915527344,23.09000015258789,23.31999969482422,3831700
2015-03-06,18.493900299072266,23.56999969482422,23.56999969482422,23.06999969482422,23.07999992370605,11625300
2015-03-09,18.768526077270508,23.920000076293945,24.489999771118164,23.799999237060547,24.3700008392334,9509700
2015-03-10,18.344820022583008,23.3799991607666,23.84000015258789,23.3799991607666,23.75,4574500
2015-03-11,18.38405418395996,23.43000030517578,23.6299991607666,23.39999961853028,23.39999961853028,4231000
2015-03-12,18.493900299072266,23.56999969482422,23.709999084472656,23.38999938964844,23.43000030517578,3322500
2015-03-13,18.38405418395996,23.43000030517578,23.549999237060547,23.13999938964844,23.520000457763672,3080700
2015-03-16,18.56452178955078,23.65999984741211,23.729999542236328,23.059999465942383,23.11000061035156,5093900
2015-03-17,18.43897819519043,23.5,23.670000076293945,23.309999465942383,23.31999969482422,4483700
2015-03-18,18.650829315185547,23.770000457763672,23.93000030517578,23.46999931335449,23.5,4478700
2015-03-19,18.55666923522949,23.64999961853028,23.90999984741211,23.63999938964844,23.63999938964844,3724600
2015-03-20,18.580209732055664,23.68000030517578,23.989999771118164,23.670000076293945,23.780000686645508,5766100
2015-03-23,18.713600158691406,23.850000381469727,24.01000022888184,23.68000030517578,23.75,2729900
2015-03-24,18.36051177978516,23.39999961853028,23.88999938964844,23.39999961853028,23.780000686645508,6038900
2015-03-25,17.81911277770996,22.709999084472656,23.5,22.700000762939453,23.420000076293945,4228200
2015-03-26,17.505252838134766,22.309999465942383,22.559999465942383,22.1299991607666,22.549999237060547,6027200
2015-03-27,17.489561080932617,22.290000915527344,22.46999931335449,22.190000534057617,22.299999237060547,4001700
2015-03-30,17.677879333496094,22.530000686645508,22.6200008392334,22.209999084472656,22.46999931335449,4450000
2015-03-31,17.717113494873047,22.57999992370605,22.670000076293945,22.43000030517578,22.450000762939453,3940300
2015-04-01,17.654335021972656,22.5,22.6299991607666,22.209999084472656,22.5,3832600
2015-04-02,17.717113494873047,22.57999992370605,22.68000030517578,22.43000030517578,22.51000022888184,3644900
2015-04-06,17.811269760131836,22.700000762939453,22.739999771118164,22.31999969482422,22.489999771118164,6025200
2015-04-07,18.376203536987305,23.420000076293945,23.65999984741211,22.700000762939453,22.729999542236328,6326500
2015-04-08,18.31343650817871,23.34000015258789,23.6200008392334,23.25,23.420000076293945,7304600
2015-04-09,18.572359085083008,23.670000076293945,23.729999542236328,23.26000022888184,23.3700008392334,5063000
2015-04-10,18.650829315185547,23.770000457763672,23.86000061035156,23.61000061035156,23.76000022888184,3746300
2015-04-13,18.517438888549805,23.600000381469727,23.950000762939453,23.59000015258789,23.770000457763672,3587900
2015-04-14,18.82345390319824,23.989999771118164,24.190000534057617,23.71999931335449,23.780000686645508,8376600
2015-04-15,19.12945938110352,24.3799991607666,24.479999542236328,24.09000015258789,24.3799991607666,10147500
2015-04-16,19.058837890625,24.290000915527344,24.489999771118164,24.18000030517578,24.270000457763672,5969400
2015-04-17,18.61944580078125,23.729999542236328,24.100000381469727,23.549999237060547,24.049999237060547,6149100
2015-04-20,18.941143035888672,24.13999938964844,24.15999984741211,23.739999771118164,23.89999961853028,3204100
2015-04-21,18.964677810668945,24.170000076293945,24.290000915527344,23.93000030517578,24.14999961853028,4276100
2015-04-22,19.137306213378903,24.38999938964844,24.450000762939453,23.780000686645508,24.25,5181900
2015-04-23,18.831296920776367,24.0,24.239999771118164,23.6200008392334,24.1299991607666,9061800
2015-04-24,20.51042366027832,26.13999938964844,26.270000457763672,25.670000076293945,25.700000762939453,18566600
2015-04-27,20.74581527709961,26.440000534057617,26.63999938964844,26.040000915527344,26.18000030517578,9979300
2015-04-28,21.05182266235352,26.82999992370605,26.93000030517578,26.14999961853028,26.299999237060547,6954100
2015-04-29,20.894893646240234,26.6299991607666,26.82999992370605,26.350000381469727,26.65999984741211,6384300
2015-04-30,20.737960815429688,26.43000030517578,26.700000762939453,26.280000686645508,26.459999084472656,3959200
2015-05-01,21.114591598510746,26.90999984741211,27.0,26.700000762939453,26.700000762939453,5920100
2015-05-04,21.240137100219727,27.06999969482422,27.09000015258789,26.8700008392334,26.89999961853028,3973700
2015-05-05,20.93412208557129,26.68000030517578,27.190000534057617,26.6200008392334,26.989999771118164,5360500
2015-05-06,20.92627716064453,26.670000076293945,27.059999465942383,26.51000022888184,26.84000015258789,4718600
2015-05-07,20.97335624694824,26.729999542236328,26.88999938964844,26.65999984741211,26.709999084472656,3343500
2015-05-08,21.169517517089844,26.979999542236328,27.229999542236328,26.940000534057617,26.950000762939453,4197100
2015-05-11,21.255821228027344,27.09000015258789,27.280000686645508,26.96999931335449,27.020000457763672,4597900
2015-05-12,21.224441528320312,27.049999237060547,27.3799991607666,26.799999237060547,27.36000061035156,4882700
2015-05-13,21.31075096130371,27.15999984741211,27.299999237060547,27.09000015258789,27.170000076293945,3682700
2015-05-14,21.530447006225582,27.440000534057617,27.440000534057617,27.170000076293945,27.229999542236328,3529600
2015-05-15,21.436288833618164,27.31999969482422,27.46999931335449,27.1200008392334,27.450000762939453,3546600
2015-05-18,21.67168617248535,27.6200008392334,27.690000534057617,27.270000457763672,27.350000381469727,3685400
2015-05-19,21.6010684967041,27.530000686645508,27.700000762939453,27.36000061035156,27.670000076293945,3720600
2015-05-20,21.655994415283203,27.600000381469727,27.739999771118164,27.3799991607666,27.51000022888184,3277400
2015-05-21,21.64814567565918,27.59000015258789,27.65999984741211,27.229999542236328,27.549999237060547,3318100
2015-05-22,21.655994415283203,27.600000381469727,27.670000076293945,27.31999969482422,27.59000015258789,2977700
2015-05-26,21.169517517089844,26.979999542236328,27.459999084472656,26.8700008392334,27.459999084472656,4404700
2015-05-27,21.820762634277344,27.809999465942383,28.26000022888184,27.25,27.25,10933400
2015-05-28,21.69522285461425,27.64999961853028,27.93000030517578,27.61000061035156,27.84000015258789,5143600
2015-05-29,21.8920955657959,27.799999237060547,28.0,27.540000915527344,27.540000915527344,8199200
2015-06-01,21.309356689453125,27.059999465942383,27.549999237060547,26.64999961853028,27.32999992370605,8273300
2015-06-02,21.458982467651367,27.25,27.420000076293945,27.059999465942383,27.06999969482422,3735400
2015-06-03,21.56134796142578,27.3799991607666,27.5,27.229999542236328,27.36000061035156,3979500
2015-06-04,21.38022422790528,27.14999961853028,27.46999931335449,27.06999969482422,27.3799991607666,3415400
2015-06-05,21.56134796142578,27.3799991607666,27.520000457763672,27.030000686645508,27.1200008392334,3447700
2015-06-08,21.403852462768555,27.18000030517578,27.559999465942383,27.030000686645508,27.420000076293945,2741900
2015-06-09,21.57709693908692,27.39999961853028,27.450000762939453,27.0,27.239999771118164,3662300
2015-06-10,21.79759407043457,27.68000030517578,27.739999771118164,27.51000022888184,27.520000457763672,3447600
2015-06-11,21.9865951538086,27.920000076293945,28.11000061035156,27.770000457763672,27.799999237060547,3626400
2015-06-12,21.56922721862793,27.38999938964844,27.76000022888184,27.3700008392334,27.690000534057617,3577200
2015-06-15,21.403852462768555,27.18000030517578,27.21999931335449,26.71999931335449,27.1200008392334,4614700
2015-06-16,21.608606338500977,27.440000534057617,27.51000022888184,27.09000015258789,27.170000076293945,3892800
2015-06-17,21.592845916748047,27.420000076293945,27.59000015258789,27.11000061035156,27.540000915527344,4931800
2015-06-18,21.962968826293945,27.88999938964844,28.100000381469727,27.450000762939453,27.959999084472656,6995400
2015-06-19,21.46685028076172,27.26000022888184,27.90999984741211,27.18000030517578,27.89999961853028,8004800
2015-06-22,21.2778549194336,27.020000457763672,27.18000030517578,26.65999984741211,26.88999938964844,8598300
2015-06-23,21.41172981262207,27.190000534057617,27.200000762939453,26.93000030517578,27.040000915527344,4089500
2015-06-24,21.16760635375977,26.8799991607666,27.299999237060547,26.790000915527344,27.14999961853028,4820100
2015-06-25,21.230602264404297,26.959999084472656,27.1200008392334,26.780000686645508,26.81999969482422,3403800
2015-06-26,20.9392318725586,26.59000015258789,26.93000030517578,26.31999969482422,26.93000030517578,6455200
2015-06-29,20.56124687194824,26.11000061035156,26.46999931335449,26.030000686645508,26.31999969482422,4607300
2015-06-30,20.45099258422852,25.96999931335449,26.299999237060547,25.959999084472656,26.280000686645508,4493500
2015-07-01,20.710866928100582,26.299999237060547,26.440000534057617,26.06999969482422,26.31999969482422,3708800
2015-07-02,20.56124687194824,26.11000061035156,26.38999938964844,25.989999771118164,26.34000015258789,4327400
2015-07-06,20.277751922607425,25.75,25.90999984741211,25.51000022888184,25.89999961853028,5210800
2015-07-07,20.387998580932617,25.88999938964844,25.96999931335449,25.09000015258789,25.770000457763672,4510900
2015-07-08,20.167499542236328,25.61000061035156,25.89999961853028,25.489999771118164,25.700000762939453,4803200
2015-07-09,20.246240615844727,25.709999084472656,26.209999084472656,25.61000061035156,26.01000022888184,5845300
2015-07-10,20.592737197875977,26.14999961853028,26.25,25.920000076293945,26.0,4682200
2015-07-13,20.58487129211425,26.13999938964844,26.299999237060547,25.979999542236328,26.209999084472656,3566800
2015-07-14,20.52186393737793,26.059999465942383,26.270000457763672,25.90999984741211,26.15999984741211,5192100
2015-07-15,20.592737197875977,26.14999961853028,26.3799991607666,26.020000457763672,26.049999237060547,2929300
2015-07-16,20.75024032592773,26.350000381469727,26.549999237060547,26.200000762939453,26.270000457763672,3645900
2015-07-17,20.78173828125,26.38999938964844,26.540000915527344,26.18000030517578,26.440000534057617,3261500
2015-07-20,20.75811767578125,26.36000061035156,26.559999465942383,26.299999237060547,26.39999961853028,6132800
2015-07-21,20.74236488342285,26.34000015258789,26.59000015258789,26.14999961853028,26.290000915527344,3936000
2015-07-22,20.624238967895508,26.190000534057617,26.190000534057617,25.850000381469727,26.049999237060547,4267400
2015-07-23,20.860490798950195,26.489999771118164,26.61000061035156,26.34000015258789,26.38999938964844,5959700
2015-07-24,21.68734741210937,27.540000915527344,29.1299991607666,27.3700008392334,28.6299991607666,35123900
2015-07-27,21.60072326660156,27.43000030517578,27.75,27.3700008392334,27.51000022888184,10584500
2015-07-28,21.710968017578125,27.56999969482422,27.6200008392334,27.06999969482422,27.59000015258789,15046000
2015-07-29,21.64009666442871,27.479999542236328,27.600000381469727,26.950000762939453,27.350000381469727,10531300
2015-07-30,22.01808738708496,27.959999084472656,27.989999771118164,27.239999771118164,27.46999931335449,6948100
2015-07-31,22.38033866882324,28.420000076293945,28.600000381469727,27.979999542236328,28.0,8135100
2015-08-03,22.183460235595703,28.170000076293945,28.3799991607666,28.020000457763672,28.350000381469727,5259700
2015-08-04,22.03383445739746,27.979999542236328,28.290000915527344,27.959999084472656,28.239999771118164,4091600
2015-08-05,22.246461868286133,28.25,28.56999969482422,28.1299991607666,28.25,5924900
2015-08-06,22.057466506958008,28.01000022888184,28.459999084472656,27.959999084472656,28.36000061035156,4192200
2015-08-07,22.09684181213379,28.059999465942383,28.11000061035156,27.739999771118164,27.950000762939453,4085100
2015-08-10,22.356708526611328,28.38999938964844,28.43000030517578,28.1200008392334,28.21999931335449,5460500
2015-08-11,21.955093383789062,27.8799991607666,28.26000022888184,27.690000534057617,28.26000022888184,2573200
2015-08-12,22.16771507263184,28.14999961853028,28.18000030517578,27.420000076293945,27.729999542236328,4194200
2015-08-13,22.183460235595703,28.170000076293945,28.61000061035156,28.13999938964844,28.39999961853028,3649500
2015-08-14,22.199216842651367,28.190000534057617,28.26000022888184,27.96999931335449,28.14999961853028,2772500
2015-08-17,22.30158233642578,28.31999969482422,28.350000381469727,27.93000030517578,28.0,2234800
2015-08-18,22.144088745117188,28.1200008392334,28.34000015258789,28.100000381469727,28.31999969482422,3745700
2015-08-19,22.088966369628903,28.049999237060547,28.26000022888184,27.940000534057617,28.06999969482422,5209100
2015-08-20,21.545595169067383,27.36000061035156,28.0,27.14999961853028,27.8799991607666,6168100
2015-08-21,20.91561508178711,26.559999465942383,27.280000686645508,26.530000686645508,27.13999938964844,6081600
2015-08-24,20.12812805175781,25.559999465942383,26.239999771118164,24.780000686645508,25.43000030517578,11250800
2015-08-25,19.59263610839844,24.8799991607666,26.290000915527344,24.86000061035156,26.209999084472656,6940700
2015-08-26,20.1359920501709,25.56999969482422,25.61000061035156,24.790000915527344,25.56999969482422,6444600
2015-08-27,20.474618911743164,26.0,26.229999542236328,25.46999931335449,25.81999969482422,5284200
2015-08-28,20.53786277770996,25.979999542236328,26.09000015258789,25.709999084472656,25.8799991607666,5214300
2015-08-31,20.324419021606445,25.709999084472656,26.0,25.63999938964844,25.71999931335449,3166400
2015-09-01,19.715717315673828,24.940000534057617,25.530000686645508,24.739999771118164,25.1299991607666,6496100
2015-09-02,20.00821304321289,25.309999465942383,25.350000381469727,24.81999969482422,25.34000015258789,4232800
2015-09-03,19.97658920288086,25.270000457763672,25.549999237060547,25.06999969482422,25.209999084472656,5024700
2015-09-04,19.81058120727539,25.059999465942383,25.270000457763672,24.88999938964844,24.979999542236328,4442200
2015-09-08,20.19793128967285,25.549999237060547,25.57999992370605,25.13999938964844,25.39999961853028,4157400
2015-09-09,19.96077919006348,25.25,26.0,25.200000762939453,25.88999938964844,4724300
2015-09-10,20.25327110290528,25.6200008392334,25.770000457763672,25.229999542236328,25.32999992370605,4337000
2015-09-11,19.968679428100582,25.26000022888184,25.450000762939453,25.06999969482422,25.290000915527344,3083400
2015-09-14,20.024024963378903,25.32999992370605,25.39999961853028,25.14999961853028,25.3700008392334,3569300
2015-09-15,20.395566940307617,25.799999237060547,25.86000061035156,25.31999969482422,25.34000015258789,3766700
2015-09-16,20.522050857543945,25.959999084472656,26.020000457763672,25.75,25.790000915527344,4660000
2015-09-17,20.40346908569336,25.809999465942383,26.14999961853028,25.700000762939453,25.82999992370605,4404900
2015-09-18,20.19002914428711,25.540000915527344,25.96999931335449,25.450000762939453,25.5,7529400
2015-09-21,20.363948822021484,25.76000022888184,26.0,25.549999237060547,25.600000381469727,4944000
2015-09-22,19.96077919006348,25.25,25.489999771118164,25.030000686645508,25.3700008392334,4036100
2015-09-23,20.04773330688477,25.36000061035156,25.450000762939453,25.1299991607666,25.32999992370605,3768800
2015-09-24,20.00821304321289,25.309999465942383,25.3700008392334,24.84000015258789,25.1299991607666,3936800
2015-09-25,19.9844970703125,25.280000686645508,25.68000030517578,25.13999938964844,25.530000686645508,4795500
2015-09-28,19.69200325012207,24.90999984741211,25.440000534057617,24.8799991607666,25.21999931335449,4140300
2015-09-29,19.79476547241211,25.040000915527344,25.209999084472656,24.84000015258789,24.90999984741211,5227200
2015-09-30,20.324419021606445,25.709999084472656,25.809999465942383,25.309999465942383,25.309999465942383,7296800
2015-10-01,20.58529281616211,26.040000915527344,26.059999465942383,25.479999542236328,25.709999084472656,6796900
2015-10-02,21.478588104248047,27.170000076293945,27.190000534057617,25.559999465942383,25.739999771118164,9329800
2015-10-05,22.529985427856445,28.5,28.61000061035156,27.5,27.6200008392334,8587500
2015-10-06,22.466747283935547,28.420000076293945,28.780000686645508,28.15999984741211,28.5,7185400
2015-10-07,23.25727081298828,29.420000076293945,29.549999237060547,28.43000030517578,29.209999084472656,13831300
2015-10-08,23.55767250061035,29.799999237060547,30.030000686645508,29.299999237060547,29.3799991607666,8678400
2015-10-09,23.2414608001709,29.39999961853028,29.809999465942383,29.11000061035156,29.76000022888184,5825300
2015-10-12,23.502338409423828,29.729999542236328,29.75,29.299999237060547,29.39999961853028,3434700
2015-10-13,23.549768447875977,29.790000915527344,29.979999542236328,29.46999931335449,29.51000022888184,3614600
2015-10-14,23.360036849975582,29.549999237060547,30.18000030517578,29.5,29.770000457763672,5187800
2015-10-15,23.71577453613281,30.0,30.1299991607666,29.0,29.6200008392334,4502400
2015-10-16,23.58138656616211,29.82999992370605,30.15999984741211,29.709999084472656,30.040000915527344,4086300
2015-10-19,23.66834831237793,29.940000534057617,29.979999542236328,29.63999938964844,29.700000762939453,3484800
2015-10-20,23.905502319335938,30.239999771118164,30.31999969482422,29.76000022888184,29.809999465942383,4205400
2015-10-21,23.55767250061035,29.799999237060547,30.420000076293945,29.700000762939453,30.26000022888184,5321600
2015-10-22,23.526046752929688,29.76000022888184,30.31999969482422,29.57999992370605,29.96999931335449,8881700
2015-10-23,24.893653869628903,31.489999771118164,31.540000915527344,30.18000030517578,30.5,12818900
2015-10-26,24.411439895629883,30.8799991607666,31.559999465942383,30.850000381469727,31.39999961853028,6124300
2015-10-27,24.93319129943848,31.540000915527344,31.540000915527344,30.46999931335449,30.68000030517578,6826900
2015-10-28,25.05176544189453,31.690000534057617,31.82999992370605,31.030000686645508,31.5,6361200
2015-10-29,24.6565055847168,31.190000534057617,31.68000030517578,31.170000076293945,31.46999931335449,3410800
2015-10-30,24.81460189819336,31.38999938964844,31.61000061035156,31.190000534057617,31.26000022888184,3650900
2015-11-02,25.091291427612305,31.739999771118164,31.84000015258789,31.25,31.43000030517578,3615100
2015-11-03,25.478647232055664,32.22999954223633,32.33000183105469,31.540000915527344,31.700000762939453,4367800
2015-11-04,24.99643325805664,31.6200008392334,32.38999938964844,31.56999969482422,32.22999954223633,4833300
2015-11-05,24.822513580322266,31.39999961853028,31.799999237060547,31.26000022888184,31.690000534057617,3123800
2015-11-06,25.06757354736328,31.709999084472656,31.76000022888184,31.21999931335449,31.34000015258789,3668700
2015-11-09,23.114978790283203,29.239999771118164,31.450000762939453,28.71999931335449,31.39999961853028,16345400
2015-11-10,23.40747261047364,29.61000061035156,29.850000381469727,28.959999084472656,29.190000534057617,8155800
2015-11-11,23.36794853210449,29.559999465942383,29.86000061035156,29.450000762939453,29.81999969482422,4070600
2015-11-12,23.439088821411133,29.64999961853028,29.93000030517578,29.190000534057617,29.450000762939453,7744400
2015-11-13,22.695995330810547,28.709999084472656,29.670000076293945,28.5,29.15999984741211,7391400
2015-11-16,23.091264724731445,29.209999084472656,29.3799991607666,28.520000457763672,28.71999931335449,5817600
2015-11-17,23.336322784423828,29.520000457763672,29.90999984741211,28.71999931335449,28.71999931335449,6010900
2015-11-18,23.684154510498047,29.959999084472656,30.06999969482422,29.489999771118164,29.549999237060547,5451000
2015-11-19,23.87388229370117,30.200000762939453,30.46999931335449,29.780000686645508,29.979999542236328,4450100
2015-11-20,24.07941436767578,30.459999084472656,30.559999465942383,30.21999931335449,30.3700008392334,3808700
2015-11-23,24.22171401977539,30.63999938964844,30.799999237060547,30.280000686645508,30.32999992370605,3857700
2015-11-24,24.055707931518555,30.43000030517578,30.71999931335449,30.21999931335449,30.40999984741211,4214600
2015-11-25,24.03989601135254,30.40999984741211,30.6299991607666,30.3700008392334,30.459999084472656,2231400
2015-11-27,24.00816345214844,30.270000457763672,30.34000015258789,30.1200008392334,30.239999771118164,1302200
2015-11-30,23.897125244140625,30.1299991607666,30.36000061035156,30.059999465942383,30.280000686645508,3784100
2015-12-01,24.135072708129883,30.43000030517578,30.549999237060547,30.13999938964844,30.299999237060547,4950700
2015-12-02,24.02402877807617,30.290000915527344,30.489999771118164,30.25,30.3700008392334,5313900
2015-12-03,23.24675750732422,29.309999465942383,30.479999542236328,29.1200008392334,30.3700008392334,7287300
2015-12-04,23.635395050048828,29.799999237060547,30.040000915527344,29.229999542236328,29.420000076293945,6358700
2015-12-07,23.659189224243164,29.82999992370605,29.959999084472656,29.600000381469727,29.799999237060547,6055900
2015-12-08,23.611602783203125,29.770000457763672,29.84000015258789,29.420000076293945,29.51000022888184,5266200
2015-12-09,23.024682998657227,29.030000686645508,29.86000061035156,28.93000030517578,29.530000686645508,6061900
2015-12-10,22.88985061645508,28.86000061035156,28.989999771118164,28.200000762939453,28.209999084472656,8349600
2015-12-11,22.69949531555176,28.6200008392334,28.84000015258789,28.34000015258789,28.530000686645508,6384100
2015-12-14,22.81846618652344,28.770000457763672,28.86000061035156,28.39999961853028,28.670000076293945,9309800
2015-12-15,23.14365196228028,29.18000030517578,29.270000457763672,28.82999992370605,28.82999992370605,13488500
2015-12-16,23.318140029907227,29.39999961853028,29.56999969482422,28.979999542236328,29.32999992370605,7517400
2015-12-17,23.08813667297364,29.11000061035156,29.51000022888184,29.100000381469727,29.43000030517578,4240900
2015-12-18,22.74708747863769,28.68000030517578,29.270000457763672,28.670000076293945,29.049999237060547,8767800
2015-12-21,21.612903594970703,27.25,28.89999961853028,27.020000457763672,28.81999969482422,12551400
2015-12-22,21.819116592407227,27.51000022888184,27.690000534057617,27.270000457763672,27.38999938964844,4629300
2015-12-23,21.930152893066406,27.64999961853028,27.729999542236328,27.38999938964844,27.64999961853028,3288000
2015-12-24,21.906360626220703,27.6200008392334,27.780000686645508,27.559999465942383,27.6200008392334,1511300
2015-12-28,21.977745056152344,27.709999084472656,27.75,27.43000030517578,27.57999992370605,2804200
2015-12-29,22.239479064941406,28.040000915527344,28.229999542236328,27.850000381469727,27.8700008392334,2783100
2015-12-30,21.977745056152344,27.709999084472656,28.18000030517578,27.64999961853028,28.040000915527344,2263600
2015-12-31,21.890501022338867,27.600000381469727,27.780000686645508,27.43000030517578,27.600000381469727,2834100
2016-01-04,21.739805221557617,27.40999984741211,27.43000030517578,26.82999992370605,27.190000534057617,5232900
2016-01-05,21.850839614868164,27.549999237060547,27.729999542236328,27.209999084472656,27.56999969482422,7589100
2016-01-06,21.240131378173828,26.780000686645508,27.13999938964844,26.61000061035156,27.11000061035156,4873400
2016-01-07,20.69286346435547,26.09000015258789,26.809999465942383,25.979999542236328,26.36000061035156,6599500
2016-01-08,20.39940452575684,25.71999931335449,26.299999237060547,25.670000076293945,26.25,4727600
2016-01-11,20.62941169738769,26.01000022888184,26.13999938964844,25.6200008392334,25.90999984741211,3737200
2016-01-12,20.81977272033692,26.25,26.34000015258789,25.690000534057617,26.290000915527344,4664700
2016-01-13,20.351816177368164,25.65999984741211,26.51000022888184,25.51000022888184,26.32999992370605,4563800
2016-01-14,20.748384475708008,26.15999984741211,26.3700008392334,25.440000534057617,25.68000030517578,5008700
2016-01-15,20.41526985168457,25.739999771118164,25.86000061035156,25.38999938964844,25.540000915527344,7168000
2016-01-19,20.41526985168457,25.739999771118164,25.82999992370605,25.350000381469727,25.709999084472656,5902400
2016-01-20,20.29629898071289,25.59000015258789,25.940000534057617,25.030000686645508,25.26000022888184,12489800
2016-01-21,20.335956573486328,25.63999938964844,26.15999984741211,25.56999969482422,25.81999969482422,8806300
2016-01-22,20.71666145324707,26.1200008392334,26.170000076293945,25.940000534057617,26.049999237060547,5151500
2016-01-25,20.77217674255371,26.190000534057617,26.21999931335449,25.86000061035156,26.11000061035156,5316500
2016-01-26,21.13701820373535,26.64999961853028,26.75,26.209999084472656,26.209999084472656,5426900
2016-01-27,21.049779891967773,26.540000915527344,26.670000076293945,26.239999771118164,26.5,6362600
2016-01-28,17.81378936767578,22.459999084472656,24.0,21.950000762939453,23.76000022888184,28937300
2016-01-29,18.717960357666016,23.600000381469727,23.600000381469727,22.799999237060547,22.950000762939453,16576600
2016-02-01,19.296947479248047,24.32999992370605,24.350000381469727,23.15999984741211,23.309999465942383,15483000
2016-02-02,19.03521728515625,24.0,24.229999542236328,23.809999465942383,24.030000686645508,15723400
2016-02-03,18.97176551818848,23.920000076293945,24.13999938964844,23.700000762939453,24.07999992370605,11297200
2016-02-04,18.82107162475586,23.729999542236328,24.059999465942383,23.600000381469727,23.89999961853028,8286700
2016-02-05,18.16276741027832,22.89999961853028,23.799999237060547,22.8799991607666,23.6299991607666,7415000
2016-02-08,17.42514991760254,21.96999931335449,22.64999961853028,21.6200008392334,22.540000915527344,9357800
2016-02-09,17.441015243530273,21.989999771118164,22.440000534057617,21.690000534057617,21.770000457763672,4972800
2016-02-10,17.147554397583008,21.6200008392334,22.3799991607666,21.600000381469727,22.190000534057617,6360100
2016-02-11,17.21100616455078,21.700000762939453,22.059999465942383,21.489999771118164,21.489999771118164,6186400
2016-02-12,17.32204818725586,21.84000015258789,22.01000022888184,21.56999969482422,21.989999771118164,6965300
2016-02-16,18.40863800048828,23.209999084472656,23.25,22.01000022888184,22.01000022888184,7593900
2016-02-17,18.694168090820312,23.56999969482422,23.600000381469727,23.299999237060547,23.350000381469727,3620600
2016-02-18,19.03521728515625,24.0,24.100000381469727,23.670000076293945,23.739999771118164,4865400
2016-02-19,19.48730087280273,24.56999969482422,24.64999961853028,23.940000534057617,24.0,8364000
2016-02-22,19.653858184814453,24.780000686645508,25.0,24.6200008392334,24.670000076293945,4667500
2016-02-23,19.47937393188477,24.559999465942383,25.0,24.38999938964844,24.709999084472656,4781500
2016-02-24,19.70144844055176,24.84000015258789,24.8700008392334,24.07999992370605,24.170000076293945,5493700
2016-02-25,19.7966251373291,24.959999084472656,25.1299991607666,24.770000457763672,24.90999984741211,5047000
2016-02-26,19.58957862854004,24.600000381469727,25.040000915527344,24.420000076293945,24.90999984741211,5660700
2016-02-29,19.669214248657227,24.700000762939453,25.100000381469727,24.479999542236328,24.59000015258789,3986900
2016-03-01,19.85236930847168,24.93000030517578,25.0,24.520000457763672,24.75,4448600
2016-03-02,19.86033058166504,24.940000534057617,25.0,24.71999931335449,24.82999992370605,3154600
2016-03-03,19.828479766845703,24.89999961853028,24.93000030517578,24.5,24.64999961853028,3489100
2016-03-04,20.10719108581543,25.25,25.25,24.700000762939453,24.989999771118164,4916800
2016-03-07,20.059410095214844,25.190000534057617,25.36000061035156,24.959999084472656,25.020000457763672,3356000
2016-03-08,19.931997299194336,25.030000686645508,25.3700008392334,24.799999237060547,25.049999237060547,4425700
2016-03-09,20.09126091003418,25.229999542236328,25.5,24.81999969482422,25.190000534057617,4476800
2016-03-10,20.154972076416016,25.309999465942383,25.71999931335449,25.15999984741211,25.270000457763672,8859200
2016-03-11,20.87165641784668,26.209999084472656,26.239999771118164,25.479999542236328,25.51000022888184,7205800
2016-03-14,20.62480354309082,25.89999961853028,26.100000381469727,25.700000762939453,25.940000534057617,4992000
2016-03-15,20.47349548339844,25.709999084472656,25.86000061035156,25.440000534057617,25.799999237060547,4930700
2016-03-16,20.46553611755371,25.700000762939453,25.76000022888184,24.76000022888184,24.770000457763672,6861700
2016-03-17,20.96722221374512,26.32999992370605,26.489999771118164,25.709999084472656,25.75,6302900
2016-03-18,21.01499938964844,26.38999938964844,26.459999084472656,26.030000686645508,26.36000061035156,6280400
2016-03-21,20.545169830322266,25.799999237060547,26.270000457763672,25.700000762939453,25.850000381469727,10657900
2016-03-22,20.648696899414062,25.93000030517578,26.100000381469727,25.63999938964844,25.670000076293945,7245400
2016-03-23,20.41775703430176,25.63999938964844,26.020000457763672,25.6200008392334,25.959999084472656,6846900
2016-03-24,20.194786071777344,25.36000061035156,25.549999237060547,24.959999084472656,25.520000457763672,5852200
2016-03-28,20.26645278930664,25.450000762939453,25.540000915527344,25.26000022888184,25.46999931335449,4982300
2016-03-29,20.43368148803711,25.65999984741211,25.809999465942383,25.3799991607666,25.520000457763672,4538500
2016-03-30,20.3142318725586,25.51000022888184,26.020000457763672,25.46999931335449,25.850000381469727,4297800
2016-03-31,20.3142318725586,25.51000022888184,25.709999084472656,25.420000076293945,25.520000457763672,4690500
2016-04-01,20.35405158996582,25.559999465942383,25.690000534057617,25.36000061035156,25.39999961853028,3898600
2016-04-04,20.059410095214844,25.190000534057617,25.51000022888184,24.920000076293945,25.450000762939453,4532900
2016-04-05,20.09126091003418,25.229999542236328,25.3799991607666,24.96999931335449,25.049999237060547,5625500
2016-04-06,20.298311233520508,25.489999771118164,25.559999465942383,25.15999984741211,25.280000686645508,3768500
2016-04-07,19.86033058166504,24.940000534057617,25.39999961853028,24.8700008392334,25.290000915527344,3443900
2016-04-08,19.85236930847168,24.93000030517578,25.280000686645508,24.8700008392334,25.239999771118164,2060100
2016-04-11,19.82051658630371,24.88999938964844,25.36000061035156,24.799999237060547,24.89999961853028,4639900
2016-04-12,18.363237380981445,23.059999465942383,23.209999084472656,22.39999961853028,23.1299991607666,23681900
2016-04-13,18.96844482421875,23.81999969482422,23.8799991607666,23.1200008392334,23.14999961853028,9238100
2016-04-14,18.769363403320312,23.56999969482422,23.920000076293945,23.559999465942383,23.88999938964844,6873600
2016-04-15,18.825109481811523,23.63999938964844,23.96999931335449,23.51000022888184,23.63999938964844,5789000
2016-04-18,18.79325485229492,23.600000381469727,23.8700008392334,23.420000076293945,23.520000457763672,4184700
2016-04-19,18.689733505249023,23.46999931335449,23.670000076293945,23.32999992370605,23.59000015258789,6962700
2016-04-20,18.52250862121582,23.26000022888184,23.549999237060547,22.8700008392334,23.18000030517578,11790700
2016-04-21,18.618061065673828,23.3799991607666,23.56999969482422,23.200000762939453,23.200000762939453,6434300
2016-04-22,18.91270446777344,23.75,23.8700008392334,23.170000076293945,23.350000381469727,6464100
2016-04-25,18.745473861694336,23.540000915527344,23.8700008392334,23.440000534057617,23.690000534057617,2838000
2016-04-26,18.7534408569336,23.549999237060547,23.76000022888184,23.450000762939453,23.559999465942383,5314800
2016-04-27,18.96048927307129,23.809999465942383,23.86000061035156,23.36000061035156,23.5,4432800
2016-04-28,18.64195251464844,23.40999984741211,23.959999084472656,23.34000015258789,23.520000457763672,6411600
2016-04-29,18.633989334106445,23.39999961853028,24.25,23.26000022888184,23.959999084472656,7655900
2016-05-02,18.59417533874512,23.350000381469727,23.479999542236328,23.059999465942383,23.32999992370605,3675100
2016-05-03,18.08452606201172,22.709999084472656,23.280000686645508,22.64999961853028,23.11000061035156,5084800
2016-05-04,17.9332218170166,22.520000457763672,22.71999931335449,22.479999542236328,22.530000686645508,5475500
2016-05-05,17.78988265991211,22.34000015258789,22.63999938964844,22.309999465942383,22.600000381469727,4560800
2016-05-06,18.05267333984375,22.670000076293945,22.82999992370605,22.229999542236328,22.34000015258789,5585300
2016-05-09,18.08452606201172,22.709999084472656,22.86000061035156,22.57999992370605,22.709999084472656,4201000
2016-05-10,18.434913635253903,23.14999961853028,23.15999984741211,22.739999771118164,22.739999771118164,3624400
2016-05-11,18.19601058959961,22.850000381469727,23.190000534057617,22.84000015258789,23.030000686645508,3650600
2016-05-12,18.116374969482425,22.75,23.11000061035156,22.57999992370605,22.920000076293945,3224400
2016-05-13,18.116374969482425,22.75,23.059999465942383,22.709999084472656,22.729999542236328,2792000
2016-05-16,18.32342338562012,23.01000022888184,23.100000381469727,22.739999771118164,22.739999771118164,4471800
2016-05-17,17.996932983398438,22.600000381469727,23.09000015258789,22.5,22.920000076293945,4998300
2016-05-18,17.90933609008789,22.489999771118164,22.809999465942383,22.32999992370605,22.61000061035156,4621600
2016-05-19,17.813772201538086,22.3700008392334,22.709999084472656,22.18000030517578,22.559999465942383,4415900
2016-05-20,18.100454330444336,22.729999542236328,22.82999992370605,22.440000534057617,22.520000457763672,3449800
2016-05-23,17.90933609008789,22.489999771118164,22.780000686645508,22.36000061035156,22.459999084472656,2752800
2016-05-24,18.235828399658203,22.89999961853028,22.950000762939453,22.549999237060547,22.63999938964844,2425400
2016-05-25,18.363237380981445,23.059999465942383,23.190000534057617,22.81999969482422,22.90999984741211,2267400
2016-05-26,18.3074951171875,22.989999771118164,23.100000381469727,22.8799991607666,23.01000022888184,1548200
2016-05-27,18.41946792602539,23.030000686645508,23.11000061035156,22.670000076293945,22.729999542236328,1489100
2016-05-31,18.7233943939209,23.40999984741211,23.440000534057617,22.93000030517578,22.979999542236328,4140700
2016-06-01,18.579429626464844,23.229999542236328,23.440000534057617,23.13999938964844,23.40999984741211,2168800
2016-06-02,18.763378143310547,23.459999084472656,23.46999931335449,23.26000022888184,23.34000015258789,2243100
2016-06-03,18.66741180419922,23.34000015258789,23.420000076293945,23.200000762939453,23.3700008392334,2134100
2016-06-06,18.651412963867188,23.31999969482422,23.520000457763672,23.239999771118164,23.36000061035156,2859900
2016-06-07,18.77137565612793,23.46999931335449,23.540000915527344,23.290000915527344,23.290000915527344,2899200
2016-06-08,18.85136604309082,23.56999969482422,23.65999984741211,23.39999961853028,23.39999961853028,2261700
2016-06-09,18.75539207458496,23.450000762939453,23.59000015258789,23.34000015258789,23.489999771118164,2374900
2016-06-10,18.35548591613769,22.950000762939453,23.299999237060547,22.88999938964844,23.239999771118164,2362400
2016-06-13,18.41147422790528,23.020000457763672,23.40999984741211,22.799999237060547,22.89999961853028,4292000
2016-06-14,18.347490310668945,22.940000534057617,23.100000381469727,22.780000686645508,22.920000076293945,2664000
2016-06-15,18.347490310668945,22.940000534057617,23.1299991607666,22.82999992370605,22.96999931335449,2794400
2016-06-16,18.37148094177246,22.96999931335449,23.01000022888184,22.61000061035156,22.799999237060547,2299900
2016-06-17,18.54743385314941,23.190000534057617,23.239999771118164,22.88999938964844,23.0,4962800
2016-06-20,18.57143211364746,23.21999931335449,23.549999237060547,23.200000762939453,23.440000534057617,2037400
2016-06-21,18.57143211364746,23.21999931335449,23.280000686645508,22.700000762939453,22.799999237060547,4366700
2016-06-22,18.40347480773925,23.01000022888184,23.3799991607666,22.989999771118164,23.239999771118164,2297500
2016-06-23,19.227270126342773,24.040000915527344,24.049999237060547,23.13999938964844,23.21999931335449,3302600
2016-06-24,17.95558738708496,22.450000762939453,23.32999992370605,22.440000534057617,23.190000534057617,5230300
2016-06-27,16.987823486328125,21.239999771118164,22.209999084472656,21.18000030517578,22.170000076293945,4392000
2016-06-28,17.203765869140625,21.51000022888184,21.64999961853028,21.32999992370605,21.440000534057617,2735900
2016-06-29,17.65165901184082,22.06999969482422,22.06999969482422,21.6299991607666,21.690000534057617,2766800
2016-06-30,17.987577438354492,22.489999771118164,22.520000457763672,21.920000076293945,22.21999931335449,2784400
2016-07-01,17.87560272216797,22.350000381469727,22.709999084472656,22.209999084472656,22.479999542236328,2528800
2016-07-05,17.65165901184082,22.06999969482422,22.290000915527344,21.979999542236328,22.25,1858400
2016-07-06,17.531688690185547,21.920000076293945,21.96999931335449,21.18000030517578,21.6200008392334,3816200
2016-07-07,17.555683135986328,21.950000762939453,22.170000076293945,21.65999984741211,21.86000061035156,3549600
2016-07-08,18.1235408782959,22.65999984741211,22.68000030517578,22.14999961853028,22.14999961853028,3597600
2016-07-11,18.28349876403809,22.86000061035156,22.940000534057617,22.670000076293945,22.709999084472656,1917900
2016-07-12,18.4754581451416,23.100000381469727,23.290000915527344,22.96999931335449,23.049999237060547,3031400
2016-07-13,18.43546485900879,23.049999237060547,23.309999465942383,22.950000762939453,23.309999465942383,2106300
2016-07-14,18.46746253967285,23.09000015258789,23.36000061035156,23.030000686645508,23.32999992370605,1934300
2016-07-15,18.459461212158203,23.07999992370605,23.200000762939453,22.920000076293945,23.18000030517578,2050600
2016-07-18,18.51545143127441,23.14999961853028,23.3700008392334,23.06999969482422,23.13999938964844,1826100
2016-07-19,18.71539688110352,23.39999961853028,23.43000030517578,23.040000915527344,23.09000015258789,3177000
2016-07-20,18.80337715148925,23.51000022888184,23.6200008392334,23.32999992370605,23.530000686645508,2910800
2016-07-21,18.71539688110352,23.39999961853028,23.64999961853028,23.36000061035156,23.530000686645508,1897500
2016-07-22,19.01132583618164,23.770000457763672,23.920000076293945,23.34000015258789,23.51000022888184,2120800
2016-07-25,19.24326705932617,24.059999465942383,24.11000061035156,23.64999961853028,23.71999931335449,3536800
2016-07-26,19.371238708496094,24.21999931335449,24.450000762939453,23.959999084472656,24.11000061035156,5257500
2016-07-27,18.051563262939453,22.56999969482422,23.770000457763672,22.5,23.690000534057617,9024500
2016-07-28,18.091552734375,22.6200008392334,22.709999084472656,22.459999084472656,22.459999084472656,3971500
2016-07-29,18.147533416748047,22.690000534057617,22.71999931335449,22.309999465942383,22.61000061035156,4177100
2016-08-01,18.0755558013916,22.600000381469727,22.76000022888184,22.420000076293945,22.690000534057617,2918700
2016-08-02,17.779626846313477,22.229999542236328,22.57999992370605,22.1299991607666,22.520000457763672,3333400
2016-08-03,18.0755558013916,22.600000381469727,22.64999961853028,22.1200008392334,22.18000030517578,2487900
2016-08-04,18.03556632995605,22.549999237060547,22.729999542236328,22.479999542236328,22.56999969482422,3204000
2016-08-05,18.43546485900879,23.049999237060547,23.14999961853028,22.559999465942383,22.600000381469727,3103600
2016-08-08,18.54743385314941,23.190000534057617,23.25,23.030000686645508,23.06999969482422,2748600
2016-08-09,18.459461212158203,23.07999992370605,23.31999969482422,23.01000022888184,23.1200008392334,3955000
2016-08-10,18.40347480773925,23.01000022888184,23.21999931335449,22.989999771118164,23.09000015258789,2155100
2016-08-11,18.63541984558105,23.299999237060547,23.34000015258789,22.959999084472656,23.059999465942383,3387100
2016-08-12,18.611421585083008,23.270000457763672,23.309999465942383,22.979999542236328,23.18000030517578,2318200
2016-08-15,19.171283721923828,23.96999931335449,24.170000076293945,23.36000061035156,23.39999961853028,4975000
2016-08-16,18.68341064453125,23.36000061035156,23.8799991607666,23.350000381469727,23.86000061035156,3746200
2016-08-17,18.48345947265625,23.11000061035156,23.440000534057617,22.950000762939453,23.36000061035156,4717300
2016-08-18,18.48345947265625,23.11000061035156,23.21999931335449,22.979999542236328,23.07999992370605,3903800
2016-08-19,18.69140625,23.3700008392334,23.40999984741211,22.979999542236328,23.01000022888184,4104000
2016-08-22,18.611421585083008,23.270000457763672,23.46999931335449,23.170000076293945,23.38999938964844,3442800
2016-08-23,18.75539207458496,23.450000762939453,23.68000030517578,23.38999938964844,23.450000762939453,3234000
2016-08-24,18.69140625,23.3700008392334,23.65999984741211,23.31999969482422,23.46999931335449,1909200
2016-08-25,18.71539688110352,23.39999961853028,23.540000915527344,23.26000022888184,23.299999237060547,1914200
2016-08-26,18.619421005249023,23.280000686645508,23.6200008392334,23.13999938964844,23.420000076293945,2648700
2016-08-29,18.539445877075195,23.18000030517578,23.479999542236328,23.170000076293945,23.32999992370605,2707200
2016-08-30,18.659927368164062,23.229999542236328,23.350000381469727,23.0,23.07999992370605,1546700
2016-08-31,18.539445877075195,23.07999992370605,23.270000457763672,22.959999084472656,23.1299991607666,3341500
2016-09-01,18.724193572998047,23.309999465942383,23.36000061035156,23.040000915527344,23.13999938964844,2431100
2016-09-02,18.80451774597168,23.40999984741211,23.5,23.239999771118164,23.39999961853028,2266800
2016-09-06,18.828617095947266,23.440000534057617,23.56999969482422,23.299999237060547,23.39999961853028,2229100
2016-09-07,18.80451774597168,23.40999984741211,23.57999992370605,23.309999465942383,23.420000076293945,2161000
2016-09-08,18.86074447631836,23.479999542236328,23.540000915527344,23.26000022888184,23.32999992370605,2595700
2016-09-09,18.60370635986328,23.15999984741211,23.739999771118164,23.1200008392334,23.36000061035156,5759600
2016-09-12,18.788454055786133,23.38999938964844,23.43000030517578,22.700000762939453,22.940000534057617,4388200
2016-09-13,18.161901473999023,22.61000061035156,23.420000076293945,22.420000076293945,23.190000534057617,5297000
2016-09-14,18.20206642150879,22.65999984741211,22.780000686645508,22.440000534057617,22.600000381469727,3160600
2016-09-15,18.48321533203125,23.01000022888184,23.020000457763672,22.600000381469727,22.600000381469727,2907600
2016-09-16,18.04944610595703,22.46999931335449,22.989999771118164,22.39999961853028,22.84000015258789,7961500
2016-09-19,18.274356842041016,22.75,23.049999237060547,22.56999969482422,22.56999969482422,3114000
2016-09-20,18.033388137817383,22.450000762939453,22.959999084472656,22.43000030517578,22.8799991607666,2642200
2016-09-21,18.981239318847656,23.6299991607666,23.790000915527344,22.57999992370605,22.600000381469727,8520700
2016-09-22,19.16598892211914,23.86000061035156,23.96999931335449,23.530000686645508,23.59000015258789,3792500
2016-09-23,19.10976219177246,23.790000915527344,23.88999938964844,23.64999961853028,23.86000061035156,3820400
2016-09-26,19.00533676147461,23.65999984741211,23.81999969482422,23.56999969482422,23.64999961853028,3238100
2016-09-27,19.310577392578125,24.040000915527344,24.100000381469727,23.530000686645508,23.600000381469727,3281000
2016-09-28,19.22222328186035,23.93000030517578,24.21999931335449,23.84000015258789,24.020000457763672,4957300
2016-09-29,19.045499801635746,23.709999084472656,24.0,23.61000061035156,23.8799991607666,2456600
2016-09-30,19.326644897460938,24.059999465942383,24.15999984741211,23.780000686645508,23.850000381469727,2680900
2016-10-03,19.334678649902344,24.06999969482422,24.07999992370605,23.82999992370605,23.93000030517578,3219100
2016-10-04,19.47926521301269,24.25,24.520000457763672,23.979999542236328,24.049999237060547,3949900
2016-10-05,19.953197479248047,24.84000015258789,24.989999771118164,24.32999992370605,24.32999992370605,4370600
2016-10-06,19.69614791870117,24.520000457763672,24.790000915527344,24.440000534057617,24.68000030517578,3199700
2016-10-07,19.92909240722656,24.809999465942383,24.979999542236328,24.450000762939453,24.57999992370605,6485600
2016-10-10,19.736305236816406,24.56999969482422,25.11000061035156,24.559999465942383,24.89999961853028,2816700
2016-10-11,19.23025321960449,23.940000534057617,24.59000015258789,23.850000381469727,24.59000015258789,2715900
2016-10-12,18.86074447631836,23.479999542236328,23.6299991607666,23.270000457763672,23.39999961853028,3143500
2016-10-13,18.64386749267578,23.209999084472656,23.38999938964844,22.950000762939453,23.26000022888184,2533000
2016-10-14,18.274356842041016,22.75,23.520000457763672,22.729999542236328,23.350000381469727,5591800
2016-10-17,18.017314910888672,22.43000030517578,22.82999992370605,22.40999984741211,22.799999237060547,4001500
2016-10-18,18.354692459106445,22.850000381469727,23.13999938964844,22.51000022888184,22.65999984741211,4969300
2016-10-19,18.43501281738281,22.950000762939453,23.049999237060547,22.700000762939453,22.84000015258789,2561500
2016-10-20,18.274356842041016,22.75,22.82999992370605,22.6200008392334,22.700000762939453,2896500
2016-10-21,18.57960319519043,23.1299991607666,23.14999961853028,22.459999084472656,22.63999938964844,4736400
2016-10-24,19.00533676147461,23.65999984741211,23.68000030517578,23.200000762939453,23.309999465942383,5380300
2016-10-25,19.053525924682617,23.71999931335449,23.76000022888184,23.13999938964844,23.65999984741211,7827200
2016-10-26,21.00546836853028,26.14999961853028,26.84000015258789,25.39999961853028,25.59000015258789,17773500
2016-10-27,21.037607192993164,26.190000534057617,26.559999465942383,25.8799991607666,26.32999992370605,9176700
2016-10-28,21.045637130737305,26.200000762939453,26.57999992370605,26.07999992370605,26.270000457763672,6218900
2016-10-31,21.158100128173828,26.34000015258789,26.420000076293945,26.14999961853028,26.200000762939453,7351500
2016-11-01,20.76449584960937,25.850000381469727,25.96999931335449,25.520000457763672,25.799999237060547,7902000
2016-11-02,20.202205657958984,25.14999961853028,25.979999542236328,25.09000015258789,25.850000381469727,6628600
2016-11-03,20.009422302246094,24.90999984741211,25.209999084472656,24.88999938964844,25.18000030517578,4714900
2016-11-04,20.00138664245605,24.89999961853028,25.309999465942383,24.88999938964844,25.0,5134500
2016-11-07,20.475318908691406,25.489999771118164,25.600000381469727,25.36000061035156,25.459999084472656,3929300
2016-11-08,20.475318908691406,25.489999771118164,25.65999984741211,25.200000762939453,25.540000915527344,3196800
2016-11-09,20.30663108825684,25.280000686645508,25.540000915527344,24.739999771118164,24.96999931335449,5942900
2016-11-10,20.234331130981445,25.190000534057617,25.81999969482422,24.96999931335449,25.40999984741211,6144800
2016-11-11,20.41105842590332,25.40999984741211,25.6299991607666,25.049999237060547,25.09000015258789,9045100
2016-11-14,20.85285377502441,25.959999084472656,26.200000762939453,25.57999992370605,25.57999992370605,5994200
2016-11-15,20.96531105041504,26.100000381469727,26.18000030517578,25.799999237060547,26.040000915527344,3762000
2016-11-16,21.077768325805664,26.239999771118164,26.6299991607666,26.0,26.39999961853028,3555100
2016-11-17,21.077768325805664,26.239999771118164,26.290000915527344,25.86000061035156,26.09000015258789,4379900
2016-11-18,21.166133880615234,26.350000381469727,26.5,26.07999992370605,26.280000686645508,3112500
2016-11-21,21.174161911010746,26.36000061035156,26.600000381469727,26.09000015258789,26.5,2862100
2016-11-22,21.158100128173828,26.34000015258789,26.440000534057617,26.1200008392334,26.420000076293945,2907500
2016-11-23,21.198257446289062,26.38999938964844,26.57999992370605,26.190000534057617,26.32999992370605,2390400
2016-11-25,21.294658660888672,26.51000022888184,26.61000061035156,26.239999771118164,26.34000015258789,1055500
2016-11-28,21.270553588867188,26.479999542236328,26.729999542236328,26.280000686645508,26.51000022888184,3613600
2016-11-29,21.59307861328125,26.780000686645508,26.979999542236328,26.31999969482422,26.440000534057617,4695700
2016-11-30,22.20587730407715,27.540000915527344,27.64999961853028,26.75,26.780000686645508,11126500
2016-12-01,21.754344940185547,26.979999542236328,27.670000076293945,26.82999992370605,27.600000381469727,5802100
2016-12-02,21.63339614868164,26.82999992370605,26.90999984741211,26.51000022888184,26.8700008392334,3788700
2016-12-05,21.71402740478516,26.93000030517578,27.290000915527344,26.71999931335449,26.950000762939453,5105700
2016-12-06,21.71402740478516,26.93000030517578,26.989999771118164,26.61000061035156,26.88999938964844,3413800
2016-12-07,22.37520217895508,27.75,27.76000022888184,27.309999465942383,27.51000022888184,4537000
2016-12-08,23.10895538330078,28.65999984741211,29.209999084472656,28.280000686645508,28.43000030517578,7608300
2016-12-09,22.947683334350582,28.459999084472656,28.86000061035156,28.190000534057617,28.81999969482422,3259400
2016-12-12,22.58484649658203,28.01000022888184,28.3700008392334,27.780000686645508,28.309999465942383,2927700
2016-12-13,23.068628311157227,28.61000061035156,28.790000915527344,28.07999992370605,28.21999931335449,4932500
2016-12-14,22.86705780029297,28.36000061035156,28.709999084472656,28.309999465942383,28.51000022888184,4419600
2016-12-15,23.036380767822266,28.56999969482422,28.700000762939453,28.270000457763672,28.3799991607666,3613300
2016-12-16,22.842866897583008,28.32999992370605,28.690000534057617,28.200000762939453,28.56999969482422,6020900
2016-12-19,23.01219367980957,28.540000915527344,28.57999992370605,28.32999992370605,28.43000030517578,2125900
2016-12-20,22.97994041442871,28.5,28.799999237060547,28.40999984741211,28.56999969482422,1415700
2016-12-21,22.947683334350582,28.459999084472656,28.600000381469727,28.3799991607666,28.46999931335449,1754700
2016-12-22,22.786426544189453,28.26000022888184,28.520000457763672,28.100000381469727,28.520000457763672,1729900
2016-12-23,22.947683334350582,28.459999084472656,28.479999542236328,28.270000457763672,28.299999237060547,1313200
2016-12-27,23.125072479248047,28.68000030517578,28.739999771118164,28.459999084472656,28.5,1318500
2016-12-28,22.923498153686523,28.43000030517578,28.700000762939453,28.299999237060547,28.61000061035156,1780900
2016-12-29,22.8751163482666,28.3700008392334,28.57999992370605,28.170000076293945,28.43000030517578,1590800
2016-12-30,22.786426544189453,28.26000022888184,28.450000762939453,28.11000061035156,28.450000762939453,1699100
2017-01-03,23.060577392578125,28.600000381469727,28.989999771118164,28.39999961853028,28.479999542236328,5170200
2017-01-04,23.30246353149414,28.89999961853028,28.979999542236328,28.309999465942383,28.450000762939453,2778200
2017-01-05,23.25408935546875,28.84000015258789,29.100000381469727,28.6200008392334,28.8799991607666,2136700
2017-01-06,23.27020835876465,28.86000061035156,28.90999984741211,28.61000061035156,28.8700008392334,1394200
2017-01-09,22.89125061035156,28.38999938964844,28.700000762939453,28.26000022888184,28.6200008392334,2217500
2017-01-10,22.899301528930664,28.39999961853028,28.540000915527344,28.21999931335449,28.3799991607666,2206900
2017-01-11,22.4558334350586,27.850000381469727,27.940000534057617,27.31999969482422,27.5,4790000
2017-01-12,22.41551971435547,27.799999237060547,27.940000534057617,27.39999961853028,27.8700008392334,2502700
2017-01-13,22.47195816040039,27.8700008392334,27.979999542236328,27.76000022888184,27.82999992370605,1503300
2017-01-17,22.10105323791504,27.40999984741211,27.799999237060547,27.290000915527344,27.700000762939453,2510000
2017-01-18,22.044612884521484,27.34000015258789,27.64999961853028,27.32999992370605,27.549999237060547,3229700
2017-01-19,22.109119415283203,27.420000076293945,27.61000061035156,27.21999931335449,27.40999984741211,2972300
2017-01-20,22.11717987060547,27.43000030517578,27.61000061035156,27.11000061035156,27.46999931335449,3054800
2017-01-23,22.173627853393555,27.5,27.56999969482422,27.299999237060547,27.3700008392334,3083300
2017-01-24,22.447772979736328,27.84000015258789,27.959999084472656,27.43000030517578,27.530000686645508,2293600
2017-01-25,22.689666748046875,28.13999938964844,28.34000015258789,27.90999984741211,28.0,3302600
2017-01-26,22.35102081298828,27.71999931335449,28.299999237060547,27.559999465942383,28.239999771118164,6920300
2017-01-27,21.50438117980957,26.670000076293945,27.040000915527344,24.89999961853028,25.100000381469727,18320400
2017-01-30,21.326997756958008,26.450000762939453,26.600000381469727,26.200000762939453,26.59000015258789,5402200
2017-01-31,21.59307861328125,26.780000686645508,26.790000915527344,26.350000381469727,26.450000762939453,6013400
2017-02-01,21.61726760864257,26.809999465942383,26.88999938964844,26.56999969482422,26.739999771118164,5880100
2017-02-02,21.96398162841797,27.239999771118164,27.270000457763672,26.56999969482422,26.690000534057617,6030100
2017-02-03,22.05267906188965,27.350000381469727,27.459999084472656,27.200000762939453,27.39999961853028,3521800
2017-02-06,21.996234893798828,27.280000686645508,27.36000061035156,27.100000381469727,27.21999931335449,3873700
2017-02-07,21.93172645568848,27.200000762939453,27.239999771118164,26.979999542236328,27.21999931335449,5245900
2017-02-08,21.96398162841797,27.239999771118164,27.270000457763672,27.020000457763672,27.200000762939453,3036700
2017-02-09,22.09299659729004,27.39999961853028,27.6200008392334,27.239999771118164,27.239999771118164,2945900
2017-02-10,22.286510467529297,27.63999938964844,27.729999542236328,27.3799991607666,27.43000030517578,2316400
2017-02-13,22.520339965820312,27.93000030517578,28.030000686645508,27.700000762939453,27.700000762939453,3700300
2017-02-14,22.48002243041992,27.8799991607666,27.96999931335449,27.75,27.84000015258789,3576400
2017-02-15,22.544527053833008,27.959999084472656,28.040000915527344,27.809999465942383,27.8799991607666,2805600
2017-02-16,22.64935111999512,28.09000015258789,28.200000762939453,27.86000061035156,27.950000762939453,3301900
2017-02-17,22.89125061035156,28.38999938964844,28.43000030517578,27.979999542236328,28.059999465942383,3280600
2017-02-21,23.133132934570312,28.690000534057617,28.770000457763672,28.26000022888184,28.290000915527344,2933200
2017-02-22,23.00412940979004,28.530000686645508,28.700000762939453,28.3799991607666,28.59000015258789,2817500
2017-02-23,22.923498153686523,28.43000030517578,28.71999931335449,28.31999969482422,28.549999237060547,2329500
2017-02-24,22.91543197631836,28.420000076293945,28.420000076293945,28.049999237060547,28.15999984741211,1800500
2017-02-27,22.92352104187012,28.32999992370605,28.51000022888184,28.200000762939453,28.3700008392334,1489600
2017-02-28,22.656503677368164,28.0,28.290000915527344,27.88999938964844,28.26000022888184,3944900
2017-03-01,22.85878562927246,28.25,28.3700008392334,28.14999961853028,28.200000762939453,2760400
2017-03-02,22.86688804626465,28.26000022888184,28.280000686645508,27.989999771118164,28.1299991607666,3700300
2017-03-03,22.891159057617188,28.290000915527344,28.32999992370605,28.049999237060547,28.290000915527344,2446400
2017-03-06,22.78596305847168,28.15999984741211,28.25,28.01000022888184,28.15999984741211,3428600
2017-03-07,22.777875900268555,28.14999961853028,28.229999542236328,27.989999771118164,28.100000381469727,2645000
2017-03-08,22.41375541687012,27.700000762939453,28.030000686645508,27.440000534057617,28.030000686645508,6221600
2017-03-09,22.502758026123047,27.809999465942383,27.959999084472656,27.64999961853028,27.739999771118164,2385400
2017-03-10,22.66459274291992,28.01000022888184,28.09000015258789,27.84000015258789,27.88999938964844,4548800
2017-03-13,22.63222312927246,27.96999931335449,28.1299991607666,27.82999992370605,28.020000457763672,3630400
2017-03-14,22.7697811126709,28.13999938964844,28.15999984741211,27.82999992370605,27.959999084472656,2708500
2017-03-15,22.899248123168945,28.299999237060547,28.39999961853028,28.020000457763672,28.21999931335449,2887000
2017-03-16,23.077268600463867,28.520000457763672,28.559999465942383,28.26000022888184,28.420000076293945,3494800
2017-03-17,23.206727981567383,28.68000030517578,28.81999969482422,28.520000457763672,28.63999938964844,4417900
2017-03-20,22.802154541015625,28.18000030517578,28.39999961853028,28.06999969482422,28.280000686645508,4389100
2017-03-21,22.502758026123047,27.809999465942383,28.190000534057617,27.729999542236328,28.01000022888184,7346400
2017-03-22,22.66459274291992,28.01000022888184,28.14999961853028,27.700000762939453,27.809999465942383,2778800
2017-03-23,22.52703666687012,27.84000015258789,28.18000030517578,27.770000457763672,28.0,2707200
2017-03-24,22.51085662841797,27.81999969482422,28.100000381469727,27.71999931335449,27.93000030517578,2656100
2017-03-27,22.454212188720703,27.75,27.81999969482422,27.520000457763672,27.63999938964844,2724000
2017-03-28,22.486581802368164,27.790000915527344,28.0,27.63999938964844,27.75,2277700
2017-03-29,22.37329864501953,27.64999961853028,27.850000381469727,27.56999969482422,27.76000022888184,3905100
2017-03-30,22.41375541687012,27.700000762939453,27.81999969482422,27.63999938964844,27.690000534057617,4283600
2017-03-31,22.518945693969727,27.82999992370605,27.88999938964844,27.6299991607666,27.68000030517578,5097700
2017-04-03,22.42994499206543,27.71999931335449,27.93000030517578,27.420000076293945,27.86000061035156,2512400
2017-04-04,22.62413787841797,27.959999084472656,28.200000762939453,27.71999931335449,27.729999542236328,4391600
2017-04-05,22.51085662841797,27.81999969482422,28.209999084472656,27.790000915527344,28.049999237060547,3312400
2017-04-06,22.502758026123047,27.809999465942383,28.020000457763672,27.71999931335449,27.82999992370605,2468700
2017-04-07,22.551307678222656,27.8700008392334,28.059999465942383,27.76000022888184,27.809999465942383,3500100
2017-04-10,22.559404373168945,27.8799991607666,28.020000457763672,27.799999237060547,27.950000762939453,2347900
2017-04-11,22.486581802368164,27.790000915527344,27.86000061035156,27.6200008392334,27.84000015258789,3215400
2017-04-12,22.35710525512696,27.6299991607666,27.82999992370605,27.5,27.82999992370605,2944500
2017-04-13,22.30047035217285,27.559999465942383,27.850000381469727,27.549999237060547,27.700000762939453,3459300
2017-04-17,22.421846389770508,27.709999084472656,27.76000022888184,27.57999992370605,27.600000381469727,1992500
2017-04-18,22.41375541687012,27.700000762939453,27.88999938964844,27.6200008392334,27.6200008392334,6493600
2017-04-19,22.438026428222656,27.729999542236328,27.8799991607666,27.709999084472656,27.780000686645508,9401100
2017-04-20,22.49467086791992,27.799999237060547,28.0,27.709999084472656,27.8700008392334,5844300
2017-04-21,22.47848320007324,27.780000686645508,27.950000762939453,27.76000022888184,27.770000457763672,3359900
2017-04-24,22.87497901916504,28.270000457763672,28.40999984741211,28.040000915527344,28.13999938964844,5327400
2017-04-25,22.47848320007324,27.780000686645508,28.420000076293945,27.770000457763672,28.309999465942383,13535400
2017-04-26,23.837873458862305,29.459999084472656,30.0,27.920000076293945,28.46999931335449,25291300
2017-04-27,24.266735076904297,29.989999771118164,29.989999771118164,29.40999984741211,29.59000015258789,11311900
2017-04-28,24.331462860107425,30.06999969482422,30.309999465942383,29.6299991607666,29.64999961853028,9756800
2017-05-01,24.760316848754883,30.600000381469727,30.670000076293945,30.049999237060547,30.13999938964844,7849000
2017-05-02,24.994977951049805,30.88999938964844,30.959999084472656,30.549999237060547,30.61000061035156,5698700
2017-05-03,24.51757049560547,30.299999237060547,30.88999938964844,30.290000915527344,30.790000915527344,6722300
2017-05-04,24.679405212402344,30.5,30.600000381469727,30.31999969482422,30.420000076293945,8795500
2017-05-05,24.719860076904297,30.549999237060547,30.71999931335449,30.32999992370605,30.6299991607666,5655600
2017-05-08,24.67131423950196,30.489999771118164,30.6299991607666,30.43000030517578,30.489999771118164,7182100
2017-05-09,24.825050354003903,30.68000030517578,30.739999771118164,30.46999931335449,30.5,5084700
2017-05-10,24.962610244750977,30.850000381469727,30.89999961853028,30.559999465942383,30.739999771118164,3839000
2017-05-11,24.727956771850582,30.559999465942383,30.86000061035156,30.540000915527344,30.81999969482422,6463500
2017-05-12,24.752233505249023,30.59000015258789,30.690000534057617,30.459999084472656,30.549999237060547,7067100
2017-05-15,24.76841354370117,30.61000061035156,30.68000030517578,30.5,30.6299991607666,7148100
2017-05-16,24.752233505249023,30.59000015258789,30.68000030517578,30.440000534057617,30.68000030517578,6337900
2017-05-17,24.080629348754883,29.76000022888184,30.59000015258789,29.76000022888184,30.59000015258789,5059300
2017-05-18,23.94306945800781,29.59000015258789,29.88999938964844,29.170000076293945,29.51000022888184,7004700
2017-05-19,23.89451789855957,29.530000686645508,29.940000534057617,29.5,29.670000076293945,3285100
2017-05-22,23.97542953491211,29.6299991607666,29.739999771118164,29.46999931335449,29.46999931335449,4905800
2017-05-23,23.829790115356445,29.450000762939453,29.8799991607666,29.3700008392334,29.780000686645508,4162800
2017-05-24,23.74077796936035,29.34000015258789,29.459999084472656,29.18000030517578,29.420000076293945,3357000
2017-05-25,23.821691513061523,29.440000534057617,29.56999969482422,29.36000061035156,29.46999931335449,8431400
2017-05-26,23.72459602355957,29.31999969482422,29.559999465942383,29.290000915527344,29.559999465942383,2904300
2017-05-30,23.789548873901367,29.299999237060547,29.43000030517578,29.100000381469727,29.14999961853028,3073200
2017-05-31,23.81390380859375,29.32999992370605,29.440000534057617,29.13999938964844,29.350000381469727,4841000
2017-06-01,24.42285346984864,30.07999992370605,30.13999938964844,29.57999992370605,29.64999961853028,5158700
2017-06-02,24.382259368896484,30.030000686645508,30.229999542236328,29.770000457763672,30.190000534057617,3344700
2017-06-05,24.48781013488769,30.15999984741211,30.200000762939453,29.86000061035156,29.959999084472656,6384300
2017-06-06,24.406618118286133,30.059999465942383,30.440000534057617,30.0,30.11000061035156,4675600
2017-06-07,23.700239181518555,29.190000534057617,30.11000061035156,29.01000022888184,30.01000022888184,6957500
2017-06-08,23.943819046020508,29.489999771118164,29.6299991607666,29.100000381469727,29.190000534057617,6488800
2017-06-09,23.229320526123047,28.61000061035156,29.600000381469727,28.11000061035156,29.459999084472656,5710300
2017-06-12,23.43230056762696,28.86000061035156,28.86000061035156,28.01000022888184,28.38999938964844,9244500
2017-06-13,23.70835304260254,29.200000762939453,29.25,28.799999237060547,28.959999084472656,4420500
2017-06-14,23.310508728027344,28.709999084472656,29.290000915527344,28.46999931335449,29.25,6204000
2017-06-15,23.43230056762696,28.86000061035156,28.989999771118164,28.440000534057617,28.489999771118164,4906000
2017-06-16,23.278032302856445,28.670000076293945,28.950000762939453,28.530000686645508,28.8700008392334,4716800
2017-06-19,23.700239181518555,29.190000534057617,29.190000534057617,28.71999931335449,28.799999237060547,2991200
2017-06-20,23.35922241210937,28.770000457763672,29.25,28.729999542236328,29.14999961853028,5154000
2017-06-21,23.43230056762696,28.86000061035156,28.86000061035156,28.350000381469727,28.39999961853028,5115500
2017-06-22,23.02633476257324,28.36000061035156,28.89999961853028,28.13999938964844,28.850000381469727,6640100
2017-06-23,22.969497680664062,28.290000915527344,28.43000030517578,28.229999542236328,28.39999961853028,16676800
2017-06-26,22.82335090637207,28.11000061035156,28.36000061035156,27.959999084472656,28.299999237060547,8257800
2017-06-27,22.685321807861328,27.940000534057617,28.3799991607666,27.770000457763672,27.96999931335449,18018900
2017-06-28,22.872068405151367,28.170000076293945,28.309999465942383,28.020000457763672,28.170000076293945,3990900
2017-06-29,22.58789253234864,27.81999969482422,28.170000076293945,27.6200008392334,28.09000015258789,5513300
2017-06-30,22.636606216430664,27.8799991607666,28.040000915527344,27.76000022888184,27.86000061035156,6127900
2017-07-03,22.522937774658203,27.739999771118164,28.14999961853028,27.71999931335449,28.049999237060547,1818500
2017-07-05,22.880186080932617,28.18000030517578,28.239999771118164,27.76000022888184,27.86000061035156,3979100
2017-07-06,22.56353759765625,27.790000915527344,28.1299991607666,27.75,28.01000022888184,4180900
2017-07-07,23.099409103393555,28.450000762939453,28.489999771118164,27.86000061035156,27.86000061035156,3434300
2017-07-10,23.70835304260254,29.200000762939453,29.280000686645508,28.780000686645508,28.89999961853028,10964600
2017-07-11,23.635284423828125,29.11000061035156,29.270000457763672,28.90999984741211,29.200000762939453,3341000
2017-07-12,23.684001922607425,29.170000076293945,29.36000061035156,28.979999542236328,29.270000457763672,4221300
2017-07-13,23.61904525756836,29.09000015258789,29.299999237060547,29.06999969482422,29.239999771118164,2771100
2017-07-14,23.55409240722656,29.01000022888184,29.13999938964844,28.8799991607666,29.11000061035156,2615700
2017-07-17,23.65152740478516,29.1299991607666,29.15999984741211,28.93000030517578,29.0,3705000
2017-07-18,23.43230056762696,28.86000061035156,29.11000061035156,28.6200008392334,28.940000534057617,3199400
2017-07-19,23.846385955810547,29.3700008392334,29.450000762939453,28.89999961853028,29.0,6228700
2017-07-20,23.72459602355957,29.21999931335449,29.479999542236328,29.01000022888184,29.3799991607666,3361700
2017-07-21,23.89510154724121,29.43000030517578,29.64999961853028,29.25,29.59000015258789,4103300
2017-07-24,23.91945457458496,29.459999084472656,29.56999969482422,29.26000022888184,29.3799991607666,4279000
2017-07-25,24.325422286987305,29.959999084472656,30.290000915527344,29.5,29.520000457763672,8213400
2017-07-26,22.78275489807129,28.059999465942383,29.059999465942383,27.770000457763672,28.209999084472656,13815300
2017-07-27,22.57977294921875,27.809999465942383,28.190000534057617,27.540000915527344,28.14999961853028,8122200
2017-07-28,22.54729461669922,27.770000457763672,27.8799991607666,27.65999984741211,27.670000076293945,4950200
2017-07-31,22.69344139099121,27.950000762939453,28.030000686645508,27.809999465942383,27.8700008392334,5388200
2017-08-01,22.95326042175293,28.270000457763672,28.290000915527344,27.850000381469727,28.020000457763672,4641900
2017-08-02,22.912660598754883,28.21999931335449,28.40999984741211,27.96999931335449,28.290000915527344,4711100
2017-08-03,23.010093688964844,28.34000015258789,28.459999084472656,28.170000076293945,28.26000022888184,4061100
2017-08-04,22.84770965576172,28.13999938964844,28.459999084472656,28.020000457763672,28.440000534057617,4398700
2017-08-07,22.969497680664062,28.290000915527344,28.350000381469727,28.09000015258789,28.18000030517578,3775600
2017-08-08,22.9370174407959,28.25,28.46999931335449,28.229999542236328,28.26000022888184,3203400
2017-08-09,23.00197410583496,28.32999992370605,28.450000762939453,28.030000686645508,28.07999992370605,4806900
2017-08-10,22.279359817504883,27.440000534057617,28.31999969482422,27.39999961853028,28.15999984741211,8143500
2017-08-11,22.25499725341797,27.40999984741211,27.729999542236328,27.3799991607666,27.440000534057617,5516100
2017-08-14,22.669084548950195,27.920000076293945,27.959999084472656,27.709999084472656,27.709999084472656,2827400
2017-08-15,22.352436065673828,27.530000686645508,28.059999465942383,27.440000534057617,28.020000457763672,5624000
2017-08-16,22.53105926513672,27.75,27.780000686645508,27.559999465942383,27.600000381469727,2437100
2017-08-17,22.052017211914062,27.15999984741211,27.71999931335449,27.1299991607666,27.59000015258789,3039300
2017-08-18,22.052017211914062,27.15999984741211,27.3799991607666,27.07999992370605,27.11000061035156,2880400
2017-08-21,22.035776138305664,27.13999938964844,27.229999542236328,26.920000076293945,27.1299991607666,2460300
2017-08-22,22.384904861450195,27.56999969482422,27.61000061035156,27.270000457763672,27.299999237060547,2082600
2017-08-23,22.190046310424805,27.32999992370605,27.5,27.280000686645508,27.420000076293945,1511100
2017-08-24,22.279359817504883,27.440000534057617,27.5,27.34000015258789,27.440000534057617,1932300
2017-08-25,22.36055564880371,27.540000915527344,27.790000915527344,27.530000686645508,27.61000061035156,1317200
2017-08-28,22.352436065673828,27.530000686645508,27.690000534057617,27.420000076293945,27.600000381469727,1082500
2017-08-29,22.271238327026367,27.43000030517578,27.450000762939453,27.229999542236328,27.309999465942383,1461700
2017-08-30,22.52385902404785,27.63999938964844,27.64999961853028,27.26000022888184,27.420000076293945,2508700
2017-08-31,22.597198486328125,27.729999542236328,27.780000686645508,27.51000022888184,27.6200008392334,2990500
2017-09-01,22.55645179748535,27.68000030517578,27.8700008392334,27.63999938964844,27.850000381469727,1497900
2017-09-05,22.140857696533203,27.170000076293945,27.6200008392334,27.01000022888184,27.530000686645508,3617100
2017-09-06,22.40977478027344,27.5,27.559999465942383,27.040000915527344,27.26000022888184,3309400
2017-09-07,22.018627166748047,27.020000457763672,27.450000762939453,26.89999961853028,27.40999984741211,3473900
2017-09-08,21.692657470703125,26.6200008392334,27.040000915527344,26.5,26.96999931335449,4357800
2017-09-11,21.986026763916016,26.979999542236328,27.15999984741211,26.780000686645508,26.84000015258789,4321400
2017-09-12,22.434223175048828,27.530000686645508,27.6200008392334,26.989999771118164,27.040000915527344,4870000
2017-09-13,22.49126243591309,27.600000381469727,27.61000061035156,27.299999237060547,27.39999961853028,2635000
2017-09-14,22.458663940429688,27.559999465942383,27.56999969482422,27.290000915527344,27.43000030517578,2883400
2017-09-15,22.65424156188965,27.799999237060547,27.809999465942383,27.459999084472656,27.61000061035156,7151600
2017-09-18,22.58089828491211,27.709999084472656,27.84000015258789,27.57999992370605,27.76000022888184,2824400
2017-09-19,22.5075626373291,27.6200008392334,27.809999465942383,27.459999084472656,27.809999465942383,2220000
2017-09-20,22.56460189819336,27.690000534057617,27.84000015258789,27.520000457763672,27.71999931335449,2177100
2017-09-21,22.58089828491211,27.709999084472656,27.81999969482422,27.440000534057617,27.809999465942383,3730300
2017-09-22,22.8090763092041,27.989999771118164,28.09000015258789,27.690000534057617,27.739999771118164,2306700
2017-09-25,22.70313835144043,27.86000061035156,28.209999084472656,27.780000686645508,28.100000381469727,3466000
2017-09-26,22.68684196472168,27.84000015258789,28.09000015258789,27.799999237060547,27.989999771118164,1982900
2017-09-27,22.90686416625977,28.11000061035156,28.229999542236328,27.8799991607666,27.950000762939453,2643400
2017-09-28,22.58089828491211,27.709999084472656,28.09000015258789,27.709999084472656,27.959999084472656,3032700
2017-09-29,22.67868995666504,27.82999992370605,27.86000061035156,27.5,27.850000381469727,2129200
2017-10-02,23.12688446044922,28.3799991607666,28.38999938964844,27.780000686645508,27.940000534057617,2946200
2017-10-03,23.25727081298828,28.540000915527344,28.549999237060547,28.1299991607666,28.3700008392334,3125300
2017-10-04,23.37950134277344,28.690000534057617,28.770000457763672,28.34000015258789,28.540000915527344,5707900
2017-10-05,23.18392944335937,28.450000762939453,28.809999465942383,28.3700008392334,28.700000762939453,4444500
2017-10-06,23.167631149291992,28.43000030517578,28.6299991607666,28.36000061035156,28.420000076293945,5952100
2017-10-09,22.263090133666992,27.31999969482422,28.36000061035156,27.200000762939453,28.36000061035156,8478800
2017-10-10,22.25493621826172,27.309999465942383,27.61000061035156,27.239999771118164,27.39999961853028,4844200
2017-10-11,21.88823699951172,26.86000061035156,27.0,26.26000022888184,27.0,11180700
2017-10-12,20.75551986694336,25.46999931335449,26.700000762939453,25.07999992370605,25.71999931335449,19830800
2017-10-13,21.040742874145508,25.81999969482422,25.920000076293945,25.190000534057617,25.43000030517578,7988800
2017-10-16,21.220020294189453,26.040000915527344,26.200000762939453,25.75,25.75,6057700
2017-10-17,21.277061462402344,26.11000061035156,26.1200008392334,25.93000030517578,26.0,4045700
2017-10-18,21.25261306762696,26.07999992370605,26.239999771118164,26.040000915527344,26.1200008392334,3580100
2017-10-19,21.040742874145508,25.81999969482422,26.09000015258789,25.790000915527344,25.93000030517578,3198400
2017-10-20,21.21186828613281,26.030000686645508,26.200000762939453,26.0,26.059999465942383,3499000
2017-10-23,20.991846084594727,25.76000022888184,26.15999984741211,25.75,26.1200008392334,4954600
2017-10-24,21.31780433654785,26.15999984741211,26.229999542236328,25.790000915527344,25.809999465942383,5946000
2017-10-25,20.01396751403809,24.559999465942383,25.100000381469727,23.8700008392334,24.06999969482422,14040900
2017-10-26,20.25843811035156,24.86000061035156,24.93000030517578,24.5,24.559999465942383,9890300
2017-10-27,20.53550148010254,25.200000762939453,25.280000686645508,24.780000686645508,24.940000534057617,7826100
2017-10-30,20.307329177856445,24.920000076293945,25.229999542236328,24.729999542236328,25.209999084472656,7205300
2017-10-31,20.23398780822754,24.82999992370605,25.18000030517578,24.799999237060547,24.920000076293945,6696900
2017-11-01,20.25843811035156,24.86000061035156,25.0,24.51000022888184,25.0,6596400
2017-11-02,19.883581161499023,24.39999961853028,24.81999969482422,24.3700008392334,24.790000915527344,5532300
2017-11-03,20.005809783935547,24.549999237060547,24.68000030517578,24.34000015258789,24.5,4562500
2017-11-06,20.16064453125,24.739999771118164,24.86000061035156,24.420000076293945,24.46999931335449,6048600
2017-11-07,19.965072631835938,24.5,24.81999969482422,24.459999084472656,24.729999542236328,5097100
2017-11-08,20.20139503479004,24.790000915527344,24.86000061035156,24.32999992370605,24.479999542236328,5457900
2017-11-09,20.6577377319336,25.350000381469727,25.46999931335449,24.549999237060547,24.59000015258789,13396800
2017-11-10,20.372520446777344,25.0,25.18000030517578,24.739999771118164,25.100000381469727,7274400
2017-11-13,20.665884017944336,25.36000061035156,25.5,24.8700008392334,24.88999938964844,6157100
2017-11-14,21.537826538085938,26.43000030517578,26.670000076293945,25.32999992370605,25.350000381469727,12605000
2017-11-15,21.14668083190918,25.950000762939453,26.90999984741211,25.89999961853028,26.26000022888184,8717900
2017-11-16,21.342248916625977,26.190000534057617,26.459999084472656,26.049999237060547,26.1299991607666,5920500
2017-11-17,21.43189239501953,26.299999237060547,26.420000076293945,26.0,26.1299991607666,4505600
2017-11-20,21.97787475585937,26.96999931335449,27.09000015258789,26.01000022888184,26.049999237060547,6867800
2017-11-21,21.986026763916016,26.979999542236328,27.280000686645508,26.790000915527344,27.200000762939453,5201700
2017-11-22,22.010469436645508,27.01000022888184,27.40999984741211,26.96999931335449,27.100000381469727,4819500
2017-11-24,22.279386520385746,27.34000015258789,27.440000534057617,26.90999984741211,27.01000022888184,2490000
2017-11-27,22.311986923217773,27.3799991607666,27.6299991607666,27.100000381469727,27.459999084472656,6885700
2017-11-28,22.972055435180664,28.190000534057617,28.290000915527344,27.350000381469727,27.39999961853028,9066100
2017-11-29,24.12921905517578,29.61000061035156,29.950000762939453,28.200000762939453,28.25,28435400
2017-11-30,22.69831275939941,27.76000022888184,28.729999542236328,27.049999237060547,27.049999237060547,33462100
2017-12-01,23.205251693725582,28.3799991607666,29.0,27.56999969482422,27.770000457763672,12056000
2017-12-04,22.86183738708496,27.959999084472656,28.46999931335449,27.88999938964844,28.46999931335449,7976200
2017-12-05,22.57565689086914,27.61000061035156,28.270000457763672,27.59000015258789,28.14999961853028,7139200
2017-12-06,22.86183738708496,27.959999084472656,28.1200008392334,27.6299991607666,27.68000030517578,4316000
2017-12-07,23.23796463012696,28.420000076293945,28.46999931335449,27.96999931335449,28.0,4306800
2017-12-08,23.205251693725582,28.3799991607666,28.549999237060547,28.18000030517578,28.40999984741211,3218300
2017-12-11,23.21343040466309,28.38999938964844,28.549999237060547,28.290000915527344,28.459999084472656,3382500
2017-12-12,23.64678955078125,28.920000076293945,29.56999969482422,28.350000381469727,28.43000030517578,6974600
2017-12-13,23.802152633666992,29.11000061035156,29.26000022888184,28.309999465942383,29.0,4061900
2017-12-14,23.548673629760746,28.799999237060547,29.100000381469727,28.790000915527344,28.989999771118164,3182900
2017-12-15,23.221614837646484,28.39999961853028,28.979999542236328,28.350000381469727,28.940000534057617,8804900
2017-12-18,23.385141372680664,28.600000381469727,29.06999969482422,28.5,28.540000915527344,4946900
2017-12-19,23.25431632995605,28.440000534057617,28.729999542236328,28.239999771118164,28.489999771118164,4122000
2017-12-20,23.30337715148925,28.5,28.61000061035156,28.18000030517578,28.25,2304000
2017-12-21,23.450557708740234,28.68000030517578,28.93000030517578,28.5,28.57999992370605,2341200
2017-12-22,23.597734451293945,28.86000061035156,28.90999984741211,28.6299991607666,28.700000762939453,1904000
2017-12-26,23.597734451293945,28.86000061035156,29.09000015258789,28.780000686645508,28.780000686645508,2329700
2017-12-27,23.614086151123047,28.8799991607666,28.989999771118164,28.68000030517578,28.799999237060547,1326200
2017-12-28,23.605907440185547,28.8700008392334,29.280000686645508,28.739999771118164,29.07999992370605,1676000
2017-12-29,23.30337715148925,28.5,28.920000076293945,28.489999771118164,28.799999237060547,1765600
2018-01-02,23.466909408569336,28.700000762939453,28.93000030517578,28.61000061035156,28.729999542236328,1903400
2018-01-03,23.556848526000977,28.809999465942383,28.89999961853028,28.6299991607666,28.790000915527344,2168500
2018-01-04,23.540496826171875,28.790000915527344,29.14999961853028,28.65999984741211,28.940000534057617,3015000
2018-01-05,23.31155204772949,28.51000022888184,28.93000030517578,28.3799991607666,28.89999961853028,4774000
2018-01-08,23.532320022583008,28.780000686645508,28.850000381469727,28.059999465942383,28.5,4717300
2018-01-09,23.4096736907959,28.6299991607666,28.93000030517578,28.59000015258789,28.920000076293945,2696400
2018-01-10,23.221614837646484,28.39999961853028,28.65999984741211,28.25,28.40999984741211,3166900
2018-01-11,23.51596641540528,28.76000022888184,28.770000457763672,28.31999969482422,28.3799991607666,2632800
2018-01-12,23.62225914001465,28.88999938964844,28.940000534057617,28.56999969482422,28.86000061035156,3057700
2018-01-16,23.393320083618164,28.61000061035156,29.200000762939453,28.51000022888184,28.979999542236328,2870900
2018-01-17,23.442380905151367,28.670000076293945,28.739999771118164,27.780000686645508,27.799999237060547,3289800
2018-01-18,22.61654090881348,27.65999984741211,28.46999931335449,27.540000915527344,28.459999084472656,5759800
2018-01-19,22.77189064025879,27.850000381469727,28.040000915527344,27.700000762939453,27.729999542236328,3952600
2018-01-22,23.188899993896484,28.36000061035156,28.600000381469727,27.81999969482422,28.59000015258789,5711300
2018-01-23,23.00083923339844,28.1299991607666,28.459999084472656,27.96999931335449,28.450000762939453,4127100
2018-01-24,22.870019912719727,27.96999931335449,28.450000762939453,27.940000534057617,28.299999237060547,3763100
2018-01-25,22.62471008300781,27.670000076293945,28.15999984741211,27.56999969482422,28.1200008392334,2899700
2018-01-26,23.049903869628903,28.190000534057617,28.209999084472656,27.59000015258789,27.979999542236328,3097200
2018-01-29,23.28702163696289,28.479999542236328,28.670000076293945,28.049999237060547,28.049999237060547,4454500
2018-01-30,23.15619659423828,28.31999969482422,28.549999237060547,28.170000076293945,28.299999237060547,5281200
2018-01-31,21.38187026977539,26.14999961853028,26.309999465942383,25.049999237060547,25.82999992370605,16168400
2018-02-01,21.708934783935547,26.549999237060547,26.57999992370605,25.799999237060547,25.959999084472656,4949300
2018-02-02,21.47180938720703,26.26000022888184,26.75,26.239999771118164,26.40999984741211,5380600
2018-02-05,20.605091094970703,25.200000762939453,26.270000457763672,25.190000534057617,26.01000022888184,3866500
2018-02-06,20.88309669494629,25.540000915527344,25.63999938964844,24.559999465942383,25.01000022888184,4795800
2018-02-07,20.76045036315918,25.38999938964844,25.729999542236328,25.26000022888184,25.51000022888184,3196100
2018-02-08,20.163555145263672,24.65999984741211,25.540000915527344,24.64999961853028,25.420000076293945,4350500
2018-02-09,20.80133056640625,25.440000534057617,25.670000076293945,24.559999465942383,24.920000076293945,6416000
2018-02-12,21.09568214416504,25.799999237060547,25.88999938964844,25.209999084472656,25.61000061035156,3977800
2018-02-13,21.41457176208496,26.190000534057617,26.25,25.64999961853028,25.64999961853028,3846200
2018-02-14,21.39822196960449,26.170000076293945,26.36000061035156,25.959999084472656,25.96999931335449,6977400
2018-02-15,22.00328826904297,26.90999984741211,27.1299991607666,26.309999465942383,26.440000534057617,6866400
2018-02-16,21.545394897460938,26.350000381469727,27.299999237060547,26.350000381469727,26.89999961853028,5780300
2018-02-20,21.4472770690918,26.229999542236328,26.690000534057617,26.049999237060547,26.059999465942383,5335700
2018-02-21,21.169273376464844,25.88999938964844,26.39999961853028,25.809999465942383,26.290000915527344,4678500
2018-02-22,21.283748626708984,26.030000686645508,26.31999969482422,25.850000381469727,25.8799991607666,4485400
2018-02-23,21.357336044311523,26.1200008392334,26.290000915527344,25.690000534057617,26.209999084472656,4455700
2018-02-26,21.41457176208496,26.190000534057617,26.46999931335449,26.09000015258789,26.190000534057617,4033800
2018-02-27,21.340984344482425,26.100000381469727,26.700000762939453,26.020000457763672,26.190000534057617,3630500
2018-02-28,21.126914978027344,25.65999984741211,26.09000015258789,25.520000457763672,25.979999542236328,6124900
2018-03-01,20.72348022460937,25.170000076293945,25.8799991607666,25.09000015258789,25.64999961853028,4299200
2018-03-02,21.077516555786133,25.600000381469727,25.6299991607666,25.040000915527344,25.1200008392334,3572800
2018-03-05,21.27511978149414,25.84000015258789,26.15999984741211,25.440000534057617,25.51000022888184,6480200
2018-03-06,21.35745429992676,25.940000534057617,26.049999237060547,25.68000030517578,26.01000022888184,3265600
2018-03-07,21.299823760986328,25.8700008392334,26.01000022888184,25.690000534057617,25.809999465942383,3382400
2018-03-08,21.439786911010746,26.040000915527344,26.059999465942383,25.76000022888184,25.90999984741211,4063600
2018-03-09,21.76089096069336,26.43000030517578,26.440000534057617,26.030000686645508,26.14999961853028,2088700
2018-03-12,21.68678855895996,26.34000015258789,26.6200008392334,26.209999084472656,26.5,2886400
2018-03-13,21.74442481994629,26.40999984741211,26.64999961853028,26.299999237060547,26.420000076293945,3278100
2018-03-14,21.57151985168457,26.200000762939453,26.61000061035156,26.07999992370605,26.61000061035156,3526000
2018-03-15,21.596216201782227,26.229999542236328,26.40999984741211,26.100000381469727,26.200000762939453,3976400
2018-03-16,21.64562225341797,26.290000915527344,26.5,26.200000762939453,26.270000457763672,9799300
2018-03-19,20.797582626342773,25.26000022888184,25.90999984741211,25.07999992370605,25.540000915527344,8215000
2018-03-20,20.929317474365234,25.420000076293945,25.56999969482422,25.32999992370605,25.350000381469727,3109200
2018-03-21,20.83051490783692,25.299999237060547,25.600000381469727,25.11000061035156,25.190000534057617,4872100
2018-03-22,20.410614013671875,24.790000915527344,25.38999938964844,24.780000686645508,25.020000457763672,5122200
2018-03-23,19.858970642089844,24.1200008392334,24.8799991607666,24.1200008392334,24.850000381469727,4879300
2018-03-26,20.254180908203125,24.600000381469727,24.63999938964844,24.100000381469727,24.40999984741211,3821300
2018-03-27,19.96600341796875,24.25,24.81999969482422,24.11000061035156,24.6299991607666,4261400
2018-03-28,19.80134010314941,24.049999237060547,24.290000915527344,23.850000381469727,24.21999931335449,4782200
2018-03-29,20.03187370300293,24.32999992370605,24.3700008392334,23.979999542236328,24.14999961853028,4093700
2018-04-02,19.81780242919922,24.06999969482422,24.309999465942383,23.88999938964844,24.309999465942383,3822200
2018-04-03,19.84250831604004,24.100000381469727,24.239999771118164,23.81999969482422,24.200000762939453,4452000
2018-04-04,19.88367462158203,24.14999961853028,24.21999931335449,23.68000030517578,23.68000030517578,5330600
2018-04-05,20.04833984375,24.350000381469727,24.57999992370605,24.229999542236328,24.38999938964844,3092600
2018-04-06,19.83427047729492,24.09000015258789,24.420000076293945,23.8700008392334,24.239999771118164,3949200
2018-04-09,19.84250831604004,24.100000381469727,24.39999961853028,24.09000015258789,24.25,3308800
2018-04-10,20.303577423095703,24.65999984741211,24.76000022888184,24.39999961853028,24.440000534057617,3079700
2018-04-11,20.32827949523925,24.690000534057617,24.81999969482422,24.540000915527344,24.559999465942383,2100900
2018-04-12,20.46001243591309,24.850000381469727,24.96999931335449,24.729999542236328,24.8700008392334,2733000
2018-04-13,20.46001243591309,24.850000381469727,25.1299991607666,24.65999984741211,24.940000534057617,3950300
2018-04-16,20.57527732849121,24.989999771118164,25.15999984741211,24.850000381469727,24.979999542236328,4306300
2018-04-17,20.921085357666016,25.40999984741211,25.489999771118164,25.01000022888184,25.13999938964844,4495300
2018-04-18,20.073041915893555,24.3799991607666,24.51000022888184,23.61000061035156,23.88999938964844,10875800
2018-04-19,20.122447967529297,24.440000534057617,24.75,24.36000061035156,24.36000061035156,4514800
2018-04-20,20.04833984375,24.350000381469727,24.530000686645508,24.170000076293945,24.489999771118164,3424700
2018-04-23,20.03187370300293,24.32999992370605,24.600000381469727,24.25,24.3799991607666,3645000
2018-04-24,19.99893951416016,24.290000915527344,24.600000381469727,24.09000015258789,24.31999969482422,3562200
2018-04-25,19.99893951416016,24.290000915527344,24.39999961853028,24.040000915527344,24.31999969482422,2788600
2018-04-26,20.15537452697754,24.479999542236328,24.59000015258789,24.239999771118164,24.350000381469727,2891600
2018-04-27,20.270647048950195,24.6200008392334,24.8799991607666,24.489999771118164,24.489999771118164,4936400
2018-04-30,20.24594116210937,24.59000015258789,24.76000022888184,24.46999931335449,24.690000534057617,5907700
2018-05-01,20.36944007873535,24.739999771118164,24.940000534057617,24.26000022888184,24.3799991607666,6080500
2018-05-02,20.51764678955078,24.920000076293945,26.950000762939453,24.350000381469727,26.89999961853028,13921300
2018-05-03,20.715246200561523,25.15999984741211,25.239999771118164,24.799999237060547,24.8799991607666,7724800
2018-05-04,21.126914978027344,25.65999984741211,25.700000762939453,24.89999961853028,24.90999984741211,7564600
2018-05-07,21.349220275878903,25.93000030517578,26.07999992370605,25.540000915527344,25.68000030517578,6567500
2018-05-08,21.349220275878903,25.93000030517578,26.06999969482422,25.780000686645508,26.0,6089500
2018-05-09,21.546817779541016,26.170000076293945,26.209999084472656,25.89999961853028,25.940000534057617,3708000
2018-05-10,21.68678855895996,26.34000015258789,26.56999969482422,25.920000076293945,25.96999931335449,6905500
2018-05-11,21.83499336242676,26.520000457763672,26.56999969482422,26.209999084472656,26.350000381469727,5431400
2018-05-14,22.024354934692383,26.75,26.93000030517578,26.530000686645508,26.68000030517578,8595300
2018-05-15,22.09022521972656,26.82999992370605,26.88999938964844,26.25,26.479999542236328,8370300
2018-05-16,22.114925384521484,26.86000061035156,26.959999084472656,26.690000534057617,26.790000915527344,7105600
2018-05-17,21.999658584594727,26.71999931335449,26.989999771118164,26.43000030517578,26.43000030517578,6381800
2018-05-18,21.950258255004883,26.65999984741211,26.780000686645508,26.600000381469727,26.670000076293945,3647400
2018-05-21,22.205495834350582,26.96999931335449,27.0,26.709999084472656,26.809999465942383,4103400
2018-05-22,22.39486312866211,27.200000762939453,27.38999938964844,26.940000534057617,27.0,11548200
2018-05-23,22.40309715270996,27.209999084472656,27.239999771118164,26.790000915527344,27.06999969482422,5207700
2018-05-24,22.23842430114746,27.01000022888184,27.290000915527344,26.950000762939453,27.200000762939453,5169000
2018-05-25,22.41956329345703,27.229999542236328,27.46999931335449,26.920000076293945,26.950000762939453,4359700
2018-05-29,22.328998565673828,27.1200008392334,27.280000686645508,26.96999931335449,27.040000915527344,7757200
2018-05-30,22.23019027709961,27.0,27.239999771118164,26.84000015258789,27.209999084472656,3749400
2018-05-31,22.080997467041016,26.63999938964844,27.15999984741211,26.549999237060547,26.8700008392334,7085100
2018-06-01,22.2136173248291,26.799999237060547,26.979999542236328,26.709999084472656,26.84000015258789,4176400
2018-06-04,22.346229553222656,26.959999084472656,27.01000022888184,26.75,26.88999938964844,6850500
2018-06-05,22.63633346557617,27.309999465942383,27.32999992370605,27.030000686645508,27.030000686645508,4721700
2018-06-06,22.73579788208008,27.43000030517578,27.540000915527344,27.1200008392334,27.38999938964844,4348600
2018-06-07,22.73579788208008,27.43000030517578,27.71999931335449,27.34000015258789,27.530000686645508,4162000
2018-06-08,23.14194297790528,27.920000076293945,27.979999542236328,27.299999237060547,27.350000381469727,8029400
2018-06-11,23.0259017944336,27.780000686645508,28.15999984741211,27.63999938964844,27.920000076293945,6533100
2018-06-12,23.10050392150879,27.8700008392334,28.1299991607666,27.729999542236328,27.8700008392334,5151400
2018-06-13,23.14194297790528,27.920000076293945,28.34000015258789,27.809999465942383,27.96999931335449,7003100
2018-06-14,23.059059143066406,27.81999969482422,28.280000686645508,27.670000076293945,28.040000915527344,7509000
2018-06-15,22.619760513305664,27.290000915527344,27.799999237060547,27.170000076293945,27.790000915527344,11996200
2018-06-18,22.437414169311523,27.06999969482422,27.170000076293945,26.729999542236328,26.920000076293945,7840200
2018-06-19,22.230188369750977,26.81999969482422,27.1200008392334,26.670000076293945,26.90999984741211,4511900
2018-06-20,22.32965469360352,26.940000534057617,27.190000534057617,26.84000015258789,26.950000762939453,4228700
2018-06-21,22.313077926635746,26.920000076293945,27.1200008392334,26.729999542236328,27.0,4989300
2018-06-22,22.13901138305664,26.709999084472656,26.989999771118164,26.51000022888184,26.920000076293945,6912600
2018-06-25,21.81576156616211,26.31999969482422,26.600000381469727,26.11000061035156,26.540000915527344,6356600
2018-06-26,22.02297782897949,26.56999969482422,26.75,26.420000076293945,26.459999084472656,2968700
2018-06-27,22.16388702392578,26.739999771118164,27.270000457763672,26.600000381469727,26.71999931335449,4341400
2018-06-28,22.594894409179688,27.26000022888184,27.350000381469727,26.64999961853028,26.68000030517578,4486200
2018-06-29,22.72751235961914,27.420000076293945,27.65999984741211,27.299999237060547,27.32999992370605,3867700
2018-07-02,23.00104331970215,27.75,27.799999237060547,27.190000534057617,27.21999931335449,5329200
2018-07-03,22.570030212402344,27.229999542236328,27.65999984741211,26.920000076293945,27.600000381469727,3884500
2018-07-05,23.050769805908203,27.809999465942383,27.84000015258789,27.229999542236328,27.36000061035156,3898300
2018-07-06,23.17510414123535,27.959999084472656,28.040000915527344,27.63999938964844,27.76000022888184,3458100
2018-07-09,23.57295608520508,28.440000534057617,28.459999084472656,28.11000061035156,28.200000762939453,3858500
2018-07-10,23.45691299438477,28.299999237060547,28.690000534057617,28.1200008392334,28.5,5989900
2018-07-11,23.31600570678711,28.1299991607666,28.290000915527344,27.89999961853028,28.200000762939453,3737300
2018-07-12,23.630977630615234,28.51000022888184,28.51000022888184,28.270000457763672,28.270000457763672,2225600
2018-07-13,23.09221267700196,27.86000061035156,28.549999237060547,27.39999961853028,28.479999542236328,6988700
2018-07-16,23.09221267700196,27.86000061035156,28.06999969482422,27.76000022888184,27.86000061035156,4116000
2018-07-17,23.15023422241211,27.93000030517578,28.020000457763672,27.709999084472656,27.76000022888184,3323000
2018-07-18,23.432052612304688,28.270000457763672,28.299999237060547,27.96999931335449,28.049999237060547,3157800
2018-07-19,23.25798988342285,28.059999465942383,28.350000381469727,28.01000022888184,28.239999771118164,3010000
2018-07-20,23.183395385742188,27.96999931335449,28.170000076293945,27.920000076293945,28.01000022888184,3068500
2018-07-23,23.274564743041992,28.07999992370605,28.190000534057617,27.739999771118164,28.049999237060547,3627900
2018-07-24,23.166810989379883,27.950000762939453,28.299999237060547,27.86000061035156,28.190000534057617,4589300
2018-07-25,23.374027252197266,28.200000762939453,28.239999771118164,27.89999961853028,27.940000534057617,2896900
2018-07-26,23.41546630859375,28.25,28.549999237060547,28.13999938964844,28.13999938964844,4373900
2018-07-27,21.699722290039062,26.18000030517578,26.18000030517578,25.0,25.770000457763672,17091200
2018-07-30,21.799184799194336,26.299999237060547,26.790000915527344,26.190000534057617,26.76000022888184,6489200
2018-07-31,21.83233642578125,26.34000015258789,26.540000915527344,26.18000030517578,26.350000381469727,4980700
2018-08-01,21.492504119873047,25.93000030517578,26.43000030517578,25.780000686645508,26.32999992370605,4294300
2018-08-02,21.699722290039062,26.18000030517578,26.32999992370605,25.520000457763672,25.68000030517578,3610100
2018-08-03,21.83233642578125,26.34000015258789,26.39999961853028,26.100000381469727,26.1299991607666,2619100
2018-08-06,21.774322509765625,26.270000457763672,26.420000076293945,26.21999931335449,26.290000915527344,2506800
2018-08-07,22.08928298950196,26.64999961853028,26.68000030517578,26.11000061035156,26.25,3705500
2018-08-08,22.17217445373535,26.75,26.790000915527344,26.40999984741211,26.670000076293945,2309300
2018-08-09,22.32965469360352,26.940000534057617,27.0,26.690000534057617,26.770000457763672,2313400
2018-08-10,22.2882137298584,26.88999938964844,27.09000015258789,26.780000686645508,26.84000015258789,2539700
2018-08-13,22.32965469360352,26.940000534057617,27.170000076293945,26.850000381469727,26.93000030517578,5841000
2018-08-14,22.2965030670166,26.89999961853028,27.13999938964844,26.8700008392334,26.950000762939453,2815000
2018-08-15,22.24677085876465,26.84000015258789,26.8700008392334,26.59000015258789,26.81999969482422,2836200
2018-08-16,22.6280517578125,27.299999237060547,27.350000381469727,26.89999961853028,27.0,3417200
2018-08-17,22.99275016784668,27.739999771118164,27.780000686645508,27.059999465942383,27.25,2992400
2018-08-20,23.357452392578125,28.18000030517578,28.18000030517578,27.790000915527344,27.790000915527344,4936100
2018-08-21,23.4652042388916,28.309999465942383,28.32999992370605,27.81999969482422,28.1200008392334,3329700
2018-08-22,23.42375946044922,28.26000022888184,28.299999237060547,28.09000015258789,28.229999542236328,2533000
2018-08-23,23.490066528320312,28.34000015258789,28.43000030517578,28.239999771118164,28.290000915527344,1930800
2018-08-24,23.689002990722656,28.57999992370605,28.739999771118164,28.39999961853028,28.479999542236328,3225200
2018-08-27,23.664134979248047,28.549999237060547,28.780000686645508,28.540000915527344,28.65999984741211,2144400
2018-08-28,23.97910118103028,28.93000030517578,29.01000022888184,28.549999237060547,28.700000762939453,4537300
2018-08-29,23.90449905395508,28.84000015258789,28.979999542236328,28.81999969482422,28.950000762939453,2393900
2018-08-30,23.77188873291016,28.68000030517578,28.940000534057617,28.68000030517578,28.90999984741211,3370700
2018-08-31,23.7135009765625,28.43000030517578,28.600000381469727,28.1299991607666,28.3799991607666,5852900
2018-09-04,23.68013381958008,28.38999938964844,28.420000076293945,28.07999992370605,28.34000015258789,3701900
2018-09-05,23.34649085998535,27.989999771118164,28.350000381469727,27.959999084472656,28.299999237060547,4787700
2018-09-06,23.10460090637207,27.700000762939453,28.270000457763672,27.540000915527344,28.13999938964844,3868600
2018-09-07,22.94612503051757,27.51000022888184,27.709999084472656,27.40999984741211,27.709999084472656,5019800
2018-09-10,23.046215057373047,27.6299991607666,27.700000762939453,27.420000076293945,27.56999969482422,3849200
2018-09-11,22.93778419494629,27.5,27.690000534057617,27.36000061035156,27.530000686645508,2204100
2018-09-12,22.9794864654541,27.549999237060547,27.68000030517578,27.420000076293945,27.479999542236328,4118200
2018-09-13,23.20469093322754,27.81999969482422,28.0,27.51000022888184,27.61000061035156,4703400
2018-09-14,23.24639892578125,27.8700008392334,28.32999992370605,27.670000076293945,27.920000076293945,6024000
2018-09-17,23.35483741760254,28.0,28.31999969482422,27.86000061035156,27.950000762939453,9021600
2018-09-18,23.84695243835449,28.59000015258789,28.65999984741211,27.959999084472656,28.07999992370605,5983300
2018-09-19,24.35575294494629,29.200000762939453,29.479999542236328,28.93000030517578,29.440000534057617,6632700
2018-09-20,24.65603446960449,29.559999465942383,29.670000076293945,29.34000015258789,29.34000015258789,3282900
2018-09-21,24.83119201660156,29.770000457763672,29.920000076293945,29.51000022888184,29.56999969482422,6409100
2018-09-24,24.74778175354004,29.670000076293945,29.950000762939453,29.459999084472656,29.700000762939453,8967700
2018-09-25,24.84787368774414,29.790000915527344,29.96999931335449,29.600000381469727,29.670000076293945,3675000
2018-09-26,24.681053161621094,29.59000015258789,29.90999984741211,29.56999969482422,29.809999465942383,2822000
2018-09-27,24.77280616760254,29.700000762939453,29.86000061035156,29.489999771118164,29.549999237060547,2191100
2018-09-28,24.998008728027344,29.96999931335449,30.190000534057617,29.57999992370605,29.690000534057617,3327600
2018-10-01,24.956314086914062,29.920000076293945,30.229999542236328,29.81999969482422,30.040000915527344,4378100
2018-10-02,24.881237030029297,29.82999992370605,30.01000022888184,29.670000076293945,29.8700008392334,4428100
2018-10-03,24.814512252807617,29.75,30.030000686645508,29.690000534057617,30.030000686645508,2977200
2018-10-04,24.49755859375,29.3700008392334,29.700000762939453,29.239999771118164,29.700000762939453,3011200
2018-10-05,24.30571174621582,29.13999938964844,29.43000030517578,28.950000762939453,29.32999992370605,1986700
2018-10-08,24.030452728271484,28.809999465942383,29.15999984741211,28.71999931335449,29.030000686645508,2198900
2018-10-09,23.988746643066406,28.76000022888184,28.90999984741211,28.6200008392334,28.6200008392334,2314100
2018-10-10,23.0295352935791,27.61000061035156,28.6200008392334,27.57999992370605,28.549999237060547,3629100
2018-10-11,22.337230682373047,26.780000686645508,27.6299991607666,26.76000022888184,27.440000534057617,5040200
2018-10-12,22.787643432617188,27.31999969482422,27.38999938964844,26.780000686645508,27.270000457763672,3542500
2018-10-15,23.162988662719727,27.770000457763672,27.90999984741211,27.270000457763672,27.31999969482422,4989300
2018-10-16,23.821929931640625,28.559999465942383,28.59000015258789,27.799999237060547,27.89999961853028,3684000
2018-10-17,24.080501556396484,28.8700008392334,28.950000762939453,28.38999938964844,28.540000915527344,3851000
2018-10-18,23.871978759765625,28.6200008392334,29.21999931335449,28.38999938964844,28.8700008392334,4522500
2018-10-19,23.69681739807129,28.40999984741211,28.88999938964844,28.3700008392334,28.670000076293945,3664500
2018-10-22,23.75520133972168,28.479999542236328,28.71999931335449,28.1299991607666,28.65999984741211,4454500
2018-10-23,23.0045166015625,27.57999992370605,28.1299991607666,27.100000381469727,27.8799991607666,11621100
2018-10-24,23.90534400939941,28.65999984741211,29.020000457763672,27.59000015258789,27.6200008392334,11653000
2018-10-25,23.88031768798828,28.6299991607666,28.950000762939453,28.520000457763672,28.90999984741211,5279600
2018-10-26,23.47160530090332,28.13999938964844,28.559999465942383,27.790000915527344,28.229999542236328,5012700
2018-10-29,23.39653968811035,28.049999237060547,28.68000030517578,27.729999542236328,28.51000022888184,3785600
2018-10-30,24.005430221557617,28.780000686645508,28.809999465942383,28.06999969482422,28.21999931335449,4956800
2018-10-31,24.414140701293945,29.270000457763672,29.6200008392334,28.96999931335449,29.049999237060547,4956700
2018-11-01,24.722761154174805,29.63999938964844,29.68000030517578,29.15999984741211,29.39999961853028,3224000
2018-11-02,24.83119201660156,29.770000457763672,30.06999969482422,29.51000022888184,29.809999465942383,4541700
2018-11-05,24.872901916503903,29.81999969482422,30.14999961853028,29.700000762939453,29.81999969482422,3731200
2018-11-06,25.148149490356445,30.14999961853028,30.14999961853028,29.84000015258789,29.8799991607666,3076700
2018-11-07,25.390043258666992,30.440000534057617,30.64999961853028,30.040000915527344,30.25,5338100
2018-11-08,25.58188438415528,30.670000076293945,30.799999237060547,30.270000457763672,30.420000076293945,5315100
2018-11-09,24.28902816772461,29.1200008392334,30.68000030517578,29.100000381469727,30.57999992370605,9818300
2018-11-12,23.68013381958008,28.38999938964844,29.299999237060547,28.3700008392334,28.8799991607666,5044300
2018-11-13,23.605058670043945,28.299999237060547,28.739999771118164,28.170000076293945,28.549999237060547,3968700
2018-11-14,23.47160530090332,28.13999938964844,28.700000762939453,28.06999969482422,28.56999969482422,4930600
2018-11-15,23.621746063232425,28.31999969482422,28.36000061035156,27.950000762939453,28.15999984741211,5087400
2018-11-16,23.84695243835449,28.59000015258789,28.729999542236328,28.100000381469727,28.209999084472656,3443900
2018-11-19,23.40488243103028,28.059999465942383,28.559999465942383,27.979999542236328,28.559999465942383,3324600
2018-11-20,22.74594116210937,27.270000457763672,27.809999465942383,27.11000061035156,27.530000686645508,3232100
2018-11-21,22.98782730102539,27.559999465942383,27.739999771118164,27.190000534057617,27.43000030517578,3490400
2018-11-23,22.954465866088867,27.520000457763672,27.729999542236328,27.309999465942383,27.309999465942383,856100
2018-11-26,23.08791923522949,27.68000030517578,27.84000015258789,27.489999771118164,27.75,2361500
2018-11-27,23.34649085998535,27.989999771118164,28.059999465942383,27.36000061035156,27.61000061035156,3859700
2018-11-28,24.555938720703125,29.440000534057617,29.46999931335449,28.0,28.059999465942383,8317600
2018-11-29,23.84695243835449,28.59000015258789,29.32999992370605,28.559999465942383,29.21999931335449,3906800
2018-11-30,23.9470443725586,28.709999084472656,28.770000457763672,28.40999984741211,28.450000762939453,4532900
2018-12-03,24.455848693847656,29.31999969482422,29.31999969482422,29.020000457763672,29.200000762939453,2452400
2018-12-04,23.818016052246094,28.3799991607666,29.290000915527344,28.299999237060547,29.11000061035156,2832900
2018-12-06,23.84319305419922,28.40999984741211,28.43000030517578,27.670000076293945,27.96999931335449,3275200
2018-12-07,23.2137508392334,27.65999984741211,28.56999969482422,27.39999961853028,28.39999961853028,3075500
2018-12-10,23.17178726196289,27.61000061035156,27.8799991607666,27.209999084472656,27.64999961853028,4219800
2018-12-11,23.356428146362305,27.82999992370605,28.39999961853028,27.59000015258789,28.11000061035156,4557500
2018-12-12,23.885149002075195,28.459999084472656,28.64999961853028,28.270000457763672,28.32999992370605,4978500
2018-12-13,23.58302497863769,28.100000381469727,28.64999961853028,27.51000022888184,28.6200008392334,6126100
2018-12-14,23.306072235107425,27.770000457763672,27.86000061035156,27.459999084472656,27.63999938964844,3099600
2018-12-17,22.978757858276367,27.3799991607666,27.81999969482422,27.309999465942383,27.59000015258789,7004100
2018-12-18,23.306072235107425,27.770000457763672,28.200000762939453,27.36000061035156,27.520000457763672,4915700
2018-12-19,22.62626838684082,26.959999084472656,27.959999084472656,26.799999237060547,27.76000022888184,4395800
2018-12-20,22.609485626220703,26.940000534057617,27.11000061035156,26.459999084472656,26.84000015258789,5877200
2018-12-21,22.01361846923828,26.229999542236328,27.25,26.1299991607666,27.06999969482422,7242400
2018-12-24,21.45132064819336,25.559999465942383,26.31999969482422,25.559999465942383,26.11000061035156,2061500
2018-12-26,22.324142456054688,26.600000381469727,26.600000381469727,25.299999237060547,25.65999984741211,4847500
2018-12-27,22.491992950439453,26.799999237060547,26.799999237060547,25.84000015258789,26.21999931335449,2878300
2018-12-28,22.45003318786621,26.75,27.11000061035156,26.56999969482422,26.959999084472656,2210800
2018-12-31,22.584312438964844,26.90999984741211,26.96999931335449,26.6200008392334,26.89999961853028,2160700
2019-01-02,22.567527770996094,26.88999938964844,27.030000686645508,26.479999542236328,26.56999969482422,2445200
2019-01-03,21.820592880249023,26.0,26.690000534057617,25.8799991607666,26.600000381469727,5073100
2019-01-04,22.659841537475582,27.0,27.11000061035156,26.36000061035156,26.40999984741211,2789500
2019-01-07,23.09626197814941,27.520000457763672,27.690000534057617,26.989999771118164,27.059999465942383,2415200
2019-01-08,23.38999938964844,27.8700008392334,27.940000534057617,27.350000381469727,27.780000686645508,2682900
2019-01-09,23.62499046325684,28.14999961853028,28.26000022888184,27.809999465942383,27.950000762939453,2529200
2019-01-10,23.717304229736328,28.26000022888184,28.290000915527344,27.790000915527344,27.850000381469727,2277200
2019-01-11,23.60820198059082,28.1299991607666,28.34000015258789,27.940000534057617,28.09000015258789,2522900
2019-01-14,23.415170669555664,27.89999961853028,28.09000015258789,27.84000015258789,27.920000076293945,2028600
2019-01-15,23.60820198059082,28.1299991607666,28.21999931335449,27.729999542236328,27.8700008392334,2559300
2019-01-16,23.557846069335938,28.06999969482422,28.26000022888184,28.01000022888184,28.1200008392334,1973700
2019-01-17,23.457136154174805,27.950000762939453,28.040000915527344,27.57999992370605,27.950000762939453,3411100
2019-01-18,23.76766014099121,28.31999969482422,28.6200008392334,28.07999992370605,28.1299991607666,3026600
2019-01-22,23.364818572998047,27.84000015258789,28.229999542236328,27.6299991607666,28.209999084472656,3061200
2019-01-23,23.490705490112305,27.989999771118164,28.3700008392334,27.739999771118164,27.93000030517578,2581800
2019-01-24,23.6501693725586,28.18000030517578,28.459999084472656,27.8700008392334,28.0,2325900
2019-01-25,23.818016052246094,28.3799991607666,28.61000061035156,28.290000915527344,28.459999084472656,2283600
2019-01-28,23.62499046325684,28.14999961853028,28.26000022888184,27.82999992370605,27.950000762939453,3882100
2019-01-29,23.457136154174805,27.950000762939453,28.350000381469727,27.780000686645508,28.25,4423300
2019-01-30,21.677919387817383,25.82999992370605,26.239999771118164,24.81999969482422,25.0,16017900
2019-01-31,21.77023696899414,25.940000534057617,26.209999084472656,25.770000457763672,25.770000457763672,5265700
2019-02-01,21.6611328125,25.809999465942383,26.14999961853028,25.71999931335449,26.09000015258789,4314600
2019-02-04,21.8289852142334,26.01000022888184,26.059999465942383,25.709999084472656,25.739999771118164,4614500
2019-02-05,21.87094688415528,26.059999465942383,26.190000534057617,25.96999931335449,26.049999237060547,4504400
2019-02-06,21.921300888061523,26.1200008392334,26.14999961853028,25.8799991607666,26.020000457763672,4043500
2019-02-07,21.795413970947266,25.96999931335449,25.989999771118164,25.63999938964844,25.90999984741211,4493400
2019-02-08,21.89612197875977,26.09000015258789,26.1299991607666,25.799999237060547,25.93000030517578,2705100
2019-02-11,21.96326446533203,26.170000076293945,26.270000457763672,26.06999969482422,26.21999931335449,2086300
2019-02-12,22.34092903137207,26.6200008392334,26.700000762939453,26.31999969482422,26.38999938964844,3503300
2019-02-13,22.43324279785156,26.729999542236328,26.850000381469727,26.479999542236328,26.709999084472656,3799700
2019-02-14,22.62626838684082,26.959999084472656,27.1299991607666,26.670000076293945,26.75,2956100
2019-02-15,22.760555267333984,27.1200008392334,27.26000022888184,27.01000022888184,27.239999771118164,3617100
2019-02-19,22.785734176635746,27.14999961853028,27.31999969482422,26.93000030517578,27.040000915527344,4224900
2019-02-20,22.81930351257324,27.190000534057617,27.290000915527344,27.059999465942383,27.209999084472656,3414400
2019-02-21,22.861263275146484,27.239999771118164,27.350000381469727,26.989999771118164,27.14999961853028,4079600
2019-02-22,23.17178726196289,27.61000061035156,27.6200008392334,27.239999771118164,27.39999961853028,2560000
2019-02-25,23.16340065002441,27.600000381469727,27.780000686645508,27.5,27.709999084472656,2776400
2019-02-26,23.138219833374023,27.56999969482422,27.809999465942383,27.36000061035156,27.479999542236328,4261200
2019-02-27,23.04590606689453,27.459999084472656,27.59000015258789,27.3799991607666,27.420000076293945,2842000
2019-02-28,22.885330200195312,27.07999992370605,27.31999969482422,27.06999969482422,27.26000022888184,2546200
2019-03-01,22.843076705932617,27.030000686645508,27.280000686645508,26.950000762939453,27.280000686645508,4290400
2019-03-04,22.81772232055664,27.0,27.309999465942383,26.68000030517578,27.11000061035156,3737400
2019-03-05,22.437429428100582,26.549999237060547,27.100000381469727,26.540000915527344,27.030000686645508,3261900
2019-03-06,22.46278381347656,26.57999992370605,26.690000534057617,26.239999771118164,26.57999992370605,2776700
2019-03-07,21.93037414550781,25.950000762939453,26.540000915527344,25.89999961853028,26.540000915527344,3185400
2019-03-08,21.71063804626465,25.690000534057617,26.01000022888184,25.6299991607666,25.739999771118164,4353500
2019-03-11,22.116289138793945,26.170000076293945,26.34000015258789,25.780000686645508,25.780000686645508,5112200
2019-03-12,22.2092514038086,26.280000686645508,26.450000762939453,26.07999992370605,26.21999931335449,3316700
2019-03-13,22.361371994018555,26.459999084472656,26.68000030517578,26.290000915527344,26.40999984741211,2985000
2019-03-14,22.564193725585938,26.700000762939453,26.81999969482422,26.43000030517578,26.440000534057617,3870700
2019-03-15,22.68250846862793,26.84000015258789,27.06999969482422,26.68000030517578,26.690000534057617,7586000
2019-03-18,22.276859283447266,26.36000061035156,26.88999938964844,26.280000686645508,26.549999237060547,5888600
2019-03-19,22.14164352416992,26.200000762939453,26.559999465942383,26.18000030517578,26.26000022888184,3478800
2019-03-20,22.15854263305664,26.21999931335449,26.3700008392334,25.96999931335449,26.32999992370605,3820600
2019-03-21,22.63179588317871,26.780000686645508,26.89999961853028,26.229999542236328,26.239999771118164,3034000
2019-03-22,22.24305534362793,26.31999969482422,26.8700008392334,26.31999969482422,26.600000381469727,3661900
2019-03-25,21.93037414550781,25.950000762939453,26.34000015258789,25.81999969482422,26.21999931335449,2252700
2019-03-26,22.04868125915528,26.09000015258789,26.25,25.850000381469727,26.059999465942383,2696800
2019-03-27,21.921918869018555,25.940000534057617,26.350000381469727,25.18000030517578,26.09000015258789,2347100
2019-03-28,21.95572090148925,25.979999542236328,26.239999771118164,25.90999984741211,26.040000915527344,1881000
2019-03-29,22.36982154846192,26.46999931335449,26.51000022888184,26.170000076293945,26.209999084472656,2496200
2019-04-01,22.98674392700196,27.200000762939453,27.239999771118164,26.76000022888184,26.81999969482422,4279900
2019-04-02,22.927589416503903,27.1299991607666,27.479999542236328,27.0,27.25,3234300
2019-04-03,23.02054977416992,27.239999771118164,27.459999084472656,27.11000061035156,27.350000381469727,4190500
2019-04-04,22.7501163482666,26.920000076293945,27.36000061035156,26.799999237060547,27.299999237060547,1981600
2019-04-05,22.843076705932617,27.030000686645508,27.15999984741211,26.68000030517578,26.790000915527344,2407400
2019-04-08,23.10506057739257,27.34000015258789,27.36000061035156,26.82999992370605,27.040000915527344,2602900
2019-04-09,22.978296279907227,27.190000534057617,27.239999771118164,26.88999938964844,27.1200008392334,2641200
2019-04-10,23.231822967529297,27.489999771118164,27.540000915527344,27.1299991607666,27.26000022888184,2372300
2019-04-11,23.24872779846192,27.51000022888184,27.600000381469727,27.3799991607666,27.540000915527344,1413900
2019-04-12,23.493803024291992,27.799999237060547,27.81999969482422,27.559999465942383,27.670000076293945,1643300
2019-04-15,23.32478904724121,27.600000381469727,27.950000762939453,27.479999542236328,27.84000015258789,2653800
2019-04-16,23.60366439819336,27.93000030517578,28.040000915527344,27.57999992370605,27.6299991607666,2194600
2019-04-17,23.569862365722656,27.88999938964844,28.1299991607666,27.81999969482422,28.040000915527344,2892500
2019-04-18,23.67127990722656,28.01000022888184,28.100000381469727,27.81999969482422,27.850000381469727,3035500
2019-04-22,23.58676719665528,27.90999984741211,28.040000915527344,27.799999237060547,27.989999771118164,2533600
2019-04-23,23.96706199645996,28.36000061035156,28.39999961853028,27.940000534057617,27.96999931335449,3260400
2019-04-24,24.27130126953125,28.71999931335449,28.770000457763672,28.25,28.31999969482422,4462200
2019-04-25,23.75578498840332,28.11000061035156,28.6299991607666,28.09000015258789,28.56999969482422,6776600
2019-04-26,23.02054977416992,27.239999771118164,28.26000022888184,27.18000030517578,27.850000381469727,6766600
2019-04-29,23.61211395263672,27.940000534057617,28.209999084472656,27.14999961853028,27.170000076293945,4031500
2019-04-30,23.46845436096192,27.770000457763672,27.940000534057617,27.290000915527344,27.920000076293945,3411100
2019-05-01,23.485355377197266,27.790000915527344,28.170000076293945,27.6200008392334,27.86000061035156,3461200
2019-05-02,23.55296516418457,27.8700008392334,27.989999771118164,27.38999938964844,27.76000022888184,4435000
2019-05-03,23.36703491210937,27.64999961853028,27.920000076293945,27.549999237060547,27.549999237060547,3050500
2019-05-06,23.01209831237793,27.229999542236328,27.299999237060547,26.90999984741211,27.100000381469727,2417000
2019-05-07,22.54729461669922,26.68000030517578,27.030000686645508,26.40999984741211,26.90999984741211,2744900
2019-05-08,22.5388412475586,26.670000076293945,26.940000534057617,26.38999938964844,26.65999984741211,4625000
2019-05-09,22.336015701293945,26.43000030517578,26.440000534057617,25.96999931335449,26.39999961853028,3860400
2019-05-10,22.31911277770996,26.40999984741211,26.5,25.8700008392334,26.270000457763672,3268100
2019-05-13,21.50781440734864,25.450000762939453,25.850000381469727,25.309999465942383,25.81999969482422,6270400
2019-05-14,21.541616439819336,25.489999771118164,25.780000686645508,25.479999542236328,25.56999969482422,2457500
2019-05-15,21.727542877197266,25.709999084472656,25.729999542236328,25.280000686645508,25.3700008392334,3649200
2019-05-16,21.854310989379883,25.86000061035156,26.1299991607666,25.81999969482422,25.8700008392334,3041600
2019-05-17,21.27964210510254,25.18000030517578,25.670000076293945,25.14999961853028,25.559999465942383,5125400
2019-05-20,21.465559005737305,25.39999961853028,25.520000457763672,24.93000030517578,25.020000457763672,4127500
2019-05-21,22.03178024291992,26.06999969482422,26.170000076293945,25.600000381469727,25.600000381469727,3310800
2019-05-22,21.854310989379883,25.86000061035156,26.01000022888184,25.71999931335449,25.96999931335449,2733200
2019-05-23,21.254283905029297,25.14999961853028,25.559999465942383,25.030000686645508,25.51000022888184,3490700
2019-05-24,21.28808784484864,25.190000534057617,25.479999542236328,25.170000076293945,25.3799991607666,2177300
2019-05-28,21.1106185913086,24.979999542236328,25.489999771118164,24.950000762939453,25.25,3090300
2019-05-29,21.135971069335938,25.01000022888184,25.1299991607666,24.809999465942383,24.86000061035156,2762300
2019-05-30,21.347251892089844,25.26000022888184,25.3700008392334,25.059999465942383,25.100000381469727,2316400
2019-05-31,20.95555686950684,24.61000061035156,24.93000030517578,24.51000022888184,24.75,3987100
2019-06-03,21.18546295166016,24.8799991607666,24.979999542236328,24.549999237060547,24.6299991607666,3167200
2019-06-04,22.03696632385254,25.8799991607666,26.020000457763672,25.1200008392334,25.13999938964844,4618900
2019-06-05,22.5478744506836,26.479999542236328,26.57999992370605,25.959999084472656,26.1299991607666,5750400
2019-06-06,22.650054931640625,26.600000381469727,26.739999771118164,26.290000915527344,26.59000015258789,3225100
2019-06-07,22.76926040649414,26.739999771118164,26.8799991607666,26.56999969482422,26.6200008392334,2463700
2019-06-10,22.87144470214844,26.86000061035156,26.979999542236328,26.520000457763672,26.86000061035156,2540500
2019-06-11,22.931055068969727,26.93000030517578,27.09000015258789,26.68000030517578,27.049999237060547,2485500
2019-06-12,22.94807815551757,26.950000762939453,27.3700008392334,26.88999938964844,27.3700008392334,2776000
2019-06-13,22.91401672363281,26.90999984741211,27.229999542236328,26.770000457763672,27.0,2530600
2019-06-14,22.684112548828125,26.63999938964844,26.850000381469727,26.459999084472656,26.82999992370605,2449000
2019-06-17,22.650054931640625,26.600000381469727,26.82999992370605,26.1299991607666,26.57999992370605,4755500
2019-06-18,22.87144470214844,26.86000061035156,27.25,26.729999542236328,26.84000015258789,2768700
2019-06-19,22.862932205200195,26.850000381469727,27.059999465942383,26.6200008392334,26.940000534057617,2303200
2019-06-20,22.93955993652344,26.940000534057617,27.239999771118164,26.6299991607666,27.239999771118164,3102100
2019-06-21,22.8288688659668,26.809999465942383,26.93000030517578,26.540000915527344,26.850000381469727,11085900
2019-06-24,22.66708374023437,26.6200008392334,27.0,26.520000457763672,26.920000076293945,2937200
2019-06-25,22.411630630493164,26.31999969482422,26.780000686645508,26.309999465942383,26.530000686645508,1980400
2019-06-26,22.78629493713379,26.76000022888184,26.88999938964844,26.520000457763672,26.520000457763672,3642000
2019-06-27,22.862932205200195,26.850000381469727,27.14999961853028,26.770000457763672,26.8799991607666,2417900
2019-06-28,22.675596237182617,26.6299991607666,27.040000915527344,26.559999465942383,26.959999084472656,3375400
2019-07-01,22.931055068969727,26.93000030517578,27.280000686645508,26.88999938964844,27.030000686645508,2925300
2019-07-02,22.94807815551757,26.950000762939453,27.13999938964844,26.84000015258789,26.979999542236328,2711100
2019-07-03,23.050262451171875,27.06999969482422,27.209999084472656,26.86000061035156,27.07999992370605,1603200
2019-07-05,23.29719352722168,27.36000061035156,27.38999938964844,26.86000061035156,26.93000030517578,1807900
2019-07-08,22.4797477722168,26.39999961853028,26.6200008392334,26.07999992370605,26.170000076293945,5593100
2019-07-09,22.403112411499023,26.309999465942383,26.38999938964844,26.1299991607666,26.239999771118164,3345200
2019-07-10,22.38608741760254,26.290000915527344,26.540000915527344,26.14999961853028,26.38999938964844,3098500
2019-07-11,22.539356231689453,26.46999931335449,26.56999969482422,26.270000457763672,26.350000381469727,2524000
2019-07-12,22.97361946105957,26.979999542236328,27.09000015258789,26.549999237060547,26.65999984741211,2490800
2019-07-15,23.058773040771484,27.07999992370605,27.1200008392334,26.75,27.030000686645508,2273200
2019-07-16,23.237592697143555,27.290000915527344,27.56999969482422,27.040000915527344,27.09000015258789,2978800
2019-07-17,22.98213768005371,26.989999771118164,27.25,26.90999984741211,27.200000762939453,2383800
2019-07-18,23.11838150024414,27.14999961853028,27.239999771118164,26.770000457763672,26.989999771118164,2273500
2019-07-19,23.0076847076416,27.020000457763672,27.3700008392334,27.01000022888184,27.299999237060547,3138600
2019-07-22,22.854415893554688,26.84000015258789,27.15999984741211,26.690000534057617,27.06999969482422,3353700
2019-07-23,22.905502319335938,26.89999961853028,27.030000686645508,26.770000457763672,27.0,2734700
2019-07-24,23.11838150024414,27.14999961853028,27.190000534057617,26.76000022888184,26.84000015258789,2912300
2019-07-25,22.539356231689453,26.46999931335449,27.059999465942383,26.39999961853028,27.0,5450100
2019-07-26,22.718175888061523,26.68000030517578,27.38999938964844,26.36000061035156,27.299999237060547,5335000
2019-07-29,22.862932205200195,26.850000381469727,26.950000762939453,26.479999542236328,26.57999992370605,3056300
2019-07-30,23.033227920532227,27.049999237060547,27.09000015258789,26.6299991607666,26.799999237060547,2467500
2019-07-31,23.0076847076416,27.020000457763672,27.31999969482422,26.770000457763672,27.100000381469727,3370500
2019-08-01,22.63302421569824,26.57999992370605,27.100000381469727,26.39999961853028,27.020000457763672,3287900
2019-08-02,22.096576690673828,25.950000762939453,26.32999992370605,25.790000915527344,26.239999771118164,2984200
2019-08-05,21.42388153076172,25.15999984741211,25.530000686645508,24.940000534057617,25.38999938964844,4603600
2019-08-06,21.492006301879883,25.239999771118164,25.5,24.89999961853028,25.3700008392334,3925500
2019-08-07,21.534576416015625,25.290000915527344,25.38999938964844,24.71999931335449,24.920000076293945,2335000
2019-08-08,21.80706214904785,25.61000061035156,25.75,25.459999084472656,25.530000686645508,2780000
2019-08-09,21.57715606689453,25.34000015258789,25.51000022888184,25.18000030517578,25.5,2023200
2019-08-12,21.381303787231445,25.11000061035156,25.239999771118164,25.0,25.190000534057617,2797300
2019-08-13,21.679332733154297,25.459999084472656,25.96999931335449,25.049999237060547,25.049999237060547,3074700
2019-08-14,20.62346839904785,24.21999931335449,24.989999771118164,24.18000030517578,24.959999084472656,3924600
2019-08-15,19.96780586242676,23.450000762939453,24.14999961853028,23.34000015258789,24.07999992370605,4281000
2019-08-16,20.36801719665528,23.920000076293945,23.989999771118164,23.56999969482422,23.670000076293945,2989200
2019-08-19,20.538314819335938,24.1200008392334,24.34000015258789,24.030000686645508,24.229999542236328,2445100
2019-08-20,19.93374824523925,23.40999984741211,24.06999969482422,23.38999938964844,24.049999237060547,2147200
2019-08-21,20.31692314147949,23.86000061035156,23.979999542236328,23.51000022888184,23.64999961853028,2651100
2019-08-22,20.25732040405273,23.790000915527344,24.030000686645508,23.690000534057617,23.96999931335449,3214100
2019-08-23,19.65275001525879,23.07999992370605,23.940000534057617,23.0,23.65999984741211,3657300
2019-08-26,19.70384407043457,23.13999938964844,23.38999938964844,23.049999237060547,23.309999465942383,2249200
2019-08-27,19.456907272338867,22.850000381469727,23.270000457763672,22.739999771118164,23.25,3052600
2019-08-28,19.397300720214844,22.780000686645508,22.8700008392334,22.420000076293945,22.71999931335449,2749600
2019-08-29,19.729387283325195,23.170000076293945,23.3799991607666,23.06999969482422,23.14999961853028,1948100
2019-08-30,19.72087287902832,23.15999984741211,23.32999992370605,23.030000686645508,23.280000686645508,2717200
2019-09-03,19.43755340576172,22.63999938964844,22.86000061035156,22.51000022888184,22.739999771118164,3528600
2019-09-04,19.82390022277832,23.09000015258789,23.1200008392334,22.8700008392334,22.8700008392334,3188100
2019-09-05,20.493566513061523,23.8700008392334,24.059999465942383,23.290000915527344,23.32999992370605,4033300
2019-09-06,20.751129150390625,24.170000076293945,24.190000534057617,23.799999237060547,23.89999961853028,3133700
2019-09-09,20.62234687805176,24.020000457763672,24.440000534057617,24.01000022888184,24.299999237060547,4110700
2019-09-10,21.04303932189941,24.51000022888184,24.549999237060547,24.0,24.040000915527344,2497600
2019-09-11,21.02586936950684,24.489999771118164,24.71999931335449,24.100000381469727,24.57999992370605,2681500
2019-09-12,20.982940673828125,24.440000534057617,24.59000015258789,24.270000457763672,24.56999969482422,4376700
2019-09-13,20.836990356445312,24.270000457763672,24.59000015258789,24.229999542236328,24.59000015258789,3364300
2019-09-16,20.93142509460449,24.3799991607666,24.63999938964844,24.09000015258789,24.100000381469727,3562200
2019-09-17,20.682449340820312,24.09000015258789,24.3799991607666,24.0,24.25,2351400
2019-09-18,20.57942581176757,23.96999931335449,24.15999984741211,23.850000381469727,24.030000686645508,2313500
2019-09-19,20.493566513061523,23.8700008392334,24.229999542236328,23.86000061035156,24.01000022888184,1861600
2019-09-20,20.476396560668945,23.850000381469727,24.059999465942383,23.65999984741211,23.96999931335449,4899200
2019-09-23,20.87991142272949,24.31999969482422,24.440000534057617,23.979999542236328,24.25,3248300
2019-09-24,20.794057846069336,24.21999931335449,24.46999931335449,24.06999969482422,24.3700008392334,2524100
2019-09-25,21.27484893798828,24.780000686645508,24.799999237060547,24.209999084472656,24.26000022888184,3866000
2019-09-26,21.24909400939941,24.75,24.86000061035156,24.190000534057617,24.600000381469727,3280400
2019-09-27,21.35211563110352,24.8700008392334,25.0,24.68000030517578,24.84000015258789,2496500
2019-09-30,21.24909400939941,24.75,24.979999542236328,24.75,24.90999984741211,2437600
2019-10-01,20.356199264526367,23.709999084472656,24.8799991607666,23.559999465942383,24.75,3121200
2019-10-02,19.96985244750977,23.26000022888184,23.559999465942383,22.959999084472656,23.43000030517578,2882800
2019-10-03,20.27034378051757,23.61000061035156,23.6299991607666,22.959999084472656,23.1299991607666,3017800
2019-10-04,20.45922470092773,23.82999992370605,23.86000061035156,23.540000915527344,23.729999542236328,1853500
2019-10-07,20.364782333374023,23.71999931335449,23.950000762939453,23.690000534057617,23.809999465942383,2192100
2019-10-08,19.875411987304688,23.14999961853028,23.6299991607666,23.14999961853028,23.559999465942383,2109900
2019-10-09,20.04712104797364,23.350000381469727,23.46999931335449,23.26000022888184,23.43000030517578,2599600
2019-10-10,20.23600006103516,23.56999969482422,23.670000076293945,23.15999984741211,23.190000534057617,3091900
2019-10-11,20.33902740478516,23.690000534057617,24.0,23.65999984741211,23.780000686645508,2563700
2019-10-14,20.227415084838867,23.559999465942383,23.670000076293945,23.38999938964844,23.57999992370605,2204900
2019-10-15,20.253171920776367,23.59000015258789,23.84000015258789,23.559999465942383,23.670000076293945,2512800
2019-10-16,20.20166206359864,23.530000686645508,23.64999961853028,23.5,23.520000457763672,1475800
2019-10-17,20.59659194946289,23.989999771118164,24.01000022888184,23.700000762939453,23.780000686645508,2405500
2019-10-18,20.51932144165039,23.89999961853028,24.020000457763672,23.81999969482422,23.8799991607666,2845000
2019-10-21,20.81981086730957,24.25,24.46999931335449,24.09000015258789,24.1299991607666,3104800
2019-10-22,21.25767517089844,24.76000022888184,24.850000381469727,24.36000061035156,24.76000022888184,3600600
2019-10-23,21.429384231567383,24.959999084472656,24.989999771118164,24.479999542236328,24.549999237060547,2934000
2019-10-24,21.04303932189941,24.51000022888184,24.96999931335449,24.31999969482422,24.96999931335449,5170100
2019-10-25,21.661191940307617,25.229999542236328,26.13999938964844,24.8700008392334,25.6299991607666,5916600
2019-10-28,21.592506408691406,25.14999961853028,25.71999931335449,25.11000061035156,25.420000076293945,3639200
2019-10-29,21.12030792236328,24.600000381469727,25.09000015258789,24.280000686645508,25.020000457763672,5220100
2019-10-30,21.403623580932617,24.93000030517578,24.959999084472656,24.540000915527344,24.549999237060547,3833100
2019-10-31,21.30918502807617,24.81999969482422,24.940000534057617,24.39999961853028,24.799999237060547,3217400
2019-11-01,21.02586936950684,24.489999771118164,24.76000022888184,24.39999961853028,24.530000686645508,3708000
2019-11-04,21.412214279174805,24.940000534057617,24.989999771118164,24.61000061035156,24.700000762939453,2642300
2019-11-05,21.75563621520996,25.34000015258789,25.57999992370605,25.0,25.14999961853028,4297200
2019-11-06,22.287931442260746,25.959999084472656,26.059999465942383,25.26000022888184,25.38999938964844,6501800
2019-11-07,22.10763931274414,25.75,26.209999084472656,25.6200008392334,26.100000381469727,4523300
2019-11-08,22.46822738647461,26.170000076293945,26.170000076293945,25.600000381469727,25.75,4891300
2019-11-11,22.57984161376953,26.299999237060547,26.440000534057617,25.770000457763672,25.850000381469727,3576100
2019-11-12,22.07329368591309,25.709999084472656,26.290000915527344,25.549999237060547,26.11000061035156,5190600
2019-11-13,21.764219284057617,25.350000381469727,25.71999931335449,25.31999969482422,25.5,2802600
2019-11-14,21.523822784423828,25.06999969482422,25.100000381469727,24.76000022888184,24.989999771118164,5361100
2019-11-15,21.901588439941406,25.51000022888184,25.51000022888184,25.11000061035156,25.280000686645508,5620200
2019-11-18,22.390958786010746,26.07999992370605,26.299999237060547,25.25,25.51000022888184,7050900
2019-11-19,22.4253044128418,26.1200008392334,26.229999542236328,25.700000762939453,26.200000762939453,3600500
2019-11-20,21.944515228271484,25.559999465942383,26.06999969482422,25.38999938964844,25.950000762939453,5909800
2019-11-21,21.73846244812012,25.31999969482422,25.76000022888184,25.290000915527344,25.559999465942383,3342500
2019-11-22,21.858657836914062,25.459999084472656,25.65999984741211,25.270000457763672,25.450000762939453,2229400
2019-11-25,22.20208168029785,25.86000061035156,25.89999961853028,25.520000457763672,25.520000457763672,2873700
2019-11-26,22.01319694519043,25.63999938964844,25.88999938964844,25.46999931335449,25.780000686645508,7178700
2019-11-27,21.69553565979004,25.270000457763672,25.809999465942383,25.239999771118164,25.690000534057617,4488400
2019-11-29,21.67823028564453,25.059999465942383,25.25,25.030000686645508,25.100000381469727,1495500
2019-12-02,21.436017990112305,24.780000686645508,25.1200008392334,24.739999771118164,25.06999969482422,3441300
2019-12-03,21.19380569458008,24.5,24.56999969482422,24.13999938964844,24.46999931335449,3353400
2019-12-04,21.012142181396484,24.290000915527344,24.709999084472656,24.25,24.6299991607666,6001400
2019-12-05,20.804527282714844,24.049999237060547,24.38999938964844,23.920000076293945,24.3700008392334,3756200
2019-12-06,20.735321044921875,23.96999931335449,24.25,23.950000762939453,24.0,3519500
2019-12-09,20.692068099975582,23.920000076293945,24.07999992370605,23.809999465942383,24.059999465942383,2664300
2019-12-10,20.53636360168457,23.739999771118164,23.96999931335449,23.65999984741211,23.809999465942383,3815400
2019-12-11,20.769927978515625,24.01000022888184,24.1299991607666,23.82999992370605,23.850000381469727,3763700
2019-12-12,21.06404685974121,24.350000381469727,24.420000076293945,23.959999084472656,23.979999542236328,3548500
2019-12-13,20.873735427856445,24.1299991607666,24.600000381469727,23.96999931335449,24.32999992370605,3834900
2019-12-16,20.85643577575684,24.11000061035156,24.56999969482422,24.020000457763672,24.270000457763672,3617300
2019-12-17,20.942934036254883,24.209999084472656,24.270000457763672,24.040000915527344,24.15999984741211,3075500
2019-12-18,20.95159149169922,24.21999931335449,24.299999237060547,24.100000381469727,24.290000915527344,5568300
2019-12-19,21.133251190185547,24.43000030517578,24.520000457763672,24.049999237060547,24.170000076293945,3625300
2019-12-20,21.19380569458008,24.5,24.51000022888184,24.309999465942383,24.489999771118164,6665000
2019-12-23,21.16785430908203,24.46999931335449,24.559999465942383,24.32999992370605,24.38999938964844,3879900
2019-12-24,21.012142181396484,24.290000915527344,24.51000022888184,24.270000457763672,24.51000022888184,714900
2019-12-26,21.18515586853028,24.489999771118164,24.530000686645508,24.290000915527344,24.290000915527344,1141000
2019-12-27,21.11595344543457,24.40999984741211,24.61000061035156,24.38999938964844,24.56999969482422,3030300
2019-12-30,21.19380569458008,24.5,24.68000030517578,24.3700008392334,24.420000076293945,2176300
2019-12-31,21.306257247924805,24.6299991607666,24.709999084472656,24.38999938964844,24.440000534057617,2291900
2020-01-02,21.37546157836914,24.709999084472656,24.89999961853028,24.540000915527344,24.809999465942383,2876000
2020-01-03,21.055395126342773,24.34000015258789,24.51000022888184,24.170000076293945,24.26000022888184,3041800
2020-01-06,21.012142181396484,24.290000915527344,24.40999984741211,24.13999938964844,24.15999984741211,4141100
2020-01-07,20.925636291503903,24.190000534057617,24.39999961853028,24.059999465942383,24.39999961853028,1909500
2020-01-08,20.85643577575684,24.11000061035156,24.31999969482422,24.020000457763672,24.1299991607666,2143000
2020-01-09,21.08135223388672,24.3700008392334,24.3799991607666,24.049999237060547,24.229999542236328,2349400
2020-01-10,20.899688720703125,24.15999984741211,24.38999938964844,24.059999465942383,24.3700008392334,1714100
2020-01-13,21.228403091430664,24.540000915527344,24.61000061035156,24.14999961853028,24.290000915527344,1752900
2020-01-14,21.159198760986328,24.459999084472656,24.540000915527344,24.350000381469727,24.479999542236328,2006200
2020-01-15,21.17650032043457,24.479999542236328,24.6200008392334,24.350000381469727,24.46999931335449,1277300
2020-01-16,21.53982162475586,24.89999961853028,24.940000534057617,24.600000381469727,24.65999984741211,2136000
2020-01-17,21.36681365966797,24.700000762939453,25.0,24.489999771118164,24.989999771118164,3974000
2020-01-21,21.211101531982425,24.520000457763672,24.76000022888184,24.51000022888184,24.6299991607666,3497100
2020-01-22,21.124595642089844,24.420000076293945,24.700000762939453,24.3700008392334,24.59000015258789,2454000
2020-01-23,21.18515586853028,24.489999771118164,24.57999992370605,24.09000015258789,24.38999938964844,2025100
2020-01-24,21.26300430297852,24.57999992370605,24.690000534057617,24.40999984741211,24.56999969482422,3254400
2020-01-27,21.16785430908203,24.46999931335449,24.68000030517578,23.780000686645508,24.209999084472656,8716500
2020-01-28,20.12113380432129,23.26000022888184,23.920000076293945,22.670000076293945,22.729999542236328,10405300
2020-01-29,19.688610076904297,22.76000022888184,23.459999084472656,22.709999084472656,23.36000061035156,4582800
2020-01-30,19.827022552490234,22.920000076293945,22.989999771118164,22.39999961853028,22.51000022888184,4234500
2020-01-31,19.84432411193848,22.940000534057617,23.040000915527344,22.3799991607666,22.75,6329500
2020-02-03,20.02598762512207,23.14999961853028,23.309999465942383,22.81999969482422,22.88999938964844,5588200
2020-02-04,20.190338134765625,23.34000015258789,23.56999969482422,23.15999984741211,23.51000022888184,4932000
2020-02-05,20.198989868164062,23.350000381469727,23.63999938964844,23.270000457763672,23.559999465942383,4900300
2020-02-06,20.00002861022949,23.1200008392334,23.43000030517578,23.11000061035156,23.3700008392334,4738500
2020-02-07,20.553667068481445,23.76000022888184,23.8799991607666,23.1200008392334,23.1299991607666,6273900
2020-02-10,20.9169921875,24.18000030517578,24.32999992370605,23.6299991607666,23.670000076293945,4878300
2020-02-11,21.16785430908203,24.46999931335449,24.6200008392334,24.25,24.440000534057617,4263500
2020-02-12,21.133251190185547,24.43000030517578,24.96999931335449,24.350000381469727,24.59000015258789,3729700
2020-02-13,21.57442855834961,24.940000534057617,24.96999931335449,24.01000022888184,24.15999984741211,5018100
2020-02-14,20.968891143798828,24.239999771118164,24.950000762939453,24.200000762939453,24.920000076293945,6793400
2020-02-18,20.82182884216309,24.06999969482422,24.270000457763672,23.959999084472656,24.1200008392334,2813600
2020-02-19,20.761276245117188,24.0,24.350000381469727,23.8700008392334,24.1299991607666,3160400
2020-02-20,21.03809356689453,24.31999969482422,24.3799991607666,23.950000762939453,23.96999931335449,2926900
2020-02-21,20.88238525390625,24.13999938964844,24.489999771118164,24.11000061035156,24.26000022888184,2930000
2020-02-24,20.147090911865234,23.290000915527344,23.709999084472656,23.270000457763672,23.670000076293945,4400600
2020-02-25,19.593456268310547,22.64999961853028,23.39999961853028,22.39999961853028,23.3700008392334,3700000
2020-02-26,19.35988998413086,22.3799991607666,22.809999465942383,22.01000022888184,22.809999465942383,5739400
2020-02-27,18.80625915527344,21.739999771118164,22.6200008392334,21.540000915527344,22.020000457763672,5566000
2020-02-28,18.52686882019043,21.21999931335449,21.489999771118164,20.709999084472656,20.950000762939453,7056900
2020-03-02,19.10310745239257,21.8799991607666,21.88999938964844,20.8700008392334,21.239999771118164,5470800
2020-03-03,19.024526596069336,21.790000915527344,22.670000076293945,21.479999542236328,21.84000015258789,5379900
2020-03-04,19.70553398132324,22.56999969482422,22.59000015258789,21.670000076293945,22.0,3614300
2020-03-05,18.849910736083984,21.59000015258789,22.25,21.38999938964844,22.0,3698600
2020-03-06,18.666563034057617,21.3799991607666,21.459999084472656,20.850000381469727,20.920000076293945,3199100
2020-03-09,17.409318923950195,19.940000534057617,20.600000381469727,19.709999084472656,20.3700008392334,3926500
2020-03-10,18.64037132263184,21.350000381469727,21.3799991607666,20.1200008392334,20.38999938964844,6641200
2020-03-11,17.71489906311035,20.290000915527344,20.8799991607666,20.0,20.82999992370605,4769400
2020-03-12,16.763235092163086,19.200000762939453,19.65999984741211,17.790000915527344,19.11000061035156,5657500
2020-03-13,17.723628997802734,20.299999237060547,20.57999992370605,18.63999938964844,20.1299991607666,4838100
2020-03-16,16.143348693847656,18.489999771118164,19.81999969482422,15.199999809265137,16.790000915527344,7237100
2020-03-17,16.169538497924805,18.520000457763672,19.280000686645508,17.34000015258789,18.440000534057617,5958900
2020-03-18,16.029842376708984,18.36000061035156,18.450000762939453,16.770000457763672,16.959999084472656,6541100
2020-03-19,15.863961219787598,18.170000076293945,18.68000030517578,17.389999389648438,18.190000534057617,6661700
2020-03-20,15.401225090026855,17.639999389648438,18.64999961853028,17.520000457763672,18.290000915527344,3491700
2020-03-23,15.086910247802734,17.280000686645508,17.959999084472656,16.8700008392334,17.579999923706055,4383100
2020-03-24,16.981510162353516,19.450000762939453,19.57999992370605,17.81999969482422,18.020000457763672,5244300
2020-03-25,16.955312728881836,19.420000076293945,20.21999931335449,19.309999465942383,19.600000381469727,5323200
2020-03-26,17.81966781616211,20.40999984741211,20.530000686645508,19.21999931335449,19.459999084472656,4179100
2020-03-27,17.409318923950195,19.940000534057617,20.459999084472656,19.43000030517578,19.8799991607666,4103500
2020-03-30,17.679977416992188,20.25,20.31999969482422,19.51000022888184,20.040000915527344,2334400
2020-03-31,16.710847854614258,19.13999938964844,20.36000061035156,19.030000686645508,20.1299991607666,6755900
2020-04-01,16.78069305419922,19.21999931335449,19.309999465942383,18.450000762939453,18.61000061035156,3723300
2020-04-02,17.16485595703125,19.65999984741211,19.709999084472656,18.520000457763672,18.520000457763672,4387900
2020-04-03,17.55774688720703,20.11000061035156,20.21999931335449,19.440000534057617,19.59000015258789,4753500
2020-04-06,18.631635665893555,21.34000015258789,21.530000686645508,20.40999984741211,20.68000030517578,4517200
2020-04-07,19.059450149536133,21.82999992370605,22.32999992370605,21.68000030517578,21.82999992370605,3620400
2020-04-08,19.426149368286133,22.25,22.3799991607666,21.89999961853028,22.11000061035156,3375000
2020-04-09,18.91975784301757,21.670000076293945,22.520000457763672,21.46999931335449,22.36000061035156,3934000
2020-04-13,19.06818580627441,21.84000015258789,21.90999984741211,21.5,21.65999984741211,2365200
2020-04-14,19.62696075439453,22.479999542236328,22.61000061035156,22.0,22.13999938964844,3552900
2020-04-15,19.11183738708496,21.88999938964844,22.40999984741211,21.6200008392334,22.15999984741211,3200600
2020-04-16,19.155488967895508,21.940000534057617,22.049999237060547,21.36000061035156,21.940000534057617,2935800
2020-04-17,19.70553398132324,22.56999969482422,22.6200008392334,22.07999992370605,22.31999969482422,3477300
2020-04-20,20.16826820373535,23.100000381469727,23.559999465942383,22.65999984741211,22.96999931335449,4260600
2020-04-21,19.740459442138672,22.61000061035156,23.0,22.459999084472656,22.940000534057617,4282100
2020-04-22,20.255577087402344,23.200000762939453,23.36000061035156,22.82999992370605,23.01000022888184,5316800
2020-04-23,20.1944580078125,23.1299991607666,23.420000076293945,22.940000534057617,23.25,2688800
2020-04-24,20.33415603637696,23.290000915527344,23.31999969482422,23.0,23.26000022888184,3729200
2020-04-27,20.72704315185547,23.739999771118164,23.809999465942383,23.350000381469727,23.46999931335449,2950700
2020-04-28,20.90166282653809,23.940000534057617,24.36000061035156,23.780000686645508,24.0,4236700
2020-04-29,20.142074584960938,23.06999969482422,25.229999542236328,22.979999542236328,24.790000915527344,9337900
2020-04-30,18.85864448547364,21.600000381469727,22.93000030517578,21.530000686645508,22.86000061035156,10060800
2020-05-01,19.050716400146484,21.81999969482422,22.290000915527344,21.280000686645508,21.39999961853028,6458500
2020-05-04,18.82371711730957,21.559999465942383,21.959999084472656,21.309999465942383,21.93000030517578,3352200
2020-05-05,19.330108642578125,22.13999938964844,22.38999938964844,21.489999771118164,21.64999961853028,3902600
2020-05-06,19.72299575805664,22.59000015258789,22.690000534057617,22.09000015258789,22.309999465942383,4148200
2020-05-07,20.185733795166016,23.1200008392334,23.1299991607666,22.489999771118164,22.84000015258789,5535000
2020-05-08,20.67465782165528,23.68000030517578,23.709999084472656,23.21999931335449,23.280000686645508,4010400
2020-05-11,20.77942657470703,23.799999237060547,23.84000015258789,23.420000076293945,23.51000022888184,2934200
2020-05-12,20.421463012695312,23.38999938964844,24.040000915527344,23.34000015258789,24.0,4452000
2020-05-13,19.92380142211914,22.81999969482422,23.700000762939453,22.600000381469727,23.309999465942383,6740400
2020-05-14,20.01111602783203,22.920000076293945,23.14999961853028,22.59000015258789,22.6200008392334,3058200
2020-05-15,20.03730773925781,22.950000762939453,23.459999084472656,22.729999542236328,22.799999237060547,9379200
2020-05-18,20.46512222290039,23.440000534057617,23.559999465942383,23.07999992370605,23.32999992370605,3133800
2020-05-19,20.30796241760254,23.26000022888184,23.61000061035156,23.239999771118164,23.440000534057617,2479500
2020-05-20,20.63973426818848,23.63999938964844,23.82999992370605,23.3700008392334,23.440000534057617,2647800
2020-05-21,20.35161590576172,23.309999465942383,23.729999542236328,23.290000915527344,23.600000381469727,2462100
2020-05-22,20.220653533935547,23.15999984741211,23.40999984741211,22.89999961853028,23.40999984741211,2166500
2020-05-26,20.29923248291016,23.25,23.71999931335449,23.229999542236328,23.57999992370605,3373800
2020-05-27,20.85800552368164,23.88999938964844,24.06999969482422,23.420000076293945,23.440000534057617,3802500
2020-05-28,20.709585189819336,23.71999931335449,24.09000015258789,23.6200008392334,24.0,3444500
2020-05-29,21.36115837097168,24.26000022888184,24.309999465942383,23.530000686645508,23.61000061035156,4582100
2020-06-01,21.37876892089844,24.280000686645508,24.459999084472656,23.90999984741211,24.200000762939453,2137800
2020-06-02,21.33474349975586,24.229999542236328,24.31999969482422,23.979999542236328,24.280000686645508,2481000
2020-06-03,21.546066284179688,24.46999931335449,24.540000915527344,24.170000076293945,24.299999237060547,2240300
2020-06-04,21.69575881958008,24.63999938964844,24.739999771118164,24.25,24.350000381469727,3093600
2020-06-05,21.880661010742188,24.850000381469727,25.1299991607666,24.770000457763672,25.0,2356200
2020-06-08,22.40896797180176,25.450000762939453,25.57999992370605,24.799999237060547,24.799999237060547,2934100
2020-06-09,21.95110511779785,24.93000030517578,25.38999938964844,24.82999992370605,25.36000061035156,2201900
2020-06-10,22.06556701660156,25.059999465942383,25.309999465942383,24.71999931335449,24.940000534057617,3153600
2020-06-11,20.48064613342285,23.26000022888184,24.57999992370605,23.25,24.56999969482422,3101800
2020-06-12,21.035371780395508,23.88999938964844,24.3700008392334,23.489999771118164,23.790000915527344,2779800
2020-06-15,20.859270095825195,23.690000534057617,23.81999969482422,23.07999992370605,23.440000534057617,2908100
2020-06-16,21.458017349243164,24.3700008392334,24.84000015258789,24.020000457763672,24.39999961853028,7780300
2020-06-17,21.123424530029297,23.989999771118164,24.59000015258789,23.920000076293945,24.51000022888184,3766200
2020-06-18,20.94732666015625,23.790000915527344,23.989999771118164,23.64999961853028,23.82999992370605,2541700
2020-06-19,20.489452362060547,23.270000457763672,24.14999961853028,23.100000381469727,24.11000061035156,5802400
2020-06-22,20.37499046325684,23.13999938964844,23.36000061035156,22.959999084472656,23.239999771118164,3765500
2020-06-23,20.02278518676757,22.739999771118164,23.40999984741211,22.700000762939453,23.3799991607666,4783400
2020-06-24,19.70580291748047,22.3799991607666,22.709999084472656,22.200000762939453,22.68000030517578,3778600
2020-06-25,19.60013961791992,22.26000022888184,22.31999969482422,21.809999465942383,22.309999465942383,2964900
2020-06-26,19.520891189575195,22.170000076293945,22.57999992370605,21.93000030517578,22.26000022888184,3926600
2020-06-29,19.855484008789062,22.549999237060547,22.559999465942383,22.1299991607666,22.350000381469727,3201700
2020-06-30,20.12844657897949,22.86000061035156,22.950000762939453,22.549999237060547,22.549999237060547,3651700
2020-07-01,19.855484008789062,22.549999237060547,22.989999771118164,22.540000915527344,22.790000915527344,2707900
2020-07-02,19.84668159484864,22.540000915527344,22.82999992370605,22.520000457763672,22.770000457763672,3177400
2020-07-06,20.32215881347656,23.07999992370605,23.11000061035156,22.799999237060547,22.950000762939453,2740400
2020-07-07,19.80265998840332,22.489999771118164,22.979999542236328,22.43000030517578,22.93000030517578,2687100
2020-07-08,19.63536071777344,22.299999237060547,22.440000534057617,22.11000061035156,22.420000076293945,1867000
2020-07-09,20.02278518676757,22.739999771118164,22.96999931335449,22.31999969482422,22.38999938964844,3505500
2020-07-10,19.91712951660156,22.6200008392334,22.71999931335449,22.309999465942383,22.64999961853028,2359200
2020-07-13,19.84668159484864,22.540000915527344,23.020000457763672,22.530000686645508,22.82999992370605,3564200
2020-07-14,20.198883056640625,22.940000534057617,22.989999771118164,22.420000076293945,22.540000915527344,3105900
2020-07-15,20.42782020568848,23.200000762939453,23.3700008392334,22.989999771118164,23.15999984741211,2854500
2020-07-16,20.39259910583496,23.15999984741211,23.209999084472656,22.950000762939453,23.020000457763672,1861200
2020-07-17,20.9297103881836,23.770000457763672,23.81999969482422,23.11000061035156,23.34000015258789,4217000
2020-07-20,21.070592880249023,23.93000030517578,23.959999084472656,23.61000061035156,23.71999931335449,1650400
2020-07-21,21.255495071411133,24.13999938964844,24.239999771118164,23.850000381469727,24.100000381469727,2677100
2020-07-22,21.56368064880371,24.489999771118164,24.670000076293945,24.06999969482422,24.170000076293945,2352000
2020-07-23,21.572481155395508,24.5,24.81999969482422,24.40999984741211,24.549999237060547,2371900
2020-07-24,21.55487060546875,24.479999542236328,24.6200008392334,24.200000762939453,24.440000534057617,3032000
2020-07-27,22.11840057373047,25.1200008392334,25.299999237060547,24.459999084472656,24.520000457763672,3159800
2020-07-28,21.36115837097168,24.26000022888184,25.06999969482422,24.09000015258789,25.06999969482422,6102800
2020-07-29,22.00393295288086,24.989999771118164,25.940000534057617,24.979999542236328,25.39999961853028,5781100
2020-07-30,21.95110511779785,24.93000030517578,24.979999542236328,24.520000457763672,24.670000076293945,1851800
2020-07-31,22.34733009338379,25.3799991607666,25.38999938964844,24.6299991607666,25.0,3579000
2020-08-03,22.27688980102539,25.299999237060547,25.3799991607666,24.850000381469727,25.350000381469727,3008000
2020-08-04,22.470603942871094,25.520000457763672,25.64999961853028,25.299999237060547,25.39999961853028,2384400
2020-08-05,22.567459106445312,25.6299991607666,25.76000022888184,25.299999237060547,25.600000381469727,2795500
2020-08-06,22.690731048583984,25.770000457763672,25.84000015258789,25.530000686645508,25.549999237060547,2192000
2020-08-07,22.84041786193848,25.940000534057617,26.0,25.68000030517578,25.700000762939453,2815400
2020-08-10,22.91966819763184,26.030000686645508,26.190000534057617,25.84000015258789,25.940000534057617,1858300
2020-08-11,22.470603942871094,25.520000457763672,26.489999771118164,25.489999771118164,26.100000381469727,3327500
2020-08-12,22.391357421875,25.43000030517578,25.799999237060547,25.32999992370605,25.670000076293945,3571400
2020-08-13,21.959903717041016,24.940000534057617,25.26000022888184,24.6200008392334,25.049999237060547,4554000
2020-08-14,21.85424423217773,24.81999969482422,25.0,24.709999084472656,24.81999969482422,2524200
2020-08-17,21.405187606811523,24.309999465942383,24.950000762939453,24.239999771118164,24.82999992370605,3086000
2020-08-18,21.10581016540528,23.96999931335449,24.38999938964844,23.8799991607666,24.3799991607666,3013300
2020-08-19,20.97373580932617,23.81999969482422,24.239999771118164,23.729999542236328,23.950000762939453,2395600
2020-08-20,20.859270095825195,23.690000534057617,23.940000534057617,23.65999984741211,23.75,2545000
2020-08-21,20.797632217407227,23.6200008392334,23.75,23.540000915527344,23.690000534057617,3187600
2020-08-24,20.99134635925293,23.84000015258789,24.0,23.670000076293945,23.700000762939453,2178500
2020-08-25,20.99134635925293,23.84000015258789,23.979999542236328,23.459999084472656,23.780000686645508,3215900
2020-08-26,21.22908592224121,24.11000061035156,24.209999084472656,23.86000061035156,23.920000076293945,2199100
2020-08-27,21.017763137817383,23.8700008392334,24.239999771118164,23.600000381469727,24.170000076293945,2225700
2020-08-28,21.18505477905273,24.059999465942383,24.11000061035156,23.82999992370605,23.82999992370605,1973800
2020-08-31,22.197250366210938,25.0,25.09000015258789,24.100000381469727,24.21999931335449,6167600
2020-09-01,21.81545829772949,24.56999969482422,25.07999992370605,24.31999969482422,24.940000534057617,3246600
2020-09-02,22.13510131835937,24.93000030517578,25.040000915527344,24.57999992370605,24.57999992370605,2525100
2020-09-03,20.483625411987305,23.06999969482422,23.709999084472656,22.6299991607666,23.32999992370605,7667900
2020-09-04,20.63456344604492,23.239999771118164,23.459999084472656,22.950000762939453,23.239999771118164,4391600
2020-09-08,20.20837783813477,22.76000022888184,23.21999931335449,22.729999542236328,22.8799991607666,3328200
2020-09-09,20.62568664550781,23.229999542236328,23.450000762939453,22.75,22.979999542236328,4229300
2020-09-10,20.28828811645508,22.850000381469727,23.489999771118164,22.84000015258789,23.299999237060547,2610000
2020-09-11,20.52802276611328,23.1200008392334,23.190000534057617,22.8700008392334,23.040000915527344,2237800
2020-09-14,20.52802276611328,23.1200008392334,23.32999992370605,23.0,23.32999992370605,3087100
2020-09-15,20.5102596282959,23.100000381469727,23.31999969482422,23.01000022888184,23.25,2724300
2020-09-16,20.61680603027344,23.21999931335449,23.56999969482422,23.170000076293945,23.32999992370605,2424100
2020-09-17,20.65231704711914,23.26000022888184,23.440000534057617,22.809999465942383,22.89999961853028,2852000
2020-09-18,20.66120338439941,23.270000457763672,23.420000076293945,23.13999938964844,23.209999084472656,4163400
2020-09-21,20.39483642578125,22.96999931335449,23.18000030517578,22.8799991607666,23.06999969482422,3234800
2020-09-22,20.01303672790528,22.540000915527344,23.059999465942383,22.350000381469727,22.959999084472656,3457800
2020-09-23,18.98309135437012,21.3799991607666,22.549999237060547,21.3700008392334,22.440000534057617,5542900
2020-09-24,18.78775405883789,21.15999984741211,21.549999237060547,21.01000022888184,21.239999771118164,3979600
2020-09-25,18.991968154907227,21.38999938964844,21.46999931335449,21.01000022888184,21.14999961853028,3136900
2020-09-28,19.51582336425781,21.979999542236328,22.020000457763672,21.64999961853028,21.739999771118164,3863000
2020-09-29,19.40927505493164,21.86000061035156,22.13999938964844,21.739999771118164,21.940000534057617,2031100
2020-09-30,19.08963394165039,21.5,21.770000457763672,21.290000915527344,21.729999542236328,4302500
2020-10-01,18.956451416015625,21.350000381469727,21.600000381469727,21.229999542236328,21.51000022888184,2612600
2020-10-02,18.92981719970703,21.31999969482422,21.43000030517578,21.030000686645508,21.040000915527344,2888100
2020-10-05,19.498065948486328,21.959999084472656,22.020000457763672,21.51000022888184,21.559999465942383,2678100
2020-10-06,19.30273056030273,21.739999771118164,22.25,21.68000030517578,21.959999084472656,2754100
2020-10-07,19.79106903076172,22.290000915527344,22.31999969482422,21.88999938964844,21.90999984741211,2234200
2020-10-08,20.1018295288086,22.63999938964844,22.780000686645508,22.440000534057617,22.459999084472656,4222400
2020-10-09,20.119585037231445,22.65999984741211,22.93000030517578,22.520000457763672,22.82999992370605,2262100
2020-10-12,20.08407592773437,22.6200008392334,22.65999984741211,22.290000915527344,22.61000061035156,2382100
2020-10-13,19.82658576965332,22.32999992370605,22.68000030517578,22.280000686645508,22.6200008392334,1973200
2020-10-14,19.97752952575684,22.5,22.670000076293945,22.3700008392334,22.459999084472656,1814600
2020-10-15,19.97752952575684,22.5,22.540000915527344,22.15999984741211,22.290000915527344,1620600
2020-10-16,19.915372848510746,22.43000030517578,22.559999465942383,22.239999771118164,22.46999931335449,1934300
2020-10-19,19.59573173522949,22.06999969482422,22.6299991607666,21.96999931335449,22.56999969482422,2075800
2020-10-20,19.48031044006348,21.940000534057617,22.36000061035156,21.920000076293945,22.309999465942383,1647500
2020-10-21,19.4003963470459,21.850000381469727,22.11000061035156,21.739999771118164,22.0,1759200
2020-10-22,19.906492233276367,22.420000076293945,22.5,21.799999237060547,21.950000762939453,5018400
2020-10-23,19.79106903076172,22.290000915527344,22.549999237060547,22.15999984741211,22.39999961853028,3312800
2020-10-26,19.4359130859375,21.88999938964844,22.21999931335449,21.440000534057617,22.1200008392334,3254000
2020-10-27,19.4003963470459,21.850000381469727,22.030000686645508,21.51000022888184,21.700000762939453,7433400
2020-10-28,18.18399238586425,20.479999542236328,21.86000061035156,20.31999969482422,21.86000061035156,10070100
2020-10-29,17.48255729675293,19.690000534057617,20.780000686645508,19.670000076293945,20.420000076293945,8228400
2020-10-30,17.50918960571289,19.71999931335449,20.07999992370605,19.51000022888184,19.68000030517578,4795500
2020-11-02,17.46479606628418,19.670000076293945,20.07999992370605,19.549999237060547,19.959999084472656,4566500
2020-11-03,17.84659194946289,20.100000381469727,20.450000762939453,19.88999938964844,19.88999938964844,2606900
2020-11-04,17.793315887451172,20.040000915527344,20.36000061035156,19.86000061035156,20.280000686645508,3628300
2020-11-05,18.21062660217285,20.51000022888184,20.56999969482422,20.239999771118164,20.43000030517578,2160700
2020-11-06,18.281658172607425,20.59000015258789,20.65999984741211,20.38999938964844,20.5,2135200
2020-11-09,19.01860618591309,21.420000076293945,22.040000915527344,21.350000381469727,21.38999938964844,4058200
2020-11-10,19.07187843322754,21.479999542236328,21.600000381469727,21.14999961853028,21.38999938964844,2362500
2020-11-11,19.0985164642334,21.51000022888184,21.670000076293945,21.270000457763672,21.63999938964844,1631200
2020-11-12,18.92981719970703,21.31999969482422,21.51000022888184,21.07999992370605,21.450000762939453,2254700
2020-11-13,19.4003963470459,21.850000381469727,21.93000030517578,21.14999961853028,21.61000061035156,3078300
2020-11-16,19.83546257019043,22.34000015258789,22.350000381469727,21.90999984741211,22.11000061035156,3031200
2020-11-17,19.72003555297852,22.209999084472656,22.43000030517578,22.01000022888184,22.200000762939453,2476900
2020-11-18,19.4003963470459,21.850000381469727,22.25,21.850000381469727,22.18000030517578,3200300
2020-11-19,19.48031044006348,21.940000534057617,21.96999931335449,21.68000030517578,21.75,1950800
2020-11-20,19.205060958862305,21.6299991607666,22.01000022888184,21.59000015258789,21.920000076293945,3318300
2020-11-23,19.453670501708984,21.90999984741211,21.959999084472656,21.51000022888184,21.68000030517578,2863100
2020-11-24,19.79106903076172,22.290000915527344,22.309999465942383,21.8799991607666,21.979999542236328,3085800
2020-11-25,19.569101333618164,22.040000915527344,22.299999237060547,21.920000076293945,22.290000915527344,2242400
2020-11-27,19.72003555297852,22.209999084472656,22.290000915527344,21.93000030517578,22.13999938964844,1237500
2020-11-30,19.505006790161133,21.770000457763672,22.09000015258789,21.559999465942383,22.0,6021700
2020-12-01,19.612524032592773,21.88999938964844,22.059999465942383,21.729999542236328,21.82999992370605,4551400
2020-12-02,19.38853454589844,21.63999938964844,21.93000030517578,21.56999969482422,21.84000015258789,3491300
2020-12-03,19.37957191467285,21.6299991607666,21.790000915527344,21.39999961853028,21.6299991607666,3784400
2020-12-04,19.693159103393555,21.979999542236328,22.020000457763672,21.61000061035156,21.709999084472656,4802300
2020-12-07,19.80963706970215,22.11000061035156,22.40999984741211,21.90999984741211,22.06999969482422,3140800
2020-12-08,19.47813034057617,21.739999771118164,21.8700008392334,21.39999961853028,21.57999992370605,6505700
2020-12-09,19.62148094177246,21.89999961853028,21.950000762939453,21.520000457763672,21.780000686645508,4608600
2020-12-10,19.6841983795166,21.96999931335449,22.049999237060547,21.68000030517578,21.739999771118164,2604400
2020-12-11,19.63940048217773,21.920000076293945,22.020000457763672,21.420000076293945,21.5,3828300
2020-12-14,19.782752990722656,22.07999992370605,22.420000076293945,22.01000022888184,22.11000061035156,3852300
2020-12-15,19.97090530395508,22.290000915527344,22.299999237060547,21.86000061035156,22.229999542236328,2396100
2020-12-16,19.86338996887207,22.170000076293945,22.46999931335449,22.14999961853028,22.280000686645508,2630600
2020-12-17,19.91715431213379,22.229999542236328,22.350000381469727,22.040000915527344,22.25,2487600
2020-12-18,20.32032966613769,22.68000030517578,22.780000686645508,22.170000076293945,22.280000686645508,8450400
2020-12-21,20.15009880065918,22.489999771118164,22.51000022888184,21.989999771118164,22.309999465942383,3098500
2020-12-22,20.042585372924805,22.3700008392334,22.6299991607666,22.25,22.530000686645508,4291400
2020-12-23,20.015701293945312,22.34000015258789,22.559999465942383,22.239999771118164,22.34000015258789,5707800
2020-12-24,20.069459915161133,22.39999961853028,22.459999084472656,22.21999931335449,22.459999084472656,758000
2020-12-28,20.212814331054688,22.559999465942383,22.93000030517578,22.43000030517578,22.5,2005800
2020-12-29,19.881309509277344,22.190000534057617,22.709999084472656,22.09000015258789,22.6200008392334,2130000
2020-12-30,19.89027404785156,22.200000762939453,22.459999084472656,22.1200008392334,22.270000457763672,8873000
2020-12-31,20.16802024841309,22.51000022888184,22.549999237060547,22.11000061035156,22.21999931335449,2332100
2021-01-04,20.257614135742188,22.61000061035156,22.71999931335449,22.38999938964844,22.5,5320500
2021-01-05,20.92958641052246,23.36000061035156,23.530000686645508,22.61000061035156,22.61000061035156,5935000
2021-01-06,21.126691818237305,23.57999992370605,23.81999969482422,23.13999938964844,23.39999961853028,4980800
2021-01-07,21.350685119628903,23.82999992370605,24.0,23.549999237060547,23.670000076293945,4835700
2021-01-08,21.32380104064941,23.799999237060547,24.21999931335449,23.790000915527344,23.8799991607666,4134900
2021-01-11,21.332761764526367,23.809999465942383,23.93000030517578,23.450000762939453,23.559999465942383,5043900
2021-01-12,21.332761764526367,23.809999465942383,24.030000686645508,23.64999961853028,23.920000076293945,3640500
2021-01-13,21.05501365661621,23.5,23.71999931335449,23.21999931335449,23.700000762939453,5041300
2021-01-14,21.691144943237305,24.209999084472656,24.309999465942383,23.84000015258789,23.90999984741211,4783600
2021-01-15,21.897214889526367,24.440000534057617,24.530000686645508,24.01000022888184,24.170000076293945,4226100
2021-01-19,21.95993995666504,24.51000022888184,24.549999237060547,24.170000076293945,24.520000457763672,4411300
2021-01-20,22.47959327697754,25.09000015258789,25.170000076293945,24.51000022888184,24.6299991607666,4930500
2021-01-21,22.622941970825195,25.25,25.540000915527344,24.89999961853028,25.170000076293945,5791100
2021-01-22,22.43479347229004,25.040000915527344,25.190000534057617,24.770000457763672,25.049999237060547,5057100
2021-01-25,22.766298294067383,25.40999984741211,25.729999542236328,25.14999961853028,25.200000762939453,5004200
2021-01-26,23.330751419067383,26.040000915527344,26.100000381469727,25.40999984741211,25.450000762939453,5734700
2021-01-27,24.71948432922364,27.59000015258789,27.82999992370605,25.8799991607666,25.989999771118164,12173500
2021-01-28,23.393463134765625,26.11000061035156,27.549999237060547,25.989999771118164,27.520000457763672,8232900
2021-01-29,21.87929916381836,24.420000076293945,26.700000762939453,24.209999084472656,26.170000076293945,12346800
2021-02-01,22.1928825378418,24.770000457763672,24.979999542236328,24.1299991607666,24.450000762939453,6026400
2021-02-02,21.673229217529297,24.190000534057617,24.76000022888184,23.93000030517578,24.709999084472656,5165900
2021-02-03,21.798660278320312,24.32999992370605,24.549999237060547,23.8799991607666,24.229999542236328,4246700
2021-02-04,21.870342254638672,24.40999984741211,24.670000076293945,24.299999237060547,24.309999465942383,2735900
2021-02-05,21.995769500732425,24.549999237060547,24.690000534057617,24.3700008392334,24.46999931335449,4145800
2021-02-08,22.533344268798828,25.14999961853028,25.18000030517578,24.63999938964844,24.729999542236328,3261500
2021-02-09,22.84693145751953,25.5,25.56999969482422,25.100000381469727,25.18000030517578,3039200
2021-02-10,22.793174743652344,25.440000534057617,25.729999542236328,25.09000015258789,25.440000534057617,4650500
2021-02-11,23.079879760742188,25.76000022888184,25.780000686645508,25.43000030517578,25.64999961853028,4708800
2021-02-12,22.622941970825195,25.25,25.979999542236328,25.01000022888184,25.709999084472656,5907500
2021-02-16,21.90617752075196,24.450000762939453,25.309999465942383,23.8799991607666,25.309999465942383,8220100
2021-02-17,21.682188034057617,24.200000762939453,24.61000061035156,24.09000015258789,24.299999237060547,5548800
2021-02-18,21.538833618164062,24.040000915527344,24.3700008392334,23.950000762939453,24.059999465942383,3838500
2021-02-19,21.47611427307129,23.96999931335449,24.280000686645508,23.950000762939453,24.11000061035156,5772300
2021-02-22,21.52091217041016,24.020000457763672,24.1299991607666,23.57999992370605,23.84000015258789,6025400
2021-02-23,21.153573989868164,23.61000061035156,24.0,23.520000457763672,23.96999931335449,3861400
2021-02-24,21.27900695800781,23.75,23.82999992370605,23.5,23.530000686645508,3194800
2021-02-25,21.180444717407227,23.63999938964844,24.020000457763672,23.46999931335449,23.809999465942383,3247900
2021-02-26,21.035871505737305,23.280000686645508,23.6200008392334,23.1200008392334,23.46999931335449,5096900
2021-03-01,21.65936088562012,23.96999931335449,24.1299991607666,23.350000381469727,23.450000762939453,4451300
2021-03-02,21.50574493408203,23.799999237060547,24.09000015258789,23.780000686645508,23.959999084472656,2810100
2021-03-03,21.56900215148925,23.8700008392334,24.40999984741211,23.64999961853028,23.8799991607666,5057200
2021-03-04,21.352134704589844,23.6299991607666,24.350000381469727,23.51000022888184,23.93000030517578,5917800
2021-03-05,21.51478576660156,23.809999465942383,24.030000686645508,23.489999771118164,23.88999938964844,6250600
2021-03-08,21.650325775146484,23.959999084472656,24.450000762939453,23.6200008392334,23.799999237060547,7195600
2021-03-09,21.81296730041504,24.13999938964844,24.440000534057617,24.040000915527344,24.13999938964844,5847800
2021-03-10,22.30995750427246,24.690000534057617,24.690000534057617,24.21999931335449,24.309999465942383,3219800
2021-03-11,22.815967559814453,25.25,25.38999938964844,24.65999984741211,24.8799991607666,6816800
2021-03-12,22.95151138305664,25.39999961853028,25.549999237060547,25.100000381469727,25.190000534057617,3655400
2021-03-15,23.340063095092773,25.82999992370605,25.8700008392334,25.440000534057617,25.5,3555400
2021-03-16,23.08704948425293,25.549999237060547,25.780000686645508,25.270000457763672,25.64999961853028,4378400
2021-03-17,22.95151138305664,25.39999961853028,25.600000381469727,25.14999961853028,25.3799991607666,3849600
2021-03-18,22.770790100097656,25.200000762939453,25.51000022888184,25.07999992370605,25.14999961853028,2907500
2021-03-19,22.59006690979004,25.0,25.32999992370605,24.959999084472656,25.14999961853028,5673600
2021-03-22,22.852113723754883,25.290000915527344,25.40999984741211,24.81999969482422,24.959999084472656,3522200
2021-03-23,22.48163414001465,24.8799991607666,25.31999969482422,24.76000022888184,25.290000915527344,3015000
2021-03-24,22.138267517089844,24.5,25.100000381469727,24.46999931335449,24.920000076293945,3226700
2021-03-25,22.62621307373047,25.040000915527344,25.14999961853028,24.3700008392334,24.46999931335449,2504000
2021-03-26,23.34910011291504,25.84000015258789,25.86000061035156,25.07999992370605,25.200000762939453,3970200
2021-03-29,23.20452117919922,25.68000030517578,26.200000762939453,25.600000381469727,25.729999542236328,3746900
2021-03-30,23.01476287841797,25.46999931335449,25.600000381469727,25.18000030517578,25.51000022888184,2302500
2021-03-31,22.888261795043945,25.32999992370605,25.59000015258789,25.200000762939453,25.520000457763672,2503700
2021-04-01,23.15030288696289,25.6200008392334,25.63999938964844,25.280000686645508,25.479999542236328,3153000
2021-04-05,23.23163414001465,25.709999084472656,25.89999961853028,25.489999771118164,25.709999084472656,2246700
2021-04-06,23.114158630371094,25.57999992370605,25.780000686645508,25.420000076293945,25.780000686645508,2350500
2021-04-07,22.969581604003903,25.420000076293945,25.76000022888184,25.32999992370605,25.709999084472656,2575100
2021-04-08,23.132232666015625,25.600000381469727,25.6200008392334,25.200000762939453,25.450000762939453,2759400
2021-04-09,22.96055030822754,25.40999984741211,25.729999542236328,25.25,25.64999961853028,3437700
2021-04-12,23.050912857055664,25.51000022888184,25.549999237060547,25.270000457763672,25.40999984741211,2639000
2021-04-13,23.19548225402832,25.670000076293945,25.81999969482422,25.489999771118164,25.57999992370605,4129100
2021-04-14,23.12319564819336,25.59000015258789,25.790000915527344,25.479999542236328,25.6200008392334,3279500
2021-04-15,23.15030288696289,25.6200008392334,25.75,25.559999465942383,25.68000030517578,2619900
2021-04-16,23.50271224975586,26.01000022888184,26.11000061035156,25.729999542236328,25.75,5768800
2021-04-19,23.42138290405273,25.920000076293945,26.13999938964844,25.850000381469727,26.01000022888184,3403700
2021-04-20,22.888261795043945,25.32999992370605,26.059999465942383,25.190000534057617,25.940000534057617,2971800
2021-04-21,23.09609031677246,25.559999465942383,25.64999961853028,25.190000534057617,25.3799991607666,2544400
2021-04-22,22.65332221984864,25.06999969482422,25.59000015258789,25.059999465942383,25.489999771118164,3066600
2021-04-23,22.86115455627441,25.299999237060547,25.450000762939453,24.950000762939453,25.13999938964844,4132900
2021-04-26,23.09609031677246,25.559999465942383,25.600000381469727,25.09000015258789,25.350000381469727,6797100
2021-04-27,22.843076705932617,25.280000686645508,25.799999237060547,25.13999938964844,25.61000061035156,8215700
2021-04-28,22.82500648498535,25.26000022888184,26.200000762939453,24.93000030517578,26.0,7717300
2021-04-29,23.809932708740234,26.350000381469727,26.43000030517578,25.3799991607666,25.450000762939453,8133500
2021-04-30,22.94247436523437,25.38999938964844,26.3700008392334,25.34000015258789,26.290000915527344,6071800
2021-05-03,23.376201629638672,25.8700008392334,26.190000534057617,25.520000457763672,25.520000457763672,4039900
2021-05-04,23.57500267028809,26.09000015258789,26.200000762939453,25.63999938964844,25.65999984741211,5593300
2021-05-05,23.773794174194336,26.309999465942383,26.40999984741211,26.020000457763672,26.229999542236328,4279200
2021-05-06,24.40631484985352,27.01000022888184,27.1200008392334,26.25,26.3700008392334,6162500
2021-05-07,24.577999114990234,27.200000762939453,27.309999465942383,26.81999969482422,27.0,3998700
2021-05-10,24.39727783203125,27.0,27.40999984741211,26.979999542236328,27.25,4430000
2021-05-11,24.25269889831543,26.84000015258789,26.90999984741211,26.450000762939453,26.63999938964844,3786900
2021-05-12,23.40331268310547,25.89999961853028,26.76000022888184,25.89999961853028,26.670000076293945,3445200
2021-05-13,23.79186248779297,26.32999992370605,26.489999771118164,25.940000534057617,25.950000762939453,2864800
2021-05-14,24.017765045166016,26.57999992370605,26.739999771118164,26.31999969482422,26.459999084472656,3165500
2021-05-17,23.963546752929688,26.520000457763672,26.6200008392334,26.32999992370605,26.459999084472656,4180000
2021-05-18,23.764753341674805,26.299999237060547,26.6299991607666,26.299999237060547,26.6299991607666,2113900
2021-05-19,23.493671417236328,26.0,26.06999969482422,25.75,26.06999969482422,2966300
2021-05-20,23.954509735107425,26.51000022888184,26.61000061035156,25.479999542236328,25.940000534057617,5466000
2021-05-21,24.153303146362305,26.729999542236328,26.979999542236328,26.459999084472656,26.61000061035156,8755500
2021-05-24,24.25269889831543,26.84000015258789,27.15999984741211,26.81999969482422,26.86000061035156,3087800
2021-05-25,24.017765045166016,26.57999992370605,27.170000076293945,26.420000076293945,27.170000076293945,2649100
2021-05-26,24.008724212646484,26.56999969482422,26.709999084472656,26.440000534057617,26.56999969482422,2175900
2021-05-27,24.017765045166016,26.57999992370605,26.96999931335449,26.549999237060547,26.739999771118164,4601300
2021-05-28,23.972240447998047,26.32999992370605,26.59000015258789,26.31999969482422,26.559999465942383,2464000
2021-06-01,24.06328582763672,26.43000030517578,26.57999992370605,26.270000457763672,26.3700008392334,2504900
2021-06-02,24.09970474243164,26.46999931335449,26.57999992370605,26.32999992370605,26.5,2005200
2021-06-03,24.51851463317871,26.93000030517578,26.950000762939453,26.31999969482422,26.479999542236328,3373800
2021-06-04,25.310609817504883,27.799999237060547,27.850000381469727,26.920000076293945,27.0,3874300
2021-06-07,25.46537971496582,27.96999931335449,28.1200008392334,27.729999542236328,27.799999237060547,4458600
2021-06-08,26.020761489868164,28.57999992370605,28.6299991607666,27.96999931335449,28.049999237060547,4059800
2021-06-09,25.929712295532227,28.479999542236328,28.71999931335449,28.459999084472656,28.61000061035156,2901800
2021-06-10,26.33942031860352,28.93000030517578,29.030000686645508,28.40999984741211,28.6299991607666,3336700
2021-06-11,26.10270118713379,28.670000076293945,29.07999992370605,28.59000015258789,29.0,2261000
2021-06-14,25.95702743530273,28.51000022888184,28.600000381469727,28.34000015258789,28.59000015258789,2041200
2021-06-15,25.765830993652344,28.299999237060547,28.64999961853028,28.229999542236328,28.559999465942383,2214700
2021-06-16,25.68389129638672,28.209999084472656,28.40999984741211,28.049999237060547,28.3700008392334,2858000
2021-06-17,25.265079498291016,27.75,28.31999969482422,27.739999771118164,28.280000686645508,2761600
2021-06-18,24.51851463317871,26.93000030517578,27.6299991607666,26.88999938964844,27.530000686645508,10516100
2021-06-21,25.16493225097656,27.63999938964844,27.670000076293945,26.989999771118164,27.1299991607666,2942900
2021-06-22,24.937318801879883,27.38999938964844,27.6200008392334,27.350000381469727,27.56999969482422,1988300
2021-06-23,24.737022399902344,27.170000076293945,27.40999984741211,27.15999984741211,27.38999938964844,2026400
2021-06-24,24.8826961517334,27.32999992370605,27.43000030517578,27.190000534057617,27.39999961853028,1964800
2021-06-25,25.210458755493164,27.690000534057617,27.790000915527344,27.309999465942383,27.309999465942383,3611400
2021-06-28,25.20135498046875,27.68000030517578,27.89999961853028,27.6299991607666,27.76000022888184,1887300
2021-06-29,25.12851524353028,27.600000381469727,27.729999542236328,27.530000686645508,27.690000534057617,1372400
2021-06-30,24.9009017944336,27.350000381469727,27.56999969482422,27.229999542236328,27.530000686645508,1851900
2021-07-01,24.85537910461425,27.299999237060547,27.51000022888184,27.18000030517578,27.459999084472656,2663300
2021-07-02,24.87358856201172,27.31999969482422,27.3799991607666,26.979999542236328,27.299999237060547,2089300
2021-07-06,24.70970916748047,27.13999938964844,27.34000015258789,26.86000061035156,27.34000015258789,2419900
2021-07-07,24.87358856201172,27.31999969482422,27.34000015258789,26.809999465942383,27.209999084472656,2435400
2021-07-08,24.809858322143555,27.25,27.290000915527344,26.989999771118164,27.11000061035156,2749300
2021-07-09,25.1467227935791,27.6200008392334,27.729999542236328,27.36000061035156,27.420000076293945,2017300
2021-07-12,24.87358856201172,27.31999969482422,27.68000030517578,27.309999465942383,27.57999992370605,2923000
2021-07-13,24.9919490814209,27.450000762939453,27.950000762939453,27.100000381469727,27.489999771118164,5029300
2021-07-14,25.538217544555664,28.049999237060547,28.200000762939453,27.81999969482422,28.190000534057617,3885300
2021-07-15,25.556427001953125,28.06999969482422,28.290000915527344,27.799999237060547,27.81999969482422,4613000
2021-07-16,25.13762092590332,27.61000061035156,28.200000762939453,27.57999992370605,28.1200008392334,2180000
2021-07-19,24.227169036865234,26.61000061035156,27.040000915527344,26.25,26.450000762939453,5304900
2021-07-20,24.691499710083008,27.1200008392334,27.34000015258789,26.600000381469727,26.780000686645508,2774600
2021-07-21,24.737022399902344,27.170000076293945,27.39999961853028,27.100000381469727,27.299999237060547,1721600
2021-07-22,24.85537910461425,27.299999237060547,27.31999969482422,27.020000457763672,27.170000076293945,1900400
2021-07-23,25.1012020111084,27.56999969482422,27.6299991607666,27.209999084472656,27.489999771118164,2654600
2021-07-26,25.13762092590332,27.61000061035156,27.76000022888184,27.489999771118164,27.56999969482422,1916100
2021-07-27,25.16493225097656,27.63999938964844,27.729999542236328,27.309999465942383,27.549999237060547,4939600
2021-07-28,24.56403541564941,26.979999542236328,27.059999465942383,26.1200008392334,26.479999542236328,9859000
2021-07-29,24.95553207397461,27.40999984741211,27.76000022888184,27.229999542236328,27.32999992370605,5310300
2021-07-30,25.62015914916992,28.13999938964844,28.229999542236328,27.350000381469727,27.3700008392334,4373400
2021-08-02,25.501802444458008,28.01000022888184,28.479999542236328,27.96999931335449,28.18000030517578,4283300
2021-08-03,26.448673248291016,29.049999237060547,29.100000381469727,28.0,28.11000061035156,5297800
2021-08-04,25.993446350097656,28.549999237060547,29.020000457763672,28.51000022888184,29.0,3158000
2021-08-05,25.6929931640625,28.21999931335449,28.75,28.14999961853028,28.68000030517578,2185600
2021-08-06,25.847768783569336,28.38999938964844,28.700000762939453,28.290000915527344,28.299999237060547,3245100
2021-08-09,25.6929931640625,28.21999931335449,28.46999931335449,28.14999961853028,28.39999961853028,1911800
2021-08-10,25.6929931640625,28.21999931335449,28.36000061035156,28.11000061035156,28.229999542236328,1526400
2021-08-11,25.85688018798828,28.39999961853028,28.549999237060547,28.040000915527344,28.299999237060547,1379700
2021-08-12,25.947921752929688,28.5,28.51000022888184,28.239999771118164,28.440000534057617,1668100
2021-08-13,26.3030014038086,28.88999938964844,28.90999984741211,28.489999771118164,28.57999992370605,1754100
2021-08-16,26.10270118713379,28.670000076293945,28.96999931335449,28.489999771118164,28.799999237060547,2772100
2021-08-17,25.85688018798828,28.39999961853028,28.6200008392334,28.200000762939453,28.559999465942383,1696600
2021-08-18,26.24837684631348,28.82999992370605,29.43000030517578,28.190000534057617,28.34000015258789,6895100
2021-08-19,26.421358108520508,29.020000457763672,29.670000076293945,28.489999771118164,28.600000381469727,5816200
2021-08-20,26.466880798339844,29.06999969482422,29.1299991607666,28.75,28.950000762939453,2610300
2021-08-23,26.60344886779785,29.21999931335449,29.39999961853028,29.13999938964844,29.200000762939453,1860500
2021-08-24,26.794647216796875,29.43000030517578,29.489999771118164,29.200000762939453,29.3700008392334,1469600
2021-08-25,26.84016799926757,29.479999542236328,29.770000457763672,29.450000762939453,29.5,1568500
2021-08-26,26.767332077026367,29.39999961853028,29.56999969482422,29.34000015258789,29.51000022888184,1200300
2021-08-27,26.849271774291992,29.489999771118164,29.690000534057617,29.350000381469727,29.459999084472656,2001300
2021-08-30,26.803749084472656,29.440000534057617,29.739999771118164,29.43000030517578,29.549999237060547,1939600
2021-08-31,26.56540870666504,28.979999542236328,29.309999465942383,28.940000534057617,29.239999771118164,3514800
2021-09-01,26.647912979125977,29.06999969482422,29.26000022888184,28.690000534057617,29.07999992370605,3871500
2021-09-02,26.92291641235352,29.3700008392334,29.3799991607666,29.0,29.049999237060547,1409700
2021-09-03,26.56540870666504,28.979999542236328,29.43000030517578,28.979999542236328,29.350000381469727,1705500
2021-09-07,25.932905197143555,28.290000915527344,28.96999931335449,28.21999931335449,28.89999961853028,2390400
2021-09-08,25.914569854736328,28.270000457763672,28.51000022888184,28.100000381469727,28.21999931335449,3360200
2021-09-09,25.79540061950684,28.13999938964844,28.420000076293945,28.07999992370605,28.280000686645508,2584900
2021-09-10,25.511228561401367,27.82999992370605,28.31999969482422,27.780000686645508,28.229999542236328,2519500
2021-09-13,25.88706970214844,28.239999771118164,28.26000022888184,27.8799991607666,28.01000022888184,2173300
2021-09-14,25.657899856567383,27.989999771118164,28.3799991607666,27.88999938964844,28.290000915527344,1945000
2021-09-15,25.712900161743164,28.049999237060547,28.290000915527344,27.64999961853028,27.920000076293945,4363400
2021-09-16,25.712900161743164,28.049999237060547,28.280000686645508,27.850000381469727,28.170000076293945,2943000
2021-09-17,25.57539939880371,27.89999961853028,28.14999961853028,27.71999931335449,27.93000030517578,6146700
2021-09-20,25.254558563232425,27.549999237060547,27.780000686645508,27.270000457763672,27.440000534057617,2303600
2021-09-21,25.12622261047364,27.40999984741211,27.809999465942383,27.3799991607666,27.770000457763672,1633900
2021-09-22,25.45623588562012,27.770000457763672,28.06999969482422,27.51000022888184,27.59000015258789,2449900
2021-09-23,25.813735961914062,28.15999984741211,28.40999984741211,27.799999237060547,27.8700008392334,1849100
2021-09-24,26.152904510498047,28.530000686645508,28.559999465942383,28.0,28.049999237060547,1491000
2021-09-27,26.272077560424805,28.65999984741211,28.850000381469727,28.440000534057617,28.59000015258789,1450900
2021-09-28,25.90540313720703,28.26000022888184,28.71999931335449,28.200000762939453,28.61000061035156,1956300
2021-09-29,25.9970760345459,28.36000061035156,28.59000015258789,28.229999542236328,28.350000381469727,2502400
2021-09-30,25.22705841064453,27.520000457763672,28.559999465942383,27.5,28.520000457763672,3035900
2021-10-01,25.66706657409668,28.0,28.170000076293945,27.450000762939453,27.670000076293945,2072600
2021-10-04,25.474565505981445,27.790000915527344,28.07999992370605,27.71999931335449,27.950000762939453,2557200
2021-10-05,25.68539810180664,28.020000457763672,28.229999542236328,27.690000534057617,27.8799991607666,2139700
2021-10-06,25.74040031433105,28.07999992370605,28.100000381469727,27.459999084472656,27.81999969482422,2393800
2021-10-07,26.24457359313965,28.6299991607666,28.90999984741211,28.36000061035156,28.440000534057617,2296400
2021-10-08,26.299579620361328,28.690000534057617,28.75,28.450000762939453,28.6299991607666,1474800
2021-10-11,26.25374221801757,28.63999938964844,28.86000061035156,28.600000381469727,28.770000457763672,1346900
2021-10-12,25.987905502319336,28.350000381469727,28.71999931335449,28.229999542236328,28.690000534057617,1790600
2021-10-13,25.932905197143555,28.290000915527344,28.59000015258789,28.239999771118164,28.31999969482422,1975200
2021-10-14,26.53791236877441,28.950000762939453,29.07999992370605,28.46999931335449,28.540000915527344,1619600
2021-10-15,26.21707344055176,28.600000381469727,29.200000762939453,28.46999931335449,29.100000381469727,2985400
2021-10-18,26.042903900146484,28.40999984741211,28.690000534057617,28.280000686645508,28.489999771118164,1657200
2021-10-19,25.923734664916992,28.280000686645508,28.459999084472656,28.0,28.440000534057617,1853700
2021-10-20,26.17123985290528,28.549999237060547,28.709999084472656,28.39999961853028,28.39999961853028,2062100
2021-10-21,26.06123733520508,28.43000030517578,28.520000457763672,28.190000534057617,28.43000030517578,1831200
2021-10-22,25.80456924438477,28.14999961853028,28.5,28.059999465942383,28.40999984741211,2432300
2021-10-25,25.337060928344727,27.63999938964844,28.190000534057617,27.57999992370605,28.09000015258789,3578600
2021-10-26,25.19955825805664,27.489999771118164,27.96999931335449,27.3700008392334,27.729999542236328,4148300
2021-10-27,27.335426330566406,29.81999969482422,30.09000015258789,28.0,28.43000030517578,10148300
2021-10-28,27.22542381286621,29.700000762939453,30.31999969482422,29.290000915527344,29.790000915527344,5090000
2021-10-29,27.060422897338867,29.520000457763672,30.0,29.270000457763672,29.68000030517578,4666500
2021-11-01,27.757099151611328,30.280000686645508,30.3799991607666,29.40999984741211,29.459999084472656,2938700
2021-11-02,28.61877822875977,31.21999931335449,31.770000457763672,30.530000686645508,30.530000686645508,6169200
2021-11-03,28.62794685363769,31.229999542236328,31.68000030517578,30.96999931335449,31.13999938964844,2790600
2021-11-04,28.48127555847168,31.06999969482422,31.46999931335449,31.01000022888184,31.15999984741211,1792100
2021-11-05,28.68294715881348,31.290000915527344,31.61000061035156,31.1299991607666,31.31999969482422,1832100
2021-11-08,28.65544509887696,31.26000022888184,31.57999992370605,31.15999984741211,31.350000381469727,2193900
2021-11-09,28.80211639404297,31.420000076293945,31.559999465942383,31.13999938964844,31.18000030517578,1406700
2021-11-10,29.10461807250977,31.75,32.58000183105469,31.34000015258789,31.3799991607666,4444900
2021-11-11,29.049617767333984,31.690000534057617,31.940000534057617,31.6200008392334,31.6299991607666,1548000
2021-11-12,29.361291885375977,32.029998779296875,32.04999923706055,31.6200008392334,31.670000076293945,1930700
2021-11-15,29.46212577819824,32.13999938964844,32.2400016784668,31.90999984741211,32.029998779296875,2052600
2021-11-16,29.32462501525879,31.989999771118164,32.380001068115234,31.96999931335449,32.099998474121094,2285300
2021-11-17,29.443788528442383,32.119998931884766,32.20000076293945,31.6200008392334,31.8700008392334,2905000
2021-11-18,29.68212890625,32.380001068115234,32.4900016784668,31.790000915527344,32.29999923706055,4798100
2021-11-19,29.51712417602539,32.20000076293945,32.529998779296875,32.18000030517578,32.33000183105469,3500900
2021-11-22,29.7004623413086,32.400001525878906,33.02000045776367,32.029998779296875,32.22999954223633,4445200
2021-11-23,29.63630104064941,32.33000183105469,32.630001068115234,32.06999969482422,32.27000045776367,2925300
2021-11-24,29.71879768371582,32.41999816894531,32.650001525878906,32.16999816894531,32.16999816894531,5292600
2021-11-26,28.82961654663086,31.450000762939453,32.22999954223633,31.3700008392334,31.770000457763672,3094100
2021-11-29,29.187122344970703,31.84000015258789,32.209999084472656,31.68000030517578,31.68000030517578,3767500
2021-11-30,28.71666145324707,31.1299991607666,31.59000015258789,30.979999542236328,31.559999465942383,6785900
2021-12-01,28.412242889404297,30.799999237060547,31.850000381469727,30.780000686645508,31.32999992370605,3580300
2021-12-02,28.790456771850582,31.209999084472656,31.479999542236328,30.65999984741211,30.89999961853028,2432900
2021-12-03,28.84580612182617,31.270000457763672,31.670000076293945,30.940000534057617,31.350000381469727,3706400
2021-12-06,29.011850357055664,31.450000762939453,31.780000686645508,31.350000381469727,31.5,2202000
2021-12-07,30.128047943115234,32.65999984741211,33.099998474121094,31.959999084472656,32.25,5665700
2021-12-08,29.91587829589844,32.43000030517578,33.099998474121094,32.34000015258789,32.70000076293945,2989100
2021-12-09,30.201847076416016,32.7400016784668,33.06999969482422,32.5099983215332,32.72999954223633,2829700
2021-12-10,31.36415672302246,34.0,34.0099983215332,32.75,32.90999984741211,5394200
2021-12-13,31.37338638305664,34.0099983215332,34.2599983215332,33.41999816894531,33.97999954223633,5253300
2021-12-14,30.92137908935547,33.52000045776367,34.029998779296875,33.41999816894531,33.90999984741211,7710900
2021-12-15,31.410287857055664,34.04999923706055,34.09000015258789,33.47999954223633,33.72999954223633,5211900
2021-12-16,30.8752555847168,33.470001220703125,34.18000030517578,33.279998779296875,34.09000015258789,4212100
2021-12-17,31.03206825256348,33.63999938964844,33.790000915527344,33.099998474121094,33.290000915527344,9816600
2021-12-20,30.589279174804688,33.15999984741211,33.439998626708984,32.790000915527344,33.040000915527344,2473200
2021-12-21,30.99517059326172,33.599998474121094,33.61000061035156,33.130001068115234,33.47999954223633,4064800
2021-12-22,31.21656990051269,33.84000015258789,33.869998931884766,33.369998931884766,33.61000061035156,1902300
2021-12-23,31.484086990356445,34.130001068115234,34.5099983215332,33.86000061035156,33.88999938964844,2111400
2021-12-27,32.38811492919922,35.11000061035156,35.15999984741211,34.220001220703125,34.22999954223633,2857400
2021-12-28,32.68330001831055,35.43000030517578,35.54999923706055,35.08000183105469,35.099998474121094,3582300
2021-12-29,32.99694061279297,35.77000045776367,35.90999984741211,35.349998474121094,35.45000076293945,2243800
2021-12-30,32.63718032836914,35.380001068115234,35.91999816894531,35.33000183105469,35.849998474121094,3026500
2021-12-31,32.94160079956055,35.709999084472656,35.7599983215332,35.400001525878906,35.45000076293945,2710500
2022-01-03,32.61873245239258,35.36000061035156,35.689998626708984,35.040000915527344,35.650001525878906,2834500
2022-01-04,32.2681884765625,34.97999954223633,35.58000183105469,34.90999984741211,35.36000061035156,2722300
2022-01-05,31.60400390625,34.2599983215332,35.11000061035156,34.2400016784668,34.880001068115234,2484000
2022-01-06,31.77005386352539,34.439998626708984,34.95000076293945,34.18000030517578,34.209999084472656,3091900
2022-01-07,31.585559844970703,34.2400016784668,34.59000015258789,33.97999954223633,34.459999084472656,2066700
2022-01-10,31.834623336791992,34.5099983215332,34.54999923706055,33.849998474121094,34.13999938964844,3897000
2022-01-11,32.61873245239258,35.36000061035156,36.02999877929688,34.81999969482422,35.66999816894531,4985200
2022-01-12,32.17594528198242,34.880001068115234,35.599998474121094,34.68000030517578,35.400001525878906,2940100
2022-01-13,32.166709899902344,34.869998931884766,35.09000015258789,34.599998474121094,34.91999816894531,4729400
2022-01-14,31.954545974731445,34.63999938964844,34.84000015258789,34.2400016784668,34.540000915527344,3074400
2022-01-18,31.410287857055664,34.04999923706055,34.36000061035156,33.88999938964844,34.290000915527344,4009100
2022-01-19,30.967498779296875,33.56999969482422,34.52000045776367,33.560001373291016,34.27000045776367,3475300
2022-01-20,30.727657318115234,33.310001373291016,33.9900016784668,33.279998779296875,33.75,4510400
2022-01-21,30.321765899658203,32.869998931884766,33.529998779296875,32.54999923706055,33.2400016784668,6082100
2022-01-24,29.786733627319336,32.290000915527344,32.619998931884766,31.39999961853028,32.529998779296875,6438600
2022-01-25,29.076425552368164,31.520000457763672,31.950000762939453,30.809999465942383,31.93000030517578,5682100
2022-01-26,28.99340438842773,31.43000030517578,32.27000045776367,30.59000015258789,31.1299991607666,9172300
2022-01-27,29.011850357055664,31.450000762939453,32.11000061035156,30.940000534057617,31.739999771118164,8171500
2022-01-28,31.022844314575195,33.630001068115234,33.70000076293945,31.700000762939453,32.439998626708984,9390000
2022-01-31,32.1205940246582,34.81999969482422,35.06999969482422,31.700000762939453,33.630001068115234,11592500
2022-02-01,31.401063919067383,34.040000915527344,35.0,33.810001373291016,34.779998779296875,5119100
2022-02-02,31.91764640808105,34.599998474121094,34.619998931884766,34.119998931884766,34.15999984741211,5765700
2022-02-03,32.07447052001953,34.77000045776367,35.040000915527344,34.0099983215332,34.2400016784668,5049500
2022-02-04,32.40656280517578,35.130001068115234,35.560001373291016,34.630001068115234,34.77000045776367,4290500
2022-02-07,32.028350830078125,34.720001220703125,35.27000045776367,34.63999938964844,35.130001068115234,3328900
2022-02-08,32.203617095947266,34.90999984741211,35.099998474121094,34.7400016784668,34.869998931884766,2977600
2022-02-09,32.40656280517578,35.130001068115234,35.29999923706055,34.88999938964844,35.08000183105469,3127800
2022-02-10,31.880756378173828,34.560001373291016,35.52000045776367,34.439998626708984,34.689998626708984,4251100
2022-02-11,31.354942321777344,33.9900016784668,34.650001525878906,33.869998931884766,34.5099983215332,3276600
2022-02-14,31.17044448852539,33.790000915527344,34.459999084472656,33.4900016784668,34.06999969482422,3676900
2022-02-15,31.91764640808105,34.599998474121094,34.70000076293945,34.040000915527344,34.18000030517578,3417700
2022-02-16,32.0560188293457,34.75,34.77000045776367,34.20000076293945,34.349998474121094,2579900
2022-02-17,31.71470069885254,34.380001068115234,35.04999923706055,34.220001220703125,34.869998931884766,3274800
2022-02-18,31.659358978271484,34.31999969482422,34.619998931884766,34.0,34.279998779296875,3789300
2022-02-22,31.188894271850582,33.810001373291016,34.5,33.540000915527344,34.06999969482422,3917100
2022-02-23,30.616958618164062,33.189998626708984,34.290000915527344,33.13999938964844,34.06999969482422,3456200
2022-02-24,31.059749603271484,33.66999816894531,33.7400016784668,32.2599983215332,32.45000076293945,5463100
2022-02-25,31.659358978271484,34.31999969482422,34.36000061035156,33.5,33.65999984741211,3339000
2022-02-28,31.362348556518555,33.790000915527344,33.849998474121094,33.290000915527344,33.56999969482422,3489800
2022-03-01,30.7033634185791,33.08000183105469,33.77000045776367,32.84000015258789,33.59000015258789,3236100
2022-03-02,31.752166748046875,34.209999084472656,34.31999969482422,33.09000015258789,33.209999084472656,2848800
2022-03-03,31.86355209350586,34.33000183105469,34.58000183105469,34.09000015258789,34.47999954223633,2887200
2022-03-04,31.696483612060547,34.150001525878906,34.18000030517578,33.70000076293945,33.86000061035156,2730800
2022-03-07,30.666231155395508,33.040000915527344,34.18000030517578,33.029998779296875,34.060001373291016,3239400
2022-03-08,30.517730712890625,32.880001068115234,33.61000061035156,32.54999923706055,33.2599983215332,4374600
2022-03-09,31.269529342651367,33.689998626708984,33.939998626708984,33.31999969482422,33.61000061035156,2463000
2022-03-10,30.861143112182617,33.25,33.900001525878906,33.13999938964844,33.5,3792500
2022-03-11,30.7590446472168,33.13999938964844,34.2400016784668,33.11000061035156,33.560001373291016,2399700
2022-03-14,30.89827346801757,33.290000915527344,33.7400016784668,32.95000076293945,33.400001525878906,4396000
2022-03-15,31.90995979309082,34.380001068115234,34.43000030517578,33.45000076293945,33.560001373291016,4647900
2022-03-16,31.71504020690918,34.16999816894531,34.400001525878906,33.40999984741211,34.310001373291016,5439500
2022-03-17,32.16056442260742,34.650001525878906,34.84000015258789,33.9900016784668,34.09000015258789,5430500
2022-03-18,32.77314376831055,35.310001373291016,35.369998931884766,34.43000030517578,34.65999984741211,12075800
2022-03-21,32.77314376831055,35.310001373291016,35.70000076293945,34.959999084472656,35.439998626708984,4841300
2022-03-22,33.11656188964844,35.68000030517578,35.810001373291016,35.130001068115234,35.31999969482422,3484700
2022-03-23,32.55038833618164,35.06999969482422,35.65999984741211,35.02000045776367,35.52000045776367,3224300
2022-03-24,33.09799575805664,35.65999984741211,35.68000030517578,35.02000045776367,35.220001220703125,3330100
2022-03-25,33.89620590209961,36.52000045776367,36.619998931884766,35.34000015258789,35.70000076293945,6467600
2022-03-28,34.629451751708984,37.310001373291016,37.310001373291016,36.29999923706055,36.52000045776367,6196300
2022-03-29,34.982147216796875,37.68999862670898,37.72999954223633,36.56999969482422,37.47999954223633,6385200
2022-03-30,34.88005828857422,37.58000183105469,37.91999816894531,37.06999969482422,37.709999084472656,6351100
2022-03-31,34.490230560302734,37.15999984741211,38.13999938964844,37.150001525878906,37.5,5553100
2022-04-01,34.183937072753906,36.83000183105469,37.34000015258789,35.59000015258789,37.27000045776367,6567000
2022-04-04,34.146812438964844,36.790000915527344,36.93999862670898,36.380001068115234,36.83000183105469,3685800
2022-04-05,33.68273162841797,36.290000915527344,36.880001068115234,36.09999847412109,36.619998931884766,3524300
2022-04-06,33.02375030517578,35.58000183105469,36.11000061035156,35.25,36.08000183105469,4840400
2022-04-07,33.1351203918457,35.70000076293945,35.93000030517578,35.310001373291016,35.45000076293945,3037100
2022-04-08,32.884517669677734,35.43000030517578,35.7400016784668,35.2599983215332,35.7400016784668,2300000
2022-04-11,31.937801361083984,34.40999984741211,35.36000061035156,34.369998931884766,35.279998779296875,3616600
2022-04-12,31.76145362854004,34.220001220703125,35.209999084472656,34.040000915527344,34.66999816894531,3193900
2022-04-13,32.68960952758789,35.220001220703125,35.2599983215332,34.290000915527344,34.459999084472656,3877100
2022-04-14,32.606075286865234,35.130001068115234,35.66999816894531,35.04999923706055,35.2599983215332,5611700
2022-04-18,32.578224182128906,35.099998474121094,35.47999954223633,34.93000030517578,35.04999923706055,2887000
2022-04-19,33.20008850097656,35.77000045776367,35.869998931884766,34.970001220703125,35.099998474121094,2523000
2022-04-20,33.87764358520508,36.5,36.650001525878906,35.97999954223633,35.97999954223633,3313000
2022-04-21,33.55279541015625,36.150001525878906,37.18000030517578,36.09000015258789,37.0,3867000
2022-04-22,32.624637603759766,35.150001525878906,36.220001220703125,35.099998474121094,36.09000015258789,3782600
2022-04-25,32.13271713256836,34.619998931884766,35.130001068115234,33.380001068115234,35.0,6763000
2022-04-26,31.18599510192871,33.599998474121094,34.810001373291016,33.5099983215332,34.59000015258789,4351700
2022-04-27,29.608135223388672,31.89999961853028,32.599998474121094,31.309999465942383,32.52000045776367,7105000
2022-04-28,30.33209609985352,32.68000030517578,32.779998779296875,31.8799991607666,32.16999816894531,4685400
2022-04-29,29.25543785095215,31.520000457763672,32.939998626708984,31.440000534057617,32.47999954223633,4526200
2022-05-02,29.9237060546875,32.2400016784668,32.27000045776367,31.530000686645508,31.84000015258789,4229400
2022-05-03,29.979394912719727,32.29999923706055,32.849998474121094,32.119998931884766,32.220001220703125,4241800
2022-05-04,30.55484962463379,32.91999816894531,33.060001373291016,32.15999984741211,32.27000045776367,5499200
2022-05-05,29.49675941467285,31.780000686645508,32.84000015258789,31.440000534057617,32.5,5321100
2022-05-06,29.76592254638672,32.06999969482422,32.380001068115234,31.440000534057617,31.440000534057617,4950000
2022-05-09,28.49435043334961,30.700000762939453,31.8700008392334,30.63999938964844,31.799999237060547,4541900
2022-05-10,28.8563289642334,31.09000015258789,31.31999969482422,30.559999465942383,31.0,3586600
2022-05-11,28.373687744140625,30.56999969482422,31.43000030517578,30.540000915527344,30.81999969482422,3616300
2022-05-12,27.53835105895996,29.670000076293945,30.5,29.14999961853028,30.440000534057617,7492800
2022-05-13,28.27159118652344,30.459999084472656,30.559999465942383,29.790000915527344,30.0,5683400
2022-05-16,28.095245361328125,30.270000457763672,30.57999992370605,30.11000061035156,30.549999237060547,4717500
2022-05-17,29.15333747863769,31.40999984741211,31.43000030517578,30.600000381469727,30.65999984741211,4418600
2022-05-18,27.70541763305664,29.850000381469727,31.270000457763672,29.46999931335449,31.100000381469727,5647500
2022-05-19,26.730854034423828,28.799999237060547,29.34000015258789,28.21999931335449,28.71999931335449,5928100
2022-05-20,26.795827865600582,28.8700008392334,29.1299991607666,27.979999542236328,29.100000381469727,5261300
2022-05-23,27.4826602935791,29.61000061035156,29.76000022888184,28.90999984741211,29.1299991607666,3338500
2022-05-24,27.58475685119629,29.71999931335449,29.8700008392334,29.020000457763672,29.540000915527344,4595500
2022-05-25,27.90961456298828,30.06999969482422,30.39999961853028,29.5,29.63999938964844,4448600
2022-05-26,28.42009735107422,30.6200008392334,30.940000534057617,30.18000030517578,30.190000534057617,3476800
2022-05-27,28.97698783874512,31.21999931335449,31.229999542236328,30.770000457763672,30.979999542236328,2867000
2022-05-31,28.66862297058105,30.68000030517578,30.950000762939453,30.40999984741211,30.86000061035156,5073000
2022-06-01,28.734037399291992,30.75,30.989999771118164,30.3799991607666,30.89999961853028,3136100
2022-06-02,29.126501083374023,31.170000076293945,31.190000534057617,30.26000022888184,30.59000015258789,2215200
2022-06-03,28.7807559967041,30.799999237060547,31.059999465942383,30.600000381469727,30.950000762939453,2428700
2022-06-06,28.687313079833984,30.700000762939453,31.239999771118164,30.56999969482422,31.09000015258789,1874700
2022-06-07,28.864858627319336,30.88999938964844,30.93000030517578,30.31999969482422,30.459999084472656,1702300
2022-06-08,28.26681327819824,30.25,30.71999931335449,30.239999771118164,30.600000381469727,2554300
2022-06-09,27.64073944091797,29.57999992370605,30.25,29.56999969482422,30.13999938964844,3074500
2022-06-10,26.92122268676757,28.809999465942383,29.14999961853028,28.6200008392334,29.07999992370605,4066100
2022-06-13,26.229736328125,28.06999969482422,28.440000534057617,27.90999984741211,28.290000915527344,3462400
2022-06-14,26.463342666625977,28.31999969482422,28.950000762939453,28.06999969482422,28.280000686645508,3665700
2022-06-15,26.706302642822266,28.57999992370605,28.940000534057617,28.09000015258789,28.51000022888184,3352800
2022-06-16,25.837268829345703,27.64999961853028,28.0,27.36000061035156,28.0,3304800
2022-06-17,25.81858253479004,27.6299991607666,27.81999969482422,27.1200008392334,27.56999969482422,6826100
2022-06-21,26.52875328063965,28.38999938964844,28.530000686645508,27.979999542236328,28.11000061035156,3560300
2022-06-22,26.31383514404297,28.15999984741211,28.290000915527344,27.799999237060547,28.07999992370605,2915200
2022-06-23,26.36989974975586,28.21999931335449,28.40999984741211,27.93000030517578,28.200000762939453,3790300
2022-06-24,27.23892974853516,29.14999961853028,29.200000762939453,28.489999771118164,28.489999771118164,3661400
2022-06-27,27.257617950439453,29.170000076293945,29.32999992370605,28.850000381469727,29.15999984741211,2364600
2022-06-28,26.790401458740234,28.670000076293945,29.530000686645508,28.6299991607666,29.3700008392334,2467300
2022-06-29,26.902530670166016,28.790000915527344,28.850000381469727,28.290000915527344,28.65999984741211,2409200
2022-06-30,26.63154602050781,28.5,28.82999992370605,28.309999465942383,28.479999542236328,3571000
2022-07-01,26.36989974975586,28.21999931335449,28.59000015258789,27.82999992370605,28.5,2991800
2022-07-05,26.20170211791992,28.040000915527344,28.06999969482422,27.040000915527344,27.75,5033600
2022-07-06,26.248422622680664,28.09000015258789,28.270000457763672,27.81999969482422,28.049999237060547,2892800
2022-07-07,26.78105354309082,28.65999984741211,28.96999931335449,28.36000061035156,28.36000061035156,2169000
2022-07-08,26.902530670166016,28.790000915527344,28.959999084472656,28.420000076293945,28.690000534057617,2209300
2022-07-11,26.790401458740234,28.670000076293945,28.86000061035156,28.479999542236328,28.65999984741211,2248900
2022-07-12,26.510066986083984,28.3700008392334,28.89999961853028,28.07999992370605,28.64999961853028,2296400
2022-07-13,26.1456356048584,27.979999542236328,28.239999771118164,27.32999992370605,27.450000762939453,3143700
2022-07-14,26.19235610961914,28.030000686645508,28.190000534057617,27.36000061035156,27.88999938964844,3089400
2022-07-15,26.650230407714844,28.520000457763672,28.559999465942383,28.1200008392334,28.3799991607666,2350700
2022-07-18,26.32318115234375,28.170000076293945,28.6299991607666,27.64999961853028,28.209999084472656,5229100
2022-07-19,27.2669620513916,29.18000030517578,29.209999084472656,28.39999961853028,28.450000762939453,3015100
2022-07-20,26.65958023071289,28.530000686645508,29.01000022888184,28.25,28.280000686645508,7349500
2022-07-21,27.32303047180176,29.239999771118164,29.25,28.59000015258789,28.59000015258789,3632200
2022-07-22,26.73433494567871,28.61000061035156,29.3700008392334,28.270000457763672,29.25,3696800
2022-07-25,26.55678939819336,28.420000076293945,28.780000686645508,28.270000457763672,28.729999542236328,5737500
2022-07-26,26.229736328125,28.06999969482422,28.530000686645508,27.940000534057617,28.420000076293945,4989400
2022-07-27,25.8933334350586,27.709999084472656,27.989999771118164,26.200000762939453,26.239999771118164,9765100
2022-07-28,26.164321899414062,28.0,28.280000686645508,27.6299991607666,27.96999931335449,6107600
2022-07-29,26.19235610961914,28.030000686645508,28.25,27.71999931335449,27.959999084472656,4907700
2022-08-01,26.1456356048584,27.979999542236328,28.209999084472656,27.65999984741211,27.8700008392334,3556800
2022-08-02,25.8933334350586,27.709999084472656,28.020000457763672,27.530000686645508,27.89999961853028,4005500
2022-08-03,26.36055564880371,28.209999084472656,28.280000686645508,27.57999992370605,27.780000686645508,2741000
2022-08-04,26.08957290649414,27.920000076293945,28.31999969482422,27.809999465942383,28.280000686645508,2859400
2022-08-05,26.20170211791992,28.040000915527344,28.049999237060547,27.51000022888184,27.739999771118164,2897400
2022-08-08,26.26711082458496,28.11000061035156,28.39999961853028,27.93000030517578,28.350000381469727,2962200
2022-08-09,25.99612617492676,27.81999969482422,28.11000061035156,27.68000030517578,28.09000015258789,2550600
2022-08-10,26.837121963500977,28.71999931335449,28.81999969482422,28.059999465942383,28.280000686645508,2582600
2022-08-11,26.85581016540528,28.739999771118164,29.11000061035156,28.530000686645508,28.770000457763672,2516000
2022-08-12,27.014663696289062,28.90999984741211,29.31999969482422,28.770000457763672,28.8799991607666,1676400
2022-08-15,27.13614273071289,29.040000915527344,29.07999992370605,28.459999084472656,28.64999961853028,2809600
2022-08-16,27.192211151123047,29.100000381469727,29.290000915527344,28.86000061035156,28.979999542236328,2140000
2022-08-17,26.930564880371094,28.81999969482422,29.0,28.459999084472656,28.790000915527344,1794900
2022-08-18,28.276159286499023,30.26000022888184,30.270000457763672,29.059999465942383,29.170000076293945,4821500
2022-08-19,27.78090476989746,29.729999542236328,30.14999961853028,29.520000457763672,30.07999992370605,2815800
2022-08-22,27.070730209350582,28.96999931335449,29.40999984741211,28.940000534057617,29.31999969482422,1861600
2022-08-23,27.1174545288086,29.020000457763672,29.39999961853028,28.950000762939453,28.959999084472656,2000700
2022-08-24,27.08942222595215,28.989999771118164,29.21999931335449,28.790000915527344,28.989999771118164,1551400
2022-08-25,28.38829040527344,30.3799991607666,30.459999084472656,29.14999961853028,29.15999984741211,6706500
2022-08-26,27.463197708129883,29.38999938964844,30.450000762939453,29.299999237060547,30.3700008392334,3402200
2022-08-29,27.44451332092285,29.3700008392334,29.6299991607666,28.89999961853028,29.209999084472656,5622400
2022-08-30,27.024009704589844,28.920000076293945,29.600000381469727,28.809999465942383,29.51000022888184,3357700
2022-08-31,26.751039505004883,28.420000076293945,29.299999237060547,28.3700008392334,28.950000762939453,5695500
2022-09-01,26.48748207092285,28.13999938964844,28.32999992370605,27.63999938964844,28.239999771118164,4193300
2022-09-02,26.3651180267334,28.01000022888184,28.670000076293945,27.850000381469727,28.5,3256600
2022-09-06,26.129796981811523,27.76000022888184,28.200000762939453,27.479999542236328,28.13999938964844,4090400
2022-09-07,26.534547805786133,28.190000534057617,28.200000762939453,27.6200008392334,27.809999465942383,2793100
2022-09-08,27.005184173583984,28.690000534057617,28.82999992370605,27.920000076293945,28.0,3253000
2022-09-09,27.334630966186523,29.040000915527344,29.14999961853028,28.780000686645508,28.89999961853028,2210000
2022-09-12,27.68290328979492,29.40999984741211,29.75,29.18000030517578,29.280000686645508,2655700
2022-09-13,26.37452888488769,28.020000457763672,28.940000534057617,27.920000076293945,28.88999938964844,2694400
2022-09-14,26.40276527404785,28.049999237060547,28.25,27.799999237060547,28.01000022888184,4032300
2022-09-15,26.336877822875977,27.979999542236328,28.32999992370605,27.84000015258789,28.049999237060547,3082200
2022-09-16,25.98860549926757,27.61000061035156,27.71999931335449,27.1299991607666,27.71999931335449,6617200
2022-09-19,25.70622444152832,27.309999465942383,27.559999465942383,26.93000030517578,27.170000076293945,3813300
2022-09-20,25.30147361755371,26.8799991607666,27.1200008392334,26.700000762939453,27.06999969482422,2978500
2022-09-21,24.812015533447266,26.36000061035156,27.34000015258789,26.36000061035156,27.030000686645508,3429800
2022-09-22,24.783775329589844,26.32999992370605,26.420000076293945,26.040000915527344,26.270000457763672,4276600
2022-09-23,24.83083724975586,26.3799991607666,26.40999984741211,26.0,26.209999084472656,3270000
2022-09-26,24.444913864135746,25.96999931335449,26.71999931335449,25.959999084472656,26.350000381469727,3910800
2022-09-27,24.49197578430176,26.020000457763672,26.530000686645508,25.729999542236328,26.38999938964844,2708800
2022-09-28,25.11322021484375,26.68000030517578,26.920000076293945,26.1299991607666,26.14999961853028,2765900
2022-09-29,24.576696395874023,26.11000061035156,26.459999084472656,25.86000061035156,26.40999984741211,2668900
2022-09-30,24.58610916137696,26.1200008392334,26.68000030517578,26.11000061035156,26.18000030517578,3139300
2022-10-03,25.00968170166016,26.56999969482422,26.90999984741211,26.39999961853028,26.489999771118164,3974900
2022-10-04,26.007429122924805,27.6299991607666,27.63999938964844,27.0,27.030000686645508,2395000
2022-10-05,25.96036720275879,27.57999992370605,27.739999771118164,27.14999961853028,27.270000457763672,2133600
2022-10-06,25.922718048095703,27.540000915527344,27.809999465942383,27.3700008392334,27.5,2435300
2022-10-07,25.16969490051269,26.739999771118164,27.290000915527344,26.6200008392334,27.229999542236328,2317100
2022-10-10,24.783775329589844,26.32999992370605,27.049999237060547,26.0,27.049999237060547,2767400
2022-10-11,24.294307708740234,25.809999465942383,26.459999084472656,25.71999931335449,26.13999938964844,2696700
2022-10-12,24.3884391784668,25.90999984741211,26.170000076293945,25.809999465942383,26.030000686645508,2448300
2022-10-13,24.77435874938965,26.31999969482422,26.51000022888184,25.18000030517578,25.5,7118400
2022-10-14,24.294307708740234,25.809999465942383,26.799999237060547,25.76000022888184,26.559999465942383,4827200
2022-10-17,25.04732894897461,26.61000061035156,26.71999931335449,26.32999992370605,26.36000061035156,3415300
2022-10-18,25.828588485717773,27.440000534057617,27.739999771118164,26.96999931335449,27.59000015258789,3777200
2022-10-19,25.762699127197266,27.3700008392334,27.729999542236328,27.059999465942383,27.18000030517578,3984600
2022-10-20,25.98860549926757,27.61000061035156,28.100000381469727,27.229999542236328,27.32999992370605,5330900
2022-10-21,27.07107353210449,28.76000022888184,28.8799991607666,27.959999084472656,28.63999938964844,5678100
2022-10-24,26.81692886352539,28.489999771118164,28.979999542236328,28.239999771118164,28.770000457763672,4309200
2022-10-25,27.447582244873047,29.15999984741211,29.290000915527344,28.32999992370605,28.39999961853028,5274100
2022-10-26,28.23825454711914,30.0,30.5,28.90999984741211,30.0,6902200
2022-10-27,28.501808166503903,30.280000686645508,30.479999542236328,29.709999084472656,30.280000686645508,3444500
2022-10-28,29.019514083862305,30.82999992370605,30.86000061035156,30.059999465942383,30.43000030517578,3213500
2022-10-31,28.80301856994629,30.600000381469727,30.799999237060547,30.36000061035156,30.65999984741211,3189000
2022-11-01,29.09481239318848,30.90999984741211,31.09000015258789,30.489999771118164,30.84000015258789,3188600
2022-11-02,28.341796875,30.11000061035156,31.290000915527344,30.100000381469727,30.82999992370605,4906600
2022-11-03,28.087650299072266,29.84000015258789,30.030000686645508,29.540000915527344,29.75,2492000
2022-11-04,28.351207733154297,30.1200008392334,30.64999961853028,29.6200008392334,30.290000915527344,3757900
2022-11-07,28.068824768066406,29.81999969482422,30.36000061035156,29.71999931335449,30.26000022888184,3553900
2022-11-08,28.27590751647949,30.040000915527344,30.440000534057617,29.68000030517578,29.950000762939453,4791700
2022-11-09,27.24050521850586,28.940000534057617,29.84000015258789,28.82999992370605,29.780000686645508,3680100
2022-11-10,28.71830177307129,30.51000022888184,30.51000022888184,29.739999771118164,29.979999542236328,3390300
2022-11-11,28.708890914916992,30.5,30.65999984741211,30.190000534057617,30.65999984741211,2184200
2022-11-14,28.46415901184082,30.239999771118164,30.90999984741211,30.21999931335449,30.3700008392334,2492700
2022-11-15,28.67123794555664,30.459999084472656,30.809999465942383,30.26000022888184,30.56999969482422,2722800
2022-11-16,28.17236328125,29.93000030517578,30.299999237060547,29.90999984741211,30.299999237060547,2795900
2022-11-17,28.71830177307129,30.51000022888184,30.65999984741211,29.5,29.520000457763672,3584900
2022-11-18,29.71605682373047,31.56999969482422,31.709999084472656,30.809999465942383,30.959999084472656,5046600
2022-11-21,29.998437881469727,31.8700008392334,31.940000534057617,31.280000686645508,31.440000534057617,4372600
2022-11-22,30.346710205078125,32.2400016784668,32.349998474121094,31.989999771118164,32.0,3348000
2022-11-23,29.86665916442871,31.729999542236328,32.380001068115234,31.6200008392334,32.209999084472656,3336400
2022-11-25,30.139629364013672,32.02000045776367,32.150001525878906,31.93000030517578,32.0099983215332,1287800
2022-11-28,30.03608703613281,31.90999984741211,31.950000762939453,31.559999465942383,31.770000457763672,2805900
2022-11-29,29.998437881469727,31.8700008392334,32.22999954223633,31.709999084472656,31.940000534057617,3379500
2022-11-30,31.495519638061523,33.2400016784668,33.27000045776367,31.489999771118164,31.57999992370605,7437400
2022-12-01,31.19230842590332,32.91999816894531,33.27000045776367,32.779998779296875,33.27000045776367,4020200
2022-12-02,31.13545799255371,32.86000061035156,32.95000076293945,32.2400016784668,32.56999969482422,2677500
2022-12-05,30.8227767944336,32.529998779296875,32.59000015258789,32.279998779296875,32.59000015258789,1738200
2022-12-06,30.462724685668945,32.150001525878906,32.619998931884766,31.84000015258789,32.52000045776367,2344200
2022-12-07,30.292171478271484,31.96999931335449,32.13999938964844,31.739999771118164,31.979999542236328,2790500
2022-12-08,30.74698257446289,32.45000076293945,32.68000030517578,32.220001220703125,32.459999084472656,2779300
2022-12-09,30.680652618408203,32.380001068115234,32.58000183105469,32.220001220703125,32.459999084472656,3041600
2022-12-12,31.31549072265625,33.04999923706055,33.08000183105469,32.279998779296875,32.369998931884766,2729800
2022-12-13,31.39129066467285,33.130001068115234,33.95000076293945,32.66999816894531,33.900001525878906,3775800
2022-12-14,31.34391975402832,33.08000183105469,33.54999923706055,32.779998779296875,33.099998474121094,2661000
2022-12-15,30.59537696838379,32.290000915527344,32.79999923706055,32.04999923706055,32.720001220703125,3410700
2022-12-16,30.11214065551757,31.780000686645508,31.96999931335449,31.479999542236328,31.799999237060547,8252400
2022-12-19,30.00791358947754,31.670000076293945,32.04999923706055,31.520000457763672,31.68000030517578,3566800
2022-12-20,30.11214065551757,31.780000686645508,31.96999931335449,31.63999938964844,31.64999961853028,2744800
2022-12-21,30.083717346191406,31.75,32.06999969482422,31.68000030517578,32.0,2232600
2022-12-22,29.742605209350582,31.38999938964844,31.51000022888184,30.989999771118164,31.51000022888184,2536900
2022-12-23,30.00791358947754,31.670000076293945,31.690000534057617,31.200000762939453,31.40999984741211,2017500
2022-12-27,30.11214065551757,31.780000686645508,31.82999992370605,31.51000022888184,31.739999771118164,1644900
2022-12-28,29.71418571472168,31.36000061035156,31.8799991607666,31.309999465942383,31.81999969482422,1426300
2022-12-29,30.349018096923828,32.029998779296875,32.040000915527344,31.5,31.5,2126200
2022-12-30,30.28269386291504,31.959999084472656,32.0,31.700000762939453,31.790000915527344,1755900
2023-01-03,30.8227767944336,32.529998779296875,32.7400016784668,32.029998779296875,32.2400016784668,3062400
2023-01-04,30.159517288208008,31.82999992370605,33.09000015258789,31.440000534057617,32.7599983215332,5179700
2023-01-05,29.534154891967773,31.170000076293945,31.799999237060547,31.13999938964844,31.75,3047300
2023-01-06,30.273218154907227,31.950000762939453,32.060001373291016,31.280000686645508,31.479999542236328,2018500
2023-01-09,30.159517288208008,31.82999992370605,32.29999923706055,31.780000686645508,32.0099983215332,3330300
2023-01-10,30.159517288208008,31.82999992370605,32.0099983215332,31.68000030517578,31.850000381469727,1836500
2023-01-11,30.472198486328125,32.15999984741211,32.349998474121094,31.799999237060547,31.86000061035156,2162900
2023-01-12,30.0268669128418,31.690000534057617,32.189998626708984,31.61000061035156,32.130001068115234,2318500
2023-01-13,30.263744354248047,31.940000534057617,32.11000061035156,31.350000381469727,31.36000061035156,2291300
2023-01-17,30.434295654296875,32.119998931884766,32.34000015258789,31.920000076293945,31.920000076293945,3955300
2023-01-18,30.3774471282959,32.060001373291016,33.04999923706055,32.029998779296875,32.279998779296875,4580400
2023-01-19,29.799461364746094,31.450000762939453,32.060001373291016,31.440000534057617,31.940000534057617,4344900
2023-01-20,29.80893516540528,31.459999084472656,31.5,30.420000076293945,31.36000061035156,4397700
2023-01-23,30.178466796875,31.850000381469727,32.0,31.549999237060547,31.63999938964844,2257200
2023-01-24,30.330066680908203,32.0099983215332,32.310001373291016,31.34000015258789,31.540000915527344,3294200
2023-01-25,30.301645278930664,31.979999542236328,32.11000061035156,31.57999992370605,31.75,2678600
2023-01-26,30.62380027770996,32.31999969482422,32.41999816894531,31.90999984741211,32.16999816894531,1932400
2023-01-27,30.330066680908203,32.0099983215332,32.310001373291016,31.96999931335449,32.130001068115234,3202600
2023-01-30,30.44377326965332,32.130001068115234,32.16999816894531,31.600000381469727,31.850000381469727,5230100
2023-01-31,30.60485076904297,32.29999923706055,32.33000183105469,31.670000076293945,32.0,7324600
2023-02-01,29.363603591918945,30.989999771118164,31.040000915527344,29.690000534057617,30.36000061035156,11328000
2023-02-02,29.799461364746094,31.450000762939453,31.690000534057617,30.90999984741211,31.299999237060547,6784900
2023-02-03,29.117246627807617,30.729999542236328,31.239999771118164,30.549999237060547,31.239999771118164,7508500
2023-02-06,29.183570861816406,30.799999237060547,31.09000015258789,30.549999237060547,30.57999992370605,5089600
2023-02-07,29.58152961730957,31.21999931335449,31.25,30.540000915527344,30.739999771118164,3499800
2023-02-08,29.42992782592773,31.059999465942383,31.420000076293945,30.940000534057617,31.06999969482422,2299500
2023-02-09,29.34465217590332,30.96999931335449,31.39999961853028,30.8799991607666,31.32999992370605,2837400
2023-02-10,29.49625587463379,31.1299991607666,31.3700008392334,30.82999992370605,30.8799991607666,4707900
2023-02-13,29.647857666015625,31.290000915527344,31.31999969482422,31.0,31.15999984741211,4636600
2023-02-14,29.71418571472168,31.36000061035156,31.63999938964844,30.989999771118164,31.15999984741211,3296700
2023-02-15,29.865785598754883,31.520000457763672,31.530000686645508,31.100000381469727,31.26000022888184,3779900
2023-02-16,29.87526130676269,31.530000686645508,31.959999084472656,31.309999465942383,31.309999465942383,5005200
2023-02-17,29.9036865234375,31.559999465942383,31.76000022888184,31.32999992370605,31.549999237060547,3102900
2023-02-21,29.80893516540528,31.459999084472656,31.56999969482422,31.170000076293945,31.36000061035156,4027800
2023-02-22,29.63838195800781,31.280000686645508,31.520000457763672,31.040000915527344,31.459999084472656,3540400
2023-02-23,29.818408966064453,31.46999931335449,31.690000534057617,31.030000686645508,31.5,2756300
2023-02-24,29.155147552490234,30.770000457763672,31.290000915527344,30.559999465942383,31.049999237060547,3109600
2023-02-27,29.278324127197266,30.89999961853028,31.15999984741211,30.739999771118164,31.049999237060547,4270400
2023-02-28,29.373756408691406,30.780000686645508,30.89999961853028,30.549999237060547,30.63999938964844,3460600
2023-03-01,29.13517951965332,30.530000686645508,30.89999961853028,30.450000762939453,30.81999969482422,2452900
2023-03-02,29.326040267944336,30.729999542236328,30.76000022888184,30.32999992370605,30.39999961853028,1786100
2023-03-03,29.278324127197266,30.68000030517578,30.979999542236328,30.65999984741211,30.959999084472656,2634600
2023-03-06,29.89862632751465,31.32999992370605,31.479999542236328,30.8799991607666,30.90999984741211,4554100
2023-03-07,29.774566650390625,31.200000762939453,31.780000686645508,31.1299991607666,31.5,3719700
2023-03-08,29.869997024536133,31.299999237060547,31.56999969482422,31.030000686645508,31.26000022888184,2829800
2023-03-09,29.640962600708008,31.059999465942383,31.6200008392334,31.040000915527344,31.39999961853028,2204100
2023-03-10,29.39283943176269,30.799999237060547,31.18000030517578,30.65999984741211,31.0,2988900
2023-03-13,29.287866592407227,30.690000534057617,30.90999984741211,30.32999992370605,30.56999969482422,4091300
2023-03-14,29.822280883789062,31.25,31.39999961853028,30.950000762939453,31.059999465942383,2771400
2023-03-15,29.29741096496582,30.700000762939453,30.96999931335449,30.450000762939453,30.8700008392334,3792000
2023-03-16,30.13720703125,31.57999992370605,31.59000015258789,30.559999465942383,30.559999465942383,2946000
2023-03-17,29.89862632751465,31.32999992370605,31.64999961853028,31.1200008392334,31.559999465942383,6569200
2023-03-20,30.52847671508789,31.989999771118164,32.11000061035156,31.3700008392334,31.40999984741211,3938500
2023-03-21,30.67162132263184,32.13999938964844,32.31999969482422,31.809999465942383,32.20000076293945,2820100
2023-03-22,29.9749755859375,31.40999984741211,32.29999923706055,31.39999961853028,32.189998626708984,2923100
2023-03-23,30.65253257751465,32.119998931884766,32.400001525878906,31.420000076293945,31.489999771118164,4798600
2023-03-24,31.186946868896484,32.68000030517578,32.810001373291016,31.959999084472656,32.06999969482422,4084600
2023-03-27,31.30146789550781,32.79999923706055,33.0,32.5099983215332,32.810001373291016,4921000
2023-03-28,31.45415687561035,32.959999084472656,33.029998779296875,32.5099983215332,32.720001220703125,3169200
2023-03-29,31.84542655944824,33.369998931884766,33.43000030517578,33.040000915527344,33.18000030517578,3487300
2023-03-30,32.48481750488281,34.040000915527344,34.29999923706055,33.779998779296875,34.18000030517578,4010600
2023-03-31,32.847450256347656,34.41999816894531,34.470001220703125,34.0099983215332,34.060001373291016,2590400
2023-04-03,32.85699462890625,34.43000030517578,34.529998779296875,34.11000061035156,34.150001525878906,3050200
2023-04-04,32.58024215698242,34.13999938964844,34.459999084472656,34.060001373291016,34.41999816894531,2934400
2023-04-05,32.74248504638672,34.310001373291016,34.380001068115234,33.959999084472656,34.16999816894531,2095100
2023-04-06,32.15080261230469,33.689998626708984,33.75,33.25,33.63999938964844,3266200
2023-04-10,32.370296478271484,33.91999816894531,33.9900016784668,33.41999816894531,33.5099983215332,1903600
2023-04-11,32.10308837890625,33.63999938964844,33.83000183105469,33.52000045776367,33.63999938964844,2529600
2023-04-12,32.21760559082031,33.7599983215332,33.95000076293945,33.63999938964844,33.77000045776367,2251100
2023-04-13,32.53253555297852,34.09000015258789,34.279998779296875,33.7400016784668,33.900001525878906,2782200
2023-04-14,32.43709945678711,33.9900016784668,34.27000045776367,33.70000076293945,34.0,1973700
2023-04-17,32.03629302978516,33.56999969482422,34.15999984741211,33.36000061035156,33.84000015258789,4279500
2023-04-18,31.62593078613281,33.13999938964844,33.779998779296875,33.029998779296875,33.68000030517578,3836500
2023-04-19,30.308984756469727,31.76000022888184,32.630001068115234,31.61000061035156,32.619998931884766,3665900
2023-04-20,29.450101852416992,30.86000061035156,31.459999084472656,30.690000534057617,31.32999992370605,5677600
2023-04-21,29.879541397094727,31.309999465942383,31.3700008392334,30.61000061035156,30.709999084472656,4817200
2023-04-24,29.822280883789062,31.25,31.350000381469727,30.920000076293945,31.26000022888184,4233200
2023-04-25,29.564617156982425,30.979999542236328,31.239999771118164,30.780000686645508,31.11000061035156,5727200
2023-04-26,28.667564392089844,30.040000915527344,30.25,28.5,28.600000381469727,8727700
2023-04-27,28.22858047485352,29.57999992370605,30.170000076293945,29.3799991607666,30.1200008392334,7126400
2023-04-28,28.772539138793945,30.14999961853028,30.170000076293945,29.540000915527344,29.600000381469727,4320100
2023-05-01,28.51487159729004,29.8799991607666,30.450000762939453,29.86000061035156,30.239999771118164,2932700
2023-05-02,27.84685516357422,29.18000030517578,29.809999465942383,29.11000061035156,29.57999992370605,4668500
2023-05-03,27.617820739746094,28.940000534057617,29.38999938964844,28.920000076293945,29.239999771118164,4178200
2023-05-04,27.131118774414062,28.43000030517578,28.989999771118164,28.36000061035156,28.809999465942383,3747400
2023-05-05,27.53192901611328,28.850000381469727,29.07999992370605,28.46999931335449,28.63999938964844,3633700
2023-05-08,27.579647064208984,28.89999961853028,29.01000022888184,28.780000686645508,28.920000076293945,2999400
2023-05-09,27.77050971984864,29.100000381469727,29.18000030517578,28.68000030517578,28.76000022888184,3823100
2023-05-10,27.741878509521484,29.06999969482422,29.520000457763672,28.920000076293945,29.32999992370605,3021200
2023-05-11,27.59873390197754,28.920000076293945,29.13999938964844,28.850000381469727,28.940000534057617,2527100
2023-05-12,27.75142288208008,29.07999992370605,29.32999992370605,28.979999542236328,29.059999465942383,2687400
2023-05-15,27.95183181762696,29.290000915527344,29.450000762939453,29.0,29.049999237060547,2864400
2023-05-16,27.5510196685791,28.8700008392334,29.350000381469727,28.809999465942383,29.239999771118164,3104000
2023-05-17,27.41741180419922,28.729999542236328,29.190000534057617,28.6200008392334,29.06999969482422,3234700
2023-05-18,28.085432052612305,29.43000030517578,29.489999771118164,28.3799991607666,28.450000762939453,3869700
2023-05-19,28.190406799316406,29.540000915527344,29.8799991607666,29.459999084472656,29.57999992370605,3319200
2023-05-22,28.400354385375977,29.76000022888184,29.989999771118164,29.479999542236328,29.61000061035156,3960100
2023-05-23,27.9900016784668,29.32999992370605,29.770000457763672,28.940000534057617,29.65999984741211,4808800
2023-05-24,27.885025024414062,29.21999931335449,29.38999938964844,29.040000915527344,29.36000061035156,4292200
2023-05-25,28.371726989746094,29.729999542236328,29.84000015258789,29.26000022888184,29.5,5850000
2023-05-26,29.10654830932617,30.5,30.56999969482422,29.920000076293945,29.920000076293945,4050900
2023-05-30,29.287866592407227,30.690000534057617,30.86000061035156,30.3799991607666,30.63999938964844,4401800
2023-05-31,29.191749572753903,30.3700008392334,30.56999969482422,30.1299991607666,30.190000534057617,13466500
2023-06-01,29.36476325988769,30.549999237060547,30.76000022888184,30.280000686645508,30.459999084472656,3792200
2023-06-02,29.76847076416016,30.96999931335449,31.059999465942383,30.57999992370605,30.600000381469727,3623800
2023-06-05,28.87455177307129,30.040000915527344,30.950000762939453,29.979999542236328,30.940000534057617,5092200
2023-06-06,28.3651123046875,29.51000022888184,29.56999969482422,29.020000457763672,29.56999969482422,4621400
2023-06-07,28.8841609954834,30.049999237060547,30.07999992370605,29.459999084472656,29.520000457763672,2981300
2023-06-08,28.893774032592773,30.059999465942383,30.11000061035156,29.63999938964844,30.020000457763672,2444000
2023-06-09,29.01873207092285,30.190000534057617,30.68000030517578,30.15999984741211,30.26000022888184,2913700
2023-06-12,29.78769302368164,30.989999771118164,31.01000022888184,30.14999961853028,30.21999931335449,2849200
2023-06-13,30.01838111877441,31.229999542236328,31.3799991607666,31.049999237060547,31.09000015258789,2466800
2023-06-14,30.45092391967773,31.68000030517578,31.90999984741211,31.14999961853028,31.200000762939453,3714500
2023-06-15,31.18143844604492,32.439998626708984,32.56999969482422,31.459999084472656,31.56999969482422,4733200
2023-06-16,31.21027565002441,32.470001220703125,32.779998779296875,32.29999923706055,32.68000030517578,6113600
2023-06-20,30.27790641784668,31.5,32.45000076293945,31.46999931335449,32.380001068115234,5411700
2023-06-21,29.60506248474121,30.799999237060547,31.34000015258789,30.71999931335449,31.32999992370605,5993400
2023-06-22,29.38398742675781,30.56999969482422,30.799999237060547,30.229999542236328,30.780000686645508,3518400
2023-06-23,28.74959373474121,29.90999984741211,30.40999984741211,29.84000015258789,30.239999771118164,3492000
2023-06-26,28.816875457763672,29.979999542236328,30.350000381469727,29.940000534057617,29.979999542236328,3551500
2023-06-27,29.470497131347656,30.65999984741211,30.76000022888184,29.8799991607666,30.049999237060547,2836100
2023-06-28,29.33592796325684,30.520000457763672,30.75,30.239999771118164,30.59000015258789,2208100
2023-06-29,29.68195915222168,30.8799991607666,30.89999961853028,30.549999237060547,30.600000381469727,1956700
2023-06-30,30.114501953125,31.32999992370605,31.709999084472656,31.290000915527344,31.64999961853028,2660600
2023-07-03,30.114501953125,31.32999992370605,31.520000457763672,31.11000061035156,31.209999084472656,953000
2023-07-05,29.94148635864257,31.14999961853028,31.270000457763672,30.989999771118164,31.09000015258789,1983300
2023-07-06,29.97032165527344,31.18000030517578,31.209999084472656,30.84000015258789,30.8799991607666,1514600
2023-07-07,29.87419891357422,31.07999992370605,31.440000534057617,31.030000686645508,31.07999992370605,1381800
2023-07-10,29.89342498779297,31.100000381469727,31.350000381469727,30.940000534057617,30.989999771118164,1837900
2023-07-11,30.239458084106445,31.459999084472656,31.46999931335449,31.18000030517578,31.21999931335449,2525300
2023-07-12,29.739633560180664,30.940000534057617,31.690000534057617,30.670000076293945,31.6299991607666,4604900
2023-07-13,29.931873321533203,31.13999938964844,31.270000457763672,30.959999084472656,31.040000915527344,3942200
2023-07-14,28.08636283874512,29.21999931335449,30.489999771118164,28.81999969482422,30.489999771118164,8045800
2023-07-17,28.19209671020508,29.32999992370605,29.6299991607666,28.790000915527344,28.8799991607666,5851100
2023-07-18,28.778430938720703,29.940000534057617,30.18000030517578,28.89999961853028,28.93000030517578,6467500
2023-07-19,29.04756546020508,30.21999931335449,30.530000686645508,29.780000686645508,30.290000915527344,3966000
2023-07-20,28.768817901611328,29.93000030517578,30.32999992370605,29.709999084472656,29.93000030517578,3327200
2023-07-21,28.84571075439453,30.01000022888184,30.15999984741211,29.790000915527344,30.1299991607666,3074100
2023-07-24,28.23054313659668,29.3700008392334,29.88999938964844,29.21999931335449,29.8700008392334,3960000
2023-07-25,28.6630859375,29.81999969482422,29.88999938964844,29.540000915527344,29.65999984741211,2893100
2023-07-26,28.518903732299805,29.670000076293945,29.86000061035156,29.479999542236328,29.6299991607666,2683100
2023-07-27,28.538129806518555,29.690000534057617,30.06999969482422,29.670000076293945,30.0,5090700
2023-07-28,26.55805015563965,27.6299991607666,29.26000022888184,27.15999984741211,28.65999984741211,15074900
2023-07-31,26.72145271301269,27.799999237060547,28.11000061035156,27.549999237060547,27.82999992370605,5803300
2023-08-01,26.923309326171875,28.01000022888184,28.190000534057617,27.71999931335449,27.850000381469727,6064000
2023-08-02,27.192445755004883,28.290000915527344,28.32999992370605,27.82999992370605,27.8799991607666,5066300
2023-08-03,27.182832717895508,28.280000686645508,28.40999984741211,28.01000022888184,28.200000762939453,5036500
2023-08-04,27.14438438415528,28.239999771118164,28.6299991607666,28.190000534057617,28.280000686645508,3374400
2023-08-07,27.00020408630371,28.09000015258789,28.3700008392334,28.040000915527344,28.290000915527344,3511600
2023-08-08,26.64455986022949,27.71999931335449,27.989999771118164,27.6299991607666,27.989999771118164,3512200
2023-08-09,26.69261741638184,27.770000457763672,27.89999961853028,27.63999938964844,27.690000534057617,3473000
2023-08-10,26.769515991210938,27.850000381469727,28.32999992370605,27.709999084472656,27.90999984741211,4971300
2023-08-11,26.606107711791992,27.68000030517578,27.90999984741211,27.36000061035156,27.81999969482422,3884400
2023-08-14,26.69261741638184,27.770000457763672,27.809999465942383,27.520000457763672,27.57999992370605,3414400
2023-08-15,26.269689559936523,27.32999992370605,27.690000534057617,27.309999465942383,27.63999938964844,3215800
2023-08-16,26.06783676147461,27.1200008392334,27.5,27.100000381469727,27.209999084472656,3601400
2023-08-17,26.865636825561523,27.950000762939453,28.01000022888184,27.450000762939453,27.56999969482422,5378900
2023-08-18,27.10593605041504,28.200000762939453,28.38999938964844,27.75,27.76000022888184,4039500
2023-08-21,26.913694381713867,28.0,28.34000015258789,27.940000534057617,28.200000762939453,2602000
2023-08-22,27.24050521850586,28.34000015258789,28.440000534057617,28.07999992370605,28.26000022888184,2898600
2023-08-23,27.048263549804688,28.13999938964844,28.31999969482422,27.84000015258789,28.21999931335449,3545800
2023-08-24,26.807960510253903,27.88999938964844,28.200000762939453,27.8700008392334,28.13999938964844,2359700
2023-08-25,26.990591049194336,28.07999992370605,28.229999542236328,27.940000534057617,27.989999771118164,1983300
2023-08-28,27.11554718017578,28.209999084472656,28.34000015258789,28.1200008392334,28.200000762939453,1548900
2023-08-29,27.403907775878903,28.51000022888184,28.57999992370605,28.270000457763672,28.3700008392334,1546800
2023-08-30,27.403907775878903,28.51000022888184,28.6299991607666,28.450000762939453,28.540000915527344,2096500
2023-08-31,28.20791244506836,29.1200008392334,29.15999984741211,28.709999084472656,28.809999465942383,4597800
2023-09-01,28.3919620513916,29.309999465942383,29.350000381469727,29.030000686645508,29.21999931335449,2782500
2023-09-05,28.10136032104492,29.01000022888184,29.290000915527344,28.90999984741211,29.280000686645508,2536200
2023-09-06,28.333839416503903,29.25,29.36000061035156,28.75,28.89999961853028,3024200
2023-09-07,27.762319564819336,28.65999984741211,29.15999984741211,28.61000061035156,29.09000015258789,2480000
2023-09-08,28.15947914123535,29.06999969482422,29.13999938964844,28.559999465942383,28.63999938964844,3343500
2023-09-11,27.936681747436523,28.84000015258789,29.39999961853028,28.809999465942383,29.290000915527344,2011200
2023-09-12,27.839813232421875,28.739999771118164,28.8700008392334,28.64999961853028,28.700000762939453,1618000
2023-09-13,27.520151138305664,28.40999984741211,28.770000457763672,28.350000381469727,28.65999984741211,3441100
2023-09-14,27.4620304107666,28.350000381469727,28.530000686645508,28.270000457763672,28.51000022888184,4199900
2023-09-15,27.53952407836914,28.43000030517578,28.520000457763672,28.07999992370605,28.25,7662600
2023-09-18,27.39422416687012,28.280000686645508,28.459999084472656,27.8700008392334,28.34000015258789,4897700
2023-09-19,27.58795738220215,28.479999542236328,28.559999465942383,28.18000030517578,28.3700008392334,3680100
2023-09-20,27.33609962463379,28.21999931335449,28.6200008392334,28.13999938964844,28.51000022888184,2746700
2023-09-21,26.8614501953125,27.729999542236328,28.14999961853028,27.729999542236328,28.059999465942383,3324600
2023-09-22,27.055185317993164,27.93000030517578,28.07999992370605,27.790000915527344,27.799999237060547,2759800
2023-09-25,27.026123046875,27.89999961853028,28.040000915527344,27.770000457763672,27.770000457763672,1898500
2023-09-26,26.65802764892578,27.520000457763672,27.799999237060547,27.479999542236328,27.729999542236328,2327700
2023-09-27,26.638652801513672,27.5,27.64999961853028,27.229999542236328,27.600000381469727,1900000
2023-09-28,26.96800422668457,27.84000015258789,27.959999084472656,27.520000457763672,27.59000015258789,1777000
2023-09-29,26.919572830200195,27.790000915527344,28.15999984741211,27.76000022888184,27.940000534057617,1844900
2023-10-02,27.171424865722656,28.049999237060547,28.049999237060547,27.65999984741211,27.729999542236328,2330600
2023-10-03,26.68708610534668,27.549999237060547,27.950000762939453,27.420000076293945,27.82999992370605,2268700
2023-10-04,26.231807708740234,27.07999992370605,27.84000015258789,26.8700008392334,27.63999938964844,4474500
2023-10-05,25.640913009643555,26.46999931335449,27.09000015258789,26.31999969482422,27.049999237060547,4144300
2023-10-06,25.77652931213379,26.61000061035156,27.0,26.3799991607666,26.39999961853028,4491600
2023-10-09,25.979951858520508,26.81999969482422,26.8700008392334,26.270000457763672,26.559999465942383,2376000
2023-10-10,25.640913009643555,26.46999931335449,26.6299991607666,25.3700008392334,25.420000076293945,3758200
2023-10-11,25.379371643066406,26.200000762939453,26.61000061035156,25.950000762939453,26.520000457763672,2951500
2023-10-12,25.08876609802246,25.89999961853028,26.36000061035156,25.68000030517578,26.36000061035156,3105400
2023-10-13,24.856285095214844,25.65999984741211,25.950000762939453,25.540000915527344,25.8700008392334,3231200
2023-10-16,25.466552734375,26.290000915527344,26.489999771118164,25.75,25.8700008392334,2608700
2023-10-17,25.28250312805176,26.100000381469727,26.11000061035156,25.39999961853028,25.8700008392334,3627700
2023-10-18,24.730358123779297,25.530000686645508,26.15999984741211,25.450000762939453,26.0,3660800
2023-10-19,24.28476333618164,25.06999969482422,25.520000457763672,25.059999465942383,25.299999237060547,3108300
2023-10-20,24.526931762695312,25.31999969482422,25.46999931335449,25.030000686645508,25.170000076293945,4557600
2023-10-23,24.178211212158203,24.959999084472656,25.280000686645508,24.920000076293945,25.209999084472656,2516000
2023-10-24,24.391321182250977,25.18000030517578,25.290000915527344,24.979999542236328,25.0,3910200
2023-10-25,24.246017456054688,25.030000686645508,25.309999465942383,24.920000076293945,25.239999771118164,3937000
2023-10-26,24.29445075988769,25.07999992370605,25.38999938964844,24.8700008392334,24.940000534057617,5448400
2023-10-27,25.77652931213379,26.61000061035156,28.559999465942383,26.239999771118164,27.84000015258789,9602100
2023-10-30,25.592479705810547,26.420000076293945,26.8700008392334,26.11000061035156,26.700000762939453,4891700
2023-10-31,26.07682037353516,26.920000076293945,27.15999984741211,26.540000915527344,26.64999961853028,4203800
2023-11-01,25.83465003967285,26.670000076293945,26.96999931335449,26.43000030517578,26.950000762939453,3351800
2023-11-02,26.02838706970215,26.8700008392334,26.96999931335449,26.549999237060547,26.739999771118164,3183200
2023-11-03,26.40617179870605,27.26000022888184,27.450000762939453,27.040000915527344,27.1299991607666,2696400
2023-11-06,26.512725830078125,27.3700008392334,27.3799991607666,27.100000381469727,27.200000762939453,2304900
2023-11-07,26.09619331359864,26.940000534057617,27.3799991607666,26.8799991607666,27.309999465942383,2210700
2023-11-08,25.98963737487793,26.82999992370605,27.26000022888184,26.76000022888184,27.07999992370605,1830400
2023-11-09,25.941205978393555,26.780000686645508,26.959999084472656,26.729999542236328,26.940000534057617,1664000
2023-11-10,26.289928436279297,27.13999938964844,27.15999984741211,26.670000076293945,26.82999992370605,1873900
2023-11-13,26.038070678710938,26.8799991607666,27.200000762939453,26.309999465942383,26.959999084472656,4209600
2023-11-14,26.667713165283203,27.530000686645508,27.540000915527344,27.020000457763672,27.11000061035156,3646600
2023-11-15,26.80332946777344,27.670000076293945,27.88999938964844,27.559999465942383,27.64999961853028,3003100
2023-11-16,25.979951858520508,26.81999969482422,26.959999084472656,25.82999992370605,26.200000762939453,5607700
2023-11-17,26.14462661743164,26.989999771118164,27.18000030517578,26.729999542236328,27.030000686645508,4172000
2023-11-20,26.07682037353516,26.920000076293945,27.030000686645508,26.65999984741211,26.8799991607666,2237800
2023-11-21,26.02838706970215,26.8700008392334,27.040000915527344,26.780000686645508,26.90999984741211,2204500
2023-11-22,26.19306182861328,27.040000915527344,27.190000534057617,26.8700008392334,27.040000915527344,1964700
2023-11-24,26.47397804260254,27.32999992370605,27.34000015258789,27.0,27.1200008392334,918900
2023-11-27,26.42554473876953,27.280000686645508,27.39999961853028,27.100000381469727,27.350000381469727,2330400
2023-11-28,26.628965377807617,27.489999771118164,27.600000381469727,27.200000762939453,27.32999992370605,2965900
2023-11-29,27.161741256713867,28.040000915527344,28.239999771118164,27.81999969482422,27.81999969482422,3952200
2023-11-30,27.77683448791504,28.450000762939453,28.5,27.8700008392334,27.950000762939453,7062500
2023-12-01,27.893993377685547,28.56999969482422,28.729999542236328,28.21999931335449,28.3700008392334,3641700
2023-12-04,28.206422805786133,28.88999938964844,28.989999771118164,28.25,28.32999992370605,3523500
2023-12-05,28.06973457336425,28.75,28.8799991607666,28.559999465942383,28.8799991607666,2519400
2023-12-06,28.128313064575195,28.809999465942383,29.239999771118164,28.770000457763672,28.81999969482422,3415000
2023-12-07,28.1771297454834,28.86000061035156,28.979999542236328,28.61000061035156,28.8799991607666,3504800
2023-12-08,28.30405616760254,28.989999771118164,29.11000061035156,28.690000534057617,29.01000022888184,3017300
2023-12-11,28.6848258972168,29.3799991607666,29.520000457763672,29.07999992370605,29.209999084472656,4687100
2023-12-12,28.655536651611328,29.350000381469727,29.59000015258789,29.209999084472656,29.32999992370605,3047400
2023-12-13,28.655536651611328,29.350000381469727,29.46999931335449,28.809999465942383,29.350000381469727,4005900
2023-12-14,28.88985824584961,29.59000015258789,29.76000022888184,29.32999992370605,29.56999969482422,4379000
2023-12-15,28.61648178100586,29.309999465942383,29.670000076293945,29.21999931335449,29.59000015258789,8251800
2023-12-18,28.606719970703125,29.299999237060547,29.440000534057617,29.06999969482422,29.229999542236328,3731000
2023-12-19,28.723880767822266,29.420000076293945,29.520000457763672,29.25,29.25,2178200
2023-12-20,28.37240028381348,29.059999465942383,29.479999542236328,29.040000915527344,29.420000076293945,2555800
2023-12-21,28.51885032653809,29.209999084472656,29.309999465942383,28.940000534057617,29.100000381469727,2184900
2023-12-22,28.753171920776367,29.450000762939453,29.780000686645508,29.420000076293945,29.46999931335449,1852200
2023-12-26,28.88985824584961,29.59000015258789,29.65999984741211,29.43000030517578,29.489999771118164,1098900
2023-12-27,28.743408203125,29.440000534057617,29.64999961853028,29.36000061035156,29.530000686645508,1736400
2023-12-28,28.811752319335938,29.51000022888184,29.549999237060547,29.36000061035156,29.39999961853028,1646100
2023-12-29,28.78246307373047,29.479999542236328,29.5,29.13999938964844,29.440000534057617,2717700
2024-01-02,28.6457748413086,29.34000015258789,29.5,29.1299991607666,29.36000061035156,2665600
2024-01-03,29.309682846069336,30.020000457763672,30.350000381469727,29.21999931335449,29.229999542236328,4754000
2024-01-04,29.06560134887696,29.770000457763672,30.15999984741211,29.76000022888184,30.049999237060547,2346100
2024-01-05,29.20228576660156,29.90999984741211,30.09000015258789,29.71999931335449,29.770000457763672,1976900
2024-01-08,29.50495147705078,30.21999931335449,30.3700008392334,29.8700008392334,29.88999938964844,3036100
2024-01-09,35.939022064208984,36.810001373291016,37.27000045776367,36.25,36.36000061035156,32010200
2024-01-10,36.70056915283203,37.59000015258789,37.709999084472656,37.34999847412109,37.34999847412109,49280000
2024-01-11,36.856781005859375,37.75,37.77000045776367,37.4900016784668,37.59999847412109,10960900
2024-01-12,36.62245941162109,37.5099983215332,38.040000915527344,37.4900016784668,37.70000076293945,10344900
2024-01-16,36.46624374389648,37.34999847412109,37.59000015258789,37.18999862670898,37.5,10405500
2024-01-17,36.33932495117188,37.220001220703125,37.5099983215332,37.209999084472656,37.220001220703125,4928300
2024-01-18,36.436954498291016,37.31999969482422,37.41999816894531,37.220001220703125,37.29999923706055,4977800
2024-01-19,36.52482223510742,37.40999984741211,37.5,37.27999877929688,37.290000915527344,4812100
2024-01-22,36.58340835571289,37.470001220703125,37.5099983215332,37.380001068115234,37.43000030517578,4976000
2024-01-23,36.40766906738281,37.290000915527344,37.45000076293945,37.2599983215332,37.40999984741211,5253600
2024-01-24,36.31002807617188,37.18999862670898,37.5,37.18000030517578,37.43000030517578,4979100
2024-01-25,36.34908676147461,37.22999954223633,37.38999938964844,37.22999954223633,37.33000183105469,3637100
2024-01-26,36.31979370117188,37.20000076293945,37.2599983215332,37.06999969482422,37.220001220703125,4540100
2024-01-29,36.34908676147461,37.22999954223633,37.27000045776367,37.130001068115234,37.15999984741211,3616900
2024-01-30,36.300270080566406,37.18000030517578,37.43000030517578,37.130001068115234,37.25,7929000
2024-01-31,36.0854721069336,36.959999084472656,37.22999954223633,36.900001525878906,37.20000076293945,5567000
2024-02-01,36.017127990722656,36.88999938964844,37.11000061035156,36.84000015258789,37.0,5060500
2024-02-02,36.065948486328125,36.93999862670898,37.0099983215332,36.84000015258789,36.95000076293945,3634100
2024-02-05,36.065948486328125,36.93999862670898,36.97999954223633,36.81999969482422,36.900001525878906,3537600
2024-02-06,36.1147689819336,36.9900016784668,37.06999969482422,36.95000076293945,36.95000076293945,4295400
2024-02-07,36.15381622314453,37.02999877929688,37.209999084472656,37.02000045776367,37.09999847412109,2924400
2024-02-08,36.07571029663086,36.95000076293945,37.06999969482422,36.900001525878906,37.0,2047500
2024-02-09,36.15381622314453,37.02999877929688,37.06999969482422,36.93000030517578,36.95000076293945,2724900
2024-02-12,36.12453079223633,37.0,37.04999923706055,36.970001220703125,37.02999877929688,2281000
2024-02-13,36.18310928344727,37.060001373291016,37.09999847412109,36.810001373291016,36.86000061035156,3820000
2024-02-14,36.15381622314453,37.02999877929688,37.18000030517578,37.0,37.0,2906600
2024-02-15,36.1342887878418,37.0099983215332,37.16999816894531,36.9900016784668,37.08000183105469,2678100
2024-02-16,36.046417236328125,36.91999816894531,37.15999984741211,36.900001525878906,37.02999877929688,2007000
2024-02-20,36.026893615722656,36.900001525878906,37.04999923706055,36.83000183105469,36.84000015258789,4104100
2024-02-21,36.1147689819336,36.9900016784668,37.060001373291016,36.56999969482422,36.58000183105469,5396500
2024-02-22,36.280738830566406,37.15999984741211,37.2400016784668,37.060001373291016,37.08000183105469,3501300
2024-02-23,36.300270080566406,37.18000030517578,37.40999984741211,37.16999816894531,37.209999084472656,2133000
2024-02-26,36.20264053344727,37.08000183105469,37.29999923706055,37.060001373291016,37.20000076293945,2183600
2024-02-27,36.280738830566406,37.15999984741211,37.2599983215332,37.130001068115234,37.150001525878906,1831300
2024-02-28,36.17333984375,37.04999923706055,37.20000076293945,37.0,37.150001525878906,2756500
2024-02-29,36.36977767944336,37.02999877929688,37.13999938964844,36.790000915527344,36.970001220703125,5641300
2024-03-01,36.70372009277344,37.369998931884766,37.380001068115234,36.970001220703125,37.060001373291016,3041900
2024-03-04,36.96890258789063,37.63999938964844,37.68999862670898,37.2599983215332,37.34999847412109,2922400
2024-03-05,36.78229141235352,37.45000076293945,37.61000061035156,37.40999984741211,37.59999847412109,3151000
2024-03-06,36.77246856689453,37.43999862670898,37.560001373291016,37.36000061035156,37.5,2043500
2024-03-07,36.6840705871582,37.34999847412109,37.45000076293945,37.25,37.400001525878906,2097800
2024-03-08,36.69389724731445,37.36000061035156,37.43999862670898,37.34999847412109,37.34999847412109,3083100
2024-03-11,36.34031677246094,37.0,37.34000015258789,36.970001220703125,37.29999923706055,4253100
2024-03-12,36.192989349365234,36.84999847412109,37.16999816894531,36.790000915527344,37.13999938964844,3991400
2024-03-13,35.937625885009766,36.59000015258789,36.93999862670898,36.560001373291016,36.900001525878906,4508500
2024-03-14,35.819766998291016,36.470001220703125,36.720001220703125,36.33000183105469,36.59999847412109,3860800
2024-03-15,35.574222564697266,36.220001220703125,36.61000061035156,36.20000076293945,36.40999984741211,20722400
2024-03-18,36.05548477172852,36.709999084472656,36.77000045776367,36.47999954223633,36.54999923706055,3896900
2024-03-19,36.05548477172852,36.709999084472656,36.79999923706055,36.650001525878906,36.68999862670898,3586400
2024-03-20,36.16352081298828,36.81999969482422,36.81999969482422,36.650001525878906,36.709999084472656,2354300
2024-03-21,36.2813835144043,36.93999862670898,37.060001373291016,36.77999877929688,36.869998931884766,2479900
2024-03-22,36.38941955566406,37.04999923706055,37.06999969482422,36.91999816894531,37.040000915527344,3276700
2024-03-25,36.40906524658203,37.06999969482422,37.09000015258789,36.959999084472656,37.0,2478600
2024-03-26,36.37960052490234,37.040000915527344,37.119998931884766,37.040000915527344,37.06999969482422,2000800
2024-03-27,36.61532211303711,37.27999877929688,37.290000915527344,37.0099983215332,37.09999847412109,3202500
2024-03-28,36.39924621582031,37.060001373291016,37.290000915527344,37.02999877929688,37.27999877929688,3922600
2024-04-01,36.38941955566406,37.04999923706055,37.18999862670898,36.97999954223633,37.18999862670898,2423000
2024-04-02,36.25191879272461,36.90999984741211,37.09000015258789,36.790000915527344,37.04999923706055,7870700
2024-04-03,36.38941955566406,37.04999923706055,37.11000061035156,36.900001525878906,36.93999862670898,2995000
2024-04-04,36.310848236083984,36.970001220703125,37.15999984741211,36.95000076293945,37.11000061035156,3532000
2024-04-05,36.40906524658203,37.06999969482422,37.119998931884766,37.0,37.04999923706055,2124400
2024-04-08,36.46800231933594,37.130001068115234,37.2400016784668,37.060001373291016,37.06999969482422,3689400
2024-04-09,36.51710510253906,37.18000030517578,37.2599983215332,37.09999847412109,37.13999938964844,2163200
2024-04-10,36.310848236083984,36.970001220703125,37.11000061035156,36.84999847412109,37.09999847412109,3334200
2024-04-11,36.27156066894531,36.93000030517578,37.02000045776367,36.84000015258789,37.0,2765200
2024-04-12,35.99655532836914,36.650001525878906,36.880001068115234,36.650001525878906,36.86000061035156,2101500
2024-04-15,35.86886978149414,36.52000045776367,36.79999923706055,36.47999954223633,36.77999877929688,2460100
2024-04-16,35.78047561645508,36.43000030517578,36.630001068115234,36.40999984741211,36.52999877929688,2384000
2024-04-17,35.829586029052734,36.47999954223633,36.56999969482422,36.36000061035156,36.45000076293945,2795700
2024-04-18,35.51529312133789,36.15999984741211,36.540000915527344,36.0099983215332,36.52999877929688,5393100
2024-04-19,35.417076110839844,36.060001373291016,36.290000915527344,36.0099983215332,36.290000915527344,4114100
2024-04-22,35.466182708740234,36.11000061035156,36.27999877929688,36.0099983215332,36.15999984741211,2356000
2024-04-23,35.24028396606445,35.880001068115234,36.11000061035156,35.7599983215332,36.060001373291016,3077500
2024-04-24,34.72955322265625,35.36000061035156,36.040000915527344,35.209999084472656,36.040000915527344,5625400
2024-04-25,34.32686233520508,34.95000076293945,35.31999969482422,34.790000915527344,35.20000076293945,4682700
2024-04-26,34.09114074707031,34.709999084472656,34.939998626708984,34.5,34.790000915527344,4677200
2024-04-29,34.52330017089844,35.150001525878906,35.279998779296875,34.72999954223633,34.810001373291016,2945800
2024-04-30,34.199180603027344,34.81999969482422,35.279998779296875,34.810001373291016,35.04999923706055,2352600
2024-05-01,34.26793670654297,34.88999938964844,34.9900016784668,34.75,34.75,2775000
2024-05-02,34.0322151184082,34.650001525878906,35.0099983215332,34.560001373291016,34.970001220703125,2516800
2024-05-03,34.21882629394531,34.84000015258789,35.0,34.70000076293945,34.70000076293945,2407000
2024-05-06,34.15989303588867,34.779998779296875,34.959999084472656,34.650001525878906,34.959999084472656,1638500
2024-05-07,33.8848876953125,34.5,34.880001068115234,34.5,34.849998474121094,2248200
2024-05-08,33.97328567504883,34.59000015258789,34.66999816894531,34.470001220703125,34.540000915527344,1613700
2024-05-09,33.83578109741211,34.45000076293945,34.650001525878906,34.29999923706055,34.599998474121094,1268500
2024-05-10,34.02239227294922,34.63999938964844,34.63999938964844,34.47999954223633,34.560001373291016,1405100
2024-05-13,33.8848876953125,34.5,34.7400016784668,34.5,34.63999938964844,1235500
2024-05-14,33.82595443725586,34.439998626708984,34.709999084472656,34.38999938964844,34.68000030517578,1963900
2024-05-15,33.96345901489258,34.58000183105469,34.650001525878906,34.40999984741211,34.5099983215332,2249000
2024-05-16,34.09114074707031,34.709999084472656,34.84000015258789,34.5099983215332,34.650001525878906,1895900
2024-05-17,34.02239227294922,34.63999938964844,34.84000015258789,34.540000915527344,34.84000015258789,1682200
2024-05-20,34.02239227294922,34.63999938964844,34.77000045776367,34.58000183105469,34.65999984741211,712600
2024-05-21,33.93399429321289,34.54999923706055,34.689998626708984,34.5,34.529998779296875,1090400
2024-05-22,34.061676025390625,34.68000030517578,34.75,34.540000915527344,34.58000183105469,1647800
2024-05-23,33.97328567504883,34.59000015258789,34.7599983215332,34.4900016784668,34.68000030517578,2324000
2024-05-24,34.07149887084961,34.689998626708984,34.70000076293945,34.52000045776367,34.619998931884766,1552000
2024-05-28,33.80630874633789,34.41999816894531,34.779998779296875,34.41999816894531,34.650001525878906,1975000
2024-05-29,34.00274658203125,34.619998931884766,34.779998779296875,34.36000061035156,34.36000061035156,1934500
2024-05-30,34.503658294677734,35.130001068115234,35.439998626708984,34.66999816894531,34.68000030517578,2477100
2024-05-31,35.034027099609375,35.66999816894531,35.83000183105469,35.20000076293945,35.20000076293945,8994500
2024-06-03,35.034027099609375,35.45000076293945,35.7400016784668,35.439998626708984,35.63999938964844,2067700
2024-06-04,34.82649230957031,35.2400016784668,35.45000076293945,34.97999954223633,35.400001525878906,2018200
2024-06-05,35.00437927246094,35.41999816894531,35.45000076293945,35.119998931884766,35.31999969482422,1596900
2024-06-06,35.043907165527344,35.459999084472656,35.599998474121094,35.38999938964844,35.40999984741211,1207400
2024-06-07,35.132850646972656,35.54999923706055,35.619998931884766,35.29999923706055,35.400001525878906,1046800
2024-06-10,35.01426315307617,35.43000030517578,35.63999938964844,35.400001525878906,35.45000076293945,1221600
2024-06-11,35.034027099609375,35.45000076293945,35.5,35.15999984741211,35.38999938964844,1283800
2024-06-12,35.12297058105469,35.540000915527344,35.619998931884766,35.470001220703125,35.560001373291016,1259400
2024-06-13,35.132850646972656,35.54999923706055,35.63999938964844,35.47999954223633,35.54999923706055,1637500
2024-06-14,35.043907165527344,35.459999084472656,35.619998931884766,35.13999938964844,35.5,3002100
2024-06-17,35.083438873291016,35.5,35.540000915527344,35.279998779296875,35.5,1555000
2024-06-18,35.12297058105469,35.540000915527344,35.66999816894531,35.470001220703125,35.529998779296875,1529800
2024-06-20,35.01426315307617,35.43000030517578,35.65999984741211,35.34000015258789,35.58000183105469,2452700
2024-06-21,35.271209716796875,35.689998626708984,35.83000183105469,35.439998626708984,35.560001373291016,10714400
2024-06-24,35.12297058105469,35.540000915527344,35.849998474121094,35.5099983215332,35.5099983215332,2264800
2024-06-25,35.06367492675781,35.47999954223633,35.59000015258789,35.380001068115234,35.54999923706055,2492900
2024-06-26,35.271209716796875,35.689998626708984,35.709999084472656,35.25,35.36000061035156,2775800
2024-06-27,35.58745574951172,36.0099983215332,36.02000045776367,35.68000030517578,35.72999954223633,1824200
2024-06-28,36.03217697143555,36.459999084472656,36.52000045776367,35.97999954223633,36.0,2757100
2024-07-01,36.31877517700195,36.75,36.83000183105469,36.369998931884766,36.40999984741211,1252300
2024-07-02,36.14088439941406,36.56999969482422,36.869998931884766,36.52000045776367,36.70000076293945,1591500
2024-07-03,35.923465728759766,36.34999847412109,36.65999984741211,36.34999847412109,36.619998931884766,680200
2024-07-05,36.28912353515625,36.720001220703125,36.7599983215332,36.2599983215332,36.290000915527344,922900
2024-07-08,36.49665832519531,36.93000030517578,36.959999084472656,36.77000045776367,36.77000045776367,1151200
2024-07-09,36.48677444458008,36.91999816894531,36.97999954223633,36.75,36.900001525878906,1584200
2024-07-10,36.50654220581055,36.93999862670898,36.9900016784668,36.81999969482422,36.91999816894531,1059900
2024-07-11,36.72396087646485,37.15999984741211,37.18999862670898,36.93000030517578,37.0,2076700
2024-07-12,36.69431686401367,37.130001068115234,37.40999984741211,37.11000061035156,37.2400016784668,1384400
2024-07-15,36.72396087646485,37.15999984741211,37.400001525878906,37.09000015258789,37.130001068115234,1604700
2024-07-16,36.842552185058594,37.27999877929688,37.380001068115234,36.88999938964844,36.90999984741211,2331600
2024-07-17,36.76349258422852,37.20000076293945,37.400001525878906,37.20000076293945,37.25,3290300
2024-07-18,36.882083892822266,37.31999969482422,37.40999984741211,37.20000076293945,37.20000076293945,1869000
2024-07-19,36.85243606567383,37.290000915527344,37.470001220703125,37.2599983215332,37.470001220703125,1234400
2024-07-22,36.81290435791016,37.25,37.310001373291016,36.90999984741211,37.09000015258789,3251800
2024-07-23,36.74372863769531,37.18000030517578,37.400001525878906,37.09999847412109,37.15999984741211,2453500
2024-07-24,36.33853912353516,36.77000045776367,37.220001220703125,36.7400016784668,37.11000061035156,3133800
2024-07-25,37.05009078979492,37.4900016784668,37.650001525878906,36.900001525878906,37.0,2545800
2024-07-26,36.81290435791016,37.25,37.400001525878906,37.0099983215332,37.0099983215332,2436200
2024-07-29,37.19832992553711,37.63999938964844,37.720001220703125,37.40999984741211,37.43999862670898,1831100
2024-07-30,37.51457595825195,37.959999084472656,38.0,37.52000045776367,37.63999938964844,2668000
2024-07-31,37.24774169921875,37.68999862670898,38.06999969482422,37.66999816894531,38.0,2971000
2024-08-01,37.415748596191406,37.86000061035156,38.02999877929688,37.68999862670898,37.81999969482422,4190700
2024-08-02,37.75176239013672,38.20000076293945,38.27000045776367,37.7599983215332,37.7599983215332,3958100
2024-08-05,37.52445983886719,37.970001220703125,38.290000915527344,37.93000030517578,38.20000076293945,3428800
2024-08-06,37.67269515991211,38.119998931884766,38.2599983215332,38.04999923706055,38.16999816894531,2460600
2024-08-07,37.94941329956055,38.400001525878906,38.68000030517578,38.380001068115234,38.470001220703125,4693800
2024-08-08,38.12730026245117,38.58000183105469,38.59999847412109,38.41999816894531,38.45000076293945,1351300
2024-08-09,38.11741638183594,38.56999969482422,38.65999984741211,38.5099983215332,38.54999923706055,1894400
2024-08-12,38.324951171875,38.77999877929688,38.90999984741211,38.54999923706055,38.65999984741211,2638800
2024-08-13,38.3546028137207,38.810001373291016,39.02000045776367,38.7599983215332,39.0,2302000
2024-08-14,38.3348388671875,38.790000915527344,38.900001525878906,38.7400016784668,38.810001373291016,1755800
2024-08-15,38.3546028137207,38.810001373291016,38.86000061035156,38.75,38.84999847412109,2095600
2024-08-16,38.40401458740234,38.86000061035156,38.91999816894531,38.790000915527344,38.880001068115234,1569300
2024-08-19,38.53248977661133,38.9900016784668,39.0,38.810001373291016,38.83000183105469,1042600
2024-08-20,38.36448287963867,38.81999969482422,39.02999877929688,38.810001373291016,38.84000015258789,2453700
2024-08-21,38.5423698425293,39.0,39.02999877929688,38.7599983215332,38.83000183105469,2801200
2024-08-22,38.28542709350586,38.7400016784668,38.9900016784668,38.709999084472656,38.97999954223633,3382400
2024-08-23,38.34471893310547,38.79999923706055,38.86000061035156,38.72999954223633,38.79999923706055,2182900
2024-08-26,38.41389465332031,38.869998931884766,38.90999984741211,38.77999877929688,38.880001068115234,1287500
2024-08-27,38.39413070678711,38.84999847412109,38.970001220703125,38.84000015258789,38.84999847412109,1119800
2024-08-28,38.36448287963867,38.81999969482422,38.959999084472656,38.79999923706055,38.79999923706055,2912000
2024-08-29,38.52260208129883,38.97999954223633,39.060001373291016,38.810001373291016,38.900001525878906,1687500
2024-08-30,38.64187240600586,38.880001068115234,38.970001220703125,38.83000183105469,38.95000076293945,3276200
2024-09-03,38.52260208129883,38.7599983215332,38.88999938964844,38.68999862670898,38.81999969482422,1944200
2024-09-04,38.53254318237305,38.77000045776367,38.86000061035156,38.720001220703125,38.75,1468500
2024-09-05,38.3735237121582,38.61000061035156,38.77999877929688,38.380001068115234,38.7599983215332,4176700
2024-09-06,38.16481018066406,38.400001525878906,38.66999816894531,38.34999847412109,38.54999923706055,4140700
2024-09-09,38.10517883300781,38.34000015258789,38.61000061035156,38.15999984741211,38.470001220703125,4052900
2024-09-10,38.16481018066406,38.400001525878906,38.52999877929688,38.34000015258789,38.34000015258789,2383400
2024-09-11,38.29401397705078,38.52999877929688,38.630001068115234,38.25,38.400001525878906,4885500
2024-09-12,38.31389236450195,38.54999923706055,38.59999847412109,38.45000076293945,38.54999923706055,3339100
2024-09-13,38.363582611083984,38.59999847412109,38.66999816894531,38.47999954223633,38.47999954223633,1833900
2024-09-16,38.393402099609375,38.630001068115234,38.7400016784668,38.59000015258789,38.59000015258789,2363500
2024-09-17,38.79095077514648,39.02999877929688,39.09000015258789,38.790000915527344,38.79999923706055,6315200
2024-09-18,38.74125671386719,38.97999954223633,39.09000015258789,38.900001525878906,38.900001525878906,5794000
2024-09-19,38.721378326416016,38.959999084472656,39.130001068115234,38.93999862670898,39.08000183105469,5857300
2024-09-20,38.66175079345703,38.900001525878906,39.0099983215332,38.77999877929688,38.880001068115234,14166300
2024-09-23,38.63193130493164,38.869998931884766,38.959999084472656,38.84999847412109,38.91999816894531,3587000
2024-09-24,38.57229995727539,38.810001373291016,38.91999816894531,38.810001373291016,38.810001373291016,3839700
2024-09-25,38.61205291748047,38.84999847412109,38.900001525878906,38.79999923706055,38.84000015258789,2329900
2024-09-26,38.58223724365234,38.81999969482422,38.91999816894531,38.77000045776367,38.91999816894531,4151800
2024-09-27,38.71144104003906,38.95000076293945,39.0099983215332,38.75,38.83000183105469,4039400
2024-09-30,38.74125671386719,38.97999954223633,39.790000915527344,38.81999969482422,38.93999862670898,2745900
2024-10-01,38.64187240600586,38.880001068115234,38.959999084472656,38.810001373291016,38.93000030517578,4349700
2024-10-02,38.66175079345703,38.900001525878906,38.91999816894531,38.77999877929688,38.86000061035156,8002000
2024-10-03,38.61205291748047,38.84999847412109,38.88999938964844,38.79999923706055,38.84999847412109,2177600
2024-10-04,38.58223724365234,38.81999969482422,38.84999847412109,38.68000030517578,38.81999969482422,3628300
2024-10-07,38.53254318237305,38.77000045776367,38.81999969482422,38.720001220703125,38.79999923706055,3602600
2024-10-08,38.53254318237305,38.77000045776367,38.83000183105469,38.7400016784668,38.79999923706055,1848600
2024-10-09,38.56235885620117,38.79999923706055,38.810001373291016,38.70000076293945,38.70000076293945,1327500
2024-10-10,38.53254318237305,38.77000045776367,38.810001373291016,38.75,38.75,1466600
2024-10-11,38.51266479492188,38.75,38.81999969482422,38.72999954223633,38.77000045776367,1235500
2024-10-14,38.52260208129883,38.7599983215332,38.790000915527344,38.720001220703125,38.7400016784668,1118700
2024-10-15,38.74125671386719,38.97999954223633,39.150001525878906,38.810001373291016,38.88999938964844,6819000
2024-10-16,38.90027618408203,39.13999938964844,39.18000030517578,38.97999954223633,39.0,2735400
2024-10-17,38.97978973388672,39.220001220703125,39.25,39.040000915527344,39.18999862670898,2221100
2024-10-18,38.9698486328125,39.209999084472656,39.22999954223633,38.959999084472656,39.209999084472656,3049800
2024-10-21,39.0195426940918,39.2599983215332,39.27999877929688,39.09999847412109,39.09999847412109,3601500
2024-10-22,38.94997024536133,39.18999862670898,39.22999954223633,39.119998931884766,39.130001068115234,2478300
2024-10-23,38.93009185791016,39.16999816894531,39.20000076293945,39.119998931884766,39.13999938964844,1919200
2024-10-24,38.9201545715332,39.15999984741211,39.2599983215332,39.13999938964844,39.2599983215332,3028200
2024-10-25,38.84064865112305,39.08000183105469,39.27000045776367,39.04999923706055,39.15999984741211,4341000
2024-10-28,38.78101348876953,39.02000045776367,39.18000030517578,39.0099983215332,39.13999938964844,2922900
2024-10-29,38.8008918762207,39.040000915527344,39.130001068115234,39.0099983215332,39.09999847412109,2726500
2024-10-30,38.71144104003906,38.95000076293945,39.06999969482422,38.93999862670898,39.04999923706055,5191000
2024-10-31,38.66175079345703,38.900001525878906,39.02000045776367,38.869998931884766,39.0,4030200
2024-11-01,38.76113510131836,39.0,39.02000045776367,38.720001220703125,38.900001525878906,5172400
2024-11-04,38.74125671386719,38.97999954223633,39.06999969482422,38.93999862670898,39.0,3284200
2024-11-05,38.91021728515625,39.150001525878906,39.15999984741211,38.93999862670898,39.0099983215332,2251900
2024-11-06,38.77107238769531,39.0099983215332,39.43999862670898,39.0,39.25,8025200
2024-11-07,38.76113510131836,39.0,39.09999847412109,38.93999862670898,39.0099983215332,2853200
2024-11-08,38.671688079833984,38.90999984741211,39.04999923706055,38.90999984741211,39.0,3812600
2024-11-11,38.60211563110352,38.84000015258789,39.0099983215332,38.63999938964844,38.90999984741211,7017700
2024-11-12,38.29401397705078,38.52999877929688,38.93999862670898,38.33000183105469,38.880001068115234,7015000
2024-11-13,38.01572799682617,38.25,38.72999954223633,38.0,38.52999877929688,5898000
2024-11-14,38.174747467041016,38.40999984741211,38.65999984741211,38.22999954223633,38.2599983215332,4204100
2024-11-15,36.28638458251953,36.5099983215332,38.45000076293945,36.08000183105469,38.40999984741211,16696300
2024-11-18,35.39189910888672,35.61000061035156,37.0,35.18000030517578,36.209999084472656,13465200
2024-11-19,34.86514663696289,35.08000183105469,35.56999969482422,34.91999816894531,35.33000183105469,8834800
2024-11-20,35.441593170166016,35.65999984741211,36.0099983215332,35.16999816894531,35.25,5718100
2024-11-21,35.2130012512207,35.43000030517578,35.900001525878906,35.08000183105469,35.599998474121094,5472000
2024-11-22,35.690059661865234,35.90999984741211,35.90999984741211,35.279998779296875,35.52000045776367,3196700
2024-11-25,35.97828674316406,36.20000076293945,36.25,35.9900016784668,36.040000915527344,5199600
2024-11-26,35.79938888549805,36.02000045776367,36.2400016784668,35.939998626708984,36.2400016784668,2835900
2024-11-27,35.84907913208008,36.06999969482422,36.220001220703125,35.90999984741211,36.040000915527344,2177700
2024-11-29,35.69999694824219,35.91999816894531,36.20000076293945,35.849998474121094,36.18000030517578,1448600
2024-12-02,35.619998931884766,35.619998931884766,35.91999816894531,35.599998474121094,35.79999923706055,2803200
2024-12-03,35.459999084472656,35.459999084472656,35.58000183105469,35.45000076293945,35.4900016784668,2344800
2024-12-04,36.25,36.25,36.2599983215332,35.20000076293945,35.439998626708984,4683100
2024-12-05,36.77999877929688,36.77999877929688,37.16999816894531,36.2599983215332,36.2599983215332,4164600
2024-12-06,36.52000045776367,36.52000045776367,36.97999954223633,36.45000076293945,36.77000045776367,4109400
2024-12-09,37.130001068115234,37.130001068115234,37.27000045776367,36.63999938964844,36.81999969482422,3218900
2024-12-10,37.22999954223633,37.22999954223633,37.459999084472656,36.97999954223633,37.0,2078400
2024-12-11,37.38999938964844,37.38999938964844,37.40999984741211,37.08000183105469,37.27999877929688,2113700
2024-12-12,37.29999923706055,37.29999923706055,37.56999969482422,37.27999877929688,37.38999938964844,1384900
2024-12-13,37.22999954223633,37.22999954223633,37.369998931884766,37.18999862670898,37.31999969482422,1474300
2024-12-16,37.59999847412109,37.59999847412109,37.630001068115234,37.22999954223633,37.290000915527344,1893600
2024-12-17,37.65999984741211,37.65999984741211,37.79999923706055,37.34999847412109,37.43999862670898,2275100
2024-12-18,37.27999877929688,37.27999877929688,37.7599983215332,37.2400016784668,37.720001220703125,3028500
2024-12-19,37.0,37.0,37.619998931884766,36.79999923706055,37.56999969482422,3725800
2024-12-20,37.2400016784668,37.2400016784668,37.470001220703125,36.869998931884766,36.93999862670898,5209100
2024-12-23,,37.47999954223633,37.4900016784668,37.04999923706055,37.04999923706055,1224800
2024-12-24,,37.5,37.52000045776367,37.36000061035156,37.400001525878906,434900
2024-12-26,,37.5099983215332,37.59999847412109,37.36000061035156,37.38999938964844,1040200
2024-12-27,,37.5099983215332,37.540000915527344,37.33000183105469,37.400001525878906,2296600
2024-12-30,,37.34999847412109,37.54999923706055,37.20000076293945,37.25,1084700
2024-12-31,,37.45000076293945,37.470001220703125,37.29999923706055,37.400001525878906,1402000
2025-01-02,,37.77999877929688,37.790000915527344,37.36000061035156,37.52999877929688,1675600
2025-01-03,,37.95000076293945,37.95000076293945,37.61000061035156,37.75,4085400
2025-01-06,,37.97999954223633,38.04999923706055,37.83000183105469,37.95000076293945,1975300
2025-01-07,,38.310001373291016,38.34999847412109,37.970001220703125,38.09999847412109,2566900
2025-01-08,,38.369998931884766,38.380001068115234,38.2599983215332,38.34000015258789,3026600
2025-01-10,,38.45000076293945,38.459999084472656,38.25,38.43999862670898,2253900
2025-01-13,,38.4900016784668,38.560001373291016,38.25,38.290000915527344,1700600
2025-01-14,,38.5099983215332,38.65999984741211,38.45000076293945,38.5,2902200
