Price,Adj Close,Close,High,Low,Open,Volume
Ticker,IVZ,IVZ,IVZ,IVZ,IVZ,IVZ
Date,,,,,,
2007-08-22,13.16581916809082,24.299999237060547,24.36000061035156,23.8700008392334,24.100000381469727,1037300
2007-08-23,13.241673469543455,24.440000534057617,24.61000061035156,24.239999771118164,24.530000686645508,1022800
2007-08-24,13.236250877380373,24.43000030517578,24.57999992370605,23.1299991607666,24.270000457763672,1179400
2007-08-27,13.555919647216797,25.020000457763672,25.26000022888184,24.229999542236328,24.43000030517578,928300
2007-08-28,12.634849548339844,23.31999969482422,24.06999969482422,23.290000915527344,24.06999969482422,895500
2007-08-29,13.257925033569336,24.46999931335449,24.709999084472656,23.93000030517578,24.059999465942383,745500
2007-08-30,13.209163665771484,24.3799991607666,24.43000030517578,23.64999961853028,23.64999961853028,996200
2007-08-31,13.377120018005373,24.690000534057617,24.82999992370605,24.270000457763672,24.56999969482422,268400
2007-09-04,13.642605781555176,25.18000030517578,25.309999465942383,24.690000534057617,24.790000915527344,495900
2007-09-05,13.301268577575684,24.549999237060547,24.65999984741211,24.280000686645508,24.520000457763672,816100
2007-09-06,13.339195251464844,24.6200008392334,24.6200008392334,24.11000061035156,24.34000015258789,306300
2007-09-07,12.873248100280762,23.76000022888184,23.989999771118164,23.56999969482422,23.709999084472656,413400
2007-09-10,12.515650749206545,23.100000381469727,23.31999969482422,22.64999961853028,23.21999931335449,565600
2007-09-11,12.88408088684082,23.780000686645508,23.81999969482422,23.39999961853028,23.39999961853028,497200
2007-09-12,12.819061279296877,23.65999984741211,23.84000015258789,23.57999992370605,23.6299991607666,398400
2007-09-13,13.133313179016112,24.239999771118164,24.459999084472656,23.959999084472656,23.989999771118164,451200
2007-09-14,12.802811622619627,23.6299991607666,23.65999984741211,23.25,23.3700008392334,477200
2007-09-17,12.504817962646484,23.07999992370605,23.21999931335449,22.88999938964844,23.15999984741211,339200
2007-09-18,13.415054321289062,24.76000022888184,24.770000457763672,23.39999961853028,23.65999984741211,631700
2007-09-19,14.017182350158691,25.700000762939453,25.809999465942383,25.13999938964844,25.21999931335449,1079300
2007-09-20,13.700846672058104,25.1200008392334,25.51000022888184,25.06999969482422,25.440000534057617,280500
2007-09-21,14.109908103942873,25.8700008392334,25.8700008392334,25.25,25.26000022888184,353100
2007-09-24,14.071728706359863,25.799999237060547,25.950000762939453,25.59000015258789,25.8799991607666,565000
2007-09-25,14.813495635986328,27.15999984741211,27.65999984741211,25.229999542236328,25.26000022888184,2394800
2007-09-26,14.753494262695312,27.049999237060547,27.18000030517578,26.770000457763672,26.93000030517578,584100
2007-09-27,14.928030014038086,27.3700008392334,27.450000762939453,26.770000457763672,26.90999984741211,1499300
2007-09-28,14.889852523803713,27.299999237060547,27.36000061035156,26.8700008392334,27.049999237060547,800100
2007-10-01,15.13529109954834,27.75,27.809999465942383,27.239999771118164,27.31999969482422,651100
2007-10-02,15.353453636169434,28.14999961853028,28.200000762939453,27.89999961853028,27.959999084472656,1248900
2007-10-03,15.29345703125,28.040000915527344,28.270000457763672,27.96999931335449,28.18000030517578,763600
2007-10-04,15.413448333740234,28.26000022888184,28.40999984741211,28.0,28.39999961853028,453700
2007-10-05,15.757061004638672,28.88999938964844,29.049999237060547,28.32999992370605,28.32999992370605,698900
2007-10-08,15.669788360595703,28.729999542236328,28.93000030517578,28.559999465942383,28.709999084472656,541100
2007-10-09,16.13885498046875,29.59000015258789,29.59000015258789,28.71999931335449,28.799999237060547,1835000
2007-10-10,16.34611701965332,29.96999931335449,29.96999931335449,29.450000762939453,29.82999992370605,1418400
2007-10-11,16.155210494995117,29.6200008392334,30.270000457763672,29.479999542236328,29.88999938964844,413000
2007-10-12,16.155210494995117,29.6200008392334,29.64999961853028,29.229999542236328,29.3700008392334,282600
2007-10-15,15.904325485229492,29.15999984741211,29.36000061035156,28.88999938964844,29.34000015258789,376700
2007-10-16,15.489809036254885,28.39999961853028,28.68000030517578,28.1200008392334,28.600000381469727,1201300
2007-10-17,15.887958526611328,29.1299991607666,29.229999542236328,28.709999084472656,29.13999938964844,315400
2007-10-18,15.729791641235352,28.84000015258789,28.959999084472656,28.51000022888184,28.809999465942383,415100
2007-10-19,15.118924140930176,27.71999931335449,28.600000381469727,27.670000076293945,28.530000686645508,646400
2007-10-22,15.2170991897583,27.89999961853028,28.020000457763672,27.100000381469727,27.1200008392334,561100
2007-10-23,15.740707397460938,28.86000061035156,28.86000061035156,28.21999931335449,28.56999969482422,765900
2007-10-24,15.904325485229492,29.15999984741211,29.190000534057617,28.299999237060547,29.1299991607666,611300
2007-10-25,15.860694885253906,29.07999992370605,29.299999237060547,28.729999542236328,29.239999771118164,515600
2007-10-26,16.133399963378906,29.57999992370605,29.739999771118164,29.170000076293945,29.3799991607666,604900
2007-10-29,16.187942504882812,29.68000030517578,29.90999984741211,29.38999938964844,29.850000381469727,346500
2007-10-30,16.39519691467285,30.059999465942383,30.229999542236328,29.989999771118164,30.1200008392334,497800
2007-10-31,16.722450256347656,30.65999984741211,30.86000061035156,30.270000457763672,30.39999961853028,1201100
2007-11-01,16.084306716918945,29.489999771118164,30.299999237060547,29.32999992370605,30.299999237060547,601300
2007-11-02,15.975225448608398,29.290000915527344,29.43000030517578,28.850000381469727,29.1299991607666,693900
2007-11-05,15.827962875366213,29.020000457763672,29.049999237060547,28.520000457763672,28.530000686645508,520000
2007-11-06,16.040678024291992,29.40999984741211,29.600000381469727,28.549999237060547,28.549999237060547,767900
2007-11-07,15.45708179473877,28.34000015258789,29.14999961853028,28.18000030517578,29.07999992370605,703100
2007-11-08,15.157110214233398,27.790000915527344,28.11000061035156,27.270000457763672,27.39999961853028,1701400
2007-11-09,14.753494262695312,27.049999237060547,27.34000015258789,26.1200008392334,26.6200008392334,1808300
2007-11-12,14.562604904174805,26.700000762939453,27.280000686645508,26.40999984741211,26.670000076293945,1463000
2007-11-13,15.282548904418944,28.020000457763672,28.049999237060547,27.3700008392334,27.3700008392334,1203600
2007-11-14,15.238916397094728,27.940000534057617,28.290000915527344,27.690000534057617,28.059999465942383,1128100
2007-11-15,14.420790672302246,26.440000534057617,26.86000061035156,26.06999969482422,26.56999969482422,1381300
2007-11-16,14.535332679748535,26.64999961853028,26.84000015258789,26.239999771118164,26.75,1303300
2007-11-19,14.104453086853027,25.86000061035156,26.06999969482422,25.65999984741211,25.989999771118164,998300
2007-11-20,14.19717025756836,26.030000686645508,26.25,25.61000061035156,25.950000762939453,1029700
2007-11-21,13.78266143798828,25.270000457763672,25.59000015258789,24.989999771118164,25.1299991607666,1316800
2007-11-23,14.224438667297363,26.07999992370605,26.1200008392334,25.709999084472656,25.75,236000
2007-11-26,13.869929313659668,25.43000030517578,26.39999961853028,25.350000381469727,26.350000381469727,456600
2007-11-27,13.809922218322754,25.31999969482422,25.36000061035156,24.89999961853028,25.06999969482422,3094600
2007-11-28,14.49714469909668,26.57999992370605,26.6299991607666,25.700000762939453,25.700000762939453,1359400
2007-11-29,14.628047943115234,26.81999969482422,26.940000534057617,26.3700008392334,26.6299991607666,2078600
2007-11-30,14.317167282104492,26.25,26.790000915527344,25.81999969482422,26.020000457763672,7534800
2007-12-03,14.85167121887207,27.229999542236328,27.450000762939453,25.1200008392334,25.309999465942383,35892500
2007-12-04,14.998931884765623,27.5,28.32999992370605,26.61000061035156,27.030000686645508,9816700
2007-12-05,15.12437343597412,27.729999542236328,28.450000762939453,27.229999542236328,27.950000762939453,8065400
2007-12-06,15.042566299438477,27.57999992370605,27.799999237060547,27.299999237060547,27.549999237060547,6018500
2007-12-07,15.337085723876951,28.1200008392334,28.38999938964844,27.489999771118164,27.5,9174000
2007-12-10,15.315275192260742,28.07999992370605,29.11000061035156,27.38999938964844,27.600000381469727,6107800
2007-12-11,15.189830780029297,27.850000381469727,28.530000686645508,27.600000381469727,27.690000534057617,7929400
2007-12-12,14.862579345703123,27.25,28.5,27.0,28.270000457763672,7064900
2007-12-13,14.92257308959961,27.36000061035156,27.68000030517578,26.989999771118164,27.07999992370605,4774500
2007-12-14,15.418904304504396,28.270000457763672,28.57999992370605,26.100000381469727,26.100000381469727,6708800
2007-12-17,15.544350624084473,28.5,28.950000762939453,27.459999084472656,27.950000762939453,7474000
2007-12-18,15.746153831481934,28.8700008392334,29.90999984741211,28.190000534057617,29.0,5299500
2007-12-19,15.980684280395508,29.299999237060547,30.6200008392334,27.670000076293945,28.89999961853028,5960000
2007-12-20,16.03522491455078,29.39999961853028,29.84000015258789,28.709999084472656,28.709999084472656,3699100
2007-12-21,17.453306198120117,32.0,32.0,29.25,30.170000076293945,10763300
2007-12-24,17.14242172241211,31.43000030517578,31.75,30.850000381469727,31.729999542236328,1755300
2007-12-26,17.3933048248291,31.88999938964844,32.08000183105469,31.34000015258789,31.450000762939453,2299900
2007-12-27,17.098785400390625,31.350000381469727,32.25,31.239999771118164,31.25,2344600
2007-12-28,16.978790283203125,31.1299991607666,31.5,29.82999992370605,31.31999969482422,1507100
2007-12-31,17.115142822265625,31.3799991607666,31.670000076293945,30.51000022888184,30.700000762939453,1038600
2008-01-02,16.580636978149414,30.39999961853028,31.39999961853028,30.3700008392334,30.700000762939453,2560200
2008-01-03,16.722450256347656,30.65999984741211,31.170000076293945,30.18000030517578,30.18000030517578,3549000
2008-01-04,15.751605033874512,28.8799991607666,30.700000762939453,28.489999771118164,30.43000030517578,5337100
2008-01-07,15.675257682800291,28.739999771118164,29.020000457763672,27.790000915527344,28.549999237060547,3666200
2008-01-08,14.698957443237305,26.950000762939453,29.280000686645508,26.64999961853028,29.020000457763672,6396700
2008-01-09,14.65532112121582,26.8700008392334,27.040000915527344,25.31999969482422,25.39999961853028,5074700
2008-01-10,15.184375762939451,27.84000015258789,28.350000381469727,26.40999984741211,26.489999771118164,3889000
2008-01-11,14.955300331115724,27.420000076293945,27.920000076293945,26.8799991607666,27.89999961853028,1940800
2008-01-14,15.146200180053713,27.770000457763672,27.989999771118164,27.01000022888184,27.100000381469727,1273700
2008-01-15,14.338977813720703,26.290000915527344,27.46999931335449,26.01000022888184,27.46999931335449,3032300
2008-01-16,14.295343399047852,26.209999084472656,26.64999961853028,24.950000762939453,26.100000381469727,5126100
2008-01-17,13.799017906188965,25.299999237060547,26.57999992370605,25.14999961853028,26.459999084472656,2606400
2008-01-18,13.624489784240724,24.979999542236328,25.450000762939453,24.13999938964844,25.26000022888184,5046400
2008-01-22,13.340868949890137,24.459999084472656,25.0,22.950000762939453,24.3700008392334,5837400
2008-01-23,13.504502296447754,24.76000022888184,24.90999984741211,23.39999961853028,23.39999961853028,4154200
2008-01-24,14.186264038085938,26.01000022888184,26.88999938964844,24.600000381469727,25.0,4661000
2008-01-25,14.153547286987305,25.950000762939453,27.18000030517578,25.86000061035156,26.6299991607666,2823200
2008-01-28,14.508060455322266,26.600000381469727,26.65999984741211,25.34000015258789,25.780000686645508,2170600
2008-01-29,14.70987033843994,26.96999931335449,27.100000381469727,26.299999237060547,26.5,2799000
2008-01-30,14.382613182067873,26.3700008392334,27.190000534057617,26.049999237060547,26.940000534057617,2199200
2008-01-31,14.846213340759276,27.21999931335449,27.450000762939453,25.100000381469727,27.0,3304600
2008-02-01,15.45162582397461,28.32999992370605,28.36000061035156,27.14999961853028,27.6200008392334,3428200
2008-02-04,15.00439167022705,27.51000022888184,28.559999465942383,26.979999542236328,28.559999465942383,3080400
2008-02-05,14.715316772460938,26.979999542236328,28.31999969482422,26.479999542236328,27.93000030517578,3556100
2008-02-06,14.491698265075684,26.56999969482422,27.459999084472656,26.350000381469727,27.40999984741211,4292700
2008-02-07,14.333526611328123,26.280000686645508,26.729999542236328,25.790000915527344,26.5,3110000
2008-02-08,13.98445987701416,25.63999938964844,26.15999984741211,25.36000061035156,25.850000381469727,3057100
2008-02-11,13.749933242797852,25.209999084472656,25.84000015258789,24.86000061035156,25.84000015258789,2839300
2008-02-12,13.880834579467772,25.450000762939453,25.6200008392334,25.0,25.040000915527344,3745700
2008-02-13,13.962640762329102,25.600000381469727,26.38999938964844,25.38999938964844,25.89999961853028,3036900
2008-02-14,13.548129081726074,24.84000015258789,25.299999237060547,24.709999084472656,24.850000381469727,2347500
2008-02-15,13.722663879394531,25.15999984741211,25.26000022888184,24.63999938964844,24.63999938964844,1026700
2008-02-19,13.668118476867676,25.059999465942383,25.3799991607666,24.93000030517578,25.209999084472656,1204000
2008-02-20,13.940831184387209,25.559999465942383,25.64999961853028,24.350000381469727,24.39999961853028,2078400
2008-02-21,14.049908638000488,25.76000022888184,26.36000061035156,25.450000762939453,25.51000022888184,3214400
2008-02-22,14.017182350158691,25.700000762939453,25.799999237060547,25.170000076293945,25.799999237060547,3279600
2008-02-25,14.28989315032959,26.200000762939453,26.32999992370605,25.26000022888184,25.31999969482422,2176400
2008-02-26,14.764408111572266,27.06999969482422,27.700000762939453,26.15999984741211,26.229999542236328,2860200
2008-02-27,14.835312843322754,27.200000762939453,27.34000015258789,26.549999237060547,26.549999237060547,1073100
2008-02-28,14.731677055358888,27.01000022888184,27.31999969482422,26.420000076293945,27.11000061035156,1384800
2008-02-29,13.968092918395996,25.61000061035156,26.540000915527344,25.450000762939453,26.350000381469727,1771700
2008-03-03,13.368134498596191,24.51000022888184,25.90999984741211,24.09000015258789,25.86000061035156,2618400
2008-03-04,13.24815273284912,24.290000915527344,24.989999771118164,22.75,22.75,2704000
2008-03-05,13.26996612548828,24.32999992370605,24.670000076293945,23.61000061035156,24.299999237060547,2089300
2008-03-06,12.41366481781006,22.76000022888184,24.38999938964844,22.6299991607666,24.200000762939453,2650500
2008-03-07,12.16822624206543,22.309999465942383,23.01000022888184,21.88999938964844,22.209999084472656,5204800
2008-03-10,11.688257217407228,21.43000030517578,22.459999084472656,20.959999084472656,22.100000381469727,3445000
2008-03-11,12.37548542022705,22.690000534057617,23.100000381469727,21.670000076293945,22.0,4553500
2008-03-12,12.500931739807127,22.920000076293945,23.530000686645508,22.549999237060547,22.89999961853028,2565900
2008-03-13,12.511835098266602,22.940000534057617,23.13999938964844,21.84000015258789,22.0,3000300
2008-03-14,12.07004737854004,22.1299991607666,23.059999465942383,21.93000030517578,22.89999961853028,2136900
2008-03-17,11.726439476013184,21.5,21.5,19.780000686645508,21.440000534057617,4418900
2008-03-18,12.57506275177002,22.81999969482422,23.100000381469727,21.64999961853028,21.84000015258789,4353200
2008-03-19,12.459338188171388,22.61000061035156,23.270000457763672,22.520000457763672,22.950000762939453,3535300
2008-03-20,13.528387069702148,24.549999237060547,24.670000076293945,22.170000076293945,22.739999771118164,4907200
2008-03-24,13.50083827972412,24.5,25.89999961853028,24.290000915527344,24.790000915527344,2837400
2008-03-25,13.781875610351562,25.01000022888184,25.299999237060547,24.21999931335449,24.600000381469727,2399500
2008-03-26,13.61104965209961,24.700000762939453,25.01000022888184,24.239999771118164,24.89999961853028,2399900
2008-03-27,13.214287757873535,23.979999542236328,24.959999084472656,23.979999542236328,24.959999084472656,1235100
2008-03-28,13.071012496948242,23.71999931335449,24.63999938964844,23.530000686645508,24.299999237060547,1437400
2008-03-31,13.423687934875488,24.36000061035156,24.39999961853028,23.56999969482422,23.959999084472656,1787100
2008-04-01,14.37701416015625,26.09000015258789,26.09000015258789,24.71999931335449,24.75,2504100
2008-04-02,14.00780200958252,25.420000076293945,26.549999237060547,25.06999969482422,26.309999465942383,1331500
2008-04-03,14.23373794555664,25.82999992370605,26.420000076293945,24.940000534057617,25.46999931335449,1732900
2008-04-04,13.963725090026855,25.34000015258789,25.82999992370605,24.57999992370605,25.690000534057617,2254300
2008-04-07,13.68819522857666,24.84000015258789,25.559999465942383,24.670000076293945,25.26000022888184,1678600
2008-04-08,13.511855125427246,24.520000457763672,25.200000762939453,24.520000457763672,24.63999938964844,1084000
2008-04-09,12.79548454284668,23.21999931335449,24.049999237060547,22.989999771118164,24.049999237060547,4785100
2008-04-10,12.674253463745115,23.0,23.56999969482422,22.75,23.059999465942383,2759100
2008-04-11,12.39321517944336,22.489999771118164,22.93000030517578,22.479999542236328,22.63999938964844,1369300
2008-04-14,12.294028282165527,22.309999465942383,22.76000022888184,22.15999984741211,22.64999961853028,2580900
2008-04-15,12.75139617919922,23.13999938964844,23.3700008392334,22.229999542236328,22.25,2240700
2008-04-16,12.944271087646484,23.489999771118164,23.520000457763672,23.15999984741211,23.200000762939453,1856400
2008-04-17,12.938764572143556,23.479999542236328,23.729999542236328,23.100000381469727,23.38999938964844,892800
2008-04-18,13.208782196044922,23.96999931335449,24.209999084472656,23.459999084472656,24.020000457763672,1900000
2008-04-21,13.02692985534668,23.63999938964844,24.049999237060547,23.479999542236328,23.940000534057617,1251400
2008-04-22,12.718337059020996,23.07999992370605,23.5,22.690000534057617,23.39999961853028,2315400
2008-04-23,12.387703895568848,22.479999542236328,23.209999084472656,22.190000534057617,23.020000457763672,1876800
2008-04-24,13.335522651672363,24.200000762939453,24.75,22.200000762939453,23.0,3522200
2008-04-25,13.489815711975098,24.479999542236328,24.63999938964844,23.809999465942383,24.40999984741211,2065000
2008-04-28,14.23373794555664,25.82999992370605,26.229999542236328,24.540000915527344,24.709999084472656,2187100
2008-04-29,14.211695671081545,25.790000915527344,25.790000915527344,24.8799991607666,25.64999961853028,1694500
2008-04-30,14.13454818725586,25.64999961853028,25.989999771118164,25.31999969482422,25.8799991607666,1612100
2008-05-01,14.823365211486816,26.89999961853028,27.18000030517578,25.600000381469727,25.600000381469727,1931600
2008-05-02,15.302783966064451,27.770000457763672,27.88999938964844,26.89999961853028,27.049999237060547,2413600
2008-05-05,15.264209747314451,27.700000762939453,27.979999542236328,27.270000457763672,27.65999984741211,1930200
2008-05-06,15.46259307861328,28.059999465942383,28.07999992370605,26.940000534057617,27.34000015258789,1813600
2008-05-07,15.19808578491211,27.57999992370605,28.14999961853028,27.479999542236328,27.6200008392334,3270800
2008-05-08,15.109912872314451,27.420000076293945,27.780000686645508,26.940000534057617,27.36000061035156,2569300
2008-05-09,15.15399932861328,27.5,27.68000030517578,26.81999969482422,26.950000762939453,2365400
2008-05-12,15.429520606994627,28.0,28.459999084472656,27.57999992370605,27.739999771118164,1577600
2008-05-13,15.622397422790527,28.350000381469727,28.459999084472656,27.709999084472656,28.0,2139700
2008-05-14,15.594839096069336,28.299999237060547,29.0,28.290000915527344,28.770000457763672,2830700
2008-05-15,15.727093696594238,28.540000915527344,28.670000076293945,27.979999542236328,28.1200008392334,1921800
2008-05-16,15.79322338104248,28.65999984741211,28.82999992370605,28.14999961853028,28.5,1168400
2008-05-19,15.560968399047852,28.13999938964844,28.81999969482422,27.959999084472656,28.25,2527200
2008-05-20,15.162819862365724,27.420000076293945,28.06999969482422,27.14999961853028,27.57999992370605,2436500
2008-05-21,14.847620010375977,26.850000381469727,27.6200008392334,26.76000022888184,27.61000061035156,2415400
2008-05-22,15.063282012939451,27.239999771118164,27.530000686645508,26.64999961853028,26.75,1374200
2008-05-23,15.046692848205566,27.209999084472656,27.280000686645508,26.6200008392334,27.1200008392334,1694300
2008-05-27,14.808913230895996,26.780000686645508,27.1200008392334,26.39999961853028,27.0,2237000
2008-05-28,15.06881332397461,27.25,27.31999969482422,26.850000381469727,27.190000534057617,1671400
2008-05-29,15.46142864227295,27.959999084472656,28.07999992370605,26.82999992370605,27.020000457763672,1877300
2008-05-30,15.389543533325195,27.82999992370605,28.0,27.43000030517578,28.0,2063000
2008-06-02,15.262359619140623,27.600000381469727,28.0,27.299999237060547,27.81999969482422,1201300
2008-06-03,15.295537948608398,27.65999984741211,28.030000686645508,27.540000915527344,27.76000022888184,1767900
2008-06-04,15.33424186706543,27.729999542236328,27.89999961853028,27.36000061035156,27.5,1540000
2008-06-05,15.925931930541992,28.799999237060547,28.84000015258789,27.709999084472656,27.96999931335449,1779100
2008-06-06,15.107518196105955,27.31999969482422,28.88999938964844,27.09000015258789,28.440000534057617,2920600
2008-06-09,14.90292263031006,26.950000762939453,28.01000022888184,26.84000015258789,27.65999984741211,2701900
2008-06-10,15.013514518737791,27.14999961853028,27.440000534057617,26.3700008392334,26.5,2129900
2008-06-11,14.27251434326172,25.809999465942383,27.559999465942383,25.799999237060547,27.06999969482422,2732000
2008-06-12,14.8531494140625,26.86000061035156,27.100000381469727,26.09000015258789,26.11000061035156,4838300
2008-06-13,15.245768547058104,27.56999969482422,27.59000015258789,26.82999992370605,27.0,1706500
2008-06-16,15.179409980773926,27.450000762939453,27.989999771118164,26.799999237060547,27.989999771118164,2111300
2008-06-17,14.742547035217283,26.65999984741211,27.81999969482422,26.549999237060547,27.81999969482422,2076200
2008-06-18,14.388643264770508,26.020000457763672,26.479999542236328,25.729999542236328,25.799999237060547,2766800
2008-06-19,14.609832763671877,26.420000076293945,26.51000022888184,25.780000686645508,25.8700008392334,2293200
2008-06-20,14.388643264770508,26.020000457763672,26.290000915527344,25.75,25.950000762939453,2282900
2008-06-23,14.372047424316406,25.989999771118164,26.26000022888184,25.670000076293945,25.82999992370605,2051900
2008-06-24,14.123210906982422,25.540000915527344,26.07999992370605,25.270000457763672,25.989999771118164,2156700
2008-06-25,14.172975540161133,25.6299991607666,26.25,25.3700008392334,25.81999969482422,1752900
2008-06-26,13.93519115447998,25.200000762939453,25.299999237060547,24.3799991607666,24.3799991607666,3104600
2008-06-27,13.509394645690918,24.43000030517578,25.43000030517578,24.09000015258789,25.34000015258789,2918900
2008-06-30,13.260553359985352,23.979999542236328,24.51000022888184,23.86000061035156,24.200000762939453,3278000
2008-07-01,12.973003387451172,23.459999084472656,23.8799991607666,22.57999992370605,23.51000022888184,4300500
2008-07-02,13.061473846435549,23.6200008392334,23.93000030517578,23.209999084472656,23.809999465942383,3240500
2008-07-03,13.028302192687988,23.559999465942383,24.64999961853028,23.32999992370605,24.6200008392334,2289900
2008-07-07,12.580387115478516,22.75,23.93000030517578,22.5,23.459999084472656,2779900
2008-07-08,13.078069686889648,23.64999961853028,24.07999992370605,22.200000762939453,23.049999237060547,4082500
2008-07-09,12.469789505004885,22.549999237060547,24.030000686645508,22.280000686645508,23.100000381469727,3576700
2008-07-10,12.41448974609375,22.450000762939453,22.690000534057617,21.71999931335449,21.799999237060547,2744500
2008-07-11,12.110345840454102,21.89999961853028,22.43000030517578,20.86000061035156,21.90999984741211,4452400
2008-07-14,11.573954582214355,20.93000030517578,23.520000457763672,20.71999931335449,22.799999237060547,3422000
2008-07-15,11.36935043334961,20.559999465942383,21.459999084472656,19.84000015258789,20.6299991607666,5151200
2008-07-16,12.37025260925293,22.3700008392334,22.6299991607666,20.26000022888184,20.709999084472656,4030200
2008-07-17,12.807106018066406,23.15999984741211,23.479999542236328,20.93000030517578,21.43000030517578,3629900
2008-07-18,12.934295654296877,23.38999938964844,23.6299991607666,21.270000457763672,23.36000061035156,3370900
2008-07-21,13.055953025817873,23.61000061035156,23.71999931335449,23.09000015258789,23.39999961853028,3682500
2008-07-22,13.48727798461914,24.38999938964844,24.40999984741211,21.76000022888184,21.76000022888184,4328300
2008-07-23,13.38221549987793,24.200000762939453,24.850000381469727,23.71999931335449,24.40999984741211,4855600
2008-07-24,12.6356840133667,22.850000381469727,25.530000686645508,22.51000022888184,24.790000915527344,6226600
2008-07-25,12.28730583190918,22.21999931335449,23.049999237060547,21.90999984741211,22.84000015258789,4655600
2008-07-28,12.055051803588867,21.799999237060547,22.93000030517578,21.700000762939453,22.020000457763672,2482900
2008-07-29,13.050423622131348,23.600000381469727,23.600000381469727,21.6299991607666,21.959999084472656,2999900
2008-07-30,13.155488967895508,23.790000915527344,24.239999771118164,23.09000015258789,23.940000534057617,2999400
2008-07-31,12.878994941711426,23.290000915527344,24.030000686645508,22.959999084472656,23.600000381469727,2492100
2008-08-01,13.033831596374512,23.56999969482422,23.63999938964844,22.540000915527344,23.61000061035156,1819900
2008-08-04,12.746278762817385,23.049999237060547,23.46999931335449,22.700000762939453,23.350000381469727,1361400
2008-08-05,13.79694938659668,24.950000762939453,25.0,23.229999542236328,23.61000061035156,2809300
2008-08-06,13.443035125732422,24.309999465942383,24.8799991607666,23.0,24.25,1909200
2008-08-07,13.199725151062012,23.8700008392334,24.489999771118164,23.670000076293945,24.14999961853028,2974200
2008-08-08,13.82459545135498,25.0,25.11000061035156,23.86000061035156,24.049999237060547,1485700
2008-08-11,14.078971862792969,25.459999084472656,26.049999237060547,24.5,24.96999931335449,2549000
2008-08-12,13.40985870361328,24.25,25.5,24.1299991607666,25.5,2729100
2008-08-13,13.028302192687988,23.559999465942383,24.40999984741211,23.040000915527344,24.40999984741211,2157700
2008-08-14,14.26698112487793,25.799999237060547,25.93000030517578,24.799999237060547,25.38999938964844,9227900
2008-08-15,14.681724548339844,26.549999237060547,26.68000030517578,25.46999931335449,26.0,6215800
2008-08-18,14.3264741897583,25.809999465942383,26.450000762939453,25.770000457763672,26.440000534057617,7813900
2008-08-19,13.843563079833984,24.940000534057617,25.809999465942383,24.200000762939453,25.690000534057617,10794400
2008-08-20,14.01563835144043,25.25,25.81999969482422,24.850000381469727,25.049999237060547,70829500
2008-08-21,13.749195098876951,24.770000457763672,25.239999771118164,24.729999542236328,24.90999984741211,8101600
2008-08-22,14.35977840423584,25.8700008392334,25.93000030517578,24.93000030517578,25.25,5422700
2008-08-25,13.815810203552246,24.88999938964844,25.40999984741211,24.88999938964844,25.40999984741211,4415400
2008-08-26,13.92681884765625,25.09000015258789,25.299999237060547,24.520000457763672,24.75,4041500
2008-08-27,14.23766040802002,25.64999961853028,25.65999984741211,24.700000762939453,25.020000457763672,3940400
2008-08-28,14.476346015930176,26.07999992370605,26.07999992370605,25.40999984741211,26.0,4057000
2008-08-29,14.226558685302734,25.6299991607666,26.040000915527344,25.440000534057617,25.76000022888184,3433700
2008-09-02,14.28761863708496,25.739999771118164,26.670000076293945,25.520000457763672,26.18000030517578,4552500
2008-09-03,14.254317283630373,25.68000030517578,25.809999465942383,25.14999961853028,25.5,4690900
2008-09-04,13.799153327941896,24.86000061035156,25.64999961853028,24.700000762939453,24.86000061035156,5783300
2008-09-05,14.198808670043944,25.57999992370605,25.59000015258789,23.959999084472656,24.549999237060547,4466500
2008-09-08,14.459692001342772,26.049999237060547,27.0,24.8799991607666,26.979999542236328,5575400
2008-09-09,13.177471160888672,23.739999771118164,26.31999969482422,23.71999931335449,25.959999084472656,6468100
2008-09-10,13.405055046081545,24.14999961853028,24.780000686645508,23.11000061035156,23.86000061035156,4483900
2008-09-11,13.65483570098877,24.600000381469727,24.959999084472656,22.6299991607666,24.01000022888184,5179000
2008-09-12,13.793606758117676,24.850000381469727,25.25,22.940000534057617,24.600000381469727,3264000
2008-09-15,12.883281707763672,23.209999084472656,25.440000534057617,23.209999084472656,23.81999969482422,6057700
2008-09-16,13.443906784057615,24.21999931335449,24.57999992370605,22.270000457763672,22.89999961853028,5097600
2008-09-17,12.644600868225098,22.780000686645508,24.459999084472656,21.709999084472656,24.040000915527344,7826300
2008-09-18,13.299591064453123,23.959999084472656,24.530000686645508,18.96999931335449,24.450000762939453,11059100
2008-09-19,14.987013816833496,27.0,29.0,24.01000022888184,27.26000022888184,8889400
2008-09-22,13.532721519470217,24.3799991607666,26.170000076293945,22.64999961853028,25.82999992370605,5539100
2008-09-23,13.07200527191162,23.549999237060547,25.1200008392334,23.020000457763672,23.020000457763672,2311800
2008-09-24,13.282937049865724,23.93000030517578,24.8700008392334,23.46999931335449,23.530000686645508,2123000
2008-09-25,13.24407958984375,23.86000061035156,25.0,23.030000686645508,24.739999771118164,2506900
2008-09-26,14.065592765808104,25.34000015258789,26.39999961853028,22.200000762939453,23.57999992370605,3564700
2008-09-29,11.495591163635254,20.709999084472656,25.76000022888184,20.709999084472656,25.309999465942383,4158800
2008-09-30,11.645467758178713,20.979999542236328,22.020000457763672,20.690000534057617,21.200000762939453,3444000
2008-10-01,11.69542407989502,21.06999969482422,21.34000015258789,18.90999984741211,21.0,5196800
2008-10-02,11.478940963745115,20.68000030517578,21.700000762939453,19.89999961853028,20.34000015258789,3280800
2008-10-03,11.312419891357422,20.3799991607666,22.989999771118164,19.540000915527344,21.21999931335449,2508000
2008-10-06,11.495591163635254,20.709999084472656,21.100000381469727,16.190000534057617,19.96999931335449,4454300
2008-10-07,9.7138032913208,17.5,21.1200008392334,17.5,20.709999084472656,3068800
2008-10-08,8.964455604553223,16.149999618530273,18.0,15.600000381469728,17.030000686645508,3446300
2008-10-09,7.215970516204834,13.0,16.760000228881836,12.359999656677246,16.350000381469727,5961900
2008-10-10,7.937564849853516,14.300000190734863,15.109999656677246,11.859999656677246,12.609999656677246,10426600
2008-10-13,9.175385475158691,16.530000686645508,16.799999237060547,13.619999885559082,15.40999984741211,6486700
2008-10-14,9.419614791870115,16.969999313354492,19.239999771118164,16.770000457763672,17.110000610351562,5978300
2008-10-15,8.120741844177246,14.630000114440918,17.040000915527344,14.470000267028809,16.170000076293945,5265700
2008-10-16,8.26506233215332,14.890000343322754,15.229999542236328,12.300000190734863,14.829999923706056,6381400
2008-10-17,8.131844520568848,14.649999618530272,15.739999771118164,14.020000457763672,14.479999542236328,3259800
2008-10-20,8.237306594848633,14.84000015258789,15.09000015258789,14.229999542236328,14.3100004196167,2073600
2008-10-21,7.954220771789551,14.329999923706056,15.550000190734863,14.229999542236328,14.550000190734863,2224600
2008-10-22,6.899576663970947,12.43000030517578,13.979999542236328,12.1899995803833,13.979999542236328,4051100
2008-10-23,6.438866138458252,11.600000381469728,12.720000267028809,10.760000228881836,12.390000343322754,5555100
2008-10-24,6.177979946136475,11.130000114440918,11.850000381469728,10.199999809265137,10.670000076293944,3236200
2008-10-27,6.094718456268311,10.979999542236328,11.630000114440918,10.510000228881836,10.510000228881836,3437600
2008-10-28,7.804348468780518,14.0600004196167,14.0600004196167,11.0600004196167,11.130000114440918,6790600
2008-10-29,7.848759651184082,14.140000343322754,15.15999984741211,12.489999771118164,14.050000190734863,6886200
2008-10-30,7.976422309875488,14.369999885559082,15.539999961853027,14.09000015258789,14.470000267028809,5287500
2008-10-31,8.276164054870605,14.90999984741211,15.119999885559082,13.65999984741211,14.0600004196167,5361400
2008-11-03,8.031930923461914,14.470000267028809,14.920000076293944,14.199999809265137,14.739999771118164,2241800
2008-11-04,8.942251205444336,16.110000610351562,16.18000030517578,14.649999618530272,15.0,4708900
2008-11-05,8.092988014221191,14.579999923706056,16.59000015258789,14.43000030517578,15.779999732971191,3146700
2008-11-06,7.221522331237793,13.010000228881836,14.720000267028809,12.420000076293944,14.449999809265137,5023000
2008-11-07,7.865409374237059,14.170000076293944,14.220000267028809,13.0600004196167,13.079999923706056,2925200
2008-11-10,7.054998397827148,12.710000038146973,14.600000381469728,12.460000038146973,13.859999656677246,2393700
2008-11-11,6.988391399383545,12.59000015258789,13.0600004196167,11.920000076293944,12.539999961853027,2853500
2008-11-12,6.422211170196533,11.56999969482422,12.59000015258789,11.380000114440918,12.279999732971191,2777400
2008-11-13,7.349186897277832,13.239999771118164,13.3100004196167,11.020000457763672,11.770000457763672,5524900
2008-11-14,6.638692378997803,11.960000038146973,13.649999618530272,11.880000114440918,12.9399995803833,3383200
2008-11-17,6.00590705871582,10.81999969482422,12.09000015258789,10.779999732971191,11.920000076293944,4693400
2008-11-18,6.18908166885376,11.149999618530272,11.380000114440918,10.619999885559082,11.239999771118164,4580700
2008-11-19,5.489687442779541,9.890000343322754,11.210000038146973,9.720000267028809,11.149999618530272,4864000
2008-11-20,4.906861305236816,8.84000015258789,10.380000114440918,8.710000038146973,9.619999885559082,6272100
2008-11-21,5.139989852905273,9.260000228881836,9.5,8.350000381469727,8.920000076293945,5330300
2008-11-24,6.453044891357422,11.5,11.649999618530272,9.630000114440918,9.800000190734863,4518600
2008-11-25,6.2622599601745605,11.15999984741211,11.869999885559082,10.40999984741211,11.539999961853027,4623200
2008-11-26,6.946844100952148,12.380000114440918,12.420000076293944,10.420000076293944,10.420000076293944,3245000
2008-11-28,7.042236328125,12.550000190734863,12.800000190734863,12.050000190734863,12.369999885559082,1763000
2008-12-01,5.880688190460205,10.479999542236328,12.029999732971191,10.279999732971191,11.9399995803833,4695000
2008-12-02,6.396933555603027,11.399999618530272,11.479999542236328,10.289999961853027,11.050000190734863,4833300
2008-12-03,6.728002071380615,11.989999771118164,11.989999771118164,10.59000015258789,10.890000343322754,3260700
2008-12-04,6.453044891357422,11.5,12.529999732971191,10.630000114440918,11.300000190734863,4898100
2008-12-05,6.958066463470459,12.399999618530272,12.5,10.850000381469728,11.130000114440918,4155300
2008-12-08,7.507979393005371,13.380000114440918,14.140000343322754,12.550000190734863,12.800000190734863,4519400
2008-12-09,6.806559085845947,12.130000114440918,13.699999809265137,12.06999969482422,13.699999809265137,5147200
2008-12-10,7.1656880378723145,12.770000457763672,13.0,12.100000381469728,12.56999969482422,3106700
2008-12-11,6.71116828918457,11.960000038146973,13.210000038146973,11.880000114440918,12.619999885559082,4183300
2008-12-12,6.582106113433838,11.729999542236328,12.109999656677246,11.050000190734863,11.5,5161800
2008-12-15,6.385706424713135,11.380000114440918,12.020000457763672,11.130000114440918,11.920000076293944,2660500
2008-12-16,7.569703578948975,13.489999771118164,13.619999885559082,11.489999771118164,11.649999618530272,4835800
2008-12-17,7.418196678161621,13.220000267028809,13.699999809265137,12.609999656677246,12.84000015258789,4141000
2008-12-18,7.0310139656066895,12.529999732971191,13.40999984741211,12.399999618530272,13.220000267028809,3558100
2008-12-19,7.378915309906006,13.149999618530272,13.350000381469728,12.619999885559082,12.93000030517578,4523800
2008-12-22,7.350860118865967,13.100000381469728,13.229999542236328,12.770000457763672,13.18000030517578,3395300
2008-12-23,7.238634586334228,12.899999618530272,13.229999542236328,12.649999618530272,13.149999618530272,2329600
2008-12-24,7.384528636932373,13.15999984741211,13.199999809265137,12.739999771118164,13.029999732971191,617500
2008-12-26,7.350860118865967,13.100000381469728,13.3100004196167,12.75,13.220000267028809,1066100
2008-12-29,7.216187000274658,12.859999656677246,13.119999885559082,12.489999771118164,13.09000015258789,1496200
2008-12-30,7.7773237228393555,13.859999656677246,13.920000076293944,12.880000114440918,13.0,2414900
2008-12-31,8.102779388427734,14.4399995803833,14.579999923706056,13.779999732971191,13.90999984741211,2208900
2009-01-02,8.417016983032227,15.0,15.0,13.920000076293944,14.5,2633200
2009-01-05,7.917606353759766,14.109999656677246,14.989999771118164,14.020000457763672,14.739999771118164,4049400
2009-01-06,8.248676300048828,14.699999809265137,15.0,14.239999771118164,14.329999923706056,3675100
2009-01-07,7.749265193939209,13.8100004196167,14.520000457763672,13.710000038146973,14.229999542236328,3569000
2009-01-08,7.631427764892578,13.600000381469728,13.93000030517578,13.130000114440918,13.640000343322754,3361900
2009-01-09,7.60897970199585,13.5600004196167,14.050000190734863,13.270000457763672,13.630000114440918,3615700
2009-01-12,7.350860118865967,13.100000381469728,13.75,12.880000114440918,13.5,3873800
2009-01-13,7.418196678161621,13.220000267028809,13.390000343322754,12.649999618530272,12.859999656677246,3770900
2009-01-14,6.907562732696533,12.3100004196167,13.010000228881836,11.880000114440918,12.65999984741211,4460500
2009-01-15,6.958066463470459,12.399999618530272,13.279999732971191,11.699999809265137,12.170000076293944,5524200
2009-01-16,6.935619354248047,12.359999656677246,13.15999984741211,11.789999961853027,12.760000228881836,4654400
2009-01-20,6.234201431274414,11.109999656677246,12.710000038146973,11.0,11.720000267028809,4563600
2009-01-21,6.475493431091309,11.539999961853027,11.8100004196167,10.649999618530272,11.5,6601600
2009-01-22,6.2678751945495605,11.170000076293944,11.93000030517578,10.739999771118164,11.109999656677246,4084700
2009-01-23,6.677498817443848,11.899999618530272,12.029999732971191,10.40999984741211,10.850000381469728,3736600
2009-01-26,6.4418230056762695,11.479999542236328,12.449999809265137,11.140000343322754,12.329999923706056,3854000
2009-01-27,6.453044891357422,11.5,11.789999961853027,11.300000190734863,11.729999542236328,3213000
2009-01-28,7.317190647125244,13.039999961853027,13.289999961853027,11.600000381469728,13.289999961853027,5161500
2009-01-29,6.469877243041992,11.529999732971191,12.6899995803833,11.40999984741211,12.40999984741211,5574100
2009-01-30,6.615777015686035,11.789999961853027,12.31999969482422,11.210000038146973,11.649999618530272,5108200
2009-02-02,7.008567810058594,12.489999771118164,12.600000381469728,11.199999809265137,11.420000076293944,4182900
2009-02-03,6.918785572052002,12.329999923706056,12.56999969482422,11.970000267028809,12.40999984741211,3298400
2009-02-04,7.036624908447266,12.539999961853027,13.100000381469728,12.31999969482422,12.4399995803833,2348900
2009-02-05,7.687538146972656,13.699999809265137,14.130000114440918,12.140000343322754,12.399999618530272,5711500
2009-02-06,7.973720073699951,14.210000038146973,14.279999732971191,13.56999969482422,13.970000267028809,5227800
2009-02-09,7.827826499938965,13.949999809265137,14.479999542236328,13.640000343322754,14.479999542236328,2682700
2009-02-10,7.176907539367676,12.789999961853027,14.149999618530272,12.600000381469728,13.649999618530272,6859600
2009-02-11,7.552867412567139,13.460000038146973,13.529999732971191,12.75,13.140000343322754,2851300
2009-02-12,7.519199848175049,13.399999618530272,13.539999961853027,12.119999885559082,13.020000457763672,4406500
2009-02-13,7.4686994552612305,13.3100004196167,13.619999885559082,12.9399995803833,13.34000015258789,4686600
2009-02-17,7.064681529998779,12.59000015258789,12.899999618530272,11.420000076293944,11.420000076293944,5404800
2009-02-18,7.188133716583252,12.8100004196167,13.0,12.270000457763672,12.800000190734863,4411600
2009-02-19,6.896343231201172,12.289999961853027,13.149999618530272,12.260000228881836,12.789999961853027,5182800
2009-02-20,6.986122131347656,12.449999809265137,12.949999809265137,11.350000381469728,11.350000381469728,5413200
2009-02-23,6.2733683586120605,11.09000015258789,12.579999923706056,11.06999969482422,12.380000114440918,5852000
2009-02-24,7.161482810974121,12.65999984741211,12.6899995803833,11.079999923706056,11.079999923706056,6616900
2009-02-25,6.872988224029541,12.149999618530272,12.8100004196167,11.75,12.489999771118164,4842100
2009-02-26,6.929556369781494,12.25,12.65999984741211,11.829999923706056,12.390000343322754,5113400
2009-02-27,6.465699672698975,11.43000030517578,12.220000267028809,11.359999656677246,11.489999771118164,5697400
2009-03-02,5.939619541168213,10.5,11.579999923706056,10.350000381469728,11.18000030517578,6523900
2009-03-03,5.605868816375732,9.90999984741211,10.760000228881836,9.729999542236328,10.760000228881836,8005200
2009-03-04,5.928306579589844,10.479999542236328,10.8100004196167,9.5600004196167,9.5600004196167,6996700
2009-03-05,5.458792209625244,9.649999618530272,10.5,9.4399995803833,10.06999969482422,5117800
2009-03-06,5.560614109039307,9.829999923706056,10.109999656677246,9.369999885559082,9.989999771118164,7811100
2009-03-09,5.379598617553711,9.510000228881836,10.050000190734863,9.329999923706056,9.90999984741211,3965800
2009-03-10,6.307308197021484,11.149999618530272,11.149999618530272,9.34000015258789,9.369999885559082,6524800
2009-03-11,6.527926445007324,11.539999961853027,11.850000381469728,10.68000030517578,11.31999969482422,5320100
2009-03-12,7.127542495727539,12.600000381469728,12.609999656677246,10.9399995803833,10.9399995803833,7276600
2009-03-13,6.952182769775391,12.289999961853027,12.699999809265137,11.84000015258789,12.670000076293944,5354700
2009-03-16,6.590148448944092,11.649999618530272,12.770000457763672,11.579999923706056,12.6899995803833,5019900
2009-03-17,7.065316677093506,12.489999771118164,12.489999771118164,11.489999771118164,11.710000038146973,4417400
2009-03-18,7.483919620513916,13.229999542236328,13.229999542236328,11.710000038146973,12.210000038146973,6894100
2009-03-19,6.771166324615479,11.970000267028809,13.520000457763672,11.970000267028809,13.520000457763672,5859800
2009-03-20,6.986123085021973,12.350000381469728,12.5,11.800000190734863,12.229999542236328,8542600
2009-03-23,8.12313175201416,14.359999656677246,14.359999656677246,12.449999809265137,12.6899995803833,9334600
2009-03-24,7.744129180908203,13.6899995803833,14.4399995803833,13.109999656677246,13.109999656677246,7665000
2009-03-25,7.761102199554443,13.720000267028809,14.1899995803833,12.81999969482422,13.649999618530272,5686100
2009-03-26,8.287182807922363,14.649999618530272,14.880000114440918,13.34000015258789,14.079999923706056,6773200
2009-03-27,8.366375923156738,14.789999961853027,15.270000457763672,14.149999618530272,14.279999732971191,7658900
2009-03-30,7.376440525054932,13.039999961853027,14.220000267028809,12.989999771118164,14.220000267028809,6461300
2009-03-31,7.84029483795166,13.859999656677246,14.18000030517578,13.100000381469728,13.15999984741211,6523000
2009-04-01,8.241926193237305,14.56999969482422,14.670000076293944,13.449999809265137,13.579999923706056,5103400
2009-04-02,8.943365097045898,15.8100004196167,15.949999809265137,14.640000343322754,14.640000343322754,9647300
2009-04-03,8.982966423034668,15.880000114440918,16.0,14.9399995803833,15.800000190734863,5920600
2009-04-06,8.84720516204834,15.640000343322754,15.829999923706056,15.31999969482422,15.5,4486400
2009-04-07,8.162734985351562,14.43000030517578,15.489999771118164,14.43000030517578,15.489999771118164,5642700
2009-04-08,8.677497863769531,15.34000015258789,15.420000076293944,14.479999542236328,14.529999732971191,5936600
2009-04-09,9.33368968963623,16.5,17.270000457763672,15.619999885559082,16.06999969482422,9347100
2009-04-13,9.616527557373049,17.0,17.489999771118164,16.06999969482422,16.1200008392334,6327800
2009-04-14,8.852856636047363,15.649999618530272,16.8799991607666,15.649999618530272,16.559999465942383,5609800
2009-04-15,9.28843116760254,16.420000076293945,16.459999084472656,15.15999984741211,15.640000343322754,4553900
2009-04-16,9.220550537109377,16.299999237060547,16.6200008392334,15.699999809265137,16.540000915527344,6288400
2009-04-17,9.039533615112305,15.979999542236328,16.309999465942383,15.350000381469728,16.110000610351562,7074100
2009-04-20,8.15707778930664,14.420000076293944,15.93000030517578,14.420000076293944,15.1899995803833,5586500
2009-04-21,8.92074203491211,15.770000457763672,15.789999961853027,14.359999656677246,14.510000228881836,6661200
2009-04-22,8.751035690307617,15.470000267028809,16.25,14.93000030517578,15.220000267028809,6831800
2009-04-23,8.858518600463867,15.65999984741211,15.829999923706056,12.920000076293944,12.979999542236328,8102200
2009-04-24,8.30414867401123,14.68000030517578,15.75,14.210000038146973,15.75,7051400
2009-04-27,7.908177852630615,13.979999542236328,14.640000343322754,12.979999542236328,14.199999809265137,5235200
2009-04-28,7.693220615386963,13.600000381469728,14.100000381469728,13.56999969482422,13.890000343322754,4200500
2009-04-29,8.41728687286377,14.880000114440918,15.010000228881836,13.630000114440918,13.789999961853027,6014200
2009-04-30,8.326778411865234,14.720000267028809,15.460000038146973,14.609999656677246,15.06999969482422,4531900
2009-05-01,8.394662857055664,14.84000015258789,14.869999885559082,14.449999809265137,14.649999618530272,3718600
2009-05-04,9.062162399291992,16.020000457763672,16.350000381469727,14.710000038146973,14.90999984741211,8669000
2009-05-05,9.135697364807127,16.149999618530273,16.34000015258789,15.25,15.8100004196167,4121100
2009-05-06,9.401569366455078,16.6200008392334,16.760000228881836,15.6899995803833,16.760000228881836,4694700
2009-05-07,8.971652030944824,15.859999656677246,16.920000076293945,15.81999969482422,16.709999084472656,8559100
2009-05-08,9.469447135925291,16.739999771118164,16.920000076293945,15.779999732971191,16.079999923706055,7211600
2009-05-11,8.81891918182373,15.59000015258789,16.270000457763672,15.5,16.15999984741211,5900100
2009-05-12,8.637904167175293,15.270000457763672,15.8100004196167,14.789999961853027,15.15999984741211,6329300
2009-05-13,8.219298362731934,14.529999732971191,15.149999618530272,14.460000038146973,15.020000457763672,4816900
2009-05-14,8.50779914855957,15.039999961853027,15.06999969482422,14.0600004196167,14.529999732971191,3639300
2009-05-15,8.140107154846191,14.390000343322754,15.100000381469728,14.3100004196167,14.789999961853027,3963500
2009-05-18,8.876799583435059,15.579999923706056,15.720000267028809,14.520000457763672,14.770000457763672,4519400
2009-05-19,7.976584434509277,14.0,15.260000228881836,13.710000038146973,14.34000015258789,12213900
2009-05-20,8.335530281066895,14.630000114440918,14.93000030517578,14.359999656677246,14.619999885559082,27188500
2009-05-21,8.255765914916992,14.489999771118164,14.649999618530272,14.260000228881836,14.449999809265137,7205000
2009-05-22,8.358321189880371,14.670000076293944,14.970000267028809,14.270000457763672,14.59000015258789,4544200
2009-05-26,8.836918830871582,15.510000228881836,15.510000228881836,14.270000457763672,14.300000190734863,6700300
2009-05-27,8.346927642822266,14.649999618530272,15.470000267028809,14.579999923706056,15.420000076293944,5868500
2009-05-28,8.677384376525879,15.229999542236328,15.239999771118164,14.65999984741211,15.050000190734863,5369500
2009-05-29,8.916685104370117,15.649999618530272,15.649999618530272,14.93000030517578,15.300000190734863,5841000
2009-06-01,9.281327247619627,16.290000915527344,17.399999618530273,15.960000038146973,15.970000267028809,12090100
2009-06-02,9.782710075378418,17.170000076293945,17.329999923706055,16.190000534057617,16.31999969482422,5890200
2009-06-03,9.930851936340332,17.43000030517578,17.950000762939453,17.049999237060547,17.290000915527344,7535000
2009-06-04,10.170144081115724,17.850000381469727,17.979999542236328,17.329999923706055,17.84000015258789,6600800
2009-06-05,9.902360916137695,17.3799991607666,18.100000381469727,17.190000534057617,18.100000381469727,5975700
2009-06-08,10.010616302490234,17.56999969482422,17.610000610351562,16.90999984741211,17.260000228881836,3699100
2009-06-09,10.278402328491213,18.040000915527344,18.190000534057617,17.639999389648438,17.979999542236328,6045500
2009-06-10,10.284100532531738,18.049999237060547,18.21999931335449,17.6299991607666,18.13999938964844,5792500
2009-06-11,10.568973541259766,18.549999237060547,18.71999931335449,17.93000030517578,18.14999961853028,7252800
2009-06-12,10.671530723571776,18.729999542236328,18.729999542236328,18.11000061035156,18.549999237060547,3898400
2009-06-15,10.107474327087402,17.739999771118164,18.64999961853028,17.739999771118164,18.530000686645508,6028700
2009-06-16,9.85108470916748,17.290000915527344,17.959999084472656,17.059999465942383,17.860000610351562,7163500
2009-06-17,9.503531455993652,16.68000030517578,17.3700008392334,16.40999984741211,17.100000381469727,8189800
2009-06-18,9.549112319946287,16.760000228881836,16.81999969482422,16.5,16.670000076293945,4891400
2009-06-19,9.959342002868652,17.479999542236328,17.479999542236328,16.790000915527344,17.0,7240200
2009-06-22,9.150283813476562,16.059999465942383,17.34000015258789,16.059999465942383,17.25,6362400
2009-06-23,9.39527988433838,16.489999771118164,16.489999771118164,15.90999984741211,16.149999618530273,5334800
2009-06-24,9.697247505187988,17.020000457763672,17.239999771118164,16.510000228881836,16.639999389648438,3950800
2009-06-25,9.657368659973145,16.950000762939453,16.959999084472656,16.6299991607666,16.690000534057617,4595600
2009-06-26,10.044798851013184,17.6299991607666,17.770000457763672,16.760000228881836,17.040000915527344,6690700
2009-06-29,10.073291778564451,17.68000030517578,17.75,17.149999618530273,17.420000076293945,4269000
2009-06-30,10.153054237365724,17.81999969482422,17.959999084472656,17.209999084472656,17.469999313354492,4096000
2009-07-01,10.078991889953612,17.690000534057617,18.170000076293945,17.6200008392334,17.90999984741211,3191600
2009-07-02,9.560507774353027,16.780000686645508,17.489999771118164,16.780000686645508,17.209999084472656,3269300
2009-07-06,9.503531455993652,16.68000030517578,17.06999969482422,16.389999389648438,16.770000457763672,4293900
2009-07-07,9.321213722229004,16.360000610351562,16.979999542236328,16.31999969482422,16.68000030517578,2831900
2009-07-08,8.95656681060791,15.720000267028809,16.579999923706055,15.399999618530272,16.40999984741211,6555400
2009-07-09,9.19016933441162,16.1299991607666,16.309999465942383,15.920000076293944,16.280000686645508,3609500
2009-07-10,8.985053062438965,15.770000457763672,16.100000381469727,15.729999542236328,16.06999969482422,2919000
2009-07-13,9.72003936767578,17.059999465942383,17.059999465942383,15.890000343322754,15.920000076293944,4823400
2009-07-14,9.657368659973145,16.950000762939453,17.059999465942383,16.540000915527344,17.059999465942383,3288800
2009-07-15,10.164448738098145,17.84000015258789,18.07999992370605,16.899999618530273,17.059999465942383,5998700
2009-07-16,10.221424102783203,17.940000534057617,18.049999237060547,17.270000457763672,17.739999771118164,3995900
2009-07-17,10.153054237365724,17.81999969482422,17.950000762939453,17.479999542236328,17.93000030517578,2686800
2009-07-20,10.506303787231444,18.440000534057617,18.440000534057617,17.799999237060547,18.0,3288900
2009-07-21,10.608864784240724,18.6200008392334,18.81999969482422,18.350000381469727,18.5,3063300
2009-07-22,10.643043518066406,18.68000030517578,18.979999542236328,18.36000061035156,18.36000061035156,4294500
2009-07-23,11.1216402053833,19.520000457763672,19.670000076293945,18.5,18.809999465942383,6219800
2009-07-24,11.030478477478027,19.36000061035156,19.76000022888184,19.040000915527344,19.57999992370605,4743600
2009-07-27,10.984899520874023,19.280000686645508,20.3700008392334,19.06999969482422,19.200000762939453,7998300
2009-07-28,10.876643180847168,19.09000015258789,19.450000762939453,18.6200008392334,18.6200008392334,4934600
2009-07-29,10.73990535736084,18.850000381469727,19.13999938964844,18.739999771118164,19.1299991607666,3589300
2009-07-30,11.207100868225098,19.670000076293945,19.920000076293945,18.88999938964844,19.15999984741211,5091500
2009-07-31,11.252685546875,19.75,19.850000381469727,19.39999961853028,19.770000457763672,3992300
2009-08-03,11.275474548339844,19.790000915527344,20.39999961853028,19.63999938964844,20.270000457763672,4394600
2009-08-04,11.56035614013672,20.290000915527344,20.309999465942383,19.59000015258789,19.71999931335449,3706800
2009-08-05,11.543257713317873,20.26000022888184,20.280000686645508,19.549999237060547,20.200000762939453,4192800
2009-08-06,11.40651798248291,20.020000457763672,20.5,19.780000686645508,20.440000534057617,3123400
2009-08-07,11.691397666931152,20.520000457763672,20.549999237060547,19.93000030517578,20.239999771118164,5893800
2009-08-10,11.56035614013672,20.290000915527344,20.520000457763672,20.07999992370605,20.40999984741211,2931500
2009-08-11,11.457794189453123,20.11000061035156,20.530000686645508,19.979999542236328,20.21999931335449,4493000
2009-08-12,11.725584030151367,20.57999992370605,20.729999542236328,19.84000015258789,19.84000015258789,2947600
2009-08-13,11.816742897033691,20.739999771118164,20.780000686645508,20.280000686645508,20.68000030517578,3279100
2009-08-14,11.258381843566896,19.76000022888184,20.76000022888184,19.670000076293945,20.540000915527344,3354600
2009-08-17,10.738903045654297,18.75,19.5,18.690000534057617,19.09000015258789,4026000
2009-08-18,10.9221830368042,19.06999969482422,19.14999961853028,18.739999771118164,18.86000061035156,3499700
2009-08-19,10.88209056854248,19.0,19.049999237060547,18.700000762939453,18.86000061035156,1874000
2009-08-20,11.351738929748535,19.81999969482422,19.81999969482422,19.0,19.040000915527344,2680000
2009-08-21,11.598012924194336,20.25,20.32999992370605,19.700000762939453,20.020000457763672,3324200
2009-08-24,11.535017013549805,20.13999938964844,20.799999237060547,20.040000915527344,20.600000381469727,2966800
2009-08-25,11.758382797241213,20.530000686645508,20.63999938964844,20.020000457763672,20.350000381469727,5065800
2009-08-26,11.535017013549805,20.13999938964844,20.670000076293945,20.030000686645508,20.450000762939453,5859700
2009-08-27,11.77556610107422,20.559999465942383,20.600000381469727,19.90999984741211,20.049999237060547,4710600
2009-08-28,11.93593692779541,20.84000015258789,20.920000076293945,20.479999542236328,20.81999969482422,2803100
2009-08-31,11.884392738342283,20.75,20.770000457763672,20.479999542236328,20.549999237060547,3485400
2009-09-01,11.300190925598145,19.729999542236328,20.850000381469727,19.61000061035156,20.57999992370605,5607300
2009-09-02,11.43192195892334,19.959999084472656,20.229999542236328,19.26000022888184,19.63999938964844,4741500
2009-09-03,12.021845817565918,20.989999771118164,21.0,20.01000022888184,20.200000762939453,5440800
2009-09-04,12.399853706359863,21.64999961853028,22.46999931335449,20.809999465942383,21.01000022888184,9989400
2009-09-08,12.800776481628418,22.350000381469727,23.0,22.200000762939453,22.38999938964844,6051500
2009-09-09,13.173060417175291,23.0,23.0,22.479999542236328,22.799999237060547,5812100
2009-09-10,13.006963729858398,22.709999084472656,22.950000762939453,22.299999237060547,22.8799991607666,3710800
2009-09-11,12.829413414001465,22.39999961853028,22.84000015258789,22.36000061035156,22.780000686645508,3727900
2009-09-14,12.966867446899414,22.63999938964844,22.670000076293945,22.09000015258789,22.200000762939453,4046800
2009-09-15,12.926772117614746,22.56999969482422,22.71999931335449,22.21999931335449,22.700000762939453,3844600
2009-09-16,13.13296604156494,22.93000030517578,22.93000030517578,22.34000015258789,22.46999931335449,3812600
2009-09-17,13.064236640930176,22.809999465942383,23.38999938964844,22.709999084472656,22.89999961853028,3550100
2009-09-18,12.921051025390623,22.559999465942383,23.299999237060547,22.559999465942383,22.950000762939453,4174100
2009-09-21,12.852324485778809,22.440000534057617,22.68000030517578,22.07999992370605,22.100000381469727,4034300
2009-09-22,13.167328834533691,22.989999771118164,23.030000686645508,22.559999465942383,22.65999984741211,3247100
2009-09-23,12.772137641906738,22.299999237060547,23.1299991607666,22.239999771118164,22.940000534057617,4428700
2009-09-24,12.313942909240724,21.5,22.40999984741211,21.46999931335449,22.40999984741211,4113200
2009-09-25,12.021845817565918,20.989999771118164,21.450000762939453,20.8700008392334,21.25,4439400
2009-09-28,12.623224258422852,22.040000915527344,22.040000915527344,20.989999771118164,21.030000686645508,2682900
2009-09-29,12.657586097717283,22.100000381469727,22.3700008392334,21.81999969482422,22.040000915527344,3021000
2009-09-30,13.035600662231444,22.76000022888184,22.950000762939453,22.09000015258789,22.26000022888184,4485900
2009-10-01,12.480037689208984,21.790000915527344,22.959999084472656,21.729999542236328,22.75,6211500
2009-10-02,13.161601066589355,22.979999542236328,23.190000534057617,21.38999938964844,21.46999931335449,9999700
2009-10-05,13.459425926208496,23.5,23.5,22.770000457763672,23.190000534057617,5496200
2009-10-06,13.459425926208496,23.5,23.8799991607666,22.93000030517578,23.549999237060547,5007900
2009-10-07,13.510972023010254,23.59000015258789,23.59000015258789,22.93000030517578,23.39999961853028,3366000
2009-10-08,13.499516487121582,23.56999969482422,23.93000030517578,23.39999961853028,23.690000534057617,2946300
2009-10-09,13.636977195739746,23.809999465942383,23.89999961853028,23.3700008392334,23.520000457763672,2243400
2009-10-12,13.24178409576416,23.1200008392334,23.950000762939453,23.040000915527344,23.920000076293945,4306200
2009-10-13,13.006963729858398,22.709999084472656,23.489999771118164,22.690000534057617,23.059999465942383,3874000
2009-10-14,13.72862148284912,23.96999931335449,24.0,23.100000381469727,23.32999992370605,4638600
2009-10-15,13.230332374572754,23.100000381469727,23.489999771118164,22.81999969482422,23.270000457763672,5971800
2009-10-16,13.029869079589844,22.75,22.96999931335449,22.309999465942383,22.459999084472656,2995600
2009-10-19,13.24178409576416,23.1200008392334,23.229999542236328,22.739999771118164,22.88999938964844,3184400
2009-10-20,13.344879150390623,23.299999237060547,24.06999969482422,23.200000762939453,23.940000534057617,11738900
2009-10-21,13.052783966064451,22.790000915527344,23.540000915527344,22.71999931335449,23.190000534057617,6601600
2009-10-22,13.173060417175291,23.0,23.059999465942383,22.309999465942383,22.82999992370605,6117400
2009-10-23,12.80650234222412,22.36000061035156,23.100000381469727,22.14999961853028,23.01000022888184,7327800
2009-10-26,12.422765731811523,21.690000534057617,22.770000457763672,21.6200008392334,22.34000015258789,5581100
2009-10-27,12.199398040771484,21.299999237060547,21.8700008392334,21.209999084472656,21.75,5275200
2009-10-28,11.477741241455078,20.040000915527344,21.39999961853028,20.040000915527344,21.059999465942383,7167600
2009-10-29,12.365492820739746,21.59000015258789,21.600000381469727,20.200000762939453,20.299999237060547,10399900
2009-10-30,12.113483428955078,21.14999961853028,22.170000076293945,21.14999961853028,21.950000762939453,9452300
2009-11-02,12.439943313598633,21.71999931335449,21.89999961853028,21.25,21.520000457763672,6343900
2009-11-03,12.726317405700684,22.21999931335449,22.270000457763672,21.280000686645508,21.40999984741211,6323500
2009-11-04,12.869501113891602,22.46999931335449,22.81999969482422,22.09000015258789,22.450000762939453,6641900
2009-11-05,13.11005687713623,22.88999938964844,23.049999237060547,22.489999771118164,22.600000381469727,7991600
2009-11-06,13.224608421325684,23.09000015258789,23.1299991607666,22.43000030517578,22.540000915527344,2633000
2009-11-09,13.44224739074707,23.46999931335449,23.5,23.020000457763672,23.25,3846300
2009-11-10,13.247511863708496,23.1299991607666,23.6299991607666,23.06999969482422,23.299999237060547,4145000
2009-11-11,13.614066123962402,23.770000457763672,23.959999084472656,23.200000762939453,23.209999084472656,4482600
2009-11-12,13.522430419921877,23.61000061035156,23.940000534057617,23.479999542236328,23.700000762939453,3248500
2009-11-13,13.545336723327637,23.64999961853028,23.71999931335449,23.36000061035156,23.61000061035156,1958600
2009-11-16,13.656359672546388,23.739999771118164,24.0,23.549999237060547,23.86000061035156,2763700
2009-11-17,13.518304824829102,23.5,23.8700008392334,23.440000534057617,23.61000061035156,3066200
2009-11-18,13.380239486694336,23.26000022888184,23.5,23.01000022888184,23.43000030517578,2664700
2009-11-19,12.833757400512695,22.309999465942383,23.200000762939453,22.239999771118164,23.100000381469727,3569100
2009-11-20,12.712957382202148,22.100000381469727,22.459999084472656,21.8799991607666,22.07999992370605,3109900
2009-11-23,12.97181797027588,22.549999237060547,22.8799991607666,22.34000015258789,22.6299991607666,2527100
2009-11-24,13.069610595703123,22.71999931335449,22.76000022888184,22.309999465942383,22.489999771118164,2574400
2009-11-25,13.046601295471191,22.68000030517578,22.920000076293945,22.479999542236328,22.8700008392334,1573200
2009-11-27,12.471354484558104,21.68000030517578,22.239999771118164,21.1200008392334,21.920000076293945,1448400
2009-11-30,12.799246788024902,22.25,22.299999237060547,21.3700008392334,21.82999992370605,3303100
2009-12-01,12.776237487792969,22.209999084472656,22.459999084472656,21.90999984741211,22.21999931335449,3605100
2009-12-02,12.799246788024902,22.25,22.46999931335449,22.030000686645508,22.209999084472656,2259900
2009-12-03,12.546137809753418,21.809999465942383,22.450000762939453,21.780000686645508,22.26000022888184,2039700
2009-12-04,12.442588806152344,21.6299991607666,22.420000076293945,21.239999771118164,22.420000076293945,3962200
2009-12-07,12.25275707244873,21.299999237060547,21.61000061035156,21.14999961853028,21.5,2601800
2009-12-08,12.126203536987305,21.07999992370605,21.34000015258789,20.979999542236328,21.190000534057617,2846700
2009-12-09,12.362051963806152,21.489999771118164,21.520000457763672,20.88999938964844,21.209999084472656,2474500
2009-12-10,12.454099655151367,21.64999961853028,21.770000457763672,21.489999771118164,21.59000015258789,2755000
2009-12-11,12.350549697875977,21.46999931335449,21.76000022888184,21.229999542236328,21.56999969482422,2557300
2009-12-14,12.689943313598633,22.059999465942383,22.950000762939453,21.76000022888184,22.950000762939453,4454500
2009-12-15,12.546137809753418,21.809999465942383,22.170000076293945,21.729999542236328,22.0,2587600
2009-12-16,12.85102081298828,22.34000015258789,22.450000762939453,21.71999931335449,21.71999931335449,2304300
2009-12-17,12.517373085021973,21.76000022888184,22.299999237060547,21.75,22.18000030517578,2417600
2009-12-18,12.218242645263672,21.239999771118164,22.01000022888184,21.100000381469727,22.01000022888184,7463900
2009-12-21,12.920045852661133,22.459999084472656,22.709999084472656,21.25,21.39999961853028,5264300
2009-12-22,13.11562728881836,22.799999237060547,22.940000534057617,22.3799991607666,22.3799991607666,3093200
2009-12-23,13.29970645904541,23.1200008392334,23.13999938964844,22.68000030517578,22.89999961853028,1860100
2009-12-24,13.380239486694336,23.26000022888184,23.32999992370605,23.040000915527344,23.1200008392334,849000
2009-12-28,13.432010650634766,23.350000381469727,23.3700008392334,23.1299991607666,23.26000022888184,1496900
2009-12-29,13.385993957519531,23.270000457763672,23.43000030517578,23.13999938964844,23.350000381469727,2049900
2009-12-30,13.518304824829102,23.5,23.520000457763672,23.13999938964844,23.15999984741211,1847900
2009-12-31,13.512550354003906,23.489999771118164,23.61000061035156,23.38999938964844,23.40999984741211,1888600
2010-01-04,13.426260948181152,23.34000015258789,23.57999992370605,23.14999961853028,23.56999969482422,4254200
2010-01-05,13.50103759765625,23.46999931335449,23.549999237060547,23.229999542236328,23.309999465942383,2711400
2010-01-06,13.219171524047852,22.979999542236328,23.440000534057617,22.96999931335449,23.40999984741211,3562500
2010-01-07,13.259444236755373,23.049999237060547,23.100000381469727,22.770000457763672,22.93000030517578,2739000
2010-01-08,13.184659004211426,22.920000076293945,23.030000686645508,22.64999961853028,22.850000381469727,2378900
2010-01-11,13.593087196350098,23.6299991607666,23.700000762939453,22.979999542236328,22.979999542236328,2405000
2010-01-12,13.397499084472656,23.290000915527344,23.700000762939453,23.01000022888184,23.459999084472656,2053200
2010-01-13,13.449273109436035,23.3799991607666,23.68000030517578,23.14999961853028,23.450000762939453,3122000
2010-01-14,13.230677604675291,23.0,23.350000381469727,22.780000686645508,23.309999465942383,3551900
2010-01-15,13.063858032226562,22.709999084472656,22.989999771118164,22.489999771118164,22.799999237060547,2528600
2010-01-19,13.247937202453612,23.030000686645508,23.200000762939453,22.530000686645508,22.670000076293945,1990700
2010-01-20,12.891279220581056,22.40999984741211,22.89999961853028,22.26000022888184,22.89999961853028,2734500
2010-01-21,12.33904266357422,21.450000762939453,22.600000381469727,21.450000762939453,22.39999961853028,4307700
2010-01-22,11.982392311096191,20.82999992370605,21.65999984741211,20.76000022888184,21.46999931335449,4648400
2010-01-25,12.177982330322266,21.170000076293945,21.459999084472656,20.93000030517578,21.25,3708300
2010-01-26,11.694771766662598,20.32999992370605,21.040000915527344,20.31999969482422,20.84000015258789,4312800
2010-01-27,12.477106094360352,21.690000534057617,21.690000534057617,20.270000457763672,20.459999084472656,8292400
2010-01-28,11.625737190246582,20.209999084472656,21.84000015258789,20.040000915527344,21.84000015258789,10000600
2010-01-29,11.102265357971191,19.299999237060547,20.65999984741211,19.11000061035156,20.65999984741211,9763000
2010-02-01,11.533702850341797,20.049999237060547,20.1200008392334,19.26000022888184,19.290000915527344,6031500
2010-02-02,11.642992973327637,20.239999771118164,20.36000061035156,19.82999992370605,20.07999992370605,4188800
2010-02-03,11.25757884979248,19.56999969482422,20.290000915527344,19.450000762939453,19.979999542236328,3762000
2010-02-04,10.693842887878418,18.59000015258789,19.540000915527344,18.549999237060547,19.350000381469727,6453900
2010-02-05,10.688087463378906,18.57999992370605,19.100000381469727,17.739999771118164,18.780000686645508,8635300
2010-02-08,10.53852653503418,18.31999969482422,19.11000061035156,18.309999465942383,18.549999237060547,4827400
2010-02-09,10.705347061157228,18.61000061035156,19.170000076293945,18.51000022888184,18.65999984741211,7248200
2010-02-10,10.785879135131836,18.75,18.989999771118164,18.530000686645508,18.530000686645508,5659000
2010-02-11,10.647821426391602,18.51000022888184,18.780000686645508,18.31999969482422,18.780000686645508,5129100
2010-02-12,10.607550621032717,18.440000534057617,18.5,18.049999237060547,18.299999237060547,3609900
2010-02-16,11.010225296020508,19.13999938964844,19.15999984741211,18.520000457763672,18.709999084472656,3922700
2010-02-17,11.021732330322266,19.15999984741211,19.3799991607666,19.059999465942383,19.290000915527344,3683800
2010-02-18,11.211560249328612,19.489999771118164,19.540000915527344,19.049999237060547,19.21999931335449,3742300
2010-02-19,11.300043106079102,19.540000915527344,19.68000030517578,19.15999984741211,19.31999969482422,3372000
2010-02-22,11.346305847167969,19.6200008392334,19.770000457763672,19.450000762939453,19.6200008392334,3579700
2010-02-23,11.016676902770996,19.049999237060547,19.68000030517578,18.979999542236328,19.59000015258789,4224000
2010-02-24,11.30582332611084,19.549999237060547,19.6299991607666,19.1299991607666,19.170000076293945,4159200
2010-02-25,11.421483039855955,19.75,19.76000022888184,18.950000762939453,19.15999984741211,5183300
2010-02-26,11.334742546081545,19.600000381469727,19.90999984741211,19.46999931335449,19.86000061035156,4581100
2010-03-01,11.612327575683594,20.07999992370605,20.1200008392334,19.61000061035156,19.61000061035156,3452600
2010-03-02,11.756905555725098,20.32999992370605,20.3700008392334,19.89999961853028,20.020000457763672,3848100
2010-03-03,11.855216979980469,20.5,20.6200008392334,20.14999961853028,20.31999969482422,4240900
2010-03-04,12.092318534851074,20.90999984741211,20.959999084472656,20.3700008392334,20.3700008392334,3837900
2010-03-05,12.352556228637695,21.36000061035156,21.479999542236328,20.549999237060547,20.63999938964844,4802600
2010-03-08,12.190628051757812,21.07999992370605,21.209999084472656,20.76000022888184,21.020000457763672,3560300
2010-03-09,11.56027889251709,19.989999771118164,21.01000022888184,19.739999771118164,20.809999465942383,11493800
2010-03-10,11.548713684082031,19.96999931335449,20.31999969482422,19.850000381469727,20.06999969482422,6314000
2010-03-11,11.514012336730955,19.90999984741211,20.049999237060547,19.520000457763672,19.93000030517578,4899500
2010-03-12,11.780035972595217,20.3700008392334,20.420000076293945,20.059999465942383,20.1200008392334,6408700
2010-03-15,11.745339393615724,20.309999465942383,20.46999931335449,20.14999961853028,20.3700008392334,3773100
2010-03-16,11.96509075164795,20.690000534057617,20.709999084472656,20.25,20.31999969482422,3910800
2010-03-17,12.381470680236816,21.40999984741211,21.57999992370605,20.75,20.75,5801200
2010-03-18,12.242682456970217,21.170000076293945,21.459999084472656,21.020000457763672,21.440000534057617,4051100
2010-03-19,11.82629680633545,20.450000762939453,21.31999969482422,20.450000762939453,20.450000762939453,7994300
2010-03-22,11.947741508483888,20.65999984741211,20.709999084472656,20.21999931335449,20.32999992370605,4096300
2010-03-23,12.017142295837402,20.780000686645508,20.84000015258789,20.479999542236328,20.65999984741211,3141600
2010-03-24,11.895694732666016,20.56999969482422,20.739999771118164,20.229999542236328,20.65999984741211,3787000
2010-03-25,11.913047790527344,20.600000381469727,21.059999465942383,20.530000686645508,20.670000076293945,4963100
2010-03-26,12.184853553771973,21.06999969482422,21.290000915527344,20.64999961853028,20.850000381469727,5222300
2010-03-29,12.416162490844728,21.46999931335449,21.559999465942383,21.01000022888184,21.21999931335449,3625200
2010-03-30,12.554956436157228,21.709999084472656,21.799999237060547,21.459999084472656,21.459999084472656,4958600
2010-03-31,12.670620918273926,21.90999984741211,21.989999771118164,21.25,21.600000381469727,6420000
2010-04-01,12.774715423583984,22.09000015258789,22.350000381469727,21.89999961853028,22.11000061035156,5936700
2010-04-05,12.809414863586426,22.14999961853028,22.229999542236328,21.96999931335449,22.229999542236328,2917000
2010-04-06,13.104351997375488,22.65999984741211,22.709999084472656,21.959999084472656,22.020000457763672,6398000
2010-04-07,12.855679512023926,22.229999542236328,22.57999992370605,22.07999992370605,22.51000022888184,4284800
2010-04-08,12.763151168823242,22.06999969482422,22.170000076293945,21.950000762939453,22.13999938964844,3235800
2010-04-09,13.011820793151855,22.5,22.549999237060547,22.040000915527344,22.100000381469727,3190600
2010-04-12,12.786276817321776,22.11000061035156,22.600000381469727,22.040000915527344,22.39999961853028,5627200
2010-04-13,12.83833122253418,22.200000762939453,22.270000457763672,22.020000457763672,22.09000015258789,4674900
2010-04-14,13.104351997375488,22.65999984741211,22.670000076293945,22.14999961853028,22.25,3780900
2010-04-15,13.11591625213623,22.68000030517578,22.75,22.479999542236328,22.61000061035156,3214400
2010-04-16,12.60700798034668,21.799999237060547,22.690000534057617,21.729999542236328,22.540000915527344,5951400
2010-04-19,12.763151168823242,22.06999969482422,22.07999992370605,21.440000534057617,21.65999984741211,4005300
2010-04-20,13.029165267944336,22.530000686645508,22.600000381469727,21.989999771118164,22.25,3337300
2010-04-21,12.745797157287598,22.040000915527344,22.600000381469727,21.71999931335449,22.51000022888184,4020100
2010-04-22,12.740017890930176,22.030000686645508,22.09000015258789,21.450000762939453,21.82999992370605,2859100
2010-04-23,12.826760292053224,22.18000030517578,22.3700008392334,21.959999084472656,22.09000015258789,3095800
2010-04-26,12.479783058166504,21.57999992370605,22.190000534057617,21.540000915527344,22.1200008392334,5188400
2010-04-27,11.988219261169434,20.729999542236328,21.57999992370605,20.71999931335449,21.38999938964844,8136300
2010-04-28,12.4971342086792,21.61000061035156,22.89999961853028,21.479999542236328,21.84000015258789,15018700
2010-04-29,13.682649612426758,23.65999984741211,23.88999938964844,21.989999771118164,22.07999992370605,10028300
2010-04-30,13.295190811157228,22.989999771118164,23.61000061035156,22.93000030517578,23.61000061035156,7549700
2010-05-03,13.532294273376465,23.39999961853028,23.450000762939453,22.780000686645508,23.200000762939453,3985300
2010-05-04,13.01760196685791,22.51000022888184,23.01000022888184,22.350000381469727,22.76000022888184,4647400
2010-05-05,12.456649780273438,21.540000915527344,22.38999938964844,21.51000022888184,22.1200008392334,6813000
2010-05-06,12.069186210632324,20.8700008392334,22.01000022888184,18.489999771118164,21.5,10279200
2010-05-07,11.629676818847656,20.11000061035156,21.030000686645508,19.850000381469727,20.88999938964844,7478000
2010-05-10,12.445087432861328,21.520000457763672,21.600000381469727,20.190000534057617,20.799999237060547,4450400
2010-05-11,12.254241943359377,21.190000534057617,21.59000015258789,20.65999984741211,20.88999938964844,3687400
2010-05-12,12.63014030456543,21.84000015258789,21.950000762939453,21.170000076293945,21.450000762939453,4285400
2010-05-13,12.618575096130373,21.81999969482422,22.030000686645508,21.690000534057617,21.799999237060547,4592600
2010-05-14,12.040278434753418,20.81999969482422,21.57999992370605,20.530000686645508,21.56999969482422,5503300
2010-05-17,11.855216979980469,20.5,20.920000076293945,19.88999938964844,20.84000015258789,6783900
2010-05-18,11.479321479797363,19.850000381469727,20.989999771118164,19.670000076293945,20.739999771118164,6354800
2010-05-19,11.537150382995604,19.950000762939453,20.299999237060547,19.3700008392334,19.76000022888184,4858700
2010-05-20,10.804444313049316,18.57999992370605,19.190000534057617,18.3799991607666,19.1299991607666,10817900
2010-05-21,11.147533416748049,19.170000076293945,19.290000915527344,17.969999313354492,18.26000022888184,5091300
2010-05-24,10.74630069732666,18.479999542236328,19.489999771118164,18.450000762939453,19.209999084472656,4974900
2010-05-25,10.816078186035156,18.600000381469727,18.6299991607666,17.68000030517578,17.979999542236328,5390600
2010-05-26,10.705592155456545,18.40999984741211,19.0,18.34000015258789,18.86000061035156,5986200
2010-05-27,11.060311317443848,19.020000457763672,19.059999465942383,18.239999771118164,18.690000534057617,7678800
2010-05-28,10.79281520843506,18.559999465942383,19.020000457763672,18.350000381469727,19.020000457763672,5396400
2010-06-01,10.54858112335205,18.13999938964844,18.770000457763672,18.11000061035156,18.3799991607666,4640100
2010-06-02,10.961454391479492,18.850000381469727,18.86000061035156,17.969999313354492,18.299999237060547,6126100
2010-06-03,10.885859489440918,18.71999931335449,19.1299991607666,18.3700008392334,19.1299991607666,5441000
2010-06-04,10.374130249023438,17.84000015258789,18.420000076293945,17.770000457763672,18.1200008392334,7120900
2010-06-07,9.961254119873049,17.1299991607666,18.09000015258789,16.989999771118164,17.979999542236328,8051800
2010-06-08,10.379941940307615,17.850000381469727,17.899999618530273,17.1200008392334,17.200000762939453,8950600
2010-06-09,10.263641357421877,17.649999618530273,18.1200008392334,17.510000228881836,18.11000061035156,13145200
2010-06-10,10.740479469299316,18.46999931335449,18.479999542236328,17.81999969482422,17.899999618530273,6333600
2010-06-11,10.990530967712402,18.89999961853028,18.940000534057617,18.14999961853028,18.25,5508700
2010-06-14,11.00216007232666,18.920000076293945,19.309999465942383,18.700000762939453,19.020000457763672,7881500
2010-06-15,11.36850643157959,19.549999237060547,19.559999465942383,18.96999931335449,19.239999771118164,4285600
2010-06-16,11.321988105773926,19.46999931335449,19.690000534057617,19.290000915527344,19.40999984741211,4473400
2010-06-17,11.130091667175291,19.13999938964844,19.68000030517578,18.770000457763672,19.600000381469727,4456800
2010-06-18,11.17079734802246,19.209999084472656,19.5,19.01000022888184,19.5,5826000
2010-06-21,11.22313117980957,19.299999237060547,19.84000015258789,19.18000030517578,19.540000915527344,3661800
2010-06-22,10.961454391479492,18.850000381469727,19.450000762939453,18.82999992370605,19.229999542236328,3244000
2010-06-23,10.885859489440918,18.71999931335449,19.030000686645508,18.450000762939453,18.84000015258789,3036100
2010-06-24,10.40902042388916,17.899999618530273,18.68000030517578,17.84000015258789,18.559999465942383,3850800
2010-06-25,10.74630069732666,18.479999542236328,18.56999969482422,17.969999313354492,18.100000381469727,4869400
2010-06-28,10.717217445373535,18.43000030517578,18.6299991607666,18.09000015258789,18.479999542236328,3478100
2010-06-29,10.048483848571776,17.280000686645508,18.18000030517578,17.1200008392334,18.18000030517578,4008900
2010-06-30,9.786805152893066,16.829999923706055,17.600000381469727,16.799999237060547,17.149999618530273,4098200
2010-07-01,9.86240005493164,16.959999084472656,17.239999771118164,16.450000762939453,17.010000228881836,4515900
2010-07-02,9.67050075531006,16.6299991607666,17.40999984741211,16.3700008392334,17.190000534057617,3606600
2010-07-06,9.839140892028809,16.920000076293945,17.329999923706055,16.700000762939453,17.040000915527344,4242000
2010-07-07,10.240379333496094,17.610000610351562,17.65999984741211,16.940000534057617,16.989999771118164,3262700
2010-07-08,10.39738655090332,17.8799991607666,17.989999771118164,17.559999465942383,17.799999237060547,3885700
2010-07-09,10.79281520843506,18.559999465942383,18.6200008392334,17.75,17.809999465942383,3590600
2010-07-12,10.612547874450684,18.25,18.5,18.040000915527344,18.5,2087400
2010-07-13,11.298734664916992,19.43000030517578,19.530000686645508,18.489999771118164,18.489999771118164,7082800
2010-07-14,11.199872970581056,19.26000022888184,19.5,19.01000022888184,19.299999237060547,3209000
2010-07-15,11.164984703063965,19.200000762939453,19.40999984741211,18.71999931335449,19.3700008392334,2931500
2010-07-16,10.54858112335205,18.13999938964844,19.030000686645508,18.07999992370605,18.90999984741211,4025800
2010-07-19,10.612547874450684,18.25,18.350000381469727,17.84000015258789,18.15999984741211,2174800
2010-07-20,10.874228477478027,18.700000762939453,18.75,17.709999084472656,17.84000015258789,3181200
2010-07-21,10.64162254333496,18.299999237060547,19.030000686645508,18.25,19.030000686645508,3571700
2010-07-22,11.199872970581056,19.26000022888184,19.489999771118164,18.59000015258789,18.59000015258789,4362900
2010-07-23,11.310359001159668,19.450000762939453,19.8700008392334,18.959999084472656,19.190000534057617,5797000
2010-07-26,11.531330108642578,19.82999992370605,20.100000381469727,19.3700008392334,19.56999969482422,3589900
2010-07-27,11.31617546081543,19.459999084472656,20.01000022888184,19.25,19.90999984741211,3593400
2010-07-28,11.246389389038086,19.34000015258789,19.700000762939453,19.26000022888184,19.39999961853028,2431600
2010-07-29,11.420843124389648,19.63999938964844,19.979999542236328,19.239999771118164,19.59000015258789,2763000
2010-07-30,11.36269474029541,19.540000915527344,19.690000534057617,19.18000030517578,19.350000381469727,2484600
2010-08-02,11.699971199035645,20.1200008392334,20.14999961853028,19.489999771118164,19.959999084472656,4187900
2010-08-03,11.44410514831543,19.68000030517578,20.11000061035156,19.59000015258789,20.040000915527344,2531400
2010-08-04,11.461552619934082,19.709999084472656,19.8700008392334,19.3799991607666,19.46999931335449,2226000
2010-08-05,11.403403282165527,19.61000061035156,19.6299991607666,19.38999938964844,19.61000061035156,1466300
2010-08-06,11.234761238098145,19.31999969482422,19.670000076293945,19.01000022888184,19.31999969482422,2941900
2010-08-09,11.52551555633545,19.81999969482422,19.979999542236328,19.38999938964844,19.38999938964844,2187600
2010-08-10,11.52551555633545,19.81999969482422,19.979999542236328,19.38999938964844,19.520000457763672,2764600
2010-08-11,10.845149040222168,18.64999961853028,19.450000762939453,18.63999938964844,19.440000534057617,4457600
2010-08-12,10.734663963317873,18.459999084472656,18.6299991607666,18.229999542236328,18.26000022888184,2762800
2010-08-13,10.76374053955078,18.51000022888184,18.739999771118164,18.38999938964844,18.440000534057617,1580100
2010-08-16,10.787001609802246,18.549999237060547,18.690000534057617,18.280000686645508,18.38999938964844,1711500
2010-08-17,10.97889804840088,18.8799991607666,19.049999237060547,18.729999542236328,18.739999771118164,2499400
2010-08-18,11.054490089416504,19.01000022888184,19.14999961853028,18.709999084472656,18.90999984741211,2464000
2010-08-19,10.732806205749512,18.350000381469727,18.920000076293945,18.25,18.770000457763672,2578400
2010-08-20,10.820531845092772,18.5,18.57999992370605,18.1200008392334,18.14999961853028,2123700
2010-08-23,10.650918006896973,18.209999084472656,18.770000457763672,18.18000030517578,18.65999984741211,1822500
2010-08-24,10.282435417175291,17.579999923706055,18.030000686645508,17.549999237060547,17.90999984741211,3569700
2010-08-25,10.305830955505373,17.6200008392334,17.700000762939453,17.209999084472656,17.40999984741211,3010600
2010-08-26,10.481297492980955,17.920000076293945,18.26000022888184,17.68000030517578,17.75,3325100
2010-08-27,10.738649368286133,18.36000061035156,18.36000061035156,17.6299991607666,18.059999465942383,3134900
2010-08-30,10.627520561218262,18.170000076293945,18.440000534057617,18.06999969482422,18.26000022888184,3382800
2010-08-31,10.60997486114502,18.13999938964844,18.3799991607666,17.8700008392334,18.14999961853028,4538900
2010-09-01,11.112980842590332,19.0,19.030000686645508,18.31999969482422,18.459999084472656,4780600
2010-09-02,11.276755332946776,19.280000686645508,19.290000915527344,18.93000030517578,19.11000061035156,2539100
2010-09-03,11.55165195465088,19.75,19.84000015258789,19.280000686645508,19.56999969482422,3531900
2010-09-07,11.411279678344728,19.51000022888184,19.6299991607666,19.280000686645508,19.51000022888184,2860400
2010-09-08,11.615989685058594,19.86000061035156,20.030000686645508,19.559999465942383,19.61000061035156,2820500
2010-09-09,11.750518798828123,20.09000015258789,20.26000022888184,19.799999237060547,20.25,2408100
2010-09-10,11.750518798828123,20.09000015258789,20.13999938964844,19.90999984741211,20.059999465942383,1683700
2010-09-13,12.066361427307127,20.6299991607666,20.63999938964844,20.25,20.489999771118164,3150800
2010-09-14,12.025419235229492,20.559999465942383,20.75,20.38999938964844,20.520000457763672,2577800
2010-09-15,12.200884819030762,20.86000061035156,21.06999969482422,20.26000022888184,20.350000381469727,3783500
2010-09-16,12.288619995117188,21.01000022888184,21.049999237060547,20.75,20.780000686645508,2375900
2010-09-17,12.271073341369627,20.979999542236328,21.15999984741211,20.61000061035156,21.15999984741211,4225400
2010-09-20,12.633708000183104,21.600000381469727,21.64999961853028,21.07999992370605,21.09000015258789,3199800
2010-09-21,12.598612785339355,21.540000915527344,21.82999992370605,21.40999984741211,21.690000534057617,3379600
2010-09-22,12.598612785339355,21.540000915527344,21.90999984741211,21.440000534057617,21.59000015258789,5576200
2010-09-23,12.136545181274414,20.75,21.450000762939453,20.75,21.270000457763672,7650200
2010-09-24,12.809171676635742,21.89999961853028,21.920000076293945,21.09000015258789,21.09000015258789,4312500
2010-09-27,12.651252746582031,21.6299991607666,21.940000534057617,21.600000381469727,21.84000015258789,3137000
2010-09-28,12.674649238586426,21.670000076293945,21.84000015258789,21.34000015258789,21.76000022888184,2911700
2010-09-29,12.464086532592772,21.309999465942383,21.61000061035156,21.209999084472656,21.5,2731500
2010-09-30,12.417298316955566,21.229999542236328,22.030000686645508,21.21999931335449,21.6299991607666,4912700
2010-10-01,12.499185562133787,21.3700008392334,21.559999465942383,21.059999465942383,21.489999771118164,4435500
2010-10-04,12.317866325378418,21.059999465942383,21.549999237060547,20.8700008392334,21.290000915527344,2445800
2010-10-05,12.756534576416016,21.809999465942383,21.90999984741211,21.07999992370605,21.3700008392334,6108300
2010-10-06,12.8267183303833,21.93000030517578,21.959999084472656,21.61000061035156,21.71999931335449,4221200
2010-10-07,12.978796005249023,22.190000534057617,22.280000686645508,21.920000076293945,22.09000015258789,5772300
2010-10-08,13.10747241973877,22.40999984741211,22.6299991607666,22.01000022888184,22.31999969482422,4449000
2010-10-11,13.160113334655762,22.5,22.63999938964844,22.34000015258789,22.479999542236328,2669300
2010-10-12,13.125022888183594,22.440000534057617,22.71999931335449,22.21999931335449,22.459999084472656,5497900
2010-10-13,13.37652587890625,22.8700008392334,23.3700008392334,22.59000015258789,22.59000015258789,6746000
2010-10-14,13.417468070983888,22.940000534057617,23.100000381469727,22.76000022888184,22.82999992370605,5190600
2010-10-15,13.370676040649414,22.86000061035156,23.15999984741211,22.59000015258789,23.13999938964844,4566800
2010-10-18,13.446712493896484,22.989999771118164,23.01000022888184,21.75,22.600000381469727,3006100
2010-10-19,13.11917209625244,22.43000030517578,22.86000061035156,22.200000762939453,22.64999961853028,4721600
2010-10-20,13.253697395324709,22.65999984741211,23.0,22.5,22.51000022888184,3469100
2010-10-21,13.037283897399902,22.290000915527344,23.21999931335449,22.25,22.790000915527344,5747300
2010-10-22,13.054831504821776,22.31999969482422,22.6200008392334,22.209999084472656,22.3799991607666,3177200
2010-10-25,12.932003021240234,22.11000061035156,22.790000915527344,22.049999237060547,22.71999931335449,4418300
2010-10-26,13.078225135803224,22.36000061035156,22.40999984741211,21.850000381469727,21.979999542236328,3041800
2010-10-27,13.171813011169434,22.520000457763672,22.540000915527344,22.049999237060547,22.209999084472656,2489200
2010-10-28,13.142563819885254,22.46999931335449,22.780000686645508,22.36000061035156,22.780000686645508,2786100
2010-10-29,13.452561378479004,23.0,23.0,22.229999542236328,22.3799991607666,4525900
2010-11-01,13.37652587890625,22.8700008392334,23.209999084472656,22.6200008392334,23.18000030517578,2947400
2010-11-02,13.704066276550291,23.43000030517578,23.450000762939453,23.13999938964844,23.18000030517578,2936800
2010-11-03,13.67481803894043,23.3799991607666,23.57999992370605,22.739999771118164,23.43000030517578,3702100
2010-11-04,14.037453651428224,24.0,24.0,23.420000076293945,23.61000061035156,5069500
2010-11-05,14.177827835083008,24.239999771118164,24.3799991607666,23.850000381469727,23.979999542236328,4094600
2010-11-08,13.78594970703125,23.56999969482422,24.14999961853028,23.489999771118164,24.07999992370605,3260200
2010-11-09,13.569538116455078,23.200000762939453,23.670000076293945,23.1299991607666,23.61000061035156,3528800
2010-11-10,13.037283897399902,22.290000915527344,22.38999938964844,21.8799991607666,21.89999961853028,24083800
2010-11-11,13.130866050720217,22.450000762939453,22.739999771118164,21.86000061035156,22.01000022888184,7964900
2010-11-12,12.94370174407959,22.1299991607666,22.46999931335449,21.959999084472656,22.25,4456200
2010-11-15,12.972946166992188,22.18000030517578,22.56999969482422,21.989999771118164,22.280000686645508,3599800
2010-11-16,12.686346054077148,21.690000534057617,22.049999237060547,21.559999465942383,21.96999931335449,5566700
2010-11-17,12.64519500732422,21.51000022888184,21.71999931335449,21.450000762939453,21.600000381469727,4118300
2010-11-18,12.821560859680176,21.809999465942383,22.049999237060547,21.770000457763672,21.82999992370605,3529100
2010-11-19,12.89210605621338,21.93000030517578,21.950000762939453,21.56999969482422,21.89999961853028,2893200
2010-11-22,12.762772560119627,21.709999084472656,21.84000015258789,21.489999771118164,21.82999992370605,2874800
2010-11-23,12.43944263458252,21.15999984741211,21.40999984741211,21.020000457763672,21.36000061035156,4029700
2010-11-24,12.903863906860352,21.950000762939453,21.950000762939453,21.26000022888184,21.299999237060547,4711800
2010-11-26,12.762772560119627,21.709999084472656,21.8700008392334,21.43000030517578,21.56999969482422,1371700
2010-11-29,12.751015663146973,21.690000534057617,21.780000686645508,21.290000915527344,21.489999771118164,2722100
2010-11-30,12.780406951904297,21.739999771118164,21.920000076293945,21.38999938964844,21.38999938964844,4566800
2010-12-01,13.203676223754885,22.459999084472656,22.479999542236328,21.989999771118164,22.0,4359700
2010-12-02,13.44470500946045,22.8700008392334,22.940000534057617,22.420000076293945,22.450000762939453,4252400
2010-12-03,13.5152587890625,22.989999771118164,23.09000015258789,22.68000030517578,22.790000915527344,3938200
2010-12-06,13.415310859680176,22.81999969482422,22.979999542236328,22.670000076293945,22.8799991607666,3115600
2010-12-07,13.509370803833008,22.979999542236328,23.38999938964844,22.940000534057617,23.06999969482422,5946100
2010-12-08,13.56816291809082,23.07999992370605,23.18000030517578,22.709999084472656,22.96999931335449,5180500
2010-12-09,13.621071815490724,23.170000076293945,23.350000381469727,23.01000022888184,23.270000457763672,5055200
2010-12-10,13.656339645385742,23.229999542236328,23.38999938964844,22.8799991607666,23.190000534057617,4322900
2010-12-13,13.538768768310549,23.030000686645508,23.309999465942383,22.920000076293945,23.280000686645508,2842600
2010-12-14,13.421194076538086,22.82999992370605,23.170000076293945,22.68000030517578,23.100000381469727,2549300
2010-12-15,13.309496879577637,22.63999938964844,23.07999992370605,22.600000381469727,22.75,3861500
2010-12-16,13.29185676574707,22.61000061035156,22.729999542236328,22.39999961853028,22.729999542236328,2582600
2010-12-17,13.391798973083496,22.780000686645508,22.89999961853028,22.549999237060547,22.64999961853028,4763500
2010-12-20,13.415310859680176,22.81999969482422,23.040000915527344,22.549999237060547,23.020000457763672,2232600
2010-12-21,13.867977142333984,23.59000015258789,23.6200008392334,22.920000076293945,22.920000076293945,4585300
2010-12-22,13.962035179138184,23.75,23.90999984741211,23.6200008392334,23.670000076293945,3305700
2010-12-23,13.92088508605957,23.68000030517578,23.75,23.51000022888184,23.670000076293945,1391700
2010-12-27,13.944401741027832,23.71999931335449,23.71999931335449,23.459999084472656,23.51000022888184,1116900
2010-12-28,13.92088508605957,23.68000030517578,23.799999237060547,23.46999931335449,23.76000022888184,1615100
2010-12-29,13.956157684326172,23.739999771118164,23.86000061035156,23.6299991607666,23.76000022888184,1044000
2010-12-30,13.915010452270508,23.670000076293945,23.790000915527344,23.46999931335449,23.64999961853028,1329000
2010-12-31,14.144275665283203,24.059999465942383,24.34000015258789,23.600000381469727,23.63999938964844,3101500
2011-01-03,14.379425048828123,24.459999084472656,24.71999931335449,24.239999771118164,24.239999771118164,5164600
2011-01-04,14.350029945373535,24.40999984741211,24.540000915527344,24.1299991607666,24.38999938964844,5388300
2011-01-05,14.338282585144045,24.38999938964844,24.450000762939453,24.190000534057617,24.200000762939453,6230200
2011-01-06,14.314766883850098,24.350000381469727,24.51000022888184,24.190000534057617,24.450000762939453,4235200
2011-01-07,14.303006172180176,24.32999992370605,24.5,23.959999084472656,24.479999542236328,4880900
2011-01-10,14.25597858428955,24.25,24.39999961853028,23.940000534057617,24.290000915527344,5082000
2011-01-11,14.555791854858398,24.76000022888184,25.07999992370605,24.39999961853028,24.459999084472656,7432300
2011-01-12,14.62633228302002,24.8799991607666,24.93000030517578,24.34000015258789,24.65999984741211,6904100
2011-01-13,14.538151741027832,24.729999542236328,24.780000686645508,24.40999984741211,24.64999961853028,6584800
2011-01-14,14.696880340576172,25.0,25.18000030517578,24.549999237060547,24.729999542236328,5447600
2011-01-18,14.685117721557615,24.979999542236328,25.049999237060547,24.68000030517578,24.690000534057617,6153300
2011-01-19,14.455853462219238,24.59000015258789,25.190000534057617,24.51000022888184,25.0,4612900
2011-01-20,14.06197738647461,23.920000076293945,24.670000076293945,23.90999984741211,24.559999465942383,6368100
2011-01-21,14.06197738647461,23.920000076293945,24.39999961853028,23.81999969482422,24.239999771118164,5042000
2011-01-24,14.173673629760742,24.11000061035156,24.280000686645508,23.729999542236328,23.93000030517578,3033700
2011-01-25,14.050215721130373,23.89999961853028,24.190000534057617,23.670000076293945,24.059999465942383,4347900
2011-01-26,13.97379207611084,23.770000457763672,24.040000915527344,23.63999938964844,24.040000915527344,5292000
2011-01-27,14.596942901611328,24.82999992370605,24.989999771118164,23.86000061035156,24.229999542236328,7951000
2011-01-28,14.497003555297852,24.65999984741211,25.61000061035156,24.600000381469727,25.479999542236328,10372000
2011-01-31,14.544034957885742,24.739999771118164,24.809999465942383,24.43000030517578,24.670000076293945,6384300
2011-02-01,14.879125595092772,25.309999465942383,25.34000015258789,24.65999984741211,24.89999961853028,5600400
2011-02-02,14.685117721557615,24.979999542236328,25.290000915527344,24.950000762939453,25.07999992370605,3087700
2011-02-03,14.702762603759766,25.01000022888184,25.049999237060547,24.68000030517578,24.88999938964844,2905200
2011-02-04,14.932031631469728,25.39999961853028,25.450000762939453,24.89999961853028,25.09000015258789,3478000
2011-02-07,15.049605369567873,25.600000381469727,25.920000076293945,25.39999961853028,25.450000762939453,2900400
2011-02-08,14.926149368286133,25.38999938964844,25.709999084472656,25.239999771118164,25.700000762939453,3382200
2011-02-09,14.755671501159668,25.100000381469727,25.40999984741211,24.959999084472656,25.299999237060547,2997300
2011-02-10,14.84384536743164,25.25,25.270000457763672,24.86000061035156,25.200000762939453,4036200
2011-02-11,15.137784004211426,25.75,25.989999771118164,25.01000022888184,25.11000061035156,3920900
2011-02-14,15.296509742736816,26.020000457763672,26.030000686645508,25.57999992370605,25.770000457763672,2350000
2011-02-15,15.578694343566896,26.5,26.549999237060547,25.86000061035156,25.86000061035156,4842800
2011-02-16,16.072507858276367,27.34000015258789,27.38999938964844,26.57999992370605,26.57999992370605,6810100
2011-02-17,16.119539260864258,27.420000076293945,27.450000762939453,27.170000076293945,27.190000534057617,7135900
2011-02-18,16.143150329589844,27.350000381469727,27.5,27.21999931335449,27.440000534057617,4865300
2011-02-22,15.428956985473633,26.13999938964844,27.1200008392334,26.09000015258789,26.93000030517578,5519900
2011-02-23,15.18105411529541,25.71999931335449,26.43000030517578,25.36000061035156,26.170000076293945,5316100
2011-02-24,15.127924919128418,25.6299991607666,25.850000381469727,25.239999771118164,25.63999938964844,4921700
2011-02-25,15.582417488098145,26.39999961853028,26.479999542236328,25.75,25.809999465942383,3889600
2011-02-28,15.842119216918944,26.84000015258789,26.959999084472656,26.270000457763672,26.34000015258789,5646900
2011-03-01,15.316811561584473,25.950000762939453,26.940000534057617,25.81999969482422,26.790000915527344,5128100
2011-03-02,15.41124439239502,26.11000061035156,26.170000076293945,25.38999938964844,25.84000015258789,5439600
2011-03-03,16.07232093811035,27.229999542236328,27.280000686645508,26.36000061035156,26.43000030517578,4737900
2011-03-04,15.700469970703123,26.600000381469727,27.190000534057617,26.3700008392334,27.18000030517578,3515900
2011-03-07,15.45846939086914,26.190000534057617,26.8700008392334,26.040000915527344,26.670000076293945,2556700
2011-03-08,15.670953750610352,26.549999237060547,26.709999084472656,26.0,26.209999084472656,2908200
2011-03-09,15.641441345214844,26.5,26.86000061035156,26.239999771118164,26.5,3685400
2011-03-10,15.122035026550291,25.6200008392334,26.200000762939453,25.479999542236328,26.09000015258789,3768800
2011-03-11,15.251882553100586,25.84000015258789,25.920000076293945,25.25,25.420000076293945,2596500
2011-03-14,15.00398063659668,25.420000076293945,25.790000915527344,25.270000457763672,25.450000762939453,5210800
2011-03-15,14.702961921691896,24.90999984741211,25.059999465942383,24.21999931335449,24.709999084472656,4632800
2011-03-16,14.218957901000977,24.09000015258789,24.940000534057617,23.8700008392334,24.81999969482422,5673300
2011-03-17,14.567200660705566,24.68000030517578,24.8700008392334,24.350000381469727,24.6299991607666,3246600
2011-03-18,14.66754150390625,24.850000381469727,25.200000762939453,24.59000015258789,25.030000686645508,4746300
2011-03-21,15.02169132232666,25.450000762939453,25.479999542236328,24.979999542236328,25.270000457763672,3929100
2011-03-22,14.9685697555542,25.36000061035156,25.600000381469727,25.15999984741211,25.39999961853028,2535100
2011-03-23,15.009883880615234,25.43000030517578,25.440000534057617,24.8799991607666,25.21999931335449,2605100
2011-03-24,15.305006980895996,25.93000030517578,25.989999771118164,25.350000381469727,25.68000030517578,3074100
2011-03-25,15.122035026550291,25.6200008392334,26.06999969482422,25.6200008392334,25.96999931335449,2529200
2011-03-28,14.974472045898438,25.3700008392334,25.809999465942383,25.3700008392334,25.61000061035156,2501000
2011-03-29,15.027587890625,25.459999084472656,25.479999542236328,25.049999237060547,25.290000915527344,2820100
2011-03-30,15.10432243347168,25.59000015258789,26.020000457763672,25.540000915527344,25.6299991607666,4796700
2011-03-31,15.086613655090332,25.559999465942383,25.57999992370605,25.18000030517578,25.46999931335449,4069600
2011-04-01,15.346318244934082,26.0,26.020000457763672,25.709999084472656,25.84000015258789,3985100
2011-04-04,15.32861042022705,25.96999931335449,26.059999465942383,25.770000457763672,25.96999931335449,2786900
2011-04-05,15.19876194000244,25.75,25.89999961853028,25.6299991607666,25.84000015258789,1872700
2011-04-06,15.19876194000244,25.75,26.0,25.350000381469727,25.950000762939453,3550800
2011-04-07,15.222372055053713,25.790000915527344,25.940000534057617,25.549999237060547,25.709999084472656,2934700
2011-04-08,15.305006980895996,25.93000030517578,26.030000686645508,25.690000534057617,25.920000076293945,3801200
2011-04-11,15.033489227294922,25.46999931335449,26.020000457763672,25.36000061035156,25.84000015258789,2261000
2011-04-12,14.66163730621338,24.84000015258789,25.36000061035156,24.700000762939453,25.31999969482422,3776900
2011-04-13,14.514078140258787,24.59000015258789,25.07999992370605,24.520000457763672,25.030000686645508,2805600
2011-04-14,14.50817584991455,24.57999992370605,24.63999938964844,24.239999771118164,24.350000381469727,3858300
2011-04-15,14.744270324707031,24.979999542236328,25.030000686645508,24.61000061035156,24.71999931335449,3807500
2011-04-18,14.419645309448242,24.43000030517578,24.57999992370605,24.1299991607666,24.559999465942383,2751700
2011-04-19,14.366519927978516,24.34000015258789,24.559999465942383,24.34000015258789,24.479999542236328,3971900
2011-04-20,14.573101997375488,24.690000534057617,24.90999984741211,24.57999992370605,24.780000686645508,4191700
2011-04-21,14.638032913208008,24.799999237060547,24.90999984741211,24.520000457763672,24.790000915527344,4002900
2011-04-25,14.519983291625977,24.600000381469727,24.65999984741211,24.36000061035156,24.64999961853028,2595800
2011-04-26,14.66754150390625,24.850000381469727,25.06999969482422,24.59000015258789,24.64999961853028,3521700
2011-04-27,14.649831771850586,24.81999969482422,24.90999984741211,23.96999931335449,24.809999465942383,7086200
2011-04-28,14.738369941711426,24.96999931335449,24.989999771118164,24.40999984741211,24.71999931335449,4864200
2011-04-29,14.679348945617676,24.8700008392334,25.06999969482422,24.81999969482422,24.959999084472656,4333900
2011-05-02,14.844610214233398,25.14999961853028,25.32999992370605,25.0,25.059999465942383,3943200
2011-05-03,14.791492462158203,25.059999465942383,25.299999237060547,24.809999465942383,25.059999465942383,5458000
2011-05-04,14.502276420593262,24.56999969482422,25.239999771118164,24.440000534057617,25.01000022888184,4377900
2011-05-05,14.24846649169922,24.13999938964844,24.420000076293945,24.020000457763672,24.3700008392334,4474600
2011-05-06,14.325203895568848,24.270000457763672,24.96999931335449,24.11000061035156,24.57999992370605,4111300
2011-05-09,14.407833099365234,24.40999984741211,24.450000762939453,24.1299991607666,24.25,2247900
2011-05-10,14.46095848083496,24.5,24.65999984741211,24.280000686645508,24.549999237060547,4387500
2011-05-11,14.484570503234863,24.540000915527344,24.82999992370605,24.209999084472656,24.43000030517578,5610000
2011-05-12,14.874125480651855,25.200000762939453,25.25,24.34000015258789,24.5,6222600
2011-05-13,14.761982917785645,25.01000022888184,25.459999084472656,24.93000030517578,25.190000534057617,7044400
2011-05-16,14.54359245300293,24.63999938964844,25.21999931335449,24.6299991607666,24.89999961853028,4209800
2011-05-17,14.348810195922852,24.309999465942383,24.600000381469727,24.07999992370605,24.520000457763672,5342000
2011-05-18,14.647211074829102,24.690000534057617,24.770000457763672,24.14999961853028,24.25,3071000
2011-05-19,14.641280174255373,24.68000030517578,25.100000381469727,24.540000915527344,24.89999961853028,7319800
2011-05-20,14.831121444702148,25.0,25.09000015258789,24.46999931335449,24.46999931335449,6975300
2011-05-23,14.409919738769531,24.290000915527344,24.63999938964844,24.239999771118164,24.600000381469727,4136400
2011-05-24,14.261603355407717,24.040000915527344,24.40999984741211,23.89999961853028,24.31999969482422,4052500
2011-05-25,14.243804931640623,24.01000022888184,24.170000076293945,23.75,23.82999992370605,3951200
2011-05-26,14.374319076538086,24.229999542236328,24.350000381469727,23.57999992370605,23.89999961853028,4974400
2011-05-27,14.43364715576172,24.32999992370605,24.420000076293945,24.0,24.3799991607666,2518300
2011-05-31,14.635345458984377,24.670000076293945,24.700000762939453,24.39999961853028,24.6200008392334,4956900
2011-06-01,13.941251754760742,23.5,24.56999969482422,23.479999542236328,24.549999237060547,5547400
2011-06-02,13.970911026000977,23.549999237060547,23.64999961853028,23.299999237060547,23.479999542236328,3437800
2011-06-03,13.68022346496582,23.059999465942383,23.450000762939453,23.020000457763672,23.11000061035156,3981200
2011-06-06,13.377668380737305,22.549999237060547,23.190000534057617,22.5,23.040000915527344,3218300
2011-06-07,13.514119148254396,22.780000686645508,22.96999931335449,22.489999771118164,22.739999771118164,4008200
2011-06-08,13.466657638549805,22.700000762939453,22.940000534057617,22.600000381469727,22.71999931335449,3646500
2011-06-09,13.745481491088867,23.170000076293945,23.229999542236328,22.700000762939453,22.75,2906500
2011-06-10,13.60903263092041,22.940000534057617,23.18000030517578,22.71999931335449,23.06999969482422,4872800
2011-06-13,13.620901107788086,22.959999084472656,23.229999542236328,22.76000022888184,22.989999771118164,3674100
2011-06-14,13.798873901367188,23.26000022888184,23.479999542236328,23.1299991607666,23.25,5425900
2011-06-15,13.59123992919922,22.90999984741211,23.270000457763672,22.6200008392334,23.06999969482422,4344700
2011-06-16,13.64462661743164,23.0,23.21999931335449,22.770000457763672,22.8799991607666,3524600
2011-06-17,13.668354988098145,23.040000915527344,23.38999938964844,22.93000030517578,23.270000457763672,5236700
2011-06-20,13.709885597229004,23.11000061035156,23.13999938964844,22.8799991607666,22.950000762939453,3020200
2011-06-21,13.864130020141602,23.3700008392334,23.6200008392334,23.25,23.280000686645508,4525500
2011-06-22,13.692089080810549,23.07999992370605,23.459999084472656,23.059999465942383,23.309999465942383,3175800
2011-06-23,13.436992645263672,22.64999961853028,22.790000915527344,22.25,22.690000534057617,5146500
2011-06-24,13.003923416137695,21.920000076293945,22.76000022888184,21.920000076293945,22.68000030517578,7196500
2011-06-27,13.241222381591797,22.31999969482422,22.40999984741211,21.96999931335449,21.96999931335449,4252800
2011-06-28,13.472588539123535,22.709999084472656,22.84000015258789,22.3700008392334,22.420000076293945,3747900
2011-06-29,13.858198165893556,23.36000061035156,23.420000076293945,22.8700008392334,22.88999938964844,4454300
2011-06-30,13.88192653656006,23.39999961853028,23.540000915527344,23.18000030517578,23.450000762939453,3467900
2011-07-01,13.976840019226074,23.559999465942383,23.6299991607666,23.21999931335449,23.350000381469727,5285900
2011-07-05,13.88192653656006,23.39999961853028,23.549999237060547,23.290000915527344,23.479999542236328,3695700
2011-07-06,13.81074047088623,23.280000686645508,23.38999938964844,23.11000061035156,23.32999992370605,2958200
2011-07-07,14.178544044494627,23.89999961853028,24.040000915527344,23.51000022888184,23.63999938964844,5628700
2011-07-08,13.982776641845703,23.56999969482422,23.65999984741211,23.40999984741211,23.540000915527344,4600600
2011-07-11,13.371736526489258,22.540000915527344,23.34000015258789,22.479999542236328,23.14999961853028,3415400
2011-07-12,13.170035362243652,22.200000762939453,22.600000381469727,22.200000762939453,22.440000534057617,4571900
2011-07-13,13.454792022705078,22.68000030517578,22.959999084472656,22.299999237060547,22.32999992370605,5346700
2011-07-14,13.247154235839844,22.32999992370605,22.809999465942383,22.200000762939453,22.75,2948700
2011-07-15,13.16409969329834,22.190000534057617,22.51000022888184,21.90999984741211,22.5,4275200
2011-07-18,12.713233947753906,21.43000030517578,22.1200008392334,21.290000915527344,22.09000015258789,6818600
2011-07-19,12.986128807067873,21.88999938964844,21.979999542236328,21.46999931335449,21.59000015258789,4164400
2011-07-20,12.95646858215332,21.84000015258789,22.07999992370605,21.799999237060547,22.06999969482422,2949100
2011-07-21,13.431057929992676,22.63999938964844,22.709999084472656,22.059999465942383,22.1200008392334,5256100
2011-07-22,13.472588539123535,22.709999084472656,22.770000457763672,22.450000762939453,22.63999938964844,2295400
2011-07-25,13.401400566101074,22.59000015258789,22.690000534057617,22.280000686645508,22.43000030517578,3774500
2011-07-26,13.668354988098145,23.040000915527344,23.520000457763672,22.780000686645508,22.8700008392334,5754400
2011-07-27,13.205623626708984,22.26000022888184,22.93000030517578,22.18000030517578,22.84000015258789,5309500
2011-07-28,13.270886421203612,22.3700008392334,22.81999969482422,22.200000762939453,22.26000022888184,3834500
2011-07-29,13.158166885375977,22.18000030517578,22.549999237060547,21.799999237060547,22.040000915527344,4673900
2011-08-01,13.158166885375977,22.18000030517578,22.61000061035156,21.8799991607666,22.530000686645508,3413000
2011-08-02,12.535259246826172,21.1299991607666,22.270000457763672,21.1299991607666,21.93000030517578,6139900
2011-08-03,12.701372146606444,21.40999984741211,21.46999931335449,20.84000015258789,21.15999984741211,4111700
2011-08-04,11.829302787780762,19.940000534057617,21.170000076293945,19.920000076293945,20.989999771118164,7668900
2011-08-05,11.603869438171388,19.559999465942383,20.3700008392334,19.030000686645508,20.25,7937400
2011-08-08,10.043636322021484,16.93000030517578,19.32999992370605,16.84000015258789,18.89999961853028,12668100
2011-08-09,11.087745666503906,18.690000534057617,18.700000762939453,17.139999389648438,17.479999542236328,10264500
2011-08-10,9.859726905822754,16.6200008392334,18.26000022888184,16.579999923706055,18.06999969482422,11922600
2011-08-11,10.797056198120115,18.200000762939453,18.3799991607666,16.520000457763672,16.729999542236328,8676800
2011-08-12,10.54196071624756,17.770000457763672,18.770000457763672,17.709999084472656,18.290000915527344,6685600
2011-08-15,10.87417697906494,18.32999992370605,18.3799991607666,17.950000762939453,17.979999542236328,5343300
2011-08-16,10.636878967285156,17.93000030517578,18.489999771118164,17.81999969482422,18.040000915527344,5407000
2011-08-17,10.59535312652588,17.860000610351562,18.200000762939453,17.709999084472656,18.040000915527344,3581800
2011-08-18,9.689157485961914,16.219999313354492,17.049999237060547,16.0,16.93000030517578,9922400
2011-08-19,9.623448371887209,16.110000610351562,16.850000381469727,15.880000114440918,15.880000114440918,7326600
2011-08-22,9.563714027404783,16.010000228881836,16.68000030517578,15.75,16.610000610351562,5793500
2011-08-23,10.214835166931152,17.100000381469727,17.100000381469727,15.779999732971191,16.06999969482422,6579700
2011-08-24,10.621042251586914,17.780000686645508,17.809999465942383,16.8799991607666,17.059999465942383,8750000
2011-08-25,10.184962272644045,17.049999237060547,18.450000762939453,16.799999237060547,17.940000534057617,8544500
2011-08-26,10.202884674072266,17.079999923706055,17.399999618530273,16.280000686645508,16.75,7472200
2011-08-29,10.818166732788086,18.11000061035156,18.1299991607666,17.440000534057617,17.440000534057617,3065900
2011-08-30,10.7166166305542,17.940000534057617,18.209999084472656,17.690000534057617,17.979999542236328,4610600
2011-08-31,10.931662559509276,18.299999237060547,18.57999992370605,18.030000686645508,18.06999969482422,4587000
2011-09-01,10.806219100952148,18.09000015258789,18.46999931335449,17.979999542236328,18.34000015258789,5648300
2011-09-02,10.16107177734375,17.010000228881836,17.6299991607666,16.959999084472656,17.6200008392334,4436400
2011-09-06,10.053549766540527,16.829999923706055,16.8799991607666,16.09000015258789,16.18000030517578,5846400
2011-09-07,10.72856330871582,17.959999084472656,18.059999465942383,17.149999618530273,17.229999542236328,5780000
2011-09-08,10.304435729980469,17.25,17.90999984741211,17.25,17.639999389648438,3623300
2011-09-09,9.832523345947266,16.459999084472656,17.09000015258789,16.360000610351562,16.959999084472656,6513100
2011-09-12,9.928101539611816,16.6200008392334,16.65999984741211,15.890000343322754,16.239999771118164,5526800
2011-09-13,9.9758882522583,16.700000762939453,16.989999771118164,16.43000030517578,16.719999313354492,7046800
2011-09-14,10.411961555480955,17.43000030517578,17.65999984741211,16.479999542236328,16.920000076293945,6886200
2011-09-15,10.997374534606934,18.40999984741211,18.40999984741211,17.559999465942383,17.700000762939453,9428700
2011-09-16,11.152688026428224,18.670000076293945,18.670000076293945,17.81999969482422,18.299999237060547,9235500
2011-09-19,10.764403343200684,18.020000457763672,18.18000030517578,17.520000457763672,18.13999938964844,5612200
2011-09-20,10.656877517700195,17.84000015258789,18.3799991607666,17.829999923706055,18.09000015258789,4721200
2011-09-21,10.095364570617676,16.899999618530273,18.15999984741211,16.8700008392334,17.989999771118164,7086800
2011-09-22,9.503976821899414,15.90999984741211,16.520000457763672,15.59000015258789,16.280000686645508,11978400
2011-09-23,9.426319122314451,15.779999732971191,16.079999923706055,15.59000015258789,15.850000381469728,9076200
2011-09-26,9.76084327697754,16.34000015258789,16.350000381469727,15.399999618530272,16.040000915527344,7065700
2011-09-27,9.874340057373049,16.530000686645508,17.170000076293945,16.329999923706055,16.920000076293945,9112000
2011-09-28,9.456191062927246,15.829999923706056,16.760000228881836,15.8100004196167,16.65999984741211,8066100
2011-09-29,9.832523345947266,16.459999084472656,16.780000686645508,15.899999618530272,16.299999237060547,6999400
2011-09-30,9.26503562927246,15.510000228881836,16.149999618530273,15.449999809265137,16.110000610351562,8527600
2011-10-03,8.870779037475586,14.850000381469728,15.619999885559082,14.84000015258789,15.390000343322754,9420800
2011-10-04,9.52189826965332,15.9399995803833,15.979999542236328,14.520000457763672,14.529999732971191,9900000
2011-10-05,9.802652359008787,16.40999984741211,16.540000915527344,15.770000457763672,15.949999809265137,6314400
2011-10-06,10.077439308166504,16.8700008392334,16.8799991607666,15.949999809265137,16.110000610351562,7065200
2011-10-07,9.677210807800291,16.200000762939453,17.1200008392334,15.880000114440918,17.09000015258789,7943700
2011-10-10,10.220807075500488,17.110000610351562,17.1200008392334,16.65999984741211,16.68000030517578,6889500
2011-10-11,10.119258880615234,16.940000534057617,17.1299991607666,16.770000457763672,16.889999389648438,7045600
2011-10-12,10.74050998687744,17.979999542236328,18.21999931335449,17.200000762939453,17.229999542236328,9878700
2011-10-13,10.573254585266112,17.700000762939453,17.850000381469727,17.059999465942383,17.709999084472656,8139100
2011-10-14,10.842061042785645,18.14999961853028,18.34000015258789,17.829999923706055,18.049999237060547,4921100
2011-10-17,10.483643531799316,17.549999237060547,18.030000686645508,17.5,17.940000534057617,6443800
2011-10-18,10.997374534606934,18.40999984741211,18.61000061035156,17.489999771118164,17.649999618530273,7608400
2011-10-19,10.621042251586914,17.780000686645508,18.540000915527344,17.709999084472656,18.39999961853028,4091900
2011-10-20,10.806219100952148,18.09000015258789,18.21999931335449,17.510000228881836,17.799999237060547,4783400
2011-10-21,11.194501876831056,18.739999771118164,18.84000015258789,18.25,18.39999961853028,8823300
2011-10-24,11.750045776367188,19.670000076293945,19.809999465942383,18.76000022888184,18.76000022888184,7107600
2011-10-25,11.230344772338867,18.799999237060547,19.600000381469727,18.739999771118164,19.34000015258789,6778500
2011-10-26,11.481236457824709,19.21999931335449,19.39999961853028,18.82999992370605,19.25,8047100
2011-10-27,12.448955535888672,20.84000015258789,21.32999992370605,20.40999984741211,20.51000022888184,10873800
2011-10-28,12.484796524047852,20.89999961853028,21.100000381469727,20.489999771118164,20.729999542236328,5522700
2011-10-31,11.988988876342772,20.06999969482422,20.450000762939453,20.059999465942383,20.40999984741211,6873100
2011-11-01,11.24228572845459,18.81999969482422,19.36000061035156,18.76000022888184,18.959999084472656,7681800
2011-11-02,11.696282386779783,19.57999992370605,19.790000915527344,19.170000076293945,19.38999938964844,4714300
2011-11-03,12.215982437133787,20.450000762939453,20.57999992370605,19.36000061035156,20.1200008392334,6720400
2011-11-04,11.965094566345217,20.030000686645508,20.290000915527344,19.780000686645508,20.15999984741211,4351100
2011-11-07,11.923279762268066,19.959999084472656,20.26000022888184,19.530000686645508,20.049999237060547,4576100
2011-11-08,12.114435195922852,20.280000686645508,20.450000762939453,19.84000015258789,20.18000030517578,6449900
2011-11-09,11.31397533416748,18.940000534057617,19.63999938964844,18.86000061035156,19.6200008392334,5751900
2011-11-10,11.791863441467283,19.739999771118164,19.940000534057617,19.309999465942383,19.600000381469727,5785000
2011-11-11,12.150273323059082,20.34000015258789,20.5,20.100000381469727,20.14999961853028,3687200
2011-11-14,12.006909370422363,20.100000381469727,20.290000915527344,19.76000022888184,20.14999961853028,5486300
2011-11-15,12.108458518981934,20.270000457763672,20.43000030517578,19.84000015258789,19.920000076293945,3614400
2011-11-16,11.827792167663574,19.68000030517578,20.270000457763672,19.65999984741211,19.86000061035156,4256000
2011-11-17,11.599405288696287,19.299999237060547,19.739999771118164,19.049999237060547,19.6200008392334,5802000
2011-11-18,11.653497695922852,19.38999938964844,19.6299991607666,19.239999771118164,19.459999084472656,3400900
2011-11-21,11.202743530273438,18.63999938964844,19.01000022888184,18.39999961853028,18.940000534057617,6000900
2011-11-22,10.956334114074709,18.229999542236328,18.709999084472656,18.209999084472656,18.5,5873900
2011-11-23,10.69790267944336,17.799999237060547,18.229999542236328,17.799999237060547,17.93000030517578,5223000
2011-11-25,10.764008522033691,17.90999984741211,18.18000030517578,17.709999084472656,17.780000686645508,1661200
2011-11-28,11.334959983825684,18.86000061035156,19.280000686645508,18.65999984741211,18.709999084472656,5385600
2011-11-29,11.401078224182127,18.96999931335449,19.09000015258789,18.700000762939453,18.93000030517578,3631600
2011-11-30,12.170361518859863,20.25,20.32999992370605,19.739999771118164,19.8799991607666,6531100
2011-12-01,12.15834140777588,20.229999542236328,20.350000381469727,19.84000015258789,20.06999969482422,3156300
2011-12-02,12.188396453857422,20.280000686645508,21.0,20.100000381469727,20.51000022888184,6221800
2011-12-05,12.44682502746582,20.709999084472656,20.93000030517578,20.420000076293945,20.75,3769000
2011-12-06,12.422786712646484,20.670000076293945,20.88999938964844,20.459999084472656,20.670000076293945,3147300
2011-12-07,12.597079277038574,20.959999084472656,21.049999237060547,20.26000022888184,20.440000534057617,2902400
2011-12-08,12.122284889221191,20.170000076293945,20.809999465942383,20.09000015258789,20.709999084472656,3932100
2011-12-09,12.488901138305664,20.780000686645508,20.84000015258789,20.25,20.299999237060547,4312900
2011-12-12,12.03213119506836,20.020000457763672,20.3700008392334,19.780000686645508,20.3700008392334,3743000
2011-12-13,11.61142921447754,19.31999969482422,20.34000015258789,18.989999771118164,20.229999542236328,6613700
2011-12-14,11.485215187072754,19.11000061035156,19.34000015258789,18.940000534057617,19.11000061035156,4873500
2011-12-15,11.443148612976074,19.040000915527344,19.440000534057617,19.01000022888184,19.440000534057617,3406400
2011-12-16,11.563347816467283,19.239999771118164,19.5,19.040000915527344,19.209999084472656,6247000
2011-12-19,11.220775604248049,18.670000076293945,19.3700008392334,18.549999237060547,19.32999992370605,4801900
2011-12-20,11.779711723327637,19.600000381469727,19.6299991607666,19.15999984741211,19.15999984741211,3918400
2011-12-21,11.815773010253906,19.65999984741211,19.809999465942383,19.299999237060547,19.600000381469727,3946600
2011-12-22,11.960006713867188,19.89999961853028,19.90999984741211,19.64999961853028,19.809999465942383,3653700
2011-12-23,12.152335166931152,20.21999931335449,20.270000457763672,19.8799991607666,20.049999237060547,1896000
2011-12-27,12.08021354675293,20.100000381469727,20.350000381469727,20.030000686645508,20.07999992370605,1295400
2011-12-28,11.821779251098633,19.670000076293945,20.170000076293945,19.63999938964844,20.170000076293945,1960600
2011-12-29,12.08021354675293,20.100000381469727,20.200000762939453,19.670000076293945,19.780000686645508,2339800
2011-12-30,12.074203491210938,20.09000015258789,20.200000762939453,20.0,20.1299991607666,1431800
2012-01-03,12.35667610168457,20.559999465942383,21.030000686645508,20.520000457763672,20.65999984741211,3608300
2012-01-04,12.230464935302734,20.350000381469727,20.459999084472656,20.15999984741211,20.39999961853028,4441200
2012-01-05,12.36268711090088,20.56999969482422,20.6200008392334,19.920000076293945,20.1200008392334,5663100
2012-01-06,12.482887268066406,20.770000457763672,21.07999992370605,20.559999465942383,20.799999237060547,3651000
2012-01-09,12.555007934570312,20.88999938964844,20.979999542236328,20.729999542236328,20.84000015258789,2481500
2012-01-10,12.993741035461426,21.6200008392334,21.75,21.26000022888184,21.280000686645508,4627600
2012-01-11,12.79541015625,21.290000915527344,21.520000457763672,21.190000534057617,21.479999542236328,5471100
2012-01-12,13.053839683532717,21.71999931335449,22.0,21.440000534057617,21.440000534057617,6467100
2012-01-13,12.993741035461426,21.6200008392334,21.65999984741211,20.989999771118164,21.51000022888184,3678900
2012-01-17,12.999750137329102,21.6299991607666,22.209999084472656,21.540000915527344,22.049999237060547,2792200
2012-01-18,13.204093933105469,21.96999931335449,22.01000022888184,21.420000076293945,21.549999237060547,3277300
2012-01-19,13.324298858642578,22.170000076293945,22.32999992370605,22.049999237060547,22.100000381469727,3744600
2012-01-20,13.48656940460205,22.440000534057617,22.459999084472656,22.040000915527344,22.15999984741211,3941100
2012-01-23,13.462528228759766,22.39999961853028,22.59000015258789,22.25,22.459999084472656,3013100
2012-01-24,13.456514358520508,22.38999938964844,22.43000030517578,22.1200008392334,22.1200008392334,3161600
2012-01-25,13.330305099487305,22.18000030517578,22.350000381469727,22.07999992370605,22.350000381469727,4073500
2012-01-26,13.690911293029783,22.780000686645508,23.0,22.40999984741211,22.40999984741211,4816000
2012-01-27,13.81711769104004,22.989999771118164,23.309999465942383,22.65999984741211,22.65999984741211,5641500
2012-01-30,13.552675247192385,22.549999237060547,22.86000061035156,22.540000915527344,22.64999961853028,5432800
2012-01-31,13.56469440460205,22.56999969482422,22.82999992370605,22.31999969482422,22.780000686645508,3620400
2012-02-01,13.931315422058104,23.18000030517578,23.26000022888184,22.709999084472656,22.82999992370605,3014900
2012-02-02,13.913285255432127,23.14999961853028,23.309999465942383,22.950000762939453,23.18000030517578,2891000
2012-02-03,14.352014541625977,23.8799991607666,23.90999984741211,23.440000534057617,23.540000915527344,5614500
2012-02-06,14.358027458190918,23.88999938964844,24.049999237060547,23.549999237060547,23.68000030517578,3762500
2012-02-07,14.592414855957031,24.280000686645508,24.31999969482422,23.5,23.65999984741211,4598400
2012-02-08,14.616456031799316,24.31999969482422,24.40999984741211,24.190000534057617,24.26000022888184,4861600
2012-02-09,14.688583374023438,24.440000534057617,24.64999961853028,24.290000915527344,24.479999542236328,5161500
2012-02-10,14.484232902526855,24.100000381469727,24.3799991607666,24.01000022888184,24.100000381469727,3552700
2012-02-13,14.640495300292969,24.36000061035156,24.56999969482422,24.190000534057617,24.440000534057617,2536700
2012-02-14,14.394085884094238,23.950000762939453,24.200000762939453,23.780000686645508,24.200000762939453,3676900
2012-02-15,14.333979606628418,23.850000381469727,24.209999084472656,23.729999542236328,24.1299991607666,2911700
2012-02-16,14.862870216369627,24.729999542236328,24.75,23.799999237060547,23.850000381469727,4735000
2012-02-17,14.844840049743652,24.700000762939453,24.940000534057617,24.600000381469727,24.8700008392334,3664500
2012-02-21,14.979533195495604,24.799999237060547,24.959999084472656,24.700000762939453,24.770000457763672,4427200
2012-02-22,14.955374717712402,24.76000022888184,24.979999542236328,24.68000030517578,24.809999465942383,4164500
2012-02-23,15.070135116577148,24.950000762939453,24.989999771118164,24.559999465942383,24.670000076293945,3086600
2012-02-24,15.027856826782228,24.8799991607666,25.0,24.76000022888184,24.989999771118164,2705900
2012-02-27,14.96141242980957,24.770000457763672,24.959999084472656,24.440000534057617,24.690000534057617,3526100
2012-02-28,15.076177597045898,24.959999084472656,25.11000061035156,24.729999542236328,24.84000015258789,5238200
2012-02-29,14.96141242980957,24.770000457763672,25.200000762939453,24.64999961853028,24.950000762939453,4367900
2012-03-01,15.027856826782228,24.8799991607666,25.06999969482422,24.43000030517578,24.559999465942383,3185800
2012-03-02,14.96141242980957,24.770000457763672,25.040000915527344,24.770000457763672,24.81999969482422,2467800
2012-03-05,14.750005722045898,24.420000076293945,24.6299991607666,24.239999771118164,24.600000381469727,3849800
2012-03-06,14.423840522766112,23.8799991607666,24.13999938964844,23.76000022888184,24.0,3871400
2012-03-07,14.653366088867188,24.26000022888184,24.309999465942383,23.940000534057617,24.040000915527344,3010300
2012-03-08,14.858736991882324,24.600000381469727,24.670000076293945,24.34000015258789,24.540000915527344,2523100
2012-03-09,15.021815299987791,24.8700008392334,25.0,24.420000076293945,24.450000762939453,2832500
2012-03-12,15.136576652526855,25.059999465942383,25.059999465942383,24.709999084472656,24.86000061035156,3735300
2012-03-13,15.698307037353516,25.989999771118164,26.0,25.030000686645508,25.15999984741211,5741700
2012-03-14,15.686233520507812,25.96999931335449,26.040000915527344,25.63999938964844,25.950000762939453,4705700
2012-03-15,15.927831649780272,26.3700008392334,26.46999931335449,25.76000022888184,26.0,3644900
2012-03-16,15.78891372680664,26.13999938964844,26.43000030517578,26.0,26.3700008392334,4614700
2012-03-19,15.88555145263672,26.299999237060547,26.56999969482422,25.959999084472656,26.07999992370605,3929400
2012-03-20,15.740592002868652,26.059999465942383,26.21999931335449,25.799999237060547,26.09000015258789,2429900
2012-03-21,15.93386936187744,26.3799991607666,26.520000457763672,26.049999237060547,26.15999984741211,4895000
2012-03-22,15.571471214294434,25.780000686645508,26.21999931335449,25.71999931335449,26.13999938964844,4782800
2012-03-23,15.879517555236816,26.290000915527344,26.3799991607666,25.739999771118164,25.82999992370605,4179800
2012-03-26,16.211719512939453,26.84000015258789,26.84000015258789,26.459999084472656,26.59000015258789,4295100
2012-03-27,15.988239288330078,26.46999931335449,26.940000534057617,26.46999931335449,26.88999938964844,3035800
2012-03-28,15.89159870147705,26.309999465942383,26.600000381469727,25.959999084472656,26.459999084472656,2694700
2012-03-29,15.782872200012209,26.1299991607666,26.21999931335449,25.88999938964844,26.049999237060547,3306500
2012-03-30,16.109039306640625,26.670000076293945,26.68000030517578,26.049999237060547,26.36000061035156,4102100
2012-04-02,16.169435501098633,26.770000457763672,26.89999961853028,26.3799991607666,26.56999969482422,3403200
2012-04-03,16.060718536376953,26.59000015258789,26.76000022888184,26.36000061035156,26.6299991607666,3097900
2012-04-04,15.692268371582031,25.979999542236328,26.59000015258789,25.93000030517578,26.26000022888184,3700600
2012-04-05,15.716432571411133,26.020000457763672,26.1299991607666,25.6299991607666,25.84000015258789,3806400
2012-04-09,15.21509838104248,25.190000534057617,25.540000915527344,25.09000015258789,25.540000915527344,4929900
2012-04-10,14.768132209777832,24.450000762939453,25.26000022888184,24.420000076293945,25.14999961853028,7183800
2012-04-11,14.985576629638672,24.809999465942383,25.040000915527344,24.68000030517578,24.940000534057617,6840800
2012-04-12,15.32382106781006,25.3700008392334,25.440000534057617,24.86000061035156,24.8799991607666,4271100
2012-04-13,14.925174713134766,24.709999084472656,25.36000061035156,24.709999084472656,25.31999969482422,3161800
2012-04-16,14.907055854797363,24.68000030517578,25.13999938964844,24.46999931335449,24.989999771118164,2777500
2012-04-17,15.142616271972656,25.06999969482422,25.309999465942383,24.76000022888184,24.950000762939453,4205600
2012-04-18,14.798334121704102,24.5,24.89999961853028,24.46999931335449,24.89999961853028,5376100
2012-04-19,14.671486854553224,24.290000915527344,24.63999938964844,24.14999961853028,24.56999969482422,3958900
2012-04-20,14.605046272277832,24.18000030517578,24.530000686645508,24.15999984741211,24.440000534057617,3493800
2012-04-23,14.327198028564451,23.71999931335449,23.770000457763672,23.549999237060547,23.65999984741211,4722800
2012-04-24,14.514447212219238,24.030000686645508,24.170000076293945,23.690000534057617,23.82999992370605,3558000
2012-04-25,14.768132209777832,24.450000762939453,24.5,24.1299991607666,24.290000915527344,3616000
2012-04-26,15.136576652526855,25.059999465942383,25.190000534057617,24.14999961853028,24.440000534057617,5374700
2012-04-27,15.160737037658691,25.100000381469727,25.239999771118164,24.780000686645508,25.15999984741211,4041000
2012-04-30,15.003694534301758,24.84000015258789,25.040000915527344,24.670000076293945,25.0,3724800
2012-05-01,15.209061622619627,25.18000030517578,25.46999931335449,24.65999984741211,24.81999969482422,4841300
2012-05-02,14.949335098266602,24.75,24.950000762939453,24.64999961853028,24.93000030517578,3882700
2012-05-03,14.701689720153809,24.34000015258789,24.950000762939453,24.270000457763672,24.739999771118164,5531200
2012-05-04,14.315122604370115,23.700000762939453,24.25,23.68000030517578,24.170000076293945,6318500
2012-05-07,14.272833824157717,23.6299991607666,23.8799991607666,23.549999237060547,23.61000061035156,4781200
2012-05-08,14.145998001098633,23.420000076293945,23.57999992370605,23.030000686645508,23.350000381469727,7164100
2012-05-09,14.031231880187988,23.229999542236328,23.46999931335449,23.0,23.020000457763672,4850000
2012-05-10,13.73526668548584,22.739999771118164,23.459999084472656,22.63999938964844,23.40999984741211,9476400
2012-05-11,14.043315887451172,23.25,23.36000061035156,22.32999992370605,22.43000030517578,7759900
2012-05-14,13.626547813415527,22.559999465942383,22.979999542236328,22.540000915527344,22.81999969482422,5078700
2012-05-15,13.584264755249023,22.489999771118164,22.709999084472656,22.39999961853028,22.57999992370605,3299700
2012-05-16,13.427827835083008,22.059999465942383,22.56999969482422,22.059999465942383,22.56999969482422,4911200
2012-05-17,13.153919219970703,21.61000061035156,22.06999969482422,21.549999237060547,22.06999969482422,5611700
2012-05-18,12.86174201965332,21.1299991607666,21.780000686645508,21.06999969482422,21.690000534057617,5118700
2012-05-21,13.074786186218262,21.479999542236328,21.51000022888184,21.040000915527344,21.15999984741211,5118900
2012-05-22,13.00174331665039,21.36000061035156,21.81999969482422,21.14999961853028,21.6200008392334,7857400
2012-05-23,13.166089057922363,21.6299991607666,21.63999938964844,20.739999771118164,21.14999961853028,6988600
2012-05-24,13.147831916809082,21.600000381469727,21.950000762939453,21.3799991607666,21.790000915527344,4801500
2012-05-25,13.11130714416504,21.540000915527344,21.89999961853028,21.51000022888184,21.64999961853028,3920800
2012-05-29,13.366960525512695,21.959999084472656,22.030000686645508,21.709999084472656,21.81999969482422,5239500
2012-05-30,13.11739444732666,21.549999237060547,21.729999542236328,21.450000762939453,21.63999938964844,3755700
2012-05-31,13.239129066467283,21.75,21.920000076293945,21.31999969482422,21.559999465942383,4515800
2012-06-01,12.691311836242676,20.850000381469727,21.32999992370605,20.850000381469727,21.059999465942383,6633000
2012-06-04,12.654784202575684,20.790000915527344,21.0,20.59000015258789,20.86000061035156,3607900
2012-06-05,13.11130714416504,21.540000915527344,21.57999992370605,20.690000534057617,20.709999084472656,4149100
2012-06-06,13.671308517456056,22.459999084472656,22.459999084472656,21.690000534057617,21.809999465942383,4945500
2012-06-07,13.683480262756348,22.479999542236328,23.020000457763672,22.39999961853028,22.82999992370605,5594700
2012-06-08,13.890436172485352,22.81999969482422,22.84000015258789,22.01000022888184,22.32999992370605,5626600
2012-06-11,13.604351997375488,22.350000381469727,23.1200008392334,22.31999969482422,23.100000381469727,2932500
2012-06-12,13.373047828674316,21.96999931335449,22.18000030517578,21.489999771118164,22.040000915527344,10544500
2012-06-13,13.184354782104492,21.65999984741211,22.06999969482422,21.559999465942383,21.86000061035156,3954600
2012-06-14,13.336524963378906,21.90999984741211,22.059999465942383,21.63999938964844,21.739999771118164,6743700
2012-06-15,13.40957260131836,22.030000686645508,22.15999984741211,21.8700008392334,22.049999237060547,7214700
2012-06-18,13.263482093811035,21.790000915527344,21.8799991607666,21.68000030517578,21.850000381469727,5140000
2012-06-19,13.610438346862791,22.36000061035156,22.540000915527344,21.8700008392334,22.0,4993500
2012-06-20,13.513049125671388,22.200000762939453,22.479999542236328,22.040000915527344,22.31999969482422,4652600
2012-06-21,13.09913444519043,21.520000457763672,22.59000015258789,21.489999771118164,22.350000381469727,4951300
2012-06-22,13.220870971679688,21.71999931335449,21.850000381469727,21.489999771118164,21.75,5253500
2012-06-25,12.892176628112791,21.18000030517578,21.36000061035156,21.030000686645508,21.36000061035156,2964200
2012-06-26,13.08087158203125,21.489999771118164,21.600000381469727,21.0,21.229999542236328,4052600
2012-06-27,13.160004615783691,21.6200008392334,21.68000030517578,21.350000381469727,21.549999237060547,3418700
2012-06-28,13.275653839111328,21.809999465942383,21.809999465942383,21.280000686645508,21.32999992370605,3312700
2012-06-29,13.756525039672852,22.600000381469727,22.61000061035156,22.26000022888184,22.459999084472656,3949600
2012-07-02,13.732175827026367,22.559999465942383,22.729999542236328,22.350000381469727,22.6200008392334,3320500
2012-07-03,13.926955223083496,22.8799991607666,23.01000022888184,22.450000762939453,22.549999237060547,1607300
2012-07-05,13.549566268920898,22.26000022888184,22.729999542236328,22.21999931335449,22.71999931335449,5055400
2012-07-06,13.47652530670166,22.13999938964844,22.31999969482422,21.790000915527344,21.88999938964844,5016500
2012-07-09,13.318263053894045,21.8799991607666,22.100000381469727,21.700000762939453,22.020000457763672,3604600
2012-07-10,13.40957260131836,22.030000686645508,22.299999237060547,21.850000381469727,21.979999542236328,4380500
2012-07-11,13.506961822509766,22.190000534057617,22.309999465942383,21.8799991607666,22.020000457763672,4086500
2012-07-12,13.312177658081056,21.8700008392334,21.979999542236328,21.709999084472656,21.950000762939453,2806900
2012-07-13,13.78696060180664,22.64999961853028,22.709999084472656,21.920000076293945,21.940000534057617,2670500
2012-07-16,13.45826530456543,22.11000061035156,22.57999992370605,21.90999984741211,22.530000686645508,4273300
2012-07-17,13.47043800354004,22.1299991607666,22.3799991607666,21.940000534057617,22.34000015258789,4547500
2012-07-18,13.586088180541992,22.31999969482422,22.39999961853028,21.93000030517578,21.96999931335449,2911900
2012-07-19,13.598268508911133,22.34000015258789,22.51000022888184,22.040000915527344,22.36000061035156,4286500
2012-07-20,13.11130714416504,21.540000915527344,22.280000686645508,21.489999771118164,22.26000022888184,4345600
2012-07-23,12.910435676574709,21.209999084472656,21.38999938964844,20.86000061035156,21.13999938964844,4121300
2012-07-24,12.593914031982422,20.690000534057617,21.229999542236328,20.559999465942383,21.200000762939453,9817400
2012-07-25,12.472179412841797,20.489999771118164,20.96999931335449,20.489999771118164,20.90999984741211,5631700
2012-07-26,12.727827072143556,20.90999984741211,21.530000686645508,20.809999465942383,21.09000015258789,14439800
2012-07-27,13.464351654052734,22.1200008392334,22.290000915527344,21.059999465942383,21.100000381469727,7835500
2012-07-30,13.555652618408203,22.270000457763672,22.36000061035156,22.020000457763672,22.049999237060547,5938300
2012-07-31,13.47043800354004,22.1299991607666,22.309999465942383,22.01000022888184,22.15999984741211,5667200
2012-08-01,13.330436706542969,21.89999961853028,22.46999931335449,21.8799991607666,22.299999237060547,4032300
2012-08-02,13.2147855758667,21.709999084472656,21.739999771118164,20.799999237060547,21.68000030517578,5927400
2012-08-03,13.762608528137209,22.61000061035156,22.75,22.049999237060547,22.13999938964844,4087400
2012-08-06,13.707826614379885,22.520000457763672,22.8700008392334,22.489999771118164,22.68000030517578,3521300
2012-08-07,14.0669584274292,23.11000061035156,23.200000762939453,22.700000762939453,22.71999931335449,3519700
2012-08-08,14.0669584274292,23.11000061035156,23.229999542236328,22.989999771118164,23.13999938964844,2826100
2012-08-09,14.359129905700684,23.59000015258789,23.670000076293945,23.049999237060547,23.049999237060547,6152500
2012-08-10,14.426093101501465,23.700000762939453,23.75,23.459999084472656,23.6299991607666,4225900
2012-08-13,14.450438499450684,23.739999771118164,23.81999969482422,23.549999237060547,23.56999969482422,2758600
2012-08-14,14.383481979370115,23.6299991607666,23.959999084472656,23.57999992370605,23.959999084472656,3328300
2012-08-15,14.480875015258787,23.790000915527344,23.850000381469727,23.530000686645508,23.670000076293945,2545900
2012-08-16,14.645219802856444,24.059999465942383,24.15999984741211,23.68000030517578,23.790000915527344,3290000
2012-08-17,14.633051872253418,24.040000915527344,24.15999984741211,23.90999984741211,24.15999984741211,2367600
2012-08-20,14.59196662902832,23.799999237060547,23.89999961853028,23.57999992370605,23.8799991607666,2188000
2012-08-21,14.647154808044434,23.88999938964844,24.229999542236328,23.809999465942383,23.920000076293945,3925500
2012-08-22,14.665541648864746,23.920000076293945,23.979999542236328,23.6200008392334,23.780000686645508,3682200
2012-08-23,14.506136894226074,23.65999984741211,23.959999084472656,23.64999961853028,23.850000381469727,2675200
2012-08-24,14.59196662902832,23.799999237060547,23.850000381469727,23.5,23.56999969482422,1777500
2012-08-27,14.500000953674316,23.64999961853028,23.90999984741211,23.61000061035156,23.89999961853028,1712000
2012-08-28,14.610363006591797,23.82999992370605,23.93000030517578,23.459999084472656,23.51000022888184,2486700
2012-08-29,14.530658721923828,23.700000762939453,24.030000686645508,23.670000076293945,23.850000381469727,3022900
2012-08-30,14.40190887451172,23.489999771118164,23.600000381469727,23.34000015258789,23.520000457763672,2026500
2012-08-31,14.518393516540527,23.68000030517578,23.8799991607666,23.549999237060547,23.690000534057617,2728600
2012-09-04,14.604228973388672,23.81999969482422,23.989999771118164,23.530000686645508,23.6200008392334,2949000
2012-09-05,14.622624397277832,23.850000381469727,23.959999084472656,23.61000061035156,23.81999969482422,3699600
2012-09-06,15.18667984008789,24.770000457763672,24.799999237060547,24.01000022888184,24.100000381469727,3987800
2012-09-07,15.333826065063477,25.01000022888184,25.059999465942383,24.780000686645508,24.86000061035156,3195000
2012-09-10,15.082451820373535,24.600000381469727,24.989999771118164,24.559999465942383,24.690000534057617,2577300
2012-09-11,15.198949813842772,24.790000915527344,24.979999542236328,24.56999969482422,24.600000381469727,3439500
2012-09-12,15.315431594848633,24.979999542236328,25.190000534057617,24.93000030517578,24.96999931335449,3013400
2012-09-13,15.726213455200195,25.64999961853028,25.739999771118164,24.790000915527344,25.100000381469727,4387500
2012-09-14,15.8304443359375,25.81999969482422,26.25,25.76000022888184,25.90999984741211,5850300
2012-09-17,15.848835945129396,25.850000381469727,26.0,25.64999961853028,25.86000061035156,3213000
2012-09-18,15.763005256652832,25.709999084472656,25.84000015258789,25.540000915527344,25.799999237060547,2380500
2012-09-19,15.683298110961914,25.57999992370605,25.799999237060547,25.57999992370605,25.709999084472656,2002000
2012-09-20,15.609719276428224,25.459999084472656,25.520000457763672,25.1299991607666,25.36000061035156,2387100
2012-09-21,15.56680679321289,25.38999938964844,25.75,25.38999938964844,25.59000015258789,2318200
2012-09-24,15.542282104492188,25.350000381469727,25.530000686645508,25.18000030517578,25.21999931335449,1964800
2012-09-25,15.241862297058104,24.86000061035156,25.5,24.86000061035156,25.479999542236328,2451800
2012-09-26,15.082451820373535,24.600000381469727,24.8700008392334,24.520000457763672,24.86000061035156,2886800
2012-09-27,15.389010429382324,25.100000381469727,25.209999084472656,24.6299991607666,24.84000015258789,2461900
2012-09-28,15.321569442749023,24.989999771118164,25.09000015258789,24.799999237060547,24.959999084472656,2482100
2012-10-01,15.395140647888184,25.11000061035156,25.559999465942383,24.979999542236328,25.209999084472656,3699200
2012-10-02,15.370613098144531,25.06999969482422,25.31999969482422,24.90999984741211,25.280000686645508,2520200
2012-10-03,15.554548263549805,25.3700008392334,25.420000076293945,24.71999931335449,25.11000061035156,3987700
2012-10-04,15.74461555480957,25.68000030517578,25.850000381469727,25.459999084472656,25.56999969482422,2817900
2012-10-05,15.640380859375,25.51000022888184,26.09000015258789,25.39999961853028,25.940000534057617,2761100
2012-10-08,15.628121376037598,25.489999771118164,25.6299991607666,25.25,25.31999969482422,1902400
2012-10-09,15.438055038452148,25.18000030517578,25.6200008392334,25.18000030517578,25.5,3027300
2012-10-10,15.30930233001709,24.96999931335449,25.170000076293945,24.799999237060547,25.020000457763672,3114300
2012-10-11,15.333826065063477,25.01000022888184,25.43000030517578,24.920000076293945,25.309999465942383,2349700
2012-10-12,15.14990234375,24.709999084472656,25.0,24.34000015258789,24.96999931335449,3172100
2012-10-15,15.168288230895996,24.739999771118164,24.86000061035156,24.51000022888184,24.86000061035156,2667700
2012-10-16,15.339959144592283,25.020000457763672,25.209999084472656,24.86000061035156,24.920000076293945,3869700
2012-10-17,15.511626243591309,25.299999237060547,25.38999938964844,25.030000686645508,25.14999961853028,4745600
2012-10-18,15.444186210632324,25.190000534057617,25.3799991607666,24.96999931335449,25.229999542236328,3712500
2012-10-19,15.10085678100586,24.6299991607666,25.11000061035156,24.440000534057617,25.09000015258789,3076700
2012-10-22,15.039544105529783,24.530000686645508,24.68000030517578,24.15999984741211,24.59000015258789,3277300
2012-10-23,14.75137996673584,24.059999465942383,24.14999961853028,23.8700008392334,24.07999992370605,3800500
2012-10-24,14.76363754272461,24.07999992370605,24.3799991607666,24.040000915527344,24.209999084472656,3068400
2012-10-25,14.831080436706545,24.190000534057617,24.43000030517578,24.020000457763672,24.38999938964844,1946300
2012-10-26,14.86786937713623,24.25,24.32999992370605,23.940000534057617,24.14999961853028,3034100
2012-10-31,14.910783767700195,24.31999969482422,24.39999961853028,23.940000534057617,24.38999938964844,4291000
2012-11-01,15.168288230895996,24.739999771118164,24.809999465942383,23.82999992370605,24.309999465942383,5957500
2012-11-02,14.959833145141602,24.39999961853028,24.81999969482422,24.3799991607666,24.729999542236328,3603700
2012-11-05,15.00274658203125,24.46999931335449,24.559999465942383,24.1200008392334,24.38999938964844,1878300
2012-11-06,15.125374794006348,24.670000076293945,24.780000686645508,24.5,24.5,2566000
2012-11-07,14.653274536132812,23.89999961853028,24.280000686645508,23.780000686645508,24.209999084472656,4315100
2012-11-08,14.561311721801758,23.75,24.18000030517578,23.75,23.940000534057617,2496900
2012-11-09,14.653274536132812,23.89999961853028,24.11000061035156,23.3799991607666,23.6299991607666,2911100
2012-11-12,14.757512092590332,24.06999969482422,24.15999984741211,23.88999938964844,23.989999771118164,2152100
2012-11-13,14.677804946899414,23.940000534057617,24.280000686645508,23.690000534057617,23.81999969482422,3129200
2012-11-14,14.297677040100098,23.31999969482422,24.1299991607666,23.21999931335449,24.049999237060547,2897200
2012-11-15,14.336590766906738,23.209999084472656,24.1200008392334,23.06999969482422,23.290000915527344,3802700
2012-11-16,14.453950881958008,23.39999961853028,23.64999961853028,22.940000534057617,23.6200008392334,4028300
2012-11-19,14.849282264709473,24.040000915527344,24.040000915527344,23.729999542236328,23.75,3462800
2012-11-20,14.97898292541504,24.25,24.26000022888184,23.86000061035156,23.950000762939453,2653300
2012-11-21,15.02223014831543,24.31999969482422,24.3799991607666,24.07999992370605,24.280000686645508,2314200
2012-11-23,15.337249755859377,24.82999992370605,24.84000015258789,24.46999931335449,24.549999237060547,1506800
2012-11-26,15.300188064575195,24.770000457763672,24.89999961853028,24.59000015258789,24.600000381469727,4796900
2012-11-27,15.281656265258787,24.739999771118164,24.940000534057617,24.65999984741211,24.700000762939453,3539200
2012-11-28,15.30636978149414,24.780000686645508,24.81999969482422,24.420000076293945,24.540000915527344,2754800
2012-11-29,15.460786819458008,25.030000686645508,25.290000915527344,24.89999961853028,24.959999084472656,4875600
2012-11-30,15.436079978942873,24.989999771118164,25.11000061035156,24.850000381469727,25.030000686645508,2812300
2012-12-03,15.287836074829102,24.75,25.15999984741211,24.71999931335449,25.11000061035156,2778900
2012-12-04,15.195181846618652,24.600000381469727,24.850000381469727,24.56999969482422,24.71999931335449,1813500
2012-12-05,15.108699798583984,24.459999084472656,24.690000534057617,24.39999961853028,24.6299991607666,3829100
2012-12-06,15.300188064575195,24.770000457763672,24.8700008392334,24.450000762939453,24.5,3804500
2012-12-07,15.355778694152832,24.86000061035156,24.959999084472656,24.6299991607666,24.82999992370605,2316400
2012-12-10,15.349605560302734,24.850000381469727,24.920000076293945,24.68000030517578,24.799999237060547,2254600
2012-12-11,15.42372703552246,24.96999931335449,25.1200008392334,24.8700008392334,24.979999542236328,2254100
2012-12-12,15.701683044433594,25.420000076293945,25.549999237060547,25.049999237060547,25.15999984741211,4377100
2012-12-13,15.5966796875,25.25,25.540000915527344,25.190000534057617,25.40999984741211,3217900
2012-12-14,15.726394653320312,25.459999084472656,25.520000457763672,25.170000076293945,25.209999084472656,3564200
2012-12-17,15.92405891418457,25.780000686645508,25.790000915527344,25.51000022888184,25.600000381469727,3997700
2012-12-18,16.245250701904297,26.299999237060547,26.32999992370605,25.799999237060547,25.88999938964844,5133400
2012-12-19,16.109365463256836,26.07999992370605,26.3700008392334,26.07999992370605,26.350000381469727,3294600
2012-12-20,16.269960403442383,26.34000015258789,26.36000061035156,25.920000076293945,26.1200008392334,2710900
2012-12-21,16.20201301574707,26.229999542236328,26.299999237060547,25.850000381469727,25.979999542236328,4885900
2012-12-24,16.220539093017578,26.26000022888184,26.3700008392334,26.100000381469727,26.100000381469727,778400
2012-12-26,16.152603149414062,26.14999961853028,26.34000015258789,26.06999969482422,26.31999969482422,1987200
2012-12-27,16.04141616821289,25.96999931335449,26.21999931335449,25.670000076293945,26.200000762939453,2881600
2012-12-28,15.92405891418457,25.780000686645508,26.030000686645508,25.71999931335449,25.739999771118164,1714200
2012-12-31,16.11553382873535,26.09000015258789,26.1200008392334,25.59000015258789,25.71999931335449,3953700
2013-01-02,16.652931213378906,26.959999084472656,26.979999542236328,26.520000457763672,26.65999984741211,4927700
2013-01-03,16.683820724487305,27.01000022888184,27.15999984741211,26.770000457763672,26.959999084472656,3910900
2013-01-04,17.02354621887207,27.559999465942383,27.600000381469727,26.86000061035156,27.0,5369100
2013-01-07,16.9741268157959,27.479999542236328,27.59000015258789,27.25,27.38999938964844,4703700
2013-01-08,16.81970977783203,27.229999542236328,27.43000030517578,27.07999992370605,27.420000076293945,2108400
2013-01-09,16.906179428100586,27.3700008392334,27.5,27.299999237060547,27.34000015258789,3017900
2013-01-10,17.02354621887207,27.559999465942383,27.6299991607666,27.31999969482422,27.520000457763672,2627100
2013-01-11,17.13473129272461,27.739999771118164,27.82999992370605,27.489999771118164,27.549999237060547,3362800
2013-01-14,16.887651443481445,27.34000015258789,27.549999237060547,27.049999237060547,27.5,4613900
2013-01-15,17.005016326904297,27.530000686645508,27.530000686645508,27.06999969482422,27.15999984741211,1741400
2013-01-16,16.81970977783203,27.229999542236328,27.5,27.190000534057617,27.3799991607666,2393900
2013-01-17,16.9741268157959,27.479999542236328,27.6299991607666,27.280000686645508,27.46999931335449,2628800
2013-01-18,17.085311889648438,27.65999984741211,27.68000030517578,27.270000457763672,27.489999771118164,3344900
2013-01-22,17.227380752563477,27.88999938964844,27.88999938964844,27.549999237060547,27.559999465942383,3367400
2013-01-23,17.042076110839844,27.59000015258789,27.82999992370605,27.479999542236328,27.82999992370605,2792000
2013-01-24,17.15325927734375,27.770000457763672,28.07999992370605,27.549999237060547,27.6299991607666,3491500
2013-01-25,17.418867111206055,28.200000762939453,28.26000022888184,27.76000022888184,27.959999084472656,3228400
2013-01-28,17.289148330688477,27.989999771118164,28.25,27.770000457763672,28.21999931335449,2571000
2013-01-29,17.499164581298828,28.32999992370605,28.38999938964844,27.8700008392334,27.940000534057617,4397500
2013-01-30,17.46828269958496,28.280000686645508,28.489999771118164,28.200000762939453,28.239999771118164,3918500
2013-01-31,16.832059860229492,27.25,28.13999938964844,26.739999771118164,27.0,10622100
2013-02-01,17.15325927734375,27.770000457763672,28.01000022888184,27.0,27.18000030517578,7144200
2013-02-04,16.8505916595459,27.280000686645508,27.559999465942383,26.950000762939453,27.549999237060547,5283600
2013-02-05,17.042076110839844,27.59000015258789,27.6299991607666,27.13999938964844,27.280000686645508,5683300
2013-02-06,16.986482620239258,27.5,27.549999237060547,27.209999084472656,27.3700008392334,4113000
2013-02-07,16.887651443481445,27.34000015258789,27.61000061035156,27.030000686645508,27.559999465942383,2650400
2013-02-08,16.869121551513672,27.309999465942383,27.540000915527344,27.14999961853028,27.440000534057617,3318800
2013-02-11,16.943246841430664,27.43000030517578,27.59000015258789,27.290000915527344,27.36000061035156,2707800
2013-02-12,17.116199493408203,27.709999084472656,27.86000061035156,27.46999931335449,27.64999961853028,4691100
2013-02-13,17.066781997680664,27.6299991607666,27.850000381469727,27.46999931335449,27.729999542236328,2120100
2013-02-14,17.159427642822266,27.780000686645508,27.809999465942383,27.34000015258789,27.450000762939453,2606700
2013-02-15,16.900007247924805,27.36000061035156,27.790000915527344,27.1299991607666,27.76000022888184,5587000
2013-02-19,17.193401336669922,27.65999984741211,27.690000534057617,27.09000015258789,27.270000457763672,3643200
2013-02-20,16.882600784301758,27.15999984741211,27.670000076293945,27.13999938964844,27.56999969482422,5226100
2013-02-21,16.348026275634766,26.299999237060547,27.11000061035156,26.229999542236328,27.049999237060547,5722900
2013-02-22,16.528289794921875,26.59000015258789,26.61000061035156,26.350000381469727,26.479999542236328,5053800
2013-02-25,16.1180362701416,25.93000030517578,26.950000762939453,25.920000076293945,26.770000457763672,4946800
2013-02-26,15.937768936157228,25.63999938964844,26.14999961853028,25.459999084472656,26.09000015258789,8729300
2013-02-27,16.4350528717041,26.440000534057617,26.559999465942383,25.549999237060547,25.6299991607666,5616200
2013-02-28,16.652616500854492,26.790000915527344,26.920000076293945,26.309999465942383,26.3700008392334,5528000
2013-03-01,16.677473068237305,26.82999992370605,26.989999771118164,26.239999771118164,26.93000030517578,7571900
2013-03-04,17.069076538085938,27.459999084472656,27.549999237060547,26.700000762939453,26.790000915527344,7204700
2013-03-05,17.218259811401367,27.700000762939453,27.940000534057617,27.600000381469727,27.700000762939453,3957100
2013-03-06,17.26799201965332,27.780000686645508,28.040000915527344,27.71999931335449,27.93000030517578,3153100
2013-03-07,17.367448806762695,27.940000534057617,28.040000915527344,27.799999237060547,27.850000381469727,3132800
2013-03-08,17.473115921020508,28.11000061035156,28.190000534057617,27.790000915527344,28.1299991607666,3038700
2013-03-11,17.56014633178711,28.25,28.26000022888184,27.850000381469727,28.07999992370605,2715200
2013-03-12,17.47933578491211,28.1200008392334,28.25,27.989999771118164,28.25,2959000
2013-03-13,17.684463500976562,28.450000762939453,28.489999771118164,27.63999938964844,27.709999084472656,3274700
2013-03-14,17.920673370361328,28.82999992370605,29.229999542236328,28.43000030517578,28.520000457763672,4618900
2013-03-15,18.10714530944824,29.1299991607666,29.200000762939453,28.6200008392334,28.89999961853028,5246100
2013-03-18,17.970399856567383,28.90999984741211,29.13999938964844,28.5,28.770000457763672,2932900
2013-03-19,17.622304916381836,28.350000381469727,29.1299991607666,28.190000534057617,29.020000457763672,5178400
2013-03-20,17.777700424194336,28.600000381469727,28.76000022888184,28.440000534057617,28.600000381469727,3234400
2013-03-21,17.572574615478516,28.270000457763672,28.6200008392334,28.200000762939453,28.440000534057617,2254100
2013-03-22,17.64716148376465,28.38999938964844,28.43000030517578,28.21999931335449,28.420000076293945,1914000
2013-03-25,17.603654861450195,28.31999969482422,28.63999938964844,28.14999961853028,28.56999969482422,2521800
2013-03-26,17.864730834960938,28.739999771118164,28.75,28.299999237060547,28.440000534057617,2220800
2013-03-27,17.80878257751465,28.64999961853028,28.76000022888184,28.36000061035156,28.5,2624000
2013-03-28,18.00147819519043,28.959999084472656,29.0,28.600000381469727,28.690000534057617,2768700
2013-04-01,17.63473892211914,28.3700008392334,29.100000381469727,28.299999237060547,28.950000762939453,2739600
2013-04-02,17.920673370361328,28.82999992370605,28.84000015258789,28.420000076293945,28.489999771118164,2926200
2013-04-03,17.49176788330078,28.13999938964844,28.90999984741211,28.020000457763672,28.90999984741211,4465700
2013-04-04,17.833646774291992,28.690000534057617,28.76000022888184,28.14999961853028,28.270000457763672,3757000
2013-04-05,17.63473892211914,28.3700008392334,28.420000076293945,27.86000061035156,28.190000534057617,4143000
2013-04-08,17.877155303955078,28.76000022888184,28.76000022888184,28.15999984741211,28.36000061035156,1965800
2013-04-09,17.951749801635742,28.8799991607666,29.040000915527344,28.690000534057617,28.90999984741211,3009700
2013-04-10,18.573352813720703,29.8799991607666,29.940000534057617,29.170000076293945,29.200000762939453,4545000
2013-04-11,18.75983428955078,30.18000030517578,30.25,29.729999542236328,29.950000762939453,4675600
2013-04-12,18.728748321533203,30.1299991607666,30.21999931335449,29.959999084472656,30.030000686645508,3255100
2013-04-15,17.995269775390625,28.950000762939453,30.07999992370605,28.920000076293945,29.950000762939453,4813000
2013-04-16,18.343355178833008,29.51000022888184,29.51000022888184,29.1299991607666,29.25,2387900
2013-04-17,17.827428817749023,28.68000030517578,29.350000381469727,28.459999084472656,29.15999984741211,4627400
2013-04-18,17.603654861450195,28.31999969482422,28.76000022888184,28.190000534057617,28.729999542236328,2590000
2013-04-19,17.957965850830078,28.88999938964844,28.90999984741211,28.38999938964844,28.479999542236328,2368000
2013-04-22,18.15066337585449,29.200000762939453,29.270000457763672,28.61000061035156,28.979999542236328,2123100
2013-04-23,18.45524978637696,29.690000534057617,30.07999992370605,29.31999969482422,29.709999084472656,4387300
2013-04-24,18.449033737182617,29.68000030517578,29.86000061035156,29.530000686645508,29.770000457763672,2232200
2013-04-25,18.461462020874023,29.700000762939453,29.850000381469727,29.56999969482422,29.799999237060547,2919200
2013-04-26,18.36821937561035,29.549999237060547,29.729999542236328,29.290000915527344,29.670000076293945,3786600
2013-04-29,18.467674255371094,29.709999084472656,29.82999992370605,29.489999771118164,29.729999542236328,3789600
2013-04-30,19.72952461242676,31.739999771118164,31.96999931335449,30.540000915527344,31.3799991607666,11839000
2013-05-01,19.543041229248047,31.440000534057617,32.220001220703125,31.39999961853028,31.75,6662900
2013-05-02,19.76681137084961,31.799999237060547,31.850000381469727,31.51000022888184,31.729999542236328,4731300
2013-05-03,20.17706871032715,32.459999084472656,32.77000045776367,32.119998931884766,32.22999954223633,4426300
2013-05-06,20.25166320800781,32.58000183105469,32.7400016784668,32.439998626708984,32.47999954223633,3715200
2013-05-07,20.270313262939453,32.61000061035156,32.83000183105469,32.459999084472656,32.70000076293945,3676500
2013-05-08,20.512733459472656,33.0,33.029998779296875,32.310001373291016,32.54999923706055,3096700
2013-05-09,20.49408721923828,32.970001220703125,33.20000076293945,32.7599983215332,33.040000915527344,2717300
2013-05-10,21.202713012695312,34.11000061035156,34.15999984741211,33.0099983215332,33.220001220703125,10047300
2013-05-13,21.15919685363769,34.040000915527344,34.16999816894531,33.720001220703125,33.88999938964844,3953400
2013-05-14,21.432701110839844,34.47999954223633,34.5,34.0,34.040000915527344,3392100
2013-05-15,21.648561477661133,34.599998474121094,34.630001068115234,33.86000061035156,34.029998779296875,4578600
2013-05-16,21.46085357666016,34.29999923706055,34.880001068115234,34.2400016784668,34.619998931884766,4118200
2013-05-17,21.642297744750977,34.59000015258789,34.650001525878906,34.310001373291016,34.5099983215332,4662500
2013-05-20,21.648561477661133,34.599998474121094,34.95000076293945,34.5,34.54999923706055,2650200
2013-05-21,21.54844665527344,34.439998626708984,34.79999923706055,34.380001068115234,34.61000061035156,2810100
2013-05-22,21.29818153381348,34.040000915527344,35.02000045776367,33.880001068115234,34.47999954223633,3215200
2013-05-23,20.98533821105957,33.540000915527344,33.650001525878906,33.150001525878906,33.560001373291016,5157900
2013-05-24,20.997848510742188,33.560001373291016,33.63999938964844,33.130001068115234,33.310001373291016,2477500
2013-05-28,21.579734802246094,34.4900016784668,34.65999984741211,34.099998474121094,34.2400016784668,3978300
2013-05-29,21.379512786865234,34.16999816894531,34.459999084472656,33.91999816894531,34.130001068115234,3910700
2013-05-30,21.67359161376953,34.63999938964844,34.81999969482422,34.04999923706055,34.189998626708984,3097700
2013-05-31,21.110475540161133,33.7400016784668,34.540000915527344,33.7400016784668,34.459999084472656,4413700
2013-06-03,20.935277938842773,33.459999084472656,33.79999923706055,32.97999954223633,33.75,4006500
2013-06-04,20.835168838500977,33.29999923706055,34.150001525878906,33.18000030517578,33.52000045776367,5063600
2013-06-05,20.38468170166016,32.58000183105469,33.290000915527344,32.34000015258789,33.220001220703125,4283500
2013-06-06,20.73506164550781,33.13999938964844,33.13999938964844,32.369998931884766,32.56999969482422,4914000
2013-06-07,21.54844665527344,34.439998626708984,34.4900016784668,33.29999923706055,33.380001068115234,5681300
2013-06-10,21.435829162597656,34.2599983215332,34.599998474121094,33.900001525878906,34.59000015258789,3747500
2013-06-11,21.035385131835938,33.619998931884766,34.18000030517578,33.369998931884766,33.779998779296875,3020900
2013-06-12,20.747577667236328,33.15999984741211,33.9900016784668,33.06999969482422,33.959999084472656,2271800
2013-06-13,21.279409408569336,34.0099983215332,34.060001373291016,33.0,33.11000061035156,2865300
2013-06-14,20.97282600402832,33.52000045776367,34.08000183105469,33.38999938964844,33.880001068115234,3158800
2013-06-17,21.492137908935547,34.349998474121094,34.5099983215332,33.88999938964844,33.95000076293945,2660500
2013-06-18,21.61102294921875,34.540000915527344,34.65999984741211,34.310001373291016,34.45000076293945,2181100
2013-06-19,21.279409408569336,34.0099983215332,34.630001068115234,34.0099983215332,34.58000183105469,3523500
2013-06-20,20.52233123779297,32.79999923706055,33.58000183105469,32.68000030517578,33.560001373291016,3865600
2013-06-21,20.528594970703125,32.810001373291016,33.439998626708984,32.59000015258789,33.150001525878906,6142900
2013-06-24,19.58380889892578,31.299999237060547,32.25,31.09000015258789,32.25,5970400
2013-06-25,19.70895195007324,31.5,31.89999961853028,31.280000686645508,31.790000915527344,6815400
2013-06-26,19.97173500061035,31.920000076293945,32.119998931884766,31.65999984741211,31.920000076293945,4633400
2013-06-27,20.340883255004883,32.5099983215332,32.560001373291016,32.09000015258789,32.2599983215332,3414700
2013-06-28,19.896652221679688,31.799999237060547,32.54999923706055,31.6299991607666,32.38999938964844,5858400
2013-07-01,19.865367889404297,31.75,32.27000045776367,31.739999771118164,32.13999938964844,3394700
2013-07-02,19.70268821716309,31.489999771118164,31.959999084472656,31.21999931335449,31.71999931335449,3434100
2013-07-03,19.677663803100582,31.450000762939453,31.68000030517578,31.18000030517578,31.280000686645508,1466500
2013-07-05,19.97173500061035,31.920000076293945,31.940000534057617,31.420000076293945,31.850000381469727,1642400
2013-07-08,19.97799491882324,31.93000030517578,32.15999984741211,31.82999992370605,32.11000061035156,2219100
2013-07-09,20.05306625366211,32.04999923706055,32.34000015258789,31.6200008392334,32.25,3088600
2013-07-10,19.608837127685547,31.34000015258789,32.04999923706055,31.309999465942383,32.040000915527344,5773800
2013-07-11,20.065587997436523,32.06999969482422,32.189998626708984,31.86000061035156,31.8799991607666,4330300
2013-07-12,19.865367889404297,31.75,32.2599983215332,31.530000686645508,32.11000061035156,6225700
2013-07-15,20.10312843322754,32.130001068115234,32.209999084472656,31.59000015258789,31.8700008392334,3794300
2013-07-16,19.984249114990234,31.940000534057617,32.25,31.6200008392334,32.209999084472656,3488600
2013-07-17,19.909162521362305,31.81999969482422,32.150001525878906,31.75,32.09000015258789,2546500
2013-07-18,20.347143173217773,32.52000045776367,32.72999954223633,31.920000076293945,32.0099983215332,4266400
2013-07-19,20.3283805847168,32.4900016784668,32.59000015258789,31.920000076293945,32.31999969482422,4353400
2013-07-22,20.64746856689453,33.0,33.13999938964844,32.380001068115234,32.5,3173800
2013-07-23,20.63495826721192,32.97999954223633,33.2400016784668,32.880001068115234,33.08000183105469,3057200
2013-07-24,20.45350646972656,32.689998626708984,33.08000183105469,32.4900016784668,32.97999954223633,3734800
2013-07-25,20.52233123779297,32.79999923706055,32.939998626708984,32.439998626708984,32.540000915527344,2357100
2013-07-26,20.55361557006836,32.849998474121094,32.900001525878906,32.40999984741211,32.650001525878906,2943100
2013-07-29,20.165695190429688,32.22999954223633,32.7599983215332,32.22999954223633,32.599998474121094,2600300
2013-07-30,20.171951293945312,32.2400016784668,32.599998474121094,32.220001220703125,32.459999084472656,4145400
2013-07-31,20.14066696166992,32.189998626708984,32.720001220703125,32.0,32.22999954223633,6707800
2013-08-01,20.67249298095703,33.040000915527344,33.130001068115234,32.459999084472656,32.56999969482422,5656400
2013-08-02,20.71003150939941,33.099998474121094,33.20000076293945,32.810001373291016,33.040000915527344,3199500
2013-08-05,20.72255516052246,33.119998931884766,33.25,32.869998931884766,33.029998779296875,1979400
2013-08-06,20.653728485107425,33.0099983215332,33.2599983215332,32.79999923706055,33.150001525878906,2808200
2013-08-07,20.440994262695312,32.66999816894531,32.810001373291016,32.400001525878906,32.790000915527344,2634000
2013-08-08,20.397193908691406,32.599998474121094,33.0,32.400001525878906,32.88999938964844,2150300
2013-08-09,20.37842559814453,32.56999969482422,32.75,32.2599983215332,32.47999954223633,2615500
2013-08-12,20.2094955444336,32.29999923706055,32.529998779296875,32.08000183105469,32.2599983215332,3249600
2013-08-13,20.72255516052246,33.119998931884766,33.31999969482422,32.400001525878906,32.400001525878906,4116300
2013-08-14,20.5723876953125,32.880001068115234,33.36000061035156,32.86000061035156,33.11000061035156,2087100
2013-08-15,20.090614318847656,32.11000061035156,32.5099983215332,31.959999084472656,32.41999816894531,2715800
2013-08-16,20.046815872192383,32.040000915527344,32.43000030517578,31.989999771118164,32.060001373291016,3634600
2013-08-19,19.659303665161133,31.200000762939453,31.88999938964844,31.200000762939453,31.700000762939453,2760800
2013-08-20,19.8231258392334,31.459999084472656,31.56999969482422,30.93000030517578,31.200000762939453,3570200
2013-08-21,19.58998680114746,31.09000015258789,31.479999542236328,30.790000915527344,31.290000915527344,2756400
2013-08-22,19.91134452819824,31.600000381469727,31.729999542236328,31.15999984741211,31.15999984741211,1760800
2013-08-23,19.89244079589844,31.56999969482422,31.76000022888184,31.450000762939453,31.63999938964844,1516300
2013-08-26,19.678203582763672,31.229999542236328,31.729999542236328,31.209999084472656,31.57999992370605,2260700
2013-08-27,19.104808807373047,30.31999969482422,30.799999237060547,30.229999542236328,30.729999542236328,3433200
2013-08-28,19.211929321289062,30.489999771118164,30.709999084472656,30.13999938964844,30.239999771118164,3253200
2013-08-29,19.445068359375,30.86000061035156,31.11000061035156,30.299999237060547,30.3700008392334,2322400
2013-08-30,19.1300106048584,30.36000061035156,30.959999084472656,30.229999542236328,30.920000076293945,2417300
2013-09-03,19.274938583374023,30.59000015258789,31.18000030517578,30.31999969482422,30.920000076293945,2517900
2013-09-04,19.5269775390625,30.989999771118164,31.229999542236328,30.5,30.57999992370605,2957300
2013-09-05,19.382057189941406,30.76000022888184,31.34000015258789,30.71999931335449,31.11000061035156,2862500
2013-09-06,19.18672561645508,30.450000762939453,31.020000457763672,30.09000015258789,30.850000381469727,4876300
2013-09-09,19.42616271972656,30.82999992370605,30.979999542236328,30.600000381469727,30.600000381469727,2927900
2013-09-10,19.766416549682617,31.3700008392334,31.670000076293945,31.200000762939453,31.200000762939453,2855900
2013-09-11,19.678203582763672,31.229999542236328,31.530000686645508,31.100000381469727,31.32999992370605,2149700
2013-09-12,19.564781188964844,31.049999237060547,31.459999084472656,30.96999931335449,31.239999771118164,3397900
2013-09-13,19.57108497619629,31.059999465942383,31.540000915527344,30.770000457763672,31.030000686645508,2391000
2013-09-16,19.917648315429688,31.61000061035156,31.82999992370605,31.350000381469727,31.670000076293945,4129000
2013-09-17,19.9554500579834,31.670000076293945,31.82999992370605,31.489999771118164,31.64999961853028,1709100
2013-09-18,20.50994682312012,32.54999923706055,32.72999954223633,31.489999771118164,31.65999984741211,4833400
2013-09-19,20.560348510742188,32.630001068115234,33.02000045776367,32.560001373291016,32.810001373291016,4705300
2013-09-20,20.560348510742188,32.630001068115234,32.88999938964844,32.5099983215332,32.70000076293945,5100100
2013-09-23,20.46583747863769,32.47999954223633,32.59000015258789,32.15999984741211,32.400001525878906,3585100
2013-09-24,20.289405822753903,32.20000076293945,32.529998779296875,32.16999816894531,32.470001220703125,2284000
2013-09-25,20.201190948486328,32.060001373291016,32.369998931884766,32.0,32.20000076293945,1547900
2013-09-26,20.30830955505371,32.22999954223633,32.2400016784668,31.920000076293945,32.02000045776367,2188200
2013-09-27,20.2200870513916,32.09000015258789,32.13999938964844,31.780000686645508,31.979999542236328,2493200
2013-09-30,20.10037422180176,31.89999961853028,32.0,31.59000015258789,31.709999084472656,2806400
2013-10-01,20.302011489868164,32.220001220703125,32.31999969482422,31.770000457763672,32.0099983215332,3407200
2013-10-02,20.39022254943848,32.36000061035156,32.36000061035156,31.799999237060547,31.920000076293945,3136800
2013-10-03,20.18859100341797,32.040000915527344,32.349998474121094,31.6299991607666,32.290000915527344,2973500
2013-10-04,20.4028263092041,32.380001068115234,32.459999084472656,32.0099983215332,32.040000915527344,1506500
2013-10-07,20.112977981567383,31.920000076293945,32.29999923706055,31.920000076293945,32.06999969482422,1931400
2013-10-08,19.84833717346192,31.5,32.279998779296875,31.5,32.02000045776367,3565200
2013-10-09,20.26420211791992,32.15999984741211,32.36000061035156,31.540000915527344,31.700000762939453,4228100
2013-10-10,21.37318420410156,33.91999816894531,33.93000030517578,32.93000030517578,32.93000030517578,6236400
2013-10-11,21.64413452148437,34.349998474121094,34.63999938964844,33.779998779296875,33.900001525878906,3749600
2013-10-14,21.83316993713379,34.650001525878906,34.72999954223633,33.93000030517578,34.0099983215332,3070200
2013-10-15,20.42803001403809,32.41999816894531,34.630001068115234,32.08000183105469,34.540000915527344,22098900
2013-10-16,20.207494735717773,32.06999969482422,32.31999969482422,31.5,32.16999816894531,15398100
2013-10-17,20.453237533569336,32.459999084472656,32.779998779296875,31.8700008392334,31.8700008392334,9351100
2013-10-18,20.6485652923584,32.77000045776367,32.93000030517578,32.459999084472656,32.63999938964844,5755400
2013-10-21,20.49734687805176,32.529998779296875,32.91999816894531,32.5,32.900001525878906,3073200
2013-10-22,20.478439331054688,32.5,32.83000183105469,32.25,32.75,4121700
2013-10-23,20.453237533569336,32.459999084472656,32.529998779296875,32.11000061035156,32.41999816894531,3765600
2013-10-24,20.57295799255371,32.650001525878906,32.689998626708984,32.40999984741211,32.59000015258789,3464500
2013-10-25,20.711576461791992,32.869998931884766,32.93000030517578,32.619998931884766,32.72999954223633,2567200
2013-10-28,20.635967254638672,32.75,32.86000061035156,32.41999816894531,32.790000915527344,2659200
2013-10-29,21.020326614379883,33.36000061035156,33.369998931884766,32.779998779296875,32.79999923706055,4672300
2013-10-30,20.736785888671875,32.90999984741211,33.52000045776367,32.83000183105469,33.470001220703125,3296100
2013-10-31,21.26606750488281,33.75,34.25,33.31999969482422,33.650001525878906,8799300
2013-11-01,21.322778701782227,33.84000015258789,34.15999984741211,33.68000030517578,33.90999984741211,4096200
2013-11-04,21.020326614379883,33.36000061035156,34.029998779296875,33.33000183105469,34.029998779296875,4525800
2013-11-05,20.736785888671875,32.90999984741211,33.34000015258789,32.72999954223633,33.25,4654000
2013-11-06,20.831296920776367,33.060001373291016,33.380001068115234,32.75,33.04999923706055,3293000
2013-11-07,20.396520614624023,32.369998931884766,33.31999969482422,32.34000015258789,33.18000030517578,4543400
2013-11-08,20.995126724243164,33.31999969482422,33.31999969482422,32.25,32.25,4124500
2013-11-11,21.15265464782715,33.56999969482422,33.88999938964844,33.33000183105469,33.65999984741211,2544700
2013-11-12,20.925811767578125,33.209999084472656,33.68000030517578,33.060001373291016,33.560001373291016,3528700
2013-11-13,20.96991729736328,33.279998779296875,33.40999984741211,32.72999954223633,32.939998626708984,4955200
2013-11-14,21.46770668029785,34.06999969482422,34.31999969482422,33.77000045776367,34.18000030517578,4619100
2013-11-15,21.46453285217285,33.84000015258789,34.06999969482422,33.630001068115234,33.77000045776367,2881800
2013-11-18,21.38208198547364,33.709999084472656,34.04999923706055,33.61000061035156,33.849998474121094,2625200
2013-11-19,21.31229591369629,33.599998474121094,33.84000015258789,33.470001220703125,33.72999954223633,3909700
2013-11-20,21.23618698120117,33.47999954223633,33.939998626708984,33.380001068115234,33.75,3539900
2013-11-21,21.426475524902344,33.779998779296875,33.849998474121094,33.36000061035156,33.54999923706055,3163900
2013-11-22,21.502592086791992,33.900001525878906,34.04999923706055,33.54999923706055,33.84000015258789,3271200
2013-11-25,21.730932235717773,34.2599983215332,34.38999938964844,33.79999923706055,34.02000045776367,2982200
2013-11-26,21.89584922790528,34.52000045776367,34.650001525878906,34.209999084472656,34.369998931884766,4263700
2013-11-27,22.219343185424805,35.029998779296875,35.22999954223633,34.4900016784668,34.59000015258789,4264800
2013-11-29,22.10516929626465,34.849998474121094,35.2599983215332,34.79999923706055,35.099998474121094,1569700
2013-12-02,22.289119720458984,35.13999938964844,35.47999954223633,34.810001373291016,34.86000061035156,3833400
2013-12-03,22.19397354125977,34.9900016784668,35.029998779296875,34.72999954223633,34.90999984741211,3861700
2013-12-04,22.14956855773925,34.91999816894531,35.209999084472656,34.54999923706055,34.72999954223633,4479300
2013-12-05,21.81339836120605,34.38999938964844,34.849998474121094,34.349998474121094,34.630001068115234,4365900
2013-12-06,22.492088317871094,35.459999084472656,35.70000076293945,34.939998626708984,34.939998626708984,4503300
2013-12-09,22.625293731689453,35.66999816894531,35.86000061035156,35.34000015258789,35.529998779296875,2683300
2013-12-10,22.44135093688965,35.380001068115234,35.65999984741211,35.22999954223633,35.5099983215332,2435000
2013-12-11,21.97197151184082,34.63999938964844,35.5,34.56999969482422,35.47999954223633,3780900
2013-12-12,21.81339836120605,34.38999938964844,34.77000045776367,34.279998779296875,34.65999984741211,3086900
2013-12-13,21.93391227722168,34.58000183105469,34.83000183105469,34.38999938964844,34.619998931884766,2947100
2013-12-16,22.244718551635746,35.06999969482422,35.2400016784668,34.77000045776367,34.81999969482422,2792800
2013-12-17,21.8641357421875,34.470001220703125,35.220001220703125,34.459999084472656,35.099998474121094,4234400
2013-12-18,22.42866516113281,35.36000061035156,35.369998931884766,33.939998626708984,34.54999923706055,4845000
2013-12-19,22.358890533447266,35.25,35.540000915527344,35.09000015258789,35.34000015258789,2539200
2013-12-20,22.72677993774414,35.83000183105469,35.88999938964844,35.279998779296875,35.279998779296875,3999700
2013-12-23,22.993179321289062,36.25,36.31999969482422,35.880001068115234,36.0,2536300
2013-12-24,23.10736083984375,36.43000030517578,36.5099983215332,36.209999084472656,36.25,1197300
2013-12-26,23.183473587036133,36.54999923706055,36.72999954223633,36.400001525878906,36.43999862670898,1712800
2013-12-27,23.145416259765625,36.4900016784668,36.70000076293945,36.36000061035156,36.52000045776367,1324800
2013-12-30,23.056617736816406,36.34999847412109,36.790000915527344,36.29999923706055,36.43999862670898,1477900
2013-12-31,23.08833312988281,36.400001525878906,36.68999862670898,36.33000183105469,36.400001525878906,1593900
2014-01-02,22.75215530395508,35.869998931884766,36.400001525878906,35.66999816894531,36.2599983215332,1866200
2014-01-03,22.91073226928711,36.119998931884766,36.27999877929688,35.97999954223633,36.02000045776367,2036600
2014-01-06,23.06930351257324,36.369998931884766,36.72999954223633,36.25,36.59000015258789,3758500
2014-01-07,23.27227783203125,36.68999862670898,36.880001068115234,36.560001373291016,36.70000076293945,2293800
2014-01-08,23.170785903930664,36.52999877929688,36.72999954223633,36.380001068115234,36.72999954223633,2391900
2014-01-09,22.859975814819336,36.040000915527344,36.720001220703125,35.959999084472656,36.709999084472656,3090400
2014-01-10,22.73946952819824,35.849998474121094,36.380001068115234,35.650001525878906,36.27999877929688,3813400
2014-01-13,22.232032775878903,35.04999923706055,35.97999954223633,34.959999084472656,35.790000915527344,3299600
2014-01-14,22.339862823486328,35.220001220703125,35.40999984741211,34.84000015258789,35.220001220703125,3651700
2014-01-15,22.492088317871094,35.459999084472656,35.4900016784668,35.040000915527344,35.25,3024300
2014-01-16,22.327178955078125,35.20000076293945,35.529998779296875,35.15999984741211,35.459999084472656,2395800
2014-01-17,22.206655502319336,35.0099983215332,35.29999923706055,34.90999984741211,35.20000076293945,2653600
2014-01-21,22.22568321228028,35.040000915527344,35.369998931884766,34.88999938964844,35.189998626708984,2487300
2014-01-22,22.73946952819824,35.849998474121094,35.88999938964844,35.08000183105469,35.220001220703125,3207200
2014-01-23,22.19397354125977,34.9900016784668,35.650001525878906,34.93000030517578,35.58000183105469,3690700
2014-01-24,21.23618698120117,33.47999954223633,34.83000183105469,33.470001220703125,34.689998626708984,3782500
2014-01-27,20.98247528076172,33.08000183105469,33.7400016784668,32.72999954223633,33.52000045776367,3250600
2014-01-28,21.2044734954834,33.43000030517578,33.7400016784668,33.209999084472656,33.209999084472656,5133800
2014-01-29,20.963438034057617,33.04999923706055,33.31999969482422,32.689998626708984,32.79999923706055,6463500
2014-01-30,21.24887657165528,33.5,34.2599983215332,33.45000076293945,33.68000030517578,4303400
2014-01-31,21.09029960632324,33.25,34.43000030517578,32.880001068115234,34.43000030517578,3903200
2014-02-03,20.2276611328125,31.88999938964844,33.119998931884766,31.809999465942383,33.060001373291016,4662100
2014-02-04,20.58920860290528,32.459999084472656,32.72999954223633,31.86000061035156,32.16999816894531,3929500
2014-02-05,20.15154457092285,31.770000457763672,32.45000076293945,31.729999542236328,32.290000915527344,5066300
2014-02-06,20.773155212402344,32.75,32.79999923706055,31.809999465942383,31.88999938964844,5530200
2014-02-07,20.855607986450195,32.880001068115234,33.38999938964844,32.45000076293945,32.95000076293945,4645500
2014-02-10,21.629444122314453,34.099998474121094,34.45000076293945,33.40999984741211,33.41999816894531,8796000
2014-02-11,21.78801918029785,34.349998474121094,34.560001373291016,33.95000076293945,34.220001220703125,5226000
2014-02-12,21.78801918029785,34.349998474121094,34.84000015258789,34.2400016784668,34.439998626708984,3561600
2014-02-13,21.902198791503903,34.529998779296875,34.54999923706055,33.91999816894531,34.06999969482422,2932400
2014-02-14,21.79436683654785,34.36000061035156,34.56999969482422,34.130001068115234,34.40999984741211,2435400
2014-02-18,21.797563552856445,34.13999938964844,34.47999954223633,33.95000076293945,34.290000915527344,2644600
2014-02-19,21.593250274658203,33.81999969482422,34.619998931884766,33.779998779296875,33.9900016784668,2843500
2014-02-20,21.51024055480957,33.689998626708984,33.97999954223633,33.38999938964844,33.779998779296875,2995000
2014-02-21,21.41447830200196,33.540000915527344,33.7400016784668,33.310001373291016,33.68000030517578,4027700
2014-02-24,21.599628448486328,33.83000183105469,34.060001373291016,33.45000076293945,33.529998779296875,2660300
2014-02-25,21.28678131103516,33.34000015258789,33.95000076293945,33.25,33.83000183105469,2558500
2014-02-26,21.139928817749023,33.11000061035156,33.56999969482422,33.029998779296875,33.380001068115234,3992500
2014-02-27,21.784791946411133,34.119998931884766,34.119998931884766,33.04999923706055,33.06999969482422,3675100
2014-02-28,21.89971351623535,34.29999923706055,34.52000045776367,33.97999954223633,34.08000183105469,4578000
2014-03-03,21.29315948486328,33.349998474121094,33.720001220703125,33.20000076293945,33.720001220703125,6008000
2014-03-04,21.99548721313477,34.45000076293945,34.5,33.900001525878906,33.90999984741211,3237000
2014-03-05,21.9763298034668,34.41999816894531,34.61000061035156,34.279998779296875,34.5,2686100
2014-03-06,21.95079231262207,34.380001068115234,34.72999954223633,34.27000045776367,34.47999954223633,3274000
2014-03-07,22.040172576904297,34.52000045776367,34.790000915527344,34.34000015258789,34.709999084472656,3059100
2014-03-10,22.25726318359375,34.86000061035156,34.900001525878906,34.130001068115234,34.529998779296875,4210200
2014-03-11,22.18702888488769,34.75,35.13999938964844,34.59000015258789,34.88999938964844,4485600
2014-03-12,22.716964721679688,35.58000183105469,35.58000183105469,34.68000030517578,34.70000076293945,6280900
2014-03-13,22.22533416748047,34.810001373291016,35.90999984741211,34.720001220703125,35.61000061035156,3919500
2014-03-14,22.04656982421875,34.529998779296875,34.88999938964844,34.400001525878906,34.689998626708984,3095800
2014-03-17,22.28280258178711,34.900001525878906,35.150001525878906,34.58000183105469,34.7599983215332,2275900
2014-03-18,22.40411376953125,35.09000015258789,35.33000183105469,34.810001373291016,35.04999923706055,2438300
2014-03-19,22.29556655883789,34.91999816894531,35.189998626708984,34.52000045776367,35.18000030517578,3723700
2014-03-20,23.14474105834961,36.25,36.27000045776367,34.65999984741211,34.68000030517578,4597700
2014-03-21,23.08089637756348,36.150001525878906,36.810001373291016,36.02999877929688,36.650001525878906,7200200
2014-03-24,23.106430053710938,36.18999862670898,36.400001525878906,36.0,36.2599983215332,3556300
2014-03-25,23.138362884521484,36.2400016784668,36.56999969482422,36.0,36.40999984741211,3573000
2014-03-26,23.163894653320312,36.27999877929688,36.81999969482422,36.27999877929688,36.4900016784668,3815400
2014-03-27,23.06813240051269,36.130001068115234,36.4900016784668,35.97999954223633,36.27000045776367,3477200
2014-03-28,23.266048431396484,36.43999862670898,36.72999954223633,36.209999084472656,36.33000183105469,1997200
2014-03-31,23.62360382080078,37.0,37.18000030517578,36.68000030517578,36.810001373291016,3110900
2014-04-01,23.917295455932617,37.459999084472656,37.459999084472656,36.65999984741211,36.709999084472656,3120200
2014-04-02,24.057762145996094,37.68000030517578,37.869998931884766,37.290000915527344,37.47999954223633,3032600
2014-04-03,23.40013885498047,36.650001525878906,36.93999862670898,36.31999969482422,36.5,8470800
2014-04-04,22.76165580749512,35.650001525878906,37.09000015258789,35.40999984741211,37.040000915527344,5912600
2014-04-07,22.110414505004883,34.630001068115234,35.540000915527344,34.540000915527344,35.540000915527344,5864100
2014-04-08,22.429643630981445,35.130001068115234,35.22999954223633,34.38999938964844,34.790000915527344,4032400
2014-04-09,22.69780921936035,35.54999923706055,35.599998474121094,35.099998474121094,35.25,3680400
2014-04-10,22.167871475219727,34.720001220703125,35.75,34.720001220703125,35.0,4723100
2014-04-11,21.765634536743164,34.09000015258789,34.79999923706055,34.0099983215332,34.529998779296875,3948000
2014-04-14,21.969951629638672,34.40999984741211,34.70000076293945,34.040000915527344,34.4900016784668,2705300
2014-04-15,22.110414505004883,34.630001068115234,34.95000076293945,34.0,34.540000915527344,3181500
2014-04-16,22.46158027648925,35.18000030517578,35.18000030517578,34.65999984741211,34.93000030517578,2086900
2014-04-17,22.48711204528809,35.220001220703125,35.40999984741211,35.040000915527344,35.25,2150800
2014-04-21,22.563730239868164,35.34000015258789,35.5099983215332,35.04999923706055,35.2599983215332,1573800
2014-04-22,22.799962997436523,35.709999084472656,35.900001525878906,35.189998626708984,35.31999969482422,1958400
2014-04-23,22.83827018737793,35.77000045776367,35.90999984741211,35.630001068115234,35.709999084472656,1316600
2014-04-24,22.58926773071289,35.380001068115234,35.959999084472656,35.31999969482422,35.939998626708984,2623000
2014-04-25,22.27003288269043,34.880001068115234,35.40999984741211,34.709999084472656,35.310001373291016,2040900
2014-04-28,22.21256256103516,34.790000915527344,35.15999984741211,34.25,35.119998931884766,2613300
2014-04-29,22.48711204528809,35.220001220703125,35.34000015258789,34.970001220703125,35.119998931884766,1721000
2014-04-30,22.48073005676269,35.209999084472656,35.34000015258789,34.7400016784668,35.209999084472656,2799800
2014-05-01,22.99788856506348,36.02000045776367,36.459999084472656,35.459999084472656,35.75,5342700
2014-05-02,22.95958709716797,35.959999084472656,36.900001525878906,35.91999816894531,36.86000061035156,3691500
2014-05-05,22.84465408325196,35.779998779296875,36.02000045776367,35.45000076293945,35.61000061035156,1647400
2014-05-06,22.51264953613281,35.2599983215332,35.68000030517578,35.22999954223633,35.68000030517578,2786700
2014-05-07,22.80635643005371,35.720001220703125,35.75,35.0,35.41999816894531,2240500
2014-05-08,22.678653717041016,35.52000045776367,36.22999954223633,35.36000061035156,35.68000030517578,2210700
2014-05-09,22.889354705810547,35.849998474121094,36.02000045776367,35.5,35.619998931884766,2876400
2014-05-12,23.09366226196289,36.16999816894531,36.34999847412109,35.959999084472656,35.959999084472656,2312000
2014-05-13,23.010662078857425,36.040000915527344,36.560001373291016,35.93000030517578,36.29999923706055,2221900
2014-05-14,22.875646591186523,35.58000183105469,35.869998931884766,35.5,35.790000915527344,2014600
2014-05-15,22.258419036865234,34.619998931884766,35.40999984741211,34.36000061035156,35.349998474121094,2885700
2014-05-16,22.303436279296875,34.689998626708984,34.75,34.310001373291016,34.630001068115234,2442700
2014-05-19,22.57989501953125,35.119998931884766,35.20000076293945,34.459999084472656,34.4900016784668,1767800
2014-05-20,22.46416282653809,34.939998626708984,35.7400016784668,34.709999084472656,35.470001220703125,2305000
2014-05-21,22.69562339782715,35.29999923706055,35.439998626708984,35.06999969482422,35.189998626708984,2854400
2014-05-22,22.77277565002441,35.41999816894531,35.58000183105469,35.2599983215332,35.27000045776367,3565700
2014-05-23,22.933507919311523,35.66999816894531,35.75,35.45000076293945,35.5099983215332,1885300
2014-05-27,23.177827835083008,36.04999923706055,36.06999969482422,35.81999969482422,35.869998931884766,3239800
2014-05-28,23.107097625732425,35.939998626708984,36.369998931884766,35.90999984741211,36.09000015258789,4289900
2014-05-29,23.55072975158692,36.630001068115234,36.66999816894531,35.90999984741211,36.0,3628700
2014-05-30,23.59573554992676,36.70000076293945,36.7400016784668,36.41999816894531,36.459999084472656,2568900
2014-06-02,23.66646194458008,36.810001373291016,36.95000076293945,36.43999862670898,36.83000183105469,1974700
2014-06-03,23.84005355834961,37.08000183105469,37.09000015258789,36.59000015258789,36.650001525878906,2154800
2014-06-04,23.96220970153809,37.27000045776367,37.29999923706055,36.77999877929688,36.900001525878906,2925800
2014-06-05,24.21295547485352,37.65999984741211,37.77000045776367,37.13999938964844,37.34999847412109,1819100
2014-06-06,24.54727554321289,38.18000030517578,38.34999847412109,37.81999969482422,37.880001068115234,2603400
2014-06-09,24.560142517089844,38.20000076293945,38.40999984741211,37.970001220703125,38.06999969482422,2479300
2014-06-10,24.41226387023925,37.970001220703125,38.119998931884766,37.709999084472656,38.06999969482422,1907800
2014-06-11,24.34796905517578,37.869998931884766,37.959999084472656,37.59000015258789,37.83000183105469,2358900
2014-06-12,24.225807189941406,37.68000030517578,38.060001373291016,37.59000015258789,37.880001068115234,1556400
2014-06-13,23.94292259216309,37.2400016784668,37.83000183105469,37.119998931884766,37.75,3052200
2014-06-16,23.8336238861084,37.06999969482422,37.220001220703125,36.77000045776367,37.130001068115234,2337300
2014-06-17,24.013633728027344,37.34999847412109,37.4900016784668,36.77000045776367,37.060001373291016,2524500
2014-06-18,23.987926483154297,37.310001373291016,37.5099983215332,36.84999847412109,37.41999816894531,6458100
2014-06-19,23.917198181152344,37.20000076293945,37.5,37.060001373291016,37.400001525878906,2300300
2014-06-20,23.94292259216309,37.2400016784668,37.41999816894531,37.13999938964844,37.310001373291016,2339000
2014-06-23,24.14223289489746,37.54999923706055,37.70000076293945,37.02999877929688,37.310001373291016,2839700
2014-06-24,23.84005355834961,37.08000183105469,37.61000061035156,37.040000915527344,37.33000183105469,1588900
2014-06-25,24.10365104675293,37.4900016784668,37.5099983215332,36.84999847412109,36.95000076293945,1978200
2014-06-26,23.994354248046875,37.31999969482422,37.41999816894531,37.040000915527344,37.41999816894531,1872400
2014-06-27,24.264389038085938,37.7400016784668,37.77999877929688,37.130001068115234,37.130001068115234,3489700
2014-06-30,24.27082061767578,37.75,37.93000030517578,37.43000030517578,37.5,2261000
2014-07-01,24.65657615661621,38.34999847412109,38.56999969482422,37.90999984741211,37.9900016784668,2136700
2014-07-02,24.56656646728516,38.209999084472656,38.34000015258789,38.0099983215332,38.25,1653300
2014-07-03,24.85588455200196,38.65999984741211,38.72999954223633,38.25,38.25,911600
2014-07-07,24.881607055664062,38.70000076293945,38.84000015258789,38.25,38.54999923706055,2049100
2014-07-08,24.48941230773925,38.09000015258789,38.63999938964844,37.93999862670898,38.560001373291016,2314500
2014-07-09,24.66300773620605,38.36000061035156,38.68000030517578,38.20000076293945,38.27999877929688,2669200
2014-07-10,24.264389038085938,37.7400016784668,37.869998931884766,37.36000061035156,37.7599983215332,2557200
2014-07-11,24.405834197998047,37.959999084472656,38.060001373291016,37.630001068115234,37.810001373291016,1359400
2014-07-14,24.49584579467773,38.09999847412109,38.4900016784668,38.02999877929688,38.34000015258789,1613800
2014-07-15,24.482986450195312,38.08000183105469,38.459999084472656,37.900001525878906,38.150001525878906,2191900
2014-07-16,24.579421997070312,38.22999954223633,38.459999084472656,38.0099983215332,38.34000015258789,1551000
2014-07-17,24.193662643432617,37.630001068115234,38.38999938964844,37.59999847412109,38.0,1278400
2014-07-18,24.463699340820312,38.04999923706055,38.09999847412109,37.709999084472656,37.720001220703125,1428300
2014-07-21,24.48941230773925,38.09000015258789,38.150001525878906,37.7400016784668,38.0,1244100
2014-07-22,24.900894165039062,38.72999954223633,38.77999877929688,38.0,38.0099983215332,2755300
2014-07-23,24.823745727539062,38.61000061035156,38.75,38.369998931884766,38.7400016784668,1583200
2014-07-24,24.7851676940918,38.54999923706055,38.77000045776367,38.41999816894531,38.5,1606000
2014-07-25,24.695152282714844,38.40999984741211,38.61000061035156,38.150001525878906,38.34999847412109,1204800
2014-07-28,24.70800399780273,38.43000030517578,38.540000915527344,38.09000015258789,38.31999969482422,1377300
2014-07-29,24.5537052154541,38.18999862670898,38.75,38.15999984741211,38.5,1613500
2014-07-30,24.67586708068848,38.380001068115234,38.66999816894531,37.9900016784668,38.34000015258789,2923700
2014-07-31,24.193662643432617,37.630001068115234,38.86000061035156,37.54999923706055,38.06999969482422,3442600
2014-08-01,24.315820693969727,37.81999969482422,38.709999084472656,37.31999969482422,38.06999969482422,4643600
2014-08-04,24.60514640808105,38.27000045776367,38.34000015258789,37.79999923706055,37.91999816894531,2359900
2014-08-05,24.13580703735352,37.540000915527344,38.18000030517578,37.45000076293945,37.9900016784668,2571600
2014-08-06,24.47013092041016,38.060001373291016,38.380001068115234,37.36000061035156,37.369998931884766,2694300
2014-08-07,24.30939102172852,37.810001373291016,38.459999084472656,37.630001068115234,38.31999969482422,2289600
2014-08-08,24.335113525390625,37.84999847412109,37.970001220703125,37.470001220703125,37.869998931884766,5055900
2014-08-11,24.6694393157959,38.369998931884766,38.540000915527344,37.90999984741211,38.060001373291016,2297200
2014-08-12,24.894466400146484,38.720001220703125,38.7599983215332,38.27999877929688,38.36000061035156,2452200
2014-08-13,24.95875358581543,38.81999969482422,38.959999084472656,38.66999816894531,38.86000061035156,1569900
2014-08-14,25.24165344238281,39.2599983215332,39.290000915527344,38.790000915527344,38.83000183105469,2451800
2014-08-15,25.023048400878903,38.91999816894531,39.470001220703125,38.52999877929688,39.29999923706055,2402200
2014-08-18,25.38953018188477,39.4900016784668,39.68000030517578,39.209999084472656,39.34999847412109,2503600
2014-08-19,25.596576690673828,39.560001373291016,39.630001068115234,39.2400016784668,39.29999923706055,1841200
2014-08-20,25.93950080871582,40.09000015258789,40.290000915527344,39.40999984741211,39.52999877929688,3633000
2014-08-21,26.12714385986328,40.380001068115234,40.43000030517578,40.09000015258789,40.25,2228800
2014-08-22,25.881271362304688,40.0,40.459999084472656,39.81999969482422,40.34000015258789,3054600
2014-08-25,26.27595329284668,40.61000061035156,40.7400016784668,40.20000076293945,40.33000183105469,2134400
2014-08-26,26.57359504699707,41.06999969482422,41.13999938964844,40.61000061035156,40.63999938964844,2349900
2014-08-27,26.38595390319824,40.77999877929688,41.11000061035156,40.560001373291016,41.09000015258789,2060500
2014-08-28,26.25654602050781,40.58000183105469,40.68999862670898,40.33000183105469,40.52000045776367,2168600
2014-08-29,26.424776077270508,40.84000015258789,40.9900016784668,40.650001525878906,40.77000045776367,1678000
2014-09-02,26.502412796020508,40.959999084472656,41.20000076293945,40.63999938964844,40.79999923706055,2627300
2014-09-03,26.347129821777344,40.720001220703125,41.27999877929688,40.65999984741211,41.2400016784668,2715500
2014-09-04,26.301834106445312,40.650001525878906,41.13999938964844,40.52000045776367,40.88999938964844,3111300
2014-09-05,26.50888633728028,40.970001220703125,41.04999923706055,40.470001220703125,40.59000015258789,3299000
2014-09-08,26.502412796020508,40.959999084472656,41.09999847412109,40.790000915527344,40.880001068115234,1716100
2014-09-09,26.094789505004883,40.33000183105469,40.95000076293945,40.220001220703125,40.84999847412109,2626600
2014-09-10,26.18536949157715,40.470001220703125,40.630001068115234,40.220001220703125,40.45000076293945,2079800
2014-09-11,26.353605270385746,40.72999954223633,40.77000045776367,40.27999877929688,40.36000061035156,2336000
2014-09-12,26.398887634277344,40.79999923706055,40.900001525878906,40.58000183105469,40.709999084472656,2961200
2014-09-15,26.146543502807617,40.40999984741211,40.84000015258789,40.380001068115234,40.709999084472656,2263600
2014-09-16,26.27595329284668,40.61000061035156,40.70000076293945,39.970001220703125,40.20000076293945,2182000
2014-09-17,26.431241989135746,40.84999847412109,41.06999969482422,40.5,40.650001525878906,2480000
2014-09-18,26.69005584716797,41.25,41.43999862670898,40.9900016784668,41.06999969482422,2210900
2014-09-19,26.52182579040528,40.9900016784668,41.40999984741211,40.91999816894531,41.31999969482422,2885500
2014-09-22,26.28889846801757,40.630001068115234,40.880001068115234,40.380001068115234,40.7599983215332,2600000
2014-09-23,26.055965423583984,40.27000045776367,40.810001373291016,40.20000076293945,40.52000045776367,2363400
2014-09-24,26.22418785095215,40.52999877929688,40.56999969482422,40.09999847412109,40.2599983215332,2926200
2014-09-25,25.654809951782227,39.650001525878906,40.470001220703125,39.54999923706055,40.470001220703125,2811900
2014-09-26,26.010677337646484,40.20000076293945,40.29999923706055,39.7599983215332,39.88999938964844,3036500
2014-09-29,25.622455596923828,39.59999847412109,39.869998931884766,39.47999954223633,39.65999984741211,2714500
2014-09-30,25.54481315612793,39.47999954223633,39.81999969482422,39.36000061035156,39.54999923706055,2701500
2014-10-01,25.124242782592773,38.83000183105469,39.45000076293945,38.70000076293945,39.45000076293945,3708600
2014-10-02,25.23423767089844,39.0,39.11000061035156,38.310001373291016,38.709999084472656,3560300
2014-10-03,25.64186668395996,39.630001068115234,39.880001068115234,39.15999984741211,39.34999847412109,3265000
2014-10-06,25.603042602539062,39.56999969482422,39.880001068115234,39.310001373291016,39.86000061035156,2428500
2014-10-07,24.94954490661621,38.560001373291016,39.34999847412109,38.52999877929688,39.34999847412109,2302300
2014-10-08,25.16953086853028,38.900001525878906,38.93999862670898,38.060001373291016,38.5099983215332,5471000
2014-10-09,24.30898094177246,37.56999969482422,38.84999847412109,37.56999969482422,38.720001220703125,3407500
2014-10-10,23.94017601013184,37.0,37.790000915527344,36.9900016784668,37.54999923706055,3677900
2014-10-13,23.33196258544922,36.060001373291016,37.09999847412109,36.0099983215332,37.0099983215332,3794800
2014-10-14,23.11844253540039,35.72999954223633,36.31999969482422,35.470001220703125,36.20000076293945,5035500
2014-10-15,23.008453369140625,35.560001373291016,35.75,34.400001525878906,35.150001525878906,5274600
2014-10-16,23.196090698242188,35.849998474121094,36.15999984741211,34.75,34.779998779296875,3912600
2014-10-17,23.73959350585937,36.68999862670898,36.79999923706055,36.22999954223633,36.34999847412109,3446400
2014-10-20,23.746063232421875,36.70000076293945,36.75,36.34000015258789,36.5,2664700
2014-10-21,24.444860458374023,37.77999877929688,37.77999877929688,36.93000030517578,37.040000915527344,2915800
2014-10-22,24.017820358276367,37.119998931884766,37.7599983215332,37.08000183105469,37.7599983215332,2013100
2014-10-23,24.457799911499023,37.79999923706055,38.06999969482422,37.459999084472656,37.52000045776367,2627200
2014-10-24,24.626026153564453,38.060001373291016,38.09000015258789,37.66999816894531,37.77999877929688,2354100
2014-10-27,24.54837989807129,37.93999862670898,38.02999877929688,37.61000061035156,37.810001373291016,2187600
2014-10-28,25.298938751220703,39.09999847412109,39.09999847412109,38.09999847412109,38.18999862670898,2911100
2014-10-29,25.130720138549805,38.84000015258789,39.38999938964844,38.470001220703125,39.2400016784668,3450500
2014-10-30,25.674219131469727,39.68000030517578,39.9900016784668,38.810001373291016,38.810001373291016,3102700
2014-10-31,26.18536949157715,40.470001220703125,40.56999969482422,40.130001068115234,40.290000915527344,3986100
2014-11-03,25.991256713867188,40.16999816894531,40.619998931884766,40.0,40.41999816894531,2138700
2014-11-04,25.97832298278809,40.150001525878906,40.34000015258789,39.63999938964844,39.93999862670898,1896600
2014-11-05,26.15948867797852,40.43000030517578,40.459999084472656,40.119998931884766,40.369998931884766,1766000
2014-11-06,26.495948791503903,40.95000076293945,41.02999877929688,40.36000061035156,40.36000061035156,2068400
2014-11-07,26.70946311950684,41.27999877929688,41.47999954223633,40.72999954223633,41.0,2335200
2014-11-10,26.63828659057617,41.16999816894531,41.36000061035156,41.0099983215332,41.27000045776367,2279000
2014-11-11,26.56064987182617,41.04999923706055,41.2400016784668,40.9900016784668,41.15999984741211,1528000
2014-11-12,26.43771743774414,40.86000061035156,41.040000915527344,40.68000030517578,40.90999984741211,2404000
2014-11-13,26.327709197998047,40.68999862670898,41.11000061035156,40.27999877929688,40.900001525878906,3142900
2014-11-14,26.13891792297364,40.150001525878906,40.59000015258789,40.060001373291016,40.45000076293945,2032400
2014-11-17,25.91757583618164,39.810001373291016,40.11000061035156,39.709999084472656,40.09000015258789,2284900
2014-11-18,25.911052703857425,39.79999923706055,40.02000045776367,39.650001525878906,39.810001373291016,3669300
2014-11-19,25.689697265625,39.459999084472656,39.790000915527344,39.209999084472656,39.68000030517578,3544300
2014-11-20,25.97616004943848,39.900001525878906,39.900001525878906,39.18000030517578,39.220001220703125,1687800
2014-11-21,26.210533142089844,40.2599983215332,40.65999984741211,40.220001220703125,40.40999984741211,2038700
2014-11-24,26.347251892089844,40.470001220703125,40.79999923706055,40.34000015258789,40.459999084472656,2387900
2014-11-25,26.32120513916016,40.43000030517578,40.63999938964844,40.33000183105469,40.61000061035156,2010900
2014-11-26,26.340740203857425,40.459999084472656,40.56999969482422,40.25,40.459999084472656,1314300
2014-11-28,26.2756404876709,40.36000061035156,40.619998931884766,40.27999877929688,40.619998931884766,858300
2014-12-01,26.230073928833008,40.290000915527344,40.4900016784668,39.77000045776367,40.25,2419100
2014-12-02,26.366775512695312,40.5,40.72999954223633,40.33000183105469,40.459999084472656,1792100
2014-12-03,26.327713012695312,40.43999862670898,40.66999816894531,40.380001068115234,40.47999954223633,1736700
2014-12-04,26.340740203857425,40.459999084472656,40.560001373291016,40.0099983215332,40.40999984741211,2640200
2014-12-05,26.789958953857425,41.150001525878906,41.20000076293945,40.630001068115234,40.630001068115234,1984000
2014-12-08,26.73136138916016,41.060001373291016,41.5099983215332,40.869998931884766,41.04999923706055,2103500
2014-12-09,26.750883102416992,41.09000015258789,41.11000061035156,40.400001525878906,40.88999938964844,1695100
2014-12-10,26.210533142089844,40.2599983215332,41.400001525878906,40.18999862670898,41.09000015258789,2746900
2014-12-11,26.054288864135746,40.02000045776367,40.88999938964844,39.91999816894531,40.43999862670898,2698300
2014-12-12,25.103778839111328,38.560001373291016,39.59999847412109,38.54999923706055,39.43000030517578,2148100
2014-12-15,25.116804122924805,38.58000183105469,38.88999938964844,38.20000076293945,38.7599983215332,4028000
2014-12-16,24.8498764038086,38.16999816894531,39.290000915527344,38.04999923706055,38.290000915527344,2884600
2014-12-17,25.54648399353028,39.2400016784668,39.27000045776367,38.27999877929688,38.45000076293945,3564500
2014-12-18,26.340740203857425,40.459999084472656,40.47999954223633,39.52000045776367,39.86000061035156,4791200
2014-12-19,26.15193557739257,40.16999816894531,40.68999862670898,40.02999877929688,40.470001220703125,4922700
2014-12-22,26.20402717590332,40.25,40.34000015258789,39.45000076293945,39.459999084472656,2530500
2014-12-23,26.386306762695312,40.52999877929688,40.900001525878906,40.470001220703125,40.5099983215332,2329700
2014-12-24,26.28214836120605,40.369998931884766,40.650001525878906,40.369998931884766,40.59999847412109,878600
2014-12-26,26.24959945678711,40.31999969482422,40.7599983215332,40.27999877929688,40.63999938964844,1550000
2014-12-29,26.26912498474121,40.34999847412109,40.70000076293945,40.150001525878906,40.2400016784668,2062900
2014-12-30,26.01522254943848,39.959999084472656,40.29999923706055,39.95000076293945,40.29999923706055,1899900
2014-12-31,25.728769302368164,39.52000045776367,40.130001068115234,39.47999954223633,40.11000061035156,1752400
2015-01-02,25.481374740600582,39.13999938964844,39.81999969482422,38.869998931884766,39.720001220703125,2898800
2015-01-05,24.73920631408692,38.0,38.88999938964844,37.93999862670898,38.77000045776367,4067600
2015-01-06,24.22488784790039,37.209999084472656,37.9900016784668,36.900001525878906,37.59999847412109,5081100
2015-01-07,24.54389190673828,37.70000076293945,37.959999084472656,37.40999984741211,37.65999984741211,2547300
2015-01-08,24.97357177734375,38.36000061035156,38.709999084472656,38.02000045776367,38.15999984741211,2892100
2015-01-09,24.51133918762207,37.650001525878906,38.45000076293945,37.63999938964844,38.380001068115234,2610000
2015-01-12,24.368114471435547,37.43000030517578,37.63999938964844,36.95000076293945,37.63999938964844,2286500
2015-01-13,24.30301284790039,37.33000183105469,38.2599983215332,37.02999877929688,37.790000915527344,4255000
2015-01-14,23.79520797729492,36.54999923706055,36.880001068115234,36.220001220703125,36.75,4716600
2015-01-15,23.39155960083008,35.93000030517578,36.79999923706055,35.90999984741211,36.59999847412109,4340200
2015-01-16,23.65848922729492,36.34000015258789,36.34999847412109,35.45000076293945,35.65999984741211,3427500
2015-01-20,23.424118041992188,35.97999954223633,36.52999877929688,35.880001068115234,36.470001220703125,3097400
2015-01-21,23.63895797729492,36.310001373291016,36.43999862670898,35.41999816894531,35.90999984741211,4313800
2015-01-22,24.29649543762207,37.31999969482422,37.4900016784668,36.02999877929688,36.58000183105469,5032900
2015-01-23,24.107704162597656,37.02999877929688,37.33000183105469,36.959999084472656,37.27000045776367,4714500
2015-01-26,24.348583221435547,37.400001525878906,37.470001220703125,36.83000183105469,37.25,2895100
2015-01-27,24.17280960083008,37.130001068115234,37.400001525878906,36.7400016784668,36.869998931884766,3463300
2015-01-28,23.65848922729492,36.34000015258789,37.43000030517578,36.33000183105469,37.43000030517578,4190500
2015-01-29,24.58946418762207,37.77000045776367,37.86000061035156,36.630001068115234,37.27999877929688,6845400
2015-01-30,23.91239356994629,36.72999954223633,37.56999969482422,36.43000030517578,37.16999816894531,5168400
2015-02-02,24.36159896850586,37.41999816894531,37.43999862670898,36.4900016784668,36.83000183105469,3529500
2015-02-03,25.17539405822754,38.66999816894531,38.70000076293945,37.65999984741211,37.77000045776367,4752600
2015-02-04,25.03868293762207,38.459999084472656,38.84000015258789,38.369998931884766,38.52000045776367,2869500
2015-02-05,25.344661712646484,38.93000030517578,39.15999984741211,38.58000183105469,38.63999938964844,2835600
2015-02-06,25.292570114135746,38.84999847412109,39.58000183105469,38.7400016784668,39.27999877929688,3501800
2015-02-09,25.22747802734375,38.75,38.93000030517578,38.459999084472656,38.58000183105469,1886000
2015-02-10,25.63111686706543,39.369998931884766,39.41999816894531,38.70000076293945,39.15999984741211,2182200
2015-02-11,25.63111686706543,39.369998931884766,39.52999877929688,39.04999923706055,39.380001068115234,1827400
2015-02-12,25.76783561706543,39.58000183105469,39.790000915527344,39.40999984741211,39.77999877929688,2405500
2015-02-13,25.728769302368164,39.52000045776367,39.790000915527344,39.43000030517578,39.59999847412109,1956100
2015-02-17,25.8860092163086,39.5099983215332,39.72999954223633,39.27999877929688,39.43999862670898,1925200
2015-02-18,25.6697998046875,39.18000030517578,39.59999847412109,39.06999969482422,39.5,2029800
2015-02-19,25.6697998046875,39.18000030517578,39.34000015258789,38.91999816894531,39.060001373291016,2904600
2015-02-20,26.226703643798828,40.02999877929688,40.13999938964844,38.959999084472656,38.959999084472656,4124500
2015-02-23,26.036710739135746,39.7400016784668,40.0099983215332,39.58000183105469,39.970001220703125,2056900
2015-02-24,26.33808135986328,40.20000076293945,40.29999923706055,39.650001525878906,39.650001525878906,2786800
2015-02-25,26.331525802612305,40.18999862670898,40.27999877929688,39.970001220703125,40.09999847412109,1996600
2015-02-26,26.423259735107425,40.33000183105469,40.72999954223633,40.04999923706055,40.119998931884766,3675100
2015-02-27,26.38394546508789,40.27000045776367,40.400001525878906,40.08000183105469,40.34999847412109,3683800
2015-03-02,26.50843048095703,40.459999084472656,40.52999877929688,39.84999847412109,40.27000045776367,3099800
2015-03-03,26.38394546508789,40.27000045776367,40.720001220703125,40.02000045776367,40.34999847412109,2032300
2015-03-04,26.429805755615234,40.34000015258789,40.36000061035156,39.810001373291016,40.130001068115234,2115900
2015-03-05,26.606704711914062,40.61000061035156,40.720001220703125,40.2400016784668,40.38999938964844,2321200
2015-03-06,26.298768997192383,40.13999938964844,41.18999862670898,40.060001373291016,40.619998931884766,3396700
2015-03-09,26.469118118286133,40.400001525878906,40.59000015258789,40.119998931884766,40.20000076293945,2458700
2015-03-10,25.84670066833496,39.45000076293945,39.97999954223633,39.43999862670898,39.93000030517578,2932400
2015-03-11,26.06946182250977,39.790000915527344,39.97999954223633,39.61000061035156,39.61000061035156,2191600
2015-03-12,26.59360885620117,40.59000015258789,40.61000061035156,39.93999862670898,40.040000915527344,2250300
2015-03-13,26.449460983276367,40.369998931884766,40.58000183105469,39.81999969482422,40.52000045776367,3280700
2015-03-16,27.10463523864746,41.369998931884766,41.52000045776367,40.68000030517578,40.68000030517578,3636100
2015-03-17,26.881874084472656,41.02999877929688,41.220001220703125,40.84000015258789,41.060001373291016,2335100
2015-03-18,27.373262405395508,41.77999877929688,41.93000030517578,40.84000015258789,40.9900016784668,3174500
2015-03-19,26.92118453979492,41.09000015258789,41.75,40.95000076293945,41.59000015258789,3500700
2015-03-20,27.41912269592285,41.84999847412109,41.97999954223633,40.86000061035156,40.86000061035156,5563500
2015-03-23,27.11118698120117,41.380001068115234,41.970001220703125,41.380001068115234,41.84999847412109,2328100
2015-03-24,26.81635856628418,40.93000030517578,41.41999816894531,40.91999816894531,41.27000045776367,2612400
2015-03-25,26.25946044921875,40.08000183105469,41.04999923706055,40.08000183105469,40.970001220703125,2655000
2015-03-26,26.148088455200195,39.90999984741211,40.2599983215332,39.68999862670898,39.84000015258789,2470800
2015-03-27,25.99739456176757,39.68000030517578,40.02999877929688,39.63999938964844,39.83000183105469,2299900
2015-03-30,26.207046508789062,40.0,40.18000030517578,39.84999847412109,39.84999847412109,3865100
2015-03-31,26.003942489624023,39.68999862670898,40.0099983215332,39.63999938964844,39.790000915527344,2324600
2015-04-01,26.062908172607425,39.77999877929688,39.91999816894531,39.34999847412109,39.68000030517578,3003400
2015-04-02,26.12187767028809,39.869998931884766,39.91999816894531,39.52000045776367,39.70000076293945,2332300
2015-04-06,26.298768997192383,40.13999938964844,40.27999877929688,39.34000015258789,39.45000076293945,2430900
2015-04-07,26.0498104095459,39.7599983215332,40.34000015258789,39.75,40.18999862670898,3084100
2015-04-08,26.23325157165528,40.040000915527344,40.150001525878906,39.72999954223633,39.81999969482422,2107200
2015-04-09,26.33808135986328,40.20000076293945,40.29999923706055,39.720001220703125,39.93000030517578,2604200
2015-04-10,26.207046508789062,40.0,40.25,39.77999877929688,40.25,2775900
2015-04-13,26.38394546508789,40.27000045776367,40.470001220703125,39.91999816894531,39.9900016784668,2480400
2015-04-14,26.40359115600586,40.29999923706055,40.56999969482422,40.040000915527344,40.2599983215332,2587900
2015-04-15,26.580495834350582,40.56999969482422,40.68000030517578,40.29999923706055,40.52000045776367,1979700
2015-04-16,26.53462791442871,40.5,40.68999862670898,40.16999816894531,40.459999084472656,2038800
2015-04-17,26.12842559814453,39.880001068115234,40.220001220703125,39.63999938964844,40.09999847412109,1913400
2015-04-20,26.41015625,40.310001373291016,40.43000030517578,40.08000183105469,40.13999938964844,1485800
2015-04-21,26.24635887145996,40.060001373291016,40.56999969482422,39.970001220703125,40.36000061035156,1465400
2015-04-22,26.46255874633789,40.38999938964844,40.540000915527344,39.77999877929688,40.18999862670898,1777900
2015-04-23,26.73774147033692,40.810001373291016,40.970001220703125,40.15999984741211,40.380001068115234,1729900
2015-04-24,26.744298934936523,40.81999969482422,40.84999847412109,40.52999877929688,40.75,1476200
2015-04-27,26.54774475097656,40.52000045776367,40.9900016784668,40.470001220703125,40.88999938964844,1716600
2015-04-28,26.934289932250977,41.11000061035156,41.11000061035156,40.36000061035156,40.43999862670898,2526800
2015-04-29,26.691879272460938,40.7400016784668,41.22999954223633,40.619998931884766,40.7400016784668,2586600
2015-04-30,27.137392044067383,41.41999816894531,42.0,40.93000030517578,41.150001525878906,4593000
2015-05-01,27.261877059936523,41.61000061035156,42.04999923706055,41.38999938964844,41.75,2937200
2015-05-04,27.34050750732422,41.72999954223633,41.93000030517578,41.59000015258789,41.81999969482422,2568800
2015-05-05,26.934289932250977,41.11000061035156,41.66999816894531,40.9900016784668,41.47999954223633,2680300
2015-05-06,26.67877960205078,40.720001220703125,41.2599983215332,40.380001068115234,41.15999984741211,2131100
2015-05-07,26.868776321411133,41.0099983215332,41.02000045776367,40.54999923706055,40.77000045776367,2265400
2015-05-08,27.143957138061523,41.43000030517578,41.59000015258789,41.2599983215332,41.43999862670898,2494900
2015-05-11,27.04567527770996,41.27999877929688,41.68000030517578,41.209999084472656,41.310001373291016,2360700
2015-05-12,26.744298934936523,40.81999969482422,41.25,40.5,41.0,1987500
2015-05-13,26.57940101623535,40.29999923706055,40.720001220703125,40.13999938964844,40.59999847412109,2876000
2015-05-14,27.03448486328125,40.9900016784668,41.02000045776367,40.380001068115234,40.47999954223633,1977600
2015-05-15,26.737701416015625,40.540000915527344,41.04999923706055,40.400001525878906,40.970001220703125,2175500
2015-05-18,26.83002662658692,40.68000030517578,40.7400016784668,40.47999954223633,40.540000915527344,1881300
2015-05-19,26.625572204589844,40.369998931884766,40.790000915527344,39.959999084472656,40.77000045776367,5306000
2015-05-20,26.98172187805176,40.90999984741211,41.04999923706055,40.20000076293945,40.52999877929688,2341100
2015-05-21,26.790456771850582,40.619998931884766,40.900001525878906,40.52000045776367,40.83000183105469,1720400
2015-05-22,26.724510192871094,40.52000045776367,40.720001220703125,40.459999084472656,40.58000183105469,1049500
2015-05-26,26.374961853027344,39.9900016784668,40.52000045776367,39.84999847412109,40.41999816894531,2104600
2015-05-27,26.63875961303711,40.38999938964844,40.5,39.9900016784668,40.20000076293945,1435400
2015-05-28,26.60578346252441,40.34000015258789,40.45000076293945,39.9900016784668,40.29999923706055,2136400
2015-05-29,26.269428253173828,39.83000183105469,40.45000076293945,39.7599983215332,40.310001373291016,2934400
2015-06-01,26.29581069946289,39.869998931884766,40.13999938964844,39.59000015258789,40.0,2670300
2015-06-02,26.289213180541992,39.86000061035156,39.90999984741211,39.459999084472656,39.79999923706055,2581900
2015-06-03,26.269428253173828,39.83000183105469,40.25,39.5,40.119998931884766,3318300
2015-06-04,25.840721130371094,39.18000030517578,39.72999954223633,39.130001068115234,39.560001373291016,3016100
2015-06-05,25.853918075561523,39.20000076293945,39.560001373291016,39.0,39.560001373291016,2302100
2015-06-08,25.939653396606445,39.33000183105469,39.88999938964844,39.27999877929688,39.4900016784668,2783900
2015-06-09,25.72201156616211,39.0,39.38999938964844,38.959999084472656,39.29999923706055,2645900
2015-06-10,25.8011531829834,39.119998931884766,39.61000061035156,39.060001373291016,39.2400016784668,3827800
2015-06-11,25.95944595336914,39.36000061035156,39.380001068115234,38.83000183105469,39.2400016784668,4958100
2015-06-12,26.03199577331543,39.470001220703125,39.58000183105469,38.810001373291016,39.209999084472656,4685200
2015-06-15,25.999011993408203,39.41999816894531,39.43999862670898,38.900001525878906,39.09000015258789,2683100
2015-06-16,26.07815933227539,39.540000915527344,39.58000183105469,39.119998931884766,39.31999969482422,3092100
2015-06-17,25.87370109558105,39.22999954223633,39.810001373291016,39.130001068115234,39.7599983215332,3575000
2015-06-18,26.05177879333496,39.5,39.77000045776367,39.27000045776367,39.380001068115234,2529400
2015-06-19,25.65605354309082,38.900001525878906,39.36000061035156,38.880001068115234,39.33000183105469,3971600
2015-06-22,25.675840377807617,38.93000030517578,39.400001525878906,38.88999938964844,39.27999877929688,4362500
2015-06-23,25.820947647094727,39.150001525878906,39.290000915527344,38.97999954223633,39.02999877929688,3309900
2015-06-24,25.62307548522949,38.84999847412109,39.13999938964844,38.790000915527344,39.060001373291016,2947400
2015-06-25,25.418621063232425,38.540000915527344,38.900001525878906,38.5,38.66999816894531,2753500
2015-06-26,25.43181037902832,38.560001373291016,38.810001373291016,38.380001068115234,38.68999862670898,2586700
2015-06-29,24.666748046875,37.400001525878906,38.25,37.34999847412109,38.040000915527344,3035100
2015-06-30,24.72610664367676,37.4900016784668,38.02999877929688,37.290000915527344,37.79999923706055,3142200
2015-07-01,24.93716812133789,37.810001373291016,38.130001068115234,37.58000183105469,37.970001220703125,2576100
2015-07-02,24.811845779418945,37.619998931884766,37.91999816894531,37.36000061035156,37.79999923706055,2250300
2015-07-06,24.574405670166016,37.2599983215332,37.290000915527344,36.369998931884766,36.75,3049500
2015-07-07,24.50185775756836,37.150001525878906,37.27999877929688,36.47999954223633,37.27999877929688,3679000
2015-07-08,23.88848876953125,36.220001220703125,36.90999984741211,36.20000076293945,36.72999954223633,2452100
2015-07-09,24.04017639160156,36.45000076293945,37.02999877929688,36.29999923706055,36.810001373291016,3280700
2015-07-10,24.35676002502441,36.93000030517578,37.68999862670898,36.75,37.619998931884766,2744700
2015-07-13,24.72610664367676,37.4900016784668,37.56999969482422,36.95000076293945,37.31999969482422,3501200
2015-07-14,25.062477111816406,38.0,38.27999877929688,37.38999938964844,37.38999938964844,4568800
2015-07-15,25.02949333190918,37.95000076293945,38.2599983215332,37.880001068115234,38.04999923706055,2658300
2015-07-16,25.458202362060547,38.59999847412109,38.68999862670898,38.290000915527344,38.310001373291016,2970900
2015-07-17,25.38564682006836,38.4900016784668,38.54999923706055,38.16999816894531,38.5,1901900
2015-07-20,25.28671264648437,38.34000015258789,38.630001068115234,38.220001220703125,38.560001373291016,1915400
2015-07-21,25.339473724365234,38.41999816894531,38.43000030517578,38.04999923706055,38.22999954223633,2037200
2015-07-22,25.39224433898925,38.5,38.619998931884766,38.29999923706055,38.31999969482422,2505200
2015-07-23,25.062477111816406,38.0,38.58000183105469,37.88999938964844,38.58000183105469,1967900
2015-07-24,24.7195053100586,37.47999954223633,37.9900016784668,37.34000015258789,37.9900016784668,1731100
2015-07-27,24.36336326599121,36.93999862670898,37.2400016784668,36.81999969482422,37.150001525878906,2364000
2015-07-28,24.58100891113281,37.27000045776367,37.36000061035156,36.90999984741211,37.209999084472656,2046100
2015-07-29,24.871198654174805,37.709999084472656,37.79999923706055,37.09999847412109,37.36000061035156,2725400
2015-07-30,25.715410232543945,38.9900016784668,39.47999954223633,38.4900016784668,38.59000015258789,5335200
2015-07-31,25.458202362060547,38.59999847412109,39.11000061035156,38.54999923706055,39.06999969482422,4027000
2015-08-03,25.42521476745605,38.54999923706055,38.709999084472656,38.2599983215332,38.66999816894531,2567700
2015-08-04,25.332876205444336,38.40999984741211,38.68999862670898,38.27999877929688,38.59000015258789,2072400
2015-08-05,25.543930053710938,38.72999954223633,38.970001220703125,38.52000045776367,38.81999969482422,2431300
2015-08-06,25.458202362060547,38.59999847412109,38.77999877929688,38.310001373291016,38.66999816894531,2471000
2015-08-07,25.20096969604492,38.209999084472656,38.61000061035156,38.02000045776367,38.4900016784668,2978200
2015-08-10,25.63627052307129,38.869998931884766,38.970001220703125,38.59000015258789,38.59000015258789,1649800
2015-08-11,25.28011512756348,38.33000183105469,38.560001373291016,38.15999984741211,38.459999084472656,1847800
2015-08-12,24.956945419311523,37.84000015258789,37.959999084472656,37.0099983215332,37.959999084472656,2350200
2015-08-13,24.706323623657227,37.459999084472656,37.93999862670898,37.43000030517578,37.84000015258789,2174500
2015-08-14,24.739301681518555,37.5099983215332,37.77000045776367,37.11000061035156,37.400001525878906,2447800
2015-08-17,24.838228225708008,37.65999984741211,37.68000030517578,37.16999816894531,37.310001373291016,1573800
2015-08-18,24.72529411315918,37.220001220703125,37.45000076293945,37.0099983215332,37.369998931884766,1995100
2015-08-19,24.353286743164062,36.65999984741211,37.09000015258789,36.5,37.0099983215332,2708400
2015-08-20,23.841777801513672,35.88999938964844,36.34999847412109,35.86000061035156,36.2599983215332,3050800
2015-08-21,22.984827041625977,34.599998474121094,35.70000076293945,34.58000183105469,35.540000915527344,6419700
2015-08-24,21.84223175048828,32.880001068115234,34.08000183105469,31.030000686645508,32.16999816894531,7096500
2015-08-25,21.28421211242676,32.040000915527344,34.400001525878906,32.0099983215332,34.20000076293945,7408600
2015-08-26,22.04816246032715,33.189998626708984,33.2400016784668,31.959999084472656,33.15999984741211,6940800
2015-08-27,22.958255767822266,34.560001373291016,34.77000045776367,33.4900016784668,33.65999984741211,5343300
2015-08-28,22.991470336914062,34.61000061035156,34.720001220703125,33.72999954223633,34.04999923706055,5000000
2015-08-31,22.659320831298828,34.11000061035156,34.459999084472656,33.959999084472656,34.369998931884766,3964200
2015-09-01,21.862159729003903,32.90999984741211,33.439998626708984,32.66999816894531,33.11000061035156,4675700
2015-09-02,21.89537048339844,32.959999084472656,33.63999938964844,32.58000183105469,33.29999923706055,3129400
2015-09-03,21.855514526367188,32.900001525878906,33.38999938964844,32.790000915527344,32.849998474121094,4821200
2015-09-04,21.22442626953125,31.950000762939453,32.5099983215332,31.770000457763672,32.41999816894531,5043600
2015-09-08,21.868799209594727,32.91999816894531,32.970001220703125,32.2400016784668,32.70000076293945,4327700
2015-09-09,21.60972213745117,32.529998779296875,33.689998626708984,32.439998626708984,33.349998474121094,4324000
2015-09-10,21.74922180175781,32.7400016784668,33.02000045776367,32.279998779296875,32.349998474121094,3514400
2015-09-11,21.84223175048828,32.880001068115234,32.88999938964844,32.43000030517578,32.529998779296875,2605400
2015-09-14,21.69607925415039,32.65999984741211,32.93000030517578,32.58000183105469,32.869998931884766,2674400
2015-09-15,22.094661712646484,33.2599983215332,33.45000076293945,32.56999969482422,32.66999816894531,3240700
2015-09-16,22.393600463867188,33.709999084472656,33.779998779296875,33.0,33.2599983215332,3086400
2015-09-17,22.23416519165039,33.470001220703125,34.189998626708984,33.380001068115234,33.630001068115234,3866400
2015-09-18,21.58315658569336,32.4900016784668,33.04999923706055,32.02000045776367,32.310001373291016,4127900
2015-09-21,21.82229804992676,32.849998474121094,33.16999816894531,32.63999938964844,32.93000030517578,2567900
2015-09-22,21.310789108276367,32.08000183105469,32.45000076293945,31.809999465942383,32.279998779296875,2707200
2015-09-23,21.1845703125,31.88999938964844,32.2599983215332,31.59000015258789,32.20000076293945,2561200
2015-09-24,21.22442626953125,31.950000762939453,32.08000183105469,31.31999969482422,31.59000015258789,3839400
2015-09-25,21.270925521850582,32.02000045776367,32.54999923706055,31.89999961853028,32.369998931884766,3157400
2015-09-28,20.540197372436523,30.920000076293945,31.86000061035156,30.809999465942383,31.68000030517578,3475900
2015-09-29,20.47377014160156,30.81999969482422,31.34000015258789,30.64999961853028,31.34000015258789,4239200
2015-09-30,20.746129989624023,31.229999542236328,31.3799991607666,30.790000915527344,31.11000061035156,6657100
2015-10-01,20.91220474243164,31.479999542236328,31.57999992370605,30.8700008392334,31.270000457763672,3717000
2015-10-02,20.958709716796875,31.549999237060547,31.549999237060547,30.209999084472656,30.71999931335449,3560000
2015-10-05,21.58979606628418,32.5,32.61000061035156,31.88999938964844,31.88999938964844,3732900
2015-10-06,21.58979606628418,32.5,32.56999969482422,32.189998626708984,32.40999984741211,3536200
2015-10-07,21.92194175720215,33.0,33.220001220703125,32.56999969482422,32.72999954223633,2697500
2015-10-08,22.014942169189453,33.13999938964844,33.16999816894531,31.88999938964844,32.84000015258789,2438500
2015-10-09,21.84223175048828,32.880001068115234,33.33000183105469,32.7400016784668,33.16999816894531,2580800
2015-10-12,21.676149368286133,32.630001068115234,32.91999816894531,32.439998626708984,32.81999969482422,1743400
2015-10-13,20.8989200592041,31.459999084472656,32.58000183105469,31.420000076293945,32.54999923706055,5733800
2015-10-14,20.67306137084961,31.1200008392334,31.799999237060547,31.040000915527344,31.5,4318500
2015-10-15,21.25764274597168,32.0,32.02000045776367,31.1299991607666,31.32999992370605,3563600
2015-10-16,21.52336502075196,32.400001525878906,32.52000045776367,31.84000015258789,32.060001373291016,3159500
2015-10-19,21.091567993164062,31.75,32.290000915527344,31.65999984741211,32.2599983215332,2821600
2015-10-20,21.19121360778809,31.89999961853028,31.950000762939453,31.51000022888184,31.56999969482422,3743900
2015-10-21,20.8989200592041,31.459999084472656,32.04999923706055,31.420000076293945,32.0,1792600
2015-10-22,21.908655166625977,32.97999954223633,33.09000015258789,31.6200008392334,31.6200008392334,4817400
2015-10-23,22.519819259643555,33.900001525878906,33.970001220703125,33.2400016784668,33.369998931884766,4400400
2015-10-26,22.393600463867188,33.709999084472656,33.88999938964844,33.5,33.84000015258789,2704200
2015-10-27,22.10130500793457,33.27000045776367,33.54999923706055,33.029998779296875,33.459999084472656,2583700
2015-10-28,22.818748474121094,34.349998474121094,34.38999938964844,33.08000183105469,33.2599983215332,5278800
2015-10-29,22.24744987487793,33.4900016784668,34.4900016784668,32.61000061035156,34.18000030517578,6731200
2015-10-30,22.03487205505371,33.16999816894531,33.79999923706055,32.97999954223633,33.5,4961400
2015-11-02,22.227519989013672,33.459999084472656,33.619998931884766,33.099998474121094,33.31999969482422,3993800
2015-11-03,22.36702919006348,33.66999816894531,33.959999084472656,33.22999954223633,33.29999923706055,3914600
2015-11-04,22.280668258666992,33.540000915527344,33.81999969482422,33.380001068115234,33.720001220703125,2795900
2015-11-05,22.51317024230957,33.88999938964844,34.0,33.47999954223633,33.599998474121094,2670200
2015-11-06,22.65266990661621,34.099998474121094,34.400001525878906,33.709999084472656,34.25,3479200
2015-11-09,22.21423721313477,33.439998626708984,34.27000045776367,33.310001373291016,34.15999984741211,4425400
2015-11-10,21.902013778686523,32.970001220703125,33.59000015258789,32.650001525878906,33.29999923706055,4145000
2015-11-11,22.12787818908692,33.310001373291016,33.619998931884766,33.150001525878906,33.5,3407700
2015-11-12,21.576505661010746,32.47999954223633,33.099998474121094,32.459999084472656,32.9900016784668,3302900
2015-11-13,21.24827003479004,31.71999931335449,32.38999938964844,31.64999961853028,32.189998626708984,2863800
2015-11-16,21.556415557861328,32.18000030517578,32.209999084472656,31.479999542236328,31.63999938964844,2995900
2015-11-17,21.54301643371582,32.15999984741211,32.58000183105469,32.02000045776367,32.209999084472656,2669000
2015-11-18,22.145896911621094,33.060001373291016,33.09000015258789,32.2599983215332,32.34000015258789,2593800
2015-11-19,22.23297691345215,33.189998626708984,33.43000030517578,33.04999923706055,33.060001373291016,2506700
2015-11-20,22.239681243896484,33.20000076293945,33.63999938964844,33.060001373291016,33.38999938964844,2328100
2015-11-23,22.159297943115234,33.08000183105469,33.65999984741211,33.029998779296875,33.20000076293945,2997600
2015-11-24,22.23297691345215,33.189998626708984,33.33000183105469,32.720001220703125,32.83000183105469,2757200
2015-11-25,22.50092315673828,33.59000015258789,33.790000915527344,33.2400016784668,33.279998779296875,2528700
2015-11-27,22.507625579833984,33.599998474121094,33.63999938964844,33.220001220703125,33.56999969482422,981700
2015-11-30,22.567909240722656,33.689998626708984,33.849998474121094,33.4900016784668,33.650001525878906,2611900
2015-12-01,22.708595275878903,33.900001525878906,34.220001220703125,33.560001373291016,33.86000061035156,3002900
2015-12-02,22.514324188232425,33.61000061035156,34.099998474121094,33.470001220703125,33.970001220703125,2584800
2015-12-03,22.21957969665528,33.16999816894531,35.0,33.02000045776367,33.779998779296875,2932700
2015-12-04,22.661697387695312,33.83000183105469,34.02000045776367,33.06999969482422,33.310001373291016,2831300
2015-12-07,22.4808292388916,33.560001373291016,33.77000045776367,33.33000183105469,33.75,2276900
2015-12-08,22.005226135253903,32.849998474121094,33.15999984741211,32.70000076293945,33.08000183105469,3409900
2015-12-09,21.683687210083008,32.369998931884766,33.279998779296875,32.2599983215332,32.68000030517578,3779700
2015-12-10,21.96503448486328,32.790000915527344,33.189998626708984,32.2599983215332,32.5099983215332,3816800
2015-12-11,21.04731178283692,31.420000076293945,32.5,31.38999938964844,32.2400016784668,8226100
2015-12-14,20.35734367370605,30.38999938964844,31.670000076293945,30.1200008392334,31.450000762939453,6085700
2015-12-15,20.99372100830078,31.34000015258789,31.440000534057617,30.5,30.770000457763672,5530100
2015-12-16,21.368846893310547,31.89999961853028,31.959999084472656,31.049999237060547,31.68000030517578,4141600
2015-12-17,20.89323616027832,31.190000534057617,32.119998931884766,31.15999984741211,32.09000015258789,3060900
2015-12-18,20.59179878234864,30.739999771118164,31.049999237060547,30.68000030517578,31.0,6382800
2015-12-21,21.201377868652344,31.64999961853028,31.65999984741211,30.940000534057617,31.049999237060547,3504200
2015-12-22,21.25497055053711,31.729999542236328,31.989999771118164,31.309999465942383,31.780000686645508,2925700
2015-12-23,22.18608856201172,33.119998931884766,33.220001220703125,31.940000534057617,32.0099983215332,4146300
2015-12-24,22.052112579345703,32.91999816894531,33.189998626708984,32.72999954223633,33.06999969482422,1728100
2015-12-28,22.078907012939453,32.959999084472656,33.0,32.58000183105469,32.75,2162500
2015-12-29,22.487529754638672,33.56999969482422,33.61000061035156,33.16999816894531,33.209999084472656,3070000
2015-12-30,22.36025619506836,33.380001068115234,33.779998779296875,33.27000045776367,33.36000061035156,2735100
2015-12-31,22.4272403717041,33.47999954223633,33.689998626708984,33.060001373291016,33.130001068115234,3688700
2016-01-04,22.23297691345215,33.189998626708984,33.209999084472656,32.369998931884766,32.59000015258789,7028600
2016-01-05,22.17268943786621,33.099998474121094,33.540000915527344,32.68000030517578,33.34000015258789,4698700
2016-01-06,21.790864944458008,32.529998779296875,32.779998779296875,32.18000030517578,32.279998779296875,5198800
2016-01-07,21.10759925842285,31.51000022888184,31.88999938964844,31.31999969482422,31.51000022888184,6252200
2016-01-08,20.183177947998047,30.1299991607666,31.82999992370605,30.059999465942383,31.780000686645508,5357200
2016-01-11,20.049205780029297,29.93000030517578,30.309999465942383,29.270000457763672,30.229999542236328,5870100
2016-01-12,19.962120056152344,29.799999237060547,30.3799991607666,29.200000762939453,30.25,4515200
2016-01-13,19.486515045166016,29.09000015258789,30.1200008392334,28.8799991607666,30.01000022888184,6488600
2016-01-14,19.84823989868164,29.6299991607666,29.959999084472656,28.3799991607666,29.15999984741211,3891800
2016-01-15,19.26545524597168,28.76000022888184,29.25,28.34000015258789,28.56999969482422,4479600
2016-01-19,19.305646896362305,28.81999969482422,29.299999237060547,28.530000686645508,29.1299991607666,3336300
2016-01-20,18.897022247314453,28.209999084472656,28.540000915527344,27.36000061035156,28.200000762939453,5576000
2016-01-21,19.044397354125977,28.43000030517578,29.0,28.100000381469727,28.479999542236328,3936500
2016-01-22,19.74776268005371,29.479999542236328,29.540000915527344,28.88999938964844,28.959999084472656,4155900
2016-01-25,19.19176483154297,28.64999961853028,29.350000381469727,28.530000686645508,29.270000457763672,5248900
2016-01-26,19.54680252075196,29.18000030517578,29.280000686645508,28.76000022888184,28.770000457763672,3815200
2016-01-27,19.412830352783203,28.979999542236328,29.8799991607666,28.76000022888184,29.1299991607666,5149300
2016-01-28,19.12478256225586,28.549999237060547,29.850000381469727,28.280000686645508,29.270000457763672,6279900
2016-01-29,20.049205780029297,29.93000030517578,30.020000457763672,28.75,28.8700008392334,7523700
2016-02-01,19.506607055664062,29.1200008392334,29.690000534057617,28.809999465942383,29.68000030517578,5086700
2016-02-02,18.61568260192871,27.790000915527344,28.39999961853028,27.6299991607666,28.39999961853028,5401400
2016-02-03,18.468311309814453,27.56999969482422,28.11000061035156,26.75,28.030000686645508,8697100
2016-02-04,18.729555130004883,27.959999084472656,28.51000022888184,27.489999771118164,27.56999969482422,5245800
2016-02-05,18.14007377624512,27.07999992370605,28.270000457763672,26.93000030517578,27.96999931335449,6477300
2016-02-08,17.269243240356445,25.780000686645508,26.420000076293945,25.43000030517578,26.420000076293945,5946400
2016-02-09,17.18216323852539,25.64999961853028,25.940000534057617,24.920000076293945,25.030000686645508,5585800
2016-02-10,17.6242733001709,26.309999465942383,26.729999542236328,25.76000022888184,25.88999938964844,6798200
2016-02-11,17.001296997070312,25.3799991607666,25.600000381469727,24.89999961853028,25.39999961853028,6561200
2016-02-12,17.75155258178711,26.5,26.82999992370605,25.459999084472656,26.200000762939453,4910100
2016-02-16,18.06962776184082,26.700000762939453,27.0,26.40999984741211,26.799999237060547,4540800
2016-02-17,18.577205657958984,27.450000762939453,27.71999931335449,27.030000686645508,27.200000762939453,3539800
2016-02-18,18.299728393554688,27.040000915527344,27.489999771118164,26.790000915527344,27.440000534057617,4279200
2016-02-19,17.798921585083008,26.299999237060547,26.88999938964844,26.100000381469727,26.75,5984200
2016-02-22,18.39447593688965,27.18000030517578,27.290000915527344,26.670000076293945,26.790000915527344,3987000
2016-02-23,17.825990676879883,26.34000015258789,27.15999984741211,26.200000762939453,27.100000381469727,3847300
2016-02-24,17.71095085144043,26.170000076293945,26.21999931335449,25.309999465942383,25.950000762939453,3047600
2016-02-25,18.19144821166992,26.8799991607666,26.90999984741211,26.040000915527344,26.229999542236328,4098600
2016-02-26,18.340335845947266,27.100000381469727,27.459999084472656,26.959999084472656,27.170000076293945,3336000
2016-02-29,18.09670066833496,26.739999771118164,27.209999084472656,26.700000762939453,26.959999084472656,3377800
2016-03-01,18.868209838867188,27.8799991607666,27.8799991607666,26.989999771118164,27.06999969482422,5321300
2016-03-02,19.09831428527832,28.21999931335449,28.229999542236328,27.729999542236328,27.950000762939453,4456200
2016-03-03,19.35548591613769,28.600000381469727,28.64999961853028,28.100000381469727,28.200000762939453,3506900
2016-03-04,19.68710327148437,29.09000015258789,29.38999938964844,28.459999084472656,28.75,4655900
2016-03-07,19.63295555114746,29.01000022888184,29.209999084472656,28.600000381469727,28.75,2980600
2016-03-08,19.084779739379883,28.200000762939453,28.81999969482422,28.09000015258789,28.65999984741211,3104800
2016-03-09,19.07801055908203,28.190000534057617,28.5,27.670000076293945,28.479999542236328,3549400
2016-03-10,19.172760009765625,28.32999992370605,28.61000061035156,27.68000030517578,28.489999771118164,4979500
2016-03-11,20.30295753479004,30.0,30.07999992370605,28.86000061035156,29.1200008392334,4970200
2016-03-14,20.2758846282959,29.959999084472656,30.09000015258789,29.540000915527344,29.739999771118164,4225800
2016-03-15,20.03224754333496,29.600000381469727,29.709999084472656,29.14999961853028,29.6200008392334,3046700
2016-03-16,20.39093399047852,30.1299991607666,30.25,29.270000457763672,29.40999984741211,3594100
2016-03-17,20.92557907104492,30.920000076293945,31.170000076293945,30.11000061035156,30.1200008392334,3758000
2016-03-18,20.98649024963379,31.01000022888184,31.459999084472656,30.6200008392334,31.1200008392334,8770900
2016-03-21,20.959415435791016,30.96999931335449,31.13999938964844,30.68000030517578,31.06999969482422,2673100
2016-03-22,20.857898712158203,30.81999969482422,30.979999542236328,30.3700008392334,30.600000381469727,2354200
2016-03-23,20.57365798950196,30.39999961853028,30.81999969482422,30.190000534057617,30.81999969482422,3100700
2016-03-24,20.52628517150879,30.32999992370605,30.34000015258789,29.81999969482422,30.020000457763672,2046700
2016-03-28,20.634571075439453,30.489999771118164,30.63999938964844,30.06999969482422,30.32999992370605,1709500
2016-03-29,20.89174461364746,30.8700008392334,30.93000030517578,29.93000030517578,30.25,2288800
2016-03-30,21.15567779541016,31.26000022888184,31.549999237060547,31.030000686645508,31.21999931335449,3257100
2016-03-31,20.82406616210937,30.770000457763672,31.40999984741211,30.489999771118164,31.190000534057617,7780900
2016-04-01,21.23688697814941,31.3799991607666,31.459999084472656,30.38999938964844,30.489999771118164,4467400
2016-04-04,21.04063606262207,31.09000015258789,31.559999465942383,30.989999771118164,31.34000015258789,4568000
2016-04-05,20.769920349121094,30.690000534057617,30.86000061035156,30.18000030517578,30.46999931335449,4782500
2016-04-06,20.81729507446289,30.76000022888184,31.1299991607666,30.489999771118164,30.540000915527344,3341500
2016-04-07,20.03224754333496,29.600000381469727,30.84000015258789,29.5,30.43000030517578,6159500
2016-04-08,20.03224754333496,29.600000381469727,30.07999992370605,29.51000022888184,29.959999084472656,3786900
2016-04-11,20.04578971862793,29.6200008392334,30.18000030517578,29.59000015258789,29.8799991607666,4317000
2016-04-12,20.35709953308105,30.07999992370605,30.229999542236328,29.51000022888184,29.84000015258789,4574100
2016-04-13,21.12860679626465,31.21999931335449,31.21999931335449,30.520000457763672,30.57999992370605,3525600
2016-04-14,21.18951416015625,31.309999465942383,31.549999237060547,30.979999542236328,31.190000534057617,2388800
2016-04-15,21.14214324951172,31.239999771118164,31.3799991607666,31.06999969482422,31.290000915527344,2292000
2016-04-18,21.3384017944336,31.530000686645508,31.65999984741211,30.989999771118164,31.06999969482422,2791900
2016-04-19,21.514368057250977,31.790000915527344,31.989999771118164,31.549999237060547,31.709999084472656,2044200
2016-04-20,21.91365623474121,32.380001068115234,32.5099983215332,31.770000457763672,31.920000076293945,2848600
2016-04-21,21.866289138793945,32.310001373291016,32.58000183105469,32.040000915527344,32.349998474121094,3097600
2016-04-22,21.900123596191406,32.36000061035156,32.70000076293945,32.13999938964844,32.400001525878906,2330200
2016-04-25,21.53466796875,31.81999969482422,32.34000015258789,31.68000030517578,32.16999816894531,3400400
2016-04-26,21.94750022888184,32.43000030517578,32.45000076293945,31.81999969482422,32.040000915527344,2610300
2016-04-27,22.150524139404297,32.72999954223633,32.849998474121094,32.22999954223633,32.310001373291016,3289400
2016-04-28,21.311336517333984,31.489999771118164,32.119998931884766,31.32999992370605,31.90999984741211,5301500
2016-04-29,20.98649024963379,31.01000022888184,31.350000381469727,30.51000022888184,31.15999984741211,3882000
2016-05-02,21.02032852172852,31.059999465942383,31.43000030517578,30.68000030517578,30.82999992370605,3829300
2016-05-03,20.39093399047852,30.1299991607666,30.61000061035156,29.63999938964844,30.61000061035156,5328100
2016-05-04,20.11345672607422,29.71999931335449,30.040000915527344,29.489999771118164,29.809999465942383,2746500
2016-05-05,19.94426727294922,29.46999931335449,29.989999771118164,29.36000061035156,29.809999465942383,3499700
2016-05-06,20.07285499572754,29.65999984741211,29.700000762939453,29.07999992370605,29.280000686645508,2937600
2016-05-09,19.99164772033692,29.540000915527344,29.790000915527344,29.43000030517578,29.64999961853028,2314900
2016-05-10,20.296188354492188,29.989999771118164,30.059999465942383,29.68000030517578,29.729999542236328,2768400
2016-05-11,19.84531593322754,29.049999237060547,29.64999961853028,29.020000457763672,29.450000762939453,3562300
2016-05-12,19.85214614868164,29.059999465942383,29.559999465942383,28.88999938964844,29.32999992370605,2679700
2016-05-13,19.38760566711425,28.3799991607666,29.40999984741211,28.350000381469727,28.96999931335449,3403800
2016-05-16,19.4354248046875,28.450000762939453,28.690000534057617,28.270000457763672,28.440000534057617,5191400
2016-05-17,19.408100128173828,28.40999984741211,28.809999465942383,28.07999992370605,28.350000381469727,5230800
2016-05-18,19.80432891845703,28.989999771118164,28.989999771118164,28.350000381469727,28.40999984741211,5730000
2016-05-19,19.667699813842773,28.790000915527344,29.0,28.3799991607666,28.670000076293945,4261500
2016-05-20,20.1800537109375,29.540000915527344,29.6200008392334,28.959999084472656,29.040000915527344,5756600
2016-05-23,20.40549087524414,29.8700008392334,29.959999084472656,29.420000076293945,29.420000076293945,4309400
2016-05-24,20.992996215820312,30.729999542236328,30.86000061035156,30.030000686645508,30.06999969482422,4962900
2016-05-25,21.43020820617676,31.3700008392334,31.43000030517578,30.88999938964844,30.979999542236328,4559800
2016-05-26,21.245756149291992,31.100000381469727,31.39999961853028,31.06999969482422,31.34000015258789,3212000
2016-05-27,21.48485565185547,31.450000762939453,31.559999465942383,31.0,31.170000076293945,2535700
2016-05-31,21.450698852539062,31.39999961853028,31.670000076293945,31.190000534057617,31.559999465942383,3503800
2016-06-01,21.389219284057617,31.309999465942383,31.39999961853028,30.64999961853028,31.059999465942383,2468600
2016-06-02,21.06130599975586,30.82999992370605,31.0,30.559999465942383,31.0,2800700
2016-06-03,20.774389266967773,30.40999984741211,30.549999237060547,30.01000022888184,30.39999961853028,5252900
2016-06-06,20.9110164642334,30.61000061035156,30.8700008392334,30.36000061035156,30.489999771118164,6585000
2016-06-07,20.391828536987305,29.850000381469727,30.700000762939453,29.84000015258789,30.64999961853028,5261600
2016-06-08,20.214204788208008,29.59000015258789,30.1299991607666,29.540000915527344,29.84000015258789,6012100
2016-06-09,19.85897827148437,29.06999969482422,29.350000381469727,28.709999084472656,29.350000381469727,5232400
2016-06-10,19.41493225097656,28.420000076293945,28.65999984741211,28.290000915527344,28.600000381469727,4298200
2016-06-13,19.09385871887207,27.950000762939453,28.709999084472656,27.90999984741211,28.200000762939453,6001200
2016-06-14,18.71812629699707,27.39999961853028,28.049999237060547,27.229999542236328,27.81999969482422,4759500
2016-06-15,18.71812629699707,27.39999961853028,28.020000457763672,27.36000061035156,27.57999992370605,4708500
2016-06-16,18.793272018432617,27.51000022888184,27.540000915527344,26.81999969482422,27.040000915527344,4304900
2016-06-17,18.94356155395508,27.729999542236328,28.059999465942383,27.489999771118164,27.56999969482422,8511500
2016-06-20,19.558393478393555,28.6299991607666,28.81999969482422,28.440000534057617,28.440000534057617,7407000
2016-06-21,19.57205390930176,28.64999961853028,28.850000381469727,28.51000022888184,28.729999542236328,4109100
2016-06-22,19.654033660888672,28.770000457763672,29.14999961853028,28.700000762939453,28.799999237060547,3621200
2016-06-23,20.23470115661621,29.6200008392334,29.63999938964844,29.25,29.280000686645508,3043200
2016-06-24,17.467973709106445,25.56999969482422,27.5,25.549999237060547,27.450000762939453,13759700
2016-06-27,15.821595191955566,23.15999984741211,24.96999931335449,23.020000457763672,24.96999931335449,10701900
2016-06-28,16.388608932495117,23.989999771118164,24.18000030517578,23.489999771118164,23.770000457763672,10607100
2016-06-29,16.97610855102539,24.850000381469727,24.86000061035156,24.21999931335449,24.440000534057617,6766500
2016-06-30,17.44748306274414,25.540000915527344,25.540000915527344,24.76000022888184,25.0,8218500
2016-07-01,17.304018020629883,25.32999992370605,26.01000022888184,25.26000022888184,25.479999542236328,4681600
2016-07-05,16.921464920043945,24.770000457763672,24.979999542236328,24.479999542236328,24.940000534057617,4958400
2016-07-06,17.071744918823242,24.989999771118164,25.049999237060547,24.34000015258789,24.51000022888184,4403300
2016-07-07,17.187881469726562,25.15999984741211,25.420000076293945,24.81999969482422,24.96999931335449,4623600
2016-07-08,17.50896453857422,25.6299991607666,25.89999961853028,25.489999771118164,25.709999084472656,5498300
2016-07-11,17.63875961303711,25.81999969482422,26.1200008392334,25.6299991607666,25.940000534057617,4797300
2016-07-12,18.34922790527344,26.86000061035156,27.0,26.280000686645508,26.39999961853028,6744600
2016-07-13,18.22626495361328,26.68000030517578,26.89999961853028,26.440000534057617,26.86000061035156,4238200
2016-07-14,18.55417251586914,27.15999984741211,27.6200008392334,26.950000762939453,27.479999542236328,5162600
2016-07-15,18.73178672790528,27.420000076293945,27.540000915527344,27.15999984741211,27.350000381469727,3314900
2016-07-18,18.909406661987305,27.68000030517578,27.82999992370605,27.43000030517578,27.549999237060547,2759400
2016-07-19,18.85475730895996,27.600000381469727,27.75,27.06999969482422,27.40999984741211,2674500
2016-07-20,19.134841918945312,28.01000022888184,28.11000061035156,27.540000915527344,27.84000015258789,4118600
2016-07-21,19.20315742492676,28.11000061035156,28.190000534057617,27.959999084472656,28.0,2973900
2016-07-22,19.4354248046875,28.450000762939453,28.489999771118164,28.040000915527344,28.11000061035156,3586900
2016-07-25,19.408100128173828,28.40999984741211,28.549999237060547,28.26000022888184,28.309999465942383,3370300
2016-07-26,19.38077735900879,28.3700008392334,28.65999984741211,28.239999771118164,28.420000076293945,3993100
2016-07-27,19.54473114013672,28.61000061035156,28.729999542236328,28.34000015258789,28.3700008392334,4071100
2016-07-28,19.756498336791992,28.920000076293945,29.559999465942383,28.520000457763672,28.81999969482422,4375100
2016-07-29,19.93412208557129,29.18000030517578,29.239999771118164,28.65999984741211,28.690000534057617,4163100
2016-08-01,19.83848571777344,29.040000915527344,29.3700008392334,28.84000015258789,29.21999931335449,3295900
2016-08-02,19.312461853027344,28.270000457763672,29.200000762939453,28.14999961853028,28.959999084472656,6407600
2016-08-03,19.824819564819336,29.020000457763672,29.059999465942383,28.350000381469727,28.40999984741211,2935400
2016-08-04,19.756498336791992,28.920000076293945,29.15999984741211,28.700000762939453,28.93000030517578,2102200
2016-08-05,20.1868839263916,29.549999237060547,29.8799991607666,29.309999465942383,29.36000061035156,4625600
2016-08-08,20.28935813903809,29.700000762939453,29.89999961853028,29.5,29.690000534057617,3024900
2016-08-09,20.139066696166992,29.479999542236328,29.68000030517578,29.280000686645508,29.68000030517578,2842400
2016-08-10,20.07758522033692,29.38999938964844,29.57999992370605,29.309999465942383,29.489999771118164,2117900
2016-08-11,20.28935813903809,29.700000762939453,29.799999237060547,29.40999984741211,29.559999465942383,2483600
2016-08-12,20.33034324645996,29.76000022888184,29.809999465942383,29.229999542236328,29.239999771118164,2502500
2016-08-15,20.44648170471192,29.93000030517578,30.14999961853028,29.82999992370605,29.8799991607666,2956200
2016-08-16,20.501651763916016,29.729999542236328,29.84000015258789,29.520000457763672,29.600000381469727,2893900
2016-08-17,20.653358459472656,29.950000762939453,30.07999992370605,29.57999992370605,29.670000076293945,2851500
2016-08-18,20.805070877075195,30.170000076293945,30.170000076293945,29.82999992370605,29.88999938964844,2755400
2016-08-19,20.88782119750977,30.290000915527344,30.40999984741211,29.90999984741211,29.950000762939453,2837300
2016-08-22,20.88092422485352,30.280000686645508,30.40999984741211,30.030000686645508,30.13999938964844,2947300
2016-08-23,21.101593017578125,30.600000381469727,30.71999931335449,30.520000457763672,30.549999237060547,2194800
2016-08-24,21.156763076782227,30.68000030517578,30.799999237060547,30.549999237060547,30.729999542236328,2986400
2016-08-25,21.19814109802246,30.739999771118164,30.75,30.39999961853028,30.549999237060547,4308200
2016-08-26,21.294677734375,30.8799991607666,31.18000030517578,30.690000534057617,30.90999984741211,4123000
2016-08-29,21.3498477935791,30.959999084472656,31.32999992370605,30.920000076293945,30.920000076293945,3219100
2016-08-30,21.50846099853516,31.190000534057617,31.34000015258789,31.01000022888184,31.100000381469727,4325100
2016-08-31,21.50846099853516,31.190000534057617,31.489999771118164,30.989999771118164,31.26000022888184,4251600
2016-09-01,21.446388244628903,31.100000381469727,31.51000022888184,30.790000915527344,31.31999969482422,2866800
2016-09-02,21.708436965942383,31.479999542236328,31.549999237060547,31.13999938964844,31.299999237060547,2156300
2016-09-06,21.604999542236328,31.32999992370605,31.64999961853028,31.190000534057617,31.479999542236328,3146100
2016-09-07,21.7015438079834,31.46999931335449,31.63999938964844,31.190000534057617,31.239999771118164,2325400
2016-09-08,21.71533393859864,31.489999771118164,31.63999938964844,31.3799991607666,31.459999084472656,2572800
2016-09-09,21.22572135925293,30.780000686645508,31.46999931335449,30.770000457763672,31.36000061035156,4356900
2016-09-12,21.798080444335938,31.61000061035156,31.76000022888184,30.06999969482422,30.489999771118164,5112500
2016-09-13,21.03952980041504,30.51000022888184,30.959999084472656,30.299999237060547,30.920000076293945,4887900
2016-09-14,20.908506393432617,30.31999969482422,30.76000022888184,30.229999542236328,30.459999084472656,4630800
2016-09-15,21.170557022094727,30.700000762939453,30.8799991607666,30.06999969482422,30.13999938964844,3111900
2016-09-16,20.811967849731445,30.18000030517578,30.40999984741211,29.8799991607666,30.3700008392334,10349000
2016-09-19,20.894716262817383,30.299999237060547,30.84000015258789,30.26000022888184,30.39999961853028,2918100
2016-09-20,21.01884078979492,30.479999542236328,30.84000015258789,30.38999938964844,30.65999984741211,3822000
2016-09-21,21.267099380493164,30.84000015258789,30.920000076293945,30.40999984741211,30.739999771118164,3189400
2016-09-22,21.446388244628903,31.100000381469727,31.3700008392334,30.940000534057617,31.1200008392334,2725800
2016-09-23,21.06022453308105,30.540000915527344,31.059999465942383,30.5,30.950000762939453,2207100
2016-09-26,20.88092422485352,30.280000686645508,30.670000076293945,30.1299991607666,30.280000686645508,2780200
2016-09-27,21.177453994750977,30.709999084472656,30.71999931335449,30.059999465942383,30.34000015258789,2341600
2016-09-28,21.363637924194336,30.979999542236328,31.0,30.520000457763672,30.809999465942383,2705900
2016-09-29,20.991260528564453,30.440000534057617,31.190000534057617,30.170000076293945,30.84000015258789,3077400
2016-09-30,21.563623428344727,31.270000457763672,31.43000030517578,30.56999969482422,30.809999465942383,3411400
2016-10-03,21.69464111328125,31.459999084472656,31.709999084472656,31.14999961853028,31.239999771118164,3791400
2016-10-04,21.64637565612793,31.38999938964844,31.68000030517578,31.0,31.540000915527344,4063700
2016-10-05,22.04634094238281,31.96999931335449,32.029998779296875,31.549999237060547,31.559999465942383,2904600
2016-10-06,21.94979476928711,31.82999992370605,31.940000534057617,31.6200008392334,31.8700008392334,3210100
2016-10-07,21.467079162597656,31.1299991607666,31.89999961853028,30.8799991607666,31.790000915527344,5942000
2016-10-10,21.54983329772949,31.25,31.63999938964844,31.14999961853028,31.34000015258789,4403200
2016-10-11,21.06022453308105,30.540000915527344,31.440000534057617,30.3700008392334,31.09000015258789,5699000
2016-10-12,21.2395133972168,30.799999237060547,31.32999992370605,30.59000015258789,30.59000015258789,4767900
2016-10-13,20.901615142822266,30.309999465942383,30.43000030517578,29.739999771118164,30.43000030517578,2450400
2016-10-14,20.62577247619629,29.90999984741211,30.690000534057617,29.89999961853028,30.530000686645508,4686800
2016-10-17,20.391313552856445,29.56999969482422,30.059999465942383,29.479999542236328,29.96999931335449,4071900
2016-10-18,20.40510368347168,29.59000015258789,30.0,29.530000686645508,30.0,4255100
2016-10-19,20.51544189453125,29.75,29.989999771118164,29.700000762939453,29.739999771118164,3703500
2016-10-20,20.56370735168457,29.81999969482422,30.0,29.65999984741211,29.700000762939453,3297200
2016-10-21,20.57060432434082,29.82999992370605,29.979999542236328,29.5,29.57999992370605,3306200
2016-10-24,20.756797790527344,30.100000381469727,30.239999771118164,29.96999931335449,30.01000022888184,3482200
2016-10-25,20.39820671081543,29.57999992370605,30.239999771118164,29.559999465942383,30.09000015258789,3044100
2016-10-26,20.48095893859864,29.700000762939453,29.790000915527344,29.209999084472656,29.39999961853028,5206000
2016-10-27,20.060306549072266,29.09000015258789,29.549999237060547,28.549999237060547,29.290000915527344,6021100
2016-10-28,19.68103408813477,28.540000915527344,29.190000534057617,28.229999542236328,29.15999984741211,4924700
2016-10-31,19.37070846557617,28.09000015258789,28.6200008392334,28.09000015258789,28.61000061035156,4140000
2016-11-01,19.33622932434082,28.040000915527344,28.40999984741211,27.68000030517578,28.280000686645508,3380000
2016-11-02,19.08108329772949,27.670000076293945,27.950000762939453,27.459999084472656,27.950000762939453,3535800
2016-11-03,19.20521354675293,27.850000381469727,28.0,27.6299991607666,27.8799991607666,4162300
2016-11-04,19.21210289001465,27.86000061035156,28.18000030517578,27.57999992370605,27.82999992370605,4644100
2016-11-07,19.6396598815918,28.479999542236328,28.88999938964844,28.3700008392334,28.57999992370605,3775300
2016-11-08,19.584487915039062,28.39999961853028,28.61000061035156,28.059999465942383,28.350000381469727,2716900
2016-11-09,20.749900817871094,30.09000015258789,30.280000686645508,28.56999969482422,29.100000381469727,5771500
2016-11-10,21.57822799682617,31.0,31.709999084472656,30.13999938964844,30.13999938964844,5509000
2016-11-11,21.717443466186523,31.200000762939453,31.239999771118164,30.549999237060547,30.770000457763672,5617400
2016-11-14,22.25341796875,31.96999931335449,32.16999816894531,31.350000381469727,31.489999771118164,5729200
2016-11-15,22.49008178710937,32.310001373291016,32.36000061035156,31.40999984741211,31.59000015258789,4422800
2016-11-16,22.121170043945312,31.780000686645508,32.29999923706055,31.770000457763672,31.950000762939453,2906400
2016-11-17,22.20469665527344,31.89999961853028,32.04999923706055,31.6299991607666,31.81999969482422,3251200
2016-11-18,21.940189361572266,31.520000457763672,32.0,31.479999542236328,31.90999984741211,3687500
2016-11-21,22.121170043945312,31.780000686645508,31.799999237060547,31.350000381469727,31.790000915527344,3109600
2016-11-22,22.086366653442383,31.729999542236328,31.959999084472656,31.40999984741211,31.959999084472656,2449600
2016-11-23,22.04459381103516,31.670000076293945,31.950000762939453,31.46999931335449,31.76000022888184,2009200
2016-11-25,22.03763008117676,31.65999984741211,31.81999969482422,31.540000915527344,31.690000534057617,901800
2016-11-28,21.73832130432129,31.229999542236328,31.520000457763672,31.170000076293945,31.350000381469727,2934500
2016-11-29,21.53646278381348,30.940000534057617,31.38999938964844,30.8799991607666,31.32999992370605,2611400
2016-11-30,21.794008255004883,31.309999465942383,31.6200008392334,31.209999084472656,31.530000686645508,3269200
2016-12-01,22.009790420532227,31.6200008392334,31.920000076293945,31.3700008392334,31.63999938964844,2830100
2016-12-02,21.870580673217773,31.420000076293945,31.600000381469727,31.26000022888184,31.489999771118164,2349400
2016-12-05,22.07940101623535,31.71999931335449,32.0099983215332,31.40999984741211,31.81999969482422,3345900
2016-12-06,22.441356658935547,32.2400016784668,32.33000183105469,31.82999992370605,31.8799991607666,3551900
2016-12-07,22.78243064880371,32.72999954223633,32.84000015258789,32.13999938964844,32.2400016784668,2770400
2016-12-08,23.08174514770508,33.15999984741211,33.34000015258789,32.77000045776367,32.880001068115234,2687600
2016-12-09,22.824190139770508,32.790000915527344,33.20000076293945,32.72999954223633,33.06999969482422,2636100
2016-12-12,22.49008178710937,32.310001373291016,32.81999969482422,32.18000030517578,32.779998779296875,2951900
2016-12-13,22.093318939208984,31.739999771118164,32.540000915527344,31.530000686645508,32.5099983215332,6196900
2016-12-14,21.940189361572266,31.520000457763672,32.099998474121094,31.290000915527344,31.479999542236328,5014900
2016-12-15,22.03067398071289,31.64999961853028,32.13999938964844,31.459999084472656,31.63999938964844,3498900
2016-12-16,21.85665702819824,31.39999961853028,32.349998474121094,31.309999465942383,31.920000076293945,6722900
2016-12-19,21.85665702819824,31.39999961853028,31.670000076293945,31.11000061035156,31.31999969482422,2629400
2016-12-20,22.15596580505371,31.82999992370605,31.959999084472656,31.6200008392334,31.739999771118164,3185800
2016-12-21,21.884498596191406,31.440000534057617,31.799999237060547,31.25,31.790000915527344,2670400
2016-12-22,21.61302757263184,31.049999237060547,31.40999984741211,30.780000686645508,31.40999984741211,2706200
2016-12-23,21.48077392578125,30.86000061035156,31.1200008392334,30.68000030517578,31.1200008392334,1510300
2016-12-27,21.689603805541992,31.15999984741211,31.309999465942383,30.89999961853028,31.020000457763672,1751500
2016-12-28,21.12578392028809,30.350000381469727,31.299999237060547,30.32999992370605,31.270000457763672,2633900
2016-12-29,20.95176315307617,30.100000381469727,30.440000534057617,29.959999084472656,30.3799991607666,3287400
2016-12-30,21.11882400512696,30.34000015258789,30.459999084472656,30.190000534057617,30.32999992370605,2170400
2017-01-03,21.529504776000977,30.93000030517578,31.239999771118164,30.559999465942383,30.979999542236328,3483500
2017-01-04,22.11420249938965,31.770000457763672,31.81999969482422,30.950000762939453,31.040000915527344,3470400
2017-01-05,21.940189361572266,31.520000457763672,31.799999237060547,31.059999465942383,31.559999465942383,2797500
2017-01-06,21.94715118408203,31.530000686645508,31.6299991607666,31.18000030517578,31.600000381469727,3522500
2017-01-09,21.47381591796875,30.850000381469727,31.549999237060547,30.84000015258789,31.25,3525000
2017-01-10,21.348527908325195,30.670000076293945,31.01000022888184,30.63999938964844,30.850000381469727,2896000
2017-01-11,21.6547966003418,31.11000061035156,31.1299991607666,30.57999992370605,30.61000061035156,2361400
2017-01-12,21.61302757263184,31.049999237060547,31.14999961853028,30.459999084472656,30.88999938964844,2984700
2017-01-13,21.64783096313477,31.100000381469727,31.549999237060547,31.059999465942383,31.13999938964844,2411200
2017-01-17,21.264997482299805,30.549999237060547,30.940000534057617,30.450000762939453,30.89999961853028,2834100
2017-01-18,21.264997482299805,30.549999237060547,30.56999969482422,30.239999771118164,30.43000030517578,3512500
2017-01-19,21.00048828125,30.170000076293945,30.81999969482422,30.1200008392334,30.63999938964844,3964800
2017-01-20,21.244117736816406,30.520000457763672,30.530000686645508,30.200000762939453,30.290000915527344,3855500
2017-01-23,21.202342987060547,30.459999084472656,30.51000022888184,30.11000061035156,30.3799991607666,1988500
2017-01-24,21.47381591796875,30.850000381469727,31.299999237060547,30.56999969482422,30.61000061035156,3467700
2017-01-25,21.640869140625,31.09000015258789,31.489999771118164,30.850000381469727,31.270000457763672,3511600
2017-01-26,20.882152557373047,30.0,31.530000686645508,29.88999938964844,31.440000534057617,4882300
2017-01-27,20.54107666015625,29.51000022888184,30.030000686645508,29.32999992370605,29.959999084472656,4015300
2017-01-30,20.339216232299805,29.21999931335449,29.43000030517578,28.84000015258789,29.43000030517578,4102300
2017-01-31,20.13039970397949,28.920000076293945,29.18000030517578,28.75,29.1200008392334,4944800
2017-02-01,20.59676551818848,29.59000015258789,29.700000762939453,29.09000015258789,29.15999984741211,3632600
2017-02-02,20.56892204284668,29.549999237060547,29.65999984741211,29.06999969482422,29.239999771118164,3505300
2017-02-03,21.50861930847168,30.89999961853028,30.93000030517578,30.1299991607666,30.15999984741211,5353900
2017-02-06,21.202342987060547,30.459999084472656,30.979999542236328,30.40999984741211,30.59000015258789,2567300
2017-02-07,21.18146133422852,30.43000030517578,30.690000534057617,30.1299991607666,30.64999961853028,2406000
2017-02-08,21.244117736816406,30.520000457763672,30.600000381469727,29.979999542236328,30.209999084472656,2658800
2017-02-09,21.926258087158203,31.5,31.540000915527344,30.520000457763672,30.520000457763672,3904500
2017-02-10,22.16292762756348,31.84000015258789,32.189998626708984,31.709999084472656,31.739999771118164,3905300
2017-02-13,22.35087013244629,32.11000061035156,32.22999954223633,31.82999992370605,32.029998779296875,2251500
2017-02-14,22.470239639282227,32.0,32.13999938964844,31.65999984741211,31.76000022888184,2231200
2017-02-15,22.96880149841309,32.709999084472656,32.81999969482422,32.11000061035156,32.369998931884766,2972900
2017-02-16,22.856449127197266,32.54999923706055,32.7599983215332,32.40999984741211,32.689998626708984,2188500
2017-02-17,22.84942054748535,32.540000915527344,32.56999969482422,32.02000045776367,32.04999923706055,2120300
2017-02-21,23.27776527404785,33.150001525878906,33.220001220703125,32.7400016784668,32.75,3064600
2017-02-22,23.41819953918457,33.349998474121094,33.439998626708984,32.88999938964844,32.91999816894531,3770500
2017-02-23,23.17243385314941,33.0,33.459999084472656,32.970001220703125,33.459999084472656,3407400
2017-02-24,22.933687210083008,32.65999984741211,32.84000015258789,32.529998779296875,32.560001373291016,3424900
2017-02-27,22.92666816711425,32.650001525878906,32.810001373291016,32.529998779296875,32.619998931884766,2425000
2017-02-28,22.603660583496094,32.189998626708984,32.5099983215332,31.89999961853028,32.459999084472656,5043300
2017-03-01,22.78623390197754,32.45000076293945,33.18000030517578,32.40999984741211,32.93000030517578,5488000
2017-03-02,22.737079620361328,32.380001068115234,32.619998931884766,32.16999816894531,32.47999954223633,3480100
2017-03-03,22.701967239379883,32.33000183105469,32.54999923706055,32.08000183105469,32.439998626708984,2671500
2017-03-06,22.603660583496094,32.189998626708984,32.38999938964844,32.06999969482422,32.15999984741211,2590900
2017-03-07,22.44215202331543,31.959999084472656,32.369998931884766,31.86000061035156,32.150001525878906,3799600
2017-03-08,22.61770248413086,32.209999084472656,32.400001525878906,32.119998931884766,32.279998779296875,2300000
2017-03-09,22.652807235717773,32.2599983215332,32.45000076293945,32.099998474121094,32.310001373291016,2635800
2017-03-10,22.3227767944336,31.790000915527344,32.4900016784668,31.64999961853028,32.439998626708984,3617000
2017-03-13,22.238513946533203,31.670000076293945,31.920000076293945,31.46999931335449,31.920000076293945,2729700
2017-03-14,22.175317764282227,31.57999992370605,31.600000381469727,31.11000061035156,31.530000686645508,2959400
2017-03-15,22.82133674621582,32.5,32.56999969482422,32.029998779296875,32.11000061035156,3014800
2017-03-16,22.94773292541504,32.68000030517578,32.810001373291016,32.5,32.779998779296875,2005200
2017-03-17,21.929548263549805,31.229999542236328,32.720001220703125,31.18000030517578,32.720001220703125,5448100
2017-03-20,21.831239700317383,31.09000015258789,31.34000015258789,30.799999237060547,31.18000030517578,2711300
2017-03-21,21.2624626159668,30.280000686645508,31.729999542236328,30.200000762939453,31.32999992370605,3662500
2017-03-22,21.136070251464844,30.100000381469727,30.209999084472656,29.700000762939453,30.1299991607666,3305700
2017-03-23,21.2203311920166,30.21999931335449,30.790000915527344,30.020000457763672,30.09000015258789,3201400
2017-03-24,21.136070251464844,30.100000381469727,30.530000686645508,29.950000762939453,30.31999969482422,3466500
2017-03-27,21.06584930419922,30.0,30.040000915527344,29.36000061035156,29.6299991607666,3811000
2017-03-28,21.60654067993164,30.770000457763672,30.979999542236328,29.8700008392334,29.959999084472656,3481600
2017-03-29,21.480144500732425,30.59000015258789,30.82999992370605,30.530000686645508,30.700000762939453,2165900
2017-03-30,21.571430206298828,30.71999931335449,30.86000061035156,30.420000076293945,30.540000915527344,2402800
2017-03-31,21.50823211669922,30.6299991607666,30.8700008392334,30.46999931335449,30.559999465942383,2970700
2017-04-03,21.480144500732425,30.59000015258789,30.729999542236328,30.1299991607666,30.61000061035156,2513200
2017-04-04,21.4099235534668,30.489999771118164,30.690000534057617,30.40999984741211,30.420000076293945,1849500
2017-04-05,21.2624626159668,30.280000686645508,31.020000457763672,30.26000022888184,30.76000022888184,1967600
2017-04-06,21.480144500732425,30.59000015258789,30.68000030517578,30.15999984741211,30.3799991607666,1870700
2017-04-07,21.325660705566406,30.3700008392334,30.57999992370605,30.200000762939453,30.31999969482422,2790800
2017-04-10,21.592498779296875,30.75,31.01000022888184,30.309999465942383,30.3700008392334,3003900
2017-04-11,21.63462829589844,30.809999465942383,30.8700008392334,30.14999961853028,30.57999992370605,2834800
2017-04-12,21.40290260314941,30.479999542236328,30.920000076293945,30.36000061035156,30.82999992370605,3275400
2017-04-13,21.08691596984864,30.030000686645508,30.600000381469727,30.020000457763672,30.299999237060547,2472600
2017-04-17,21.57845115661621,30.729999542236328,30.770000457763672,30.100000381469727,30.1200008392334,2266300
2017-04-18,21.5152587890625,30.63999938964844,30.84000015258789,30.3700008392334,30.559999465942383,3066800
2017-04-19,21.775066375732425,31.01000022888184,31.13999938964844,30.8700008392334,30.959999084472656,3117100
2017-04-20,22.13319396972656,31.520000457763672,31.59000015258789,31.030000686645508,31.190000534057617,3532900
2017-04-21,21.96466064453125,31.280000686645508,31.63999938964844,31.13999938964844,31.5,2734300
2017-04-24,22.49130821228028,32.029998779296875,32.2599983215332,31.8799991607666,32.0,3774500
2017-04-25,22.5896110534668,32.16999816894531,32.33000183105469,32.0,32.29999923706055,2664200
2017-04-26,22.779203414916992,32.439998626708984,32.68000030517578,32.0099983215332,32.11000061035156,4084000
2017-04-27,23.256696701049805,33.119998931884766,33.130001068115234,31.989999771118164,32.70000076293945,4668900
2017-04-28,23.130300521850582,32.939998626708984,33.470001220703125,32.790000915527344,33.119998931884766,3185500
2017-05-01,22.954757690429688,32.689998626708984,33.119998931884766,32.66999816894531,33.06999969482422,2332400
2017-05-02,22.89858055114746,32.61000061035156,32.790000915527344,32.36000061035156,32.720001220703125,2217100
2017-05-03,22.94070816040039,32.66999816894531,32.720001220703125,32.349998474121094,32.439998626708984,1741000
2017-05-04,22.75813865661621,32.40999984741211,32.95000076293945,32.209999084472656,32.79999923706055,2003600
2017-05-05,22.737079620361328,32.380001068115234,32.529998779296875,32.18000030517578,32.470001220703125,1475400
2017-05-08,22.71600914001465,32.349998474121094,32.47999954223633,32.220001220703125,32.47999954223633,2267500
2017-05-09,22.86347007751465,32.560001373291016,32.66999816894531,32.34000015258789,32.400001525878906,2340300
2017-05-10,22.94848823547364,32.38999938964844,32.439998626708984,32.04999923706055,32.2400016784668,1856400
2017-05-11,22.77845001220703,32.150001525878906,32.2400016784668,31.770000457763672,32.220001220703125,2280800
2017-05-12,22.75719451904297,32.119998931884766,32.13999938964844,31.84000015258789,31.96999931335449,1837400
2017-05-15,22.828048706054688,32.220001220703125,32.45000076293945,32.09000015258789,32.22999954223633,2719800
2017-05-16,22.799699783325195,32.18000030517578,32.41999816894531,31.920000076293945,32.38999938964844,2170900
2017-05-17,21.722780227661133,30.65999984741211,32.18000030517578,30.57999992370605,32.18000030517578,3514700
2017-05-18,22.133712768554688,31.239999771118164,31.3799991607666,30.51000022888184,30.690000534057617,4234000
2017-05-19,22.402942657470703,31.6200008392334,31.780000686645508,31.21999931335449,31.3799991607666,2281600
2017-05-22,22.565898895263672,31.850000381469727,31.989999771118164,31.600000381469727,31.8700008392334,1501300
2017-05-23,22.140798568725582,31.25,31.959999084472656,30.950000762939453,30.950000762939453,2741600
2017-05-24,22.09119987487793,31.18000030517578,31.309999465942383,30.920000076293945,31.280000686645508,2690700
2017-05-25,22.63675117492676,31.950000762939453,32.119998931884766,31.309999465942383,31.51000022888184,2435300
2017-05-26,22.67217063903809,32.0,32.029998779296875,31.63999938964844,31.780000686645508,1636200
2017-05-30,22.402942657470703,31.6200008392334,31.989999771118164,31.51000022888184,31.989999771118164,1534200
2017-05-31,22.459625244140625,31.700000762939453,31.89999961853028,31.15999984741211,31.850000381469727,2521000
2017-06-01,23.32400131225586,32.91999816894531,32.95000076293945,31.75,31.8799991607666,3170700
2017-06-02,23.33108711242676,32.93000030517578,33.16999816894531,32.56999969482422,32.70000076293945,3235400
2017-06-05,23.62157249450684,33.34000015258789,33.400001525878906,32.97999954223633,33.22999954223633,3359200
2017-06-06,23.6711654663086,33.40999984741211,33.58000183105469,33.0,33.15999984741211,3301500
2017-06-07,23.6711654663086,33.40999984741211,33.54999923706055,33.220001220703125,33.47999954223633,2638700
2017-06-08,24.004169464111328,33.880001068115234,34.099998474121094,33.310001373291016,33.40999984741211,2717600
2017-06-09,24.315902709960938,34.31999969482422,34.34000015258789,33.91999816894531,34.150001525878906,2898600
2017-06-12,24.40802001953125,34.45000076293945,34.70000076293945,34.2599983215332,34.310001373291016,2587900
2017-06-13,24.436355590820312,34.4900016784668,34.790000915527344,34.349998474121094,34.56999969482422,2151200
2017-06-14,24.570968627929688,34.68000030517578,34.72999954223633,34.13999938964844,34.290000915527344,2034800
2017-06-15,24.5001220703125,34.58000183105469,34.689998626708984,34.130001068115234,34.68000030517578,2085100
2017-06-16,24.521373748779297,34.61000061035156,34.720001220703125,34.380001068115234,34.54999923706055,3181300
2017-06-19,25.081098556518555,35.400001525878906,35.47999954223633,34.709999084472656,34.79999923706055,2665400
2017-06-20,24.8472843170166,35.06999969482422,35.38999938964844,35.06999969482422,35.2599983215332,1792900
2017-06-21,24.65598487854004,34.79999923706055,35.16999816894531,34.7599983215332,35.150001525878906,2266200
2017-06-22,24.79060935974121,34.9900016784668,35.18000030517578,34.709999084472656,34.7400016784668,1780300
2017-06-23,24.77643203735352,34.970001220703125,35.13999938964844,34.77000045776367,35.13999938964844,3361400
2017-06-26,24.804777145385746,35.0099983215332,35.36000061035156,34.86000061035156,35.16999816894531,2934300
2017-06-27,24.634735107421875,34.77000045776367,35.25,34.75,35.2400016784668,3341700
2017-06-28,25.01733016967773,35.310001373291016,35.31999969482422,34.7400016784668,35.04999923706055,3691500
2017-06-29,24.79768753051757,35.0,35.90999984741211,34.689998626708984,35.72999954223633,2729000
2017-06-30,24.932302474975582,35.189998626708984,35.439998626708984,35.060001373291016,35.29999923706055,2361500
2017-07-03,25.15903282165528,35.5099983215332,35.970001220703125,35.459999084472656,35.459999084472656,1497300
2017-07-05,25.15194129943848,35.5,35.81999969482422,35.29999923706055,35.560001373291016,2033900
2017-07-06,24.91104888916016,35.15999984741211,35.66999816894531,35.150001525878906,35.33000183105469,3101900
2017-07-07,25.44951820373535,35.91999816894531,35.9900016784668,35.279998779296875,35.47999954223633,3015500
2017-07-10,25.83919143676757,36.470001220703125,36.630001068115234,35.779998779296875,35.779998779296875,2942800
2017-07-11,25.30781364440918,35.720001220703125,36.47999954223633,35.630001068115234,36.47999954223633,2846900
2017-07-12,25.584131240844727,36.11000061035156,36.27000045776367,35.720001220703125,35.790000915527344,2616200
2017-07-13,25.43534278869629,35.900001525878906,36.09999847412109,35.54999923706055,36.09999847412109,3907800
2017-07-14,25.584131240844727,36.11000061035156,36.20000076293945,35.529998779296875,35.68000030517578,2049600
2017-07-17,25.62664222717285,36.16999816894531,36.47999954223633,35.81999969482422,36.47999954223633,1926100
2017-07-18,25.463680267333984,35.939998626708984,36.18000030517578,35.810001373291016,35.939998626708984,2115400
2017-07-19,25.64790153503418,36.20000076293945,36.209999084472656,35.91999816894531,36.11000061035156,1493900
2017-07-20,25.60538673400879,36.13999938964844,36.43000030517578,36.09999847412109,36.310001373291016,2184500
2017-07-21,25.541624069213867,36.04999923706055,36.2599983215332,35.869998931884766,36.08000183105469,1749700
2017-07-24,25.69748878479004,36.27000045776367,36.34000015258789,35.97999954223633,36.04999923706055,1971000
2017-07-25,25.88169860839844,36.52999877929688,36.84000015258789,36.43999862670898,36.720001220703125,2189300
2017-07-26,25.81793594360352,36.43999862670898,36.75,36.290000915527344,36.59999847412109,2800000
2017-07-27,24.51428604125977,34.599998474121094,36.34000015258789,33.86000061035156,36.34000015258789,6188200
2017-07-28,24.344247817993164,34.36000061035156,34.72999954223633,34.11000061035156,34.31999969482422,4236100
2017-07-31,24.634735107421875,34.77000045776367,35.16999816894531,34.439998626708984,34.54999923706055,5075800
2017-08-01,24.939393997192383,35.20000076293945,35.22999954223633,34.72999954223633,34.939998626708984,2172200
2017-08-02,24.535552978515625,34.630001068115234,35.220001220703125,34.599998474121094,35.11000061035156,4404500
2017-08-03,24.464693069458008,34.529998779296875,35.11000061035156,34.31999969482422,34.59000015258789,2532700
2017-08-04,24.493040084838867,34.56999969482422,34.79999923706055,34.41999816894531,34.779998779296875,1987400
2017-08-07,24.627649307250977,34.7599983215332,34.79999923706055,34.439998626708984,34.66999816894531,1634800
2017-08-08,24.521373748779297,34.61000061035156,35.11000061035156,34.529998779296875,34.63999938964844,2101900
2017-08-09,24.493040084838867,34.56999969482422,34.58000183105469,34.16999816894531,34.380001068115234,1902700
2017-08-10,23.76326942443848,33.540000915527344,34.41999816894531,33.52000045776367,34.290000915527344,2480100
2017-08-11,24.08209991455078,33.9900016784668,34.099998474121094,33.36000061035156,33.529998779296875,2768200
2017-08-14,24.089187622070312,34.0,34.290000915527344,33.939998626708984,34.290000915527344,1799700
2017-08-15,24.167787551879883,33.81999969482422,33.9900016784668,33.650001525878906,33.900001525878906,1723100
2017-08-16,24.05345344543457,33.65999984741211,34.150001525878906,33.61000061035156,34.02000045776367,2014200
2017-08-17,23.41745948791504,32.77000045776367,33.599998474121094,32.7599983215332,33.5,2517500
2017-08-18,23.48177528381348,32.86000061035156,33.189998626708984,32.56999969482422,32.66999816894531,2974900
2017-08-21,23.49606704711914,32.880001068115234,32.93000030517578,32.59000015258789,32.810001373291016,1435300
2017-08-22,23.760469436645508,33.25,33.27000045776367,32.709999084472656,32.939998626708984,1773300
2017-08-23,23.488916397094727,32.869998931884766,33.2599983215332,32.849998474121094,32.97999954223633,1898600
2017-08-24,23.28168487548828,32.58000183105469,32.95000076293945,32.38999938964844,32.95000076293945,2279400
2017-08-25,23.41745948791504,32.77000045776367,33.0,32.59000015258789,32.779998779296875,2035200
2017-08-28,23.188793182373047,32.45000076293945,32.970001220703125,32.31999969482422,32.93000030517578,1798400
2017-08-29,23.03157615661621,32.22999954223633,32.36000061035156,31.850000381469727,32.08000183105469,2824900
2017-08-30,23.181644439697266,32.439998626708984,32.540000915527344,32.099998474121094,32.22999954223633,2307300
2017-08-31,23.424604415893555,32.779998779296875,32.86000061035156,32.41999816894531,32.650001525878906,1991600
2017-09-01,23.667570114135746,33.119998931884766,33.29999923706055,32.880001068115234,32.95000076293945,1832700
2017-09-05,23.05300712585449,32.2599983215332,32.939998626708984,32.13999938964844,32.93000030517578,2743100
2017-09-06,22.90294647216797,32.04999923706055,32.59000015258789,32.0099983215332,32.47999954223633,2411800
2017-09-07,22.688570022583008,31.75,32.150001525878906,31.600000381469727,32.08000183105469,1945100
2017-09-08,22.64569091796875,31.690000534057617,31.8799991607666,31.57999992370605,31.670000076293945,2158200
2017-09-11,22.938676834106445,32.099998474121094,32.560001373291016,32.029998779296875,32.099998474121094,1953700
2017-09-12,23.231660842895508,32.5099983215332,32.619998931884766,32.290000915527344,32.41999816894531,1755200
2017-09-13,23.38887405395508,32.72999954223633,32.7400016784668,32.369998931884766,32.47999954223633,1995100
2017-09-14,23.431753158569336,32.790000915527344,33.0099983215332,32.54999923706055,32.63999938964844,2331100
2017-09-15,23.63899040222168,33.08000183105469,33.09000015258789,32.59000015258789,32.77000045776367,3894900
2017-09-18,23.89624214172364,33.439998626708984,33.599998474121094,33.119998931884766,33.119998931884766,2836000
2017-09-19,23.946264266967773,33.5099983215332,33.630001068115234,33.25,33.439998626708984,2551700
2017-09-20,23.90339469909668,33.45000076293945,33.599998474121094,33.2599983215332,33.54999923706055,2140900
2017-09-21,23.98199844360352,33.560001373291016,33.650001525878906,33.18000030517578,33.47999954223633,1556500
2017-09-22,24.439340591430664,34.20000076293945,34.2400016784668,33.349998474121094,33.4900016784668,2657600
2017-09-25,24.460777282714844,34.22999954223633,34.41999816894531,33.91999816894531,34.11000061035156,1485300
2017-09-26,24.36073303222656,34.09000015258789,34.400001525878906,34.06999969482422,34.290000915527344,1161100
2017-09-27,24.582256317138672,34.400001525878906,34.58000183105469,34.099998474121094,34.470001220703125,1735500
2017-09-28,24.496505737304688,34.279998779296875,34.290000915527344,33.650001525878906,34.0,2716400
2017-09-29,25.03960609436035,35.040000915527344,35.439998626708984,34.459999084472656,34.459999084472656,3333900
2017-10-02,25.38975524902344,35.529998779296875,35.54999923706055,34.630001068115234,35.0099983215332,3008900
2017-10-03,25.55411720275879,35.7599983215332,35.83000183105469,35.349998474121094,35.5099983215332,2235100
2017-10-04,25.43263435363769,35.59000015258789,35.90999984741211,35.45000076293945,35.66999816894531,1915600
2017-10-05,25.582704544067383,35.79999923706055,36.16999816894531,35.58000183105469,35.61000061035156,2686800
2017-10-06,25.561260223388672,35.77000045776367,35.88999938964844,35.599998474121094,35.88999938964844,2369500
2017-10-09,25.53268051147461,35.72999954223633,35.91999816894531,35.66999816894531,35.900001525878906,1745000
2017-10-10,25.78278923034668,36.08000183105469,36.209999084472656,35.79999923706055,35.880001068115234,3105600
2017-10-11,25.9328556060791,36.290000915527344,36.560001373291016,36.11000061035156,36.11000061035156,2658500
2017-10-12,25.9328556060791,36.290000915527344,36.68999862670898,36.18999862670898,36.27999877929688,4511400
2017-10-13,25.83281517028809,36.150001525878906,36.54999923706055,36.119998931884766,36.27000045776367,3281500
2017-10-16,25.95429992675781,36.31999969482422,36.38999938964844,36.09000015258789,36.2400016784668,2255500
2017-10-17,25.86139488220215,36.18999862670898,36.34000015258789,36.02999877929688,36.34000015258789,1979400
2017-10-18,26.2901554107666,36.790000915527344,36.83000183105469,36.27000045776367,36.34000015258789,2773100
2017-10-19,26.354469299316406,36.880001068115234,36.880001068115234,36.47999954223633,36.5,2214500
2017-10-20,26.683189392089844,37.34000015258789,37.41999816894531,37.130001068115234,37.33000183105469,3484900
2017-10-23,26.62601852416992,37.2599983215332,37.5099983215332,37.16999816894531,37.31999969482422,2169300
2017-10-24,26.73320579528809,37.40999984741211,37.59000015258789,37.27999877929688,37.5,1988700
2017-10-25,26.32588577270508,36.84000015258789,37.400001525878906,36.369998931884766,37.400001525878906,3314100
2017-10-26,26.547412872314453,37.150001525878906,37.75,36.41999816894531,37.70000076293945,2334000
2017-10-27,26.361621856689453,36.88999938964844,37.380001068115234,36.75,37.20000076293945,1788300
2017-10-30,25.754194259643555,36.040000915527344,36.77999877929688,35.939998626708984,36.630001068115234,2693900
2017-10-31,25.57555389404297,35.790000915527344,36.16999816894531,35.72999954223633,36.040000915527344,2737700
2017-11-01,25.55411720275879,35.7599983215332,36.25,35.7400016784668,36.04999923706055,1734600
2017-11-02,25.839956283569336,36.15999984741211,36.310001373291016,35.709999084472656,35.810001373291016,3305200
2017-11-03,25.761354446411133,36.04999923706055,36.18999862670898,35.72999954223633,36.15999984741211,2448800
2017-11-06,25.63272285461425,35.869998931884766,36.119998931884766,35.79999923706055,35.9900016784668,1496600
2017-11-07,25.446928024291992,35.61000061035156,36.09000015258789,35.380001068115234,35.93000030517578,1631000
2017-11-08,25.504093170166016,35.689998626708984,35.720001220703125,35.40999984741211,35.59000015258789,2081500
2017-11-09,25.36832046508789,35.5,35.56999969482422,35.189998626708984,35.41999816894531,1865400
2017-11-10,25.118209838867188,35.150001525878906,35.540000915527344,35.029998779296875,35.459999084472656,1598200
2017-11-13,24.87322235107422,34.52000045776367,34.68000030517578,34.349998474121094,34.630001068115234,1896400
2017-11-14,24.83719825744629,34.470001220703125,34.529998779296875,34.2599983215332,34.290000915527344,2247800
2017-11-15,24.84440803527832,34.47999954223633,34.79999923706055,33.95000076293945,34.209999084472656,4631800
2017-11-16,24.909252166748047,34.56999969482422,34.869998931884766,34.5,34.709999084472656,2280100
2017-11-17,25.20467758178711,34.97999954223633,35.06999969482422,34.369998931884766,34.43000030517578,2899300
2017-11-20,25.55053329467773,35.459999084472656,35.810001373291016,35.0099983215332,35.04999923706055,2941100
2017-11-21,25.673030853271484,35.630001068115234,35.880001068115234,35.439998626708984,35.630001068115234,2075400
2017-11-22,25.38481330871582,35.22999954223633,35.849998474121094,35.15999984741211,35.66999816894531,1426800
2017-11-24,25.28393745422364,35.09000015258789,35.400001525878906,35.04999923706055,35.349998474121094,687900
2017-11-27,25.363195419311523,35.20000076293945,35.31999969482422,35.0,35.13999938964844,2960700
2017-11-28,25.939632415771484,36.0,36.209999084472656,35.20000076293945,35.369998931884766,3294000
2017-11-29,26.01168632507324,36.09999847412109,36.47999954223633,35.66999816894531,36.22999954223633,3489200
2017-11-30,26.062124252319336,36.16999816894531,36.68000030517578,36.040000915527344,36.34999847412109,2611100
2017-12-01,26.0909481048584,36.209999084472656,36.41999816894531,35.09000015258789,36.27999877929688,3226400
2017-12-04,26.573715209960938,36.880001068115234,37.119998931884766,36.66999816894531,36.880001068115234,2979400
2017-12-05,26.393573760986328,36.630001068115234,36.95000076293945,36.52999877929688,36.720001220703125,1550300
2017-12-06,26.725027084350582,37.09000015258789,37.34999847412109,36.540000915527344,36.59999847412109,2394200
2017-12-07,26.9051570892334,37.34000015258789,37.81999969482422,36.81999969482422,36.970001220703125,2101600
2017-12-08,27.142942428588867,37.66999816894531,37.77000045776367,37.27999877929688,37.459999084472656,1489300
2017-12-11,26.94119644165039,37.38999938964844,37.84999847412109,37.220001220703125,37.380001068115234,2494300
2017-12-12,26.78267478942871,37.16999816894531,37.400001525878906,36.810001373291016,37.16999816894531,2837600
2017-12-13,26.63135528564453,36.959999084472656,37.720001220703125,36.91999816894531,37.2400016784668,3618100
2017-12-14,26.148595809936523,36.290000915527344,37.150001525878906,36.290000915527344,37.150001525878906,2817700
2017-12-15,26.343137741088867,36.560001373291016,36.84999847412109,36.40999984741211,36.54999923706055,5006100
2017-12-18,26.52328109741211,36.810001373291016,37.09000015258789,36.66999816894531,36.9900016784668,2315800
2017-12-19,26.379165649414062,36.61000061035156,37.09000015258789,36.59999847412109,37.060001373291016,2469400
2017-12-20,26.314313888549805,36.52000045776367,37.04999923706055,36.40999984741211,36.959999084472656,1785700
2017-12-21,26.379165649414062,36.61000061035156,36.790000915527344,36.459999084472656,36.75,2611200
2017-12-22,26.400779724121094,36.63999938964844,36.790000915527344,36.5099983215332,36.7599983215332,1304600
2017-12-26,26.371957778930664,36.59999847412109,36.790000915527344,36.41999816894531,36.65999984741211,637900
2017-12-27,26.328723907470703,36.540000915527344,36.68000030517578,36.400001525878906,36.68000030517578,1052400
2017-12-28,26.49445343017578,36.77000045776367,36.79999923706055,36.47999954223633,36.650001525878906,1388100
2017-12-29,26.328723907470703,36.540000915527344,36.88999938964844,36.540000915527344,36.88999938964844,1493800
2018-01-02,26.191823959350582,36.34999847412109,36.86000061035156,36.18000030517578,36.84000015258789,2816000
2018-01-03,26.321517944335938,36.52999877929688,36.58000183105469,35.88999938964844,36.0,2876700
2018-01-04,26.537687301635746,36.83000183105469,37.119998931884766,36.63999938964844,36.66999816894531,2388500
2018-01-05,26.86192512512207,37.27999877929688,37.33000183105469,36.810001373291016,36.9900016784668,3220800
2018-01-08,26.544893264770508,36.84000015258789,37.09000015258789,36.560001373291016,36.56999969482422,3534000
2018-01-09,26.804283142089844,37.20000076293945,37.47999954223633,36.970001220703125,36.970001220703125,2840300
2018-01-10,26.530481338500977,36.81999969482422,37.65999984741211,36.68000030517578,37.310001373291016,3929500
2018-01-11,26.876344680786133,37.29999923706055,37.33000183105469,36.59999847412109,36.91999816894531,2974200
2018-01-12,27.27984619140625,37.86000061035156,37.880001068115234,37.40999984741211,37.59000015258789,2511800
2018-01-16,26.804283142089844,37.20000076293945,38.41999816894531,37.09000015258789,38.130001068115234,3843900
2018-01-17,27.43836975097656,38.08000183105469,38.290000915527344,37.310001373291016,37.400001525878906,3258300
2018-01-18,27.27984619140625,37.86000061035156,38.209999084472656,37.790000915527344,38.08000183105469,2315700
2018-01-19,27.47439956665039,38.130001068115234,38.25,37.91999816894531,37.97999954223633,2457600
2018-01-22,27.28705596923828,37.869998931884766,38.060001373291016,37.33000183105469,37.959999084472656,3176400
2018-01-23,27.09971237182617,37.61000061035156,38.0099983215332,37.43999862670898,37.77999877929688,3223400
2018-01-24,27.09971237182617,37.61000061035156,38.20000076293945,37.4900016784668,37.880001068115234,2777000
2018-01-25,27.085294723510746,37.59000015258789,37.709999084472656,37.2400016784668,37.68999862670898,2042600
2018-01-26,27.6689453125,38.400001525878906,38.43000030517578,37.45000076293945,37.70000076293945,3309700
2018-01-29,27.006038665771484,37.47999954223633,38.43000030517578,37.470001220703125,38.2599983215332,3093100
2018-01-30,26.42960548400879,36.68000030517578,37.400001525878906,36.68000030517578,37.119998931884766,3941100
2018-01-31,26.03329849243164,36.130001068115234,36.65999984741211,35.40999984741211,36.25,4910100
2018-02-01,25.961244583129883,36.02999877929688,36.63999938964844,35.849998474121094,36.25,3966600
2018-02-02,25.33437156677246,35.15999984741211,35.70000076293945,34.81999969482422,35.650001525878906,5003900
2018-02-05,23.90048599243164,33.16999816894531,35.150001525878906,33.02000045776367,34.529998779296875,6240100
2018-02-06,24.21752548217773,33.61000061035156,33.86000061035156,32.08000183105469,32.38999938964844,6416600
2018-02-07,24.10944557189941,33.459999084472656,34.36000061035156,33.43000030517578,33.540000915527344,4162800
2018-02-08,22.999805450439453,31.920000076293945,33.529998779296875,31.920000076293945,33.45000076293945,4151800
2018-02-09,23.374488830566406,32.439998626708984,32.72999954223633,31.239999771118164,32.400001525878906,5322900
2018-02-12,23.4321403503418,32.52000045776367,32.95000076293945,32.150001525878906,32.720001220703125,2720700
2018-02-13,23.424924850463867,32.5099983215332,33.0099983215332,32.310001373291016,32.4900016784668,3181800
2018-02-14,24.1156063079834,33.16999816894531,33.189998626708984,31.920000076293945,32.060001373291016,3936100
2018-02-15,24.130146026611328,33.189998626708984,33.810001373291016,32.86000061035156,33.400001525878906,3748900
2018-02-16,24.6608829498291,33.91999816894531,34.04999923706055,33.02000045776367,33.119998931884766,4997100
2018-02-20,24.144689559936523,33.209999084472656,34.029998779296875,33.04999923706055,33.709999084472656,4285200
2018-02-21,24.15195846557617,33.220001220703125,33.95000076293945,33.20000076293945,33.34000015258789,3832900
2018-02-22,23.948387145996094,32.939998626708984,33.599998474121094,32.849998474121094,33.36000061035156,3783100
2018-02-23,24.130146026611328,33.189998626708984,33.20000076293945,32.79999923706055,33.060001373291016,2246800
2018-02-26,24.602718353271484,33.84000015258789,33.880001068115234,33.13999938964844,33.43000030517578,2637900
2018-02-27,24.006555557250977,33.02000045776367,34.0,33.0099983215332,33.75,3297600
2018-02-28,23.65757751464844,32.540000915527344,33.52000045776367,32.52000045776367,33.25,4106800
2018-03-01,23.126842498779297,31.809999465942383,32.7400016784668,31.56999969482422,32.54999923706055,4218400
2018-03-02,23.417654037475582,32.209999084472656,32.279998779296875,31.440000534057617,31.63999938964844,3727500
2018-03-05,23.75209045410156,32.66999816894531,32.900001525878906,31.799999237060547,32.11000061035156,3225600
2018-03-06,24.079254150390625,33.119998931884766,33.22999954223633,32.56999969482422,32.93000030517578,3012600
2018-03-07,24.23920631408692,33.34000015258789,33.380001068115234,32.70000076293945,32.7400016784668,4082300
2018-03-08,24.646345138549805,33.900001525878906,33.959999084472656,33.20000076293945,33.369998931884766,5810700
2018-03-09,25.09709548950196,34.52000045776367,34.56999969482422,33.79999923706055,34.2400016784668,3618000
2018-03-12,25.09709548950196,34.52000045776367,35.029998779296875,34.470001220703125,34.61000061035156,4189600
2018-03-13,24.79901885986328,34.11000061035156,34.88999938964844,33.970001220703125,34.63999938964844,2849300
2018-03-14,24.188308715820312,33.27000045776367,34.22999954223633,33.209999084472656,34.22999954223633,4183700
2018-03-15,23.9338493347168,32.91999816894531,33.369998931884766,32.599998474121094,33.349998474121094,5818800
2018-03-16,24.137414932250977,33.20000076293945,33.470001220703125,33.040000915527344,33.04999923706055,11491300
2018-03-19,23.73027801513672,32.63999938964844,33.20000076293945,32.290000915527344,33.11000061035156,3416600
2018-03-20,23.65030670166016,32.529998779296875,32.849998474121094,32.41999816894531,32.790000915527344,2920500
2018-03-21,23.948387145996094,32.939998626708984,33.54999923706055,32.540000915527344,32.58000183105469,3776700
2018-03-22,22.865114212036133,31.450000762939453,32.619998931884766,31.36000061035156,32.45000076293945,4006700
2018-03-23,22.33438491821289,30.71999931335449,31.709999084472656,30.65999984741211,31.530000686645508,2958700
2018-03-26,23.3594970703125,32.130001068115234,32.18000030517578,31.059999465942383,31.39999961853028,4005200
2018-03-27,22.7996826171875,31.36000061035156,32.2400016784668,31.059999465942383,32.16999816894531,4766500
2018-03-28,22.886924743652344,31.479999542236328,31.709999084472656,31.1200008392334,31.5,5263800
2018-03-29,23.27225685119629,32.0099983215332,32.2599983215332,31.489999771118164,31.700000762939453,2217900
2018-04-02,22.42162322998047,30.84000015258789,31.809999465942383,30.190000534057617,31.809999465942383,4322200
2018-04-03,22.76333236694336,31.309999465942383,31.450000762939453,30.799999237060547,31.07999992370605,3653500
2018-04-04,23.06140899658203,31.71999931335449,31.809999465942383,30.51000022888184,30.739999771118164,3176300
2018-04-05,23.105037689208984,31.780000686645508,32.0099983215332,31.479999542236328,31.89999961853028,2438600
2018-04-06,22.319843292236328,30.700000762939453,31.51000022888184,30.3799991607666,31.280000686645508,3526600
2018-04-09,22.28348922729492,30.64999961853028,31.450000762939453,30.600000381469727,30.920000076293945,2481600
2018-04-10,22.734249114990234,31.270000457763672,31.489999771118164,31.01000022888184,31.170000076293945,2733000
2018-04-11,22.24713897705078,30.600000381469727,31.07999992370605,30.489999771118164,30.82999992370605,3271400
2018-04-12,22.407087326049805,30.81999969482422,31.13999938964844,30.690000534057617,30.8700008392334,2600000
2018-04-13,22.19624900817871,30.530000686645508,31.059999465942383,30.38999938964844,30.989999771118164,2325700
2018-04-16,22.42889404296875,30.850000381469727,31.1200008392334,30.64999961853028,30.780000686645508,2328000
2018-04-17,22.63246154785156,31.1299991607666,31.40999984741211,30.950000762939453,31.15999984741211,2335200
2018-04-18,22.617919921875,31.11000061035156,31.530000686645508,31.09000015258789,31.200000762939453,2989600
2018-04-19,22.69789695739746,31.21999931335449,31.40999984741211,30.90999984741211,31.14999961853028,1977900
2018-04-20,22.58156967163086,31.059999465942383,31.46999931335449,30.71999931335449,31.299999237060547,3115500
2018-04-23,22.537952423095703,31.0,31.46999931335449,30.86000061035156,31.07999992370605,2895000
2018-04-24,22.28348922729492,30.64999961853028,31.280000686645508,30.450000762939453,31.18000030517578,2691800
2018-04-25,22.348920822143555,30.739999771118164,31.01000022888184,30.479999542236328,30.520000457763672,3808700
2018-04-26,21.70186424255371,29.850000381469727,30.43000030517578,29.190000534057617,30.39999961853028,5975400
2018-04-27,21.51283836364746,29.59000015258789,29.780000686645508,29.270000457763672,29.63999938964844,3729700
2018-04-30,21.06207656860352,28.96999931335449,29.84000015258789,28.93000030517578,29.670000076293945,4081200
2018-05-01,20.6767520904541,28.440000534057617,29.020000457763672,28.040000915527344,28.84000015258789,4786100
2018-05-02,20.458642959594727,28.13999938964844,28.479999542236328,28.07999992370605,28.440000534057617,2861400
2018-05-03,20.327775955200195,27.959999084472656,28.049999237060547,27.350000381469727,28.0,3384700
2018-05-04,20.64040184020996,28.38999938964844,28.729999542236328,27.700000762939453,27.770000457763672,2704100
2018-05-07,20.69856643676757,28.46999931335449,28.59000015258789,28.1200008392334,28.479999542236328,3380400
2018-05-08,20.458642959594727,28.13999938964844,28.440000534057617,27.84000015258789,28.3700008392334,3746900
2018-05-09,20.34231948852539,27.979999542236328,28.3700008392334,27.6299991607666,28.31999969482422,9792900
2018-05-10,20.68037796020508,28.13999938964844,28.420000076293945,27.790000915527344,27.809999465942383,3847000
2018-05-11,20.72447204589844,28.200000762939453,28.34000015258789,27.950000762939453,28.229999542236328,2690200
2018-05-14,20.981693267822266,28.549999237060547,28.68000030517578,28.18000030517578,28.26000022888184,3509700
2018-05-15,20.87880516052246,28.40999984741211,28.530000686645508,28.299999237060547,28.32999992370605,2391700
2018-05-16,20.952289581298828,28.51000022888184,28.799999237060547,28.32999992370605,28.350000381469727,2063100
2018-05-17,21.0551815032959,28.64999961853028,28.850000381469727,28.3799991607666,28.5,2074200
2018-05-18,21.04048156738281,28.6299991607666,28.71999931335449,28.440000534057617,28.64999961853028,2791700
2018-05-21,21.025781631469727,28.61000061035156,28.90999984741211,28.549999237060547,28.8799991607666,2025800
2018-05-22,21.165414810180664,28.799999237060547,28.979999542236328,28.63999938964844,28.709999084472656,2514400
2018-05-23,20.89350128173828,28.43000030517578,28.68000030517578,28.21999931335449,28.600000381469727,2052800
2018-05-24,20.79060935974121,28.290000915527344,28.39999961853028,27.63999938964844,28.270000457763672,2870800
2018-05-25,20.761219024658203,28.25,28.440000534057617,28.07999992370605,28.1299991607666,1603500
2018-05-29,19.90137481689453,27.07999992370605,27.93000030517578,26.93000030517578,27.82999992370605,3365000
2018-05-30,20.19533920288086,27.479999542236328,27.600000381469727,27.200000762939453,27.38999938964844,2469300
2018-05-31,20.07774543762207,27.31999969482422,27.540000915527344,27.14999961853028,27.450000762939453,3750800
2018-06-01,20.371713638305664,27.71999931335449,27.920000076293945,27.59000015258789,27.700000762939453,2579900
2018-06-04,20.21003150939941,27.5,27.84000015258789,27.459999084472656,27.799999237060547,2872700
2018-06-05,20.18063735961914,27.459999084472656,27.690000534057617,27.26000022888184,27.549999237060547,4508800
2018-06-06,20.452550888061523,27.82999992370605,27.88999938964844,27.56999969482422,27.700000762939453,3867800
2018-06-07,20.40110969543457,27.76000022888184,28.229999542236328,27.59000015258789,27.989999771118164,2466400
2018-06-08,20.52604484558105,27.93000030517578,27.950000762939453,27.489999771118164,27.690000534057617,2501400
2018-06-11,20.52604484558105,27.93000030517578,28.299999237060547,27.8799991607666,28.0,2370900
2018-06-12,20.54809188842773,27.959999084472656,28.530000686645508,27.780000686645508,28.049999237060547,3617100
2018-06-13,20.03365707397461,27.26000022888184,28.09000015258789,27.229999542236328,27.959999084472656,3325900
2018-06-14,19.99690818786621,27.209999084472656,27.46999931335449,27.15999984741211,27.38999938964844,2521800
2018-06-15,20.21738052368164,27.51000022888184,27.600000381469727,26.959999084472656,27.07999992370605,5707000
2018-06-18,19.71029281616211,26.81999969482422,27.21999931335449,26.3700008392334,27.14999961853028,10249000
2018-06-19,19.82788276672364,26.979999542236328,27.1299991607666,26.5,26.540000915527344,6711200
2018-06-20,19.94546890258789,27.13999938964844,27.38999938964844,26.84000015258789,27.21999931335449,5069800
2018-06-21,19.864622116088867,27.030000686645508,27.229999542236328,26.850000381469727,27.1299991607666,2752800
2018-06-22,20.305570602416992,27.6299991607666,27.739999771118164,27.13999938964844,27.299999237060547,6245700
2018-06-25,20.129194259643555,27.38999938964844,27.540000915527344,26.8700008392334,27.270000457763672,5548700
2018-06-26,19.952816009521484,27.14999961853028,27.43000030517578,27.01000022888184,27.309999465942383,3765200
2018-06-27,19.48247337341309,26.51000022888184,27.280000686645508,26.51000022888184,27.1299991607666,2839400
2018-06-28,19.54126167297364,26.59000015258789,26.61000061035156,26.15999984741211,26.46999931335449,3704800
2018-06-29,19.51922035217285,26.559999465942383,27.07999992370605,26.549999237060547,26.790000915527344,4359000
2018-07-02,19.6882438659668,26.790000915527344,26.82999992370605,26.239999771118164,26.350000381469727,4330100
2018-07-03,19.438379287719727,26.450000762939453,26.989999771118164,26.39999961853028,26.8799991607666,1768000
2018-07-05,19.504518508911133,26.540000915527344,26.75,26.21999931335449,26.65999984741211,2957000
2018-07-06,19.431028366088867,26.440000534057617,26.690000534057617,26.32999992370605,26.46999931335449,2466600
2018-07-09,19.871973037719727,27.040000915527344,27.14999961853028,26.350000381469727,26.57999992370605,3627900
2018-07-10,20.011608123779297,27.229999542236328,27.26000022888184,26.86000061035156,27.059999465942383,3090900
2018-07-11,19.578012466430664,26.63999938964844,27.170000076293945,26.6200008392334,27.06999969482422,2558600
2018-07-12,19.13706588745117,26.040000915527344,26.729999542236328,25.979999542236328,26.729999542236328,4431000
2018-07-13,18.82840347290039,25.6200008392334,25.89999961853028,25.520000457763672,25.76000022888184,4451100
2018-07-16,18.74021339416504,25.5,25.64999961853028,25.34000015258789,25.6200008392334,3999900
2018-07-17,18.71081924438477,25.459999084472656,25.670000076293945,25.350000381469727,25.46999931335449,3424400
2018-07-18,19.203203201293945,26.1299991607666,26.15999984741211,25.530000686645508,25.57999992370605,2671800
2018-07-19,18.87984848022461,25.690000534057617,26.09000015258789,25.520000457763672,26.020000457763672,4307200
2018-07-20,18.71081924438477,25.459999084472656,25.65999984741211,25.3700008392334,25.600000381469727,2473100
2018-07-23,19.122371673583984,26.020000457763672,26.1200008392334,25.450000762939453,25.5,4442400
2018-07-24,19.27670288085937,26.229999542236328,26.489999771118164,26.01000022888184,26.170000076293945,3442700
2018-07-25,19.372234344482425,26.36000061035156,26.420000076293945,26.020000457763672,26.25,3315700
2018-07-26,18.901893615722656,25.71999931335449,26.01000022888184,25.190000534057617,25.989999771118164,5935100
2018-07-27,19.085622787475582,25.96999931335449,26.32999992370605,25.64999961853028,25.76000022888184,4911200
2018-07-30,20.107147216796875,27.36000061035156,27.479999542236328,26.01000022888184,26.01000022888184,8326500
2018-07-31,19.83523368835449,26.989999771118164,27.59000015258789,26.93000030517578,27.5,7846800
2018-08-01,18.975385665893555,25.81999969482422,27.13999938964844,25.61000061035156,27.1200008392334,6072500
2018-08-02,18.34336471557617,24.959999084472656,25.64999961853028,24.76000022888184,25.61000061035156,5485300
2018-08-03,18.482994079589844,25.14999961853028,25.450000762939453,24.959999084472656,25.040000915527344,3184100
2018-08-06,18.6005802154541,25.309999465942383,25.3700008392334,24.8700008392334,25.21999931335449,2648100
2018-08-07,18.696121215820312,25.440000534057617,25.780000686645508,25.31999969482422,25.3799991607666,3937900
2018-08-08,18.813701629638672,25.600000381469727,25.61000061035156,25.07999992370605,25.3799991607666,3787800
2018-08-09,18.732860565185547,25.489999771118164,25.81999969482422,25.39999961853028,25.549999237060547,5760100
2018-08-10,18.15228271484375,24.700000762939453,25.190000534057617,24.309999465942383,25.190000534057617,5287300
2018-08-13,18.21842765808105,24.790000915527344,24.88999938964844,24.520000457763672,24.670000076293945,3600100
2018-08-14,18.365407943725582,24.989999771118164,25.07999992370605,24.75,24.920000076293945,3541500
2018-08-15,18.000926971435547,24.200000762939453,24.530000686645508,24.1299991607666,24.39999961853028,3890400
2018-08-16,18.29102325439453,24.59000015258789,24.780000686645508,24.31999969482422,24.34000015258789,3479900
2018-08-17,18.209203720092773,24.479999542236328,24.780000686645508,24.3799991607666,24.440000534057617,4744500
2018-08-20,18.2984619140625,24.600000381469727,24.81999969482422,24.450000762939453,24.57999992370605,4400800
2018-08-21,18.43978881835937,24.790000915527344,24.989999771118164,24.56999969482422,24.56999969482422,4853000
2018-08-22,18.32077980041504,24.6299991607666,24.81999969482422,24.59000015258789,24.809999465942383,4120500
2018-08-23,18.06787300109864,24.290000915527344,24.729999542236328,24.21999931335449,24.56999969482422,2712900
2018-08-24,17.9562931060791,24.13999938964844,24.40999984741211,24.1200008392334,24.40999984741211,2389900
2018-08-27,18.4025993347168,24.739999771118164,24.959999084472656,24.280000686645508,24.280000686645508,3230700
2018-08-28,18.380285263061523,24.709999084472656,24.90999984741211,24.59000015258789,24.799999237060547,2871100
2018-08-29,18.37284469604492,24.700000762939453,24.809999465942383,24.309999465942383,24.63999938964844,2979000
2018-08-30,18.045555114746094,24.26000022888184,24.64999961853028,24.229999542236328,24.61000061035156,2608600
2018-08-31,17.926542282104492,24.100000381469727,24.270000457763672,23.88999938964844,24.200000762939453,3794700
2018-09-04,17.8372802734375,23.979999542236328,24.06999969482422,23.739999771118164,24.06999969482422,3724900
2018-09-05,18.2984619140625,24.600000381469727,24.71999931335449,23.93000030517578,24.0,4552100
2018-09-06,18.015804290771484,24.21999931335449,24.61000061035156,24.11000061035156,24.56999969482422,4567600
2018-09-07,17.88935089111328,24.049999237060547,24.31999969482422,23.780000686645508,24.18000030517578,3000700
2018-09-10,18.112504959106445,24.350000381469727,24.549999237060547,24.18000030517578,24.200000762939453,2787900
2018-09-11,17.84471893310547,23.989999771118164,24.270000457763672,23.790000915527344,24.1200008392334,2951100
2018-09-12,17.88935089111328,24.049999237060547,24.14999961853028,23.850000381469727,23.96999931335449,2659800
2018-09-13,17.376102447509766,23.36000061035156,24.25,23.25,24.21999931335449,7026600
2018-09-14,17.666194915771484,23.75,23.84000015258789,23.479999542236328,23.479999542236328,5580000
2018-09-17,17.636444091796875,23.709999084472656,24.21999931335449,23.63999938964844,23.89999961853028,3561700
2018-09-18,17.614133834838867,23.68000030517578,23.82999992370605,23.549999237060547,23.76000022888184,3569500
2018-09-19,18.06787300109864,24.290000915527344,24.459999084472656,23.809999465942383,23.850000381469727,3151200
2018-09-20,18.15713119506836,24.40999984741211,24.8799991607666,24.200000762939453,24.46999931335449,3475400
2018-09-21,18.08275032043457,24.309999465942383,24.59000015258789,24.09000015258789,24.440000534057617,10847700
2018-09-24,17.621570587158203,23.690000534057617,24.479999542236328,23.530000686645508,24.25,5477000
2018-09-25,17.08600616455078,22.96999931335449,23.86000061035156,22.86000061035156,23.809999465942383,6047900
2018-09-26,17.093446731567383,22.979999542236328,23.350000381469727,22.86000061035156,22.940000534057617,3876500
2018-09-27,17.152950286865234,23.059999465942383,23.32999992370605,22.81999969482422,23.25,4647500
2018-09-28,17.019058227539062,22.8799991607666,23.040000915527344,22.690000534057617,22.8799991607666,4110200
2018-10-01,17.115758895874023,23.01000022888184,23.11000061035156,22.770000457763672,22.8700008392334,3098100
2018-10-02,17.093446731567383,22.979999542236328,23.350000381469727,22.780000686645508,23.059999465942383,3910500
2018-10-03,17.152950286865234,23.059999465942383,23.31999969482422,22.850000381469727,23.100000381469727,3829800
2018-10-04,17.27196502685547,23.21999931335449,23.39999961853028,22.989999771118164,23.01000022888184,2765500
2018-10-05,17.286836624145508,23.239999771118164,23.549999237060547,23.170000076293945,23.18000030517578,5397600
2018-10-08,16.669450759887695,22.40999984741211,23.07999992370605,22.31999969482422,22.96999931335449,9499700
2018-10-09,16.215707778930664,21.799999237060547,22.459999084472656,21.65999984741211,22.299999237060547,6782400
2018-10-10,15.724776268005373,21.13999938964844,21.88999938964844,21.1299991607666,21.71999931335449,6609200
2018-10-11,14.928866386413574,20.06999969482422,21.32999992370605,20.020000457763672,21.0,11478100
2018-10-12,14.832167625427246,19.940000534057617,20.559999465942383,19.65999984741211,20.450000762939453,10082800
2018-10-15,15.189214706420898,20.420000076293945,20.6299991607666,19.71999931335449,19.920000076293945,4905900
2018-10-16,15.27847385406494,20.540000915527344,20.61000061035156,20.190000534057617,20.549999237060547,8092400
2018-10-17,15.576007843017578,20.940000534057617,21.059999465942383,20.440000534057617,20.440000534057617,5077800
2018-10-18,15.814038276672363,21.26000022888184,22.790000915527344,21.11000061035156,22.6200008392334,18456700
2018-10-19,16.349599838256836,21.979999542236328,22.040000915527344,20.780000686645508,21.200000762939453,9923600
2018-10-22,15.702460289001465,21.11000061035156,22.06999969482422,21.07999992370605,22.0,6447200
2018-10-23,15.74708652496338,21.170000076293945,21.290000915527344,20.6200008392334,20.8700008392334,7252000
2018-10-24,15.680142402648926,21.07999992370605,21.5,20.920000076293945,21.190000534057617,6757100
2018-10-25,16.02231216430664,21.540000915527344,21.700000762939453,20.989999771118164,21.229999542236328,7482000
2018-10-26,15.657828330993652,21.049999237060547,21.530000686645508,20.76000022888184,21.420000076293945,5125600
2018-10-29,15.79916000366211,21.239999771118164,21.739999771118164,21.020000457763672,21.36000061035156,5184700
2018-10-30,16.30497169494629,21.920000076293945,21.989999771118164,21.280000686645508,21.39999961853028,7570200
2018-10-31,16.148767471313477,21.709999084472656,22.21999931335449,21.68000030517578,22.18000030517578,6402000
2018-11-01,16.349599838256836,21.979999542236328,22.07999992370605,21.700000762939453,21.709999084472656,6011500
2018-11-02,16.081819534301758,21.6200008392334,22.450000762939453,21.51000022888184,22.25,4779800
2018-11-05,16.156204223632812,21.71999931335449,22.06999969482422,21.3799991607666,21.690000534057617,4856700
2018-11-06,16.14132308959961,21.700000762939453,21.76000022888184,21.440000534057617,21.68000030517578,4008500
2018-11-07,16.05950355529785,21.59000015258789,21.850000381469727,21.100000381469727,21.790000915527344,5146300
2018-11-08,16.20083236694336,21.780000686645508,22.020000457763672,21.46999931335449,21.479999542236328,6197200
2018-11-09,15.748297691345217,20.8799991607666,21.450000762939453,20.600000381469727,21.34000015258789,4645600
2018-11-12,15.446608543395996,20.479999542236328,20.940000534057617,20.38999938964844,20.75,7792500
2018-11-13,14.971441268920898,19.850000381469727,20.61000061035156,19.799999237060547,20.520000457763672,10625400
2018-11-14,14.86584758758545,19.709999084472656,20.43000030517578,19.280000686645508,19.979999542236328,10866000
2018-11-15,15.129828453063965,20.059999465942383,20.09000015258789,19.36000061035156,19.489999771118164,6219200
2018-11-16,15.137372016906738,20.06999969482422,20.290000915527344,19.81999969482422,19.950000762939453,6082400
2018-11-19,15.1675386428833,20.11000061035156,20.43000030517578,19.959999084472656,20.100000381469727,6749000
2018-11-20,14.994068145751951,19.8799991607666,20.209999084472656,19.81999969482422,19.959999084472656,5774400
2018-11-21,15.182625770568848,20.1299991607666,20.5,19.799999237060547,19.88999938964844,5875300
2018-11-23,15.28067684173584,20.26000022888184,20.450000762939453,19.81999969482422,19.979999542236328,2005100
2018-11-26,15.65024757385254,20.75,20.989999771118164,20.450000762939453,20.57999992370605,3895100
2018-11-27,15.439062118530272,20.46999931335449,20.81999969482422,20.420000076293945,20.61000061035156,4130700
2018-11-28,15.597445487976074,20.68000030517578,20.8700008392334,20.0,20.450000762939453,6510800
2018-11-29,15.273128509521484,20.25,20.56999969482422,20.209999084472656,20.489999771118164,3761000
2018-11-30,15.348554611206056,20.350000381469727,20.479999542236328,20.06999969482422,20.15999984741211,5252000
2018-12-03,15.574823379516602,20.64999961853028,20.8799991607666,20.43000030517578,20.559999465942383,4106400
2018-12-04,14.730091094970703,19.530000686645508,20.479999542236328,19.34000015258789,20.31999969482422,11430300
2018-12-06,14.232298851013184,18.8700008392334,19.200000762939453,18.489999771118164,19.11000061035156,8509400
2018-12-07,13.968314170837402,18.520000457763672,19.270000457763672,18.38999938964844,18.89999961853028,6261200
2018-12-10,13.538406372070312,17.950000762939453,18.540000915527344,17.6200008392334,18.3700008392334,6150700
2018-12-11,13.123579025268556,17.399999618530273,18.26000022888184,17.270000457763672,18.1200008392334,7645100
2018-12-12,13.30459213256836,17.639999389648438,18.020000457763672,17.350000381469727,17.610000610351562,5144800
2018-12-13,13.002906799316406,17.239999771118164,17.739999771118164,17.1299991607666,17.639999389648438,4165800
2018-12-14,12.7841796875,16.950000762939453,17.459999084472656,16.860000610351562,17.079999923706055,5086500
2018-12-17,12.821891784667969,17.0,17.549999237060547,16.81999969482422,16.940000534057617,5668000
2018-12-18,12.799263954162598,16.969999313354492,17.389999389648438,16.790000915527344,17.079999923706055,4805000
2018-12-19,12.384434700012209,16.420000076293945,17.18000030517578,16.299999237060547,16.860000610351562,5742800
2018-12-20,12.286386489868164,16.290000915527344,16.790000915527344,16.079999923706055,16.360000610351562,8629800
2018-12-21,12.067659378051758,16.0,16.719999313354492,15.979999542236328,16.270000457763672,10087300
2018-12-24,11.848932266235352,15.710000038146973,16.200000762939453,15.630000114440918,16.010000228881836,2785700
2018-12-26,12.429691314697266,16.479999542236328,16.479999542236328,15.380000114440918,15.800000190734863,5728200
2018-12-27,12.60316276550293,16.709999084472656,16.709999084472656,15.93000030517578,16.18000030517578,4647100
2018-12-28,12.482484817504885,16.549999237060547,16.959999084472656,16.43000030517578,16.760000228881836,5662500
2018-12-31,12.625789642333984,16.739999771118164,16.81999969482422,16.399999618530273,16.530000686645508,3800700
2019-01-02,12.701213836669922,16.84000015258789,17.040000915527344,16.31999969482422,16.420000076293945,5222300
2019-01-03,12.391975402832031,16.43000030517578,16.850000381469727,16.360000610351562,16.75,6000500
2019-01-04,13.017987251281738,17.260000228881836,17.34000015258789,16.6200008392334,16.75,5041500
2019-01-07,13.176376342773438,17.469999313354492,17.719999313354492,17.010000228881836,17.190000534057617,3884700
2019-01-08,13.033074378967283,17.280000686645508,17.81999969482422,17.190000534057617,17.600000381469727,3998100
2019-01-09,13.063241958618164,17.31999969482422,17.56999969482422,17.170000076293945,17.270000457763672,3957100
2019-01-10,13.236713409423828,17.549999237060547,17.739999771118164,17.290000915527344,17.31999969482422,5046400
2019-01-11,13.108492851257324,17.3799991607666,17.649999618530273,17.100000381469727,17.280000686645508,6079500
2019-01-14,13.236713409423828,17.549999237060547,17.700000762939453,17.1299991607666,17.290000915527344,5212100
2019-01-15,13.425272941589355,17.799999237060547,17.81999969482422,17.469999313354492,17.540000915527344,3587500
2019-01-16,13.809931755065918,18.309999465942383,18.450000762939453,17.860000610351562,17.940000534057617,4262100
2019-01-17,13.923062324523926,18.459999084472656,18.61000061035156,17.93000030517578,18.1299991607666,4877100
2019-01-18,14.209668159484863,18.84000015258789,19.0,18.540000915527344,18.670000076293945,4682400
2019-01-22,14.11161994934082,18.709999084472656,18.809999465942383,18.51000022888184,18.790000915527344,4573500
2019-01-23,14.036198616027832,18.61000061035156,18.84000015258789,18.3799991607666,18.790000915527344,3707700
2019-01-24,14.16441535949707,18.780000686645508,18.89999961853028,18.540000915527344,18.56999969482422,4371000
2019-01-25,14.345431327819824,19.020000457763672,19.18000030517578,18.81999969482422,19.0,6294100
2019-01-28,14.647123336791992,19.420000076293945,19.489999771118164,18.8700008392334,18.93000030517578,5609000
2019-01-29,14.375604629516602,19.059999465942383,19.5,19.020000457763672,19.3799991607666,4277900
2019-01-30,14.021114349365234,18.59000015258789,18.90999984741211,18.030000686645508,18.76000022888184,7507400
2019-01-31,13.742047309875488,18.21999931335449,18.530000686645508,18.049999237060547,18.39999961853028,10575300
2019-02-01,13.847641944885254,18.36000061035156,18.559999465942383,18.15999984741211,18.350000381469727,5477400
2019-02-04,14.013566970825195,18.57999992370605,18.670000076293945,18.229999542236328,18.440000534057617,4005300
2019-02-05,14.119163513183594,18.71999931335449,18.75,18.46999931335449,18.6299991607666,3730200
2019-02-06,14.013566970825195,18.57999992370605,18.88999938964844,18.540000915527344,18.700000762939453,4086600
2019-02-07,13.855184555053713,18.3700008392334,18.790000915527344,18.11000061035156,18.549999237060547,4309800
2019-02-08,13.576115608215332,18.0,18.350000381469727,17.700000762939453,18.25,4319100
2019-02-11,13.71942138671875,18.190000534057617,18.229999542236328,17.979999542236328,18.13999938964844,4520100
2019-02-12,14.006030082702637,18.56999969482422,18.61000061035156,18.32999992370605,18.39999961853028,5032300
2019-02-13,14.159350395202637,18.46999931335449,18.729999542236328,18.40999984741211,18.459999084472656,3552000
2019-02-14,14.006022453308104,18.270000457763672,18.3700008392334,17.93000030517578,18.32999992370605,3418700
2019-02-15,14.45832633972168,18.86000061035156,18.88999938964844,18.350000381469727,18.450000762939453,4591100
2019-02-19,14.496659278869627,18.90999984741211,18.989999771118164,18.6200008392334,18.739999771118164,3388200
2019-02-20,14.596318244934082,19.040000915527344,19.1299991607666,18.809999465942383,18.8799991607666,3812600
2019-02-21,14.43532943725586,18.82999992370605,19.14999961853028,18.739999771118164,19.09000015258789,3608100
2019-02-22,14.603986740112305,19.049999237060547,19.100000381469727,18.82999992370605,18.90999984741211,3319200
2019-02-25,14.550320625305176,18.979999542236328,19.420000076293945,18.950000762939453,19.18000030517578,3261200
2019-02-26,14.603986740112305,19.049999237060547,19.200000762939453,18.86000061035156,18.89999961853028,3605600
2019-02-27,14.79563808441162,19.299999237060547,19.309999465942383,18.950000762939453,19.040000915527344,3823400
2019-02-28,14.833969116210938,19.350000381469727,19.56999969482422,19.309999465942383,19.350000381469727,4980100
2019-03-01,14.956629753112791,19.51000022888184,19.940000534057617,19.43000030517578,19.600000381469727,6159700
2019-03-04,14.91062831878662,19.450000762939453,19.89999961853028,19.290000915527344,19.520000457763672,5231100
2019-03-05,14.92596435546875,19.46999931335449,19.57999992370605,19.25,19.46999931335449,3251000
2019-03-06,14.7343111038208,19.21999931335449,19.59000015258789,19.14999961853028,19.43000030517578,3661100
2019-03-07,14.305005073547363,18.65999984741211,19.1299991607666,18.61000061035156,19.1299991607666,5541400
2019-03-08,14.2896728515625,18.63999938964844,18.670000076293945,18.34000015258789,18.5,5075000
2019-03-11,14.542657852172852,18.96999931335449,19.06999969482422,18.770000457763672,18.84000015258789,4390700
2019-03-12,14.542657852172852,18.96999931335449,19.21999931335449,18.93000030517578,19.059999465942383,3941300
2019-03-13,14.81863784790039,19.32999992370605,19.6299991607666,19.0,19.06999969482422,3754600
2019-03-14,14.833969116210938,19.350000381469727,19.489999771118164,19.21999931335449,19.350000381469727,3184200
2019-03-15,15.163612365722656,19.780000686645508,19.81999969482422,19.38999938964844,19.40999984741211,10088800
2019-03-18,15.51625633239746,20.239999771118164,20.25,19.76000022888184,19.90999984741211,3992400
2019-03-19,15.286274909973145,19.940000534057617,20.489999771118164,19.8799991607666,20.43000030517578,3930600
2019-03-20,15.125280380249023,19.729999542236328,20.049999237060547,19.68000030517578,20.0,4639800
2019-03-21,15.17128086090088,19.790000915527344,19.920000076293945,19.290000915527344,19.540000915527344,3326400
2019-03-22,14.611655235290527,19.059999465942383,19.700000762939453,18.850000381469727,19.6299991607666,3823400
2019-03-25,14.397000312805176,18.780000686645508,19.229999542236328,18.64999961853028,19.11000061035156,3763100
2019-03-26,14.78031063079834,19.280000686645508,19.299999237060547,18.979999542236328,19.030000686645508,3890100
2019-03-27,14.810970306396484,19.31999969482422,19.440000534057617,19.14999961853028,19.36000061035156,2710800
2019-03-28,14.849302291870115,19.3700008392334,19.540000915527344,19.270000457763672,19.309999465942383,3719700
2019-03-29,14.803305625915527,19.309999465942383,19.600000381469727,19.25,19.520000457763672,4686100
2019-04-01,15.309268951416016,19.96999931335449,19.979999542236328,19.5,19.56999969482422,4423400
2019-04-02,15.217276573181152,19.850000381469727,20.049999237060547,19.76000022888184,19.920000076293945,3475100
2019-04-03,15.42426300048828,20.1200008392334,20.190000534057617,19.90999984741211,20.100000381469727,3422100
2019-04-04,15.47792625427246,20.190000534057617,20.420000076293945,20.11000061035156,20.15999984741211,4014300
2019-04-05,15.707911491394045,20.489999771118164,20.5,20.13999938964844,20.280000686645508,7393400
2019-04-08,15.730907440185549,20.520000457763672,20.65999984741211,20.3799991607666,20.479999542236328,4740000
2019-04-09,15.562253952026367,20.299999237060547,20.520000457763672,20.25,20.459999084472656,2837800
2019-04-10,15.93789768218994,20.790000915527344,20.82999992370605,20.32999992370605,20.489999771118164,3894800
2019-04-11,15.983891487121582,20.850000381469727,21.15999984741211,20.790000915527344,20.90999984741211,3980800
2019-04-12,16.34419822692871,21.31999969482422,21.39999961853028,21.020000457763672,21.25,3475900
2019-04-15,16.152545928955078,21.06999969482422,21.43000030517578,21.0,21.280000686645508,4368400
2019-04-16,16.505191802978516,21.530000686645508,21.530000686645508,21.1200008392334,21.200000762939453,3629200
2019-04-17,16.604846954345703,21.65999984741211,21.700000762939453,21.40999984741211,21.51000022888184,2919100
2019-04-18,16.505191802978516,21.530000686645508,21.65999984741211,21.34000015258789,21.559999465942383,2559400
2019-04-22,16.39019775390625,21.3799991607666,21.549999237060547,21.350000381469727,21.46999931335449,2792500
2019-04-23,16.57418441772461,21.6200008392334,21.809999465942383,21.3799991607666,21.420000076293945,4013500
2019-04-24,16.51285743713379,21.540000915527344,21.64999961853028,21.39999961853028,21.520000457763672,4662100
2019-04-25,16.819499969482422,21.940000534057617,22.18000030517578,21.350000381469727,21.770000457763672,5892900
2019-04-26,16.689172744750977,21.770000457763672,22.020000457763672,21.34000015258789,21.88999938964844,4400800
2019-04-29,16.781171798706055,21.88999938964844,22.059999465942383,21.770000457763672,21.809999465942383,3932200
2019-04-30,16.842498779296875,21.96999931335449,21.989999771118164,21.670000076293945,21.88999938964844,3397600
2019-05-01,16.69684410095215,21.780000686645508,22.1299991607666,21.75,22.0,4329600
2019-05-02,16.252206802368164,21.200000762939453,21.950000762939453,20.979999542236328,21.8700008392334,5504900
2019-05-03,16.804168701171875,21.920000076293945,21.93000030517578,21.21999931335449,21.34000015258789,4119700
2019-05-06,16.581850051879883,21.6299991607666,21.75,21.200000762939453,21.5,3719000
2019-05-07,16.34419822692871,21.31999969482422,21.61000061035156,21.1200008392334,21.32999992370605,4966400
2019-05-08,16.290538787841797,21.25,21.5,21.21999931335449,21.25,3184400
2019-05-09,16.189401626586914,20.809999465942383,20.84000015258789,20.3700008392334,20.729999542236328,5637400
2019-05-10,16.60171890258789,21.34000015258789,21.40999984741211,20.799999237060547,20.809999465942383,5449500
2019-05-13,15.41921615600586,19.81999969482422,20.64999961853028,19.809999465942383,20.64999961853028,4328000
2019-05-14,15.854873657226562,20.3799991607666,20.559999465942383,19.88999938964844,19.940000534057617,3988200
2019-05-15,16.018251419067383,20.59000015258789,20.670000076293945,20.01000022888184,20.100000381469727,3123300
2019-05-16,16.088266372680664,20.68000030517578,20.950000762939453,20.64999961853028,20.64999961853028,4197700
2019-05-17,15.901556015014648,20.440000534057617,20.82999992370605,20.34000015258789,20.43000030517578,3012600
2019-05-20,16.064926147460938,20.64999961853028,20.700000762939453,20.21999931335449,20.25,3142600
2019-05-21,16.24385643005371,20.8799991607666,21.01000022888184,20.709999084472656,20.729999542236328,3982700
2019-05-22,16.142724990844727,20.75,21.01000022888184,20.700000762939453,20.770000457763672,3427100
2019-05-23,15.73040008544922,20.21999931335449,20.450000762939453,20.09000015258789,20.440000534057617,4678700
2019-05-24,15.885994911193848,20.420000076293945,20.56999969482422,20.36000061035156,20.38999938964844,2715500
2019-05-28,15.64482593536377,20.11000061035156,20.450000762939453,20.07999992370605,20.299999237060547,4698700
2019-05-29,15.885994911193848,20.420000076293945,20.520000457763672,19.790000915527344,19.96999931335449,6529500
2019-05-30,15.854873657226562,20.3799991607666,20.68000030517578,20.32999992370605,20.51000022888184,6119700
2019-05-31,15.201388359069824,19.540000915527344,20.049999237060547,19.450000762939453,20.030000686645508,9862600
2019-06-03,15.551475524902344,19.989999771118164,20.040000915527344,19.440000534057617,19.459999084472656,7050700
2019-06-04,16.103830337524414,20.700000762939453,20.709999084472656,20.14999961853028,20.36000061035156,4358000
2019-06-05,16.041587829589844,20.6200008392334,20.780000686645508,20.270000457763672,20.729999542236328,5065200
2019-06-06,16.15050506591797,20.76000022888184,20.850000381469727,20.489999771118164,20.549999237060547,4757900
2019-06-07,16.010467529296875,20.57999992370605,20.75,20.479999542236328,20.5,4441400
2019-06-10,15.932672500610352,20.479999542236328,20.81999969482422,20.36000061035156,20.75,5363300
2019-06-11,16.033809661865234,20.61000061035156,21.030000686645508,20.489999771118164,20.700000762939453,4689700
2019-06-12,15.924891471862791,20.46999931335449,20.64999961853028,20.239999771118164,20.61000061035156,3447800
2019-06-13,16.018251419067383,20.59000015258789,20.670000076293945,20.290000915527344,20.520000457763672,3686300
2019-06-14,16.057146072387695,20.63999938964844,20.700000762939453,20.26000022888184,20.57999992370605,2952800
2019-06-17,15.675947189331056,20.14999961853028,20.6200008392334,20.07999992370605,20.6200008392334,3723200
2019-06-18,15.831536293029783,20.350000381469727,20.63999938964844,20.09000015258789,20.200000762939453,4438100
2019-06-19,15.82375717163086,20.34000015258789,20.64999961853028,20.26000022888184,20.520000457763672,3384100
2019-06-20,16.134946823120117,20.739999771118164,20.809999465942383,20.46999931335449,20.549999237060547,2874800
2019-06-21,16.018251419067383,20.59000015258789,20.950000762939453,20.450000762939453,20.690000534057617,6080000
2019-06-24,15.917113304138184,20.459999084472656,20.93000030517578,20.43000030517578,20.600000381469727,3333100
2019-06-25,15.567031860351562,20.01000022888184,20.3700008392334,19.950000762939453,20.350000381469727,4425200
2019-06-26,15.637048721313477,20.100000381469727,20.229999542236328,19.920000076293945,20.1299991607666,5907000
2019-06-27,15.839322090148926,20.36000061035156,20.489999771118164,20.200000762939453,20.200000762939453,3817400
2019-06-28,15.917113304138184,20.459999084472656,20.670000076293945,20.309999465942383,20.540000915527344,5301400
2019-07-01,15.97935390472412,20.540000915527344,20.850000381469727,20.26000022888184,20.770000457763672,4702100
2019-07-02,15.97935390472412,20.540000915527344,20.6200008392334,20.43000030517578,20.479999542236328,11651000
2019-07-03,16.197179794311523,20.81999969482422,21.0,20.600000381469727,20.6299991607666,2291600
2019-07-05,16.313875198364258,20.96999931335449,21.100000381469727,20.84000015258789,20.8799991607666,2752900
2019-07-08,16.018251419067383,20.59000015258789,20.93000030517578,20.540000915527344,20.770000457763672,3997700
2019-07-09,16.04936408996582,20.6299991607666,20.729999542236328,20.3700008392334,20.450000762939453,3880600
2019-07-10,15.89377498626709,20.43000030517578,20.82999992370605,20.3700008392334,20.709999084472656,4426400
2019-07-11,15.403663635253906,19.799999237060547,20.3700008392334,19.670000076293945,20.31999969482422,7060900
2019-07-12,15.660385131835938,20.1299991607666,20.290000915527344,19.89999961853028,19.90999984741211,4728000
2019-07-15,15.652606964111328,20.1200008392334,20.43000030517578,20.06999969482422,20.14999961853028,4083500
2019-07-16,15.481456756591797,19.89999961853028,20.18000030517578,19.8799991607666,20.18000030517578,4735600
2019-07-17,15.13136863708496,19.450000762939453,19.8799991607666,19.280000686645508,19.799999237060547,5117600
2019-07-18,15.302526473999023,19.670000076293945,19.700000762939453,19.38999938964844,19.420000076293945,3908600
2019-07-19,15.380322456359863,19.770000457763672,20.020000457763672,19.729999542236328,19.729999542236328,3630200
2019-07-22,15.185832023620604,19.520000457763672,19.86000061035156,19.350000381469727,19.770000457763672,5129100
2019-07-23,15.302526473999023,19.670000076293945,19.770000457763672,19.46999931335449,19.64999961853028,5169200
2019-07-24,15.605931282043455,20.059999465942383,20.14999961853028,19.540000915527344,19.559999465942383,7285800
2019-07-25,15.193612098693848,19.530000686645508,20.32999992370605,19.09000015258789,20.190000534057617,8730700
2019-07-26,15.25584602355957,19.61000061035156,19.6200008392334,19.18000030517578,19.43000030517578,5359400
2019-07-29,15.038016319274902,19.32999992370605,19.600000381469727,19.239999771118164,19.559999465942383,6297400
2019-07-30,15.069134712219238,19.3700008392334,19.3700008392334,18.809999465942383,19.1299991607666,5208100
2019-07-31,14.929100036621094,19.190000534057617,19.3700008392334,18.959999084472656,19.3700008392334,17284600
2019-08-01,14.018884658813477,18.020000457763672,19.059999465942383,17.989999771118164,19.059999465942383,8178900
2019-08-02,13.878851890563965,17.84000015258789,18.100000381469727,17.700000762939453,17.899999618530273,5407000
2019-08-05,13.357617378234863,17.170000076293945,17.520000457763672,16.959999084472656,17.420000076293945,6428500
2019-08-06,13.404294967651367,17.229999542236328,17.43000030517578,17.010000228881836,17.3700008392334,5570500
2019-08-07,13.10866928100586,16.850000381469727,16.920000076293945,16.190000534057617,16.799999237060547,9486300
2019-08-08,13.279820442199709,17.06999969482422,17.1200008392334,16.8799991607666,17.020000457763672,3824600
2019-08-09,12.73524570465088,16.3700008392334,16.969999313354492,16.299999237060547,16.920000076293945,6736000
2019-08-12,12.494077682495115,16.059999465942383,16.15999984741211,15.789999961853027,16.1299991607666,6142900
2019-08-13,12.571874618530272,16.15999984741211,16.520000457763672,15.859999656677246,16.059999465942383,7617400
2019-08-14,12.151490211486816,15.31999969482422,15.550000190734863,15.1899995803833,15.380000114440918,6708800
2019-08-15,12.05630874633789,15.199999809265137,15.56999969482422,15.149999618530272,15.449999809265137,4416100
2019-08-16,12.413241386413574,15.649999618530272,15.739999771118164,15.359999656677246,15.359999656677246,3764900
2019-08-19,12.460827827453612,15.710000038146973,15.970000267028809,15.6899995803833,15.920000076293944,4484500
2019-08-20,12.254602432250977,15.449999809265137,15.720000267028809,15.43000030517578,15.609999656677246,4759000
2019-08-21,12.34978485107422,15.56999969482422,15.670000076293944,15.470000267028809,15.619999885559082,3783200
2019-08-22,12.611532211303713,15.899999618530272,16.040000915527344,15.649999618530272,15.6899995803833,5133400
2019-08-23,12.389443397521973,15.619999885559082,15.960000038146973,15.5600004196167,15.81999969482422,5720500
2019-08-26,12.437034606933594,15.68000030517578,15.859999656677246,15.579999923706056,15.800000190734863,6812100
2019-08-27,12.143558502197266,15.3100004196167,15.890000343322754,15.15999984741211,15.75,9799500
2019-08-28,12.238740921020508,15.43000030517578,15.5600004196167,15.15999984741211,15.199999809265137,5216000
2019-08-29,12.389443397521973,15.619999885559082,15.720000267028809,15.539999961853027,15.649999618530272,4259100
2019-08-30,12.45289707183838,15.699999809265137,15.869999885559082,15.640000343322754,15.729999542236328,3729800
2019-09-03,12.318056106567385,15.529999732971191,15.619999885559082,15.300000190734863,15.529999732971191,6436800
2019-09-04,12.373580932617188,15.600000381469728,15.68000030517578,15.5,15.65999984741211,3454800
2019-09-05,12.730511665344238,16.049999237060547,16.280000686645508,15.869999885559082,15.869999885559082,3681900
2019-09-06,12.674988746643066,15.979999542236328,16.100000381469727,15.729999542236328,15.970000267028809,4933800
2019-09-09,13.0160551071167,16.40999984741211,16.530000686645508,16.1299991607666,16.149999618530273,5045900
2019-09-10,13.515754699707031,17.040000915527344,17.06999969482422,16.549999237060547,16.559999465942383,5440400
2019-09-11,13.936141967773438,17.56999969482422,17.579999923706055,16.760000228881836,17.09000015258789,6990900
2019-09-12,13.690253257751465,17.260000228881836,17.479999542236328,16.729999542236328,17.100000381469727,7180300
2019-09-13,13.801299095153809,17.399999618530273,17.59000015258789,17.15999984741211,17.540000915527344,6538200
2019-09-16,13.666460037231444,17.229999542236328,17.43000030517578,17.149999618530273,17.190000534057617,5009600
2019-09-17,13.515754699707031,17.040000915527344,17.100000381469727,16.790000915527344,17.09000015258789,3851300
2019-09-18,13.436441421508787,16.940000534057617,17.1299991607666,16.799999237060547,16.940000534057617,4734600
2019-09-19,13.523687362670898,17.049999237060547,17.25,16.940000534057617,16.950000762939453,3967200
2019-09-20,13.3809175491333,16.8700008392334,17.329999923706055,16.850000381469727,17.110000610351562,8053200
2019-09-23,13.484031677246094,17.0,17.149999618530273,16.549999237060547,16.6200008392334,4264300
2019-09-24,13.254008293151855,16.709999084472656,17.239999771118164,16.6200008392334,17.110000610351562,5278300
2019-09-25,13.444372177124023,16.950000762939453,16.979999542236328,16.610000610351562,16.719999313354492,2890200
2019-09-26,13.37298583984375,16.860000610351562,16.979999542236328,16.709999084472656,16.979999542236328,3322200
2019-09-27,13.499895095825195,17.020000457763672,17.190000534057617,16.889999389648438,16.969999313354492,4139200
2019-09-30,13.436441421508787,16.940000534057617,17.190000534057617,16.8700008392334,17.100000381469727,4297800
2019-10-01,12.897079467773438,16.260000228881836,17.0,16.09000015258789,16.969999313354492,6285800
2019-10-02,12.460827827453612,15.710000038146973,16.1200008392334,15.670000076293944,16.040000915527344,5274500
2019-10-03,12.508421897888184,15.770000457763672,15.770000457763672,15.289999961853027,15.630000114440918,4565000
2019-10-04,12.60360336303711,15.890000343322754,15.890000343322754,15.56999969482422,15.739999771118164,4411000
2019-10-07,12.476693153381348,15.729999542236328,15.970000267028809,15.5600004196167,15.779999732971191,2836500
2019-10-08,12.199081420898438,15.380000114440918,15.609999656677246,15.359999656677246,15.529999732971191,3719800
2019-10-09,12.207013130187988,15.390000343322754,15.539999961853027,15.279999732971191,15.460000038146973,4352300
2019-10-10,12.175287246704102,15.350000381469728,15.520000457763672,15.239999771118164,15.350000381469728,6453100
2019-10-11,12.56394386291504,15.84000015258789,16.139999389648438,15.670000076293944,15.670000076293944,5396200
2019-10-14,12.460827827453612,15.710000038146973,15.760000228881836,15.470000267028809,15.699999809265137,4387700
2019-10-15,12.524283409118652,15.789999961853027,16.110000610351562,15.609999656677246,15.800000190734863,5834600
2019-10-16,12.413241386413574,15.649999618530272,16.030000686645508,15.649999618530272,15.779999732971191,4531200
2019-10-17,12.397377014160156,15.630000114440918,15.850000381469728,15.59000015258789,15.789999961853027,5511800
2019-10-18,12.60360336303711,15.890000343322754,15.9399995803833,15.609999656677246,15.609999656677246,5733100
2019-10-21,12.80982494354248,16.149999618530273,16.3700008392334,16.06999969482422,16.15999984741211,6061400
2019-10-22,12.71464729309082,16.030000686645508,16.329999923706055,15.90999984741211,16.049999237060547,8068200
2019-10-23,13.706120491027832,17.280000686645508,17.31999969482422,16.459999084472656,16.709999084472656,9388100
2019-10-24,13.436441421508787,16.940000534057617,17.399999618530273,16.860000610351562,17.389999389648438,7753300
2019-10-25,13.523687362670898,17.049999237060547,17.18000030517578,16.719999313354492,16.959999084472656,4928900
2019-10-28,13.753711700439451,17.34000015258789,17.399999618530273,17.100000381469727,17.100000381469727,4459600
2019-10-29,13.523687362670898,17.049999237060547,17.329999923706055,16.989999771118164,17.260000228881836,4228900
2019-10-30,13.388846397399902,16.8799991607666,17.170000076293945,16.799999237060547,17.020000457763672,3748500
2019-10-31,13.341257095336914,16.81999969482422,16.84000015258789,16.549999237060547,16.780000686645508,3760100
2019-11-01,13.650595664978027,17.209999084472656,17.260000228881836,16.93000030517578,17.0,3450000
2019-11-04,14.10270881652832,17.780000686645508,17.81999969482422,17.389999389648438,17.440000534057617,4017300
2019-11-05,14.372391700744627,18.1200008392334,18.270000457763672,17.809999465942383,17.809999465942383,4809800
2019-11-06,14.308935165405272,18.040000915527344,18.31999969482422,17.799999237060547,18.31999969482422,6008200
2019-11-07,14.419981956481934,18.18000030517578,18.39999961853028,18.06999969482422,18.290000915527344,4531700
2019-11-08,14.379634857177734,17.81999969482422,17.90999984741211,17.610000610351562,17.860000610351562,3997800
2019-11-11,14.234380722045898,17.639999389648438,17.780000686645508,17.600000381469727,17.639999389648438,2776900
2019-11-12,14.202108383178713,17.600000381469727,17.729999542236328,17.450000762939453,17.639999389648438,3973300
2019-11-13,14.056859970092772,17.420000076293945,17.479999542236328,17.190000534057617,17.3799991607666,4406500
2019-11-14,13.943887710571287,17.280000686645508,18.290000915527344,17.229999542236328,17.350000381469727,3214000
2019-11-15,14.081064224243164,17.450000762939453,17.510000228881836,17.229999542236328,17.3799991607666,3231200
2019-11-18,14.01651382446289,17.3700008392334,17.40999984741211,17.15999984741211,17.299999237060547,2965200
2019-11-19,14.137554168701172,17.520000457763672,17.56999969482422,17.309999465942383,17.459999084472656,3269000
2019-11-20,13.871262550354004,17.190000534057617,17.3799991607666,17.040000915527344,17.31999969482422,3488600
2019-11-21,13.774429321289062,17.06999969482422,17.290000915527344,17.049999237060547,17.290000915527344,2979500
2019-11-22,13.984233856201172,17.329999923706055,17.34000015258789,17.09000015258789,17.1299991607666,3237200
2019-11-25,14.323147773742676,17.75,17.770000457763672,17.229999542236328,17.329999923706055,3206000
2019-11-26,14.161760330200195,17.549999237060547,17.729999542236328,17.40999984741211,17.65999984741211,4357200
2019-11-27,14.282801628112791,17.700000762939453,17.780000686645508,17.540000915527344,17.649999618530273,2862100
2019-11-29,14.16983127593994,17.559999465942383,17.709999084472656,17.540000915527344,17.6200008392334,1563400
2019-12-02,13.951958656311035,17.290000915527344,17.889999389648438,17.25,17.610000610351562,4920400
2019-12-03,13.467795372009276,16.690000534057617,17.059999465942383,16.56999969482422,17.0,5852400
2019-12-04,13.52428150177002,16.760000228881836,17.010000228881836,16.739999771118164,16.81999969482422,4499500
2019-12-05,13.403237342834473,16.610000610351562,16.809999465942383,16.549999237060547,16.770000457763672,3922900
2019-12-06,13.54848861694336,16.790000915527344,17.040000915527344,16.389999389648438,16.860000610351562,5783800
2019-12-09,13.443584442138672,16.65999984741211,16.829999923706055,16.579999923706055,16.790000915527344,4364400
2019-12-10,13.59690284729004,16.850000381469727,16.899999618530273,16.549999237060547,16.6200008392334,6319300
2019-12-11,13.790570259094238,17.09000015258789,17.1200008392334,16.68000030517578,16.81999969482422,7219300
2019-12-12,14.29087257385254,17.709999084472656,17.799999237060547,17.059999465942383,17.18000030517578,6300400
2019-12-13,14.218249320983888,17.6200008392334,18.32999992370605,17.600000381469727,17.84000015258789,9484300
2019-12-16,14.444185256958008,17.899999618530273,18.07999992370605,17.790000915527344,17.850000381469727,7401300
2019-12-17,14.702406883239746,18.21999931335449,18.25,17.799999237060547,17.84000015258789,6741500
2019-12-18,14.815383911132812,18.36000061035156,18.43000030517578,18.11000061035156,18.26000022888184,5837200
2019-12-19,14.871867179870604,18.43000030517578,18.6200008392334,18.32999992370605,18.39999961853028,4993100
2019-12-20,14.508744239807127,17.979999542236328,18.479999542236328,17.81999969482422,18.43000030517578,10456200
2019-12-23,14.670130729675291,18.18000030517578,18.350000381469727,18.06999969482422,18.06999969482422,3283100
2019-12-24,14.355424880981444,17.790000915527344,18.21999931335449,17.770000457763672,18.18000030517578,1385400
2019-12-26,14.46839714050293,17.93000030517578,18.030000686645508,17.84000015258789,17.84000015258789,2104100
2019-12-27,14.387701988220217,17.829999923706055,17.940000534057617,17.770000457763672,17.899999618530273,2609100
2019-12-30,14.46839714050293,17.93000030517578,18.049999237060547,17.790000915527344,17.920000076293945,3211300
2019-12-31,14.508744239807127,17.979999542236328,18.09000015258789,17.84000015258789,17.93000030517578,2764100
2020-01-02,14.516812324523926,17.989999771118164,18.13999938964844,17.770000457763672,17.809999465942383,5218800
2020-01-03,14.25859260559082,17.670000076293945,17.739999771118164,17.420000076293945,17.540000915527344,5457900
2020-01-06,14.355424880981444,17.790000915527344,17.799999237060547,17.420000076293945,17.5,4199800
2020-01-07,14.331218719482422,17.760000228881836,17.920000076293945,17.610000610351562,17.799999237060547,2910100
2020-01-08,14.379634857177734,17.81999969482422,18.059999465942383,17.770000457763672,17.829999923706055,3765800
2020-01-09,14.532953262329102,18.010000228881836,18.020000457763672,17.770000457763672,18.0,3815600
2020-01-10,14.282801628112791,17.700000762939453,18.0,17.65999984741211,17.989999771118164,4076200
2020-01-13,14.573298454284668,18.059999465942383,18.09000015258789,17.6299991607666,17.75,4163300
2020-01-14,14.444185256958008,17.899999618530273,18.13999938964844,17.889999389648438,18.06999969482422,4136600
2020-01-15,14.52488136291504,18.0,18.25,17.790000915527344,17.790000915527344,6787100
2020-01-16,14.734686851501465,18.26000022888184,18.270000457763672,18.059999465942383,18.11000061035156,4295000
2020-01-17,14.783102989196776,18.31999969482422,18.540000915527344,18.190000534057617,18.32999992370605,4701200
2020-01-21,14.775033950805664,18.309999465942383,18.489999771118164,18.1299991607666,18.229999542236328,4140600
2020-01-22,14.936421394348145,18.51000022888184,18.549999237060547,18.25,18.299999237060547,2964000
2020-01-23,14.904144287109377,18.46999931335449,18.530000686645508,18.100000381469727,18.32999992370605,3011800
2020-01-24,14.662062644958496,18.170000076293945,18.489999771118164,17.989999771118164,18.489999771118164,5422700
2020-01-27,14.282801628112791,17.700000762939453,17.81999969482422,17.530000686645508,17.670000076293945,4935800
2020-01-28,14.500673294067385,17.969999313354492,18.18000030517578,17.84000015258789,17.899999618530273,5822400
2020-01-29,14.22631549835205,17.6299991607666,18.09000015258789,17.360000610351562,17.760000228881836,6120600
2020-01-30,14.22631549835205,17.6299991607666,17.700000762939453,17.18000030517578,17.399999618530273,6784100
2020-01-31,13.960025787353516,17.299999237060547,17.59000015258789,17.219999313354492,17.459999084472656,5048300
2020-02-03,13.943887710571287,17.280000686645508,17.75,17.280000686645508,17.420000076293945,4857000
2020-02-04,14.403841972351074,17.850000381469727,17.969999313354492,17.59000015258789,17.600000381469727,4381600
2020-02-05,14.839585304260254,18.38999938964844,18.459999084472656,18.11000061035156,18.1299991607666,4051700
2020-02-06,14.68626880645752,18.200000762939453,18.64999961853028,18.11000061035156,18.57999992370605,3315700
2020-02-07,14.702406883239746,18.21999931335449,18.270000457763672,17.93000030517578,18.010000228881836,2415600
2020-02-10,14.99290370941162,18.57999992370605,18.59000015258789,18.059999465942383,18.11000061035156,3638900
2020-02-11,15.243053436279297,18.88999938964844,18.93000030517578,18.64999961853028,18.64999961853028,4847500
2020-02-12,15.243053436279297,18.57999992370605,19.01000022888184,18.56999969482422,18.84000015258789,4476100
2020-02-13,14.775429725646973,18.010000228881836,18.5,18.010000228881836,18.43000030517578,3750900
2020-02-14,14.586734771728516,17.780000686645508,18.040000915527344,17.719999313354492,18.010000228881836,3149400
2020-02-18,14.455476760864258,17.6200008392334,18.09000015258789,17.56999969482422,17.850000381469727,4216100
2020-02-19,14.512898445129396,17.690000534057617,17.829999923706055,17.6200008392334,17.649999618530273,2973900
2020-02-20,14.791837692260742,18.030000686645508,18.229999542236328,17.760000228881836,17.799999237060547,4437600
2020-02-21,14.340617179870604,17.479999542236328,17.920000076293945,17.3700008392334,17.889999389648438,6074200
2020-02-24,13.766334533691406,16.780000686645508,16.93000030517578,16.649999618530273,16.799999237060547,6245300
2020-02-25,13.011566162109377,15.859999656677246,16.84000015258789,15.800000190734863,16.84000015258789,6921900
2020-02-26,12.683404922485352,15.460000038146973,16.09000015258789,15.460000038146973,15.9399995803833,6744300
2020-02-27,11.977859497070312,14.600000381469728,15.399999618530272,14.550000190734863,15.0600004196167,7322300
2020-02-28,11.81378173828125,14.399999618530272,14.489999771118164,13.800000190734863,14.079999923706056,12772000
2020-03-02,12.125531196594238,14.779999732971191,14.8100004196167,14.020000457763672,14.470000267028809,9526400
2020-03-03,11.723535537719728,14.289999961853027,15.100000381469728,14.109999656677246,14.6899995803833,9125800
2020-03-04,11.994270324707031,14.619999885559082,14.630000114440918,13.93000030517578,14.529999732971191,5826000
2020-03-05,11.009784698486328,13.420000076293944,14.029999732971191,13.260000228881836,13.979999542236328,7676200
2020-03-06,10.763666152954102,13.119999885559082,13.5,12.640000343322754,12.75,7990200
2020-03-09,9.508452415466309,11.59000015258789,12.420000076293944,11.359999656677246,11.81999969482422,6696500
2020-03-10,10.230402946472168,12.470000267028809,12.470000267028809,11.479999542236328,12.3100004196167,7074400
2020-03-11,9.155679702758787,11.15999984741211,12.039999961853027,10.65999984741211,11.93000030517578,10177900
2020-03-12,7.75279426574707,9.449999809265137,10.18000030517578,9.170000076293944,10.15999984741211,9427700
2020-03-13,8.860334396362305,10.800000190734863,10.800000190734863,9.010000228881836,10.229999542236328,12335600
2020-03-16,7.178511142730713,8.75,9.350000381469728,8.25,8.84000015258789,9198500
2020-03-17,8.35168743133545,10.18000030517578,10.359999656677246,8.170000076293945,8.960000038146973,11688700
2020-03-18,8.064545631408691,9.829999923706056,11.15999984741211,8.949999809265137,9.140000343322754,12467100
2020-03-19,8.072749137878418,9.84000015258789,10.789999961853027,9.109999656677246,9.449999809265137,5468000
2020-03-20,7.014432430267334,8.550000190734863,9.960000038146973,8.529999732971191,9.960000038146973,10146800
2020-03-23,6.243255615234375,7.610000133514404,8.510000228881836,7.380000114440918,8.25,7098000
2020-03-24,6.989818572998047,8.520000457763672,8.640000343322754,7.889999866485596,8.34000015258789,8102000
2020-03-25,7.367203235626221,8.979999542236328,9.460000038146973,8.289999961853027,8.65999984741211,9023500
2020-03-26,8.048138618469238,9.8100004196167,10.0,8.920000076293945,9.050000190734863,10190300
2020-03-27,7.687160968780518,9.369999885559082,9.869999885559082,8.880000114440918,9.399999618530272,9454200
2020-03-30,7.843036651611328,9.5600004196167,9.65999984741211,8.850000381469727,9.3100004196167,9442200
2020-03-31,7.449245452880859,9.079999923706056,9.640000343322754,8.899999618530273,9.56999969482422,7461800
2020-04-01,6.571414470672607,8.010000228881836,8.569999694824219,7.880000114440918,8.510000228881836,6953000
2020-04-02,6.743699550628662,8.220000267028809,8.550000190734863,7.880000114440918,8.020000457763672,7807300
2020-04-03,6.407334804534912,7.809999942779541,8.380000114440918,7.670000076293945,8.220000267028809,8812300
2020-04-06,7.350796699523926,8.960000038146973,9.0600004196167,8.300000190734863,8.460000038146973,7120000
2020-04-07,7.498469829559326,9.140000343322754,10.130000114440918,9.039999961853027,9.739999771118164,7434600
2020-04-08,7.769200801849365,9.470000267028809,9.630000114440918,9.170000076293944,9.279999732971191,4516800
2020-04-09,8.089157104492188,9.859999656677246,10.359999656677246,9.579999923706056,9.850000381469728,8473100
2020-04-13,7.851239681243896,9.56999969482422,9.93000030517578,9.350000381469728,9.899999618530272,5865700
2020-04-14,8.048138618469238,9.8100004196167,9.970000267028809,9.449999809265137,9.84000015258789,5993200
2020-04-15,7.350796699523926,8.960000038146973,9.09000015258789,8.800000190734863,8.829999923706055,5318500
2020-04-16,7.145696640014648,8.710000038146973,8.920000076293945,8.5,8.920000076293945,4788600
2020-04-17,7.441039085388184,9.06999969482422,9.31999969482422,8.899999618530273,9.149999618530272,7358500
2020-04-20,7.457448482513428,9.09000015258789,9.239999771118164,8.5600004196167,8.819999694824219,5052300
2020-04-21,7.326183795928955,8.930000305175781,9.199999809265137,8.640000343322754,8.720000267028809,4934800
2020-04-22,7.531286716461182,9.18000030517578,9.279999732971191,8.930000305175781,9.170000076293944,5242400
2020-04-23,5.9397053718566895,7.239999771118164,8.869999885559082,7.199999809265137,8.670000076293945,42380800
2020-04-24,6.3991312980651855,7.800000190734863,7.849999904632568,7.300000190734863,7.400000095367432,20130600
2020-04-27,6.522190093994141,7.949999809265137,8.029999732971191,7.710000038146973,7.900000095367432,11866500
2020-04-28,6.981615543365479,8.510000228881836,8.569999694824219,8.119999885559082,8.140000343322754,8464400
2020-04-29,7.071859836578369,8.619999885559082,8.989999771118164,8.449999809265137,8.829999923706055,8772800
2020-04-30,7.071859836578369,8.619999885559082,8.6899995803833,8.180000305175781,8.399999618530273,7586100
2020-05-01,6.555007457733154,7.989999771118164,8.300000190734863,7.860000133514404,8.270000457763672,8259800
2020-05-04,6.637047290802002,8.09000015258789,8.140000343322754,7.610000133514404,7.820000171661377,9777200
2020-05-05,6.448354721069336,7.860000133514404,8.359999656677246,7.840000152587891,8.329999923706055,5729600
2020-05-06,6.251458168029785,7.619999885559082,8.050000190734863,7.599999904632568,7.920000076293945,6457900
2020-05-07,6.292478084564209,7.670000076293945,7.989999771118164,7.590000152587891,7.730000019073486,8184200
2020-05-08,6.681833744049072,7.980000019073486,8.0,7.659999847412109,7.670000076293945,6719200
2020-05-11,6.547861576080322,7.820000171661377,7.980000019073486,7.670000076293945,7.840000152587891,5526300
2020-05-12,6.062213897705078,7.239999771118164,7.900000095367432,7.239999771118164,7.840000152587891,9350600
2020-05-13,5.668673515319824,6.769999980926514,7.25,6.710000038146973,7.199999809265137,11082000
2020-05-14,5.852883815765381,6.989999771118164,7.130000114440918,6.380000114440918,6.570000171661377,10160800
2020-05-15,5.610060691833496,6.699999809265137,6.860000133514404,6.630000114440918,6.650000095367432,11654300
2020-05-18,6.104081153869629,7.289999961853027,7.369999885559082,7.039999961853027,7.050000190734863,9925500
2020-05-19,6.062213897705078,7.239999771118164,7.519999980926514,7.110000133514404,7.28000020980835,7251700
2020-05-20,6.171066284179688,7.369999885559082,7.5,7.320000171661377,7.380000114440918,4408900
2020-05-21,6.15432071685791,7.349999904632568,7.579999923706055,7.309999942779541,7.360000133514404,5089000
2020-05-22,6.087335109710693,7.269999980926514,7.409999847412109,7.110000133514404,7.360000133514404,5223700
2020-05-26,6.77393913269043,8.09000015258789,8.260000228881836,7.639999866485596,7.659999847412109,9245000
2020-05-27,7.008388519287109,8.369999885559082,8.680000305175781,8.119999885559082,8.529999732971191,7781000
2020-05-28,6.807432651519775,8.130000114440918,8.670000076293945,8.09000015258789,8.5600004196167,7193400
2020-05-29,6.673460483551025,7.96999979019165,8.149999618530273,7.739999771118164,7.949999809265137,11971200
2020-06-01,6.882791042327881,8.220000267028809,8.350000381469727,7.920000076293945,8.010000228881836,6375200
2020-06-02,7.008388519287109,8.369999885559082,8.489999771118164,8.260000228881836,8.369999885559082,7551500
2020-06-03,7.661502361297607,9.149999618530272,9.220000267028809,8.649999618530273,8.649999618530273,7972500
2020-06-04,8.004802703857422,9.5600004196167,9.56999969482422,8.880000114440918,9.09000015258789,9283200
2020-06-05,8.716526985168457,10.40999984741211,10.970000267028809,9.949999809265137,10.300000190734863,12694000
2020-06-08,9.671075820922852,11.550000190734863,11.5600004196167,10.779999732971191,11.0,11391700
2020-06-09,9.327773094177246,11.140000343322754,11.270000457763672,10.609999656677246,10.84000015258789,9400400
2020-06-10,8.641169548034668,10.31999969482422,11.050000190734863,10.210000038146973,10.989999771118164,9052100
2020-06-11,8.222506523132324,9.81999969482422,10.050000190734863,9.25,9.31999969482422,10992800
2020-06-12,8.657912254333496,10.34000015258789,10.550000190734863,9.850000381469728,10.5,6889600
2020-06-15,8.992842674255371,10.739999771118164,10.890000343322754,9.789999961853027,9.93000030517578,10796500
2020-06-16,9.327773094177246,11.140000343322754,11.390000343322754,10.670000076293944,11.300000190734863,10064900
2020-06-17,9.39475917816162,11.220000267028809,11.31999969482422,10.970000267028809,11.039999961853027,10275900
2020-06-18,9.486865043640137,11.329999923706056,11.399999618530272,10.90999984741211,11.039999961853027,7117800
2020-06-19,9.285905838012695,11.09000015258789,11.5600004196167,10.90999984741211,11.550000190734863,18399900
2020-06-22,9.486865043640137,11.329999923706056,11.40999984741211,10.90999984741211,11.100000381469728,8159000
2020-06-23,9.553850173950195,11.40999984741211,11.770000457763672,11.34000015258789,11.56999969482422,10622700
2020-06-24,8.976097106933594,10.720000267028809,11.350000381469728,10.699999809265137,11.239999771118164,8935300
2020-06-25,8.984469413757324,10.729999542236328,10.890000343322754,10.489999771118164,10.59000015258789,7897100
2020-06-26,8.373225212097168,10.0,10.550000190734863,9.920000076293944,10.489999771118164,9051700
2020-06-29,8.699779510498047,10.390000343322754,10.40999984741211,10.050000190734863,10.149999618530272,4832200
2020-06-30,9.009588241577148,10.760000228881836,10.81999969482422,10.260000228881836,10.350000381469728,6792400
2020-07-01,8.590929985046387,10.260000228881836,10.789999961853027,10.229999542236328,10.739999771118164,5045900
2020-07-02,8.833752632141113,10.550000190734863,10.760000228881836,10.460000038146973,10.720000267028809,6723300
2020-07-06,9.009588241577148,10.760000228881836,10.93000030517578,10.609999656677246,10.880000114440918,7081900
2020-07-07,8.657912254333496,10.34000015258789,10.75,10.3100004196167,10.619999885559082,4839800
2020-07-08,8.875617980957031,10.600000381469728,10.649999618530272,10.270000457763672,10.40999984741211,4240100
2020-07-09,8.406719207763672,10.039999961853027,10.619999885559082,10.010000228881836,10.520000457763672,5803700
2020-07-10,8.81700611114502,10.529999732971191,10.56999969482422,9.960000038146973,10.010000228881836,6875700
2020-07-13,8.892363548278809,10.619999885559082,10.800000190734863,10.449999809265137,10.609999656677246,5718200
2020-07-14,8.783513069152832,10.489999771118164,10.729999542236328,10.289999961853027,10.56999969482422,5125800
2020-07-15,9.151936531066896,10.93000030517578,10.970000267028809,10.5600004196167,10.729999542236328,7411000
2020-07-16,8.984469413757324,10.729999542236328,11.079999923706056,10.649999618530272,10.770000457763672,4815900
2020-07-17,8.783513069152832,10.489999771118164,10.859999656677246,10.479999542236328,10.800000190734863,5004800
2020-07-20,8.616047859191895,10.289999961853027,10.470000267028809,10.170000076293944,10.420000076293944,5181700
2020-07-21,8.992842674255371,10.739999771118164,10.770000457763672,10.380000114440918,10.380000114440918,5954200
2020-07-22,8.81700611114502,10.529999732971191,10.850000381469728,10.529999732971191,10.640000343322754,5411200
2020-07-23,8.942605972290039,10.68000030517578,10.800000190734863,10.380000114440918,10.460000038146973,6279300
2020-07-24,8.741646766662598,10.4399995803833,10.880000114440918,10.369999885559082,10.6899995803833,4149600
2020-07-27,8.96772289276123,10.710000038146973,10.8100004196167,10.170000076293944,10.34000015258789,7081300
2020-07-28,8.683034896850586,10.369999885559082,10.630000114440918,10.0600004196167,10.5600004196167,7761200
2020-07-29,8.875617980957031,10.600000381469728,10.619999885559082,10.220000267028809,10.40999984741211,5540900
2020-07-30,8.456958770751953,10.100000381469728,10.390000343322754,10.010000228881836,10.31999969482422,4648700
2020-07-31,8.406719207763672,10.039999961853027,10.130000114440918,9.859999656677246,10.09000015258789,6860200
2020-08-03,8.373225212097168,10.0,10.100000381469728,9.859999656677246,10.0,4145300
2020-08-04,8.18064022064209,9.770000457763672,10.109999656677246,9.720000267028809,10.0,4227000
2020-08-05,8.599302291870117,10.270000457763672,10.289999961853027,9.81999969482422,9.890000343322754,4260900
2020-08-06,8.641169548034668,10.31999969482422,10.390000343322754,10.149999618530272,10.18000030517578,4396900
2020-08-07,9.026334762573242,10.779999732971191,10.779999732971191,10.1899995803833,10.25,4376400
2020-08-10,9.034712791442873,10.789999961853027,10.9399995803833,10.760000228881836,10.859999656677246,3581000
2020-08-11,9.160307884216309,10.9399995803833,11.31999969482422,10.90999984741211,11.079999923706056,4520900
2020-08-12,9.537103652954102,11.390000343322754,11.779999732971191,11.220000267028809,11.5,8707100
2020-08-13,9.082956314086914,10.699999809265137,11.119999885559082,10.68000030517578,10.989999771118164,5652400
2020-08-14,9.065979957580566,10.68000030517578,10.789999961853027,10.43000030517578,10.550000190734863,4554900
2020-08-17,8.972601890563965,10.56999969482422,10.8100004196167,10.529999732971191,10.619999885559082,3099300
2020-08-18,8.726428031921387,10.279999732971191,10.6899995803833,10.25,10.550000190734863,4376500
2020-08-19,8.768871307373047,10.329999923706056,10.59000015258789,10.279999732971191,10.3100004196167,2254000
2020-08-20,8.505721092224121,10.020000457763672,10.229999542236328,10.0,10.199999809265137,2820800
2020-08-21,8.607584953308105,10.140000343322754,10.25,9.9399995803833,10.0,3499400
2020-08-24,8.998067855834961,10.600000381469728,10.609999656677246,10.100000381469728,10.170000076293944,3691500
2020-08-25,9.082956314086914,10.699999809265137,10.84000015258789,10.579999923706056,10.68000030517578,4969900
2020-08-26,8.972601890563965,10.56999969482422,10.720000267028809,10.470000267028809,10.720000267028809,3932800
2020-08-27,9.184821128845217,10.81999969482422,10.880000114440918,10.489999771118164,10.510000228881836,4687400
2020-08-28,9.108421325683594,10.729999542236328,10.880000114440918,10.56999969482422,10.81999969482422,2977600
2020-08-31,8.658516883850098,10.199999809265137,10.609999656677246,10.18000030517578,10.56999969482422,6734300
2020-09-01,8.641542434692383,10.18000030517578,10.329999923706056,10.020000457763672,10.100000381469728,5141100
2020-09-02,9.02353572845459,10.630000114440918,10.65999984741211,10.100000381469728,10.199999809265137,5927600
2020-09-03,9.456460952758787,11.140000343322754,11.470000267028809,10.869999885559082,11.25,11160100
2020-09-04,9.668679237365724,11.390000343322754,11.5600004196167,11.100000381469728,11.399999618530272,10788300
2020-09-08,9.082956314086914,10.699999809265137,11.220000267028809,10.6899995803833,11.170000076293944,7694600
2020-09-09,9.074467658996582,10.6899995803833,10.789999961853027,10.520000457763672,10.739999771118164,5405400
2020-09-10,8.709452629089355,10.260000228881836,10.770000457763672,10.239999771118164,10.720000267028809,7114400
2020-09-11,9.082956314086914,10.699999809265137,10.739999771118164,10.350000381469728,10.359999656677246,8101100
2020-09-14,9.065979957580566,10.68000030517578,10.970000267028809,10.609999656677246,10.800000190734863,5753200
2020-09-15,8.938647270202637,10.529999732971191,10.75,10.489999771118164,10.699999809265137,4688900
2020-09-16,9.24424171447754,10.890000343322754,11.079999923706056,10.479999542236328,10.479999542236328,5686000
2020-09-17,9.464948654174805,11.149999618530272,11.1899995803833,10.68000030517578,10.859999656677246,6891900
2020-09-18,9.320639610290527,10.979999542236328,11.18000030517578,10.970000267028809,11.09000015258789,11346000
2020-09-21,8.675496101379395,10.220000267028809,10.649999618530272,10.06999969482422,10.550000190734863,7655200
2020-09-22,8.650028228759766,10.1899995803833,10.40999984741211,9.93000030517578,10.220000267028809,5768000
2020-09-23,8.845269203186035,10.420000076293944,10.489999771118164,10.149999618530272,10.170000076293944,14300400
2020-09-24,9.167841911315918,10.800000190734863,10.869999885559082,10.079999923706056,10.43000030517578,20999600
2020-09-25,9.17633056640625,10.8100004196167,10.890000343322754,10.420000076293944,10.65999984741211,7471100
2020-09-28,9.75356674194336,11.489999771118164,11.579999923706056,11.020000457763672,11.029999732971191,11362300
2020-09-29,9.702632904052734,11.43000030517578,11.520000457763672,11.109999656677246,11.390000343322754,9600400
2020-09-30,9.685656547546388,11.40999984741211,11.649999618530272,11.25,11.489999771118164,6953900
2020-10-01,9.54983615875244,11.25,11.550000190734863,11.170000076293944,11.460000038146973,5759200
2020-10-02,10.059160232543944,11.850000381469728,12.210000038146973,11.65999984741211,11.880000114440918,14967100
2020-10-05,10.07613754272461,11.869999885559082,12.029999732971191,11.6899995803833,11.960000038146973,8327000
2020-10-06,10.059160232543944,11.850000381469728,12.300000190734863,11.800000190734863,12.079999923706056,6828900
2020-10-07,10.712794303894045,12.619999885559082,12.6899995803833,11.970000267028809,11.979999542236328,8130100
2020-10-08,10.99292278289795,12.949999809265137,13.329999923706056,12.8100004196167,13.050000190734863,11193100
2020-10-09,11.128742218017578,13.109999656677246,13.300000190734863,12.920000076293944,13.029999732971191,6092700
2020-10-12,11.374916076660156,13.399999618530272,13.5,13.140000343322754,13.239999771118164,4665400
2020-10-13,11.739933013916016,13.829999923706056,13.90999984741211,13.399999618530272,13.56999969482422,6820000
2020-10-14,11.909707069396973,14.029999732971191,14.31999969482422,13.770000457763672,13.8100004196167,7149400
2020-10-15,12.096461296081545,14.25,14.300000190734863,13.65999984741211,13.8100004196167,6809300
2020-10-16,11.918195724487305,14.039999961853027,14.289999961853027,13.989999771118164,14.25,4060000
2020-10-19,11.807842254638672,13.90999984741211,14.260000228881836,13.899999618530272,14.130000114440918,3544100
2020-10-20,11.960638999938965,14.09000015258789,14.40999984741211,14.0600004196167,14.15999984741211,9598500
2020-10-21,11.73144245147705,13.81999969482422,14.149999618530272,13.770000457763672,14.039999961853027,3486100
2020-10-22,11.926684379577637,14.050000190734863,14.100000381469728,13.550000190734863,13.859999656677246,4902300
2020-10-23,11.867262840270996,13.979999542236328,14.199999809265137,13.890000343322754,14.100000381469728,4492200
2020-10-26,11.705976486206056,13.789999961853027,13.84000015258789,13.520000457763672,13.8100004196167,7623600
2020-10-27,11.858777046203612,13.970000267028809,14.43000030517578,13.739999771118164,14.149999618530272,7520300
2020-10-28,11.315495491027832,13.329999923706056,13.850000381469728,13.260000228881836,13.640000343322754,6713700
2020-10-29,11.374916076660156,13.399999618530272,13.510000228881836,13.020000457763672,13.3100004196167,5988400
2020-10-30,11.128742218017578,13.109999656677246,13.479999542236328,12.75,13.380000114440918,6123800
2020-11-02,11.442826271057127,13.479999542236328,13.600000381469728,13.100000381469728,13.220000267028809,4875000
2020-11-03,11.867262840270996,13.979999542236328,14.06999969482422,13.649999618530272,13.75,3452100
2020-11-04,11.67202091217041,13.75,14.25,13.350000381469728,13.579999923706056,5417400
2020-11-05,12.24925708770752,14.43000030517578,14.520000457763672,13.899999618530272,13.979999542236328,5107200
2020-11-06,11.782377243041992,13.880000114440918,14.479999542236328,13.779999732971191,14.390000343322754,4967900
2020-11-09,12.597295761108398,14.84000015258789,15.359999656677246,14.770000457763672,15.130000114440918,7714300
2020-11-10,12.464332580566406,14.529999732971191,15.029999732971191,14.5,14.770000457763672,7084800
2020-11-11,13.107707023620604,15.279999732971191,15.470000267028809,14.6899995803833,14.770000457763672,7145500
2020-11-12,12.833200454711914,14.960000038146973,15.390000343322754,14.75,15.050000190734863,6854900
2020-11-13,13.322166442871094,15.529999732971191,15.649999618530272,15.079999923706056,15.079999923706056,3513400
2020-11-16,13.71677017211914,15.989999771118164,16.229999542236328,15.729999542236328,15.970000267028809,4461800
2020-11-17,13.982695579528809,16.299999237060547,16.299999237060547,15.6899995803833,15.729999542236328,5235600
2020-11-18,13.733926773071287,16.010000228881836,16.649999618530273,16.0,16.299999237060547,5005600
2020-11-19,13.691035270690918,15.960000038146973,15.979999542236328,15.640000343322754,15.920000076293944,2736100
2020-11-20,13.485154151916504,15.720000267028809,15.9399995803833,15.630000114440918,15.84000015258789,7682500
2020-11-23,14.008435249328612,16.329999923706055,16.459999084472656,15.960000038146973,16.020000457763672,3550900
2020-11-24,14.69469928741455,17.1299991607666,17.15999984741211,16.510000228881836,16.6200008392334,4478200
2020-11-25,14.608916282653809,17.030000686645508,17.059999465942383,16.729999542236328,16.920000076293945,2801800
2020-11-27,14.59175968170166,17.010000228881836,17.100000381469727,16.799999237060547,16.950000762939453,1320600
2020-11-30,13.922648429870604,16.229999542236328,16.93000030517578,16.190000534057617,16.899999618530273,7028400
2020-12-01,14.119952201843262,16.459999084472656,16.93000030517578,16.40999984741211,16.65999984741211,4738800
2020-12-02,14.377301216125488,16.760000228881836,16.81999969482422,16.360000610351562,16.40999984741211,4781000
2020-12-03,15.269450187683104,17.799999237060547,17.829999923706055,17.049999237060547,17.06999969482422,10183500
2020-12-04,15.260872840881348,17.790000915527344,18.049999237060547,17.6299991607666,17.81999969482422,6121900
2020-12-07,15.458173751831056,18.020000457763672,18.18000030517578,17.290000915527344,17.510000228881836,5968000
2020-12-08,15.50106430053711,18.06999969482422,18.170000076293945,17.579999923706055,17.809999465942383,6409300
2020-12-09,15.18366813659668,17.700000762939453,18.200000762939453,17.389999389648438,18.170000076293945,7206600
2020-12-10,15.02067756652832,17.510000228881836,17.760000228881836,17.31999969482422,17.5,6151300
2020-12-11,15.32091999053955,17.860000610351562,17.90999984741211,16.979999542236328,17.229999542236328,12292200
2020-12-14,14.668967247009276,17.100000381469727,18.1299991607666,17.040000915527344,18.1299991607666,5640500
2020-12-15,15.089303970336914,17.59000015258789,17.65999984741211,17.110000610351562,17.329999923706055,5976100
2020-12-16,14.969208717346191,17.450000762939453,17.700000762939453,17.3799991607666,17.690000534057617,5807700
2020-12-17,14.994943618774414,17.479999542236328,17.579999923706055,17.31999969482422,17.549999237060547,6165600
2020-12-18,14.969208717346191,17.450000762939453,17.56999969482422,17.239999771118164,17.3799991607666,12777000
2020-12-21,14.943470001220703,17.420000076293945,17.520000457763672,17.1299991607666,17.34000015258789,5363600
2020-12-22,14.56602668762207,16.979999542236328,17.549999237060547,16.950000762939453,17.5,6270500
2020-12-23,15.054991722106934,17.549999237060547,17.670000076293945,17.110000610351562,17.110000610351562,3679400
2020-12-24,15.106463432312012,17.610000610351562,17.6200008392334,17.3799991607666,17.6200008392334,849500
2020-12-28,14.754752159118652,17.200000762939453,17.75,17.200000762939453,17.700000762939453,4090200
2020-12-29,14.59175968170166,17.010000228881836,17.34000015258789,16.81999969482422,17.309999465942383,3303100
2020-12-30,14.87484645843506,17.34000015258789,17.399999618530273,17.030000686645508,17.030000686645508,2551700
2020-12-31,14.952052116394045,17.43000030517578,17.459999084472656,17.110000610351562,17.31999969482422,1833500
2021-01-04,14.540292739868164,16.950000762939453,17.65999984741211,16.920000076293945,17.540000915527344,4953100
2021-01-05,14.97778606414795,17.459999084472656,17.559999465942383,16.950000762939453,17.030000686645508,5547600
2021-01-06,15.792728424072266,18.40999984741211,18.600000381469727,17.850000381469727,17.860000610351562,5176000
2021-01-07,15.724102973937988,18.32999992370605,18.739999771118164,18.309999465942383,18.64999961853028,3341800
2021-01-08,15.998604774475098,18.64999961853028,18.700000762939453,18.270000457763672,18.700000762939453,3599500
2021-01-11,16.24738121032715,18.940000534057617,19.07999992370605,18.38999938964844,18.5,4017500
2021-01-12,16.796396255493164,19.57999992370605,19.64999961853028,18.979999542236328,19.030000686645508,3493400
2021-01-13,16.744924545288086,19.520000457763672,19.88999938964844,19.520000457763672,19.600000381469727,4191500
2021-01-14,17.388301849365234,20.270000457763672,20.420000076293945,19.57999992370605,19.64999961853028,4470400
2021-01-15,17.15668487548828,20.0,20.14999961853028,19.5,19.93000030517578,15445800
2021-01-19,17.37114143371582,20.25,20.36000061035156,19.959999084472656,20.18000030517578,4058500
2021-01-20,18.50348472595215,21.56999969482422,22.100000381469727,20.1200008392334,20.25,13587200
2021-01-21,17.928733825683594,20.89999961853028,21.59000015258789,20.88999938964844,21.46999931335449,3882700
2021-01-22,17.988786697387695,20.96999931335449,21.040000915527344,20.46999931335449,20.71999931335449,4994100
2021-01-25,18.048831939697266,21.040000915527344,21.18000030517578,20.57999992370605,20.809999465942383,5962000
2021-01-26,17.963050842285156,20.940000534057617,21.84000015258789,20.90999984741211,21.170000076293945,5403300
2021-01-27,17.82579231262207,20.780000686645508,21.479999542236328,20.51000022888184,20.600000381469727,6982700
2021-01-28,18.469173431396484,21.530000686645508,21.770000457763672,20.950000762939453,21.290000915527344,6233300
2021-01-29,17.662805557250977,20.59000015258789,21.440000534057617,20.5,21.350000381469727,6643200
2021-02-01,18.35765266418457,21.39999961853028,21.520000457763672,20.61000061035156,20.86000061035156,4008100
2021-02-02,18.34907341003418,21.38999938964844,21.90999984741211,21.36000061035156,21.700000762939453,3597700
2021-02-03,18.72652053833008,21.82999992370605,22.020000457763672,21.280000686645508,21.39999961853028,5245000
2021-02-04,18.68362808227539,21.780000686645508,22.190000534057617,21.709999084472656,21.8799991607666,3780600
2021-02-05,18.838037490844727,21.959999084472656,22.13999938964844,21.600000381469727,21.799999237060547,4304000
2021-02-08,19.11254501342773,22.280000686645508,22.3700008392334,21.71999931335449,22.049999237060547,3512800
2021-02-09,19.447099685668945,22.670000076293945,22.88999938964844,22.1299991607666,22.1299991607666,3153400
2021-02-10,19.48999214172364,22.71999931335449,23.25,22.61000061035156,22.920000076293945,4145600
2021-02-11,19.378475189208984,22.59000015258789,22.68000030517578,22.229999542236328,22.549999237060547,2956100
2021-02-12,19.58145523071289,22.670000076293945,22.690000534057617,22.239999771118164,22.36000061035156,1801000
2021-02-16,19.72830009460449,22.84000015258789,23.100000381469727,22.76000022888184,22.82999992370605,1909400
2021-02-17,19.503721237182617,22.57999992370605,22.850000381469727,22.239999771118164,22.700000762939453,2338800
2021-02-18,18.88181495666504,21.86000061035156,22.51000022888184,21.790000915527344,22.420000076293945,2626600
2021-02-19,19.408706665039062,22.46999931335449,22.530000686645508,21.989999771118164,22.06999969482422,3779300
2021-02-22,19.633285522460938,22.729999542236328,23.040000915527344,22.26000022888184,22.31999969482422,4656600
2021-02-23,19.503721237182617,22.57999992370605,22.739999771118164,21.920000076293945,22.63999938964844,3030700
2021-02-24,20.091079711914062,23.26000022888184,23.309999465942383,22.540000915527344,22.59000015258789,2932100
2021-02-25,19.33096694946289,22.3799991607666,23.520000457763672,22.299999237060547,23.38999938964844,4581900
2021-02-26,19.36551856994629,22.420000076293945,22.709999084472656,21.82999992370605,22.36000061035156,4700500
2021-03-01,21.36944580078125,24.739999771118164,25.1200008392334,22.989999771118164,22.989999771118164,12611900
2021-03-02,20.687074661254883,23.950000762939453,24.920000076293945,23.940000534057617,24.57999992370605,5617400
2021-03-03,20.436582565307617,23.65999984741211,24.38999938964844,23.63999938964844,24.01000022888184,5466900
2021-03-04,20.142900466918945,23.31999969482422,24.040000915527344,22.39999961853028,23.350000381469727,5920300
2021-03-05,20.52295684814453,23.76000022888184,23.8700008392334,22.38999938964844,23.64999961853028,9183100
2021-03-08,20.79072380065918,24.06999969482422,24.540000915527344,23.6200008392334,23.84000015258789,5199000
2021-03-09,21.14486694335937,24.479999542236328,24.920000076293945,23.920000076293945,24.100000381469727,4153700
2021-03-10,21.758140563964844,25.190000534057617,25.40999984741211,24.690000534057617,24.770000457763672,3699300
2021-03-11,21.87906074523925,25.32999992370605,25.700000762939453,24.979999542236328,25.15999984741211,6984000
2021-03-12,22.20728874206543,25.709999084472656,25.71999931335449,25.229999542236328,25.540000915527344,4015800
2021-03-15,22.45778465270996,26.0,26.0,25.36000061035156,25.739999771118164,4024800
2021-03-16,21.80996322631836,25.25,26.059999465942383,25.1299991607666,25.920000076293945,10650700
2021-03-17,22.034542083740234,25.51000022888184,25.63999938964844,24.799999237060547,25.299999237060547,4553900
2021-03-18,21.7063102722168,25.1299991607666,25.850000381469727,25.06999969482422,25.57999992370605,7135800
2021-03-19,21.98271369934082,25.450000762939453,25.700000762939453,24.700000762939453,25.01000022888184,7037800
2021-03-22,21.68903541564941,25.11000061035156,25.440000534057617,24.989999771118164,25.440000534057617,3159500
2021-03-23,20.436582565307617,23.65999984741211,25.01000022888184,23.549999237060547,24.76000022888184,3451100
2021-03-24,20.082439422607425,23.25,24.270000457763672,23.25,24.0,4039400
2021-03-25,20.71298217773437,23.979999542236328,24.11000061035156,22.81999969482422,23.07999992370605,3524700
2021-03-26,21.38671875,24.76000022888184,24.790000915527344,23.959999084472656,24.46999931335449,3809200
2021-03-29,21.032575607299805,24.350000381469727,24.89999961853028,24.030000686645508,24.450000762939453,3189800
2021-03-30,21.499006271362305,24.88999938964844,25.1299991607666,24.38999938964844,24.549999237060547,3766100
2021-03-31,21.784048080444336,25.21999931335449,25.5,24.84000015258789,24.86000061035156,3630000
2021-04-01,22.241840362548828,25.75,25.8799991607666,25.18000030517578,25.309999465942383,5253300
2021-04-05,22.39731788635254,25.93000030517578,26.25,25.57999992370605,26.0,4379400
2021-04-06,22.310941696166992,25.82999992370605,26.229999542236328,25.690000534057617,25.979999542236328,3237500
2021-04-07,22.414596557617188,25.950000762939453,26.07999992370605,25.700000762939453,25.979999542236328,2280700
2021-04-08,22.3541316986084,25.8799991607666,25.979999542236328,25.36000061035156,25.940000534057617,2574800
2021-04-09,22.73418617248535,26.31999969482422,26.3799991607666,26.0,26.07999992370605,2791400
2021-04-12,23.0710506439209,26.709999084472656,26.850000381469727,26.299999237060547,26.299999237060547,4513300
2021-04-13,22.38004302978516,25.90999984741211,26.690000534057617,25.790000915527344,26.690000534057617,3581800
2021-04-14,22.561437606811523,26.1200008392334,26.549999237060547,25.90999984741211,25.90999984741211,4094900
2021-04-15,23.174699783325195,26.82999992370605,26.8799991607666,26.14999961853028,26.40999984741211,4209500
2021-04-16,22.950124740600582,26.56999969482422,27.07999992370605,26.36000061035156,26.989999771118164,2831600
2021-04-19,22.872386932373047,26.479999542236328,26.59000015258789,26.200000762939453,26.5,2807700
2021-04-20,22.27639579772949,25.790000915527344,26.440000534057617,25.51000022888184,26.209999084472656,2998300
2021-04-21,22.760099411010746,26.350000381469727,26.3700008392334,25.43000030517578,25.51000022888184,2402700
2021-04-22,22.19001579284668,25.690000534057617,26.450000762939453,25.65999984741211,26.39999961853028,4477000
2021-04-23,22.898303985595703,26.51000022888184,26.59000015258789,25.76000022888184,25.86000061035156,4125900
2021-04-26,22.91557502746582,26.530000686645508,26.89999961853028,26.299999237060547,26.530000686645508,3575200
2021-04-27,22.8551082611084,26.459999084472656,26.950000762939453,25.920000076293945,26.229999542236328,4742200
2021-04-28,23.520206451416016,27.229999542236328,27.32999992370605,26.549999237060547,26.57999992370605,3749100
2021-04-29,23.865711212158203,27.6299991607666,27.68000030517578,27.09000015258789,27.56999969482422,3011500
2021-04-30,23.321542739868164,27.0,27.46999931335449,26.57999992370605,27.420000076293945,4745000
2021-05-03,23.684324264526367,27.420000076293945,27.68000030517578,26.93000030517578,27.290000915527344,3390600
2021-05-04,23.787975311279297,27.540000915527344,27.540000915527344,26.780000686645508,27.239999771118164,3620100
2021-05-05,23.92617988586425,27.700000762939453,27.96999931335449,27.36000061035156,27.729999542236328,2994400
2021-05-06,24.4012451171875,28.25,28.280000686645508,27.100000381469727,27.76000022888184,3100800
2021-05-07,24.51353073120117,28.3799991607666,28.540000915527344,27.90999984741211,28.040000915527344,3694900
2021-05-10,24.5222225189209,28.21999931335449,28.950000762939453,28.15999984741211,28.280000686645508,3532300
2021-05-11,23.68801689147949,27.26000022888184,27.96999931335449,27.020000457763672,27.559999465942383,3879600
2021-05-12,22.91463851928711,26.3700008392334,27.540000915527344,26.26000022888184,27.3700008392334,4022400
2021-05-13,23.575050354003903,27.1299991607666,27.299999237060547,26.270000457763672,26.270000457763672,3143500
2021-05-14,24.29629135131836,27.959999084472656,28.09000015258789,27.290000915527344,27.34000015258789,2471600
2021-05-17,24.122499465942383,27.76000022888184,28.0,27.459999084472656,27.76000022888184,4865100
2021-05-18,23.6793270111084,27.25,28.239999771118164,27.229999542236328,27.89999961853028,6980600
2021-05-19,23.288291931152344,26.799999237060547,26.8700008392334,26.07999992370605,26.690000534057617,5448700
2021-05-20,23.14925765991211,26.63999938964844,27.059999465942383,26.40999984741211,26.989999771118164,3178600
2021-05-21,23.35780906677246,26.8799991607666,27.200000762939453,26.68000030517578,26.780000686645508,2786700
2021-05-24,23.46208572387696,27.0,27.190000534057617,26.75,27.01000022888184,2338900
2021-05-25,23.071048736572266,26.549999237060547,27.530000686645508,26.530000686645508,27.209999084472656,2680000
2021-05-26,23.49684333801269,27.040000915527344,27.25,26.440000534057617,26.63999938964844,3443200
2021-05-27,24.730775833129883,28.459999084472656,28.5,27.309999465942383,27.31999969482422,7581100
2021-05-28,24.79160118103028,28.530000686645508,28.75,28.15999984741211,28.59000015258789,4045200
2021-06-01,23.62718963623047,27.190000534057617,28.270000457763672,26.07999992370605,27.26000022888184,15887400
2021-06-02,24.74815559387207,28.479999542236328,28.6200008392334,27.75,28.0,8365300
2021-06-03,25.48677444458008,29.32999992370605,29.489999771118164,28.21999931335449,28.43000030517578,5985600
2021-06-04,25.43463897705078,29.270000457763672,29.459999084472656,28.61000061035156,29.459999084472656,4665000
2021-06-07,25.19132804870605,28.989999771118164,29.709999084472656,28.989999771118164,29.520000457763672,3036300
2021-06-08,25.321672439575195,29.13999938964844,29.31999969482422,28.479999542236328,28.93000030517578,3056100
2021-06-09,24.939329147338867,28.700000762939453,29.15999984741211,28.64999961853028,29.15999984741211,2463800
2021-06-10,25.0349178314209,28.809999465942383,29.479999542236328,28.739999771118164,29.14999961853028,3761000
2021-06-11,25.4607048034668,29.299999237060547,29.46999931335449,28.89999961853028,28.920000076293945,2226600
2021-06-14,25.00015449523925,28.770000457763672,29.350000381469727,28.75,29.280000686645508,3215600
2021-06-15,25.200014114379883,29.0,29.26000022888184,28.71999931335449,28.920000076293945,3035500
2021-06-16,24.948013305664062,28.709999084472656,28.88999938964844,28.309999465942383,28.530000686645508,2841600
2021-06-17,23.644569396972656,27.209999084472656,28.86000061035156,26.93000030517578,28.86000061035156,3122500
2021-06-18,22.810359954833984,26.25,26.86000061035156,26.13999938964844,26.6299991607666,4861300
2021-06-21,23.37519073486328,26.89999961853028,26.96999931335449,26.350000381469727,26.489999771118164,2582100
2021-06-22,23.079740524291992,26.559999465942383,26.950000762939453,26.36000061035156,26.950000762939453,3364400
2021-06-23,23.18401527404785,26.68000030517578,26.90999984741211,26.6200008392334,26.739999771118164,3595800
2021-06-24,23.63587951660156,27.200000762939453,27.290000915527344,26.559999465942383,26.89999961853028,2910900
2021-06-25,23.827049255371094,27.420000076293945,27.700000762939453,27.18000030517578,27.280000686645508,5190100
2021-06-28,23.575050354003903,27.1299991607666,27.40999984741211,26.700000762939453,27.31999969482422,3143900
2021-06-29,23.04498291015625,26.520000457763672,27.559999465942383,26.46999931335449,27.3700008392334,3915000
2021-06-30,23.22746467590332,26.729999542236328,26.780000686645508,26.25,26.350000381469727,4059600
2021-07-01,23.41863441467285,26.950000762939453,27.07999992370605,26.6299991607666,26.940000534057617,3398600
2021-07-02,22.96677589416504,26.43000030517578,26.979999542236328,26.3700008392334,26.96999931335449,3181200
2021-07-06,22.610498428344727,26.020000457763672,26.5,25.709999084472656,26.5,4470400
2021-07-07,22.697397232055664,26.1200008392334,26.21999931335449,25.520000457763672,25.809999465942383,2855800
2021-07-08,21.871875762939453,25.170000076293945,25.65999984741211,24.93000030517578,25.479999542236328,4712900
2021-07-09,22.8798770904541,26.32999992370605,26.32999992370605,25.780000686645508,25.950000762939453,2598100
2021-07-12,23.210084915161133,26.709999084472656,27.01000022888184,26.31999969482422,26.5,6603500
2021-07-13,22.96677589416504,26.43000030517578,26.96999931335449,26.420000076293945,26.64999961853028,3801300
2021-07-14,22.610498428344727,26.020000457763672,27.030000686645508,25.90999984741211,26.6200008392334,2717500
2021-07-15,22.445390701293945,25.82999992370605,26.100000381469727,25.489999771118164,25.56999969482422,3285300
2021-07-16,21.741531372070312,25.020000457763672,26.09000015258789,24.8700008392334,26.059999465942383,2698800
2021-07-19,21.098499298095703,24.280000686645508,24.459999084472656,23.89999961853028,24.200000762939453,4367300
2021-07-20,21.837120056152344,25.1299991607666,25.26000022888184,24.059999465942383,24.290000915527344,3933700
2021-07-21,22.297670364379883,25.65999984741211,25.88999938964844,25.38999938964844,25.46999931335449,3243400
2021-07-22,21.837120056152344,25.1299991607666,25.68000030517578,25.09000015258789,25.670000076293945,3108800
2021-07-23,21.567737579345703,24.81999969482422,25.46999931335449,24.6200008392334,25.350000381469727,3604700
2021-07-26,21.78497695922852,25.06999969482422,25.26000022888184,24.670000076293945,24.86000061035156,5871600
2021-07-27,21.081117630004883,24.26000022888184,24.82999992370605,23.32999992370605,24.600000381469727,6248300
2021-07-28,20.976844787597656,24.13999938964844,24.39999961853028,23.479999542236328,24.32999992370605,6969500
2021-07-29,21.159324645996094,24.350000381469727,24.64999961853028,23.989999771118164,24.46999931335449,3694500
2021-07-30,21.18539428710937,24.3799991607666,24.799999237060547,24.170000076293945,24.26000022888184,7902500
2021-08-02,21.22015190124512,24.420000076293945,25.26000022888184,24.350000381469727,24.690000534057617,4200400
2021-08-03,21.2896728515625,24.5,24.57999992370605,23.920000076293945,24.549999237060547,4322100
2021-08-04,20.87256622314453,24.020000457763672,24.670000076293945,23.989999771118164,24.25,5165900
2021-08-05,21.159324645996094,24.350000381469727,24.540000915527344,24.09000015258789,24.21999931335449,3459300
2021-08-06,21.567737579345703,24.81999969482422,24.940000534057617,24.57999992370605,24.75,2976300
2021-08-09,21.585119247436523,24.84000015258789,25.18000030517578,24.530000686645508,24.81999969482422,2324600
2021-08-10,21.637256622314453,24.89999961853028,25.200000762939453,24.700000762939453,24.86000061035156,3129100
2021-08-11,22.30636215209961,25.670000076293945,25.81999969482422,25.059999465942383,25.14999961853028,3697200
2021-08-12,21.965206146240234,25.11000061035156,25.530000686645508,24.979999542236328,25.450000762939453,2589500
2021-08-13,21.73776626586914,24.850000381469727,25.229999542236328,24.82999992370605,25.170000076293945,2069200
2021-08-16,22.043930053710938,25.200000762939453,25.270000457763672,24.32999992370605,24.57999992370605,4881400
2021-08-17,21.56281471252441,24.64999961853028,24.959999084472656,24.420000076293945,24.82999992370605,4788400
2021-08-18,21.090444564819336,24.11000061035156,24.790000915527344,24.07999992370605,24.51000022888184,2633400
2021-08-19,20.486860275268555,23.420000076293945,23.920000076293945,23.13999938964844,23.6299991607666,3292100
2021-08-20,20.9854736328125,23.989999771118164,24.11000061035156,23.350000381469727,23.440000534057617,3849000
2021-08-23,21.43160057067871,24.5,24.65999984741211,24.06999969482422,24.200000762939453,2750900
2021-08-24,21.860231399536133,24.989999771118164,25.14999961853028,24.5,24.68000030517578,3450200
2021-08-25,22.166399002075195,25.34000015258789,25.559999465942383,24.88999938964844,25.06999969482422,2840100
2021-08-26,21.833988189697266,24.959999084472656,25.43000030517578,24.93000030517578,25.38999938964844,2466600
2021-08-27,22.472558975219727,25.690000534057617,25.75,24.920000076293945,24.93000030517578,2899200
2021-08-30,21.98269844055176,25.1299991607666,25.799999237060547,25.1299991607666,25.799999237060547,2611500
2021-08-31,22.14890480041504,25.31999969482422,25.489999771118164,24.86000061035156,25.11000061035156,5918200
2021-09-01,22.00894355773925,25.15999984741211,25.459999084472656,24.690000534057617,25.350000381469727,5239500
2021-09-02,22.14890480041504,25.31999969482422,25.71999931335449,25.229999542236328,25.290000915527344,3372800
2021-09-03,21.764009475708008,24.8799991607666,25.280000686645508,24.75,25.200000762939453,3477200
2021-09-07,21.64154052734375,24.739999771118164,25.0,24.549999237060547,24.8799991607666,6618300
2021-09-08,21.466590881347656,24.540000915527344,24.68000030517578,24.290000915527344,24.450000762939453,3295400
2021-09-09,21.67653465270996,24.780000686645508,25.229999542236328,24.46999931335449,24.549999237060547,3172600
2021-09-10,21.519073486328125,24.600000381469727,24.979999542236328,24.420000076293945,24.979999542236328,2609100
2021-09-13,21.842735290527344,24.96999931335449,25.229999542236328,24.63999938964844,24.75,3251100
2021-09-14,21.82524299621582,24.950000762939453,25.559999465942383,24.81999969482422,25.32999992370605,4476700
2021-09-15,22.35009765625,25.549999237060547,25.57999992370605,24.709999084472656,24.850000381469727,3466700
2021-09-16,21.77275657653809,24.88999938964844,25.770000457763672,24.81999969482422,25.63999938964844,5625200
2021-09-17,22.962427139282227,26.25,27.030000686645508,25.93000030517578,26.540000915527344,20223100
2021-09-20,20.967979431152344,23.96999931335449,25.200000762939453,23.57999992370605,25.13999938964844,8799200
2021-09-21,20.74928855895996,23.71999931335449,24.26000022888184,23.440000534057617,24.200000762939453,3702000
2021-09-22,21.247901916503903,24.290000915527344,24.51000022888184,24.18000030517578,24.25,6229300
2021-09-23,21.73776626586914,24.850000381469727,25.190000534057617,24.46999931335449,24.46999931335449,2925700
2021-09-24,21.81649398803711,24.940000534057617,24.989999771118164,24.51000022888184,24.709999084472656,2525700
2021-09-27,22.35884666442871,25.559999465942383,25.709999084472656,24.940000534057617,24.96999931335449,3401300
2021-09-28,21.79899787902832,24.920000076293945,25.700000762939453,24.89999961853028,25.32999992370605,4611800
2021-09-29,21.519073486328125,24.600000381469727,25.170000076293945,24.450000762939453,25.049999237060547,2539500
2021-09-30,21.090444564819336,24.11000061035156,24.780000686645508,24.06999969482422,24.63999938964844,4058500
2021-10-01,21.510326385498047,24.59000015258789,24.809999465942383,23.950000762939453,24.209999084472656,2916300
2021-10-04,21.081695556640625,24.100000381469727,24.700000762939453,24.0,24.239999771118164,4199400
2021-10-05,22.192642211914062,25.3700008392334,25.65999984741211,24.1200008392334,24.290000915527344,5939500
2021-10-06,22.157649993896484,25.32999992370605,25.3700008392334,24.59000015258789,24.88999938964844,5182900
2021-10-07,22.192642211914062,25.3700008392334,25.86000061035156,25.299999237060547,25.81999969482422,5229600
2021-10-08,21.895225524902344,25.030000686645508,25.61000061035156,24.950000762939453,25.239999771118164,2398600
2021-10-11,21.69402885437012,24.799999237060547,25.40999984741211,24.700000762939453,25.020000457763672,2781500
2021-10-12,21.195411682128903,24.229999542236328,24.71999931335449,24.1200008392334,24.64999961853028,2657800
2021-10-13,21.39661026000977,24.459999084472656,24.57999992370605,23.90999984741211,24.18000030517578,3508900
2021-10-14,22.01768684387207,25.170000076293945,25.299999237060547,24.530000686645508,24.89999961853028,2535300
2021-10-15,21.93896102905273,25.07999992370605,25.65999984741211,25.06999969482422,25.5,3479200
2021-10-18,21.632797241210938,24.729999542236328,24.989999771118164,24.520000457763672,24.90999984741211,3872800
2021-10-19,21.86897850036621,25.0,25.059999465942383,24.420000076293945,24.8799991607666,3115600
2021-10-20,22.23637962341309,25.420000076293945,25.46999931335449,24.90999984741211,25.0,2221700
2021-10-21,21.86897850036621,25.0,25.479999542236328,24.8700008392334,25.34000015258789,2684800
2021-10-22,21.97394752502441,25.1200008392334,25.39999961853028,24.8700008392334,25.270000457763672,3464400
2021-10-25,21.65028953552246,24.75,25.18000030517578,24.520000457763672,25.11000061035156,7595400
2021-10-26,22.36759185791016,25.56999969482422,25.959999084472656,24.700000762939453,24.940000534057617,5980900
2021-10-27,21.81649398803711,24.940000534057617,25.59000015258789,24.799999237060547,25.56999969482422,5704700
2021-10-28,22.2976131439209,25.489999771118164,25.709999084472656,24.90999984741211,25.07999992370605,3710700
2021-10-29,22.227628707885746,25.40999984741211,25.8700008392334,25.299999237060547,25.40999984741211,5045800
2021-11-01,23.20736122131348,26.530000686645508,26.559999465942383,25.6299991607666,25.6299991607666,4024900
2021-11-02,22.99742317199707,26.290000915527344,26.81999969482422,26.020000457763672,26.6299991607666,4054900
2021-11-03,23.154874801635746,26.46999931335449,26.64999961853028,26.06999969482422,26.1299991607666,2761300
2021-11-04,22.68250846862793,25.93000030517578,26.440000534057617,25.63999938964844,26.38999938964844,2506400
2021-11-05,22.72624397277832,25.979999542236328,26.59000015258789,25.86000061035156,26.290000915527344,3405300
2021-11-08,22.971176147460938,26.26000022888184,26.450000762939453,26.030000686645508,26.270000457763672,3624500
2021-11-09,22.75248908996582,26.01000022888184,26.36000061035156,25.790000915527344,26.01000022888184,1847500
2021-11-10,22.479522705078125,25.530000686645508,25.950000762939453,25.39999961853028,25.81999969482422,2286800
2021-11-11,22.72607040405273,25.809999465942383,25.89999961853028,25.440000534057617,25.549999237060547,1658200
2021-11-12,23.03424835205078,26.15999984741211,26.26000022888184,25.76000022888184,25.8799991607666,2256500
2021-11-15,22.99022102355957,26.11000061035156,26.46999931335449,26.09000015258789,26.299999237060547,2108500
2021-11-16,22.62040901184082,25.690000534057617,26.15999984741211,25.64999961853028,26.049999237060547,2687400
2021-11-17,21.960023880004883,24.940000534057617,25.6200008392334,24.75,25.59000015258789,3354500
2021-11-18,21.607818603515625,24.540000915527344,25.1299991607666,24.420000076293945,25.049999237060547,2199000
2021-11-19,21.26441764831543,24.14999961853028,24.299999237060547,23.93000030517578,24.1299991607666,3436200
2021-11-22,21.41410255432129,24.31999969482422,24.690000534057617,24.13999938964844,24.3799991607666,4014100
2021-11-23,21.5373764038086,24.459999084472656,24.57999992370605,24.01000022888184,24.440000534057617,2756300
2021-11-24,21.493350982666016,24.40999984741211,24.61000061035156,24.1299991607666,24.350000381469727,3078100
2021-11-26,20.366294860839844,23.1299991607666,23.299999237060547,22.6299991607666,23.290000915527344,2925900
2021-11-29,20.46314811706543,23.239999771118164,23.57999992370605,22.75,23.440000534057617,3992200
2021-11-30,19.661880493164062,22.32999992370605,22.989999771118164,22.21999931335449,22.920000076293945,9332000
2021-12-01,19.344900131225582,21.96999931335449,23.309999465942383,21.96999931335449,22.96999931335449,3994400
2021-12-02,20.03169822692871,22.75,22.940000534057617,22.030000686645508,22.13999938964844,3507300
2021-12-03,19.74993324279785,22.43000030517578,22.979999542236328,22.18000030517578,22.790000915527344,4213900
2021-12-06,20.04930686950684,22.770000457763672,23.100000381469727,22.46999931335449,22.850000381469727,3302800
2021-12-07,20.59522819519043,23.38999938964844,23.549999237060547,23.01000022888184,23.049999237060547,2969800
2021-12-08,20.788942337036133,23.61000061035156,23.82999992370605,23.280000686645508,23.34000015258789,4165400
2021-12-09,20.436731338500977,23.209999084472656,23.6200008392334,23.190000534057617,23.479999542236328,3181700
2021-12-10,20.375099182128903,23.13999938964844,23.71999931335449,22.920000076293945,23.489999771118164,2536800
2021-12-13,20.09333229064941,22.81999969482422,23.11000061035156,22.56999969482422,23.11000061035156,6657600
2021-12-14,19.996477127075195,22.709999084472656,23.07999992370605,22.420000076293945,22.729999542236328,3333700
2021-12-15,20.163774490356445,22.89999961853028,22.940000534057617,22.31999969482422,22.76000022888184,3424700
2021-12-16,19.996477127075195,22.709999084472656,23.440000534057617,22.520000457763672,23.280000686645508,4816800
2021-12-17,19.908424377441406,22.61000061035156,23.01000022888184,22.280000686645508,22.96999931335449,6928900
2021-12-20,19.159990310668945,21.76000022888184,22.0,21.32999992370605,21.950000762939453,5804500
2021-12-21,20.02289390563965,22.739999771118164,22.84000015258789,22.14999961853028,22.170000076293945,3559000
2021-12-22,20.07572364807129,22.799999237060547,23.030000686645508,22.6200008392334,22.739999771118164,4510800
2021-12-23,20.551204681396484,23.34000015258789,23.450000762939453,22.93000030517578,23.030000686645508,2849200
2021-12-27,20.736108779907227,23.549999237060547,23.57999992370605,23.229999542236328,23.31999969482422,2411600
2021-12-28,20.71849632263184,23.530000686645508,23.799999237060547,23.450000762939453,23.459999084472656,2725700
2021-12-29,20.568811416625977,23.36000061035156,23.6299991607666,23.309999465942383,23.5,1956400
2021-12-30,20.436731338500977,23.209999084472656,23.57999992370605,23.190000534057617,23.350000381469727,1445200
2021-12-31,20.269437789916992,23.020000457763672,23.309999465942383,22.96999931335449,23.190000534057617,2180300
2022-01-03,20.50717544555664,23.290000915527344,23.600000381469727,23.1299991607666,23.25,4652100
2022-01-04,21.4052963256836,24.309999465942383,24.520000457763672,23.59000015258789,23.709999084472656,4479100
2022-01-05,20.8593807220459,23.690000534057617,24.82999992370605,23.64999961853028,24.440000534057617,4069800
2022-01-06,21.25561141967773,24.13999938964844,24.36000061035156,23.76000022888184,24.21999931335449,3198800
2022-01-07,21.607818603515625,24.540000915527344,24.82999992370605,24.229999542236328,24.46999931335449,4912000
2022-01-10,21.27322006225586,24.15999984741211,24.75,23.71999931335449,24.64999961853028,4640200
2022-01-11,21.854360580444336,24.81999969482422,24.8700008392334,24.190000534057617,24.290000915527344,3165400
2022-01-12,21.75750541687012,24.709999084472656,25.32999992370605,24.6200008392334,24.989999771118164,3829300
2022-01-13,21.81033515930176,24.770000457763672,25.239999771118164,24.63999938964844,24.86000061035156,4063000
2022-01-14,21.91599464416504,24.88999938964844,24.90999984741211,24.11000061035156,24.31999969482422,3960400
2022-01-18,21.176368713378903,24.049999237060547,24.75,23.799999237060547,24.690000534057617,3348200
2022-01-19,20.47195816040039,23.25,24.440000534057617,23.239999771118164,24.290000915527344,3825600
2022-01-20,19.93484115600586,22.63999938964844,23.61000061035156,22.600000381469727,23.280000686645508,4580500
2022-01-21,19.318483352661133,21.940000534057617,22.479999542236328,21.82999992370605,22.39999961853028,5389400
2022-01-24,18.99269294738769,21.56999969482422,21.61000061035156,20.39999961853028,21.299999237060547,7659800
2022-01-25,18.79017448425293,21.34000015258789,21.6200008392334,20.25,21.0,6889500
2022-01-26,18.737342834472656,21.280000686645508,22.020000457763672,21.01000022888184,21.46999931335449,5940500
2022-01-27,19.00149726867676,21.57999992370605,22.07999992370605,21.270000457763672,21.559999465942383,5887600
2022-01-28,19.124765396118164,21.71999931335449,21.729999542236328,21.020000457763672,21.46999931335449,5985800
2022-01-31,19.95245361328125,22.65999984741211,22.700000762939453,21.5,21.56999969482422,5613500
2022-02-01,19.732322692871094,22.40999984741211,22.86000061035156,22.239999771118164,22.739999771118164,6918700
2022-02-02,19.5826358795166,22.239999771118164,22.440000534057617,21.770000457763672,22.440000534057617,5732200
2022-02-03,19.591442108154297,22.25,22.68000030517578,22.01000022888184,22.059999465942383,5577900
2022-02-04,20.102140426635746,22.82999992370605,23.09000015258789,22.239999771118164,22.280000686645508,5234100
2022-02-07,20.234214782714844,22.979999542236328,23.239999771118164,22.790000915527344,22.850000381469727,6628500
2022-02-08,20.33107185363769,23.09000015258789,23.3700008392334,22.979999542236328,23.0,6964400
2022-02-09,20.806547164916992,23.6299991607666,23.700000762939453,23.3700008392334,23.39999961853028,4657800
2022-02-10,20.60403060913086,23.39999961853028,24.309999465942383,23.270000457763672,23.309999465942383,5229100
2022-02-11,20.102140426635746,22.82999992370605,23.76000022888184,22.64999961853028,23.280000686645508,5165600
2022-02-14,20.09333229064941,22.81999969482422,23.190000534057617,22.489999771118164,22.8700008392334,5756300
2022-02-15,20.696578979492188,23.32999992370605,23.489999771118164,22.8799991607666,22.8799991607666,3731600
2022-02-16,20.91836166381836,23.57999992370605,23.690000534057617,23.030000686645508,23.030000686645508,4357500
2022-02-17,19.862682342529297,22.38999938964844,23.309999465942383,22.299999237060547,23.26000022888184,4570300
2022-02-18,19.933650970458984,22.46999931335449,22.65999984741211,22.239999771118164,22.299999237060547,3733000
2022-02-22,19.312667846679688,21.770000457763672,22.459999084472656,21.56999969482422,22.43000030517578,5186000
2022-02-23,18.75377655029297,21.13999938964844,22.13999938964844,21.049999237060547,21.979999542236328,4963200
2022-02-24,18.647321701049805,21.020000457763672,21.09000015258789,20.020000457763672,20.190000534057617,6709400
2022-02-25,19.33040809631348,21.790000915527344,21.920000076293945,21.229999542236328,21.229999542236328,5843800
2022-02-28,18.842491149902344,21.239999771118164,21.61000061035156,20.959999084472656,21.200000762939453,6171700
2022-03-01,17.485191345214844,19.709999084472656,21.07999992370605,19.36000061035156,20.959999084472656,7994900
2022-03-02,18.22150421142578,20.540000915527344,20.6299991607666,19.739999771118164,20.01000022888184,5262500
2022-03-03,17.795682907104492,20.059999465942383,20.61000061035156,19.68000030517578,20.520000457763672,4234300
2022-03-04,16.810983657836914,18.950000762939453,19.51000022888184,18.729999542236328,19.5,7600600
2022-03-07,16.535972595214844,18.63999938964844,18.959999084472656,18.420000076293945,18.809999465942383,9512500
2022-03-08,17.18357276916504,19.3700008392334,19.86000061035156,18.739999771118164,18.75,9992500
2022-03-09,17.80455780029297,20.06999969482422,20.479999542236328,19.93000030517578,20.049999237060547,5925300
2022-03-10,17.795682907104492,20.059999465942383,20.1299991607666,19.479999542236328,19.61000061035156,4748900
2022-03-11,17.77794647216797,20.040000915527344,20.420000076293945,20.030000686645508,20.14999961853028,3791600
2022-03-14,18.01746368408203,20.309999465942383,20.739999771118164,20.15999984741211,20.530000686645508,4911300
2022-03-15,17.999723434448242,20.290000915527344,20.75,19.959999084472656,20.459999084472656,5094500
2022-03-16,18.869102478027344,21.270000457763672,21.56999969482422,20.670000076293945,20.700000762939453,7147700
2022-03-17,18.89571952819824,21.299999237060547,21.32999992370605,20.809999465942383,20.93000030517578,4518800
2022-03-18,18.98443031311035,21.39999961853028,21.5,20.88999938964844,21.06999969482422,8965500
2022-03-21,18.88684844970703,21.290000915527344,21.64999961853028,21.14999961853028,21.5,5172000
2022-03-22,19.18846702575684,21.6299991607666,21.96999931335449,21.57999992370605,21.63999938964844,3844200
2022-03-23,19.07314109802246,21.5,21.729999542236328,21.270000457763672,21.420000076293945,5951300
2022-03-24,19.36589241027832,21.82999992370605,21.88999938964844,21.420000076293945,21.6299991607666,4019300
2022-03-25,19.60541725158692,22.100000381469727,22.1200008392334,21.82999992370605,21.88999938964844,3906200
2022-03-28,19.862682342529297,22.38999938964844,22.40999984741211,21.979999542236328,22.18000030517578,3961600
2022-03-29,20.7054500579834,23.34000015258789,23.36000061035156,22.82999992370605,22.82999992370605,5841000
2022-03-30,20.77641868591309,23.420000076293945,23.450000762939453,23.14999961853028,23.270000457763672,4934000
2022-03-31,20.45705795288086,23.059999465942383,23.82999992370605,22.850000381469727,23.459999084472656,8312500
2022-04-01,20.678834915161133,23.309999465942383,23.3700008392334,22.780000686645508,23.3700008392334,6251200
2022-04-04,20.58125305175781,23.200000762939453,23.63999938964844,23.01000022888184,23.280000686645508,4443900
2022-04-05,20.057849884033203,22.61000061035156,23.239999771118164,22.56999969482422,23.14999961853028,4400300
2022-04-06,19.2150821685791,21.65999984741211,22.36000061035156,21.57999992370605,22.21999931335449,5226000
2022-04-07,18.93120384216309,21.34000015258789,21.56999969482422,20.90999984741211,21.459999084472656,4419300
2022-04-08,19.170726776123047,21.61000061035156,21.850000381469727,21.190000534057617,21.36000061035156,3425700
2022-04-11,19.05539894104004,21.479999542236328,21.8700008392334,21.280000686645508,21.280000686645508,3026300
2022-04-12,18.7271671295166,21.11000061035156,21.709999084472656,21.0,21.31999969482422,4411400
2022-04-13,19.046527862548828,21.46999931335449,21.479999542236328,20.950000762939453,21.0,2444100
2022-04-14,18.62958335876465,21.0,21.690000534057617,20.96999931335449,21.530000686645508,3157200
2022-04-18,18.76264953613281,21.14999961853028,21.280000686645508,20.850000381469727,20.920000076293945,2871400
2022-04-19,19.28605079650879,21.739999771118164,21.799999237060547,21.229999542236328,21.299999237060547,3055700
2022-04-20,19.28605079650879,21.739999771118164,22.09000015258789,21.700000762939453,21.940000534057617,2763700
2022-04-21,18.89571952819824,21.299999237060547,22.100000381469727,21.21999931335449,22.0,2447000
2022-04-22,18.301345825195312,20.6299991607666,21.239999771118164,20.61000061035156,21.239999771118164,4005500
2022-04-25,18.44328498840332,20.790000915527344,20.82999992370605,19.950000762939453,20.40999984741211,5444200
2022-04-26,16.881948471069336,19.030000686645508,20.190000534057617,19.01000022888184,19.989999771118164,6023900
2022-04-27,16.58919906616211,18.700000762939453,19.190000534057617,18.700000762939453,18.88999938964844,5123100
2022-04-28,17.121471405029297,19.299999237060547,19.479999542236328,18.68000030517578,18.959999084472656,3876000
2022-04-29,16.305316925048828,18.3799991607666,19.51000022888184,18.32999992370605,19.290000915527344,3968300
2022-05-02,16.67791175842285,18.799999237060547,18.84000015258789,18.190000534057617,18.36000061035156,5203100
2022-05-03,17.05937385559082,19.229999542236328,19.450000762939453,18.670000076293945,18.81999969482422,4667500
2022-05-04,17.698102951049805,19.950000762939453,20.01000022888184,18.950000762939453,19.15999984741211,5047000
2022-05-05,16.722270965576172,18.850000381469727,19.6299991607666,18.57999992370605,19.6299991607666,3912300
2022-05-06,16.37628746032715,18.459999084472656,18.799999237060547,18.13999938964844,18.790000915527344,3789000
2022-05-09,15.872597694396973,17.709999084472656,18.1299991607666,17.520000457763672,17.989999771118164,3970200
2022-05-10,15.836746215820312,17.670000076293945,18.14999961853028,17.260000228881836,18.07999992370605,3806100
2022-05-11,15.272109031677246,17.040000915527344,18.07999992370605,17.020000457763672,17.600000381469727,4973900
2022-05-12,15.48720932006836,17.280000686645508,17.56999969482422,16.760000228881836,16.940000534057617,4696500
2022-05-13,15.989105224609377,17.84000015258789,18.0,17.56999969482422,17.6200008392334,4479900
2022-05-16,15.854671478271484,17.690000534057617,17.8799991607666,17.3700008392334,17.75,3157300
2022-05-17,16.70611000061035,18.63999938964844,18.700000762939453,17.940000534057617,18.15999984741211,3789200
2022-05-18,16.11458396911621,17.979999542236328,18.440000534057617,17.860000610351562,18.38999938964844,3192900
2022-05-19,16.150434494018555,18.020000457763672,18.270000457763672,17.670000076293945,17.670000076293945,3132300
2022-05-20,16.643369674682617,18.56999969482422,18.600000381469727,17.889999389648438,18.299999237060547,4216300
2022-05-23,16.759883880615234,18.700000762939453,19.100000381469727,18.6299991607666,19.0,3111800
2022-05-24,16.535823822021484,18.450000762939453,18.61000061035156,17.81999969482422,18.540000915527344,2752000
2022-05-25,16.68818473815918,18.6200008392334,18.71999931335449,18.25,18.290000915527344,2848500
2022-05-26,17.243860244750977,19.239999771118164,19.350000381469727,18.770000457763672,18.770000457763672,2981500
2022-05-27,17.51273536682129,19.540000915527344,19.549999237060547,19.34000015258789,19.36000061035156,1969800
2022-05-31,17.333486557006836,19.34000015258789,19.489999771118164,19.020000457763672,19.34000015258789,4510000
2022-06-01,17.09149742126465,19.06999969482422,19.450000762939453,18.71999931335449,19.350000381469727,3686300
2022-06-02,17.243860244750977,19.239999771118164,19.239999771118164,18.71999931335449,19.07999992370605,5091500
2022-06-03,16.759883880615234,18.700000762939453,19.07999992370605,18.6200008392334,19.01000022888184,3293300
2022-06-06,16.966020584106445,18.93000030517578,19.270000457763672,18.809999465942383,18.8700008392334,2482400
2022-06-07,17.118385314941406,19.100000381469727,19.14999961853028,18.61000061035156,18.700000762939453,2412700
2022-06-08,16.598560333251953,18.520000457763672,18.96999931335449,18.479999542236328,18.84000015258789,3549600
2022-06-09,16.186283111572266,18.059999465942383,18.530000686645508,18.049999237060547,18.5,3065600
2022-06-10,15.48720932006836,17.280000686645508,17.610000610351562,17.270000457763672,17.559999465942383,3653700
2022-06-13,14.277270317077637,15.93000030517578,16.600000381469727,15.81999969482422,16.530000686645508,6367000
2022-06-14,14.555109024047852,16.239999771118164,16.3799991607666,15.850000381469728,16.049999237060547,5133700
2022-06-15,14.716432571411133,16.420000076293945,16.739999771118164,16.1200008392334,16.43000030517578,4523700
2022-06-16,14.31312084197998,15.970000267028809,16.139999389648438,15.68000030517578,15.960000038146973,4918500
2022-06-17,14.44755744934082,16.1200008392334,16.3700008392334,15.850000381469728,15.899999618530272,6404000
2022-06-21,14.84190845489502,16.559999465942383,16.68000030517578,16.399999618530273,16.559999465942383,3970300
2022-06-22,14.877758026123049,16.600000381469727,16.690000534057617,16.209999084472656,16.209999084472656,3331100
2022-06-23,14.958419799804688,16.690000534057617,16.760000228881836,16.31999969482422,16.520000457763672,3583800
2022-06-24,15.558908462524414,17.360000610351562,17.43000030517578,16.829999923706055,16.899999618530273,5439600
2022-06-27,15.549945831298828,17.350000381469727,17.530000686645508,17.270000457763672,17.479999542236328,2329800
2022-06-28,15.325884819030762,17.100000381469727,17.729999542236328,17.040000915527344,17.540000915527344,2984500
2022-06-29,14.752281188964844,16.459999084472656,16.989999771118164,16.360000610351562,16.920000076293945,2733100
2022-06-30,14.45651912689209,16.1299991607666,16.34000015258789,15.619999885559082,16.010000228881836,4321800
2022-07-01,14.716432571411133,16.420000076293945,16.440000534057617,15.90999984741211,16.030000686645508,3041800
2022-07-05,14.689545631408691,16.389999389648438,16.40999984741211,15.760000228881836,15.979999542236328,3223000
2022-07-06,14.322083473205566,15.979999542236328,16.360000610351562,15.869999885559082,16.270000457763672,4403300
2022-07-07,14.689545631408691,16.389999389648438,16.5,16.139999389648438,16.200000762939453,3694000
2022-07-08,14.52821922302246,16.209999084472656,16.450000762939453,16.06999969482422,16.440000534057617,3035000
2022-07-11,14.062169075012209,15.6899995803833,15.960000038146973,15.630000114440918,15.920000076293944,2482400
2022-07-12,14.25038242340088,15.899999618530272,16.229999542236328,15.579999923706056,15.600000381469728,3343800
2022-07-13,14.017356872558594,15.640000343322754,15.710000038146973,15.199999809265137,15.529999732971191,7353300
2022-07-14,14.035283088684082,15.65999984741211,15.720000267028809,15.199999809265137,15.31999969482422,3344400
2022-07-15,14.555109024047852,16.239999771118164,16.360000610351562,15.59000015258789,15.960000038146973,3239200
2022-07-18,14.510296821594238,16.190000534057617,16.65999984741211,16.030000686645508,16.3700008392334,3469100
2022-07-19,15.110782623291016,16.860000610351562,16.920000076293945,16.469999313354492,16.469999313354492,3187300
2022-07-20,15.379657745361328,17.15999984741211,17.18000030517578,16.729999542236328,16.780000686645508,3334900
2022-07-21,15.397583961486816,17.18000030517578,17.260000228881836,16.979999542236328,17.06999969482422,3797100
2022-07-22,15.334844589233398,17.110000610351562,17.40999984741211,16.989999771118164,17.200000762939453,3150700
2022-07-25,15.424468994140623,17.209999084472656,17.56999969482422,16.829999923706055,17.200000762939453,5499300
2022-07-26,15.030121803283691,16.770000457763672,17.31999969482422,16.709999084472656,17.059999465942383,5287800
2022-07-27,14.940496444702148,16.670000076293945,17.0,16.09000015258789,17.0,5016300
2022-07-28,15.460321426391602,17.25,17.280000686645508,16.450000762939453,16.65999984741211,5431100
2022-07-29,15.899483680725098,17.739999771118164,17.8799991607666,17.219999313354492,17.219999313354492,11033900
2022-08-01,16.177318572998047,18.049999237060547,18.06999969482422,17.3700008392334,17.6200008392334,4403800
2022-08-02,15.827784538269045,17.65999984741211,18.020000457763672,17.649999618530273,17.899999618530273,4359700
2022-08-03,16.042884826660156,17.899999618530273,17.950000762939453,17.6200008392334,17.889999389648438,3093000
2022-08-04,15.953259468078612,17.799999237060547,18.040000915527344,17.770000457763672,17.889999389648438,2644100
2022-08-05,16.060810089111328,17.920000076293945,18.020000457763672,17.530000686645508,17.59000015258789,2321300
2022-08-08,16.22213363647461,18.100000381469727,18.3799991607666,17.979999542236328,17.979999542236328,3811100
2022-08-09,15.998071670532228,17.850000381469727,18.049999237060547,17.670000076293945,18.040000915527344,3544500
2022-08-10,16.47308349609375,18.3799991607666,18.59000015258789,18.18000030517578,18.21999931335449,4733600
2022-08-11,16.74292755126953,18.489999771118164,18.670000076293945,18.280000686645508,18.299999237060547,3234300
2022-08-12,17.268123626708984,19.06999969482422,19.09000015258789,18.63999938964844,18.75,4184300
2022-08-15,17.150409698486328,18.940000534057617,19.040000915527344,18.770000457763672,18.790000915527344,2704700
2022-08-16,17.150409698486328,18.940000534057617,19.11000061035156,18.809999465942383,18.920000076293945,2618500
2022-08-17,16.86969757080078,18.6299991607666,18.76000022888184,18.43000030517578,18.61000061035156,2739400
2022-08-18,16.914974212646484,18.68000030517578,18.799999237060547,18.46999931335449,18.6299991607666,3496100
2022-08-19,16.389774322509766,18.100000381469727,18.46999931335449,17.8799991607666,18.440000534057617,3491000
2022-08-22,15.955129623413086,17.6200008392334,17.75,17.420000076293945,17.719999313354492,3954200
2022-08-23,15.982294082641602,17.649999618530273,17.899999618530273,17.610000610351562,17.729999542236328,3357900
2022-08-24,16.027570724487305,17.700000762939453,17.829999923706055,17.520000457763672,17.600000381469727,2440300
2022-08-25,16.272058486938477,17.969999313354492,17.979999542236328,17.709999084472656,17.81999969482422,2863800
2022-08-26,15.629150390625,17.260000228881836,18.040000915527344,17.25,18.020000457763672,3002800
2022-08-29,15.375604629516602,16.979999542236328,17.209999084472656,16.950000762939453,17.09000015258789,1926800
2022-08-30,15.176390647888184,16.760000228881836,17.09000015258789,16.610000610351562,17.06999969482422,3308800
2022-08-31,14.91379165649414,16.469999313354492,16.8700008392334,16.43000030517578,16.8700008392334,4509700
2022-09-01,14.823240280151367,16.3700008392334,16.399999618530273,15.880000114440918,16.34000015258789,3059400
2022-09-02,14.71457862854004,16.25,16.81999969482422,16.170000076293945,16.690000534057617,3984900
2022-09-06,14.877571105957031,16.43000030517578,16.600000381469727,16.149999618530273,16.3700008392334,3864800
2022-09-07,15.004343032836914,16.56999969482422,16.600000381469727,16.190000534057617,16.360000610351562,4551400
2022-09-08,15.719697952270508,17.360000610351562,17.3799991607666,16.43000030517578,16.450000762939453,8281500
2022-09-09,15.918909072875977,17.579999923706055,17.709999084472656,17.3799991607666,17.549999237060547,4511800
2022-09-12,16.1362361907959,17.81999969482422,18.07999992370605,17.549999237060547,17.770000457763672,4654000
2022-09-13,14.95906925201416,16.520000457763672,17.420000076293945,16.489999771118164,17.280000686645508,5985600
2022-09-14,14.77796459197998,16.31999969482422,16.690000534057617,16.1299991607666,16.56999969482422,5581200
2022-09-15,14.832295417785645,16.3799991607666,16.860000610351562,16.31999969482422,16.389999389648438,5859200
2022-09-16,14.569696426391602,16.09000015258789,16.219999313354492,15.90999984741211,16.110000610351562,27455900
2022-09-19,15.26694107055664,16.860000610351562,16.889999389648438,15.770000457763672,15.84000015258789,5860700
2022-09-20,14.823240280151367,16.3700008392334,16.709999084472656,16.270000457763672,16.65999984741211,3080000
2022-09-21,14.4972562789917,16.010000228881836,16.709999084472656,16.0,16.530000686645508,3764000
2022-09-22,14.135050773620604,15.609999656677246,16.09000015258789,15.5600004196167,16.040000915527344,5084300
2022-09-23,13.781902313232422,15.220000267028809,15.420000076293944,14.850000381469728,15.34000015258789,5205700
2022-09-26,13.419695854187012,14.81999969482422,15.350000381469728,14.6899995803833,15.09000015258789,6417500
2022-09-27,13.175209045410156,14.550000190734863,15.100000381469728,14.34000015258789,15.0,4322700
2022-09-28,13.3381986618042,14.729999542236328,14.850000381469728,14.479999542236328,14.640000343322754,5195700
2022-09-29,12.794892311096191,14.130000114440918,14.5,13.989999771118164,14.390000343322754,4790300
2022-09-30,12.405522346496582,13.699999809265137,14.149999618530272,13.699999809265137,14.06999969482422,4998900
2022-10-03,12.994104385375977,14.350000381469728,14.479999542236328,13.5600004196167,13.93000030517578,5337900
2022-10-04,13.872450828552246,15.31999969482422,15.34000015258789,14.6899995803833,14.6899995803833,5445900
2022-10-05,13.80906581878662,15.25,15.329999923706056,14.850000381469728,14.970000267028809,3946200
2022-10-06,13.555522918701172,14.970000267028809,15.31999969482422,14.93000030517578,15.149999618530272,4275900
2022-10-07,13.012214660644531,14.369999885559082,14.81999969482422,14.229999542236328,14.699999809265137,4958600
2022-10-10,13.066546440124512,14.43000030517578,14.65999984741211,14.260000228881836,14.489999771118164,4595000
2022-10-11,12.794892311096191,14.130000114440918,14.43000030517578,13.890000343322754,14.300000190734863,4950600
2022-10-12,12.55945873260498,13.869999885559082,14.100000381469728,13.649999618530272,14.100000381469728,6051800
2022-10-13,13.13898754119873,14.510000228881836,14.59000015258789,13.199999809265137,13.449999809265137,5787900
2022-10-14,12.930718421936035,14.279999732971191,14.920000076293944,14.140000343322754,14.65999984741211,4303000
2022-10-17,13.320088386535645,14.710000038146973,15.0,14.600000381469728,14.75,4116900
2022-10-18,13.51930332183838,14.93000030517578,15.170000076293944,14.699999809265137,15.119999885559082,4835500
2022-10-19,13.25670337677002,14.640000343322754,14.989999771118164,14.449999809265137,14.6899995803833,3578600
2022-10-20,13.048436164855955,14.40999984741211,14.890000343322754,14.279999732971191,14.68000030517578,4377300
2022-10-21,13.483081817626951,14.890000343322754,14.90999984741211,14.300000190734863,14.420000076293944,6466700
2022-10-24,13.627963066101074,15.050000190734863,15.18000030517578,14.81999969482422,14.989999771118164,6435300
2022-10-25,13.627963066101074,15.050000190734863,15.199999809265137,14.329999923706056,14.800000190734863,7443800
2022-10-26,13.67323875427246,15.100000381469728,15.229999542236328,14.550000190734863,14.850000381469728,8200100
2022-10-27,13.718514442443848,15.149999618530272,15.609999656677246,15.079999923706056,15.31999969482422,5746800
2022-10-28,13.953947067260742,15.40999984741211,15.460000038146973,15.0,15.229999542236328,4179800
2022-10-31,13.872450828552246,15.31999969482422,15.479999542236328,15.239999771118164,15.350000381469728,5891300
2022-11-01,14.08977508544922,15.5600004196167,15.699999809265137,15.31999969482422,15.59000015258789,7555400
2022-11-02,13.972057342529297,15.43000030517578,15.989999771118164,15.380000114440918,15.460000038146973,5677400
2022-11-03,13.637019157409668,15.0600004196167,15.3100004196167,14.8100004196167,15.199999809265137,3964500
2022-11-04,14.243711471557615,15.729999542236328,15.859999656677246,15.3100004196167,15.359999656677246,6068100
2022-11-07,14.660248756408691,16.190000534057617,16.200000762939453,15.649999618530272,15.9399995803833,4553100
2022-11-08,14.950013160705566,16.510000228881836,16.639999389648438,16.149999618530273,16.260000228881836,6256300
2022-11-09,14.572644233703612,15.90999984741211,16.270000457763672,15.880000114440918,16.15999984741211,4077500
2022-11-10,17.173921585083008,18.75,18.850000381469727,16.65999984741211,16.65999984741211,12281600
2022-11-11,18.108184814453125,19.770000457763672,20.01000022888184,18.850000381469727,18.920000076293945,11229100
2022-11-14,17.503658294677734,19.11000061035156,19.809999465942383,19.06999969482422,19.51000022888184,8383900
2022-11-15,17.70516586303711,19.32999992370605,19.790000915527344,19.01000022888184,19.6200008392334,4405400
2022-11-16,17.219717025756836,18.799999237060547,19.239999771118164,18.549999237060547,19.14999961853028,5601300
2022-11-17,17.201398849487305,18.780000686645508,18.790000915527344,18.170000076293945,18.440000534057617,4398400
2022-11-18,17.347951889038086,18.940000534057617,19.200000762939453,18.88999938964844,19.13999938964844,4389400
2022-11-21,17.320466995239258,18.90999984741211,19.030000686645508,18.690000534057617,18.790000915527344,3316500
2022-11-22,17.576936721801758,19.190000534057617,19.38999938964844,19.030000686645508,19.09000015258789,3435300
2022-11-23,17.686845779418945,19.309999465942383,19.36000061035156,19.040000915527344,19.11000061035156,2708100
2022-11-25,17.7784423828125,19.40999984741211,19.489999771118164,19.14999961853028,19.209999084472656,1433400
2022-11-28,17.11896514892578,18.690000534057617,19.26000022888184,18.65999984741211,19.15999984741211,2844600
2022-11-29,17.256357192993164,18.84000015258789,18.989999771118164,18.64999961853028,18.68000030517578,3210000
2022-11-30,17.503658294677734,19.11000061035156,19.209999084472656,18.299999237060547,18.8700008392334,7572000
2022-12-01,17.79676055908203,19.43000030517578,19.520000457763672,18.89999961853028,19.100000381469727,4268100
2022-12-02,17.485340118408203,19.09000015258789,19.21999931335449,18.84000015258789,19.100000381469727,5510500
2022-12-05,17.02737045288086,18.59000015258789,19.1299991607666,18.420000076293945,18.96999931335449,4566300
2022-12-06,16.95409393310547,18.51000022888184,18.690000534057617,18.350000381469727,18.559999465942383,4270500
2022-12-07,16.816701889038086,18.36000061035156,18.61000061035156,18.270000457763672,18.43000030517578,3431600
2022-12-08,16.95409393310547,18.51000022888184,18.56999969482422,18.290000915527344,18.479999542236328,2952700
2022-12-09,16.80754280090332,18.350000381469727,18.57999992370605,18.31999969482422,18.40999984741211,4231100
2022-12-12,17.30215072631836,18.88999938964844,18.920000076293945,18.21999931335449,18.38999938964844,3963300
2022-12-13,17.961631774902344,19.61000061035156,20.540000915527344,19.350000381469727,19.770000457763672,5626700
2022-12-14,17.879194259643555,19.520000457763672,19.81999969482422,19.209999084472656,19.489999771118164,4980400
2022-12-15,17.402904510498047,19.0,19.350000381469727,18.8700008392334,19.15999984741211,5261200
2022-12-16,16.844179153442383,18.38999938964844,18.790000915527344,18.229999542236328,18.540000915527344,7756200
2022-12-19,16.578556060791016,18.100000381469727,18.489999771118164,18.0,18.32999992370605,3158700
2022-12-20,16.496124267578125,18.010000228881836,18.239999771118164,17.979999542236328,18.09000015258789,3179100
2022-12-21,16.990732192993164,18.549999237060547,18.6200008392334,18.290000915527344,18.290000915527344,2787900
2022-12-22,16.734268188476562,18.270000457763672,18.350000381469727,17.920000076293945,18.280000686645508,2464200
2022-12-23,16.83502197265625,18.3799991607666,18.40999984741211,18.11000061035156,18.26000022888184,2610100
2022-12-27,16.78006362915039,18.31999969482422,18.489999771118164,18.21999931335449,18.38999938964844,1536300
2022-12-28,16.37704849243164,17.8799991607666,18.3799991607666,17.799999237060547,18.270000457763672,2685600
2022-12-29,16.76174545288086,18.299999237060547,18.489999771118164,18.010000228881836,18.020000457763672,3113100
2022-12-30,16.477806091308594,17.989999771118164,18.1200008392334,17.700000762939453,18.049999237060547,3544800
2023-01-03,16.6884708404541,18.21999931335449,18.489999771118164,17.969999313354492,18.3700008392334,4142500
2023-01-04,17.38458824157715,18.979999542236328,19.020000457763672,18.420000076293945,18.5,4405000
2023-01-05,17.109804153442383,18.68000030517578,18.81999969482422,18.5,18.739999771118164,4655800
2023-01-06,17.558612823486328,19.170000076293945,19.270000457763672,18.61000061035156,18.8799991607666,3582300
2023-01-09,17.650209426879883,19.270000457763672,19.71999931335449,19.1299991607666,19.280000686645508,3697000
2023-01-10,17.879194259643555,19.520000457763672,19.559999465942383,19.0,19.1299991607666,3083800
2023-01-11,18.108184814453125,19.770000457763672,19.850000381469727,19.559999465942383,19.6200008392334,2870800
2023-01-12,17.924991607666016,19.56999969482422,20.0,19.290000915527344,19.93000030517578,4770200
2023-01-13,17.760122299194336,19.38999938964844,19.40999984741211,19.06999969482422,19.3799991607666,4693400
2023-01-17,17.54029655456543,19.14999961853028,19.38999938964844,19.01000022888184,19.350000381469727,4300400
2023-01-18,17.43038558959961,19.030000686645508,19.56999969482422,18.940000534057617,19.299999237060547,4108200
2023-01-19,17.01820945739746,18.57999992370605,18.729999542236328,18.280000686645508,18.65999984741211,4910100
2023-01-20,17.375429153442383,18.96999931335449,19.01000022888184,18.559999465942383,18.709999084472656,3793300
2023-01-23,17.311311721801758,18.89999961853028,19.270000457763672,18.76000022888184,19.0,15335400
2023-01-24,16.963253021240234,18.520000457763672,19.559999465942383,18.13999938964844,18.690000534057617,7847100
2023-01-25,16.48696517944336,18.0,18.270000457763672,17.610000610351562,18.11000061035156,7938500
2023-01-26,16.917455673217773,18.46999931335449,18.5,17.1299991607666,18.049999237060547,9191500
2023-01-27,16.76174545288086,18.299999237060547,18.56999969482422,18.239999771118164,18.43000030517578,7648100
2023-01-30,16.560239791870117,18.07999992370605,18.270000457763672,17.899999618530273,18.0,7088700
2023-01-31,16.95409393310547,18.51000022888184,18.530000686645508,17.989999771118164,18.06999969482422,5529800
2023-02-01,17.32962989807129,18.920000076293945,19.18000030517578,18.280000686645508,18.39999961853028,7639500
2023-02-02,18.51119613647461,20.209999084472656,20.559999465942383,19.15999984741211,19.170000076293945,9727100
2023-02-03,18.355484008789062,20.040000915527344,20.479999542236328,19.770000457763672,19.850000381469727,6230900
2023-02-06,17.7784423828125,19.40999984741211,19.770000457763672,19.290000915527344,19.729999542236328,3376100
2023-02-07,17.961631774902344,19.61000061035156,19.780000686645508,19.239999771118164,19.31999969482422,3511000
2023-02-08,17.393747329711914,18.989999771118164,19.3700008392334,18.940000534057617,19.31999969482422,5128700
2023-02-09,16.935775756835938,18.489999771118164,19.309999465942383,18.46999931335449,19.15999984741211,4619300
2023-02-10,17.164762496948242,18.739999771118164,18.850000381469727,18.309999465942383,18.32999992370605,5372300
2023-02-13,17.59525489807129,19.209999084472656,19.26000022888184,18.75,18.82999992370605,4453900
2023-02-14,17.402904510498047,19.0,19.32999992370605,18.809999465942383,19.1299991607666,4075900
2023-02-15,17.37330436706543,18.780000686645508,18.8799991607666,18.61000061035156,18.700000762939453,3352700
2023-02-16,17.077272415161133,18.459999084472656,18.709999084472656,18.34000015258789,18.440000534057617,3302700
2023-02-17,17.308544158935547,18.709999084472656,18.739999771118164,18.190000534057617,18.420000076293945,5049700
2023-02-21,16.3927001953125,17.719999313354492,18.450000762939453,17.649999618530273,18.32999992370605,4363300
2023-02-22,16.29094123840332,17.610000610351562,17.899999618530273,17.489999771118164,17.850000381469727,3252900
2023-02-23,16.411203384399414,17.739999771118164,17.959999084472656,17.469999313354492,17.850000381469727,3687400
2023-02-24,16.21693229675293,17.530000686645508,17.59000015258789,17.260000228881836,17.43000030517578,4402800
2023-02-27,16.161426544189453,17.469999313354492,17.889999389648438,17.420000076293945,17.65999984741211,3481200
2023-02-28,16.337194442749023,17.65999984741211,17.8799991607666,17.459999084472656,17.610000610351562,6094700
2023-03-01,16.21693229675293,17.530000686645508,17.700000762939453,17.110000610351562,17.110000610351562,5000200
2023-03-02,16.235435485839844,17.549999237060547,17.610000610351562,17.200000762939453,17.280000686645508,4600700
2023-03-03,16.559215545654297,17.899999618530273,17.90999984741211,17.510000228881836,17.700000762939453,4579400
2023-03-06,16.253938674926758,17.56999969482422,17.93000030517578,17.450000762939453,17.93000030517578,5105300
2023-03-07,15.88389778137207,17.170000076293945,17.68000030517578,17.149999618530273,17.549999237060547,3054800
2023-03-08,16.04116439819336,17.34000015258789,17.389999389648438,17.079999923706055,17.190000534057617,2654300
2023-03-09,15.754387855529783,17.030000686645508,17.600000381469727,17.0,17.350000381469727,6319500
2023-03-10,15.180824279785156,16.40999984741211,17.010000228881836,16.219999313354492,16.889999389648438,7448400
2023-03-13,14.829289436340332,16.030000686645508,16.270000457763672,15.630000114440918,15.84000015258789,7291400
2023-03-14,15.023557662963867,16.239999771118164,16.719999313354492,16.020000457763672,16.709999084472656,4938300
2023-03-15,14.820038795471191,16.020000457763672,16.079999923706055,15.489999771118164,15.609999656677246,6897500
2023-03-16,14.847789764404297,16.049999237060547,16.309999465942383,15.510000228881836,15.81999969482422,5379800
2023-03-17,14.39449405670166,15.5600004196167,15.890000343322754,15.380000114440918,15.890000343322754,10606200
2023-03-20,14.292732238769531,15.449999809265137,15.770000457763672,15.270000457763672,15.699999809265137,5761700
2023-03-21,14.820038795471191,16.020000457763672,16.09000015258789,15.789999961853027,15.829999923706056,5228200
2023-03-22,14.301983833312988,15.460000038146973,16.149999618530273,15.449999809265137,15.989999771118164,4733200
2023-03-23,13.913443565368652,15.039999961853027,15.68000030517578,14.899999618530272,15.520000457763672,6677600
2023-03-24,13.922694206237791,15.050000190734863,15.15999984741211,14.479999542236328,14.779999732971191,7058700
2023-03-27,14.190973281860352,15.34000015258789,15.550000190734863,15.1899995803833,15.350000381469728,4620300
2023-03-28,14.449999809265137,15.619999885559082,15.630000114440918,15.260000228881836,15.279999732971191,4306400
2023-03-29,14.857040405273438,16.059999465942383,16.209999084472656,15.81999969482422,16.110000610351562,5618700
2023-03-30,14.90329647064209,16.110000610351562,16.360000610351562,15.9399995803833,16.270000457763672,2629600
2023-03-31,15.171573638916016,16.399999618530273,16.420000076293945,16.170000076293945,16.239999771118164,3414400
2023-04-03,14.98655605316162,16.200000762939453,16.450000762939453,16.06999969482422,16.270000457763672,4244200
2023-04-04,14.61651611328125,15.800000190734863,16.309999465942383,15.68000030517578,16.290000915527344,5583900
2023-04-05,14.533258438110352,15.710000038146973,15.800000190734863,15.510000228881836,15.630000114440918,3475700
2023-04-06,14.635018348693848,15.81999969482422,15.949999809265137,15.630000114440918,15.710000038146973,2221500
2023-04-10,14.783034324645996,15.979999542236328,16.0,15.6899995803833,15.729999542236328,3220200
2023-04-11,15.097567558288574,16.31999969482422,16.40999984741211,16.0,16.020000457763672,3175400
2023-04-12,14.921797752380373,16.1299991607666,16.59000015258789,16.079999923706055,16.579999923706055,3066200
2023-04-13,15.384345054626465,16.6299991607666,16.770000457763672,16.149999618530273,16.170000076293945,6641300
2023-04-14,15.624873161315918,16.889999389648438,17.040000915527344,16.610000610351562,16.829999923706055,5818400
2023-04-17,15.902400016784668,17.190000534057617,17.200000762939453,16.75,16.780000686645508,4598900
2023-04-18,16.105920791625977,17.40999984741211,17.43000030517578,17.020000457763672,17.360000610351562,3995900
2023-04-19,16.161426544189453,17.469999313354492,17.549999237060547,17.200000762939453,17.209999084472656,2920700
2023-04-20,15.911651611328123,17.200000762939453,17.40999984741211,17.139999389648438,17.270000457763672,3280500
2023-04-21,15.791387557983398,17.06999969482422,17.270000457763672,17.0,17.190000534057617,3060500
2023-04-24,15.587868690490724,16.850000381469727,17.149999618530273,16.610000610351562,17.079999923706055,5176300
2023-04-25,15.541611671447754,16.799999237060547,17.309999465942383,16.399999618530273,16.65999984741211,5875200
2023-04-26,15.671124458312988,16.940000534057617,17.270000457763672,16.639999389648438,16.639999389648438,6142500
2023-04-27,15.939403533935549,17.229999542236328,17.239999771118164,16.790000915527344,17.149999618530273,3581200
2023-04-28,15.846894264221191,17.1299991607666,17.280000686645508,16.979999542236328,17.149999618530273,3546300
2023-05-01,15.523111343383787,16.780000686645508,17.31999969482422,16.75,17.229999542236328,4933800
2023-05-02,15.190074920654297,16.420000076293945,16.709999084472656,16.010000228881836,16.6200008392334,5269000
2023-05-03,15.227078437805176,16.459999084472656,16.920000076293945,16.40999984741211,16.600000381469727,4414600
2023-05-04,14.838541030883787,16.040000915527344,16.3799991607666,15.829999923706056,16.299999237060547,4178600
2023-05-05,15.32884120941162,16.56999969482422,16.690000534057617,16.299999237060547,16.34000015258789,3078100
2023-05-08,15.253929138183594,16.290000915527344,16.5,16.1200008392334,16.469999313354492,2670600
2023-05-09,15.160289764404297,16.190000534057617,16.299999237060547,16.020000457763672,16.1299991607666,3187900
2023-05-10,14.916824340820312,15.93000030517578,16.469999313354492,15.5600004196167,16.469999313354492,6382400
2023-05-11,14.420534133911133,15.399999618530272,15.800000190734863,14.880000114440918,15.779999732971191,8258800
2023-05-12,14.251983642578123,15.220000267028809,15.619999885559082,15.140000343322754,15.5600004196167,5069400
2023-05-15,14.242619514465332,15.210000038146973,15.350000381469728,15.050000190734863,15.350000381469728,5339300
2023-05-16,14.027247428894045,14.979999542236328,15.220000267028809,14.960000038146973,15.06999969482422,2957000
2023-05-17,14.242619514465332,15.210000038146973,15.300000190734863,14.90999984741211,15.09000015258789,3530000
2023-05-18,14.354986190795898,15.329999923706056,15.359999656677246,14.989999771118164,15.109999656677246,2928900
2023-05-19,14.270709991455078,15.239999771118164,15.43000030517578,15.020000457763672,15.380000114440918,4223000
2023-05-22,14.223889350891112,15.1899995803833,15.279999732971191,14.899999618530272,15.25,3652200
2023-05-23,14.10215950012207,15.0600004196167,15.369999885559082,15.029999732971191,15.119999885559082,2533600
2023-05-24,13.839966773986816,14.779999732971191,14.93000030517578,14.520000457763672,14.93000030517578,4406400
2023-05-25,13.765054702758787,14.699999809265137,14.770000457763672,14.4399995803833,14.68000030517578,5292500
2023-05-26,13.942971229553224,14.890000343322754,14.960000038146973,14.649999618530272,14.789999961853027,2914900
2023-05-30,13.877422332763672,14.81999969482422,14.970000267028809,14.600000381469728,14.90999984741211,3489500
2023-05-31,13.465408325195312,14.380000114440918,14.739999771118164,14.109999656677246,14.68000030517578,8838000
2023-06-01,13.802512168884276,14.739999771118164,14.890000343322754,14.460000038146973,14.470000267028809,7228800
2023-06-02,14.28943920135498,15.260000228881836,15.380000114440918,14.989999771118164,15.020000457763672,6094900
2023-06-05,14.41117000579834,15.390000343322754,15.619999885559082,15.1899995803833,15.350000381469728,6117300
2023-06-06,14.785728454589844,15.789999961853027,15.9399995803833,15.270000457763672,15.289999961853027,6141100
2023-06-07,14.926189422607422,15.9399995803833,16.030000686645508,15.829999923706056,15.899999618530272,5932300
2023-06-08,15.047921180725098,16.06999969482422,16.15999984741211,15.6899995803833,15.970000267028809,5940300
2023-06-09,15.113468170166016,16.139999389648438,16.270000457763672,15.920000076293944,16.09000015258789,5841000
2023-06-12,14.944918632507324,15.960000038146973,16.3799991607666,15.890000343322754,16.09000015258789,6360700
2023-06-13,15.450572967529297,16.5,16.610000610351562,15.899999618530272,15.979999542236328,6734200
2023-06-14,15.506754875183104,16.559999465942383,16.8799991607666,16.43000030517578,16.59000015258789,5233500
2023-06-15,15.8251314163208,16.899999618530273,16.959999084472656,16.389999389648438,16.43000030517578,4408200
2023-06-16,15.71276569366455,16.780000686645508,17.079999923706055,16.770000457763672,16.969999313354492,7930200
2023-06-20,15.488029479980469,16.540000915527344,16.709999084472656,16.43000030517578,16.68000030517578,3568200
2023-06-21,15.459936141967772,16.510000228881836,16.639999389648438,16.43000030517578,16.579999923706055,3347600
2023-06-22,15.150925636291504,16.18000030517578,16.459999084472656,16.110000610351562,16.399999618530273,3063700
2023-06-23,14.991738319396973,16.010000228881836,16.110000610351562,15.779999732971191,15.949999809265137,4459800
2023-06-26,15.104104042053224,16.1299991607666,16.229999542236328,16.010000228881836,16.030000686645508,4593100
2023-06-27,15.450572967529297,16.5,16.549999237060547,16.020000457763672,16.1299991607666,2534100
2023-06-28,15.506754875183104,16.559999465942383,16.579999923706055,16.329999923706055,16.520000457763672,3009100
2023-06-29,15.684673309326172,16.75,16.809999465942383,16.530000686645508,16.530000686645508,3117800
2023-06-30,15.740854263305664,16.809999465942383,17.0,16.719999313354492,16.959999084472656,2580000
2023-07-03,16.040502548217773,17.1299991607666,17.239999771118164,16.809999465942383,16.809999465942383,1710000
2023-07-05,15.806404113769531,16.8799991607666,17.1299991607666,16.780000686645508,16.920000076293945,2273300
2023-07-06,15.572303771972656,16.6299991607666,16.690000534057617,16.299999237060547,16.639999389648438,3646600
2023-07-07,15.843857765197754,16.920000076293945,17.139999389648438,16.65999984741211,16.65999984741211,4101800
2023-07-10,16.265239715576172,17.3700008392334,17.549999237060547,16.770000457763672,16.850000381469727,4153600
2023-07-11,16.44315528869629,17.559999465942383,17.59000015258789,17.34000015258789,17.459999084472656,3167800
2023-07-12,17.22972869873047,18.39999961853028,18.479999542236328,17.860000610351562,17.899999618530273,6158500
2023-07-13,17.164182662963867,18.32999992370605,18.709999084472656,18.290000915527344,18.459999084472656,5186300
2023-07-14,16.60234260559082,17.729999542236328,18.38999938964844,17.700000762939453,18.38999938964844,6509900
2023-07-17,16.480609893798828,17.600000381469727,17.81999969482422,17.520000457763672,17.68000030517578,4089900
2023-07-18,16.75216293334961,17.889999389648438,17.940000534057617,17.6299991607666,17.709999084472656,3369100
2023-07-19,16.89262580871582,18.040000915527344,18.14999961853028,17.770000457763672,17.920000076293945,3183600
2023-07-20,16.770893096923828,17.90999984741211,18.0,17.719999313354492,17.959999084472656,3025500
2023-07-21,16.705345153808594,17.84000015258789,18.07999992370605,17.760000228881836,18.020000457763672,2767000
2023-07-24,16.81771469116211,17.959999084472656,17.989999771118164,17.760000228881836,17.829999923706055,5176500
2023-07-25,15.562941551208496,16.6200008392334,17.440000534057617,16.510000228881836,17.3799991607666,9277500
2023-07-26,15.39438819885254,16.440000534057617,16.690000534057617,16.299999237060547,16.559999465942383,6325500
2023-07-27,15.122832298278809,16.149999618530273,16.59000015258789,16.1200008392334,16.549999237060547,4667400
2023-07-28,15.544212341308594,16.600000381469727,16.81999969482422,16.3799991607666,16.559999465942383,5413000
2023-07-31,15.731491088867188,16.799999237060547,16.889999389648438,16.489999771118164,16.649999618530273,4218600
2023-08-01,15.759584426879885,16.829999923706055,16.860000610351562,16.59000015258789,16.700000762939453,3689100
2023-08-02,15.319477081298828,16.360000610351562,16.559999465942383,16.200000762939453,16.549999237060547,4016200
2023-08-03,15.591031074523926,16.649999618530273,16.700000762939453,16.200000762939453,16.309999465942383,5351800
2023-08-04,15.591031074523926,16.649999618530273,17.139999389648438,16.600000381469727,16.739999771118164,4004600
2023-08-07,15.90004539489746,16.979999542236328,17.1200008392334,16.729999542236328,16.729999542236328,2242700
2023-08-08,15.684673309326172,16.75,16.81999969482422,16.440000534057617,16.639999389648438,3923900
2023-08-09,15.64721393585205,16.709999084472656,16.8700008392334,16.579999923706055,16.68000030517578,3265500
2023-08-10,15.381848335266112,16.229999542236328,16.809999465942383,16.200000762939453,16.760000228881836,4469900
2023-08-11,15.533487319946287,16.389999389648438,16.43000030517578,16.139999389648438,16.18000030517578,2312500
2023-08-14,15.35341739654541,16.200000762939453,16.299999237060547,16.100000381469727,16.239999771118164,3401400
2023-08-15,14.765816688537598,15.579999923706056,16.0,15.520000457763672,15.979999542236328,3869700
2023-08-16,14.519402503967283,15.31999969482422,15.619999885559082,15.31999969482422,15.479999542236328,2316200
2023-08-17,14.585745811462402,15.390000343322754,15.43000030517578,15.25,15.3100004196167,3017100
2023-08-18,14.443584442138672,15.239999771118164,15.40999984741211,15.15999984741211,15.15999984741211,2333500
2023-08-21,14.206649780273438,14.989999771118164,15.289999961853027,14.880000114440918,15.289999961853027,2480300
2023-08-22,14.168739318847656,14.949999809265137,15.149999618530272,14.84000015258789,15.0600004196167,3180400
2023-08-23,14.528882026672363,15.329999923706056,15.34000015258789,14.890000343322754,14.979999542236328,2229000
2023-08-24,14.339333534240724,15.130000114440918,15.550000190734863,15.109999656677246,15.31999969482422,3141600
2023-08-25,14.396197319030762,15.1899995803833,15.289999961853027,14.949999809265137,15.199999809265137,2208800
2023-08-28,14.585745811462402,15.390000343322754,15.460000038146973,15.300000190734863,15.350000381469728,1913200
2023-08-29,14.898500442504885,15.720000267028809,15.75,15.31999969482422,15.399999618530272,2854700
2023-08-30,14.907978057861328,15.729999542236328,15.90999984741211,15.670000076293944,15.75,2544700
2023-08-31,15.088047981262209,15.920000076293944,15.960000038146973,15.720000267028809,15.800000190734863,5407600
2023-09-01,15.192300796508787,16.030000686645508,16.1200008392334,15.9399995803833,16.079999923706055,2267300
2023-09-05,14.870067596435549,15.6899995803833,15.979999542236328,15.670000076293944,15.970000267028809,2401700
2023-09-06,14.737384796142578,15.550000190734863,15.75,15.420000076293944,15.600000381469728,2226700
2023-09-07,14.538358688354492,15.34000015258789,15.4399995803833,14.970000267028809,15.399999618530272,6307000
2023-09-08,14.64260959625244,15.449999809265137,15.520000457763672,15.25,15.34000015258789,3242800
2023-09-11,14.60469913482666,15.40999984741211,15.770000457763672,15.380000114440918,15.68000030517578,2501900
2023-09-12,14.746862411499023,15.5600004196167,15.699999809265137,15.31999969482422,15.369999885559082,7042000
2023-09-13,14.509926795959473,15.3100004196167,15.65999984741211,15.09000015258789,15.65999984741211,6677100
2023-09-14,14.699475288391112,15.510000228881836,15.59000015258789,15.31999969482422,15.399999618530272,3890000
2023-09-15,14.756339073181152,15.56999969482422,15.800000190734863,15.369999885559082,15.380000114440918,7412500
2023-09-18,14.434106826782228,15.229999542236328,15.550000190734863,15.170000076293944,15.550000190734863,3690700
2023-09-19,14.481493949890137,15.279999732971191,15.460000038146973,15.15999984741211,15.300000190734863,3500600
2023-09-20,14.263513565063477,15.050000190734863,15.520000457763672,15.020000457763672,15.329999923706056,3082300
2023-09-21,13.86546230316162,14.630000114440918,14.90999984741211,14.56999969482422,14.880000114440918,5116100
2023-09-22,13.732778549194336,14.489999771118164,14.670000076293944,14.380000114440918,14.640000343322754,4396600
2023-09-25,13.60957145690918,14.359999656677246,14.539999961853027,14.119999885559082,14.260000228881836,4524300
2023-09-26,13.353681564331056,14.09000015258789,14.350000381469728,14.050000190734863,14.18000030517578,4545400
2023-09-27,13.353681564331056,14.09000015258789,14.270000457763672,13.960000038146973,14.140000343322754,4257800
2023-09-28,13.713823318481444,14.470000267028809,14.479999542236328,14.050000190734863,14.0600004196167,4414300
2023-09-29,13.761211395263672,14.520000457763672,14.829999923706056,14.460000038146973,14.600000381469728,4140200
2023-10-02,13.46741008758545,14.210000038146973,14.479999542236328,14.1899995803833,14.449999809265137,4769200
2023-10-03,12.889287948608398,13.600000381469728,14.130000114440918,13.550000190734863,14.050000190734863,4531000
2023-10-04,12.946152687072754,13.65999984741211,13.75,13.43000030517578,13.59000015258789,3845700
2023-10-05,12.936675071716309,13.649999618530272,13.670000076293944,13.380000114440918,13.550000190734863,3477900
2023-10-06,12.85137939453125,13.5600004196167,13.68000030517578,13.260000228881836,13.479999542236328,3567800
2023-10-09,12.917720794677734,13.630000114440918,13.720000267028809,13.359999656677246,13.420000076293944,3297400
2023-10-10,13.154656410217283,13.880000114440918,13.960000038146973,13.699999809265137,13.699999809265137,3267400
2023-10-11,13.088313102722168,13.8100004196167,14.050000190734863,13.579999923706056,13.800000190734863,5402000
2023-10-12,12.623920440673828,13.31999969482422,13.779999732971191,13.260000228881836,13.770000457763672,4237400
2023-10-13,12.481759071350098,13.170000076293944,13.470000267028809,13.100000381469728,13.34000015258789,4469900
2023-10-16,12.64287567138672,13.34000015258789,13.56999969482422,13.199999809265137,13.289999961853027,4777200
2023-10-17,12.737648963928224,13.4399995803833,13.5600004196167,13.199999809265137,13.199999809265137,3734400
2023-10-18,12.368030548095703,13.050000190734863,13.25,12.989999771118164,13.25,4618800
2023-10-19,12.131094932556152,12.800000190734863,13.100000381469728,12.720000267028809,12.970000267028809,6717000
2023-10-20,12.036320686340332,12.699999809265137,12.890000343322754,12.649999618530272,12.81999969482422,6019000
2023-10-23,11.865727424621582,12.520000457763672,12.699999809265137,12.489999771118164,12.56999969482422,8134000
2023-10-24,12.349075317382812,13.029999732971191,13.270000457763672,12.770000457763672,12.9399995803833,9229600
2023-10-25,11.932068824768066,12.59000015258789,12.949999809265137,12.479999542236328,12.880000114440918,6090900
2023-10-26,12.225869178771973,12.899999618530272,13.130000114440918,12.609999656677246,12.619999885559082,8022100
2023-10-27,12.093184471130373,12.760000228881836,12.989999771118164,12.720000267028809,12.979999542236328,5449600
2023-10-30,12.273255348205566,12.949999809265137,13.079999923706056,12.68000030517578,12.949999809265137,4439600
2023-10-31,12.292210578918455,12.970000267028809,13.029999732971191,12.729999542236328,13.0,4461800
2023-11-01,12.38698387145996,13.06999969482422,13.170000076293944,12.800000190734863,12.989999771118164,4924600
2023-11-02,12.83242416381836,13.539999961853027,13.59000015258789,13.239999771118164,13.34000015258789,4270000
2023-11-03,13.154656410217283,13.880000114440918,14.130000114440918,13.850000381469728,13.90999984741211,3865000
2023-11-06,12.794514656066896,13.5,13.9399995803833,13.350000381469728,13.899999618530272,3458800
2023-11-07,12.604966163635254,13.300000190734863,13.520000457763672,13.289999961853027,13.4399995803833,2942000
2023-11-08,12.586009979248049,13.279999732971191,13.43000030517578,13.220000267028809,13.289999961853027,4688700
2023-11-09,12.297340393066406,12.779999732971191,13.289999961853027,12.770000457763672,13.199999809265137,4544700
2023-11-10,12.586009979248049,13.079999923706056,13.130000114440918,12.68000030517578,12.920000076293944,4233400
2023-11-13,12.470542907714844,12.960000038146973,13.039999961853027,12.829999923706056,12.970000267028809,3830000
2023-11-14,13.182594299316406,13.699999809265137,13.850000381469728,13.399999618530272,13.420000076293944,4838100
2023-11-15,13.221083641052246,13.739999771118164,13.960000038146973,13.600000381469728,13.630000114440918,6147800
2023-11-16,13.192217826843262,13.710000038146973,13.829999923706056,13.619999885559082,13.670000076293944,4279500
2023-11-17,13.317307472229004,13.84000015258789,13.93000030517578,13.770000457763672,13.880000114440918,3551200
2023-11-20,13.432775497436523,13.960000038146973,13.979999542236328,13.630000114440918,13.829999923706056,3816400
2023-11-21,13.230707168579102,13.75,13.90999984741211,13.59000015258789,13.84000015258789,4676100
2023-11-22,13.326930046081545,13.850000381469728,13.90999984741211,13.699999809265137,13.880000114440918,3171400
2023-11-24,13.288440704345703,13.8100004196167,13.829999923706056,13.670000076293944,13.770000457763672,1820900
2023-11-27,13.249951362609863,13.770000457763672,13.770000457763672,13.550000190734863,13.710000038146973,4308200
2023-11-28,13.249951362609863,13.770000457763672,13.850000381469728,13.529999732971191,13.729999542236328,12294500
2023-11-29,13.740689277648926,14.279999732971191,14.449999809265137,13.850000381469728,13.850000381469728,8324000
2023-11-30,13.73106861114502,14.270000457763672,14.520000457763672,14.229999542236328,14.399999618530272,36096700
2023-12-01,14.298786163330078,14.859999656677246,14.859999656677246,14.140000343322754,14.300000190734863,6636200
2023-12-04,14.46236515045166,15.029999732971191,15.06999969482422,14.710000038146973,14.729999542236328,6847100
2023-12-05,14.43349838256836,15.0,15.06999969482422,14.670000076293944,14.93000030517578,6790400
2023-12-06,14.43349838256836,15.0,15.239999771118164,14.93000030517578,15.100000381469728,4003500
2023-12-07,14.558589935302734,15.130000114440918,15.170000076293944,14.8100004196167,15.0600004196167,7076400
2023-12-08,14.635567665100098,15.210000038146973,15.270000457763672,15.0600004196167,15.170000076293944,7126400
2023-12-11,14.664434432983398,15.239999771118164,15.31999969482422,15.100000381469728,15.130000114440918,4935700
2023-12-12,14.933859825134276,15.520000457763672,15.539999961853027,15.220000267028809,15.270000457763672,6578900
2023-12-13,15.722890853881836,16.34000015258789,16.3799991607666,15.420000076293944,15.520000457763672,7671900
2023-12-14,16.916059494018555,17.579999923706055,17.709999084472656,16.780000686645508,16.799999237060547,11535800
2023-12-15,16.87757110595703,17.540000915527344,17.68000030517578,17.299999237060547,17.510000228881836,11243000
2023-12-18,16.685123443603516,17.34000015258789,17.68000030517578,17.309999465942383,17.600000381469727,3644500
2023-12-19,16.935304641723633,17.600000381469727,17.770000457763672,17.34000015258789,17.420000076293945,3928100
2023-12-20,16.4349422454834,17.079999923706055,17.610000610351562,17.079999923706055,17.489999771118164,4517400
2023-12-21,16.819835662841797,17.479999542236328,17.489999771118164,17.139999389648438,17.200000762939453,3895800
2023-12-22,17.03152847290039,17.700000762939453,17.81999969482422,17.520000457763672,17.600000381469727,3356700
2023-12-26,17.281707763671875,17.959999084472656,18.010000228881836,17.65999984741211,17.719999313354492,2909500
2023-12-27,17.358688354492188,18.040000915527344,18.100000381469727,17.899999618530273,18.010000228881836,2772700
2023-12-28,17.38755226135254,18.06999969482422,18.170000076293945,17.90999984741211,17.950000762939453,2129500
2023-12-29,17.16623878479004,17.84000015258789,18.09000015258789,17.790000915527344,17.940000534057617,2261300
2024-01-02,17.079639434814453,17.75,17.860000610351562,17.520000457763672,17.709999084472656,4070900
2024-01-03,16.617767333984375,17.270000457763672,17.520000457763672,17.139999389648438,17.5,4199000
2024-01-04,16.839080810546875,17.5,17.6299991607666,17.25,17.360000610351562,4227700
2024-01-05,17.223974227905273,17.899999618530273,18.020000457763672,17.329999923706055,17.389999389648438,6173500
2024-01-08,17.531888961791992,18.21999931335449,18.280000686645508,17.790000915527344,17.860000610351562,4504400
2024-01-09,17.089262008666992,17.760000228881836,18.1200008392334,17.719999313354492,17.969999313354492,4260200
2024-01-10,17.18548583984375,17.860000610351562,17.8700008392334,17.639999389648438,17.760000228881836,4899300
2024-01-11,16.973793029785156,17.639999389648438,18.1299991607666,17.489999771118164,17.860000610351562,4955600
2024-01-12,16.627389907836914,17.280000686645508,17.8700008392334,17.270000457763672,17.829999923706055,4758600
2024-01-16,16.29060935974121,16.93000030517578,17.110000610351562,16.81999969482422,17.030000686645508,8378700
2024-01-17,16.021183013916016,16.649999618530273,16.770000457763672,16.510000228881836,16.540000915527344,4196100
2024-01-18,15.924959182739258,16.549999237060547,16.770000457763672,16.329999923706055,16.770000457763672,3933000
2024-01-19,16.444564819335938,17.09000015258789,17.110000610351562,16.479999542236328,16.670000076293945,4924600
2024-01-22,16.733234405517578,17.389999389648438,17.520000457763672,17.200000762939453,17.209999084472656,7378600
2024-01-23,15.347620010375977,15.949999809265137,16.649999618530273,15.9399995803833,16.649999618530273,10966700
2024-01-24,15.222529411315918,15.81999969482422,16.360000610351562,15.779999732971191,16.1299991607666,5819400
2024-01-25,15.588178634643556,16.200000762939453,16.309999465942383,16.040000915527344,16.059999465942383,4322200
2024-01-26,15.597801208496094,16.209999084472656,16.389999389648438,16.18000030517578,16.270000457763672,2933900
2024-01-29,15.790246963500977,16.40999984741211,16.440000534057617,16.079999923706055,16.190000534057617,3815100
2024-01-30,15.655535697937012,16.270000457763672,16.329999923706055,16.15999984741211,16.290000915527344,3023800
2024-01-31,15.232152938842772,15.829999923706056,16.360000610351562,15.800000190734863,15.829999923706056,6301900
2024-02-01,15.472710609436035,16.079999923706055,16.15999984741211,15.510000228881836,15.93000030517578,7552000
2024-02-02,15.232152938842772,15.829999923706056,16.020000457763672,15.6899995803833,15.84000015258789,5836800
2024-02-05,15.087817192077637,15.68000030517578,15.699999809265137,15.34000015258789,15.619999885559082,6157800
2024-02-06,15.280264854431152,15.880000114440918,15.970000267028809,15.579999923706056,15.609999656677246,5308400
2024-02-07,15.318754196166992,15.920000076293944,16.010000228881836,15.470000267028809,15.9399995803833,4842400
2024-02-08,15.309130668640137,15.90999984741211,16.040000915527344,15.710000038146973,15.920000076293944,3192900
2024-02-09,15.299509048461914,15.899999618530272,15.949999809265137,15.68000030517578,15.949999809265137,5383900
2024-02-12,15.75175952911377,16.3700008392334,16.520000457763672,15.9399995803833,15.9399995803833,3784500
2024-02-13,14.664434432983398,15.239999771118164,15.789999961853027,14.90999984741211,15.779999732971191,8100700
2024-02-14,14.876126289367676,15.460000038146973,15.550000190734863,15.3100004196167,15.399999618530272,4021900
2024-02-15,15.295308113098145,15.6899995803833,15.729999542236328,15.40999984741211,15.43000030517578,4502500
2024-02-16,15.051596641540527,15.4399995803833,15.65999984741211,15.399999618530272,15.539999961853027,4428500
2024-02-20,15.139333724975586,15.529999732971191,15.619999885559082,15.149999618530272,15.220000267028809,5221000
2024-02-21,15.18807601928711,15.579999923706056,15.609999656677246,15.380000114440918,15.470000267028809,3212900
2024-02-22,15.227069854736328,15.619999885559082,15.720000267028809,15.5,15.699999809265137,3628500
2024-02-23,14.954113006591797,15.34000015258789,15.68000030517578,15.31999969482422,15.65999984741211,6088800
2024-02-26,14.710402488708496,15.09000015258789,15.479999542236328,15.039999961853027,15.279999732971191,5960900
2024-02-27,15.012602806091309,15.399999618530272,15.399999618530272,15.039999961853027,15.239999771118164,3753000
2024-02-28,14.905370712280272,15.289999961853027,15.489999771118164,15.1899995803833,15.279999732971191,2912200
2024-02-29,15.02235221862793,15.40999984741211,15.65999984741211,15.260000228881836,15.579999923706056,7583800
2024-03-01,15.139333724975586,15.529999732971191,15.550000190734863,15.100000381469728,15.380000114440918,3004100
2024-03-04,15.236818313598633,15.630000114440918,15.890000343322754,15.5,15.510000228881836,3268800
2024-03-05,15.285560607910156,15.68000030517578,15.770000457763672,15.449999809265137,15.489999771118164,3352000
2024-03-06,15.344050407409668,15.739999771118164,15.890000343322754,15.5600004196167,15.850000381469728,3091700
2024-03-07,15.26606273651123,15.65999984741211,16.0,15.609999656677246,15.93000030517578,4376200
2024-03-08,15.480528831481934,15.880000114440918,15.979999542236328,15.800000190734863,15.84000015258789,4784700
2024-03-11,15.402541160583496,15.800000190734863,15.920000076293944,15.609999656677246,15.729999542236328,3123900
2024-03-12,15.18807601928711,15.579999923706056,15.93000030517578,15.350000381469728,15.829999923706056,5571200
2024-03-13,15.344050407409668,15.739999771118164,15.869999885559082,15.550000190734863,15.640000343322754,4608100
2024-03-14,15.00285530090332,15.390000343322754,15.6899995803833,15.239999771118164,15.59000015258789,4453000
2024-03-15,15.041850090026855,15.43000030517578,15.579999923706056,15.1899995803833,15.1899995803833,5834800
2024-03-18,14.88587474822998,15.270000457763672,15.40999984741211,15.210000038146973,15.40999984741211,2440500
2024-03-19,15.02235221862793,15.40999984741211,15.449999809265137,15.199999809265137,15.199999809265137,4529200
2024-03-20,15.43178653717041,15.829999923706056,15.949999809265137,15.3100004196167,15.34000015258789,3635700
2024-03-21,15.59751033782959,16.0,16.260000228881836,15.960000038146973,16.0,3988400
2024-03-22,15.31480598449707,15.710000038146973,16.06999969482422,15.699999809265137,16.020000457763672,2957900
2024-03-25,15.59751033782959,16.0,16.18000030517578,15.720000267028809,15.789999961853027,4473400
2024-03-26,15.646251678466797,16.049999237060547,16.209999084472656,16.020000457763672,16.1200008392334,3667600
2024-03-27,16.036191940307617,16.450000762939453,16.459999084472656,16.170000076293945,16.229999542236328,3385200
2024-03-28,16.17266845703125,16.59000015258789,16.770000457763672,16.479999542236328,16.5,4757300
2024-04-01,16.075183868408203,16.489999771118164,16.559999465942383,16.350000381469727,16.540000915527344,3425400
2024-04-02,16.055686950683594,16.469999313354492,16.5,16.110000610351562,16.350000381469727,4246400
2024-04-03,16.260406494140625,16.68000030517578,16.770000457763672,16.399999618530273,16.43000030517578,4758400
2024-04-04,16.114177703857422,16.530000686645508,17.1200008392334,16.520000457763672,16.93000030517578,6240900
2024-04-05,16.231159210205078,16.649999618530273,16.770000457763672,16.25,16.450000762939453,5494200
2024-04-08,16.494367599487305,16.920000076293945,16.93000030517578,16.65999984741211,16.75,3895700
2024-04-09,16.513864517211914,16.940000534057617,17.049999237060547,16.670000076293945,17.040000915527344,2976900
2024-04-10,15.470780372619627,15.869999885559082,16.450000762939453,15.6899995803833,16.450000762939453,6344700
2024-04-11,15.31480598449707,15.710000038146973,15.970000267028809,15.649999618530272,15.90999984741211,3427200
2024-04-12,14.954113006591797,15.34000015258789,15.760000228881836,15.260000228881836,15.609999656677246,3484000
2024-04-15,14.807886123657228,15.1899995803833,15.630000114440918,15.06999969482422,15.5,2888900
2024-04-16,14.807886123657228,15.1899995803833,15.229999542236328,14.949999809265137,15.100000381469728,3451900
2024-04-17,14.85662841796875,15.239999771118164,15.470000267028809,15.229999542236328,15.359999656677246,2881600
2024-04-18,14.88587474822998,15.270000457763672,15.43000030517578,15.199999809265137,15.34000015258789,2885500
2024-04-19,14.983358383178713,15.369999885559082,15.489999771118164,15.279999732971191,15.289999961853027,3017700
2024-04-22,15.18807601928711,15.579999923706056,15.649999618530272,15.300000190734863,15.470000267028809,6745400
2024-04-23,14.213231086730955,14.579999923706056,15.0,14.5600004196167,14.640000343322754,11329200
2024-04-24,14.154741287231444,14.520000457763672,14.5600004196167,14.220000267028809,14.369999885559082,8464600
2024-04-25,14.144991874694824,14.510000228881836,14.59000015258789,14.210000038146973,14.329999923706056,3682400
2024-04-26,14.3009672164917,14.670000076293944,14.75,14.420000076293944,14.520000457763672,5254300
2024-04-29,14.0962495803833,14.460000038146973,14.760000228881836,14.300000190734863,14.720000267028809,6068800
2024-04-30,13.81354522705078,14.170000076293944,14.5,14.15999984741211,14.25,6136200
2024-05-01,13.97926902770996,14.34000015258789,14.609999656677246,14.18000030517578,14.199999809265137,4116300
2024-05-02,14.164488792419434,14.529999732971191,14.609999656677246,14.3100004196167,14.510000228881836,3158200
2024-05-03,14.46669101715088,14.84000015258789,15.119999885559082,14.779999732971191,14.829999923706056,5526800
2024-05-06,14.573923110961914,14.949999809265137,15.119999885559082,14.84000015258789,14.970000267028809,4611500
2024-05-07,14.505684852600098,14.880000114440918,15.050000190734863,14.869999885559082,14.989999771118164,2896100
2024-05-08,14.61291790008545,14.989999771118164,15.020000457763672,14.670000076293944,14.720000267028809,2708100
2024-05-09,14.827383041381836,15.210000038146973,15.270000457763672,14.9399995803833,14.960000038146973,3431300
2024-05-10,15.197823524475098,15.59000015258789,15.600000381469728,15.220000267028809,15.300000190734863,7083100
2024-05-13,15.597896575927734,15.789999961853027,15.869999885559082,15.479999542236328,15.489999771118164,6411500
2024-05-14,15.81521987915039,16.010000228881836,16.239999771118164,15.84000015258789,16.0,7406500
2024-05-15,16.111570358276367,16.309999465942383,16.420000076293945,16.170000076293945,16.270000457763672,7343800
2024-05-16,15.894247055053713,16.09000015258789,16.299999237060547,15.970000267028809,16.25,4267900
2024-05-17,15.805341720581056,16.0,16.170000076293945,15.869999885559082,16.06999969482422,3518400
2024-05-20,15.825098991394045,16.020000457763672,16.149999618530273,15.9399995803833,15.989999771118164,3135900
2024-05-21,15.765828132629396,15.960000038146973,16.110000610351562,15.93000030517578,16.0,1965600
2024-05-22,15.597896575927734,15.789999961853027,15.93000030517578,15.640000343322754,15.93000030517578,3729600
2024-05-23,15.27191162109375,15.460000038146973,15.770000457763672,15.369999885559082,15.770000457763672,3033700
2024-05-24,15.43984317779541,15.630000114440918,15.699999809265137,15.539999961853027,15.609999656677246,1722300
2024-05-28,15.262032508850098,15.449999809265137,15.710000038146973,15.350000381469728,15.649999618530272,2331400
2024-05-29,14.955804824829102,15.140000343322754,15.25,15.0600004196167,15.15999984741211,2262100
2024-05-30,15.173128128051758,15.359999656677246,15.399999618530272,15.170000076293944,15.289999961853027,2900100
2024-05-31,15.51887035369873,15.710000038146973,15.760000228881836,15.380000114440918,15.4399995803833,7314800
2024-06-03,15.459599494934082,15.649999618530272,15.829999923706056,15.479999542236328,15.8100004196167,2687100
2024-06-04,15.281789779663086,15.470000267028809,15.729999542236328,15.420000076293944,15.43000030517578,3046200
2024-06-05,15.31142520904541,15.5,15.550000190734863,15.279999732971191,15.520000457763672,3165700
2024-06-06,15.074344635009766,15.260000228881836,15.510000228881836,15.199999809265137,15.460000038146973,4252100
2024-06-07,14.847142219543455,15.029999732971191,15.220000267028809,14.989999771118164,15.010000228881836,3078900
2024-06-10,15.00519561767578,15.1899995803833,15.270000457763672,14.84000015258789,14.899999618530272,5115600
2024-06-11,14.79775047302246,14.979999542236328,15.039999961853027,14.829999923706056,15.020000457763672,3656700
2024-06-12,15.00519561767578,15.1899995803833,15.979999542236328,15.100000381469728,15.59000015258789,7611800
2024-06-13,14.649576187133787,14.829999923706056,15.130000114440918,14.789999961853027,15.100000381469728,4617100
2024-06-14,14.382861137390137,14.5600004196167,14.720000267028809,14.43000030517578,14.609999656677246,4053600
2024-06-17,14.41249656677246,14.59000015258789,14.640000343322754,14.31999969482422,14.550000190734863,3795700
2024-06-18,14.600184440612791,14.779999732971191,14.789999961853027,14.539999961853027,14.59000015258789,3242000
2024-06-20,14.768115997314451,14.949999809265137,15.079999923706056,14.710000038146973,14.800000190734863,3546200
2024-06-21,14.906413078308104,15.09000015258789,15.109999656677246,14.850000381469728,14.960000038146973,5744900
2024-06-24,15.123736381530762,15.3100004196167,15.4399995803833,15.079999923706056,15.140000343322754,3563200
2024-06-25,14.906413078308104,15.09000015258789,15.260000228881836,14.9399995803833,15.210000038146973,3009600
2024-06-26,14.79775047302246,14.979999542236328,15.050000190734863,14.859999656677246,14.9399995803833,2606700
2024-06-27,14.669333457946776,14.850000381469728,14.970000267028809,14.800000190734863,14.9399995803833,1733100
2024-06-28,14.777994155883787,14.960000038146973,15.09000015258789,14.8100004196167,14.979999542236328,3937800
2024-07-01,14.669333457946776,14.850000381469728,15.079999923706056,14.829999923706056,14.979999542236328,2238400
2024-07-02,14.81750774383545,15.0,15.06999969482422,14.789999961853027,14.850000381469728,2884100
2024-07-03,14.866899490356444,15.050000190734863,15.289999961853027,14.979999542236328,15.109999656677246,1119100
2024-07-05,14.738481521606444,14.920000076293944,15.029999732971191,14.8100004196167,15.010000228881836,3933100
2024-07-08,14.777994155883787,14.960000038146973,15.119999885559082,14.9399995803833,15.050000190734863,2695600
2024-07-09,15.04470920562744,15.229999542236328,15.329999923706056,14.869999885559082,14.93000030517578,4852900
2024-07-10,15.578140258789062,15.770000457763672,15.789999961853027,15.239999771118164,15.279999732971191,4146700
2024-07-11,15.79546356201172,15.989999771118164,16.200000762939453,15.90999984741211,16.0,3864900
2024-07-12,15.83497714996338,16.030000686645508,16.110000610351562,15.869999885559082,16.010000228881836,3572700
2024-07-15,16.02266502380371,16.219999313354492,16.329999923706055,16.040000915527344,16.15999984741211,2807700
2024-07-16,16.27950096130371,16.479999542236328,16.56999969482422,16.110000610351562,16.190000534057617,4814700
2024-07-17,16.249868392944336,16.450000762939453,16.68000030517578,16.3700008392334,16.40999984741211,4162700
2024-07-18,16.091814041137695,16.290000915527344,16.940000534057617,16.149999618530273,16.3799991607666,4157600
2024-07-19,16.012786865234375,16.209999084472656,16.5,16.040000915527344,16.209999084472656,3667000
2024-07-22,16.28938102722168,16.489999771118164,16.520000457763672,16.110000610351562,16.3700008392334,6004000
2024-07-23,16.59560775756836,16.799999237060547,16.93000030517578,16.190000534057617,16.520000457763672,8767100
2024-07-24,16.378284454345703,16.579999923706055,17.09000015258789,16.549999237060547,16.959999084472656,5584500
2024-07-25,16.901838302612305,17.110000610351562,17.3700008392334,16.579999923706055,16.670000076293945,5017200
2024-07-26,17.208065032958984,17.420000076293945,17.420000076293945,17.100000381469727,17.280000686645508,3457900
2024-07-29,16.793174743652344,17.0,17.420000076293945,16.920000076293945,17.350000381469727,3719800
2024-07-30,17.010498046875,17.219999313354492,17.309999465942383,17.010000228881836,17.219999313354492,3141700
2024-07-31,17.050012588500977,17.260000228881836,17.489999771118164,17.190000534057617,17.260000228881836,3968600
2024-08-01,16.615365982055664,16.81999969482422,17.420000076293945,16.670000076293945,17.299999237060547,3636600
2024-08-02,15.51887035369873,15.710000038146973,16.469999313354492,15.579999923706056,16.360000610351562,6142400
2024-08-05,14.78787326812744,14.970000267028809,15.390000343322754,14.760000228881836,15.119999885559082,6317300
2024-08-06,15.341059684753418,15.529999732971191,15.699999809265137,14.880000114440918,14.960000038146973,5174000
2024-08-07,15.143492698669434,15.329999923706056,16.030000686645508,15.260000228881836,15.850000381469728,4049900
2024-08-08,15.548504829406738,15.739999771118164,15.84000015258789,15.489999771118164,15.520000457763672,4395400
2024-08-09,15.96339511871338,16.15999984741211,16.18000030517578,15.59000015258789,15.729999542236328,4189800
2024-08-12,15.785584449768066,15.979999542236328,16.290000915527344,15.789999961853027,16.260000228881836,5430200
2024-08-13,16.05229949951172,16.25,16.360000610351562,16.010000228881836,16.190000534057617,6023700
2024-08-14,16.27950096130371,16.479999542236328,16.530000686645508,16.15999984741211,16.360000610351562,3503900
2024-08-15,16.645000457763672,16.850000381469727,16.93000030517578,16.6299991607666,16.68000030517578,3576400
2024-08-16,16.860000610351562,16.860000610351562,17.030000686645508,16.639999389648438,16.690000534057617,3068400
2024-08-19,16.940000534057617,16.940000534057617,16.979999542236328,16.770000457763672,16.860000610351562,2187100
2024-08-20,16.639999389648438,16.639999389648438,16.940000534057617,16.6200008392334,16.8799991607666,3341200
2024-08-21,16.75,16.75,16.780000686645508,16.450000762939453,16.690000534057617,3418100
2024-08-22,16.729999542236328,16.729999542236328,16.81999969482422,16.530000686645508,16.790000915527344,2536400
2024-08-23,17.200000762939453,17.200000762939453,17.229999542236328,16.850000381469727,16.8700008392334,3311800
2024-08-26,17.18000030517578,17.18000030517578,17.459999084472656,17.149999618530273,17.389999389648438,2268200
2024-08-27,17.030000686645508,17.030000686645508,17.18000030517578,16.940000534057617,17.079999923706055,2652300
2024-08-28,16.969999313354492,16.969999313354492,17.09000015258789,16.860000610351562,16.950000762939453,2196700
2024-08-29,16.90999984741211,16.90999984741211,17.1200008392334,16.850000381469727,17.059999465942383,3099100
2024-08-30,17.09000015258789,17.09000015258789,17.100000381469727,16.700000762939453,17.010000228881836,3313700
2024-09-03,16.520000457763672,16.520000457763672,16.920000076293945,16.43000030517578,16.889999389648438,3874100
2024-09-04,16.3799991607666,16.3799991607666,16.649999618530273,16.270000457763672,16.520000457763672,4124800
2024-09-05,16.3700008392334,16.3700008392334,16.65999984741211,16.219999313354492,16.530000686645508,2836900
2024-09-06,15.739999771118164,15.739999771118164,16.450000762939453,15.699999809265137,16.360000610351562,2866500
2024-09-09,15.93000030517578,15.93000030517578,16.139999389648438,15.869999885559082,15.920000076293944,4026500
2024-09-10,15.869999885559082,15.869999885559082,15.979999542236328,15.609999656677246,15.970000267028809,2262800
2024-09-11,15.800000190734863,15.800000190734863,15.829999923706056,15.329999923706056,15.729999542236328,3302000
2024-09-12,15.859999656677246,15.859999656677246,15.960000038146973,15.43000030517578,15.720000267028809,3847100
2024-09-13,16.010000228881836,16.010000228881836,16.190000534057617,15.920000076293944,15.960000038146973,2127700
2024-09-16,16.25,16.25,16.270000457763672,16.020000457763672,16.1200008392334,2965700
2024-09-17,16.600000381469727,16.600000381469727,16.739999771118164,16.329999923706055,16.3700008392334,3010000
2024-09-18,16.75,16.75,17.110000610351562,16.520000457763672,16.600000381469727,2671400
2024-09-19,17.350000381469727,17.350000381469727,17.3700008392334,16.969999313354492,17.170000076293945,3494900
2024-09-20,17.170000076293945,17.170000076293945,17.309999465942383,17.020000457763672,17.280000686645508,4439200
2024-09-23,17.1299991607666,17.1299991607666,17.34000015258789,17.049999237060547,17.25,2639000
2024-09-24,17.549999237060547,17.549999237060547,17.899999618530273,17.149999618530273,17.190000534057617,6165000
2024-09-25,17.25,17.25,17.56999969482422,17.170000076293945,17.520000457763672,2739500
2024-09-26,17.739999771118164,17.739999771118164,17.899999618530273,17.469999313354492,17.510000228881836,5135900
2024-09-27,17.639999389648438,17.639999389648438,18.059999465942383,17.6299991607666,17.899999618530273,4672300
2024-09-30,17.559999465942383,17.559999465942383,17.690000534057617,17.360000610351562,17.600000381469727,3293400
2024-10-01,17.25,17.25,17.559999465942383,17.18000030517578,17.559999465942383,2774100
2024-10-02,17.780000686645508,17.780000686645508,18.209999084472656,17.25,17.280000686645508,6212800
2024-10-03,17.469999313354492,17.469999313354492,17.68000030517578,17.360000610351562,17.600000381469727,3144000
2024-10-04,17.739999771118164,17.739999771118164,17.969999313354492,17.600000381469727,17.809999465942383,3215300
2024-10-07,17.6200008392334,17.6200008392334,17.700000762939453,17.34000015258789,17.690000534057617,3387900
2024-10-08,17.360000610351562,17.360000610351562,17.670000076293945,17.31999969482422,17.670000076293945,3581500
2024-10-09,17.770000457763672,17.770000457763672,17.81999969482422,17.31999969482422,17.399999618530273,3652300
2024-10-10,17.68000030517578,17.68000030517578,17.780000686645508,17.489999771118164,17.59000015258789,2480200
2024-10-11,17.690000534057617,17.690000534057617,18.0,17.56999969482422,17.899999618530273,3481200
2024-10-14,17.729999542236328,17.729999542236328,17.770000457763672,17.510000228881836,17.610000610351562,5449500
2024-10-15,17.700000762939453,17.700000762939453,18.09000015258789,17.690000534057617,17.8799991607666,4632700
2024-10-16,18.170000076293945,18.170000076293945,18.18000030517578,17.84000015258789,17.8799991607666,2181300
2024-10-17,18.280000686645508,18.280000686645508,18.350000381469727,18.14999961853028,18.270000457763672,3493600
2024-10-18,18.6299991607666,18.6299991607666,18.790000915527344,18.21999931335449,18.3700008392334,4376800
2024-10-21,18.020000457763672,18.020000457763672,18.690000534057617,17.940000534057617,18.489999771118164,6702000
2024-10-22,18.040000915527344,18.040000915527344,18.3700008392334,17.6299991607666,17.84000015258789,7079900
2024-10-23,17.5,17.5,18.0,17.18000030517578,17.979999542236328,5368400
2024-10-24,17.6200008392334,17.6200008392334,17.65999984741211,17.43000030517578,17.610000610351562,2488400
2024-10-25,17.6299991607666,17.6299991607666,17.93000030517578,17.579999923706055,17.780000686645508,2474600
2024-10-28,17.899999618530273,17.899999618530273,18.0,17.770000457763672,17.809999465942383,2246500
2024-10-29,17.93000030517578,17.93000030517578,17.989999771118164,17.709999084472656,17.709999084472656,2593200
2024-10-30,17.809999465942383,17.809999465942383,18.299999237060547,17.780000686645508,17.950000762939453,3364100
2024-10-31,17.34000015258789,17.34000015258789,17.770000457763672,17.299999237060547,17.729999542236328,4313500
2024-11-01,17.780000686645508,17.780000686645508,17.84000015258789,17.43000030517578,17.440000534057617,4350200
2024-11-04,17.469999313354492,17.469999313354492,17.760000228881836,17.270000457763672,17.75,2786800
2024-11-05,17.860000610351562,17.860000610351562,17.889999389648438,17.450000762939453,17.469999313354492,4530900
2024-11-06,18.59000015258789,18.59000015258789,18.940000534057617,18.25,18.81999969482422,6237600
2024-11-07,18.280000686645508,18.280000686645508,18.57999992370605,18.18000030517578,18.489999771118164,2797100
2024-11-08,17.979999542236328,17.979999542236328,18.21999931335449,17.93000030517578,18.200000762939453,2942400
2024-11-11,18.290000915527344,18.290000915527344,18.39999961853028,18.1200008392334,18.14999961853028,2842100
2024-11-12,17.790000915527344,17.790000915527344,18.059999465942383,17.579999923706055,17.950000762939453,4574500
2024-11-13,17.649999618530273,17.649999618530273,18.030000686645508,17.610000610351562,17.90999984741211,3476000
2024-11-14,17.739999771118164,17.739999771118164,17.850000381469727,17.420000076293945,17.559999465942383,3483300
2024-11-15,17.670000076293945,17.670000076293945,17.829999923706055,17.489999771118164,17.760000228881836,2610000
2024-11-18,17.469999313354492,17.469999313354492,17.700000762939453,17.389999389648438,17.6299991607666,5719500
2024-11-19,17.270000457763672,17.270000457763672,17.479999542236328,17.139999389648438,17.270000457763672,3109900
2024-11-20,17.40999984741211,17.40999984741211,17.420000076293945,17.149999618530273,17.190000534057617,3036600
2024-11-21,17.68000030517578,17.68000030517578,17.850000381469727,17.450000762939453,17.549999237060547,2363000
2024-11-22,17.739999771118164,17.739999771118164,17.829999923706055,17.6299991607666,17.65999984741211,2466100
2024-11-25,18.14999961853028,18.14999961853028,18.290000915527344,17.959999084472656,18.0,4412800
2024-11-26,18.14999961853028,18.14999961853028,18.15999984741211,17.8799991607666,18.11000061035156,2756600
2024-11-27,18.040000915527344,18.040000915527344,18.299999237060547,18.0,18.18000030517578,2565400
2024-11-29,18.09000015258789,18.09000015258789,18.290000915527344,18.06999969482422,18.200000762939453,1149800
2024-12-02,18.09000015258789,18.09000015258789,18.190000534057617,17.860000610351562,18.15999984741211,3300300
2024-12-03,17.940000534057617,17.940000534057617,18.26000022888184,17.760000228881836,18.1200008392334,3574300
2024-12-04,18.100000381469727,18.100000381469727,18.14999961853028,17.799999237060547,17.959999084472656,2786800
2024-12-05,17.899999618530273,17.899999618530273,18.190000534057617,17.829999923706055,18.14999961853028,3054200
2024-12-06,17.829999923706055,17.829999923706055,18.030000686645508,17.700000762939453,18.020000457763672,2320800
2024-12-09,18.36000061035156,18.36000061035156,18.690000534057617,17.899999618530273,17.940000534057617,5332400
2024-12-10,18.450000762939453,18.450000762939453,18.770000457763672,18.11000061035156,18.299999237060547,4743300
2024-12-11,18.40999984741211,18.40999984741211,18.729999542236328,18.39999961853028,18.670000076293945,2661900
2024-12-12,18.38999938964844,18.38999938964844,18.559999465942383,18.299999237060547,18.32999992370605,1693000
2024-12-13,18.040000915527344,18.040000915527344,18.440000534057617,18.0,18.440000534057617,2768700
2024-12-16,18.09000015258789,18.09000015258789,18.270000457763672,18.020000457763672,18.040000915527344,2678200
2024-12-17,17.799999237060547,17.799999237060547,17.950000762939453,17.65999984741211,17.850000381469727,2450200
2024-12-18,16.860000610351562,16.860000610351562,17.940000534057617,16.850000381469727,17.860000610351562,3466600
2024-12-19,16.780000686645508,16.780000686645508,17.200000762939453,16.75,17.110000610351562,4804600
2024-12-20,17.329999923706055,17.329999923706055,17.489999771118164,16.639999389648438,16.760000228881836,8594800
2024-12-23,,17.479999542236328,17.520000457763672,17.1299991607666,17.239999771118164,2952000
2024-12-24,,17.75,17.75,17.40999984741211,17.540000915527344,1191600
2024-12-26,,17.8700008392334,17.90999984741211,17.600000381469727,17.610000610351562,1660600
2024-12-27,,17.68000030517578,17.959999084472656,17.540000915527344,17.68000030517578,1863700
2024-12-30,,17.479999542236328,17.610000610351562,17.260000228881836,17.459999084472656,1950200
2024-12-31,,17.479999542236328,17.600000381469727,17.360000610351562,17.579999923706055,1866000
2025-01-02,,17.649999618530273,17.790000915527344,17.459999084472656,17.670000076293945,2327700
