Price,Adj Close,Close,High,Low,Open,Volume
Ticker,DVA,DVA,DVA,DVA,DVA,DVA
Date,,,,,,
2007-08-01,26.38999938964844,26.38999938964844,26.600000381469727,26.165000915527344,26.309999465942383,1805800
2007-08-02,26.584999084472656,26.584999084472656,26.75,26.299999237060547,26.44499969482422,1404400
2007-08-03,27.975000381469727,27.975000381469727,28.950000762939453,27.75,27.924999237060547,8252600
2007-08-06,28.809999465942383,28.809999465942383,28.989999771118164,28.32999992370605,28.40999984741211,3759200
2007-08-07,28.81999969482422,28.81999969482422,29.125,28.28499984741211,28.5,2346600
2007-08-08,28.3700008392334,28.3700008392334,29.11000061035156,27.84499931335449,29.020000457763672,2517800
2007-08-09,28.475000381469727,28.475000381469727,28.55500030517578,27.354999542236328,28.21999931335449,2337400
2007-08-10,28.165000915527344,28.165000915527344,28.55500030517578,27.459999084472656,28.48500061035156,2597200
2007-08-13,27.920000076293945,27.920000076293945,28.415000915527344,27.905000686645508,28.415000915527344,1082000
2007-08-14,27.75,27.75,28.145000457763672,27.600000381469727,27.950000762939453,1204800
2007-08-15,27.114999771118164,27.114999771118164,27.895000457763672,27.09000015258789,27.725000381469727,1358600
2007-08-16,26.88999938964844,26.88999938964844,27.190000534057617,26.64999961853028,26.84499931335449,1487200
2007-08-17,27.114999771118164,27.114999771118164,27.625,26.684999465942383,27.170000076293945,2006800
2007-08-20,27.26499938964844,27.26499938964844,27.559999465942383,27.1200008392334,27.25,895600
2007-08-21,27.475000381469727,27.475000381469727,27.575000762939453,27.1299991607666,27.27499961853028,1091800
2007-08-22,27.63500022888184,27.63500022888184,27.690000534057617,27.27499961853028,27.53499984741211,603200
2007-08-23,27.7450008392334,27.7450008392334,27.96500015258789,27.64999961853028,27.77499961853028,845600
2007-08-24,28.030000686645508,28.030000686645508,28.075000762939453,27.700000762939453,27.71500015258789,643600
2007-08-27,27.959999084472656,27.959999084472656,28.20499992370605,27.854999542236328,28.0,718600
2007-08-28,28.114999771118164,28.114999771118164,28.424999237060547,27.934999465942383,28.0,1181800
2007-08-29,28.174999237060547,28.174999237060547,28.295000076293945,27.88999938964844,28.100000381469727,890000
2007-08-30,28.614999771118164,28.614999771118164,28.71500015258789,28.0,28.104999542236328,1180200
2007-08-31,28.76000022888184,28.76000022888184,28.905000686645508,28.674999237060547,28.834999084472656,1149800
2007-09-04,29.46500015258789,29.46500015258789,29.604999542236328,29.11000061035156,29.39999961853028,2237200
2007-09-05,29.4950008392334,29.4950008392334,29.545000076293945,29.23500061035156,29.23500061035156,1385200
2007-09-06,29.43000030517578,29.43000030517578,29.7450008392334,29.295000076293945,29.405000686645508,1523200
2007-09-07,29.229999542236328,29.229999542236328,29.459999084472656,28.98500061035156,29.38500022888184,1574600
2007-09-10,28.834999084472656,28.834999084472656,29.184999465942383,28.75,29.184999465942383,1966000
2007-09-11,30.075000762939453,30.075000762939453,30.075000762939453,28.915000915527344,29.14999961853028,2477000
2007-09-12,31.075000762939453,31.075000762939453,31.200000762939453,30.13500022888184,30.170000076293945,4262400
2007-09-13,31.0,31.0,31.5,30.850000381469727,31.100000381469727,1575200
2007-09-14,31.030000686645508,31.030000686645508,31.06999969482422,30.834999084472656,30.875,720400
2007-09-17,30.88500022888184,30.88500022888184,31.0,30.549999237060547,30.850000381469727,1271800
2007-09-18,30.77499961853028,30.77499961853028,31.290000915527344,30.625,31.030000686645508,1430400
2007-09-19,30.334999084472656,30.334999084472656,30.924999237060547,30.165000915527344,30.924999237060547,1055600
2007-09-20,30.26499938964844,30.26499938964844,30.565000534057617,30.200000762939453,30.434999465942383,549000
2007-09-21,30.80500030517578,30.80500030517578,30.825000762939453,30.325000762939453,30.325000762939453,753600
2007-09-24,30.364999771118164,30.364999771118164,30.75,30.295000076293945,30.674999237060547,823600
2007-09-25,30.76000022888184,30.76000022888184,30.795000076293945,30.125,30.299999237060547,823800
2007-09-26,30.809999465942383,30.809999465942383,31.21999931335449,30.7450008392334,30.84000015258789,1130600
2007-09-27,30.75,30.75,31.0049991607666,30.70499992370605,30.815000534057617,750000
2007-09-28,31.59000015258789,31.59000015258789,31.61000061035156,30.56999969482422,30.75,1982400
2007-10-01,31.71999931335449,31.71999931335449,31.71999931335449,31.270000457763672,31.46999931335449,1237400
2007-10-02,31.93000030517578,31.93000030517578,31.93000030517578,31.520000457763672,31.799999237060547,821800
2007-10-03,31.96999931335449,31.96999931335449,32.244998931884766,31.825000762939453,32.244998931884766,1014600
2007-10-04,31.690000534057617,31.690000534057617,32.095001220703125,31.604999542236328,31.854999542236328,967600
2007-10-05,32.130001068115234,32.130001068115234,32.185001373291016,31.69499969482422,31.854999542236328,852600
2007-10-08,32.3650016784668,32.3650016784668,32.47999954223633,32.07500076293945,32.244998931884766,766400
2007-10-09,32.45000076293945,32.45000076293945,32.540000915527344,32.20000076293945,32.474998474121094,1470800
2007-10-10,32.779998779296875,32.779998779296875,32.96500015258789,32.5,32.54999923706055,1135000
2007-10-11,32.2400016784668,32.2400016784668,32.779998779296875,32.06999969482422,32.779998779296875,756600
2007-10-12,32.0099983215332,32.0099983215332,32.150001525878906,31.84499931335449,32.11000061035156,605800
2007-10-15,32.494998931884766,32.494998931884766,32.56999969482422,32.025001525878906,32.025001525878906,807200
2007-10-16,32.58000183105469,32.58000183105469,32.70500183105469,32.494998931884766,32.5,782600
2007-10-17,33.119998931884766,33.119998931884766,33.20000076293945,32.625,32.95000076293945,990600
2007-10-18,33.26499938964844,33.26499938964844,33.720001220703125,33.06999969482422,33.18000030517578,1186000
2007-10-19,32.904998779296875,32.904998779296875,33.244998931884766,32.599998474121094,32.9900016784668,1584600
2007-10-22,32.625,32.625,32.849998474121094,32.209999084472656,32.67499923706055,891000
2007-10-23,32.974998474121094,32.974998474121094,33.06999969482422,32.494998931884766,32.5,700800
2007-10-24,32.77000045776367,32.77000045776367,33.25,32.39500045776367,32.959999084472656,1456600
2007-10-25,33.05500030517578,33.05500030517578,33.1150016784668,32.650001525878906,32.650001525878906,612000
2007-10-26,32.084999084472656,32.084999084472656,33.099998474121094,32.005001068115234,33.095001220703125,1556600
2007-10-29,32.10499954223633,32.10499954223633,32.33000183105469,31.790000915527344,32.154998779296875,1170600
2007-10-30,31.89999961853028,31.89999961853028,32.064998626708984,31.76499938964844,32.064998626708984,754400
2007-10-31,32.595001220703125,32.595001220703125,32.595001220703125,31.8799991607666,32.04499816894531,1021000
2007-11-01,32.724998474121094,32.724998474121094,32.95000076293945,32.255001068115234,32.59000015258789,1185800
2007-11-02,29.75,29.75,31.225000381469727,29.06999969482422,30.0049991607666,9001000
2007-11-05,29.125,29.125,29.725000381469727,28.8799991607666,29.20499992370605,2835000
2007-11-06,29.96500015258789,29.96500015258789,30.020000457763672,28.59499931335449,29.0049991607666,2401000
2007-11-07,29.55500030517578,29.55500030517578,30.315000534057617,29.1299991607666,29.395000457763672,1774400
2007-11-08,30.049999237060547,30.049999237060547,30.420000076293945,29.350000381469727,29.424999237060547,2339000
2007-11-09,29.924999237060547,29.924999237060547,30.15999984741211,29.48500061035156,30.15999984741211,1391000
2007-11-12,29.545000076293945,29.545000076293945,30.075000762939453,29.475000381469727,29.780000686645508,1638400
2007-11-13,29.520000457763672,29.520000457763672,30.040000915527344,29.05500030517578,30.040000915527344,1903400
2007-11-14,29.65999984741211,29.65999984741211,29.940000534057617,29.39999961853028,29.940000534057617,1704800
2007-11-15,29.15999984741211,29.15999984741211,29.809999465942383,28.959999084472656,29.63500022888184,1266400
2007-11-16,29.770000457763672,29.770000457763672,29.89999961853028,29.229999542236328,29.434999465942383,1292600
2007-11-19,29.0,29.0,29.95499992370605,28.86000061035156,29.95499992370605,3146000
2007-11-20,29.0049991607666,29.0049991607666,29.3799991607666,28.55500030517578,28.55500030517578,3734600
2007-11-21,28.875,28.875,29.20499992370605,28.655000686645508,28.684999465942383,1108800
2007-11-23,29.155000686645508,29.155000686645508,29.229999542236328,28.950000762939453,28.95499992370605,374600
2007-11-26,29.854999542236328,29.854999542236328,29.950000762939453,29.040000915527344,29.040000915527344,2153400
2007-11-27,29.700000762939453,29.700000762939453,30.0,29.604999542236328,29.854999542236328,1982400
2007-11-28,30.28499984741211,30.28499984741211,30.36000061035156,29.674999237060547,29.674999237060547,1890800
2007-11-29,31.0,31.0,31.13999938964844,30.125,30.27499961853028,1393600
2007-11-30,30.979999542236328,30.979999542236328,31.43000030517578,30.575000762939453,31.43000030517578,3122400
2007-12-03,30.975000381469727,30.975000381469727,31.18000030517578,30.700000762939453,31.18000030517578,2003400
2007-12-04,30.23500061035156,30.23500061035156,30.8700008392334,30.229999542236328,30.625,1845600
2007-12-05,29.924999237060547,29.924999237060547,30.434999465942383,29.780000686645508,30.434999465942383,1872800
2007-12-06,30.565000534057617,30.565000534057617,30.684999465942383,29.86000061035156,30.13500022888184,2244000
2007-12-07,30.55500030517578,30.55500030517578,30.799999237060547,30.459999084472656,30.51499938964844,931600
2007-12-10,29.75,29.75,30.614999771118164,29.690000534057617,30.614999771118164,2936000
2007-12-11,28.770000457763672,28.770000457763672,30.075000762939453,28.739999771118164,29.625,5510000
2007-12-12,28.459999084472656,28.459999084472656,29.104999542236328,28.39999961853028,28.88500022888184,2193600
2007-12-13,28.600000381469727,28.600000381469727,28.600000381469727,28.09000015258789,28.334999084472656,1311000
2007-12-14,27.815000534057617,27.815000534057617,28.565000534057617,27.559999465942383,28.450000762939453,2062800
2007-12-17,27.86000061035156,27.86000061035156,27.9950008392334,26.915000915527344,27.815000534057617,3633200
2007-12-18,28.4950008392334,28.4950008392334,28.81999969482422,28.225000381469727,28.309999465942383,3341800
2007-12-19,28.56999969482422,28.56999969482422,28.71999931335449,28.184999465942383,28.6200008392334,1780800
2007-12-20,28.20499992370605,28.20499992370605,28.690000534057617,28.075000762939453,28.690000534057617,1540600
2007-12-21,28.395000457763672,28.395000457763672,28.4950008392334,28.165000915527344,28.31999969482422,963200
2007-12-24,28.4950008392334,28.4950008392334,28.88500022888184,28.36000061035156,28.36000061035156,278200
2007-12-26,28.864999771118164,28.864999771118164,28.90999984741211,28.229999542236328,28.229999542236328,494000
2007-12-27,28.1299991607666,28.1299991607666,28.81999969482422,28.09000015258789,28.81999969482422,468800
2007-12-28,28.0049991607666,28.0049991607666,28.375,27.96999931335449,28.350000381469727,624400
2007-12-31,28.174999237060547,28.174999237060547,28.315000534057617,27.834999084472656,27.94499969482422,1196800
2008-01-02,27.7450008392334,27.7450008392334,28.584999084472656,27.655000686645508,27.96999931335449,1706600
2008-01-03,27.80500030517578,27.80500030517578,28.075000762939453,27.540000915527344,27.540000915527344,1423800
2008-01-04,27.46500015258789,27.46500015258789,27.89999961853028,27.3700008392334,27.770000457763672,1341600
2008-01-07,28.299999237060547,28.299999237060547,28.34499931335449,27.38500022888184,27.38500022888184,1316800
2008-01-08,29.315000534057617,29.315000534057617,29.94499969482422,28.700000762939453,28.96999931335449,3600800
2008-01-09,29.395000457763672,29.395000457763672,29.905000686645508,29.114999771118164,29.559999465942383,2485400
2008-01-10,29.614999771118164,29.614999771118164,29.834999084472656,29.040000915527344,29.040000915527344,1499000
2008-01-11,29.540000915527344,29.540000915527344,29.709999084472656,29.31999969482422,29.625,1159200
2008-01-14,29.34499931335449,29.34499931335449,30.114999771118164,29.19499969482422,29.540000915527344,882400
2008-01-15,28.864999771118164,28.864999771118164,29.239999771118164,28.770000457763672,29.059999465942383,1170000
2008-01-16,28.71500015258789,28.71500015258789,28.895000457763672,28.475000381469727,28.645000457763672,1403000
2008-01-17,28.045000076293945,28.045000076293945,28.76000022888184,26.915000915527344,28.6200008392334,5005600
2008-01-18,27.76000022888184,27.76000022888184,28.11000061035156,27.45499992370605,28.11000061035156,1767800
2008-01-22,27.225000381469727,27.225000381469727,27.59000015258789,26.14999961853028,26.875,1599600
2008-01-23,26.854999542236328,26.854999542236328,27.19499969482422,26.049999237060547,27.049999237060547,1814000
2008-01-24,26.375,26.375,27.020000457763672,26.030000686645508,26.790000915527344,1467400
2008-01-25,26.084999084472656,26.084999084472656,26.63999938964844,26.049999237060547,26.3799991607666,1163800
2008-01-28,26.63500022888184,26.63500022888184,26.665000915527344,26.229999542236328,26.25,1593400
2008-01-29,26.815000534057617,26.815000534057617,27.020000457763672,26.2549991607666,26.780000686645508,965400
2008-01-30,26.59000015258789,26.59000015258789,27.09499931335449,26.53499984741211,26.6200008392334,613800
2008-01-31,26.71500015258789,26.71500015258789,26.8799991607666,26.200000762939453,26.364999771118164,972800
2008-02-01,27.13500022888184,27.13500022888184,27.5,26.780000686645508,26.780000686645508,1064600
2008-02-04,27.104999542236328,27.104999542236328,27.325000762939453,26.940000534057617,26.940000534057617,572000
2008-02-05,26.315000534057617,26.315000534057617,27.02499961853028,26.290000915527344,26.975000381469727,1062000
2008-02-06,26.5,26.5,26.739999771118164,26.43000030517578,26.45499992370605,770800
2008-02-07,26.299999237060547,26.299999237060547,26.690000534057617,26.1200008392334,26.3700008392334,1336400
2008-02-08,26.299999237060547,26.299999237060547,26.61000061035156,26.06999969482422,26.200000762939453,912800
2008-02-11,26.299999237060547,26.299999237060547,26.395000457763672,26.01000022888184,26.13999938964844,1111000
2008-02-12,27.0,27.0,27.325000762939453,26.299999237060547,26.315000534057617,1879600
2008-02-13,27.09499931335449,27.09499931335449,27.63999938964844,26.73500061035156,26.895000457763672,3385200
2008-02-14,25.25,25.25,26.084999084472656,24.46999931335449,24.4950008392334,10504600
2008-02-15,25.4950008392334,25.4950008392334,25.69499969482422,24.854999542236328,24.95499992370605,4949600
2008-02-19,25.40999984741211,25.40999984741211,25.61000061035156,25.2549991607666,25.559999465942383,2146600
2008-02-20,25.209999084472656,25.209999084472656,25.299999237060547,25.0,25.25,1879400
2008-02-21,25.420000076293945,25.420000076293945,25.575000762939453,25.075000762939453,25.174999237060547,1721200
2008-02-22,25.5049991607666,25.5049991607666,25.61000061035156,25.2450008392334,25.38999938964844,1539600
2008-02-25,25.46999931335449,25.46999931335449,25.655000686645508,25.290000915527344,25.450000762939453,1211600
2008-02-26,25.55500030517578,25.55500030517578,25.6200008392334,25.434999465942383,25.5,1263800
2008-02-27,25.065000534057617,25.065000534057617,25.5049991607666,24.979999542236328,25.5049991607666,3247400
2008-02-28,25.184999465942383,25.184999465942383,25.28499984741211,24.7450008392334,24.84000015258789,1869600
2008-02-29,24.815000534057617,24.815000534057617,25.040000915527344,24.690000534057617,25.01000022888184,1427800
2008-03-03,24.23500061035156,24.23500061035156,24.6299991607666,23.975000381469727,24.46999931335449,3335800
2008-03-04,24.424999237060547,24.424999237060547,24.63999938964844,23.934999465942383,23.950000762939453,2595600
2008-03-05,23.77499961853028,23.77499961853028,24.59499931335449,23.59499931335449,24.34499931335449,3030200
2008-03-06,23.64999961853028,23.64999961853028,23.8799991607666,23.52499961853028,23.75,2483800
2008-03-07,23.01499938964844,23.01499938964844,23.55500030517578,22.924999237060547,23.530000686645508,2280600
2008-03-10,22.815000534057617,22.815000534057617,23.280000686645508,22.795000076293945,22.915000915527344,1589800
2008-03-11,21.850000381469727,21.850000381469727,23.0,21.64999961853028,22.989999771118164,7010400
2008-03-12,22.875,22.875,23.350000381469727,22.1200008392334,22.19499969482422,4839200
2008-03-13,22.51499938964844,22.51499938964844,22.655000686645508,22.0049991607666,22.51000022888184,4391000
2008-03-14,21.934999465942383,21.934999465942383,22.670000076293945,21.864999771118164,22.670000076293945,1933400
2008-03-17,21.239999771118164,21.239999771118164,21.739999771118164,20.93000030517578,21.655000686645508,2431600
2008-03-18,22.0,22.0,22.0,20.959999084472656,21.52499961853028,1938200
2008-03-19,21.600000381469727,21.600000381469727,22.1299991607666,21.475000381469727,22.0,1404800
2008-03-20,22.6299991607666,22.6299991607666,22.82999992370605,21.690000534057617,21.780000686645508,2646000
2008-03-24,22.09499931335449,22.09499931335449,22.63500022888184,21.98500061035156,22.57999992370605,1475600
2008-03-25,23.174999237060547,23.174999237060547,23.26499938964844,22.100000381469727,22.100000381469727,2684600
2008-03-26,23.57999992370605,23.57999992370605,23.68000030517578,23.1200008392334,23.13500022888184,2742400
2008-03-27,23.78499984741211,23.78499984741211,23.924999237060547,23.5049991607666,23.5049991607666,1950000
2008-03-28,23.989999771118164,23.989999771118164,24.84499931335449,23.89999961853028,24.25,3187400
2008-03-31,23.8799991607666,23.8799991607666,24.13500022888184,23.78499984741211,23.950000762939453,1528600
2008-04-01,24.280000686645508,24.280000686645508,24.34000015258789,23.825000762939453,23.825000762939453,1760800
2008-04-02,23.905000686645508,23.905000686645508,24.415000915527344,23.78499984741211,24.354999542236328,2017600
2008-04-03,23.895000457763672,23.895000457763672,24.030000686645508,23.76000022888184,23.76499938964844,1319800
2008-04-04,24.049999237060547,24.049999237060547,24.174999237060547,23.84000015258789,23.94499969482422,1151400
2008-04-07,24.075000762939453,24.075000762939453,24.299999237060547,23.950000762939453,24.0,921400
2008-04-08,24.209999084472656,24.209999084472656,24.51000022888184,23.825000762939453,23.825000762939453,1300400
2008-04-09,24.43000030517578,24.43000030517578,24.61000061035156,24.06999969482422,24.07999992370605,1346200
2008-04-10,24.71500015258789,24.71500015258789,24.94499969482422,24.45499992370605,24.5,1605000
2008-04-11,24.825000762939453,24.825000762939453,25.0,24.459999084472656,24.5,1808800
2008-04-14,24.55500030517578,24.55500030517578,24.905000686645508,24.354999542236328,24.88999938964844,999000
2008-04-15,24.780000686645508,24.780000686645508,24.875,24.53499984741211,24.584999084472656,911200
2008-04-16,25.21500015258789,25.21500015258789,25.239999771118164,24.825000762939453,24.934999465942383,683600
2008-04-17,24.989999771118164,24.989999771118164,25.2549991607666,24.905000686645508,25.13999938964844,842200
2008-04-18,25.46500015258789,25.46500015258789,25.76499938964844,25.13500022888184,25.20499992370605,1104400
2008-04-21,25.0,25.0,25.39999961853028,24.959999084472656,25.21500015258789,993000
2008-04-22,24.864999771118164,24.864999771118164,25.045000076293945,24.78499984741211,25.0,1580000
2008-04-23,24.795000076293945,24.795000076293945,24.959999084472656,24.73500061035156,24.89999961853028,1570600
2008-04-24,25.045000076293945,25.045000076293945,25.315000534057617,24.59000015258789,24.8799991607666,1476000
2008-04-25,24.950000762939453,24.950000762939453,25.299999237060547,24.875,25.1200008392334,1863400
2008-04-28,25.1299991607666,25.1299991607666,25.165000915527344,24.88500022888184,25.125,1266600
2008-04-29,25.3799991607666,25.3799991607666,25.850000381469727,25.114999771118164,25.26499938964844,2133200
2008-04-30,26.20499992370605,26.20499992370605,27.43000030517578,25.1299991607666,25.1299991607666,4249800
2008-05-01,26.225000381469727,26.225000381469727,26.52499961853028,25.89999961853028,26.209999084472656,1401600
2008-05-02,26.114999771118164,26.114999771118164,26.48500061035156,26.11000061035156,26.48500061035156,997200
2008-05-05,26.625,26.625,26.78499984741211,25.950000762939453,25.950000762939453,1830400
2008-05-06,26.11000061035156,26.11000061035156,26.625,25.77499961853028,26.625,2147400
2008-05-07,25.790000915527344,25.790000915527344,26.2549991607666,25.73500061035156,25.88500022888184,1624000
2008-05-08,25.905000686645508,25.905000686645508,26.15999984741211,25.78499984741211,25.78499984741211,790800
2008-05-09,25.934999465942383,25.934999465942383,26.065000534057617,25.61000061035156,25.809999465942383,915600
2008-05-12,25.75,25.75,25.934999465942383,25.549999237060547,25.89999961853028,884600
2008-05-13,25.170000076293945,25.170000076293945,25.709999084472656,25.0,25.709999084472656,1814800
2008-05-14,25.280000686645508,25.280000686645508,25.63999938964844,25.030000686645508,25.405000686645508,808600
2008-05-15,25.545000076293945,25.545000076293945,25.815000534057617,25.02499961853028,25.174999237060547,1227000
2008-05-16,25.915000915527344,25.915000915527344,26.0,25.44499969482422,25.459999084472656,1132800
2008-05-19,25.9950008392334,25.9950008392334,26.145000457763672,25.71500015258789,26.0,888800
2008-05-20,25.795000076293945,25.795000076293945,26.040000915527344,25.549999237060547,25.834999084472656,443000
2008-05-21,25.98500061035156,25.98500061035156,26.3700008392334,25.81999969482422,25.84499931335449,537600
2008-05-22,26.030000686645508,26.030000686645508,26.295000076293945,25.780000686645508,25.915000915527344,717600
2008-05-23,25.69499969482422,25.69499969482422,26.174999237060547,25.600000381469727,26.059999465942383,723600
2008-05-27,26.065000534057617,26.065000534057617,26.07999992370605,25.565000534057617,25.71500015258789,575400
2008-05-28,25.940000534057617,25.940000534057617,26.145000457763672,25.825000762939453,26.049999237060547,355200
2008-05-29,25.864999771118164,25.864999771118164,26.209999084472656,25.84000015258789,26.059999465942383,662600
2008-05-30,25.940000534057617,25.940000534057617,26.0,25.770000457763672,25.940000534057617,756800
2008-06-02,26.05500030517578,26.05500030517578,26.239999771118164,25.875,26.01000022888184,1482400
2008-06-03,26.040000915527344,26.040000915527344,26.479999542236328,25.834999084472656,26.334999084472656,1374600
2008-06-04,25.924999237060547,25.924999237060547,26.049999237060547,25.8700008392334,25.9950008392334,707000
2008-06-05,25.895000457763672,25.895000457763672,26.165000915527344,25.809999465942383,26.06999969482422,1236800
2008-06-06,25.209999084472656,25.209999084472656,25.81999969482422,25.19499969482422,25.665000915527344,1029400
2008-06-09,24.88999938964844,24.88999938964844,25.225000381469727,24.834999084472656,25.209999084472656,1205600
2008-06-10,24.84499931335449,24.84499931335449,25.075000762939453,24.739999771118164,24.739999771118164,1736600
2008-06-11,24.795000076293945,24.795000076293945,25.0049991607666,24.75,24.854999542236328,1258000
2008-06-12,24.670000076293945,24.670000076293945,24.934999465942383,24.52499961853028,24.71500015258789,1272800
2008-06-13,25.23500061035156,25.23500061035156,25.23500061035156,24.76499938964844,24.77499961853028,1560400
2008-06-16,25.1299991607666,25.1299991607666,25.270000457763672,24.82999992370605,25.084999084472656,931600
2008-06-17,25.030000686645508,25.030000686645508,25.34000015258789,24.89999961853028,25.13500022888184,566000
2008-06-18,24.73500061035156,24.73500061035156,25.1200008392334,24.600000381469727,25.05500030517578,1719600
2008-06-19,25.520000457763672,25.520000457763672,25.65999984741211,24.63500022888184,25.18000030517578,1508800
2008-06-20,25.875,25.875,25.975000381469727,25.299999237060547,25.440000534057617,1580200
2008-06-23,25.90999984741211,25.90999984741211,26.225000381469727,25.850000381469727,26.0049991607666,902000
2008-06-24,26.13999938964844,26.13999938964844,26.31999969482422,25.825000762939453,25.920000076293945,1154600
2008-06-25,26.450000762939453,26.450000762939453,26.559999465942383,26.0,26.299999237060547,908800
2008-06-26,26.88500022888184,26.88500022888184,26.979999542236328,26.31999969482422,26.895000457763672,1335800
2008-06-27,26.93000030517578,26.93000030517578,27.174999237060547,26.7450008392334,26.80500030517578,1892800
2008-06-30,26.565000534057617,26.565000534057617,27.075000762939453,26.5,26.934999465942383,1772600
2008-07-01,26.565000534057617,26.565000534057617,26.73500061035156,26.13999938964844,26.520000457763672,1316800
2008-07-02,26.684999465942383,26.684999465942383,26.89999961853028,26.575000762939453,26.6200008392334,757200
2008-07-03,26.375,26.375,26.875,26.1200008392334,26.875,612600
2008-07-07,26.31999969482422,26.31999969482422,26.76499938964844,26.18000030517578,26.354999542236328,1214400
2008-07-08,26.4950008392334,26.4950008392334,26.530000686645508,26.184999465942383,26.34000015258789,942400
2008-07-09,26.48500061035156,26.48500061035156,26.604999542236328,26.20499992370605,26.4950008392334,948200
2008-07-10,28.334999084472656,28.334999084472656,28.44499969482422,27.27499961853028,27.364999771118164,5277600
2008-07-11,26.75,26.75,27.2450008392334,26.540000915527344,27.170000076293945,4654200
2008-07-14,26.864999771118164,26.864999771118164,26.96999931335449,26.604999542236328,26.854999542236328,1893200
2008-07-15,26.815000534057617,26.815000534057617,26.979999542236328,26.5049991607666,26.709999084472656,1279400
2008-07-16,26.73500061035156,26.73500061035156,27.31999969482422,26.56999969482422,26.915000915527344,1802800
2008-07-17,26.51499938964844,26.51499938964844,27.1200008392334,26.30500030517578,26.934999465942383,2610000
2008-07-18,26.56999969482422,26.56999969482422,26.790000915527344,26.43000030517578,26.52499961853028,1977000
2008-07-21,26.5,26.5,26.76000022888184,26.25,26.76000022888184,762800
2008-07-22,26.625,26.625,26.700000762939453,26.23500061035156,26.5049991607666,1684200
2008-07-23,26.5049991607666,26.5049991607666,26.815000534057617,26.34000015258789,26.6200008392334,1365800
2008-07-24,26.405000686645508,26.405000686645508,26.530000686645508,26.25,26.31999969482422,1227000
2008-07-25,27.979999542236328,27.979999542236328,28.25,27.459999084472656,27.5,6806600
2008-07-28,28.114999771118164,28.114999771118164,28.229999542236328,27.684999465942383,28.01499938964844,3865800
2008-07-29,28.32999992370605,28.32999992370605,28.61000061035156,28.190000534057617,28.200000762939453,5204400
2008-07-30,28.0,28.0,28.709999084472656,27.825000762939453,28.645000457763672,34798600
2008-07-31,27.924999237060547,27.924999237060547,28.295000076293945,27.61000061035156,27.850000381469727,3501000
2008-08-01,28.06999969482422,28.06999969482422,28.209999084472656,27.63999938964844,28.104999542236328,3075000
2008-08-04,27.94499969482422,27.94499969482422,28.15999984741211,27.420000076293945,28.15999984741211,3784600
2008-08-05,29.61000061035156,29.61000061035156,29.80500030517578,29.075000762939453,29.15999984741211,3978800
2008-08-06,29.584999084472656,29.584999084472656,29.625,29.155000686645508,29.59000015258789,2028800
2008-08-07,29.145000457763672,29.145000457763672,29.55500030517578,29.065000534057617,29.44499969482422,1911800
2008-08-08,29.665000915527344,29.665000915527344,29.780000686645508,29.030000686645508,29.030000686645508,1222600
2008-08-11,29.7450008392334,29.7450008392334,29.81999969482422,29.34499931335449,29.600000381469727,1260400
2008-08-12,29.6200008392334,29.6200008392334,30.0,29.559999465942383,29.600000381469727,1306000
2008-08-13,29.600000381469727,29.600000381469727,29.69499969482422,29.39999961853028,29.63500022888184,1331400
2008-08-14,29.69499969482422,29.69499969482422,29.834999084472656,29.25,29.479999542236328,830400
2008-08-15,30.0049991607666,30.0049991607666,30.100000381469727,29.75,29.75,804600
2008-08-18,29.280000686645508,29.280000686645508,30.0049991607666,29.104999542236328,29.799999237060547,1367200
2008-08-19,29.229999542236328,29.229999542236328,29.4950008392334,29.13500022888184,29.25,1088600
2008-08-20,29.190000534057617,29.190000534057617,29.364999771118164,28.825000762939453,29.18000030517578,1116600
2008-08-21,29.13500022888184,29.13500022888184,29.295000076293945,27.665000915527344,28.350000381469727,946800
2008-08-22,29.229999542236328,29.229999542236328,29.325000762939453,29.125,29.165000915527344,818800
2008-08-25,28.73500061035156,28.73500061035156,29.170000076293945,28.645000457763672,29.1200008392334,973200
2008-08-26,28.80500030517578,28.80500030517578,29.045000076293945,28.655000686645508,28.655000686645508,930200
2008-08-27,28.93000030517578,28.93000030517578,29.02499961853028,28.65999984741211,28.7549991607666,716400
2008-08-28,29.02499961853028,29.02499961853028,29.13999938964844,28.825000762939453,29.045000076293945,815000
2008-08-29,28.69499969482422,28.69499969482422,29.09499931335449,28.6200008392334,29.02499961853028,915400
2008-09-02,28.975000381469727,28.975000381469727,29.295000076293945,28.795000076293945,28.825000762939453,1120200
2008-09-03,28.7549991607666,28.7549991607666,29.020000457763672,28.545000076293945,28.924999237060547,1123000
2008-09-04,28.270000457763672,28.270000457763672,28.71999931335449,28.2549991607666,28.55500030517578,1055200
2008-09-05,28.325000762939453,28.325000762939453,28.540000915527344,28.0,28.225000381469727,1355800
2008-09-08,28.979999542236328,28.979999542236328,29.040000915527344,28.51499938964844,28.75,946200
2008-09-09,28.540000915527344,28.540000915527344,29.459999084472656,28.4950008392334,29.18000030517578,1802400
2008-09-10,28.350000381469727,28.350000381469727,28.73500061035156,28.2450008392334,28.63500022888184,1095200
2008-09-11,28.989999771118164,28.989999771118164,29.03499984741211,27.979999542236328,28.13500022888184,1315400
2008-09-12,29.309999465942383,29.309999465942383,29.334999084472656,28.57999992370605,28.780000686645508,1228600
2008-09-15,28.690000534057617,28.690000534057617,29.104999542236328,28.690000534057617,28.940000534057617,1579800
2008-09-16,28.81999969482422,28.81999969482422,28.850000381469727,27.934999465942383,28.625,2805000
2008-09-17,27.565000534057617,27.565000534057617,28.729999542236328,27.565000534057617,28.395000457763672,1909200
2008-09-18,28.02499961853028,28.02499961853028,28.36000061035156,27.34000015258789,27.770000457763672,2876200
2008-09-19,28.63500022888184,28.63500022888184,29.38500022888184,28.0,28.2549991607666,2658400
2008-09-22,28.20499992370605,28.20499992370605,28.739999771118164,28.1299991607666,28.1299991607666,1330000
2008-09-23,28.01000022888184,28.01000022888184,28.8799991607666,27.825000762939453,28.549999237060547,1634800
2008-09-24,27.584999084472656,27.584999084472656,28.13500022888184,27.450000762939453,28.084999084472656,1559000
2008-09-25,28.1200008392334,28.1200008392334,28.21500015258789,27.01000022888184,27.7549991607666,2716200
2008-09-26,28.19499969482422,28.19499969482422,28.40999984741211,27.75,27.75,1501800
2008-09-29,27.5,27.5,28.36000061035156,27.040000915527344,27.875,2590600
2008-09-30,28.5049991607666,28.5049991607666,28.549999237060547,27.354999542236328,27.850000381469727,2650400
2008-10-01,27.709999084472656,27.709999084472656,28.70499992370605,27.46500015258789,28.334999084472656,1753200
2008-10-02,26.934999465942383,26.934999465942383,27.84000015258789,26.934999465942383,27.6299991607666,1872200
2008-10-03,26.7549991607666,26.7549991607666,27.545000076293945,26.63500022888184,27.165000915527344,1348400
2008-10-06,24.5,24.5,26.56999969482422,24.239999771118164,26.450000762939453,5661000
2008-10-07,24.78499984741211,24.78499984741211,25.489999771118164,24.584999084472656,24.584999084472656,4713000
2008-10-08,25.31999969482422,25.31999969482422,25.9950008392334,24.030000686645508,24.5049991607666,3245400
2008-10-09,23.9950008392334,23.9950008392334,25.405000686645508,23.799999237060547,25.32999992370605,3475200
2008-10-10,23.46999931335449,23.46999931335449,24.68000030517578,21.27499961853028,23.395000457763672,6797800
2008-10-13,25.2450008392334,25.2450008392334,25.34499931335449,21.3799991607666,22.875,2965200
2008-10-14,25.82999992370605,25.82999992370605,27.71500015258789,25.19499969482422,26.0,2426800
2008-10-15,24.584999084472656,24.584999084472656,25.64999961853028,24.424999237060547,25.489999771118164,2894800
2008-10-16,24.940000534057617,24.940000534057617,24.940000534057617,23.28499984741211,24.55500030517578,2408200
2008-10-17,25.170000076293945,25.170000076293945,26.06999969482422,24.295000076293945,24.479999542236328,1920400
2008-10-20,25.475000381469727,25.475000381469727,25.4950008392334,24.75,24.94499969482422,1626200
2008-10-21,25.77499961853028,25.77499961853028,26.3799991607666,24.780000686645508,25.28499984741211,1953400
2008-10-22,24.545000076293945,24.545000076293945,25.73500061035156,24.049999237060547,25.34000015258789,2080800
2008-10-23,24.850000381469727,24.850000381469727,25.084999084472656,23.825000762939453,24.44499969482422,3143600
2008-10-24,24.38500022888184,24.38500022888184,24.84499931335449,23.36000061035156,23.89999961853028,1676800
2008-10-27,23.2549991607666,23.2549991607666,24.405000686645508,23.2549991607666,24.0,1838200
2008-10-28,25.46999931335449,25.46999931335449,25.46999931335449,23.170000076293945,23.73500061035156,2533000
2008-10-29,25.475000381469727,25.475000381469727,26.52499961853028,25.075000762939453,25.424999237060547,2320000
2008-10-30,26.975000381469727,26.975000381469727,27.13500022888184,25.600000381469727,25.600000381469727,2021400
2008-10-31,28.375,28.375,28.375,26.46500015258789,26.959999084472656,2929000
2008-11-03,26.3799991607666,26.3799991607666,27.450000762939453,26.07999992370605,27.450000762939453,4708600
2008-11-04,26.51499938964844,26.51499938964844,26.75,26.01000022888184,26.68000030517578,1925400
2008-11-05,25.174999237060547,25.174999237060547,26.334999084472656,25.09000015258789,26.299999237060547,2246200
2008-11-06,25.104999542236328,25.104999542236328,25.940000534057617,24.924999237060547,25.049999237060547,1811400
2008-11-07,26.065000534057617,26.065000534057617,26.07999992370605,24.895000457763672,24.89999961853028,2096800
2008-11-10,26.8799991607666,26.8799991607666,26.940000534057617,26.26000022888184,26.450000762939453,2527800
2008-11-11,26.38500022888184,26.38500022888184,26.71500015258789,26.0049991607666,26.61000061035156,2794800
2008-11-12,25.989999771118164,25.989999771118164,26.38999938964844,25.670000076293945,26.0049991607666,1638000
2008-11-13,26.3799991607666,26.3799991607666,26.56999969482422,25.6299991607666,26.56999969482422,4016800
2008-11-14,25.68000030517578,25.68000030517578,26.725000381469727,25.68000030517578,26.059999465942383,2177400
2008-11-17,25.940000534057617,25.940000534057617,26.325000762939453,24.01499938964844,25.489999771118164,2572000
2008-11-18,26.09000015258789,26.09000015258789,26.28499984741211,25.415000915527344,25.90999984741211,3349200
2008-11-19,23.51499938964844,23.51499938964844,26.6200008392334,23.40999984741211,26.530000686645508,4184000
2008-11-20,21.32999992370605,21.32999992370605,23.575000762939453,21.13999938964844,23.3799991607666,4230400
2008-11-21,22.375,22.375,22.405000686645508,20.479999542236328,21.55500030517578,4766000
2008-11-24,24.299999237060547,24.299999237060547,24.520000457763672,22.46999931335449,22.655000686645508,2599800
2008-11-25,24.059999465942383,24.059999465942383,25.21999931335449,23.46500015258789,24.65999984741211,2670400
2008-11-26,24.334999084472656,24.334999084472656,24.3799991607666,23.57999992370605,23.76000022888184,1300200
2008-11-28,25.125,25.125,25.155000686645508,24.200000762939453,24.200000762939453,972800
2008-12-01,23.31999969482422,23.31999969482422,25.0,23.30500030517578,24.559999465942383,1861000
2008-12-02,23.674999237060547,23.674999237060547,23.7549991607666,23.0049991607666,23.674999237060547,1631200
2008-12-03,23.364999771118164,23.364999771118164,23.540000915527344,22.979999542236328,23.334999084472656,3795800
2008-12-04,22.799999237060547,22.799999237060547,23.434999465942383,22.38999938964844,23.15999984741211,2228400
2008-12-05,23.75,23.75,23.76499938964844,22.309999465942383,22.46999931335449,2559600
2008-12-08,24.114999771118164,24.114999771118164,24.239999771118164,23.63999938964844,24.11000061035156,1661400
2008-12-09,24.405000686645508,24.405000686645508,24.700000762939453,23.905000686645508,23.975000381469727,3709200
2008-12-10,24.09000015258789,24.09000015258789,24.65999984741211,23.790000915527344,24.6200008392334,1377000
2008-12-11,23.979999542236328,23.979999542236328,24.915000915527344,23.4950008392334,23.979999542236328,1568400
2008-12-12,23.94499969482422,23.94499969482422,24.049999237060547,23.34499931335449,23.52499961853028,1505600
2008-12-15,24.125,24.125,24.27499961853028,23.850000381469727,24.049999237060547,1941000
2008-12-16,25.39999961853028,25.39999961853028,25.440000534057617,24.290000915527344,24.334999084472656,2923200
2008-12-17,25.040000915527344,25.040000915527344,25.489999771118164,24.89999961853028,25.174999237060547,1835400
2008-12-18,25.145000457763672,25.145000457763672,25.225000381469727,24.88999938964844,25.19499969482422,3135400
2008-12-19,25.01000022888184,25.01000022888184,25.96999931335449,24.864999771118164,25.280000686645508,2485200
2008-12-22,24.64999961853028,24.64999961853028,25.209999084472656,24.290000915527344,24.96999931335449,1133000
2008-12-23,24.229999542236328,24.229999542236328,24.934999465942383,24.184999465942383,24.73500061035156,1208000
2008-12-24,23.9950008392334,23.9950008392334,24.31999969482422,23.834999084472656,24.25,547400
2008-12-26,24.38999938964844,24.38999938964844,24.44499969482422,23.979999542236328,24.1299991607666,467600
2008-12-29,24.315000534057617,24.315000534057617,24.46500015258789,24.020000457763672,24.364999771118164,1121000
2008-12-30,24.545000076293945,24.545000076293945,24.709999084472656,24.11000061035156,24.709999084472656,1647600
2008-12-31,24.78499984741211,24.78499984741211,24.78499984741211,24.184999465942383,24.52499961853028,1340000
2009-01-02,24.549999237060547,24.549999237060547,24.90999984741211,24.21500015258789,24.850000381469727,1316800
2009-01-05,23.75,23.75,24.559999465942383,23.56999969482422,24.489999771118164,2149800
2009-01-06,23.44499969482422,23.44499969482422,24.09499931335449,22.96500015258789,23.815000534057617,2053000
2009-01-07,23.61000061035156,23.61000061035156,23.825000762939453,23.145000457763672,23.36000061035156,1694000
2009-01-08,23.75,23.75,23.88999938964844,23.26000022888184,23.56999969482422,2214200
2009-01-09,23.63999938964844,23.63999938964844,23.80500030517578,22.98500061035156,23.690000534057617,1702000
2009-01-12,23.2549991607666,23.2549991607666,23.625,23.14999961853028,23.549999237060547,1962800
2009-01-13,23.475000381469727,23.475000381469727,23.575000762939453,23.225000381469727,23.225000381469727,2389200
2009-01-14,23.459999084472656,23.459999084472656,23.625,23.01499938964844,23.15999984741211,1664200
2009-01-15,23.395000457763672,23.395000457763672,23.625,23.020000457763672,23.45499992370605,2350200
2009-01-16,24.084999084472656,24.084999084472656,24.21999931335449,23.59499931335449,23.7549991607666,1869400
2009-01-20,23.3799991607666,23.3799991607666,25.0,23.30500030517578,24.13999938964844,1275600
2009-01-21,23.75,23.75,23.84000015258789,23.065000534057617,23.63999938964844,1477000
2009-01-22,23.84499931335449,23.84499931335449,23.920000076293945,23.2450008392334,23.450000762939453,1464600
2009-01-23,23.51000022888184,23.51000022888184,24.0,23.125,23.30500030517578,2122600
2009-01-26,23.940000534057617,23.940000534057617,24.07999992370605,23.434999465942383,23.59000015258789,1905400
2009-01-27,24.52499961853028,24.52499961853028,24.559999465942383,23.84000015258789,23.924999237060547,2924200
2009-01-28,24.049999237060547,24.049999237060547,24.989999771118164,24.01499938964844,24.979999542236328,2766600
2009-01-29,23.71500015258789,23.71500015258789,24.31999969482422,23.6200008392334,24.31999969482422,1841200
2009-01-30,23.5,23.5,23.90999984741211,23.2549991607666,23.674999237060547,1516400
2009-02-02,23.950000762939453,23.950000762939453,24.1200008392334,23.20499992370605,23.30500030517578,2789600
2009-02-03,24.26499938964844,24.26499938964844,24.46500015258789,23.77499961853028,24.100000381469727,2159200
2009-02-04,23.98500061035156,23.98500061035156,24.5049991607666,23.920000076293945,24.270000457763672,2012400
2009-02-05,24.06999969482422,24.06999969482422,24.420000076293945,23.82999992370605,23.82999992370605,3274200
2009-02-06,23.46500015258789,23.46500015258789,24.34000015258789,23.190000534057617,24.13500022888184,3982800
2009-02-09,22.96999931335449,22.96999931335449,23.600000381469727,22.5,23.479999542236328,4821600
2009-02-10,23.71500015258789,23.71500015258789,23.89999961853028,22.825000762939453,22.825000762939453,3919200
2009-02-11,26.520000457763672,26.520000457763672,26.65999984741211,23.875,23.89999961853028,8340800
2009-02-12,26.44499969482422,26.44499969482422,26.4950008392334,25.86000061035156,26.225000381469727,2837600
2009-02-13,26.295000076293945,26.295000076293945,26.61000061035156,26.114999771118164,26.27499961853028,2391000
2009-02-17,25.52499961853028,25.52499961853028,25.920000076293945,25.21500015258789,25.709999084472656,2085800
2009-02-18,25.854999542236328,25.854999542236328,25.975000381469727,25.290000915527344,25.71999931335449,2040600
2009-02-19,25.53499984741211,25.53499984741211,26.1200008392334,25.440000534057617,25.850000381469727,971400
2009-02-20,25.44499969482422,25.44499969482422,25.64999961853028,25.01499938964844,25.46500015258789,1591800
2009-02-23,25.2549991607666,25.2549991607666,25.76499938964844,25.09499931335449,25.56999969482422,2311200
2009-02-24,25.93000030517578,25.93000030517578,26.01000022888184,25.2549991607666,25.530000686645508,2180000
2009-02-25,25.434999465942383,25.434999465942383,25.825000762939453,25.315000534057617,25.63999938964844,2236800
2009-02-26,25.02499961853028,25.02499961853028,25.540000915527344,24.920000076293945,25.540000915527344,6176200
2009-02-27,23.459999084472656,23.459999084472656,24.78499984741211,23.405000686645508,24.78499984741211,3959200
2009-03-02,23.1299991607666,23.1299991607666,23.39999961853028,22.14999961853028,22.14999961853028,6095200
2009-03-03,23.09000015258789,23.09000015258789,24.0,22.96500015258789,23.31999969482422,3837000
2009-03-04,23.7549991607666,23.7549991607666,24.165000915527344,23.170000076293945,23.170000076293945,2398200
2009-03-05,22.95499992370605,22.95499992370605,23.6299991607666,22.790000915527344,23.420000076293945,1683400
2009-03-06,22.86000061035156,22.86000061035156,23.30500030517578,22.479999542236328,23.30500030517578,3031200
2009-03-09,22.1200008392334,22.1200008392334,22.770000457763672,21.9950008392334,22.725000381469727,2355800
2009-03-10,22.01499938964844,22.01499938964844,22.31999969482422,21.709999084472656,22.299999237060547,4784600
2009-03-11,21.65999984741211,21.65999984741211,22.26499938964844,21.40999984741211,22.100000381469727,3226000
2009-03-12,22.424999237060547,22.424999237060547,22.5,21.545000076293945,21.604999542236328,3140000
2009-03-13,22.98500061035156,22.98500061035156,23.075000762939453,22.26499938964844,22.459999084472656,1941600
2009-03-16,22.924999237060547,22.924999237060547,23.530000686645508,22.89999961853028,23.34499931335449,1488800
2009-03-17,22.975000381469727,22.975000381469727,23.1299991607666,22.6200008392334,22.88500022888184,1472600
2009-03-18,23.03499984741211,23.03499984741211,23.625,22.51499938964844,22.684999465942383,2144800
2009-03-19,22.48500061035156,22.48500061035156,23.03499984741211,22.01499938964844,22.934999465942383,2109800
2009-03-20,21.170000076293945,21.170000076293945,22.6200008392334,20.725000381469727,22.584999084472656,6547800
2009-03-23,21.565000534057617,21.565000534057617,21.709999084472656,20.604999542236328,21.46500015258789,6323600
2009-03-24,21.52499961853028,21.52499961853028,21.934999465942383,21.34499931335449,21.38500022888184,3078800
2009-03-25,22.100000381469727,22.100000381469727,22.690000534057617,21.625,21.625,2783800
2009-03-26,22.270000457763672,22.270000457763672,22.299999237060547,21.73500061035156,22.295000076293945,2060800
2009-03-27,21.80500030517578,21.80500030517578,22.26000022888184,21.77499961853028,22.0,1880400
2009-03-30,21.88999938964844,21.88999938964844,22.06999969482422,21.5049991607666,21.5049991607666,1605400
2009-03-31,21.975000381469727,21.975000381469727,22.34000015258789,21.875,22.1299991607666,2206000
2009-04-01,22.184999465942383,22.184999465942383,22.27499961853028,21.434999465942383,21.795000076293945,2300600
2009-04-02,22.709999084472656,22.709999084472656,23.06999969482422,22.27499961853028,22.27499961853028,1608800
2009-04-03,22.299999237060547,22.299999237060547,22.709999084472656,22.1299991607666,22.600000381469727,1672400
2009-04-06,22.424999237060547,22.424999237060547,22.98500061035156,22.174999237060547,22.18000030517578,1779400
2009-04-07,22.625,22.625,22.850000381469727,22.07999992370605,22.19499969482422,1610600
2009-04-08,22.600000381469727,22.600000381469727,23.0,22.325000762939453,22.63500022888184,1460000
2009-04-09,22.6200008392334,22.6200008392334,23.170000076293945,22.479999542236328,23.170000076293945,1233000
2009-04-13,22.27499961853028,22.27499961853028,22.73500061035156,22.07999992370605,22.59000015258789,1367000
2009-04-14,22.225000381469727,22.225000381469727,22.40999984741211,21.979999542236328,22.145000457763672,1817000
2009-04-15,22.46999931335449,22.46999931335449,22.5,21.924999237060547,22.315000534057617,1652400
2009-04-16,22.145000457763672,22.145000457763672,22.655000686645508,21.71500015258789,22.559999465942383,2023200
2009-04-17,21.575000762939453,21.575000762939453,22.25,21.53499984741211,22.19499969482422,2998400
2009-04-20,21.780000686645508,21.780000686645508,22.02499961853028,21.239999771118164,21.354999542236328,1945000
2009-04-21,22.01000022888184,22.01000022888184,22.104999542236328,21.600000381469727,21.770000457763672,1537400
2009-04-22,21.795000076293945,21.795000076293945,22.155000686645508,21.739999771118164,21.82999992370605,1536400
2009-04-23,21.18000030517578,21.18000030517578,21.81999969482422,21.104999542236328,21.76499938964844,2708400
2009-04-24,21.854999542236328,21.854999542236328,22.09000015258789,21.13999938964844,21.28499984741211,2488800
2009-04-27,22.26499938964844,22.26499938964844,22.790000915527344,22.114999771118164,22.40999984741211,4006000
2009-04-28,22.7450008392334,22.7450008392334,23.14999961853028,22.0,22.0049991607666,2368600
2009-04-29,23.674999237060547,23.674999237060547,23.84499931335449,22.64999961853028,22.795000076293945,2798200
2009-04-30,23.184999465942383,23.184999465942383,23.90999984741211,23.049999237060547,23.90999984741211,2425200
2009-05-01,22.94499969482422,22.94499969482422,23.434999465942383,22.864999771118164,23.09499931335449,1701800
2009-05-04,23.479999542236328,23.479999542236328,23.489999771118164,22.95499992370605,23.350000381469727,1594400
2009-05-05,22.98500061035156,22.98500061035156,23.475000381469727,22.815000534057617,23.434999465942383,1858600
2009-05-06,22.799999237060547,22.799999237060547,23.174999237060547,22.59000015258789,23.125,2026000
2009-05-07,23.2549991607666,23.2549991607666,23.52499961853028,22.84499931335449,22.84499931335449,1883000
2009-05-08,23.625,23.625,24.065000534057617,23.415000915527344,23.545000076293945,2187800
2009-05-11,23.184999465942383,23.184999465942383,23.77499961853028,23.145000457763672,23.415000915527344,2234400
2009-05-12,23.20499992370605,23.20499992370605,23.459999084472656,22.89999961853028,23.2450008392334,2275600
2009-05-13,22.700000762939453,22.700000762939453,23.13500022888184,22.530000686645508,22.95499992370605,1797600
2009-05-14,22.71999931335449,22.71999931335449,22.790000915527344,22.3700008392334,22.655000686645508,1551800
2009-05-15,22.26000022888184,22.26000022888184,22.799999237060547,22.209999084472656,22.655000686645508,2484800
2009-05-18,22.53499984741211,22.53499984741211,22.545000076293945,21.895000457763672,22.354999542236328,1835000
2009-05-19,23.1299991607666,23.1299991607666,23.34000015258789,22.5,22.5,2370600
2009-05-20,22.709999084472656,22.709999084472656,23.40999984741211,22.700000762939453,23.21999931335449,2598600
2009-05-21,21.979999542236328,21.979999542236328,22.770000457763672,21.93000030517578,22.59499931335449,2597400
2009-05-22,22.40999984741211,22.40999984741211,22.549999237060547,21.940000534057617,22.01000022888184,1715600
2009-05-26,22.73500061035156,22.73500061035156,22.924999237060547,21.959999084472656,22.209999084472656,2152400
2009-05-27,22.77499961853028,22.77499961853028,22.934999465942383,22.614999771118164,22.700000762939453,1515400
2009-05-28,22.43000030517578,22.43000030517578,22.975000381469727,22.34000015258789,22.864999771118164,1526000
2009-05-29,22.55500030517578,22.55500030517578,22.56999969482422,22.20499992370605,22.520000457763672,1993800
2009-06-01,23.270000457763672,23.270000457763672,23.325000762939453,22.63999938964844,22.834999084472656,1594400
2009-06-02,23.77499961853028,23.77499961853028,23.9950008392334,23.225000381469727,23.299999237060547,2797800
2009-06-03,23.684999465942383,23.684999465942383,23.979999542236328,23.39999961853028,23.684999465942383,1806600
2009-06-04,23.559999465942383,23.559999465942383,23.76000022888184,23.23500061035156,23.75,2534400
2009-06-05,23.38500022888184,23.38500022888184,23.86000061035156,23.145000457763672,23.604999542236328,1979400
2009-06-08,23.36000061035156,23.36000061035156,23.64999961853028,22.959999084472656,23.334999084472656,1217800
2009-06-09,23.030000686645508,23.030000686645508,23.625,22.770000457763672,23.475000381469727,1304800
2009-06-10,22.98500061035156,22.98500061035156,23.13999938964844,22.809999465942383,23.075000762939453,1120400
2009-06-11,23.184999465942383,23.184999465942383,23.45499992370605,22.96500015258789,22.96500015258789,1126000
2009-06-12,23.565000534057617,23.565000534057617,23.59000015258789,22.825000762939453,23.18000030517578,1527800
2009-06-15,22.920000076293945,22.920000076293945,23.424999237060547,22.809999465942383,23.424999237060547,1229000
2009-06-16,23.114999771118164,23.114999771118164,23.450000762939453,22.739999771118164,22.93000030517578,1264600
2009-06-17,23.93000030517578,23.93000030517578,24.170000076293945,22.950000762939453,23.13500022888184,1541200
2009-06-18,24.475000381469727,24.475000381469727,24.790000915527344,23.924999237060547,23.924999237060547,1813800
2009-06-19,24.065000534057617,24.065000534057617,24.81999969482422,23.84499931335449,24.575000762939453,2733600
2009-06-22,23.834999084472656,23.834999084472656,23.950000762939453,23.540000915527344,23.84000015258789,1441400
2009-06-23,23.6299991607666,23.6299991607666,24.14999961853028,23.44499969482422,23.8700008392334,1290200
2009-06-24,23.96500015258789,23.96500015258789,24.114999771118164,23.46500015258789,23.795000076293945,1402800
2009-06-25,24.4950008392334,24.4950008392334,24.670000076293945,23.850000381469727,23.895000457763672,1660400
2009-06-26,24.780000686645508,24.780000686645508,24.895000457763672,24.155000686645508,24.584999084472656,1912200
2009-06-29,24.7549991607666,24.7549991607666,24.875,24.36000061035156,24.77499961853028,1216200
2009-06-30,24.729999542236328,24.729999542236328,24.84000015258789,24.440000534057617,24.75,1104000
2009-07-01,25.43000030517578,25.43000030517578,25.540000915527344,24.625,24.625,2492200
2009-07-02,24.5,24.5,25.280000686645508,24.5,25.125,2195400
2009-07-06,25.665000915527344,25.665000915527344,25.89999961853028,24.575000762939453,24.575000762939453,3392800
2009-07-07,25.875,25.875,26.28499984741211,25.64999961853028,25.64999961853028,2078400
2009-07-08,25.364999771118164,25.364999771118164,26.0,25.059999465942383,25.780000686645508,1910800
2009-07-09,24.959999084472656,24.959999084472656,25.530000686645508,24.655000686645508,25.530000686645508,1983800
2009-07-10,24.625,24.625,25.184999465942383,24.459999084472656,24.864999771118164,1326200
2009-07-13,24.979999542236328,24.979999542236328,25.049999237060547,24.309999465942383,24.71500015258789,2133800
2009-07-14,24.86000061035156,24.86000061035156,25.15999984741211,24.65999984741211,24.95499992370605,935400
2009-07-15,24.56999969482422,24.56999969482422,25.0,24.44499969482422,25.0,2216800
2009-07-16,24.559999465942383,24.559999465942383,24.915000915527344,23.905000686645508,24.57999992370605,3550200
2009-07-17,24.049999237060547,24.049999237060547,24.71500015258789,23.690000534057617,24.55500030517578,2363000
2009-07-20,23.934999465942383,23.934999465942383,24.290000915527344,23.6200008392334,24.209999084472656,1644800
2009-07-21,24.2549991607666,24.2549991607666,24.600000381469727,24.0049991607666,24.104999542236328,1257000
2009-07-22,23.88999938964844,23.88999938964844,24.350000381469727,23.825000762939453,24.25,1878800
2009-07-23,24.530000686645508,24.530000686645508,24.604999542236328,23.89999961853028,23.89999961853028,2172800
2009-07-24,24.8799991607666,24.8799991607666,24.93000030517578,24.40999984741211,24.479999542236328,2298400
2009-07-27,24.729999542236328,24.729999542236328,25.06999969482422,24.475000381469727,24.739999771118164,1155000
2009-07-28,24.614999771118164,24.614999771118164,25.0,24.3700008392334,24.65999984741211,2576200
2009-07-29,25.030000686645508,25.030000686645508,25.239999771118164,24.5049991607666,24.59499931335449,1533200
2009-07-30,24.934999465942383,24.934999465942383,25.2549991607666,24.684999465942383,25.2549991607666,1927800
2009-07-31,24.850000381469727,24.850000381469727,25.28499984741211,24.655000686645508,24.959999084472656,1418400
2009-08-03,25.350000381469727,25.350000381469727,25.45499992370605,24.700000762939453,25.02499961853028,2593800
2009-08-04,25.520000457763672,25.520000457763672,25.63999938964844,25.05500030517578,25.545000076293945,2432400
2009-08-05,25.604999542236328,25.604999542236328,26.30500030517578,25.440000534057617,26.1299991607666,3984600
2009-08-06,25.26000022888184,25.26000022888184,25.77499961853028,24.975000381469727,25.684999465942383,1683600
2009-08-07,25.95499992370605,25.95499992370605,26.01000022888184,25.309999465942383,25.309999465942383,1695600
2009-08-10,26.40999984741211,26.40999984741211,26.424999237060547,25.71999931335449,25.895000457763672,1803000
2009-08-11,26.170000076293945,26.170000076293945,26.59000015258789,26.14999961853028,26.2549991607666,972400
2009-08-12,26.09000015258789,26.09000015258789,26.19499969482422,25.7450008392334,25.96999931335449,1084200
2009-08-13,25.920000076293945,25.920000076293945,26.075000762939453,25.68000030517578,25.975000381469727,1087600
2009-08-14,25.690000534057617,25.690000534057617,26.100000381469727,25.39999961853028,25.94499969482422,922800
2009-08-17,25.875,25.875,26.100000381469727,25.4950008392334,25.55500030517578,1073400
2009-08-18,25.549999237060547,25.549999237060547,25.86000061035156,25.38500022888184,25.86000061035156,671400
2009-08-19,26.02499961853028,26.02499961853028,26.125,25.76499938964844,25.920000076293945,996200
2009-08-20,25.875,25.875,26.100000381469727,25.709999084472656,26.030000686645508,1038800
2009-08-21,26.190000534057617,26.190000534057617,26.23500061035156,25.78499984741211,26.09499931335449,984400
2009-08-24,26.0049991607666,26.0049991607666,26.28499984741211,25.8799991607666,26.28499984741211,891400
2009-08-25,25.989999771118164,25.989999771118164,26.1200008392334,25.780000686645508,26.030000686645508,920400
2009-08-26,26.020000457763672,26.020000457763672,26.25,25.674999237060547,26.02499961853028,1244400
2009-08-27,26.25,26.25,26.44499969482422,25.815000534057617,25.975000381469727,1096000
2009-08-28,25.86000061035156,25.86000061035156,26.334999084472656,25.65999984741211,26.325000762939453,773000
2009-08-31,25.854999542236328,25.854999542236328,25.89999961853028,25.489999771118164,25.89999961853028,1145400
2009-09-01,25.770000457763672,25.770000457763672,26.09499931335449,25.440000534057617,25.76000022888184,1461800
2009-09-02,25.989999771118164,25.989999771118164,26.1200008392334,25.584999084472656,25.71500015258789,1431000
2009-09-03,26.38500022888184,26.38500022888184,26.424999237060547,25.77499961853028,26.049999237060547,2142000
2009-09-04,26.6200008392334,26.6200008392334,26.739999771118164,26.32999992370605,26.43000030517578,1523400
2009-09-08,26.924999237060547,26.924999237060547,27.14999961853028,26.420000076293945,26.64999961853028,1870200
2009-09-09,27.06999969482422,27.06999969482422,27.299999237060547,26.86000061035156,26.875,2295200
2009-09-10,27.19499969482422,27.19499969482422,27.19499969482422,26.78499984741211,27.114999771118164,1457200
2009-09-11,27.114999771118164,27.114999771118164,27.354999542236328,26.9950008392334,27.145000457763672,798200
2009-09-14,27.065000534057617,27.065000534057617,27.13999938964844,26.98500061035156,27.09499931335449,1110600
2009-09-15,27.125,27.125,27.39999961853028,26.709999084472656,27.030000686645508,3038800
2009-09-16,28.06999969482422,28.06999969482422,28.239999771118164,27.045000076293945,27.065000534057617,3437200
2009-09-17,27.940000534057617,27.940000534057617,28.155000686645508,27.780000686645508,28.125,1315400
2009-09-18,27.78499984741211,27.78499984741211,28.114999771118164,27.614999771118164,27.940000534057617,1598800
2009-09-21,28.02499961853028,28.02499961853028,28.21500015258789,27.540000915527344,27.57999992370605,1207000
2009-09-22,28.114999771118164,28.114999771118164,28.239999771118164,27.61000061035156,28.020000457763672,1688400
2009-09-23,28.209999084472656,28.209999084472656,28.51499938964844,28.03499984741211,28.184999465942383,1906600
2009-09-24,28.040000915527344,28.040000915527344,28.48500061035156,27.84000015258789,28.209999084472656,1273200
2009-09-25,27.9950008392334,27.9950008392334,28.27499961853028,27.729999542236328,28.040000915527344,1123400
2009-09-28,28.239999771118164,28.239999771118164,28.51499938964844,27.96999931335449,28.01499938964844,1316200
2009-09-29,28.09000015258789,28.09000015258789,28.420000076293945,27.940000534057617,28.25,2038200
2009-09-30,28.31999969482422,28.31999969482422,28.45499992370605,27.84000015258789,28.040000915527344,2006400
2009-10-01,28.01000022888184,28.01000022888184,28.59499931335449,27.989999771118164,28.3700008392334,2178000
2009-10-02,27.86000061035156,27.86000061035156,28.0,27.71500015258789,27.84000015258789,1527600
2009-10-05,28.125,28.125,28.190000534057617,27.575000762939453,27.84000015258789,1423600
2009-10-06,28.280000686645508,28.280000686645508,28.48500061035156,27.989999771118164,28.184999465942383,1275000
2009-10-07,28.34499931335449,28.34499931335449,28.614999771118164,28.084999084472656,28.334999084472656,1648600
2009-10-08,28.21500015258789,28.21500015258789,28.600000381469727,28.145000457763672,28.5049991607666,1131800
2009-10-09,27.950000762939453,27.950000762939453,28.334999084472656,27.940000534057617,28.2549991607666,2269200
2009-10-12,28.170000076293945,28.170000076293945,28.30500030517578,27.90999984741211,27.959999084472656,852000
2009-10-13,28.21500015258789,28.21500015258789,28.354999542236328,28.125,28.1299991607666,727000
2009-10-14,28.309999465942383,28.309999465942383,28.670000076293945,28.09000015258789,28.3700008392334,2775800
2009-10-15,28.325000762939453,28.325000762939453,28.559999465942383,28.06999969482422,28.209999084472656,1358800
2009-10-16,28.145000457763672,28.145000457763672,28.28499984741211,27.81999969482422,28.21500015258789,1276200
2009-10-19,27.864999771118164,27.864999771118164,28.155000686645508,27.71500015258789,28.155000686645508,1757800
2009-10-20,27.655000686645508,27.655000686645508,27.90999984741211,27.540000915527344,27.850000381469727,1682200
2009-10-21,27.5,27.5,27.89999961853028,27.440000534057617,27.674999237060547,1592200
2009-10-22,27.604999542236328,27.604999542236328,27.78499984741211,27.01000022888184,27.440000534057617,1921200
2009-10-23,27.18000030517578,27.18000030517578,27.614999771118164,27.059999465942383,27.565000534057617,1613800
2009-10-26,26.76000022888184,26.76000022888184,27.38999938964844,26.684999465942383,27.239999771118164,1499000
2009-10-27,26.7549991607666,26.7549991607666,27.049999237060547,26.51000022888184,26.75,3339200
2009-10-28,26.69499969482422,26.69499969482422,26.88999938964844,26.614999771118164,26.770000457763672,2129400
2009-10-29,26.825000762939453,26.825000762939453,26.940000534057617,26.575000762939453,26.665000915527344,1722600
2009-10-30,26.51499938964844,26.51499938964844,26.98500061035156,26.354999542236328,26.64999961853028,1974800
2009-11-02,26.8799991607666,26.8799991607666,27.21999931335449,26.4950008392334,26.6200008392334,1690400
2009-11-03,27.200000762939453,27.200000762939453,27.21999931335449,26.739999771118164,26.799999237060547,1611600
2009-11-04,28.96500015258789,28.96500015258789,29.96500015258789,28.045000076293945,28.40999984741211,7130800
2009-11-05,29.14999961853028,29.14999961853028,29.46999931335449,29.09499931335449,29.2450008392334,2723200
2009-11-06,28.98500061035156,28.98500061035156,29.25,28.815000534057617,29.13500022888184,2839600
2009-11-09,29.07999992370605,29.07999992370605,29.25,28.834999084472656,29.165000915527344,2067200
2009-11-10,29.3700008392334,29.3700008392334,29.48500061035156,29.09499931335449,29.11000061035156,1159800
2009-11-11,29.27499961853028,29.27499961853028,29.46999931335449,29.145000457763672,29.28499984741211,1138000
2009-11-12,29.100000381469727,29.100000381469727,29.450000762939453,29.059999465942383,29.295000076293945,891000
2009-11-13,29.114999771118164,29.114999771118164,29.26499938964844,28.89999961853028,29.13999938964844,751200
2009-11-16,29.325000762939453,29.325000762939453,29.52499961853028,29.09499931335449,29.15999984741211,985200
2009-11-17,29.405000686645508,29.405000686645508,29.48500061035156,29.14999961853028,29.200000762939453,1011600
2009-11-18,29.26499938964844,29.26499938964844,29.420000076293945,29.040000915527344,29.420000076293945,950200
2009-11-19,29.13500022888184,29.13500022888184,29.350000381469727,28.729999542236328,29.270000457763672,1062800
2009-11-20,29.475000381469727,29.475000381469727,29.604999542236328,29.01000022888184,29.11000061035156,1869600
2009-11-23,29.98500061035156,29.98500061035156,29.98500061035156,29.46999931335449,29.46999931335449,1483600
2009-11-24,30.049999237060547,30.049999237060547,30.2450008392334,29.82999992370605,29.95499992370605,1876200
2009-11-25,29.98500061035156,29.98500061035156,30.045000076293945,29.850000381469727,30.0049991607666,644200
2009-11-27,29.665000915527344,29.665000915527344,29.84499931335449,29.3799991607666,29.604999542236328,478000
2009-11-30,29.6200008392334,29.6200008392334,29.65999984741211,29.13500022888184,29.625,1581000
2009-12-01,30.075000762939453,30.075000762939453,30.184999465942383,29.6200008392334,29.82999992370605,1326200
2009-12-02,30.309999465942383,30.309999465942383,30.405000686645508,30.030000686645508,30.07999992370605,1070600
2009-12-03,30.290000915527344,30.290000915527344,30.614999771118164,30.229999542236328,30.290000915527344,2902000
2009-12-04,30.065000534057617,30.065000534057617,30.975000381469727,29.979999542236328,30.56999969482422,2424000
2009-12-07,29.8799991607666,29.8799991607666,30.2450008392334,29.725000381469727,30.11000061035156,2183200
2009-12-08,29.059999465942383,29.059999465942383,29.709999084472656,28.8700008392334,29.684999465942383,4739000
2009-12-09,29.225000381469727,29.225000381469727,29.280000686645508,28.200000762939453,28.84499931335449,3950800
2009-12-10,29.655000686645508,29.655000686645508,29.81999969482422,29.2549991607666,29.270000457763672,2456400
2009-12-11,29.770000457763672,29.770000457763672,29.989999771118164,29.68000030517578,29.77499961853028,1280400
2009-12-14,30.190000534057617,30.190000534057617,30.229999542236328,29.875,29.959999084472656,1698600
2009-12-15,30.77499961853028,30.77499961853028,30.78499984741211,30.145000457763672,30.184999465942383,2441400
2009-12-16,30.38999938964844,30.38999938964844,30.98500061035156,30.375,30.780000686645508,1412000
2009-12-17,29.93000030517578,29.93000030517578,30.364999771118164,29.71500015258789,30.15999984741211,1138400
2009-12-18,29.799999237060547,29.799999237060547,30.075000762939453,29.73500061035156,29.979999542236328,2000000
2009-12-21,29.6299991607666,29.6299991607666,30.184999465942383,29.46500015258789,29.799999237060547,1816000
2009-12-22,29.729999542236328,29.729999542236328,29.88999938964844,29.584999084472656,29.584999084472656,974600
2009-12-23,29.95499992370605,29.95499992370605,30.059999465942383,29.7450008392334,29.825000762939453,1435400
2009-12-24,29.850000381469727,29.850000381469727,30.065000534057617,29.795000076293945,30.065000534057617,248400
2009-12-28,29.76000022888184,29.76000022888184,29.895000457763672,29.56999969482422,29.80500030517578,505000
2009-12-29,29.809999465942383,29.809999465942383,29.864999771118164,29.64999961853028,29.7549991607666,672000
2009-12-30,29.665000915527344,29.665000915527344,29.809999465942383,29.600000381469727,29.68000030517578,616800
2009-12-31,29.3700008392334,29.3700008392334,29.71999931335449,29.334999084472656,29.625,846800
2010-01-04,29.959999084472656,29.959999084472656,30.02499961853028,29.545000076293945,29.559999465942383,1910400
2010-01-05,29.70499992370605,29.70499992370605,30.145000457763672,29.614999771118164,30.045000076293945,1541000
2010-01-06,29.530000686645508,29.530000686645508,29.76000022888184,29.405000686645508,29.7450008392334,1299600
2010-01-07,29.78499984741211,29.78499984741211,29.799999237060547,29.2549991607666,29.40999984741211,1526400
2010-01-08,30.5,30.5,30.604999542236328,29.795000076293945,29.895000457763672,2442600
2010-01-11,30.895000457763672,30.895000457763672,31.049999237060547,30.280000686645508,30.5,2373800
2010-01-12,30.6299991607666,30.6299991607666,31.07999992370605,30.405000686645508,30.815000534057617,1531000
2010-01-13,31.084999084472656,31.084999084472656,31.155000686645508,30.6200008392334,30.64999961853028,782000
2010-01-14,31.075000762939453,31.075000762939453,31.239999771118164,30.915000915527344,30.98500061035156,840200
2010-01-15,30.82999992370605,30.82999992370605,31.01000022888184,30.665000915527344,30.95499992370605,924200
2010-01-19,31.350000381469727,31.350000381469727,31.3700008392334,30.780000686645508,30.84000015258789,1059600
2010-01-20,31.225000381469727,31.225000381469727,31.70499992370605,31.0,31.350000381469727,1433200
2010-01-21,31.09499931335449,31.09499931335449,31.30500030517578,30.684999465942383,31.155000686645508,1931800
2010-01-22,30.364999771118164,30.364999771118164,31.26000022888184,30.27499961853028,30.905000686645508,2142200
2010-01-25,30.299999237060547,30.299999237060547,30.65999984741211,30.11000061035156,30.46500015258789,1510200
2010-01-26,30.299999237060547,30.299999237060547,30.434999465942383,30.225000381469727,30.25,1218600
2010-01-27,30.334999084472656,30.334999084472656,30.45499992370605,30.09499931335449,30.21999931335449,1336000
2010-01-28,30.049999237060547,30.049999237060547,30.604999542236328,29.88500022888184,30.48500061035156,1828600
2010-01-29,29.8799991607666,29.8799991607666,30.200000762939453,29.81999969482422,30.040000915527344,1333600
2010-02-01,30.21500015258789,30.21500015258789,30.26000022888184,29.684999465942383,30.040000915527344,1267600
2010-02-02,30.75,30.75,30.864999771118164,30.0049991607666,30.26499938964844,1550000
2010-02-03,30.520000457763672,30.520000457763672,30.6299991607666,30.315000534057617,30.5049991607666,1305400
2010-02-04,29.8799991607666,29.8799991607666,30.375,29.81999969482422,30.11000061035156,1679800
2010-02-05,30.21500015258789,30.21500015258789,30.280000686645508,29.739999771118164,29.815000534057617,2247200
2010-02-08,30.030000686645508,30.030000686645508,30.28499984741211,29.979999542236328,30.165000915527344,1416800
2010-02-09,30.600000381469727,30.600000381469727,30.75,30.18000030517578,30.23500061035156,2043400
2010-02-10,30.40999984741211,30.40999984741211,30.68000030517578,30.114999771118164,30.51000022888184,1496200
2010-02-11,29.9950008392334,29.9950008392334,30.565000534057617,29.395000457763672,30.145000457763672,3061600
2010-02-12,29.489999771118164,29.489999771118164,30.0,29.280000686645508,29.875,2302200
2010-02-16,29.75,29.75,29.88500022888184,29.364999771118164,29.645000457763672,1623000
2010-02-17,30.174999237060547,30.174999237060547,30.459999084472656,29.850000381469727,29.934999465942383,2615800
2010-02-18,30.59499931335449,30.59499931335449,30.61000061035156,30.114999771118164,30.190000534057617,1570800
2010-02-19,30.80500030517578,30.80500030517578,30.940000534057617,30.350000381469727,30.475000381469727,1661000
2010-02-22,30.799999237060547,30.799999237060547,30.989999771118164,30.559999465942383,30.78499984741211,679400
2010-02-23,30.559999465942383,30.559999465942383,30.795000076293945,30.4950008392334,30.690000534057617,1559200
2010-02-24,30.834999084472656,30.834999084472656,30.875,30.475000381469727,30.674999237060547,2432200
2010-02-25,30.7450008392334,30.7450008392334,30.834999084472656,30.364999771118164,30.614999771118164,1985000
2010-02-26,30.80500030517578,30.80500030517578,31.020000457763672,30.665000915527344,30.82999992370605,1257000
2010-03-01,31.549999237060547,31.549999237060547,32.23500061035156,30.90999984741211,30.924999237060547,3258200
2010-03-02,31.770000457763672,31.770000457763672,31.905000686645508,31.350000381469727,31.475000381469727,1914200
2010-03-03,31.51000022888184,31.51000022888184,31.75,30.82999992370605,31.03499984741211,1741200
2010-03-04,31.76000022888184,31.76000022888184,31.780000686645508,31.475000381469727,31.614999771118164,1528200
2010-03-05,32.07500076293945,32.07500076293945,32.08000183105469,31.614999771118164,31.77499961853028,1567400
2010-03-08,31.280000686645508,31.280000686645508,32.275001525878906,31.26499938964844,32.07500076293945,3432200
2010-03-09,31.2450008392334,31.2450008392334,31.475000381469727,31.045000076293945,31.20499992370605,2356400
2010-03-10,30.450000762939453,30.450000762939453,31.325000762939453,30.3799991607666,31.200000762939453,4661800
2010-03-11,31.3700008392334,31.3700008392334,31.38999938964844,30.46500015258789,30.46500015258789,2435400
2010-03-12,31.184999465942383,31.184999465942383,31.3799991607666,31.100000381469727,31.3799991607666,1238200
2010-03-15,31.290000915527344,31.290000915527344,31.31999969482422,30.96500015258789,31.18000030517578,1130200
2010-03-16,31.334999084472656,31.334999084472656,31.3799991607666,31.01000022888184,31.280000686645508,876000
2010-03-17,31.69499969482422,31.69499969482422,31.729999542236328,31.200000762939453,31.334999084472656,1968200
2010-03-18,31.84000015258789,31.84000015258789,31.8799991607666,31.520000457763672,31.75,1151800
2010-03-19,31.684999465942383,31.684999465942383,31.924999237060547,31.614999771118164,31.684999465942383,1446600
2010-03-22,32.095001220703125,32.095001220703125,32.27000045776367,31.614999771118164,31.674999237060547,1202400
2010-03-23,31.90999984741211,31.90999984741211,32.18000030517578,31.64999961853028,32.18000030517578,1307600
2010-03-24,31.604999542236328,31.604999542236328,31.950000762939453,31.5,31.915000915527344,898600
2010-03-25,31.475000381469727,31.475000381469727,31.825000762939453,31.45499992370605,31.739999771118164,962400
2010-03-26,31.309999465942383,31.309999465942383,31.5,31.15999984741211,31.5,984600
2010-03-29,31.545000076293945,31.545000076293945,31.6200008392334,31.38500022888184,31.39999961853028,889000
2010-03-30,31.709999084472656,31.709999084472656,31.7450008392334,31.479999542236328,31.59499931335449,746000
2010-03-31,31.700000762939453,31.700000762939453,31.799999237060547,31.424999237060547,31.424999237060547,1238000
2010-04-01,31.81999969482422,31.81999969482422,32.060001373291016,31.625,31.82999992370605,993600
2010-04-05,31.989999771118164,31.989999771118164,32.119998931884766,31.825000762939453,31.934999465942383,1224800
2010-04-06,31.98500061035156,31.98500061035156,32.08000183105469,31.795000076293945,31.795000076293945,1199800
2010-04-07,32.30500030517578,32.30500030517578,32.435001373291016,31.90999984741211,32.029998779296875,1544800
2010-04-08,32.26499938964844,32.26499938964844,32.314998626708984,31.95499992370605,32.17499923706055,1080200
2010-04-09,33.029998779296875,33.029998779296875,33.07500076293945,32.119998931884766,32.224998474121094,2613400
2010-04-12,32.834999084472656,32.834999084472656,33.404998779296875,32.75,32.970001220703125,1770400
2010-04-13,33.1150016784668,33.1150016784668,33.15999984741211,32.64500045776367,32.86000061035156,1691400
2010-04-14,32.60499954223633,32.60499954223633,33.095001220703125,32.48500061035156,33.060001373291016,1982800
2010-04-15,32.375,32.375,32.599998474121094,32.20000076293945,32.595001220703125,1257600
2010-04-16,32.25,32.25,32.55500030517578,32.029998779296875,32.33000183105469,1273000
2010-04-19,32.494998931884766,32.494998931884766,32.70000076293945,32.07500076293945,32.22999954223633,1706000
2010-04-20,32.814998626708984,32.814998626708984,32.82500076293945,32.29499816894531,32.64500045776367,1468800
2010-04-21,32.73500061035156,32.73500061035156,32.86000061035156,32.540000915527344,32.86000061035156,1228000
2010-04-22,32.32500076293945,32.32500076293945,32.650001525878906,32.095001220703125,32.58000183105469,1740000
2010-04-23,32.41999816894531,32.41999816894531,32.439998626708984,32.03499984741211,32.255001068115234,1671400
2010-04-26,32.43000030517578,32.43000030517578,32.58000183105469,32.22999954223633,32.5099983215332,1049000
2010-04-27,32.19499969482422,32.19499969482422,32.75,32.154998779296875,32.26499938964844,2221600
2010-04-28,31.770000457763672,31.770000457763672,32.0099983215332,30.475000381469727,30.4950008392334,6453800
2010-04-29,31.979999542236328,31.979999542236328,32.005001068115234,31.729999542236328,31.975000381469727,2257800
2010-04-30,31.21500015258789,31.21500015258789,32.08000183105469,31.15999984741211,32.05500030517578,2984000
2010-05-03,31.645000457763672,31.645000457763672,31.64999961853028,31.2549991607666,31.2549991607666,2226600
2010-05-04,31.549999237060547,31.549999237060547,31.625,31.059999465942383,31.354999542236328,1848800
2010-05-05,31.80500030517578,31.80500030517578,31.95499992370605,31.51000022888184,31.51000022888184,2228000
2010-05-06,31.290000915527344,31.290000915527344,31.915000915527344,30.145000457763672,31.78499984741211,3181200
2010-05-07,30.575000762939453,30.575000762939453,31.14999961853028,30.459999084472656,31.02499961853028,3070800
2010-05-10,32.005001068115234,32.005001068115234,33.255001068115234,31.184999465942383,33.255001068115234,4442000
2010-05-11,31.82999992370605,31.82999992370605,31.93000030517578,31.614999771118164,31.69499969482422,1869800
2010-05-12,31.850000381469727,31.850000381469727,32.029998779296875,31.7450008392334,31.950000762939453,1734000
2010-05-13,31.770000457763672,31.770000457763672,32.02000045776367,31.6299991607666,31.854999542236328,1045000
2010-05-14,31.52499961853028,31.52499961853028,31.69499969482422,31.25,31.69499969482422,1344400
2010-05-17,31.864999771118164,31.864999771118164,31.96500015258789,31.3700008392334,31.645000457763672,1557200
2010-05-18,31.729999542236328,31.729999542236328,32.375,31.670000076293945,32.08000183105469,1520600
2010-05-19,31.850000381469727,31.850000381469727,31.96500015258789,31.600000381469727,31.71500015258789,1873000
2010-05-20,30.665000915527344,30.665000915527344,31.51499938964844,30.6200008392334,31.3700008392334,2469600
2010-05-21,30.63999938964844,30.63999938964844,30.65999984741211,29.674999237060547,29.89999961853028,3342400
2010-05-24,30.21500015258789,30.21500015258789,30.559999465942383,30.18000030517578,30.39999961853028,4141000
2010-05-25,30.44499969482422,30.44499969482422,30.44499969482422,29.475000381469727,29.690000534057617,3642600
2010-05-26,30.280000686645508,30.280000686645508,30.76000022888184,30.270000457763672,30.64999961853028,1927600
2010-05-27,31.584999084472656,31.584999084472656,31.61000061035156,30.69499969482422,30.69499969482422,3069800
2010-05-28,31.71500015258789,31.71500015258789,31.850000381469727,31.450000762939453,31.520000457763672,3763400
2010-06-01,31.5,31.5,32.06999969482422,31.334999084472656,31.39999961853028,3508600
2010-06-02,32.38999938964844,32.38999938964844,32.40999984741211,31.53499984741211,31.65999984741211,4009000
2010-06-03,32.689998626708984,32.689998626708984,32.82500076293945,32.42499923706055,32.47999954223633,3628200
2010-06-04,31.479999542236328,31.479999542236328,32.35499954223633,31.39999961853028,32.29499816894531,2599600
2010-06-07,31.31999969482422,31.31999969482422,31.90999984741211,31.295000076293945,31.549999237060547,2305800
2010-06-08,31.34000015258789,31.34000015258789,31.920000076293945,31.06999969482422,31.375,2878800
2010-06-09,31.165000915527344,31.165000915527344,31.63500022888184,31.06999969482422,31.4950008392334,2274800
2010-06-10,31.93000030517578,31.93000030517578,31.979999542236328,31.45499992370605,31.55500030517578,1534800
2010-06-11,32.36000061035156,32.36000061035156,32.36000061035156,31.7450008392334,31.84499931335449,1773400
2010-06-14,32.595001220703125,32.595001220703125,32.775001525878906,32.435001373291016,32.494998931884766,1886200
2010-06-15,32.79999923706055,32.79999923706055,32.869998931884766,32.619998931884766,32.665000915527344,2069600
2010-06-16,32.904998779296875,32.904998779296875,32.91999816894531,32.41999816894531,32.54999923706055,2391200
2010-06-17,33.290000915527344,33.290000915527344,33.30500030517578,32.79499816894531,32.939998626708984,1727200
2010-06-18,33.314998626708984,33.314998626708984,33.525001525878906,33.25,33.25,2699000
2010-06-21,32.459999084472656,32.459999084472656,33.47999954223633,32.30500030517578,33.38999938964844,2163200
2010-06-22,31.80500030517578,31.80500030517578,32.51499938964844,31.725000381469727,32.459999084472656,1315000
2010-06-23,31.6200008392334,31.6200008392334,31.76499938964844,31.25,31.64999961853028,1542400
2010-06-24,31.375,31.375,31.64999961853028,31.30500030517578,31.479999542236328,1283000
2010-06-25,31.65999984741211,31.65999984741211,31.8700008392334,31.200000762939453,31.420000076293945,2309800
2010-06-28,31.864999771118164,31.864999771118164,32.0099983215332,31.38500022888184,31.795000076293945,1185000
2010-06-29,31.364999771118164,31.364999771118164,31.725000381469727,31.25,31.59000015258789,1722000
2010-06-30,31.21999931335449,31.21999931335449,31.71999931335449,31.170000076293945,31.364999771118164,2106400
2010-07-01,30.86000061035156,30.86000061035156,31.27499961853028,30.334999084472656,31.26499938964844,2075400
2010-07-02,30.549999237060547,30.549999237060547,30.89999961853028,30.34499931335449,30.88500022888184,1589800
2010-07-06,30.19499969482422,30.19499969482422,30.895000457763672,29.850000381469727,30.895000457763672,6207400
2010-07-07,30.3799991607666,30.3799991607666,30.38500022888184,29.975000381469727,30.21999931335449,3085600
2010-07-08,29.98500061035156,29.98500061035156,30.700000762939453,29.834999084472656,30.4950008392334,3629400
2010-07-09,30.065000534057617,30.065000534057617,30.14999961853028,29.84499931335449,30.01000022888184,2002400
2010-07-12,30.25,30.25,30.31999969482422,30.0,30.0049991607666,1272000
2010-07-13,30.76000022888184,30.76000022888184,30.88999938964844,30.26000022888184,30.415000915527344,2485200
2010-07-14,30.665000915527344,30.665000915527344,30.98500061035156,30.440000534057617,30.645000457763672,1793200
2010-07-15,30.614999771118164,30.614999771118164,31.030000686645508,30.405000686645508,30.709999084472656,2759200
2010-07-16,30.0,30.0,30.59000015258789,29.950000762939453,30.40999984741211,2019400
2010-07-19,29.89999961853028,29.89999961853028,30.25,29.790000915527344,30.13500022888184,1306400
2010-07-20,30.02499961853028,30.02499961853028,30.02499961853028,29.52499961853028,29.575000762939453,1435000
2010-07-21,29.19499969482422,29.19499969482422,30.09499931335449,29.040000915527344,30.09499931335449,2580200
2010-07-22,29.0049991607666,29.0049991607666,29.64999961853028,28.8799991607666,29.45499992370605,2987000
2010-07-23,28.415000915527344,28.415000915527344,29.030000686645508,28.290000915527344,28.979999542236328,5729000
2010-07-26,30.43000030517578,30.43000030517578,30.545000076293945,28.5,28.63500022888184,4422400
2010-07-27,30.26000022888184,30.26000022888184,31.43000030517578,30.13999938964844,30.57999992370605,5370800
2010-07-28,29.63500022888184,29.63500022888184,30.309999465942383,29.450000762939453,30.20499992370605,3331800
2010-07-29,29.270000457763672,29.270000457763672,30.06999969482422,29.26499938964844,29.7549991607666,2229200
2010-07-30,28.65999984741211,28.65999984741211,29.114999771118164,28.625,28.98500061035156,5186800
2010-08-02,28.94499969482422,28.94499969482422,29.38500022888184,28.670000076293945,29.100000381469727,3078200
2010-08-03,30.549999237060547,30.549999237060547,31.21999931335449,29.229999542236328,29.229999542236328,7352200
2010-08-04,30.80500030517578,30.80500030517578,30.920000076293945,30.39999961853028,30.665000915527344,2297000
2010-08-05,31.59499931335449,31.59499931335449,31.96500015258789,30.64999961853028,30.64999961853028,3276200
2010-08-06,31.809999465942383,31.809999465942383,31.875,31.270000457763672,31.39999961853028,2025400
2010-08-09,31.80500030517578,31.80500030517578,32.040000915527344,31.604999542236328,31.84000015258789,1645800
2010-08-10,31.825000762939453,31.825000762939453,31.96999931335449,31.38999938964844,31.38999938964844,1799400
2010-08-11,31.52499961853028,31.52499961853028,31.6200008392334,31.27499961853028,31.440000534057617,2469000
2010-08-12,31.895000457763672,31.895000457763672,31.959999084472656,31.104999542236328,31.19499969482422,1636800
2010-08-13,32.040000915527344,32.040000915527344,32.13999938964844,31.790000915527344,31.850000381469727,1305800
2010-08-16,32.150001525878906,32.150001525878906,32.25,31.7549991607666,31.84000015258789,1355800
2010-08-17,32.380001068115234,32.380001068115234,32.564998626708984,32.224998474121094,32.224998474121094,1610400
2010-08-18,32.314998626708984,32.314998626708984,32.45000076293945,32.19499969482422,32.314998626708984,1408600
2010-08-19,31.834999084472656,31.834999084472656,32.334999084472656,31.600000381469727,32.33000183105469,1418400
2010-08-20,31.90999984741211,31.90999984741211,31.98500061035156,31.559999465942383,31.614999771118164,1027000
2010-08-23,32.07500076293945,32.07500076293945,32.29999923706055,31.975000381469727,32.05500030517578,981400
2010-08-24,32.099998474121094,32.099998474121094,32.255001068115234,31.825000762939453,31.924999237060547,2494800
2010-08-25,32.380001068115234,32.380001068115234,32.625,31.934999465942383,31.96500015258789,2140800
2010-08-26,32.04999923706055,32.04999923706055,32.505001068115234,31.8700008392334,32.505001068115234,1708000
2010-08-27,32.720001220703125,32.720001220703125,32.77000045776367,32.095001220703125,32.14500045776367,1860000
2010-08-30,32.619998931884766,32.619998931884766,32.900001525878906,32.60499954223633,32.66999816894531,1590600
2010-08-31,32.310001373291016,32.310001373291016,32.525001525878906,32.130001068115234,32.5,2495800
2010-09-01,31.940000534057617,31.940000534057617,32.72999954223633,31.809999465942383,32.52000045776367,3146200
2010-09-02,31.9950008392334,31.9950008392334,32.15999984741211,31.71500015258789,32.095001220703125,2544000
2010-09-03,32.150001525878906,32.150001525878906,32.25,31.9950008392334,32.10499954223633,1935000
2010-09-07,32.26499938964844,32.26499938964844,32.630001068115234,31.905000686645508,32.11000061035156,1756800
2010-09-08,32.31999969482422,32.31999969482422,32.42499923706055,32.084999084472656,32.20500183105469,1144000
2010-09-09,32.45000076293945,32.45000076293945,32.689998626708984,32.41999816894531,32.59000015258789,1305600
2010-09-10,32.52000045776367,32.52000045776367,32.6150016784668,32.32500076293945,32.44499969482422,786200
2010-09-13,32.290000915527344,32.290000915527344,32.80500030517578,32.1150016784668,32.67499923706055,1419600
2010-09-14,31.600000381469727,31.600000381469727,32.375,31.530000686645508,32.224998474121094,3421600
2010-09-15,32.630001068115234,32.630001068115234,32.6349983215332,31.670000076293945,31.674999237060547,2555200
2010-09-16,32.35499954223633,32.35499954223633,32.654998779296875,32.150001525878906,32.525001525878906,1551000
2010-09-17,32.46500015258789,32.46500015258789,32.70500183105469,32.29999923706055,32.470001220703125,1528600
2010-09-20,32.994998931884766,32.994998931884766,33.09000015258789,32.53499984741211,32.61000061035156,1048200
2010-09-21,33.27000045776367,33.27000045776367,33.71500015258789,32.939998626708984,33.064998626708984,2550200
2010-09-22,33.04499816894531,33.04499816894531,33.220001220703125,32.880001068115234,33.220001220703125,1412200
2010-09-23,33.14500045776367,33.14500045776367,33.54499816894531,32.564998626708984,32.79499816894531,2198800
2010-09-24,33.814998626708984,33.814998626708984,34.224998474121094,33.38999938964844,33.41999816894531,2474600
2010-09-27,33.689998626708984,33.689998626708984,33.94499969482422,33.68000030517578,33.845001220703125,1726600
2010-09-28,34.2400016784668,34.2400016784668,34.275001525878906,33.65999984741211,33.77000045776367,2274200
2010-09-29,34.474998474121094,34.474998474121094,34.69499969482422,34.07500076293945,34.19499969482422,4090400
2010-09-30,34.51499938964844,34.51499938964844,34.709999084472656,34.279998779296875,34.6150016784668,2581200
2010-10-01,34.435001373291016,34.435001373291016,34.98500061035156,34.29999923706055,34.58000183105469,2566400
2010-10-04,34.119998931884766,34.119998931884766,34.435001373291016,33.939998626708984,34.435001373291016,1810800
2010-10-05,34.60499954223633,34.60499954223633,34.70500183105469,34.189998626708984,34.43000030517578,2813800
2010-10-06,34.76499938964844,34.76499938964844,34.834999084472656,34.5,34.564998626708984,2315400
2010-10-07,35.80500030517578,35.80500030517578,35.959999084472656,34.79499816894531,34.80500030517578,3964800
2010-10-08,36.06999969482422,36.06999969482422,36.15999984741211,35.790000915527344,35.8849983215332,2263600
2010-10-11,35.96500015258789,35.96500015258789,36.06999969482422,35.61000061035156,36.06499862670898,2069000
2010-10-12,35.415000915527344,35.415000915527344,35.724998474121094,35.25,35.275001525878906,2778400
2010-10-13,35.40999984741211,35.40999984741211,35.560001373291016,35.33000183105469,35.45000076293945,2657200
2010-10-14,35.81999969482422,35.81999969482422,36.025001525878906,35.39500045776367,35.51499938964844,1737400
2010-10-15,36.150001525878906,36.150001525878906,36.25,35.814998626708984,36.04499816894531,1731000
2010-10-18,36.21500015258789,36.21500015258789,36.29999923706055,35.470001220703125,36.09999847412109,2712400
2010-10-19,35.6150016784668,35.6150016784668,36.06999969482422,35.45000076293945,35.89500045776367,1815400
2010-10-20,36.130001068115234,36.130001068115234,36.22999954223633,35.345001220703125,35.630001068115234,2019200
2010-10-21,35.959999084472656,35.959999084472656,36.47999954223633,35.46500015258789,36.06999969482422,2204400
2010-10-22,35.82500076293945,35.82500076293945,36.040000915527344,35.76499938964844,35.94499969482422,1598000
2010-10-25,35.8849983215332,35.8849983215332,36.18000030517578,35.77000045776367,36.01499938964844,1198200
2010-10-26,35.64500045776367,35.64500045776367,35.79999923706055,35.42499923706055,35.69499969482422,1471000
2010-10-27,35.40999984741211,35.40999984741211,35.73500061035156,35.20500183105469,35.435001373291016,1608200
2010-10-28,35.584999084472656,35.584999084472656,35.66999816894531,35.345001220703125,35.56999969482422,1190400
2010-10-29,35.875,35.875,36.16999816894531,35.435001373291016,35.48500061035156,1312000
2010-11-01,36.334999084472656,36.334999084472656,36.5099983215332,36.02999877929688,36.03499984741211,1557400
2010-11-02,36.70000076293945,36.70000076293945,36.89500045776367,36.40499877929688,36.5,1604200
2010-11-03,36.02999877929688,36.02999877929688,36.77999877929688,35.834999084472656,36.67499923706055,1476600
2010-11-04,36.165000915527344,36.165000915527344,36.38999938964844,35.790000915527344,36.17499923706055,2388000
2010-11-05,35.8849983215332,35.8849983215332,36.36000061035156,33.34000015258789,35.15999984741211,2939000
2010-11-08,36.01499938964844,36.01499938964844,36.09999847412109,35.755001068115234,35.84000015258789,1153400
2010-11-09,36.04999923706055,36.04999923706055,36.29999923706055,35.93000030517578,36.005001068115234,1718000
2010-11-10,36.03499984741211,36.03499984741211,36.05500030517578,35.560001373291016,36.005001068115234,1817400
2010-11-11,36.80500030517578,36.80500030517578,36.834999084472656,35.814998626708984,35.83000183105469,1626800
2010-11-12,36.44499969482422,36.44499969482422,36.70500183105469,36.42499923706055,36.70500183105469,1600600
2010-11-15,36.01499938964844,36.01499938964844,36.435001373291016,36.0099983215332,36.435001373291016,1665600
2010-11-16,35.625,35.625,36.150001525878906,35.45000076293945,35.8849983215332,2351400
2010-11-17,35.68000030517578,35.68000030517578,36.19499969482422,35.459999084472656,35.595001220703125,3177200
2010-11-18,36.15999984741211,36.15999984741211,36.33000183105469,35.81999969482422,35.904998779296875,2010600
2010-11-19,36.54999923706055,36.54999923706055,36.75,36.11000061035156,36.19499969482422,1538400
2010-11-22,36.63999938964844,36.63999938964844,36.84000015258789,36.3849983215332,36.5099983215332,2512800
2010-11-23,36.17499923706055,36.17499923706055,36.334999084472656,36.01499938964844,36.334999084472656,1143400
2010-11-24,36.470001220703125,36.470001220703125,36.65499877929688,36.19499969482422,36.19499969482422,1893400
2010-11-26,36.21500015258789,36.21500015258789,36.46500015258789,36.18999862670898,36.34000015258789,427600
2010-11-29,36.13999938964844,36.13999938964844,36.334999084472656,35.755001068115234,36.10499954223633,943800
2010-11-30,36.34999847412109,36.34999847412109,36.58000183105469,35.775001525878906,35.98500061035156,1589000
2010-12-01,37.02000045776367,37.02000045776367,37.30500030517578,36.66999816894531,36.66999816894531,1105800
2010-12-02,37.05500030517578,37.05500030517578,37.25,36.959999084472656,37.01499938964844,1522400
2010-12-03,37.04499816894531,37.04499816894531,37.08000183105469,36.79499816894531,36.959999084472656,1486200
2010-12-06,36.70000076293945,36.70000076293945,37.09000015258789,36.68999862670898,37.04499816894531,778600
2010-12-07,36.10499954223633,36.10499954223633,36.935001373291016,35.98500061035156,36.84000015258789,2067600
2010-12-08,35.845001220703125,35.845001220703125,36.19499969482422,35.72999954223633,36.084999084472656,1872600
2010-12-09,35.79999923706055,35.79999923706055,36.084999084472656,35.665000915527344,35.869998931884766,1712200
2010-12-10,35.65999984741211,35.65999984741211,36.54499816894531,35.619998931884766,36.15499877929688,2215400
2010-12-13,35.36000061035156,35.36000061035156,35.82500076293945,35.18000030517578,35.689998626708984,2003000
2010-12-14,35.64500045776367,35.64500045776367,35.69499969482422,35.2400016784668,35.25,1265000
2010-12-15,35.369998931884766,35.369998931884766,36.1349983215332,35.30500030517578,35.60499954223633,1589800
2010-12-16,34.85499954223633,34.85499954223633,35.36000061035156,34.57500076293945,35.29999923706055,3123200
2010-12-17,35.005001068115234,35.005001068115234,35.19499969482422,34.564998626708984,34.76499938964844,2463400
2010-12-20,34.56999969482422,34.56999969482422,35.22999954223633,34.43000030517578,35.165000915527344,1334200
2010-12-21,34.66999816894531,34.66999816894531,35.064998626708984,34.6349983215332,34.67499923706055,1878600
2010-12-22,35.025001525878906,35.025001525878906,35.099998474121094,34.56999969482422,34.63999938964844,1317800
2010-12-23,34.709999084472656,34.709999084472656,35.02000045776367,34.689998626708984,34.92499923706055,544200
2010-12-27,34.76499938964844,34.76499938964844,34.915000915527344,34.53499984741211,34.709999084472656,623000
2010-12-28,34.73500061035156,34.73500061035156,34.78499984741211,34.404998779296875,34.76499938964844,975800
2010-12-29,34.52000045776367,34.52000045776367,34.755001068115234,34.52000045776367,34.75,1204200
2010-12-30,34.89500045776367,34.89500045776367,35.0099983215332,34.525001525878906,34.53499984741211,1061000
2010-12-31,34.744998931884766,34.744998931884766,34.959999084472656,34.66999816894531,34.834999084472656,809400
2011-01-03,34.654998779296875,34.654998779296875,35.18000030517578,34.619998931884766,34.939998626708984,1857600
2011-01-04,35.15999984741211,35.15999984741211,35.209999084472656,34.54999923706055,34.814998626708984,2047200
2011-01-05,34.72999954223633,34.72999954223633,35.14500045776367,34.685001373291016,35.084999084472656,1959200
2011-01-06,34.53499984741211,34.53499984741211,34.92499923706055,34.505001068115234,34.71500015258789,1847200
2011-01-07,34.61000061035156,34.61000061035156,34.71500015258789,34.06999969482422,34.525001525878906,1295400
2011-01-10,34.69499969482422,34.69499969482422,34.72999954223633,34.42499923706055,34.46500015258789,1217200
2011-01-11,35.0,35.0,35.209999084472656,34.75,34.82500076293945,951000
2011-01-12,34.85499954223633,34.85499954223633,35.064998626708984,34.564998626708984,35.064998626708984,1180400
2011-01-13,35.10499954223633,35.10499954223633,35.10499954223633,34.78499984741211,34.85499954223633,950200
2011-01-14,35.60499954223633,35.60499954223633,35.654998779296875,35.025001525878906,35.04999923706055,2117600
2011-01-18,35.630001068115234,35.630001068115234,35.70500183105469,35.15999984741211,35.505001068115234,2846800
2011-01-19,35.564998626708984,35.564998626708984,35.7599983215332,35.290000915527344,35.474998474121094,1295800
2011-01-20,35.41999816894531,35.41999816894531,35.724998474121094,35.255001068115234,35.52000045776367,1337000
2011-01-21,35.349998474121094,35.349998474121094,35.70500183105469,35.130001068115234,35.6150016784668,2195000
2011-01-24,35.334999084472656,35.334999084472656,35.59000015258789,35.17499923706055,35.375,743000
2011-01-25,36.71500015258789,36.71500015258789,37.09999847412109,35.34000015258789,35.40999984741211,2752000
2011-01-26,36.755001068115234,36.755001068115234,36.8849983215332,36.48500061035156,36.71500015258789,1377800
2011-01-27,37.65499877929688,37.65499877929688,38.04999923706055,36.665000915527344,36.7599983215332,2636800
2011-01-28,37.13999938964844,37.13999938964844,37.77999877929688,36.959999084472656,37.65999984741211,1454200
2011-01-31,36.92499923706055,36.92499923706055,37.41999816894531,36.78499984741211,37.150001525878906,1929200
2011-02-01,37.375,37.375,37.69499969482422,37.025001525878906,37.06499862670898,1567600
2011-02-02,37.30500030517578,37.30500030517578,37.45500183105469,37.2400016784668,37.345001220703125,791600
2011-02-03,37.43000030517578,37.43000030517578,37.584999084472656,36.97999954223633,37.209999084472656,922600
2011-02-04,38.27999877929688,38.27999877929688,39.13999938964844,38.04999923706055,38.11000061035156,2122600
2011-02-07,37.97999954223633,37.97999954223633,38.619998931884766,37.91999816894531,38.31999969482422,1160400
2011-02-08,38.380001068115234,38.380001068115234,38.3849983215332,37.994998931884766,38.04499816894531,1129800
2011-02-09,37.994998931884766,37.994998931884766,38.33000183105469,37.84999847412109,38.25,1203200
2011-02-10,38.084999084472656,38.084999084472656,38.095001220703125,37.720001220703125,37.88999938964844,1039400
2011-02-11,39.255001068115234,39.255001068115234,39.84999847412109,38.43999862670898,38.51499938964844,3085000
2011-02-14,39.27999877929688,39.27999877929688,39.3650016784668,38.834999084472656,39.23500061035156,2300800
2011-02-15,39.55500030517578,39.55500030517578,39.59999847412109,38.75,39.025001525878906,1920600
2011-02-16,40.04999923706055,40.04999923706055,40.15999984741211,39.59000015258789,39.630001068115234,1822000
2011-02-17,40.02000045776367,40.02000045776367,40.04499816894531,39.60499954223633,39.83000183105469,1512000
2011-02-18,39.834999084472656,39.834999084472656,40.209999084472656,39.720001220703125,40.02999877929688,1954400
2011-02-22,39.15499877929688,39.15499877929688,39.75,39.09999847412109,39.43999862670898,1322400
2011-02-23,38.80500030517578,38.80500030517578,39.22999954223633,38.52000045776367,39.185001373291016,1724800
2011-02-24,38.7599983215332,38.7599983215332,39.02999877929688,38.540000915527344,38.73500061035156,1389400
2011-02-25,39.290000915527344,39.290000915527344,39.30500030517578,38.875,38.90499877929688,910200
2011-02-28,39.685001373291016,39.685001373291016,39.685001373291016,39.20000076293945,39.380001068115234,1802800
2011-03-01,39.76499938964844,39.76499938964844,40.150001525878906,39.650001525878906,39.755001068115234,1485400
2011-03-02,40.32500076293945,40.32500076293945,40.51499938964844,39.58000183105469,39.70500183105469,1319000
2011-03-03,40.400001525878906,40.400001525878906,40.79999923706055,40.290000915527344,40.70500183105469,1282200
2011-03-04,41.880001068115234,41.880001068115234,42.31999969482422,40.43000030517578,40.459999084472656,3768400
2011-03-07,41.2400016784668,41.2400016784668,42.22499847412109,41.0,41.97999954223633,1656400
2011-03-08,41.560001373291016,41.560001373291016,41.84999847412109,41.369998931884766,41.369998931884766,1490600
2011-03-09,41.15999984741211,41.15999984741211,41.53499984741211,41.14500045776367,41.5,1421600
2011-03-10,40.44499969482422,40.44499969482422,40.959999084472656,40.29499816894531,40.959999084472656,1999600
2011-03-11,40.88999938964844,40.88999938964844,41.06499862670898,40.18000030517578,40.34999847412109,1634600
2011-03-14,40.77999877929688,40.77999877929688,40.95500183105469,40.45500183105469,40.720001220703125,1177200
2011-03-15,40.26499938964844,40.26499938964844,40.5099983215332,39.875,40.220001220703125,2062000
2011-03-16,39.685001373291016,39.685001373291016,40.34999847412109,39.5,40.17499923706055,2031200
2011-03-17,40.27999877929688,40.27999877929688,40.46500015258789,39.875,40.26499938964844,1850000
2011-03-18,39.8849983215332,39.8849983215332,40.64500045776367,39.790000915527344,40.57500076293945,2126400
2011-03-21,39.86000061035156,39.86000061035156,40.29999923706055,39.595001220703125,40.255001068115234,1422400
2011-03-22,40.810001373291016,40.810001373291016,41.0099983215332,39.875,40.14500045776367,2016400
2011-03-23,41.435001373291016,41.435001373291016,41.685001373291016,40.619998931884766,40.67499923706055,2071600
2011-03-24,41.41999816894531,41.41999816894531,41.525001525878906,41.06999969482422,41.52000045776367,1349600
2011-03-25,41.59000015258789,41.59000015258789,41.85499954223633,41.42499923706055,41.5,834200
2011-03-28,41.505001068115234,41.505001068115234,41.875,41.4900016784668,41.64500045776367,878000
2011-03-29,41.505001068115234,41.505001068115234,41.5099983215332,41.16999816894531,41.345001220703125,1244200
2011-03-30,42.06499862670898,42.06499862670898,42.15999984741211,41.494998931884766,41.66999816894531,1079800
2011-03-31,42.755001068115234,42.755001068115234,42.94499969482422,41.98500061035156,41.98500061035156,2098600
2011-04-01,43.26499938964844,43.26499938964844,43.67499923706055,42.79999923706055,43.03499984741211,2269200
2011-04-04,43.3849983215332,43.3849983215332,44.040000915527344,43.10499954223633,43.470001220703125,2013400
2011-04-05,43.1349983215332,43.1349983215332,43.41999816894531,43.10499954223633,43.375,1518000
2011-04-06,43.46500015258789,43.46500015258789,43.52999877929688,43.25,43.25,1266400
2011-04-07,43.47999954223633,43.47999954223633,43.76499938964844,43.25,43.400001525878906,1045000
2011-04-08,43.334999084472656,43.334999084472656,43.88999938964844,43.17499923706055,43.72999954223633,1122000
2011-04-11,43.31499862670898,43.31499862670898,43.45000076293945,42.95000076293945,43.2400016784668,1339000
2011-04-12,43.220001220703125,43.220001220703125,43.7400016784668,43.08000183105469,43.27999877929688,1251600
2011-04-13,43.34999847412109,43.34999847412109,43.4900016784668,43.08000183105469,43.310001373291016,1399600
2011-04-14,43.47499847412109,43.47499847412109,43.54999923706055,42.96500015258789,43.17499923706055,1388800
2011-04-15,43.52000045776367,43.52000045776367,43.8849983215332,43.3650016784668,43.60499954223633,1700600
2011-04-18,43.060001373291016,43.060001373291016,43.25,42.665000915527344,43.18000030517578,1202000
2011-04-19,43.3849983215332,43.3849983215332,43.42499923706055,42.84000015258789,43.07500076293945,1500400
2011-04-20,43.69499969482422,43.69499969482422,44.084999084472656,43.5099983215332,43.75,1354600
2011-04-21,43.86000061035156,43.86000061035156,44.06499862670898,43.665000915527344,43.79499816894531,3079600
2011-04-25,43.98500061035156,43.98500061035156,44.165000915527344,43.59999847412109,43.84000015258789,1052000
2011-04-26,43.90999984741211,43.90999984741211,44.494998931884766,43.845001220703125,44.04999923706055,1549800
2011-04-27,43.92499923706055,43.92499923706055,44.08000183105469,43.64500045776367,44.025001525878906,2242800
2011-04-28,44.09000015258789,44.09000015258789,44.09999847412109,43.709999084472656,43.91999816894531,1974600
2011-04-29,44.04499816894531,44.04499816894531,44.18000030517578,43.90499877929688,44.06999969482422,1890000
2011-05-02,44.584999084472656,44.584999084472656,44.790000915527344,44.11000061035156,44.2400016784668,3609600
2011-05-03,42.95000076293945,42.95000076293945,44.5,42.29999923706055,44.4900016784668,6721400
2011-05-04,42.70000076293945,42.70000076293945,43.130001068115234,42.584999084472656,42.98500061035156,1993400
2011-05-05,42.23500061035156,42.23500061035156,42.84999847412109,41.93999862670898,42.59999847412109,2732400
2011-05-06,42.18000030517578,42.18000030517578,42.75,41.84999847412109,42.30500030517578,2186400
2011-05-09,41.900001525878906,41.900001525878906,42.27999877929688,41.67499923706055,42.14500045776367,2531000
2011-05-10,42.720001220703125,42.720001220703125,42.875,41.97499847412109,42.095001220703125,2966000
2011-05-11,42.875,42.875,42.970001220703125,42.4900016784668,42.72499847412109,1381600
2011-05-12,43.310001373291016,43.310001373291016,43.415000915527344,42.66999816894531,42.78499984741211,2451400
2011-05-13,42.79499816894531,42.79499816894531,43.345001220703125,42.65999984741211,43.30500030517578,1433800
2011-05-16,42.69499969482422,42.69499969482422,43.01499938964844,42.310001373291016,42.70000076293945,1002000
2011-05-17,43.02000045776367,43.02000045776367,43.07500076293945,42.41999816894531,42.595001220703125,1433800
2011-05-18,43.32500076293945,43.32500076293945,43.47999954223633,43.0,43.02000045776367,1110600
2011-05-19,43.345001220703125,43.345001220703125,43.54499816894531,43.14500045776367,43.415000915527344,879400
2011-05-20,42.810001373291016,42.810001373291016,43.43999862670898,42.63999938964844,43.43999862670898,1357600
2011-05-23,42.244998931884766,42.244998931884766,42.47999954223633,41.68999862670898,42.459999084472656,1429200
2011-05-24,41.82500076293945,41.82500076293945,42.34999847412109,41.82500076293945,42.33000183105469,1044600
2011-05-25,41.72499847412109,41.72499847412109,41.94499969482422,41.60499954223633,41.68999862670898,1686000
2011-05-26,41.970001220703125,41.970001220703125,42.1349983215332,41.435001373291016,41.61000061035156,1731800
2011-05-27,41.810001373291016,41.810001373291016,42.04499816894531,41.665000915527344,42.04499816894531,1249400
2011-05-31,42.025001525878906,42.025001525878906,42.13999938964844,41.869998931884766,42.13999938964844,2275200
2011-06-01,41.95000076293945,41.95000076293945,42.15499877929688,41.845001220703125,41.97999954223633,1531200
2011-06-02,42.209999084472656,42.209999084472656,42.27000045776367,41.744998931884766,41.93999862670898,1341400
2011-06-03,41.84999847412109,41.84999847412109,42.060001373291016,41.52000045776367,41.845001220703125,1776000
2011-06-06,41.46500015258789,41.46500015258789,41.71500015258789,41.36000061035156,41.70500183105469,1157400
2011-06-07,41.34999847412109,41.34999847412109,41.72999954223633,41.34999847412109,41.540000915527344,1216800
2011-06-08,41.630001068115234,41.630001068115234,41.75,41.255001068115234,41.39500045776367,1540600
2011-06-09,42.0099983215332,42.0099983215332,42.22499847412109,41.540000915527344,41.57500076293945,1145800
2011-06-10,41.51499938964844,41.51499938964844,41.935001373291016,41.40999984741211,41.86000061035156,1046400
2011-06-13,41.595001220703125,41.595001220703125,41.89500045776367,41.56499862670898,41.625,937400
2011-06-14,41.915000915527344,41.915000915527344,41.959999084472656,41.52000045776367,41.84999847412109,1128600
2011-06-15,41.60499954223633,41.60499954223633,42.02999877929688,41.47499847412109,41.685001373291016,1057800
2011-06-16,42.1150016784668,42.1150016784668,42.34999847412109,41.68000030517578,41.77000045776367,1879000
2011-06-17,42.03499984741211,42.03499984741211,42.54999923706055,41.96500015258789,42.34999847412109,1729400
2011-06-20,42.470001220703125,42.470001220703125,42.54499816894531,42.025001525878906,42.025001525878906,1819800
2011-06-21,42.369998931884766,42.369998931884766,42.75,42.275001525878906,42.66999816894531,1511200
2011-06-22,42.5099983215332,42.5099983215332,42.709999084472656,42.15999984741211,42.18999862670898,1831600
2011-06-23,42.19499969482422,42.19499969482422,42.35499954223633,41.5,42.119998931884766,1515800
2011-06-24,41.97999954223633,41.97999954223633,43.084999084472656,41.45000076293945,42.16999816894531,3662800
2011-06-27,42.44499969482422,42.44499969482422,42.505001068115234,41.68999862670898,41.88999938964844,1773600
2011-06-28,42.755001068115234,42.755001068115234,43.04999923706055,42.43999862670898,42.45000076293945,1528200
2011-06-29,42.77000045776367,42.77000045776367,42.900001525878906,42.5099983215332,42.900001525878906,1177400
2011-06-30,43.30500030517578,43.30500030517578,43.369998931884766,42.86000061035156,42.86000061035156,1034600
2011-07-01,43.59999847412109,43.59999847412109,43.73500061035156,43.09999847412109,43.334999084472656,1688400
2011-07-05,44.025001525878906,44.025001525878906,44.505001068115234,43.755001068115234,43.755001068115234,1959600
2011-07-06,44.25,44.25,44.34999847412109,43.810001373291016,44.040000915527344,919000
2011-07-07,44.68000030517578,44.68000030517578,44.880001068115234,44.290000915527344,44.46500015258789,1064800
2011-07-08,44.334999084472656,44.334999084472656,44.5,43.95000076293945,44.5,904600
2011-07-11,43.5,43.5,44.084999084472656,43.375,43.98500061035156,1135400
2011-07-12,43.7599983215332,43.7599983215332,44.06499862670898,43.56499862670898,43.56499862670898,876200
2011-07-13,43.595001220703125,43.595001220703125,44.1349983215332,43.44499969482422,43.869998931884766,708000
2011-07-14,43.5,43.5,43.89500045776367,43.39500045776367,43.60499954223633,737200
2011-07-15,43.54999923706055,43.54999923706055,43.77999877929688,43.30500030517578,43.63999938964844,913200
2011-07-18,42.92499923706055,42.92499923706055,43.584999084472656,42.66999816894531,43.47999954223633,1272600
2011-07-19,43.30500030517578,43.30500030517578,43.8849983215332,43.10499954223633,43.52000045776367,1252800
2011-07-20,43.16999816894531,43.16999816894531,43.44499969482422,42.89500045776367,43.185001373291016,652200
2011-07-21,43.34999847412109,43.34999847412109,43.88999938964844,43.29499816894531,43.39500045776367,1309600
2011-07-22,42.94499969482422,42.94499969482422,43.43000030517578,42.900001525878906,43.255001068115234,726400
2011-07-25,42.45000076293945,42.45000076293945,42.86000061035156,42.435001373291016,42.709999084472656,938800
2011-07-26,42.084999084472656,42.084999084472656,42.41999816894531,41.93999862670898,42.23500061035156,1028800
2011-07-27,41.32500076293945,41.32500076293945,41.900001525878906,41.27000045776367,41.900001525878906,1186000
2011-07-28,41.52999877929688,41.52999877929688,41.73500061035156,41.16999816894531,41.5,1967600
2011-07-29,41.77000045776367,41.77000045776367,42.119998931884766,41.095001220703125,41.4900016784668,2736600
2011-08-01,39.834999084472656,39.834999084472656,41.93999862670898,39.3849983215332,41.93999862670898,4685400
2011-08-02,39.86000061035156,39.86000061035156,40.560001373291016,39.5,39.52000045776367,3154000
2011-08-03,39.21500015258789,39.21500015258789,40.3650016784668,38.90499877929688,39.84999847412109,3681200
2011-08-04,38.90499877929688,38.90499877929688,41.95500183105469,38.69499969482422,41.38999938964844,7629000
2011-08-05,39.13999938964844,39.13999938964844,39.70000076293945,38.310001373291016,39.18000030517578,4900800
2011-08-08,35.790000915527344,35.790000915527344,39.0099983215332,35.400001525878906,38.14500045776367,6294200
2011-08-09,37.185001373291016,37.185001373291016,37.20500183105469,35.185001373291016,36.119998931884766,3708600
2011-08-10,35.435001373291016,35.435001373291016,37.08000183105469,35.3650016784668,36.720001220703125,2904600
2011-08-11,36.20000076293945,36.20000076293945,36.6349983215332,35.369998931884766,35.505001068115234,4927200
2011-08-12,36.3849983215332,36.3849983215332,36.845001220703125,36.08000183105469,36.3650016784668,3338200
2011-08-15,37.33000183105469,37.33000183105469,37.494998931884766,36.53499984741211,36.6150016784668,2469000
2011-08-16,37.04499816894531,37.04499816894531,37.68000030517578,36.810001373291016,37.14500045776367,2663600
2011-08-17,36.720001220703125,36.720001220703125,37.56999969482422,36.595001220703125,37.18999862670898,1436600
2011-08-18,35.29499816894531,35.29499816894531,36.18000030517578,34.9900016784668,36.16999816894531,2534400
2011-08-19,34.81999969482422,34.81999969482422,35.654998779296875,34.630001068115234,34.85499954223633,3144200
2011-08-22,34.64500045776367,34.64500045776367,35.44499969482422,34.52000045776367,35.44499969482422,1848000
2011-08-23,35.849998474121094,35.849998474121094,35.8650016784668,34.39500045776367,34.790000915527344,3442000
2011-08-24,35.790000915527344,35.790000915527344,35.95000076293945,35.119998931884766,35.720001220703125,1988200
2011-08-25,34.77000045776367,34.77000045776367,36.06499862670898,34.6349983215332,36.0,2822800
2011-08-26,35.970001220703125,35.970001220703125,35.97999954223633,33.86000061035156,34.54999923706055,2273200
2011-08-29,37.08000183105469,37.08000183105469,37.14500045776367,36.165000915527344,36.25,1855000
2011-08-30,36.9900016784668,36.9900016784668,37.255001068115234,36.560001373291016,36.84000015258789,1259200
2011-08-31,36.790000915527344,36.790000915527344,37.53499984741211,36.45500183105469,37.165000915527344,1900800
2011-09-01,36.650001525878906,36.650001525878906,37.66999816894531,36.60499954223633,36.869998931884766,1603200
2011-09-02,35.68000030517578,35.68000030517578,36.55500030517578,35.60499954223633,36.1150016784668,1981800
2011-09-06,36.02000045776367,36.02000045776367,36.20500183105469,34.599998474121094,34.7599983215332,1892400
2011-09-07,37.375,37.375,37.51499938964844,36.27000045776367,36.275001525878906,2265400
2011-09-08,36.68000030517578,36.68000030517578,37.494998931884766,36.63999938964844,37.09999847412109,1724600
2011-09-09,35.68000030517578,35.68000030517578,36.4900016784668,35.45500183105469,36.45500183105469,2243800
2011-09-12,35.88999938964844,35.88999938964844,35.95000076293945,35.084999084472656,35.26499938964844,1924000
2011-09-13,35.935001373291016,35.935001373291016,36.04999923706055,35.41999816894531,35.900001525878906,2107200
2011-09-14,36.5099983215332,36.5099983215332,37.084999084472656,35.45000076293945,36.15499877929688,1731200
2011-09-15,37.005001068115234,37.005001068115234,37.04499816894531,36.095001220703125,36.89500045776367,2901200
2011-09-16,36.47499847412109,36.47499847412109,37.2400016784668,36.27999877929688,37.16999816894531,3160600
2011-09-19,36.48500061035156,36.48500061035156,36.73500061035156,35.625,36.04499816894531,2264000
2011-09-20,36.709999084472656,36.709999084472656,37.380001068115234,36.42499923706055,36.65999984741211,1984000
2011-09-21,36.185001373291016,36.185001373291016,37.23500061035156,36.16999816894531,36.77000045776367,2592800
2011-09-22,34.58000183105469,34.58000183105469,35.650001525878906,34.34000015258789,35.474998474121094,3509800
2011-09-23,33.970001220703125,33.970001220703125,34.650001525878906,33.78499984741211,34.3849983215332,3196400
2011-09-26,34.66999816894531,34.66999816894531,34.71500015258789,33.64500045776367,34.13999938964844,2273800
2011-09-27,35.755001068115234,35.755001068115234,36.415000915527344,34.95500183105469,35.369998931884766,3219000
2011-09-28,34.4900016784668,34.4900016784668,35.77000045776367,34.45000076293945,35.724998474121094,2179000
2011-09-29,31.46500015258789,31.46500015258789,34.02000045776367,29.80500030517578,33.9900016784668,12025800
2011-09-30,31.334999084472656,31.334999084472656,32.61000061035156,30.89999961853028,30.95499992370605,4865000
2011-10-03,30.31999969482422,30.31999969482422,31.420000076293945,30.2450008392334,31.100000381469727,4184200
2011-10-04,30.48500061035156,30.48500061035156,30.645000457763672,29.56999969482422,29.8700008392334,3200000
2011-10-05,31.32999992370605,31.32999992370605,31.475000381469727,30.23500061035156,30.729999542236328,2751200
2011-10-06,32.23500061035156,32.23500061035156,32.279998779296875,30.655000686645508,31.184999465942383,2633600
2011-10-07,30.84499931335449,30.84499931335449,32.26499938964844,30.7549991607666,32.22999954223633,3367600
2011-10-10,31.52499961853028,31.52499961853028,31.76000022888184,31.19499969482422,31.45499992370605,3100400
2011-10-11,31.90999984741211,31.90999984741211,32.07500076293945,31.375,31.45499992370605,1851600
2011-10-12,31.780000686645508,31.780000686645508,32.4900016784668,31.76000022888184,32.1349983215332,1843600
2011-10-13,31.450000762939453,31.450000762939453,31.975000381469727,30.96500015258789,31.71999931335449,2102800
2011-10-14,31.530000686645508,31.530000686645508,32.005001068115234,31.31999969482422,31.94499969482422,1993000
2011-10-17,30.81999969482422,30.81999969482422,31.600000381469727,30.7450008392334,31.20499992370605,1602200
2011-10-18,32.69499969482422,32.69499969482422,33.27000045776367,31.77499961853028,32.5,6062000
2011-10-19,33.375,33.375,34.0,32.71500015258789,32.71500015258789,4747800
2011-10-20,33.494998931884766,33.494998931884766,33.685001373291016,33.05500030517578,33.23500061035156,3376800
2011-10-21,34.60499954223633,34.60499954223633,34.724998474121094,33.67499923706055,33.96500015258789,2540800
2011-10-24,34.400001525878906,34.400001525878906,34.82500076293945,33.959999084472656,34.5099983215332,2783400
2011-10-25,33.994998931884766,33.994998931884766,34.494998931884766,33.279998779296875,33.59000015258789,3037400
2011-10-26,34.404998779296875,34.404998779296875,34.685001373291016,33.85499954223633,34.52000045776367,2390400
2011-10-27,36.0099983215332,36.0099983215332,36.20000076293945,35.005001068115234,35.150001525878906,2909600
2011-10-28,36.34999847412109,36.34999847412109,36.459999084472656,35.58000183105469,35.775001525878906,2282200
2011-10-31,35.0,35.0,36.20500183105469,34.994998931884766,36.20500183105469,1678000
2011-11-01,34.11000061035156,34.11000061035156,34.345001220703125,33.45500183105469,34.04499816894531,2298600
2011-11-02,35.06999969482422,35.06999969482422,35.3650016784668,34.334999084472656,34.599998474121094,1807800
2011-11-03,36.7599983215332,36.7599983215332,37.435001373291016,35.52000045776367,35.650001525878906,4903400
2011-11-04,36.98500061035156,36.98500061035156,37.470001220703125,35.3849983215332,36.35499954223633,2748600
2011-11-07,37.04999923706055,37.04999923706055,37.58000183105469,36.380001068115234,36.89500045776367,1462800
2011-11-08,37.22999954223633,37.22999954223633,37.53499984741211,36.64500045776367,37.29999923706055,1578000
2011-11-09,36.34000015258789,36.34000015258789,36.84999847412109,36.15499877929688,36.220001220703125,1899600
2011-11-10,36.69499969482422,36.69499969482422,36.95500183105469,36.27000045776367,36.630001068115234,1372000
2011-11-11,37.16999816894531,37.16999816894531,37.375,36.959999084472656,37.06499862670898,1490200
2011-11-14,36.915000915527344,36.915000915527344,37.18000030517578,36.59000015258789,36.98500061035156,943000
2011-11-15,36.83000183105469,36.83000183105469,37.11000061035156,36.400001525878906,36.89500045776367,1183200
2011-11-16,36.67499923706055,36.67499923706055,37.400001525878906,35.904998779296875,36.20500183105469,2168800
2011-11-17,35.630001068115234,35.630001068115234,36.56999969482422,35.41999816894531,36.53499984741211,1951400
2011-11-18,36.685001373291016,36.685001373291016,36.80500030517578,35.755001068115234,35.8650016784668,2872400
2011-11-21,36.34000015258789,36.34000015258789,36.46500015258789,35.6150016784668,35.9900016784668,2348800
2011-11-22,36.51499938964844,36.51499938964844,36.69499969482422,35.92499923706055,36.3849983215332,2720000
2011-11-23,36.18000030517578,36.18000030517578,36.415000915527344,35.89500045776367,36.165000915527344,1842200
2011-11-25,36.42499923706055,36.42499923706055,36.915000915527344,35.89500045776367,35.94499969482422,907800
2011-11-28,37.22999954223633,37.22999954223633,37.65499877929688,36.93999862670898,37.040000915527344,1855600
2011-11-29,37.084999084472656,37.084999084472656,37.775001525878906,36.93000030517578,37.255001068115234,1679800
2011-11-30,38.09000015258789,38.09000015258789,38.130001068115234,37.470001220703125,37.84999847412109,2630800
2011-12-01,38.310001373291016,38.310001373291016,38.665000915527344,37.97999954223633,38.18999862670898,2093600
2011-12-02,38.40499877929688,38.40499877929688,38.869998931884766,38.31999969482422,38.625,1965400
2011-12-05,38.20500183105469,38.20500183105469,39.06999969482422,37.68000030517578,38.93000030517578,2030800
2011-12-06,37.82500076293945,37.82500076293945,38.22999954223633,37.625,38.025001525878906,1128200
2011-12-07,37.709999084472656,37.709999084472656,37.90999984741211,37.18000030517578,37.560001373291016,1059000
2011-12-08,36.959999084472656,36.959999084472656,37.845001220703125,36.900001525878906,37.584999084472656,844200
2011-12-09,37.30500030517578,37.30500030517578,37.35499954223633,36.92499923706055,37.14500045776367,1584800
2011-12-12,36.63999938964844,36.63999938964844,37.2599983215332,36.4900016784668,37.09000015258789,890000
2011-12-13,36.380001068115234,36.380001068115234,37.220001220703125,36.25,36.875,1524400
2011-12-14,36.30500030517578,36.30500030517578,36.525001525878906,36.22999954223633,36.375,1168600
2011-12-15,36.91999816894531,36.91999816894531,37.20000076293945,36.59000015258789,36.68000030517578,1345400
2011-12-16,37.07500076293945,37.07500076293945,37.4900016784668,36.85499954223633,37.255001068115234,1412000
2011-12-19,36.560001373291016,36.560001373291016,37.334999084472656,36.435001373291016,37.10499954223633,926800
2011-12-20,37.34000015258789,37.34000015258789,37.40499877929688,37.0099983215332,37.18000030517578,1042600
2011-12-21,37.47499847412109,37.47499847412109,37.7400016784668,37.095001220703125,37.3650016784668,954400
2011-12-22,37.95500183105469,37.95500183105469,38.125,37.42499923706055,37.625,1085000
2011-12-23,38.244998931884766,38.244998931884766,38.25,37.76499938964844,38.04999923706055,636400
2011-12-27,38.209999084472656,38.209999084472656,38.45500183105469,37.9900016784668,38.22499847412109,482600
2011-12-28,37.67499923706055,37.67499923706055,38.3650016784668,37.60499954223633,38.28499984741211,457800
2011-12-29,37.97499847412109,37.97499847412109,38.03499984741211,37.55500030517578,37.790000915527344,550600
2011-12-30,37.90499877929688,37.90499877929688,38.165000915527344,37.90499877929688,38.02999877929688,525000
2012-01-03,38.56499862670898,38.56499862670898,38.95500183105469,38.334999084472656,38.65499877929688,781600
2012-01-04,38.665000915527344,38.665000915527344,38.72999954223633,38.32500076293945,38.525001525878906,1018800
2012-01-05,38.78499984741211,38.78499984741211,38.84000015258789,38.29999923706055,38.494998931884766,1089600
2012-01-06,38.90999984741211,38.90999984741211,39.27000045776367,38.70000076293945,38.78499984741211,528800
2012-01-09,38.89500045776367,38.89500045776367,39.125,38.64500045776367,39.09000015258789,979800
2012-01-10,39.310001373291016,39.310001373291016,39.45000076293945,39.11000061035156,39.27000045776367,1069000
2012-01-11,39.27999877929688,39.27999877929688,39.34000015258789,38.900001525878906,39.30500030517578,1078000
2012-01-12,39.43999862670898,39.43999862670898,39.525001525878906,38.994998931884766,39.36000061035156,1229200
2012-01-13,39.22499847412109,39.22499847412109,39.3849983215332,38.810001373291016,39.19499969482422,718400
2012-01-17,39.3650016784668,39.3650016784668,39.7400016784668,39.20000076293945,39.43000030517578,655600
2012-01-18,39.22499847412109,39.22499847412109,39.5,39.10499954223633,39.28499984741211,1040400
2012-01-19,39.875,39.875,39.994998931884766,39.14500045776367,39.36000061035156,1382400
2012-01-20,39.8849983215332,39.8849983215332,40.63999938964844,39.66999816894531,39.92499923706055,1527200
2012-01-23,40.220001220703125,40.220001220703125,40.29499816894531,39.88999938964844,39.90999984741211,1660800
2012-01-24,40.435001373291016,40.435001373291016,40.56499862670898,40.07500076293945,40.07500076293945,676600
2012-01-25,40.93000030517578,40.93000030517578,41.0099983215332,40.0,40.27000045776367,1020000
2012-01-26,40.45000076293945,40.45000076293945,41.56499862670898,40.26499938964844,41.130001068115234,1117000
2012-01-27,40.57500076293945,40.57500076293945,40.77000045776367,40.33000183105469,40.4900016784668,1570600
2012-01-30,40.70000076293945,40.70000076293945,40.70000076293945,40.0,40.290000915527344,1013200
2012-01-31,40.90499877929688,40.90499877929688,41.334999084472656,40.77000045776367,40.97499847412109,1008200
2012-02-01,41.94499969482422,41.94499969482422,42.20000076293945,41.17499923706055,41.36000061035156,1733000
2012-02-02,41.435001373291016,41.435001373291016,41.93999862670898,41.244998931884766,41.93999862670898,1142800
2012-02-03,41.959999084472656,41.959999084472656,42.03499984741211,41.584999084472656,41.790000915527344,995000
2012-02-06,42.1150016784668,42.1150016784668,42.13999938964844,41.43999862670898,41.76499938964844,1952400
2012-02-07,41.89500045776367,41.89500045776367,42.32500076293945,41.52000045776367,42.03499984741211,1101000
2012-02-08,41.84999847412109,41.84999847412109,42.060001373291016,41.43999862670898,41.97999954223633,1144400
2012-02-09,42.005001068115234,42.005001068115234,42.040000915527344,41.34000015258789,41.90999984741211,1907800
2012-02-10,41.98500061035156,41.98500061035156,42.005001068115234,41.39500045776367,41.77000045776367,853800
2012-02-13,41.97999954223633,41.97999954223633,42.165000915527344,41.65499877929688,42.13999938964844,1352400
2012-02-14,42.375,42.375,42.46500015258789,41.8650016784668,41.900001525878906,2200400
2012-02-15,42.94499969482422,42.94499969482422,43.7400016784668,42.560001373291016,43.334999084472656,1625400
2012-02-16,42.7400016784668,42.7400016784668,43.005001068115234,42.56999969482422,42.875,1404400
2012-02-17,42.86000061035156,42.86000061035156,44.45000076293945,42.57500076293945,44.21500015258789,3054000
2012-02-21,43.0,43.0,43.31499862670898,42.525001525878906,42.96500015258789,1790400
2012-02-22,42.959999084472656,42.959999084472656,43.07500076293945,42.64500045776367,43.04999923706055,1971000
2012-02-23,42.98500061035156,42.98500061035156,43.01499938964844,42.68999862670898,42.970001220703125,1459200
2012-02-24,43.400001525878906,43.400001525878906,43.5,42.82500076293945,42.93000030517578,1303200
2012-02-27,43.10499954223633,43.10499954223633,43.435001373291016,42.97499847412109,43.17499923706055,1666600
2012-02-28,43.380001068115234,43.380001068115234,43.48500061035156,42.90499877929688,43.18000030517578,1111600
2012-02-29,43.275001525878906,43.275001525878906,43.525001525878906,43.20000076293945,43.34999847412109,1423000
2012-03-01,43.40999984741211,43.40999984741211,43.494998931884766,43.13999938964844,43.334999084472656,913200
2012-03-02,43.3650016784668,43.3650016784668,43.51499938964844,43.19499969482422,43.36000061035156,1099600
2012-03-05,43.29999923706055,43.29999923706055,43.65499877929688,43.21500015258789,43.21500015258789,1308600
2012-03-06,42.92499923706055,42.92499923706055,43.275001525878906,42.79999923706055,43.060001373291016,1607200
2012-03-07,43.28499984741211,43.28499984741211,43.45000076293945,42.93000030517578,43.0,872000
2012-03-08,43.900001525878906,43.900001525878906,44.21500015258789,43.380001068115234,43.52999877929688,1256400
2012-03-09,43.11000061035156,43.11000061035156,44.494998931884766,43.05500030517578,43.97499847412109,2956800
2012-03-12,43.125,43.125,43.185001373291016,42.65499877929688,43.09999847412109,1628600
2012-03-13,43.59000015258789,43.59000015258789,43.625,42.9900016784668,43.25,1220600
2012-03-14,43.959999084472656,43.959999084472656,44.02999877929688,43.560001373291016,43.650001525878906,1049400
2012-03-15,43.96500015258789,43.96500015258789,44.005001068115234,43.595001220703125,43.994998931884766,1108400
2012-03-16,44.29499816894531,44.29499816894531,44.40999984741211,44.0099983215332,44.06999969482422,1366400
2012-03-19,44.05500030517578,44.05500030517578,44.44499969482422,43.80500030517578,44.40499877929688,862000
2012-03-20,43.775001525878906,43.775001525878906,43.92499923706055,43.59999847412109,43.92499923706055,581800
2012-03-21,44.005001068115234,44.005001068115234,44.07500076293945,43.57500076293945,43.72999954223633,939400
2012-03-22,43.70500183105469,43.70500183105469,43.84000015258789,43.40999984741211,43.77000045776367,833400
2012-03-23,43.29999923706055,43.29999923706055,43.7400016784668,43.1349983215332,43.68000030517578,1095200
2012-03-26,44.22999954223633,44.22999954223633,44.2599983215332,43.42499923706055,43.5,985800
2012-03-27,44.28499984741211,44.28499984741211,44.435001373291016,43.935001373291016,44.36000061035156,784200
2012-03-28,44.125,44.125,44.650001525878906,43.88999938964844,44.40499877929688,992800
2012-03-29,44.63999938964844,44.63999938964844,44.89500045776367,43.89500045776367,43.94499969482422,1328000
2012-03-30,45.084999084472656,45.084999084472656,45.209999084472656,44.68000030517578,44.900001525878906,1498200
2012-04-02,44.86000061035156,44.86000061035156,45.04999923706055,44.625,45.0,1041600
2012-04-03,44.709999084472656,44.709999084472656,45.02000045776367,44.56999969482422,44.80500030517578,1049800
2012-04-04,43.45000076293945,43.45000076293945,44.22499847412109,43.02999877929688,44.22499847412109,3630400
2012-04-05,43.494998931884766,43.494998931884766,43.56499862670898,43.005001068115234,43.345001220703125,1625200
2012-04-09,42.744998931884766,42.744998931884766,43.06999969482422,42.470001220703125,43.05500030517578,1272600
2012-04-10,42.380001068115234,42.380001068115234,43.04999923706055,42.17499923706055,42.59999847412109,2190000
2012-04-11,42.82500076293945,42.82500076293945,42.90499877929688,42.52999877929688,42.67499923706055,1286400
2012-04-12,43.369998931884766,43.369998931884766,43.5,42.84999847412109,42.8849983215332,1364800
2012-04-13,42.8849983215332,42.8849983215332,43.3650016784668,42.775001525878906,43.21500015258789,764000
2012-04-16,42.790000915527344,42.790000915527344,43.02999877929688,42.595001220703125,42.994998931884766,791400
2012-04-17,43.32500076293945,43.32500076293945,43.4900016784668,42.834999084472656,42.91999816894531,1108200
2012-04-18,43.38999938964844,43.38999938964844,43.5,43.060001373291016,43.09999847412109,904800
2012-04-19,43.59999847412109,43.59999847412109,43.63999938964844,43.17499923706055,43.375,939000
2012-04-20,43.810001373291016,43.810001373291016,43.834999084472656,43.54999923706055,43.665000915527344,1360600
2012-04-23,43.11000061035156,43.11000061035156,43.584999084472656,42.98500061035156,43.584999084472656,1061000
2012-04-24,43.19499969482422,43.19499969482422,43.25,42.79499816894531,43.119998931884766,775800
2012-04-25,43.959999084472656,43.959999084472656,44.05500030517578,43.435001373291016,43.45000076293945,1027200
2012-04-26,44.1150016784668,44.1150016784668,44.18000030517578,43.69499969482422,43.80500030517578,870200
2012-04-27,44.584999084472656,44.584999084472656,44.755001068115234,44.095001220703125,44.095001220703125,1257600
2012-04-30,44.290000915527344,44.290000915527344,44.625,44.0099983215332,44.58000183105469,1343600
2012-05-01,44.81499862670898,44.81499862670898,45.040000915527344,44.09000015258789,44.375,1782400
2012-05-02,43.209999084472656,43.209999084472656,44.63999938964844,42.56499862670898,43.53499984741211,3499200
2012-05-03,42.63999938964844,42.63999938964844,43.34000015258789,42.40499877929688,42.9900016784668,2002400
2012-05-04,42.18999862670898,42.18999862670898,42.625,42.16999816894531,42.625,1550200
2012-05-07,42.32500076293945,42.32500076293945,42.4900016784668,42.02999877929688,42.275001525878906,1683800
2012-05-08,42.720001220703125,42.720001220703125,42.81999969482422,41.76499938964844,42.220001220703125,1767800
2012-05-09,42.755001068115234,42.755001068115234,42.95000076293945,42.20000076293945,42.494998931884766,2676400
2012-05-10,42.084999084472656,42.084999084472656,42.970001220703125,41.994998931884766,42.96500015258789,2167600
2012-05-11,41.44499969482422,41.44499969482422,42.060001373291016,41.125,41.88999938964844,3673000
2012-05-14,40.994998931884766,40.994998931884766,41.39500045776367,40.46500015258789,41.220001220703125,2729200
2012-05-15,41.1150016784668,41.1150016784668,41.255001068115234,40.869998931884766,40.92499923706055,1876000
2012-05-16,41.3849983215332,41.3849983215332,41.70500183105469,41.0,41.17499923706055,2220800
2012-05-17,40.66999816894531,40.66999816894531,41.64500045776367,40.65499877929688,41.45000076293945,1273000
2012-05-18,40.40499877929688,40.40499877929688,40.95000076293945,40.275001525878906,40.834999084472656,1338600
2012-05-21,42.400001525878906,42.400001525878906,42.97499847412109,38.90499877929688,40.18000030517578,11426200
2012-05-22,40.125,40.125,42.59999847412109,39.959999084472656,42.4900016784668,7053200
2012-05-23,40.19499969482422,40.19499969482422,40.32500076293945,39.595001220703125,39.9900016784668,3851400
2012-05-24,41.0099983215332,41.0099983215332,41.02999877929688,40.32500076293945,40.415000915527344,4286000
2012-05-25,40.880001068115234,40.880001068115234,41.52000045776367,40.71500015258789,40.9900016784668,1723200
2012-05-29,41.34999847412109,41.34999847412109,41.52000045776367,41.125,41.18999862670898,1775600
2012-05-30,40.82500076293945,40.82500076293945,41.165000915527344,40.56499862670898,41.125,1929600
2012-05-31,40.625,40.625,40.8849983215332,40.244998931884766,40.72999954223633,1852200
2012-06-01,40.1150016784668,40.1150016784668,40.31499862670898,40.005001068115234,40.01499938964844,1793400
2012-06-04,40.52999877929688,40.52999877929688,40.55500030517578,40.01499938964844,40.165000915527344,1669200
2012-06-05,41.275001525878906,41.275001525878906,41.310001373291016,40.17499923706055,40.34000015258789,1765200
2012-06-06,41.915000915527344,41.915000915527344,41.93000030517578,41.060001373291016,41.38999938964844,1738800
2012-06-07,42.150001525878906,42.150001525878906,43.0099983215332,42.025001525878906,42.45500183105469,3001000
2012-06-08,42.79999923706055,42.79999923706055,42.845001220703125,41.900001525878906,42.03499984741211,2196200
2012-06-11,42.46500015258789,42.46500015258789,43.060001373291016,42.41999816894531,43.0099983215332,1864200
2012-06-12,42.97499847412109,42.97499847412109,43.0,42.33000183105469,42.595001220703125,1145000
2012-06-13,43.4900016784668,43.4900016784668,43.72499847412109,42.59999847412109,42.79499816894531,1790200
2012-06-14,44.05500030517578,44.05500030517578,44.21500015258789,43.42499923706055,43.630001068115234,1638600
2012-06-15,44.68999862670898,44.68999862670898,44.7400016784668,44.01499938964844,44.244998931884766,1328000
2012-06-18,45.75,45.75,45.94499969482422,44.40999984741211,44.560001373291016,1869400
2012-06-19,46.77000045776367,46.77000045776367,46.93000030517578,45.900001525878906,45.900001525878906,2601800
2012-06-20,46.89500045776367,46.89500045776367,47.20500183105469,46.53499984741211,46.8849983215332,2443800
2012-06-21,45.92499923706055,45.92499923706055,47.2400016784668,45.84000015258789,47.025001525878906,2603600
2012-06-22,47.29999923706055,47.29999923706055,47.39500045776367,46.21500015258789,46.21500015258789,2892800
2012-06-25,47.150001525878906,47.150001525878906,47.45000076293945,46.91999816894531,46.959999084472656,1520400
2012-06-26,47.02999877929688,47.02999877929688,47.39500045776367,46.7400016784668,47.10499954223633,1178600
2012-06-27,47.65499877929688,47.65499877929688,48.005001068115234,47.084999084472656,47.084999084472656,1485200
2012-06-28,48.35499954223633,48.35499954223633,48.369998931884766,47.23500061035156,47.43000030517578,1363200
2012-06-29,49.10499954223633,49.10499954223633,49.10499954223633,48.45000076293945,48.72499847412109,1594200
2012-07-02,48.810001373291016,48.810001373291016,49.35499954223633,48.59000015258789,49.31999969482422,2103200
2012-07-03,48.85499954223633,48.85499954223633,49.54999923706055,48.709999084472656,48.94499969482422,1161000
2012-07-05,48.78499984741211,48.78499984741211,49.18999862670898,48.67499923706055,48.8849983215332,977600
2012-07-06,48.31499862670898,48.31499862670898,48.52999877929688,48.0099983215332,48.31999969482422,979600
2012-07-09,48.68000030517578,48.68000030517578,48.79499816894531,48.334999084472656,48.36000061035156,1030600
2012-07-10,48.3650016784668,48.3650016784668,48.92499923706055,48.22499847412109,48.77000045776367,708600
2012-07-11,48.70000076293945,48.70000076293945,48.83000183105469,48.22499847412109,48.44499969482422,1517600
2012-07-12,48.88999938964844,48.88999938964844,49.02999877929688,48.31999969482422,48.47499847412109,1106600
2012-07-13,49.4900016784668,49.4900016784668,49.67499923706055,48.8849983215332,48.8849983215332,1024200
2012-07-16,49.45000076293945,49.45000076293945,49.525001525878906,49.220001220703125,49.5,949000
2012-07-17,49.78499984741211,49.78499984741211,49.79999923706055,49.244998931884766,49.709999084472656,1109800
2012-07-18,49.32500076293945,49.32500076293945,50.095001220703125,49.20000076293945,49.584999084472656,1590600
2012-07-19,49.19499969482422,49.19499969482422,49.64500045776367,48.90999984741211,49.3849983215332,1061800
2012-07-20,48.59999847412109,48.59999847412109,49.290000915527344,48.36000061035156,48.994998931884766,1389800
2012-07-23,47.56499862670898,47.56499862670898,48.13999938964844,47.380001068115234,48.07500076293945,1117600
2012-07-24,47.400001525878906,47.400001525878906,47.619998931884766,47.10499954223633,47.619998931884766,1385000
2012-07-25,47.85499954223633,47.85499954223633,48.025001525878906,47.1349983215332,47.40499877929688,1145200
2012-07-26,48.86000061035156,48.86000061035156,48.90999984741211,47.92499923706055,48.47999954223633,1248400
2012-07-27,49.30500030517578,49.30500030517578,49.5099983215332,48.834999084472656,49.08000183105469,1548800
2012-07-30,49.900001525878906,49.900001525878906,49.94499969482422,49.19499969482422,49.244998931884766,871800
2012-07-31,49.209999084472656,49.209999084472656,50.2599983215332,49.1349983215332,49.81499862670898,1933200
2012-08-01,49.31499862670898,49.31499862670898,50.119998931884766,48.95000076293945,49.81999969482422,1429800
2012-08-02,48.685001373291016,48.685001373291016,49.82500076293945,47.97999954223633,49.32500076293945,1887200
2012-08-03,49.64500045776367,49.64500045776367,49.68999862670898,48.845001220703125,49.19499969482422,1041800
2012-08-06,47.8650016784668,47.8650016784668,49.75,47.8650016784668,49.66999816894531,2731400
2012-08-07,48.5,48.5,48.63999938964844,47.8650016784668,48.01499938964844,1858200
2012-08-08,48.619998931884766,48.619998931884766,48.7400016784668,48.20000076293945,48.39500045776367,1172000
2012-08-09,48.13999938964844,48.13999938964844,48.90499877929688,48.08000183105469,48.46500015258789,1394400
2012-08-10,48.34000015258789,48.34000015258789,48.375,47.630001068115234,48.09000015258789,1192200
2012-08-13,48.18999862670898,48.18999862670898,48.2599983215332,48.0099983215332,48.2599983215332,1112200
2012-08-14,48.935001373291016,48.935001373291016,48.93999862670898,48.08000183105469,48.32500076293945,1363800
2012-08-15,49.06499862670898,49.06499862670898,49.42499923706055,48.78499984741211,48.93999862670898,1138200
2012-08-16,49.14500045776367,49.14500045776367,49.2599983215332,48.88999938964844,49.025001525878906,800600
2012-08-17,48.81499862670898,48.81499862670898,48.90999984741211,48.54999923706055,48.709999084472656,1162200
2012-08-20,48.994998931884766,48.994998931884766,49.16999816894531,48.6150016784668,48.90499877929688,746400
2012-08-21,48.005001068115234,48.005001068115234,49.0,47.90499877929688,48.9900016784668,1700400
2012-08-22,48.25,48.25,48.435001373291016,47.584999084472656,47.970001220703125,1147200
2012-08-23,48.09000015258789,48.09000015258789,48.310001373291016,47.994998931884766,48.310001373291016,881400
2012-08-24,48.51499938964844,48.51499938964844,48.584999084472656,48.04499816894531,48.18000030517578,808000
2012-08-27,48.72999954223633,48.72999954223633,48.9900016784668,48.52999877929688,48.54999923706055,1091800
2012-08-28,48.75,48.75,48.935001373291016,48.57500076293945,48.65999984741211,1148800
2012-08-29,48.65999984741211,48.65999984741211,48.900001525878906,48.619998931884766,48.76499938964844,622400
2012-08-30,48.5,48.5,48.685001373291016,48.13999938964844,48.470001220703125,762400
2012-08-31,48.6349983215332,48.6349983215332,48.869998931884766,48.36000061035156,48.60499954223633,571800
2012-09-04,48.81999969482422,48.81999969482422,48.869998931884766,48.1150016784668,48.57500076293945,1303600
2012-09-05,50.14500045776367,50.14500045776367,51.98500061035156,48.97499847412109,49.0,4018600
2012-09-06,50.42499923706055,50.42499923706055,50.80500030517578,50.060001373291016,50.060001373291016,1628800
2012-09-07,50.290000915527344,50.290000915527344,50.915000915527344,49.790000915527344,50.915000915527344,1245400
2012-09-10,49.22999954223633,49.22999954223633,50.19499969482422,49.03499984741211,49.915000915527344,1633000
2012-09-11,48.79999923706055,48.79999923706055,49.5099983215332,48.375,49.3849983215332,2583200
2012-09-12,49.23500061035156,49.23500061035156,49.73500061035156,48.80500030517578,49.095001220703125,1681200
2012-09-13,49.79499816894531,49.79499816894531,50.02000045776367,48.93000030517578,49.31999969482422,1245800
2012-09-14,49.22499847412109,49.22499847412109,50.10499954223633,49.07500076293945,49.650001525878906,1869600
2012-09-17,49.84000015258789,49.84000015258789,50.27000045776367,49.005001068115234,49.15499877929688,1125200
2012-09-18,49.755001068115234,49.755001068115234,49.845001220703125,49.47999954223633,49.834999084472656,1022800
2012-09-19,49.28499984741211,49.28499984741211,49.880001068115234,49.27000045776367,49.73500061035156,1171200
2012-09-20,49.33000183105469,49.33000183105469,49.375,48.79999923706055,49.209999084472656,1006400
2012-09-21,50.75,50.75,50.82500076293945,49.45000076293945,49.625,4827600
2012-09-24,50.185001373291016,50.185001373291016,51.03499984741211,50.119998931884766,50.55500030517578,1411800
2012-09-25,50.150001525878906,50.150001525878906,50.75,50.09999847412109,50.3650016784668,1041400
2012-09-26,50.47999954223633,50.47999954223633,50.8849983215332,50.05500030517578,50.209999084472656,1329600
2012-09-27,51.20000076293945,51.20000076293945,51.29499816894531,50.43999862670898,50.43999862670898,1357000
2012-09-28,51.80500030517578,51.80500030517578,51.89500045776367,50.79999923706055,50.994998931884766,1961800
2012-10-01,51.720001220703125,51.720001220703125,52.8650016784668,51.43000030517578,52.11000061035156,2002000
2012-10-02,52.05500030517578,52.05500030517578,52.77000045776367,51.869998931884766,52.77000045776367,1562600
2012-10-03,53.84999847412109,53.84999847412109,53.875,52.02000045776367,52.15499877929688,2517200
2012-10-04,54.20000076293945,54.20000076293945,54.65499877929688,53.52999877929688,53.8849983215332,2127400
2012-10-05,54.19499969482422,54.19499969482422,54.5099983215332,53.68999862670898,54.25,1439400
2012-10-08,54.20500183105469,54.20500183105469,54.255001068115234,53.70500183105469,54.17499923706055,1115000
2012-10-09,53.90999984741211,53.90999984741211,54.3650016784668,53.505001068115234,54.040000915527344,1411800
2012-10-10,54.77999877929688,54.77999877929688,55.18999862670898,53.720001220703125,53.90499877929688,2193600
2012-10-11,54.73500061035156,54.73500061035156,55.650001525878906,54.57500076293945,55.1150016784668,1595200
2012-10-12,55.209999084472656,55.209999084472656,55.66999816894531,54.82500076293945,55.66999816894531,1492600
2012-10-15,54.5,54.5,55.60499954223633,54.43999862670898,55.5099983215332,2453400
2012-10-16,54.935001373291016,54.935001373291016,55.02000045776367,54.31999969482422,54.31999969482422,1478600
2012-10-17,55.27000045776367,55.27000045776367,55.44499969482422,54.69499969482422,55.08000183105469,1282200
2012-10-18,56.53499984741211,56.53499984741211,56.7400016784668,55.22999954223633,55.23500061035156,1880200
2012-10-19,55.36000061035156,55.36000061035156,56.59000015258789,55.165000915527344,56.54999923706055,2257800
2012-10-22,56.0,56.0,56.09999847412109,55.42499923706055,55.435001373291016,1194400
2012-10-23,55.68999862670898,55.68999862670898,56.22499847412109,55.584999084472656,55.79499816894531,1520800
2012-10-24,55.40999984741211,55.40999984741211,56.0,55.334999084472656,56.0,1852000
2012-10-25,55.70500183105469,55.70500183105469,56.39500045776367,55.30500030517578,55.619998931884766,1505800
2012-10-26,55.5099983215332,55.5099983215332,56.41999816894531,55.04499816894531,55.73500061035156,1625400
2012-10-31,56.2599983215332,56.2599983215332,57.42499923706055,55.775001525878906,56.1150016784668,2123200
2012-11-01,56.18000030517578,56.18000030517578,57.04499816894531,55.880001068115234,56.5,1794600
2012-11-02,55.75,55.75,56.46500015258789,55.73500061035156,56.2400016784668,1237400
2012-11-05,55.810001373291016,55.810001373291016,56.18999862670898,55.525001525878906,55.81999969482422,1576800
2012-11-06,57.4900016784668,57.4900016784668,58.25,55.720001220703125,55.81499862670898,2511600
2012-11-07,56.40999984741211,56.40999984741211,57.494998931884766,56.400001525878906,57.19499969482422,2299000
2012-11-08,55.90999984741211,55.90999984741211,56.6349983215332,55.685001373291016,56.41999816894531,2276400
2012-11-09,56.21500015258789,56.21500015258789,56.380001068115234,55.70000076293945,55.95500183105469,1832000
2012-11-12,56.45000076293945,56.45000076293945,56.66999816894531,55.92499923706055,56.29999923706055,1108800
2012-11-13,56.30500030517578,56.30500030517578,56.72999954223633,56.26499938964844,56.30500030517578,1156200
2012-11-14,56.025001525878906,56.025001525878906,56.755001068115234,55.845001220703125,56.34999847412109,1499800
2012-11-15,56.44499969482422,56.44499969482422,56.54999923706055,55.79999923706055,56.06999969482422,1564000
2012-11-16,56.5099983215332,56.5099983215332,57.14500045776367,56.29999923706055,56.5,2006600
2012-11-19,57.0,57.0,57.46500015258789,56.744998931884766,56.875,1976000
2012-11-20,56.7400016784668,56.7400016784668,57.119998931884766,56.400001525878906,57.07500076293945,2214600
2012-11-21,55.005001068115234,55.005001068115234,56.66999816894531,54.625,56.66999816894531,4737400
2012-11-23,55.71500015258789,55.71500015258789,55.900001525878906,54.88999938964844,55.09999847412109,1866200
2012-11-26,55.0,55.0,56.30500030517578,54.369998931884766,55.630001068115234,2311600
2012-11-27,54.64500045776367,54.64500045776367,55.209999084472656,54.3849983215332,55.06999969482422,4654200
2012-11-28,54.20000076293945,54.20000076293945,54.52000045776367,53.16999816894531,54.47499847412109,4920800
2012-11-29,53.79999923706055,53.79999923706055,54.27000045776367,53.28499984741211,53.38999938964844,5165600
2012-11-30,54.0,54.0,54.494998931884766,53.21500015258789,53.70000076293945,5173800
2012-12-03,53.275001525878906,53.275001525878906,54.400001525878906,53.1150016784668,54.06499862670898,3396400
2012-12-04,53.06499862670898,53.06499862670898,53.5099983215332,52.7400016784668,53.220001220703125,4041800
2012-12-05,53.15999984741211,53.15999984741211,53.47499847412109,52.22999954223633,53.05500030517578,4805800
2012-12-06,52.98500061035156,52.98500061035156,53.69499969482422,52.619998931884766,53.15499877929688,4275000
2012-12-07,53.244998931884766,53.244998931884766,53.5,53.084999084472656,53.209999084472656,2925200
2012-12-10,53.244998931884766,53.244998931884766,53.46500015258789,52.775001525878906,53.125,2422200
2012-12-11,53.77000045776367,53.77000045776367,54.17499923706055,53.255001068115234,53.435001373291016,2184000
2012-12-12,53.70500183105469,53.70500183105469,54.35499954223633,53.540000915527344,53.755001068115234,1712400
2012-12-13,53.494998931884766,53.494998931884766,53.92499923706055,53.334999084472656,53.71500015258789,1431400
2012-12-14,54.53499984741211,54.53499984741211,55.06499862670898,53.58000183105469,54.14500045776367,2345400
2012-12-17,54.85499954223633,54.85499954223633,54.97499847412109,54.51499938964844,54.775001525878906,1307600
2012-12-18,55.34000015258789,55.34000015258789,55.6349983215332,54.505001068115234,54.875,2135600
2012-12-19,55.435001373291016,55.435001373291016,55.775001525878906,55.209999084472656,55.46500015258789,1875600
2012-12-20,56.31999969482422,56.31999969482422,56.39500045776367,55.255001068115234,55.60499954223633,2053600
2012-12-21,55.96500015258789,55.96500015258789,56.31999969482422,55.47499847412109,55.95500183105469,2599000
2012-12-24,55.595001220703125,55.595001220703125,55.94499969482422,55.20500183105469,55.94499969482422,666200
2012-12-26,55.04499816894531,55.04499816894531,55.584999084472656,54.29999923706055,55.46500015258789,925400
2012-12-27,54.96500015258789,54.96500015258789,55.27999877929688,54.52999877929688,55.08000183105469,1445600
2012-12-28,54.880001068115234,54.880001068115234,55.29499816894531,54.810001373291016,54.810001373291016,1069400
2012-12-31,55.26499938964844,55.26499938964844,55.310001373291016,54.29499816894531,54.915000915527344,1385200
2013-01-02,54.59999847412109,54.59999847412109,54.76499938964844,54.0,54.76499938964844,3435400
2013-01-03,54.96500015258789,54.96500015258789,55.18999862670898,54.5,54.61000061035156,1734400
2013-01-04,54.91999816894531,54.91999816894531,55.150001525878906,54.71500015258789,55.0,1068800
2013-01-07,54.14500045776367,54.14500045776367,54.89500045776367,53.994998931884766,54.7599983215332,1727000
2013-01-08,54.834999084472656,54.834999084472656,54.84999847412109,54.05500030517578,54.14500045776367,1544800
2013-01-09,54.81999969482422,54.81999969482422,55.15499877929688,54.35499954223633,54.86000061035156,1715800
2013-01-10,54.84000015258789,54.84000015258789,55.130001068115234,54.685001373291016,54.94499969482422,1159600
2013-01-11,54.59999847412109,54.59999847412109,55.34000015258789,54.525001525878906,55.04499816894531,1625600
2013-01-14,54.7400016784668,54.7400016784668,55.03499984741211,54.45500183105469,54.52000045776367,945400
2013-01-15,55.15499877929688,55.15499877929688,55.36000061035156,54.415000915527344,54.52999877929688,1294000
2013-01-16,56.060001373291016,56.060001373291016,56.2599983215332,55.15499877929688,55.18999862670898,2235800
2013-01-17,56.32500076293945,56.32500076293945,56.60499954223633,56.15499877929688,56.275001525878906,1354000
2013-01-18,56.6150016784668,56.6150016784668,56.625,56.13999938964844,56.435001373291016,901000
2013-01-22,57.36000061035156,57.36000061035156,57.38999938964844,56.29999923706055,56.56499862670898,1355000
2013-01-23,56.959999084472656,56.959999084472656,57.40499877929688,56.77000045776367,57.35499954223633,806000
2013-01-24,57.165000915527344,57.165000915527344,57.31999969482422,56.880001068115234,56.98500061035156,1263200
2013-01-25,57.26499938964844,57.26499938964844,57.31499862670898,56.68000030517578,57.209999084472656,862800
2013-01-28,56.82500076293945,56.82500076293945,57.744998931884766,56.73500061035156,57.39500045776367,881200
2013-01-29,57.4900016784668,57.4900016784668,57.560001373291016,56.59000015258789,56.68999862670898,1219400
2013-01-30,57.43999862670898,57.43999862670898,57.650001525878906,57.0,57.38999938964844,798600
2013-01-31,57.70500183105469,57.70500183105469,57.935001373291016,57.03499984741211,57.3849983215332,1582600
2013-02-01,58.36000061035156,58.36000061035156,58.3849983215332,57.09000015258789,57.81499862670898,1662400
2013-02-04,57.44499969482422,57.44499969482422,58.34000015258789,57.334999084472656,58.150001525878906,1143800
2013-02-05,58.290000915527344,58.290000915527344,58.334999084472656,57.38999938964844,57.70000076293945,1727600
2013-02-06,59.09999847412109,59.09999847412109,59.125,57.959999084472656,58.19499969482422,1836200
2013-02-07,59.46500015258789,59.46500015258789,59.540000915527344,58.744998931884766,59.21500015258789,1214800
2013-02-08,59.459999084472656,59.459999084472656,59.92499923706055,59.36000061035156,59.65499877929688,1268800
2013-02-11,59.400001525878906,59.400001525878906,59.6349983215332,59.09999847412109,59.470001220703125,620400
2013-02-12,59.21500015258789,59.21500015258789,59.43999862670898,58.78499984741211,59.400001525878906,913200
2013-02-13,59.369998931884766,59.369998931884766,59.720001220703125,59.20000076293945,59.244998931884766,1042200
2013-02-14,59.60499954223633,59.60499954223633,59.994998931884766,58.91999816894531,59.93999862670898,1695400
2013-02-15,58.72999954223633,58.72999954223633,59.25,58.005001068115234,59.25,2176800
2013-02-19,57.95000076293945,57.95000076293945,58.63999938964844,56.52000045776367,57.244998931884766,3144000
2013-02-20,58.09000015258789,58.09000015258789,58.54499816894531,57.78499984741211,58.03499984741211,1716800
2013-02-21,57.79999923706055,57.79999923706055,58.2400016784668,57.42499923706055,57.96500015258789,1469400
2013-02-22,58.025001525878906,58.025001525878906,58.27000045776367,57.59000015258789,57.92499923706055,1348200
2013-02-25,57.71500015258789,57.71500015258789,58.73500061035156,57.71500015258789,58.27000045776367,1549000
2013-02-26,58.11000061035156,58.11000061035156,58.19499969482422,57.29999923706055,57.92499923706055,1465400
2013-02-27,59.1349983215332,59.1349983215332,59.32500076293945,58.02999877929688,58.02999877929688,1620200
2013-02-28,59.810001373291016,59.810001373291016,60.04999923706055,58.95500183105469,59.275001525878906,2033000
2013-03-01,60.01499938964844,60.01499938964844,60.130001068115234,59.290000915527344,59.61000061035156,2004400
2013-03-04,60.90499877929688,60.90499877929688,60.90999984741211,59.88999938964844,60.0,2036400
2013-03-05,61.67499923706055,61.67499923706055,61.97999954223633,61.02000045776367,61.10499954223633,1749200
2013-03-06,60.97499847412109,60.97499847412109,62.14500045776367,60.90999984741211,62.14500045776367,2041800
2013-03-07,59.45500183105469,59.45500183105469,60.3650016784668,59.13999938964844,60.3650016784668,3182800
2013-03-08,59.36000061035156,59.36000061035156,59.84000015258789,59.08000183105469,59.70000076293945,1548600
2013-03-11,59.20000076293945,59.20000076293945,59.51499938964844,59.060001373291016,59.36000061035156,1334400
2013-03-12,58.68000030517578,58.68000030517578,59.09999847412109,58.415000915527344,59.09999847412109,1695800
2013-03-13,58.59999847412109,58.59999847412109,58.834999084472656,58.43999862670898,58.81499862670898,1030800
2013-03-14,59.275001525878906,59.275001525878906,59.345001220703125,58.58000183105469,58.60499954223633,1184400
2013-03-15,59.09999847412109,59.09999847412109,59.43000030517578,58.935001373291016,58.935001373291016,2296000
2013-03-18,58.63999938964844,58.63999938964844,58.994998931884766,58.53499984741211,58.86000061035156,1010400
2013-03-19,58.93999862670898,58.93999862670898,59.31499862670898,58.54999923706055,58.61000061035156,1451800
2013-03-20,59.52000045776367,59.52000045776367,59.76499938964844,59.0,59.10499954223633,1246400
2013-03-21,58.869998931884766,58.869998931884766,59.415000915527344,58.755001068115234,59.34999847412109,966600
2013-03-22,58.8849983215332,58.8849983215332,59.244998931884766,58.57500076293945,58.93999862670898,1014400
2013-03-25,58.95000076293945,58.95000076293945,59.31999969482422,58.84999847412109,59.060001373291016,1292000
2013-03-26,59.15999984741211,59.15999984741211,59.34000015258789,58.86000061035156,58.97999954223633,1568600
2013-03-27,59.09999847412109,59.09999847412109,59.290000915527344,58.84999847412109,58.875,1254400
2013-03-28,59.29499816894531,59.29499816894531,59.380001068115234,58.92499923706055,59.1349983215332,1241400
2013-04-01,59.95500183105469,59.95500183105469,60.06499862670898,59.0099983215332,59.31999969482422,1735000
2013-04-02,63.59999847412109,63.59999847412109,64.37000274658203,61.15499877929688,61.400001525878906,4284400
2013-04-03,62.65499877929688,62.65499877929688,63.869998931884766,62.5099983215332,63.48500061035156,2702600
2013-04-04,62.665000915527344,62.665000915527344,63.119998931884766,62.369998931884766,62.59000015258789,1539800
2013-04-05,62.68999862670898,62.68999862670898,62.89500045776367,62.119998931884766,62.15999984741211,1378800
2013-04-08,62.875,62.875,62.875,61.8650016784668,62.61000061035156,934600
2013-04-09,62.85499954223633,62.85499954223633,63.185001373291016,62.63999938964844,63.025001525878906,1116200
2013-04-10,62.66999816894531,62.66999816894531,62.900001525878906,62.334999084472656,62.880001068115234,855600
2013-04-11,63.525001525878906,63.525001525878906,63.67499923706055,62.6150016784668,62.68999862670898,1558200
2013-04-12,63.45500183105469,63.45500183105469,63.47499847412109,63.0,63.400001525878906,894600
2013-04-15,62.095001220703125,62.095001220703125,63.67499923706055,62.084999084472656,63.27000045776367,1096600
2013-04-16,63.25,63.25,63.73500061035156,62.18999862670898,62.52999877929688,1006200
2013-04-17,62.415000915527344,62.415000915527344,63.07500076293945,62.20000076293945,63.07500076293945,798600
2013-04-18,60.7400016784668,60.7400016784668,62.130001068115234,60.6150016784668,62.130001068115234,1439200
2013-04-19,61.310001373291016,61.310001373291016,61.66999816894531,60.80500030517578,60.959999084472656,1037400
2013-04-22,61.165000915527344,61.165000915527344,61.68999862670898,60.68000030517578,61.42499923706055,994800
2013-04-23,61.5099983215332,61.5099983215332,61.68000030517578,60.790000915527344,61.44499969482422,1117800
2013-04-24,60.96500015258789,60.96500015258789,61.7599983215332,60.84999847412109,61.59000015258789,1222600
2013-04-25,60.42499923706055,60.42499923706055,61.51499938964844,60.400001525878906,61.14500045776367,1925400
2013-04-26,60.095001220703125,60.095001220703125,60.625,59.79499816894531,60.54999923706055,1215000
2013-04-29,59.5099983215332,59.5099983215332,60.369998931884766,58.90999984741211,60.02000045776367,1657000
2013-04-30,59.32500076293945,59.32500076293945,59.45000076293945,58.82500076293945,59.41999816894531,2008200
2013-05-01,59.20000076293945,59.20000076293945,60.28499984741211,58.96500015258789,59.32500076293945,2341200
2013-05-02,58.95000076293945,58.95000076293945,59.81999969482422,58.90499877929688,59.505001068115234,1521200
2013-05-03,58.65999984741211,58.65999984741211,59.29999923706055,58.57500076293945,59.29999923706055,6022800
2013-05-06,59.13999938964844,59.13999938964844,59.79999923706055,58.65999984741211,58.810001373291016,2798200
2013-05-07,58.77999877929688,58.77999877929688,60.22999954223633,58.77999877929688,59.3849983215332,3362000
2013-05-08,64.68499755859375,64.68499755859375,64.76000213623047,60.2599983215332,60.2599983215332,5542200
2013-05-09,64.29499816894531,64.29499816894531,64.75,63.584999084472656,64.7300033569336,2037400
2013-05-10,65.59500122070312,65.59500122070312,65.66500091552734,64.30000305175781,64.34500122070312,2148000
2013-05-13,64.97000122070312,64.97000122070312,65.43499755859375,64.36499786376953,64.95500183105469,2058800
2013-05-14,65.45500183105469,65.45500183105469,65.58999633789062,64.9749984741211,65.0999984741211,966200
2013-05-15,65.13999938964844,65.13999938964844,65.34500122070312,64.57499694824219,65.34500122070312,918600
2013-05-16,64.02999877929688,64.02999877929688,65.11000061035156,64.0199966430664,65.09500122070312,1110800
2013-05-17,64.06999969482422,64.06999969482422,64.36000061035156,63.72499847412109,64.0250015258789,1131800
2013-05-20,63.53499984741211,63.53499984741211,64.17500305175781,63.5,64.07499694824219,766000
2013-05-21,63.30500030517578,63.30500030517578,63.7400016784668,62.80500030517578,63.55500030517578,1066600
2013-05-22,63.05500030517578,63.05500030517578,64.19000244140625,62.83000183105469,63.345001220703125,1022200
2013-05-23,62.77999877929688,62.77999877929688,62.970001220703125,62.380001068115234,62.70500183105469,1037400
2013-05-24,62.560001373291016,62.560001373291016,62.80500030517578,62.255001068115234,62.540000915527344,842400
2013-05-28,63.7400016784668,63.7400016784668,63.92499923706055,62.834999084472656,62.834999084472656,1346400
2013-05-29,62.310001373291016,62.310001373291016,63.43999862670898,62.084999084472656,63.275001525878906,1104200
2013-05-30,63.2400016784668,63.2400016784668,63.53499984741211,62.34999847412109,62.52000045776367,793200
2013-05-31,62.03499984741211,62.03499984741211,63.65999984741211,61.9900016784668,63.04999923706055,1502000
2013-06-03,62.755001068115234,62.755001068115234,62.79999923706055,61.775001525878906,62.150001525878906,1016000
2013-06-04,62.47999954223633,62.47999954223633,62.8849983215332,61.97499847412109,62.56999969482422,944800
2013-06-05,61.560001373291016,61.560001373291016,62.59999847412109,61.54499816894531,62.17499923706055,1348200
2013-06-06,62.625,62.625,62.71500015258789,61.28499984741211,61.59999847412109,1508800
2013-06-07,63.209999084472656,63.209999084472656,63.52000045776367,62.53499984741211,62.86000061035156,1290800
2013-06-10,63.79999923706055,63.79999923706055,63.8650016784668,63.0,63.23500061035156,995400
2013-06-11,64.70500183105469,64.70500183105469,64.88500213623047,63.10499954223633,63.220001220703125,1557200
2013-06-12,65.00499725341797,65.00499725341797,65.4000015258789,64.80500030517578,65.0199966430664,1586800
2013-06-13,64.93000030517578,64.93000030517578,65.07499694824219,64.18000030517578,64.8550033569336,1214400
2013-06-14,64.41500091552734,64.41500091552734,65.21499633789062,64.2300033569336,64.8949966430664,742400
2013-06-17,65.08000183105469,65.08000183105469,65.5,64.56999969482422,65.0,1149000
2013-06-18,64.75,64.75,65.2249984741211,64.37999725341797,65.06999969482422,617800
2013-06-19,63.40999984741211,63.40999984741211,64.69999694824219,63.39500045776367,64.6050033569336,1223800
2013-06-20,61.44499969482422,61.44499969482422,63.09000015258789,61.34999847412109,62.95000076293945,1646000
2013-06-21,61.75,61.75,62.755001068115234,61.27999877929688,62.25,2176200
2013-06-24,61.52000045776367,61.52000045776367,62.185001373291016,60.755001068115234,61.47499847412109,1433800
2013-06-25,60.97499847412109,60.97499847412109,61.81999969482422,60.91999816894531,61.77000045776367,1134600
2013-06-26,60.98500061035156,60.98500061035156,62.03499984741211,60.935001373291016,61.40499877929688,894200
2013-06-27,61.1349983215332,61.1349983215332,61.96500015258789,61.06499862670898,61.42499923706055,1181600
2013-06-28,60.400001525878906,60.400001525878906,61.11000061035156,60.05500030517578,60.83000183105469,1948200
2013-07-01,60.57500076293945,60.57500076293945,61.22999954223633,60.5099983215332,60.81499862670898,2216200
2013-07-02,57.0,57.0,58.540000915527344,56.709999084472656,57.5,10180000
2013-07-03,56.95000076293945,56.95000076293945,57.255001068115234,56.15499877929688,56.59000015258789,2724000
2013-07-05,57.27999877929688,57.27999877929688,57.30500030517578,56.584999084472656,57.20000076293945,2222200
2013-07-08,58.43999862670898,58.43999862670898,58.72999954223633,57.540000915527344,58.060001373291016,3283800
2013-07-09,58.0,58.0,58.72999954223633,57.845001220703125,58.5,1972000
2013-07-10,58.20000076293945,58.20000076293945,58.21500015258789,57.7599983215332,58.06499862670898,2485000
2013-07-11,60.255001068115234,60.255001068115234,60.290000915527344,58.56999969482422,59.06999969482422,3374200
2013-07-12,60.6150016784668,60.6150016784668,60.85499954223633,60.04499816894531,60.19499969482422,1858200
2013-07-15,60.130001068115234,60.130001068115234,61.01499938964844,60.01499938964844,60.83000183105469,980200
2013-07-16,58.97999954223633,58.97999954223633,59.39500045776367,58.64500045776367,58.95000076293945,2119000
2013-07-17,59.18999862670898,59.18999862670898,59.40499877929688,58.64500045776367,59.22499847412109,1094800
2013-07-18,58.65999984741211,58.65999984741211,59.56999969482422,58.3849983215332,59.40999984741211,1979600
2013-07-19,58.97999954223633,58.97999954223633,59.40999984741211,58.02000045776367,58.25,2137800
2013-07-22,59.30500030517578,59.30500030517578,59.6349983215332,58.75,58.84000015258789,1557600
2013-07-23,59.209999084472656,59.209999084472656,59.880001068115234,58.8650016784668,59.65499877929688,1550800
2013-07-24,58.79499816894531,58.79499816894531,59.48500061035156,58.52000045776367,59.290000915527344,1077600
2013-07-25,58.78499984741211,58.78499984741211,59.09999847412109,58.35499954223633,58.5,1128800
2013-07-26,58.86000061035156,58.86000061035156,58.9900016784668,58.48500061035156,58.68999862670898,1067800
2013-07-29,58.43999862670898,58.43999862670898,58.970001220703125,58.20500183105469,58.6150016784668,996000
2013-07-30,58.130001068115234,58.130001068115234,58.71500015258789,57.875,58.619998931884766,1275400
2013-07-31,58.20500183105469,58.20500183105469,58.66999816894531,58.125,58.369998931884766,1091200
2013-08-01,58.59000015258789,58.59000015258789,58.665000915527344,58.244998931884766,58.5,1293400
2013-08-02,58.75,58.75,59.07500076293945,58.345001220703125,58.6150016784668,1489400
2013-08-05,58.69499969482422,58.69499969482422,59.22499847412109,58.630001068115234,58.78499984741211,1339200
2013-08-06,58.16999816894531,58.16999816894531,58.97499847412109,58.0,58.69499969482422,2851800
2013-08-07,56.96500015258789,56.96500015258789,57.525001525878906,56.21500015258789,57.525001525878906,4447400
2013-08-08,56.82500076293945,56.82500076293945,57.25,56.47999954223633,57.150001525878906,1504600
2013-08-09,57.17499923706055,57.17499923706055,57.64500045776367,56.82500076293945,56.900001525878906,1950000
2013-08-12,57.3650016784668,57.3650016784668,57.54999923706055,56.84999847412109,57.22499847412109,2141800
2013-08-13,57.32500076293945,57.32500076293945,57.595001220703125,57.09999847412109,57.46500015258789,931000
2013-08-14,57.29999923706055,57.29999923706055,57.83000183105469,57.18000030517578,57.34999847412109,876600
2013-08-15,56.650001525878906,56.650001525878906,57.095001220703125,56.11000061035156,57.0,1438200
2013-08-16,56.04999923706055,56.04999923706055,56.68000030517578,55.8849983215332,56.52999877929688,1188400
2013-08-19,55.57500076293945,55.57500076293945,56.18000030517578,55.560001373291016,56.0,1921400
2013-08-20,55.97499847412109,55.97499847412109,56.369998931884766,55.625,55.73500061035156,2156600
2013-08-21,55.244998931884766,55.244998931884766,56.01499938964844,55.19499969482422,55.77000045776367,1679600
2013-08-22,54.98500061035156,54.98500061035156,55.505001068115234,54.63999938964844,55.345001220703125,1430000
2013-08-23,55.18000030517578,55.18000030517578,55.470001220703125,54.900001525878906,55.16999816894531,1299800
2013-08-26,55.42499923706055,55.42499923706055,55.9900016784668,55.09000015258789,55.18000030517578,1012600
2013-08-27,54.369998931884766,54.369998931884766,55.1349983215332,54.310001373291016,54.97499847412109,1451000
2013-08-28,54.0099983215332,54.0099983215332,54.57500076293945,53.89500045776367,54.3849983215332,1155800
2013-08-29,54.0099983215332,54.0099983215332,54.79499816894531,53.880001068115234,53.92499923706055,1661400
2013-08-30,53.755001068115234,53.755001068115234,54.33000183105469,53.55500030517578,54.0,1317000
2013-09-03,54.29499816894531,54.29499816894531,54.45500183105469,53.90499877929688,54.3650016784668,1190200
2013-09-04,54.720001220703125,54.720001220703125,54.80500030517578,54.28499984741211,54.40999984741211,1268000
2013-09-05,55.775001525878906,55.775001525878906,56.07500076293945,54.65999984741211,54.65999984741211,1740600
2013-09-06,55.29499816894531,55.29499816894531,55.869998931884766,54.79999923706055,55.720001220703125,2587400
2013-09-09,56.040000915527344,56.040000915527344,56.08000183105469,55.04999923706055,55.2400016784668,1007000
2013-09-10,55.810001373291016,55.810001373291016,56.459999084472656,55.65999984741211,56.36000061035156,1097100
2013-09-11,55.70000076293945,55.70000076293945,56.130001068115234,55.54999923706055,55.810001373291016,1206800
2013-09-12,56.0,56.0,56.040000915527344,55.40999984741211,55.70000076293945,1071000
2013-09-13,55.75,55.75,56.13999938964844,55.52999877929688,55.970001220703125,1151900
2013-09-16,56.61000061035156,56.61000061035156,56.869998931884766,56.0099983215332,56.09999847412109,1645600
2013-09-17,59.09999847412109,59.09999847412109,59.43999862670898,56.560001373291016,56.77000045776367,2932700
2013-09-18,58.650001525878906,58.650001525878906,59.18000030517578,57.900001525878906,59.09999847412109,1780000
2013-09-19,58.52999877929688,58.52999877929688,59.0,58.18000030517578,58.77000045776367,1435800
2013-09-20,58.470001220703125,58.470001220703125,59.130001068115234,58.2400016784668,58.79999923706055,2823100
2013-09-23,57.95000076293945,57.95000076293945,58.06999969482422,57.290000915527344,58.02999877929688,893800
2013-09-24,57.59999847412109,57.59999847412109,58.290000915527344,57.560001373291016,57.86000061035156,1010000
2013-09-25,57.369998931884766,57.369998931884766,57.63999938964844,57.310001373291016,57.540000915527344,1429200
2013-09-26,57.59999847412109,57.59999847412109,57.93000030517578,57.310001373291016,57.47999954223633,610700
2013-09-27,56.97999954223633,56.97999954223633,57.5099983215332,56.93999862670898,57.31999969482422,700800
2013-09-30,56.900001525878906,56.900001525878906,56.95000076293945,56.2599983215332,56.65999984741211,935900
2013-10-01,57.77000045776367,57.77000045776367,57.77999877929688,56.869998931884766,56.88999938964844,996600
2013-10-02,57.93999862670898,57.93999862670898,57.959999084472656,57.29999923706055,57.40999984741211,804000
2013-10-03,57.66999816894531,57.66999816894531,58.20000076293945,57.209999084472656,57.7599983215332,1228200
2013-10-04,58.369998931884766,58.369998931884766,58.95000076293945,57.77000045776367,57.81999969482422,1342800
2013-10-07,58.0,58.0,58.38999938964844,57.43999862670898,57.77000045776367,1028500
2013-10-08,57.5099983215332,57.5099983215332,58.40999984741211,57.33000183105469,57.900001525878906,1151200
2013-10-09,57.36000061035156,57.36000061035156,58.15999984741211,57.36000061035156,57.619998931884766,1085000
2013-10-10,58.119998931884766,58.119998931884766,58.15999984741211,57.61000061035156,57.75,933800
2013-10-11,57.95000076293945,57.95000076293945,58.40999984741211,57.720001220703125,57.900001525878906,673900
2013-10-14,57.54999923706055,57.54999923706055,57.790000915527344,57.209999084472656,57.59000015258789,1021600
2013-10-15,57.18000030517578,57.18000030517578,57.75,57.130001068115234,57.20000076293945,992400
2013-10-16,57.84000015258789,57.84000015258789,58.18000030517578,57.36000061035156,57.38999938964844,940900
2013-10-17,57.86000061035156,57.86000061035156,57.900001525878906,57.380001068115234,57.75,925700
2013-10-18,58.060001373291016,58.060001373291016,58.75,57.810001373291016,58.18999862670898,1399200
2013-10-21,57.0,57.0,57.66999816894531,56.810001373291016,57.66999816894531,1257600
2013-10-22,56.77999877929688,56.77999877929688,57.380001068115234,56.7599983215332,56.95000076293945,1349300
2013-10-23,56.06999969482422,56.06999969482422,56.77000045776367,56.0,56.77000045776367,1673700
2013-10-24,55.81999969482422,55.81999969482422,56.380001068115234,55.790000915527344,56.22999954223633,1194600
2013-10-25,55.43999862670898,55.43999862670898,55.959999084472656,55.22999954223633,55.90999984741211,1310500
2013-10-28,56.22999954223633,56.22999954223633,56.68999862670898,55.470001220703125,55.470001220703125,1547700
2013-10-29,56.4900016784668,56.4900016784668,56.77999877929688,56.43000030517578,56.45000076293945,1021000
2013-10-30,55.97999954223633,55.97999954223633,56.5,55.45000076293945,56.5,1117800
2013-10-31,56.209999084472656,56.209999084472656,56.58000183105469,56.0,56.09000015258789,1032200
2013-11-01,56.56999969482422,56.56999969482422,56.630001068115234,55.88999938964844,56.20000076293945,1663300
2013-11-04,56.75,56.75,56.97999954223633,56.43000030517578,56.650001525878906,1340000
2013-11-05,56.52999877929688,56.52999877929688,56.93000030517578,56.22999954223633,56.709999084472656,1867100
2013-11-06,55.02999877929688,55.02999877929688,55.22999954223633,52.75,54.54999923706055,8509100
2013-11-07,55.7599983215332,55.7599983215332,56.02000045776367,55.02000045776367,55.02999877929688,2574800
2013-11-08,56.29999923706055,56.29999923706055,56.41999816894531,55.470001220703125,55.86000061035156,2465700
2013-11-11,56.959999084472656,56.959999084472656,57.47999954223633,56.34000015258789,56.59999847412109,1606500
2013-11-12,58.43000030517578,58.43000030517578,58.58000183105469,56.84999847412109,56.93999862670898,1996600
2013-11-13,58.29999923706055,58.29999923706055,58.47999954223633,57.95000076293945,58.41999816894531,1632600
2013-11-14,58.68999862670898,58.68999862670898,58.88999938964844,58.310001373291016,58.5,2180600
2013-11-15,58.88999938964844,58.88999938964844,59.34999847412109,58.709999084472656,58.93000030517578,4934200
2013-11-18,59.27000045776367,59.27000045776367,60.380001068115234,59.02999877929688,59.150001525878906,3393900
2013-11-19,58.29999923706055,58.29999923706055,59.400001525878906,58.0,59.29999923706055,2315000
2013-11-20,57.84000015258789,57.84000015258789,58.869998931884766,57.810001373291016,58.720001220703125,1786800
2013-11-21,56.88999938964844,56.88999938964844,58.02000045776367,56.84999847412109,57.84999847412109,2157400
2013-11-22,56.540000915527344,56.540000915527344,57.27999877929688,56.18000030517578,56.91999816894531,2671500
2013-11-25,61.54999923706055,61.54999923706055,62.13999938964844,59.0,59.02000045776367,9416800
2013-11-26,60.58000183105469,60.58000183105469,61.68999862670898,60.41999816894531,61.41999816894531,3473200
2013-11-27,59.880001068115234,59.880001068115234,60.77999877929688,59.709999084472656,60.59000015258789,1993900
2013-11-29,59.54999923706055,59.54999923706055,60.20000076293945,59.470001220703125,59.93000030517578,700000
2013-12-02,59.18999862670898,59.18999862670898,59.66999816894531,59.09000015258789,59.43999862670898,2109100
2013-12-03,58.5,58.5,59.20000076293945,58.27999877929688,59.20000076293945,1727400
2013-12-04,57.27000045776367,57.27000045776367,58.310001373291016,57.04999923706055,58.25,1980300
2013-12-05,57.119998931884766,57.119998931884766,57.29999923706055,56.84999847412109,57.2400016784668,2787400
2013-12-06,58.2599983215332,58.2599983215332,58.27000045776367,57.220001220703125,57.220001220703125,3246300
2013-12-09,62.16999816894531,62.16999816894531,62.77999877929688,58.470001220703125,58.47999954223633,5655400
2013-12-10,61.43999862670898,61.43999862670898,62.900001525878906,61.41999816894531,62.25,2060800
2013-12-11,60.630001068115234,60.630001068115234,61.72999954223633,60.52000045776367,61.25,1430600
2013-12-12,60.18999862670898,60.18999862670898,60.88999938964844,60.11000061035156,60.720001220703125,2270100
2013-12-13,60.29999923706055,60.29999923706055,60.970001220703125,60.15999984741211,60.20000076293945,2346900
2013-12-16,60.02000045776367,60.02000045776367,61.119998931884766,59.880001068115234,60.83000183105469,2869400
2013-12-17,60.220001220703125,60.220001220703125,60.22999954223633,59.630001068115234,59.83000183105469,2048300
2013-12-18,62.27000045776367,62.27000045776367,62.290000915527344,60.75,61.38999938964844,2153900
2013-12-19,61.68999862670898,61.68999862670898,62.150001525878906,61.43999862670898,62.0099983215332,1440000
2013-12-20,62.63999938964844,62.63999938964844,62.7599983215332,61.75,61.970001220703125,1929700
2013-12-23,63.2599983215332,63.2599983215332,63.38999938964844,62.970001220703125,63.0,1440600
2013-12-24,63.25,63.25,63.29999923706055,62.9900016784668,63.18000030517578,493300
2013-12-26,63.38999938964844,63.38999938964844,63.7400016784668,63.130001068115234,63.310001373291016,774600
2013-12-27,63.36000061035156,63.36000061035156,63.720001220703125,63.150001525878906,63.59000015258789,568500
2013-12-30,63.290000915527344,63.290000915527344,63.59999847412109,63.04999923706055,63.4900016784668,589900
2013-12-31,63.369998931884766,63.369998931884766,63.630001068115234,63.20000076293945,63.56999969482422,789100
2014-01-02,64.77999877929688,64.77999877929688,65.16000366210938,63.18999862670898,63.36000061035156,2901900
2014-01-03,64.47000122070312,64.47000122070312,65.0,64.41000366210938,64.70999908447266,1241000
2014-01-06,64.80000305175781,64.80000305175781,65.5999984741211,64.66999816894531,65.08000183105469,2102000
2014-01-07,65.19999694824219,65.19999694824219,65.41999816894531,64.62000274658203,64.87999725341797,1168300
2014-01-08,65.44000244140625,65.44000244140625,65.55999755859375,64.98999786376953,65.1500015258789,1246800
2014-01-09,65.63999938964844,65.63999938964844,66.1500015258789,65.27999877929688,65.83999633789062,1262300
2014-01-10,64.73999786376953,64.73999786376953,65.8499984741211,64.38999938964844,65.8499984741211,1895700
2014-01-13,64.47000122070312,64.47000122070312,65.12999725341797,64.33999633789062,64.69999694824219,1480100
2014-01-14,64.97000122070312,64.97000122070312,65.19999694824219,64.5199966430664,65.11000061035156,607700
2014-01-15,64.4800033569336,64.4800033569336,65.0,64.27999877929688,65.0,1176100
2014-01-16,64.6500015258789,64.6500015258789,64.97000122070312,64.41999816894531,64.58000183105469,1526100
2014-01-17,64.83000183105469,64.83000183105469,65.23999786376953,64.37000274658203,64.9000015258789,1971500
2014-01-21,65.23999786376953,65.23999786376953,65.55000305175781,64.77999877929688,65.38999938964844,1973400
2014-01-22,66.48999786376953,66.48999786376953,66.76000213623047,65.20999908447266,65.20999908447266,1813700
2014-01-23,65.58999633789062,65.58999633789062,66.2300033569336,65.19000244140625,66.08000183105469,1444700
2014-01-24,64.19999694824219,64.19999694824219,65.37000274658203,63.959999084472656,65.19000244140625,1228000
2014-01-27,63.970001220703125,63.970001220703125,64.2699966430664,63.5,64.11000061035156,1042800
2014-01-28,64.31999969482422,64.31999969482422,64.54000091552734,64.0,64.0,725400
2014-01-29,63.900001525878906,63.900001525878906,64.54000091552734,63.5099983215332,64.0,751400
2014-01-30,64.91000366210938,64.91000366210938,64.9800033569336,64.31999969482422,64.45999908447266,813500
2014-01-31,64.93000030517578,64.93000030517578,65.3499984741211,64.06999969482422,64.1500015258789,1173300
2014-02-03,63.04999923706055,63.04999923706055,64.94999694824219,63.04999923706055,64.94000244140625,1512300
2014-02-04,62.7400016784668,62.7400016784668,63.400001525878906,62.52000045776367,63.400001525878906,1593700
2014-02-05,63.20000076293945,63.20000076293945,63.459999084472656,62.540000915527344,62.72999954223633,1226500
2014-02-06,63.7400016784668,63.7400016784668,63.880001068115234,63.2400016784668,63.369998931884766,699300
2014-02-07,63.619998931884766,63.619998931884766,64.2699966430664,63.5,63.79999923706055,1370100
2014-02-10,63.84000015258789,63.84000015258789,64.2300033569336,63.5,63.72999954223633,3039200
2014-02-11,64.33000183105469,64.33000183105469,64.37999725341797,63.150001525878906,63.790000915527344,3978400
2014-02-12,66.3499984741211,66.3499984741211,68.83999633789062,66.30000305175781,67.93000030517578,4429500
2014-02-13,66.25,66.25,66.27999877929688,65.0199966430664,65.87999725341797,2441000
2014-02-14,66.37000274658203,66.37000274658203,66.70999908447266,65.95999908447266,66.0999984741211,1045000
2014-02-18,66.83000183105469,66.83000183105469,67.08999633789062,66.1500015258789,66.69000244140625,1253100
2014-02-19,66.06999969482422,66.06999969482422,67.0,65.83999633789062,66.7300033569336,1551700
2014-02-20,65.77999877929688,65.77999877929688,66.16999816894531,65.38999938964844,65.98999786376953,1181300
2014-02-21,66.12999725341797,66.12999725341797,66.20999908447266,65.11000061035156,65.94999694824219,1683100
2014-02-24,67.5,67.5,68.83000183105469,66.04000091552734,66.05000305175781,2738200
2014-02-25,66.94999694824219,66.94999694824219,67.45999908447266,66.12000274658203,67.37000274658203,2928300
2014-02-26,67.5,67.5,68.08000183105469,66.70999908447266,66.95999908447266,1618100
2014-02-27,68.0199966430664,68.0199966430664,68.69999694824219,67.7699966430664,68.22000122070312,1085300
2014-02-28,68.7300033569336,68.7300033569336,70.0,68.25,68.37999725341797,1967800
2014-03-03,68.37000274658203,68.37000274658203,68.86000061035156,67.62999725341797,68.2699966430664,1957500
2014-03-04,68.75,68.75,69.25,68.30000305175781,68.80000305175781,2944400
2014-03-05,68.37000274658203,68.37000274658203,68.83000183105469,68.1500015258789,68.7699966430664,888500
2014-03-06,68.75,68.75,69.43000030517578,68.43000030517578,68.55000305175781,1201500
2014-03-07,68.77999877929688,68.77999877929688,69.18000030517578,68.41000366210938,69.12000274658203,1100900
2014-03-10,68.45999908447266,68.45999908447266,68.7699966430664,67.93000030517578,68.75,820500
2014-03-11,68.69000244140625,68.69000244140625,69.41000366210938,68.4000015258789,68.52999877929688,798700
2014-03-12,68.31999969482422,68.31999969482422,68.5999984741211,68.06999969482422,68.30000305175781,664000
2014-03-13,68.12000274658203,68.12000274658203,68.5,67.9000015258789,68.37999725341797,993400
2014-03-14,68.19999694824219,68.19999694824219,68.37000274658203,67.52999877929688,68.1500015258789,921900
2014-03-17,68.4800033569336,68.4800033569336,69.30000305175781,68.4000015258789,68.4000015258789,587700
2014-03-18,69.2300033569336,69.2300033569336,69.37999725341797,68.52999877929688,68.55000305175781,739100
2014-03-19,69.79000091552734,69.79000091552734,70.13999938964844,69.0199966430664,69.20999908447266,1215500
2014-03-20,69.80000305175781,69.80000305175781,70.37000274658203,69.54000091552734,69.69000244140625,1047100
2014-03-21,69.80999755859375,69.80999755859375,70.68000030517578,69.61000061035156,70.29000091552734,1523300
2014-03-24,68.45999908447266,68.45999908447266,70.26000213623047,68.19999694824219,70.01000213623047,744200
2014-03-25,68.61000061035156,68.61000061035156,69.44999694824219,68.33000183105469,68.75,1296500
2014-03-26,68.9000015258789,68.9000015258789,70.02999877929688,68.87999725341797,68.93000030517578,2135200
2014-03-27,68.38999938964844,68.38999938964844,68.91000366210938,67.76000213623047,68.9000015258789,1628800
2014-03-28,68.44999694824219,68.44999694824219,69.68000030517578,68.18000030517578,68.4800033569336,1060300
2014-03-31,68.8499984741211,68.8499984741211,69.30000305175781,68.5199966430664,69.0999984741211,1368700
2014-04-01,69.33999633789062,69.33999633789062,69.55000305175781,68.70999908447266,69.0,3219800
2014-04-02,69.08000183105469,69.08000183105469,69.83999633789062,68.66999816894531,69.44999694824219,1283100
2014-04-03,69.55999755859375,69.55999755859375,69.61000061035156,68.76000213623047,68.83999633789062,3242500
2014-04-04,68.06999969482422,68.06999969482422,70.0999984741211,68.02999877929688,70.05000305175781,1850100
2014-04-07,67.3499984741211,67.3499984741211,68.44999694824219,66.80999755859375,68.11000061035156,2135500
2014-04-08,68.45999908447266,68.45999908447266,68.91999816894531,67.61000061035156,68.38999938964844,2643400
2014-04-09,69.22000122070312,69.22000122070312,69.2699966430664,68.23999786376953,68.80999755859375,1155900
2014-04-10,67.94999694824219,67.94999694824219,69.45999908447266,67.52999877929688,69.19999694824219,1744900
2014-04-11,67.30000305175781,67.30000305175781,67.91999816894531,66.87000274658203,67.58000183105469,1247300
2014-04-14,67.81999969482422,67.81999969482422,67.86000061035156,67.1500015258789,67.45999908447266,1241400
2014-04-15,68.41000366210938,68.41000366210938,68.58000183105469,67.5,68.2300033569336,1441200
2014-04-16,69.16000366210938,69.16000366210938,69.18000030517578,67.94999694824219,67.94999694824219,1208900
2014-04-17,69.51000213623047,69.51000213623047,69.95999908447266,68.69999694824219,69.12999725341797,1413100
2014-04-21,69.62000274658203,69.62000274658203,69.87999725341797,69.11000061035156,69.47000122070312,790900
2014-04-22,69.54000091552734,69.54000091552734,69.87999725341797,69.27999877929688,69.55999755859375,594000
2014-04-23,69.41999816894531,69.41999816894531,69.5999984741211,68.69999694824219,69.41000366210938,787400
2014-04-24,69.37999725341797,69.37999725341797,70.0,69.25,69.58999633789062,785400
2014-04-25,69.55999755859375,69.55999755859375,69.9800033569336,69.05000305175781,69.44000244140625,724500
2014-04-28,69.23999786376953,69.23999786376953,69.87999725341797,68.7300033569336,69.87999725341797,1050500
2014-04-29,69.70999908447266,69.70999908447266,69.75,68.94999694824219,69.54000091552734,756000
2014-04-30,69.30000305175781,69.30000305175781,69.87000274658203,68.7699966430664,69.56999969482422,1082900
2014-05-01,69.93000030517578,69.93000030517578,70.47000122070312,69.06999969482422,69.38999938964844,1350100
2014-05-02,67.38999938964844,67.38999938964844,68.5,67.08000183105469,68.5,2628700
2014-05-05,67.12000274658203,67.12000274658203,67.52999877929688,66.5999984741211,67.0,1373500
2014-05-06,67.19000244140625,67.19000244140625,67.33000183105469,66.79000091552734,66.94999694824219,1613100
2014-05-07,67.77999877929688,67.77999877929688,67.83000183105469,67.05999755859375,67.25,749000
2014-05-08,67.33000183105469,67.33000183105469,68.16999816894531,67.11000061035156,67.80000305175781,880400
2014-05-09,67.75,67.75,67.80999755859375,67.08000183105469,67.22000122070312,535100
2014-05-12,68.08000183105469,68.08000183105469,68.23999786376953,67.80999755859375,67.81999969482422,804400
2014-05-13,67.88999938964844,67.88999938964844,68.5,67.76000213623047,68.18000030517578,558300
2014-05-14,67.68000030517578,67.68000030517578,67.88999938964844,67.2699966430664,67.76000213623047,429300
2014-05-15,67.7300033569336,67.7300033569336,67.9000015258789,67.19999694824219,67.5,794600
2014-05-16,67.52999877929688,67.52999877929688,68.0999984741211,67.16999816894531,67.86000061035156,1261900
2014-05-19,67.47000122070312,67.47000122070312,67.77999877929688,67.27999877929688,67.45999908447266,903300
2014-05-20,67.5199966430664,67.5199966430664,67.62000274658203,67.2300033569336,67.47000122070312,906300
2014-05-21,68.3499984741211,68.3499984741211,68.56999969482422,67.58999633789062,67.62000274658203,541400
2014-05-22,68.16000366210938,68.16000366210938,68.3499984741211,67.83000183105469,68.3499984741211,622300
2014-05-23,68.79000091552734,68.79000091552734,69.12000274658203,68.0999984741211,68.25,650400
2014-05-27,69.3499984741211,69.3499984741211,69.5,68.94000244140625,69.0,733600
2014-05-28,69.19999694824219,69.19999694824219,69.45999908447266,68.76000213623047,69.41999816894531,773700
2014-05-29,69.9000015258789,69.9000015258789,70.16999816894531,69.20999908447266,69.4000015258789,927000
2014-05-30,70.58999633789062,70.58999633789062,70.70999908447266,69.87000274658203,69.87999725341797,1722200
2014-06-02,71.20999908447266,71.20999908447266,71.43000030517578,70.41999816894531,70.80999755859375,1100600
2014-06-03,71.47000122070312,71.47000122070312,71.69999694824219,70.83000183105469,71.20999908447266,906100
2014-06-04,71.70999908447266,71.70999908447266,71.87000274658203,71.30999755859375,71.44000244140625,614200
2014-06-05,72.05999755859375,72.05999755859375,72.37000274658203,71.4800033569336,71.63999938964844,427200
2014-06-06,71.91000366210938,71.91000366210938,72.27999877929688,71.70999908447266,72.2300033569336,467900
2014-06-09,71.93000030517578,71.93000030517578,72.06999969482422,71.68000030517578,71.95999908447266,539900
2014-06-10,71.69000244140625,71.69000244140625,71.8499984741211,71.29000091552734,71.70999908447266,604800
2014-06-11,71.08000183105469,71.08000183105469,71.47000122070312,70.7300033569336,71.2300033569336,648500
2014-06-12,70.94000244140625,70.94000244140625,71.20999908447266,70.66000366210938,71.12999725341797,502700
2014-06-13,70.79000091552734,70.79000091552734,70.87999725341797,70.41999816894531,70.87999725341797,474000
2014-06-16,70.7699966430664,70.7699966430664,70.94000244140625,70.27999877929688,70.69999694824219,1063900
2014-06-17,70.18000030517578,70.18000030517578,70.77999877929688,70.01000213623047,70.55000305175781,972200
2014-06-18,70.41999816894531,70.41999816894531,70.51000213623047,69.83000183105469,70.13999938964844,865600
2014-06-19,71.58000183105469,71.58000183105469,71.72000122070312,70.30000305175781,70.48999786376953,1051100
2014-06-20,71.83000183105469,71.83000183105469,71.94000244140625,71.12999725341797,71.80000305175781,1014600
2014-06-23,71.52999877929688,71.52999877929688,71.68000030517578,71.26000213623047,71.68000030517578,481900
2014-06-24,71.38999938964844,71.38999938964844,71.8499984741211,71.12000274658203,71.55000305175781,712900
2014-06-25,71.86000061035156,71.86000061035156,72.05000305175781,71.11000061035156,71.33999633789062,546000
2014-06-26,71.61000061035156,71.61000061035156,71.76000213623047,71.0,71.73999786376953,524200
2014-06-27,72.94999694824219,72.94999694824219,73.4000015258789,71.20999908447266,71.4800033569336,3610300
2014-06-30,72.31999969482422,72.31999969482422,73.61000061035156,72.0,73.25,1138600
2014-07-01,73.16000366210938,73.16000366210938,73.30000305175781,72.38999938964844,72.66999816894531,1223200
2014-07-02,73.5999984741211,73.5999984741211,73.6500015258789,72.62999725341797,73.08000183105469,1002300
2014-07-03,73.31999969482422,73.31999969482422,73.94000244140625,73.0,73.6500015258789,585900
2014-07-07,73.27999877929688,73.27999877929688,73.83000183105469,73.0199966430664,73.1500015258789,664600
2014-07-08,72.80999755859375,72.80999755859375,73.22000122070312,72.62000274658203,73.19999694824219,904300
2014-07-09,73.22000122070312,73.22000122070312,73.26000213623047,72.70999908447266,72.98999786376953,560000
2014-07-10,73.04000091552734,73.04000091552734,73.16999816894531,72.61000061035156,72.76000213623047,990600
2014-07-11,73.08000183105469,73.08000183105469,73.2699966430664,72.73999786376953,73.0199966430664,442600
2014-07-14,73.56999969482422,73.56999969482422,73.76000213623047,73.30000305175781,73.41000366210938,630600
2014-07-15,73.26000213623047,73.26000213623047,74.0,73.08999633789062,73.41999816894531,780400
2014-07-16,73.81999969482422,73.81999969482422,74.0,73.30000305175781,73.41000366210938,612900
2014-07-17,73.4000015258789,73.4000015258789,74.83999633789062,73.31999969482422,73.66000366210938,744300
2014-07-18,73.8499984741211,73.8499984741211,73.95999908447266,73.06999969482422,73.47000122070312,519000
2014-07-21,71.01000213623047,71.01000213623047,72.98999786376953,70.55000305175781,72.98999786376953,3017200
2014-07-22,71.66999816894531,71.66999816894531,71.77999877929688,70.91000366210938,71.02999877929688,1198100
2014-07-23,71.66999816894531,71.66999816894531,71.87000274658203,71.2300033569336,71.87000274658203,595000
2014-07-24,71.88999938964844,71.88999938964844,72.25,71.68000030517578,71.83999633789062,1004800
2014-07-25,71.45999908447266,71.45999908447266,72.05999755859375,71.0999984741211,71.76000213623047,596200
2014-07-28,71.75,71.75,71.83000183105469,70.97000122070312,71.36000061035156,707900
2014-07-29,71.33000183105469,71.33000183105469,71.9800033569336,71.2699966430664,71.73999786376953,693100
2014-07-30,71.31999969482422,71.31999969482422,71.7300033569336,70.97000122070312,71.4800033569336,727700
2014-07-31,70.44000244140625,70.44000244140625,71.58999633789062,70.41000366210938,71.31999969482422,1992500
2014-08-01,71.37999725341797,71.37999725341797,72.23999786376953,70.48999786376953,71.36000061035156,1305300
2014-08-04,72.1500015258789,72.1500015258789,72.62999725341797,70.8499984741211,71.3499984741211,1381700
2014-08-05,71.51000213623047,71.51000213623047,72.13999938964844,71.19999694824219,71.97000122070312,1088700
2014-08-06,71.5199966430664,71.5199966430664,72.13999938964844,71.0999984741211,71.23999786376953,473100
2014-08-07,71.48999786376953,71.48999786376953,71.76000213623047,71.30999755859375,71.66999816894531,917300
2014-08-08,71.8499984741211,71.8499984741211,71.87000274658203,71.31999969482422,71.4800033569336,673000
2014-08-11,71.79000091552734,71.79000091552734,72.38999938964844,71.76000213623047,72.13999938964844,312100
2014-08-12,72.04000091552734,72.04000091552734,72.41000366210938,71.6500015258789,71.80999755859375,608400
2014-08-13,72.41999816894531,72.41999816894531,72.44999694824219,71.93000030517578,72.22000122070312,588700
2014-08-14,73.0999984741211,73.0999984741211,73.19000244140625,72.4000015258789,72.5,498900
2014-08-15,72.11000061035156,72.11000061035156,72.63999938964844,71.43000030517578,72.4000015258789,1538200
2014-08-18,73.43000030517578,73.43000030517578,73.52999877929688,72.19000244140625,72.38999938964844,1192100
2014-08-19,73.80000305175781,73.80000305175781,73.94000244140625,73.44999694824219,73.5999984741211,806200
2014-08-20,73.72000122070312,73.72000122070312,73.98999786376953,73.0,73.48999786376953,705000
2014-08-21,73.83000183105469,73.83000183105469,74.29000091552734,73.75,73.83999633789062,590800
2014-08-22,73.6500015258789,73.6500015258789,74.08000183105469,73.52999877929688,73.93000030517578,572800
2014-08-25,73.9000015258789,73.9000015258789,74.0199966430664,73.63999938964844,73.83999633789062,475900
2014-08-26,74.43000030517578,74.43000030517578,74.48999786376953,73.8499984741211,74.0,515900
2014-08-27,74.56999969482422,74.56999969482422,74.81999969482422,74.16000366210938,74.37000274658203,477600
2014-08-28,74.41999816894531,74.41999816894531,74.66999816894531,74.06999969482422,74.33999633789062,510200
2014-08-29,74.68000030517578,74.68000030517578,74.98999786376953,74.26000213623047,74.58999633789062,544900
2014-09-02,74.58000183105469,74.58000183105469,75.2699966430664,74.48999786376953,74.94999694824219,763900
2014-09-03,74.55000305175781,74.55000305175781,75.08999633789062,74.45999908447266,74.9000015258789,559200
2014-09-04,74.12000274658203,74.12000274658203,74.94000244140625,73.7699966430664,74.73999786376953,695600
2014-09-05,74.30000305175781,74.30000305175781,74.33000183105469,73.5999984741211,74.0999984741211,560100
2014-09-08,74.43000030517578,74.43000030517578,74.5199966430664,73.94000244140625,74.25,648200
2014-09-09,74.29000091552734,74.29000091552734,74.9000015258789,74.16999816894531,74.5,561400
2014-09-10,74.20999908447266,74.20999908447266,74.51000213623047,73.94000244140625,74.51000213623047,468500
2014-09-11,74.30999755859375,74.30999755859375,74.38999938964844,73.72000122070312,74.01000213623047,552400
2014-09-12,74.06999969482422,74.06999969482422,74.5,73.77999877929688,74.4000015258789,549700
2014-09-15,73.93000030517578,73.93000030517578,74.16000366210938,73.7300033569336,74.13999938964844,421800
2014-09-16,74.23999786376953,74.23999786376953,74.30999755859375,73.44999694824219,73.66999816894531,1187900
2014-09-17,73.93000030517578,73.93000030517578,74.05999755859375,72.83999633789062,73.88999938964844,1595300
2014-09-18,74.70999908447266,74.70999908447266,74.8499984741211,74.01000213623047,74.01000213623047,965800
2014-09-19,74.87999725341797,74.87999725341797,75.08000183105469,74.63999938964844,75.08000183105469,1884500
2014-09-22,74.76000213623047,74.76000213623047,75.12999725341797,74.26000213623047,74.72000122070312,648200
2014-09-23,74.01000213623047,74.01000213623047,74.58999633789062,73.87999725341797,74.55000305175781,537200
2014-09-24,74.94000244140625,74.94000244140625,74.97000122070312,73.66999816894531,74.01000213623047,597200
2014-09-25,73.7699966430664,73.7699966430664,74.86000061035156,73.52999877929688,74.86000061035156,752200
2014-09-26,73.4000015258789,73.4000015258789,73.94999694824219,73.27999877929688,73.86000061035156,842300
2014-09-29,73.4800033569336,73.4800033569336,73.69999694824219,72.77999877929688,73.0,732500
2014-09-30,73.13999938964844,73.13999938964844,73.81999969482422,73.05999755859375,73.41999816894531,1016800
2014-10-01,72.77999877929688,72.77999877929688,73.61000061035156,72.4800033569336,73.30000305175781,914300
2014-10-02,73.73999786376953,73.73999786376953,73.8499984741211,72.80999755859375,72.98999786376953,774500
2014-10-03,74.44999694824219,74.44999694824219,74.52999877929688,73.75,74.04000091552734,983800
2014-10-06,73.80999755859375,73.80999755859375,74.69000244140625,73.55000305175781,74.4800033569336,648400
2014-10-07,73.12999725341797,73.12999725341797,73.81999969482422,73.05000305175781,73.37999725341797,776700
2014-10-08,75.01000213623047,75.01000213623047,75.12000274658203,72.66000366210938,73.05999755859375,882100
2014-10-09,73.98999786376953,73.98999786376953,75.38999938964844,73.98999786376953,75.04000091552734,1301400
2014-10-10,73.41999816894531,73.41999816894531,74.73999786376953,73.41999816894531,74.05000305175781,657400
2014-10-13,73.55999755859375,73.55999755859375,74.37999725341797,73.18000030517578,73.30999755859375,897300
2014-10-14,73.58999633789062,73.58999633789062,74.16000366210938,73.37999725341797,73.70999908447266,1055400
2014-10-15,72.73999786376953,72.73999786376953,73.7699966430664,71.83000183105469,73.0,2144000
2014-10-16,72.02999877929688,72.02999877929688,72.69999694824219,71.5,71.88999938964844,1115300
2014-10-17,72.75,72.75,72.9800033569336,72.12999725341797,72.66000366210938,826800
2014-10-20,73.55999755859375,73.55999755859375,73.58000183105469,72.62000274658203,72.75,713600
2014-10-21,75.5,75.5,75.5,74.11000061035156,74.12000274658203,946300
2014-10-22,75.27999877929688,75.27999877929688,76.3499984741211,75.25,76.0,1047300
2014-10-23,76.25,76.25,76.68000030517578,75.88999938964844,76.33000183105469,638400
2014-10-24,76.7300033569336,76.7300033569336,76.79000091552734,76.19999694824219,76.29000091552734,543800
2014-10-27,76.69999694824219,76.69999694824219,76.77999877929688,76.2300033569336,76.75,599600
2014-10-28,77.58000183105469,77.58000183105469,77.76000213623047,76.68000030517578,76.80999755859375,778000
2014-10-29,77.37000274658203,77.37000274658203,78.36000061035156,77.0199966430664,77.68000030517578,730000
2014-10-30,77.62000274658203,77.62000274658203,77.76000213623047,76.37999725341797,77.05000305175781,787800
2014-10-31,78.06999969482422,78.06999969482422,78.5199966430664,77.75,78.33000183105469,793300
2014-11-03,78.02999877929688,78.02999877929688,78.41000366210938,77.5,78.08000183105469,806900
2014-11-04,77.83999633789062,77.83999633789062,78.20999908447266,77.38999938964844,77.83000183105469,697900
2014-11-05,77.51000213623047,77.51000213623047,78.11000061035156,77.4000015258789,78.05999755859375,603300
2014-11-06,78.02999877929688,78.02999877929688,78.06999969482422,77.1500015258789,77.44999694824219,1168200
2014-11-07,74.48999786376953,74.48999786376953,74.94999694824219,72.69999694824219,74.27999877929688,6676000
2014-11-10,74.72000122070312,74.72000122070312,74.83999633789062,73.55000305175781,74.4800033569336,3464300
2014-11-11,76.12999725341797,76.12999725341797,76.20999908447266,74.79000091552734,75.0199966430664,2277700
2014-11-12,76.72000122070312,76.72000122070312,77.0999984741211,75.33999633789062,76.0,2949800
2014-11-13,77.04000091552734,77.04000091552734,77.36000061035156,76.61000061035156,77.16999816894531,2901900
2014-11-14,75.66000366210938,75.66000366210938,77.52999877929688,75.56999969482422,77.0,3533100
2014-11-17,75.51000213623047,75.51000213623047,75.8499984741211,74.91999816894531,75.77999877929688,1369100
2014-11-18,75.2300033569336,75.2300033569336,75.80999755859375,75.01000213623047,75.41999816894531,1834800
2014-11-19,75.12000274658203,75.12000274658203,75.37000274658203,74.58999633789062,75.23999786376953,898500
2014-11-20,75.12999725341797,75.12999725341797,75.29000091552734,74.58999633789062,74.98999786376953,761100
2014-11-21,74.54000091552734,74.54000091552734,75.80000305175781,74.44999694824219,75.70999908447266,1177500
2014-11-24,74.48999786376953,74.48999786376953,74.76000213623047,73.83999633789062,74.54000091552734,2454000
2014-11-25,75.05999755859375,75.05999755859375,75.08999633789062,74.12000274658203,74.5,1331700
2014-11-26,76.0999984741211,76.0999984741211,76.44000244140625,75.08999633789062,75.2300033569336,1255900
2014-11-28,76.52999877929688,76.52999877929688,76.62999725341797,76.13999938964844,76.25,746800
2014-12-01,76.01000213623047,76.01000213623047,76.63999938964844,75.68000030517578,76.47000122070312,1349600
2014-12-02,75.69999694824219,75.69999694824219,76.19999694824219,75.47000122070312,76.0,866100
2014-12-03,75.69000244140625,75.69000244140625,76.16999816894531,75.48999786376953,75.58999633789062,716900
2014-12-04,75.30000305175781,75.30000305175781,75.8499984741211,75.27999877929688,75.6500015258789,765400
2014-12-05,75.62999725341797,75.62999725341797,75.70999908447266,75.22000122070312,75.30000305175781,730900
2014-12-08,75.87000274658203,75.87000274658203,76.4000015258789,75.62999725341797,75.6500015258789,1008200
2014-12-09,75.1500015258789,75.1500015258789,75.55000305175781,74.66999816894531,75.30000305175781,1180800
2014-12-10,74.44999694824219,74.44999694824219,75.5,74.38999938964844,75.20999908447266,916200
2014-12-11,74.51000213623047,74.51000213623047,75.11000061035156,74.37000274658203,74.75,687000
2014-12-12,73.4000015258789,73.4000015258789,74.43000030517578,73.33000183105469,74.16000366210938,940700
2014-12-15,72.86000061035156,72.86000061035156,73.95999908447266,72.13999938964844,73.5,1189800
2014-12-16,72.7699966430664,72.7699966430664,73.77999877929688,72.2300033569336,72.69000244140625,1106100
2014-12-17,74.33000183105469,74.33000183105469,74.61000061035156,72.77999877929688,72.80999755859375,1248300
2014-12-18,75.19999694824219,75.19999694824219,75.22000122070312,74.70999908447266,75.1500015258789,1097600
2014-12-19,75.94000244140625,75.94000244140625,76.0,75.06999969482422,75.41000366210938,1794600
2014-12-22,76.3499984741211,76.3499984741211,76.52999877929688,75.97000122070312,76.0,793800
2014-12-23,75.98999786376953,75.98999786376953,76.5199966430664,75.69000244140625,76.4000015258789,536800
2014-12-24,76.05999755859375,76.05999755859375,76.3499984741211,75.79000091552734,76.0,249000
2014-12-26,76.22000122070312,76.22000122070312,76.5,75.91999816894531,76.06999969482422,379700
2014-12-29,76.0999984741211,76.0999984741211,76.4000015258789,75.83999633789062,76.05999755859375,550500
2014-12-30,76.0,76.0,76.29000091552734,75.54000091552734,76.0,330500
2014-12-31,75.73999786376953,75.73999786376953,76.7699966430664,75.66000366210938,76.19000244140625,575100
2015-01-02,75.83000183105469,75.83000183105469,76.37000274658203,75.37000274658203,75.83999633789062,945900
2015-01-05,74.69999694824219,74.69999694824219,75.93000030517578,74.44999694824219,75.36000061035156,1220800
2015-01-06,73.62000274658203,73.62000274658203,75.11000061035156,73.43000030517578,74.88999938964844,1233600
2015-01-07,74.29000091552734,74.29000091552734,74.72000122070312,73.81999969482422,73.87000274658203,1155800
2015-01-08,75.7699966430664,75.7699966430664,76.05999755859375,74.83999633789062,74.87000274658203,1082600
2015-01-09,75.22000122070312,75.22000122070312,76.19999694824219,75.1500015258789,76.13999938964844,491700
2015-01-12,74.41999816894531,74.41999816894531,75.47000122070312,74.2300033569336,75.44999694824219,594000
2015-01-13,74.54000091552734,74.54000091552734,75.29000091552734,74.0,74.87000274658203,843500
2015-01-14,74.69000244140625,74.69000244140625,74.7699966430664,73.66999816894531,73.73999786376953,811900
2015-01-15,74.45999908447266,74.45999908447266,75.0999984741211,74.38999938964844,74.75,741600
2015-01-16,75.05000305175781,75.05000305175781,75.1500015258789,74.4000015258789,74.4000015258789,997400
2015-01-20,75.20999908447266,75.20999908447266,75.94000244140625,74.77999877929688,75.5199966430664,517600
2015-01-21,75.7300033569336,75.7300033569336,75.83000183105469,74.81999969482422,74.87000274658203,848900
2015-01-22,76.1500015258789,76.1500015258789,76.31999969482422,75.0,75.9800033569336,1358000
2015-01-23,75.8499984741211,75.8499984741211,76.26000213623047,75.58999633789062,76.12000274658203,750000
2015-01-26,76.19000244140625,76.19000244140625,76.33999633789062,75.41999816894531,75.7699966430664,723700
2015-01-27,76.04000091552734,76.04000091552734,76.55999755859375,75.62000274658203,75.70999908447266,822300
2015-01-28,75.5199966430664,75.5199966430664,76.5999984741211,75.48999786376953,76.23999786376953,771600
2015-01-29,76.13999938964844,76.13999938964844,76.22000122070312,75.02999877929688,75.7300033569336,650000
2015-01-30,75.05999755859375,75.05999755859375,76.04000091552734,74.95999908447266,75.69000244140625,1003100
2015-02-02,75.56999969482422,75.56999969482422,75.58000183105469,74.5199966430664,75.06999969482422,1094500
2015-02-03,75.5999984741211,75.5999984741211,76.11000061035156,75.06999969482422,75.55999755859375,1052700
2015-02-04,75.95999908447266,75.95999908447266,76.25,75.0999984741211,75.22000122070312,853600
2015-02-05,76.7699966430664,76.7699966430664,77.0999984741211,76.08000183105469,76.08000183105469,790900
2015-02-06,75.56999969482422,75.56999969482422,76.97000122070312,75.26000213623047,76.93000030517578,809700
2015-02-09,74.66999816894531,74.66999816894531,75.58999633789062,74.27999877929688,75.25,970300
2015-02-10,75.7699966430664,75.7699966430664,75.88999938964844,74.87999725341797,75.0,665800
2015-02-11,75.94999694824219,75.94999694824219,76.26000213623047,75.30999755859375,76.0199966430664,635800
2015-02-12,76.38999938964844,76.38999938964844,76.52999877929688,75.77999877929688,76.1500015258789,1156800
2015-02-13,73.0999984741211,73.0999984741211,75.63999938964844,71.88999938964844,75.0,6205600
2015-02-17,72.77999877929688,72.77999877929688,73.4000015258789,72.19000244140625,72.9800033569336,2259800
2015-02-18,73.27999877929688,73.27999877929688,73.69000244140625,72.61000061035156,72.61000061035156,1603800
2015-02-19,73.23999786376953,73.23999786376953,73.30999755859375,72.5199966430664,72.58999633789062,1566700
2015-02-20,73.76000213623047,73.76000213623047,73.94000244140625,72.87999725341797,73.0199966430664,2844400
2015-02-23,73.86000061035156,73.86000061035156,74.41000366210938,73.5199966430664,73.6500015258789,1890900
2015-02-24,72.93000030517578,72.93000030517578,74.0,72.55000305175781,73.75,1580000
2015-02-25,73.93000030517578,73.93000030517578,74.30999755859375,72.91999816894531,73.11000061035156,1148700
2015-02-26,74.30000305175781,74.30000305175781,74.43000030517578,73.77999877929688,74.04000091552734,881700
2015-02-27,74.5999984741211,74.5999984741211,74.63999938964844,73.9000015258789,74.11000061035156,1312300
2015-03-02,75.55999755859375,75.55999755859375,75.63999938964844,74.44000244140625,74.5999984741211,1372800
2015-03-03,75.88999938964844,75.88999938964844,75.97000122070312,74.94999694824219,75.38999938964844,2088600
2015-03-04,76.75,76.75,77.26000213623047,75.22000122070312,75.70999908447266,1998800
2015-03-05,76.93000030517578,76.93000030517578,77.01000213623047,76.0199966430664,76.52999877929688,1549200
2015-03-06,77.62999725341797,77.62999725341797,77.75,76.38999938964844,76.69000244140625,2518800
2015-03-09,78.0,78.0,78.30000305175781,77.36000061035156,77.58000183105469,2078200
2015-03-10,78.0999984741211,78.0999984741211,78.36000061035156,76.94000244140625,77.13999938964844,2141300
2015-03-11,79.41000366210938,79.41000366210938,79.54000091552734,77.9000015258789,78.38999938964844,1936200
2015-03-12,79.69999694824219,79.69999694824219,79.75,79.18000030517578,79.69999694824219,1083800
2015-03-13,80.80999755859375,80.80999755859375,80.94999694824219,79.7300033569336,79.80000305175781,1556600
2015-03-16,81.41000366210938,81.41000366210938,81.80999755859375,80.87000274658203,81.08000183105469,992600
2015-03-17,81.11000061035156,81.11000061035156,81.2300033569336,80.69000244140625,81.0,889200
2015-03-18,81.63999938964844,81.63999938964844,81.66000366210938,80.55000305175781,81.18000030517578,1762200
2015-03-19,81.44000244140625,81.44000244140625,81.79000091552734,81.2699966430664,81.41999816894531,707800
2015-03-20,81.86000061035156,81.86000061035156,82.16999816894531,81.54000091552734,81.91999816894531,1327600
2015-03-23,82.83999633789062,82.83999633789062,83.04000091552734,81.62000274658203,81.9000015258789,1347000
2015-03-24,82.19000244140625,82.19000244140625,82.97000122070312,81.93000030517578,82.58999633789062,1046000
2015-03-25,81.05000305175781,81.05000305175781,82.4800033569336,80.94999694824219,82.29000091552734,1219700
2015-03-26,81.06999969482422,81.06999969482422,81.55000305175781,80.37999725341797,80.87000274658203,864300
2015-03-27,81.83000183105469,81.83000183105469,81.87000274658203,80.88999938964844,81.0,913700
2015-03-30,82.16999816894531,82.16999816894531,82.5,81.69999694824219,82.30999755859375,979900
2015-03-31,81.27999877929688,81.27999877929688,82.0,81.2300033569336,81.76000213623047,814100
2015-04-01,80.05000305175781,80.05000305175781,81.44000244140625,79.83000183105469,81.25,2375500
2015-04-02,80.58999633789062,80.58999633789062,80.77999877929688,80.0999984741211,80.30999755859375,1047400
2015-04-06,81.47000122070312,81.47000122070312,81.83999633789062,80.1500015258789,80.56999969482422,969400
2015-04-07,81.86000061035156,81.86000061035156,82.4800033569336,81.75,81.75,999700
2015-04-08,81.73999786376953,81.73999786376953,82.62999725341797,81.62999725341797,82.13999938964844,715500
2015-04-09,81.5199966430664,81.5199966430664,81.94000244140625,80.94999694824219,81.61000061035156,1168300
2015-04-10,81.9000015258789,81.9000015258789,82.31999969482422,81.4800033569336,81.4800033569336,720300
2015-04-13,81.76000213623047,81.76000213623047,82.38999938964844,81.66000366210938,81.9000015258789,650100
2015-04-14,82.01000213623047,82.01000213623047,82.30000305175781,81.58999633789062,82.0,932200
2015-04-15,81.61000061035156,81.61000061035156,82.48999786376953,81.54000091552734,82.06999969482422,740300
2015-04-16,82.12999725341797,82.12999725341797,82.25,81.66000366210938,81.72000122070312,596900
2015-04-17,81.26000213623047,81.26000213623047,81.88999938964844,80.7699966430664,81.5,624200
2015-04-20,81.83999633789062,81.83999633789062,82.08000183105469,81.51000213623047,81.70999908447266,691700
2015-04-21,83.12000274658203,83.12000274658203,83.30000305175781,81.95999908447266,82.23999786376953,952600
2015-04-22,83.22000122070312,83.22000122070312,83.58000183105469,82.62999725341797,83.13999938964844,583100
2015-04-23,83.41000366210938,83.41000366210938,83.72000122070312,82.4800033569336,83.1500015258789,615000
2015-04-24,83.91000366210938,83.91000366210938,84.0999984741211,83.12999725341797,83.5,786100
2015-04-27,83.79000091552734,83.79000091552734,85.16999816894531,83.63999938964844,85.0999984741211,1361700
2015-04-28,83.58999633789062,83.58999633789062,84.0,82.05999755859375,83.69000244140625,744700
2015-04-29,82.63999938964844,82.63999938964844,83.36000061035156,81.80999755859375,83.26000213623047,577200
2015-04-30,81.0999984741211,81.0999984741211,82.69999694824219,80.98999786376953,82.48999786376953,1155500
2015-05-01,82.4000015258789,82.4000015258789,82.44999694824219,81.61000061035156,81.69000244140625,1067900
2015-05-04,82.33999633789062,82.33999633789062,83.0199966430664,82.25,82.69000244140625,946400
2015-05-05,81.51000213623047,81.51000213623047,83.27999877929688,80.41000366210938,80.58000183105469,1510200
2015-05-06,81.41000366210938,81.41000366210938,82.05999755859375,81.16999816894531,81.91999816894531,1064100
2015-05-07,81.76000213623047,81.76000213623047,82.0199966430664,81.33000183105469,81.33000183105469,1072700
2015-05-08,82.16999816894531,82.16999816894531,82.91999816894531,82.08000183105469,82.48999786376953,716200
2015-05-11,81.58999633789062,81.58999633789062,82.37000274658203,81.51000213623047,82.18000030517578,825000
2015-05-12,80.91999816894531,80.91999816894531,81.30000305175781,80.62000274658203,81.06999969482422,1556600
2015-05-13,80.9800033569336,80.9800033569336,81.69999694824219,80.88999938964844,81.2699966430664,824300
2015-05-14,81.86000061035156,81.86000061035156,81.91000366210938,81.20999908447266,81.4000015258789,957900
2015-05-15,81.4800033569336,81.4800033569336,82.19999694824219,81.0199966430664,81.88999938964844,1316900
2015-05-18,82.69999694824219,82.69999694824219,82.94000244140625,81.26000213623047,81.61000061035156,1114400
2015-05-19,83.19999694824219,83.19999694824219,83.52999877929688,82.69999694824219,83.0,677600
2015-05-20,83.69000244140625,83.69000244140625,83.7300033569336,82.86000061035156,83.08999633789062,785200
2015-05-21,83.48999786376953,83.48999786376953,83.68000030517578,83.05000305175781,83.45999908447266,681700
2015-05-22,84.08999633789062,84.08999633789062,84.33999633789062,83.30999755859375,83.38999938964844,715300
2015-05-26,83.75,83.75,84.16000366210938,83.68000030517578,84.0199966430664,792600
2015-05-27,84.05999755859375,84.05999755859375,84.08000183105469,83.58999633789062,83.80999755859375,671500
2015-05-28,84.2300033569336,84.2300033569336,84.33999633789062,83.7699966430664,84.01000213623047,714800
2015-05-29,83.77999877929688,83.77999877929688,84.4000015258789,83.25,84.18000030517578,928800
2015-06-01,83.87999725341797,83.87999725341797,84.4000015258789,83.38999938964844,83.94000244140625,684900
2015-06-02,83.81999969482422,83.81999969482422,83.91999816894531,83.2699966430664,83.83999633789062,679500
2015-06-03,83.95999908447266,83.95999908447266,84.12000274658203,83.56999969482422,84.0,474300
2015-06-04,82.5999984741211,82.5999984741211,83.93000030517578,82.44999694824219,83.62999725341797,855400
2015-06-05,82.54000091552734,82.54000091552734,82.75,81.8499984741211,82.37999725341797,638100
2015-06-08,81.87000274658203,81.87000274658203,82.69999694824219,81.80999755859375,82.30999755859375,1068400
2015-06-09,81.48999786376953,81.48999786376953,82.47000122070312,81.43000030517578,82.0,797100
2015-06-10,81.68000030517578,81.68000030517578,82.0199966430664,81.44000244140625,81.75,977000
2015-06-11,82.19000244140625,82.19000244140625,82.37999725341797,81.73999786376953,82.0199966430664,699300
2015-06-12,81.4000015258789,81.4000015258789,82.13999938964844,81.30999755859375,81.73999786376953,489600
2015-06-15,81.27999877929688,81.27999877929688,81.51000213623047,80.77999877929688,81.04000091552734,736200
2015-06-16,81.51000213623047,81.51000213623047,82.0,81.20999908447266,81.20999908447266,821000
2015-06-17,81.06999969482422,81.06999969482422,81.69999694824219,80.7300033569336,81.69999694824219,975800
2015-06-18,81.44999694824219,81.44999694824219,81.76000213623047,80.9000015258789,81.44999694824219,887100
2015-06-19,82.19000244140625,82.19000244140625,82.37000274658203,81.0199966430664,81.44000244140625,2881700
2015-06-22,82.12999725341797,82.12999725341797,83.33000183105469,82.04000091552734,83.33000183105469,1264800
2015-06-23,81.56999969482422,81.56999969482422,82.30999755859375,81.48999786376953,82.11000061035156,842600
2015-06-24,80.19000244140625,80.19000244140625,81.55000305175781,80.19000244140625,81.55000305175781,987100
2015-06-25,80.91000366210938,80.91000366210938,81.3499984741211,79.75,80.56999969482422,1555700
2015-06-26,81.08000183105469,81.08000183105469,81.37999725341797,80.86000061035156,80.9800033569336,1581600
2015-06-29,79.61000061035156,79.61000061035156,81.20999908447266,79.55999755859375,80.20999908447266,1216300
2015-06-30,79.47000122070312,79.47000122070312,80.1500015258789,79.30999755859375,79.97000122070312,1737500
2015-07-01,79.31999969482422,79.31999969482422,80.4000015258789,79.19999694824219,79.95999908447266,1735800
2015-07-02,78.94000244140625,78.94000244140625,79.7699966430664,78.94000244140625,79.54000091552734,1258500
2015-07-06,79.55000305175781,79.55000305175781,80.11000061035156,78.52999877929688,78.52999877929688,2077200
2015-07-07,79.66000366210938,79.66000366210938,80.04000091552734,78.8499984741211,79.94000244140625,1200000
2015-07-08,78.80999755859375,78.80999755859375,79.5,78.66999816894531,79.16000366210938,903700
2015-07-09,78.81999969482422,78.81999969482422,79.75,78.79000091552734,79.75,897800
2015-07-10,79.30000305175781,79.30000305175781,79.5199966430664,79.12000274658203,79.5,955300
2015-07-13,79.5,79.5,79.86000061035156,78.91000366210938,79.70999908447266,985900
2015-07-14,80.06999969482422,80.06999969482422,80.22000122070312,79.44000244140625,79.70999908447266,1177100
2015-07-15,79.66999816894531,79.66999816894531,80.4000015258789,79.62000274658203,80.26000213623047,981900
2015-07-16,79.83999633789062,79.83999633789062,80.41000366210938,79.5999984741211,79.98999786376953,584900
2015-07-17,79.97000122070312,79.97000122070312,80.0199966430664,79.51000213623047,79.83999633789062,1263500
2015-07-20,79.87999725341797,79.87999725341797,80.27999877929688,79.76000213623047,79.97000122070312,878000
2015-07-21,79.62000274658203,79.62000274658203,80.26000213623047,79.06999969482422,80.0,1129500
2015-07-22,80.05999755859375,80.05999755859375,80.25,79.62999725341797,79.66000366210938,1034500
2015-07-23,80.12999725341797,80.12999725341797,80.98999786376953,79.91000366210938,80.29000091552734,602700
2015-07-24,79.38999938964844,79.38999938964844,79.95999908447266,79.12999725341797,79.91000366210938,533300
2015-07-27,78.43000030517578,78.43000030517578,79.20999908447266,78.20999908447266,79.19999694824219,812500
2015-07-28,79.0199966430664,79.0199966430664,79.04000091552734,77.77999877929688,78.5999984741211,579600
2015-07-29,79.06999969482422,79.06999969482422,79.41000366210938,78.66999816894531,79.16000366210938,514400
2015-07-30,78.62999725341797,78.62999725341797,79.36000061035156,78.2699966430664,79.05000305175781,755800
2015-07-31,79.02999877929688,79.02999877929688,79.61000061035156,78.4000015258789,78.62999725341797,671600
2015-08-03,79.70999908447266,79.70999908447266,79.75,78.94000244140625,79.06999969482422,725900
2015-08-04,80.19999694824219,80.19999694824219,80.66000366210938,79.69000244140625,79.91999816894531,942500
2015-08-05,80.48999786376953,80.48999786376953,80.98999786376953,79.61000061035156,79.98999786376953,1803500
2015-08-06,81.13999938964844,81.13999938964844,81.29000091552734,80.48999786376953,80.48999786376953,1514000
2015-08-07,81.0199966430664,81.0199966430664,81.3499984741211,80.30999755859375,80.98999786376953,1107100
2015-08-10,81.05000305175781,81.05000305175781,81.88999938964844,80.93000030517578,81.33000183105469,949900
2015-08-11,80.7699966430664,80.7699966430664,81.0999984741211,80.5,80.72000122070312,1010500
2015-08-12,79.94999694824219,79.94999694824219,80.31999969482422,79.16999816894531,80.2300033569336,836200
2015-08-13,79.6500015258789,79.6500015258789,80.3499984741211,79.44999694824219,79.80999755859375,786400
2015-08-14,80.27999877929688,80.27999877929688,80.31999969482422,79.47000122070312,79.70999908447266,533000
2015-08-17,80.27999877929688,80.27999877929688,80.30000305175781,79.61000061035156,79.94999694824219,874300
2015-08-18,80.0,80.0,80.62999725341797,79.94999694824219,80.25,722500
2015-08-19,80.08000183105469,80.08000183105469,80.33999633789062,79.3499984741211,79.94000244140625,1160700
2015-08-20,78.52999877929688,78.52999877929688,79.69999694824219,78.5199966430664,79.51000213623047,1522400
2015-08-21,75.98999786376953,75.98999786376953,78.12999725341797,75.88999938964844,78.04000091552734,1301000
2015-08-24,74.08000183105469,74.08000183105469,76.56999969482422,71.6500015258789,76.0,1989700
2015-08-25,74.33000183105469,74.33000183105469,76.01000213623047,74.16999816894531,75.2699966430664,2151100
2015-08-26,76.12000274658203,76.12000274658203,76.30000305175781,74.11000061035156,75.18000030517578,1581500
2015-08-27,76.6500015258789,76.6500015258789,77.12999725341797,75.55000305175781,76.55999755859375,1266900
2015-08-28,76.29000091552734,76.29000091552734,76.80000305175781,75.87000274658203,76.45999908447266,1188100
2015-08-31,75.63999938964844,75.63999938964844,77.06999969482422,75.45999908447266,76.20999908447266,1223000
2015-09-01,74.05000305175781,74.05000305175781,75.0999984741211,73.69999694824219,74.08000183105469,1309300
2015-09-02,75.12000274658203,75.12000274658203,75.12000274658203,73.94999694824219,74.54000091552734,990700
2015-09-03,75.44000244140625,75.44000244140625,75.81999969482422,74.83000183105469,75.27999877929688,1614700
2015-09-04,74.55000305175781,74.55000305175781,75.18000030517578,74.26000213623047,74.45999908447266,955600
2015-09-08,75.45999908447266,75.45999908447266,75.5999984741211,74.95999908447266,75.4800033569336,1397200
2015-09-09,74.73999786376953,74.73999786376953,76.19999694824219,74.5999984741211,75.95999908447266,1023900
2015-09-10,74.63999938964844,74.63999938964844,74.9800033569336,74.0199966430664,74.55999755859375,1018300
2015-09-11,75.0,75.0,75.0,73.94000244140625,74.37999725341797,1323300
2015-09-14,74.7699966430664,74.7699966430664,75.47000122070312,74.61000061035156,75.2300033569336,1200800
2015-09-15,75.1500015258789,75.1500015258789,75.44000244140625,74.5999984741211,74.91000366210938,1103700
2015-09-16,75.81999969482422,75.81999969482422,76.0999984741211,75.0,75.19000244140625,1910400
2015-09-17,75.7699966430664,75.7699966430664,76.41000366210938,75.55000305175781,75.76000213623047,1342700
2015-09-18,74.98999786376953,74.98999786376953,75.79000091552734,74.80999755859375,75.18000030517578,1480900
2015-09-21,76.0199966430664,76.0199966430664,76.25,75.06999969482422,75.22000122070312,1589200
2015-09-22,75.36000061035156,75.36000061035156,75.8499984741211,75.11000061035156,75.33999633789062,1445100
2015-09-23,75.5199966430664,75.5199966430664,76.19000244140625,75.08999633789062,75.23999786376953,845200
2015-09-24,74.3499984741211,74.3499984741211,75.16000366210938,73.94000244140625,74.95999908447266,995700
2015-09-25,72.26000213623047,72.26000213623047,74.87000274658203,71.80000305175781,74.58000183105469,1239100
2015-09-28,70.93000030517578,70.93000030517578,72.0,70.12000274658203,71.9800033569336,1965000
2015-09-29,71.18000030517578,71.18000030517578,71.52999877929688,70.2699966430664,70.88999938964844,1458600
2015-09-30,72.33000183105469,72.33000183105469,72.79000091552734,70.4000015258789,71.62999725341797,1185400
2015-10-01,72.05000305175781,72.05000305175781,72.73999786376953,71.4800033569336,72.33000183105469,1583700
2015-10-02,72.9000015258789,72.9000015258789,73.38999938964844,70.94000244140625,71.66000366210938,858500
2015-10-05,73.36000061035156,73.36000061035156,73.88999938964844,72.66999816894531,73.3499984741211,1066900
2015-10-06,72.1500015258789,72.1500015258789,73.4800033569336,71.68000030517578,73.33000183105469,1184800
2015-10-07,73.19000244140625,73.19000244140625,73.19000244140625,71.86000061035156,72.44999694824219,1061500
2015-10-08,73.0999984741211,73.0999984741211,73.36000061035156,72.22000122070312,73.3499984741211,659100
2015-10-09,73.16000366210938,73.16000366210938,73.73999786376953,72.70999908447266,73.19000244140625,814100
2015-10-12,73.63999938964844,73.63999938964844,73.76000213623047,72.87000274658203,72.94999694824219,595800
2015-10-13,73.3499984741211,73.3499984741211,74.22000122070312,73.18000030517578,73.44999694824219,939000
2015-10-14,73.23999786376953,73.23999786376953,73.9800033569336,73.0199966430664,73.56999969482422,634300
2015-10-15,75.2300033569336,75.2300033569336,75.37000274658203,73.12999725341797,73.30999755859375,1072900
2015-10-16,76.5,76.5,76.55999755859375,75.30999755859375,75.5999984741211,1115900
2015-10-19,76.33000183105469,76.33000183105469,76.75,75.81999969482422,76.31999969482422,590100
2015-10-20,76.19000244140625,76.19000244140625,76.66000366210938,75.80999755859375,76.33000183105469,493500
2015-10-21,76.45999908447266,76.45999908447266,76.68000030517578,75.01000213623047,76.55999755859375,758200
2015-10-22,74.9800033569336,74.9800033569336,76.73999786376953,74.08999633789062,76.58999633789062,1453200
2015-10-23,75.94000244140625,75.94000244140625,76.4800033569336,75.2300033569336,75.4000015258789,838800
2015-10-26,76.4000015258789,76.4000015258789,76.52999877929688,75.47000122070312,75.8499984741211,1172400
2015-10-27,76.94999694824219,76.94999694824219,77.2300033569336,76.26000213623047,76.29000091552734,555800
2015-10-28,77.44000244140625,77.44000244140625,77.47000122070312,75.22000122070312,76.88999938964844,1052800
2015-10-29,77.75,77.75,77.91000366210938,76.86000061035156,77.44000244140625,611700
2015-10-30,77.51000213623047,77.51000213623047,78.25,77.43000030517578,77.75,765400
2015-11-02,78.16000366210938,78.16000366210938,78.22000122070312,77.5199966430664,77.86000061035156,825000
2015-11-03,77.5999984741211,77.5999984741211,78.51000213623047,77.5,77.8499984741211,1093100
2015-11-04,77.44999694824219,77.44999694824219,78.94000244140625,73.23999786376953,73.23999786376953,1427300
2015-11-05,77.75,77.75,77.91000366210938,76.95999908447266,77.48999786376953,1472000
2015-11-06,77.2699966430664,77.2699966430664,77.7699966430664,77.19000244140625,77.5999984741211,1128100
2015-11-09,75.58999633789062,75.58999633789062,77.23999786376953,75.37000274658203,76.9800033569336,1819700
2015-11-10,76.11000061035156,76.11000061035156,76.30999755859375,75.66000366210938,75.66000366210938,1158400
2015-11-11,74.97000122070312,74.97000122070312,76.55999755859375,74.86000061035156,76.38999938964844,882300
2015-11-12,73.23999786376953,73.23999786376953,74.70999908447266,73.19000244140625,74.69000244140625,1224000
2015-11-13,72.58000183105469,72.58000183105469,73.61000061035156,72.5199966430664,73.05999755859375,1222500
2015-11-16,73.51000213623047,73.51000213623047,73.54000091552734,72.27999877929688,72.48999786376953,1194900
2015-11-17,73.1500015258789,73.1500015258789,73.80999755859375,72.77999877929688,73.5,1427800
2015-11-18,73.98999786376953,73.98999786376953,74.08999633789062,73.19999694824219,73.41000366210938,1526600
2015-11-19,73.20999908447266,73.20999908447266,73.76000213623047,72.58000183105469,73.73999786376953,1280900
2015-11-20,73.52999877929688,73.52999877929688,73.6500015258789,72.95999908447266,73.20999908447266,999900
2015-11-23,73.41000366210938,73.41000366210938,73.9800033569336,73.18000030517578,73.56999969482422,1299200
2015-11-24,73.5,73.5,73.70999908447266,72.63999938964844,72.80999755859375,1181700
2015-11-25,73.75,73.75,73.91000366210938,73.22000122070312,73.55999755859375,1118700
2015-11-27,74.31999969482422,74.31999969482422,74.4000015258789,73.51000213623047,73.88999938964844,1226100
2015-11-30,73.04000091552734,73.04000091552734,74.91999816894531,72.97000122070312,74.61000061035156,2400300
2015-12-01,73.5199966430664,73.5199966430664,73.93000030517578,73.16999816894531,73.41000366210938,1669000
2015-12-02,72.7699966430664,72.7699966430664,73.88999938964844,72.6500015258789,73.43000030517578,945500
2015-12-03,71.66999816894531,71.66999816894531,73.06999969482422,71.33000183105469,72.75,1013600
2015-12-04,72.22000122070312,72.22000122070312,72.70999908447266,71.68000030517578,71.98999786376953,2646800
2015-12-07,71.55000305175781,71.55000305175781,72.27999877929688,71.38999938964844,72.19999694824219,1695500
2015-12-08,71.37000274658203,71.37000274658203,71.58000183105469,70.91999816894531,71.44000244140625,1783200
2015-12-09,70.86000061035156,70.86000061035156,71.94000244140625,70.66000366210938,71.0199966430664,1099600
2015-12-10,71.0,71.0,71.29000091552734,70.58000183105469,70.80999755859375,867500
2015-12-11,69.70999908447266,69.70999908447266,70.62000274658203,69.5199966430664,70.30000305175781,1021300
2015-12-14,68.06999969482422,68.06999969482422,70.11000061035156,67.33999633789062,69.79000091552734,1808100
2015-12-15,68.0199966430664,68.0199966430664,68.9000015258789,67.91999816894531,68.55000305175781,1979700
2015-12-16,68.12999725341797,68.12999725341797,68.61000061035156,67.63999938964844,68.16999816894531,2824900
2015-12-17,68.12000274658203,68.12000274658203,68.81999969482422,68.0,68.05000305175781,4995000
2015-12-18,67.79000091552734,67.79000091552734,68.12999725341797,67.79000091552734,67.94999694824219,5974500
2015-12-21,69.0,69.0,69.55000305175781,67.8499984741211,67.97000122070312,2844300
2015-12-22,69.56999969482422,69.56999969482422,69.87000274658203,68.77999877929688,69.37000274658203,1884400
2015-12-23,70.30000305175781,70.30000305175781,70.47000122070312,69.56999969482422,69.80999755859375,1416400
2015-12-24,70.13999938964844,70.13999938964844,70.51000213623047,70.0199966430664,70.13999938964844,318300
2015-12-28,70.22000122070312,70.22000122070312,70.2699966430664,69.87000274658203,70.05000305175781,735900
2015-12-29,70.61000061035156,70.61000061035156,70.87999725341797,70.22000122070312,70.43000030517578,513700
2015-12-30,70.0199966430664,70.0199966430664,70.75,69.95999908447266,70.51000213623047,1237100
2015-12-31,69.70999908447266,69.70999908447266,70.27999877929688,69.68000030517578,69.81999969482422,1025300
2016-01-04,68.66999816894531,68.66999816894531,68.88999938964844,68.29000091552734,68.80999755859375,1819700
2016-01-05,69.12000274658203,69.12000274658203,69.54000091552734,68.72000122070312,68.72000122070312,1239300
2016-01-06,68.16000366210938,68.16000366210938,69.19000244140625,67.93000030517578,68.22000122070312,2706400
2016-01-07,67.62000274658203,67.62000274658203,68.0999984741211,67.30000305175781,67.36000061035156,1914800
2016-01-08,67.66999816894531,67.66999816894531,68.58999633789062,67.5999984741211,67.75,1950100
2016-01-11,67.2300033569336,67.2300033569336,68.30000305175781,66.66999816894531,67.72000122070312,2125300
2016-01-12,67.44999694824219,67.44999694824219,68.41999816894531,66.62000274658203,67.48999786376953,1151100
2016-01-13,66.12999725341797,66.12999725341797,67.7300033569336,65.94999694824219,67.4000015258789,1539400
2016-01-14,67.44999694824219,67.44999694824219,67.83000183105469,65.79000091552734,66.1500015258789,1769500
2016-01-15,66.47000122070312,66.47000122070312,66.87000274658203,65.69000244140625,66.29000091552734,1552900
2016-01-19,65.70999908447266,65.70999908447266,67.11000061035156,64.91000366210938,66.80999755859375,1336700
2016-01-20,65.41000366210938,65.41000366210938,65.88999938964844,63.380001068115234,64.9800033569336,1178200
2016-01-21,65.19999694824219,65.19999694824219,65.97000122070312,64.70999908447266,65.4800033569336,974500
2016-01-22,66.88999938964844,66.88999938964844,67.05000305175781,65.66000366210938,65.79000091552734,1011500
2016-01-25,65.94999694824219,65.94999694824219,67.16999816894531,65.87999725341797,66.72000122070312,743000
2016-01-26,66.5199966430664,66.5199966430664,66.62999725341797,65.72000122070312,66.23999786376953,528000
2016-01-27,65.72000122070312,65.72000122070312,66.9800033569336,65.18000030517578,66.68000030517578,997500
2016-01-28,64.44999694824219,64.44999694824219,66.51000213623047,64.31999969482422,66.11000061035156,1216400
2016-01-29,67.12000274658203,67.12000274658203,67.12000274658203,64.55999755859375,64.81999969482422,2119500
2016-02-01,67.41000366210938,67.41000366210938,67.5,66.44999694824219,66.7300033569336,883400
2016-02-02,66.26000213623047,66.26000213623047,67.12999725341797,65.9000015258789,66.94999694824219,1035300
2016-02-03,65.44000244140625,65.44000244140625,66.52999877929688,64.54000091552734,66.4800033569336,1534300
2016-02-04,65.44999694824219,65.44999694824219,65.83000183105469,64.77999877929688,65.05000305175781,1124800
2016-02-05,63.900001525878906,63.900001525878906,65.33999633789062,63.650001525878906,65.12999725341797,910600
2016-02-08,62.2400016784668,62.2400016784668,63.310001373291016,61.88999938964844,63.27999877929688,2264900
2016-02-09,62.25,62.25,62.83000183105469,61.75,61.83000183105469,1300200
2016-02-10,63.65999984741211,63.65999984741211,64.19000244140625,62.72999954223633,62.75,1275000
2016-02-11,62.56999969482422,62.56999969482422,63.43000030517578,62.43999862670898,62.5,1843800
2016-02-12,62.560001373291016,62.560001373291016,64.20999908447266,61.36000061035156,61.619998931884766,2348900
2016-02-16,62.63999938964844,62.63999938964844,62.7400016784668,61.91999816894531,62.7400016784668,2019800
2016-02-17,64.08999633789062,64.08999633789062,64.13999938964844,62.65999984741211,62.86000061035156,1297200
2016-02-18,64.5,64.5,64.9800033569336,63.93000030517578,64.44999694824219,1011800
2016-02-19,63.79999923706055,63.79999923706055,64.47000122070312,63.54999923706055,64.44000244140625,1586800
2016-02-22,64.8499984741211,64.8499984741211,64.91000366210938,64.0,64.2300033569336,769800
2016-02-23,64.27999877929688,64.27999877929688,64.9000015258789,64.1500015258789,64.58999633789062,1064200
2016-02-24,64.13999938964844,64.13999938964844,64.19000244140625,62.959999084472656,63.70000076293945,838700
2016-02-25,65.33000183105469,65.33000183105469,65.3499984741211,64.1500015258789,64.45999908447266,896100
2016-02-26,66.45999908447266,66.45999908447266,66.88999938964844,65.2699966430664,65.66999816894531,1321600
2016-02-29,65.97000122070312,65.97000122070312,66.80000305175781,65.88999938964844,66.29000091552734,1661700
2016-03-01,68.20999908447266,68.20999908447266,68.20999908447266,66.30000305175781,66.55000305175781,1400500
2016-03-02,68.18000030517578,68.18000030517578,68.45999908447266,67.0999984741211,67.83000183105469,1048600
2016-03-03,70.08000183105469,70.08000183105469,70.29000091552734,68.0999984741211,68.0999984741211,1836000
2016-03-04,70.51000213623047,70.51000213623047,70.88999938964844,69.55999755859375,70.18000030517578,1572300
2016-03-07,70.93000030517578,70.93000030517578,71.27999877929688,69.94999694824219,70.16999816894531,928500
2016-03-08,69.75,69.75,71.08000183105469,69.62000274658203,70.6500015258789,1306300
2016-03-09,70.16999816894531,70.16999816894531,70.2699966430664,69.61000061035156,70.20999908447266,1010000
2016-03-10,69.83999633789062,69.83999633789062,71.08000183105469,69.30000305175781,70.45999908447266,638700
2016-03-11,71.05000305175781,71.05000305175781,71.16000366210938,70.16999816894531,70.5199966430664,785200
2016-03-14,70.91999816894531,70.91999816894531,71.9000015258789,70.61000061035156,70.95999908447266,1032600
2016-03-15,69.81999969482422,69.81999969482422,70.75,69.4800033569336,70.4000015258789,1401900
2016-03-16,70.16000366210938,70.16000366210938,70.52999877929688,69.2699966430664,69.58999633789062,1069600
2016-03-17,70.94999694824219,70.94999694824219,71.06999969482422,69.4800033569336,70.16999816894531,1373500
2016-03-18,72.73999786376953,72.73999786376953,73.16000366210938,71.05999755859375,71.23999786376953,1614300
2016-03-21,72.29000091552734,72.29000091552734,72.7300033569336,71.77999877929688,72.4000015258789,685100
2016-03-22,72.69000244140625,72.69000244140625,72.94999694824219,71.83999633789062,72.08000183105469,804800
2016-03-23,72.31999969482422,72.31999969482422,73.0,71.79000091552734,72.68000030517578,686000
2016-03-24,71.55000305175781,71.55000305175781,72.01000213623047,71.05999755859375,71.62000274658203,673900
2016-03-28,71.5,71.5,71.94000244140625,71.13999938964844,71.55000305175781,420400
2016-03-29,72.70999908447266,72.70999908447266,72.77999877929688,71.12000274658203,71.52999877929688,641700
2016-03-30,73.02999877929688,73.02999877929688,73.31999969482422,72.47000122070312,73.02999877929688,531700
2016-03-31,73.37999725341797,73.37999725341797,74.18000030517578,72.87999725341797,72.87999725341797,1127900
2016-04-01,73.97000122070312,73.97000122070312,74.08000183105469,72.54000091552734,73.05000305175781,822900
2016-04-04,73.47000122070312,73.47000122070312,74.45999908447266,73.19999694824219,74.18000030517578,1063000
2016-04-05,73.02999877929688,73.02999877929688,73.41999816894531,72.30999755859375,73.02999877929688,1472600
2016-04-06,74.52999877929688,74.52999877929688,74.69000244140625,73.12000274658203,73.12999725341797,851500
2016-04-07,73.94999694824219,73.94999694824219,74.94000244140625,73.68000030517578,74.30000305175781,753400
2016-04-08,74.0999984741211,74.0999984741211,74.9000015258789,73.8499984741211,74.4000015258789,814800
2016-04-11,73.41999816894531,73.41999816894531,74.33999633789062,73.2300033569336,74.18000030517578,808800
2016-04-12,73.77999877929688,73.77999877929688,74.0,73.31999969482422,73.44999694824219,685000
2016-04-13,74.19000244140625,74.19000244140625,74.2699966430664,73.7699966430664,74.02999877929688,626100
2016-04-14,74.19999694824219,74.19999694824219,74.55999755859375,73.9800033569336,74.37000274658203,737100
2016-04-15,74.20999908447266,74.20999908447266,74.4800033569336,73.47000122070312,74.16999816894531,626700
2016-04-18,74.4800033569336,74.4800033569336,74.55000305175781,73.83000183105469,74.02999877929688,737200
2016-04-19,74.94000244140625,74.94000244140625,75.18000030517578,74.4800033569336,74.80999755859375,680600
2016-04-20,74.83999633789062,74.83999633789062,75.16000366210938,74.4800033569336,75.12999725341797,727400
2016-04-21,74.44999694824219,74.44999694824219,75.08999633789062,74.11000061035156,74.7699966430664,966600
2016-04-22,74.9000015258789,74.9000015258789,75.16999816894531,74.4800033569336,74.55000305175781,752600
2016-04-25,74.70999908447266,74.70999908447266,75.23999786376953,74.19999694824219,74.55000305175781,744800
2016-04-26,74.91000366210938,74.91000366210938,75.16999816894531,74.62999725341797,75.0,862300
2016-04-27,75.12000274658203,75.12000274658203,75.30999755859375,74.22000122070312,75.13999938964844,720500
2016-04-28,74.77999877929688,74.77999877929688,75.37999725341797,74.61000061035156,74.66999816894531,569800
2016-04-29,73.9000015258789,73.9000015258789,74.87999725341797,73.36000061035156,74.44000244140625,1137500
2016-05-02,73.63999938964844,73.63999938964844,74.52999877929688,73.02999877929688,74.33999633789062,1550500
2016-05-03,73.70999908447266,73.70999908447266,74.01000213623047,72.97000122070312,73.05999755859375,1014300
2016-05-04,73.23999786376953,73.23999786376953,73.93000030517578,73.1500015258789,73.55000305175781,1543500
2016-05-05,75.83000183105469,75.83000183105469,76.93000030517578,74.19000244140625,74.19000244140625,2786400
2016-05-06,75.69999694824219,75.69999694824219,75.91999816894531,75.0199966430664,75.69999694824219,1277700
2016-05-09,76.04000091552734,76.04000091552734,76.27999877929688,75.44000244140625,75.62000274658203,1069500
2016-05-10,76.48999786376953,76.48999786376953,76.62999725341797,75.83999633789062,76.19000244140625,1057100
2016-05-11,76.31999969482422,76.31999969482422,77.16000366210938,76.30000305175781,76.58999633789062,745800
2016-05-12,75.58999633789062,75.58999633789062,76.66000366210938,74.80999755859375,76.5,876800
2016-05-13,75.41999816894531,75.41999816894531,76.08000183105469,75.13999938964844,75.58000183105469,606200
2016-05-16,77.06999969482422,77.06999969482422,77.12999725341797,75.16000366210938,75.4000015258789,1255100
2016-05-17,76.76000213623047,76.76000213623047,77.80000305175781,76.5,76.93000030517578,1305000
2016-05-18,76.8499984741211,76.8499984741211,77.1500015258789,76.08999633789062,76.83000183105469,2396500
2016-05-19,77.33999633789062,77.33999633789062,78.0,76.44999694824219,76.72000122070312,879300
2016-05-20,77.37000274658203,77.37000274658203,77.98999786376953,76.77999877929688,77.61000061035156,1434100
2016-05-23,76.77999877929688,76.77999877929688,77.5199966430664,76.58000183105469,77.23999786376953,855900
2016-05-24,77.3499984741211,77.3499984741211,77.5,76.70999908447266,77.01000213623047,830100
2016-05-25,77.1500015258789,77.1500015258789,77.9800033569336,76.87000274658203,77.41999816894531,1126200
2016-05-26,76.94999694824219,76.94999694824219,77.33000183105469,76.75,77.05000305175781,886700
2016-05-27,77.05000305175781,77.05000305175781,77.45999908447266,76.88999938964844,77.1500015258789,630200
2016-05-31,77.31999969482422,77.31999969482422,77.41999816894531,76.86000061035156,76.97000122070312,993900
2016-06-01,77.52999877929688,77.52999877929688,77.69999694824219,76.6500015258789,77.11000061035156,734700
2016-06-02,77.93000030517578,77.93000030517578,77.93000030517578,77.18000030517578,77.52999877929688,758600
2016-06-03,77.1500015258789,77.1500015258789,77.7300033569336,77.08000183105469,77.7300033569336,804200
2016-06-06,77.0,77.0,77.31999969482422,76.01000213623047,77.01000213623047,1116500
2016-06-07,76.94000244140625,76.94000244140625,77.16000366210938,76.7300033569336,77.02999877929688,741700
2016-06-08,76.9000015258789,76.9000015258789,77.44999694824219,76.47000122070312,77.08000183105469,977000
2016-06-09,77.20999908447266,77.20999908447266,77.30000305175781,76.41000366210938,76.80999755859375,613900
2016-06-10,76.08000183105469,76.08000183105469,76.9000015258789,75.76000213623047,76.7300033569336,687800
2016-06-13,75.55999755859375,75.55999755859375,76.16000366210938,75.54000091552734,75.63999938964844,920800
2016-06-14,75.62999725341797,75.62999725341797,75.69000244140625,74.93000030517578,75.33000183105469,486400
2016-06-15,75.44999694824219,75.44999694824219,76.16999816894531,75.37000274658203,75.76000213623047,780400
2016-06-16,75.68000030517578,75.68000030517578,75.79000091552734,74.79000091552734,75.19000244140625,863200
2016-06-17,75.11000061035156,75.11000061035156,75.79000091552734,74.83999633789062,75.70999908447266,1299400
2016-06-20,75.7699966430664,75.7699966430664,76.38999938964844,75.37999725341797,75.81999969482422,793200
2016-06-21,75.6500015258789,75.6500015258789,76.11000061035156,75.41000366210938,76.11000061035156,565500
2016-06-22,76.18000030517578,76.18000030517578,76.41000366210938,75.45999908447266,75.81999969482422,622500
2016-06-23,77.1500015258789,77.1500015258789,77.1500015258789,76.5,76.76000213623047,509300
2016-06-24,75.69999694824219,75.69999694824219,76.56999969482422,74.98999786376953,75.1500015258789,1626300
2016-06-27,73.77999877929688,73.77999877929688,75.33999633789062,73.52999877929688,75.18000030517578,1031900
2016-06-28,74.61000061035156,74.61000061035156,74.95999908447266,73.9800033569336,74.30000305175781,944800
2016-06-29,76.68000030517578,76.68000030517578,76.79000091552734,75.12999725341797,75.29000091552734,747500
2016-06-30,77.31999969482422,77.31999969482422,77.33000183105469,76.11000061035156,76.8499984741211,926500
2016-07-01,77.31999969482422,77.31999969482422,77.73999786376953,77.05999755859375,77.5,542700
2016-07-05,76.37000274658203,76.37000274658203,77.04000091552734,76.08000183105469,76.87999725341797,672300
2016-07-06,76.68000030517578,76.68000030517578,76.80999755859375,76.05999755859375,76.44999694824219,1080500
2016-07-07,76.91999816894531,76.91999816894531,77.18000030517578,76.4800033569336,76.68000030517578,1150500
2016-07-08,78.06999969482422,78.06999969482422,78.20999908447266,77.2699966430664,77.36000061035156,743900
2016-07-11,78.44000244140625,78.44000244140625,78.6500015258789,78.19999694824219,78.36000061035156,754600
2016-07-12,77.8499984741211,77.8499984741211,78.7699966430664,77.80999755859375,78.58999633789062,892400
2016-07-13,77.98999786376953,77.98999786376953,78.29000091552734,77.69000244140625,77.97000122070312,733900
2016-07-14,77.7300033569336,77.7300033569336,78.5,77.68000030517578,78.44999694824219,922500
2016-07-15,77.7300033569336,77.7300033569336,78.05000305175781,77.4800033569336,77.97000122070312,526000
2016-07-18,77.51000213623047,77.51000213623047,77.91999816894531,77.18000030517578,77.69999694824219,704700
2016-07-19,77.3499984741211,77.3499984741211,77.62000274658203,77.04000091552734,77.31999969482422,592600
2016-07-20,77.62000274658203,77.62000274658203,77.8499984741211,77.2300033569336,77.58000183105469,839700
2016-07-21,77.58000183105469,77.58000183105469,78.01000213623047,77.26000213623047,77.6500015258789,678700
2016-07-22,77.91000366210938,77.91000366210938,78.33000183105469,77.4000015258789,77.70999908447266,3519300
2016-07-25,77.94000244140625,77.94000244140625,78.06999969482422,77.5,77.68000030517578,843500
2016-07-26,78.18000030517578,78.18000030517578,78.4000015258789,77.72000122070312,77.8499984741211,573400
2016-07-27,76.55000305175781,76.55000305175781,78.0,76.30000305175781,78.0,1729000
2016-07-28,76.76000213623047,76.76000213623047,76.86000061035156,76.12999725341797,76.44999694824219,597400
2016-07-29,77.54000091552734,77.54000091552734,77.61000061035156,76.38999938964844,76.62000274658203,1035000
2016-08-01,77.0,77.0,77.9000015258789,76.87000274658203,77.62999725341797,595300
2016-08-02,76.0,76.0,77.0,75.80000305175781,76.93000030517578,913800
2016-08-03,76.08000183105469,76.08000183105469,76.13999938964844,75.7300033569336,75.88999938964844,817200
2016-08-04,75.91000366210938,75.91000366210938,76.33000183105469,75.7699966430664,76.08999633789062,672600
2016-08-05,76.95999908447266,76.95999908447266,76.97000122070312,76.19000244140625,76.25,869700
2016-08-08,75.36000061035156,75.36000061035156,76.94000244140625,75.25,76.93000030517578,1930600
2016-08-09,72.30999755859375,72.30999755859375,74.1500015258789,71.4000015258789,73.36000061035156,3928400
2016-08-10,70.11000061035156,70.11000061035156,72.25,69.94000244140625,72.08999633789062,2725600
2016-08-11,70.08999633789062,70.08999633789062,70.55999755859375,69.51000213623047,70.16000366210938,2211700
2016-08-12,69.1500015258789,69.1500015258789,70.11000061035156,68.9800033569336,70.08000183105469,1797300
2016-08-15,68.33000183105469,68.33000183105469,69.3499984741211,68.31999969482422,69.19999694824219,2174400
2016-08-16,68.26000213623047,68.26000213623047,68.5,67.19000244140625,68.22000122070312,2292800
2016-08-17,67.19999694824219,67.19999694824219,68.4800033569336,66.75,68.26000213623047,2817200
2016-08-18,67.6500015258789,67.6500015258789,67.9800033569336,67.2300033569336,67.33999633789062,1715800
2016-08-19,64.4800033569336,64.4800033569336,64.94000244140625,62.7599983215332,63.97999954223633,6543300
2016-08-22,65.16999816894531,65.16999816894531,65.61000061035156,64.5199966430664,64.62999725341797,3533200
2016-08-23,65.44999694824219,65.44999694824219,65.87999725341797,65.12000274658203,65.51000213623047,2324800
2016-08-24,64.51000213623047,64.51000213623047,65.75,64.45999908447266,65.5,2249000
2016-08-25,64.23999786376953,64.23999786376953,64.5999984741211,64.05000305175781,64.30000305175781,1309700
2016-08-26,63.68000030517578,63.68000030517578,64.41000366210938,63.29999923706055,64.16999816894531,2155000
2016-08-29,64.41000366210938,64.41000366210938,64.55999755859375,63.7599983215332,63.7599983215332,1205800
2016-08-30,64.66000366210938,64.66000366210938,64.83999633789062,64.31999969482422,64.31999969482422,1404200
2016-08-31,64.62999725341797,64.62999725341797,64.9800033569336,64.0199966430664,64.9800033569336,1699000
2016-09-01,64.19000244140625,64.19000244140625,64.6500015258789,63.83000183105469,64.51000213623047,2346000
2016-09-02,64.77999877929688,64.77999877929688,65.0199966430664,64.3499984741211,64.3499984741211,1390500
2016-09-06,64.05999755859375,64.05999755859375,64.4000015258789,63.36000061035156,64.01000213623047,1420900
2016-09-07,64.33000183105469,64.33000183105469,64.7699966430664,64.05999755859375,64.05999755859375,1236400
2016-09-08,64.43000030517578,64.43000030517578,64.63999938964844,64.16999816894531,64.63999938964844,1144100
2016-09-09,63.650001525878906,63.650001525878906,64.30999755859375,63.52999877929688,63.91999816894531,1761100
2016-09-12,64.70999908447266,64.70999908447266,64.97000122070312,63.08000183105469,63.08000183105469,2062700
2016-09-13,63.95000076293945,63.95000076293945,64.51000213623047,63.72999954223633,64.22000122070312,2228300
2016-09-14,63.34000015258789,63.34000015258789,64.2699966430664,63.25,64.12999725341797,2097500
2016-09-15,64.06999969482422,64.06999969482422,64.3499984741211,63.09000015258789,63.18999862670898,1691300
2016-09-16,64.44000244140625,64.44000244140625,64.55999755859375,63.56999969482422,63.95000076293945,2480600
2016-09-19,63.59999847412109,63.59999847412109,64.8499984741211,63.380001068115234,64.4800033569336,1776300
2016-09-20,64.98999786376953,64.98999786376953,65.98999786376953,64.94000244140625,65.98999786376953,1873200
2016-09-21,65.83000183105469,65.83000183105469,65.87000274658203,64.97000122070312,64.9800033569336,1529600
2016-09-22,66.72000122070312,66.72000122070312,66.87999725341797,65.97000122070312,65.9800033569336,1650400
2016-09-23,66.5,66.5,66.81999969482422,66.19999694824219,66.58000183105469,1792700
2016-09-26,66.1500015258789,66.1500015258789,66.3499984741211,65.94999694824219,66.08999633789062,1673100
2016-09-27,66.33000183105469,66.33000183105469,66.58000183105469,65.83999633789062,66.08999633789062,1783500
2016-09-28,66.20999908447266,66.20999908447266,66.30000305175781,65.44999694824219,66.22000122070312,1729200
2016-09-29,65.45999908447266,65.45999908447266,66.36000061035156,65.29000091552734,66.18000030517578,1519800
2016-09-30,66.06999969482422,66.06999969482422,66.36000061035156,64.72000122070312,65.5,3478800
2016-10-03,64.0999984741211,64.0999984741211,65.88999938964844,63.720001220703125,65.69000244140625,2879800
2016-10-04,64.33999633789062,64.33999633789062,64.58000183105469,63.900001525878906,64.1500015258789,1706100
2016-10-05,64.11000061035156,64.11000061035156,64.66000366210938,64.01000213623047,64.33000183105469,1225900
2016-10-06,64.27999877929688,64.27999877929688,64.5,63.34999847412109,63.880001068115234,1503500
2016-10-07,63.43000030517578,63.43000030517578,64.43000030517578,63.0099983215332,64.2699966430664,1828400
2016-10-10,63.70000076293945,63.70000076293945,64.4000015258789,63.70000076293945,63.790000915527344,1201500
2016-10-11,62.0,62.0,63.61000061035156,61.95000076293945,63.61000061035156,2448000
2016-10-12,62.65999984741211,62.65999984741211,62.880001068115234,62.0099983215332,62.0099983215332,2332900
2016-10-13,62.9900016784668,62.9900016784668,63.119998931884766,61.7400016784668,62.29999923706055,1431800
2016-10-14,62.84999847412109,62.84999847412109,63.34000015258789,62.84000015258789,63.02000045776367,1329700
2016-10-17,62.2599983215332,62.2599983215332,62.970001220703125,62.119998931884766,62.79999923706055,1439800
2016-10-18,62.5099983215332,62.5099983215332,62.97999954223633,62.45000076293945,62.81999969482422,1508500
2016-10-19,62.77999877929688,62.77999877929688,62.81999969482422,62.060001373291016,62.54999923706055,1614600
2016-10-20,61.09999847412109,61.09999847412109,62.7400016784668,61.04999923706055,62.7400016784668,2925300
2016-10-21,60.959999084472656,60.959999084472656,61.11000061035156,60.2400016784668,60.81999969482422,2525500
2016-10-24,58.09999847412109,58.09999847412109,61.54999923706055,57.58000183105469,61.54999923706055,6225400
2016-10-25,58.290000915527344,58.290000915527344,58.95000076293945,58.11000061035156,58.27000045776367,2054000
2016-10-26,56.86000061035156,56.86000061035156,57.880001068115234,56.77000045776367,57.790000915527344,2802700
2016-10-27,55.93000030517578,55.93000030517578,57.06999969482422,55.869998931884766,56.88999938964844,1747000
2016-10-28,55.15999984741211,55.15999984741211,56.209999084472656,54.5,55.86000061035156,2500900
2016-10-31,58.619998931884766,58.619998931884766,59.720001220703125,55.4900016784668,55.4900016784668,6291100
2016-11-01,57.81999969482422,57.81999969482422,58.790000915527344,57.5,58.68999862670898,2612000
2016-11-02,57.970001220703125,57.970001220703125,58.380001068115234,57.66999816894531,57.869998931884766,2314500
2016-11-03,58.459999084472656,58.459999084472656,59.84999847412109,58.0,58.0,3619900
2016-11-04,58.630001068115234,58.630001068115234,59.310001373291016,58.2599983215332,58.58000183105469,3568000
2016-11-07,57.84999847412109,57.84999847412109,59.650001525878906,57.68000030517578,59.52999877929688,1973700
2016-11-08,58.02000045776367,58.02000045776367,58.400001525878906,57.61000061035156,57.790000915527344,1668400
2016-11-09,59.33000183105469,59.33000183105469,59.52999877929688,57.0,59.380001068115234,2763600
2016-11-10,59.97999954223633,59.97999954223633,60.25,59.36000061035156,60.25,2731400
2016-11-11,59.52999877929688,59.52999877929688,60.040000915527344,59.060001373291016,59.79999923706055,2073500
2016-11-14,60.59000015258789,60.59000015258789,60.79999923706055,59.38999938964844,59.540000915527344,2333500
2016-11-15,60.29999923706055,60.29999923706055,60.68999862670898,59.959999084472656,60.59000015258789,1225400
2016-11-16,60.43000030517578,60.43000030517578,60.4900016784668,59.88999938964844,59.95000076293945,1984300
2016-11-17,61.9900016784668,61.9900016784668,62.08000183105469,60.38999938964844,60.400001525878906,2497800
2016-11-18,61.52000045776367,61.52000045776367,62.02000045776367,61.130001068115234,61.91999816894531,3764900
2016-11-21,62.84999847412109,62.84999847412109,63.04999923706055,61.25,61.41999816894531,3416300
2016-11-22,63.02999877929688,63.02999877929688,63.13999938964844,62.25,62.68999862670898,2821400
2016-11-23,63.36000061035156,63.36000061035156,63.47999954223633,62.709999084472656,62.79999923706055,2139200
2016-11-25,63.33000183105469,63.33000183105469,63.72999954223633,63.02000045776367,63.56999969482422,936300
2016-11-28,63.20000076293945,63.20000076293945,63.56999969482422,62.709999084472656,63.400001525878906,2175900
2016-11-29,63.65999984741211,63.65999984741211,63.7599983215332,62.900001525878906,63.2599983215332,1984900
2016-11-30,63.34999847412109,63.34999847412109,63.95000076293945,63.18000030517578,63.560001373291016,4754900
2016-12-01,64.58999633789062,64.58999633789062,65.36000061035156,63.34000015258789,63.5,2777400
2016-12-02,64.2300033569336,64.2300033569336,64.83999633789062,64.16000366210938,64.72000122070312,1906500
2016-12-05,64.11000061035156,64.11000061035156,64.45999908447266,63.290000915527344,64.37000274658203,2100200
2016-12-06,64.0999984741211,64.0999984741211,64.33000183105469,63.5099983215332,64.31999969482422,1367200
2016-12-07,64.01000213623047,64.01000213623047,64.45999908447266,63.61000061035156,64.0999984741211,1626100
2016-12-08,66.27999877929688,66.27999877929688,66.77999877929688,63.93000030517578,64.25,2457400
2016-12-09,66.48999786376953,66.48999786376953,66.68000030517578,65.98999786376953,66.30999755859375,988600
2016-12-12,66.58999633789062,66.58999633789062,67.44000244140625,66.38999938964844,67.13999938964844,2286000
2016-12-13,65.37000274658203,65.37000274658203,65.81999969482422,64.66999816894531,65.38999938964844,2457700
2016-12-14,63.79999923706055,63.79999923706055,65.62000274658203,63.619998931884766,65.19000244140625,3655200
2016-12-15,64.12000274658203,64.12000274658203,64.33000183105469,63.34999847412109,63.869998931884766,1749300
2016-12-16,64.94000244140625,64.94000244140625,64.95999908447266,63.93999862670898,64.25,3605700
2016-12-19,65.19000244140625,65.19000244140625,65.56999969482422,64.69999694824219,64.98999786376953,1544600
2016-12-20,64.87000274658203,64.87000274658203,65.69999694824219,64.73999786376953,65.30999755859375,963300
2016-12-21,64.66999816894531,64.66999816894531,65.29000091552734,64.63999938964844,65.05999755859375,916600
2016-12-22,64.8499984741211,64.8499984741211,65.04000091552734,64.12000274658203,64.5,1254500
2016-12-23,65.19999694824219,65.19999694824219,65.3499984741211,64.76000213623047,65.0199966430664,453400
2016-12-27,65.01000213623047,65.01000213623047,65.36000061035156,64.86000061035156,65.26000213623047,507800
2016-12-28,64.30999755859375,64.30999755859375,65.16999816894531,64.30000305175781,64.86000061035156,570400
2016-12-29,64.36000061035156,64.36000061035156,64.73999786376953,64.2699966430664,64.51000213623047,566800
2016-12-30,64.19999694824219,64.19999694824219,64.36000061035156,63.7599983215332,64.18000030517578,783300
2017-01-03,65.08999633789062,65.08999633789062,65.3499984741211,64.13999938964844,64.73999786376953,1086900
2017-01-04,66.30999755859375,66.30999755859375,66.55999755859375,65.2300033569336,65.2300033569336,1118100
2017-01-05,65.70999908447266,65.70999908447266,66.4000015258789,65.33000183105469,66.23999786376953,947600
2017-01-06,65.79000091552734,65.79000091552734,65.97000122070312,65.26000213623047,65.7300033569336,647600
2017-01-09,63.380001068115234,63.380001068115234,64.66000366210938,62.880001068115234,63.0,2612600
2017-01-10,63.630001068115234,63.630001068115234,64.6500015258789,63.209999084472656,63.29999923706055,1762200
2017-01-11,63.18999862670898,63.18999862670898,63.58000183105469,62.2400016784668,63.47999954223633,1950000
2017-01-12,63.40999984741211,63.40999984741211,63.7599983215332,62.66999816894531,62.97999954223633,1499500
2017-01-13,63.93000030517578,63.93000030517578,64.72000122070312,63.709999084472656,63.709999084472656,890000
2017-01-17,63.84999847412109,63.84999847412109,64.13999938964844,63.2599983215332,63.540000915527344,981800
2017-01-18,63.88999938964844,63.88999938964844,64.05999755859375,63.540000915527344,64.0,898400
2017-01-19,62.900001525878906,62.900001525878906,63.83000183105469,62.86000061035156,63.68000030517578,1144500
2017-01-20,63.02000045776367,63.02000045776367,63.41999816894531,62.720001220703125,62.97999954223633,1586400
2017-01-23,63.119998931884766,63.119998931884766,63.34000015258789,62.58000183105469,62.83000183105469,919000
2017-01-24,63.560001373291016,63.560001373291016,63.83000183105469,63.16999816894531,63.16999816894531,841300
2017-01-25,64.08000183105469,64.08000183105469,64.37999725341797,63.38999938964844,63.61000061035156,1063800
2017-01-26,65.20999908447266,65.20999908447266,66.5999984741211,65.04000091552734,66.16000366210938,2045300
2017-01-27,64.55000305175781,64.55000305175781,65.20999908447266,64.2699966430664,65.20999908447266,896100
2017-01-30,63.34999847412109,63.34999847412109,64.66999816894531,62.58000183105469,64.66999816894531,1220100
2017-01-31,63.75,63.75,63.91999816894531,63.150001525878906,63.40999984741211,1007100
2017-02-01,64.62999725341797,64.62999725341797,64.80999755859375,63.7599983215332,63.9900016784668,1475000
2017-02-02,64.77999877929688,64.77999877929688,65.0999984741211,64.38999938964844,64.4000015258789,1272300
2017-02-03,65.31999969482422,65.31999969482422,65.48999786376953,64.52999877929688,65.0,1415200
2017-02-06,64.62000274658203,64.62000274658203,65.4800033569336,64.5199966430664,65.0199966430664,1005300
2017-02-07,64.2699966430664,64.2699966430664,65.37000274658203,64.0199966430664,64.55999755859375,821200
2017-02-08,64.69000244140625,64.69000244140625,64.88999938964844,63.900001525878906,64.0999984741211,1175300
2017-02-09,64.66000366210938,64.66000366210938,64.83000183105469,64.23999786376953,64.69000244140625,1510400
2017-02-10,64.75,64.75,65.08999633789062,64.55999755859375,64.80999755859375,743300
2017-02-13,64.80999755859375,64.80999755859375,65.05999755859375,64.68000030517578,64.9000015258789,720100
2017-02-14,64.7300033569336,64.7300033569336,65.05999755859375,64.56999969482422,64.62000274658203,1604400
2017-02-15,64.8499984741211,64.8499984741211,65.02999877929688,64.22000122070312,64.44999694824219,1329900
2017-02-16,64.66000366210938,64.66000366210938,65.29000091552734,64.37999725341797,65.04000091552734,1072400
2017-02-17,66.9000015258789,66.9000015258789,67.77999877929688,65.41999816894531,65.5,3752100
2017-02-21,68.88999938964844,68.88999938964844,69.05999755859375,66.9000015258789,67.0,3188300
2017-02-22,69.08000183105469,69.08000183105469,69.37000274658203,68.80000305175781,68.97000122070312,1475700
2017-02-23,68.94999694824219,68.94999694824219,69.33000183105469,68.61000061035156,69.05000305175781,2938900
2017-02-24,69.04000091552734,69.04000091552734,69.1500015258789,68.69999694824219,68.83000183105469,882000
2017-02-27,69.19000244140625,69.19000244140625,69.2699966430664,68.69999694824219,69.0,753200
2017-02-28,69.41000366210938,69.41000366210938,69.55999755859375,68.6500015258789,68.87999725341797,2203600
2017-03-01,69.16999816894531,69.16999816894531,70.0,69.12999725341797,69.7699966430664,1158200
2017-03-02,69.98999786376953,69.98999786376953,70.02999877929688,68.7699966430664,69.12000274658203,1245200
2017-03-03,70.0,70.0,70.04000091552734,69.58999633789062,69.70999908447266,881000
2017-03-06,69.41999816894531,69.41999816894531,70.13999938964844,69.31999969482422,69.9800033569336,1121300
2017-03-07,68.12999725341797,68.12999725341797,69.27999877929688,68.05999755859375,69.06999969482422,1059200
2017-03-08,68.26000213623047,68.26000213623047,68.77999877929688,68.06999969482422,68.12999725341797,760900
2017-03-09,68.29000091552734,68.29000091552734,68.77999877929688,68.05000305175781,68.29000091552734,677500
2017-03-10,68.55000305175781,68.55000305175781,68.66000366210938,68.22000122070312,68.37999725341797,572600
2017-03-13,68.75,68.75,68.7699966430664,68.37000274658203,68.52999877929688,692100
2017-03-14,68.69999694824219,68.69999694824219,68.81999969482422,68.2699966430664,68.48999786376953,1296000
2017-03-15,69.02999877929688,69.02999877929688,69.2300033569336,68.66000366210938,68.80999755859375,1086000
2017-03-16,67.73999786376953,67.73999786376953,69.38999938964844,67.66999816894531,69.0199966430664,864600
2017-03-17,67.80000305175781,67.80000305175781,67.87000274658203,67.55999755859375,67.7300033569336,1721500
2017-03-20,67.41000366210938,67.41000366210938,68.1500015258789,67.31999969482422,67.83999633789062,581700
2017-03-21,66.01000213623047,66.01000213623047,67.5,65.97000122070312,67.4000015258789,1383700
2017-03-22,65.55999755859375,65.55999755859375,66.3499984741211,65.41999816894531,66.16999816894531,1231700
2017-03-23,66.12000274658203,66.12000274658203,66.70999908447266,65.5,65.66000366210938,1635000
2017-03-24,66.7699966430664,66.7699966430664,67.12000274658203,65.9000015258789,66.11000061035156,970000
2017-03-27,66.93000030517578,66.93000030517578,67.2300033569336,66.19999694824219,66.48999786376953,778900
2017-03-28,67.69000244140625,67.69000244140625,67.8499984741211,66.58999633789062,66.70999908447266,1141300
2017-03-29,68.30999755859375,68.30999755859375,68.5,67.2300033569336,67.4800033569336,1362000
2017-03-30,68.5,68.5,68.66999816894531,67.94000244140625,68.2699966430664,918900
2017-03-31,67.97000122070312,67.97000122070312,68.54000091552734,67.95999908447266,68.41999816894531,1013600
2017-04-03,67.63999938964844,67.63999938964844,68.38999938964844,67.26000213623047,68.05999755859375,1098000
2017-04-04,67.18000030517578,67.18000030517578,67.58000183105469,66.83000183105469,67.58000183105469,911900
2017-04-05,67.3499984741211,67.3499984741211,68.27999877929688,67.19000244140625,67.31999969482422,798800
2017-04-06,67.76000213623047,67.76000213623047,67.79000091552734,67.08999633789062,67.38999938964844,659000
2017-04-07,67.04000091552734,67.04000091552734,67.55000305175781,66.98999786376953,67.55000305175781,796200
2017-04-10,68.2699966430664,68.2699966430664,68.86000061035156,67.2300033569336,67.31999969482422,1241300
2017-04-11,68.30999755859375,68.30999755859375,68.3499984741211,67.73999786376953,68.02999877929688,561800
2017-04-12,68.0999984741211,68.0999984741211,68.33999633789062,67.51000213623047,67.6500015258789,688300
2017-04-13,67.77999877929688,67.77999877929688,68.23999786376953,67.66000366210938,68.23999786376953,548100
2017-04-17,68.33999633789062,68.33999633789062,68.33999633789062,67.44000244140625,67.83999633789062,827200
2017-04-18,67.72000122070312,67.72000122070312,68.08999633789062,67.4800033569336,67.8499984741211,640800
2017-04-19,67.7699966430664,67.7699966430664,68.23999786376953,67.37999725341797,67.87999725341797,781500
2017-04-20,68.43000030517578,68.43000030517578,68.51000213623047,67.52999877929688,67.88999938964844,1042100
2017-04-21,67.73999786376953,67.73999786376953,68.48999786376953,67.58999633789062,68.2699966430664,975700
2017-04-24,68.2699966430664,68.2699966430664,68.68000030517578,68.05000305175781,68.43000030517578,878700
2017-04-25,68.5,68.5,68.6500015258789,67.91999816894531,68.5,858700
2017-04-26,68.4800033569336,68.4800033569336,69.22000122070312,68.30000305175781,68.66000366210938,1813900
2017-04-27,68.81999969482422,68.81999969482422,69.0199966430664,68.37999725341797,68.37999725341797,926600
2017-04-28,69.01000213623047,69.01000213623047,69.0199966430664,68.23999786376953,68.73999786376953,950600
2017-05-01,69.08000183105469,69.08000183105469,69.37999725341797,68.66999816894531,69.0199966430664,1481600
2017-05-02,70.08999633789062,70.08999633789062,70.16000366210938,68.95999908447266,69.30000305175781,1953300
2017-05-03,66.44999694824219,66.44999694824219,69.44000244140625,66.0999984741211,69.0,3226100
2017-05-04,65.23999786376953,65.23999786376953,66.70999908447266,64.80999755859375,66.5,2337100
2017-05-05,65.44999694824219,65.44999694824219,65.6500015258789,64.69000244140625,65.4000015258789,1974900
2017-05-08,65.38999938964844,65.38999938964844,65.91999816894531,65.19999694824219,65.52999877929688,1307100
2017-05-09,65.87000274658203,65.87000274658203,66.05000305175781,65.19000244140625,65.45999908447266,1179300
2017-05-10,66.54000091552734,66.54000091552734,66.7699966430664,65.73999786376953,65.73999786376953,1330900
2017-05-11,66.87999725341797,66.87999725341797,67.01000213623047,66.20999908447266,66.41000366210938,1012800
2017-05-12,66.63999938964844,66.63999938964844,66.88999938964844,66.5,66.75,911600
2017-05-15,66.02999877929688,66.02999877929688,66.9000015258789,65.88999938964844,66.62000274658203,1260100
2017-05-16,62.09000015258789,62.09000015258789,65.9000015258789,61.70000076293945,65.9000015258789,4902000
2017-05-17,63.95000076293945,63.95000076293945,64.18000030517578,61.47999954223633,62.09000015258789,3119100
2017-05-18,64.0999984741211,64.0999984741211,64.44999694824219,63.43999862670898,64.0999984741211,1593600
2017-05-19,64.56999969482422,64.56999969482422,65.0199966430664,63.84999847412109,64.11000061035156,1566600
2017-05-22,64.69999694824219,64.69999694824219,65.0199966430664,64.41999816894531,64.63999938964844,1505700
2017-05-23,64.87999725341797,64.87999725341797,65.02999877929688,64.44999694824219,64.61000061035156,1282400
2017-05-24,64.7699966430664,64.7699966430664,65.05000305175781,64.52999877929688,64.98999786376953,1257800
2017-05-25,66.2699966430664,66.2699966430664,67.04000091552734,64.7699966430664,64.7699966430664,2150600
2017-05-26,64.75,64.75,66.77999877929688,64.30999755859375,66.44000244140625,2171600
2017-05-30,65.19999694824219,65.19999694824219,65.30999755859375,64.36000061035156,64.45999908447266,1403100
2017-05-31,66.26000213623047,66.26000213623047,66.31999969482422,65.12999725341797,65.33000183105469,1768300
2017-06-01,67.41999816894531,67.41999816894531,67.58000183105469,66.0999984741211,66.2300033569336,1318200
2017-06-02,66.43000030517578,66.43000030517578,67.5,66.26000213623047,67.5,1393900
2017-06-05,65.69000244140625,65.69000244140625,66.63999938964844,65.43000030517578,66.29000091552734,970800
2017-06-06,65.4800033569336,65.4800033569336,65.63999938964844,64.80999755859375,65.58999633789062,810600
2017-06-07,64.05000305175781,64.05000305175781,65.25,63.95000076293945,65.16999816894531,2455400
2017-06-08,63.61000061035156,63.61000061035156,64.25,63.0,64.05000305175781,1872700
2017-06-09,64.47000122070312,64.47000122070312,64.54000091552734,63.459999084472656,63.5,1038700
2017-06-12,65.22000122070312,65.22000122070312,65.91000366210938,64.58999633789062,64.58999633789062,1529800
2017-06-13,65.61000061035156,65.61000061035156,66.13999938964844,64.91000366210938,65.18000030517578,1024400
2017-06-14,65.97000122070312,65.97000122070312,66.16000366210938,65.41000366210938,65.87000274658203,1045900
2017-06-15,65.55999755859375,65.55999755859375,66.08000183105469,65.05000305175781,66.01000213623047,786400
2017-06-16,66.16999816894531,66.16999816894531,66.22000122070312,65.0199966430664,65.75,1774100
2017-06-19,66.05000305175781,66.05000305175781,66.26000213623047,65.86000061035156,66.01000213623047,970200
2017-06-20,65.08000183105469,65.08000183105469,65.87999725341797,64.81999969482422,65.87000274658203,1233100
2017-06-21,64.29000091552734,64.29000091552734,65.37999725341797,63.93999862670898,65.16000366210938,1464700
2017-06-22,65.06999969482422,65.06999969482422,65.25,63.93000030517578,64.29000091552734,1972700
2017-06-23,64.88999938964844,64.88999938964844,65.44000244140625,64.77999877929688,65.19000244140625,2131200
2017-06-26,64.44999694824219,64.44999694824219,64.88999938964844,63.77000045776367,63.86000061035156,1150000
2017-06-27,64.12000274658203,64.12000274658203,64.87999725341797,64.05999755859375,64.45999908447266,1005200
2017-06-28,64.72000122070312,64.72000122070312,65.1500015258789,64.12000274658203,64.5,932400
2017-06-29,64.05999755859375,64.05999755859375,64.93000030517578,63.59999847412109,64.80999755859375,880800
2017-06-30,64.76000213623047,64.76000213623047,65.29000091552734,64.11000061035156,64.20999908447266,1671600
2017-07-03,64.37999725341797,64.37999725341797,64.95999908447266,64.3499984741211,64.91000366210938,444300
2017-07-05,64.0999984741211,64.0999984741211,64.54000091552734,63.4900016784668,64.41000366210938,1327000
2017-07-06,63.04999923706055,63.04999923706055,64.23999786376953,62.97999954223633,64.0999984741211,1420900
2017-07-07,63.41999816894531,63.41999816894531,63.47999954223633,62.34999847412109,63.04999923706055,1060000
2017-07-10,62.34000015258789,62.34000015258789,63.41999816894531,62.11000061035156,63.15999984741211,2410300
2017-07-11,63.36000061035156,63.36000061035156,63.4900016784668,62.43000030517578,62.61000061035156,1434600
2017-07-12,63.880001068115234,63.880001068115234,64.2300033569336,63.459999084472656,63.66999816894531,1239000
2017-07-13,64.23999786376953,64.23999786376953,64.45999908447266,63.36000061035156,63.900001525878906,800100
2017-07-14,64.69999694824219,64.69999694824219,65.0,64.12999725341797,64.18000030517578,1359500
2017-07-17,65.2699966430664,65.2699966430664,65.73999786376953,64.5199966430664,64.83000183105469,1382100
2017-07-18,65.20999908447266,65.20999908447266,65.31999969482422,64.51000213623047,65.26000213623047,1544200
2017-07-19,65.41000366210938,65.41000366210938,65.66999816894531,65.05000305175781,65.3499984741211,874700
2017-07-20,66.41999816894531,66.41999816894531,66.63999938964844,65.4000015258789,65.4000015258789,1351700
2017-07-21,65.76000213623047,65.76000213623047,66.4800033569336,65.5,66.18000030517578,1029800
2017-07-24,65.4800033569336,65.4800033569336,66.1500015258789,65.31999969482422,65.75,996700
2017-07-25,65.37000274658203,65.37000274658203,65.94999694824219,64.88999938964844,65.55000305175781,989500
2017-07-26,64.88999938964844,64.88999938964844,65.26000213623047,64.2300033569336,65.23999786376953,866700
2017-07-27,64.87999725341797,64.87999725341797,64.91000366210938,64.16999816894531,64.75,998600
2017-07-28,65.47000122070312,65.47000122070312,65.5999984741211,64.69000244140625,64.88999938964844,763100
2017-07-31,64.77999877929688,64.77999877929688,65.62000274658203,64.72000122070312,65.56999969482422,933500
2017-08-01,64.12999725341797,64.12999725341797,65.27999877929688,64.05000305175781,65.02999877929688,1666700
2017-08-02,58.459999084472656,58.459999084472656,65.33999633789062,58.18999862670898,64.48999786376953,4942600
2017-08-03,58.5,58.5,59.040000915527344,57.959999084472656,58.5099983215332,2405800
2017-08-04,57.70000076293945,57.70000076293945,58.54999923706055,57.29999923706055,58.459999084472656,1669200
2017-08-07,56.84999847412109,56.84999847412109,57.7599983215332,56.84000015258789,57.70000076293945,1945800
2017-08-08,57.04999923706055,57.04999923706055,57.150001525878906,55.93999862670898,56.84999847412109,2437500
2017-08-09,56.52000045776367,56.52000045776367,57.06999969482422,56.0,56.720001220703125,2014600
2017-08-10,56.130001068115234,56.130001068115234,56.47999954223633,55.59000015258789,56.31999969482422,1579900
2017-08-11,56.54999923706055,56.54999923706055,56.77000045776367,56.0,56.09999847412109,1332500
2017-08-14,56.91999816894531,56.91999816894531,57.33000183105469,56.790000915527344,57.0,2211400
2017-08-15,56.97999954223633,56.97999954223633,57.22999954223633,56.709999084472656,56.90999984741211,1243300
2017-08-16,57.34000015258789,57.34000015258789,57.5099983215332,57.02000045776367,57.15999984741211,951200
2017-08-17,56.560001373291016,56.560001373291016,57.90999984741211,56.540000915527344,57.29999923706055,1021800
2017-08-18,56.22999954223633,56.22999954223633,56.65999984741211,56.0099983215332,56.5,973300
2017-08-21,56.470001220703125,56.470001220703125,56.709999084472656,55.869998931884766,56.290000915527344,1223000
2017-08-22,56.77999877929688,56.77999877929688,56.900001525878906,56.459999084472656,56.5,1026400
2017-08-23,56.709999084472656,56.709999084472656,56.90999984741211,56.310001373291016,56.68000030517578,866000
2017-08-24,56.93999862670898,56.93999862670898,57.709999084472656,56.79999923706055,56.959999084472656,1261700
2017-08-25,57.22999954223633,57.22999954223633,57.79999923706055,57.06999969482422,57.150001525878906,1180500
2017-08-28,57.31999969482422,57.31999969482422,57.77999877929688,57.20000076293945,57.540000915527344,1053400
2017-08-29,57.06999969482422,57.06999969482422,57.34000015258789,56.59000015258789,57.130001068115234,973700
2017-08-30,57.52000045776367,57.52000045776367,57.59999847412109,56.79999923706055,57.060001373291016,1069900
2017-08-31,58.560001373291016,58.560001373291016,58.68000030517578,57.45000076293945,57.709999084472656,1624200
2017-09-01,57.880001068115234,57.880001068115234,58.83000183105469,57.380001068115234,58.68000030517578,1266900
2017-09-05,57.22999954223633,57.22999954223633,57.869998931884766,56.93000030517578,57.68999862670898,1212400
2017-09-06,57.41999816894531,57.41999816894531,57.52999877929688,56.77000045776367,57.5,1369900
2017-09-07,57.369998931884766,57.369998931884766,57.59999847412109,57.02000045776367,57.59999847412109,1376700
2017-09-08,58.310001373291016,58.310001373291016,58.369998931884766,57.040000915527344,57.29999923706055,925300
2017-09-11,59.79999923706055,59.79999923706055,60.400001525878906,58.959999084472656,58.959999084472656,1917000
2017-09-12,60.290000915527344,60.290000915527344,60.68000030517578,59.59000015258789,59.65999984741211,1911500
2017-09-13,59.77999877929688,59.77999877929688,60.45000076293945,59.619998931884766,60.150001525878906,1221400
2017-09-14,59.709999084472656,59.709999084472656,59.91999816894531,59.5,59.75,1234900
2017-09-15,59.630001068115234,59.630001068115234,59.68000030517578,59.119998931884766,59.52999877929688,2154800
2017-09-18,60.709999084472656,60.709999084472656,61.02999877929688,59.68000030517578,59.68000030517578,2169700
2017-09-19,59.27999877929688,59.27999877929688,60.68999862670898,58.79999923706055,60.68999862670898,2038900
2017-09-20,60.52999877929688,60.52999877929688,60.84999847412109,59.20000076293945,59.27000045776367,1919200
2017-09-21,61.2599983215332,61.2599983215332,61.52000045776367,60.2400016784668,60.43999862670898,2206200
2017-09-22,57.4900016784668,57.4900016784668,61.68999862670898,56.13999938964844,61.22999954223633,7743500
2017-09-25,57.68000030517578,57.68000030517578,58.2599983215332,57.0099983215332,57.43000030517578,2344000
2017-09-26,58.470001220703125,58.470001220703125,58.59000015258789,57.33000183105469,57.81999969482422,1803100
2017-09-27,58.310001373291016,58.310001373291016,58.97999954223633,57.810001373291016,58.470001220703125,1736300
2017-09-28,58.470001220703125,58.470001220703125,58.83000183105469,57.95000076293945,58.41999816894531,1501200
2017-09-29,59.38999938964844,59.38999938964844,59.47999954223633,58.720001220703125,58.77000045776367,1371900
2017-10-02,60.18000030517578,60.18000030517578,60.59000015258789,59.54999923706055,59.54999923706055,1762900
2017-10-03,60.90999984741211,60.90999984741211,61.13999938964844,60.040000915527344,60.43999862670898,1095000
2017-10-04,59.91999816894531,59.91999816894531,61.040000915527344,59.88999938964844,60.84999847412109,1484100
2017-10-05,60.380001068115234,60.380001068115234,60.560001373291016,59.65999984741211,59.90999984741211,1503900
2017-10-06,59.81999969482422,59.81999969482422,60.40999984741211,59.68000030517578,60.18000030517578,1222000
2017-10-09,53.88999938964844,53.88999938964844,57.43999862670898,53.86000061035156,56.90999984741211,5943800
2017-10-10,54.31999969482422,54.31999969482422,55.54999923706055,53.58000183105469,55.40999984741211,6167600
2017-10-11,54.560001373291016,54.560001373291016,55.900001525878906,54.33000183105469,54.54999923706055,4317800
2017-10-12,54.400001525878906,54.400001525878906,54.7400016784668,53.86000061035156,54.56999969482422,2196100
2017-10-13,54.72999954223633,54.72999954223633,54.970001220703125,53.77999877929688,54.220001220703125,2479300
2017-10-16,56.93000030517578,56.93000030517578,57.58000183105469,55.13999938964844,55.22999954223633,3385700
2017-10-17,56.4900016784668,56.4900016784668,57.11000061035156,56.45000076293945,56.869998931884766,2239600
2017-10-18,57.720001220703125,57.720001220703125,58.7599983215332,56.619998931884766,56.619998931884766,2788000
2017-10-19,58.70000076293945,58.70000076293945,59.29999923706055,57.43999862670898,57.65999984741211,2148700
2017-10-20,59.34999847412109,59.34999847412109,59.970001220703125,58.9900016784668,58.9900016784668,2576600
2017-10-23,61.0,61.0,61.77000045776367,59.93000030517578,59.97999954223633,4153700
2017-10-24,62.5,62.5,62.52000045776367,60.59999847412109,60.84999847412109,3238600
2017-10-25,62.59999847412109,62.59999847412109,62.970001220703125,61.88999938964844,62.04999923706055,2474200
2017-10-26,61.52999877929688,61.52999877929688,63.040000915527344,61.40999984741211,62.63999938964844,2426600
2017-10-27,61.88999938964844,61.88999938964844,62.380001068115234,61.400001525878906,61.54999923706055,2234500
2017-10-30,61.06999969482422,61.06999969482422,62.15999984741211,60.84000015258789,61.75,2069400
2017-10-31,60.7400016784668,60.7400016784668,61.27999877929688,60.150001525878906,60.97999954223633,1629700
2017-11-01,59.83000183105469,59.83000183105469,61.119998931884766,59.31999969482422,60.84999847412109,2528600
2017-11-02,59.52000045776367,59.52000045776367,60.08000183105469,59.119998931884766,59.93999862670898,1639700
2017-11-03,59.90999984741211,59.90999984741211,59.959999084472656,58.619998931884766,59.36000061035156,1533600
2017-11-06,59.40999984741211,59.40999984741211,60.84000015258789,59.27000045776367,59.90999984741211,1671400
2017-11-07,58.959999084472656,58.959999084472656,59.810001373291016,58.38999938964844,59.59999847412109,2026500
2017-11-08,54.34000015258789,54.34000015258789,55.45000076293945,52.5099983215332,53.59000015258789,7460300
2017-11-09,55.11000061035156,55.11000061035156,55.880001068115234,54.310001373291016,54.310001373291016,2957600
2017-11-10,55.0,55.0,55.2599983215332,54.65999984741211,54.77000045776367,1805700
2017-11-13,54.9900016784668,54.9900016784668,55.310001373291016,54.540000915527344,54.540000915527344,1329500
2017-11-14,54.65999984741211,54.65999984741211,54.9900016784668,53.90999984741211,54.84999847412109,1058300
2017-11-15,54.380001068115234,54.380001068115234,54.58000183105469,53.77999877929688,54.209999084472656,1234100
2017-11-16,55.63999938964844,55.63999938964844,55.68000030517578,54.630001068115234,54.630001068115234,1556600
2017-11-17,54.90999984741211,54.90999984741211,55.630001068115234,54.880001068115234,55.310001373291016,1688200
2017-11-20,54.7599983215332,54.7599983215332,54.84999847412109,54.209999084472656,54.7400016784668,1387500
2017-11-21,55.16999816894531,55.16999816894531,55.290000915527344,54.380001068115234,54.68000030517578,1203600
2017-11-22,55.38999938964844,55.38999938964844,56.4900016784668,55.119998931884766,55.22999954223633,2089300
2017-11-24,57.150001525878906,57.150001525878906,57.22999954223633,56.08000183105469,56.20000076293945,1951000
2017-11-27,57.9900016784668,57.9900016784668,58.18000030517578,56.52999877929688,57.20000076293945,2886900
2017-11-28,58.47999954223633,58.47999954223633,58.58000183105469,57.38999938964844,57.9900016784668,1676400
2017-11-29,60.63999938964844,60.63999938964844,61.09000015258789,58.43999862670898,58.47999954223633,2626900
2017-11-30,61.060001373291016,61.060001373291016,61.59000015258789,59.90999984741211,60.72999954223633,2542500
2017-12-01,61.11000061035156,61.11000061035156,61.59999847412109,60.04999923706055,61.0,2025600
2017-12-04,61.93000030517578,61.93000030517578,64.13999938964844,61.25,61.38999938964844,2796300
2017-12-05,60.93000030517578,60.93000030517578,61.90999984741211,60.09000015258789,61.77999877929688,1316400
2017-12-06,69.19999694824219,69.19999694824219,69.6500015258789,66.66000366210938,68.56999969482422,9753900
2017-12-07,67.13999938964844,67.13999938964844,69.95999908447266,66.58000183105469,69.5,4089300
2017-12-08,67.70999908447266,67.70999908447266,68.30999755859375,66.80999755859375,67.45999908447266,2587400
2017-12-11,69.51000213623047,69.51000213623047,69.55000305175781,68.20999908447266,68.83999633789062,2445600
2017-12-12,70.4000015258789,70.4000015258789,70.58000183105469,69.69000244140625,70.0,2538800
2017-12-13,71.30000305175781,71.30000305175781,71.44000244140625,69.5199966430664,70.25,2478800
2017-12-14,69.02999877929688,69.02999877929688,71.47000122070312,68.81999969482422,71.16999816894531,2700700
2017-12-15,70.5199966430664,70.5199966430664,70.63999938964844,69.02999877929688,69.12999725341797,3010400
2017-12-18,71.06999969482422,71.06999969482422,71.66000366210938,69.79000091552734,70.69999694824219,2238800
2017-12-19,71.80000305175781,71.80000305175781,72.16999816894531,70.9800033569336,71.05000305175781,1967000
2017-12-20,71.75,71.75,72.13999938964844,71.41999816894531,71.80000305175781,1662500
2017-12-21,71.9000015258789,71.9000015258789,72.19000244140625,71.61000061035156,71.87999725341797,1193700
2017-12-22,71.9800033569336,71.9800033569336,72.19999694824219,71.72000122070312,72.13999938964844,642200
2017-12-26,72.0999984741211,72.0999984741211,72.61000061035156,71.75,72.0,728700
2017-12-27,72.30999755859375,72.30999755859375,72.33000183105469,71.87999725341797,72.19000244140625,614200
2017-12-28,72.36000061035156,72.36000061035156,72.7699966430664,71.81999969482422,72.63999938964844,714100
2017-12-29,72.25,72.25,72.93000030517578,72.16999816894531,72.5999984741211,728200
2018-01-02,72.54000091552734,72.54000091552734,73.12999725341797,71.93000030517578,72.2699966430664,1198700
2018-01-03,72.91000366210938,72.91000366210938,73.02999877929688,71.7699966430664,72.33999633789062,1301100
2018-01-04,74.8499984741211,74.8499984741211,75.13999938964844,73.61000061035156,74.30000305175781,2283400
2018-01-05,75.52999877929688,75.52999877929688,75.5999984741211,74.20999908447266,75.0,1930000
2018-01-08,75.66000366210938,75.66000366210938,75.80999755859375,74.79000091552734,75.55000305175781,1860700
2018-01-09,77.47000122070312,77.47000122070312,77.5199966430664,75.37999725341797,75.5999984741211,1484000
2018-01-10,78.06999969482422,78.06999969482422,78.12000274658203,76.5,77.2699966430664,1575400
2018-01-11,80.02999877929688,80.02999877929688,80.70999908447266,78.25,78.25,2360500
2018-01-12,79.12999725341797,79.12999725341797,80.02999877929688,79.0199966430664,80.0,1440400
2018-01-16,79.1500015258789,79.1500015258789,79.63999938964844,78.37999725341797,79.5,1244600
2018-01-17,79.05999755859375,79.05999755859375,79.3499984741211,78.55000305175781,79.12999725341797,1378900
2018-01-18,78.19000244140625,78.19000244140625,79.0,78.11000061035156,79.0,1082900
2018-01-19,78.61000061035156,78.61000061035156,78.73999786376953,77.7300033569336,78.18000030517578,1098900
2018-01-22,78.94999694824219,78.94999694824219,79.13999938964844,77.94999694824219,78.76000213623047,912100
2018-01-23,79.04000091552734,79.04000091552734,79.55000305175781,77.55000305175781,78.62999725341797,790900
2018-01-24,78.63999938964844,78.63999938964844,79.44999694824219,78.13999938964844,79.18000030517578,863200
2018-01-25,78.95999908447266,78.95999908447266,79.04000091552734,78.25,78.7699966430664,588600
2018-01-26,79.0999984741211,79.0999984741211,79.30000305175781,78.47000122070312,79.01000213623047,1105800
2018-01-29,79.08999633789062,79.08999633789062,79.55000305175781,78.66000366210938,78.94999694824219,1320800
2018-01-30,78.93000030517578,78.93000030517578,79.33000183105469,77.2300033569336,78.05000305175781,1311900
2018-01-31,78.04000091552734,78.04000091552734,79.04000091552734,77.19000244140625,78.91000366210938,1714300
2018-02-01,77.55000305175781,77.55000305175781,78.26000213623047,76.5,77.52999877929688,1896500
2018-02-02,75.6500015258789,75.6500015258789,77.37000274658203,75.20999908447266,77.20999908447266,1578000
2018-02-05,72.83999633789062,72.83999633789062,76.30000305175781,72.79000091552734,75.2300033569336,1764500
2018-02-06,74.02999877929688,74.02999877929688,74.73999786376953,70.5,71.56999969482422,1578500
2018-02-07,74.66000366210938,74.66000366210938,75.63999938964844,73.66000366210938,73.8499984741211,1010900
2018-02-08,71.91000366210938,71.91000366210938,75.1500015258789,71.87000274658203,74.56999969482422,1337100
2018-02-09,72.97000122070312,72.97000122070312,73.61000061035156,70.55000305175781,72.62000274658203,1937800
2018-02-12,73.41000366210938,73.41000366210938,74.2699966430664,72.61000061035156,73.41000366210938,1388100
2018-02-13,73.54000091552734,73.54000091552734,74.02999877929688,72.69000244140625,72.69000244140625,1736300
2018-02-14,74.75,74.75,74.83999633789062,71.55999755859375,72.06999969482422,2581200
2018-02-15,73.83999633789062,73.83999633789062,75.4800033569336,73.68000030517578,75.0,1841900
2018-02-16,73.6500015258789,73.6500015258789,74.51000213623047,73.16000366210938,73.80999755859375,1302600
2018-02-20,72.7699966430664,72.7699966430664,74.26000213623047,72.33999633789062,73.2699966430664,1364100
2018-02-21,72.55000305175781,72.55000305175781,74.02999877929688,72.52999877929688,72.87999725341797,1085000
2018-02-22,72.06999969482422,72.06999969482422,73.56999969482422,71.80000305175781,72.83999633789062,1311600
2018-02-23,73.18000030517578,73.18000030517578,73.36000061035156,71.69999694824219,72.62000274658203,1062600
2018-02-26,73.5,73.5,73.80000305175781,72.54000091552734,73.2699966430664,856200
2018-02-27,73.66999816894531,73.66999816894531,74.05999755859375,72.8499984741211,73.2699966430664,1042200
2018-02-28,72.0199966430664,72.0199966430664,73.83000183105469,72.01000213623047,73.70999908447266,1245300
2018-03-01,70.44999694824219,70.44999694824219,72.0,69.44999694824219,71.87999725341797,2448800
2018-03-02,71.91000366210938,71.91000366210938,72.31999969482422,69.5999984741211,70.2300033569336,1462900
2018-03-05,72.19000244140625,72.19000244140625,72.4800033569336,71.11000061035156,71.52999877929688,1224200
2018-03-06,72.05999755859375,72.05999755859375,72.58999633789062,71.4800033569336,72.25,1141200
2018-03-07,72.19000244140625,72.19000244140625,72.51000213623047,71.06999969482422,71.41000366210938,1032500
2018-03-08,72.5999984741211,72.5999984741211,72.81999969482422,71.73999786376953,72.16000366210938,973400
2018-03-09,72.45999908447266,72.45999908447266,73.18000030517578,71.52999877929688,72.94999694824219,1489200
2018-03-12,72.26000213623047,72.26000213623047,72.5,71.12000274658203,72.18000030517578,2354000
2018-03-13,70.19000244140625,70.19000244140625,72.72000122070312,69.38999938964844,72.30999755859375,2480400
2018-03-14,70.02999877929688,70.02999877929688,70.54000091552734,69.44000244140625,70.54000091552734,2571200
2018-03-15,69.44999694824219,69.44999694824219,70.18000030517578,69.05000305175781,70.16999816894531,1528900
2018-03-16,68.52999877929688,68.52999877929688,69.54000091552734,68.12000274658203,69.45999908447266,3341900
2018-03-19,68.41000366210938,68.41000366210938,68.87000274658203,67.7300033569336,68.5199966430664,2044000
2018-03-20,66.37000274658203,66.37000274658203,68.48999786376953,66.25,68.45999908447266,2680800
2018-03-21,66.83999633789062,66.83999633789062,67.88999938964844,66.4000015258789,66.66000366210938,2123200
2018-03-22,65.79000091552734,65.79000091552734,67.2300033569336,65.75,66.55000305175781,1634800
2018-03-23,65.0,65.0,66.18000030517578,64.86000061035156,65.8499984741211,1571400
2018-03-26,65.63999938964844,65.63999938964844,66.48999786376953,64.62000274658203,65.69999694824219,1512000
2018-03-27,65.33999633789062,65.33999633789062,66.20999908447266,65.02999877929688,65.69999694824219,1146400
2018-03-28,66.0,66.0,66.63999938964844,65.27999877929688,65.5199966430664,1777000
2018-03-29,65.94000244140625,65.94000244140625,66.31999969482422,65.41999816894531,66.06999969482422,1682300
2018-04-02,63.790000915527344,63.790000915527344,66.2699966430664,63.31999969482422,65.95999908447266,2434600
2018-04-03,64.3499984741211,64.3499984741211,64.73999786376953,63.380001068115234,64.12999725341797,1317300
2018-04-04,63.66999816894531,63.66999816894531,63.9900016784668,61.720001220703125,63.400001525878906,2450900
2018-04-05,64.19000244140625,64.19000244140625,64.83999633789062,63.68000030517578,63.83000183105469,1790000
2018-04-06,63.02999877929688,63.02999877929688,63.68000030517578,62.45000076293945,63.54999923706055,2011200
2018-04-09,62.77000045776367,62.77000045776367,63.59999847412109,62.7400016784668,63.18999862670898,1457700
2018-04-10,63.18000030517578,63.18000030517578,63.84000015258789,62.77999877929688,63.38999938964844,1644100
2018-04-11,62.959999084472656,62.959999084472656,63.380001068115234,62.52000045776367,62.63999938964844,1246300
2018-04-12,62.869998931884766,62.869998931884766,63.40999984741211,62.63999938964844,63.40999984741211,1125300
2018-04-13,62.900001525878906,62.900001525878906,63.43000030517578,62.619998931884766,63.16999816894531,1172100
2018-04-16,63.16999816894531,63.16999816894531,63.41999816894531,62.31999969482422,63.310001373291016,1286300
2018-04-17,63.08000183105469,63.08000183105469,63.650001525878906,62.93999862670898,63.34000015258789,1449600
2018-04-18,64.16000366210938,64.16000366210938,64.62999725341797,63.16999816894531,63.220001220703125,1285300
2018-04-19,64.12000274658203,64.12000274658203,64.58000183105469,63.66999816894531,63.959999084472656,1450200
2018-04-20,63.75,63.75,64.37999725341797,63.459999084472656,64.11000061035156,1159400
2018-04-23,63.09000015258789,63.09000015258789,63.619998931884766,62.5,63.38999938964844,1266500
2018-04-24,62.84999847412109,62.84999847412109,64.27999877929688,62.619998931884766,63.470001220703125,1323100
2018-04-25,63.29999923706055,63.29999923706055,63.4900016784668,61.91999816894531,62.52999877929688,1450800
2018-04-26,62.93999862670898,62.93999862670898,63.27000045776367,62.5,63.220001220703125,965400
2018-04-27,63.220001220703125,63.220001220703125,63.630001068115234,62.79999923706055,62.79999923706055,1268300
2018-04-30,62.790000915527344,62.790000915527344,63.68000030517578,62.75,63.369998931884766,1524000
2018-05-01,63.119998931884766,63.119998931884766,63.34000015258789,61.970001220703125,62.77000045776367,1759500
2018-05-02,63.380001068115234,63.380001068115234,64.12999725341797,62.86000061035156,63.060001373291016,1523400
2018-05-03,63.29999923706055,63.29999923706055,64.11000061035156,62.43000030517578,63.15999984741211,2473500
2018-05-04,66.37999725341797,66.37999725341797,68.69000244140625,62.2599983215332,62.9900016784668,4010300
2018-05-07,66.0199966430664,66.0199966430664,66.52999877929688,64.68000030517578,66.06999969482422,2225800
2018-05-08,64.16000366210938,64.16000366210938,65.95999908447266,63.900001525878906,65.95999908447266,1966500
2018-05-09,64.80000305175781,64.80000305175781,65.11000061035156,64.16999816894531,64.31999969482422,1530800
2018-05-10,65.7699966430664,65.7699966430664,66.12000274658203,64.97000122070312,65.20999908447266,1196700
2018-05-11,66.01000213623047,66.01000213623047,66.69000244140625,65.19999694824219,65.66000366210938,1541900
2018-05-14,66.5999984741211,66.5999984741211,66.80999755859375,66.13999938964844,66.30999755859375,905600
2018-05-15,66.29000091552734,66.29000091552734,66.66000366210938,66.08000183105469,66.2699966430664,1214300
2018-05-16,66.83000183105469,66.83000183105469,67.18000030517578,66.26000213623047,66.55000305175781,1387500
2018-05-17,67.58000183105469,67.58000183105469,68.13999938964844,66.56999969482422,66.69000244140625,1012100
2018-05-18,68.12000274658203,68.12000274658203,68.27999877929688,67.30999755859375,67.52999877929688,1205700
2018-05-21,67.91999816894531,67.91999816894531,68.69999694824219,67.83000183105469,68.36000061035156,1012200
2018-05-22,67.91999816894531,67.91999816894531,68.38999938964844,67.83999633789062,68.02999877929688,744900
2018-05-23,68.52999877929688,68.52999877929688,68.63999938964844,67.23999786376953,67.62000274658203,1458800
2018-05-24,68.08999633789062,68.08999633789062,68.52999877929688,67.80999755859375,68.52999877929688,1266500
2018-05-25,67.88999938964844,67.88999938964844,68.56999969482422,67.7699966430664,68.08999633789062,875500
2018-05-29,67.05000305175781,67.05000305175781,67.55999755859375,66.5199966430664,67.44999694824219,1257900
2018-05-30,68.36000061035156,68.36000061035156,68.79000091552734,66.58000183105469,67.19000244140625,1340600
2018-05-31,66.83999633789062,66.83999633789062,68.1500015258789,66.66000366210938,68.1500015258789,1751100
2018-06-01,67.08999633789062,67.08999633789062,67.12000274658203,66.13999938964844,67.12000274658203,1250000
2018-06-04,66.91000366210938,66.91000366210938,67.72000122070312,66.5199966430664,67.58000183105469,1760500
2018-06-05,67.38999938964844,67.38999938964844,67.44000244140625,66.61000061035156,66.9000015258789,1185200
2018-06-06,68.69999694824219,68.69999694824219,68.69999694824219,66.87999725341797,67.7300033569336,1474800
2018-06-07,68.94000244140625,68.94000244140625,69.4800033569336,68.7300033569336,68.83999633789062,1553900
2018-06-08,71.05000305175781,71.05000305175781,71.11000061035156,68.9800033569336,68.9800033569336,2102500
2018-06-11,72.11000061035156,72.11000061035156,73.12999725341797,70.20999908447266,70.91999816894531,3180700
2018-06-12,71.76000213623047,71.76000213623047,72.23999786376953,71.47000122070312,72.01000213623047,1402300
2018-06-13,70.97000122070312,70.97000122070312,72.01000213623047,70.87999725341797,72.0,1528400
2018-06-14,71.04000091552734,71.04000091552734,71.06999969482422,70.33000183105469,71.02999877929688,1760800
2018-06-15,73.47000122070312,73.47000122070312,73.5,70.8499984741211,70.9000015258789,3351000
2018-06-18,72.91000366210938,72.91000366210938,73.44000244140625,72.56999969482422,73.2699966430664,2016800
2018-06-19,72.97000122070312,72.97000122070312,73.20999908447266,72.16999816894531,72.30000305175781,1755600
2018-06-20,72.44000244140625,72.44000244140625,73.22000122070312,72.25,73.22000122070312,1313400
2018-06-21,72.08000183105469,72.08000183105469,72.63999938964844,71.77999877929688,72.58000183105469,1171500
2018-06-22,71.94999694824219,71.94999694824219,72.75,71.8499984741211,72.2300033569336,2168700
2018-06-25,71.30999755859375,71.30999755859375,72.02999877929688,70.94000244140625,71.93000030517578,2218900
2018-06-26,71.51000213623047,71.51000213623047,71.83999633789062,70.88999938964844,71.4000015258789,573700
2018-06-27,70.80000305175781,70.80000305175781,71.81999969482422,70.80000305175781,71.33000183105469,715000
2018-06-28,70.1500015258789,70.1500015258789,70.45999908447266,68.29000091552734,70.45999908447266,1204500
2018-06-29,69.44000244140625,69.44000244140625,70.47000122070312,69.41999816894531,70.22000122070312,1348400
2018-07-02,69.4800033569336,69.4800033569336,69.66999816894531,68.86000061035156,69.27999877929688,1114800
2018-07-03,69.16999816894531,69.16999816894531,69.75,69.05000305175781,69.47000122070312,827800
2018-07-05,69.2699966430664,69.2699966430664,69.6500015258789,68.63999938964844,69.23999786376953,1648200
2018-07-06,70.22000122070312,70.22000122070312,70.47000122070312,69.31999969482422,69.61000061035156,800700
2018-07-09,70.62000274658203,70.62000274658203,71.16000366210938,70.2300033569336,70.38999938964844,1667100
2018-07-10,70.5999984741211,70.5999984741211,71.41999816894531,70.48999786376953,70.79000091552734,1066100
2018-07-11,69.63999938964844,69.63999938964844,70.41000366210938,69.5199966430664,70.23999786376953,892100
2018-07-12,71.5,71.5,72.12999725341797,69.76000213623047,70.08000183105469,1571600
2018-07-13,71.7699966430664,71.7699966430664,72.12000274658203,71.30000305175781,71.30000305175781,827100
2018-07-16,71.70999908447266,71.70999908447266,71.91000366210938,71.31999969482422,71.7699966430664,929300
2018-07-17,71.31999969482422,71.31999969482422,71.80999755859375,71.23999786376953,71.5999984741211,801800
2018-07-18,70.61000061035156,70.61000061035156,71.2699966430664,70.4000015258789,71.0,766700
2018-07-19,70.56999969482422,70.56999969482422,70.7300033569336,69.56999969482422,70.16000366210938,831000
2018-07-20,69.9800033569336,69.9800033569336,70.81999969482422,69.83000183105469,70.19000244140625,951700
2018-07-23,70.87999725341797,70.87999725341797,70.9800033569336,70.08000183105469,70.16000366210938,809600
2018-07-24,70.06999969482422,70.06999969482422,71.70999908447266,69.9000015258789,71.56999969482422,1090700
2018-07-25,69.4800033569336,69.4800033569336,70.19999694824219,69.16000366210938,70.19999694824219,795500
2018-07-26,70.18000030517578,70.18000030517578,70.20999908447266,69.29000091552734,69.58999633789062,1203000
2018-07-27,69.66999816894531,69.66999816894531,70.41999816894531,69.41000366210938,70.18000030517578,670600
2018-07-30,69.80999755859375,69.80999755859375,70.02999877929688,69.3499984741211,69.66000366210938,885200
2018-07-31,70.27999877929688,70.27999877929688,70.36000061035156,69.43000030517578,69.91999816894531,1035200
2018-08-01,70.33999633789062,70.33999633789062,71.56999969482422,69.7699966430664,69.7699966430664,1562300
2018-08-02,74.0999984741211,74.0999984741211,74.72000122070312,70.5199966430664,70.91999816894531,2146000
2018-08-03,74.55000305175781,74.55000305175781,74.62999725341797,73.48999786376953,73.80000305175781,870000
2018-08-06,73.02999877929688,73.02999877929688,74.54000091552734,72.91999816894531,74.43000030517578,1011400
2018-08-07,72.83999633789062,72.83999633789062,72.95999908447266,71.31999969482422,72.73999786376953,822600
2018-08-08,73.33999633789062,73.33999633789062,73.54000091552734,72.55999755859375,72.8499984741211,864500
2018-08-09,72.6500015258789,72.6500015258789,73.43000030517578,72.63999938964844,73.4000015258789,862700
2018-08-10,71.79000091552734,71.79000091552734,72.47000122070312,71.5199966430664,72.45999908447266,773100
2018-08-13,72.05000305175781,72.05000305175781,72.18000030517578,71.19999694824219,71.87999725341797,769900
2018-08-14,72.18000030517578,72.18000030517578,72.98999786376953,71.76000213623047,71.97000122070312,1075000
2018-08-15,71.88999938964844,71.88999938964844,71.9800033569336,70.54000091552734,71.73999786376953,1024800
2018-08-16,72.87000274658203,72.87000274658203,73.69000244140625,71.88999938964844,72.08000183105469,1080900
2018-08-17,72.48999786376953,72.48999786376953,72.94999694824219,71.58000183105469,72.5,1443200
2018-08-20,72.45999908447266,72.45999908447266,72.80999755859375,71.9800033569336,72.70999908447266,1254100
2018-08-21,72.30000305175781,72.30000305175781,72.80000305175781,71.9000015258789,72.58000183105469,1192300
2018-08-22,72.05000305175781,72.05000305175781,72.94999694824219,71.83999633789062,72.05999755859375,954400
2018-08-23,72.0199966430664,72.0199966430664,72.58000183105469,71.06999969482422,72.27999877929688,775800
2018-08-24,72.83000183105469,72.83000183105469,73.04000091552734,71.5199966430664,72.41000366210938,871500
2018-08-27,72.16000366210938,72.16000366210938,72.9000015258789,72.13999938964844,72.9000015258789,1310400
2018-08-28,72.22000122070312,72.22000122070312,72.47000122070312,71.54000091552734,72.16000366210938,900400
2018-08-29,73.05000305175781,73.05000305175781,74.1500015258789,72.27999877929688,72.37000274658203,2202000
2018-08-30,66.51000213623047,66.51000213623047,69.5999984741211,65.54000091552734,68.69999694824219,5077700
2018-08-31,69.29000091552734,69.29000091552734,69.6500015258789,66.5,66.55999755859375,3387300
2018-09-04,67.68000030517578,67.68000030517578,69.66999816894531,67.44000244140625,69.44000244140625,1433700
2018-09-05,67.08999633789062,67.08999633789062,67.76000213623047,66.81999969482422,67.30000305175781,2222900
2018-09-06,67.83000183105469,67.83000183105469,68.5199966430664,67.26000213623047,67.26000213623047,1355800
2018-09-07,67.23999786376953,67.23999786376953,68.31999969482422,67.20999908447266,67.69999694824219,949200
2018-09-10,67.38999938964844,67.38999938964844,67.86000061035156,67.12999725341797,67.30000305175781,1095500
2018-09-11,66.55999755859375,66.55999755859375,67.38999938964844,66.19000244140625,67.19999694824219,989900
2018-09-12,67.55999755859375,67.55999755859375,67.68000030517578,66.66000366210938,66.7699966430664,1514700
2018-09-13,71.33000183105469,71.33000183105469,71.83999633789062,69.58999633789062,71.06999969482422,2625900
2018-09-14,70.77999877929688,70.77999877929688,71.47000122070312,70.4000015258789,71.4000015258789,1160700
2018-09-17,70.36000061035156,70.36000061035156,70.98999786376953,70.11000061035156,70.91999816894531,1120800
2018-09-18,70.70999908447266,70.70999908447266,71.44999694824219,70.16000366210938,70.16000366210938,1120400
2018-09-19,70.1500015258789,70.1500015258789,70.97000122070312,70.11000061035156,70.97000122070312,855700
2018-09-20,70.41999816894531,70.41999816894531,70.66000366210938,70.19999694824219,70.22000122070312,957000
2018-09-21,69.91999816894531,69.91999816894531,70.66999816894531,69.80000305175781,70.47000122070312,4253700
2018-09-24,70.13999938964844,70.13999938964844,70.36000061035156,69.22000122070312,70.0,1730200
2018-09-25,69.94000244140625,69.94000244140625,70.58000183105469,69.88999938964844,69.9800033569336,1105100
2018-09-26,70.12999725341797,70.12999725341797,71.01000213623047,69.91999816894531,70.04000091552734,882400
2018-09-27,71.23999786376953,71.23999786376953,72.0,70.22000122070312,70.22000122070312,1255000
2018-09-28,71.62999725341797,71.62999725341797,71.79000091552734,71.0999984741211,71.0999984741211,1564700
2018-10-01,74.04000091552734,74.04000091552734,75.43000030517578,73.0,73.0,3129200
2018-10-02,72.75,72.75,74.19999694824219,72.44999694824219,73.9000015258789,1243600
2018-10-03,72.41999816894531,72.41999816894531,73.12999725341797,71.87999725341797,73.0199966430664,1072100
2018-10-04,72.83000183105469,72.83000183105469,73.08000183105469,71.80999755859375,72.22000122070312,1043100
2018-10-05,72.05000305175781,72.05000305175781,72.95999908447266,71.79000091552734,72.80000305175781,762000
2018-10-08,73.30000305175781,73.30000305175781,73.43000030517578,71.76000213623047,72.19000244140625,1197000
2018-10-09,74.83999633789062,74.83999633789062,75.37999725341797,73.13999938964844,73.13999938964844,1399200
2018-10-10,73.01000213623047,73.01000213623047,74.91000366210938,72.88999938964844,74.55999755859375,1505600
2018-10-11,70.16999816894531,70.16999816894531,72.58999633789062,69.80000305175781,72.55000305175781,1671100
2018-10-12,68.93000030517578,68.93000030517578,71.08000183105469,68.01000213623047,70.66999816894531,2136500
2018-10-15,69.95999908447266,69.95999908447266,71.08000183105469,68.93000030517578,69.05000305175781,1146900
2018-10-16,70.43000030517578,70.43000030517578,70.6500015258789,69.55999755859375,70.12999725341797,1102200
2018-10-17,68.36000061035156,68.36000061035156,68.83999633789062,65.98999786376953,67.7699966430664,3569600
2018-10-18,68.94999694824219,68.94999694824219,69.70999908447266,67.41999816894531,68.36000061035156,2295700
2018-10-19,67.6500015258789,67.6500015258789,69.70999908447266,67.4000015258789,69.31999969482422,1023200
2018-10-22,66.98999786376953,66.98999786376953,68.08000183105469,66.69999694824219,67.55999755859375,1370900
2018-10-23,67.88999938964844,67.88999938964844,67.97000122070312,65.69000244140625,66.38999938964844,1266300
2018-10-24,65.33000183105469,65.33000183105469,68.22000122070312,65.16999816894531,67.31999969482422,2172400
2018-10-25,65.33999633789062,65.33999633789062,66.27999877929688,65.18000030517578,65.38999938964844,1883300
2018-10-26,65.08000183105469,65.08000183105469,65.94999694824219,63.93000030517578,64.97000122070312,1404200
2018-10-29,66.08999633789062,66.08999633789062,66.83999633789062,65.41000366210938,66.0,1892500
2018-10-30,66.76000213623047,66.76000213623047,66.9000015258789,65.61000061035156,66.33999633789062,1325500
2018-10-31,67.33999633789062,67.33999633789062,68.11000061035156,66.8499984741211,67.0,1873200
2018-11-01,68.52999877929688,68.52999877929688,68.87000274658203,67.5,67.75,1447500
2018-11-02,67.66000366210938,67.66000366210938,69.30000305175781,67.22000122070312,68.87000274658203,1670800
2018-11-05,68.56999969482422,68.56999969482422,68.87000274658203,67.66000366210938,67.94000244140625,2022600
2018-11-06,69.25,69.25,69.69999694824219,68.02999877929688,68.27999877929688,1344400
2018-11-07,76.08000183105469,76.08000183105469,79.11000061035156,74.98999786376953,75.04000091552734,6253700
2018-11-08,70.1500015258789,70.1500015258789,72.2699966430664,68.6500015258789,70.8499984741211,5964100
2018-11-09,69.69999694824219,69.69999694824219,70.4800033569336,68.44999694824219,69.33000183105469,2486200
2018-11-12,68.19999694824219,68.19999694824219,69.86000061035156,68.05999755859375,69.69999694824219,1704200
2018-11-13,64.47000122070312,64.47000122070312,68.22000122070312,64.12999725341797,68.18000030517578,2447800
2018-11-14,64.3499984741211,64.3499984741211,65.44999694824219,63.63999938964844,64.83000183105469,1714900
2018-11-15,64.63999938964844,64.63999938964844,64.66999816894531,62.81999969482422,64.02999877929688,1509400
2018-11-16,62.43000030517578,62.43000030517578,64.54000091552734,61.84000015258789,63.68000030517578,2222000
2018-11-19,60.45000076293945,60.45000076293945,62.380001068115234,60.380001068115234,62.150001525878906,1741600
2018-11-20,58.68999862670898,58.68999862670898,60.45000076293945,58.68000030517578,60.0,1511600
2018-11-21,59.630001068115234,59.630001068115234,60.18999862670898,59.0,59.27000045776367,1020900
2018-11-23,59.65999984741211,59.65999984741211,59.84000015258789,58.97999954223633,59.459999084472656,419400
2018-11-26,60.77999877929688,60.77999877929688,60.84000015258789,59.119998931884766,59.93000030517578,1398800
2018-11-27,62.68000030517578,62.68000030517578,63.209999084472656,60.560001373291016,60.83000183105469,2527500
2018-11-28,65.61000061035156,65.61000061035156,66.0,63.619998931884766,63.790000915527344,2364000
2018-11-29,65.66000366210938,65.66000366210938,66.01000213623047,65.0,65.23999786376953,1049200
2018-11-30,66.05999755859375,66.05999755859375,66.38999938964844,65.0999984741211,65.5,1703700
2018-12-03,66.37999725341797,66.37999725341797,66.73999786376953,65.81999969482422,66.73999786376953,1109500
2018-12-04,64.06999969482422,64.06999969482422,66.52999877929688,63.91999816894531,66.45999908447266,2224900
2018-12-06,61.81999969482422,61.81999969482422,63.040000915527344,59.18999862670898,62.83000183105469,2916700
2018-12-07,58.959999084472656,58.959999084472656,61.09000015258789,58.65999984741211,60.59000015258789,2015800
2018-12-10,58.0099983215332,58.0099983215332,59.04999923706055,56.88999938964844,58.83000183105469,1958400
2018-12-11,57.56999969482422,57.56999969482422,59.5,57.36000061035156,58.56999969482422,1191200
2018-12-12,58.52000045776367,58.52000045776367,59.619998931884766,58.060001373291016,58.33000183105469,1210200
2018-12-13,59.400001525878906,59.400001525878906,59.77999877929688,58.66999816894531,58.68999862670898,1619700
2018-12-14,58.02000045776367,58.02000045776367,59.86000061035156,57.43000030517578,59.58000183105469,1862100
2018-12-17,56.70000076293945,56.70000076293945,58.15999984741211,56.0099983215332,57.209999084472656,1858100
2018-12-18,55.08000183105469,55.08000183105469,57.61000061035156,54.90999984741211,56.93000030517578,1807900
2018-12-19,53.380001068115234,53.380001068115234,56.0099983215332,53.0,55.27000045776367,2556900
2018-12-20,51.220001220703125,51.220001220703125,53.29999923706055,50.75,53.290000915527344,2595500
2018-12-21,49.81999969482422,49.81999969482422,51.58000183105469,49.61000061035156,51.220001220703125,3669700
2018-12-24,48.72999954223633,48.72999954223633,49.959999084472656,48.65999984741211,49.5099983215332,676600
2018-12-26,50.81999969482422,50.81999969482422,50.84999847412109,48.25,48.81999969482422,1164300
2018-12-27,50.68000030517578,50.68000030517578,50.7599983215332,48.68000030517578,50.18000030517578,1543000
2018-12-28,50.369998931884766,50.369998931884766,51.40999984741211,50.15999984741211,51.0,1125000
2018-12-31,51.459999084472656,51.459999084472656,51.5099983215332,50.52999877929688,50.52999877929688,1029500
2019-01-02,51.72999954223633,51.72999954223633,52.06999969482422,50.75,51.20000076293945,1130100
2019-01-03,50.97999954223633,50.97999954223633,52.25,50.630001068115234,51.209999084472656,1574600
2019-01-04,54.0,54.0,54.18999862670898,51.540000915527344,51.81999969482422,2491300
2019-01-07,54.369998931884766,54.369998931884766,55.09000015258789,53.47999954223633,54.11000061035156,1389700
2019-01-08,54.060001373291016,54.060001373291016,55.400001525878906,53.0,55.400001525878906,1890600
2019-01-09,53.91999816894531,53.91999816894531,54.380001068115234,53.470001220703125,54.36000061035156,1151600
2019-01-10,55.15999984741211,55.15999984741211,55.31999969482422,53.65999984741211,53.65999984741211,1033100
2019-01-11,56.06999969482422,56.06999969482422,56.119998931884766,54.59000015258789,54.83000183105469,1700600
2019-01-14,55.959999084472656,55.959999084472656,56.59999847412109,55.34000015258789,55.59999847412109,3050100
2019-01-15,56.77000045776367,56.77000045776367,56.93000030517578,55.77000045776367,56.040000915527344,1240700
2019-01-16,57.27000045776367,57.27000045776367,57.72999954223633,56.630001068115234,56.630001068115234,1796600
2019-01-17,56.720001220703125,56.720001220703125,57.52000045776367,56.459999084472656,56.83000183105469,943800
2019-01-18,57.369998931884766,57.369998931884766,57.72999954223633,56.880001068115234,57.290000915527344,1300400
2019-01-22,56.84999847412109,56.84999847412109,57.09999847412109,56.130001068115234,57.09999847412109,1037800
2019-01-23,56.959999084472656,56.959999084472656,58.0,56.7400016784668,56.9900016784668,957600
2019-01-24,56.38999938964844,56.38999938964844,57.209999084472656,56.33000183105469,56.81999969482422,2349000
2019-01-25,57.09000015258789,57.09000015258789,57.75,56.38999938964844,57.11000061035156,1633800
2019-01-28,56.06999969482422,56.06999969482422,56.86000061035156,55.75,56.68000030517578,1300500
2019-01-29,56.61000061035156,56.61000061035156,56.81999969482422,55.77000045776367,56.369998931884766,1211300
2019-01-30,55.84000015258789,55.84000015258789,57.5,55.5,57.0,1640900
2019-01-31,56.130001068115234,56.130001068115234,56.650001525878906,55.650001525878906,55.79999923706055,1760800
2019-02-01,56.29999923706055,56.29999923706055,56.7599983215332,55.43999862670898,56.0,2301400
2019-02-04,56.59999847412109,56.59999847412109,56.86000061035156,56.08000183105469,56.29999923706055,1121900
2019-02-05,56.84999847412109,56.84999847412109,57.900001525878906,56.72999954223633,56.84999847412109,1633000
2019-02-06,56.150001525878906,56.150001525878906,57.11000061035156,55.880001068115234,56.72999954223633,1190300
2019-02-07,57.02999877929688,57.02999877929688,57.40999984741211,55.93999862670898,56.09000015258789,1774600
2019-02-08,56.130001068115234,56.130001068115234,56.75,55.150001525878906,56.75,1224900
2019-02-11,55.9900016784668,55.9900016784668,56.47999954223633,55.83000183105469,56.16999816894531,1539600
2019-02-12,57.36000061035156,57.36000061035156,57.369998931884766,56.16999816894531,56.560001373291016,2571900
2019-02-13,57.91999816894531,57.91999816894531,58.16999816894531,57.0,57.5,1759000
2019-02-14,58.09000015258789,58.09000015258789,58.150001525878906,54.810001373291016,57.4900016784668,3564600
2019-02-15,59.09999847412109,59.09999847412109,59.560001373291016,58.02000045776367,58.45000076293945,2465100
2019-02-19,59.13999938964844,59.13999938964844,59.68000030517578,58.11000061035156,59.040000915527344,1722100
2019-02-20,59.060001373291016,59.060001373291016,59.459999084472656,58.900001525878906,59.400001525878906,1026000
2019-02-21,59.209999084472656,59.209999084472656,59.970001220703125,58.77999877929688,59.13999938964844,1192100
2019-02-22,58.70000076293945,58.70000076293945,59.4900016784668,57.880001068115234,59.13999938964844,1214500
2019-02-25,58.2400016784668,58.2400016784668,59.36000061035156,58.11000061035156,58.7400016784668,1070900
2019-02-26,57.9900016784668,57.9900016784668,58.2400016784668,57.56999969482422,58.13999938964844,1015500
2019-02-27,56.91999816894531,56.91999816894531,57.880001068115234,56.77999877929688,57.79999923706055,1364400
2019-02-28,56.900001525878906,56.900001525878906,57.220001220703125,56.470001220703125,56.970001220703125,1476000
2019-03-01,57.04999923706055,57.04999923706055,58.18000030517578,56.959999084472656,57.2599983215332,1479800
2019-03-04,55.43999862670898,55.43999862670898,56.709999084472656,54.65999984741211,55.77999877929688,2244500
2019-03-05,53.09999847412109,53.09999847412109,55.59999847412109,53.04999923706055,55.59999847412109,3689500
2019-03-06,51.040000915527344,51.040000915527344,53.400001525878906,50.95000076293945,53.22999954223633,3483500
2019-03-07,50.540000915527344,50.540000915527344,51.2400016784668,50.16999816894531,51.13999938964844,2748500
2019-03-08,49.95000076293945,49.95000076293945,50.4900016784668,49.47999954223633,50.15999984741211,2355700
2019-03-11,50.470001220703125,50.470001220703125,50.5099983215332,49.630001068115234,49.959999084472656,1408300
2019-03-12,51.33000183105469,51.33000183105469,51.43999862670898,50.66999816894531,50.66999816894531,1499900
2019-03-13,53.59999847412109,53.59999847412109,54.04999923706055,51.619998931884766,51.619998931884766,3089900
2019-03-14,53.58000183105469,53.58000183105469,54.060001373291016,53.290000915527344,53.61000061035156,1998200
2019-03-15,53.52999877929688,53.52999877929688,54.040000915527344,53.13999938964844,53.59999847412109,2110900
2019-03-18,52.06999969482422,52.06999969482422,53.400001525878906,51.880001068115234,53.34999847412109,4370800
2019-03-19,53.90999984741211,53.90999984741211,54.369998931884766,52.22999954223633,52.5099983215332,2257600
2019-03-20,53.709999084472656,53.709999084472656,54.560001373291016,52.83000183105469,53.959999084472656,1818500
2019-03-21,55.0,55.0,55.66999816894531,53.77999877929688,53.84999847412109,2314100
2019-03-22,54.04999923706055,54.04999923706055,55.0,54.0099983215332,54.7400016784668,1275200
2019-03-25,53.2400016784668,53.2400016784668,54.0,52.59000015258789,53.970001220703125,1021700
2019-03-26,53.09000015258789,53.09000015258789,53.869998931884766,52.65999984741211,53.38999938964844,1143900
2019-03-27,53.47999954223633,53.47999954223633,53.79999923706055,52.54999923706055,53.02999877929688,1551400
2019-03-28,53.52000045776367,53.52000045776367,53.84000015258789,53.09000015258789,53.650001525878906,921300
2019-03-29,54.290000915527344,54.290000915527344,54.36000061035156,53.630001068115234,53.93000030517578,692200
2019-04-01,54.91999816894531,54.91999816894531,55.02000045776367,54.470001220703125,54.63999938964844,757600
2019-04-02,54.59999847412109,54.59999847412109,54.97999954223633,54.2400016784668,54.77000045776367,1363700
2019-04-03,55.27000045776367,55.27000045776367,55.5,54.84000015258789,54.900001525878906,1498200
2019-04-04,55.11000061035156,55.11000061035156,55.75,54.970001220703125,55.27000045776367,736600
2019-04-05,55.95000076293945,55.95000076293945,56.119998931884766,55.130001068115234,55.13999938964844,1790100
2019-04-08,55.2400016784668,55.2400016784668,55.880001068115234,55.04999923706055,55.81999969482422,567200
2019-04-09,55.11000061035156,55.11000061035156,55.25,54.27000045776367,55.0,984200
2019-04-10,55.900001525878906,55.900001525878906,56.0099983215332,54.869998931884766,54.970001220703125,1253400
2019-04-11,54.630001068115234,54.630001068115234,56.060001373291016,54.43000030517578,55.97999954223633,1046900
2019-04-12,54.540000915527344,54.540000915527344,55.5,54.38999938964844,54.9900016784668,898200
2019-04-15,55.16999816894531,55.16999816894531,55.27000045776367,53.9900016784668,54.790000915527344,652300
2019-04-16,55.31999969482422,55.31999969482422,56.54999923706055,55.09000015258789,55.59999847412109,2574900
2019-04-17,51.04999923706055,51.04999923706055,55.43000030517578,50.869998931884766,55.43000030517578,3318200
2019-04-18,52.22999954223633,52.22999954223633,52.63999938964844,51.060001373291016,51.08000183105469,1975400
2019-04-22,51.09999847412109,51.09999847412109,52.61000061035156,51.02999877929688,52.2400016784668,1507600
2019-04-23,53.02999877929688,53.02999877929688,53.38999938964844,51.209999084472656,51.209999084472656,1495000
2019-04-24,54.02999877929688,54.02999877929688,54.540000915527344,53.04999923706055,53.209999084472656,1596100
2019-04-25,53.88999938964844,53.88999938964844,54.52000045776367,53.43999862670898,53.790000915527344,1909300
2019-04-26,55.61000061035156,55.61000061035156,55.709999084472656,53.630001068115234,54.150001525878906,1257900
2019-04-29,56.150001525878906,56.150001525878906,57.0099983215332,55.36000061035156,55.7400016784668,1457700
2019-04-30,55.2400016784668,55.2400016784668,56.5,54.470001220703125,56.220001220703125,897600
2019-05-01,55.59999847412109,55.59999847412109,56.18000030517578,55.2400016784668,55.5099983215332,964400
2019-05-02,56.5099983215332,56.5099983215332,56.61000061035156,55.209999084472656,55.59999847412109,1131800
2019-05-03,56.9900016784668,56.9900016784668,57.25,56.54999923706055,56.61000061035156,1570200
2019-05-06,57.790000915527344,57.790000915527344,57.959999084472656,55.66999816894531,55.91999816894531,2288400
2019-05-07,56.59999847412109,56.59999847412109,57.34999847412109,55.9900016784668,57.09000015258789,1462000
2019-05-08,51.7599983215332,51.7599983215332,54.25,51.29999923706055,54.25,4088000
2019-05-09,52.380001068115234,52.380001068115234,52.7400016784668,50.93000030517578,51.15999984741211,1996100
2019-05-10,52.11000061035156,52.11000061035156,52.5,50.63999938964844,52.290000915527344,1352200
2019-05-13,51.18000030517578,51.18000030517578,51.34000015258789,50.18000030517578,50.93000030517578,1613900
2019-05-14,51.2400016784668,51.2400016784668,51.900001525878906,51.06999969482422,51.150001525878906,1447900
2019-05-15,50.220001220703125,50.220001220703125,50.93999862670898,49.790000915527344,50.709999084472656,1599300
2019-05-16,50.0,50.0,51.150001525878906,49.95000076293945,50.2599983215332,1215400
2019-05-17,49.22999954223633,49.22999954223633,50.02000045776367,49.220001220703125,49.4900016784668,1862300
2019-05-20,48.869998931884766,48.869998931884766,49.09999847412109,48.52999877929688,49.09999847412109,1546800
2019-05-21,49.59999847412109,49.59999847412109,49.709999084472656,48.900001525878906,49.09999847412109,1486800
2019-05-22,49.25,49.25,49.52999877929688,48.68999862670898,49.34999847412109,929000
2019-05-23,48.150001525878906,48.150001525878906,48.97999954223633,47.61000061035156,48.720001220703125,1467200
2019-05-24,47.560001373291016,47.560001373291016,48.36000061035156,47.5,48.2400016784668,1221000
2019-05-28,46.91999816894531,46.91999816894531,47.75,46.900001525878906,47.75,1494400
2019-05-29,44.38999938964844,44.38999938964844,46.75,44.18000030517578,46.5099983215332,2938600
2019-05-30,44.63999938964844,44.63999938964844,44.869998931884766,44.27999877929688,44.5,1604800
2019-05-31,43.41999816894531,43.41999816894531,44.2400016784668,43.400001525878906,44.2400016784668,1680300
2019-06-03,45.29999923706055,45.29999923706055,45.65999984741211,43.4900016784668,43.4900016784668,2412000
2019-06-04,47.0,47.0,47.08000183105469,45.650001525878906,45.65999984741211,2354200
2019-06-05,46.619998931884766,46.619998931884766,47.4900016784668,45.7400016784668,47.4900016784668,1653900
2019-06-06,46.560001373291016,46.560001373291016,47.16999816894531,46.36000061035156,46.54999923706055,1202900
2019-06-07,47.68999862670898,47.68999862670898,48.290000915527344,46.75,46.75,1650900
2019-06-10,47.9900016784668,47.9900016784668,48.38999938964844,47.63999938964844,47.810001373291016,738500
2019-06-11,48.22999954223633,48.22999954223633,48.459999084472656,47.58000183105469,48.20000076293945,1115900
2019-06-12,48.08000183105469,48.08000183105469,48.209999084472656,47.220001220703125,48.130001068115234,1429200
2019-06-13,49.02999877929688,49.02999877929688,49.060001373291016,48.0,48.150001525878906,1548200
2019-06-14,48.880001068115234,48.880001068115234,49.22999954223633,48.4900016784668,49.040000915527344,772700
2019-06-17,49.25,49.25,49.43000030517578,48.5,49.040000915527344,774400
2019-06-18,49.7400016784668,49.7400016784668,50.209999084472656,49.130001068115234,49.68000030517578,911400
2019-06-19,51.27000045776367,51.27000045776367,53.2599983215332,50.0099983215332,50.27000045776367,2787600
2019-06-20,52.40999984741211,52.40999984741211,53.02000045776367,51.630001068115234,51.900001525878906,2970700
2019-06-21,53.09000015258789,53.09000015258789,53.54999923706055,52.31999969482422,52.58000183105469,3248900
2019-06-24,53.40999984741211,53.40999984741211,53.540000915527344,52.81999969482422,52.97999954223633,2357700
2019-06-25,54.27000045776367,54.27000045776367,54.52000045776367,52.84000015258789,53.38999938964844,2208900
2019-06-26,54.84000015258789,54.84000015258789,55.040000915527344,53.79999923706055,54.380001068115234,2214200
2019-06-27,55.40999984741211,55.40999984741211,56.0099983215332,55.0,55.06999969482422,2192400
2019-06-28,56.2599983215332,56.2599983215332,56.38999938964844,55.060001373291016,55.43999862670898,2588400
2019-07-01,56.09000015258789,56.09000015258789,57.43999862670898,55.9900016784668,56.93999862670898,2059000
2019-07-02,56.7400016784668,56.7400016784668,57.119998931884766,55.810001373291016,56.0,1501400
2019-07-03,57.400001525878906,57.400001525878906,57.650001525878906,56.7400016784668,57.13999938964844,965000
2019-07-05,58.27000045776367,58.27000045776367,58.43000030517578,56.880001068115234,57.15999984741211,1103000
2019-07-08,55.5099983215332,55.5099983215332,58.08000183105469,55.45000076293945,57.81999969482422,2289400
2019-07-09,52.54999923706055,52.54999923706055,52.84999847412109,50.68000030517578,52.560001373291016,6672000
2019-07-10,54.650001525878906,54.650001525878906,55.18999862670898,52.290000915527344,52.7400016784668,3384100
2019-07-11,56.40999984741211,56.40999984741211,56.70000076293945,55.25,55.68999862670898,2915700
2019-07-12,56.900001525878906,56.900001525878906,57.31999969482422,56.02000045776367,56.40999984741211,2171200
2019-07-15,56.95000076293945,56.95000076293945,57.52000045776367,56.13999938964844,56.900001525878906,2009300
2019-07-16,57.70000076293945,57.70000076293945,58.43999862670898,56.93000030517578,56.95000076293945,1625400
2019-07-17,56.650001525878906,56.650001525878906,57.38999938964844,55.54999923706055,55.900001525878906,1280000
2019-07-18,56.7400016784668,56.7400016784668,57.16999816894531,56.209999084472656,56.459999084472656,1530000
2019-07-19,56.04999923706055,56.04999923706055,56.75,55.97999954223633,56.70000076293945,1104700
2019-07-22,58.79999923706055,58.79999923706055,59.88999938964844,58.400001525878906,59.310001373291016,5914700
2019-07-23,59.29999923706055,59.29999923706055,59.43000030517578,58.5,59.09000015258789,4015400
2019-07-24,59.560001373291016,59.560001373291016,59.90999984741211,58.84999847412109,59.18999862670898,2732000
2019-07-25,58.93000030517578,58.93000030517578,59.4900016784668,58.72999954223633,59.15999984741211,2791900
2019-07-26,59.400001525878906,59.400001525878906,59.720001220703125,58.470001220703125,58.59000015258789,2103100
2019-07-29,59.65999984741211,59.65999984741211,60.0,59.2599983215332,59.400001525878906,3052700
2019-07-30,60.09999847412109,60.09999847412109,60.5099983215332,58.84999847412109,59.2400016784668,2827100
2019-07-31,59.84999847412109,59.84999847412109,60.43999862670898,59.52000045776367,60.2599983215332,2704500
2019-08-01,59.34000015258789,59.34000015258789,60.59999847412109,59.06999969482422,59.84999847412109,4593200
2019-08-02,60.09999847412109,60.09999847412109,61.20000076293945,59.86000061035156,60.43000030517578,5380000
2019-08-05,58.630001068115234,58.630001068115234,59.900001525878906,57.900001525878906,59.09999847412109,3717000
2019-08-06,58.959999084472656,58.959999084472656,59.5,57.84000015258789,59.09999847412109,2979900
2019-08-07,59.75,59.75,59.790000915527344,58.02999877929688,58.150001525878906,4517200
2019-08-08,59.790000915527344,59.790000915527344,60.29999923706055,59.4900016784668,60.0,2924000
2019-08-09,59.68999862670898,59.68999862670898,60.13999938964844,59.40999984741211,59.79999923706055,2308000
2019-08-12,59.02000045776367,59.02000045776367,59.93000030517578,58.77000045776367,59.470001220703125,5006500
2019-08-13,59.38999938964844,59.38999938964844,60.0,58.70000076293945,58.79999923706055,5004300
2019-08-14,58.16999816894531,58.16999816894531,59.2599983215332,58.0,58.79999923706055,7590400
2019-08-15,58.36000061035156,58.36000061035156,58.83000183105469,57.84999847412109,58.27999877929688,6607000
2019-08-16,57.81999969482422,57.81999969482422,58.36000061035156,57.5099983215332,58.0,8253700
2019-08-19,56.970001220703125,56.970001220703125,57.63999938964844,56.5099983215332,57.09999847412109,8259900
2019-08-20,55.90999984741211,55.90999984741211,57.15999984741211,55.77000045776367,57.15999984741211,3900100
2019-08-21,56.58000183105469,56.58000183105469,57.0099983215332,56.02000045776367,56.459999084472656,3069500
2019-08-22,55.959999084472656,55.959999084472656,56.9900016784668,55.7599983215332,56.7599983215332,4685500
2019-08-23,54.70000076293945,54.70000076293945,56.119998931884766,54.45000076293945,55.52000045776367,3886500
2019-08-26,55.04999923706055,55.04999923706055,55.25,54.209999084472656,55.02000045776367,2799200
2019-08-27,53.77999877929688,53.77999877929688,55.59999847412109,53.7599983215332,55.29999923706055,2975600
2019-08-28,54.470001220703125,54.470001220703125,54.61000061035156,53.5099983215332,53.66999816894531,2331100
2019-08-29,55.5099983215332,55.5099983215332,55.77000045776367,54.869998931884766,54.869998931884766,2022400
2019-08-30,56.369998931884766,56.369998931884766,56.54999923706055,55.58000183105469,55.75,4940000
2019-09-03,58.540000915527344,58.540000915527344,58.61000061035156,56.040000915527344,56.369998931884766,4169300
2019-09-04,59.150001525878906,59.150001525878906,60.380001068115234,59.02000045776367,59.5,2933200
2019-09-05,57.97999954223633,57.97999954223633,59.720001220703125,57.88999938964844,59.65999984741211,2059700
2019-09-06,59.369998931884766,59.369998931884766,59.59000015258789,57.59000015258789,57.93999862670898,2169000
2019-09-09,61.16999816894531,61.16999816894531,61.36000061035156,59.02999877929688,59.52000045776367,3287000
2019-09-10,61.65999984741211,61.65999984741211,61.66999816894531,60.33000183105469,60.77999877929688,2613600
2019-09-11,59.810001373291016,59.810001373291016,60.77000045776367,59.16999816894531,60.47999954223633,2026500
2019-09-12,60.29999923706055,60.29999923706055,60.91999816894531,58.720001220703125,60.0,2875600
2019-09-13,61.86000061035156,61.86000061035156,62.33000183105469,60.720001220703125,60.83000183105469,3611000
2019-09-16,63.27999877929688,63.27999877929688,63.5,61.45000076293945,61.650001525878906,2963600
2019-09-17,61.650001525878906,61.650001525878906,63.2599983215332,61.38999938964844,63.20000076293945,1777700
2019-09-18,61.29999923706055,61.29999923706055,61.970001220703125,60.970001220703125,61.43999862670898,1453800
2019-09-19,59.75,59.75,61.91999816894531,58.970001220703125,61.400001525878906,5046900
2019-09-20,60.040000915527344,60.040000915527344,60.88999938964844,59.75,59.90999984741211,3947500
2019-09-23,59.34999847412109,59.34999847412109,60.2599983215332,59.33000183105469,59.970001220703125,1650300
2019-09-24,57.369998931884766,57.369998931884766,59.40999984741211,57.20000076293945,59.29999923706055,2331100
2019-09-25,57.77999877929688,57.77999877929688,58.209999084472656,57.27000045776367,57.27000045776367,1672300
2019-09-26,56.0,56.0,57.77999877929688,55.400001525878906,57.77999877929688,2013600
2019-09-27,56.31999969482422,56.31999969482422,57.08000183105469,55.970001220703125,56.34999847412109,1506500
2019-09-30,57.06999969482422,57.06999969482422,57.470001220703125,56.31999969482422,56.470001220703125,1559100
2019-10-01,56.65999984741211,56.65999984741211,58.7599983215332,56.59000015258789,57.06999969482422,1527100
2019-10-02,55.59999847412109,55.59999847412109,56.58000183105469,55.459999084472656,56.18000030517578,1573500
2019-10-03,55.869998931884766,55.869998931884766,56.040000915527344,55.02000045776367,55.40999984741211,923700
2019-10-04,56.0,56.0,56.27999877929688,55.540000915527344,55.93000030517578,963500
2019-10-07,55.66999816894531,55.66999816894531,56.59000015258789,55.619998931884766,55.900001525878906,1498300
2019-10-08,54.20000076293945,54.20000076293945,55.5099983215332,54.09000015258789,55.4900016784668,1864400
2019-10-09,55.209999084472656,55.209999084472656,55.43999862670898,54.459999084472656,54.68999862670898,1557000
2019-10-10,55.81999969482422,55.81999969482422,56.2400016784668,54.97999954223633,55.27999877929688,1500500
2019-10-11,56.43999862670898,56.43999862670898,57.45000076293945,56.380001068115234,56.75,1450300
2019-10-14,55.66999816894531,55.66999816894531,56.400001525878906,55.59999847412109,56.2400016784668,1040700
2019-10-15,56.720001220703125,56.720001220703125,56.79999923706055,55.93999862670898,56.0,1291000
2019-10-16,57.0099983215332,57.0099983215332,57.61000061035156,56.38999938964844,56.709999084472656,855000
2019-10-17,57.84999847412109,57.84999847412109,58.25,56.97999954223633,56.9900016784668,865100
2019-10-18,58.68999862670898,58.68999862670898,58.77999877929688,57.72999954223633,57.72999954223633,1522900
2019-10-21,58.65999984741211,58.65999984741211,59.5099983215332,58.41999816894531,58.720001220703125,1372300
2019-10-22,59.209999084472656,59.209999084472656,59.709999084472656,58.400001525878906,58.41999816894531,1176500
2019-10-23,59.119998931884766,59.119998931884766,59.709999084472656,58.959999084472656,59.400001525878906,857600
2019-10-24,58.04999923706055,58.04999923706055,59.38999938964844,57.7400016784668,59.04999923706055,876100
2019-10-25,57.83000183105469,57.83000183105469,58.52999877929688,56.9900016784668,57.65999984741211,1458500
2019-10-28,57.84000015258789,57.84000015258789,58.7400016784668,57.75,57.93999862670898,1296000
2019-10-29,58.95000076293945,58.95000076293945,59.2400016784668,57.93000030517578,58.119998931884766,1367300
2019-10-30,58.970001220703125,58.970001220703125,59.29999923706055,58.560001373291016,58.93999862670898,987900
2019-10-31,58.59999847412109,58.59999847412109,59.02999877929688,58.150001525878906,58.93999862670898,814800
2019-11-01,59.540000915527344,59.540000915527344,60.27000045776367,58.77999877929688,58.88999938964844,1289300
2019-11-04,61.47999954223633,61.47999954223633,61.52999877929688,60.02999877929688,60.16999816894531,1534600
2019-11-05,62.43999862670898,62.43999862670898,62.9900016784668,61.59000015258789,61.97999954223633,1735800
2019-11-06,70.51000213623047,70.51000213623047,70.51000213623047,66.55999755859375,67.62000274658203,6007500
2019-11-07,69.19000244140625,69.19000244140625,70.0,68.72000122070312,70.0,2701700
2019-11-08,69.8499984741211,69.8499984741211,70.08999633789062,68.94000244140625,69.1500015258789,2488600
2019-11-11,69.43000030517578,69.43000030517578,70.0199966430664,69.19999694824219,69.2699966430664,1348700
2019-11-12,69.93000030517578,69.93000030517578,70.02999877929688,68.43000030517578,69.16000366210938,1282700
2019-11-13,69.30000305175781,69.30000305175781,70.0999984741211,69.13999938964844,69.68000030517578,1425200
2019-11-14,68.93000030517578,68.93000030517578,70.0,68.86000061035156,69.27999877929688,1538400
2019-11-15,70.83000183105469,70.83000183105469,70.95999908447266,69.04000091552734,69.12999725341797,2878000
2019-11-18,71.04000091552734,71.04000091552734,71.61000061035156,70.83000183105469,70.8499984741211,1576400
2019-11-19,72.41000366210938,72.41000366210938,72.83000183105469,71.33000183105469,71.62999725341797,2250800
2019-11-20,72.5,72.5,72.83000183105469,72.08999633789062,72.41000366210938,1498000
2019-11-21,72.08999633789062,72.08999633789062,72.80000305175781,71.69999694824219,72.4000015258789,1853800
2019-11-22,72.4800033569336,72.4800033569336,72.7300033569336,71.66999816894531,71.66999816894531,1107600
2019-11-25,73.38999938964844,73.38999938964844,73.41000366210938,72.19999694824219,72.4000015258789,1687700
2019-11-26,72.58000183105469,72.58000183105469,73.5,72.47000122070312,73.4800033569336,1653400
2019-11-27,72.69000244140625,72.69000244140625,73.43000030517578,72.41999816894531,72.58999633789062,745000
2019-11-29,71.7699966430664,71.7699966430664,72.5999984741211,71.62000274658203,72.55999755859375,605600
2019-12-02,71.93000030517578,71.93000030517578,72.19000244140625,71.43000030517578,71.77999877929688,1275900
2019-12-03,72.29000091552734,72.29000091552734,72.54000091552734,70.66000366210938,71.20999908447266,1597400
2019-12-04,72.55999755859375,72.55999755859375,73.27999877929688,72.16999816894531,72.37000274658203,1371800
2019-12-05,72.51000213623047,72.51000213623047,72.9800033569336,71.97000122070312,72.6500015258789,1321700
2019-12-06,72.69999694824219,72.69999694824219,73.44000244140625,72.4800033569336,72.76000213623047,1821700
2019-12-09,72.11000061035156,72.11000061035156,72.81999969482422,71.88999938964844,72.55999755859375,1264400
2019-12-10,72.30999755859375,72.30999755859375,72.66999816894531,71.69000244140625,71.87999725341797,1090000
2019-12-11,72.62999725341797,72.62999725341797,72.94000244140625,72.12999725341797,72.22000122070312,857600
2019-12-12,73.23999786376953,73.23999786376953,73.6500015258789,72.4000015258789,72.62999725341797,1036500
2019-12-13,72.70999908447266,72.70999908447266,73.91000366210938,72.51000213623047,73.58000183105469,1214900
2019-12-16,72.4800033569336,72.4800033569336,73.36000061035156,72.0999984741211,73.36000061035156,2052100
2019-12-17,71.58000183105469,71.58000183105469,72.98999786376953,71.55999755859375,72.4000015258789,1686000
2019-12-18,73.44999694824219,73.44999694824219,73.4800033569336,71.62999725341797,71.9000015258789,1749600
2019-12-19,73.75,73.75,74.26000213623047,73.41999816894531,73.58999633789062,2012800
2019-12-20,73.69999694824219,73.69999694824219,74.23999786376953,72.87999725341797,73.8499984741211,4078500
2019-12-23,74.2300033569336,74.2300033569336,74.66000366210938,73.37999725341797,73.69999694824219,955100
2019-12-24,75.0199966430664,75.0199966430664,75.30000305175781,74.16999816894531,74.37000274658203,595300
2019-12-26,74.7699966430664,74.7699966430664,75.1500015258789,74.66000366210938,75.02999877929688,477000
2019-12-27,74.75,74.75,74.97000122070312,74.58999633789062,74.87000274658203,690000
2019-12-30,74.08000183105469,74.08000183105469,74.8499984741211,73.95999908447266,74.73999786376953,684900
2019-12-31,75.02999877929688,75.02999877929688,75.12999725341797,73.79000091552734,73.91000366210938,1177200
2020-01-02,75.25,75.25,75.4000015258789,74.61000061035156,75.26000213623047,1310700
2020-01-03,75.08000183105469,75.08000183105469,75.33000183105469,74.12999725341797,74.16000366210938,937700
2020-01-06,75.55000305175781,75.55000305175781,75.61000061035156,74.83000183105469,74.83999633789062,1668500
2020-01-07,75.11000061035156,75.11000061035156,75.4000015258789,74.5,75.18000030517578,1177900
2020-01-08,75.52999877929688,75.52999877929688,75.58000183105469,74.6500015258789,75.08000183105469,1217900
2020-01-09,75.58000183105469,75.58000183105469,75.93000030517578,75.16000366210938,75.63999938964844,1404400
2020-01-10,75.94999694824219,75.94999694824219,75.98999786376953,75.38999938964844,75.86000061035156,852400
2020-01-13,76.91999816894531,76.91999816894531,76.9800033569336,75.9000015258789,76.0999984741211,921200
2020-01-14,77.75,77.75,77.93000030517578,76.91999816894531,77.11000061035156,823300
2020-01-15,78.05000305175781,78.05000305175781,78.43000030517578,77.58999633789062,77.58999633789062,669200
2020-01-16,78.98999786376953,78.98999786376953,79.02999877929688,78.11000061035156,78.38999938964844,588900
2020-01-17,79.47000122070312,79.47000122070312,79.5,78.95999908447266,79.12999725341797,815600
2020-01-21,79.9000015258789,79.9000015258789,80.08000183105469,79.02999877929688,79.47000122070312,1028200
2020-01-22,80.55000305175781,80.55000305175781,80.66999816894531,79.52999877929688,79.94999694824219,860200
2020-01-23,80.5,80.5,80.52999877929688,79.1500015258789,80.23999786376953,970200
2020-01-24,83.19000244140625,83.19000244140625,85.58999633789062,82.01000213623047,82.11000061035156,2203900
2020-01-27,82.02999877929688,82.02999877929688,82.69000244140625,81.58999633789062,82.0999984741211,1086700
2020-01-28,82.9000015258789,82.9000015258789,83.12999725341797,82.22000122070312,82.4000015258789,546900
2020-01-29,83.08000183105469,83.08000183105469,83.69999694824219,82.2300033569336,82.8499984741211,1009500
2020-01-30,82.66000366210938,82.66000366210938,82.72000122070312,80.97000122070312,82.47000122070312,1006800
2020-01-31,79.87000274658203,79.87000274658203,82.58999633789062,79.41000366210938,82.1500015258789,1723500
2020-02-03,79.22000122070312,79.22000122070312,80.30000305175781,79.16000366210938,80.0,708900
2020-02-04,80.66999816894531,80.66999816894531,81.16000366210938,80.12000274658203,80.23999786376953,701800
2020-02-05,82.16999816894531,82.16999816894531,82.62999725341797,80.72000122070312,80.72000122070312,836600
2020-02-06,83.06999969482422,83.06999969482422,83.37999725341797,81.5,82.52999877929688,1135800
2020-02-07,81.33999633789062,81.33999633789062,83.08000183105469,81.23999786376953,82.86000061035156,1194900
2020-02-10,82.75,82.75,82.7699966430664,80.86000061035156,81.36000061035156,1414400
2020-02-11,88.5,88.5,89.6500015258789,83.69000244140625,84.0,3517400
2020-02-12,87.0,87.0,90.1500015258789,86.7699966430664,89.6500015258789,2203600
2020-02-13,86.23999786376953,86.23999786376953,87.23999786376953,86.0,86.6500015258789,1025200
2020-02-14,85.9800033569336,85.9800033569336,86.41000366210938,84.77999877929688,86.41000366210938,863600
2020-02-18,85.4000015258789,85.4000015258789,86.41999816894531,85.08000183105469,85.69999694824219,1146800
2020-02-19,85.48999786376953,85.48999786376953,85.76000213623047,84.95999908447266,85.5,777800
2020-02-20,84.6500015258789,84.6500015258789,85.47000122070312,83.98999786376953,85.02999877929688,859200
2020-02-21,84.08999633789062,84.08999633789062,84.45999908447266,83.47000122070312,84.2300033569336,755400
2020-02-24,82.86000061035156,82.86000061035156,83.29000091552734,81.70999908447266,82.70999908447266,1393600
2020-02-25,81.05000305175781,81.05000305175781,83.68000030517578,80.18000030517578,83.16000366210938,2456600
2020-02-26,81.04000091552734,81.04000091552734,82.5199966430664,80.52999877929688,81.5999984741211,1276300
2020-02-27,79.2300033569336,79.2300033569336,81.08000183105469,77.94999694824219,79.0,2633000
2020-02-28,77.62000274658203,77.62000274658203,77.91000366210938,75.18000030517578,76.98999786376953,2977000
2020-03-02,82.2300033569336,82.2300033569336,82.26000213623047,77.76000213623047,77.76000213623047,1701400
2020-03-03,77.55999755859375,77.55999755859375,83.79000091552734,77.2300033569336,82.08000183105469,2513100
2020-03-04,82.69999694824219,82.69999694824219,82.88999938964844,79.13999938964844,80.05000305175781,2078900
2020-03-05,81.11000061035156,81.11000061035156,82.93000030517578,80.08000183105469,80.55999755859375,1299400
2020-03-06,81.83999633789062,81.83999633789062,82.87000274658203,78.26000213623047,78.7699966430664,1952000
2020-03-09,77.19999694824219,77.19999694824219,79.27999877929688,75.30000305175781,76.04000091552734,2564700
2020-03-10,77.72000122070312,77.72000122070312,79.69000244140625,74.55000305175781,79.29000091552734,2069700
2020-03-11,74.87000274658203,74.87000274658203,77.20999908447266,73.23999786376953,75.9000015258789,2692700
2020-03-12,68.25,68.25,72.80999755859375,67.80000305175781,70.05999755859375,3071500
2020-03-13,75.94999694824219,75.94999694824219,76.20999908447266,67.9800033569336,71.38999938964844,3427200
2020-03-16,71.73999786376953,71.73999786376953,76.0,67.01000213623047,68.0,2446500
2020-03-17,75.12999725341797,75.12999725341797,80.72000122070312,73.2699966430664,73.30000305175781,3082600
2020-03-18,75.25,75.25,75.79000091552734,68.62000274658203,70.62000274658203,2514900
2020-03-19,71.33999633789062,71.33999633789062,76.08999633789062,69.61000061035156,74.33000183105469,2250800
2020-03-20,64.98999786376953,64.98999786376953,71.25,64.16000366210938,71.25,3321800
2020-03-23,65.73999786376953,65.73999786376953,66.4800033569336,62.20000076293945,64.70999908447266,1743900
2020-03-24,68.6500015258789,68.6500015258789,70.94999694824219,66.66000366210938,68.22000122070312,2066200
2020-03-25,70.19999694824219,70.19999694824219,74.5,67.06999969482422,68.04000091552734,1620600
2020-03-26,73.73999786376953,73.73999786376953,74.76000213623047,70.45999908447266,70.94999694824219,1380300
2020-03-27,73.08999633789062,73.08999633789062,74.36000061035156,70.5199966430664,72.0199966430664,921000
2020-03-30,76.41000366210938,76.41000366210938,76.87999725341797,73.68000030517578,74.19000244140625,1235200
2020-03-31,76.05999755859375,76.05999755859375,77.76000213623047,75.33000183105469,76.56999969482422,1699900
2020-04-01,72.5999984741211,72.5999984741211,76.83000183105469,70.70999908447266,73.63999938964844,1430400
2020-04-02,70.30000305175781,70.30000305175781,74.16999816894531,68.76000213623047,71.79000091552734,1896800
2020-04-03,65.5199966430664,65.5199966430664,69.9800033569336,64.51000213623047,69.36000061035156,2429800
2020-04-06,71.01000213623047,71.01000213623047,71.58000183105469,67.13999938964844,67.26000213623047,1709600
2020-04-07,71.98999786376953,71.98999786376953,74.6500015258789,71.02999877929688,72.36000061035156,1700700
2020-04-08,76.95999908447266,76.95999908447266,78.6500015258789,72.33999633789062,72.81999969482422,1618800
2020-04-09,74.81999969482422,74.81999969482422,78.29000091552734,74.4000015258789,76.83000183105469,1313300
2020-04-13,73.58999633789062,73.58999633789062,75.25,71.87999725341797,74.4000015258789,1144100
2020-04-14,76.81999969482422,76.81999969482422,77.4000015258789,74.8499984741211,75.18000030517578,1379500
2020-04-15,76.26000213623047,76.26000213623047,76.3499984741211,74.18000030517578,76.13999938964844,1213300
2020-04-16,76.6500015258789,76.6500015258789,78.44000244140625,75.26000213623047,76.54000091552734,1231200
2020-04-17,78.16000366210938,78.16000366210938,78.58999633789062,75.5999984741211,78.0,1119900
2020-04-20,77.5199966430664,77.5199966430664,78.02999877929688,76.51000213623047,77.33999633789062,1361000
2020-04-21,72.52999877929688,72.52999877929688,76.93000030517578,72.01000213623047,76.7699966430664,1109900
2020-04-22,72.41000366210938,72.41000366210938,74.9800033569336,72.33999633789062,74.01000213623047,770600
2020-04-23,73.3499984741211,73.3499984741211,74.69000244140625,72.44999694824219,72.56999969482422,772200
2020-04-24,74.0,74.0,74.25,71.69999694824219,73.68000030517578,958800
2020-04-27,78.94999694824219,78.94999694824219,79.0999984741211,74.45999908447266,74.73999786376953,1163200
2020-04-28,78.61000061035156,78.61000061035156,81.2300033569336,77.91000366210938,80.0,1189300
2020-04-29,81.58999633789062,81.58999633789062,82.87999725341797,79.06999969482422,79.30999755859375,1287400
2020-04-30,79.01000213623047,79.01000213623047,81.58999633789062,78.80000305175781,80.58999633789062,1464900
2020-05-01,76.51000213623047,76.51000213623047,78.75,75.94000244140625,77.88999938964844,989200
2020-05-04,75.12000274658203,75.12000274658203,76.66999816894531,74.69999694824219,75.80000305175781,826000
2020-05-05,78.87000274658203,78.87000274658203,79.56999969482422,76.13999938964844,76.25,1334700
2020-05-06,82.3499984741211,82.3499984741211,85.31999969482422,80.80999755859375,81.68000030517578,2101800
2020-05-07,80.16000366210938,80.16000366210938,83.3499984741211,79.61000061035156,82.7300033569336,1800500
2020-05-08,80.76000213623047,80.76000213623047,81.37999725341797,79.95999908447266,81.04000091552734,1248000
2020-05-11,81.12999725341797,81.12999725341797,82.27999877929688,80.76000213623047,80.76000213623047,851700
2020-05-12,78.91000366210938,78.91000366210938,81.69000244140625,78.86000061035156,81.55999755859375,863700
2020-05-13,78.98999786376953,78.98999786376953,79.9000015258789,77.69000244140625,79.05999755859375,1140500
2020-05-14,78.13999938964844,78.13999938964844,78.3499984741211,76.31999969482422,78.3499984741211,1093000
2020-05-15,79.25,79.25,79.45999908447266,77.25,77.75,694500
2020-05-18,80.70999908447266,80.70999908447266,82.79000091552734,80.5,81.02999877929688,876900
2020-05-19,80.20999908447266,80.20999908447266,80.70999908447266,78.86000061035156,80.19000244140625,1019600
2020-05-20,79.97000122070312,79.97000122070312,82.11000061035156,79.61000061035156,80.7300033569336,727500
2020-05-21,78.7300033569336,78.7300033569336,79.98999786376953,78.2300033569336,79.83999633789062,891300
2020-05-22,76.80999755859375,76.80999755859375,79.06999969482422,76.5199966430664,78.9000015258789,917300
2020-05-26,78.0199966430664,78.0199966430664,79.77999877929688,77.75,78.16000366210938,1098400
2020-05-27,78.70999908447266,78.70999908447266,78.94999694824219,76.12999725341797,78.22000122070312,1445500
2020-05-28,79.47000122070312,79.47000122070312,80.81999969482422,79.18000030517578,79.5,1080100
2020-05-29,80.95999908447266,80.95999908447266,81.12999725341797,78.36000061035156,79.94999694824219,2024700
2020-06-01,80.33999633789062,80.33999633789062,81.55000305175781,78.87000274658203,80.86000061035156,804500
2020-06-02,80.86000061035156,80.86000061035156,80.86000061035156,79.05999755859375,80.30999755859375,816600
2020-06-03,79.72000122070312,79.72000122070312,81.5199966430664,79.31999969482422,80.76000213623047,979200
2020-06-04,82.38999938964844,82.38999938964844,82.41000366210938,78.95999908447266,78.95999908447266,1958700
2020-06-05,88.27999877929688,88.27999877929688,88.69999694824219,82.80000305175781,82.80000305175781,2849000
2020-06-08,87.0,87.0,89.38999938964844,85.02999877929688,87.9000015258789,2208400
2020-06-09,84.5,84.5,86.62999725341797,83.38999938964844,86.62999725341797,1226200
2020-06-10,82.9000015258789,82.9000015258789,84.91999816894531,80.91999816894531,84.5,1203000
2020-06-11,79.94999694824219,79.94999694824219,82.16999816894531,79.25,81.0199966430664,1364200
2020-06-12,78.25,78.25,81.83000183105469,76.94000244140625,81.75,1306200
2020-06-15,78.52999877929688,78.52999877929688,78.93000030517578,76.2699966430664,76.6500015258789,887700
2020-06-16,78.97000122070312,78.97000122070312,80.83999633789062,78.33000183105469,80.41000366210938,870600
2020-06-17,78.23999786376953,78.23999786376953,79.86000061035156,77.91999816894531,79.1500015258789,1082800
2020-06-18,78.12999725341797,78.12999725341797,78.22000122070312,77.30000305175781,77.5999984741211,962600
2020-06-19,79.55000305175781,79.55000305175781,80.44999694824219,78.63999938964844,79.37999725341797,2085500
2020-06-22,78.94999694824219,78.94999694824219,79.4800033569336,77.06999969482422,79.4800033569336,802900
2020-06-23,79.19999694824219,79.19999694824219,80.08999633789062,78.37000274658203,79.80999755859375,902000
2020-06-24,77.18000030517578,77.18000030517578,79.04000091552734,76.97000122070312,78.43000030517578,1199700
2020-06-25,77.5,77.5,77.72000122070312,76.30000305175781,76.83999633789062,727500
2020-06-26,75.55999755859375,75.55999755859375,77.93000030517578,75.30000305175781,77.23999786376953,1847100
2020-06-29,77.20999908447266,77.20999908447266,77.48999786376953,75.83999633789062,76.33000183105469,583100
2020-06-30,79.13999938964844,79.13999938964844,79.5999984741211,77.0,77.5,757400
2020-07-01,80.63999938964844,80.63999938964844,81.01000213623047,79.30000305175781,79.30000305175781,885900
2020-07-02,81.05000305175781,81.05000305175781,82.68000030517578,80.79000091552734,81.5,880500
2020-07-06,81.22000122070312,81.22000122070312,82.6500015258789,80.55000305175781,81.87000274658203,1145100
2020-07-07,81.98999786376953,81.98999786376953,82.95999908447266,80.51000213623047,80.61000061035156,1053000
2020-07-08,81.91000366210938,81.91000366210938,82.25,80.05999755859375,82.0999984741211,886300
2020-07-09,79.73999786376953,79.73999786376953,82.43000030517578,78.6500015258789,82.04000091552734,983100
2020-07-10,81.19000244140625,81.19000244140625,81.30000305175781,79.19999694824219,80.33999633789062,580700
2020-07-13,79.56999969482422,79.56999969482422,82.16999816894531,79.45999908447266,81.44999694824219,1129300
2020-07-14,81.94999694824219,81.94999694824219,82.11000061035156,79.22000122070312,79.55999755859375,801200
2020-07-15,84.54000091552734,84.54000091552734,84.72000122070312,82.4800033569336,82.97000122070312,863400
2020-07-16,84.80999755859375,84.80999755859375,85.45999908447266,84.04000091552734,84.5999984741211,576900
2020-07-17,85.11000061035156,85.11000061035156,86.36000061035156,85.0199966430664,85.37999725341797,736100
2020-07-20,85.51000213623047,85.51000213623047,85.75,84.44000244140625,84.76000213623047,696200
2020-07-21,86.0,86.0,86.51000213623047,85.16000366210938,85.16000366210938,647000
2020-07-22,87.12000274658203,87.12000274658203,87.16000366210938,85.43000030517578,85.88999938964844,577600
2020-07-23,87.68000030517578,87.68000030517578,87.91000366210938,86.80999755859375,87.2300033569336,513500
2020-07-24,87.33000183105469,87.33000183105469,88.2300033569336,86.66999816894531,87.77999877929688,446200
2020-07-27,88.48999786376953,88.48999786376953,88.72000122070312,86.30000305175781,86.88999938964844,354600
2020-07-28,87.98999786376953,87.98999786376953,88.76000213623047,87.69000244140625,87.79000091552734,475000
2020-07-29,91.3000030517578,91.3000030517578,91.69000244140624,87.91000366210938,88.05000305175781,896700
2020-07-30,91.12000274658205,91.12000274658205,91.61000061035156,88.2699966430664,90.12999725341795,1369300
2020-07-31,87.38999938964844,87.38999938964844,92.16000366210938,85.70999908447266,91.5999984741211,1830900
2020-08-03,87.20999908447266,87.20999908447266,88.75,86.44999694824219,87.62999725341797,909500
2020-08-04,83.56999969482422,83.56999969482422,86.86000061035156,83.51000213623047,86.62999725341797,1212100
2020-08-05,82.91999816894531,82.91999816894531,84.37000274658203,82.31999969482422,83.5199966430664,1135800
2020-08-06,82.29000091552734,82.29000091552734,83.6500015258789,81.54000091552734,82.55999755859375,904000
2020-08-07,82.37000274658203,82.37000274658203,83.70999908447266,81.4800033569336,82.37999725341797,773400
2020-08-10,82.5999984741211,82.5999984741211,83.31999969482422,81.97000122070312,82.16000366210938,765100
2020-08-11,81.7300033569336,81.7300033569336,83.9800033569336,81.38999938964844,83.37000274658203,1318000
2020-08-12,82.45999908447266,82.45999908447266,82.83000183105469,81.80999755859375,82.3499984741211,781700
2020-08-13,81.66999816894531,81.66999816894531,82.41000366210938,81.25,82.01000213623047,501200
2020-08-14,82.16999816894531,82.16999816894531,82.77999877929688,81.20999908447266,81.41000366210938,399300
2020-08-17,86.26000213623047,86.26000213623047,87.16999816894531,85.4800033569336,85.91999816894531,1270200
2020-08-18,86.54000091552734,86.54000091552734,86.94000244140625,85.2300033569336,86.16000366210938,1005400
2020-08-19,86.20999908447266,86.20999908447266,87.16999816894531,85.9000015258789,86.8499984741211,661300
2020-08-20,86.72000122070312,86.72000122070312,88.37000274658203,86.0999984741211,86.18000030517578,1163700
2020-08-21,86.80000305175781,86.80000305175781,87.0,86.01000213623047,86.87000274658203,815200
2020-08-24,87.56999969482422,87.56999969482422,87.97000122070312,86.87999725341797,87.0199966430664,749400
2020-08-25,87.70999908447266,87.70999908447266,88.33999633789062,87.05000305175781,87.80000305175781,578100
2020-08-26,87.5199966430664,87.5199966430664,87.5999984741211,86.41999816894531,87.1500015258789,562700
2020-08-27,86.94999694824219,86.94999694824219,87.7300033569336,86.62999725341797,87.72000122070312,1123800
2020-08-28,86.94000244140625,86.94000244140625,87.4800033569336,86.48999786376953,86.66999816894531,916400
2020-08-31,86.76000213623047,86.76000213623047,88.4000015258789,86.22000122070312,86.22000122070312,1351200
2020-09-01,87.33999633789062,87.33999633789062,88.18000030517578,86.73999786376953,87.0999984741211,1061300
2020-09-02,89.44000244140625,89.44000244140625,89.75,87.05000305175781,87.33000183105469,1221500
2020-09-03,87.48999786376953,87.48999786376953,90.5999984741211,87.0,89.30000305175781,898500
2020-09-04,87.05999755859375,87.05999755859375,87.83999633789062,86.01000213623047,87.62999725341797,1920700
2020-09-08,85.0,85.0,86.83999633789062,84.88999938964844,86.83999633789062,2312600
2020-09-09,87.97000122070312,87.97000122070312,88.41999816894531,85.33000183105469,85.5,1030800
2020-09-10,87.58999633789062,87.58999633789062,89.12000274658203,87.4800033569336,88.20999908447266,1054500
2020-09-11,88.05000305175781,88.05000305175781,88.38999938964844,87.19999694824219,88.0,1659100
2020-09-14,87.79000091552734,87.79000091552734,88.52999877929688,87.13999938964844,88.12000274658203,2959300
2020-09-15,89.83999633789062,89.83999633789062,90.80999755859376,88.3499984741211,88.3499984741211,2145400
2020-09-16,91.83999633789062,91.83999633789062,92.66999816894533,90.2699966430664,90.97000122070312,1129600
2020-09-17,90.13999938964844,90.13999938964844,91.98999786376952,88.94999694824219,91.83000183105467,1295200
2020-09-18,87.31999969482422,87.31999969482422,90.4000015258789,86.54000091552734,90.4000015258789,2445000
2020-09-21,85.12000274658203,85.12000274658203,86.45999908447266,82.5199966430664,86.30999755859375,1400000
2020-09-22,84.63999938964844,84.63999938964844,85.2300033569336,82.58000183105469,84.54000091552734,1592200
2020-09-23,82.41000366210938,82.41000366210938,84.66999816894531,81.73999786376953,84.66000366210938,1234400
2020-09-24,81.55999755859375,81.55999755859375,82.55999755859375,81.02999877929688,81.91000366210938,1192500
2020-09-25,83.9000015258789,83.9000015258789,84.20999908447266,82.05999755859375,82.62000274658203,1903200
2020-09-28,84.5,84.5,85.86000061035156,84.05999755859375,84.41000366210938,901700
2020-09-29,84.13999938964844,84.13999938964844,85.16000366210938,83.37999725341797,84.62999725341797,855200
2020-09-30,85.6500015258789,85.6500015258789,86.61000061035156,83.76000213623047,83.81999969482422,1151500
2020-10-01,82.81999969482422,82.81999969482422,86.87000274658203,80.8499984741211,86.4800033569336,2617700
2020-10-02,84.29000091552734,84.29000091552734,84.9000015258789,81.0199966430664,81.66000366210938,1125500
2020-10-05,86.62999725341797,86.62999725341797,87.2300033569336,84.66999816894531,84.66999816894531,1024800
2020-10-06,85.30999755859375,85.30999755859375,87.11000061035156,84.80999755859375,86.70999908447266,1216100
2020-10-07,87.19000244140625,87.19000244140625,87.9000015258789,85.55000305175781,85.55000305175781,905600
2020-10-08,88.5999984741211,88.5999984741211,88.83999633789062,87.4800033569336,87.6500015258789,721500
2020-10-09,87.86000061035156,87.86000061035156,89.73999786376953,86.55999755859375,89.45999908447266,932800
2020-10-12,88.91000366210938,88.91000366210938,89.5,87.88999938964844,87.88999938964844,723200
2020-10-13,88.3499984741211,88.3499984741211,89.2300033569336,87.44999694824219,88.16000366210938,420700
2020-10-14,88.87000274658203,88.87000274658203,90.47000122070312,88.44000244140625,88.54000091552734,528400
2020-10-15,88.91000366210938,88.91000366210938,89.1500015258789,87.27999877929688,87.73999786376953,509100
2020-10-16,90.77999877929688,90.77999877929688,91.6999969482422,89.19000244140625,89.19000244140625,1219800
2020-10-19,89.55999755859375,89.55999755859375,91.61000061035156,89.19000244140625,90.8000030517578,703800
2020-10-20,89.69999694824219,89.69999694824219,90.68000030517578,89.41999816894531,89.87000274658203,617100
2020-10-21,89.61000061035156,89.61000061035156,90.51000213623048,89.02999877929688,89.62000274658203,639700
2020-10-22,90.68000030517578,90.68000030517578,91.29000091552734,89.6500015258789,90.0999984741211,510600
2020-10-23,91.0500030517578,91.0500030517578,91.62000274658205,90.37000274658205,90.76000213623048,532300
2020-10-26,89.70999908447266,89.70999908447266,90.81999969482422,89.22000122070312,90.1999969482422,665100
2020-10-27,89.1500015258789,89.1500015258789,90.3000030517578,89.02999877929688,90.0999984741211,502000
2020-10-28,86.2699966430664,86.2699966430664,88.66999816894531,86.13999938964844,87.93000030517578,889400
2020-10-29,85.7699966430664,85.7699966430664,86.44999694824219,84.13999938964844,85.97000122070312,1099400
2020-10-30,86.25,86.25,88.4000015258789,85.0,85.80000305175781,1085200
2020-11-02,89.06999969482422,89.06999969482422,90.16000366210938,87.1500015258789,87.45999908447266,1056800
2020-11-03,92.9499969482422,92.9499969482422,93.83000183105467,90.04000091552734,90.04000091552734,1042800
2020-11-04,96.04000091552734,96.04000091552734,97.9000015258789,95.2699966430664,95.6500015258789,1013700
2020-11-05,98.1500015258789,98.1500015258789,99.86000061035156,97.5,98.52999877929688,909400
2020-11-06,98.62000274658205,98.62000274658205,99.4499969482422,97.5,97.98999786376952,517100
2020-11-09,102.33000183105467,102.33000183105467,104.0,100.61000061035156,101.22000122070312,1235100
2020-11-10,107.16999816894533,107.16999816894533,108.0999984741211,101.5,102.0,1019300
2020-11-11,106.31999969482422,106.31999969482422,108.05999755859376,106.16000366210938,107.25,959000
2020-11-12,107.18000030517578,107.18000030517578,109.9000015258789,105.52999877929688,105.70999908447266,1062900
2020-11-13,110.5500030517578,110.5500030517578,110.9800033569336,107.26000213623048,107.4800033569336,772000
2020-11-16,113.13999938964844,113.13999938964844,113.38999938964844,110.4000015258789,111.62999725341795,887400
2020-11-17,113.38999938964844,113.38999938964844,114.12999725341795,110.43000030517578,111.83999633789062,872700
2020-11-18,108.31999969482422,108.31999969482422,113.95999908447266,108.2699966430664,113.66999816894533,1161100
2020-11-19,107.62999725341795,107.62999725341795,108.94000244140624,106.0,108.38999938964844,1189800
2020-11-20,109.8499984741211,109.8499984741211,110.48999786376952,107.87999725341795,107.87999725341795,717700
2020-11-23,110.0199966430664,110.0199966430664,110.48999786376952,108.91999816894533,109.79000091552734,976600
2020-11-24,109.66999816894533,109.66999816894533,110.6500015258789,108.6999969482422,110.56999969482422,862200
2020-11-25,109.5999984741211,109.5999984741211,110.31999969482422,108.70999908447266,109.61000061035156,766200
2020-11-27,109.87999725341795,109.87999725341795,111.47000122070312,109.76000213623048,110.04000091552734,263500
2020-11-30,109.8499984741211,109.8499984741211,110.51000213623048,109.5,109.58000183105467,1188500
2020-12-01,108.58999633789062,108.58999633789062,111.05999755859376,108.48999786376952,110.6999969482422,583400
2020-12-02,108.36000061035156,108.36000061035156,109.6500015258789,108.06999969482422,108.80999755859376,772300
2020-12-03,105.41999816894533,105.41999816894533,108.0500030517578,104.51000213623048,108.0500030517578,1403600
2020-12-04,109.3000030517578,109.3000030517578,109.3000030517578,106.0,106.12000274658205,602000
2020-12-07,108.45999908447266,108.45999908447266,109.5500030517578,107.66999816894533,109.33999633789062,770700
2020-12-08,110.37999725341795,110.37999725341795,110.66999816894533,108.0500030517578,108.0500030517578,516800
2020-12-09,111.3000030517578,111.3000030517578,111.94000244140624,110.33999633789062,110.72000122070312,569400
2020-12-10,111.91000366210938,111.91000366210938,112.37000274658205,110.38999938964844,110.51000213623048,506500
2020-12-11,108.31999969482422,108.31999969482422,112.08000183105467,108.18000030517578,111.68000030517578,645600
2020-12-14,109.19000244140624,109.19000244140624,111.55999755859376,108.9800033569336,109.41000366210938,872800
2020-12-15,112.38999938964844,112.38999938964844,113.04000091552734,109.66999816894533,109.80999755859376,592600
2020-12-16,113.04000091552734,113.04000091552734,114.1500015258789,111.91000366210938,112.94000244140624,639400
2020-12-17,115.7300033569336,115.7300033569336,115.73999786376952,113.1999969482422,113.1999969482422,625500
2020-12-18,115.36000061035156,115.36000061035156,115.7300033569336,114.52999877929688,115.54000091552734,2538100
2020-12-21,115.75,115.75,115.7699966430664,112.69000244140624,113.5,758900
2020-12-22,115.18000030517578,115.18000030517578,116.4000015258789,114.9499969482422,116.0,597300
2020-12-23,115.0,115.0,115.94000244140624,114.8499984741211,115.86000061035156,522000
2020-12-24,115.12999725341795,115.12999725341795,115.68000030517578,114.62000274658205,114.98999786376952,161900
2020-12-28,115.4499969482422,115.4499969482422,116.18000030517578,115.02999877929688,116.0,397300
2020-12-29,116.0,116.0,116.51000213623048,115.45999908447266,116.02999877929688,549300
2020-12-30,115.5,115.5,117.6500015258789,115.4000015258789,116.3000030517578,386500
2020-12-31,117.4000015258789,117.4000015258789,117.58999633789062,115.0,115.06999969482422,324100
2021-01-04,116.5,116.5,118.68000030517578,114.3499984741211,117.55999755859376,784900
2021-01-05,116.5500030517578,116.5500030517578,117.38999938964844,114.0,114.62999725341795,660500
2021-01-06,120.5500030517578,120.5500030517578,121.1500015258789,116.0,116.08999633789062,956600
2021-01-07,122.20999908447266,122.20999908447266,122.87000274658205,120.4800033569336,121.29000091552734,857600
2021-01-08,123.88999938964844,123.88999938964844,124.66999816894533,122.08000183105467,122.37000274658205,551200
2021-01-11,123.12000274658205,123.12000274658205,124.54000091552734,121.88999938964844,123.27999877929688,507900
2021-01-12,123.8000030517578,123.8000030517578,125.27999877929688,123.02999877929688,123.5,669700
2021-01-13,120.76000213623048,120.76000213623048,124.4800033569336,120.7300033569336,123.81999969482422,775000
2021-01-14,119.63999938964844,119.63999938964844,121.41000366210938,119.48999786376952,121.41000366210938,546500
2021-01-15,118.75,118.75,119.83999633789062,117.6500015258789,119.19000244140624,693300
2021-01-19,118.0999984741211,118.0999984741211,119.91000366210938,118.02999877929688,119.69000244140624,514400
2021-01-20,120.31999969482422,120.31999969482422,120.6999969482422,117.58999633789062,118.0999984741211,571400
2021-01-21,119.31999969482422,119.31999969482422,120.47000122070312,119.0500030517578,120.25,366600
2021-01-22,119.58999633789062,119.58999633789062,120.0999984741211,118.8499984741211,118.9000015258789,345300
2021-01-25,118.55999755859376,118.55999755859376,119.9499969482422,117.91999816894533,119.0999984741211,429700
2021-01-26,119.26000213623048,119.26000213623048,119.9499969482422,117.86000061035156,118.6999969482422,416000
2021-01-27,117.8499984741211,117.8499984741211,118.95999908447266,116.9000015258789,117.76000213623048,616400
2021-01-28,117.88999938964844,117.88999938964844,122.38999938964844,117.8499984741211,119.19000244140624,607500
2021-01-29,117.37000274658205,117.37000274658205,118.5500030517578,116.01000213623048,117.5,915500
2021-02-01,118.80999755859376,118.80999755859376,120.0,116.91999816894533,118.0199966430664,798600
2021-02-02,111.63999938964844,111.63999938964844,116.16999816894533,111.63999938964844,114.0,1478000
2021-02-03,110.48999786376952,110.48999786376952,111.69000244140624,108.04000091552734,111.27999877929688,1544700
2021-02-04,109.54000091552734,109.54000091552734,110.8000030517578,108.58999633789062,110.52999877929688,753400
2021-02-05,109.18000030517578,109.18000030517578,110.58000183105467,108.37999725341795,110.30999755859376,793200
2021-02-08,110.1999969482422,110.1999969482422,110.58999633789062,109.0199966430664,109.47000122070312,1296100
2021-02-09,111.0,111.0,112.3000030517578,110.29000091552734,110.62000274658205,947700
2021-02-10,113.38999938964844,113.38999938964844,113.4499969482422,110.7699966430664,111.9000015258789,769800
2021-02-11,113.33000183105467,113.33000183105467,114.30999755859376,112.33000183105467,113.93000030517578,878300
2021-02-12,104.98999786376952,104.98999786376952,114.58000183105467,104.77999877929688,112.5,1573300
2021-02-16,104.18000030517578,104.18000030517578,110.69000244140624,103.27999877929688,105.43000030517578,2291200
2021-02-17,103.11000061035156,103.11000061035156,104.72000122070312,101.83000183105467,103.08999633789062,1118900
2021-02-18,100.12000274658205,100.12000274658205,102.93000030517578,99.6500015258789,102.62000274658205,1202700
2021-02-19,102.06999969482422,102.06999969482422,102.33999633789062,99.5,99.81999969482422,1061200
2021-02-22,99.9800033569336,99.9800033569336,101.69000244140624,99.38999938964844,100.98999786376952,731100
2021-02-23,101.27999877929688,101.27999877929688,101.58000183105467,98.5500030517578,99.69000244140624,734200
2021-02-24,102.88999938964844,102.88999938964844,103.52999877929688,101.18000030517578,101.18000030517578,835800
2021-02-25,102.13999938964844,102.13999938964844,103.87000274658205,101.2300033569336,103.16999816894533,538400
2021-02-26,102.12999725341795,102.12999725341795,103.76000213623048,101.75,101.91000366210938,849400
2021-03-01,102.8499984741211,102.8499984741211,104.4800033569336,102.73999786376952,103.22000122070312,702900
2021-03-02,103.5199966430664,103.5199966430664,104.01000213623048,102.5,103.48999786376952,719300
2021-03-03,102.77999877929688,102.77999877929688,103.36000061035156,101.5500030517578,102.98999786376952,534000
2021-03-04,103.81999969482422,103.81999969482422,104.63999938964844,101.8499984741211,102.29000091552734,1062400
2021-03-05,105.54000091552734,105.54000091552734,106.04000091552734,103.77999877929688,104.72000122070312,751500
2021-03-08,107.61000061035156,107.61000061035156,108.1999969482422,105.4000015258789,105.5,590800
2021-03-09,107.62999725341795,107.62999725341795,110.30999755859376,107.4000015258789,108.12999725341795,654000
2021-03-10,107.11000061035156,107.11000061035156,109.08999633789062,107.11000061035156,108.87000274658205,666800
2021-03-11,107.68000030517578,107.68000030517578,108.3499984741211,107.08999633789062,107.1500015258789,466400
2021-03-12,108.44000244140624,108.44000244140624,108.83999633789062,107.77999877929688,108.6500015258789,679400
2021-03-15,108.93000030517578,108.93000030517578,109.23999786376952,107.68000030517578,107.87999725341795,412300
2021-03-16,107.63999938964844,107.63999938964844,109.3000030517578,107.58000183105467,109.0,561100
2021-03-17,107.7300033569336,107.7300033569336,108.52999877929688,106.66000366210938,107.41999816894533,482200
2021-03-18,109.19000244140624,109.19000244140624,109.9499969482422,107.55999755859376,107.94000244140624,520600
2021-03-19,109.83000183105467,109.83000183105467,110.69000244140624,108.6999969482422,108.75,1230500
2021-03-22,110.04000091552734,110.04000091552734,110.33999633789062,108.0199966430664,109.51000213623048,532600
2021-03-23,107.0199966430664,107.0199966430664,110.31999969482422,106.88999938964844,110.0500030517578,627300
2021-03-24,109.02999877929688,109.02999877929688,109.83000183105467,106.9499969482422,107.1999969482422,488000
2021-03-25,110.86000061035156,110.86000061035156,111.41000366210938,107.5500030517578,108.9499969482422,627700
2021-03-26,108.7699966430664,108.7699966430664,109.51000213623048,107.5999984741211,108.33000183105467,856500
2021-03-29,110.0500030517578,110.0500030517578,110.63999938964844,108.69000244140624,108.8000030517578,817100
2021-03-30,109.4800033569336,109.4800033569336,110.36000061035156,108.48999786376952,110.12000274658205,475800
2021-03-31,107.7699966430664,107.7699966430664,109.97000122070312,107.5999984741211,109.29000091552734,663200
2021-04-01,105.44000244140624,105.44000244140624,107.66000366210938,105.08000183105467,107.51000213623048,1069100
2021-04-05,106.8000030517578,106.8000030517578,107.37999725341795,105.47000122070312,106.0,1024700
2021-04-06,106.9499969482422,106.9499969482422,107.97000122070312,106.52999877929688,107.16000366210938,638600
2021-04-07,106.69000244140624,106.69000244140624,108.08999633789062,106.45999908447266,107.0500030517578,547900
2021-04-08,106.86000061035156,106.86000061035156,108.1999969482422,106.29000091552734,106.5,862100
2021-04-09,109.0,109.0,109.08000183105467,106.9000015258789,107.23999786376952,472800
2021-04-12,109.87999725341795,109.87999725341795,110.91999816894533,108.77999877929688,109.0,571000
2021-04-13,107.45999908447266,107.45999908447266,109.16000366210938,106.69000244140624,108.88999938964844,1028100
2021-04-14,108.2300033569336,108.2300033569336,109.16000366210938,107.37000274658205,108.33999633789062,654300
2021-04-15,109.8499984741211,109.8499984741211,110.54000091552734,108.58000183105467,108.94000244140624,764300
2021-04-16,113.11000061035156,113.11000061035156,113.5,110.0999984741211,110.44000244140624,1760700
2021-04-19,110.77999877929688,110.77999877929688,113.69000244140624,110.19000244140624,113.4800033569336,826000
2021-04-20,112.1999969482422,112.1999969482422,112.5500030517578,110.16999816894533,110.36000061035156,670000
2021-04-21,113.54000091552734,113.54000091552734,114.37000274658205,112.66999816894533,112.9000015258789,523000
2021-04-22,112.4499969482422,112.4499969482422,113.9499969482422,112.08000183105467,113.5500030517578,614600
2021-04-23,113.5999984741211,113.5999984741211,113.93000030517578,110.9499969482422,112.37999725341795,604900
2021-04-26,113.3499984741211,113.3499984741211,114.7699966430664,113.13999938964844,113.79000091552734,506900
2021-04-27,112.36000061035156,112.36000061035156,113.73999786376952,112.12000274658205,112.51000213623048,487200
2021-04-28,113.30999755859376,113.30999755859376,114.37000274658205,112.5500030517578,112.9000015258789,689800
2021-04-29,114.47000122070312,114.47000122070312,114.77999877929688,113.33000183105467,113.81999969482422,781100
2021-04-30,116.52999877929688,116.52999877929688,117.52999877929688,112.98999786376952,113.70999908447266,1330200
2021-05-03,120.91999816894533,120.91999816894533,120.98999786376952,117.13999938964844,117.29000091552734,839000
2021-05-04,123.36000061035156,123.36000061035156,123.51000213623048,120.68000030517578,120.9000015258789,715000
2021-05-05,122.5199966430664,122.5199966430664,123.97000122070312,120.9000015258789,123.4499969482422,683600
2021-05-06,124.3000030517578,124.3000030517578,124.5500030517578,121.12000274658205,122.61000061035156,645800
2021-05-07,126.8000030517578,126.8000030517578,126.83000183105467,124.08000183105467,124.3000030517578,482100
2021-05-10,127.9800033569336,127.9800033569336,129.58999633789062,127.05999755859376,127.51000213623048,587100
2021-05-11,124.61000061035156,124.61000061035156,127.30999755859376,124.31999969482422,127.30999755859376,488400
2021-05-12,122.77999877929688,122.77999877929688,125.6500015258789,122.68000030517578,124.6500015258789,547900
2021-05-13,125.94000244140624,125.94000244140624,126.41999816894533,122.51000213623048,122.61000061035156,452200
2021-05-14,125.41000366210938,125.41000366210938,126.45999908447266,125.1500015258789,126.18000030517578,302500
2021-05-17,124.33999633789062,124.33999633789062,124.72000122070312,122.79000091552734,123.91000366210938,631400
2021-05-18,122.13999938964844,122.13999938964844,124.63999938964844,121.5,124.38999938964844,608900
2021-05-19,122.22000122070312,122.22000122070312,122.29000091552734,119.77999877929688,121.66999816894533,675200
2021-05-20,123.05999755859376,123.05999755859376,123.93000030517578,122.08999633789062,122.29000091552734,382200
2021-05-21,122.54000091552734,122.54000091552734,124.55999755859376,122.25,123.37999725341795,475000
2021-05-24,121.83999633789062,121.83999633789062,123.37000274658205,121.80999755859376,123.12000274658205,372200
2021-05-25,120.87000274658205,120.87000274658205,122.30999755859376,120.8499984741211,121.7300033569336,475900
2021-05-26,120.5999984741211,120.5999984741211,121.62999725341795,120.04000091552734,120.68000030517578,731200
2021-05-27,120.66999816894533,120.66999816894533,121.58000183105467,120.12000274658205,121.5199966430664,969100
2021-05-28,120.06999969482422,120.06999969482422,121.16999816894533,119.55999755859376,121.16999816894533,480300
2021-06-01,119.86000061035156,119.86000061035156,120.75,119.04000091552734,120.3499984741211,482000
2021-06-02,119.61000061035156,119.61000061035156,120.4800033569336,119.31999969482422,120.3499984741211,473700
2021-06-03,121.12999725341795,121.12999725341795,121.77999877929688,117.95999908447266,119.19000244140624,426500
2021-06-04,120.27999877929688,120.27999877929688,121.61000061035156,120.0,121.56999969482422,357800
2021-06-07,118.68000030517578,118.68000030517578,120.9000015258789,118.52999877929688,120.7699966430664,528200
2021-06-08,119.47000122070312,119.47000122070312,119.66999816894533,117.54000091552734,118.52999877929688,574000
2021-06-09,120.44000244140624,120.44000244140624,120.8499984741211,119.43000030517578,119.93000030517578,328600
2021-06-10,121.8000030517578,121.8000030517578,121.98999786376952,120.13999938964844,120.47000122070312,465200
2021-06-11,122.2699966430664,122.2699966430664,122.81999969482422,121.30999755859376,122.25,494600
2021-06-14,121.55999755859376,121.55999755859376,122.4800033569336,120.5,122.05999755859376,452500
2021-06-15,123.63999938964844,123.63999938964844,124.61000061035156,121.16000366210938,121.4800033569336,575200
2021-06-16,122.77999877929688,122.77999877929688,124.01000213623048,122.31999969482422,123.45999908447266,567800
2021-06-17,123.61000061035156,123.61000061035156,123.94000244140624,121.73999786376952,122.9800033569336,626600
2021-06-18,121.62999725341795,121.62999725341795,123.5,121.54000091552734,122.2300033569336,1131500
2021-06-21,124.36000061035156,124.36000061035156,124.87999725341795,121.23999786376952,121.52999877929688,657400
2021-06-22,123.1999969482422,123.1999969482422,124.8499984741211,123.18000030517578,124.16000366210938,746500
2021-06-23,120.38999938964844,120.38999938964844,122.91999816894533,120.22000122070312,122.81999969482422,595900
2021-06-24,121.33000183105467,121.33000183105467,122.0500030517578,120.5199966430664,121.37000274658205,376300
2021-06-25,121.66999816894533,121.66999816894533,122.86000061035156,121.0999984741211,121.25,1442900
2021-06-28,121.81999969482422,121.81999969482422,122.33999633789062,120.5500030517578,121.66999816894533,645600
2021-06-29,120.55999755859376,120.55999755859376,122.7699966430664,119.9000015258789,122.26000213623048,537900
2021-06-30,120.43000030517578,120.43000030517578,120.9800033569336,119.83000183105467,120.5,628100
2021-07-01,122.33000183105467,122.33000183105467,123.6999969482422,120.54000091552734,120.70999908447266,619300
2021-07-02,122.44000244140624,122.44000244140624,122.62999725341795,120.68000030517578,122.0999984741211,563000
2021-07-06,120.86000061035156,120.86000061035156,122.36000061035156,119.19000244140624,122.08000183105467,867400
2021-07-07,122.5500030517578,122.5500030517578,122.93000030517578,120.55999755859376,120.55999755859376,719100
2021-07-08,120.72000122070312,120.72000122070312,122.02999877929688,120.27999877929688,121.1999969482422,536300
2021-07-09,122.08999633789062,122.08999633789062,123.08000183105467,121.2699966430664,122.01000213623048,454900
2021-07-12,123.6999969482422,123.6999969482422,124.08999633789062,121.6500015258789,121.6500015258789,403100
2021-07-13,121.45999908447266,121.45999908447266,124.06999969482422,121.12999725341795,123.33999633789062,529500
2021-07-14,121.0500030517578,121.0500030517578,122.0199966430664,120.16000366210938,121.72000122070312,516000
2021-07-15,119.80999755859376,119.80999755859376,121.91000366210938,116.0500030517578,120.45999908447266,1447400
2021-07-16,119.37000274658205,119.37000274658205,120.87999725341795,119.3000030517578,120.0999984741211,480800
2021-07-19,117.81999969482422,117.81999969482422,120.2300033569336,117.02999877929688,118.83000183105467,676500
2021-07-20,119.41000366210938,119.41000366210938,121.11000061035156,118.58999633789062,118.58999633789062,603900
2021-07-21,120.0999984741211,120.0999984741211,121.22000122070312,119.66999816894533,120.0,645500
2021-07-22,120.11000061035156,120.11000061035156,120.75,119.4499969482422,120.12000274658205,428200
2021-07-23,120.61000061035156,120.61000061035156,121.19000244140624,120.33999633789062,121.06999969482422,465200
2021-07-26,119.73999786376952,119.73999786376952,121.20999908447266,118.7699966430664,120.58999633789062,509400
2021-07-27,120.3499984741211,120.3499984741211,120.9000015258789,119.56999969482422,119.95999908447266,455800
2021-07-28,118.83999633789062,118.83999633789062,120.41000366210938,118.08000183105467,120.22000122070312,627000
2021-07-29,119.01000213623048,119.01000213623048,119.95999908447266,118.45999908447266,119.44000244140624,533000
2021-07-30,120.25,120.25,120.62999725341795,118.69000244140624,118.69000244140624,689700
2021-08-02,121.37000274658205,121.37000274658205,122.04000091552734,120.33000183105467,120.4499969482422,656400
2021-08-03,123.1500015258789,123.1500015258789,123.31999969482422,119.5500030517578,121.94000244140624,619500
2021-08-04,133.77999877929688,133.77999877929688,136.47999572753906,127.0,127.0999984741211,2133600
2021-08-05,130.1300048828125,130.1300048828125,134.07000732421875,128.8800048828125,134.07000732421875,1016000
2021-08-06,133.1699981689453,133.1699981689453,133.92999267578125,130.50999450683594,130.50999450683594,523000
2021-08-09,132.55999755859375,132.55999755859375,133.55999755859375,131.58999633789062,133.22999572753906,555900
2021-08-10,132.75,132.75,134.47000122070312,131.6999969482422,132.30999755859375,597900
2021-08-11,132.75,132.75,133.6300048828125,131.82000732421875,132.91000366210938,477000
2021-08-12,131.27000427246094,131.27000427246094,132.1699981689453,130.58999633789062,131.99000549316406,426200
2021-08-13,130.27999877929688,130.27999877929688,132.08999633789062,130.1300048828125,131.77999877929688,328000
2021-08-16,131.61000061035156,131.61000061035156,131.6699981689453,129.4199981689453,130.3000030517578,355900
2021-08-17,132.61000061035156,132.61000061035156,133.0,130.25,130.88999938964844,476800
2021-08-18,130.9199981689453,130.9199981689453,132.83999633789062,130.8000030517578,132.35000610351562,452000
2021-08-19,132.14999389648438,132.14999389648438,132.52999877929688,130.0,130.0,391700
2021-08-20,132.64999389648438,132.64999389648438,133.58999633789062,132.08999633789062,132.22999572753906,435600
2021-08-23,132.42999267578125,132.42999267578125,133.2899932861328,131.61000061035156,133.08999633789062,476800
2021-08-24,131.77000427246094,131.77000427246094,132.99000549316406,131.33999633789062,132.63999938964844,330900
2021-08-25,130.77000427246094,130.77000427246094,131.9199981689453,130.1300048828125,131.3800048828125,394600
2021-08-26,129.9600067138672,129.9600067138672,130.7899932861328,129.27000427246094,130.7899932861328,435700
2021-08-27,130.80999755859375,130.80999755859375,131.66000366210938,129.6300048828125,129.9499969482422,571100
2021-08-30,131.13999938964844,131.13999938964844,132.1300048828125,130.00999450683594,130.7100067138672,322200
2021-08-31,130.77000427246094,130.77000427246094,132.08999633789062,130.27000427246094,130.61000061035156,634300
2021-09-01,130.77000427246094,130.77000427246094,131.1199951171875,128.0800018310547,130.97000122070312,393800
2021-09-02,133.52000427246094,133.52000427246094,133.57000732421875,130.88999938964844,131.38999938964844,488000
2021-09-03,132.1699981689453,132.1699981689453,133.8800048828125,132.00999450683594,133.52000427246094,438000
2021-09-07,130.99000549316406,130.99000549316406,132.25,130.44000244140625,131.1699981689453,473500
2021-09-08,129.07000732421875,129.07000732421875,131.1199951171875,128.86000061035156,130.41000366210938,661800
2021-09-09,129.08999633789062,129.08999633789062,130.47000122070312,129.0,129.2100067138672,467000
2021-09-10,123.0500030517578,123.0500030517578,128.77000427246094,123.04000091552734,128.74000549316406,634600
2021-09-13,124.5999984741211,124.5999984741211,124.72000122070312,122.6500015258789,123.66000366210938,565000
2021-09-14,122.33000183105467,122.33000183105467,125.18000030517578,122.08000183105467,125.18000030517578,619500
2021-09-15,121.93000030517578,121.93000030517578,122.91000366210938,121.0,122.22000122070312,823700
2021-09-16,121.26000213623048,121.26000213623048,123.08999633789062,120.8000030517578,122.56999969482422,790700
2021-09-17,121.5500030517578,121.5500030517578,122.3499984741211,121.0,121.04000091552734,1703000
2021-09-20,119.9499969482422,119.9499969482422,120.63999938964844,118.0199966430664,120.41999816894533,851800
2021-09-21,119.8499984741211,119.8499984741211,121.6999969482422,119.43000030517578,120.88999938964844,803900
2021-09-22,121.11000061035156,121.11000061035156,122.47000122070312,120.0,120.4499969482422,649100
2021-09-23,122.0999984741211,122.0999984741211,122.91000366210938,121.13999938964844,121.13999938964844,758800
2021-09-24,121.0,121.0,123.08000183105467,120.7699966430664,121.91999816894533,585000
2021-09-27,120.68000030517578,120.68000030517578,122.27999877929688,120.4800033569336,120.4800033569336,489600
2021-09-28,121.43000030517578,121.43000030517578,122.3000030517578,119.9800033569336,119.9800033569336,725200
2021-09-29,121.19000244140624,121.19000244140624,122.62999725341795,119.63999938964844,121.37000274658205,696300
2021-09-30,116.26000213623048,116.26000213623048,121.9800033569336,116.19000244140624,121.88999938964844,1113300
2021-10-01,116.9499969482422,116.9499969482422,117.6999969482422,114.83000183105467,116.83000183105467,618600
2021-10-04,115.6999969482422,115.6999969482422,118.43000030517578,115.0500030517578,117.12000274658205,692200
2021-10-05,114.98999786376952,114.98999786376952,117.0,114.9000015258789,115.69000244140624,813500
2021-10-06,114.12999725341795,114.12999725341795,114.76000213623048,112.06999969482422,114.33000183105467,754400
2021-10-07,114.47000122070312,114.47000122070312,115.75,114.31999969482422,114.58000183105467,603800
2021-10-08,113.22000122070312,113.22000122070312,115.2300033569336,113.08000183105467,114.56999969482422,622100
2021-10-11,111.54000091552734,111.54000091552734,114.5199966430664,111.4499969482422,113.13999938964844,529900
2021-10-12,110.73999786376952,110.73999786376952,112.54000091552734,110.30999755859376,111.5199966430664,786900
2021-10-13,109.95999908447266,109.95999908447266,110.91000366210938,109.44000244140624,110.5,730500
2021-10-14,111.47000122070312,111.47000122070312,112.41999816894533,108.6500015258789,110.6500015258789,802700
2021-10-15,112.20999908447266,112.20999908447266,112.76000213623048,111.41000366210938,111.8000030517578,682500
2021-10-18,111.83999633789062,111.83999633789062,112.66999816894533,110.0199966430664,111.94000244140624,560600
2021-10-19,112.9000015258789,112.9000015258789,113.8499984741211,111.86000061035156,112.55999755859376,643300
2021-10-20,114.11000061035156,114.11000061035156,115.63999938964844,113.63999938964844,113.70999908447266,711100
2021-10-21,115.41000366210938,115.41000366210938,115.5,113.26000213623048,114.33000183105467,506800
2021-10-22,115.61000061035156,115.61000061035156,115.8499984741211,114.4499969482422,115.2699966430664,371800
2021-10-25,113.86000061035156,113.86000061035156,115.91999816894533,113.51000213623048,115.5,498100
2021-10-26,112.11000061035156,112.11000061035156,113.73999786376952,110.38999938964844,113.73999786376952,653800
2021-10-27,110.91999816894533,110.91999816894533,112.12000274658205,110.51000213623048,112.12000274658205,562200
2021-10-28,114.0999984741211,114.0999984741211,114.75,110.9800033569336,111.33000183105467,1124200
2021-10-29,103.23999786376952,103.23999786376952,106.62999725341795,102.08000183105467,106.62999725341795,2082300
2021-11-01,105.31999969482422,105.31999969482422,106.36000061035156,103.0,103.01000213623048,853400
2021-11-02,104.05999755859376,104.05999755859376,106.29000091552734,103.58999633789062,105.8499984741211,915300
2021-11-03,105.1500015258789,105.1500015258789,105.18000030517578,100.91999816894533,103.44000244140624,1118200
2021-11-04,104.26000213623048,104.26000213623048,106.0999984741211,103.75,105.19000244140624,828200
2021-11-05,109.36000061035156,109.36000061035156,112.75,104.41000366210938,104.79000091552734,1270500
2021-11-08,109.37999725341795,109.37999725341795,109.58999633789062,107.66000366210938,108.77999877929688,563900
2021-11-09,106.80999755859376,106.80999755859376,109.51000213623048,106.75,108.77999877929688,833200
2021-11-10,106.4000015258789,106.4000015258789,108.2699966430664,105.55999755859376,107.0500030517578,788100
2021-11-11,106.12999725341795,106.12999725341795,106.4800033569336,104.76000213623048,105.9800033569336,704400
2021-11-12,105.80999755859376,105.80999755859376,108.45999908447266,105.43000030517578,106.81999969482422,560400
2021-11-15,106.47000122070312,106.47000122070312,106.9800033569336,105.52999877929688,106.2300033569336,804500
2021-11-16,101.55999755859376,101.55999755859376,106.62999725341795,101.43000030517578,106.48999786376952,1078500
2021-11-17,100.58999633789062,100.58999633789062,101.97000122070312,99.0199966430664,100.95999908447266,1074800
2021-11-18,101.66000366210938,101.66000366210938,102.30999755859376,99.83999633789062,100.56999969482422,840400
2021-11-19,99.5500030517578,99.5500030517578,101.9000015258789,99.48999786376952,101.56999969482422,1150300
2021-11-22,102.66999816894533,102.66999816894533,103.37999725341795,99.43000030517578,99.66000366210938,1273500
2021-11-23,103.68000030517578,103.68000030517578,104.63999938964844,102.19000244140624,102.86000061035156,964100
2021-11-24,102.0,102.0,103.3499984741211,101.47000122070312,103.0199966430664,883700
2021-11-26,97.29000091552734,97.29000091552734,101.72000122070312,96.9800033569336,101.0,828400
2021-11-29,96.91000366210938,96.91000366210938,99.58999633789062,96.75,98.06999969482422,1041500
2021-11-30,94.5,94.5,97.41000366210938,94.37999725341795,96.06999969482422,1534900
2021-12-01,94.75,94.75,98.1999969482422,94.6999969482422,96.16999816894533,1038600
2021-12-02,98.36000061035156,98.36000061035156,99.12000274658205,95.13999938964844,95.37999725341795,1053100
2021-12-03,98.83999633789062,98.83999633789062,99.70999908447266,97.79000091552734,98.63999938964844,1178300
2021-12-06,102.0999984741211,102.0999984741211,103.54000091552734,99.66999816894533,100.20999908447266,1036100
2021-12-07,103.12000274658205,103.12000274658205,104.51000213623048,101.8499984741211,102.37999725341795,1256500
2021-12-08,105.04000091552734,105.04000091552734,105.58000183105467,102.31999969482422,102.76000213623048,1025800
2021-12-09,105.06999969482422,105.06999969482422,106.0199966430664,103.62000274658205,104.41999816894533,725600
2021-12-10,105.80999755859376,105.80999755859376,106.76000213623048,104.95999908447266,105.4499969482422,748500
2021-12-13,105.63999938964844,105.63999938964844,106.54000091552734,105.37999725341795,105.79000091552734,863000
2021-12-14,105.06999969482422,105.06999969482422,107.73999786376952,104.66999816894533,105.08999633789062,804200
2021-12-15,105.16000366210938,105.16000366210938,105.81999969482422,103.81999969482422,105.7699966430664,840000
2021-12-16,105.38999938964844,105.38999938964844,106.52999877929688,105.19000244140624,105.5,894300
2021-12-17,104.87000274658205,104.87000274658205,106.1500015258789,103.76000213623048,105.76000213623048,1972800
2021-12-20,106.93000030517578,106.93000030517578,106.98999786376952,104.05999755859376,104.63999938964844,1202200
2021-12-21,108.86000061035156,108.86000061035156,110.22000122070312,107.7300033569336,107.93000030517578,779800
2021-12-22,109.68000030517578,109.68000030517578,110.41000366210938,108.81999969482422,108.86000061035156,490900
2021-12-23,111.41999816894533,111.41999816894533,112.0999984741211,109.58000183105467,109.63999938964844,682000
2021-12-27,111.16999816894533,111.16999816894533,111.98999786376952,110.1500015258789,111.41999816894533,531100
2021-12-28,112.55999755859376,112.55999755859376,112.8000030517578,111.08000183105467,111.08000183105467,463100
2021-12-29,113.43000030517578,113.43000030517578,114.2699966430664,112.37999725341795,112.37999725341795,570700
2021-12-30,113.27999877929688,113.27999877929688,114.86000061035156,113.1999969482422,113.33999633789062,465000
2021-12-31,113.76000213623048,113.76000213623048,114.70999908447266,113.5,113.5,610900
2022-01-03,115.43000030517578,115.43000030517578,115.58999633789062,113.0999984741211,114.06999969482422,630600
2022-01-04,115.38999938964844,115.38999938964844,116.5199966430664,114.9800033569336,115.66999816894533,562800
2022-01-05,114.0,114.0,117.9000015258789,113.9000015258789,115.75,750000
2022-01-06,111.27999877929688,111.27999877929688,114.20999908447266,111.05999755859376,114.11000061035156,663300
2022-01-07,111.58999633789062,111.58999633789062,112.62999725341795,110.41000366210938,110.7699966430664,689500
2022-01-10,113.7300033569336,113.7300033569336,114.01000213623048,111.41000366210938,112.0,644300
2022-01-11,114.44000244140624,114.44000244140624,114.5199966430664,112.16000366210938,114.02999877929688,594800
2022-01-12,113.68000030517578,113.68000030517578,114.79000091552734,113.3499984741211,113.94000244140624,374500
2022-01-13,115.29000091552734,115.29000091552734,115.97000122070312,111.4800033569336,113.22000122070312,438800
2022-01-14,116.31999969482422,116.31999969482422,116.37999725341795,114.83999633789062,115.08999633789062,386700
2022-01-18,111.8499984741211,111.8499984741211,116.95999908447266,111.5199966430664,116.41000366210938,623000
2022-01-19,109.62000274658205,109.62000274658205,113.12000274658205,109.54000091552734,111.83000183105467,561100
2022-01-20,109.38999938964844,109.38999938964844,112.04000091552734,109.16999816894533,109.69000244140624,405000
2022-01-21,109.38999938964844,109.38999938964844,110.88999938964844,108.88999938964844,109.44000244140624,521700
2022-01-24,110.7300033569336,110.7300033569336,111.04000091552734,107.23999786376952,108.56999969482422,663000
2022-01-25,109.45999908447266,109.45999908447266,111.0999984741211,106.01000213623048,111.08999633789062,708600
2022-01-26,109.48999786376952,109.48999786376952,111.62999725341795,108.41999816894533,109.77999877929688,585800
2022-01-27,108.75,108.75,110.16000366210938,107.73999786376952,109.62000274658205,569000
2022-01-28,110.20999908447266,110.20999908447266,110.29000091552734,107.97000122070312,108.13999938964844,702800
2022-01-31,108.37000274658205,108.37000274658205,109.5500030517578,105.4800033569336,109.52999877929688,1698400
2022-02-01,109.0999984741211,109.0999984741211,110.0,108.37999725341795,109.05999755859376,644200
2022-02-02,111.3000030517578,111.3000030517578,112.0,108.51000213623048,108.77999877929688,550400
2022-02-03,109.93000030517578,109.93000030517578,112.20999908447266,109.62000274658205,111.48999786376952,543600
2022-02-04,109.33999633789062,109.33999633789062,110.2699966430664,107.8000030517578,108.8000030517578,576900
2022-02-07,109.01000213623048,109.01000213623048,110.12999725341795,108.33999633789062,109.5500030517578,524100
2022-02-08,111.26000213623048,111.26000213623048,111.41999816894533,108.5999984741211,109.16000366210938,853200
2022-02-09,112.93000030517578,112.93000030517578,112.95999908447266,111.36000061035156,111.5500030517578,808100
2022-02-10,111.45999908447266,111.45999908447266,112.88999938964844,111.08999633789062,112.2300033569336,634900
2022-02-11,111.62000274658205,111.62000274658205,114.08000183105467,110.8000030517578,111.23999786376952,1372400
2022-02-14,113.6500015258789,113.6500015258789,114.5,111.9499969482422,112.12000274658205,857100
2022-02-15,116.9000015258789,116.9000015258789,117.11000061035156,114.70999908447266,114.91000366210938,859800
2022-02-16,120.0,120.0,120.31999969482422,116.12999725341795,116.6999969482422,743600
2022-02-17,117.31999969482422,117.31999969482422,119.22000122070312,117.06999969482422,119.12000274658205,710300
2022-02-18,115.48999786376952,115.48999786376952,118.4800033569336,115.3499984741211,117.30999755859376,482600
2022-02-22,114.08000183105467,114.08000183105467,116.0,113.16999816894533,115.0,480400
2022-02-23,112.54000091552734,112.54000091552734,115.0199966430664,112.06999969482422,114.66999816894533,512700
2022-02-24,111.88999938964844,111.88999938964844,112.1500015258789,108.81999969482422,110.12000274658205,695800
2022-02-25,114.5999984741211,114.5999984741211,115.23999786376952,111.62999725341795,112.58000183105467,434800
2022-02-28,112.7699966430664,112.7699966430664,113.41000366210938,111.25,112.33000183105467,934500
2022-03-01,111.01000213623048,111.01000213623048,113.86000061035156,109.6999969482422,112.04000091552734,604200
2022-03-02,112.79000091552734,112.79000091552734,114.95999908447266,111.30999755859376,111.7300033569336,653300
2022-03-03,112.30999755859376,112.30999755859376,113.11000061035156,111.18000030517578,113.08999633789062,549600
2022-03-04,110.05999755859376,110.05999755859376,111.52999877929688,108.98999786376952,110.45999908447266,547400
2022-03-07,109.47000122070312,109.47000122070312,111.12999725341795,109.08999633789062,110.0500030517578,889400
2022-03-08,111.94000244140624,111.94000244140624,114.51000213623048,110.0,110.56999969482422,734900
2022-03-09,112.5,112.5,115.0999984741211,112.0500030517578,114.55999755859376,644100
2022-03-10,111.41999816894533,111.41999816894533,112.36000061035156,110.45999908447266,111.3000030517578,544700
2022-03-11,109.97000122070312,109.97000122070312,112.4800033569336,109.9000015258789,112.01000213623048,778200
2022-03-14,108.6999969482422,108.6999969482422,111.4800033569336,108.23999786376952,110.97000122070312,886100
2022-03-15,110.62999725341795,110.62999725341795,110.86000061035156,108.5999984741211,109.23999786376952,902700
2022-03-16,112.33999633789062,112.33999633789062,112.62000274658205,110.0,111.4000015258789,644000
2022-03-17,112.55999755859376,112.55999755859376,113.0999984741211,110.81999969482422,111.7699966430664,763500
2022-03-18,113.58999633789062,113.58999633789062,113.69000244140624,109.98999786376952,111.68000030517578,1870700
2022-03-21,111.9000015258789,111.9000015258789,115.12000274658205,111.1500015258789,114.04000091552734,675000
2022-03-22,110.75,110.75,112.9499969482422,110.33999633789062,112.79000091552734,732700
2022-03-23,109.86000061035156,109.86000061035156,110.41000366210938,109.0999984741211,110.12000274658205,624800
2022-03-24,111.7699966430664,111.7699966430664,111.8000030517578,110.0,110.4800033569336,504900
2022-03-25,114.37999725341795,114.37999725341795,114.77999877929688,112.29000091552734,112.29000091552734,559000
2022-03-28,115.97000122070312,115.97000122070312,116.01000213623048,113.98999786376952,114.5,537600
2022-03-29,115.58000183105467,115.58000183105467,117.43000030517578,115.0,116.98999786376952,476600
2022-03-30,114.62999725341795,114.62999725341795,115.7699966430664,114.08000183105467,115.55999755859376,526300
2022-03-31,113.11000061035156,113.11000061035156,115.0999984741211,113.11000061035156,114.4499969482422,641400
2022-04-01,114.1500015258789,114.1500015258789,114.5,112.3000030517578,113.1999969482422,567400
2022-04-04,113.11000061035156,113.11000061035156,114.20999908447266,112.6999969482422,114.0,558500
2022-04-05,114.22000122070312,114.22000122070312,115.12000274658205,112.56999969482422,112.56999969482422,577100
2022-04-06,116.20999908447266,116.20999908447266,117.58000183105467,113.72000122070312,113.9000015258789,607400
2022-04-07,118.25,118.25,118.54000091552734,115.0,115.76000213623048,851100
2022-04-08,122.06999969482422,122.06999969482422,122.66999816894533,118.73999786376952,118.75,1188400
2022-04-11,119.38999938964844,119.38999938964844,122.94000244140624,119.01000213623048,121.45999908447266,722600
2022-04-12,119.22000122070312,119.22000122070312,121.41000366210938,118.4800033569336,118.95999908447266,416800
2022-04-13,120.6999969482422,120.6999969482422,121.31999969482422,119.12000274658205,119.12000274658205,411000
2022-04-14,121.4499969482422,121.4499969482422,123.19000244140624,121.1999969482422,121.1999969482422,501000
2022-04-18,119.5199966430664,119.5199966430664,122.04000091552734,119.16000366210938,120.87000274658205,244200
2022-04-19,120.76000213623048,120.76000213623048,121.72000122070312,119.3000030517578,119.3000030517578,359100
2022-04-20,123.37999725341795,123.37999725341795,124.80999755859376,121.43000030517578,121.43000030517578,387400
2022-04-21,122.66000366210938,122.66000366210938,124.45999908447266,122.43000030517578,123.87999725341795,328100
2022-04-22,111.41000366210938,111.41000366210938,121.75,111.37000274658205,121.45999908447266,980500
2022-04-25,112.54000091552734,112.54000091552734,112.6999969482422,109.95999908447266,111.19000244140624,588700
2022-04-26,109.75,109.75,111.72000122070312,109.72000122070312,110.72000122070312,413500
2022-04-27,108.0500030517578,108.0500030517578,110.9499969482422,107.72000122070312,109.37999725341795,642900
2022-04-28,109.91000366210938,109.91000366210938,110.69000244140624,107.38999938964844,108.81999969482422,698200
2022-04-29,108.37000274658205,108.37000274658205,110.13999938964844,108.31999969482422,108.93000030517578,613700
2022-05-02,107.20999908447266,107.20999908447266,109.45999908447266,105.33999633789062,108.91000366210938,647100
2022-05-03,107.5,107.5,108.52999877929688,106.8000030517578,107.58000183105467,899300
2022-05-04,110.8000030517578,110.8000030517578,111.04000091552734,107.37000274658205,108.33000183105467,686900
2022-05-05,106.94000244140624,106.94000244140624,110.58000183105467,106.19000244140624,110.18000030517578,614100
2022-05-06,102.95999908447266,102.95999908447266,104.47000122070312,96.6999969482422,96.6999969482422,1741300
2022-05-09,104.37000274658205,104.37000274658205,106.0500030517578,101.36000061035156,101.9499969482422,896500
2022-05-10,105.2300033569336,105.2300033569336,106.6999969482422,103.98999786376952,105.16000366210938,698400
2022-05-11,102.20999908447266,102.20999908447266,106.70999908447266,102.05999755859376,105.06999969482422,881200
2022-05-12,103.0500030517578,103.0500030517578,103.62999725341795,101.37999725341795,101.86000061035156,573400
2022-05-13,100.0500030517578,100.0500030517578,103.36000061035156,99.51000213623048,103.16999816894533,708100
2022-05-16,99.9000015258789,99.9000015258789,100.7300033569336,97.3000030517578,99.75,553800
2022-05-17,98.79000091552734,98.79000091552734,100.22000122070312,96.72000122070312,100.22000122070312,964500
2022-05-18,94.55999755859376,94.55999755859376,97.9000015258789,94.38999938964844,97.9000015258789,874400
2022-05-19,94.25,94.25,94.98999786376952,92.62999725341795,93.83999633789062,825000
2022-05-20,94.43000030517578,94.43000030517578,95.05999755859376,92.80999755859376,94.69000244140624,742300
2022-05-23,94.25,94.25,95.94000244140624,92.37000274658205,95.63999938964844,517900
2022-05-24,93.41000366210938,93.41000366210938,94.44000244140624,91.7300033569336,94.44000244140624,547600
2022-05-25,95.41999816894533,95.41999816894533,96.93000030517578,92.7300033569336,93.41999816894533,721500
2022-05-26,97.44000244140624,97.44000244140624,98.13999938964844,95.4800033569336,95.79000091552734,667000
2022-05-27,97.77999877929688,97.77999877929688,98.31999969482422,97.18000030517578,98.12000274658205,466000
2022-05-31,97.48999786376952,97.48999786376952,98.33000183105467,95.52999877929688,96.30999755859376,1585400
2022-06-01,95.4000015258789,95.4000015258789,98.08000183105467,93.5199966430664,98.08000183105467,1031700
2022-06-02,96.8499984741211,96.8499984741211,97.0500030517578,93.11000061035156,95.38999938964844,828500
2022-06-03,96.6999969482422,96.6999969482422,98.11000061035156,95.98999786376952,96.68000030517578,1055400
2022-06-06,95.81999969482422,95.81999969482422,97.7699966430664,95.79000091552734,97.0,751000
2022-06-07,95.33000183105467,95.33000183105467,96.0500030517578,94.08000183105467,94.56999969482422,974400
2022-06-08,93.3499984741211,93.3499984741211,95.75,93.11000061035156,94.70999908447266,833900
2022-06-09,93.61000061035156,93.61000061035156,95.6500015258789,92.55999755859376,93.06999969482422,966300
2022-06-10,93.16000366210938,93.16000366210938,94.19000244140624,91.6999969482422,91.98999786376952,876800
2022-06-13,89.70999908447266,89.70999908447266,92.86000061035156,89.12999725341797,91.29000091552734,1231300
2022-06-14,89.97000122070312,89.97000122070312,90.5999984741211,88.08999633789062,89.55999755859375,1338900
2022-06-15,90.1500015258789,90.1500015258789,91.97000122070312,89.23999786376953,90.33999633789062,987700
2022-06-16,87.94000244140625,87.94000244140625,89.11000061035156,87.19000244140625,88.79000091552734,1022200
2022-06-17,89.4800033569336,89.4800033569336,90.43000030517578,88.08999633789062,88.08999633789062,1543200
2022-06-21,76.05000305175781,76.05000305175781,91.62000274658205,74.97000122070312,90.36000061035156,6007600
2022-06-22,80.58000183105469,80.58000183105469,80.77999877929688,75.0,75.1500015258789,3181500
2022-06-23,77.93000030517578,77.93000030517578,80.55999755859375,76.37000274658203,80.0,1850800
2022-06-24,77.5,77.5,80.23999786376953,76.5999984741211,78.56999969482422,1936000
2022-06-27,79.44000244140625,79.44000244140625,79.62999725341797,76.80000305175781,77.70999908447266,806600
2022-06-28,81.30000305175781,81.30000305175781,83.2699966430664,80.91999816894531,81.5,1295600
2022-06-29,81.45999908447266,81.45999908447266,82.19000244140625,78.91999816894531,81.36000061035156,760100
2022-06-30,79.95999908447266,79.95999908447266,80.87000274658203,79.06999969482422,80.66000366210938,845000
2022-07-01,83.11000061035156,83.11000061035156,83.4000015258789,78.41000366210938,80.06999969482422,929800
2022-07-05,82.06999969482422,82.06999969482422,82.66999816894531,80.26000213623047,81.86000061035156,692700
2022-07-06,80.23999786376953,80.23999786376953,82.45999908447266,79.58999633789062,81.54000091552734,1140400
2022-07-07,83.72000122070312,83.72000122070312,83.83000183105469,80.62999725341797,80.62999725341797,856800
2022-07-08,83.12000274658203,83.12000274658203,85.72000122070312,83.06999969482422,83.93000030517578,907600
2022-07-11,81.95999908447266,81.95999908447266,83.01000213623047,81.44000244140625,82.37999725341797,671500
2022-07-12,84.5,84.5,85.08999633789062,81.58000183105469,81.58000183105469,742400
2022-07-13,83.9800033569336,83.9800033569336,85.25,83.41999816894531,84.16000366210938,666000
2022-07-14,82.62999725341797,82.62999725341797,83.66000366210938,81.58000183105469,83.01000213623047,633600
2022-07-15,85.47000122070312,85.47000122070312,85.8499984741211,83.4800033569336,84.04000091552734,724900
2022-07-18,84.95999908447266,84.95999908447266,86.4800033569336,84.87999725341797,85.72000122070312,610700
2022-07-19,87.66999816894531,87.66999816894531,87.93000030517578,85.16000366210938,85.66000366210938,531600
2022-07-20,86.16999816894531,86.16999816894531,87.9000015258789,85.83000183105469,87.73999786376953,592400
2022-07-21,86.16999816894531,86.16999816894531,86.18000030517578,84.73999786376953,85.83000183105469,655200
2022-07-22,87.0999984741211,87.0999984741211,89.88999938964844,86.44000244140625,89.30999755859375,730600
2022-07-25,85.88999938964844,85.88999938964844,88.30000305175781,85.36000061035156,87.18000030517578,694700
2022-07-26,85.56999969482422,85.56999969482422,86.83999633789062,85.25,85.91999816894531,693400
2022-07-27,86.91999816894531,86.91999816894531,87.2300033569336,85.0,85.4800033569336,713100
2022-07-28,83.41000366210938,83.41000366210938,84.98999786376953,80.86000061035156,84.36000061035156,1767600
2022-07-29,84.16000366210938,84.16000366210938,84.27999877929688,82.73999786376953,83.51000213623047,1316800
2022-08-01,84.8499984741211,84.8499984741211,85.56999969482422,83.69000244140625,84.0999984741211,1261300
2022-08-02,86.44999694824219,86.44999694824219,88.58000183105469,84.91999816894531,86.86000061035156,1660600
2022-08-03,84.80000305175781,84.80000305175781,86.2300033569336,83.0,85.87999725341797,913600
2022-08-04,85.30999755859375,85.30999755859375,86.5,84.62000274658203,84.94999694824219,647100
2022-08-05,85.68000030517578,85.68000030517578,86.37999725341797,84.37000274658203,85.4000015258789,629600
2022-08-08,88.47000122070312,88.47000122070312,89.08999633789062,86.0199966430664,86.0199966430664,1011600
2022-08-09,89.27999877929688,89.27999877929688,91.05999755859376,88.55999755859375,88.80000305175781,974000
2022-08-10,91.1999969482422,91.1999969482422,91.61000061035156,89.87000274658203,90.2699966430664,633000
2022-08-11,91.58999633789062,91.58999633789062,94.05999755859376,91.1500015258789,91.43000030517578,720900
2022-08-12,92.4800033569336,92.4800033569336,92.75,91.43000030517578,92.0,489000
2022-08-15,92.33999633789062,92.33999633789062,93.12000274658205,91.08999633789062,92.31999969482422,498600
2022-08-16,92.91999816894533,92.91999816894533,93.61000061035156,92.18000030517578,92.1999969482422,679600
2022-08-17,89.58000183105469,89.58000183105469,92.23999786376952,89.16000366210938,91.91000366210938,568500
2022-08-18,89.63999938964844,89.63999938964844,90.04000091552734,88.30000305175781,89.69999694824219,367800
2022-08-19,93.20999908447266,93.20999908447266,94.5500030517578,91.4000015258789,91.4000015258789,1039000
2022-08-22,92.38999938964844,92.38999938964844,93.05999755859376,92.04000091552734,92.76000213623048,494600
2022-08-23,92.29000091552734,92.29000091552734,93.02999877929688,92.08999633789062,92.38999938964844,567600
2022-08-24,91.2300033569336,91.2300033569336,92.18000030517578,90.56999969482422,91.79000091552734,492100
2022-08-25,92.16000366210938,92.16000366210938,92.41000366210938,90.97000122070312,91.37000274658205,443800
2022-08-26,88.6500015258789,88.6500015258789,92.51000213623048,88.63999938964844,92.37999725341795,583900
2022-08-29,88.94999694824219,88.94999694824219,89.43000030517578,86.69999694824219,87.86000061035156,370300
2022-08-30,87.08999633789062,87.08999633789062,89.43000030517578,86.93000030517578,89.43000030517578,450600
2022-08-31,85.29000091552734,85.29000091552734,87.91999816894531,85.2699966430664,87.18000030517578,892500
2022-09-01,86.93000030517578,86.93000030517578,87.06999969482422,83.43000030517578,85.0,985200
2022-09-02,87.80000305175781,87.80000305175781,89.16000366210938,86.51000213623047,87.48999786376953,701700
2022-09-06,88.26000213623047,88.26000213623047,89.3499984741211,87.52999877929688,87.52999877929688,755700
2022-09-07,90.4499969482422,90.4499969482422,90.6999969482422,87.91000366210938,88.29000091552734,654700
2022-09-08,91.2699966430664,91.2699966430664,91.6500015258789,89.70999908447266,90.01000213623047,512300
2022-09-09,92.62000274658205,92.62000274658205,93.68000030517578,91.8000030517578,91.8000030517578,519100
2022-09-12,95.2699966430664,95.2699966430664,96.37000274658205,92.72000122070312,93.2300033569336,1066700
2022-09-13,92.25,92.25,94.26000213623048,92.1500015258789,94.0,669500
2022-09-14,90.86000061035156,90.86000061035156,92.87000274658205,89.62999725341797,92.5500030517578,740800
2022-09-15,92.77999877929688,92.77999877929688,93.5199966430664,90.95999908447266,91.4000015258789,597500
2022-09-16,92.81999969482422,92.81999969482422,93.5,91.33999633789062,92.45999908447266,1688200
2022-09-19,93.01000213623048,93.01000213623048,93.1500015258789,91.36000061035156,92.0199966430664,558000
2022-09-20,91.41999816894533,91.41999816894533,93.26000213623048,90.52999877929688,92.7699966430664,621000
2022-09-21,89.68000030517578,89.68000030517578,93.11000061035156,89.68000030517578,92.31999969482422,591600
2022-09-22,87.48999786376953,87.48999786376953,89.23999786376953,86.05999755859375,88.95999908447266,694600
2022-09-23,86.30999755859375,86.30999755859375,86.73999786376953,84.33000183105469,86.41999816894531,968200
2022-09-26,84.4000015258789,84.4000015258789,86.55000305175781,83.91000366210938,86.11000061035156,509600
2022-09-27,82.77999877929688,82.77999877929688,85.27999877929688,82.55999755859375,84.87999725341797,512400
2022-09-28,85.12999725341797,85.12999725341797,85.55000305175781,83.18000030517578,83.83999633789062,469800
2022-09-29,83.95999908447266,83.95999908447266,84.6500015258789,82.55999755859375,84.45999908447266,391200
2022-09-30,82.7699966430664,82.7699966430664,85.37000274658203,82.69999694824219,84.30999755859375,502500
2022-10-03,86.41000366210938,86.41000366210938,86.66999816894531,82.94000244140625,83.0199966430664,546100
2022-10-04,89.37000274658203,89.37000274658203,89.9800033569336,86.7699966430664,87.06999969482422,550400
2022-10-05,89.26000213623047,89.26000213623047,89.76000213623047,87.31999969482422,88.55000305175781,559300
2022-10-06,88.91999816894531,88.91999816894531,89.66999816894531,88.4800033569336,89.16000366210938,614700
2022-10-07,87.16999816894531,87.16999816894531,88.04000091552734,86.62000274658203,87.97000122070312,646100
2022-10-10,87.36000061035156,87.36000061035156,88.0,86.58999633789062,87.18000030517578,444500
2022-10-11,87.94000244140625,87.94000244140625,88.56999969482422,86.27999877929688,87.43000030517578,594600
2022-10-12,87.44000244140625,87.44000244140625,88.43000030517578,87.08999633789062,88.1500015258789,444700
2022-10-13,89.5,89.5,89.98999786376953,85.77999877929688,86.31999969482422,428800
2022-10-14,89.38999938964844,89.38999938964844,91.7699966430664,88.66999816894531,90.08000183105467,411500
2022-10-17,89.87999725341797,89.87999725341797,90.87999725341795,89.7300033569336,90.44000244140624,367600
2022-10-18,90.0,90.0,92.2300033569336,89.76000213623047,91.27999877929688,522000
2022-10-19,90.66999816894533,90.66999816894533,91.68000030517578,89.55999755859375,90.0,529000
2022-10-20,90.93000030517578,90.93000030517578,91.62999725341795,90.43000030517578,90.97000122070312,560600
2022-10-21,89.98999786376953,89.98999786376953,90.36000061035156,85.37999725341797,90.36000061035156,771200
2022-10-24,92.70999908447266,92.70999908447266,92.86000061035156,90.5,90.5,552700
2022-10-25,95.44000244140624,95.44000244140624,95.76000213623048,92.58000183105467,92.58000183105467,631200
2022-10-26,99.30999755859376,99.30999755859376,99.3499984741211,96.12000274658205,96.12000274658205,770000
2022-10-27,96.75,96.75,99.9000015258789,96.73999786376952,99.3499984741211,1433900
2022-10-28,70.54000091552734,70.54000091552734,77.5,69.26000213623047,77.19999694824219,5449900
2022-10-31,73.01000213623047,73.01000213623047,74.29000091552734,69.0,69.6500015258789,3364000
2022-11-01,69.87000274658203,69.87000274658203,73.72000122070312,69.0999984741211,73.04000091552734,1881500
2022-11-02,69.76000213623047,69.76000213623047,72.88999938964844,69.73999786376953,71.11000061035156,1470000
2022-11-03,68.54000091552734,68.54000091552734,69.76000213623047,68.23999786376953,69.76000213623047,1387800
2022-11-04,70.37999725341797,70.37999725341797,70.41999816894531,67.51000213623047,68.91999816894531,969500
2022-11-07,70.9800033569336,70.9800033569336,71.43000030517578,69.81999969482422,69.81999969482422,737300
2022-11-08,67.88999938964844,67.88999938964844,70.5199966430664,67.5,70.5199966430664,1494700
2022-11-09,65.41999816894531,65.41999816894531,67.75,65.27999877929688,67.44999694824219,956700
2022-11-10,68.44999694824219,68.44999694824219,70.12999725341797,66.66999816894531,66.80000305175781,1153600
2022-11-11,71.9000015258789,71.9000015258789,72.0,68.2699966430664,68.37000274658203,950000
2022-11-14,72.0999984741211,72.0999984741211,72.9800033569336,71.23999786376953,72.23999786376953,933300
2022-11-15,70.19000244140625,70.19000244140625,73.23999786376953,69.73999786376953,72.41000366210938,1082600
2022-11-16,69.33999633789062,69.33999633789062,70.36000061035156,68.83999633789062,70.0,520900
2022-11-17,69.5999984741211,69.5999984741211,69.83000183105469,67.87999725341797,69.04000091552734,482500
2022-11-18,70.6500015258789,70.6500015258789,70.98999786376953,69.44999694824219,70.2300033569336,571900
2022-11-21,71.0999984741211,71.0999984741211,71.4800033569336,70.01000213623047,70.33000183105469,592900
2022-11-22,71.6500015258789,71.6500015258789,72.11000061035156,70.66000366210938,71.48999786376953,560900
2022-11-23,72.29000091552734,72.29000091552734,72.29000091552734,71.16000366210938,71.55000305175781,486300
2022-11-25,73.91999816894531,73.91999816894531,73.98999786376953,72.55000305175781,72.72000122070312,360000
2022-11-28,72.08000183105469,72.08000183105469,73.91000366210938,71.81999969482422,73.44000244140625,601500
2022-11-29,71.6500015258789,71.6500015258789,73.16999816894531,71.63999938964844,72.30000305175781,521200
2022-11-30,73.7300033569336,73.7300033569336,73.76000213623047,69.55000305175781,71.55000305175781,1593600
2022-12-01,73.2300033569336,73.2300033569336,75.45999908447266,72.87999725341797,74.3499984741211,585000
2022-12-02,74.33999633789062,74.33999633789062,74.6500015258789,72.80999755859375,72.8499984741211,463200
2022-12-05,73.44999694824219,73.44999694824219,74.08999633789062,73.06999969482422,73.62999725341797,422500
2022-12-06,73.83000183105469,73.83000183105469,74.11000061035156,72.1500015258789,73.13999938964844,698000
2022-12-07,74.83000183105469,74.83000183105469,75.25,74.08999633789062,74.08999633789062,587900
2022-12-08,74.91000366210938,74.91000366210938,75.87999725341797,74.45999908447266,75.08000183105469,512400
2022-12-09,74.33999633789062,74.33999633789062,75.44999694824219,74.30000305175781,74.66000366210938,318900
2022-12-12,74.87000274658203,74.87000274658203,75.43000030517578,74.01000213623047,74.55000305175781,490500
2022-12-13,75.05000305175781,75.05000305175781,76.62999725341797,74.2699966430664,76.08999633789062,569300
2022-12-14,74.70999908447266,74.70999908447266,75.33000183105469,73.41000366210938,74.91999816894531,793500
2022-12-15,72.98999786376953,72.98999786376953,73.83000183105469,72.62000274658203,73.83000183105469,856900
2022-12-16,72.41000366210938,72.41000366210938,72.98999786376953,70.83999633789062,72.31999969482422,1964200
2022-12-19,72.2699966430664,72.2699966430664,73.13999938964844,71.69000244140625,72.33999633789062,930800
2022-12-20,70.81999969482422,70.81999969482422,72.69000244140625,70.80000305175781,72.0199966430664,1016300
2022-12-21,73.19000244140625,73.19000244140625,73.26000213623047,71.19000244140625,71.27999877929688,854900
2022-12-22,73.43000030517578,73.43000030517578,73.45999908447266,71.91999816894531,73.05999755859375,507800
2022-12-23,73.76000213623047,73.76000213623047,74.0,73.16000366210938,73.16000366210938,354000
2022-12-27,73.9000015258789,73.9000015258789,74.2699966430664,73.37999725341797,73.75,505400
2022-12-28,72.80000305175781,72.80000305175781,74.61000061035156,72.75,74.06999969482422,289300
2022-12-29,75.20999908447266,75.20999908447266,75.29000091552734,73.19000244140625,73.19000244140625,482500
2022-12-30,74.66999816894531,74.66999816894531,75.11000061035156,73.9000015258789,74.69000244140625,478900
2023-01-03,74.83999633789062,74.83999633789062,75.72000122070312,74.12000274658203,74.94000244140625,558900
2023-01-04,77.1500015258789,77.1500015258789,77.30999755859375,75.19999694824219,75.4000015258789,1046900
2023-01-05,78.5,78.5,78.55000305175781,76.29000091552734,77.01000213623047,1080700
2023-01-06,81.05000305175781,81.05000305175781,81.87000274658203,78.72000122070312,79.48999786376953,687500
2023-01-09,78.70999908447266,78.70999908447266,81.16999816894531,78.66999816894531,80.94999694824219,552600
2023-01-10,79.77999877929688,79.77999877929688,79.81999969482422,78.51000213623047,78.87000274658203,571700
2023-01-11,79.76000213623047,79.76000213623047,80.0999984741211,78.37000274658203,80.0999984741211,622600
2023-01-12,78.22000122070312,78.22000122070312,80.23999786376953,77.54000091552734,80.23999786376953,739700
2023-01-13,79.02999877929688,79.02999877929688,79.4000015258789,77.91000366210938,77.91000366210938,437400
2023-01-17,79.06999969482422,79.06999969482422,79.38999938964844,78.16000366210938,79.0199966430664,442500
2023-01-18,79.41999816894531,79.41999816894531,81.30000305175781,79.1500015258789,79.25,507500
2023-01-19,79.52999877929688,79.52999877929688,80.08000183105469,78.08000183105469,79.19000244140625,468900
2023-01-20,80.31999969482422,80.31999969482422,80.47000122070312,79.5,79.80000305175781,414400
2023-01-23,80.0999984741211,80.0999984741211,81.8499984741211,80.04000091552734,80.31999969482422,458300
2023-01-24,77.30999755859375,77.30999755859375,80.04000091552734,77.12000274658203,79.77999877929688,614500
2023-01-25,77.4800033569336,77.4800033569336,78.33000183105469,76.62999725341797,76.8499984741211,592300
2023-01-26,79.61000061035156,79.61000061035156,79.81999969482422,77.66999816894531,77.72000122070312,555000
2023-01-27,81.1500015258789,81.1500015258789,81.36000061035156,78.87000274658203,79.58000183105469,499000
2023-01-30,80.9000015258789,80.9000015258789,82.31999969482422,80.87999725341797,81.05000305175781,596400
2023-01-31,82.38999938964844,82.38999938964844,82.41000366210938,80.52999877929688,81.18000030517578,546100
2023-02-01,84.80999755859375,84.80999755859375,85.26000213623047,82.11000061035156,82.38999938964844,740700
2023-02-02,85.81999969482422,85.81999969482422,87.02999877929688,84.38999938964844,84.38999938964844,826800
2023-02-03,85.4800033569336,85.4800033569336,85.91999816894531,84.58000183105469,85.5,448100
2023-02-06,83.94999694824219,83.94999694824219,85.18000030517578,83.33999633789062,85.18000030517578,421800
2023-02-07,84.7300033569336,84.7300033569336,85.25,83.52999877929688,83.80999755859375,525700
2023-02-08,83.56999969482422,83.56999969482422,85.4800033569336,83.47000122070312,84.80000305175781,423000
2023-02-09,82.70999908447266,82.70999908447266,85.37999725341797,82.48999786376953,83.80000305175781,583900
2023-02-10,83.08000183105469,83.08000183105469,83.86000061035156,82.3499984741211,82.69999694824219,639800
2023-02-13,83.73999786376953,83.73999786376953,84.29000091552734,82.86000061035156,83.0,606000
2023-02-14,82.88999938964844,82.88999938964844,84.04000091552734,82.81999969482422,83.70999908447266,490700
2023-02-15,83.12000274658203,83.12000274658203,83.23999786376953,81.81999969482422,82.4800033569336,494800
2023-02-16,83.41999816894531,83.41999816894531,84.0199966430664,82.13999938964844,82.5,658500
2023-02-17,83.93000030517578,83.93000030517578,83.93000030517578,82.44000244140625,83.43000030517578,825400
2023-02-21,83.0999984741211,83.0999984741211,83.9800033569336,82.25,83.04000091552734,868300
2023-02-22,85.37000274658203,85.37000274658203,86.1500015258789,84.0,84.12000274658203,1117900
2023-02-23,82.87000274658203,82.87000274658203,85.9800033569336,79.81999969482422,85.3499984741211,1757400
2023-02-24,82.30999755859375,82.30999755859375,82.80000305175781,80.27999877929688,82.23999786376953,748900
2023-02-27,82.83999633789062,82.83999633789062,84.51000213623047,82.80000305175781,82.91000366210938,615600
2023-02-28,82.26000213623047,82.26000213623047,82.76000213623047,81.4000015258789,82.2300033569336,1326700
2023-03-01,82.33000183105469,82.33000183105469,82.44000244140625,80.86000061035156,81.58000183105469,588400
2023-03-02,80.95999908447266,80.95999908447266,82.19999694824219,80.70999908447266,81.91999816894531,580200
2023-03-03,82.01000213623047,82.01000213623047,82.08000183105469,80.52999877929688,81.30999755859375,536600
2023-03-06,80.19999694824219,80.19999694824219,82.31999969482422,80.12999725341797,82.06999969482422,689500
2023-03-07,78.8499984741211,78.8499984741211,80.37999725341797,78.69999694824219,80.0,558600
2023-03-08,79.37999725341797,79.37999725341797,79.41000366210938,78.27999877929688,78.70999908447266,567000
2023-03-09,74.87000274658203,74.87000274658203,79.5199966430664,74.8499984741211,79.51000213623047,971800
2023-03-10,74.68000030517578,74.68000030517578,75.05999755859375,73.19999694824219,74.86000061035156,918700
2023-03-13,75.05999755859375,75.05999755859375,76.0999984741211,73.73999786376953,74.22000122070312,794100
2023-03-14,76.5999984741211,76.5999984741211,76.75,74.93000030517578,75.83000183105469,818900
2023-03-15,76.04000091552734,76.04000091552734,76.08999633789062,74.36000061035156,75.12000274658203,738700
2023-03-16,78.02999877929688,78.02999877929688,78.9800033569336,75.16999816894531,75.16999816894531,1138300
2023-03-17,76.7699966430664,76.7699966430664,77.81999969482422,76.48999786376953,77.81999969482422,1076600
2023-03-20,77.98999786376953,77.98999786376953,79.31999969482422,77.11000061035156,77.11000061035156,852900
2023-03-21,78.19999694824219,78.19999694824219,79.16000366210938,77.43000030517578,78.66000366210938,889800
2023-03-22,76.75,76.75,78.83000183105469,76.73999786376953,78.12000274658203,478600
2023-03-23,75.23999786376953,75.23999786376953,77.08000183105469,74.63999938964844,76.70999908447266,507700
2023-03-24,76.12000274658203,76.12000274658203,76.16000366210938,74.27999877929688,74.83999633789062,406100
2023-03-27,77.1500015258789,77.1500015258789,77.83000183105469,76.95999908447266,77.25,447700
2023-03-28,77.3499984741211,77.3499984741211,77.79000091552734,76.79000091552734,76.79000091552734,376300
2023-03-29,78.47000122070312,78.47000122070312,78.68000030517578,77.56999969482422,78.0,513300
2023-03-30,79.37999725341797,79.37999725341797,79.86000061035156,79.12999725341797,79.5199966430664,491200
2023-03-31,81.11000061035156,81.11000061035156,81.19999694824219,79.18000030517578,79.86000061035156,636600
2023-04-03,81.69000244140625,81.69000244140625,82.4000015258789,81.37999725341797,81.69999694824219,635000
2023-04-04,81.58000183105469,81.58000183105469,82.30999755859375,80.94000244140625,82.08999633789062,659500
2023-04-05,82.94000244140625,82.94000244140625,83.1500015258789,81.31999969482422,81.31999969482422,612300
2023-04-06,82.47000122070312,82.47000122070312,83.6500015258789,82.23999786376953,83.3499984741211,324100
2023-04-10,82.69999694824219,82.69999694824219,82.95999908447266,82.08999633789062,82.08999633789062,287000
2023-04-11,84.72000122070312,84.72000122070312,84.97000122070312,83.0,83.0,561000
2023-04-12,83.29000091552734,83.29000091552734,85.18000030517578,83.22000122070312,85.18000030517578,568100
2023-04-13,84.4000015258789,84.4000015258789,84.55999755859375,83.33000183105469,83.69999694824219,533700
2023-04-14,83.95999908447266,83.95999908447266,84.86000061035156,83.58999633789062,84.63999938964844,329400
2023-04-17,83.86000061035156,83.86000061035156,84.55000305175781,83.37999725341797,83.9000015258789,297800
2023-04-18,83.48999786376953,83.48999786376953,84.06999969482422,83.05000305175781,84.01000213623047,445200
2023-04-19,83.5999984741211,83.5999984741211,83.66000366210938,82.38999938964844,83.2699966430664,413600
2023-04-20,83.12000274658203,83.12000274658203,83.55999755859375,82.3499984741211,83.5,368000
2023-04-21,86.0199966430664,86.0199966430664,86.23999786376953,83.9000015258789,83.9000015258789,679500
2023-04-24,88.13999938964844,88.13999938964844,88.19000244140625,85.94000244140625,85.98999786376953,657900
2023-04-25,87.30000305175781,87.30000305175781,88.4800033569336,87.0199966430664,88.22000122070312,488500
2023-04-26,86.2699966430664,86.2699966430664,87.69999694824219,85.98999786376953,87.36000061035156,555200
2023-04-27,88.01000213623047,88.01000213623047,88.13999938964844,86.51000213623047,86.51000213623047,668000
2023-04-28,90.36000061035156,90.36000061035156,90.56999969482422,87.88999938964844,88.0,733600
2023-05-01,90.38999938964844,90.38999938964844,91.18000030517578,89.9000015258789,90.16000366210938,528000
2023-05-02,88.33999633789062,88.33999633789062,90.01000213623047,87.37000274658203,90.01000213623047,647900
2023-05-03,88.16000366210938,88.16000366210938,89.22000122070312,87.95999908447266,88.22000122070312,407800
2023-05-04,87.20999908447266,87.20999908447266,88.06999969482422,86.2699966430664,87.91000366210938,483600
2023-05-05,88.47000122070312,88.47000122070312,89.20999908447266,87.69000244140625,87.69000244140625,590500
2023-05-08,89.20999908447266,89.20999908447266,89.55000305175781,87.62999725341797,88.0,787700
2023-05-09,100.72000122070312,100.72000122070312,103.0,97.16000366210938,97.16000366210938,2777500
2023-05-10,99.2699966430664,99.2699966430664,102.1500015258789,98.94000244140624,101.5,1055000
2023-05-11,95.58999633789062,95.58999633789062,98.9000015258789,95.20999908447266,98.76000213623048,1031300
2023-05-12,93.72000122070312,93.72000122070312,95.83000183105467,93.25,95.62999725341795,680500
2023-05-15,96.86000061035156,96.86000061035156,97.94000244140624,93.52999877929688,93.8499984741211,853000
2023-05-16,98.5199966430664,98.5199966430664,98.70999908447266,96.1999969482422,96.75,993900
2023-05-17,98.61000061035156,98.61000061035156,99.23999786376952,97.0199966430664,98.29000091552734,844100
2023-05-18,100.93000030517578,100.93000030517578,101.6999969482422,97.91999816894533,98.4000015258789,1130500
2023-05-19,100.33000183105467,100.33000183105467,101.68000030517578,99.80999755859376,101.04000091552734,640000
2023-05-22,99.8000030517578,99.8000030517578,101.33999633789062,99.66999816894533,100.44000244140624,528800
2023-05-23,96.94000244140624,96.94000244140624,100.0199966430664,96.6500015258789,99.55999755859376,530100
2023-05-24,96.2699966430664,96.2699966430664,97.29000091552734,95.7699966430664,97.01000213623048,407300
2023-05-25,95.05999755859376,95.05999755859376,96.16000366210938,94.75,95.9000015258789,406500
2023-05-26,94.27999877929688,94.27999877929688,95.41000366210938,93.7300033569336,94.95999908447266,414000
2023-05-30,92.41999816894533,92.41999816894533,94.5500030517578,92.16000366210938,93.87999725341795,430600
2023-05-31,93.66999816894533,93.66999816894533,94.68000030517578,91.87000274658205,92.3499984741211,1179200
2023-06-01,94.70999908447266,94.70999908447266,94.7300033569336,92.63999938964844,93.9000015258789,429000
2023-06-02,98.73999786376952,98.73999786376952,98.83999633789062,95.79000091552734,95.87000274658205,801700
2023-06-05,99.16000366210938,99.16000366210938,99.66999816894533,98.08999633789062,98.95999908447266,441500
2023-06-06,99.27999877929688,99.27999877929688,100.0,98.58000183105467,99.18000030517578,346200
2023-06-07,100.55999755859376,100.55999755859376,100.79000091552734,99.2699966430664,99.38999938964844,355000
2023-06-08,100.08000183105467,100.08000183105467,100.8000030517578,98.5199966430664,100.8000030517578,400000
2023-06-09,97.4800033569336,97.4800033569336,100.0,97.4800033569336,99.33000183105467,422700
2023-06-12,97.08999633789062,97.08999633789062,98.2300033569336,96.4800033569336,97.44000244140624,516400
2023-06-13,98.23999786376952,98.23999786376952,98.62000274658205,96.3000030517578,96.69000244140624,557600
2023-06-14,97.4800033569336,97.4800033569336,100.20999908447266,97.1500015258789,100.0,599700
2023-06-15,97.27999877929688,97.27999877929688,97.62999725341795,96.13999938964844,97.20999908447266,507300
2023-06-16,97.62000274658205,97.62000274658205,98.33000183105467,97.02999877929688,97.4000015258789,1136200
2023-06-20,97.91000366210938,97.91000366210938,98.37999725341795,97.0199966430664,97.31999969482422,537100
2023-06-21,97.68000030517578,97.68000030517578,98.3000030517578,96.5,97.5999984741211,481200
2023-06-22,98.95999908447266,98.95999908447266,99.48999786376952,97.20999908447266,97.9000015258789,677500
2023-06-23,97.7300033569336,97.7300033569336,99.12000274658205,97.6999969482422,98.5500030517578,495100
2023-06-26,97.08000183105467,97.08000183105467,98.41000366210938,96.19000244140624,97.91000366210938,576700
2023-06-27,95.93000030517578,95.93000030517578,97.16000366210938,92.9800033569336,94.02999877929688,1102900
2023-06-28,97.63999938964844,97.63999938964844,97.86000061035156,95.3000030517578,96.08999633789062,678000
2023-06-29,98.83000183105467,98.83000183105467,99.22000122070312,97.48999786376952,97.48999786376952,532300
2023-06-30,100.47000122070312,100.47000122070312,100.97000122070312,99.33000183105467,99.5999984741211,578400
2023-07-03,100.7699966430664,100.7699966430664,100.95999908447266,99.36000061035156,100.0999984741211,330600
2023-07-05,101.36000061035156,101.36000061035156,101.7300033569336,100.37999725341795,100.98999786376952,637300
2023-07-06,101.94000244140624,101.94000244140624,102.52999877929688,100.47000122070312,100.95999908447266,892300
2023-07-07,103.88999938964844,103.88999938964844,104.30999755859376,101.4499969482422,101.56999969482422,1010200
2023-07-10,103.69000244140624,103.69000244140624,104.72000122070312,102.66000366210938,103.9000015258789,534100
2023-07-11,103.06999969482422,103.06999969482422,104.97000122070312,102.80999755859376,103.98999786376952,539200
2023-07-12,104.25,104.25,104.54000091552734,103.02999877929688,103.80999755859376,665800
2023-07-13,103.26000213623048,103.26000213623048,105.3499984741211,102.5,104.12000274658205,583500
2023-07-14,103.73999786376952,103.73999786376952,104.41000366210938,102.5500030517578,103.37999725341795,316500
2023-07-17,104.52999877929688,104.52999877929688,104.87999725341795,103.38999938964844,103.5500030517578,429000
2023-07-18,106.16000366210938,106.16000366210938,106.95999908447266,104.63999938964844,104.63999938964844,633600
2023-07-19,104.76000213623048,104.76000213623048,106.72000122070312,104.13999938964844,106.13999938964844,439400
2023-07-20,105.48999786376952,105.48999786376952,105.76000213623048,103.8499984741211,105.4000015258789,493600
2023-07-21,102.77999877929688,102.77999877929688,105.58000183105467,102.6999969482422,105.58000183105467,726700
2023-07-24,102.0999984741211,102.0999984741211,103.11000061035156,101.41000366210938,102.86000061035156,818100
2023-07-25,102.9499969482422,102.9499969482422,103.30999755859376,101.16000366210938,101.76000213623048,374900
2023-07-26,101.1999969482422,101.1999969482422,103.16999816894533,101.0199966430664,102.41999816894533,374900
2023-07-27,100.02999877929688,100.02999877929688,101.44000244140624,99.8499984741211,101.12999725341795,370400
2023-07-28,101.04000091552734,101.04000091552734,101.16000366210938,99.7300033569336,101.11000061035156,471500
2023-07-31,101.98999786376952,101.98999786376952,102.02999877929688,99.94000244140624,101.2300033569336,547600
2023-08-01,102.38999938964844,102.38999938964844,102.70999908447266,101.5500030517578,101.91000366210938,457300
2023-08-02,101.97000122070312,101.97000122070312,102.75,100.83999633789062,101.91000366210938,583700
2023-08-03,101.55999755859376,101.55999755859376,102.76000213623048,101.2300033569336,101.98999786376952,682100
2023-08-04,108.80999755859376,108.80999755859376,109.5999984741211,106.2300033569336,106.62999725341795,1637600
2023-08-07,112.68000030517578,112.68000030517578,116.97000122070312,110.95999908447266,111.06999969482422,1523300
2023-08-08,110.79000091552734,110.79000091552734,113.08000183105467,110.22000122070312,112.20999908447266,1478200
2023-08-09,109.95999908447266,109.95999908447266,111.66999816894533,109.4800033569336,111.1500015258789,597600
2023-08-10,108.43000030517578,108.43000030517578,110.9499969482422,107.41000366210938,110.11000061035156,643400
2023-08-11,108.3499984741211,108.3499984741211,109.19000244140624,107.1999969482422,108.70999908447266,472300
2023-08-14,106.95999908447266,106.95999908447266,108.4800033569336,104.47000122070312,108.45999908447266,1055400
2023-08-15,105.1999969482422,105.1999969482422,106.98999786376952,104.18000030517578,106.98999786376952,744800
2023-08-16,104.29000091552734,104.29000091552734,105.88999938964844,103.8000030517578,104.97000122070312,513100
2023-08-17,100.63999938964844,100.63999938964844,104.20999908447266,100.22000122070312,103.6500015258789,754400
2023-08-18,101.55999755859376,101.55999755859376,101.86000061035156,99.70999908447266,100.13999938964844,526300
2023-08-21,101.88999938964844,101.88999938964844,102.4000015258789,100.48999786376952,101.73999786376952,403400
2023-08-22,101.66000366210938,101.66000366210938,102.4000015258789,100.87999725341795,101.91000366210938,337900
2023-08-23,102.05999755859376,102.05999755859376,102.4499969482422,101.3499984741211,102.02999877929688,490700
2023-08-24,101.0500030517578,101.0500030517578,102.0,101.0199966430664,101.51000213623048,477600
2023-08-25,100.61000061035156,100.61000061035156,101.36000061035156,100.05999755859376,101.0199966430664,416900
2023-08-28,100.5500030517578,100.5500030517578,101.51000213623048,100.2300033569336,101.0500030517578,622400
2023-08-29,102.19000244140624,102.19000244140624,102.58999633789062,100.16999816894533,100.68000030517578,366700
2023-08-30,103.30999755859376,103.30999755859376,104.0199966430664,102.4000015258789,102.48999786376952,379900
2023-08-31,102.41999816894533,102.41999816894533,103.91999816894533,102.04000091552734,103.79000091552734,797400
2023-09-01,102.98999786376952,102.98999786376952,103.86000061035156,102.55999755859376,102.8000030517578,340700
2023-09-05,96.6500015258789,96.6500015258789,102.47000122070312,96.62000274658205,102.36000061035156,976400
2023-09-06,98.88999938964844,98.88999938964844,99.55999755859376,96.20999908447266,96.20999908447266,772800
2023-09-07,95.33999633789062,95.33999633789062,99.16999816894533,94.6999969482422,99.05999755859376,823600
2023-09-08,95.5500030517578,95.5500030517578,96.5199966430664,95.01000213623048,95.44000244140624,707000
2023-09-11,96.26000213623048,96.26000213623048,96.6999969482422,95.06999969482422,95.73999786376952,526800
2023-09-12,97.16000366210938,97.16000366210938,98.16999816894533,95.51000213623048,95.87999725341795,1053500
2023-09-13,101.12999725341795,101.12999725341795,101.52999877929688,97.0,97.0,1185400
2023-09-14,98.38999938964844,98.38999938964844,103.62000274658205,95.3499984741211,101.29000091552734,1833800
2023-09-15,98.33000183105467,98.33000183105467,100.2699966430664,97.04000091552734,97.04000091552734,1491500
2023-09-18,99.7699966430664,99.7699966430664,100.37999725341795,98.5199966430664,98.62000274658205,765800
2023-09-19,101.95999908447266,101.95999908447266,102.93000030517578,100.08000183105467,100.08000183105467,814000
2023-09-20,103.33000183105467,103.33000183105467,103.93000030517578,101.43000030517578,102.20999908447266,660700
2023-09-21,102.36000061035156,102.36000061035156,104.16000366210938,102.29000091552734,103.5999984741211,670300
2023-09-22,98.70999908447266,98.70999908447266,102.5999984741211,98.5,102.3499984741211,655800
2023-09-25,98.58999633789062,98.58999633789062,98.87000274658205,97.8499984741211,98.37999725341795,560800
2023-09-26,95.68000030517578,95.68000030517578,99.0199966430664,95.68000030517578,98.56999969482422,777800
2023-09-27,95.73999786376952,95.73999786376952,96.91000366210938,94.16000366210938,96.52999877929688,618100
2023-09-28,96.3000030517578,96.3000030517578,96.47000122070312,94.56999969482422,95.87000274658205,524600
2023-09-29,94.52999877929688,94.52999877929688,97.1999969482422,94.51000213623048,96.52999877929688,911500
2023-10-02,95.0999984741211,95.0999984741211,95.27999877929688,93.26000213623048,94.69000244140624,736000
2023-10-03,93.72000122070312,93.72000122070312,95.29000091552734,93.05999755859376,94.55999755859376,687800
2023-10-04,93.13999938964844,93.13999938964844,93.87000274658205,92.12999725341795,93.87000274658205,768200
2023-10-05,91.25,91.25,93.91000366210938,91.22000122070312,93.0999984741211,824900
2023-10-06,89.58999633789062,89.58999633789062,91.06999969482422,89.38999938964844,90.51000213623048,1080900
2023-10-09,88.5,88.5,90.0199966430664,86.97000122070312,89.38999938964844,1143000
2023-10-10,91.27999877929688,91.27999877929688,92.3000030517578,88.23999786376953,88.47000122070312,913000
2023-10-11,75.88999938964844,75.88999938964844,78.0,71.51000213623047,76.19999694824219,8587600
2023-10-12,73.79000091552734,73.79000091552734,77.55999755859375,71.83999633789062,76.55999755859375,4140700
2023-10-13,73.19999694824219,73.19999694824219,74.9800033569336,72.70999908447266,73.54000091552734,1854200
2023-10-16,74.56999969482422,74.56999969482422,75.9000015258789,72.70999908447266,73.62000274658203,1478500
2023-10-17,76.37999725341797,76.37999725341797,77.94000244140625,74.1500015258789,74.1500015258789,1724300
2023-10-18,78.73999786376953,78.73999786376953,79.25,75.13999938964844,76.26000213623047,1968300
2023-10-19,81.62000274658203,81.62000274658203,82.62999725341797,78.58000183105469,78.58000183105469,1758200
2023-10-20,77.5199966430664,77.5199966430664,82.37999725341797,77.47000122070312,82.16999816894531,1525700
2023-10-23,78.87000274658203,78.87000274658203,79.9000015258789,77.0999984741211,77.44999694824219,1095900
2023-10-24,81.11000061035156,81.11000061035156,81.55999755859375,77.7699966430664,77.95999908447266,1395700
2023-10-25,78.5999984741211,78.5999984741211,80.91999816894531,78.06999969482422,80.61000061035156,1187200
2023-10-26,77.48999786376953,77.48999786376953,79.75,77.08999633789062,78.6500015258789,1138000
2023-10-27,76.7699966430664,76.7699966430664,78.4800033569336,76.13999938964844,77.93000030517578,972000
2023-10-30,76.63999938964844,76.63999938964844,78.16000366210938,75.47000122070312,77.44999694824219,1051400
2023-10-31,77.2300033569336,77.2300033569336,77.77999877929688,76.16999816894531,76.83999633789062,1034300
2023-11-01,77.44000244140625,77.44000244140625,78.47000122070312,76.2300033569336,76.91999816894531,849200
2023-11-02,77.80999755859375,77.80999755859375,78.30999755859375,76.63999938964844,77.6500015258789,1093300
2023-11-03,79.44999694824219,79.44999694824219,79.75,78.22000122070312,78.2699966430664,1173100
2023-11-06,78.97000122070312,78.97000122070312,80.23999786376953,78.63999938964844,79.8499984741211,1043100
2023-11-07,80.08999633789062,80.08999633789062,80.87000274658203,78.05000305175781,78.23999786376953,1783000
2023-11-08,84.80999755859375,84.80999755859375,88.77999877929688,82.18000030517578,87.0,4562500
2023-11-09,84.30999755859375,84.30999755859375,85.0999984741211,82.86000061035156,84.87000274658203,1988900
2023-11-10,82.98999786376953,82.98999786376953,85.58000183105469,82.79000091552734,84.68000030517578,1760500
2023-11-13,88.37999725341797,88.37999725341797,90.6500015258789,84.63999938964844,84.76000213623047,2880800
2023-11-14,92.12000274658205,92.12000274658205,92.55999755859376,89.33000183105469,89.91000366210938,1655500
2023-11-15,94.47000122070312,94.47000122070312,95.7699966430664,91.87000274658205,91.87000274658205,2060400
2023-11-16,94.7300033569336,94.7300033569336,94.9000015258789,92.68000030517578,94.13999938964844,1142900
2023-11-17,96.16000366210938,96.16000366210938,96.26000213623048,94.61000061035156,95.5999984741211,775300
2023-11-20,97.52999877929688,97.52999877929688,98.1999969482422,95.5999984741211,95.5999984741211,813200
2023-11-21,97.5500030517578,97.5500030517578,98.66000366210938,97.30999755859376,97.44000244140624,1078500
2023-11-22,99.4800033569336,99.4800033569336,99.52999877929688,97.30999755859376,98.20999908447266,698200
2023-11-24,99.26000213623048,99.26000213623048,100.29000091552734,98.55999755859376,99.55999755859376,488700
2023-11-27,99.38999938964844,99.38999938964844,100.18000030517578,98.8499984741211,98.8499984741211,1132200
2023-11-28,99.66999816894533,99.66999816894533,100.06999969482422,98.26000213623048,99.30999755859376,1152400
2023-11-29,99.61000061035156,99.61000061035156,101.9000015258789,98.9499969482422,99.81999969482422,987400
2023-11-30,101.45999908447266,101.45999908447266,101.70999908447266,99.19000244140624,99.7699966430664,1742100
2023-12-01,104.30999755859376,104.30999755859376,104.9000015258789,100.55999755859376,101.48999786376952,1219200
2023-12-04,106.58999633789062,106.58999633789062,106.95999908447266,103.47000122070312,104.0,1128900
2023-12-05,104.61000061035156,104.61000061035156,106.1500015258789,103.7699966430664,105.9000015258789,818800
2023-12-06,104.16000366210938,104.16000366210938,105.98999786376952,103.87999725341795,104.9800033569336,957200
2023-12-07,105.73999786376952,105.73999786376952,105.88999938964844,104.2699966430664,104.2699966430664,828600
2023-12-08,107.58000183105467,107.58000183105467,108.20999908447266,105.20999908447266,105.6999969482422,1030000
2023-12-11,106.97000122070312,106.97000122070312,107.88999938964844,106.43000030517578,107.58000183105467,962300
2023-12-12,108.4800033569336,108.4800033569336,108.73999786376952,106.7699966430664,107.5,822700
2023-12-13,108.8000030517578,108.8000030517578,109.4000015258789,107.05999755859376,108.4499969482422,784800
2023-12-14,107.18000030517578,107.18000030517578,111.47000122070312,106.98999786376952,109.69000244140624,1718500
2023-12-15,105.69000244140624,105.69000244140624,107.41000366210938,105.08000183105467,106.81999969482422,1841200
2023-12-18,106.93000030517578,106.93000030517578,107.83000183105467,106.1500015258789,106.4800033569336,664300
2023-12-19,106.43000030517578,106.43000030517578,107.86000061035156,105.81999969482422,107.29000091552734,771700
2023-12-20,103.87000274658205,103.87000274658205,106.70999908447266,103.8499984741211,106.01000213623048,819300
2023-12-21,104.76000213623048,104.76000213623048,105.36000061035156,103.98999786376952,105.0,927900
2023-12-22,104.33000183105467,104.33000183105467,105.48999786376952,103.68000030517578,104.8499984741211,623800
2023-12-26,104.51000213623048,104.51000213623048,105.26000213623048,103.7699966430664,104.11000061035156,453800
2023-12-27,103.95999908447266,103.95999908447266,104.9499969482422,103.5500030517578,104.51000213623048,536700
2023-12-28,104.44000244140624,104.44000244140624,105.33999633789062,103.56999969482422,103.56999969482422,682800
2023-12-29,104.76000213623048,104.76000213623048,105.08000183105467,103.95999908447266,104.4000015258789,494800
2024-01-02,106.88999938964844,106.88999938964844,107.37999725341795,104.54000091552734,104.54000091552734,811000
2024-01-03,105.29000091552734,105.29000091552734,106.70999908447266,104.95999908447266,105.80999755859376,634600
2024-01-04,106.18000030517578,106.18000030517578,107.7300033569336,105.62000274658205,105.6999969482422,628100
2024-01-05,107.23999786376952,107.23999786376952,108.27999877929688,105.70999908447266,106.1999969482422,666200
2024-01-08,108.80999755859376,108.80999755859376,109.04000091552734,107.16999816894533,107.62000274658205,616400
2024-01-09,108.4499969482422,108.4499969482422,109.0,107.5199966430664,108.16000366210938,748600
2024-01-10,109.63999938964844,109.63999938964844,109.91999816894533,108.16000366210938,108.23999786376952,624700
2024-01-11,109.94000244140624,109.94000244140624,110.0199966430664,108.41999816894533,109.9000015258789,709000
2024-01-12,109.0999984741211,109.0999984741211,110.5,108.58000183105467,109.97000122070312,556800
2024-01-16,104.81999969482422,104.81999969482422,108.87000274658205,104.06999969482422,108.47000122070312,1295800
2024-01-17,104.6500015258789,104.6500015258789,106.47000122070312,103.76000213623048,104.29000091552734,719600
2024-01-18,105.41000366210938,105.41000366210938,105.41000366210938,103.66999816894533,104.41000366210938,738900
2024-01-19,104.76000213623048,104.76000213623048,105.54000091552734,104.13999938964844,105.31999969482422,900700
2024-01-22,104.62999725341795,104.62999725341795,106.58999633789062,104.55999755859376,105.08000183105467,847700
2024-01-23,103.88999938964844,103.88999938964844,106.87999725341795,103.4000015258789,105.2699966430664,778000
2024-01-24,104.45999908447266,104.45999908447266,106.66000366210938,103.5500030517578,105.62000274658205,789900
2024-01-25,107.43000030517578,107.43000030517578,107.5999984741211,104.6999969482422,104.6999969482422,966400
2024-01-26,107.16999816894533,107.16999816894533,108.58000183105467,107.05999755859376,107.62000274658205,803800
2024-01-29,108.30999755859376,108.30999755859376,108.37000274658205,105.83000183105467,106.44000244140624,754200
2024-01-30,107.5199966430664,107.5199966430664,109.23999786376952,107.44000244140624,108.4499969482422,670800
2024-01-31,108.16000366210938,108.16000366210938,109.73999786376952,107.73999786376952,108.16000366210938,675100
2024-02-01,112.2300033569336,112.2300033569336,112.5,108.04000091552734,108.41999816894533,891300
2024-02-02,111.20999908447266,111.20999908447266,112.0199966430664,110.5,111.31999969482422,640900
2024-02-05,110.73999786376952,110.73999786376952,111.66999816894533,109.58999633789062,110.9499969482422,799000
2024-02-06,112.08000183105467,112.08000183105467,112.83999633789062,110.83000183105467,110.9800033569336,847700
2024-02-07,111.61000061035156,111.61000061035156,113.70999908447266,111.41000366210938,112.08999633789062,711300
2024-02-08,110.81999969482422,110.81999969482422,111.29000091552734,109.70999908447266,111.16999816894533,602700
2024-02-09,109.86000061035156,109.86000061035156,111.27999877929688,109.7300033569336,110.86000061035156,788700
2024-02-12,114.3000030517578,114.3000030517578,114.58999633789062,108.76000213623048,110.2699966430664,1610400
2024-02-13,113.5999984741211,113.5999984741211,115.30999755859376,111.0999984741211,112.27999877929688,1488900
2024-02-14,123.41000366210938,123.41000366210938,128.27999877929688,120.58999633789062,123.0,2896400
2024-02-15,119.87000274658205,119.87000274658205,124.86000061035156,118.55999755859376,123.6999969482422,1458400
2024-02-16,122.22000122070312,122.22000122070312,124.27999877929688,118.5999984741211,119.29000091552734,1065200
2024-02-20,123.0,123.0,123.44000244140624,120.94000244140624,122.16999816894533,865200
2024-02-21,120.88999938964844,120.88999938964844,122.51000213623048,119.41999816894533,122.02999877929688,945100
2024-02-22,122.87000274658205,122.87000274658205,123.30999755859376,120.77999877929688,121.1500015258789,793700
2024-02-23,125.26000213623048,125.26000213623048,125.47000122070312,122.6500015258789,122.9499969482422,630500
2024-02-26,124.95999908447266,124.95999908447266,126.79000091552734,124.9000015258789,126.5500030517578,625200
2024-02-27,127.5999984741211,127.5999984741211,128.0399932861328,124.41999816894533,124.52999877929688,854300
2024-02-28,126.97000122070312,126.97000122070312,128.72000122070312,126.06999969482422,127.58000183105467,706700
2024-02-29,126.97000122070312,126.97000122070312,127.91000366210938,125.69000244140624,127.20999908447266,1041200
2024-03-01,126.91999816894533,126.91999816894533,127.26000213623048,124.6999969482422,127.02999877929688,835400
2024-03-04,125.7300033569336,125.7300033569336,128.30999755859375,124.77999877929688,126.45999908447266,717900
2024-03-05,134.64999389648438,134.64999389648438,136.2899932861328,132.0,133.39999389648438,1990600
2024-03-06,131.97999572753906,131.97999572753906,134.89999389648438,130.8800048828125,133.0399932861328,898800
2024-03-07,134.0800018310547,134.0800018310547,135.69000244140625,132.33999633789062,132.5800018310547,645700
2024-03-08,135.1699981689453,135.1699981689453,136.60000610351562,134.0800018310547,134.0800018310547,494900
2024-03-11,135.82000732421875,135.82000732421875,137.91000366210938,134.25999450683594,134.33999633789062,811300
2024-03-12,139.2100067138672,139.2100067138672,139.72000122070312,135.8000030517578,135.83999633789062,950000
2024-03-13,138.27000427246094,138.27000427246094,141.5399932861328,136.72000122070312,139.5,1043600
2024-03-14,136.0,136.0,138.57000732421875,134.83999633789062,138.13999938964844,558500
2024-03-15,136.64999389648438,136.64999389648438,136.72000122070312,133.00999450683594,133.89999389648438,4320700
2024-03-18,137.02000427246094,137.02000427246094,138.7100067138672,134.0800018310547,135.25999450683594,830200
2024-03-19,138.3300018310547,138.3300018310547,138.77999877929688,137.1699981689453,137.1699981689453,620800
2024-03-20,138.77999877929688,138.77999877929688,139.3800048828125,137.1999969482422,138.47000122070312,626000
2024-03-21,136.24000549316406,136.24000549316406,139.35000610351562,135.0,138.92999267578125,704400
2024-03-22,134.11000061035156,134.11000061035156,136.86000061035156,133.16000366210938,136.39999389648438,603200
2024-03-25,134.77000427246094,134.77000427246094,136.19000244140625,134.27999877929688,135.30999755859375,504600
2024-03-26,135.25,135.25,136.6300048828125,134.7899932861328,135.0,431100
2024-03-27,136.85000610351562,136.85000610351562,137.0,135.69000244140625,136.41000366210938,251900
2024-03-28,138.0500030517578,138.0500030517578,138.13999938964844,136.9600067138672,137.0,608800
2024-04-01,137.83999633789062,137.83999633789062,138.25,136.02999877929688,138.13999938964844,455900
2024-04-02,135.0399932861328,135.0399932861328,136.16000366210938,131.80999755859375,134.74000549316406,926400
2024-04-03,135.2899932861328,135.2899932861328,136.2899932861328,134.91000366210938,135.14999389648438,489700
2024-04-04,132.9499969482422,132.9499969482422,136.39999389648438,132.72000122070312,136.39999389648438,555400
2024-04-05,133.61000061035156,133.61000061035156,134.41000366210938,132.35000610351562,133.17999267578125,474700
2024-04-08,133.72999572753906,133.72999572753906,134.24000549316406,132.47999572753906,133.72000122070312,383100
2024-04-09,134.0800018310547,134.0800018310547,134.80999755859375,133.19000244140625,134.60000610351562,310500
2024-04-10,132.05999755859375,132.05999755859375,134.47999572753906,131.99000549316406,133.00999450683594,454500
2024-04-11,131.39999389648438,131.39999389648438,132.61000061035156,130.77999877929688,132.61000061035156,342300
2024-04-12,130.4199981689453,130.4199981689453,131.82000732421875,129.52000427246094,130.6999969482422,513100
2024-04-15,129.9600067138672,129.9600067138672,133.0800018310547,129.86000061035156,132.27999877929688,451200
2024-04-16,129.77999877929688,129.77999877929688,130.97999572753906,128.69000244140625,130.47999572753906,345900
2024-04-17,127.63999938964844,127.63999938964844,130.63999938964844,126.83999633789062,130.63999938964844,555000
2024-04-18,126.11000061035156,126.11000061035156,128.57000732421875,125.63999938964844,127.5999984741211,749500
2024-04-19,127.81999969482422,127.81999969482422,128.5399932861328,125.97000122070312,126.80999755859376,487100
2024-04-22,132.52000427246094,132.52000427246094,132.72000122070312,128.69000244140625,128.75,673300
2024-04-23,133.91000366210938,133.91000366210938,135.7100067138672,132.89999389648438,133.00999450683594,402000
2024-04-24,132.74000549316406,132.74000549316406,134.2899932861328,132.72999572753906,133.10000610351562,472900
2024-04-25,132.77000427246094,132.77000427246094,133.17999267578125,131.33999633789062,132.57000732421875,519300
2024-04-26,133.50999450683594,133.50999450683594,134.00999450683594,130.9600067138672,131.6999969482422,477700
2024-04-29,138.13999938964844,138.13999938964844,139.24000549316406,133.22999572753906,133.22999572753906,990800
2024-04-30,139.00999450683594,139.00999450683594,139.47999572753906,137.13999938964844,137.6199951171875,947400
2024-05-01,139.75,139.75,140.75,136.35000610351562,138.11000061035156,1127600
2024-05-02,142.24000549316406,142.24000549316406,143.22999572753906,139.72000122070312,141.3699951171875,1893600
2024-05-03,134.4499969482422,134.4499969482422,145.0399932861328,131.27000427246094,143.0,2541400
2024-05-06,136.8699951171875,136.8699951171875,138.4600067138672,134.0,135.47999572753906,1442600
2024-05-07,137.69000244140625,137.69000244140625,138.10000610351562,135.39999389648438,136.67999267578125,977500
2024-05-08,135.85000610351562,135.85000610351562,137.97000122070312,135.63999938964844,137.69000244140625,725100
2024-05-09,137.94000244140625,137.94000244140625,138.47000122070312,135.5,136.02000427246094,619100
2024-05-10,137.52000427246094,137.52000427246094,140.30999755859375,136.7100067138672,138.47000122070312,743600
2024-05-13,136.58999633789062,136.58999633789062,139.02999877929688,136.4199981689453,137.19000244140625,613300
2024-05-14,137.00999450683594,137.00999450683594,137.13999938964844,135.7100067138672,136.94000244140625,595400
2024-05-15,137.8800048828125,137.8800048828125,138.27999877929688,136.2100067138672,137.58999633789062,569400
2024-05-16,136.47999572753906,136.47999572753906,138.55999755859375,136.38999938964844,137.55999755859375,603000
2024-05-17,139.82000732421875,139.82000732421875,140.4499969482422,137.0,137.14999389648438,758600
2024-05-20,140.92999267578125,140.92999267578125,141.44000244140625,138.7899932861328,139.82000732421875,827200
2024-05-21,138.69000244140625,138.69000244140625,141.25999450683594,138.50999450683594,140.9199981689453,687300
2024-05-22,134.75,134.75,138.6999969482422,134.72999572753906,138.00999450683594,933700
2024-05-23,132.25,132.25,134.64999389648438,131.44000244140625,134.22999572753906,945300
2024-05-24,138.5399932861328,138.5399932861328,139.5,136.52999877929688,139.0,1169700
2024-05-28,143.6699981689453,143.6699981689453,144.05999755859375,137.32000732421875,138.0500030517578,1178500
2024-05-29,146.69000244140625,146.69000244140625,147.25999450683594,142.11000061035156,142.5399932861328,1216400
2024-05-30,147.13999938964844,147.13999938964844,147.92999267578125,145.44000244140625,147.0800018310547,920300
2024-05-31,147.1199951171875,147.1199951171875,147.3300018310547,144.4499969482422,147.07000732421875,1349900
2024-06-03,145.61000061035156,145.61000061035156,147.3000030517578,144.27999877929688,146.27000427246094,834200
2024-06-04,143.30999755859375,143.30999755859375,145.02999877929688,142.1199951171875,145.02999877929688,613200
2024-06-05,145.02999877929688,145.02999877929688,145.6199951171875,142.72999572753906,143.97999572753906,738900
2024-06-06,143.83999633789062,143.83999633789062,145.77000427246094,143.5,145.10000610351562,686800
2024-06-07,143.17999267578125,143.17999267578125,145.41000366210938,142.47999572753906,143.42999267578125,960600
2024-06-10,141.5800018310547,141.5800018310547,142.67999267578125,139.63999938964844,142.30999755859375,659800
2024-06-11,139.86000061035156,139.86000061035156,141.52999877929688,139.33999633789062,141.38999938964844,715700
2024-06-12,142.69000244140625,142.69000244140625,143.6199951171875,139.80999755859375,140.3800048828125,701000
2024-06-13,142.16000366210938,142.16000366210938,142.8000030517578,139.27000427246094,140.7899932861328,558600
2024-06-14,141.16000366210938,141.16000366210938,141.32000732421875,139.5,140.99000549316406,512200
2024-06-17,141.24000549316406,141.24000549316406,142.77000427246094,138.77000427246094,140.33999633789062,997900
2024-06-18,142.2100067138672,142.2100067138672,142.6699981689453,140.13999938964844,140.60000610351562,819200
2024-06-20,140.24000549316406,140.24000549316406,145.32000732421875,139.19000244140625,141.69000244140625,1040700
2024-06-21,141.3800048828125,141.3800048828125,143.0800018310547,136.5,140.22000122070312,5696200
2024-06-24,143.8800048828125,143.8800048828125,144.57000732421875,139.25,142.0399932861328,1129100
2024-06-25,142.9199981689453,142.9199981689453,144.11000061035156,141.6199951171875,143.89999389648438,628800
2024-06-26,142.16000366210938,142.16000366210938,142.9499969482422,139.86000061035156,142.07000732421875,838100
2024-06-27,141.4499969482422,141.4499969482422,141.6999969482422,139.24000549316406,141.6699981689453,719900
2024-06-28,138.57000732421875,138.57000732421875,142.7100067138672,138.22999572753906,140.85000610351562,932000
2024-07-01,138.61000061035156,138.61000061035156,142.60000610351562,138.47999572753906,139.32000732421875,644300
2024-07-02,138.4499969482422,138.4499969482422,139.0800018310547,137.08999633789062,138.33999633789062,680800
2024-07-03,137.9499969482422,137.9499969482422,139.11000061035156,137.47999572753906,139.11000061035156,572000
2024-07-05,136.4499969482422,136.4499969482422,138.3300018310547,135.77000427246094,137.9600067138672,863500
2024-07-08,137.3800048828125,137.3800048828125,138.13999938964844,135.83999633789062,136.97000122070312,564300
2024-07-09,137.9199981689453,137.9199981689453,138.82000732421875,136.75,137.33999633789062,456000
2024-07-10,139.3699951171875,139.3699951171875,139.6999969482422,138.22999572753906,138.86000061035156,622800
2024-07-11,140.25,140.25,141.3000030517578,139.55999755859375,140.0,411600
2024-07-12,141.5500030517578,141.5500030517578,144.10000610351562,140.52000427246094,140.5800018310547,838500
2024-07-15,135.9499969482422,135.9499969482422,142.7899932861328,135.50999450683594,140.49000549316406,778900
2024-07-16,137.72000122070312,137.72000122070312,138.8800048828125,136.44000244140625,136.89999389648438,562400
2024-07-17,139.67999267578125,139.67999267578125,140.3300018310547,137.00999450683594,137.5,654100
2024-07-18,136.05999755859375,136.05999755859375,142.3800048828125,135.7100067138672,140.67999267578125,848400
2024-07-19,137.9499969482422,137.9499969482422,138.88999938964844,134.47999572753906,136.89999389648438,698200
2024-07-22,139.9600067138672,139.9600067138672,140.02000427246094,137.9600067138672,137.9600067138672,395800
2024-07-23,141.86000061035156,141.86000061035156,142.2100067138672,139.88999938964844,141.1300048828125,330400
2024-07-24,143.80999755859375,143.80999755859375,144.86000061035156,142.1699981689453,142.72999572753906,356400
2024-07-25,142.5,142.5,145.3800048828125,142.27999877929688,143.88999938964844,337700
2024-07-26,137.41000366210938,137.41000366210938,143.7899932861328,136.3000030517578,143.38999938964844,831000
2024-07-29,139.16000366210938,139.16000366210938,140.02999877929688,136.94000244140625,137.61000061035156,500900
2024-07-30,136.47000122070312,136.47000122070312,139.3300018310547,133.61000061035156,137.9499969482422,638000
2024-07-31,136.6199951171875,136.6199951171875,137.8000030517578,134.52999877929688,136.5500030517578,760800
2024-08-01,137.52000427246094,137.52000427246094,138.13999938964844,135.1199951171875,136.72000122070312,446200
2024-08-02,139.52000427246094,139.52000427246094,140.08999633789062,134.8699951171875,136.2100067138672,602100
2024-08-05,135.41000366210938,135.41000366210938,138.67999267578125,134.91000366210938,136.72000122070312,785400
2024-08-06,136.99000549316406,136.99000549316406,140.50999450683594,134.0,134.5800018310547,1280000
2024-08-07,133.97999572753906,133.97999572753906,142.8800048828125,131.75999450683594,142.0500030517578,1431800
2024-08-08,138.8800048828125,138.8800048828125,139.5,133.52999877929688,134.94000244140625,865100
2024-08-09,140.3000030517578,140.3000030517578,141.07000732421875,136.74000549316406,138.72999572753906,581700
2024-08-12,143.6300048828125,143.6300048828125,144.58999633789062,139.66000366210938,139.92999267578125,745400
2024-08-13,145.83999633789062,145.83999633789062,147.91000366210938,144.1999969482422,144.1999969482422,872000
2024-08-14,148.8800048828125,148.8800048828125,151.0500030517578,145.3000030517578,146.2899932861328,1106000
2024-08-15,149.9600067138672,149.9600067138672,151.5500030517578,148.5800018310547,150.07000732421875,933300
2024-08-16,150.3000030517578,150.3000030517578,151.27000427246094,148.52000427246094,150.0,680400
2024-08-19,152.1699981689453,152.1699981689453,152.22000122070312,150.3000030517578,150.3000030517578,643100
2024-08-20,147.5800018310547,147.5800018310547,152.0800018310547,147.3699951171875,151.75999450683594,759800
2024-08-21,150.60000610351562,150.60000610351562,150.6999969482422,147.82000732421875,148.39999389648438,542100
2024-08-22,152.35000610351562,152.35000610351562,152.3699951171875,149.50999450683594,151.1999969482422,396500
2024-08-23,153.99000549316406,153.99000549316406,155.55999755859375,152.6199951171875,153.3000030517578,475300
2024-08-26,154.75,154.75,156.44000244140625,153.19000244140625,154.0,491500
2024-08-27,154.85000610351562,154.85000610351562,156.08999633789062,154.41000366210938,154.7899932861328,460900
2024-08-28,153.5800018310547,153.5800018310547,155.19000244140625,153.52999877929688,154.88999938964844,519600
2024-08-29,153.24000549316406,153.24000549316406,154.7100067138672,152.14999389648438,153.7899932861328,655200
2024-08-30,150.9199981689453,150.9199981689453,153.83999633789062,147.5800018310547,152.97000122070312,1085900
2024-09-03,151.97999572753906,151.97999572753906,152.00999450683594,148.77000427246094,150.0,878800
2024-09-04,151.3699951171875,151.3699951171875,152.33999633789062,149.5399932861328,152.02999877929688,491800
2024-09-05,148.74000549316406,148.74000549316406,151.75999450683594,148.1300048828125,151.22999572753906,609800
2024-09-06,149.97999572753906,149.97999572753906,151.44000244140625,148.30999755859375,149.16000366210938,752600
2024-09-09,150.24000549316406,150.24000549316406,152.75,148.9499969482422,150.42999267578125,823400
2024-09-10,153.5500030517578,153.5500030517578,154.55999755859375,149.69000244140625,150.52999877929688,768100
2024-09-11,153.99000549316406,153.99000549316406,154.60000610351562,150.58999633789062,153.0399932861328,567100
2024-09-12,157.63999938964844,157.63999938964844,160.82000732421875,154.0399932861328,154.0399932861328,1130900
2024-09-13,163.55999755859375,163.55999755859375,163.58999633789062,157.58999633789062,159.30999755859375,806800
2024-09-16,165.19000244140625,165.19000244140625,166.02000427246094,163.8800048828125,164.1300048828125,760600
2024-09-17,164.22000122070312,164.22000122070312,166.0399932861328,162.50999450683594,165.92999267578125,882600
2024-09-18,163.16000366210938,163.16000366210938,163.5399932861328,160.02999877929688,162.32000732421875,831000
2024-09-19,163.13999938964844,163.13999938964844,166.0399932861328,161.33999633789062,165.25999450683594,850200
2024-09-20,164.0,164.0,165.1699981689453,161.6699981689453,163.1300048828125,2139300
2024-09-23,161.5800018310547,161.5800018310547,165.8699951171875,161.30999755859375,165.0,724500
2024-09-24,161.57000732421875,161.57000732421875,161.7899932861328,159.27000427246094,161.39999389648438,829100
2024-09-25,164.11000061035156,164.11000061035156,164.75,161.55999755859375,162.4199981689453,658300
2024-09-26,162.25999450683594,162.25999450683594,165.77999877929688,162.24000549316406,164.07000732421875,460800
2024-09-27,163.0800018310547,163.0800018310547,164.50999450683594,161.44000244140625,162.3699951171875,395400
2024-09-30,163.92999267578125,163.92999267578125,164.30999755859375,161.99000549316406,164.30999755859375,479900
2024-10-01,162.75,162.75,163.94000244140625,160.58999633789062,163.52000427246094,620200
2024-10-02,159.11000061035156,159.11000061035156,163.05999755859375,158.92999267578125,162.5500030517578,709100
2024-10-03,159.07000732421875,159.07000732421875,159.52000427246094,156.60000610351562,159.02999877929688,617400
2024-10-04,160.69000244140625,160.69000244140625,161.0800018310547,159.00999450683594,159.66000366210938,391600
2024-10-07,157.5399932861328,157.5399932861328,160.16000366210938,155.39999389648438,160.16000366210938,887200
2024-10-08,154.35000610351562,154.35000610351562,158.3800048828125,152.61000061035156,157.41000366210938,986500
2024-10-09,159.3000030517578,159.3000030517578,159.6300048828125,153.0,154.1199951171875,710300
2024-10-10,159.42999267578125,159.42999267578125,162.0,159.02000427246094,159.25999450683594,574000
2024-10-11,160.85000610351562,160.85000610351562,161.6199951171875,159.67999267578125,159.8800048828125,405300
2024-10-14,161.8300018310547,161.8300018310547,162.89999389648438,160.30999755859375,161.0,378400
2024-10-15,164.57000732421875,164.57000732421875,167.30999755859375,161.05999755859375,161.10000610351562,808300
2024-10-16,164.82000732421875,164.82000732421875,168.5,164.3699951171875,164.3699951171875,513500
2024-10-17,160.10000610351562,160.10000610351562,165.25,159.63999938964844,163.99000549316406,714000
2024-10-18,161.97000122070312,161.97000122070312,162.5399932861328,158.27000427246094,160.2100067138672,575200
2024-10-21,161.5399932861328,161.5399932861328,162.99000549316406,160.9499969482422,162.1300048828125,391900
2024-10-22,163.16000366210938,163.16000366210938,163.47999572753906,160.25999450683594,160.80999755859375,484500
2024-10-23,162.77999877929688,162.77999877929688,164.25,161.6300048828125,162.6999969482422,702900
2024-10-24,161.3800048828125,161.3800048828125,163.9600067138672,160.07000732421875,162.77000427246094,507400
2024-10-25,156.99000549316406,156.99000549316406,160.82000732421875,156.55999755859375,160.63999938964844,854300
2024-10-28,157.0500030517578,157.0500030517578,159.32000732421875,156.63999938964844,157.97000122070312,827500
2024-10-29,158.30999755859375,158.30999755859375,160.4499969482422,156.52000427246094,157.47000122070312,1267600
2024-10-30,141.22000122070312,141.22000122070312,150.0,138.0,148.02000427246094,3294600
2024-10-31,139.80999755859375,139.80999755859375,142.1999969482422,138.58999633789062,142.1999969482422,1176800
2024-11-01,141.58999633789062,141.58999633789062,143.4199981689453,140.5,141.63999938964844,1064300
2024-11-04,144.94000244140625,144.94000244140625,145.77999877929688,141.5,141.5,824700
2024-11-05,147.0800018310547,147.0800018310547,147.49000549316406,143.1999969482422,144.16000366210938,765800
2024-11-06,147.07000732421875,147.07000732421875,148.74000549316406,143.0,147.60000610351562,964900
2024-11-07,150.3699951171875,150.3699951171875,150.77000427246094,146.9600067138672,147.38999938964844,671300
2024-11-08,149.66000366210938,149.66000366210938,151.91000366210938,148.9600067138672,150.80999755859375,748700
2024-11-11,154.47999572753906,154.47999572753906,155.60000610351562,150.50999450683594,150.50999450683594,681900
2024-11-12,158.0399932861328,158.0399932861328,159.6999969482422,154.24000549316406,154.60000610351562,1002700
2024-11-13,157.27999877929688,157.27999877929688,159.7100067138672,156.52999877929688,158.6199951171875,794800
2024-11-14,154.36000061035156,154.36000061035156,157.55999755859375,154.3000030517578,156.85000610351562,864700
2024-11-15,160.3300018310547,160.3300018310547,160.42999267578125,154.80999755859375,155.25999450683594,1163000
2024-11-18,157.41000366210938,157.41000366210938,161.8000030517578,156.99000549316406,160.3800048828125,940600
2024-11-19,156.97999572753906,156.97999572753906,158.22000122070312,154.0500030517578,156.1199951171875,819400
2024-11-20,161.39999389648438,161.39999389648438,161.88999938964844,156.86000061035156,157.1199951171875,998300
2024-11-21,164.13999938964844,164.13999938964844,164.8699951171875,161.3800048828125,161.39999389648438,707800
2024-11-22,165.50999450683594,165.50999450683594,166.27000427246094,163.75999450683594,164.94000244140625,612100
2024-11-25,166.99000549316406,166.99000549316406,169.1199951171875,164.64999389648438,165.52000427246094,1864500
2024-11-26,167.9600067138672,167.9600067138672,168.7899932861328,165.00999450683594,166.5,517800
2024-11-27,165.6300048828125,165.6300048828125,169.52000427246094,165.57000732421875,167.9600067138672,558600
2024-11-29,166.1699981689453,166.1699981689453,168.30999755859375,164.94000244140625,165.36000061035156,314300
2024-12-02,163.74000549316406,163.74000549316406,166.58999633789062,163.57000732421875,166.4600067138672,694800
2024-12-03,164.00999450683594,164.00999450683594,165.25,163.35000610351562,165.13999938964844,523500
2024-12-04,163.3800048828125,163.3800048828125,164.32000732421875,161.74000549316406,164.00999450683594,413800
2024-12-05,161.3699951171875,161.3699951171875,163.60000610351562,161.2899932861328,163.3800048828125,447300
2024-12-06,160.25,160.25,163.3300018310547,160.05999755859375,162.64999389648438,506700
2024-12-09,158.05999755859375,158.05999755859375,162.3800048828125,157.99000549316406,161.02000427246094,549700
2024-12-10,153.80999755859375,153.80999755859375,159.44000244140625,152.35000610351562,158.5,788800
2024-12-11,155.5,155.5,156.35000610351562,154.30999755859375,154.5,509700
2024-12-12,153.89999389648438,153.89999389648438,156.74000549316406,153.02999877929688,155.35000610351562,463700
2024-12-13,152.72999572753906,152.72999572753906,154.6699981689453,151.6199951171875,154.1199951171875,508600
2024-12-16,150.58999633789062,150.58999633789062,154.41000366210938,150.0399932861328,152.85000610351562,783200
2024-12-17,147.57000732421875,147.57000732421875,150.07000732421875,145.13999938964844,149.77000427246094,1005100
2024-12-18,146.75999450683594,146.75999450683594,151.02999877929688,146.5800018310547,148.1699981689453,1065200
2024-12-19,147.5399932861328,147.5399932861328,149.39999389648438,145.99000549316406,147.1199951171875,853200
2024-12-20,151.85000610351562,151.85000610351562,153.47000122070312,147.5800018310547,148.42999267578125,1793300
2024-12-23,,153.02000427246094,153.05999755859375,150.3000030517578,151.17999267578125,750500
2024-12-24,,155.05999755859375,155.05999755859375,152.22999572753906,153.0399932861328,309900
2024-12-26,,155.5399932861328,155.83999633789062,153.88999938964844,154.83999633789062,328400
2024-12-27,,154.3000030517578,156.6999969482422,153.99000549316406,155.17999267578125,684000
2024-12-30,,149.7899932861328,152.5399932861328,148.47999572753906,151.92999267578125,699800
