Price,Adj Close,Close,High,Low,Open,Volume
Ticker,EQIX,EQIX,EQIX,EQIX,EQIX,EQIX
Date,,,,,,
2014-03-24,138.4738311767578,181.3000030517578,181.8999938964844,178.69000244140625,181.6300048828125,707700
2014-03-25,139.390380859375,182.5,184.6999969482422,180.44000244140625,183.2400054931641,649600
2014-03-26,138.00796508789062,180.69000244140625,184.9199981689453,180.6499938964844,183.57000732421875,881300
2014-03-27,138.51210021972656,181.3500061035156,183.07000732421875,179.42999267578125,180.1199951171875,769900
2014-03-28,140.5513916015625,184.0200042724609,184.3000030517578,180.11000061035156,181.25,695800
2014-03-31,141.17767333984375,184.83999633789065,185.5200042724609,183.1499938964844,185.0,699500
2014-04-01,141.63597106933594,185.44000244140625,185.9900054931641,184.2400054931641,185.47999572753903,934500
2014-04-02,140.8721466064453,184.44000244140625,186.4199981689453,184.25,185.67999267578125,1097100
2014-04-03,139.7570343017578,182.97999572753903,186.1199951171875,182.259994506836,186.1199951171875,1187600
2014-04-04,136.7171630859375,179.0,184.8999938964844,177.9600067138672,183.88999938964844,1713300
2014-04-07,135.23541259765625,177.05999755859375,180.25,175.0,178.41000366210938,1747300
2014-04-08,135.55621337890625,177.47999572753906,178.35000610351562,176.02999877929688,177.32000732421875,893000
2014-04-09,135.05213928222656,176.82000732421875,178.75,175.0,178.19000244140625,946400
2014-04-10,132.4017791748047,173.35000610351562,178.02999877929688,171.8800048828125,176.72999572753906,1012700
2014-04-11,130.209716796875,170.47999572753906,173.55999755859375,169.9499969482422,172.27000427246094,807200
2014-04-14,131.04226684570312,171.57000732421875,173.41000366210938,170.0,171.99000549316406,903200
2014-04-15,133.0051727294922,174.13999938964844,174.47999572753906,170.8699951171875,173.58999633789062,1054900
2014-04-16,137.29000854492188,179.75,182.72000122070312,174.50999450683594,175.19000244140625,1904000
2014-04-17,136.69422912597656,178.97000122070312,183.72999572753903,178.7899932861328,180.1600036621093,967200
2014-04-21,137.7177734375,180.3099975585937,180.4100036621093,177.63999938964844,178.77000427246094,651500
2014-04-22,137.85520935058594,180.4900054931641,181.6199951171875,180.0,180.4600067138672,471700
2014-04-23,137.57261657714844,180.1199951171875,182.8999938964844,179.02999877929688,180.0500030517578,891300
2014-04-24,137.89337158203125,180.5399932861328,182.47000122070312,179.0,182.2700042724609,452400
2014-04-25,137.6337127685547,180.1999969482422,180.6499938964844,178.2100067138672,178.7899932861328,786600
2014-04-28,137.36643981933594,179.85000610351562,182.2899932861328,176.49000549316406,181.1999969482422,1233100
2014-04-29,141.59011840820312,185.3800048828125,185.4900054931641,180.92999267578125,181.0,1309500
2014-04-30,143.4460906982422,187.8099975585937,188.6199951171875,182.4600067138672,186.8999938964844,1079700
2014-05-01,144.37026977539062,189.0200042724609,189.9600067138672,182.2899932861328,188.009994506836,1393300
2014-05-02,142.69760131835938,186.8300018310547,189.9499969482422,186.2100067138672,189.8699951171875,767300
2014-05-05,145.8596649169922,190.97000122070312,191.3500061035156,183.52999877929688,185.72999572753903,511900
2014-05-06,143.7821044921875,188.25,191.47999572753903,188.0500030517578,189.9100036621093,991100
2014-05-07,143.10235595703125,187.3600006103516,188.8699951171875,184.0399932861328,188.2899932861328,584300
2014-05-08,143.79739379882812,188.2700042724609,190.509994506836,185.22000122070312,186.5399932861328,611900
2014-05-09,145.5770263671875,190.6000061035156,190.82000732421875,186.67999267578125,187.97000122070312,560000
2014-05-12,146.86782836914062,192.2899932861328,192.9199981689453,190.58999633789065,191.0,922800
2014-05-13,148.14337158203125,193.9600067138672,195.5,192.3999938964844,192.509994506836,846000
2014-05-14,149.28143310546875,195.4499969482422,196.8300018310547,192.3000030517578,193.1000061035156,714900
2014-05-15,149.640380859375,195.9199981689453,195.9199981689453,193.0,195.3099975585937,579000
2014-05-16,149.1439208984375,195.2700042724609,196.32000732421875,194.5200042724609,196.13999938964844,718700
2014-05-19,150.12156677246094,196.5500030517578,197.3300018310547,193.75,195.0,653300
2014-05-20,147.8072509765625,193.5200042724609,197.4499969482422,193.2700042724609,196.5200042724609,593900
2014-05-21,148.70852661132812,194.6999969482422,195.5200042724609,193.3000030517578,193.8999938964844,506000
2014-05-22,149.27378845214844,195.44000244140625,195.8000030517578,193.07000732421875,194.57000732421875,509100
2014-05-23,150.0146484375,196.4100036621093,196.52999877929688,193.5200042724609,195.4100036621093,389100
2014-05-27,151.35890197753906,198.1699981689453,198.3800048828125,196.5399932861328,197.4499969482422,945300
2014-05-28,151.62623596191406,198.5200042724609,199.6699981689453,197.1699981689453,197.75,769000
2014-05-29,152.42054748535156,199.5599975585937,200.4600067138672,198.07000732421875,198.9600067138672,589600
2014-05-30,151.80186462402344,198.75,199.63999938964844,196.9199981689453,199.63999938964844,506800
2014-06-02,152.81008911132812,200.07000732421875,200.5800018310547,197.33999633789065,199.1100006103516,517100
2014-06-03,150.25140380859375,196.72000122070312,199.6100006103516,196.67999267578125,199.1300048828125,450500
2014-06-04,152.619140625,199.82000732421875,200.0,196.0,196.0,657300
2014-06-05,152.8024139404297,200.0599975585937,200.58999633789065,198.9199981689453,199.77999877929688,614000
2014-06-06,154.26889038085938,201.97999572753903,202.6699981689453,200.009994506836,200.5200042724609,786600
2014-06-09,154.05503845214844,201.6999969482422,203.22000122070312,201.1499938964844,201.5800018310547,737100
2014-06-10,154.26889038085938,201.97999572753903,203.8500061035156,200.8800048828125,200.8800048828125,1409300
2014-06-11,153.909912109375,201.509994506836,203.5,201.33999633789065,201.7899932861328,750400
2014-06-12,154.85699462890625,202.75,203.6199951171875,200.3099975585937,201.3000030517578,1476300
2014-06-13,157.36988830566406,206.0399932861328,206.19000244140625,201.88999938964844,202.75,1157100
2014-06-16,157.95797729492188,206.8099975585937,207.42999267578125,205.4600067138672,205.7400054931641,544200
2014-06-17,158.00379943847656,206.8699951171875,208.4600067138672,206.19000244140625,206.19000244140625,807500
2014-06-18,159.31753540039062,208.58999633789065,208.8000030517578,206.38999938964844,207.4600067138672,643500
2014-06-19,158.33224487304688,207.3000030517578,208.88999938964844,206.8300018310547,208.6600036621093,685200
2014-06-20,159.78343200683594,209.1999969482422,209.6600036621093,205.47000122070312,208.0200042724609,1528400
2014-06-23,159.66880798339844,209.0500030517578,209.259994506836,206.3500061035156,208.9100036621093,612300
2014-06-24,159.98199462890625,209.4600067138672,210.17999267578125,207.97000122070312,209.0,1209300
2014-06-25,159.17236328125,208.3999938964844,211.8600006103516,207.63999938964844,209.97000122070312,730600
2014-06-26,159.37860107421875,208.6699981689453,210.22999572753903,204.6100006103516,208.5,1351600
2014-06-27,160.47842407226562,210.1100006103516,210.7899932861328,204.0399932861328,208.47000122070312,910400
2014-06-30,160.4632110595703,210.08999633789065,211.27999877929688,208.8800048828125,210.0800018310547,662600
2014-07-01,162.3115234375,212.509994506836,214.0200042724609,210.9900054931641,211.009994506836,645400
2014-07-02,161.78451538085938,211.82000732421875,214.32000732421875,211.22000122070312,213.0200042724609,502700
2014-07-03,162.67816162109375,212.9900054931641,214.5,211.52999877929688,212.4199981689453,425000
2014-07-07,162.08999633789062,212.22000122070312,214.1000061035156,211.47000122070312,212.3500061035156,405400
2014-07-08,160.20350646972656,209.75,212.9900054931641,207.3800048828125,212.0800018310547,921200
2014-07-09,162.37265014648438,212.58999633789065,212.69000244140625,208.9199981689453,210.0599975585937,793700
2014-07-10,161.54776000976562,211.509994506836,212.259994506836,207.02999877929688,208.52999877929688,688100
2014-07-11,161.4713592529297,211.4100036621093,212.4900054931641,210.7400054931641,211.8600006103516,272100
2014-07-14,161.28041076660156,211.1600036621093,212.8600006103516,210.92999267578125,212.5200042724609,627300
2014-07-15,161.5095672607422,211.4600067138672,212.42999267578125,210.1100006103516,211.1999969482422,368100
2014-07-16,160.40203857421875,210.009994506836,212.0800018310547,208.9900054931641,212.0800018310547,407700
2014-07-17,159.27169799804688,208.52999877929688,210.52999877929688,207.759994506836,209.6199951171875,315000
2014-07-18,160.90614318847656,210.6699981689453,218.83999633789065,209.47999572753903,218.83999633789065,332000
2014-07-21,160.6846466064453,210.3800048828125,211.1000061035156,208.5800018310547,209.6499938964844,250500
2014-07-22,162.83091735839844,213.19000244140625,214.07000732421875,210.8800048828125,211.0,497400
2014-07-23,164.60284423828125,215.509994506836,216.02999877929688,212.47999572753903,213.63999938964844,579200
2014-07-24,165.82493591308594,217.1100006103516,217.5599975585937,213.1699981689453,214.4499969482422,635800
2014-07-25,166.51229858398438,218.009994506836,218.52999877929688,215.6100006103516,215.8999938964844,885400
2014-07-28,165.99298095703125,217.3300018310547,219.6100006103516,216.6999969482422,217.5599975585937,1152800
2014-07-29,164.2821044921875,215.08999633789065,217.77999877929688,214.77999877929688,217.77999877929688,509400
2014-07-30,164.78619384765625,215.75,217.8099975585937,214.5500030517578,214.5500030517578,450800
2014-07-31,163.8468017578125,214.5200042724609,220.8500061035156,210.0,216.0,1502500
2014-08-01,161.44845581054688,211.3800048828125,214.9900054931641,209.3000030517578,213.5599975585937,617800
2014-08-04,161.71580505371094,211.72999572753903,212.5200042724609,209.259994506836,211.6999969482422,493700
2014-08-05,160.8679656982422,210.6199951171875,212.4199981689453,208.9199981689453,210.7400054931641,459500
2014-08-06,159.56956481933594,208.9199981689453,210.33999633789065,208.27999877929688,208.8000030517578,306000
2014-08-07,160.0889129638672,209.6000061035156,211.6100006103516,207.5500030517578,210.3000030517578,259800
2014-08-08,160.69993591308594,210.3999938964844,210.72999572753903,208.38999938964844,210.3999938964844,491800
2014-08-11,161.4408721923828,211.3699951171875,213.1999969482422,209.3099975585937,210.5399932861328,720900
2014-08-12,162.40316772460938,212.6300048828125,213.0,210.009994506836,211.19000244140625,436700
2014-08-13,164.11404418945312,214.8699951171875,215.38999938964844,211.6199951171875,212.7100067138672,355200
2014-08-14,166.2221221923828,217.6300048828125,217.7100067138672,214.4900054931641,215.3999938964844,362000
2014-08-15,165.70272827148438,216.9499969482422,218.6300048828125,215.1199951171875,218.6300048828125,389200
2014-08-18,167.94061279296875,219.8800048828125,220.47000122070312,216.5800018310547,218.009994506836,551500
2014-08-19,168.56689453125,220.6999969482422,221.7899932861328,216.52999877929688,219.8000030517578,341000
2014-08-20,168.32247924804688,220.3800048828125,220.7100067138672,219.0,220.44000244140625,420800
2014-08-21,170.76663208007812,223.5800018310547,224.47999572753903,219.69000244140625,220.94000244140625,445800
2014-08-22,170.1708984375,222.8000030517578,224.44000244140625,221.3500061035156,223.5599975585937,964200
2014-08-25,169.32305908203125,221.69000244140625,224.1300048828125,220.13999938964844,224.1300048828125,252800
2014-08-26,165.93186950683594,217.25,222.32000732421875,216.6300048828125,221.3699951171875,600100
2014-08-27,166.03114318847656,217.3800048828125,218.8000030517578,216.57000732421875,218.8000030517578,385000
2014-08-28,165.1222686767578,216.19000244140625,217.27999877929688,215.2899932861328,217.0399932861328,434200
2014-08-29,166.70327758789062,218.259994506836,218.8500061035156,216.1999969482422,217.6000061035156,445100
2014-09-02,167.6121826171875,219.4499969482422,219.97000122070312,217.6199951171875,217.6499938964844,634200
2014-09-03,167.46707153320312,219.259994506836,219.9499969482422,217.3699951171875,219.0599975585937,546400
2014-09-04,167.00880432128906,218.6600036621093,220.0,218.1100006103516,218.5800018310547,431900
2014-09-05,167.51290893554688,219.32000732421875,220.1499938964844,218.1100006103516,218.2899932861328,825800
2014-09-08,167.2073516845703,218.9199981689453,219.9199981689453,217.8300018310547,218.8099975585937,638800
2014-09-09,165.51939392089844,216.7100067138672,218.6499938964844,216.07000732421875,218.1100006103516,346100
2014-09-10,166.3290252685547,217.7700042724609,218.4499969482422,216.08999633789065,217.5800018310547,449700
2014-09-11,165.85543823242188,217.1499938964844,217.8300018310547,215.2700042724609,216.6999969482422,345600
2014-09-12,165.5347137451172,216.72999572753903,218.0599975585937,213.9100036621093,217.42999267578125,525200
2014-09-15,164.70980834960938,215.6499938964844,216.92999267578125,214.6499938964844,216.47999572753903,338400
2014-09-16,165.44305419921875,216.6100006103516,218.1999969482422,215.259994506836,215.4499969482422,666900
2014-09-17,165.5423126220703,216.7400054931641,218.1300048828125,215.63999938964844,216.9600067138672,1302100
2014-09-18,167.3525390625,219.1100006103516,219.19000244140625,216.2400054931641,216.67999267578125,522500
2014-09-19,166.10748291015625,217.47999572753903,221.38999938964844,217.2899932861328,220.2700042724609,1178900
2014-09-22,163.63287353515625,214.2400054931641,216.5399932861328,212.5,216.3800048828125,414700
2014-09-23,159.82928466796875,209.259994506836,212.4600067138672,209.1999969482422,210.07000732421875,594600
2014-09-24,160.4632110595703,210.08999633789065,210.5,208.0500030517578,208.69000244140625,859600
2014-09-25,157.5378875732422,206.259994506836,210.2899932861328,205.7700042724609,210.0399932861328,531100
2014-09-26,160.17294311523438,209.7100067138672,210.25,205.509994506836,206.1699981689453,588000
2014-09-29,161.97549438476562,212.07000732421875,212.1199951171875,207.08999633789065,208.2700042724609,483900
2014-09-30,162.2886505126953,212.47999572753903,213.5399932861328,210.3600006103516,211.83999633789065,593700
2014-10-01,157.6448516845703,206.3999938964844,212.4100036621093,205.33999633789065,212.4100036621093,1170300
2014-10-02,156.3157958984375,204.6600036621093,207.47999572753903,202.9100036621093,206.7899932861328,655600
2014-10-03,159.45497131347656,208.7700042724609,209.8800048828125,205.0500030517578,205.44000244140625,407800
2014-10-06,157.7364959716797,206.5200042724609,210.3699951171875,205.92999267578125,209.6199951171875,545700
2014-10-07,154.5361785888672,202.3300018310547,205.83999633789065,201.92999267578125,204.94000244140625,441700
2014-10-08,157.86630249023438,206.69000244140625,206.97000122070312,201.32000732421875,202.1999969482422,664800
2014-10-09,153.291259765625,200.6999969482422,207.4100036621093,199.8800048828125,206.6499938964844,663500
2014-10-10,148.26559448242188,194.1199951171875,201.1300048828125,193.6600036621093,200.0,1100600
2014-10-13,147.333740234375,192.8999938964844,196.5800018310547,192.5800018310547,194.6199951171875,693700
2014-10-14,149.9001007080078,196.259994506836,196.3000030517578,192.9900054931641,193.8600006103516,860600
2014-10-15,147.7156219482422,193.3999938964844,196.47999572753903,190.4199981689453,193.2400054931641,843200
2014-10-16,146.8297119140625,192.2400054931641,194.5599975585937,190.0,190.0,496800
2014-10-17,157.62953186035156,206.3800048828125,208.58999633789065,195.1699981689453,195.1699981689453,1275200
2014-10-20,155.56732177734375,203.67999267578125,207.3500061035156,201.07000732421875,205.19000244140625,846600
2014-10-21,158.1412353515625,207.0500030517578,208.6300048828125,204.22999572753903,204.3800048828125,633900
2014-10-22,153.10794067382812,200.4600067138672,207.5200042724609,200.1300048828125,206.8099975585937,1513800
2014-10-23,156.94970703125,197.72999572753903,199.0599975585937,195.3300018310547,196.5399932861328,872500
2014-10-24,154.6795196533203,194.8699951171875,195.4900054931641,192.0599975585937,195.1699981689453,923800
2014-10-27,152.36973571777344,191.9600067138672,195.8600006103516,190.5,194.6999969482422,929700
2014-10-28,153.2032012939453,193.009994506836,193.88999938964844,191.92999267578125,192.77999877929688,1244100
2014-10-29,152.7428436279297,192.42999267578125,194.9600067138672,189.5500030517578,193.6600036621093,1262200
2014-10-30,164.6015625,207.3699951171875,207.8600006103516,192.0200042724609,194.44000244140625,1641100
2014-10-31,165.81600952148438,208.8999938964844,210.8999938964844,206.92999267578125,210.6499938964844,884800
2014-11-03,167.33999633789062,210.82000732421875,210.9199981689453,208.0399932861328,208.83999633789065,1358900
2014-11-04,167.27655029296875,210.7400054931641,211.38999938964844,209.0500030517578,210.0200042724609,678300
2014-11-05,168.95132446289062,212.8500061035156,213.5599975585937,208.83999633789065,212.92999267578125,460800
2014-11-06,170.55470275878906,214.8699951171875,215.75,212.8600006103516,213.5200042724609,475500
2014-11-07,169.88796997070312,214.02999877929688,215.72999572753903,212.82000732421875,215.72999572753903,403000
2014-11-10,173.06300354003906,218.02999877929688,218.75,213.2400054931641,213.4900054931641,759200
2014-11-11,176.21420288085938,222.0,222.8800048828125,216.8699951171875,218.4100036621093,826700
2014-11-12,176.3650665283203,222.19000244140625,222.4600067138672,219.3999938964844,220.3300018310547,741500
2014-11-13,176.19041442871094,221.97000122070312,224.1499938964844,221.72000122070312,222.17999267578125,665400
2014-11-14,176.28561401367188,222.08999633789065,222.25,220.8099975585937,221.2700042724609,477000
2014-11-17,178.01611328125,224.2700042724609,224.3000030517578,220.83999633789065,222.8300018310547,419900
2014-11-18,178.6828155517578,225.1100006103516,226.7400054931641,223.0399932861328,223.7700042724609,440900
2014-11-19,179.13528442382812,225.67999267578125,226.2899932861328,222.17999267578125,223.8800048828125,323900
2014-11-20,176.66671752929688,222.57000732421875,224.8099975585937,221.22999572753903,223.82000732421875,529400
2014-11-21,177.54771423339844,223.67999267578125,225.9100036621093,221.47000122070312,225.3500061035156,469700
2014-11-24,178.19866943359375,224.5,224.57000732421875,221.19000244140625,223.7400054931641,538100
2014-11-25,179.80992126464844,226.52999877929688,226.6199951171875,224.0,224.9499969482422,527900
2014-11-26,179.75440979003906,226.4600067138672,226.8500061035156,224.6499938964844,226.0,403400
2014-11-28,180.3179626464844,227.1699981689453,229.1600036621093,223.82000732421875,227.0,284300
2014-12-01,177.94461059570312,224.17999267578125,227.22000122070312,224.0,227.1499938964844,438400
2014-12-02,178.92098999023438,225.4100036621093,225.6199951171875,222.67999267578125,224.08999633789065,406800
2014-12-03,180.87359619140625,227.8699951171875,228.3500061035156,224.6100006103516,225.69000244140625,327000
2014-12-04,182.91357421875,230.44000244140625,230.5599975585937,226.22000122070312,228.47000122070312,420400
2014-12-05,183.8978271484375,231.67999267578125,232.22999572753903,229.94000244140625,231.0,564400
2014-12-08,181.7784576416016,229.009994506836,231.4600067138672,227.08999633789065,230.6000061035156,375700
2014-12-09,182.45314025878903,229.8600006103516,231.13999938964844,225.0399932861328,225.92999267578125,664000
2014-12-10,182.34996032714844,229.72999572753903,231.38999938964844,228.22999572753903,229.8500061035156,919300
2014-12-11,184.3502655029297,232.25,233.82000732421875,230.2100067138672,231.1300048828125,652600
2014-12-12,179.65121459960938,226.3300018310547,232.3600006103516,225.759994506836,229.6600036621093,1008400
2014-12-15,176.10313415527344,221.8600006103516,229.9100036621093,220.2400054931641,227.25,1163100
2014-12-16,174.64259338378906,220.0200042724609,223.22000122070312,217.67999267578125,220.33999633789065,682200
2014-12-17,178.3335418701172,224.6699981689453,224.94000244140625,218.47000122070312,220.0,454300
2014-12-18,181.1355438232422,228.1999969482422,231.22000122070312,227.17999267578125,229.009994506836,1052700
2014-12-19,185.81871032714844,234.1000061035156,234.97999572753903,226.57000732421875,227.82000732421875,1006100
2014-12-22,185.42184448242188,233.6000061035156,235.83999633789065,232.6600036621093,234.8099975585937,460200
2014-12-23,184.13595581054688,231.97999572753903,235.47000122070312,231.8300018310547,235.47000122070312,304700
2014-12-24,185.0725555419922,233.1600036621093,234.27999877929688,232.0,233.22999572753903,153300
2014-12-26,184.7550811767578,232.759994506836,235.3800048828125,232.22000122070312,234.3699951171875,324900
2014-12-29,182.5484161376953,229.97999572753903,233.5399932861328,229.6999969482422,232.7100067138672,291100
2014-12-30,182.31027221679688,229.67999267578125,231.25,227.97000122070312,229.4900054931641,279300
2014-12-31,179.96868896484375,226.72999572753903,230.0,225.759994506836,229.6000061035156,351000
2015-01-02,179.90516662597656,226.6499938964844,229.5599975585937,224.27999877929688,228.509994506836,383500
2015-01-05,178.05575561523438,224.32000732421875,227.3699951171875,224.259994506836,226.13999938964844,553600
2015-01-06,174.17428588867188,219.42999267578125,226.4199981689453,219.25,224.19000244140625,826200
2015-01-07,174.74575805664062,220.1499938964844,221.5500030517578,219.1100006103516,220.72000122070312,482300
2015-01-08,176.83334350585938,222.77999877929688,224.9900054931641,219.8999938964844,221.9499969482422,550700
2015-01-09,172.15814208984375,216.88999938964844,223.1999969482422,216.72999572753903,222.22999572753903,716300
2015-01-12,172.15017700195312,216.8800048828125,219.1600036621093,215.0,216.88999938964844,816400
2015-01-13,172.44387817382812,217.25,220.5399932861328,215.22999572753903,218.9499969482422,733000
2015-01-14,173.73770141601562,218.8800048828125,219.3099975585937,214.5500030517578,215.5500030517578,711900
2015-01-15,173.20587158203125,218.2100067138672,220.17999267578125,217.5399932861328,218.7400054931641,678300
2015-01-16,174.81724548339844,220.2400054931641,220.97000122070312,217.08999633789065,218.22000122070312,966600
2015-01-20,176.53175354003906,222.3999938964844,223.0500030517578,219.47000122070312,221.38999938964844,391200
2015-01-21,177.34133911132812,223.4199981689453,224.58999633789065,220.2899932861328,222.58999633789065,497300
2015-01-22,181.8896026611328,229.1499938964844,229.8099975585937,222.0500030517578,224.009994506836,694700
2015-01-23,183.0405731201172,230.6000061035156,231.32000732421875,228.1499938964844,229.8800048828125,916400
2015-01-26,182.09600830078125,229.4100036621093,233.6000061035156,226.97000122070312,233.6000061035156,384900
2015-01-27,176.1348419189453,221.8999938964844,229.3999938964844,221.58999633789065,226.0599975585937,486400
2015-01-28,172.32484436035156,217.1000061035156,223.1499938964844,215.0800018310547,222.8000030517578,804700
2015-01-29,176.1507110595703,221.9199981689453,222.5399932861328,216.6100006103516,216.8300018310547,432100
2015-01-30,172.13433837890625,216.8600006103516,220.97000122070312,216.52999877929688,219.08999633789065,389200
2015-02-02,173.03921508789062,218.0,219.97999572753903,213.88999938964844,218.0500030517578,681000
2015-02-03,177.48423767089844,223.6000061035156,223.72000122070312,218.5,219.67999267578125,556200
2015-02-04,176.30946350097656,222.1199951171875,224.25,221.38999938964844,221.42999267578125,421300
2015-02-05,179.2305145263672,225.8000030517578,226.2400054931641,220.1199951171875,223.509994506836,485600
2015-02-06,174.17428588867188,219.42999267578125,226.9499969482422,218.3300018310547,226.9499969482422,440600
2015-02-09,172.4835662841797,217.3000030517578,219.2700042724609,214.4900054931641,218.0399932861328,704100
2015-02-10,174.48385620117188,219.82000732421875,222.2100067138672,217.25,219.32000732421875,425500
2015-02-11,175.47604370117188,221.07000732421875,222.4900054931641,219.6300048828125,221.3500061035156,481300
2015-02-12,180.7704315185547,227.7400054931641,228.9499969482422,222.6999969482422,223.69000244140625,539200
2015-02-13,180.7386932373047,227.6999969482422,229.0200042724609,227.3800048828125,228.92999267578125,387800
2015-02-17,178.7383575439453,225.17999267578125,227.69000244140625,224.1600036621093,226.38999938964844,498700
2015-02-18,181.69911193847656,228.9100036621093,229.47999572753903,222.47000122070312,222.7700042724609,723300
2015-02-19,182.09600830078125,229.4100036621093,230.7100067138672,224.5399932861328,227.8999938964844,639100
2015-02-20,186.8347320556641,235.3800048828125,238.8099975585937,220.83999633789065,225.8600006103516,1637500
2015-02-23,184.9138336181641,232.9600067138672,235.4900054931641,230.69000244140625,234.2400054931641,839400
2015-02-24,184.28672790527344,232.1699981689453,233.3800048828125,230.3999938964844,232.19000244140625,690800
2015-02-25,181.2863311767578,228.38999938964844,233.5500030517578,227.7899932861328,232.3800048828125,502100
2015-02-26,179.70680236816406,226.3999938964844,228.8999938964844,225.5500030517578,228.3800048828125,329500
2015-02-27,177.94461059570312,224.17999267578125,227.88999938964844,223.6499938964844,227.88999938964844,478400
2015-03-02,177.51600646972656,223.63999938964844,226.6199951171875,221.22999572753903,224.92999267578125,723500
2015-03-03,175.5157012939453,221.1199951171875,224.69000244140625,219.3000030517578,224.0,619300
2015-03-04,177.66680908203125,223.8300018310547,225.27999877929688,219.7400054931641,219.7400054931641,805100
2015-03-05,185.97743225097656,234.3000030517578,235.2700042724609,223.3699951171875,223.8000030517578,1314100
2015-03-06,186.9458770751953,235.5200042724609,238.7100067138672,230.1199951171875,232.72000122070312,1320700
2015-03-09,184.88316345214844,231.25,235.19000244140625,230.1600036621093,234.5599975585937,704200
2015-03-10,182.00498962402344,227.6499938964844,230.009994506836,225.9499969482422,229.42999267578125,501400
2015-03-11,181.5013122558593,227.0200042724609,228.8000030517578,225.92999267578125,228.2400054931641,548900
2015-03-12,185.0750427246093,231.4900054931641,232.8999938964844,226.3300018310547,227.8099975585937,640200
2015-03-13,184.27554321289065,230.4900054931641,232.44000244140625,227.9100036621093,230.58999633789065,717100
2015-03-16,188.79266357421875,236.13999938964844,237.8099975585937,232.5200042724609,232.52999877929688,957400
2015-03-17,187.2895965576172,234.259994506836,236.8699951171875,233.32000732421875,234.72000122070312,430100
2015-03-18,189.0885162353516,236.509994506836,236.77999877929688,230.6600036621093,233.3300018310547,711700
2015-03-19,188.60076904296875,235.8999938964844,236.97999572753903,234.1600036621093,234.6199951171875,699900
2015-03-20,191.0392303466797,238.9499969482422,244.97000122070312,237.1199951171875,237.94000244140625,13251000
2015-03-23,190.7993621826172,238.6499938964844,239.9900054931641,235.8000030517578,239.259994506836,791900
2015-03-24,184.95510864257807,231.33999633789065,238.6000061035156,231.25,237.4600067138672,646400
2015-03-25,182.9723663330078,228.8600006103516,232.08999633789065,227.69000244140625,231.3500061035156,627900
2015-03-26,182.17288208007807,227.8600006103516,228.9199981689453,225.0200042724609,226.3099975585937,554500
2015-03-27,183.6678924560547,229.72999572753903,230.6000061035156,226.57000732421875,226.57000732421875,517800
2015-03-30,187.2576599121093,234.22000122070312,234.5200042724609,229.3099975585937,230.82000732421875,646000
2015-03-31,186.16238403320312,232.8500061035156,236.5399932861328,231.4600067138672,232.7400054931641,913200
2015-04-01,186.7539825439453,233.58999633789065,233.9499969482422,230.6100006103516,233.3099975585937,610800
2015-04-02,188.3609313964844,235.6000061035156,236.7100067138672,230.9600067138672,233.2899932861328,470200
2015-04-06,188.0011444091797,235.1499938964844,236.5399932861328,231.9199981689453,233.3300018310547,306900
2015-04-07,187.3135528564453,234.2899932861328,237.1999969482422,234.17999267578125,235.6100006103516,301200
2015-04-08,191.1512145996093,239.08999633789065,239.6699981689453,233.72000122070312,235.1100006103516,636900
2015-04-09,191.92672729492188,240.0599975585937,240.3000030517578,238.6600036621093,238.9600067138672,439600
2015-04-10,191.5988922119141,239.6499938964844,241.2400054931641,236.47999572753903,240.0599975585937,524700
2015-04-13,191.69483947753903,239.7700042724609,242.32000732421875,239.4600067138672,239.759994506836,625300
2015-04-14,193.0700225830078,241.4900054931641,242.02999877929688,237.6499938964844,239.27999877929688,503700
2015-04-15,192.83013916015625,241.19000244140625,242.9499969482422,241.02999877929688,242.3300018310547,509900
2015-04-16,193.1259002685547,241.5599975585937,242.9600067138672,240.1100006103516,240.1100006103516,568500
2015-04-17,188.79266357421875,236.13999938964844,240.8300018310547,233.19000244140625,238.259994506836,860000
2015-04-20,191.7748107910156,239.8699951171875,240.6100006103516,236.9600067138672,238.0,508800
2015-04-21,194.9007873535156,243.77999877929688,244.97999572753903,239.6300048828125,240.58999633789065,779100
2015-04-22,195.70034790039065,244.77999877929688,245.5,242.8800048828125,244.8800048828125,595700
2015-04-23,197.419174194336,246.92999267578125,248.3000030517578,242.4900054931641,244.009994506836,587300
2015-04-24,196.7317047119141,246.07000732421875,247.69000244140625,245.3000030517578,246.6499938964844,504600
2015-04-27,195.7562866210937,244.8500061035156,246.4100036621093,243.32000732421875,244.9900054931641,800200
2015-04-28,196.97950744628903,246.3800048828125,247.8300018310547,243.72999572753903,244.1600036621093,730700
2015-04-29,195.71627807617188,244.8000030517578,246.97999572753903,242.7700042724609,244.4499969482422,716200
2015-04-30,204.61463928222656,255.92999267578125,262.0,249.6999969482422,255.25,1743400
2015-05-01,206.97320556640625,258.8800048828125,260.0,256.239990234375,258.92999267578125,1149400
2015-05-04,207.1730194091797,259.1300048828125,260.29998779296875,257.79998779296875,260.29998779296875,1009000
2015-05-05,205.614013671875,257.17999267578125,259.8599853515625,257.1700134277344,258.239990234375,977700
2015-05-06,206.4934844970703,258.2799987792969,259.4700012207031,256.0400085449219,258.8099975585937,804900
2015-05-07,209.46755981445312,262.0,270.4599914550781,261.2099914550781,265.25,1533800
2015-05-08,214.2086181640625,267.92999267578125,269.8900146484375,262.0899963378906,264.0899963378906,862200
2015-05-11,210.6029052734375,263.4200134277344,269.79998779296875,263.25,268.2799987792969,601900
2015-05-12,207.3089599609375,259.29998779296875,261.69000244140625,258.2699890136719,261.04998779296875,944700
2015-05-13,207.6127777099609,259.67999267578125,261.5599975585937,256.8999938964844,259.6099853515625,611100
2015-05-14,208.9959411621093,261.4100036621094,262.0599975585937,258.1300048828125,260.6700134277344,408400
2015-05-15,208.1884613037109,260.3999938964844,261.6199951171875,259.5799865722656,261.6199951171875,385900
2015-05-18,209.699447631836,262.2900085449219,264.1099853515625,259.1600036621094,260.489990234375,326800
2015-05-19,210.81076049804688,263.67999267578125,263.9800109863281,260.9800109863281,261.9700012207031,377700
2015-05-20,215.7836303710937,269.8999938964844,270.1499938964844,266.19000244140625,269.9100036621094,1201100
2015-05-21,214.44044494628903,268.2200012207031,268.75,263.2099914550781,266.8800048828125,2051300
2015-05-22,215.62319946289065,268.0,268.1300048828125,265.57000732421875,266.739990234375,644900
2015-05-26,214.63351440429688,266.7699890136719,267.3500061035156,263.5400085449219,265.0299987792969,577700
2015-05-27,217.2404022216797,270.010009765625,270.0400085449219,265.04998779296875,267.70001220703125,389200
2015-05-28,216.58062744140625,269.19000244140625,270.5199890136719,267.7099914550781,269.69000244140625,589600
2015-05-29,215.67950439453125,268.07000732421875,269.3599853515625,265.6499938964844,268.0299987792969,1128600
2015-06-01,217.3529663085937,270.1499938964844,274.1300048828125,267.95001220703125,274.1300048828125,557500
2015-06-02,216.3874969482422,268.95001220703125,269.9599914550781,265.8399963378906,266.67999267578125,1008500
2015-06-03,214.126708984375,266.1400146484375,268.95001220703125,265.6400146484375,268.32000732421875,882600
2015-06-04,211.64862060546875,263.0599975585937,266.489990234375,262.29998779296875,264.57000732421875,916300
2015-06-05,211.6405639648437,263.04998779296875,265.0,261.8900146484375,263.0400085449219,656200
2015-06-08,210.35333251953125,261.45001220703125,264.8099975585937,261.3699951171875,263.6099853515625,401400
2015-06-09,207.42462158203125,257.8099975585937,262.82000732421875,257.0,260.8500061035156,514400
2015-06-10,209.4843292236328,260.3699951171875,262.17999267578125,257.6300048828125,258.4599914550781,482300
2015-06-11,209.9349365234375,260.92999267578125,262.510009765625,260.67999267578125,261.010009765625,313500
2015-06-12,209.76593017578125,260.7200012207031,261.8099975585937,259.07000732421875,259.9200134277344,458100
2015-06-15,205.8557586669922,255.8600006103516,260.6499938964844,255.759994506836,258.1000061035156,555800
2015-06-16,205.7270355224609,255.6999969482422,257.7900085449219,252.6199951171875,252.8000030517578,817300
2015-06-17,206.8694763183593,257.1199951171875,258.2200012207031,255.69000244140625,257.95001220703125,794900
2015-06-18,210.2727966308593,261.3500061035156,261.8599853515625,256.0899963378906,257.7300109863281,1183600
2015-06-19,211.431396484375,262.7900085449219,263.19000244140625,260.0400085449219,261.3399963378906,2106400
2015-06-22,209.2187957763672,260.0400085449219,264.9800109863281,259.6600036621094,264.07000732421875,448200
2015-06-23,208.59132385253903,259.260009765625,261.0299987792969,258.54998779296875,259.8999938964844,525500
2015-06-24,206.0569000244141,256.1099853515625,260.0899963378906,254.9100036621093,259.010009765625,451600
2015-06-25,206.44308471679688,256.5899963378906,257.4800109863281,255.259994506836,255.8999938964844,517200
2015-06-26,208.2774810791016,258.8699951171875,258.8900146484375,254.8099975585937,256.5299987792969,775000
2015-06-29,201.40652465820312,250.3300018310547,257.0,249.9900054931641,256.6600036621094,800900
2015-06-30,204.35926818847656,254.0,255.1699981689453,249.9600067138672,251.58999633789065,699600
2015-07-01,205.67874145507807,255.63999938964844,256.1499938964844,253.13999938964844,255.5399932861328,466300
2015-07-02,205.43739318847656,255.33999633789065,257.2099914550781,253.8099975585937,256.1400146484375,349500
2015-07-06,205.57418823242188,255.509994506836,256.2099914550781,251.4499969482422,253.13999938964844,543600
2015-07-07,207.1752319335937,257.5,258.82000732421875,253.0,255.509994506836,817500
2015-07-08,206.25,256.3500061035156,259.6199951171875,256.1700134277344,257.0,520500
2015-07-09,206.51551818847656,256.67999267578125,260.20001220703125,255.9499969482422,258.6400146484375,518200
2015-07-10,208.2050628662109,258.7799987792969,261.6600036621094,257.8299865722656,260.0400085449219,544900
2015-07-13,209.1383819580078,259.94000244140625,262.5199890136719,258.8500061035156,260.17999267578125,435300
2015-07-14,210.04757690429688,261.07000732421875,262.4700012207031,259.3900146484375,260.1000061035156,361500
2015-07-15,209.02577209472656,259.79998779296875,263.3900146484375,258.75,261.1000061035156,378600
2015-07-16,210.89230346679688,262.1199951171875,263.6700134277344,260.0199890136719,261.4599914550781,484100
2015-07-17,212.00262451171875,263.5,263.8699951171875,260.04998779296875,261.6700134277344,438600
2015-07-20,217.4253692626953,270.239990234375,270.5599975585937,263.07000732421875,263.94000244140625,678700
2015-07-21,216.29901123046875,268.8399963378906,272.32000732421875,268.6400146484375,270.239990234375,474200
2015-07-22,216.8702545166016,269.54998779296875,271.5899963378906,267.6700134277344,268.54998779296875,461700
2015-07-23,216.7415313720703,269.3900146484375,273.04998779296875,267.7200012207031,269.32000732421875,538700
2015-07-24,222.1079864501953,276.0599975585937,276.1199951171875,267.3800048828125,268.29998779296875,653400
2015-07-27,222.5746154785156,276.6400146484375,277.5400085449219,271.3500061035156,274.8500061035156,748800
2015-07-28,224.6343536376953,279.20001220703125,281.3599853515625,275.5199890136719,278.94000244140625,993100
2015-07-29,224.650390625,279.2200012207031,280.5,276.8699951171875,278.9700012207031,714100
2015-07-30,227.353744506836,282.5799865722656,288.1199951171875,280.0599975585937,281.3999938964844,821300
2015-07-31,224.4009704589844,278.9100036621094,284.1499938964844,278.67999267578125,283.6700134277344,523800
2015-08-03,227.60313415527344,282.8900146484375,284.2699890136719,277.69000244140625,279.7699890136719,642400
2015-08-04,225.31011962890625,280.0400085449219,284.260009765625,279.54998779296875,281.989990234375,419900
2015-08-05,225.63999938964844,280.45001220703125,283.6099853515625,279.42999267578125,281.5899963378906,478100
2015-08-06,225.2778778076172,280.0,281.04998779296875,274.6600036621094,281.0400085449219,520800
2015-08-07,225.59165954589844,280.3900146484375,280.739990234375,273.0199890136719,279.9700012207031,309600
2015-08-10,225.350341796875,280.0899963378906,283.44000244140625,278.0,282.8900146484375,996600
2015-08-11,224.8193359375,279.42999267578125,282.489990234375,276.9700012207031,278.42999267578125,550600
2015-08-12,225.55958557128903,280.3500061035156,281.5799865722656,275.2300109863281,277.44000244140625,697400
2015-08-13,227.07212829589844,282.2300109863281,284.260009765625,278.8399963378906,283.9700012207031,539300
2015-08-14,228.818099975586,284.3999938964844,287.7799987792969,281.8900146484375,285.1099853515625,980100
2015-08-17,228.9065093994141,284.510009765625,284.57000732421875,281.0899963378906,282.8299865722656,404500
2015-08-18,231.24783325195312,287.4200134277344,287.75,283.4700012207031,284.44000244140625,405200
2015-08-19,229.77536010742188,285.5899963378906,288.5,283.9800109863281,286.1300048828125,494200
2015-08-20,225.2457733154297,279.9599914550781,284.6499938964844,279.9200134277344,284.2200012207031,568700
2015-08-21,218.2862701416016,271.3099975585937,279.7900085449219,271.3099975585937,277.1600036621094,1271900
2015-08-24,206.87890625,255.52999877929688,267.0899963378906,251.0,260.0,1306700
2015-08-25,203.30044555664065,251.1100006103516,263.6700134277344,250.8600006103516,260.3099975585937,1294200
2015-08-26,211.14553833007807,260.79998779296875,261.8099975585937,252.02999877929688,257.0199890136719,1077000
2015-08-27,215.46890258789065,266.1400146484375,268.17999267578125,261.5199890136719,262.0899963378906,704700
2015-08-28,217.606201171875,268.7799987792969,270.0,264.489990234375,264.7099914550781,588600
2015-08-31,218.40774536132807,269.7699890136719,270.1000061035156,265.0,267.5199890136719,4911600
2015-09-01,212.82139587402344,262.8699951171875,266.7699890136719,260.42999267578125,265.0899963378906,1298200
2015-09-02,218.55352783203125,269.95001220703125,269.9800109863281,263.6199951171875,264.989990234375,1049100
2015-09-03,222.1885528564453,274.44000244140625,275.17999267578125,269.4100036621094,269.510009765625,1006000
2015-09-04,218.4967498779297,269.8800048828125,273.2300109863281,268.07000732421875,272.82000732421875,824700
2015-09-08,226.1070709228516,279.2799987792969,279.75,270.260009765625,271.2200012207031,850000
2015-09-09,227.49957275390625,281.0,283.7200012207031,280.510009765625,282.3599853515625,884500
2015-09-10,230.8513946533203,285.1400146484375,287.9100036621094,279.1199951171875,279.7200012207031,1220500
2015-09-11,234.47840881347656,289.6199951171875,289.6199951171875,283.1600036621094,284.57000732421875,1095900
2015-09-14,234.543212890625,289.70001220703125,291.6199951171875,287.1499938964844,289.8699951171875,1071400
2015-09-15,234.82655334472656,290.04998779296875,291.7099914550781,288.32000732421875,290.75,784900
2015-09-16,235.2476348876953,290.57000732421875,291.1600036621094,286.3999938964844,289.510009765625,674000
2015-09-17,234.84274291992188,290.07000732421875,294.489990234375,288.4800109863281,290.6400146484375,899200
2015-09-18,231.1509552001953,285.510009765625,294.4599914550781,283.2900085449219,285.8900146484375,1469800
2015-09-21,236.4215087890625,292.0199890136719,292.4599914550781,286.2099914550781,287.5199890136719,596500
2015-09-22,233.5312042236328,288.45001220703125,289.8699951171875,285.79998779296875,285.79998779296875,622400
2015-09-23,233.8873291015625,288.8900146484375,289.8099975585937,284.5799865722656,287.45001220703125,526900
2015-09-24,226.4228515625,279.6700134277344,289.8299865722656,279.0599975585937,287.7099914550781,841500
2015-09-25,226.123275756836,279.29998779296875,285.44000244140625,277.6000061035156,284.1700134277344,1018800
2015-09-28,218.9906616210937,270.489990234375,284.6099853515625,269.6700134277344,279.0,959800
2015-09-29,217.7681884765625,268.9800109863281,271.5,268.1199951171875,271.5,1202800
2015-09-30,221.3465270996093,273.3999938964844,273.8900146484375,269.1300048828125,270.45001220703125,802100
2015-10-01,223.8239898681641,276.4599914550781,276.739990234375,271.70001220703125,274.8599853515625,828100
2015-10-02,226.3499450683593,279.5799865722656,279.6700134277344,270.0,271.9800109863281,536200
2015-10-05,229.4750518798828,283.44000244140625,285.0,279.8999938964844,281.25,636600
2015-10-06,228.6834716796875,271.54998779296875,278.0,270.07000732421875,272.9599914550781,743000
2015-10-07,223.51266479492188,265.4100036621094,273.4800109863281,263.20001220703125,273.4599914550781,1031700
2015-10-08,225.1379852294922,267.3399963378906,267.67999267578125,262.6000061035156,265.1300048828125,766300
2015-10-09,227.27703857421875,269.8800048828125,270.6099853515625,265.5799865722656,267.0899963378906,749000
2015-10-12,229.5339508056641,272.5599975585937,273.2799987792969,269.4100036621094,269.4100036621094,510000
2015-10-13,228.80975341796875,271.70001220703125,273.3999938964844,269.3299865722656,270.92999267578125,555000
2015-10-14,231.33621215820312,274.70001220703125,275.75,269.7300109863281,271.0799865722656,723100
2015-10-15,235.8837432861328,280.1000061035156,280.3999938964844,270.0,275.45001220703125,755200
2015-10-16,241.10499572753903,286.29998779296875,286.5599975585937,276.2699890136719,281.20001220703125,569200
2015-10-19,244.8188934326172,290.7099914550781,291.2699890136719,283.9599914550781,284.9700012207031,840100
2015-10-20,247.0504913330078,293.3599853515625,293.8999938964844,289.75,290.8800048828125,646800
2015-10-21,246.14111328125,292.2799987792969,296.69000244140625,291.8900146484375,294.7300109863281,818100
2015-10-22,248.1116180419922,294.6199951171875,296.3900146484375,292.3299865722656,292.5899963378906,1297300
2015-10-23,248.29693603515625,294.8399963378906,297.5799865722656,292.0,297.5799865722656,974000
2015-10-26,253.65283203125,301.20001220703125,301.7699890136719,294.2799987792969,295.2699890136719,894300
2015-10-27,249.3495941162109,296.0899963378906,300.739990234375,295.45001220703125,300.0799865722656,846600
2015-10-28,248.0863647460937,294.5899963378906,297.8500061035156,290.3699951171875,296.79998779296875,1290800
2015-10-29,246.67153930664065,292.9100036621094,301.67999267578125,285.739990234375,291.3099975585937,1197500
2015-10-30,249.84646606445312,296.67999267578125,298.3599853515625,291.0,293.6199951171875,690600
2015-11-02,255.65728759765625,303.5799865722656,304.7300109863281,297.3299865722656,297.7699890136719,679800
2015-11-03,252.06134033203125,299.3099975585937,303.57000732421875,297.4100036621094,302.69000244140625,609000
2015-11-04,249.2653350830078,295.989990234375,302.32000732421875,292.9200134277344,299.3399963378906,622500
2015-11-05,249.10533142089844,295.79998779296875,297.0899963378906,291.25,295.6099853515625,485100
2015-11-06,244.5325927734375,290.3699951171875,298.0,287.0,295.4200134277344,853500
2015-11-09,246.2420349121093,292.3999938964844,293.94000244140625,287.1300048828125,291.010009765625,869300
2015-11-10,250.57061767578125,297.5400085449219,297.70001220703125,290.5599975585937,292.3800048828125,789500
2015-11-11,250.048568725586,296.9200134277344,301.54998779296875,296.0199890136719,299.79998779296875,588800
2015-11-12,248.21270751953125,294.739990234375,298.1600036621094,294.6199951171875,296.2200012207031,432500
2015-11-13,245.1219787597656,291.07000732421875,296.0,290.1300048828125,294.67999267578125,659300
2015-11-16,248.7601623535156,295.3900146484375,295.5400085449219,290.0,290.0899963378906,531500
2015-11-17,251.8592224121093,299.07000732421875,302.760009765625,291.9800109863281,293.239990234375,876300
2015-11-18,246.8231201171875,293.0899963378906,298.9599914550781,287.510009765625,298.9599914550781,1114200
2015-11-19,240.945053100586,286.1099853515625,288.5,282.79998779296875,287.75,2297300
2015-11-20,251.4633026123047,298.6000061035156,298.6000061035156,286.29998779296875,286.8900146484375,1885300
2015-11-23,250.7307586669922,297.7300109863281,300.79998779296875,295.0400085449219,297.760009765625,640500
2015-11-24,246.9241485595703,293.2099914550781,298.1700134277344,293.1300048828125,296.69000244140625,599400
2015-11-25,248.5411071777344,295.1300048828125,296.510009765625,292.1400146484375,293.8299865722656,357200
2015-11-27,250.7475433349609,297.75,298.3299865722656,293.6000061035156,295.010009765625,226700
2015-11-30,249.69483947753903,296.5,298.9800109863281,292.739990234375,297.75,679500
2015-12-01,253.17291259765625,300.6300048828125,300.8099975585937,296.5,297.70001220703125,489000
2015-12-02,252.35598754882807,299.6600036621094,303.1400146484375,299.25,300.7699890136719,518800
2015-12-03,248.61688232421875,295.2200012207031,300.0,293.8999938964844,298.3699951171875,683800
2015-12-04,253.65283203125,301.20001220703125,301.760009765625,291.95001220703125,296.2200012207031,838100
2015-12-07,252.01841735839844,297.5799865722656,302.4100036621094,296.6000061035156,302.4100036621094,538200
2015-12-08,252.4588317871093,298.1000061035156,301.1000061035156,295.1499938964844,295.5199890136719,690200
2015-12-09,252.57736206054688,298.239990234375,300.6499938964844,295.3699951171875,297.69000244140625,671900
2015-12-10,250.3839263916016,295.6499938964844,299.3399963378906,293.94000244140625,297.8399963378906,700000
2015-12-11,245.5481872558593,289.94000244140625,295.239990234375,287.29998779296875,292.5899963378906,809700
2015-12-14,248.60546875,293.54998779296875,298.69000244140625,290.2300109863281,290.7900085449219,1172100
2015-12-15,245.6158905029297,290.0199890136719,295.1700134277344,289.9200134277344,294.6700134277344,1006400
2015-12-16,250.24842834472656,295.489990234375,296.57000732421875,290.1199951171875,290.8800048828125,1140900
2015-12-17,248.4868621826172,293.4100036621094,297.3399963378906,292.44000244140625,296.2099914550781,682000
2015-12-18,245.04849243164065,289.3500061035156,294.7900085449219,289.3500061035156,292.20001220703125,2005000
2015-12-21,250.4600982666016,295.739990234375,296.1300048828125,289.2200012207031,291.07000732421875,881300
2015-12-22,251.46795654296875,296.92999267578125,298.5299987792969,292.6000061035156,295.989990234375,583500
2015-12-23,251.8236083984375,297.3500061035156,297.92999267578125,292.8500061035156,297.92999267578125,542100
2015-12-24,251.68814086914065,297.19000244140625,298.45001220703125,295.9100036621094,296.989990234375,206700
2015-12-28,254.83859252929688,300.9100036621094,301.54998779296875,295.2900085449219,296.5599975585937,338400
2015-12-29,258.28546142578125,304.9800109863281,305.0,301.95001220703125,305.0,416200
2015-12-30,256.3460693359375,302.69000244140625,304.8299865722656,302.20001220703125,303.44000244140625,321000
2015-12-31,256.10040283203125,302.3999938964844,304.3699951171875,299.6000061035156,302.489990234375,404300
2016-01-04,250.74807739257807,296.0799865722656,300.6000061035156,293.25,299.75,879600
2016-01-05,256.9558410644531,303.4100036621094,304.5299987792969,294.1700134277344,297.9800109863281,1440300
2016-01-06,261.8000793457031,309.1300048828125,310.2799987792969,298.8800048828125,299.6400146484375,1147500
2016-01-07,256.854248046875,303.2900085449219,306.70001220703125,302.25,304.7300109863281,1151900
2016-01-08,262.3589172363281,309.7900085449219,312.2900085449219,304.32000732421875,304.6000061035156,1462700
2016-01-11,264.9758605957031,312.8800048828125,318.3599853515625,309.3599853515625,311.739990234375,1605900
2016-01-12,266.7035522460937,314.9200134277344,316.0,309.8299865722656,314.760009765625,860600
2016-01-13,258.7936706542969,305.5799865722656,316.20001220703125,304.69000244140625,314.239990234375,1222900
2016-01-14,263.375244140625,310.989990234375,315.5,297.2900085449219,306.07000732421875,3697900
2016-01-15,256.7695007324219,303.19000244140625,309.9700012207031,299.79998779296875,305.010009765625,1256300
2016-01-19,249.92662048339844,295.1099853515625,308.94000244140625,289.7200012207031,308.5,1831600
2016-01-20,249.2914123535156,294.3599853515625,297.25,281.8500061035156,290.8399963378906,1383600
2016-01-21,245.41261291503903,289.7799987792969,295.3500061035156,287.3099975585937,294.2900085449219,860400
2016-01-22,251.56954956054688,297.04998779296875,298.54998779296875,291.3599853515625,293.70001220703125,1268800
2016-01-25,254.0086669921875,299.92999267578125,306.3099975585937,295.7799987792969,296.260009765625,1369700
2016-01-26,257.150634765625,303.6400146484375,305.989990234375,299.8800048828125,304.17999267578125,1045200
2016-01-27,253.7037811279297,299.57000732421875,307.9599914550781,297.0199890136719,304.239990234375,1089600
2016-01-28,254.2542419433593,300.2200012207031,309.9599914550781,295.510009765625,301.25,1032400
2016-01-29,263.0195617675781,310.57000732421875,310.8299865722656,300.010009765625,301.3299865722656,1145300
2016-02-01,263.7563781738281,311.44000244140625,315.8099975585937,308.8800048828125,310.04998779296875,812200
2016-02-02,264.7303466796875,312.5899963378906,313.8699951171875,307.260009765625,307.92999267578125,1013500
2016-02-03,262.147216796875,309.5400085449219,314.8800048828125,304.3399963378906,313.5,1268100
2016-02-04,261.22418212890625,308.45001220703125,314.0799865722656,305.3599853515625,312.1700134277344,1032900
2016-02-05,244.27783203125,288.44000244140625,307.3399963378906,288.1099853515625,306.9100036621094,1390300
2016-02-08,227.6786499023437,268.8399963378906,286.0,261.8099975585937,285.8800048828125,1850300
2016-02-09,224.468994140625,265.04998779296875,269.989990234375,255.4499969482422,268.69000244140625,2097000
2016-02-10,231.48974609375,273.3399963378906,278.2799987792969,266.2900085449219,268.04998779296875,1498100
2016-02-11,232.9378356933593,275.04998779296875,279.2900085449219,265.3999938964844,265.3999938964844,978600
2016-02-12,241.262939453125,284.8800048828125,285.1700134277344,276.5599975585937,279.5400085449219,1081600
2016-02-16,246.6999053955078,291.29998779296875,291.67999267578125,284.44000244140625,285.82000732421875,1304600
2016-02-17,246.1493988037109,290.6499938964844,296.42999267578125,285.95001220703125,291.29998779296875,1320100
2016-02-18,245.8614501953125,290.3099975585937,293.6700134277344,286.95001220703125,288.0199890136719,1178300
2016-02-19,253.53436279296875,299.3699951171875,304.1300048828125,284.760009765625,287.8999938964844,2163900
2016-02-22,253.92398071289065,299.8299865722656,304.8299865722656,298.1700134277344,302.1700134277344,940900
2016-02-23,247.3435516357422,292.0599975585937,299.8999938964844,290.6199951171875,298.8500061035156,969900
2016-02-24,249.8419189453125,295.010009765625,296.6099853515625,287.69000244140625,290.5899963378906,1078300
2016-02-25,260.41119384765625,307.489990234375,307.6199951171875,296.2300109863281,296.2300109863281,999000
2016-02-26,259.80133056640625,306.7699890136719,315.0599975585937,303.6600036621094,306.489990234375,897300
2016-02-29,257.1929626464844,303.69000244140625,308.7699890136719,302.95001220703125,305.3099975585937,1007800
2016-03-01,261.18182373046875,308.3999938964844,308.57000732421875,303.0199890136719,306.239990234375,1335000
2016-03-02,257.4639587402344,304.010009765625,308.0,299.29998779296875,307.7099914550781,1016300
2016-03-03,263.0365295410156,310.5899963378906,310.8099975585937,301.70001220703125,302.7799987792969,1113100
2016-03-04,262.2997436523437,309.7200012207031,311.44000244140625,303.5,310.5899963378906,1008400
2016-03-07,253.57823181152344,297.7300109863281,308.0199890136719,294.04998779296875,305.8900146484375,1079800
2016-03-08,254.44696044921875,298.75,303.7200012207031,295.3699951171875,295.8399963378906,872500
2016-03-09,256.584716796875,301.260009765625,303.70001220703125,299.2900085449219,299.9200134277344,674900
2016-03-10,261.2265625,306.7099914550781,307.6000061035156,301.29998779296875,303.4599914550781,811400
2016-03-11,270.8421936035156,318.0,319.3599853515625,308.6600036621094,310.0,983600
2016-03-14,267.4525756835937,314.0199890136719,315.6700134277344,309.3699951171875,313.7699890136719,836800
2016-03-15,266.1324157714844,312.4700012207031,315.6099853515625,311.260009765625,311.260009765625,850800
2016-03-16,269.7862548828125,316.760009765625,318.32000732421875,310.2799987792969,310.2799987792969,671300
2016-03-17,269.9736328125,316.9800109863281,321.45001220703125,315.07000732421875,316.5899963378906,1008900
2016-03-18,268.9344787597656,315.760009765625,318.2900085449219,314.20001220703125,317.5,1049200
2016-03-21,270.3228454589844,317.3900146484375,319.0,311.95001220703125,314.760009765625,619900
2016-03-22,271.72802734375,319.0400085449219,320.45001220703125,315.3099975585937,315.6499938964844,528300
2016-03-23,272.00067138671875,319.3599853515625,320.489990234375,317.7200012207031,319.3099975585937,456900
2016-03-24,273.1845092773437,320.75,323.0,317.79998779296875,317.9599914550781,547800
2016-03-28,275.75665283203125,323.7699890136719,324.9700012207031,320.69000244140625,321.70001220703125,389700
2016-03-29,280.5006408691406,329.3399963378906,329.4100036621094,322.7699890136719,322.7699890136719,515300
2016-03-30,279.4530944824219,328.1099853515625,331.6700134277344,327.7900085449219,330.2900085449219,534700
2016-03-31,281.6674499511719,330.7099914550781,331.79998779296875,326.9599914550781,327.5400085449219,819300
2016-04-01,281.01177978515625,329.94000244140625,332.20001220703125,327.7099914550781,328.3099975585937,499900
2016-04-04,283.71160888671875,333.1099853515625,334.17999267578125,330.3399963378906,331.95001220703125,515200
2016-04-05,279.9044189453125,328.6400146484375,333.2099914550781,328.239990234375,330.0,427200
2016-04-06,278.8568115234375,327.4100036621094,329.70001220703125,326.1600036621094,328.010009765625,735900
2016-04-07,277.49420166015625,325.8099975585937,326.95001220703125,323.1199951171875,325.6000061035156,573600
2016-04-08,277.6473999023437,325.989990234375,329.7200012207031,322.9200134277344,328.7200012207031,554800
2016-04-11,275.9440612792969,323.989990234375,328.0,323.4599914550781,327.9599914550781,608500
2016-04-12,274.3598327636719,322.1300048828125,326.20001220703125,321.2099914550781,326.20001220703125,663000
2016-04-13,273.8659362792969,321.54998779296875,322.3999938964844,318.4100036621094,322.3999938964844,520000
2016-04-14,273.1845092773437,320.75,322.19000244140625,318.6000061035156,320.7799987792969,357200
2016-04-15,276.0377197265625,324.1000061035156,325.32000732421875,319.6400146484375,320.5,480400
2016-04-18,277.30682373046875,325.5899963378906,326.010009765625,322.2300109863281,323.010009765625,303500
2016-04-19,276.6849670410156,324.8599853515625,327.8800048828125,321.67999267578125,327.2099914550781,318600
2016-04-20,276.8978576660156,325.1099853515625,326.9599914550781,322.3399963378906,325.07000732421875,464200
2016-04-21,272.45196533203125,319.8900146484375,329.32000732421875,318.07000732421875,324.2300109863281,695500
2016-04-22,274.2577209472656,322.010009765625,322.9200134277344,316.29998779296875,320.1400146484375,395300
2016-04-25,278.3543395996094,326.82000732421875,326.8500061035156,320.1600036621094,321.5400085449219,373300
2016-04-26,281.15643310546875,330.1099853515625,333.45001220703125,325.57000732421875,326.57000732421875,653000
2016-04-27,282.6128234863281,331.82000732421875,334.57000732421875,326.25,330.04998779296875,623700
2016-04-28,279.563720703125,328.239990234375,334.6199951171875,327.19000244140625,330.7699890136719,471500
2016-04-29,281.36083984375,330.3500061035156,331.8399963378906,324.69000244140625,327.1700134277344,465500
2016-05-02,284.14599609375,333.6199951171875,333.8500061035156,329.5,331.1000061035156,395000
2016-05-03,283.524169921875,332.8900146484375,333.489990234375,328.260009765625,332.45001220703125,625700
2016-05-04,285.1764831542969,334.8299865722656,337.1199951171875,330.0199890136719,330.82000732421875,1049800
2016-05-05,281.8207702636719,330.8900146484375,336.9100036621094,326.95001220703125,334.260009765625,1010800
2016-05-06,286.9906921386719,336.9599914550781,337.7900085449219,326.5599975585937,328.8099975585937,820200
2016-05-09,290.4656677246094,341.0400085449219,343.4700012207031,335.5400085449219,336.8999938964844,529000
2016-05-10,290.5252380371094,341.1099853515625,342.9800109863281,339.5599975585937,341.92999267578125,435300
2016-05-11,290.1590270996094,340.67999267578125,343.3800048828125,337.8399963378906,341.57000732421875,584300
2016-05-12,294.868896484375,346.2099914550781,346.9800109863281,338.8299865722656,342.6000061035156,491400
2016-05-13,293.3017883300781,344.3699951171875,347.6300048828125,343.17999267578125,346.20001220703125,354100
2016-05-16,296.9045715332031,348.6000061035156,348.75,343.510009765625,344.9100036621094,414100
2016-05-17,291.5557861328125,342.32000732421875,348.29998779296875,341.45001220703125,345.0,462900
2016-05-18,291.3257751464844,342.04998779296875,344.8500061035156,336.6000061035156,342.0299987792969,550000
2016-05-19,292.1775207519531,343.04998779296875,345.4800109863281,338.9800109863281,338.9800109863281,610500
2016-05-20,293.83837890625,345.0,346.4100036621094,340.0599975585937,344.2799987792969,534900
2016-05-23,295.0453186035156,344.6600036621094,345.8599853515625,341.3999938964844,343.3399963378906,332300
2016-05-24,303.66571044921875,354.7300109863281,355.2300109863281,344.67999267578125,345.6499938964844,1005400
2016-05-25,306.2339172363281,357.7300109863281,359.1199951171875,353.44000244140625,356.739990234375,897400
2016-05-26,310.8223571777344,363.0899963378906,363.2200012207031,356.79998779296875,358.3800048828125,756700
2016-05-27,313.7928161621094,366.55999755859375,368.6900024414063,363.1000061035156,363.1000061035156,824700
2016-05-31,309.8891906738281,362.0,368.8900146484375,361.5400085449219,368.760009765625,1151500
2016-06-01,313.2620544433594,365.9400024414063,366.0199890136719,360.2099914550781,360.9700012207031,643300
2016-06-02,314.6231689453125,367.5299987792969,367.8200073242188,362.9400024414063,364.9400024414063,587100
2016-06-03,312.1920471191406,364.6900024414063,368.8699951171875,362.1400146484375,367.5499877929688,593100
2016-06-06,316.1299133300781,369.2900085449219,370.239990234375,364.8699951171875,365.0,1001800
2016-06-07,317.55084228515625,370.9500122070313,374.3900146484375,369.0499877929688,369.2000122070313,568700
2016-06-08,319.25445556640625,372.9400024414063,373.75,369.989990234375,372.5700073242188,598800
2016-06-09,319.4854736328125,373.2099914550781,373.8800048828125,371.510009765625,371.7300109863281,396400
2016-06-10,316.99432373046875,370.2999877929688,374.1900024414063,368.4700012207031,372.6900024414063,703800
2016-06-13,316.1554870605469,369.3200073242188,376.7300109863281,369.010009765625,370.010009765625,703300
2016-06-14,316.14703369140625,369.30999755859375,371.3399963378906,367.2000122070313,369.0,884700
2016-06-15,318.5354309082031,372.1000061035156,373.510009765625,368.4200134277344,370.7999877929688,442800
2016-06-16,323.12371826171875,377.4599914550781,378.260009765625,369.25,369.25,830800
2016-06-17,320.65838623046875,374.5799865722656,378.30999755859375,369.2300109863281,375.6499938964844,1338100
2016-06-20,320.0848083496094,373.9100036621094,379.0,373.6700134277344,378.7799987792969,551300
2016-06-21,324.8785705566406,379.510009765625,380.260009765625,374.6600036621094,374.6600036621094,553500
2016-06-22,324.9984741210937,379.6499938964844,383.8299865722656,379.4800109863281,383.1900024414063,688400
2016-06-23,329.9465026855469,385.4299926757813,387.4500122070313,375.8800048828125,381.7200012207031,898600
2016-06-24,321.8310852050781,375.9500122070313,384.0899963378906,370.5700073242188,373.2099914550781,1408900
2016-06-27,317.7305908203125,371.1600036621094,375.2099914550781,367.4800109863281,374.989990234375,838800
2016-06-28,322.7556457519531,377.0299987792969,377.5799865722656,372.0700073242188,373.30999755859375,579800
2016-06-29,330.4515380859375,386.0199890136719,386.489990234375,379.3500061035156,379.3500061035156,614700
2016-06-30,331.9154357910156,387.7300109863281,387.9299926757813,383.1499938964844,387.0199890136719,525800
2016-07-01,331.187744140625,386.8800048828125,390.739990234375,384.760009765625,387.8200073242188,397100
2016-07-05,330.5542297363281,386.1400146484375,388.3800048828125,383.7099914550781,386.0,469000
2016-07-06,331.6670837402344,387.4400024414063,388.260009765625,379.5899963378906,384.30999755859375,627200
2016-07-07,327.5923767089844,382.6799926757813,387.8299865722656,381.8800048828125,387.3399963378906,386200
2016-07-08,333.38775634765625,389.4500122070313,390.5,384.2099914550781,384.6499938964844,400000
2016-07-11,332.7885437011719,388.75,391.0700073242188,385.239990234375,390.010009765625,331500
2016-07-12,331.4616394042969,387.2000122070313,390.3900146484375,383.4700012207031,389.7300109863281,446000
2016-07-13,331.04217529296875,386.7099914550781,389.4100036621094,384.739990234375,389.0799865722656,322000
2016-07-14,328.5596618652344,383.80999755859375,390.0,381.3800048828125,388.2900085449219,392800
2016-07-15,325.2724304199219,379.9700012207031,381.9800109863281,377.3699951171875,381.9800109863281,763200
2016-07-18,325.6405639648437,380.3999938964844,381.510009765625,378.1400146484375,380.9500122070313,337600
2016-07-19,325.306640625,380.010009765625,381.4200134277344,378.4800109863281,379.2200012207031,499900
2016-07-20,324.8272705078125,379.4500122070313,381.9100036621094,378.9400024414063,380.7999877929688,393100
2016-07-21,318.9290466308594,372.55999755859375,378.7300109863281,370.3500061035156,378.3299865722656,571900
2016-07-22,322.6100769042969,376.8599853515625,378.9800109863281,372.8699951171875,373.5,596700
2016-07-25,322.1564636230469,376.3299865722656,378.1000061035156,372.6099853515625,377.1700134277344,271200
2016-07-26,323.1065368652344,377.4400024414063,379.2200012207031,370.010009765625,377.2000122070313,284900
2016-07-27,319.93927001953125,373.739990234375,377.4700012207031,371.8299865722656,377.2200012207031,346400
2016-07-28,325.44366455078125,380.1700134277344,380.7900085449219,373.2699890136719,374.0,435900
2016-07-29,319.1944885253906,372.8699951171875,380.8599853515625,372.7999877929688,380.0,607400
2016-08-01,324.41632080078125,378.9700012207031,379.2900085449219,372.9500122070313,373.9299926757813,434300
2016-08-02,319.6995849609375,373.4599914550781,380.0,371.4100036621094,379.2200012207031,540500
2016-08-03,317.0287170410156,370.3399963378906,375.6900024414063,368.6300048828125,372.239990234375,742600
2016-08-04,317.93609619140625,371.3999938964844,374.1799926757813,366.010009765625,372.8599853515625,892800
2016-08-05,312.8854064941406,365.5,373.7300109863281,365.239990234375,371.9500122070313,661900
2016-08-08,311.858154296875,364.2999877929688,365.4700012207031,361.2200012207031,364.8999938964844,713400
2016-08-09,314.3664245605469,367.2300109863281,369.9100036621094,363.6700134277344,364.1499938964844,490800
2016-08-10,314.8800354003906,367.8299865722656,370.2000122070313,365.6300048828125,367.510009765625,320300
2016-08-11,314.81158447265625,367.75,369.2799987792969,362.75,367.510009765625,523800
2016-08-12,315.9158630371094,369.0400085449219,370.9500122070313,365.7200012207031,366.6199951171875,342200
2016-08-15,317.876220703125,371.3299865722656,372.7200012207031,368.5,368.760009765625,329100
2016-08-16,314.2379150390625,367.0799865722656,371.4700012207031,366.7200012207031,370.3299865722656,398700
2016-08-17,314.1694030761719,367.0,367.8800048828125,362.6700134277344,367.8800048828125,558700
2016-08-18,311.5756530761719,363.9700012207031,369.6499938964844,363.7300109863281,366.5899963378906,488900
2016-08-19,313.57879638671875,366.30999755859375,367.489990234375,361.4299926757813,363.5199890136719,373500
2016-08-22,315.6518249511719,366.9700012207031,368.6099853515625,364.0199890136719,367.2099914550781,376300
2016-08-23,316.658203125,368.1400146484375,370.0,367.0499877929688,369.0299987792969,323600
2016-08-24,313.75933837890625,364.7699890136719,369.510009765625,363.8900146484375,367.6300048828125,495000
2016-08-25,313.0799865722656,363.9800109863281,366.7900085449219,362.5299987792969,364.6000061035156,342300
2016-08-26,313.71649169921875,364.7200012207031,368.3500061035156,362.0899963378906,364.4299926757813,599700
2016-08-29,316.83013916015625,368.3399963378906,369.8999938964844,365.1700134277344,365.9200134277344,437500
2016-08-30,316.59796142578125,368.0700073242188,369.2300109863281,364.8200073242188,368.1900024414063,472000
2016-08-31,317.0968933105469,368.6499938964844,370.9100036621094,366.9700012207031,367.7200012207031,571100
2016-09-01,315.47119140625,366.760009765625,369.6700134277344,365.010009765625,368.4100036621094,452300
2016-09-02,319.5138854980469,371.4599914550781,371.80999755859375,367.4299926757813,367.4299926757813,641900
2016-09-06,325.11346435546875,377.9700012207031,378.6499938964844,371.7900085449219,374.2900085449219,870900
2016-09-07,325.3113098144531,378.2000122070313,378.9200134277344,376.2900085449219,378.0499877929688,580300
2016-09-08,320.86431884765625,373.0299987792969,379.2300109863281,372.8599853515625,377.1900024414063,780900
2016-09-09,312.0476989746094,362.7799987792969,372.510009765625,362.5700073242188,371.4700012207031,731900
2016-09-12,314.8175048828125,366.0,367.8999938964844,362.30999755859375,363.0299987792969,716700
2016-09-13,306.99871826171875,356.9100036621094,364.9200134277344,356.510009765625,363.010009765625,624900
2016-09-14,305.6051940917969,355.2900085449219,359.7099914550781,354.3299865722656,356.17999267578125,488200
2016-09-15,311.1962280273437,361.7900085449219,362.5299987792969,352.510009765625,353.9599914550781,495100
2016-09-16,308.1168518066406,358.2099914550781,361.5,356.3800048828125,359.82000732421875,1050400
2016-09-19,315.44537353515625,366.7300109863281,366.7900085449219,359.20001220703125,360.4500122070313,514200
2016-09-20,305.3642883300781,355.010009765625,369.2900085449219,349.6000061035156,367.489990234375,1445400
2016-09-21,306.99871826171875,356.9100036621094,357.32000732421875,348.1000061035156,355.3299865722656,1038600
2016-09-22,309.9833679199219,360.3800048828125,361.80999755859375,358.6199951171875,359.54998779296875,465300
2016-09-23,309.4672546386719,359.7799987792969,361.1300048828125,355.5299987792969,359.7200012207031,417700
2016-09-26,311.72088623046875,362.3999938964844,363.0499877929688,357.42999267578125,358.0899963378906,359300
2016-09-27,311.6004638671875,362.260009765625,364.6600036621094,361.2900085449219,364.6600036621094,381700
2016-09-28,311.70367431640625,362.3800048828125,363.9700012207031,360.4700012207031,363.8500061035156,478200
2016-09-29,309.61346435546875,359.95001220703125,362.9200134277344,357.8800048828125,360.2799987792969,405900
2016-09-30,309.8714599609375,360.25,363.4800109863281,357.32000732421875,360.2999877929688,611300
2016-10-03,306.3793334960937,356.19000244140625,360.6300048828125,354.989990234375,360.6300048828125,449500
2016-10-04,303.738525390625,353.1199951171875,357.3599853515625,351.0899963378906,357.3599853515625,526900
2016-10-05,300.22052001953125,349.0299987792969,354.69000244140625,342.2799987792969,353.1300048828125,818400
2016-10-06,303.7644348144531,353.1499938964844,354.3999938964844,345.9200134277344,348.1600036621094,510200
2016-10-07,301.9924621582031,351.0899963378906,354.989990234375,347.9700012207031,354.1400146484375,390400
2016-10-10,306.5771484375,356.4200134277344,358.69000244140625,351.3599853515625,352.1199951171875,491500
2016-10-11,303.4634094238281,352.79998779296875,357.69000244140625,350.0599975585937,350.0599975585937,475100
2016-10-12,309.5704650878906,359.8999938964844,360.25,351.70001220703125,353.0,449300
2016-10-13,311.2906799316406,361.8999938964844,361.989990234375,355.7099914550781,356.95001220703125,456300
2016-10-14,311.135986328125,361.7200012207031,366.2799987792969,360.55999755859375,363.510009765625,286900
2016-10-17,310.6457214355469,361.1499938964844,364.0,359.07000732421875,361.4800109863281,286300
2016-10-18,314.76580810546875,365.9400024414063,368.4400024414063,362.0799865722656,362.3800048828125,332600
2016-10-19,316.9764709472656,368.510009765625,369.1099853515625,362.9700012207031,367.3999938964844,540700
2016-10-20,316.52056884765625,367.9800109863281,369.7999877929688,365.5299987792969,369.4500122070313,611500
2016-10-21,318.1806335449219,369.9100036621094,371.1000061035156,364.75,365.4700012207031,345300
2016-10-24,320.07293701171875,372.1099853515625,374.260009765625,369.1600036621094,371.989990234375,322900
2016-10-25,321.0277404785156,373.2200012207031,374.0899963378906,367.760009765625,370.4100036621094,405500
2016-10-26,316.4603271484375,367.9100036621094,373.9500122070313,367.3599853515625,372.7900085449219,382300
2016-10-27,302.3968811035156,351.5599975585937,369.989990234375,350.1700134277344,368.1000061035156,995300
2016-10-28,305.32989501953125,354.9700012207031,355.6600036621094,350.3500061035156,352.25,469900
2016-10-31,307.3168640136719,357.2799987792969,359.2200012207031,350.239990234375,354.5899963378906,424900
2016-11-01,299.085205078125,347.7099914550781,357.7799987792969,347.45001220703125,357.7799987792969,891100
2016-11-02,297.7605285644531,346.1700134277344,349.7200012207031,343.2200012207031,348.04998779296875,924600
2016-11-03,291.3437194824219,338.7099914550781,347.6600036621094,338.1000061035156,347.6600036621094,1061300
2016-11-04,292.900634765625,340.5199890136719,341.1000061035156,333.8599853515625,339.04998779296875,1570000
2016-11-07,301.1753234863281,350.1400146484375,350.7300109863281,341.7200012207031,343.8099975585937,761200
2016-11-08,306.430908203125,356.25,358.20001220703125,349.760009765625,351.44000244140625,713800
2016-11-09,299.2744140625,347.92999267578125,350.44000244140625,343.1099853515625,347.19000244140625,806300
2016-11-10,284.5398864746094,330.79998779296875,347.32000732421875,321.8500061035156,347.32000732421875,1623400
2016-11-11,279.593994140625,325.04998779296875,334.4800109863281,324.510009765625,330.8900146484375,855000
2016-11-14,285.56121826171875,330.20001220703125,331.0,314.54998779296875,323.5599975585937,897000
2016-11-15,290.8712463378906,336.3399963378906,343.8099975585937,330.20001220703125,331.1199951171875,1022200
2016-11-16,290.5597839355469,335.9800109863281,336.19000244140625,330.7799987792969,334.489990234375,479700
2016-11-17,286.3741149902344,331.1400146484375,337.6000061035156,330.3399963378906,335.07000732421875,445300
2016-11-18,288.19024658203125,333.239990234375,335.54998779296875,331.1400146484375,331.7200012207031,535300
2016-11-21,290.5252685546875,335.94000244140625,337.6000061035156,333.42999267578125,334.3500061035156,380800
2016-11-22,297.4610290527344,343.9599914550781,345.2200012207031,335.5400085449219,336.9200134277344,525900
2016-11-23,292.4884033203125,338.2099914550781,344.1400146484375,336.7300109863281,343.7300109863281,494300
2016-11-25,293.82891845703125,339.760009765625,341.3900146484375,336.6700134277344,337.739990234375,235600
2016-11-28,295.1000671386719,341.2300109863281,343.67999267578125,338.5,338.5,422200
2016-11-29,296.9681701660156,343.3900146484375,347.8299865722656,338.0599975585937,339.57000732421875,432000
2016-11-30,292.96405029296875,338.760009765625,343.1499938964844,336.3399963378906,342.5,923000
2016-12-01,284.88677978515625,329.4200134277344,338.45001220703125,327.8599853515625,338.45001220703125,686200
2016-12-02,285.976318359375,330.67999267578125,335.0799865722656,327.760009765625,327.760009765625,601200
2016-12-05,287.1871337890625,332.0799865722656,333.7200012207031,331.0,332.260009765625,402800
2016-12-06,284.9472351074219,329.489990234375,342.8099975585937,329.17999267578125,333.6099853515625,948800
2016-12-07,293.1715393066406,339.0,339.5400085449219,327.3699951171875,330.2099914550781,829100
2016-12-08,299.62310791015625,346.4599914550781,348.3299865722656,337.9100036621094,338.4700012207031,647700
2016-12-09,299.251220703125,346.0299987792969,351.1400146484375,343.5899963378906,345.04998779296875,579100
2016-12-12,308.9284973144531,357.2200012207031,359.44000244140625,343.54998779296875,344.92999267578125,895100
2016-12-13,312.5347595214844,361.3900146484375,369.6700134277344,357.1199951171875,357.1199951171875,794300
2016-12-14,306.6539611816406,354.5899963378906,364.2999877929688,354.07000732421875,361.25,872700
2016-12-15,302.52020263671875,349.8099975585937,356.92999267578125,348.79998779296875,355.260009765625,963900
2016-12-16,302.68463134765625,350.0,354.9700012207031,349.0599975585937,351.25,988600
2016-12-19,306.5675048828125,354.489990234375,355.8800048828125,349.5,351.4200134277344,502000
2016-12-20,306.7837219238281,354.739990234375,357.45001220703125,352.6400146484375,355.1700134277344,513100
2016-12-21,302.70184326171875,350.0199890136719,356.739990234375,349.760009765625,355.489990234375,596200
2016-12-22,303.5839538574219,351.0400085449219,351.760009765625,347.989990234375,350.9599914550781,628000
2016-12-23,308.4010009765625,356.6099853515625,358.1400146484375,350.3699951171875,352.1000061035156,338100
2016-12-27,308.49609375,356.7200012207031,359.6499938964844,355.1099853515625,356.7799987792969,294600
2016-12-28,306.0227355957031,353.8599853515625,359.54998779296875,353.42999267578125,357.2200012207031,294400
2016-12-29,308.8160705566406,357.0899963378906,358.92999267578125,351.8900146484375,353.4200134277344,372000
2016-12-30,309.09283447265625,357.4100036621094,358.3399963378906,353.4800109863281,358.1499938964844,500500
2017-01-03,310.2256774902344,358.7200012207031,360.4800109863281,355.17999267578125,357.2900085449219,411500
2017-01-04,316.4437255859375,365.9100036621094,367.2999877929688,357.1000061035156,358.5299987792969,644300
2017-01-05,319.7645874023437,369.75,370.0,363.1799926757813,366.2099914550781,492900
2017-01-06,320.404541015625,370.489990234375,373.0899963378906,367.8900146484375,369.9400024414063,458400
2017-01-09,322.73956298828125,373.1900024414063,375.1499938964844,368.1700134277344,370.489990234375,568300
2017-01-10,320.0067138671875,370.0299987792969,373.510009765625,368.010009765625,373.510009765625,450000
2017-01-11,321.3471984863281,371.5799865722656,374.7999877929688,368.6900024414063,369.1799926757813,547300
2017-01-12,323.5697937011719,374.1499938964844,374.75,368.7999877929688,371.4200134277344,453400
2017-01-13,324.2615966796875,374.9500122070313,377.2000122070313,372.2000122070313,373.6400146484375,260000
2017-01-17,325.2820739746094,376.1300048828125,378.9100036621094,373.2999877929688,374.7699890136719,363200
2017-01-18,325.8009338378906,376.7300109863281,378.8999938964844,375.0499877929688,377.1199951171875,353100
2017-01-19,329.6234130859375,381.1499938964844,381.9599914550781,375.3299865722656,376.7300109863281,628200
2017-01-20,331.45684814453125,383.2699890136719,383.4599914550781,380.55999755859375,381.989990234375,397500
2017-01-23,333.2557067871094,385.3500061035156,387.3999938964844,381.4100036621094,382.6400146484375,533200
2017-01-24,336.98297119140625,389.6600036621094,389.9700012207031,384.05999755859375,386.5,401700
2017-01-25,332.46002197265625,384.4299926757813,390.5199890136719,383.1400146484375,389.30999755859375,597400
2017-01-26,332.2697448730469,384.2099914550781,387.3299865722656,382.5499877929688,383.2900085449219,507500
2017-01-27,331.1886901855469,382.9599914550781,385.5199890136719,382.0,385.260009765625,353000
2017-01-30,334.1377258300781,386.3699951171875,386.4400024414063,380.8800048828125,381.8900146484375,313000
2017-01-31,332.9356689453125,384.9800109863281,387.9200134277344,383.7099914550781,386.4500122070313,333600
2017-02-01,329.75311279296875,381.2999877929688,386.7999877929688,380.8800048828125,385.0,471800
2017-02-02,331.29248046875,383.0799865722656,385.3699951171875,380.3200073242188,381.9200134277344,339000
2017-02-03,332.79736328125,384.8200073242188,386.3999938964844,384.0899963378906,385.3900146484375,286200
2017-02-06,330.0731811523437,381.6700134277344,385.7000122070313,381.260009765625,385.260009765625,380500
2017-02-07,329.182373046875,380.6400146484375,383.5499877929688,380.3200073242188,381.8699951171875,383500
2017-02-08,332.06219482421875,383.9700012207031,384.4200134277344,380.4100036621094,381.6300048828125,466600
2017-02-09,333.644775390625,385.7999877929688,387.1300048828125,382.5199890136719,384.4299926757813,471100
2017-02-10,334.20703125,386.4500122070313,387.4800109863281,384.3399963378906,386.8500061035156,334100
2017-02-13,334.4144897460937,386.6900024414063,388.2999877929688,384.80999755859375,388.2999877929688,339200
2017-02-14,330.9120788574219,382.6400146484375,386.8999938964844,380.1400146484375,386.8999938964844,329100
2017-02-15,329.2861633300781,380.760009765625,383.6099853515625,378.75,379.7900085449219,457200
2017-02-16,322.7308654785156,373.1799926757813,384.1099853515625,369.6600036621094,375.0,1233800
2017-02-17,323.6821594238281,374.2799987792969,378.6099853515625,371.6000061035156,373.8500061035156,606200
2017-02-21,321.1395874023437,371.3399963378906,377.0,368.6000061035156,373.0400085449219,695800
2017-02-22,322.85205078125,373.3200073242188,373.7799987792969,369.7900085449219,371.1700134277344,509400
2017-02-23,322.4432678222656,370.8500061035156,375.0,368.5700073242188,373.3299865722656,569800
2017-02-24,330.0859375,379.6400146484375,379.7999877929688,369.989990234375,371.1900024414063,593700
2017-02-27,327.99920654296875,377.239990234375,381.260009765625,376.8399963378906,379.8699951171875,356600
2017-02-28,326.9820251464844,376.0700073242188,380.489990234375,375.5899963378906,377.05999755859375,433800
2017-03-01,328.6513977050781,377.989990234375,381.2000122070313,373.4400024414063,375.9800109863281,490100
2017-03-02,324.07794189453125,372.7300109863281,378.2200012207031,372.6099853515625,378.0,602700
2017-03-03,326.6515197753906,375.6900024414063,375.80999755859375,370.8800048828125,371.1799926757813,331500
2017-03-06,328.2688293457031,377.5499877929688,378.5799865722656,371.5499877929688,371.5499877929688,365000
2017-03-07,326.2602233886719,375.239990234375,378.3599853515625,374.0199890136719,377.5799865722656,264100
2017-03-08,315.9918518066406,363.4299926757813,375.4299926757813,361.8999938964844,375.4299926757813,781500
2017-03-09,326.9298095703125,376.010009765625,376.489990234375,364.0,364.0,3219700
2017-03-10,329.6686096191406,379.1600036621094,380.510009765625,373.6499938964844,377.7999877929688,1249700
2017-03-13,330.67724609375,380.3200073242188,385.7799987792969,379.2099914550781,381.2200012207031,1226200
2017-03-14,331.59881591796875,381.3800048828125,385.1499938964844,379.1900024414063,380.489990234375,817700
2017-03-15,333.6855773925781,383.7799987792969,385.4800109863281,379.1400146484375,381.6700134277344,663000
2017-03-16,328.807861328125,378.1700134277344,384.0199890136719,376.5400085449219,383.8699951171875,743100
2017-03-17,326.608154296875,375.6400146484375,378.80999755859375,374.7799987792969,378.510009765625,1162600
2017-03-20,333.50299072265625,383.5700073242188,385.3500061035156,376.1000061035156,376.7300109863281,964600
2017-03-21,333.3638916015625,383.4100036621094,391.3900146484375,382.5299987792969,385.8500061035156,833400
2017-03-22,336.8939514160156,387.4700012207031,388.4299926757813,383.1600036621094,383.6099853515625,551100
2017-03-23,337.3981628417969,388.0499877929688,392.9200134277344,385.7900085449219,386.9500122070313,718200
2017-03-24,337.4329528808594,388.0899963378906,392.4299926757813,384.0799865722656,390.6600036621094,1714600
2017-03-27,333.8768310546875,384.0,386.4400024414063,381.6600036621094,385.0,643800
2017-03-28,334.62457275390625,384.8599853515625,386.7699890136719,383.260009765625,384.2200012207031,403400
2017-03-29,342.57159423828125,394.0,394.4700012207031,384.739990234375,386.0499877929688,588900
2017-03-30,345.3016967773437,397.1400146484375,398.0,391.7999877929688,393.0799865722656,482800
2017-03-31,348.1100769042969,400.3699951171875,403.6199951171875,395.4800109863281,396.010009765625,969400
2017-04-03,349.9359741210937,402.4700012207031,403.3299865722656,397.2300109863281,400.9400024414063,537800
2017-04-04,347.7710266113281,399.9800109863281,402.6300048828125,398.30999755859375,402.6300048828125,423700
2017-04-05,347.8231506347656,400.0400085449219,404.5400085449219,398.1700134277344,399.1099853515625,414100
2017-04-06,349.6838073730469,402.1799926757813,402.989990234375,398.5199890136719,399.4200134277344,337900
2017-04-07,349.30126953125,401.739990234375,404.0799865722656,401.25,402.8800048828125,424700
2017-04-10,348.5969543457031,400.9299926757813,402.5,399.0700073242188,401.489990234375,418000
2017-04-11,347.6492004394531,399.8399963378906,401.6300048828125,397.1199951171875,400.239990234375,450100
2017-04-12,347.5797119140625,399.760009765625,400.5299987792969,396.9400024414063,398.8399963378906,487900
2017-04-13,347.0145263671875,399.1099853515625,402.0,398.5499877929688,400.2999877929688,366700
2017-04-17,350.4054870605469,403.010009765625,403.0199890136719,398.9599914550781,398.9599914550781,388300
2017-04-18,350.35333251953125,402.9500122070313,404.239990234375,401.260009765625,402.2300109863281,285600
2017-04-19,351.2315673828125,403.9599914550781,404.6199951171875,401.1400146484375,403.25,325500
2017-04-20,352.24884033203125,405.1300048828125,407.5499877929688,401.760009765625,404.6600036621094,459000
2017-04-21,349.3882141113281,401.8399963378906,405.5799865722656,401.2900085449219,405.4100036621094,462700
2017-04-24,351.29229736328125,404.0299987792969,406.4700012207031,398.6099853515625,405.1199951171875,539600
2017-04-25,353.4833679199219,406.5499877929688,406.8599853515625,403.2000122070313,404.2999877929688,457000
2017-04-26,354.1616516113281,407.3299865722656,409.8699951171875,404.5499877929688,407.2799987792969,556100
2017-04-27,357.3004455566406,410.9400024414063,414.7999877929688,403.0,414.3900146484375,619800
2017-04-28,363.1780395507813,417.7000122070313,418.1199951171875,409.1799926757813,410.6499938964844,568400
2017-05-01,365.334228515625,420.1799926757813,420.7000122070313,416.2999877929688,417.6900024414063,569300
2017-05-02,367.66455078125,422.8599853515625,423.55999755859375,418.1600036621094,420.4800109863281,479100
2017-05-03,367.9426574707031,423.1799926757813,424.9700012207031,420.1799926757813,424.0899963378906,506200
2017-05-04,368.8990783691406,424.2799987792969,425.3399963378906,418.6300048828125,422.9299926757813,574900
2017-05-05,370.6119995117188,426.25,426.4500122070313,421.75,424.5400085449219,462200
2017-05-08,370.9511413574219,426.6400146484375,427.6900024414063,422.1300048828125,426.6600036621094,598100
2017-05-09,370.31634521484375,425.9100036621094,427.8200073242188,424.4200134277344,427.6400146484375,341100
2017-05-10,369.5685729980469,425.0499877929688,427.2900085449219,423.7300109863281,426.0799865722656,366900
2017-05-11,372.8030090332031,428.7699890136719,429.3200073242188,422.9100036621094,424.3500061035156,357300
2017-05-12,374.8028259277344,431.0700073242188,431.2900085449219,426.6199951171875,427.7699890136719,532700
2017-05-15,373.7073364257813,429.80999755859375,433.7699890136719,429.05999755859375,430.8800048828125,505700
2017-05-16,371.820556640625,427.6400146484375,431.3900146484375,424.6499938964844,429.7999877929688,368500
2017-05-17,371.2380065917969,426.9700012207031,430.1400146484375,426.1600036621094,426.6000061035156,414000
2017-05-18,370.1860046386719,425.760009765625,426.55999755859375,420.9599914550781,425.5,530000
2017-05-19,371.0380859375,426.739990234375,429.7900085449219,423.9800109863281,426.6900024414063,366400
2017-05-22,379.7213439941406,434.6799926757813,435.3500061035156,425.30999755859375,425.30999755859375,407400
2017-05-23,380.6909484863281,435.7900085449219,439.1000061035156,434.3500061035156,435.7999877929688,341000
2017-05-24,384.7443237304688,440.4299926757813,441.7200012207031,434.9400024414063,434.9400024414063,423500
2017-05-25,388.7102661132813,444.9700012207031,446.0,439.9400024414063,442.6400146484375,423200
2017-05-26,385.4344177246094,441.2200012207031,446.5799865722656,439.9700012207031,444.9800109863281,296600
2017-05-30,384.2900390625,439.9100036621094,442.760009765625,439.7900085449219,440.4700012207031,345400
2017-05-31,385.2510070800781,441.010009765625,442.6499938964844,436.9100036621094,440.6799926757813,741500
2017-06-01,381.6868286132813,436.9299926757813,443.0199890136719,436.0299987792969,441.7000122070313,493800
2017-06-02,388.1425476074219,444.3200073242188,444.7099914550781,435.0,437.9299926757813,530900
2017-06-05,388.0462951660156,444.2099914550781,445.2099914550781,440.1499938964844,442.55999755859375,353600
2017-06-06,386.3865661621094,442.30999755859375,447.260009765625,441.0799865722656,444.4400024414063,373100
2017-06-07,384.971435546875,440.6900024414063,444.3200073242188,437.1600036621094,442.0199890136719,406400
2017-06-08,384.7093200683594,440.3900146484375,441.8699951171875,434.05999755859375,441.75,394000
2017-06-09,383.6785888671875,439.2099914550781,442.7000122070313,435.7799987792969,439.3900146484375,555000
2017-06-12,371.2738952636719,425.010009765625,440.1700134277344,422.2699890136719,436.7799987792969,869800
2017-06-13,376.104736328125,430.5400085449219,435.0,425.4400024414063,425.5700073242188,393400
2017-06-14,377.4674682617188,432.1000061035156,437.3399963378906,430.7799987792969,436.4299926757813,408700
2017-06-15,379.0923461914063,433.9599914550781,435.2799987792969,427.1000061035156,429.0799865722656,315600
2017-06-16,373.2569580078125,427.2799987792969,437.3399963378906,424.0199890136719,436.3599853515625,1718100
2017-06-19,377.5722351074219,432.2200012207031,432.6400146484375,426.6499938964844,427.8599853515625,457500
2017-06-20,379.0749206542969,433.9400024414063,435.5499877929688,430.1000061035156,433.7799987792969,456100
2017-06-21,381.3024597167969,436.489990234375,437.0,426.7799987792969,431.8999938964844,702500
2017-06-22,384.6219482421875,440.2900085449219,442.5,433.010009765625,436.2000122070313,606100
2017-06-23,379.1883850097656,434.0700073242188,442.6199951171875,433.7900085449219,439.7900085449219,1409500
2017-06-26,383.049560546875,438.489990234375,440.1400146484375,433.7000122070313,434.3699951171875,473600
2017-06-27,378.8214721679688,433.6499938964844,439.8299865722656,433.1499938964844,437.9400024414063,404700
2017-06-28,376.2969055175781,430.760009765625,437.9599914550781,429.3399963378906,436.6499938964844,357500
2017-06-29,368.0155029296875,421.2799987792969,431.0,416.7200012207031,428.1199951171875,587600
2017-06-30,374.8992309570313,429.1600036621094,431.2300109863281,423.55999755859375,424.0799865722656,528000
2017-07-03,369.308349609375,422.760009765625,435.1099853515625,421.3200073242188,431.5400085449219,253300
2017-07-05,370.4615173339844,424.0799865722656,425.55999755859375,420.5899963378906,424.0299987792969,368200
2017-07-06,365.52587890625,418.4299926757813,423.6900024414063,416.6400146484375,421.5,436400
2017-07-07,369.7800903320313,423.2999877929688,425.3500061035156,418.7799987792969,418.9800109863281,365400
2017-07-10,373.0909118652344,427.0899963378906,427.989990234375,423.1499938964844,423.7699890136719,427400
2017-07-11,376.54150390625,431.0400085449219,431.8200073242188,426.2999877929688,427.9800109863281,547100
2017-07-12,381.8440856933594,437.1099853515625,439.9400024414063,430.9700012207031,433.25,438000
2017-07-13,381.0840759277344,436.239990234375,438.5299987792969,434.2300109863281,436.4299926757813,301600
2017-07-14,382.3594665527344,437.7000122070313,443.4500122070313,436.6799926757813,437.9200134277344,311200
2017-07-17,380.4201354980469,435.4800109863281,438.8699951171875,433.6400146484375,437.7000122070313,458200
2017-07-18,382.8660888671875,438.2799987792969,438.5700073242188,431.8599853515625,435.0,384500
2017-07-19,384.805419921875,440.5,444.5499877929688,434.0899963378906,438.6199951171875,383500
2017-07-20,385.4255981445313,441.2099914550781,443.6000061035156,438.05999755859375,440.2000122070313,470600
2017-07-21,385.62646484375,441.4400024414063,445.2000122070313,439.5299987792969,439.5299987792969,514800
2017-07-24,385.7662963867188,441.6000061035156,442.7200012207031,438.260009765625,441.0400085449219,280700
2017-07-25,381.71295166015625,436.9599914550781,445.3500061035156,434.55999755859375,442.5299987792969,261600
2017-07-26,384.4036254882813,440.0400085449219,442.4800109863281,436.9599914550781,438.3200073242188,327300
2017-07-27,386.8758850097656,442.8699951171875,443.9599914550781,436.1900024414063,441.9700012207031,374000
2017-07-28,391.269775390625,447.8999938964844,448.3299865722656,441.7900085449219,441.7900085449219,393800
2017-07-31,393.7420654296875,450.7300109863281,451.2900085449219,446.4400024414063,449.1400146484375,369700
2017-08-01,395.7947692871094,453.0799865722656,455.3699951171875,450.8599853515625,452.25,458200
2017-08-02,397.8827209472656,455.4700012207031,457.4599914550781,445.7300109863281,454.0799865722656,633200
2017-08-03,392.5451965332031,449.3599853515625,459.0,442.6199951171875,459.0,816300
2017-08-04,389.2431335449219,445.5799865722656,453.5400085449219,441.8200073242188,449.4500122070313,441300
2017-08-07,388.0638732910156,444.2300109863281,450.5400085449219,443.9500122070313,445.9599914550781,478700
2017-08-08,385.7052307128906,441.5299987792969,444.8900146484375,439.1000061035156,442.80999755859375,296700
2017-08-09,391.1911010742188,447.80999755859375,448.4599914550781,440.1700134277344,441.6099853515625,359500
2017-08-10,383.9143676757813,439.4800109863281,446.9200134277344,438.5400085449219,446.6600036621094,279700
2017-08-11,382.9621887207031,438.3900146484375,441.8999938964844,437.3200073242188,440.7099914550781,327500
2017-08-14,392.6588134765625,449.489990234375,450.2999877929688,441.3900146484375,441.3900146484375,442400
2017-08-15,391.6453857421875,448.3299865722656,449.4800109863281,445.7200012207031,445.7200012207031,280600
2017-08-16,397.2886657714844,454.7900085449219,455.739990234375,447.6600036621094,449.6600036621094,307900
2017-08-17,394.4582824707031,451.5499877929688,458.8500061035156,451.2300109863281,454.7799987792969,379100
2017-08-18,393.1042175292969,450.0,454.2900085449219,448.2999877929688,450.9599914550781,520700
2017-08-21,395.1137390136719,450.2900085449219,451.5,447.1900024414063,447.2000122070313,302400
2017-08-22,400.37841796875,456.2900085449219,457.0400085449219,448.9299926757813,450.5499877929688,340000
2017-08-23,405.21337890625,461.7999877929688,462.2300109863281,455.6099853515625,455.7099914550781,561700
2017-08-24,406.7312927246094,463.5299987792969,465.8900146484375,460.6400146484375,461.9299926757813,478800
2017-08-25,409.0653991699219,466.1900024414063,468.1600036621094,463.7099914550781,465.239990234375,438600
2017-08-28,406.1873168945313,462.9100036621094,468.8599853515625,460.9599914550781,467.6799926757813,304900
2017-08-29,409.1092529296875,466.239990234375,467.4100036621094,460.4500122070313,462.1099853515625,329800
2017-08-30,408.6091003417969,465.6700134277344,466.7900085449219,463.4299926757813,465.7699890136719,325400
2017-08-31,411.0133666992188,468.4100036621094,470.4400024414063,465.5799865722656,467.010009765625,466600
2017-09-01,408.8635559082031,465.9599914550781,469.8800048828125,464.1900024414063,468.239990234375,348500
2017-09-05,406.69622802734375,463.489990234375,465.489990234375,456.2000122070313,464.8299865722656,733400
2017-09-06,406.7225341796875,463.5199890136719,464.510009765625,460.739990234375,462.8500061035156,519700
2017-09-07,407.8631591796875,464.8200073242188,468.8599853515625,462.260009765625,464.0,378500
2017-09-08,405.3887939453125,462.0,464.6099853515625,460.3299865722656,463.1900024414063,655300
2017-09-11,416.2869567871094,474.4200134277344,474.7099914550781,462.4500122070313,464.5199890136719,591300
2017-09-12,410.9869995117188,468.3800048828125,475.2799987792969,464.2900085449219,474.1900024414063,452400
2017-09-13,402.6423950195313,458.8699951171875,468.4200134277344,457.6499938964844,468.3599853515625,805200
2017-09-14,399.1675415039063,454.9100036621094,457.6600036621094,451.30999755859375,457.3200073242188,697700
2017-09-15,399.5185852050781,455.30999755859375,457.7300109863281,447.5199890136719,456.5799865722656,1024900
2017-09-18,394.9908142089844,450.1499938964844,457.2000122070313,449.0899963378906,456.2200012207031,788600
2017-09-19,397.5266418457031,453.0400085449219,456.989990234375,448.9500122070313,450.4500122070313,788000
2017-09-20,394.19232177734375,449.239990234375,456.4700012207031,447.0199890136719,453.739990234375,1020600
2017-09-21,391.8495178222656,446.5700073242188,451.0,446.5,449.5499877929688,421200
2017-09-22,387.5412292480469,441.6600036621094,449.3399963378906,440.8399963378906,447.1000061035156,407100
2017-09-25,383.6364135742188,437.2099914550781,441.989990234375,435.8999938964844,441.8399963378906,462500
2017-09-26,381.1883544921875,434.4200134277344,439.0700073242188,434.1900024414063,439.0,418100
2017-09-27,387.7780456542969,441.9299926757813,443.4500122070313,430.7099914550781,434.6799926757813,656100
2017-09-28,387.5938415527344,441.7200012207031,443.8200073242188,439.2799987792969,441.3800048828125,285300
2017-09-29,391.6125793457031,446.2999877929688,447.1000061035156,439.6700134277344,441.510009765625,402600
2017-10-02,390.015625,444.4800109863281,451.55999755859375,444.2999877929688,447.3299865722656,420400
2017-10-03,388.15533447265625,442.3599853515625,443.9299926757813,440.2999877929688,443.9299926757813,261700
2017-10-04,388.690673828125,442.9700012207031,444.0799865722656,439.5400085449219,442.3500061035156,226200
2017-10-05,390.8404846191406,445.4200134277344,448.1499938964844,443.1900024414063,445.1600036621094,320400
2017-10-06,393.8326110839844,448.8299865722656,449.9500122070313,440.30999755859375,443.80999755859375,381800
2017-10-09,396.0174560546875,451.3200073242188,452.4599914550781,447.9800109863281,448.9599914550781,207800
2017-10-10,396.5177307128906,451.8900146484375,457.2900085449219,451.510009765625,453.1900024414063,259000
2017-10-11,402.7300415039063,458.9700012207031,461.2799987792969,453.5700073242188,453.6499938964844,392900
2017-10-12,407.7579650878906,464.7000122070313,468.2200012207031,458.3800048828125,458.3800048828125,439200
2017-10-13,406.10833740234375,462.8200073242188,467.2900085449219,460.8299865722656,467.2900085449219,252500
2017-10-16,404.8184509277344,461.3500061035156,465.9200134277344,460.1400146484375,463.6099853515625,220700
2017-10-17,405.0202941894531,461.5799865722656,462.7999877929688,458.5899963378906,460.4100036621094,279000
2017-10-18,413.48779296875,471.2300109863281,471.6199951171875,458.0,464.0499877929688,407600
2017-10-19,412.89105224609375,470.5499877929688,472.4100036621094,469.4599914550781,470.7000122070313,370500
2017-10-20,411.3204345703125,468.760009765625,472.7099914550781,466.4700012207031,472.7099914550781,321800
2017-10-23,402.5896606445313,458.80999755859375,469.4299926757813,458.2000122070313,469.4299926757813,484700
2017-10-24,406.239990234375,462.9700012207031,464.4800109863281,460.5899963378906,461.3699951171875,299100
2017-10-25,401.8175354003906,457.9299926757813,466.489990234375,457.3299865722656,462.75,484800
2017-10-26,398.5446166992188,454.2000122070313,462.7099914550781,453.2699890136719,460.3200073242188,468800
2017-10-27,400.5715026855469,456.510009765625,457.1900024414063,453.0499877929688,454.5700073242188,333500
2017-10-30,403.3969421386719,459.7300109863281,461.7900085449219,455.1799926757813,456.3200073242188,246400
2017-10-31,406.7049865722656,463.5,464.4800109863281,457.30999755859375,458.3599853515625,352600
2017-11-01,409.8288269042969,467.05999755859375,467.739990234375,463.5199890136719,464.9700012207031,427600
2017-11-02,428.7995300292969,488.6799926757813,491.7999877929688,476.3999938964844,481.0,867800
2017-11-03,427.0182800292969,486.6499938964844,489.9200134277344,482.6600036621094,485.8699951171875,464900
2017-11-06,431.3793029785156,491.6199951171875,493.0899963378906,484.989990234375,484.989990234375,398100
2017-11-07,428.2554321289063,488.05999755859375,493.7999877929688,483.0199890136719,492.8599853515625,489900
2017-11-08,432.57269287109375,492.9800109863281,495.3500061035156,486.9400024414063,486.9400024414063,435600
2017-11-09,425.4476318359375,484.8599853515625,493.9100036621094,483.6900024414063,491.7300109863281,244000
2017-11-10,423.1222839355469,482.2099914550781,485.0700073242188,480.9200134277344,484.239990234375,279000
2017-11-13,424.7984313964844,484.1199951171875,485.9200134277344,478.5400085449219,481.9100036621094,428400
2017-11-14,423.85552978515625,481.0499877929688,484.30999755859375,478.3200073242188,480.0700073242188,278000
2017-11-15,418.0138854980469,474.4200134277344,483.4400024414063,473.5199890136719,479.3699951171875,312900
2017-11-16,418.6041564941406,475.0899963378906,477.3999938964844,473.3399963378906,474.8999938964844,528400
2017-11-17,416.5863952636719,472.7999877929688,475.6300048828125,470.010009765625,473.739990234375,297700
2017-11-20,415.7846374511719,471.8900146484375,474.5299987792969,470.489990234375,474.2699890136719,174800
2017-11-21,417.8728637695313,474.260009765625,475.1300048828125,471.2799987792969,472.6900024414063,374700
2017-11-22,416.2074890136719,472.3699951171875,475.0199890136719,470.7999877929688,473.0799865722656,173800
2017-11-24,417.7054138183594,474.0700073242188,476.7300109863281,472.2699890136719,473.0,99600
2017-11-27,421.9788208007813,478.9200134277344,481.239990234375,472.1099853515625,474.0400085449219,316300
2017-11-28,421.1241149902344,477.9500122070313,481.489990234375,475.8599853515625,481.3999938964844,391700
2017-11-29,412.6391296386719,468.3200073242188,478.0,464.9299926757813,478.0,420100
2017-11-30,409.264404296875,464.489990234375,468.1900024414063,461.2999877929688,468.1900024414063,590700
2017-12-01,413.3792419433594,469.1600036621094,469.4599914550781,461.239990234375,464.75,367600
2017-12-04,389.6950073242188,442.2799987792969,471.3900146484375,441.7799987792969,471.0299987792969,654200
2017-12-05,392.6115417480469,445.5899963378906,449.3999938964844,441.0,442.2900085449219,427700
2017-12-06,396.7085571289063,450.239990234375,452.7300109863281,445.5299987792969,446.8800048828125,325900
2017-12-07,401.5812072753906,455.7699890136719,458.1099853515625,448.0199890136719,450.739990234375,551200
2017-12-08,398.6031188964844,452.3900146484375,459.6600036621094,450.1900024414063,459.0400085449219,384600
2017-12-11,396.1271057128906,449.5799865722656,455.5799865722656,446.4200134277344,451.6300048828125,496700
2017-12-12,396.6822509765625,450.2099914550781,453.1099853515625,446.4100036621094,449.7000122070313,327500
2017-12-13,397.6250305175781,451.2799987792969,457.9700012207031,450.25,454.7099914550781,638500
2017-12-14,405.61663818359375,460.3500061035156,461.1700134277344,450.2099914550781,452.3399963378906,391400
2017-12-15,403.4139099121094,457.8500061035156,462.4299926757813,455.30999755859375,462.4299926757813,846700
2017-12-18,401.6252136230469,455.8200073242188,461.9800109863281,455.4599914550781,457.8500061035156,551600
2017-12-19,395.1932678222656,448.5199890136719,456.5799865722656,445.30999755859375,455.6499938964844,376900
2017-12-20,394.0301818847656,447.2000122070313,448.1700134277344,444.9599914550781,446.239990234375,486100
2017-12-21,392.8759460449219,445.8900146484375,451.0799865722656,444.6600036621094,448.80999755859375,327200
2017-12-22,393.5014953613281,446.6000061035156,448.2000122070313,443.75,446.6099853515625,444500
2017-12-26,393.5896911621094,446.7000122070313,447.510009765625,442.6499938964844,443.010009765625,315600
2017-12-27,397.9862976074219,451.6900024414063,452.1600036621094,445.7300109863281,447.7000122070313,299200
2017-12-28,400.9996948242188,455.1099853515625,456.6300048828125,449.3999938964844,451.1199951171875,316800
2017-12-29,399.33441162109375,453.2200012207031,458.8599853515625,452.7699890136719,455.5499877929688,266200
2018-01-02,393.7833557128906,446.9200134277344,456.55999755859375,445.9700012207031,453.5299987792969,614300
2018-01-03,395.5984802246094,448.9800109863281,452.55999755859375,446.6499938964844,449.1400146484375,464600
2018-01-04,394.6909484863281,447.9500122070313,450.4599914550781,447.4299926757813,449.3299865722656,450500
2018-01-05,396.0478515625,449.489990234375,450.9400024414063,447.80999755859375,450.1499938964844,335800
2018-01-08,403.7223205566406,458.2000122070313,461.3599853515625,448.0,450.7900085449219,532500
2018-01-09,401.7662353515625,455.9800109863281,461.7300109863281,454.010009765625,459.8900146484375,397500
2018-01-10,390.3294677734375,443.0,453.7799987792969,442.260009765625,453.0199890136719,636300
2018-01-11,383.6242065429688,435.3900146484375,452.2799987792969,435.0400085449219,443.0,606400
2018-01-12,384.1177368164063,435.9500122070313,439.5400085449219,428.2999877929688,436.1700134277344,1090100
2018-01-16,394.8231506347656,448.1000061035156,452.6099853515625,436.489990234375,436.7999877929688,858100
2018-01-17,389.36029052734375,441.8999938964844,452.489990234375,439.1600036621094,448.8699951171875,627500
2018-01-18,385.4393615722656,437.4500122070313,444.9299926757813,436.8200073242188,440.1000061035156,807400
2018-01-19,385.8270568847656,437.8900146484375,442.0700073242188,433.4800109863281,438.7799987792969,598900
2018-01-22,384.2057189941406,436.0499877929688,439.2799987792969,433.30999755859375,438.0,702000
2018-01-23,389.4483642578125,442.0,446.2099914550781,434.5700073242188,436.1900024414063,797600
2018-01-24,388.8316345214844,441.2999877929688,445.7300109863281,438.8500061035156,442.7799987792969,612200
2018-01-25,386.9548034667969,439.1700134277344,444.7799987792969,433.0,441.4599914550781,929000
2018-01-26,389.0871276855469,441.5899963378906,442.6799926757813,432.010009765625,435.0,1228700
2018-01-29,383.4216918945313,435.1600036621094,449.8999938964844,434.4700012207031,446.9800109863281,630800
2018-01-30,387.2984619140625,439.55999755859375,441.8399963378906,430.0,430.0,700200
2018-01-31,401.0700988769531,455.1900024414063,458.6400146484375,440.1000061035156,442.4500122070313,739500
2018-02-01,391.6864318847656,444.5400085449219,457.8599853515625,443.760009765625,452.6900024414063,568500
2018-02-02,385.351318359375,437.3500061035156,446.260009765625,435.5199890136719,442.0,533000
2018-02-05,378.7077331542969,429.80999755859375,441.8399963378906,427.0,436.9800109863281,580700
2018-02-06,379.62408447265625,430.8500061035156,434.0400085449219,421.2099914550781,427.30999755859375,726100
2018-02-07,375.4211730957031,426.0799865722656,438.0499877929688,425.7999877929688,430.0,424000
2018-02-08,361.2354431152344,409.9800109863281,430.0,409.9400024414063,427.5700073242188,964900
2018-02-09,375.1833190917969,425.80999755859375,430.010009765625,409.4800109863281,412.0,1045500
2018-02-12,380.1527099609375,431.4500122070313,438.1700134277344,416.1600036621094,428.6099853515625,876400
2018-02-13,384.3820190429688,436.25,437.8299865722656,426.010009765625,431.6900024414063,910100
2018-02-14,384.0119934082031,435.8299865722656,436.8800048828125,428.9299926757813,434.2999877929688,879400
2018-02-15,358.8828430175781,407.30999755859375,420.0,401.0,418.2699890136719,2817100
2018-02-16,355.349609375,403.2999877929688,408.6799926757813,396.2900085449219,405.2900085449219,1316300
2018-02-20,349.3051452636719,396.4400024414063,405.9599914550781,396.1199951171875,400.75,794600
2018-02-21,339.15496826171875,384.9200134277344,396.0400085449219,384.5899963378906,395.010009765625,1193900
2018-02-22,344.0274658203125,390.4500122070313,393.5400085449219,384.2200012207031,388.8500061035156,858700
2018-02-23,349.9389953613281,394.8399963378906,402.5,390.1400146484375,390.1400146484375,1033900
2018-02-26,349.3539428710937,394.1799926757813,397.4200134277344,391.0400085449219,396.6799926757813,453200
2018-02-27,346.7217102050781,391.2099914550781,396.6499938964844,389.4599914550781,394.8699951171875,513700
2018-02-28,347.510498046875,392.1000061035156,398.4500122070313,391.2799987792969,396.5799865722656,603800
2018-03-01,342.3611755371094,386.2900085449219,394.6799926757813,385.4800109863281,393.010009765625,548700
2018-03-02,338.3995666503906,381.8200073242188,387.0199890136719,374.9100036621094,385.6600036621094,807900
2018-03-05,344.3287658691406,388.510009765625,391.0,370.7900085449219,370.7900085449219,426100
2018-03-06,347.08514404296875,391.6199951171875,395.0199890136719,386.9599914550781,387.8999938964844,432500
2018-03-07,346.8724060058594,391.3800048828125,394.1600036621094,389.7799987792969,390.1499938964844,649400
2018-03-08,345.1354064941406,389.4200134277344,393.05999755859375,387.3699951171875,393.05999755859375,549100
2018-03-09,350.222412109375,395.1600036621094,395.3800048828125,388.8599853515625,391.2999877929688,456800
2018-03-12,350.39093017578125,395.3500061035156,399.8900146484375,394.8800048828125,397.489990234375,1087200
2018-03-13,359.3158569335937,405.4200134277344,405.9599914550781,397.3399963378906,397.3900146484375,801700
2018-03-14,366.6629943847656,413.7099914550781,416.4400024414063,404.1499938964844,404.8999938964844,908700
2018-03-15,368.0101623535156,415.2300109863281,415.6799926757813,410.7200012207031,412.5799865722656,707100
2018-03-16,372.1402282714844,419.8900146484375,421.0,413.75,417.3299865722656,1072900
2018-03-19,364.8904418945313,411.7099914550781,418.1700134277344,409.1199951171875,415.3399963378906,945300
2018-03-20,368.0367431640625,415.260009765625,415.9599914550781,411.3200073242188,411.3200073242188,424200
2018-03-21,365.0056762695313,411.8399963378906,415.9800109863281,407.6900024414063,415.739990234375,618800
2018-03-22,370.0929260253906,417.5799865722656,420.8500061035156,407.8200073242188,410.8599853515625,1023700
2018-03-23,356.0010986328125,401.6799926757813,419.1099853515625,401.0,417.739990234375,852300
2018-03-26,363.02923583984375,409.6099853515625,410.2699890136719,404.3699951171875,405.8399963378906,450400
2018-03-27,363.26861572265625,409.8800048828125,417.25,404.0,410.760009765625,517100
2018-03-28,369.5965270996094,417.0199890136719,418.4400024414063,410.9500122070313,411.3999938964844,590500
2018-03-29,370.5892333984375,418.1400146484375,421.5899963378906,414.7999877929688,420.0899963378906,628800
2018-04-02,362.0897216796875,408.5499877929688,419.80999755859375,403.7000122070313,419.1199951171875,627400
2018-04-03,362.1341552734375,408.6000061035156,412.4299926757813,404.9800109863281,409.1099853515625,467500
2018-04-04,365.13861083984375,411.989990234375,413.1799926757813,404.1799926757813,406.1900024414063,497900
2018-04-05,366.5567321777344,413.5899963378906,414.6099853515625,409.010009765625,412.6099853515625,386000
2018-04-06,360.7515563964844,407.0400085449219,416.2300109863281,404.4400024414063,411.8500061035156,518900
2018-04-09,362.9938659667969,409.5700073242188,417.8800048828125,408.0499877929688,410.0899963378906,535700
2018-04-10,359.4664611816406,405.5899963378906,415.1799926757813,402.6700134277344,412.3399963378906,576500
2018-04-11,362.4709167480469,408.9800109863281,411.8699951171875,401.6600036621094,403.239990234375,465600
2018-04-12,355.57568359375,401.2000122070313,410.6000061035156,400.739990234375,410.260009765625,358700
2018-04-13,355.7972717285156,401.4500122070313,404.8999938964844,399.9200134277344,402.0400085449219,345800
2018-04-16,359.4044494628906,405.5199890136719,406.6300048828125,401.010009765625,402.8200073242188,396700
2018-04-17,363.1622924804688,409.760009765625,413.3200073242188,403.0799865722656,406.0499877929688,578800
2018-04-18,367.0795593261719,414.1799926757813,415.0,409.1700134277344,411.5299987792969,483400
2018-04-19,362.8165588378906,409.3699951171875,412.5199890136719,406.0,412.5199890136719,382300
2018-04-20,359.8829650878906,406.05999755859375,414.2799987792969,405.1099853515625,411.2000122070313,411100
2018-04-23,361.2300720214844,407.5799865722656,408.8399963378906,405.1300048828125,406.6099853515625,568500
2018-04-24,362.9583740234375,409.5299987792969,410.7200012207031,407.3299865722656,409.0,615900
2018-04-25,363.5610046386719,410.2099914550781,411.3800048828125,406.1700134277344,408.5899963378906,460400
2018-04-26,368.7634887695313,416.0799865722656,418.5299987792969,409.9500122070313,412.9700012207031,364700
2018-04-27,373.2569274902344,421.1499938964844,422.1900024414063,415.0,416.260009765625,485800
2018-04-30,372.9378967285156,420.7900085449219,423.3999938964844,419.0499877929688,422.4700012207031,538500
2018-05-01,374.9231872558594,423.0299987792969,424.8699951171875,417.8900146484375,420.7900085449219,450200
2018-05-02,375.8625793457031,424.0899963378906,433.260009765625,420.260009765625,422.1600036621094,1047400
2018-05-03,352.85479736328125,398.1300048828125,423.0,393.1199951171875,417.0,1441000
2018-05-04,357.9508972167969,403.8800048828125,405.7699890136719,396.2000122070313,396.2000122070313,548700
2018-05-07,349.336181640625,394.1600036621094,405.4500122070313,392.2099914550781,404.0899963378906,705400
2018-05-08,344.17803955078125,388.3399963378906,393.9200134277344,384.4500122070313,392.4800109863281,978500
2018-05-09,344.0274658203125,388.1700134277344,390.2900085449219,386.1400146484375,389.260009765625,484000
2018-05-10,353.32452392578125,398.6600036621094,398.9500122070313,389.5199890136719,390.2200012207031,390300
2018-05-11,356.187255859375,401.8900146484375,406.0199890136719,398.1799926757813,400.0,431900
2018-05-14,352.6952514648437,397.9500122070313,402.6099853515625,396.8399963378906,400.4500122070313,274700
2018-05-15,344.16046142578125,388.3200073242188,395.7999877929688,386.6099853515625,394.4700012207031,553200
2018-05-16,341.8914489746094,385.760009765625,394.010009765625,384.55999755859375,388.9599914550781,425100
2018-05-17,338.4970397949219,381.9299926757813,387.6799926757813,380.1600036621094,386.0199890136719,426600
2018-05-18,341.9801025390625,385.8599853515625,389.6700134277344,381.9500122070313,382.0,634200
2018-05-21,344.5414428710937,388.75,388.9299926757813,384.9100036621094,387.239990234375,482800
2018-05-22,341.6173095703125,383.1900024414063,388.2900085449219,382.260009765625,387.8500061035156,413300
2018-05-23,342.71392822265625,384.4200134277344,385.0,379.6600036621094,381.9599914550781,553000
2018-05-24,345.0140075683594,387.0,392.0,385.1799926757813,391.5700073242188,610400
2018-05-25,345.9500427246094,388.0499877929688,391.3699951171875,384.7300109863281,386.4500122070313,365300
2018-05-29,353.1267395019531,396.1000061035156,396.6400146484375,385.5700073242188,388.6499938964844,589500
2018-05-30,357.753662109375,401.2900085449219,403.3200073242188,393.8500061035156,393.8500061035156,603600
2018-05-31,353.7953186035156,396.8500061035156,403.1499938964844,394.010009765625,396.25,901500
2018-06-01,355.8992614746094,399.2099914550781,400.4700012207031,395.239990234375,397.1900024414063,670300
2018-06-04,357.4416198730469,400.9400024414063,401.6799926757813,395.8999938964844,398.5299987792969,403300
2018-06-05,352.6541442871094,395.5700073242188,403.0,394.9100036621094,401.4100036621094,518100
2018-06-06,352.60076904296875,395.510009765625,397.7699890136719,390.739990234375,395.6400146484375,418400
2018-06-07,354.303466796875,397.4200134277344,398.6600036621094,393.3999938964844,395.4299926757813,390200
2018-06-08,359.5901794433594,403.3500061035156,403.7999877929688,395.1700134277344,396.0,439500
2018-06-11,360.3746948242188,404.2300109863281,407.7300109863281,402.5400085449219,403.0899963378906,521900
2018-06-12,361.3552856445313,405.3299865722656,407.6600036621094,401.7900085449219,404.260009765625,504000
2018-06-13,350.08660888671875,392.6900024414063,406.989990234375,391.2200012207031,405.8999938964844,559900
2018-06-14,353.69732666015625,396.739990234375,397.4599914550781,393.010009765625,395.1799926757813,588600
2018-06-15,355.49810791015625,398.760009765625,401.9800109863281,395.760009765625,397.489990234375,831300
2018-06-18,358.1102294921875,401.6900024414063,402.010009765625,395.05999755859375,397.3599853515625,451200
2018-06-19,358.172607421875,401.760009765625,404.5,396.9800109863281,396.9800109863281,628900
2018-06-20,366.1605529785156,410.7200012207031,417.8699951171875,401.6099853515625,401.760009765625,1151100
2018-06-21,373.5422668457031,419.0,421.239990234375,410.1400146484375,411.5,999700
2018-06-22,373.41748046875,418.8599853515625,421.0,410.5799865722656,421.0,1106300
2018-06-25,373.1589050292969,418.5700073242188,420.9299926757813,413.6900024414063,415.9200134277344,1060300
2018-06-26,382.4573364257813,429.0,431.9800109863281,417.7099914550781,420.0,1497000
2018-06-27,379.3994140625,425.5700073242188,431.6300048828125,425.3399963378906,431.1099853515625,730700
2018-06-28,380.7189025878906,427.0499877929688,429.7000122070313,420.5499877929688,427.3599853515625,445300
2018-06-29,383.2508544921875,429.8900146484375,432.4200134277344,421.8900146484375,428.5199890136719,547700
2018-07-02,381.7530822753906,428.2099914550781,431.1799926757813,423.1700134277344,429.3399963378906,562200
2018-07-03,379.996826171875,426.239990234375,429.5899963378906,425.0899963378906,428.6400146484375,333500
2018-07-05,392.3976745605469,440.1499938964844,440.2699890136719,427.4599914550781,427.4599914550781,795900
2018-07-06,397.3455505371094,445.7000122070313,446.9100036621094,442.6700134277344,442.6700134277344,524500
2018-07-09,394.5016479492188,442.510009765625,446.9200134277344,439.3500061035156,446.9200134277344,422700
2018-07-10,397.5060424804688,445.8800048828125,449.3900146484375,440.0,442.0,470700
2018-07-11,395.3575134277344,443.4700012207031,447.8900146484375,441.1400146484375,445.3699951171875,381200
2018-07-12,397.3187561035156,445.6700134277344,446.6600036621094,441.9599914550781,444.6099853515625,339400
2018-07-13,395.3218688964844,443.4299926757813,447.4500122070313,442.8599853515625,445.1199951171875,281700
2018-07-16,392.06781005859375,439.7799987792969,444.7000122070313,437.260009765625,443.1400146484375,371400
2018-07-17,390.8822021484375,438.4500122070313,442.4400024414063,437.6099853515625,441.1099853515625,406000
2018-07-18,387.4051818847656,434.5499877929688,438.9100036621094,423.5899963378906,436.3299865722656,350600
2018-07-19,389.75872802734375,437.1900024414063,439.7900085449219,433.739990234375,434.9400024414063,376900
2018-07-20,387.1109619140625,434.2200012207031,437.7200012207031,432.260009765625,437.7200012207031,361000
2018-07-23,382.279052734375,428.7999877929688,435.7699890136719,426.739990234375,432.8399963378906,505700
2018-07-24,382.2166748046875,428.7300109863281,429.989990234375,424.4400024414063,428.9599914550781,746900
2018-07-25,385.7024536132813,432.6400146484375,433.9100036621094,428.2699890136719,430.1600036621094,398600
2018-07-26,387.9847106933594,435.2000122070313,438.1000061035156,430.3999938964844,434.0,487200
2018-07-27,395.1167602539063,443.2000122070313,448.75,434.7000122070313,434.7000122070313,594800
2018-07-30,385.7203063964844,432.6600036621094,445.8999938964844,432.1600036621094,442.9100036621094,639400
2018-07-31,391.6220703125,439.2799987792969,442.3999938964844,433.1900024414063,434.7900085449219,684700
2018-08-01,396.8374328613281,445.1300048828125,446.3599853515625,426.0,437.0,527800
2018-08-02,399.2979736328125,447.8900146484375,450.2999877929688,439.6600036621094,444.260009765625,476500
2018-08-03,406.0198974609375,455.4299926757813,456.7999877929688,443.3999938964844,447.6000061035156,643000
2018-08-06,403.7376708984375,452.8699951171875,457.989990234375,447.8599853515625,454.4500122070313,539800
2018-08-07,399.306884765625,447.8999938964844,453.1499938964844,445.9800109863281,453.1499938964844,492400
2018-08-08,398.95025634765625,447.5,453.1499938964844,446.4800109863281,453.1499938964844,631700
2018-08-09,396.7125549316406,444.989990234375,455.2000122070313,435.4299926757813,435.510009765625,963700
2018-08-10,389.803466796875,437.239990234375,443.8299865722656,437.010009765625,442.7000122070313,675400
2018-08-13,392.9860534667969,440.80999755859375,442.0499877929688,437.0700073242188,438.0199890136719,425200
2018-08-14,386.9327392578125,434.0199890136719,441.2900085449219,433.489990234375,438.9200134277344,638700
2018-08-15,389.0633850097656,436.4100036621094,438.1900024414063,432.5799865722656,433.239990234375,524100
2018-08-16,395.473388671875,443.6000061035156,444.7200012207031,436.3200073242188,437.7999877929688,820700
2018-08-17,391.16741943359375,438.7699890136719,444.4100036621094,437.6400146484375,441.510009765625,486600
2018-08-20,390.7751159667969,438.3299865722656,440.7000122070313,435.2999877929688,440.7000122070313,509300
2018-08-21,387.6923522949219,432.6099853515625,436.0,432.3699951171875,435.6799926757813,467500
2018-08-22,385.2994995117188,429.9400024414063,434.8999938964844,428.2300109863281,432.6499938964844,339700
2018-08-23,384.6094970703125,429.1700134277344,432.6099853515625,428.4599914550781,431.4100036621094,325900
2018-08-24,385.3711853027344,430.0199890136719,432.4700012207031,426.3999938964844,428.6099853515625,501800
2018-08-27,387.6385498046875,432.5499877929688,433.3800048828125,429.7000122070313,430.8800048828125,391600
2018-08-28,390.4435424804688,435.6799926757813,435.8999938964844,430.1499938964844,432.3399963378906,324400
2018-08-29,390.8289184570313,436.1099853515625,439.8900146484375,434.3800048828125,435.5499877929688,324100
2018-08-30,385.9716796875,430.6900024414063,437.80999755859375,428.0299987792969,436.4100036621094,339500
2018-08-31,390.8468933105469,436.1300048828125,436.6600036621094,430.9400024414063,430.9400024414063,442800
2018-09-04,383.9105224609375,428.3900146484375,435.9200134277344,425.8900146484375,434.3299865722656,486000
2018-09-05,385.54144287109375,430.2099914550781,431.1199951171875,421.5,427.5,663700
2018-09-06,386.83203125,431.6499938964844,432.6099853515625,426.1199951171875,429.9500122070313,432900
2018-09-07,386.33013916015625,431.0899963378906,433.75,429.5,430.7999877929688,318900
2018-09-10,388.9559326171875,434.0199890136719,437.489990234375,430.0,431.3800048828125,536100
2018-09-11,389.5294494628906,434.6600036621094,435.2000122070313,430.5,433.510009765625,370500
2018-09-12,393.80419921875,439.4299926757813,439.9700012207031,432.0,436.6000061035156,412900
2018-09-13,397.7563171386719,443.8399963378906,446.0,439.3999938964844,442.0400085449219,527200
2018-09-14,401.6098937988281,448.1400146484375,448.3299865722656,440.4500122070313,443.3399963378906,473200
2018-09-17,400.8570251464844,447.2999877929688,449.760009765625,444.4100036621094,448.2099914550781,509700
2018-09-18,398.9841003417969,445.2099914550781,449.9100036621094,444.6400146484375,447.7000122070313,349100
2018-09-19,396.3492431640625,442.2699890136719,447.25,441.3500061035156,444.4299926757813,283300
2018-09-20,398.8048400878906,445.010009765625,446.8999938964844,441.4599914550781,442.7000122070313,388100
2018-09-21,395.8206176757813,441.6799926757813,447.7999877929688,441.5700073242188,446.4700012207031,658300
2018-09-24,387.1187438964844,431.9700012207031,438.4400024414063,429.2200012207031,438.4400024414063,453200
2018-09-25,384.2420959472656,428.760009765625,440.9400024414063,425.80999755859375,440.9400024414063,428300
2018-09-26,379.1965942382813,423.1300048828125,428.8200073242188,421.9200134277344,428.8200073242188,579200
2018-09-27,385.4877014160156,430.1499938964844,432.1400146484375,422.9299926757813,423.9800109863281,518400
2018-09-28,387.9431762695313,432.8900146484375,437.2300109863281,429.1099853515625,430.1499938964844,651400
2018-10-01,386.5631713867188,431.3500061035156,435.8399963378906,431.2300109863281,433.260009765625,407900
2018-10-02,386.9754333496094,431.80999755859375,432.8500061035156,428.1099853515625,432.2799987792969,350000
2018-10-03,381.1412048339844,425.2999877929688,436.1499938964844,423.7699890136719,431.7799987792969,459600
2018-10-04,378.59613037109375,422.4599914550781,424.760009765625,418.5,423.5,267600
2018-10-05,373.9898681640625,417.3200073242188,422.9700012207031,416.5899963378906,421.9599914550781,670100
2018-10-08,375.4416809082031,418.9400024414063,422.8399963378906,415.260009765625,415.9100036621094,514400
2018-10-09,373.3357238769531,416.5899963378906,421.8200073242188,414.9100036621094,417.5400085449219,519500
2018-10-10,367.5016174316406,410.0799865722656,419.75,410.0,416.0,579300
2018-10-11,355.8513488769531,397.0799865722656,410.6300048828125,394.7699890136719,410.3699951171875,640200
2018-10-12,354.8297424316406,395.9400024414063,402.260009765625,392.9299926757813,399.5199890136719,690900
2018-10-15,355.4123229980469,396.5899963378906,400.1000061035156,394.3800048828125,396.6199951171875,305900
2018-10-16,365.8974304199219,408.2900085449219,409.3599853515625,397.5299987792969,399.30999755859375,374400
2018-10-17,367.82421875,410.4400024414063,411.3800048828125,406.260009765625,408.1799926757813,345900
2018-10-18,368.9085693359375,411.6499938964844,413.5199890136719,407.1600036621094,409.8399963378906,356500
2018-10-19,371.29241943359375,414.30999755859375,419.3999938964844,411.7799987792969,411.7799987792969,435700
2018-10-22,368.980224609375,411.7300109863281,417.8200073242188,410.9700012207031,414.6000061035156,263000
2018-10-23,368.6934814453125,411.4100036621094,413.1600036621094,404.9400024414063,409.2099914550781,401200
2018-10-24,373.4790344238281,416.75,420.5899963378906,411.2900085449219,411.2900085449219,359200
2018-10-25,369.1953430175781,411.9700012207031,421.0299987792969,410.05999755859375,418.6400146484375,458800
2018-10-26,345.22283935546875,385.2200012207031,410.0,383.8399963378906,409.5799865722656,1076000
2018-10-29,340.46417236328125,379.9100036621094,391.75,377.25,388.2000122070313,701200
2018-10-30,337.6680603027344,376.7900085449219,383.6000061035156,374.3900146484375,380.5299987792969,851200
2018-10-31,339.4156188964844,378.739990234375,384.1799926757813,376.5400085449219,384.1799926757813,804100
2018-11-01,346.5401916503906,386.6900024414063,390.80999755859375,379.010009765625,379.8200073242188,577300
2018-11-02,351.6842346191406,392.4299926757813,397.2699890136719,382.4800109863281,392.2300109863281,1086300
2018-11-05,355.2957763671875,396.4599914550781,401.3900146484375,393.5700073242188,397.5,709900
2018-11-06,354.9193115234375,396.0400085449219,399.8399963378906,393.1600036621094,396.6700134277344,548400
2018-11-07,358.4681091308594,400.0,401.6799926757813,396.8599853515625,400.0,533300
2018-11-08,349.0404968261719,389.4800109863281,401.1400146484375,389.1400146484375,400.5899963378906,755800
2018-11-09,344.9718322753906,384.9400024414063,390.25,380.8200073242188,389.4599914550781,741200
2018-11-12,348.9867858886719,389.4200134277344,391.239990234375,384.8599853515625,384.8599853515625,487700
2018-11-13,345.7324523925781,383.5299987792969,388.8399963378906,382.8999938964844,388.4299926757813,490700
2018-11-14,347.3459777832031,385.3200073242188,388.2999877929688,380.05999755859375,385.2699890136719,438700
2018-11-15,347.3099670410156,385.2799987792969,387.1300048828125,377.4800109863281,384.739990234375,497000
2018-11-16,350.329833984375,388.6300048828125,389.4299926757813,383.0,383.1799926757813,650100
2018-11-19,345.67840576171875,383.4700012207031,394.8299865722656,381.5899963378906,389.7200012207031,438200
2018-11-20,339.3952941894531,376.5,386.0,374.239990234375,383.8500061035156,813400
2018-11-21,345.155517578125,382.8900146484375,386.1199951171875,374.739990234375,377.6400146484375,440200
2018-11-23,342.9110107421875,380.3999938964844,382.4700012207031,378.5700073242188,380.9500122070313,193700
2018-11-26,344.506591796875,382.1700134277344,383.989990234375,380.2799987792969,382.4500122070313,572100
2018-11-27,344.45245361328125,382.1099853515625,385.4400024414063,378.3699951171875,382.1799926757813,334300
2018-11-28,346.2102355957031,384.05999755859375,385.4700012207031,379.7900085449219,382.2300109863281,618400
2018-11-29,346.2552490234375,384.1099853515625,386.1700134277344,381.4100036621094,385.5400085449219,486500
2018-11-30,347.3099670410156,385.2799987792969,388.3200073242188,381.6700134277344,383.75,786500
2018-12-03,352.5654296875,391.1099853515625,391.6900024414063,385.2799987792969,387.4500122070313,487500
2018-12-04,347.13873291015625,385.0899963378906,396.5899963378906,383.9100036621094,392.739990234375,753600
2018-12-06,354.0168151855469,392.7200012207031,392.8999938964844,377.9500122070313,381.9200134277344,663500
2018-12-07,348.3827209472656,386.4700012207031,393.3299865722656,383.9500122070313,390.7900085449219,450300
2018-12-10,348.9325866699219,387.0799865722656,389.760009765625,381.6199951171875,388.1499938964844,403100
2018-12-11,351.384521484375,389.7999877929688,391.6700134277344,387.05999755859375,388.6900024414063,449400
2018-12-12,348.9686584472656,387.1199951171875,396.5,386.6900024414063,390.30999755859375,525900
2018-12-13,350.9518737792969,389.3200073242188,395.25,388.2300109863281,388.30999755859375,429000
2018-12-14,348.7703857421875,386.8999938964844,389.239990234375,383.7699890136719,387.739990234375,505300
2018-12-17,332.6885070800781,369.05999755859375,387.5400085449219,368.55999755859375,386.8900146484375,832600
2018-12-18,334.4103088378906,370.9700012207031,377.05999755859375,369.4800109863281,371.8699951171875,527300
2018-12-19,332.1296081542969,368.4400024414063,374.0899963378906,367.0799865722656,370.5,795500
2018-12-20,322.9078063964844,358.2099914550781,367.7999877929688,355.3299865722656,367.4200134277344,762800
2018-12-21,315.7863464355469,350.3099975585937,363.6799926757813,348.6199951171875,358.6199951171875,1277500
2018-12-24,305.6089782714844,339.0199890136719,349.8999938964844,338.9700012207031,348.75,339700
2018-12-26,314.848876953125,349.2699890136719,349.2699890136719,335.2900085449219,340.3999938964844,594800
2018-12-27,312.2526550292969,346.3900146484375,348.989990234375,337.6700134277344,345.6499938964844,569700
2018-12-28,318.0760192871094,352.8500061035156,356.1400146484375,347.1000061035156,348.75,569900
2018-12-31,317.8146057128906,352.5599975585937,353.29998779296875,347.6099853515625,352.3500061035156,384400
2019-01-02,315.5069274902344,350.0,352.69000244140625,343.5799865722656,349.2799987792969,664600
2019-01-03,311.8471069335937,345.94000244140625,355.4700012207031,345.1700134277344,348.6600036621094,779700
2019-01-04,318.9234313964844,353.7900085449219,356.6400146484375,346.3599853515625,347.79998779296875,543700
2019-01-07,319.5633850097656,354.5,357.0199890136719,351.4100036621094,353.0,730300
2019-01-08,326.1981201171875,361.8599853515625,363.1799926757813,357.4200134277344,357.4200134277344,680800
2019-01-09,322.1055603027344,357.32000732421875,365.0899963378906,348.239990234375,363.6900024414063,1024800
2019-01-10,334.1488647460937,370.6799926757813,371.2200012207031,355.0400085449219,356.3099975585937,1033200
2019-01-11,334.82489013671875,371.4299926757813,372.2999877929688,366.5499877929688,369.9599914550781,433600
2019-01-14,339.4673767089844,376.5799865722656,377.1499938964844,369.989990234375,370.2999877929688,638200
2019-01-15,345.2366638183594,382.9800109863281,383.5899963378906,378.1499938964844,379.4599914550781,721200
2019-01-16,343.55096435546875,381.1099853515625,384.1799926757813,379.5299987792969,381.2099914550781,620800
2019-01-17,344.2000732421875,381.8299865722656,383.5899963378906,379.2099914550781,380.9700012207031,490200
2019-01-18,337.7457275390625,374.6700134277344,383.4800109863281,373.75,383.4800109863281,638100
2019-01-22,334.4463195800781,371.010009765625,375.7900085449219,368.260009765625,374.6700134277344,858600
2019-01-23,329.2629699707031,365.260009765625,371.6900024414063,363.1499938964844,370.8599853515625,667100
2019-01-24,334.68975830078125,371.2799987792969,371.55999755859375,357.3500061035156,357.3500061035156,492600
2019-01-25,333.03106689453125,369.4400024414063,373.1400146484375,364.9100036621094,371.7799987792969,760600
2019-01-28,339.9451599121094,377.1099853515625,377.9700012207031,363.8999938964844,367.9500122070313,466600
2019-01-29,341.91033935546875,379.2900085449219,379.8800048828125,373.8900146484375,378.1000061035156,352100
2019-01-30,345.2637023925781,383.010009765625,384.7999877929688,379.1499938964844,379.2900085449219,400300
2019-01-31,355.1706237792969,394.0,394.8299865722656,379.9100036621094,382.8299865722656,591400
2019-02-01,357.3161315917969,396.3800048828125,396.6600036621094,390.8699951171875,393.4500122070313,646100
2019-02-04,356.33349609375,395.2900085449219,397.0,392.3699951171875,397.0,487600
2019-02-05,356.78424072265625,395.7900085449219,399.0,372.75,397.0400085449219,527700
2019-02-06,351.6548767089844,390.1000061035156,396.9700012207031,388.3900146484375,395.0,732600
2019-02-07,351.37554931640625,389.7900085449219,392.1199951171875,385.9800109863281,389.0,402400
2019-02-08,356.8113098144531,395.8200073242188,395.989990234375,387.8900146484375,388.5199890136719,354600
2019-02-11,360.6423950195313,400.0700073242188,400.8500061035156,395.6300048828125,396.9500122070313,408300
2019-02-12,358.3077087402344,397.4800109863281,400.6400146484375,393.5799865722656,400.6400146484375,346100
2019-02-13,353.2865905761719,391.9100036621094,398.7799987792969,385.9100036621094,386.9500122070313,575500
2019-02-14,379.14013671875,420.5899963378906,422.4400024414063,399.5700073242188,412.0,1551900
2019-02-15,379.861328125,421.3900146484375,422.05999755859375,417.4100036621094,421.4700012207031,689300
2019-02-19,388.1545715332031,430.5899963378906,433.0199890136719,418.3999938964844,422.0,660500
2019-02-20,389.001953125,431.5299987792969,433.6400146484375,427.5,428.4299926757813,598400
2019-02-21,383.8907470703125,425.8599853515625,430.0,424.2999877929688,429.0700073242188,397000
2019-02-22,386.3066101074219,428.5400085449219,430.25,423.75,427.9800109863281,341700
2019-02-25,386.7033386230469,428.9800109863281,430.0,425.5199890136719,429.0,580000
2019-02-26,386.0867919921875,425.8399963378906,428.75,425.0,428.0799865722656,422300
2019-02-27,379.11468505859375,418.1499938964844,426.5,417.25,421.4700012207031,525500
2019-02-28,383.9652404785156,423.5,426.0799865722656,417.5899963378906,422.1900024414063,1549800
2019-03-01,392.3880615234375,432.7900085449219,433.5400085449219,420.0,424.4599914550781,786500
2019-03-04,387.1203308105469,426.9800109863281,434.1499938964844,423.2300109863281,433.4500122070313,704300
2019-03-05,387.0660705566406,426.9200134277344,430.260009765625,424.6000061035156,426.9500122070313,420300
2019-03-06,385.0169372558594,424.6600036621094,428.0,422.8699951171875,426.1700134277344,376500
2019-03-07,386.911865234375,426.75,431.3800048828125,421.1900024414063,422.739990234375,510200
2019-03-08,390.2029724121094,430.3800048828125,431.0,424.5,426.8500061035156,581500
2019-03-11,397.4108276367188,438.3299865722656,438.5,430.8800048828125,430.8800048828125,560400
2019-03-12,397.5650024414063,438.5,442.55999755859375,438.1199951171875,439.75,614000
2019-03-13,397.9004211425781,438.8699951171875,441.8699951171875,437.8399963378906,438.0199890136719,588500
2019-03-14,399.360107421875,440.4800109863281,442.9200134277344,436.2999877929688,439.5,398400
2019-03-15,400.3845520019531,441.6099853515625,442.75,438.3299865722656,439.9100036621094,1207400
2019-03-18,402.6422119140625,444.1000061035156,444.7999877929688,440.8500061035156,442.5,370000
2019-03-19,402.1435241699219,443.5499877929688,446.1499938964844,441.9100036621094,445.0199890136719,383300
2019-03-20,406.2506408691406,448.0799865722656,449.0,441.489990234375,442.1499938964844,590200
2019-03-21,415.507568359375,458.2900085449219,458.4100036621094,444.5,447.9299926757813,569500
2019-03-22,409.3514099121094,451.5,460.8800048828125,451.1099853515625,458.8299865722656,644400
2019-03-25,404.5279846191406,446.1799926757813,453.489990234375,445.2799987792969,452.25,449500
2019-03-26,405.87890625,447.6700134277344,448.7200012207031,442.75,445.8800048828125,379200
2019-03-27,406.2506408691406,448.0799865722656,451.5400085449219,445.0299987792969,449.4800109863281,390900
2019-03-28,407.955078125,449.9599914550781,452.2200012207031,446.8500061035156,449.739990234375,415200
2019-03-29,410.8564147949219,453.1600036621094,453.8500061035156,444.9599914550781,451.4700012207031,524400
2019-04-01,413.7032470703125,456.2999877929688,456.7699890136719,443.55999755859375,443.55999755859375,376200
2019-04-02,417.4567565917969,460.4400024414063,461.75,455.0199890136719,457.4599914550781,484000
2019-04-03,418.8802490234375,462.010009765625,466.1099853515625,455.6900024414063,461.7099914550781,531700
2019-04-04,418.3634643554688,461.4400024414063,464.7300109863281,459.8999938964844,462.5499877929688,448900
2019-04-05,423.0598754882813,466.6199951171875,467.2900085449219,460.4500122070313,461.9700012207031,284800
2019-04-08,420.1495971679688,463.4100036621094,467.989990234375,460.3200073242188,466.739990234375,251000
2019-04-09,417.1575622558594,460.1099853515625,464.2300109863281,459.1600036621094,463.1900024414063,284600
2019-04-10,418.1549682617188,461.2099914550781,462.989990234375,459.5199890136719,461.55999755859375,304200
2019-04-11,417.6653442382813,460.6700134277344,462.9200134277344,456.989990234375,456.989990234375,256300
2019-04-12,420.1224060058594,463.3800048828125,464.0,453.7200012207031,457.8200073242188,369900
2019-04-15,417.0579223632813,460.0,463.0700073242188,457.3500061035156,462.30999755859375,286100
2019-04-16,410.4031066894531,452.6600036621094,461.9200134277344,451.3299865722656,461.9200134277344,346900
2019-04-17,405.7428894042969,447.5199890136719,454.510009765625,445.0299987792969,454.4100036621094,342300
2019-04-18,404.7637634277344,446.4400024414063,450.1700134277344,444.9400024414063,450.1700134277344,452600
2019-04-22,405.47998046875,447.2300109863281,448.9700012207031,442.8200073242188,445.739990234375,445200
2019-04-23,408.1817932128906,450.2099914550781,452.8200073242188,444.510009765625,449.4500122070313,369800
2019-04-24,411.12835693359375,453.4599914550781,454.1799926757813,445.9299926757813,450.7799987792969,268400
2019-04-25,411.5182800292969,453.8900146484375,455.7799987792969,447.260009765625,450.9100036621094,223800
2019-04-26,410.7566528320313,453.0499877929688,453.8200073242188,440.7200012207031,453.8200073242188,361000
2019-04-29,406.9124755859375,448.80999755859375,453.9800109863281,446.260009765625,451.55999755859375,296200
2019-04-30,412.2526550292969,454.7000122070313,456.1499938964844,446.0400085449219,449.6199951171875,408100
2019-05-01,408.0005187988281,450.010009765625,459.510009765625,449.5299987792969,453.6000061035156,499000
2019-05-02,421.6002197265625,465.010009765625,479.9400024414063,461.9400024414063,470.0,726200
2019-05-03,432.4617919921875,476.989990234375,476.989990234375,464.3999938964844,466.3200073242188,420200
2019-05-06,433.8579711914063,478.5299987792969,480.7999877929688,472.260009765625,472.4599914550781,496500
2019-05-07,430.59417724609375,474.9299926757813,478.5,471.9299926757813,477.8999938964844,523700
2019-05-08,434.26605224609375,478.9800109863281,483.6400146484375,471.6499938964844,473.5700073242188,590600
2019-05-09,432.0991516113281,476.5899963378906,479.3299865722656,473.010009765625,477.7799987792969,335800
2019-05-10,435.0276184082031,479.8200073242188,481.7300109863281,474.6400146484375,476.260009765625,438200
2019-05-13,431.7818603515625,476.239990234375,477.1900024414063,472.4700012207031,473.55999755859375,498800
2019-05-14,438.8174743652344,484.0,484.5,477.010009765625,477.5400085449219,419700
2019-05-15,441.19281005859375,486.6199951171875,488.3800048828125,483.1300048828125,484.25,279100
2019-05-16,445.8529968261719,491.760009765625,494.0,487.0199890136719,487.5199890136719,327000
2019-05-17,444.5111083984375,490.2799987792969,490.8399963378906,485.1600036621094,487.6199951171875,289400
2019-05-20,435.2996215820313,480.1199951171875,488.4299926757813,480.1099853515625,487.8800048828125,379400
2019-05-21,441.487548828125,484.4500122070313,486.0799865722656,477.9299926757813,477.9299926757813,403100
2019-05-22,450.181396484375,493.989990234375,494.6199951171875,480.510009765625,483.8399963378906,332600
2019-05-23,452.2501220703125,496.260009765625,496.5700073242188,492.0,492.8599853515625,467900
2019-05-24,452.4869995117188,496.5199890136719,500.0,495.9599914550781,498.760009765625,251600
2019-05-28,447.6661682128906,491.2300109863281,500.2000122070313,491.2300109863281,496.7999877929688,285100
2019-05-29,439.75592041015625,482.5499877929688,491.6000061035156,481.2999877929688,490.989990234375,278000
2019-05-30,444.09375,487.30999755859375,487.8299865722656,483.1000061035156,483.1000061035156,332600
2019-05-31,442.7086791992188,485.7900085449219,489.1900024414063,483.6600036621094,485.1499938964844,337700
2019-06-03,442.5172424316406,485.5799865722656,489.6199951171875,482.1600036621094,487.6099853515625,461900
2019-06-04,438.3890075683594,481.0499877929688,485.5899963378906,471.7999877929688,485.5199890136719,494200
2019-06-05,451.3662414550781,495.2900085449219,495.3999938964844,482.4599914550781,484.3699951171875,306800
2019-06-06,450.7921142578125,494.6600036621094,497.9200134277344,491.2900085449219,496.8200073242188,334000
2019-06-07,455.2939453125,499.6000061035156,499.9599914550781,495.1000061035156,496.5400085449219,262100
2019-06-10,461.1445617675781,506.0199890136719,507.30999755859375,497.6000061035156,499.1400146484375,329400
2019-06-11,459.5224609375,504.239990234375,508.760009765625,499.260009765625,507.2900085449219,303300
2019-06-12,459.0029602050781,503.6700134277344,508.989990234375,502.9800109863281,505.760009765625,221500
2019-06-13,462.31103515625,507.2999877929688,508.0299987792969,503.239990234375,505.4400024414063,399900
2019-06-14,464.6986999511719,509.9200134277344,512.9299926757812,505.510009765625,507.2999877929688,318600
2019-06-17,466.120361328125,511.4800109863281,515.0800170898438,509.2900085449219,511.260009765625,354200
2019-06-18,458.60205078125,503.2300109863281,516.9500122070312,502.4500122070313,514.4500122070312,461300
2019-06-19,465.837890625,511.1700134277344,513.7999877929688,501.8900146484375,502.6900024414063,351900
2019-06-20,463.28619384765625,508.3699951171875,515.8800048828125,506.7099914550781,515.0399780273438,433000
2019-06-21,463.0309448242188,508.0899963378906,509.3699951171875,499.510009765625,509.0400085449219,761600
2019-06-24,464.8080139160156,510.0400085449219,512.9000244140625,506.0700073242188,510.0,285500
2019-06-25,455.70404052734375,500.0499877929688,512.989990234375,499.4299926757813,508.8299865722656,246000
2019-06-26,446.8004455566406,490.2799987792969,501.0899963378906,485.5799865722656,500.0299987792969,489800
2019-06-27,454.0090026855469,498.1900024414063,498.9299926757813,491.3299865722656,491.3299865722656,262500
2019-06-28,459.5680236816406,504.2900085449219,504.6900024414063,496.3599853515625,498.75,551000
2019-07-01,460.1603393554688,504.9400024414063,510.0,498.0299987792969,509.0400085449219,366800
2019-07-02,469.27349853515625,514.9400024414062,515.27001953125,505.0700073242188,506.3699951171875,349000
2019-07-03,472.9279174804688,518.9500122070312,520.239990234375,515.3699951171875,515.3699951171875,180200
2019-07-05,472.2261962890625,518.1799926757812,520.3499755859375,510.5299987792969,517.030029296875,168000
2019-07-08,473.11920166015625,519.1599731445312,520.0,515.8400268554688,518.4000244140625,196400
2019-07-09,475.2518615722656,521.5,521.7000122070312,516.8300170898438,517.3200073242188,235300
2019-07-10,480.4097595214844,527.1599731445312,527.4099731445312,518.0999755859375,522.1400146484375,315600
2019-07-11,477.4206848144531,523.8800048828125,528.97998046875,520.5599975585938,528.969970703125,292400
2019-07-12,472.0711975097656,518.010009765625,526.9299926757812,516.510009765625,525.0,301700
2019-07-15,471.1416931152344,516.989990234375,523.5999755859375,515.5900268554688,521.3099975585938,181400
2019-07-16,468.6173095703125,514.219970703125,516.6400146484375,511.9700012207031,515.3200073242188,319400
2019-07-17,466.7582702636719,512.1799926757812,519.0399780273438,509.010009765625,518.7899780273438,211900
2019-07-18,466.7491760253906,512.1699829101562,513.4600219726562,508.1900024414063,509.5299987792969,293700
2019-07-19,461.6822204589844,506.6099853515625,515.7999877929688,506.55999755859375,514.469970703125,305100
2019-07-22,461.4908752441406,506.3999938964844,508.7699890136719,504.0799865722656,505.4100036621094,243800
2019-07-23,462.3384399414063,507.3299865722656,509.8999938964844,501.8800048828125,508.4299926757813,335400
2019-07-24,463.2405395507813,508.3200073242188,510.9800109863281,504.7099914550781,507.3800048828125,279500
2019-07-25,446.9827270507813,490.4800109863281,507.510009765625,490.0499877929688,507.0,533200
2019-07-26,445.4607543945313,488.80999755859375,495.0,484.4599914550781,492.1700134277344,523600
2019-07-29,443.4285888671875,486.5799865722656,496.9599914550781,484.239990234375,494.9800109863281,393800
2019-07-30,454.5830993652344,498.8200073242188,499.5,484.5700073242188,485.2000122070313,464900
2019-07-31,457.57220458984375,502.1000061035156,511.2900085449219,493.9200134277344,497.6600036621094,741300
2019-08-01,476.3909301757813,522.75,530.719970703125,504.9100036621094,529.47998046875,720100
2019-08-02,477.6120300292969,524.0900268554688,533.0800170898438,520.760009765625,526.1099853515625,580300
2019-08-05,467.2138977050781,512.6799926757812,523.6699829101562,506.0499877929688,518.5700073242188,429700
2019-08-06,473.7572326660156,519.8599853515625,523.52001953125,513.0,513.47998046875,366400
2019-08-07,485.8140258789063,533.0900268554688,534.8300170898438,511.989990234375,518.0499877929688,436600
2019-08-08,500.5316162109375,549.239990234375,550.0,527.530029296875,531.2999877929688,550800
2019-08-09,503.4297180175781,552.4199829101562,553.52001953125,546.8300170898438,550.0,499100
2019-08-12,504.231689453125,553.2999877929688,557.5399780273438,549.6099853515625,550.5399780273438,403900
2019-08-13,499.7479553222656,548.3800048828125,554.3499755859375,545.0,553.75,452200
2019-08-14,492.0018005371094,539.8800048828125,548.6699829101562,537.2000122070312,544.4500122070312,472900
2019-08-15,497.8889465332031,546.3400268554688,550.1599731445312,539.5,541.2999877929688,359100
2019-08-16,502.8738403320313,551.8099975585938,553.8499755859375,545.010009765625,547.25,575000
2019-08-19,506.44622802734375,555.72998046875,557.9600219726562,550.3800048828125,556.219970703125,279600
2019-08-20,500.7067260742188,547.0,554.47998046875,546.72998046875,551.239990234375,257600
2019-08-21,505.3750915527344,552.0999755859375,552.0999755859375,545.3599853515625,548.8200073242188,198900
2019-08-22,507.498779296875,554.4199829101562,558.4299926757812,547.6199951171875,551.6400146484375,270500
2019-08-23,502.92193603515625,549.4199829101562,559.3200073242188,547.1400146484375,557.4099731445312,319200
2019-08-26,511.3982849121094,558.6799926757812,558.7899780273438,550.0,550.030029296875,203100
2019-08-27,510.3364562988281,557.52001953125,562.469970703125,555.4500122070312,560.489990234375,590000
2019-08-28,506.6842041015625,553.530029296875,559.6400146484375,551.3800048828125,558.3599853515625,304000
2019-08-29,510.51959228515625,557.719970703125,558.7999877929688,554.9600219726562,556.7100219726562,339500
2019-08-30,509.2013854980469,556.280029296875,559.5499877929688,553.219970703125,558.0,288200
2019-09-03,518.0161743164062,565.9099731445312,566.3900146484375,554.2100219726562,555.3800048828125,296600
2019-09-04,511.2243957519531,558.489990234375,567.8900146484375,555.030029296875,564.9000244140625,445900
2019-09-05,504.36822509765625,551.0,560.0,547.6900024414062,558.760009765625,486500
2019-09-06,507.1968078613281,554.0900268554688,560.6699829101562,551.7100219726562,552.4400024414062,366900
2019-09-09,492.6607360839844,538.2100219726562,554.3099975585938,536.760009765625,554.0999755859375,397000
2019-09-10,486.4635925292969,531.4400024414062,535.510009765625,525.3800048828125,535.510009765625,496300
2019-09-11,483.7175903320313,528.4400024414062,533.3599853515625,526.0,530.1900024414062,529900
2019-09-12,493.27386474609375,538.8800048828125,539.6799926757812,528.5,529.989990234375,435400
2019-09-13,491.37005615234375,536.7999877929688,539.0800170898438,531.7899780273438,537.0,329600
2019-09-16,503.388916015625,549.9299926757812,551.2000122070312,536.1900024414062,537.739990234375,297300
2019-09-17,511.6089477539063,558.9099731445312,559.989990234375,545.2000122070312,551.469970703125,380400
2019-09-18,513.5219116210938,561.0,561.1900024414062,545.6699829101562,559.5,359100
2019-09-19,520.8722534179688,569.030029296875,570.8300170898438,559.3300170898438,560.510009765625,470100
2019-09-20,518.5107421875,566.4500122070312,571.7000122070312,564.6900024414062,568.5700073242188,1067300
2019-09-23,532.4793090820312,581.7100219726562,609.969970703125,569.8300170898438,575.030029296875,715300
2019-09-24,523.6275634765625,572.0399780273438,582.9500122070312,567.1099853515625,582.2100219726562,519700
2019-09-25,530.2274780273438,579.25,580.3300170898438,562.0,574.5599975585938,381200
2019-09-26,533.6781616210938,583.02001953125,584.5,577.1300048828125,577.3400268554688,270600
2019-09-27,527.8199462890625,576.6199951171875,583.489990234375,573.3300170898438,581.010009765625,290500
2019-09-30,527.9847412109375,576.7999877929688,582.22998046875,574.2899780273438,578.719970703125,301000
2019-10-01,521.3849487304688,569.5900268554688,578.219970703125,567.9500122070312,574.8400268554688,313000
2019-10-02,513.9978637695312,561.52001953125,571.510009765625,555.1799926757812,568.1199951171875,531300
2019-10-03,527.023681640625,575.75,575.760009765625,562.77001953125,563.1599731445312,417600
2019-10-04,532.4242553710938,581.6500244140625,582.4299926757812,575.9299926757812,577.6300048828125,295700
2019-10-07,528.45166015625,577.3099975585938,580.9500122070312,575.5499877929688,577.8699951171875,224800
2019-10-08,521.3025512695312,569.5,577.77001953125,569.3400268554688,576.1699829101562,280500
2019-10-09,526.337158203125,575.0,579.2899780273438,570.0700073242188,570.9099731445312,274000
2019-10-10,523.7740478515625,572.2000122070312,574.9199829101562,568.1400146484375,573.530029296875,230600
2019-10-11,518.6571655273438,566.6099853515625,576.1900024414062,565.8699951171875,576.1900024414062,280100
2019-10-14,519.471923828125,567.5,571.219970703125,565.0499877929688,566.97998046875,181500
2019-10-15,523.2705078125,571.6500244140625,574.1699829101562,566.0,570.5999755859375,207100
2019-10-16,519.8289184570312,567.8900146484375,568.9000244140625,560.8900146484375,568.1599731445312,313200
2019-10-17,523.4445190429688,571.8400268554688,576.47998046875,569.4500122070312,570.9299926757812,198100
2019-10-18,527.627685546875,576.4099731445312,577.1699829101562,571.3200073242188,574.8200073242188,247900
2019-10-21,528.48828125,577.3499755859375,578.3200073242188,572.030029296875,576.4099731445312,270800
2019-10-22,521.6961669921875,569.9299926757812,582.6799926757812,569.8300170898438,582.6799926757812,271100
2019-10-23,518.6663818359375,566.6199951171875,572.6099853515625,558.9299926757812,569.6900024414062,370600
2019-10-24,515.6639404296875,563.3400268554688,569.5,561.280029296875,569.5,329300
2019-10-25,517.8607788085938,565.739990234375,566.5399780273438,553.6699829101562,562.3400268554688,379200
2019-10-28,519.1332397460938,567.1300048828125,568.5599975585938,563.1799926757812,564.22998046875,288100
2019-10-29,519.4901123046875,567.52001953125,576.25,565.760009765625,565.8900146484375,305000
2019-10-30,522.8220825195312,571.1599731445312,577.7100219726562,566.4500122070312,570.719970703125,556100
2019-10-31,518.8128662109375,566.780029296875,574.9000244140625,553.8099975585938,572.7000122070312,690100
2019-11-01,514.656982421875,562.239990234375,567.4600219726562,557.1400146484375,565.3300170898438,431900
2019-11-04,497.2283325195313,543.2000122070312,560.7999877929688,542.3800048828125,560.6699829101562,661300
2019-11-05,482.57330322265625,527.1900024414062,542.1400146484375,523.7899780273438,542.1400146484375,934300
2019-11-06,486.866455078125,531.8800048828125,534.989990234375,527.8499755859375,530.0700073242188,375800
2019-11-07,478.2802734375,522.5,530.9600219726562,519.3699951171875,530.9600219726562,383600
2019-11-08,485.4292602539063,530.3099975585938,535.9600219726562,521.9199829101562,523.4600219726562,505500
2019-11-11,489.7223815917969,535.0,539.3599853515625,530.260009765625,530.260009765625,309400
2019-11-12,486.280517578125,531.239990234375,539.010009765625,526.8499755859375,535.6300048828125,358000
2019-11-13,494.9674682617188,540.72998046875,541.9600219726562,532.530029296875,533.719970703125,414100
2019-11-14,498.6105041503906,544.7100219726562,549.0999755859375,539.3200073242188,542.2000122070312,521700
2019-11-15,503.8281555175781,550.4099731445312,552.010009765625,543.719970703125,548.8400268554688,448200
2019-11-18,510.9681396484375,558.2100219726562,560.9600219726562,550.0,550.0,350400
2019-11-19,519.4359130859375,564.9600219726562,568.9000244140625,555.3699951171875,557.2899780273438,403600
2019-11-20,522.9297485351562,568.760009765625,573.1799926757812,563.9000244140625,565.0,398200
2019-11-21,515.031982421875,560.1699829101562,570.5999755859375,558.1300048828125,565.5800170898438,322600
2019-11-22,512.650634765625,557.5800170898438,567.3499755859375,556.25,562.8400268554688,318900
2019-11-25,509.2209777832031,553.8499755859375,563.469970703125,553.2000122070312,559.6099853515625,472500
2019-11-26,509.984130859375,554.6799926757812,556.7100219726562,550.9099731445312,553.219970703125,848700
2019-11-27,519.6473999023438,565.1900024414062,566.969970703125,551.52001953125,555.4600219726562,302300
2019-11-29,521.173583984375,566.8499755859375,569.0700073242188,565.1699829101562,565.6099853515625,187200
2019-12-02,505.44232177734375,549.739990234375,564.8099975585938,549.6900024414062,564.8099975585938,394500
2019-12-03,508.0718688964844,552.5999755859375,555.969970703125,547.0599975585938,550.7000122070312,447200
2019-12-04,517.5694580078125,562.9299926757812,564.02001953125,548.760009765625,549.760009765625,413700
2019-12-05,514.9308471679688,560.0599975585938,563.97998046875,555.9299926757812,561.27001953125,337700
2019-12-06,514.1309814453125,559.1900024414062,566.989990234375,558.8800048828125,562.1900024414062,307300
2019-12-09,515.5375366210938,560.719970703125,562.6199951171875,557.2899780273438,559.5599975585938,208200
2019-12-10,512.7884521484375,557.72998046875,564.8300170898438,556.1799926757812,563.47998046875,340500
2019-12-11,514.0848999023438,559.1400146484375,564.1199951171875,554.5,559.219970703125,333000
2019-12-12,503.65863037109375,547.7999877929688,561.3699951171875,546.260009765625,561.3699951171875,387300
2019-12-13,507.3731689453125,551.8400268554688,552.72998046875,543.1099853515625,547.6699829101562,553600
2019-12-16,517.4500122070312,562.7999877929688,563.8599853515625,547.1500244140625,552.5499877929688,473100
2019-12-17,512.595458984375,557.52001953125,571.010009765625,556.0,565.5800170898438,411500
2019-12-18,519.886474609375,565.4500122070312,566.8499755859375,558.3400268554688,559.5999755859375,491700
2019-12-19,529.5128173828125,575.9199829101562,578.47998046875,564.52001953125,566.52001953125,388900
2019-12-20,531.1585083007812,577.7100219726562,582.2000122070312,573.7999877929688,581.8499755859375,931900
2019-12-23,525.57763671875,571.6400146484375,579.3400268554688,570.1099853515625,577.3699951171875,181700
2019-12-24,527.0487670898438,573.239990234375,576.7100219726562,569.1599731445312,571.5399780273438,82600
2019-12-26,532.8135375976562,579.510009765625,580.1199951171875,572.1599731445312,573.6699829101562,153100
2019-12-27,535.5624389648438,582.5,584.4500122070312,578.1500244140625,582.3699951171875,231800
2019-12-30,533.484619140625,580.239990234375,582.4299926757812,575.030029296875,580.2999877929688,247100
2019-12-31,536.6658935546875,583.7000122070312,583.9099731445312,578.3599853515625,580.5399780273438,292700
2020-01-02,532.6664428710938,579.3499755859375,584.9099731445312,576.030029296875,583.9099731445312,448500
2020-01-03,537.9713745117188,585.1199951171875,590.3599853515625,575.469970703125,575.469970703125,385200
2020-01-06,537.3829956054688,584.47998046875,588.0,579.75,585.1300048828125,284200
2020-01-07,534.9925537109375,581.8800048828125,586.5,575.02001953125,584.469970703125,252600
2020-01-08,536.7577514648438,583.7999877929688,586.1599731445312,575.010009765625,583.0,261000
2020-01-09,541.5296020507812,588.989990234375,590.0,575.4099731445312,582.9500122070312,229600
2020-01-10,546.1358642578125,594.0,595.77001953125,587.3200073242188,593.3200073242188,307900
2020-01-13,547.0186157226562,594.9600219726562,598.530029296875,592.260009765625,594.8900146484375,396300
2020-01-14,539.2402954101562,586.5,597.0,582.9299926757812,595.8099975585938,385400
2020-01-15,539.0010986328125,586.239990234375,592.530029296875,585.0499877929688,588.5599975585938,394300
2020-01-16,547.1656494140625,595.1199951171875,596.4000244140625,586.6099853515625,587.5499877929688,522100
2020-01-17,540.6192016601562,588.0,596.6900024414062,587.9000244140625,594.0,794200
2020-01-21,542.458251953125,590.0,594.5499877929688,583.9400024414062,591.510009765625,680900
2020-01-22,543.864990234375,591.530029296875,599.1799926757812,590.7899780273438,595.3499755859375,444100
2020-01-23,547.98388671875,596.010009765625,603.7000122070312,592.5599975585938,594.489990234375,352200
2020-01-24,544.26025390625,591.9600219726562,603.3499755859375,590.0399780273438,597.3699951171875,329000
2020-01-27,546.08984375,593.9500122070312,594.9600219726562,585.6099853515625,589.9099731445312,233200
2020-01-28,554.0154418945312,602.5700073242188,604.6699829101562,595.3900146484375,595.989990234375,318100
2020-01-29,554.1165161132812,602.6799926757812,604.25,596.7899780273438,600.0599975585938,243200
2020-01-30,554.4107666015625,603.0,608.1099853515625,602.7000122070312,602.7000122070312,348400
2020-01-31,542.2099609375,589.72998046875,605.27001953125,587.3599853515625,604.0700073242188,488700
2020-02-03,554.9623413085938,603.5999755859375,606.1400146484375,591.0499877929688,592.5599975585938,445700
2020-02-04,558.8697509765625,607.8499755859375,609.469970703125,605.260009765625,608.0900268554688,325900
2020-02-05,552.81103515625,601.260009765625,609.219970703125,600.0,608.489990234375,327400
2020-02-06,555.0817260742188,603.72998046875,607.8300170898438,594.5599975585938,606.260009765625,215000
2020-02-07,557.1687622070312,606.0,607.5499877929688,602.1300048828125,605.1400146484375,186900
2020-02-10,562.713134765625,612.030029296875,613.739990234375,607.0700073242188,609.1900024414062,270300
2020-02-11,564.12890625,613.5700073242188,619.75,611.010009765625,613.0999755859375,345000
2020-02-12,572.9279174804688,623.1400146484375,624.5800170898438,612.3300170898438,616.22998046875,566400
2020-02-13,584.5216674804688,635.75,636.4299926757812,611.989990234375,615.0999755859375,508300
2020-02-14,596.3822021484375,648.6500244140625,654.3200073242188,637.1900024414062,639.0900268554688,438600
2020-02-18,591.7300415039062,643.5900268554688,649.989990234375,639.3499755859375,644.1699829101562,427900
2020-02-19,591.8493041992188,643.719970703125,650.1099853515625,641.4000244140625,648.1900024414062,405000
2020-02-20,596.1431884765625,648.3900146484375,648.52001953125,639.2999877929688,644.0,353600
2020-02-21,603.1307983398438,655.989990234375,657.0,644.0999755859375,651.9600219726562,604900
2020-02-24,592.9343872070312,644.9000244140625,654.4400024414062,637.6900024414062,648.1799926757812,543200
2020-02-25,583.4620361328125,631.97998046875,645.9099731445312,627.5,643.0499877929688,677700
2020-02-26,581.4863891601562,629.8400268554688,637.8300170898438,624.8800048828125,634.5499877929688,414600
2020-02-27,551.6198120117188,597.489990234375,630.72998046875,597.260009765625,623.9199829101562,718200
2020-02-28,528.8253784179688,572.7999877929688,589.9600219726562,563.5499877929688,586.530029296875,1132000
2020-03-02,571.3677978515625,618.8800048828125,620.2899780273438,577.260009765625,577.8800048828125,757100
2020-03-03,567.9332885742188,615.1599731445312,634.0399780273438,600.0,621.719970703125,678800
2020-03-04,595.934814453125,645.489990234375,646.52001953125,621.9199829101562,626.0,586400
2020-03-05,569.327392578125,616.6699829101562,641.8300170898438,611.0499877929688,629.02001953125,578100
2020-03-06,561.9414672851562,608.6699829101562,609.989990234375,582.52001953125,599.5900268554688,826300
2020-03-09,529.9886474609375,574.0599975585938,601.9400024414062,570.1300048828125,571.0,724500
2020-03-10,563.4281005859375,610.280029296875,615.0399780273438,571.0499877929688,600.0,706400
2020-03-11,552.8294067382812,598.7999877929688,604.97998046875,584.8900146484375,591.6400146484375,897900
2020-03-12,521.7442016601562,565.1300048828125,595.0,546.1500244140625,556.9099731445312,1003900
2020-03-13,573.408203125,621.0900268554688,623.8400268554688,566.739990234375,585.2899780273438,1081100
2020-03-16,500.7869262695313,542.4299926757812,586.280029296875,530.0,582.5900268554688,1018900
2020-03-17,531.022705078125,575.1799926757812,598.22998046875,554.719970703125,558.6199951171875,1215500
2020-03-18,528.2158813476562,572.1400146484375,585.0399780273438,534.4400024414062,545.0,1027900
2020-03-19,507.77587890625,550.0,590.1099853515625,535.5499877929688,571.8900146484375,985200
2020-03-20,467.6337585449219,506.5199890136719,559.97998046875,493.2000122070313,549.75,1230300
2020-03-23,451.588134765625,489.1400146484375,506.0,477.8699951171875,505.0400085449219,882100
2020-03-24,503.98138427734375,545.8900146484375,552.9500122070312,496.6600036621094,509.8399963378906,914300
2020-03-25,511.3948364257813,553.9199829101562,593.6900024414062,535.3699951171875,535.7999877929688,723800
2020-03-26,542.4707641601562,587.5800170898438,604.25,551.260009765625,559.530029296875,754700
2020-03-27,548.64697265625,594.27001953125,605.0,553.9000244140625,573.52001953125,616200
2020-03-30,595.3624267578125,644.8699951171875,649.0,594.02001953125,605.989990234375,778600
2020-03-31,576.6210327148438,624.5700073242188,644.9299926757812,611.0599975585938,640.0,1135000
2020-04-01,549.745849609375,595.4600219726562,620.0,580.6900024414062,608.1799926757812,714800
2020-04-02,578.07958984375,626.1500244140625,629.0399780273438,590.7000122070312,594.7899780273438,801500
2020-04-03,576.731689453125,624.6900024414062,636.2100219726562,604.4099731445312,626.3099975585938,557200
2020-04-06,602.1483154296875,652.219970703125,658.97998046875,630.0,639.780029296875,698800
2020-04-07,575.7438354492188,623.6199951171875,679.6599731445312,621.719970703125,678.9199829101562,621200
2020-04-08,613.2637939453125,664.260009765625,668.72998046875,621.5499877929688,624.02001953125,533700
2020-04-09,634.2027587890625,686.9400024414062,692.6300048828125,666.2100219726562,666.8900146484375,904300
2020-04-13,606.7366943359375,657.1900024414062,681.6099853515625,644.760009765625,681.6099853515625,541000
2020-04-14,636.0029907226562,688.8900146484375,695.8699951171875,671.8099975585938,677.3599853515625,549800
2020-04-15,623.6686401367188,675.530029296875,685.1900024414062,665.5,677.760009765625,361100
2020-04-16,630.3250732421875,682.739990234375,688.0,659.030029296875,659.030029296875,521700
2020-04-17,641.5978393554688,694.9500122070312,696.7899780273438,669.2999877929688,681.8499755859375,502600
2020-04-20,619.2556762695312,670.75,687.0,665.7999877929688,684.0,519500
2020-04-21,620.5943603515625,672.2000122070312,681.0900268554688,654.9500122070312,658.4099731445312,420700
2020-04-22,632.2178344726562,684.7899780273438,698.739990234375,673.2000122070312,679.9099731445312,434000
2020-04-23,632.864013671875,685.489990234375,698.989990234375,681.010009765625,683.6400146484375,382400
2020-04-24,632.5040283203125,685.0999755859375,689.5499877929688,672.9099731445312,685.489990234375,459800
2020-04-27,648.1065673828125,702.0,707.02001953125,685.239990234375,691.8699951171875,349800
2020-04-28,631.266845703125,683.760009765625,715.75,682.2899780273438,713.6099853515625,374300
2020-04-29,627.1676635742188,679.3200073242188,688.7999877929688,672.0999755859375,685.5,605800
2020-04-30,623.364013671875,675.2000122070312,686.5599975585938,663.77001953125,675.6400146484375,752000
2020-05-01,619.3478393554688,670.8499755859375,680.8900146484375,665.239990234375,670.3400268554688,346700
2020-05-04,624.074951171875,675.969970703125,677.0,660.9199829101562,664.510009765625,515200
2020-05-05,633.6950073242188,686.3900146484375,692.5999755859375,672.510009765625,689.3800048828125,321600
2020-05-06,631.6638793945312,684.1900024414062,701.1500244140625,680.25,680.4099731445312,388300
2020-05-07,623.4932250976562,675.3400268554688,679.1500244140625,656.0,662.010009765625,663100
2020-05-08,626.0967407226562,678.1599731445312,686.989990234375,671.3499755859375,679.8900146484375,439400
2020-05-11,625.948974609375,678.0,686.8900146484375,670.4500122070312,672.469970703125,558900
2020-05-12,612.7006225585938,663.6500244140625,676.2999877929688,660.0,668.510009765625,1527300
2020-05-13,626.687744140625,678.7999877929688,686.3300170898438,663.25,663.47998046875,1572000
2020-05-14,608.6476440429688,659.260009765625,682.1699829101562,645.9000244140625,679.6199951171875,800500
2020-05-15,608.09375,658.6599731445312,662.3499755859375,646.5800170898438,656.8800048828125,564600
2020-05-18,611.5281982421875,662.3800048828125,680.75,659.3900146484375,680.75,586600
2020-05-19,602.6387939453125,650.1300048828125,669.97998046875,649.2000122070312,663.0,455600
2020-05-20,607.597900390625,655.47998046875,656.2100219726562,647.1099853515625,653.5399780273438,590200
2020-05-21,597.327392578125,644.4000244140625,653.77001953125,639.4299926757812,650.0,512300
2020-05-22,621.0758666992188,670.02001953125,671.4099731445312,641.9199829101562,643.1099853515625,503000
2020-05-26,609.9431762695312,658.010009765625,685.0,656.5900268554688,681.0999755859375,573200
2020-05-27,626.192626953125,675.5399780273438,676.3499755859375,646.5599975585938,666.5599975585938,555400
2020-05-28,642.7013549804688,693.3499755859375,694.7999877929688,676.739990234375,681.6699829101562,441200
2020-05-29,646.6689453125,697.6300048828125,700.489990234375,685.3699951171875,697.1799926757812,589300
2020-06-01,658.2929077148438,710.1699829101562,716.3200073242188,696.8300170898438,699.8699951171875,447200
2020-06-02,645.7976684570312,696.6900024414062,718.3300170898438,687.9400024414062,718.3300170898438,621400
2020-06-03,638.6600952148438,688.989990234375,696.02001953125,682.5900268554688,691.6900024414062,436700
2020-06-04,616.5894165039062,665.1799926757812,688.030029296875,660.1900024414062,680.8599853515625,508300
2020-06-05,624.3015747070312,673.5,675.0900268554688,647.760009765625,662.739990234375,828400
2020-06-08,626.8414306640625,676.239990234375,676.6199951171875,661.6799926757812,661.6799926757812,563500
2020-06-09,640.7272338867188,691.219970703125,694.0700073242188,675.4000244140625,679.8800048828125,525800
2020-06-10,644.7222900390625,695.530029296875,699.8699951171875,680.510009765625,695.22998046875,473400
2020-06-11,612.4366455078125,660.7000122070312,693.1900024414062,659.7899780273438,693.1900024414062,582100
2020-06-12,627.2122802734375,676.6400146484375,680.0,663.4400024414062,668.6900024414062,539300
2020-06-15,643.79541015625,694.530029296875,695.6199951171875,661.8300170898438,669.2899780273438,546900
2020-06-16,646.2703247070312,697.2000122070312,710.0,687.4199829101562,702.0,570900
2020-06-17,647.0119018554688,698.0,704.469970703125,694.1500244140625,702.0900268554688,392200
2020-06-18,645.6306762695312,696.510009765625,699.3800048828125,689.280029296875,696.5499877929688,313100
2020-06-19,659.4608764648438,711.4299926757812,714.0,688.5599975585938,713.4199829101562,1364400
2020-06-22,646.21484375,697.1400146484375,710.97998046875,692.7100219726562,709.1699829101562,603600
2020-06-23,643.9436645507812,694.6900024414062,705.0,688.5999755859375,700.0,594900
2020-06-24,639.2532348632812,689.6300048828125,694.5599975585938,678.4299926757812,690.0,522200
2020-06-25,645.9365844726562,696.8400268554688,698.2000122070312,683.6400146484375,684.52001953125,487600
2020-06-26,636.3890380859375,686.5399780273438,698.010009765625,682.9400024414062,697.1400146484375,563500
2020-06-29,638.5950317382812,688.9199829101562,693.0,684.0800170898438,692.7999877929688,319100
2020-06-30,650.9978637695312,702.2999877929688,704.9299926757812,690.489990234375,698.5,470000
2020-07-01,674.9779052734375,728.1699829101562,730.5399780273438,701.2000122070312,703.0399780273438,573400
2020-07-02,665.9308471679688,718.4099731445312,735.989990234375,716.9600219726562,732.7999877929688,433100
2020-07-06,669.8797607421875,722.6699829101562,728.530029296875,713.4600219726562,723.3800048828125,421300
2020-07-07,668.3965454101562,721.0700073242188,730.780029296875,715.989990234375,718.4500122070312,316000
2020-07-08,667.7291870117188,720.3499755859375,730.6599731445312,714.6099853515625,725.5700073242188,333600
2020-07-09,675.4600830078125,728.6900024414062,733.030029296875,715.1099853515625,721.7899780273438,239200
2020-07-10,664.2439575195312,716.5900268554688,734.97998046875,713.5900268554688,734.97998046875,339600
2020-07-13,649.9038696289062,701.1199951171875,723.75,698.02001953125,720.239990234375,439200
2020-07-14,664.5404663085938,716.9099731445312,718.989990234375,697.280029296875,716.8200073242188,333100
2020-07-15,661.7319946289062,713.8800048828125,724.77001953125,710.9500122070312,724.1699829101562,367600
2020-07-16,661.9265747070312,714.0900268554688,717.989990234375,707.1300048828125,716.4000244140625,228000
2020-07-17,671.3257446289062,724.22998046875,730.8900146484375,709.0700073242188,717.2999877929688,338900
2020-07-20,678.3800659179688,731.8400268554688,734.719970703125,721.5800170898438,726.030029296875,299200
2020-07-21,672.9479370117188,725.97998046875,735.5,724.4600219726562,735.5,278200
2020-07-22,681.7911987304688,735.52001953125,737.77001953125,725.0,729.75,279400
2020-07-23,682.8756713867188,736.6900024414062,744.4600219726562,728.27001953125,738.6400146484375,336500
2020-07-24,683.5245971679688,737.3900146484375,739.510009765625,729.5700073242188,729.8099975585938,252900
2020-07-27,698.9210815429688,754.0,756.0900268554688,735.030029296875,737.7000122070312,399400
2020-07-28,697.5585327148438,752.530029296875,762.3900146484375,748.5,762.3900146484375,401500
2020-07-29,713.7522583007812,770.0,770.8800048828125,756.1599731445312,760.0999755859375,379500
2020-07-30,721.1216430664062,777.9500122070312,787.7000122070312,770.0,780.0,461400
2020-07-31,728.1015014648438,785.47998046875,785.7999877929688,770.8800048828125,774.1799926757812,334600
2020-08-03,722.2061157226562,779.1199951171875,785.469970703125,775.1900024414062,776.6400146484375,386500
2020-08-04,735.4708251953125,793.4299926757812,794.719970703125,775.030029296875,783.4600219726562,382900
2020-08-05,736.0361938476562,794.0399780273438,799.0,786.239990234375,799.0,250100
2020-08-06,734.200927734375,792.0599975585938,793.780029296875,786.469970703125,787.6699829101562,254300
2020-08-07,733.8672485351562,791.7000122070312,798.47998046875,788.4400024414062,791.6900024414062,224900
2020-08-10,725.561767578125,782.739990234375,805.8099975585938,780.030029296875,797.9500122070312,307700
2020-08-11,702.7864990234375,758.1699829101562,781.4600219726562,754.9199829101562,781.4600219726562,505600
2020-08-12,716.5238037109375,772.989990234375,776.2100219726562,756.6199951171875,764.6799926757812,315300
2020-08-13,713.8637084960938,770.1199951171875,778.1699829101562,767.9400024414062,769.3200073242188,284500
2020-08-14,706.3460693359375,762.010009765625,776.3400268554688,758.1099853515625,771.2000122070312,361600
2020-08-17,715.6804809570312,772.0800170898438,773.010009765625,758.3599853515625,758.3599853515625,390700
2020-08-18,731.8931274414062,786.8499755859375,789.97998046875,770.4600219726562,772.0,453600
2020-08-19,724.3216552734375,778.7100219726562,794.6300048828125,774.22998046875,794.6300048828125,334000
2020-08-20,730.0885009765625,784.9099731445312,788.0900268554688,776.6199951171875,776.6199951171875,312100
2020-08-21,727.5399169921875,782.1699829101562,787.7100219726562,774.6300048828125,787.7100219726562,504600
2020-08-24,718.5174560546875,772.469970703125,785.0,763.1300048828125,785.0,371200
2020-08-25,725.251708984375,779.7100219726562,782.0599975585938,771.47998046875,776.3200073242188,186200
2020-08-26,727.3817138671875,782.0,782.5,770.3900146484375,781.5700073242188,313500
2020-08-27,734.4974975585938,789.6500244140625,795.5,783.0,787.030029296875,302800
2020-08-28,732.0511474609375,787.02001953125,788.280029296875,778.1300048828125,788.280029296875,286900
2020-08-31,734.6185302734375,789.780029296875,796.3900146484375,787.530029296875,788.0,580500
2020-09-01,734.6370239257812,789.7999877929688,793.0,773.5399780273438,790.1599731445312,306400
2020-09-02,743.7618408203125,799.6099853515625,801.97998046875,776.6400146484375,787.0,535800
2020-09-03,709.1971435546875,762.4500122070312,793.4299926757812,754.7100219726562,789.6300048828125,449800
2020-09-04,699.6444702148438,752.1799926757812,767.4000244140625,737.8699951171875,762.0499877929688,399900
2020-09-08,689.2918090820312,741.0499877929688,753.4400024414062,738.0800170898438,743.5999755859375,362600
2020-09-09,700.7980346679688,753.4199829101562,760.8800048828125,746.5399780273438,749.0,320500
2020-09-10,690.9849243164062,742.8699951171875,753.8099975585938,742.0,752.22998046875,274800
2020-09-11,695.561279296875,747.7899780273438,750.760009765625,737.969970703125,747.1099853515625,222000
2020-09-14,703.2349853515625,756.0399780273438,761.1799926757812,747.0,751.6900024414062,278400
2020-09-15,714.7781982421875,768.4500122070312,773.3099975585938,759.0700073242188,759.0700073242188,218000
2020-09-16,713.7457885742188,767.3400268554688,783.3900146484375,766.530029296875,778.8099975585938,264500
2020-09-17,702.8722534179688,755.6500244140625,766.52001953125,744.72998046875,763.5,294500
2020-09-18,699.5421752929688,752.0700073242188,757.8400268554688,746.6699829101562,754.739990234375,421300
2020-09-21,693.4776611328125,745.5499877929688,751.3200073242188,730.010009765625,750.0,350000
2020-09-22,697.6167602539062,750.0,756.3300170898438,742.5800170898438,742.5800170898438,327200
2020-09-23,679.6369018554688,730.6699829101562,754.1199951171875,729.3900146484375,729.3900146484375,317500
2020-09-24,682.483154296875,733.72998046875,744.8300170898438,730.6900024414062,734.27001953125,346900
2020-09-25,698.8446655273438,751.3200073242188,751.6799926757812,731.9400024414062,732.6199951171875,251100
2020-09-28,711.3922729492188,764.8099975585938,771.4299926757812,760.489990234375,766.969970703125,333100
2020-09-29,710.1368408203125,763.4600219726562,768.5999755859375,760.4199829101562,764.8099975585938,290400
2020-09-30,707.0392456054688,760.1300048828125,770.1599731445312,752.6799926757812,767.5700073242188,442200
2020-10-01,714.6852416992188,768.3499755859375,771.6099853515625,756.02001953125,764.260009765625,378200
2020-10-02,723.6611938476562,778.0,779.8099975585938,760.3400268554688,764.3800048828125,446700
2020-10-05,733.2046508789062,788.260009765625,788.27001953125,762.8099975585938,777.7899780273438,301100
2020-10-06,735.5950927734375,790.8300170898438,796.9400024414062,775.0,787.4199829101562,394500
2020-10-07,747.1569213867188,803.260009765625,805.77001953125,789.6099853515625,790.8200073242188,347200
2020-10-08,766.8203735351562,824.4000244140625,835.5900268554688,797.5,803.0399780273438,613100
2020-10-09,771.4246826171875,829.3499755859375,834.280029296875,825.5499877929688,834.280029296875,356600
2020-10-12,776.6801147460938,835.0,839.77001953125,823.9400024414062,832.8800048828125,301500
2020-10-13,768.4109497070312,826.1099853515625,838.260009765625,822.030029296875,838.260009765625,305500
2020-10-14,760.309326171875,817.4000244140625,828.1099853515625,812.6099853515625,823.8900146484375,472900
2020-10-15,757.9188232421875,814.8300170898438,822.0,811.469970703125,814.010009765625,255200
2020-10-16,760.5792236328125,817.6900024414062,826.7999877929688,812.0800170898438,816.260009765625,324900
2020-10-19,753.4260864257812,810.0,822.77001953125,808.3499755859375,820.1400146484375,284000
2020-10-20,748.7195434570312,804.9400024414062,813.3499755859375,800.0,810.780029296875,300100
2020-10-21,747.0638427734375,803.1599731445312,806.9299926757812,797.52001953125,802.780029296875,307600
2020-10-22,723.2426147460938,777.5499877929688,809.4299926757812,776.3400268554688,806.1199951171875,419000
2020-10-23,722.7590942382812,777.030029296875,781.0900268554688,769.510009765625,778.0,378100
2020-10-26,716.6664428710938,770.47998046875,777.0,762.5,777.0,293300
2020-10-27,719.298583984375,773.3099975585938,778.7999877929688,767.1099853515625,778.7999877929688,308600
2020-10-28,703.2628173828125,756.0700073242188,771.6799926757812,755.010009765625,763.1900024414062,487600
2020-10-29,688.94775390625,740.6799926757812,767.739990234375,737.7999877929688,767.739990234375,574100
2020-10-30,680.1669921875,731.239990234375,739.7100219726562,719.8599853515625,731.4600219726562,413400
2020-11-02,686.7526245117188,738.3200073242188,748.0,729.8400268554688,740.25,426500
2020-11-03,699.7376098632812,752.280029296875,755.3300170898438,738.3699951171875,742.5999755859375,313800
2020-11-04,723.000732421875,777.2899780273438,787.0,758.719970703125,759.3499755859375,363800
2020-11-05,726.4981079101562,781.0499877929688,795.3400268554688,779.75,790.0,335200
2020-11-06,738.9064331054688,794.3900146484375,797.27001953125,781.25,790.719970703125,471500
2020-11-09,691.3010864257812,743.2100219726562,808.02001953125,740.5399780273438,800.4099731445312,852400
2020-11-10,676.00927734375,726.77001953125,743.8699951171875,716.030029296875,743.1300048828125,770200
2020-11-11,707.7090454101562,760.8499755859375,766.0499877929688,731.0,733.719970703125,554800
2020-11-12,707.2066650390625,760.3099975585938,767.219970703125,754.3300170898438,767.1199951171875,390100
2020-11-13,707.671875,760.8099975585938,766.2999877929688,755.3099975585938,764.5999755859375,313700
2020-11-16,702.3512573242188,755.0900268554688,764.47998046875,736.2000122070312,762.5700073242188,405000
2020-11-17,701.1844482421875,751.1799926757812,755.0,743.8200073242188,750.6099853515625,512200
2020-11-18,685.4466552734375,734.3200073242188,758.0999755859375,733.3699951171875,747.8900146484375,658500
2020-11-19,681.9649658203125,730.5900268554688,737.72998046875,727.75,737.72998046875,444500
2020-11-20,679.6593627929688,728.1199951171875,742.3200073242188,725.5499877929688,732.969970703125,538300
2020-11-23,664.1080932617188,711.4600219726562,733.0,709.3800048828125,727.2000122070312,516500
2020-11-24,646.2980346679688,692.3800048828125,715.8499755859375,690.0599975585938,714.9500122070312,1209900
2020-11-25,647.380859375,693.5399780273438,705.3499755859375,686.77001953125,698.989990234375,880700
2020-11-27,653.8961791992188,700.52001953125,705.7000122070312,691.6300048828125,701.0399780273438,469700
2020-11-30,651.3478393554688,697.7899780273438,706.72998046875,695.4400024414062,701.5999755859375,1021700
2020-12-01,665.153564453125,712.5800170898438,714.8599853515625,700.030029296875,706.5900268554688,798100
2020-12-02,644.6551513671875,690.6199951171875,712.9299926757812,688.1400146484375,710.0,552200
2020-12-03,646.550048828125,692.6500244140625,701.72998046875,689.780029296875,701.72998046875,669100
2020-12-04,661.1863403320312,708.3300170898438,712.9600219726562,690.489990234375,692.9000244140625,632900
2020-12-07,651.1239013671875,697.5499877929688,717.760009765625,694.3800048828125,714.9600219726562,682000
2020-12-08,649.0050048828125,695.280029296875,706.4099731445312,692.1300048828125,705.0,454200
2020-12-09,633.2484130859375,678.4000244140625,703.8900146484375,675.8400268554688,702.9099731445312,596900
2020-12-10,641.2666625976562,686.989990234375,689.25,676.030029296875,676.030029296875,419700
2020-12-11,643.0122680664062,688.8599853515625,689.7000122070312,671.9000244140625,685.4600219726562,455000
2020-12-14,644.1044311523438,690.030029296875,699.75,687.0,688.97998046875,454000
2020-12-15,649.3411254882812,695.6400146484375,698.2899780273438,687.4500122070312,696.52001953125,414600
2020-12-16,644.253662109375,690.1900024414062,702.52001953125,686.9299926757812,699.489990234375,379100
2020-12-17,665.3031005859375,712.739990234375,717.72998046875,695.8200073242188,696.3699951171875,565400
2020-12-18,662.4932250976562,709.72998046875,713.7999877929688,704.1300048828125,713.7999877929688,862000
2020-12-21,657.5180053710938,704.4000244140625,706.3900146484375,697.0800170898438,701.3300170898438,516300
2020-12-22,665.9562377929688,713.4400024414062,714.0900268554688,698.0800170898438,700.0,371400
2020-12-23,656.2859497070312,703.0800170898438,719.239990234375,703.0800170898438,714.9199829101562,342400
2020-12-24,658.95556640625,705.9400024414062,711.4299926757812,702.6099853515625,707.9400024414062,97300
2020-12-28,662.63330078125,709.8800048828125,710.75,703.3200073242188,707.8499755859375,265300
2020-12-29,661.6065673828125,708.780029296875,716.22998046875,705.5,715.0,230800
2020-12-30,653.7842407226562,700.4000244140625,715.6699829101562,698.260009765625,711.5800170898438,348300
2020-12-31,666.6470947265625,714.1799926757812,714.9299926757812,697.280029296875,701.47998046875,293500
2021-01-04,646.4658813476562,692.5599975585938,719.239990234375,691.6300048828125,718.3400268554688,567100
2021-01-05,645.513916015625,691.5399780273438,698.8599853515625,690.22998046875,698.0,473600
2021-01-06,624.4365844726562,668.9600219726562,686.530029296875,663.8499755859375,685.0,568600
2021-01-07,633.7804565429688,678.969970703125,684.25,670.3200073242188,673.219970703125,698000
2021-01-08,646.372802734375,692.4600219726562,698.6500244140625,683.760009765625,686.3099975585938,624200
2021-01-11,636.9728393554688,682.3900146484375,699.9500122070312,680.7999877929688,696.989990234375,502400
2021-01-12,631.5029907226562,676.530029296875,681.760009765625,660.719970703125,681.3300170898438,412300
2021-01-13,644.1883544921875,690.1199951171875,691.5800170898438,678.77001953125,681.4500122070312,455300
2021-01-14,643.7684326171875,689.6699829101562,692.8800048828125,684.9500122070312,689.0499877929688,530100
2021-01-15,660.6544799804688,707.760009765625,709.8599853515625,690.72998046875,690.9400024414062,549800
2021-01-19,668.6446533203125,716.3200073242188,722.989990234375,711.6400146484375,716.8300170898438,558500
2021-01-20,679.3046875,727.739990234375,734.530029296875,715.0,718.22998046875,456100
2021-01-21,671.9863891601562,719.9000244140625,729.0800170898438,716.760009765625,727.219970703125,318300
2021-01-22,673.1624755859375,721.1599731445312,728.9299926757812,720.1799926757812,720.1799926757812,484900
2021-01-25,675.0294799804688,723.1599731445312,728.8599853515625,719.3499755859375,728.4600219726562,315700
2021-01-26,686.3052978515625,735.239990234375,736.0,719.5499877929688,721.280029296875,369900
2021-01-27,683.0010375976562,731.7000122070312,737.3200073242188,730.0,737.3200073242188,492700
2021-01-28,689.096435546875,738.22998046875,747.4299926757812,724.1099853515625,729.0,450100
2021-01-29,690.7113647460938,739.9600219726562,745.5,726.3599853515625,733.469970703125,487800
2021-02-01,706.3557739257812,756.719970703125,759.5599975585938,731.5,737.9600219726562,343800
2021-02-02,717.4169921875,768.5700073242188,770.3499755859375,758.280029296875,760.0900268554688,575800
2021-02-03,704.6475830078125,754.8900146484375,766.0,745.8900146484375,764.0999755859375,320100
2021-02-04,697.1986694335938,746.9099731445312,760.02001953125,742.010009765625,760.02001953125,421100
2021-02-05,704.08740234375,754.2899780273438,756.2899780273438,740.9500122070312,749.1199951171875,378200
2021-02-08,697.6652221679688,747.4099731445312,754.5499877929688,739.1599731445312,751.02001953125,371700
2021-02-09,700.5218505859375,750.469970703125,755.260009765625,742.5900268554688,751.4299926757812,299700
2021-02-10,701.0164794921875,751.0,758.52001953125,748.22998046875,756.9400024414062,465800
2021-02-11,669.932861328125,717.7000122070312,758.6199951171875,711.0999755859375,749.25,798600
2021-02-12,662.5679321289062,709.8099975585938,724.1699829101562,700.02001953125,711.22998046875,638700
2021-02-16,642.2935180664062,688.0900268554688,724.0,684.469970703125,723.6400146484375,617200
2021-02-17,648.2115478515625,694.4299926757812,700.3200073242188,684.6500244140625,686.22998046875,561700
2021-02-18,639.9319458007812,685.5599975585938,692.9199829101562,682.6199951171875,692.9199829101562,964800
2021-02-19,634.9473266601562,680.219970703125,700.3800048828125,674.260009765625,694.72998046875,727300
2021-02-22,622.924560546875,667.3400268554688,677.6900024414062,662.1500244140625,677.6900024414062,810600
2021-02-23,617.6278686523438,658.8200073242188,667.2899780273438,654.2100219726562,663.0700073242188,871300
2021-02-24,599.047119140625,639.0,660.760009765625,637.530029296875,658.7899780273438,1076000
2021-02-25,598.45654296875,638.3699951171875,644.4099731445312,624.030029296875,637.0,1367300
2021-02-26,607.802978515625,648.3400268554688,660.25,640.0,643.8300170898438,978600
2021-03-01,607.7281494140625,648.260009765625,658.6900024414062,642.0,649.3200073242188,935100
2021-03-02,600.0313720703125,640.0499877929688,649.3400268554688,629.4199829101562,646.6400146484375,820400
2021-03-03,573.1165161132812,611.3400268554688,638.1699829101562,609.260009765625,630.739990234375,631400
2021-03-04,565.8323364257812,603.5700073242188,627.1799926757812,602.239990234375,615.77001953125,942600
2021-03-05,572.3851928710938,610.5599975585938,616.47998046875,586.72998046875,606.3499755859375,864300
2021-03-08,557.72314453125,594.9199829101562,615.6799926757812,594.030029296875,605.0499877929688,1030000
2021-03-09,583.7755126953125,622.7100219726562,629.8099975585938,606.9000244140625,611.9000244140625,765800
2021-03-10,598.7658081054688,638.7000122070312,645.6199951171875,626.02001953125,634.6099853515625,1029700
2021-03-11,613.6622314453125,654.5900268554688,661.1900024414062,640.97998046875,640.97998046875,731600
2021-03-12,626.2338256835938,668.0,669.4000244140625,642.8200073242188,644.489990234375,718100
2021-03-15,627.6868896484375,669.5499877929688,675.510009765625,662.25,662.25,587400
2021-03-16,629.3555908203125,671.3300170898438,682.0800170898438,669.0700073242188,673.3699951171875,289000
2021-03-17,615.4061279296875,656.4500122070312,668.4099731445312,653.3400268554688,666.3800048828125,470100
2021-03-18,606.3875732421875,646.8300170898438,653.3900146484375,639.1699829101562,648.7000122070312,573800
2021-03-19,612.2279663085938,653.0599975585938,662.8699951171875,646.8099975585938,650.0800170898438,668900
2021-03-22,625.0057373046875,666.6900024414062,669.6300048828125,649.72998046875,649.72998046875,479700
2021-03-23,633.5180053710938,675.77001953125,683.8400268554688,660.5999755859375,674.1099853515625,436900
2021-03-24,620.9276733398438,662.3400268554688,675.75,658.1300048828125,670.969970703125,529100
2021-03-25,626.3462524414062,668.1199951171875,670.2100219726562,655.3699951171875,667.489990234375,386500
2021-03-26,640.8865966796875,683.6300048828125,684.0499877929688,660.47998046875,664.2999877929688,401000
2021-03-29,644.8333129882812,687.8400268554688,691.219970703125,674.0,684.989990234375,451600
2021-03-30,632.6461181640625,674.8400268554688,687.72998046875,673.260009765625,680.2000122070312,300800
2021-03-31,637.0993041992188,679.5900268554688,686.6599731445312,665.0,676.3200073242188,413400
2021-04-01,635.6085815429688,678.0,686.0700073242188,673.3099975585938,685.7000122070312,735300
2021-04-05,647.0833129882812,690.239990234375,690.7000122070312,682.3800048828125,686.2000122070312,407700
2021-04-06,645.6491088867188,688.7100219726562,691.8099975585938,682.3699951171875,687.22998046875,447500
2021-04-07,641.6553955078125,684.4500122070312,689.3400268554688,680.6699829101562,688.8800048828125,365100
2021-04-08,644.6926879882812,687.6900024414062,699.1799926757812,685.4000244140625,693.989990234375,362500
2021-04-09,644.4772338867188,687.4600219726562,691.6900024414062,683.0399780273438,685.989990234375,319900
2021-04-12,648.1987915039062,691.4299926757812,692.5499877929688,679.030029296875,688.1199951171875,355100
2021-04-13,661.6422729492188,705.77001953125,707.489990234375,692.6599731445312,694.5,380300
2021-04-14,650.8988037109375,694.3099975585938,708.8800048828125,692.6900024414062,707.0499877929688,353800
2021-04-15,673.9044799804688,718.8499755859375,720.3800048828125,697.4000244140625,698.25,422800
2021-04-16,663.8641357421875,708.1400146484375,720.9500122070312,707.7100219726562,720.9500122070312,383400
2021-04-19,672.4420166015625,717.2899780273438,719.6300048828125,706.0599975585938,709.0,264000
2021-04-20,680.813720703125,726.219970703125,728.97998046875,714.1699829101562,714.3099975585938,310300
2021-04-21,680.7293701171875,726.1300048828125,735.77001953125,724.1400146484375,728.2899780273438,422600
2021-04-22,673.0795288085938,717.969970703125,724.72998046875,710.010009765625,710.510009765625,336600
2021-04-23,673.210693359375,718.1099853515625,722.9299926757812,715.1400146484375,716.9600219726562,366300
2021-04-26,672.1419677734375,716.969970703125,720.0,710.0,719.5399780273438,266000
2021-04-27,669.245361328125,713.8800048828125,723.7999877929688,710.25,723.7999877929688,271500
2021-04-28,663.1515502929688,707.3800048828125,715.489990234375,703.9500122070312,715.010009765625,403900
2021-04-29,661.9329833984375,706.0800170898438,722.4199829101562,695.02001953125,722.4199829101562,503400
2021-04-30,675.6950073242188,720.760009765625,725.4500122070312,703.7899780273438,703.9600219726562,669800
2021-05-03,666.5921020507812,711.0499877929688,720.989990234375,708.7899780273438,720.780029296875,469600
2021-05-04,665.6358642578125,710.030029296875,718.5399780273438,705.3800048828125,711.9000244140625,676800
2021-05-05,649.6707153320312,693.0,710.0,690.8300170898438,703.6500244140625,472900
2021-05-06,655.3706665039062,699.0800170898438,702.510009765625,690.5999755859375,693.6300048828125,355100
2021-05-07,668.8422241210938,713.4500122070312,714.2999877929688,696.8200073242188,696.8200073242188,379200
2021-05-10,674.982666015625,720.0,723.7899780273438,708.1699829101562,715.47998046875,522700
2021-05-11,673.14501953125,718.0399780273438,718.8599853515625,704.969970703125,716.9099731445312,376100
2021-05-12,661.2579345703125,705.3599853515625,712.6199951171875,704.22998046875,710.4500122070312,518900
2021-05-13,670.6983032226562,715.4299926757812,720.6300048828125,701.030029296875,706.72998046875,383700
2021-05-14,676.8764038085938,722.02001953125,727.969970703125,714.4299926757812,719.8099975585938,322400
2021-05-17,670.3233032226562,715.030029296875,721.9199829101562,711.3900146484375,714.9600219726562,415400
2021-05-18,673.30712890625,715.3300170898438,720.2899780273438,704.9000244140625,714.0700073242188,249700
2021-05-19,673.3353271484375,715.3599853515625,719.969970703125,707.4299926757812,710.260009765625,286000
2021-05-20,685.3458251953125,728.1199951171875,733.9199829101562,714.8200073242188,715.1699829101562,434900
2021-05-21,682.6160888671875,725.219970703125,731.6599731445312,721.4400024414062,722.0,621800
2021-05-24,680.8088989257812,723.2999877929688,733.489990234375,719.719970703125,724.0,640200
2021-05-25,692.0662841796875,735.260009765625,737.0900268554688,718.489990234375,726.6500244140625,325200
2021-05-26,692.1886596679688,735.3900146484375,742.9000244140625,733.0700073242188,740.02001953125,425100
2021-05-27,691.9063720703125,735.0900268554688,736.5700073242188,727.510009765625,734.5599975585938,395500
2021-05-28,693.4404907226562,736.719970703125,745.8599853515625,735.8900146484375,741.530029296875,314700
2021-06-01,695.98193359375,739.4199829101562,740.9000244140625,733.0399780273438,739.530029296875,419800
2021-06-02,713.5927734375,758.1300048828125,759.8599853515625,741.5800170898438,743.9199829101562,561600
2021-06-03,731.391845703125,777.0399780273438,779.1400146484375,750.1099853515625,750.1099853515625,723100
2021-06-04,739.2514038085938,785.3900146484375,788.6900024414062,776.27001953125,779.4199829101562,573200
2021-06-07,748.3533325195312,795.0599975585938,807.719970703125,787.3499755859375,791.22998046875,778500
2021-06-08,768.684326171875,816.6599731445312,818.3300170898438,799.989990234375,799.989990234375,622600
2021-06-09,762.4251098632812,810.010009765625,819.5399780273438,808.1900024414062,814.9600219726562,532700
2021-06-10,774.642578125,822.989990234375,828.6900024414062,806.8200073242188,808.1599731445312,542400
2021-06-11,768.100830078125,816.0399780273438,820.5499877929688,812.6599731445312,812.969970703125,590100
2021-06-14,775.5836181640625,823.989990234375,825.5999755859375,811.5399780273438,814.77001953125,490800
2021-06-15,761.4744262695312,809.0,826.280029296875,807.030029296875,819.760009765625,526300
2021-06-16,762.387451171875,809.969970703125,819.6799926757812,806.75,813.0,636400
2021-06-17,767.5548706054688,815.4600219726562,816.8200073242188,805.9000244140625,809.969970703125,661400
2021-06-18,774.4354858398438,822.77001953125,829.6099853515625,799.8400268554688,815.5,3751600
2021-06-21,774.1813354492188,822.5,826.8099975585938,802.6500244140625,818.6699829101562,1036800
2021-06-22,774.2471923828125,822.5700073242188,824.989990234375,811.5700073242188,823.6500244140625,573600
2021-06-23,756.35400390625,803.5599975585938,824.719970703125,792.030029296875,821.6199951171875,909400
2021-06-24,733.5380249023438,779.3200073242188,809.6300048828125,772.9500122070312,804.010009765625,1107300
2021-06-25,737.3782958984375,783.4000244140625,785.77001953125,774.3200073242188,780.1900024414062,1128500
2021-06-28,751.6100463867188,798.52001953125,798.9000244140625,783.02001953125,789.3400268554688,675100
2021-06-29,755.1962890625,802.3300170898438,804.0999755859375,789.3900146484375,792.02001953125,493400
2021-06-30,755.450439453125,802.5999755859375,809.8499755859375,798.5900268554688,808.2999877929688,717100
2021-07-01,750.78173828125,797.6400146484375,808.5999755859375,795.2000122070312,800.5599975585938,506100
2021-07-02,753.4736938476562,800.5,804.3099975585938,796.010009765625,800.6400146484375,379900
2021-07-06,770.990478515625,819.1099853515625,819.8499755859375,799.989990234375,801.3800048828125,458300
2021-07-07,779.179443359375,827.8099975585938,831.719970703125,817.219970703125,822.780029296875,525800
2021-07-08,779.5370483398438,828.1900024414062,832.9199829101562,820.6300048828125,825.0,402400
2021-07-09,772.1292724609375,820.3200073242188,834.0,812.97998046875,827.8900146484375,480900
2021-07-12,780.8170776367188,829.5499877929688,833.9400024414062,815.6900024414062,823.0499877929688,600700
2021-07-13,774.6895751953125,823.0399780273438,835.7100219726562,821.5599975585938,826.2999877929688,398200
2021-07-14,782.97265625,831.8400268554688,834.77001953125,818.9000244140625,822.3200073242188,412400
2021-07-15,785.0432739257812,834.0399780273438,835.7100219726562,824.6500244140625,832.6500244140625,310200
2021-07-16,782.6243286132812,831.469970703125,845.6199951171875,829.2899780273438,834.1599731445312,541600
2021-07-19,785.2881469726562,834.2999877929688,838.8599853515625,824.1599731445312,828.3599853515625,477800
2021-07-20,783.7349853515625,832.6500244140625,840.0,828.1799926757812,838.5,409400
2021-07-21,771.602294921875,819.760009765625,829.530029296875,812.8400268554688,829.530029296875,582300
2021-07-22,772.5999755859375,820.8200073242188,826.7899780273438,817.5700073242188,823.22998046875,377700
2021-07-23,784.5162963867188,833.47998046875,835.4600219726562,815.9600219726562,820.6099853515625,348600
2021-07-26,780.779541015625,829.510009765625,835.02001953125,823.8499755859375,831.989990234375,393900
2021-07-27,792.375732421875,841.8300170898438,842.530029296875,825.3900146484375,827.6599731445312,392400
2021-07-28,787.1801147460938,836.3099975585938,841.5900268554688,832.3200073242188,836.260009765625,390600
2021-07-29,740.1831665039062,786.3800048828125,836.25,784.2899780273438,825.4199829101562,883700
2021-07-30,772.2140502929688,820.4099731445312,829.739990234375,790.9600219726562,790.9600219726562,676400
2021-08-02,770.87744140625,818.989990234375,826.0599975585938,813.4199829101562,820.0,505700
2021-08-03,772.1199340820312,820.3099975585938,834.0,816.1500244140625,822.8900146484375,478900
2021-08-04,779.6783447265625,828.3400268554688,832.8499755859375,818.8400268554688,821.9600219726562,331500
2021-08-05,781.82421875,830.6199951171875,833.9000244140625,822.52001953125,832.0800170898438,334800
2021-08-06,771.9693603515625,820.1500244140625,829.0399780273438,818.6099853515625,825.3699951171875,525200
2021-08-09,767.1124877929688,814.989990234375,824.02001953125,814.2899780273438,824.02001953125,422100
2021-08-10,751.09228515625,797.969970703125,818.1799926757812,797.6500244140625,818.1799926757812,487900
2021-08-11,759.4789428710938,806.8800048828125,809.9000244140625,797.6699829101562,803.27001953125,596200
2021-08-12,764.0344848632812,811.719970703125,817.030029296875,805.2100219726562,809.719970703125,454300
2021-08-13,766.2654418945312,814.0900268554688,817.0800170898438,805.2000122070312,813.6500244140625,315700
2021-08-16,774.5955810546875,822.9400024414062,824.280029296875,814.0700073242188,814.0700073242188,300600
2021-08-17,781.90625,827.8099975585938,829.0800170898438,816.0599975585938,820.0,295400
2021-08-18,769.1170654296875,814.27001953125,826.02001953125,811.9400024414062,824.47998046875,269400
2021-08-19,787.7151489257812,833.9600219726562,838.0,811.22998046875,814.27001953125,451800
2021-08-20,789.2925415039062,835.6300048828125,843.5,829.7899780273438,833.1300048828125,339200
2021-08-23,789.2359008789062,835.5700073242188,840.0,830.1699829101562,835.0,392300
2021-08-24,774.7560424804688,820.239990234375,838.0,819.2999877929688,838.0,349800
2021-08-25,762.750732421875,807.530029296875,821.47998046875,801.2000122070312,819.0900268554688,317200
2021-08-26,779.2426147460938,824.989990234375,830.1799926757812,807.530029296875,807.530029296875,516000
2021-08-27,779.0725708007812,824.8099975585938,830.260009765625,819.0,827.9000244140625,384300
2021-08-30,793.44873046875,840.030029296875,842.7899780273438,824.6500244140625,825.5,322600
2021-08-31,796.6790771484375,843.4500122070312,848.47998046875,833.8300170898438,840.0,508100
2021-09-01,820.6610107421875,868.8400268554688,869.8800048828125,837.9299926757812,837.9299926757812,477500
2021-09-02,825.9411010742188,874.4299926757812,875.7899780273438,852.1099853515625,866.0499877929688,616700
2021-09-03,833.875244140625,882.8300170898438,885.260009765625,866.0,866.7899780273438,516500
2021-09-07,832.8646240234375,881.760009765625,884.22998046875,859.5599975585938,865.5,447700
2021-09-08,833.3840942382812,882.3099975585938,883.239990234375,874.0900268554688,880.719970703125,331700
2021-09-09,807.1729125976562,854.5599975585938,878.0900268554688,852.4199829101562,877.8200073242188,533000
2021-09-10,797.1984252929688,844.0,850.8900146484375,832.9099731445312,845.6699829101562,475200
2021-09-13,792.9857788085938,839.5399780273438,852.9299926757812,833.4600219726562,850.0,435900
2021-09-14,788.5936889648438,834.8900146484375,852.5700073242188,832.7899780273438,847.0,609100
2021-09-15,796.6693725585938,843.4400024414062,850.1500244140625,833.0800170898438,843.7999877929688,466700
2021-09-16,805.935546875,853.25,855.4099731445312,838.2000122070312,841.5900268554688,514400
2021-09-17,824.1936645507812,872.5800170898438,873.77001953125,844.0800170898438,848.75,3852500
2021-09-20,803.0829467773438,850.22998046875,871.239990234375,840.97998046875,861.8099975585938,856800
2021-09-21,801.16552734375,848.2000122070312,861.489990234375,848.1400146484375,850.0,392300
2021-09-22,812.4246215820312,860.1199951171875,864.3400268554688,842.719970703125,850.739990234375,557900
2021-09-23,800.986083984375,848.010009765625,868.8200073242188,834.0499877929688,861.1099853515625,637200
2021-09-24,788.395263671875,834.6799926757812,847.8400268554688,828.52001953125,846.510009765625,472800
2021-09-27,762.750732421875,807.530029296875,828.9000244140625,807.0900268554688,827.6900024414062,489300
2021-09-28,754.6370849609375,798.9400024414062,802.9299926757812,786.8900146484375,800.0,517300
2021-09-29,757.1307983398438,801.5800170898438,810.760009765625,800.4199829101562,802.75,376400
2021-09-30,746.315673828125,790.1300048828125,812.0700073242188,789.0700073242188,808.3699951171875,522100
2021-10-01,745.5505981445312,789.3200073242188,796.3800048828125,780.4400024414062,793.0,515100
2021-10-04,742.0462036132812,785.6099853515625,795.739990234375,779.5800170898438,790.8099975585938,405300
2021-10-05,717.9224853515625,760.0700073242188,776.780029296875,755.6500244140625,774.0,675400
2021-10-06,720.0477294921875,762.3200073242188,766.280029296875,747.8800048828125,762.0,725900
2021-10-07,723.9865112304688,766.489990234375,774.9000244140625,760.8699951171875,765.719970703125,535500
2021-10-08,709.3176879882812,750.9600219726562,765.1400146484375,748.030029296875,762.6799926757812,468800
2021-10-11,708.42041015625,750.010009765625,755.02001953125,744.7899780273438,754.1699829101562,320800
2021-10-12,717.3179931640625,759.4299926757812,760.4199829101562,746.219970703125,748.739990234375,352000
2021-10-13,721.115234375,763.4500122070312,767.8900146484375,755.739990234375,755.739990234375,386600
2021-10-14,726.9713134765625,769.6500244140625,776.25,766.1900024414062,769.3300170898438,353500
2021-10-15,738.0603637695312,781.3900146484375,784.489990234375,768.0800170898438,772.22998046875,544200
2021-10-18,725.1954956054688,767.77001953125,781.989990234375,766.8900146484375,775.4400024414062,475000
2021-10-19,736.4356079101562,779.6699829101562,780.0,769.1199951171875,775.02001953125,549700
2021-10-20,749.8199462890625,793.8400268554688,795.7999877929688,779.6699829101562,779.6699829101562,457700
2021-10-21,765.23486328125,810.1599731445312,815.1500244140625,792.739990234375,798.8499755859375,421000
2021-10-22,775.4928588867188,821.02001953125,824.5399780273438,811.780029296875,815.77001953125,308800
2021-10-25,777.1552124023438,822.780029296875,829.5,815.3499755859375,820.3099975585938,312100
2021-10-26,785.7222290039062,831.8499755859375,834.5700073242188,824.22998046875,826.0999755859375,279600
2021-10-27,779.08203125,824.8200073242188,849.510009765625,824.4099731445312,843.5599975585938,305300
2021-10-28,800.3153686523438,847.2999877929688,847.8400268554688,824.8200073242188,824.8200073242188,331400
2021-10-29,790.6526489257812,837.0700073242188,849.1099853515625,833.4299926757812,842.010009765625,512400
2021-11-01,784.4093627929688,830.4600219726562,836.7000122070312,821.1400146484375,836.7000122070312,365500
2021-11-02,790.5016479492188,836.9099731445312,845.9199829101562,829.1199951171875,833.2000122070312,279800
2021-11-03,791.4177856445312,837.8800048828125,847.0,828.1300048828125,843.5,212600
2021-11-04,759.0293579101562,803.5900268554688,809.469970703125,784.8099975585938,808.0,636200
2021-11-05,738.56103515625,781.9199829101562,809.9500122070312,780.239990234375,808.239990234375,547700
2021-11-08,743.264892578125,786.9000244140625,792.8200073242188,770.0,783.0,424100
2021-11-09,753.5509643554688,797.7899780273438,804.5599975585938,788.1500244140625,790.760009765625,298200
2021-11-10,738.0792236328125,781.4099731445312,801.989990234375,779.5599975585938,796.1199951171875,431400
2021-11-11,731.712890625,774.6699829101562,788.3400268554688,770.6199951171875,787.9500122070312,410000
2021-11-12,732.3930053710938,775.3900146484375,781.8200073242188,774.2100219726562,781.8099975585938,575300
2021-11-15,753.59814453125,797.8400268554688,800.0,775.3900146484375,775.75,739600
2021-11-16,753.72119140625,795.0999755859375,802.0,794.780029296875,798.27001953125,427400
2021-11-17,756.470458984375,798.0,803.6900024414062,795.6900024414062,799.8699951171875,594400
2021-11-18,751.5789794921875,792.8400268554688,799.989990234375,791.2100219726562,799.989990234375,330900
2021-11-19,747.4932250976562,788.530029296875,800.760009765625,787.4500122070312,800.0,656300
2021-11-22,736.7623291015625,777.2100219726562,788.6199951171875,774.5700073242188,787.469970703125,531000
2021-11-23,738.8004760742188,779.3599853515625,782.1400146484375,771.030029296875,777.969970703125,725100
2021-11-24,756.0818481445312,797.5900268554688,798.1900024414062,771.0800170898438,782.1500244140625,325500
2021-11-26,752.5269775390625,793.8400268554688,813.7899780273438,789.5399780273438,796.6199951171875,325300
2021-11-29,777.3255615234375,820.0,822.1300048828125,790.6099853515625,796.8300170898438,589100
2021-11-30,769.9314575195312,812.2000122070312,833.3800048828125,810.8099975585938,817.2899780273438,1068900
2021-12-01,761.6368408203125,803.4500122070312,823.0,802.47998046875,815.52001953125,834000
2021-12-02,757.0487060546875,798.6099853515625,805.2100219726562,791.6799926757812,803.5800170898438,457700
2021-12-03,752.7072143554688,794.030029296875,807.6199951171875,783.6199951171875,807.02001953125,393200
2021-12-06,755.0201416015625,796.469970703125,799.8599853515625,789.219970703125,795.530029296875,299300
2021-12-07,770.5570068359375,812.8599853515625,818.9199829101562,800.5900268554688,803.8300170898438,316500
2021-12-08,772.0737915039062,814.4600219726562,815.6199951171875,802.4099731445312,810.9199829101562,321900
2021-12-09,757.2288818359375,798.7999877929688,814.3400268554688,792.8300170898438,814.3400268554688,247400
2021-12-10,756.3662109375,797.8900146484375,802.2000122070312,793.739990234375,801.1599731445312,305500
2021-12-13,773.6948852539062,816.1699829101562,820.9099731445312,793.7899780273438,793.7899780273438,408100
2021-12-14,763.8929443359375,805.8300170898438,815.0,790.3200073242188,815.0,527300
2021-12-15,774.5669555664062,817.0900268554688,821.469970703125,807.5399780273438,811.27001953125,462600
2021-12-16,780.0745849609375,822.9000244140625,829.6900024414062,818.4500122070312,820.27001953125,385100
2021-12-17,779.4678344726562,822.260009765625,830.8800048828125,811.6300048828125,811.6300048828125,713000
2021-12-20,779.5531005859375,822.3499755859375,826.8200073242188,812.02001953125,817.2100219726562,450900
2021-12-21,762.7080688476562,804.5800170898438,828.3800048828125,799.239990234375,826.47998046875,506500
2021-12-22,776.12158203125,818.72998046875,819.4199829101562,805.8900146484375,810.1599731445312,333200
2021-12-23,776.1500244140625,818.760009765625,821.8200073242188,813.9099731445312,820.0,433200
2021-12-27,791.6491088867188,835.1099853515625,835.1199951171875,818.4199829101562,823.1300048828125,296900
2021-12-28,794.3982543945312,838.010009765625,842.2000122070312,829.8900146484375,835.1099853515625,242900
2021-12-29,798.1806640625,842.0,843.9000244140625,833.3300170898438,840.010009765625,248700
2021-12-30,801.489013671875,845.489990234375,847.0999755859375,833.5599975585938,842.8300170898438,239200
2021-12-31,801.82080078125,845.8400268554688,853.4199829101562,843.4000244140625,847.0700073242188,278600
2022-01-03,792.5971069335938,836.1099853515625,847.7100219726562,819.72998046875,845.6799926757812,351800
2022-01-04,772.2349853515625,814.6300048828125,839.0499877929688,810.989990234375,832.9000244140625,399000
2022-01-05,748.033447265625,789.0999755859375,814.4199829101562,787.6599731445312,812.8699951171875,394800
2022-01-06,734.7433471679688,775.0800170898438,784.4500122070312,761.4199829101562,781.5499877929688,366700
2022-01-07,734.6104125976562,774.9400024414062,783.989990234375,759.7000122070312,759.7000122070312,355700
2022-01-10,724.5526733398438,764.3300170898438,764.5599975585938,743.6099853515625,756.780029296875,415300
2022-01-11,726.9700317382812,766.8800048828125,767.6500244140625,749.510009765625,759.75,322600
2022-01-12,724.6759033203125,764.4600219726562,777.2899780273438,762.030029296875,763.8499755859375,343300
2022-01-13,709.1862182617188,748.1199951171875,767.9000244140625,746.4400024414062,767.77001953125,424700
2022-01-14,707.8970947265625,746.760009765625,749.4000244140625,730.0499877929688,745.0900268554688,510800
2022-01-18,704.2759399414062,742.9400024414062,745.75,726.7100219726562,733.2999877929688,460800
2022-01-19,692.4736938476562,730.489990234375,752.1500244140625,729.5900268554688,742.7999877929688,471400
2022-01-20,692.4927978515625,730.510009765625,746.780029296875,728.9099731445312,732.9600219726562,425300
2022-01-21,684.0274047851562,721.5800170898438,741.739990234375,720.9299926757812,735.6199951171875,374600
2022-01-24,692.8055419921875,730.8400268554688,731.6799926757812,700.97998046875,720.8599853515625,620500
2022-01-25,682.2169189453125,719.6699829101562,730.5,715.0,728.1599731445312,477800
2022-01-26,659.6177368164062,695.8300170898438,727.6699829101562,692.510009765625,720.0999755859375,559700
2022-01-27,647.4743041992188,683.02001953125,705.1699829101562,680.5,700.4400024414062,487700
2022-01-28,670.7371826171875,707.5599975585938,707.739990234375,673.1599731445312,686.030029296875,619300
2022-01-31,687.1748046875,724.9000244140625,725.6699829101562,708.9500122070312,712.6400146484375,679000
2022-02-01,678.0648803710938,715.2899780273438,727.989990234375,707.6300048828125,726.75,508900
2022-02-02,679.2592163085938,716.5499877929688,723.1300048828125,714.4400024414062,718.47998046875,393700
2022-02-03,675.8087158203125,712.9099731445312,719.030029296875,704.1300048828125,710.5800170898438,438600
2022-02-04,665.6087036132812,702.1500244140625,713.9199829101562,700.7899780273438,705.0,400500
2022-02-07,661.81689453125,698.1500244140625,708.0,695.6400146484375,702.0900268554688,400300
2022-02-08,654.583984375,690.52001953125,704.0900268554688,689.5900268554688,693.0399780273438,750400
2022-02-09,681.2120361328125,718.6099853515625,719.5599975585938,703.6300048828125,703.6300048828125,596700
2022-02-10,651.9296264648438,687.719970703125,713.6099853515625,685.9099731445312,705.1599731445312,415700
2022-02-11,636.5726928710938,671.52001953125,695.760009765625,668.9199829101562,689.1799926757812,484100
2022-02-14,634.5440063476562,669.3800048828125,673.97998046875,662.4500122070312,666.8900146484375,539400
2022-02-15,638.3359375,673.3800048828125,680.6799926757812,670.2999877929688,675.530029296875,443900
2022-02-16,638.5255126953125,673.5800170898438,677.6400146484375,666.239990234375,677.6400146484375,451300
2022-02-17,655.6171264648438,691.6099853515625,719.9500122070312,689.4400024414062,713.1400146484375,767100
2022-02-18,656.8779907226562,692.9400024414062,702.52001953125,688.219970703125,691.1799926757812,536400
2022-02-22,645.34130859375,680.77001953125,691.7999877929688,676.0,679.0,588800
2022-02-23,639.0469360351562,674.1300048828125,693.1900024414062,672.3200073242188,681.8099975585938,415800
2022-02-24,668.7748413085938,705.489990234375,709.1900024414062,662.260009765625,668.0,832300
2022-02-25,678.4913330078125,715.739990234375,718.5900268554688,691.8599853515625,700.0,565800
2022-02-28,672.7941284179688,709.72998046875,711.02001953125,698.6099853515625,707.6699829101562,583100
2022-03-01,673.8084716796875,710.7999877929688,717.0599975585938,703.6599731445312,711.4500122070312,506300
2022-03-02,672.538330078125,709.4600219726562,712.0,699.0399780273438,705.4400024414062,530500
2022-03-03,683.3070068359375,720.8200073242188,725.2999877929688,709.02001953125,710.280029296875,406900
2022-03-04,686.3535766601562,720.9199829101562,725.469970703125,713.3599853515625,717.719970703125,463800
2022-03-07,669.3594970703125,703.0700073242188,720.5599975585938,701.969970703125,717.9400024414062,460600
2022-03-08,648.7474365234375,681.4199829101562,703.780029296875,681.0700073242188,703.780029296875,702900
2022-03-09,670.435302734375,704.2000122070312,713.77001953125,688.1199951171875,699.4500122070312,465300
2022-03-10,672.60595703125,706.47998046875,708.260009765625,687.0,689.8099975585938,464900
2022-03-11,660.2959594726562,693.5499877929688,711.0999755859375,693.530029296875,710.8200073242188,359900
2022-03-14,650.8229370117188,683.5999755859375,702.239990234375,676.3900146484375,698.739990234375,355100
2022-03-15,667.998046875,701.6400146484375,704.0,681.3300170898438,693.1199951171875,330800
2022-03-16,670.302001953125,704.0599975585938,711.219970703125,690.4199829101562,707.239990234375,434300
2022-03-17,685.344482421875,719.8599853515625,720.3499755859375,705.77001953125,705.77001953125,312200
2022-03-18,697.1498413085938,732.260009765625,734.8400268554688,719.8599853515625,724.8800048828125,714700
2022-03-21,683.3355712890625,717.75,735.5,713.5999755859375,728.1500244140625,348800
2022-03-22,684.620849609375,719.0999755859375,721.4000244140625,714.7999877929688,719.6099853515625,348800
2022-03-23,673.8818359375,707.8200073242188,718.22998046875,701.969970703125,715.8599853515625,264800
2022-03-24,677.5089721679688,711.6300048828125,711.989990234375,702.5399780273438,708.9199829101562,273600
2022-03-25,676.0904541015625,710.1400146484375,717.739990234375,700.5499877929688,717.1199951171875,361400
2022-03-28,695.8740844726562,730.9199829101562,733.6400146484375,706.6900024414062,709.8900146484375,515500
2022-03-29,724.8736572265625,761.3800048828125,765.0700073242188,730.0,730.0,663200
2022-03-30,717.6665649414062,753.8099975585938,763.010009765625,746.6099853515625,759.0,331100
2022-03-31,706.0610961914062,741.6199951171875,763.8099975585938,740.8400268554688,758.0599975585938,556500
2022-04-01,726.4158935546875,763.0,763.6300048828125,738.6599731445312,741.72998046875,357000
2022-04-04,727.8059692382812,764.4600219726562,769.2000122070312,760.5599975585938,761.6599731445312,347500
2022-04-05,725.8447265625,762.4000244140625,775.9400024414062,757.5999755859375,758.5599975585938,310500
2022-04-06,729.8147583007812,766.5700073242188,767.6699829101562,751.7100219726562,758.4500122070312,371700
2022-04-07,722.82666015625,759.22998046875,766.969970703125,754.0399780273438,764.739990234375,273200
2022-04-08,731.9189453125,768.780029296875,769.3800048828125,755.739990234375,760.219970703125,367700
2022-04-11,715.5721435546875,751.6099853515625,774.0,749.1300048828125,768.0,267400
2022-04-12,706.089599609375,741.6500244140625,751.9400024414062,737.8099975585938,749.5,275900
2022-04-13,715.8767700195312,751.9299926757812,752.8400268554688,741.3400268554688,742.5700073242188,263000
2022-04-14,699.9869995117188,735.239990234375,753.02001953125,734.1799926757812,753.02001953125,274400
2022-04-18,695.62646484375,730.6599731445312,738.8200073242188,726.260009765625,738.8200073242188,264500
2022-04-19,718.0569458007812,754.219970703125,756.7899780273438,730.6599731445312,730.6599731445312,464000
2022-04-20,731.3380126953125,768.1699829101562,772.7999877929688,754.3200073242188,758.0,466700
2022-04-21,721.3033447265625,757.6300048828125,776.3499755859375,756.7999877929688,766.5499877929688,350800
2022-04-22,709.6693725585938,745.4099731445312,759.1400146484375,744.6599731445312,757.6599731445312,312700
2022-04-25,716.4385375976562,752.52001953125,755.4099731445312,738.239990234375,749.780029296875,566900
2022-04-26,703.8333129882812,739.280029296875,757.5700073242188,738.3800048828125,750.0,434500
2022-04-27,683.4783935546875,717.9000244140625,744.0499877929688,716.7899780273438,733.0,488700
2022-04-28,720.1799926757812,756.4500122070312,760.3499755859375,732.2000122070312,746.4099731445312,571900
2022-04-29,684.601806640625,719.0800170898438,758.5599975585938,717.0700073242188,752.5399780273438,649000
2022-05-02,668.7120361328125,702.3900146484375,721.6500244140625,686.530029296875,721.6500244140625,488800
2022-05-03,686.7344360351562,721.3200073242188,726.8099975585938,703.280029296875,707.5599975585938,419000
2022-05-04,697.0355834960938,732.1400146484375,734.1400146484375,709.1699829101562,721.4000244140625,352200
2022-05-05,679.1846923828125,713.3900146484375,735.6900024414062,708.0800170898438,735.6900024414062,470700
2022-05-06,679.2322387695312,713.4400024414062,715.8099975585938,698.7999877929688,708.0900268554688,295100
2022-05-09,622.8232421875,654.1900024414062,709.47998046875,651.72998046875,709.47998046875,664400
2022-05-10,599.8406372070312,630.0499877929688,668.7999877929688,623.1199951171875,663.47998046875,687800
2022-05-11,594.2424926757812,624.1699829101562,645.75,621.5499877929688,631.6199951171875,741700
2022-05-12,599.6787109375,629.8800048828125,631.5499877929688,621.3400268554688,623.9099731445312,711200
2022-05-13,628.1641845703125,659.7999877929688,662.7999877929688,635.1699829101562,642.4199829101562,690800
2022-05-16,615.4256591796875,646.4199829101562,660.3200073242188,646.2000122070312,658.5,405600
2022-05-17,618.7643432617188,646.8099975585938,651.9099731445312,637.5399780273438,651.9099731445312,364000
2022-05-18,609.8007202148438,637.4400024414062,645.530029296875,633.3699951171875,644.0900268554688,461400
2022-05-19,607.552734375,635.0900268554688,648.239990234375,632.5599975585938,632.5599975585938,448600
2022-05-20,623.5284423828125,651.7899780273438,653.3400268554688,639.8900146484375,645.2000122070312,587800
2022-05-23,634.7593383789062,663.530029296875,663.739990234375,649.4299926757812,658.3900146484375,475200
2022-05-24,642.6804809570312,671.8099975585938,674.989990234375,651.9099731445312,662.0800170898438,479800
2022-05-25,656.7621459960938,686.530029296875,689.3800048828125,672.2899780273438,673.219970703125,582100
2022-05-26,640.9487915039062,670.0,693.3499755859375,669.4199829101562,686.0599975585938,566700
2022-05-27,663.6021728515625,693.6799926757812,693.6900024414062,673.3499755859375,673.969970703125,613200
2022-05-31,657.2978515625,687.0900268554688,692.4600219726562,676.9400024414062,689.219970703125,633600
2022-06-01,649.5585327148438,679.0,689.8699951171875,676.469970703125,689.8699951171875,369800
2022-06-02,664.5204467773438,694.6400146484375,694.760009765625,665.3400268554688,674.260009765625,369900
2022-06-03,649.0230102539062,678.4400024414062,688.9500122070312,677.0,688.9500122070312,402700
2022-06-06,662.33935546875,692.3599853515625,692.8499755859375,680.0700073242188,687.8499755859375,527400
2022-06-07,661.564453125,691.5499877929688,693.52001953125,671.25,688.3300170898438,549100
2022-06-08,639.6669311523438,668.6599731445312,688.4500122070312,664.5800170898438,686.469970703125,612100
2022-06-09,629.8709716796875,658.4199829101562,678.489990234375,658.2000122070312,666.469970703125,411300
2022-06-10,621.02197265625,649.1699829101562,656.0999755859375,637.4500122070312,649.4299926757812,614600
2022-06-13,589.5582275390625,616.280029296875,641.3300170898438,614.5800170898438,637.6400146484375,710400
2022-06-14,591.6914672851562,618.510009765625,627.4000244140625,606.1199951171875,620.010009765625,561100
2022-06-15,613.4453735351562,641.25,649.6500244140625,623.8300170898438,627.4400024414062,507200
2022-06-16,591.6149291992188,618.4299926757812,633.1699829101562,615.1400146484375,626.6900024414062,594600
2022-06-17,605.3713989257812,632.8099975585938,639.5800170898438,621.6799926757812,622.760009765625,2385700
2022-06-21,612.4218139648438,640.1799926757812,646.6400146484375,629.4000244140625,629.7899780273438,512800
2022-06-22,629.4214477539062,657.9500122070312,666.9000244140625,635.8900146484375,635.8900146484375,444900
2022-06-23,648.047119140625,677.4199829101562,680.030029296875,661.22998046875,661.989990234375,471700
2022-06-24,659.2876586914062,689.1699829101562,689.5499877929688,676.9199829101562,679.6799926757812,603700
2022-06-27,655.8438110351562,685.5700073242188,691.6599731445312,679.280029296875,685.0700073242188,313000
2022-06-28,640.0877685546875,669.0999755859375,690.4600219726562,667.6400146484375,687.9299926757812,295400
2022-06-29,621.3377075195312,649.5,657.0800170898438,612.8099975585938,646.9500122070312,1134900
2022-06-30,628.53173828125,657.02001953125,665.3499755859375,645.1300048828125,657.1900024414062,798200
2022-07-01,643.8475341796875,673.030029296875,674.0599975585938,654.8699951171875,654.8699951171875,337300
2022-07-05,638.23193359375,667.1599731445312,670.469970703125,646.8900146484375,665.0800170898438,512000
2022-07-06,633.802734375,662.530029296875,674.6500244140625,660.5999755859375,668.219970703125,547400
2022-07-07,632.0903930664062,660.739990234375,674.719970703125,657.5800170898438,669.0,419700
2022-07-08,622.3135986328125,650.52001953125,661.3800048828125,646.52001953125,656.1900024414062,317100
2022-07-11,619.24267578125,647.3099975585938,653.739990234375,638.47998046875,650.0,235000
2022-07-12,601.0091552734375,628.25,648.5999755859375,623.4600219726562,643.9400024414062,415800
2022-07-13,598.7515258789062,625.8900146484375,633.719970703125,616.3599853515625,621.4199829101562,392700
2022-07-14,585.396728515625,611.9299926757812,622.4600219726562,610.3800048828125,618.7000122070312,362900
2022-07-15,592.8777465820312,619.75,628.25,614.469970703125,620.72998046875,442700
2022-07-18,588.304931640625,614.969970703125,626.4099731445312,612.9099731445312,625.2899780273438,361900
2022-07-19,609.7432861328125,637.3800048828125,637.719970703125,620.3800048828125,624.2999877929688,381700
2022-07-20,609.7432861328125,637.3800048828125,648.719970703125,634.010009765625,639.4099731445312,332800
2022-07-21,621.997802734375,650.1900024414062,650.4000244140625,637.0,644.1199951171875,354400
2022-07-22,625.4321899414062,653.780029296875,664.760009765625,649.1400146484375,655.780029296875,283000
2022-07-25,621.318603515625,649.47998046875,657.1799926757812,645.4199829101562,650.22998046875,288600
2022-07-26,613.8760375976562,641.7000122070312,650.52001953125,636.0999755859375,647.7100219726562,338500
2022-07-27,623.93017578125,652.2100219726562,653.469970703125,641.97998046875,646.9500122070312,385300
2022-07-28,680.4677124023438,711.3099975585938,712.1799926757812,675.1400146484375,679.0,1162400
2022-07-29,673.2260131835938,703.739990234375,715.489990234375,698.7899780273438,704.72998046875,524700
2022-08-01,664.3196411132812,694.4299926757812,703.0700073242188,689.5800170898438,703.0700073242188,359200
2022-08-02,658.8477172851562,688.7100219726562,699.22998046875,682.9299926757812,692.489990234375,400600
2022-08-03,665.9745483398438,696.1599731445312,700.0999755859375,689.75,689.75,408400
2022-08-04,666.7781372070312,697.0,700.0,688.0499877929688,700.0,333000
2022-08-05,667.2659912109375,697.510009765625,698.3699951171875,686.030029296875,688.7999877929688,295700
2022-08-08,666.7973022460938,697.02001953125,711.989990234375,695.25,706.0599975585938,418500
2022-08-09,667.4957275390625,697.75,700.02001953125,693.77001953125,698.969970703125,405500
2022-08-10,678.6979370117188,709.4600219726562,711.0,699.1199951171875,704.5700073242188,446200
2022-08-11,659.421630859375,689.3099975585938,707.219970703125,686.260009765625,704.1500244140625,354100
2022-08-12,674.0103759765625,704.5599975585938,704.7000122070312,690.0999755859375,695.3200073242188,316900
2022-08-15,683.796875,714.7899780273438,718.0399780273438,703.4299926757812,704.0399780273438,332200
2022-08-16,684.133056640625,712.0399780273438,716.6199951171875,702.010009765625,705.1599731445312,306000
2022-08-17,679.194580078125,706.9000244140625,713.0,699.8099975585938,699.8099975585938,226000
2022-08-18,673.9291381835938,701.4199829101562,713.6099853515625,695.219970703125,710.3200073242188,278500
2022-08-19,669.4807739257812,696.7899780273438,704.5599975585938,694.2100219726562,704.5599975585938,306800
2022-08-22,648.8809814453125,675.3499755859375,694.5399780273438,674.3400268554688,692.5,422700
2022-08-23,641.6078491210938,667.780029296875,672.530029296875,662.1500244140625,668.27001953125,402800
2022-08-24,645.1531372070312,671.469970703125,678.7899780273438,666.1300048828125,669.9600219726562,349600
2022-08-25,662.50537109375,689.530029296875,690.4000244140625,673.1799926757812,677.469970703125,412300
2022-08-26,644.4517211914062,670.739990234375,689.77001953125,669.3699951171875,689.530029296875,364100
2022-08-29,633.4889526367188,659.3300170898438,668.8400268554688,658.8699951171875,662.8900146484375,237800
2022-08-30,630.1837768554688,655.8900146484375,667.280029296875,653.7100219726562,661.7100219726562,279900
2022-08-31,631.605712890625,657.3699951171875,672.2100219726562,655.7999877929688,665.7899780273438,492900
2022-09-01,627.6953125,653.2999877929688,654.9199829101562,641.8699951171875,648.0399780273438,313200
2022-09-02,606.4229125976562,631.1599731445312,655.4500122070312,629.4199829101562,652.6900024414062,380100
2022-09-06,607.076416015625,631.8400268554688,636.3699951171875,625.7000122070312,628.0,286300
2022-09-07,621.8343505859375,647.2000122070312,648.77001953125,631.0999755859375,634.3300170898438,317900
2022-09-08,625.3893432617188,650.9000244140625,652.530029296875,640.02001953125,640.02001953125,263800
2022-09-09,632.1054077148438,657.8900146484375,660.2000122070312,648.8400268554688,649.2899780273438,215700
2022-09-12,639.3882446289062,665.469970703125,668.9500122070312,657.6400146484375,657.8900146484375,313800
2022-09-13,611.332763671875,636.27001953125,653.0900268554688,635.2000122070312,652.0499877929688,381700
2022-09-14,602.1185913085938,626.6799926757812,636.22998046875,621.7000122070312,633.9500122070312,335300
2022-09-15,592.1646118164062,616.3200073242188,627.469970703125,612.3200073242188,625.280029296875,400200
2022-09-16,600.2642211914062,624.75,626.1799926757812,612.0999755859375,619.030029296875,819700
2022-09-19,601.4268798828125,625.9600219726562,626.969970703125,612.22998046875,619.5599975585938,718900
2022-09-20,592.3375854492188,616.5,622.0800170898438,610.3400268554688,621.969970703125,926900
2022-09-21,595.892578125,620.2000122070312,633.52001953125,618.8599853515625,623.4500122070312,563000
2022-09-22,585.38134765625,609.260009765625,618.0999755859375,608.5499877929688,617.8800048828125,524300
2022-09-23,569.883544921875,593.1300048828125,598.75,590.2100219726562,597.8099975585938,932400
2022-09-26,558.7958374023438,581.5900268554688,595.0599975585938,576.0499877929688,590.1799926757812,658300
2022-09-27,545.4406127929688,567.6900024414062,593.6300048828125,567.510009765625,583.8800048828125,498800
2022-09-28,553.9053344726562,576.5,578.7999877929688,563.489990234375,573.4299926757812,519700
2022-09-29,539.387451171875,561.3900146484375,570.719970703125,558.6300048828125,567.8499755859375,546600
2022-09-30,546.5455932617188,568.8400268554688,573.5399780273438,563.489990234375,568.510009765625,602500
2022-10-03,556.2112426757812,578.9000244140625,581.469970703125,570.469970703125,573.1199951171875,425300
2022-10-04,564.791259765625,587.8300170898438,595.760009765625,582.719970703125,583.0,519500
2022-10-05,555.7404174804688,578.4099731445312,582.969970703125,571.0,577.4600219726562,344800
2022-10-06,535.5826416015625,557.4299926757812,581.4099731445312,555.3800048828125,577.4400024414062,585100
2022-10-07,520.6229858398438,541.8599853515625,554.27001953125,538.0800170898438,549.739990234375,473400
2022-10-10,507.2388916015625,527.9299926757812,548.4199829101562,527.7899780273438,545.3300170898438,487100
2022-10-11,503.7510986328125,524.2999877929688,530.3300170898438,512.5900268554688,528.2899780273438,556100
2022-10-12,491.7987365722656,511.8599853515625,523.219970703125,511.2799987792969,519.530029296875,468000
2022-10-13,502.0313415527344,522.510009765625,526.8099975585938,494.8900146484375,496.260009765625,622900
2022-10-14,485.582275390625,505.3900146484375,532.7000122070312,503.6099853515625,532.7000122070312,494900
2022-10-17,506.2684631347656,526.9199829101562,528.280029296875,518.2999877929688,518.2999877929688,549500
2022-10-18,519.0377197265625,540.2100219726562,549.5499877929688,536.030029296875,540.0999755859375,449800
2022-10-19,504.9233093261719,525.52001953125,533.9299926757812,525.3499755859375,531.0800170898438,386200
2022-10-20,505.5767211914063,526.2000122070312,533.0700073242188,520.97998046875,526.7000122070312,439700
2022-10-21,513.6474609375,534.5999755859375,534.6199951171875,518.5700073242188,524.530029296875,528800
2022-10-24,510.34222412109375,531.1599731445312,541.3599853515625,525.8900146484375,539.6300048828125,355200
2022-10-25,533.1421508789062,554.8900146484375,555.77001953125,534.7000122070312,534.7000122070312,478600
2022-10-26,533.3825073242188,555.1400146484375,560.4000244140625,548.77001953125,553.719970703125,424300
2022-10-27,533.1806030273438,554.9299926757812,565.5999755859375,551.6500244140625,558.4000244140625,499100
2022-10-28,545.786376953125,568.0499877929688,574.5700073242188,548.1900024414062,549.8300170898438,456100
2022-10-31,544.2395629882812,566.4400024414062,570.5399780273438,557.8300170898438,559.260009765625,540400
2022-11-01,532.7771606445312,554.510009765625,576.4000244140625,552.760009765625,572.9099731445312,590500
2022-11-02,527.7233276367188,549.25,568.0,546.77001953125,552.0399780273438,677600
2022-11-03,562.4083862304688,585.3499755859375,600.0,571.6400146484375,579.6199951171875,831200
2022-11-04,587.1395263671875,611.0900268554688,613.7999877929688,578.9000244140625,587.8800048828125,776800
2022-11-07,582.7487182617188,606.52001953125,617.3099975585938,606.2000122070312,611.77001953125,517600
2022-11-08,572.8812255859375,596.25,610.489990234375,593.3699951171875,607.5399780273438,544500
2022-11-09,574.5145874023438,597.9500122070312,609.0900268554688,592.9099731445312,598.47998046875,480100
2022-11-10,622.60302734375,648.0,651.0999755859375,616.219970703125,616.219970703125,725600
2022-11-11,634.7091674804688,660.5999755859375,662.6199951171875,645.239990234375,645.239990234375,664100
2022-11-14,613.8980102539062,638.9400024414062,654.0999755859375,638.5,652.0399780273438,413900
2022-11-15,634.5498657226562,657.22998046875,658.530029296875,643.1199951171875,644.1500244140625,474500
2022-11-16,625.5322265625,647.8900146484375,659.5900268554688,647.6199951171875,658.6900024414062,492500
2022-11-17,617.8565063476562,639.9400024414062,643.5599975585938,632.4500122070312,638.8099975585938,331000
2022-11-18,625.0687866210938,647.4099731445312,651.3300170898438,639.4299926757812,651.1799926757812,382500
2022-11-21,632.2907104492188,654.8900146484375,657.260009765625,642.2100219726562,645.25,415000
2022-11-22,633.429931640625,656.0700073242188,656.5999755859375,648.6099853515625,654.5,427900
2022-11-23,648.5881958007812,671.77001953125,671.9500122070312,656.8300170898438,659.1199951171875,284700
2022-11-25,651.3784790039062,674.6599731445312,674.8599853515625,670.1099853515625,672.0700073242188,130500
2022-11-28,639.7442626953125,662.6099853515625,670.9400024414062,659.010009765625,665.9500122070312,595600
2022-11-29,647.8062133789062,670.9600219726562,672.9099731445312,655.9299926757812,661.760009765625,401500
2022-11-30,666.8167114257812,690.6500244140625,692.8800048828125,665.75,667.47998046875,781600
2022-12-01,674.057861328125,698.1500244140625,707.5700073242188,690.7000122070312,695.0,474200
2022-12-02,667.6082763671875,691.469970703125,694.1599731445312,679.760009765625,689.97998046875,524500
2022-12-05,660.6567993164062,684.27001953125,697.5900268554688,682.4500122070312,686.739990234375,345200
2022-12-06,663.1670532226562,686.8699951171875,689.1900024414062,675.22998046875,684.27001953125,377800
2022-12-07,661.4774169921875,685.1199951171875,696.8800048828125,682.0800170898438,687.3800048828125,346800
2022-12-08,659.7589111328125,683.3400268554688,691.9600219726562,679.25,685.8800048828125,360500
2022-12-09,652.4790649414062,675.7999877929688,690.0,673.47998046875,678.0,423700
2022-12-12,656.891357421875,680.3699951171875,680.5499877929688,671.47998046875,676.219970703125,336100
2022-12-13,682.6121215820312,707.010009765625,714.97998046875,698.02001953125,704.22998046875,618700
2022-12-14,679.1555786132812,703.4299926757812,720.0,699.3800048828125,706.989990234375,553600
2022-12-15,667.5020751953125,691.3599853515625,704.239990234375,685.8900146484375,689.530029296875,583400
2022-12-16,644.7938232421875,667.8400268554688,688.9199829101562,661.280029296875,688.9199829101562,1426500
2022-12-19,635.4767456054688,658.1900024414062,668.239990234375,655.1400146484375,664.530029296875,409800
2022-12-20,629.6453857421875,652.1500244140625,660.8900146484375,648.0399780273438,655.510009765625,422900
2022-12-21,642.968994140625,665.9500122070312,671.280029296875,655.7000122070312,658.3200073242188,343000
2022-12-22,632.4741821289062,655.0800170898438,660.7999877929688,640.9199829101562,654.0700073242188,350600
2022-12-23,634.9844360351562,657.6799926757812,658.5599975585938,641.6599731445312,651.1599731445312,214300
2022-12-27,631.991455078125,654.5800170898438,661.3300170898438,649.3300170898438,661.3300170898438,189800
2022-12-28,630.021728515625,652.5399780273438,661.739990234375,649.7100219726562,659.989990234375,303400
2022-12-29,642.4090576171875,665.3699951171875,670.3300170898438,650.260009765625,656.97998046875,283900
2022-12-30,632.4259033203125,655.030029296875,665.3499755859375,648.22998046875,659.3599853515625,268500
2023-01-03,639.6477661132812,662.510009765625,670.8499755859375,654.02001953125,663.2999877929688,371700
2023-01-04,656.6788940429688,680.1500244140625,688.97998046875,665.7100219726562,668.719970703125,433800
2023-01-05,637.8229370117188,660.6199951171875,674.1199951171875,659.9500122070312,674.1199951171875,267200
2023-01-06,650.6832275390625,673.9400024414062,676.1199951171875,650.6099853515625,661.3200073242188,391400
2023-01-09,657.6541137695312,681.1599731445312,687.8200073242188,670.9400024414062,673.4600219726562,584100
2023-01-10,671.161376953125,695.1500244140625,695.8400268554688,677.4600219726562,680.0,547000
2023-01-11,690.4421997070312,715.1199951171875,721.9600219726562,698.8599853515625,700.260009765625,414500
2023-01-12,700.3095703125,725.3400268554688,725.7899780273438,706.0,714.5,336800
2023-01-13,696.9786376953125,721.8900146484375,726.6099853515625,714.0999755859375,716.0,210700
2023-01-17,693.2228393554688,718.0,724.1300048828125,713.0,717.8900146484375,376500
2023-01-18,678.4315185546875,702.6799926757812,718.1699829101562,699.4000244140625,715.1199951171875,447800
2023-01-19,678.5088500976562,702.760009765625,709.9299926757812,700.2899780273438,702.27001953125,289900
2023-01-20,695.2117919921875,720.0599975585938,720.780029296875,693.1799926757812,701.7000122070312,355900
2023-01-23,691.600830078125,716.3200073242188,724.2000122070312,711.5999755859375,716.52001953125,290100
2023-01-24,694.7870483398438,719.6199951171875,730.6799926757812,714.5700073242188,716.2000122070312,248600
2023-01-25,694.9317016601562,719.77001953125,721.97998046875,706.2100219726562,711.2000122070312,378800
2023-01-26,704.0267333984375,729.1900024414062,731.0900268554688,720.3400268554688,720.9000244140625,359200
2023-01-27,705.0211791992188,730.219970703125,734.5800170898438,725.5999755859375,725.5999755859375,268400
2023-01-30,699.8461303710938,724.8599853515625,737.7100219726562,722.9500122070312,726.0399780273438,234400
2023-01-31,712.6581420898438,738.1300048828125,742.6699829101562,720.5800170898438,722.8499755859375,542700
2023-02-01,712.6581420898438,738.1300048828125,743.0,720.010009765625,733.0,414000
2023-02-02,726.9957885742188,752.97998046875,762.510009765625,742.780029296875,744.5,442500
2023-02-03,707.7052612304688,733.0,744.1699829101562,724.5800170898438,741.3200073242188,425800
2023-02-06,698.8516845703125,723.8300170898438,728.02001953125,717.0499877929688,721.5499877929688,251100
2023-02-07,700.4446411132812,725.47998046875,729.27001953125,715.7000122070312,719.8300170898438,346600
2023-02-08,705.7645874023438,730.989990234375,732.7999877929688,723.6599731445312,725.47998046875,264000
2023-02-09,707.4155883789062,732.7000122070312,746.7100219726562,730.7000122070312,741.030029296875,348800
2023-02-10,704.5673828125,729.75,732.0700073242188,723.6199951171875,729.6199951171875,279500
2023-02-13,713.3726196289062,738.8699951171875,741.3699951171875,733.6199951171875,734.9199829101562,247700
2023-02-14,703.283203125,728.4199829101562,740.4500122070312,720.739990234375,734.0,336500
2023-02-15,702.1536865234375,727.25,728.9600219726562,715.9400024414062,717.530029296875,383400
2023-02-16,697.2682495117188,722.1900024414062,727.7899780273438,682.5700073242188,707.75,669500
2023-02-17,692.025634765625,716.760009765625,718.5700073242188,706.219970703125,715.3300170898438,428000
2023-02-21,678.8563842773438,703.1199951171875,711.9299926757812,698.1599731445312,711.3699951171875,463600
2023-02-22,674.3667602539062,698.469970703125,706.6199951171875,693.8300170898438,705.0499877929688,354500
2023-02-23,681.9458618164062,706.3200073242188,708.5499877929688,699.6900024414062,707.0,227000
2023-02-24,661.1685791015625,684.7999877929688,702.010009765625,683.4299926757812,702.010009765625,286200
2023-02-27,669.2786865234375,693.2000122070312,699.3099975585938,687.719970703125,697.2999877929688,458400
2023-02-28,664.518798828125,688.27001953125,701.6199951171875,688.1900024414062,692.5999755859375,572900
2023-03-01,652.65283203125,675.97998046875,687.1099853515625,671.1699829101562,684.8099975585938,443000
2023-03-02,664.2291870117188,687.969970703125,688.3300170898438,662.5700073242188,665.72998046875,471000
2023-03-03,681.0672607421875,705.4099731445312,707.280029296875,688.27001953125,688.3800048828125,403000
2023-03-06,678.5739135742188,699.4299926757812,707.9199829101562,698.3400268554688,702.5,179600
2023-03-07,665.1174926757812,685.5599975585938,703.030029296875,683.780029296875,701.760009765625,275800
2023-03-08,673.3251953125,694.02001953125,704.5399780273438,686.4199829101562,687.2899780273438,366900
2023-03-09,662.5174560546875,682.8800048828125,695.6199951171875,679.4600219726562,691.9099731445312,428600
2023-03-10,645.7818603515625,665.6300048828125,684.7899780273438,663.3200073242188,683.5399780273438,477100
2023-03-13,662.3427734375,682.7000122070312,694.2000122070312,664.5999755859375,664.5999755859375,435800
2023-03-14,670.8512573242188,691.469970703125,696.6900024414062,682.030029296875,692.8400268554688,500800
2023-03-15,674.266357421875,694.989990234375,698.7899780273438,685.72998046875,686.4400024414062,492100
2023-03-16,681.6300048828125,702.5800170898438,706.1199951171875,687.6400146484375,691.1300048828125,531400
2023-03-17,670.249755859375,690.8499755859375,707.0499877929688,690.010009765625,704.3200073242188,841400
2023-03-20,668.8915405273438,689.4500122070312,693.219970703125,683.47998046875,690.6300048828125,429100
2023-03-21,667.4265747070312,687.9400024414062,692.27001953125,675.7000122070312,692.27001953125,501100
2023-03-22,643.2593994140625,663.030029296875,682.489990234375,662.3699951171875,681.0599975585938,513200
2023-03-23,646.499755859375,666.3699951171875,682.1900024414062,661.8099975585938,663.0,385500
2023-03-24,661.3726806640625,681.7000122070312,681.7000122070312,661.6599731445312,666.3699951171875,367000
2023-03-27,667.1160888671875,687.6199951171875,693.6699829101562,685.25,686.5900268554688,356800
2023-03-28,662.6823120117188,683.0499877929688,688.5599975585938,678.2899780273438,684.989990234375,284600
2023-03-29,673.8005981445312,694.510009765625,697.0499877929688,686.489990234375,691.5900268554688,414200
2023-03-30,681.0770263671875,702.010009765625,702.969970703125,696.1699829101562,696.1699829101562,386900
2023-03-31,699.5396118164062,721.0399780273438,722.8800048828125,702.5599975585938,704.2100219726562,614200
2023-04-03,688.7802734375,709.9500122070312,718.260009765625,705.52001953125,714.25,519300
2023-04-04,689.2943725585938,710.47998046875,715.3699951171875,700.510009765625,706.2100219726562,421100
2023-04-05,682.8330688476562,703.8200073242188,718.4000244140625,703.2899780273438,710.0,455700
2023-04-06,690.0221557617188,711.22998046875,711.7100219726562,697.9600219726562,705.27001953125,272700
2023-04-10,685.1807861328125,706.239990234375,706.72998046875,693.3200073242188,704.7999877929688,310400
2023-04-11,685.4622192382812,706.530029296875,714.5,702.6799926757812,704.3599853515625,410000
2023-04-12,689.8377075195312,711.0399780273438,719.5499877929688,708.6099853515625,713.4000244140625,304500
2023-04-13,687.5772705078125,708.7100219726562,716.1099853515625,701.8800048828125,712.8599853515625,322900
2023-04-14,668.14453125,688.6799926757812,710.739990234375,684.4299926757812,706.5,354800
2023-04-17,686.8301391601562,707.9400024414062,708.530029296875,685.0599975585938,685.719970703125,336400
2023-04-18,684.5211181640625,705.5599975585938,708.8900146484375,700.3499755859375,708.8900146484375,336300
2023-04-19,685.8794555664062,706.9600219726562,710.969970703125,697.9600219726562,698.9600219726562,211300
2023-04-20,683.9972534179688,705.02001953125,709.72998046875,699.4000244140625,703.6699829101562,269300
2023-04-21,691.7393188476562,713.0,717.0800170898438,703.3699951171875,705.8499755859375,251900
2023-04-24,691.7684326171875,713.030029296875,714.25,706.780029296875,709.72998046875,276900
2023-04-25,688.896728515625,710.0700073242188,713.1799926757812,703.5,706.22998046875,418900
2023-04-26,685.6756591796875,706.75,719.3900146484375,703.0,706.6400146484375,398400
2023-04-27,698.3753662109375,719.8400268554688,720.9199829101562,708.030029296875,709.27001953125,370800
2023-04-28,702.4888916015625,724.0800170898438,725.5399780273438,713.0,715.0800170898438,370200
2023-05-01,700.4805297851562,722.010009765625,724.8699951171875,716.5999755859375,722.9099731445312,280300
2023-05-02,682.202392578125,703.1699829101562,722.719970703125,703.0399780273438,720.9199829101562,324000
2023-05-03,676.8275756835938,697.6300048828125,709.1400146484375,695.2000122070312,706.989990234375,377800
2023-05-04,707.592041015625,729.3400268554688,733.47998046875,701.0,703.4199829101562,597700
2023-05-05,717.9342651367188,740.0,742.25,727.3200073242188,735.0,431300
2023-05-08,718.050537109375,740.1199951171875,744.9299926757812,734.25,736.5800170898438,280200
2023-05-09,706.5442504882812,728.260009765625,737.0700073242188,725.7999877929688,733.7100219726562,382100
2023-05-10,727.9173583984375,750.2899780273438,752.6300048828125,727.3400268554688,729.3499755859375,378700
2023-05-11,721.2716064453125,743.4400024414062,751.469970703125,739.0900268554688,749.1099853515625,572700
2023-05-12,717.1871337890625,739.22998046875,747.0499877929688,733.3099975585938,744.010009765625,300700
2023-05-15,718.1864624023438,740.260009765625,743.7899780273438,735.4600219726562,740.8400268554688,328000
2023-05-16,694.9310913085938,716.2899780273438,738.2000122070312,715.469970703125,738.2000122070312,420100
2023-05-17,706.4278564453125,728.1400146484375,729.8099975585938,715.719970703125,719.25,336000
2023-05-18,699.67529296875,721.1799926757812,726.4199829101562,716.530029296875,723.25,394100
2023-05-19,702.0038452148438,723.5800170898438,729.260009765625,720.0499877929688,721.5700073242188,351600
2023-05-22,705.0501098632812,726.719970703125,735.8099975585938,720.3499755859375,723.739990234375,401500
2023-05-23,679.2191772460938,696.8099975585938,725.5999755859375,692.260009765625,717.3499755859375,495200
2023-05-24,658.1351928710938,675.1799926757812,694.22998046875,672.8800048828125,692.4400024414062,492900
2023-05-25,689.4053955078125,707.260009765625,712.1900024414062,681.4400024414062,683.97998046875,840500
2023-05-26,710.7427368164062,729.1500244140625,737.719970703125,712.5,712.5,705200
2023-05-30,715.9674072265625,734.510009765625,752.9600219726562,730.239990234375,738.5599975585938,728400
2023-05-31,726.7286987304688,745.5499877929688,746.989990234375,732.3400268554688,737.1400146484375,1292000
2023-06-01,734.244140625,753.260009765625,755.4199829101562,740.3099975585938,743.1099853515625,512500
2023-06-02,738.4841918945312,757.6099853515625,762.6900024414062,738.8800048828125,754.3900146484375,527700
2023-06-05,734.0686645507812,753.0800170898438,760.6599731445312,749.0499877929688,757.3200073242188,369600
2023-06-06,723.4924926757812,742.22998046875,754.9099731445312,740.8499755859375,754.9099731445312,392100
2023-06-07,720.29541015625,738.9500122070312,742.75,725.989990234375,742.22998046875,392800
2023-06-08,731.3588256835938,750.2999877929688,750.52001953125,736.22998046875,738.9500122070312,259900
2023-06-09,724.9157104492188,743.6900024414062,755.7100219726562,742.3499755859375,753.4400024414062,320200
2023-06-12,734.848388671875,753.8800048828125,754.3699951171875,742.1500244140625,743.8699951171875,368300
2023-06-13,737.4901123046875,756.5900268554688,759.6300048828125,749.6699829101562,753.4600219726562,469100
2023-06-14,756.195556640625,775.780029296875,778.1799926757812,757.3800048828125,760.0,570000
2023-06-15,759.9288940429688,779.6099853515625,783.489990234375,767.7999877929688,772.489990234375,403500
2023-06-16,758.9541625976562,778.6099853515625,792.030029296875,778.25,784.780029296875,904600
2023-06-20,760.54296875,780.239990234375,781.510009765625,766.6699829101562,778.6599731445312,735100
2023-06-21,748.6119384765625,768.0,783.3099975585938,737.530029296875,773.5,911100
2023-06-22,728.1324462890625,746.989990234375,758.77001953125,737.239990234375,757.5999755859375,666000
2023-06-23,727.2745361328125,746.1099853515625,752.6500244140625,743.1500244140625,746.0800170898438,789400
2023-06-26,740.7554931640625,759.9400024414062,763.1300048828125,747.9299926757812,751.469970703125,340600
2023-06-27,745.902099609375,765.219970703125,767.1699829101562,753.7000122070312,753.7000122070312,416000
2023-06-28,749.78173828125,769.2000122070312,773.469970703125,764.4400024414062,768.5999755859375,479800
2023-06-29,757.4140014648438,777.030029296875,777.0499877929688,761.4000244140625,764.1900024414062,367000
2023-06-30,764.1495361328125,783.9400024414062,786.97998046875,771.780029296875,784.5999755859375,813000
2023-07-03,763.5842895507812,783.3599853515625,789.280029296875,771.7000122070312,773.0700073242188,252900
2023-07-05,770.1735229492188,790.1199951171875,793.25,782.9600219726562,785.5499877929688,399900
2023-07-06,761.615234375,781.3400268554688,786.2000122070312,771.2100219726562,783.1900024414062,462300
2023-07-07,752.8131713867188,772.3099975585938,783.1599731445312,771.5999755859375,778.75,252100
2023-07-10,763.6719970703125,783.4500122070312,783.8400268554688,771.3200073242188,772.1400146484375,313400
2023-07-11,767.2590942382812,787.1300048828125,788.8400268554688,780.4600219726562,784.760009765625,341100
2023-07-12,770.9143676757812,790.8800048828125,796.489990234375,780.3900146484375,794.47998046875,499000
2023-07-13,781.207763671875,801.4400024414062,802.530029296875,784.1400146484375,791.0900268554688,362800
2023-07-14,785.3894653320312,805.72998046875,806.75,798.5800170898438,800.0399780273438,333800
2023-07-17,787.1829833984375,807.5700073242188,811.989990234375,802.4199829101562,804.1799926757812,358000
2023-07-18,775.8953857421875,795.989990234375,806.22998046875,792.0599975585938,804.8300170898438,469000
2023-07-19,792.2127685546875,812.72998046875,816.219970703125,802.510009765625,802.510009765625,363200
2023-07-20,790.048828125,810.510009765625,811.989990234375,795.9600219726562,806.1300048828125,358400
2023-07-21,786.7444458007812,807.1199951171875,814.5999755859375,806.1199951171875,810.1900024414062,312000
2023-07-24,798.4219360351562,819.0999755859375,819.5499877929688,803.22998046875,806.260009765625,329500
2023-07-25,795.8583374023438,816.469970703125,819.6799926757812,812.5,816.489990234375,297100
2023-07-26,792.5052490234375,813.030029296875,818.25,806.7999877929688,818.25,259500
2023-07-27,775.973388671875,796.0700073242188,821.6300048828125,794.780029296875,820.0,416200
2023-07-28,777.2307739257812,797.3599853515625,815.0,797.030029296875,808.5499877929688,394000
2023-07-31,789.4736328125,809.9199829101562,811.0399780273438,795.25,798.4000244140625,431900
2023-08-01,784.8338623046875,805.1599731445312,809.9199829101562,803.25,804.9400024414062,298900
2023-08-02,785.2919921875,805.6300048828125,812.510009765625,798.7000122070312,802.2000122070312,386100
2023-08-03,740.2485961914062,759.4199829101562,768.6400146484375,740.260009765625,752.010009765625,910900
2023-08-04,738.7474365234375,757.8800048828125,774.4299926757812,752.8400268554688,758.0,418700
2023-08-07,754.7237548828125,774.27001953125,777.760009765625,758.010009765625,758.4600219726562,296600
2023-08-08,754.9381713867188,774.489990234375,776.3300170898438,765.9600219726562,772.4299926757812,270400
2023-08-09,754.9381713867188,774.489990234375,776.4400024414062,766.9600219726562,774.3699951171875,260700
2023-08-10,754.5482788085938,774.0900268554688,787.1599731445312,772.030029296875,780.1799926757812,227400
2023-08-11,754.6261596679688,774.1699829101562,775.6699829101562,761.7000122070312,766.77001953125,252800
2023-08-14,750.7369995117188,770.1799926757812,779.7899780273438,767.3200073242188,769.3099975585938,406900
2023-08-15,740.9991455078125,760.1900024414062,769.469970703125,759.6799926757812,765.0,344300
2023-08-16,734.7217407226562,753.75,763.22998046875,753.25,760.1900024414062,290600
2023-08-17,734.8094482421875,753.8400268554688,760.5700073242188,753.3699951171875,755.6099853515625,295100
2023-08-18,730.84228515625,749.77001953125,756.1199951171875,744.8599853515625,744.8599853515625,289600
2023-08-21,726.9139404296875,745.739990234375,752.3400268554688,738.5499877929688,749.3400268554688,266500
2023-08-22,737.2252197265625,752.8599853515625,756.77001953125,744.3499755859375,747.6699829101562,222100
2023-08-23,744.4030151367188,760.1900024414062,764.3900146484375,757.5499877929688,759.489990234375,311300
2023-08-24,749.269775390625,765.1599731445312,784.7999877929688,762.02001953125,771.4299926757812,471000
2023-08-25,754.91015625,770.9199829101562,775.0499877929688,762.760009765625,762.760009765625,243400
2023-08-28,762.322998046875,778.489990234375,786.739990234375,775.030029296875,776.52001953125,411000
2023-08-29,774.1716918945312,790.5900268554688,791.4400024414062,775.719970703125,778.0399780273438,387100
2023-08-30,776.0811767578125,792.5399780273438,798.489990234375,789.3400268554688,794.1900024414062,330900
2023-08-31,765.1529541015625,781.3800048828125,792.0,780.22998046875,788.5800170898438,545900
2023-09-01,761.3731079101562,777.52001953125,791.6500244140625,775.8300170898438,788.3699951171875,234800
2023-09-05,752.5991821289062,768.5599975585938,771.260009765625,762.1300048828125,769.0700073242188,426700
2023-09-06,751.9627075195312,767.9099731445312,770.6699829101562,761.8800048828125,766.1500244140625,389000
2023-09-07,759.444091796875,775.5499877929688,778.2899780273438,766.4500122070312,766.4500122070312,363200
2023-09-08,755.4193725585938,771.4400024414062,778.9500122070312,769.02001953125,775.0,251400
2023-09-11,758.5333862304688,774.6199951171875,777.1099853515625,770.6500244140625,775.3200073242188,283300
2023-09-12,757.044921875,773.0999755859375,777.4400024414062,768.6199951171875,769.219970703125,315300
2023-09-13,752.9615478515625,768.9299926757812,774.0,765.0,773.2999877929688,229200
2023-09-14,765.9265747070312,782.1699829101562,786.4400024414062,772.0599975585938,777.0,260700
2023-09-15,760.10009765625,776.219970703125,782.0399780273438,771.2999877929688,778.0999755859375,601100
2023-09-18,753.4902954101562,769.469970703125,777.0800170898438,766.75,772.260009765625,260500
2023-09-19,740.5350341796875,756.239990234375,770.8499755859375,754.4000244140625,767.3099975585938,322000
2023-09-20,741.9744873046875,757.7100219726562,767.7999877929688,756.22998046875,762.030029296875,355400
2023-09-21,718.277099609375,733.510009765625,752.0,733.0499877929688,752.0,306800
2023-09-22,716.7102661132812,731.9099731445312,743.2899780273438,730.6500244140625,735.0,419200
2023-09-25,718.120361328125,733.3499755859375,737.7999877929688,727.6699829101562,731.4500122070312,376100
2023-09-26,696.2639770507812,711.030029296875,730.5599975585938,708.739990234375,729.7899780273438,385200
2023-09-27,692.41552734375,707.0999755859375,718.3699951171875,700.260009765625,715.0,430000
2023-09-28,705.99755859375,720.969970703125,723.5700073242188,707.4299926757812,710.3099975585938,472000
2023-09-29,711.1776123046875,726.260009765625,735.4299926757812,721.9600219726562,732.97998046875,494500
2023-10-02,697.879638671875,712.6799926757812,730.719970703125,705.0,722.9099731445312,368100
2023-10-03,686.6184692382812,701.1799926757812,716.6400146484375,698.1799926757812,709.3300170898438,341700
2023-10-04,701.0621337890625,715.9299926757812,718.1599731445312,701.8200073242188,708.1199951171875,371000
2023-10-05,706.01708984375,720.989990234375,721.8200073242188,710.1799926757812,719.9099731445312,234800
2023-10-06,708.6316528320312,723.6599731445312,728.9400024414062,708.2999877929688,713.97998046875,284000
2023-10-09,716.2010498046875,731.3900146484375,732.3900146484375,719.7899780273438,720.7000122070312,180400
2023-10-10,723.4474487304688,738.7899780273438,745.7100219726562,727.25,731.0800170898438,267400
2023-10-11,738.7919921875,754.4600219726562,755.780029296875,744.260009765625,745.8800048828125,445300
2023-10-12,727.8931884765625,743.3300170898438,757.3499755859375,739.3800048828125,754.4600219726562,270900
2023-10-13,727.2174682617188,742.6400146484375,749.22998046875,739.27001953125,746.0599975585938,263800
2023-10-16,735.8053588867188,751.4099731445312,753.6699829101562,742.3099975585938,748.489990234375,292000
2023-10-17,727.4916381835938,742.9199829101562,749.9400024414062,735.7000122070312,739.6199951171875,311200
2023-10-18,717.7091674804688,732.9299926757812,739.6900024414062,728.4099731445312,736.0,277300
2023-10-19,689.1939086914062,703.8099975585938,736.9199829101562,703.5999755859375,728.3099975585938,409600
2023-10-20,690.96630859375,705.6199951171875,719.02001953125,704.8300170898438,706.260009765625,434000
2023-10-23,684.9244384765625,699.4500122070312,710.719970703125,697.3599853515625,700.8800048828125,376800
2023-10-24,689.5267944335938,704.1500244140625,711.6799926757812,700.1199951171875,700.9099731445312,450700
2023-10-25,668.07177734375,682.239990234375,700.4199829101562,677.7999877929688,696.9600219726562,610400
2023-10-26,704.56787109375,719.510009765625,727.530029296875,685.780029296875,696.510009765625,671000
2023-10-27,695.6372680664062,710.3900146484375,726.8699951171875,707.6199951171875,726.8699951171875,338500
2023-10-30,700.4746704101562,715.3300170898438,725.4500122070312,707.8599853515625,716.989990234375,608100
2023-10-31,714.4874877929688,729.6400146484375,730.1699829101562,711.5599975585938,721.4299926757812,372700
2023-11-01,723.7803955078125,739.1300048828125,740.9400024414062,729.4000244140625,729.8099975585938,345800
2023-11-02,747.3406982421875,763.1900024414062,769.719970703125,745.0,745.0,476500
2023-11-03,754.7535400390625,770.760009765625,783.6099853515625,766.7999877929688,774.5999755859375,387200
2023-11-06,745.9011840820312,761.719970703125,770.8400268554688,754.75,767.9099731445312,407300
2023-11-07,742.2584838867188,758.0,764.1799926757812,755.280029296875,764.1799926757812,343200
2023-11-08,744.1582641601562,759.9400024414062,764.989990234375,753.3200073242188,763.5599975585938,313600
2023-11-09,741.2890625,757.010009765625,765.219970703125,754.5499877929688,762.0499877929688,333100
2023-11-10,751.3359985351562,767.27001953125,768.0399780273438,754.239990234375,763.260009765625,274600
2023-11-13,746.7041625976562,762.5399780273438,765.6099853515625,755.9299926757812,760.510009765625,275200
2023-11-14,774.0305786132812,786.030029296875,787.6199951171875,775.989990234375,780.0,494300
2023-11-15,769.0773315429688,781.0,785.8300170898438,777.1699829101562,785.8300170898438,376500
2023-11-16,768.45703125,780.3699951171875,785.0,775.3200073242188,783.0999755859375,408600
2023-11-17,762.8145141601562,774.6400146484375,786.5599975585938,773.3400268554688,786.5599975585938,357000
2023-11-20,772.3663940429688,784.3400268554688,785.0,771.010009765625,772.1500244140625,270700
2023-11-21,776.28564453125,788.3200073242188,793.1900024414062,783.9299926757812,785.1300048828125,276800
2023-11-22,782.2235717773438,794.3499755859375,797.7100219726562,790.239990234375,795.0,282000
2023-11-24,782.8637084960938,795.0,795.0,788.5499877929688,788.5499877929688,87800
2023-11-27,784.2619018554688,796.4199829101562,799.4400024414062,787.6300048828125,793.27001953125,234200
2023-11-28,784.7543334960938,796.9199829101562,799.1900024414062,791.5599975585938,794.3699951171875,301900
2023-11-29,795.9705200195312,808.3099975585938,811.02001953125,796.0800170898438,800.0,437400
2023-11-30,802.5682373046875,815.010009765625,816.1699829101562,804.780029296875,809.0,608800
2023-12-01,811.83447265625,824.4199829101562,824.8599853515625,809.6199951171875,816.5499877929688,376000
2023-12-04,809.7764282226562,822.3300170898438,823.6699829101562,815.2100219726562,817.719970703125,479500
2023-12-05,808.9393920898438,821.47998046875,822.4500122070312,812.9600219726562,820.0,382100
2023-12-06,795.9605712890625,808.2999877929688,823.97998046875,807.739990234375,822.8599853515625,343000
2023-12-07,797.7429809570312,810.1099853515625,815.0,803.9299926757812,809.22998046875,367200
2023-12-08,789.5303344726562,801.77001953125,808.530029296875,796.1300048828125,804.4099731445312,562900
2023-12-11,785.0103149414062,797.1799926757812,800.4099731445312,786.6300048828125,794.8599853515625,444800
2023-12-12,790.6036376953125,802.8599853515625,807.0,790.1799926757812,797.1799926757812,382800
2023-12-13,797.2505493164062,809.6099853515625,810.6400146484375,796.2899780273438,804.5599975585938,778500
2023-12-14,792.99658203125,805.2899780273438,818.9000244140625,799.6199951171875,818.9000244140625,646400
2023-12-15,791.4603271484375,803.72998046875,809.8099975585938,795.3300170898438,800.47998046875,1090900
2023-12-18,793.4396362304688,805.739990234375,812.8800048828125,796.2100219726562,811.4299926757812,510100
2023-12-19,797.1323852539062,809.489990234375,810.6199951171875,803.6300048828125,805.8400268554688,429900
2023-12-20,782.3023681640625,794.4299926757812,813.9400024414062,793.9099731445312,813.9400024414062,381500
2023-12-21,789.3628540039062,801.5999755859375,801.9000244140625,791.8699951171875,798.5999755859375,457900
2023-12-22,787.47216796875,799.6799926757812,810.1599731445312,795.1699829101562,805.47998046875,220100
2023-12-26,791.8641967773438,804.1400146484375,805.6799926757812,797.530029296875,797.530029296875,166400
2023-12-27,794.5524291992188,806.8699951171875,807.8699951171875,801.989990234375,801.989990234375,231600
2023-12-28,801.6622314453125,814.0900268554688,814.6099853515625,807.780029296875,809.47998046875,219600
2023-12-29,793.0950927734375,805.3900146484375,810.8900146484375,798.6799926757812,798.6799926757812,312900
2024-01-02,798.1072998046875,810.47998046875,812.6900024414062,800.0499877929688,802.739990234375,309900
2024-01-03,784.3407592773438,796.5,808.030029296875,793.0900268554688,804.8400268554688,304100
2024-01-04,782.7454833984375,794.8800048828125,801.1199951171875,790.8499755859375,796.02001953125,376100
2024-01-05,776.3546142578125,788.3900146484375,798.8800048828125,786.52001953125,794.5999755859375,347500
2024-01-08,790.99755859375,803.260009765625,804.6900024414062,787.0399780273438,788.8599853515625,374500
2024-01-09,786.497314453125,798.6900024414062,803.489990234375,794.0800170898438,798.2100219726562,325000
2024-01-10,792.1103515625,804.3900146484375,808.3599853515625,797.030029296875,803.989990234375,222300
2024-01-11,788.8114624023438,801.0399780273438,807.3499755859375,799.6799926757812,801.3800048828125,195100
2024-01-12,802.5780639648438,815.02001953125,815.7999877929688,807.0499877929688,809.5700073242188,283700
2024-01-16,806.615478515625,819.1199951171875,826.0,815.02001953125,819.5999755859375,323200
2024-01-17,786.6646728515625,798.8599853515625,813.4400024414062,790.8300170898438,808.469970703125,366500
2024-01-18,781.622802734375,793.739990234375,802.239990234375,787.8400268554688,802.22998046875,607000
2024-01-19,790.4362182617188,802.6900024414062,806.1300048828125,790.0,794.25,516200
2024-01-22,790.022705078125,802.27001953125,816.260009765625,802.239990234375,804.4400024414062,408700
2024-01-23,786.8026123046875,799.0,812.4299926757812,796.6799926757812,809.6900024414062,263000
2024-01-24,783.0802001953125,795.219970703125,809.5900268554688,794.0,809.5900268554688,464600
2024-01-25,802.8635864257812,815.3099975585938,823.7999877929688,802.9299926757812,805.9000244140625,572200
2024-01-26,798.5996704101562,810.97998046875,820.6199951171875,806.8300170898438,820.6199951171875,411600
2024-01-29,819.0624389648438,831.760009765625,832.5599975585938,809.9400024414062,809.9400024414062,524600
2024-01-30,828.7326049804688,841.5800170898438,846.6500244140625,827.1799926757812,829.5,689000
2024-01-31,817.1028442382812,829.77001953125,846.8499755859375,829.1500244140625,845.4099731445312,540600
2024-02-01,833.4100341796875,846.3300170898438,847.989990234375,824.7899780273438,826.530029296875,535500
2024-02-02,830.5936889648438,843.469970703125,846.8300170898438,828.9299926757812,845.4500122070312,457800
2024-02-05,823.6414184570312,836.4099731445312,842.489990234375,830.6699829101562,834.2899780273438,372100
2024-02-06,825.217041015625,838.010009765625,846.030029296875,835.3900146484375,842.6400146484375,499800
2024-02-07,833.803955078125,846.72998046875,848.719970703125,834.9400024414062,843.7100219726562,351000
2024-02-08,842.2726440429688,855.3300170898438,859.719970703125,840.260009765625,840.260009765625,403900
2024-02-09,842.696044921875,855.760009765625,856.8200073242188,844.9000244140625,856.280029296875,394200
2024-02-12,837.0042724609375,849.97998046875,858.5800170898438,845.4400024414062,858.4600219726562,434400
2024-02-13,819.9684448242188,832.6799926757812,837.5499877929688,826.219970703125,837.5499877929688,448700
2024-02-14,820.096435546875,832.8099975585938,839.9500122070312,825.1400146484375,832.6799926757812,574600
2024-02-15,861.61279296875,874.969970703125,881.7999877929688,838.6599731445312,839.0,768800
2024-02-16,843.1588745117188,856.22998046875,874.0,850.260009765625,863.489990234375,842100
2024-02-20,841.691650390625,854.739990234375,863.7000122070312,848.8599853515625,855.1199951171875,568000
2024-02-21,851.5291748046875,864.72998046875,866.2899780273438,846.25,851.280029296875,448700
2024-02-22,867.37353515625,880.8200073242188,883.4299926757812,868.3599853515625,868.3599853515625,516200
2024-02-23,868.8211059570312,882.2899780273438,886.0,879.0,885.52001953125,309700
2024-02-26,864.2223510742188,877.6199951171875,891.8800048828125,877.6199951171875,883.9099731445312,380300
2024-02-27,863.9155883789062,873.0499877929688,882.3699951171875,869.4600219726562,882.3699951171875,363200
2024-02-28,882.5386962890625,891.8699951171875,893.3900146484375,870.9299926757812,873.1699829101562,437200
2024-02-29,879.5206298828125,888.8200073242188,897.9400024414062,886.0999755859375,895.5399780273438,704000
2024-03-01,891.1080932617188,900.530029296875,900.739990234375,882.0399780273438,884.9000244140625,497000
2024-03-04,904.1007080078124,913.6599731445312,914.9299926757812,888.8800048828125,894.5,578700
2024-03-05,886.18017578125,895.5499877929688,914.8699951171876,890.9600219726562,909.1099853515624,449700
2024-03-06,897.1541748046875,906.6400146484376,908.6599731445312,895.0800170898438,900.530029296875,302100
2024-03-07,896.5802612304688,906.0599975585938,912.989990234375,898.47998046875,910.0,347200
2024-03-08,900.5779418945312,910.0999755859376,913.5900268554688,905.4500122070312,912.0,408700
2024-03-11,884.2110595703125,893.5599975585938,907.02001953125,883.780029296875,905.3099975585938,359100
2024-03-12,883.4688720703125,892.8099975585938,900.4000244140625,888.2100219726562,893.5599975585938,383000
2024-03-13,858.156494140625,867.22998046875,885.4099731445312,865.5800170898438,883.5,810500
2024-03-14,855.6727294921875,864.719970703125,870.6300048828125,850.02001953125,865.77001953125,691000
2024-03-15,841.49267578125,850.3900146484375,865.239990234375,848.1599731445312,860.989990234375,1090300
2024-03-18,851.6453857421875,860.6500244140625,862.0,853.1500244140625,860.0999755859375,464600
2024-03-19,835.7434692382812,844.5800170898438,859.0700073242188,841.0,859.0700073242188,867200
2024-03-20,816.2495727539062,824.8800048828125,837.4299926757812,796.9000244140625,801.0,2372300
2024-03-21,803.1481323242188,811.6400146484375,825.0,804.8300170898438,825.0,1301600
2024-03-22,792.5897216796875,800.969970703125,809.719970703125,798.9299926757812,807.2100219726562,1087500
2024-03-25,784.2281494140625,792.52001953125,806.5399780273438,785.1599731445312,785.1599731445312,1323500
2024-03-26,791.69921875,800.0700073242188,805.5499877929688,792.3200073242188,792.3200073242188,930700
2024-03-27,806.7797241210938,815.3099975585938,816.9600219726562,800.6900024414062,809.0999755859375,945100
2024-03-28,816.6948852539062,825.3300170898438,827.4299926757812,813.0,818.8699951171875,789200
2024-04-01,791.6793212890625,800.0499877929688,826.8599853515625,797.6199951171875,826.0,674300
2024-04-02,784.3765869140625,792.6699829101562,797.9099731445312,788.6500244140625,793.989990234375,551500
2024-04-03,780.6558837890625,788.9099731445312,798.0900268554688,785.280029296875,790.5499877929688,442600
2024-04-04,772.8682861328125,781.0399780273438,795.6799926757812,778.6500244140625,788.9099731445312,469400
2024-04-05,776.2030029296875,784.4099731445312,789.9099731445312,780.0700073242188,781.5900268554688,446500
2024-04-08,779.9434204101562,788.1900024414062,789.72998046875,782.0,783.27001953125,607700
2024-04-09,792.85693359375,801.239990234375,801.9199829101562,786.1300048828125,794.0,578500
2024-04-10,767.851318359375,775.969970703125,786.8699951171875,772.1400146484375,782.6599731445312,758700
2024-04-11,765.7238159179688,773.8200073242188,779.97998046875,770.1599731445312,779.3800048828125,532000
2024-04-12,756.0560302734375,764.0499877929688,770.8499755859375,759.3400268554688,765.1799926757812,498200
2024-04-15,736.3246459960938,744.1099853515625,768.8300170898438,740.9500122070312,761.1500244140625,574800
2024-04-16,734.3753051757812,742.1400146484375,747.5999755859375,733.25,745.5700073242188,579900
2024-04-17,726.8745727539062,734.5599975585938,746.780029296875,734.25,743.5499877929688,510800
2024-04-18,732.1091918945312,739.8499755859375,747.1599731445312,731.5399780273438,736.1099853515625,483500
2024-04-19,740.1740112304688,748.0,748.3699951171875,736.239990234375,743.75,611900
2024-04-22,746.8434448242188,754.739990234375,755.8900146484375,745.0,752.4000244140625,687400
2024-04-23,753.9285888671875,761.9000244140625,764.3400268554688,751.3900146484375,761.0800170898438,662900
2024-04-24,748.9215087890625,756.8400268554688,768.25,754.5399780273438,755.5900268554688,776000
2024-04-25,730.6248779296875,738.3499755859375,746.4099731445312,735.0,743.5999755859375,812600
2024-04-26,723.9554443359375,731.6099853515625,743.9400024414062,730.469970703125,735.7100219726562,779500
2024-04-29,718.7406005859375,726.3400268554688,738.9500122070312,719.1799926757812,738.9500122070312,1002900
2024-04-30,703.669921875,711.1099853515625,724.27001953125,706.47998046875,720.0800170898438,1090500
2024-05-01,688.0550537109375,695.3300170898438,712.9600219726562,694.3800048828125,709.0499877929688,943900
2024-05-02,691.3897705078125,698.7000122070312,704.9199829101562,693.1099853515625,703.77001953125,1029600
2024-05-03,692.854248046875,700.1799926757812,730.239990234375,697.989990234375,716.4099731445312,762400
2024-05-06,686.4717407226562,693.72998046875,708.989990234375,688.0700073242188,708.989990234375,799000
2024-05-07,704.4219360351562,711.8699951171875,715.6099853515625,692.8099975585938,698.2100219726562,629200
2024-05-08,685.4624633789062,692.7100219726562,703.1799926757812,684.1400146484375,701.3599853515625,876100
2024-05-09,764.3483276367188,772.4299926757812,800.0,761.030029296875,778.0,2353500
2024-05-10,749.752685546875,757.6799926757812,779.0,752.8699951171875,760.5499877929688,975400
2024-05-13,768.76171875,776.8900146484375,777.6900024414062,755.4500122070312,760.4600219726562,652000
2024-05-14,781.556396484375,789.8200073242188,796.530029296875,772.989990234375,778.0,905300
2024-05-15,801.2086181640625,809.6799926757812,812.52001953125,796.4099731445312,800.3200073242188,987000
2024-05-16,791.1351318359375,799.5,813.2999877929688,794.4600219726562,812.97998046875,609000
2024-05-17,791.4617309570312,799.8300170898438,806.0700073242188,796.6199951171875,800.8200073242188,543400
2024-05-20,786.9592895507812,795.280029296875,801.9600219726562,791.1900024414062,795.25,463800
2024-05-21,788.1730346679688,792.239990234375,796.739990234375,788.1400146484375,791.75,539400
2024-05-22,777.4483642578125,781.4600219726562,797.3499755859375,778.6300048828125,792.8599853515625,426700
2024-05-23,763.5899047851562,767.530029296875,788.3599853515625,767.260009765625,784.6599731445312,491700
2024-05-24,762.1871337890625,766.1199951171875,774.5999755859375,765.2899780273438,770.3300170898438,294600
2024-05-28,764.7638549804688,768.7100219726562,775.8599853515625,764.6300048828125,768.9600219726562,516400
2024-05-29,756.1184692382812,760.02001953125,772.8400268554688,759.780029296875,765.4600219726562,357200
2024-05-30,756.7252807617188,760.6300048828125,771.5399780273438,759.3900146484375,771.239990234375,381600
2024-05-31,759.063232421875,762.97998046875,768.5499877929688,756.72998046875,761.8499755859375,1066500
2024-06-03,747.6024169921875,751.4600219726562,768.9199829101562,750.0599975585938,766.6599731445312,451600
2024-06-04,760.7545166015625,764.6799926757812,769.4000244140625,749.1799926757812,755.239990234375,461900
2024-06-05,754.7156372070312,758.6099853515625,768.3599853515625,758.469970703125,766.989990234375,380400
2024-06-06,758.9140014648438,762.8300170898438,763.4600219726562,749.6699829101562,756.6799926757812,603500
2024-06-07,749.5224609375,753.3900146484375,757.0499877929688,747.0,750.010009765625,378400
2024-06-10,758.6156005859375,762.530029296875,766.010009765625,747.6500244140625,748.4099731445312,406700
2024-06-11,756.3771362304688,760.280029296875,766.0,756.260009765625,759.780029296875,364700
2024-06-12,757.5410766601562,761.4500122070312,777.75,759.4400024414062,774.6099853515625,447800
2024-06-13,762.6646118164062,766.5999755859375,774.510009765625,762.1500244140625,763.02001953125,366100
2024-06-14,762.326416015625,766.260009765625,771.0499877929688,761.6599731445312,768.3200073242188,275600
2024-06-17,758.46630859375,762.3800048828125,769.5999755859375,760.0,765.0599975585938,285300
2024-06-18,769.8674926757812,773.8400268554688,774.9199829101562,763.0700073242188,768.3300170898438,385300
2024-06-20,759.6800537109375,763.5999755859375,774.8099975585938,762.3400268554688,773.0,369600
2024-06-21,761.0728759765625,765.0,766.7000122070312,757.760009765625,763.2000122070312,984800
2024-06-24,748.3385620117188,752.2000122070312,769.9299926757812,751.5900268554688,767.3599853515625,559000
2024-06-25,739.0465087890625,742.8599853515625,753.2100219726562,735.5800170898438,753.010009765625,662700
2024-06-26,738.0615844726562,741.8699951171875,746.4000244140625,735.97998046875,737.010009765625,654900
2024-06-27,748.099853515625,751.9600219726562,752.739990234375,741.75,744.5800170898438,380100
2024-06-28,752.7159423828125,756.5999755859375,761.9500122070312,753.5900268554688,756.9500122070312,1146800
2024-07-01,755.7801513671875,759.6799926757812,762.1400146484375,751.0499877929688,756.3400268554688,387700
2024-07-02,752.4971313476562,756.3800048828125,767.1500244140625,753.2000122070312,761.5599975585938,372100
2024-07-03,745.155029296875,749.0,759.1400146484375,747.6699829101562,759.1400146484375,236200
2024-07-05,750.6168212890625,754.489990234375,755.0999755859375,746.72998046875,750.3699951171875,371400
2024-07-08,753.0343017578125,756.9199829101562,760.1099853515625,750.1699829101562,753.6900024414062,292000
2024-07-09,762.8934936523438,766.8300170898438,769.77001953125,751.5499877929688,759.0900268554688,338900
2024-07-10,771.9766235351562,775.9600219726562,778.9299926757812,761.1900024414062,770.719970703125,325600
2024-07-11,793.7044677734375,797.7999877929688,803.219970703125,784.5,785.510009765625,459300
2024-07-12,800.7083740234375,804.8400268554688,814.239990234375,797.2999877929688,801.8099975585938,466200
2024-07-15,800.5292358398438,804.6599731445312,809.5999755859375,795.3400268554688,806.6199951171875,306600
2024-07-16,808.4484252929688,812.6199951171875,813.719970703125,797.4500122070312,810.0,261200
2024-07-17,799.01708984375,803.1400146484375,819.4099731445312,799.1699829101562,810.0,397100
2024-07-18,790.988525390625,795.0700073242188,812.3200073242188,792.9400024414062,801.8400268554688,339500
2024-07-19,782.7808837890625,786.8200073242188,800.0,783.3099975585938,796.010009765625,234300
2024-07-22,794.759033203125,798.8599853515625,799.969970703125,783.3200073242188,786.8200073242188,266200
2024-07-23,798.847900390625,802.969970703125,812.8699951171875,800.27001953125,806.2999877929688,243100
2024-07-24,790.0732421875,794.1500244140625,807.0700073242188,790.0,802.0,353100
2024-07-25,765.3607177734375,769.3099975585938,801.739990234375,767.27001953125,797.2999877929688,538000
2024-07-26,768.4647216796875,772.4299926757812,779.97998046875,766.8699951171875,769.3099975585938,541000
2024-07-29,772.5635375976562,776.5499877929688,783.1300048828125,768.0700073242188,771.5499877929688,399100
2024-07-30,764.8235473632812,768.77001953125,784.3499755859375,768.1300048828125,776.5499877929688,665300
2024-07-31,786.1832885742188,790.239990234375,799.530029296875,770.5499877929688,778.27001953125,718700
2024-08-01,807.0158081054688,811.1799926757812,813.8599853515625,792.5,792.5,622700
2024-08-02,802.5090942382812,806.6500244140625,814.9500122070312,798.6799926757812,810.719970703125,379100
2024-08-05,764.2962036132812,768.239990234375,800.8099975585938,764.1099853515625,800.8099975585938,675400
2024-08-06,780.5821533203125,784.6099853515625,791.280029296875,763.489990234375,767.52001953125,410400
2024-08-07,776.2843627929688,780.2899780273438,799.989990234375,779.1500244140625,783.8599853515625,695000
2024-08-08,805.3245239257812,809.47998046875,812.75,772.0,775.739990234375,716700
2024-08-09,814.67626953125,818.8800048828125,823.3400268554688,804.3699951171875,811.9500122070312,365900
2024-08-12,814.8851928710938,819.0900268554688,820.0,803.280029296875,815.0,409000
2024-08-13,825.3810424804688,829.6400146484375,831.469970703125,820.989990234375,825.0,429200
2024-08-14,837.170166015625,841.489990234375,843.27001953125,828.8099975585938,831.75,566500
2024-08-15,825.8187866210938,830.0800170898438,839.0499877929688,827.1400146484375,838.1500244140625,553500
2024-08-16,824.4060668945312,828.6599731445312,831.7000122070312,821.0,825.7999877929688,371700
2024-08-19,826.1172485351562,830.3800048828125,834.5999755859375,820.7000122070312,820.9299926757812,304200
2024-08-20,825.5800170898438,829.8400268554688,833.5700073242188,824.780029296875,833.5700073242188,284100
2024-08-21,817.989990234375,817.989990234375,826.9000244140625,816.010009765625,826.0,382700
2024-08-22,818.9500122070312,818.9500122070312,820.8499755859375,814.1300048828125,818.3900146484375,418300
2024-08-23,827.9600219726562,827.9600219726562,829.3900146484375,817.9600219726562,822.4199829101562,532500
2024-08-26,818.9000244140625,818.9000244140625,833.0,816.0900268554688,830.3900146484375,284000
2024-08-27,817.97998046875,817.97998046875,820.6799926757812,813.5999755859375,815.4199829101562,257100
2024-08-28,813.7000122070312,813.7000122070312,818.5,810.3099975585938,817.47998046875,218600
2024-08-29,818.739990234375,818.739990234375,823.3800048828125,810.0,812.780029296875,310400
2024-08-30,834.3599853515625,834.3599853515625,836.47998046875,816.989990234375,820.3800048828125,521000
2024-09-03,832.1500244140625,832.1500244140625,835.489990234375,825.2999877929688,829.469970703125,402400
2024-09-04,827.5900268554688,827.5900268554688,830.0,816.0,826.1900024414062,586300
2024-09-05,821.739990234375,821.739990234375,829.0399780273438,816.5999755859375,826.239990234375,333700
2024-09-06,817.9600219726562,817.9600219726562,825.010009765625,809.5399780273438,821.530029296875,457700
2024-09-09,831.7999877929688,831.7999877929688,835.4000244140625,820.0800170898438,821.3400268554688,430100
2024-09-10,864.780029296875,864.780029296875,865.4500122070312,835.3400268554688,835.9000244140625,598600
2024-09-11,867.7000122070312,867.7000122070312,869.27001953125,847.0,854.47998046875,656300
2024-09-12,868.8099975585938,868.8099975585938,874.7100219726562,855.4500122070312,874.7100219726562,344200
2024-09-13,871.5399780273438,871.5399780273438,875.6599731445312,869.9000244140625,869.9000244140625,282000
2024-09-16,876.5700073242188,876.5700073242188,880.72998046875,871.3800048828125,871.3800048828125,249100
2024-09-17,864.3300170898438,864.3300170898438,881.9600219726562,861.719970703125,877.239990234375,322200
2024-09-18,860.9500122070312,860.9500122070312,872.8699951171875,859.9299926757812,862.2999877929688,288300
2024-09-19,870.989990234375,870.989990234375,879.469970703125,868.719970703125,874.9500122070312,597000
2024-09-20,877.2000122070312,877.2000122070312,886.5,862.9500122070312,865.7999877929688,1240600
2024-09-23,881.9199829101562,881.9199829101562,890.5999755859375,876.260009765625,883.8699951171875,452000
2024-09-24,887.5800170898438,887.5800170898438,892.0700073242188,880.4400024414062,881.9199829101562,435000
2024-09-25,890.010009765625,890.010009765625,896.52001953125,888.010009765625,892.0800170898438,554100
2024-09-26,878.97998046875,878.97998046875,896.6199951171875,876.489990234375,896.6199951171875,579500
2024-09-27,882.6900024414062,882.6900024414062,889.6099853515625,879.9500122070312,886.1500244140625,359000
2024-09-30,887.6300048828125,887.6300048828125,889.5599975585938,879.4099731445312,879.4099731445312,534600
2024-10-01,883.0,883.0,894.97998046875,876.3699951171875,894.97998046875,419900
2024-10-02,886.5999755859375,886.5999755859375,887.4099731445312,871.7899780273438,871.7899780273438,255300
2024-10-03,876.219970703125,876.219970703125,884.9199829101562,873.969970703125,884.9199829101562,209400
2024-10-04,876.8800048828125,876.8800048828125,883.969970703125,867.2899780273438,883.969970703125,236800
2024-10-07,870.010009765625,870.010009765625,872.7000122070312,864.0800170898438,868.5599975585938,235000
2024-10-08,872.510009765625,872.510009765625,877.77001953125,871.4400024414062,876.6799926757812,245000
2024-10-09,876.760009765625,876.760009765625,877.77001953125,862.22998046875,870.1199951171875,239200
2024-10-10,870.5399780273438,870.5399780273438,890.0,870.3300170898438,876.760009765625,268500
2024-10-11,871.5599975585938,871.5599975585938,878.5700073242188,864.2899780273438,869.6300048828125,425200
2024-10-14,866.02001953125,866.02001953125,873.5700073242188,863.3300170898438,867.8900146484375,418500
2024-10-15,878.030029296875,878.030029296875,882.02001953125,868.489990234375,872.1199951171875,558100
2024-10-16,880.2000122070312,880.2000122070312,882.7999877929688,873.2899780273438,878.6400146484375,260500
2024-10-17,888.8499755859375,888.8499755859375,890.0,875.4099731445312,880.9099731445312,447400
2024-10-18,895.2000122070312,895.2000122070312,895.22998046875,884.8599853515625,888.1500244140625,299400
2024-10-21,879.9400024414062,879.9400024414062,895.0399780273438,877.1199951171875,887.97998046875,396300
2024-10-22,878.3699951171875,878.3699951171875,883.0399780273438,877.4000244140625,878.6199951171875,264200
2024-10-23,891.1599731445312,891.1599731445312,891.8599853515625,873.010009765625,873.719970703125,400200
2024-10-24,895.760009765625,895.760009765625,896.75,887.9000244140625,890.27001953125,425400
2024-10-25,914.3300170898438,914.3300170898438,943.02001953125,913.0,917.4000244140624,1032100
2024-10-28,912.6199951171876,912.6199951171876,929.1500244140624,912.3099975585938,927.489990234375,447400
2024-10-29,905.9099731445312,905.9099731445312,920.1500244140624,903.9400024414062,912.0,534500
2024-10-30,910.219970703125,910.219970703125,917.5999755859376,908.3699951171876,913.4000244140624,543000
2024-10-31,908.0800170898438,908.0800170898438,925.0,885.3599853515625,885.3599853515625,850700
2024-11-01,888.2999877929688,888.2999877929688,916.3099975585938,887.280029296875,914.0,451000
2024-11-04,895.9199829101562,895.9199829101562,898.1900024414062,887.1500244140625,888.0,335800
2024-11-05,908.989990234375,908.989990234375,909.4600219726562,888.9000244140625,894.4000244140625,437500
2024-11-06,890.8200073242188,890.8200073242188,895.8900146484375,869.5,895.0,671700
2024-11-07,907.739990234375,907.739990234375,909.4600219726562,891.1900024414062,898.6400146484375,366200
2024-11-08,921.0599975585938,921.0599975585938,927.8200073242188,912.77001953125,916.1599731445312,535900
2024-11-11,913.5,913.5,927.5399780273438,911.6699829101562,921.0599975585938,289800
2024-11-12,903.02001953125,903.02001953125,916.6799926757812,901.52001953125,915.3599853515624,810100
2024-11-13,901.1500244140624,901.1500244140624,910.0,900.52001953125,901.3900146484376,364100
2024-11-14,898.1199951171875,898.1199951171875,905.9199829101562,893.9400024414062,905.530029296875,414200
2024-11-15,897.3699951171875,897.3699951171875,903.6199951171876,885.97998046875,889.47998046875,368700
2024-11-18,909.47998046875,909.47998046875,910.3900146484376,891.0,891.0,480200
2024-11-19,923.0,923.0,927.989990234375,905.02001953125,911.0,545000
2024-11-20,918.9400024414062,918.9400024414062,923.0599975585938,914.52001953125,916.2999877929688,664100
2024-11-21,923.5999755859376,923.5999755859376,930.1500244140624,913.760009765625,914.0,508100
2024-11-22,936.3699951171876,936.3699951171876,937.3200073242188,922.7100219726562,928.7000122070312,512800
2024-11-25,974.3499755859376,974.3499755859376,976.3499755859376,938.5499877929688,940.0,1977300
2024-11-26,978.260009765625,978.260009765625,982.6900024414062,961.3599853515624,974.0,708100
2024-11-27,979.0999755859376,979.0999755859376,994.030029296875,978.22998046875,986.0,459600
2024-11-29,981.47998046875,981.47998046875,991.9299926757812,980.030029296875,983.8400268554688,362800
2024-12-02,964.8400268554688,964.8400268554688,973.0900268554688,956.3099975585938,971.1799926757812,536100
2024-12-03,963.6500244140624,963.6500244140624,967.5999755859376,958.989990234375,961.9099731445312,386900
2024-12-04,965.6400146484376,965.6400146484376,969.489990234375,959.0,963.6500244140624,319600
2024-12-05,973.7999877929688,973.7999877929688,975.969970703125,953.739990234375,956.1500244140624,384800
2024-12-06,985.0,985.0,986.6799926757812,971.1199951171876,981.8900146484376,541500
2024-12-09,968.97998046875,968.97998046875,989.8400268554688,962.0800170898438,985.77001953125,476100
2024-12-10,961.719970703125,961.719970703125,973.530029296875,951.25,973.530029296875,469400
2024-12-11,973.5700073242188,973.5700073242188,975.9199829101562,962.1400146484376,965.510009765625,387800
2024-12-12,975.2999877929688,975.2999877929688,986.5,972.72998046875,977.219970703125,284500
2024-12-13,965.0,965.0,982.97998046875,963.0399780273438,970.1500244140624,394500
2024-12-16,957.97998046875,957.97998046875,972.02001953125,955.5,965.0,515200
2024-12-17,960.8400268554688,960.8400268554688,971.4299926757812,945.4500122070312,954.27001953125,438700
2024-12-18,926.3800048828124,926.3800048828124,963.3400268554688,925.6400146484376,954.1799926757812,650600
2024-12-19,921.5700073242188,921.5700073242188,938.9600219726562,920.4000244140624,925.010009765625,685300
2024-12-20,927.219970703125,927.219970703125,936.469970703125,919.2899780273438,922.6199951171876,1434600
