Price,Adj Close,Close,High,Low,Open,Volume
Ticker,ROL,ROL,ROL,ROL,ROL,ROL
Date,,,,,,
2017-10-02,19.26854133605957,20.31999969482422,20.56888961791992,20.23555564880371,20.53333282470703,1160775
2017-10-03,19.441335678100582,20.502222061157227,20.511110305786133,20.280000686645508,20.35555648803711,1020150
2017-10-04,19.479257583618164,20.542221069335938,20.60444450378418,20.364444732666016,20.475555419921875,1460700
2017-10-05,19.44554328918457,20.50666618347168,20.59555625915528,20.462221145629883,20.57333374023437,715275
2017-10-06,19.75320053100586,20.831111907958984,20.84000015258789,20.36888885498047,20.471111297607425,1752075
2017-10-09,19.82063674926757,20.9022216796875,20.91555595397949,20.773332595825195,20.87555694580078,535275
2017-10-10,19.947065353393555,21.03555679321289,21.05777740478516,20.87555694580078,21.004444122314453,901125
2017-10-11,20.01028633117676,21.10222244262696,21.19111061096192,21.0222225189209,21.04888916015625,1256400
2017-10-12,20.0566463470459,21.151111602783203,21.302221298217773,21.0977783203125,21.0977783203125,975375
2017-10-13,20.06507110595703,21.15999984741211,21.27555656433105,21.09333229064941,21.217777252197266,862650
2017-10-16,20.09036064147949,21.18666648864746,21.462221145629883,21.02666664123535,21.13777732849121,816300
2017-10-17,20.149364471435547,21.248889923095703,21.28888893127441,21.15999984741211,21.200000762939453,1166400
2017-10-18,20.08614921569824,21.182222366333008,21.31555557250977,21.15999984741211,21.280000686645508,952650
2017-10-19,20.08614921569824,21.182222366333008,21.204444885253903,21.05777740478516,21.14666748046875,1017450
2017-10-20,20.10300064086914,21.200000762939453,21.244443893432617,21.16444396972656,21.217777252197266,1002150
2017-10-23,20.069286346435547,21.16444396972656,21.28444480895996,21.13777732849121,21.22222137451172,1300275
2017-10-24,19.8712100982666,20.95555686950684,21.18666648864746,20.844444274902344,21.13333320617676,1464975
2017-10-25,18.58579444885254,19.600000381469727,20.74666786193848,19.479999542236328,20.74666786193848,3606300
2017-10-26,18.560510635375977,19.57333374023437,19.648889541625977,19.51555633544922,19.600000381469727,2692350
2017-10-27,18.30764579772949,19.30666732788086,19.60444450378418,19.253332138061523,19.59555625915528,1820700
2017-10-30,18.219139099121094,19.21333312988281,19.475555419921875,19.19111061096192,19.37777709960937,1572525
2017-10-31,18.50571823120117,19.51555633544922,19.53777885437012,19.031110763549805,19.19111061096192,1653525
2017-11-01,18.41720962524414,19.42222213745117,19.622222900390625,19.248889923095703,19.56444358825684,1533825
2017-11-02,18.838661193847656,19.86666679382324,19.87111091613769,19.43111038208008,19.43111038208008,1137825
2017-11-03,19.083101272583008,20.12444305419922,20.177778244018555,19.8799991607666,19.897777557373047,1112850
2017-11-06,19.011457443237305,20.04888916015625,20.195556640625,19.946666717529297,20.0755558013916,1179450
2017-11-07,19.121028900146484,20.16444396972656,20.293333053588867,20.044443130493164,20.106666564941406,1553850
2017-11-08,19.066246032714844,20.106666564941406,20.200000762939453,20.008888244628903,20.200000762939453,669825
2017-11-09,18.937095642089844,19.87555694580078,20.07999992370605,19.74666786193848,19.946666717529297,667800
2017-11-10,19.051427841186523,19.995555877685547,20.0,19.83555603027344,19.8488883972168,693900
2017-11-13,19.19964027404785,20.151111602783203,20.17333221435547,19.83555603027344,19.942222595214844,1151550
2017-11-14,19.178466796875,20.128889083862305,20.33333206176757,20.040000915527344,20.128889083862305,877725
2017-11-15,19.026018142700195,19.968889236450195,20.115556716918945,19.95111083984375,20.053333282470703,1001025
2017-11-16,19.18693923950196,20.13777732849121,20.23555564880371,19.946666717529297,20.03555679321289,1096875
2017-11-17,19.05989646911621,20.004444122314453,20.226667404174805,19.9777774810791,20.1200008392334,1092375
2017-11-20,19.136119842529297,20.084444046020508,20.11111068725586,19.96444320678711,20.05777740478516,631575
2017-11-21,19.22504997253418,20.177778244018555,20.19111061096192,20.01333236694336,20.14666748046875,1085625
2017-11-22,19.19116401672364,20.142221450805664,20.20888900756836,20.0222225189209,20.18666648864746,689850
2017-11-24,19.148820877075195,20.0977783203125,20.244443893432617,20.044443130493164,20.19111061096192,318600
2017-11-27,19.15729522705078,20.106666564941406,20.31999969482422,20.0977783203125,20.0977783203125,906525
2017-11-28,19.203872680664062,20.155555725097656,20.23111152648925,20.06666755676269,20.128889083862305,1707975
2017-11-29,19.52569961547852,20.49333381652832,20.524444580078125,20.07111167907715,20.12444305419922,1322550
2017-11-30,19.62733268737793,20.600000381469727,20.768888473510746,20.37333297729492,20.462221145629883,1820700
2017-12-01,19.775543212890625,20.755556106567383,20.773332595825195,20.311111450195312,20.591110229492188,891225
2017-12-04,19.521467208862305,20.488889694213867,20.959999084472656,20.479999542236328,20.88888931274414,1591200
2017-12-05,19.30550193786621,20.262222290039062,20.591110229492188,20.253332138061523,20.559999465942383,1192725
2017-12-06,19.55110549926757,20.520000457763672,20.58666610717773,20.182222366333008,20.53777885437012,1609200
2017-12-07,19.673917770385746,20.648889541625977,20.786666870117188,20.39555549621582,20.511110305786133,1227825
2017-12-08,19.4791202545166,20.44444465637207,20.68000030517578,20.426666259765625,20.657777786254883,950175
2017-12-11,19.19964027404785,20.151111602783203,20.502222061157227,20.06222152709961,20.457778930664062,2088225
2017-12-12,19.18269729614257,20.13333320617676,20.27555656433105,20.008888244628903,20.155555725097656,3511350
2017-12-13,19.39019203186035,20.351110458374023,20.53333282470703,20.040000915527344,20.106666564941406,1502775
2017-12-14,19.35208320617676,20.311111450195312,20.49333381652832,20.280000686645508,20.36000061035156,1415925
2017-12-15,19.82635498046875,20.80888938903809,20.92888832092285,20.382221221923828,20.382221221923828,2891025
2017-12-18,19.83905792236328,20.822221755981445,20.93777847290039,20.60888862609864,20.804443359375,1231650
2017-12-19,19.86870002746582,20.85333251953125,20.942222595214844,20.71999931335449,20.74666786193848,1444050
2017-12-20,19.96609878540039,20.95555686950684,21.017778396606445,20.786666870117188,20.8799991607666,996750
2017-12-21,19.84752655029297,20.831111907958984,21.07999992370605,20.817777633666992,20.995555877685547,798975
2017-12-22,19.6696720123291,20.64444351196289,20.857778549194336,20.559999465942383,20.857778549194336,1019700
2017-12-26,19.762840270996094,20.74222183227539,20.86222267150879,20.58222198486328,20.635555267333984,407250
2017-12-27,19.817890167236328,20.799999237060547,20.87555694580078,20.70222282409668,20.76000022888184,696150
2017-12-28,19.7247314453125,20.70222282409668,20.9244441986084,20.648889541625977,20.8933334350586,711900
2017-12-29,19.703556060791016,20.68000030517578,20.844444274902344,20.622222900390625,20.711111068725582,1283400
2018-01-02,19.754371643066406,20.733333587646484,20.831111907958984,20.53333282470703,20.822221755981445,1621575
2018-01-03,19.6823787689209,20.657777786254883,20.844444274902344,20.57333374023437,20.64444351196289,1378350
2018-01-04,20.0507926940918,21.044443130493164,21.07999992370605,20.67111015319824,20.737777709960938,2834775
2018-01-05,19.94916343688965,20.93777847290039,21.084444046020508,20.786666870117188,21.053333282470703,1163700
2018-01-08,20.14818572998047,21.14666748046875,21.18666648864746,20.822221755981445,20.8933334350586,1878750
2018-01-09,20.17359161376953,21.17333221435547,21.20888900756836,21.01333236694336,21.142221450805664,1320075
2018-01-10,19.983034133911133,20.97333335876465,21.13333320617676,20.88888931274414,21.08888816833496,1100475
2018-01-11,20.19476890563965,21.195556640625,21.204444885253903,20.946666717529297,20.982221603393555,794475
2018-01-12,20.165122985839844,21.16444396972656,21.26666641235352,21.128889083862305,21.26666641235352,958725
2018-01-16,20.11007499694824,21.106666564941406,21.44444465637207,21.084444046020508,21.28444480895996,1428975
2018-01-17,20.19476890563965,21.195556640625,21.280000686645508,21.1200008392334,21.128889083862305,1167300
2018-01-18,20.15665626525879,21.155555725097656,21.302221298217773,21.115556716918945,21.200000762939453,883575
2018-01-19,20.275224685668945,21.280000686645508,21.337778091430664,21.128889083862305,21.20888900756836,863550
2018-01-22,20.275224685668945,21.280000686645508,21.39999961853028,21.16444396972656,21.280000686645508,1296225
2018-01-23,20.275224685668945,21.280000686645508,21.34666633605957,21.0755558013916,21.244443893432617,1178550
2018-01-24,21.38045310974121,22.440000534057617,23.017778396606445,21.675556182861328,21.675556182861328,3173400
2018-01-25,21.38045310974121,22.440000534057617,22.65333366394043,22.044443130493164,22.63999938964844,1599300
2018-01-26,21.4312686920166,22.49333381652832,22.53333282470703,22.302221298217773,22.53333282470703,1374075
2018-01-29,21.27458953857422,22.32888984680176,22.58666610717773,22.324443817138672,22.44444465637207,1120725
2018-01-30,21.0459213256836,22.08888816833496,22.41777801513672,21.91111183166504,22.262222290039062,1581300
2018-01-31,20.89347267150879,21.92888832092285,22.35555648803711,21.87555694580078,22.22222137451172,2220525
2018-02-01,20.817251205444336,21.8488883972168,21.95555686950684,21.65333366394043,21.91555595397949,1203075
2018-02-02,20.41073036193848,21.42222213745117,21.751110076904297,21.413333892822266,21.711111068725582,1577925
2018-02-05,19.817890167236328,20.799999237060547,21.440000534057617,20.786666870117188,21.39999961853028,1907100
2018-02-06,19.843299865722656,20.82666778564453,20.97333335876465,20.25777816772461,20.52888870239257,1850850
2018-02-07,20.17359161376953,21.17333221435547,21.36000061035156,20.666667938232425,20.77777862548828,1556325
2018-02-08,19.307188034057617,20.204444885253903,21.195556640625,20.200000762939453,21.195556640625,1757250
2018-02-09,19.468578338623047,20.37333297729492,20.648889541625977,19.87111091613769,20.41777801513672,1984050
2018-02-12,19.995216369628903,20.9244441986084,21.008888244628903,20.53333282470703,20.58222198486328,2464875
2018-02-13,20.03768539428711,20.968889236450195,21.07999992370605,20.817777633666992,20.91111183166504,1511325
2018-02-14,20.470888137817383,21.42222213745117,21.48444366455078,20.85333251953125,20.91111183166504,1576575
2018-02-15,20.7044734954834,21.666667938232425,21.684444427490234,21.457778930664062,21.559999465942383,1864350
2018-02-16,21.18864250183105,22.17333221435547,22.27111053466797,21.635555267333984,21.635555267333984,1686825
2018-02-20,21.21412467956543,22.200000762939453,22.311111450195312,21.8933334350586,22.031110763549805,1982700
2018-02-21,21.226865768432617,22.21333312988281,22.33333206176757,22.0222225189209,22.18666648864746,2920500
2018-02-22,21.396753311157227,22.391111373901367,22.53777885437012,22.22222137451172,22.22222137451172,2099700
2018-02-23,21.73651885986328,22.74666786193848,22.74666786193848,22.20888900756836,22.453332901000977,2311425
2018-02-26,21.838441848754883,22.85333251953125,22.85333251953125,22.591110229492188,22.8488883972168,1261575
2018-02-27,21.626094818115234,22.63111114501953,22.88444328308105,22.50666618347168,22.84000015258789,2081250
2018-02-28,21.350032806396484,22.34222221374512,22.70222282409668,22.34222221374512,22.62666702270508,2287800
2018-03-01,21.00177001953125,21.9777774810791,22.382221221923828,21.857778549194336,22.36000061035156,1606500
2018-03-02,21.090961456298828,22.07111167907715,22.0977783203125,21.786666870117188,21.86666679382324,1118025
2018-03-05,21.341533660888672,22.33333206176757,22.413333892822266,21.9022216796875,21.995555877685547,1427625
2018-03-06,21.76199531555176,22.773332595825195,22.773332595825195,22.33333206176757,22.35555648803711,2930400
2018-03-07,22.173959732055664,23.204444885253903,23.226667404174805,22.56444358825684,22.577777862548828,2740050
2018-03-08,22.18245506286621,23.21333312988281,23.440000534057617,22.991111755371094,23.27555656433105,1126125
2018-03-09,22.45427131652832,23.497777938842773,23.524444580078125,23.23111152648925,23.253332138061523,967725
2018-03-12,22.43303298950196,23.475555419921875,23.55555534362793,23.351110458374023,23.55555534362793,844875
2018-03-13,22.18245506286621,23.21333312988281,23.55555534362793,23.168888092041016,23.479999542236328,819000
2018-03-14,21.96160697937012,22.982221603393555,23.26666641235352,22.91555595397949,23.248889923095703,1047150
2018-03-15,21.80022430419922,22.81333351135254,23.05777740478516,22.737777709960938,22.942222595214844,786150
2018-03-16,21.855432510375977,22.87111091613769,22.942222595214844,22.67111015319824,22.84000015258789,2377350
2018-03-19,21.859682083129883,22.87555694580078,23.08888816833496,22.773332595825195,22.8799991607666,1117575
2018-03-20,22.0720329284668,23.0977783203125,23.13777732849121,22.86222267150879,22.86222267150879,562275
2018-03-21,21.999834060668945,23.0222225189209,23.23555564880371,22.942222595214844,23.09333229064941,825975
2018-03-22,21.541147232055664,22.542221069335938,23.02666664123535,22.53333282470703,22.897777557373047,1056150
2018-03-23,21.252349853515625,22.239999771118164,22.55111122131348,22.23111152648925,22.426666259765625,931950
2018-03-26,21.923383712768555,22.942222595214844,22.991111755371094,22.462221145629883,22.52888870239257,1180800
2018-03-27,21.413738250732425,22.40888977050781,23.07999992370605,22.30666732788086,23.0,1156275
2018-03-28,21.43497085571289,22.43111038208008,22.60888862609864,22.244443893432617,22.40888977050781,754650
2018-03-29,21.672807693481445,22.68000030517578,22.86666679382324,22.40888977050781,22.56888961791992,1254150
2018-04-02,21.23960876464844,22.226667404174805,22.817777633666992,22.040000915527344,22.67111015319824,976725
2018-04-03,21.587871551513672,22.591110229492188,22.688888549804688,22.351110458374023,22.36000061035156,1373850
2018-04-04,21.838441848754883,22.85333251953125,22.91111183166504,22.34222221374512,22.34666633605957,2318850
2018-04-05,21.78323554992676,22.795555114746094,23.0,22.755556106567383,22.98666763305664,860400
2018-04-06,21.337289810180664,22.32888984680176,22.773332595825195,22.128889083862305,22.666667938232425,1258425
2018-04-09,21.528409957885746,22.52888870239257,22.755556106567383,22.42222213745117,22.457778930664062,1839375
2018-04-10,21.795974731445312,22.80888938903809,22.95111083984375,22.648889541625977,22.79111099243164,2380275
2018-04-11,21.69828987121582,22.706666946411133,22.82666778564453,22.57333374023437,22.69333267211914,835425
2018-04-12,21.795974731445312,22.80888938903809,22.906667709350582,22.72888946533203,22.755556106567383,668475
2018-04-13,21.7874813079834,22.799999237060547,22.92888832092285,22.684444427490234,22.9244441986084,656775
2018-04-16,22.356586456298828,23.39555549621582,23.39555549621582,22.9022216796875,23.004444122314453,2300400
2018-04-17,22.91295623779297,23.9777774810791,24.11111068725586,23.435556411743164,23.55555534362793,3778875
2018-04-18,22.785545349121094,23.844444274902344,24.06666755676269,23.591110229492188,23.995555877685547,1177425
2018-04-19,22.4415283203125,23.48444366455078,23.82666778564453,23.471111297607425,23.799999237060547,1327725
2018-04-20,22.152729034423828,23.182222366333008,23.448888778686523,23.10222244262696,23.39999961853028,1685925
2018-04-23,21.974349975585938,22.995555877685547,23.31555557250977,22.95111083984375,23.182222366333008,1654650
2018-04-24,21.52416038513184,22.524444580078125,23.19111061096192,22.391111373901367,23.11111068725586,1933650
2018-04-25,20.959300994873047,21.933332443237305,22.50666618347168,21.657777786254883,22.36888885498047,2338875
2018-04-26,20.87010955810547,21.84000015258789,22.06666755676269,21.733333587646484,21.831111907958984,1434150
2018-04-27,20.83613967895508,21.804443359375,21.92888832092285,21.706666946411133,21.83555603027344,815850
2018-04-30,20.60679244995117,21.56444358825684,22.01333236694336,21.559999465942383,21.844444274902344,1310850
2018-05-01,20.73845291137696,21.70222282409668,21.737777709960938,21.404443740844727,21.524444580078125,922050
2018-05-02,20.60679244995117,21.56444358825684,21.72888946533203,21.488889694213867,21.71999931335449,1269675
2018-05-03,20.63227653503418,21.591110229492188,21.768888473510746,21.38666725158692,21.55111122131348,1236375
2018-05-04,21.03999710083008,22.017778396606445,22.07999992370605,21.435556411743164,21.53777885437012,846450
2018-05-07,21.26509094238281,22.253332138061523,22.32888984680176,21.946666717529297,22.04888916015625,1116675
2018-05-08,21.1971378326416,22.182222366333008,22.28444480895996,22.08888816833496,22.195556640625,1028700
2018-05-09,21.141765594482425,22.06222152709961,22.27111053466797,21.920000076293945,22.151111602783203,1152900
2018-05-10,21.17583656311035,22.0977783203125,22.217777252197266,22.05777740478516,22.0977783203125,887400
2018-05-11,21.529335021972656,22.46666717529297,22.577777862548828,22.07111167907715,22.07111167907715,2096775
2018-05-14,21.41860008239746,22.351110458374023,22.524444580078125,22.311111450195312,22.475555419921875,975825
2018-05-15,21.35471534729004,22.28444480895996,22.324443817138672,22.09333229064941,22.21333312988281,750150
2018-05-16,21.320646286010746,22.248889923095703,22.42222213745117,22.217777252197266,22.31555557250977,690750
2018-05-17,21.29509162902832,22.22222137451172,22.35555648803711,22.155555725097656,22.30666732788086,924750
2018-05-18,21.341938018798828,22.27111053466797,22.42222213745117,22.244443893432617,22.25777816772461,1372500
2018-05-21,21.644330978393555,22.58666610717773,22.60444450378418,22.413333892822266,22.42222213745117,703800
2018-05-22,21.32489967346192,22.253332138061523,22.64444351196289,22.226667404174805,22.64444351196289,783225
2018-05-23,21.33767890930176,22.26666641235352,22.27555656433105,22.06222152709961,22.19111061096192,931500
2018-05-24,21.43138313293457,22.364444732666016,22.404443740844727,22.20888900756836,22.27111053466797,649800
2018-05-25,21.346200942993164,22.27555656433105,22.44444465637207,22.253332138061523,22.351110458374023,572625
2018-05-29,21.439897537231445,22.37333297729492,22.58666610717773,22.06666755676269,22.13777732849121,1128825
2018-05-30,21.759326934814453,22.706666946411133,22.88444328308105,22.48444366455078,22.48444366455078,1904400
2018-05-31,21.197134017944336,22.1200008392334,22.737777709960938,22.1200008392334,22.675556182861328,1314000
2018-06-01,21.299352645874023,22.226667404174805,22.36888885498047,22.044443130493164,22.25777816772461,1204200
2018-06-04,21.88709831237793,22.84000015258789,23.008888244628903,22.58222198486328,22.58222198486328,1948950
2018-06-05,22.078754425048828,23.040000915527344,23.106666564941406,22.817777633666992,22.86666679382324,849600
2018-06-06,22.381141662597656,23.35555648803711,23.364444732666016,23.053333282470703,23.084444046020508,1059975
2018-06-07,22.48761749267578,23.46666717529297,23.591110229492188,23.37777709960937,23.404443740844727,1200600
2018-06-08,22.49187469482422,23.471111297607425,23.648889541625977,23.324443817138672,23.524444580078125,978300
2018-06-11,22.249113082885746,23.217777252197266,23.591110229492188,23.155555725097656,23.46666717529297,1032750
2018-06-12,22.48335647583008,23.462221145629883,23.462221145629883,23.244443893432617,23.253332138061523,957150
2018-06-13,22.0830078125,23.044443130493164,23.622222900390625,23.040000915527344,23.51555633544922,1083375
2018-06-14,22.26188850402832,23.23111152648925,23.253332138061523,22.959999084472656,23.115556716918945,955800
2018-06-15,22.41095542907715,23.38666725158692,23.440000534057617,23.004444122314453,23.22222137451172,1670625
2018-06-18,22.54298591613769,23.524444580078125,23.591110229492188,23.040000915527344,23.239999771118164,1505925
2018-06-19,22.45354652404785,23.43111038208008,23.475555419921875,23.155555725097656,23.364444732666016,1023300
2018-06-20,22.33429336547852,23.30666732788086,23.542221069335938,23.28444480895996,23.43111038208008,570825
2018-06-21,22.33003234863281,23.302221298217773,23.39999961853028,23.142221450805664,23.311111450195312,480600
2018-06-22,22.321510314941406,23.293333053588867,23.46666717529297,23.13333320617676,23.37333297729492,1194075
2018-06-25,22.206518173217773,23.17333221435547,23.280000686645508,22.96444320678711,23.27111053466797,846000
2018-06-26,22.168195724487305,23.13333320617676,23.43111038208008,23.12444305419922,23.217777252197266,720675
2018-06-27,22.061717987060547,23.0222225189209,23.27555656433105,23.0,23.23111152648925,827550
2018-06-28,22.347070693969727,23.31999969482422,23.40888977050781,22.959999084472656,23.04888916015625,1500300
2018-06-29,22.393918991088867,23.36888885498047,23.52888870239257,23.34666633605957,23.471111297607425,1212075
2018-07-02,22.6239070892334,23.60888862609864,23.635555267333984,23.151111602783203,23.351110458374023,1060425
2018-07-03,22.50039291381836,23.479999542236328,23.67111015319824,23.391111373901367,23.65333366394043,497250
2018-07-05,22.63242530822754,23.61777877807617,23.648889541625977,23.31555557250977,23.59555625915528,1766475
2018-07-06,22.973142623901367,23.97333335876465,24.12444305419922,23.61777877807617,23.622222900390625,769500
2018-07-09,23.41608238220215,24.435556411743164,24.502222061157227,24.04888916015625,24.04888916015625,1265175
2018-07-10,23.424598693847656,24.44444465637207,24.471111297607425,24.28888893127441,24.471111297607425,1116675
2018-07-11,23.462928771972656,24.48444366455078,24.657777786254883,24.27111053466797,24.32888984680176,1054575
2018-07-12,23.782358169555664,24.817777633666992,24.87111091613769,24.502222061157227,24.622222900390625,940725
2018-07-13,23.52681350708008,24.55111122131348,24.93777847290039,24.542221069335938,24.817777633666992,960975
2018-07-16,23.437379837036133,24.457778930664062,24.635555267333984,24.39555549621582,24.524444580078125,919800
2018-07-17,23.394790649414062,24.413333892822266,24.502222061157227,24.25777816772461,24.426666259765625,822375
2018-07-18,23.63755226135254,24.666667938232425,24.68000030517578,24.311111450195312,24.39999961853028,822825
2018-07-19,23.63755226135254,24.666667938232425,24.799999237060547,24.577777862548828,24.600000381469727,931275
2018-07-20,23.79513931274414,24.831111907958984,24.8933334350586,24.55111122131348,24.61777877807617,763425
2018-07-23,23.871797561645508,24.91111183166504,25.10222244262696,24.786666870117188,24.799999237060547,1022850
2018-07-24,23.59922409057617,24.62666702270508,24.959999084472656,24.448888778686523,24.91111183166504,1164150
2018-07-25,23.782358169555664,24.817777633666992,24.897777557373047,24.168888092041016,24.46666717529297,1360575
2018-07-26,23.88883399963379,24.92888832092285,24.97333335876465,24.648889541625977,24.80888938903809,1343025
2018-07-27,23.769580841064453,24.804443359375,25.09333229064941,24.62666702270508,24.98666763305664,919350
2018-07-30,23.211647033691406,24.22222137451172,24.817777633666992,24.17333221435547,24.77777862548828,1013400
2018-07-31,23.39905166625977,24.41777801513672,24.61777877807617,24.23111152648925,24.311111450195312,1006425
2018-08-01,23.86754035949707,24.906667709350582,24.933332443237305,24.426666259765625,24.426666259765625,830925
2018-08-02,24.10178565979004,25.151111602783203,25.426666259765625,24.85333251953125,24.85333251953125,960300
2018-08-03,24.008087158203125,25.053333282470703,25.20888900756836,24.81333351135254,25.13777732849121,866025
2018-08-06,24.22529602050781,25.280000686645508,25.43111038208008,24.88444328308105,25.084444046020508,1106100
2018-08-07,24.003829956054688,25.04888916015625,25.426666259765625,25.008888244628903,25.33333206176757,698625
2018-08-08,23.95697975158692,25.0,25.10222244262696,24.91111183166504,25.04888916015625,572175
2018-08-09,23.91000747680664,24.88888931274414,25.11111068725586,24.87111091613769,24.982221603393555,601650
2018-08-10,24.00821113586425,24.991111755371094,25.19111061096192,24.751110076904297,24.82666778564453,397575
2018-08-13,23.97832298278809,24.959999084472656,25.391111373901367,24.88888931274414,25.03555679321289,515925
2018-08-14,24.23023223876953,25.22222137451172,25.311111450195312,24.97333335876465,25.053333282470703,456075
2018-08-15,24.200342178344727,25.19111061096192,25.23555564880371,24.959999084472656,25.09333229064941,567675
2018-08-16,24.409564971923828,25.40888977050781,25.488889694213867,25.16444396972656,25.33333206176757,577125
2018-08-17,24.41809463500977,25.41777801513672,25.55555534362793,25.311111450195312,25.413333892822266,847575
2018-08-20,24.53764533996582,25.542221069335938,25.61777877807617,25.42222213745117,25.497777938842773,685125
2018-08-21,24.63584899902344,25.64444351196289,25.768888473510746,25.502222061157227,25.55111122131348,1003050
2018-08-22,24.69562339782715,25.706666946411133,25.831111907958984,25.546667098999023,25.59555625915528,747000
2018-08-23,24.81944465637207,25.83555603027344,25.8488883972168,25.56888961791992,25.684444427490234,865575
2018-08-24,25.00731086730957,26.031110763549805,26.106666564941406,25.85333251953125,25.8799991607666,714825
2018-08-27,25.40438270568848,26.44444465637207,26.453332901000977,26.11111068725586,26.115556716918945,1151325
2018-08-28,25.43427276611328,26.475555419921875,26.657777786254883,26.33333206176757,26.57333374023437,964800
2018-08-29,25.511127471923828,26.55555534362793,26.648889541625977,26.42222213745117,26.488889694213867,713475
2018-08-30,25.630678176879883,26.68000030517578,26.768888473510746,26.497777938842773,26.577777862548828,887400
2018-08-31,25.65202522277832,26.70222282409668,26.76444435119629,26.559999465942383,26.62666702270508,982575
2018-09-04,25.83134651184082,26.88888931274414,26.897777557373047,26.600000381469727,26.675556182861328,734850
2018-09-05,25.797195434570312,26.85333251953125,26.93777847290039,26.61777877807617,26.822221755981445,1028700
2018-09-06,26.1003360748291,27.168888092041016,27.253332138061523,26.844444274902344,26.844444274902344,728775
2018-09-07,26.271120071411133,27.34666633605957,27.48444366455078,27.12444305419922,27.142221450805664,908550
2018-09-10,26.54865074157715,27.635555267333984,27.684444427490234,27.40888977050781,27.46666717529297,1024200
2018-09-11,26.74505615234375,27.84000015258789,27.97333335876465,27.57333374023437,27.684444427490234,1756575
2018-09-12,27.103702545166016,28.21333312988281,28.35555648803711,27.844444274902344,27.8799991607666,1581975
2018-09-13,27.206174850463867,28.31999969482422,28.435556411743164,28.14666748046875,28.35555648803711,1177200
2018-09-14,27.078086853027344,28.18666648864746,28.382221221923828,28.07999992370605,28.324443817138672,1996200
2018-09-17,27.009775161743164,28.115556716918945,28.26666641235352,27.93777847290039,28.200000762939453,1493550
2018-09-18,27.39404296875,28.51555633544922,28.61777877807617,28.13333320617676,28.13333320617676,1549350
2018-09-19,26.66392517089844,27.755556106567383,28.44444465637207,27.67111015319824,28.44444465637207,2978550
2018-09-20,26.792016983032227,27.88888931274414,27.93777847290039,27.71555519104004,27.9022216796875,1906425
2018-09-21,26.68954849243164,27.78222274780273,28.12444305419922,27.755556106567383,27.98666763305664,5266800
2018-09-24,26.356517791748047,27.435556411743164,27.78222274780273,27.39999961853028,27.78222274780273,2317500
2018-09-25,26.676738739013672,27.768888473510746,27.786666870117188,27.337778091430664,27.53333282470703,2414250
2018-09-26,25.754499435424805,26.80888938903809,27.57333374023437,26.74666786193848,27.56444358825684,4913550
2018-09-27,25.301916122436523,26.337778091430664,26.88444328308105,26.28444480895996,26.8799991607666,4365675
2018-09-28,25.912471771240234,26.97333335876465,27.01333236694336,26.053333282470703,26.253332138061523,57655350
2018-10-01,25.19944190979004,26.23111152648925,27.11111068725586,26.128889083862305,27.06666755676269,3356325
2018-10-02,25.383039474487305,26.42222213745117,26.688888549804688,26.293333053588867,26.35555648803711,3246750
2018-10-03,25.10978126525879,26.13777732849121,26.59555625915528,26.12444305419922,26.46666717529297,2610450
2018-10-04,25.212251663208008,26.244443893432617,26.31999969482422,25.8933334350586,25.942222595214844,1978200
2018-10-05,25.310449600219727,26.34666633605957,26.58222198486328,26.226667404174805,26.33333206176757,2191950
2018-10-08,25.16101455688477,26.19111061096192,26.38666725158692,25.9022216796875,26.28444480895996,1886625
2018-10-09,25.237869262695312,26.27111053466797,26.546667098999023,26.17333221435547,26.19111061096192,1820700
2018-10-10,24.17899513244629,25.168888092041016,26.20888900756836,25.14666748046875,26.204444885253903,2397375
2018-10-11,23.71787452697754,24.688888549804688,25.20888900756836,24.64444351196289,25.0755558013916,2168550
2018-10-12,23.974056243896484,24.95555686950684,25.08888816833496,24.61333274841309,25.01333236694336,2487825
2018-10-15,24.04663848876953,25.031110763549805,25.20888900756836,24.724443435668945,24.92888832092285,1493325
2018-10-16,24.571802139282227,25.577777862548828,25.59555625915528,25.04888916015625,25.195556640625,2115450
2018-10-17,24.49494743347168,25.497777938842773,25.755556106567383,25.29777717590332,25.63111114501953,1644300
2018-10-18,24.11922264099121,25.106666564941406,25.63111114501953,25.044443130493164,25.462221145629883,1731825
2018-10-19,24.290008544921875,25.28444480895996,25.53777885437012,25.15999984741211,25.23111152648925,1766250
2018-10-22,24.33696937561035,25.33333206176757,25.57333374023437,25.248889923095703,25.37333297729492,1270800
2018-10-23,24.09360313415528,25.07999992370605,25.28444480895996,24.657777786254883,24.95555686950684,2553750
2018-10-24,24.460792541503903,25.462221145629883,26.07999992370605,25.07111167907715,25.559999465942383,3330900
2018-10-25,24.22595977783203,25.217777252197266,25.53333282470703,24.82666778564453,25.53333282470703,2536425
2018-10-26,24.328432083129883,25.324443817138672,25.48444366455078,24.737777709960938,24.9022216796875,3328200
2018-10-29,24.51203346252441,25.51555633544922,26.04888916015625,25.204444885253903,25.64444351196289,2474775
2018-10-30,24.87921714782715,25.897777557373047,25.92888832092285,25.453332901000977,25.56888961791992,3223800
2018-10-31,25.27629470825196,26.311111450195312,26.62666702270508,26.031110763549805,26.11111068725586,2624625
2018-11-01,25.084163665771484,26.11111068725586,26.391111373901367,26.05777740478516,26.27555656433105,3649725
2018-11-02,25.340341567993164,26.37777709960937,26.524444580078125,26.044443130493164,26.25777816772461,2785725
2018-11-05,25.37449836730957,26.413333892822266,26.49333381652832,26.15999984741211,26.35555648803711,2049300
2018-11-06,25.327531814575195,26.364444732666016,26.488889694213867,26.280000686645508,26.46666717529297,2055375
2018-11-07,26.271120071411133,27.34666633605957,27.39555549621582,26.42222213745117,26.55555534362793,2015550
2018-11-08,26.5610580444336,27.56444358825684,27.56444358825684,27.18666648864746,27.248889923095703,1954575
2018-11-09,26.282686233520508,27.27555656433105,27.591110229492188,27.0222225189209,27.435556411743164,1897875
2018-11-12,25.85441970825196,26.831111907958984,27.36888885498047,26.79111099243164,27.248889923095703,1465425
2018-11-13,25.67454719543457,26.64444351196289,26.959999084472656,26.50666618347168,26.920000076293945,1488375
2018-11-14,25.695959091186523,26.666667938232425,26.9244441986084,26.520000457763672,26.773332595825195,1367100
2018-11-15,26.07711601257324,27.06222152709961,27.128889083862305,26.351110458374023,26.520000457763672,1694925
2018-11-16,26.47968864440918,27.479999542236328,27.56444358825684,26.8799991607666,26.942222595214844,6931800
2018-11-19,26.282686233520508,27.27555656433105,27.55111122131348,27.05777740478516,27.48444366455078,4092525
2018-11-20,25.99574279785156,26.9777774810791,27.31555557250977,26.93777847290039,27.0755558013916,1634625
2018-11-21,25.82872009277344,26.804443359375,27.177778244018555,26.76444435119629,27.07111167907715,1660500
2018-11-23,25.695959091186523,26.666667938232425,26.906667709350582,26.57333374023437,26.65333366394043,704475
2018-11-26,26.171337127685547,27.15999984741211,27.16444396972656,26.786666870117188,26.88888931274414,1500750
2018-11-27,26.45827293395996,27.457778930664062,27.46666717529297,27.03555679321289,27.12444305419922,1488375
2018-11-28,27.18632698059082,28.21333312988281,28.248889923095703,27.497777938842773,27.497777938842773,1885950
2018-11-29,27.30195617675781,28.33333206176757,28.440000534057617,27.982221603393555,28.14666748046875,1338525
2018-11-30,27.22058868408203,28.248889923095703,28.53777885437012,28.226667404174805,28.382221221923828,2279475
2018-12-03,27.31908798217773,28.351110458374023,28.53333282470703,27.71999931335449,28.49333381652832,2615400
2018-12-04,26.77090644836425,27.78222274780273,28.63111114501953,27.74666786193848,28.37333297729492,3013650
2018-12-06,25.246280670166016,26.200000762939453,27.262222290039062,25.56888961791992,26.755556106567383,4462200
2018-12-07,24.51822853088379,25.44444465637207,26.40888977050781,25.324443817138672,26.151111602783203,2061450
2018-12-10,24.569618225097656,25.497777938842773,25.57333374023437,24.96444320678711,25.44444465637207,1716750
2018-12-11,24.558914184570312,25.48666763305664,25.979999542236328,25.239999771118164,25.979999542236328,1495050
2018-12-12,24.591035842895508,25.520000457763672,26.02666664123535,25.51333236694336,25.62666702270508,1711650
2018-12-13,24.13493156433105,25.046667098999023,25.520000457763672,24.36666679382324,25.46666717529297,2478300
2018-12-14,23.51180458068848,24.39999961853028,25.13999938964844,24.253332138061523,24.666667938232425,2489100
2018-12-17,23.030004501342773,23.89999961853028,24.446666717529297,23.780000686645508,24.3799991607666,1623900
2018-12-18,22.94006729125977,23.80666732788086,24.26000022888184,23.6200008392334,24.07333374023437,1952850
2018-12-19,22.67668533325196,23.53333282470703,24.440000534057617,23.413333892822266,23.81999969482422,1654200
2018-12-20,22.554630279541016,23.406667709350582,23.64666748046875,23.17333221435547,23.453332901000977,2852550
2018-12-21,22.23343276977539,23.07333374023437,23.906667709350582,22.8933334350586,23.433332443237305,3757350
2018-12-24,21.706666946411133,22.52666664123535,23.100000381469727,22.50666618347168,23.0,896400
2018-12-26,22.60602188110352,23.459999084472656,23.479999542236328,22.5,22.62666702270508,1688550
2018-12-27,23.02358055114746,23.8933334350586,23.8933334350586,23.01333236694336,23.200000762939453,1478850
2018-12-28,22.91437339782715,23.780000686645508,24.07333374023437,23.53333282470703,23.926666259765625,1975200
2018-12-31,23.19060707092285,24.06666755676269,24.166667938232425,23.773332595825195,23.946666717529297,1632750
2019-01-02,22.97861289978028,23.84666633605957,23.8933334350586,23.280000686645508,23.83333206176757,1723500
2019-01-03,22.70880508422852,23.56666755676269,23.86000061035156,23.239999771118164,23.773332595825195,1710000
2019-01-04,23.44756317138672,24.33333206176757,24.413333892822266,23.68000030517578,23.85333251953125,978750
2019-01-07,23.51180458068848,24.39999961853028,24.67333221435547,24.26666641235352,24.273332595825195,1264800
2019-01-08,23.93578720092773,24.84000015258789,24.8933334350586,24.21999931335449,24.64666748046875,1791300
2019-01-09,24.41758728027344,25.34000015258789,25.440000534057617,24.80666732788086,25.020000457763672,1568700
2019-01-10,24.835145950317383,25.773332595825195,25.793333053588867,25.200000762939453,25.34000015258789,1229250
2019-01-11,24.6038818359375,25.53333282470703,25.82666778564453,25.446666717529297,25.666667938232425,1137300
2019-01-14,24.64885139465332,25.57999992370605,25.62666702270508,25.100000381469727,25.33333206176757,2303100
2019-01-15,24.79017639160156,25.726667404174805,25.84000015258789,25.46666717529297,25.69333267211914,993450
2019-01-16,24.50752258300781,25.433332443237305,25.799999237060547,25.26000022888184,25.700000762939453,2180250
2019-01-17,24.34692573547364,25.26666641235352,25.6200008392334,25.11333274841309,25.34666633605957,1421400
2019-01-18,24.847990036010746,25.786666870117188,25.87333297729492,25.32666778564453,25.33333206176757,1588650
2019-01-22,24.66812324523925,25.600000381469727,26.06666755676269,25.33333206176757,25.84000015258789,3242100
2019-01-23,23.89724540710449,24.799999237060547,24.799999237060547,23.38666725158692,24.19333267211914,8977650
2019-01-24,24.269834518432617,25.18666648864746,25.200000762939453,24.26666641235352,24.706666946411133,3728700
2019-01-25,24.494674682617188,25.420000076293945,25.793333053588867,25.17333221435547,25.34666633605957,3040050
2019-01-28,24.00002670288086,24.906667709350582,25.34666633605957,24.753332138061523,25.21999931335449,1609800
2019-01-29,23.72379493713379,24.6200008392334,25.053333282470703,24.57999992370605,25.02666664123535,1664850
2019-01-30,23.79445457458496,24.69333267211914,24.81999969482422,24.31333351135254,24.63333320617676,2720550
2019-01-31,23.92293930053711,24.82666778564453,25.00666618347168,24.61333274841309,24.69333267211914,2190450
2019-02-01,24.03856658935547,24.946666717529297,25.17333221435547,24.74666786193848,24.933332443237305,3370050
2019-02-04,23.710947036743164,24.606666564941406,24.953332901000977,24.52666664123535,24.913333892822266,2520150
2019-02-05,24.186323165893555,25.100000381469727,25.1200008392334,24.56666755676269,24.67333221435547,1879050
2019-02-06,24.02572250366211,24.933332443237305,25.100000381469727,24.780000686645508,25.06666755676269,1216500
2019-02-07,24.160625457763672,25.07333374023437,25.100000381469727,24.71333312988281,24.753332138061523,1374600
2019-02-08,24.38931465148925,25.239999771118164,25.239999771118164,24.87333297729492,24.920000076293945,1635750
2019-02-11,24.659881591796875,25.520000457763672,25.546667098999023,25.273332595825195,25.30666732788086,2483850
2019-02-12,25.110816955566406,25.98666763305664,26.01333236694336,25.63333320617676,25.64666748046875,2136600
2019-02-13,25.36205673217773,26.24666786193848,26.273332595825195,25.98666763305664,26.03333282470703,2827350
2019-02-14,25.56175804138184,26.453332901000977,26.520000457763672,26.046667098999023,26.046667098999023,2487450
2019-02-15,25.83876037597656,26.739999771118164,26.913333892822266,26.62666702270508,26.69333267211914,6211950
2019-02-19,25.581085205078125,26.47333335876465,26.76666641235352,26.280000686645508,26.753332138061523,2137500
2019-02-20,25.34916877746582,26.233333587646484,26.520000457763672,26.08666610717773,26.47333335876465,1590150
2019-02-21,25.52310371398925,26.413333892822266,26.479999542236328,26.03333282470703,26.21999931335449,1184250
2019-02-22,25.400707244873047,26.286666870117188,26.5,26.26666641235352,26.426666259765625,2161050
2019-02-25,25.23321533203125,26.11333274841309,26.46666717529297,26.106666564941406,26.24666786193848,1907850
2019-02-26,25.226770401000977,26.106666564941406,26.446666717529297,26.08666610717773,26.12666702270508,1287450
2019-02-27,25.310522079467773,26.19333267211914,26.26000022888184,25.920000076293945,26.00666618347168,823950
2019-02-28,25.548873901367188,26.440000534057617,26.479999542236328,26.07999992370605,26.18666648864746,1637400
2019-03-01,25.626176834106445,26.520000457763672,26.64666748046875,26.31333351135254,26.63333320617676,1616250
2019-03-04,25.961156845092773,26.86666679382324,26.926666259765625,26.48666763305664,26.69333267211914,2316000
2019-03-05,25.935392379760746,26.84000015258789,27.053333282470703,26.82666778564453,26.83333206176757,1370550
2019-03-06,25.90318298339844,26.80666732788086,26.96666717529297,26.68666648864746,26.799999237060547,1295100
2019-03-07,25.748573303222656,26.64666748046875,26.799999237060547,26.57333374023437,26.733333587646484,1786650
2019-03-08,25.83876037597656,26.739999771118164,26.74666786193848,26.446666717529297,26.51333236694336,1206450
2019-03-11,26.21883583068848,27.13333320617676,27.166667938232425,26.753332138061523,26.76666641235352,2977500
2019-03-12,26.20595359802246,27.1200008392334,27.26000022888184,27.040000915527344,27.200000762939453,1501200
2019-03-13,26.444307327270508,27.36666679382324,27.39999961853028,27.14666748046875,27.26000022888184,1383150
2019-03-14,26.424978256225582,27.34666633605957,27.46666717529297,27.15999984741211,27.34666633605957,1646400
2019-03-15,26.06422996520996,26.97333335876465,27.31333351135254,26.906667709350582,27.09333229064941,3081750
2019-03-18,26.40565490722656,27.32666778564453,27.34666633605957,26.99333381652832,26.99333381652832,1152450
2019-03-19,26.30258178710937,27.21999931335449,27.406667709350582,27.12666702270508,27.36666679382324,1216200
2019-03-20,26.12220764160156,27.03333282470703,27.18000030517578,26.85333251953125,27.14666748046875,1491000
2019-03-21,26.47007751464844,27.3933334350586,27.433332443237305,26.940000534057617,26.98666763305664,744000
2019-03-22,26.0126953125,26.920000076293945,27.34000015258789,26.913333892822266,27.293333053588867,997800
2019-03-25,26.13508987426757,27.046667098999023,27.21999931335449,26.81999969482422,26.89999961853028,1406700
2019-03-26,26.40565490722656,27.32666778564453,27.38666725158692,27.040000915527344,27.11333274841309,1019700
2019-03-27,26.54737663269043,27.47333335876465,27.553333282470703,27.26666641235352,27.33333206176757,1274700
2019-03-28,26.85659408569336,27.793333053588867,27.83333206176757,27.406667709350582,27.546667098999023,865500
2019-03-29,26.81150245666504,27.74666786193848,27.906667709350582,27.666667938232425,27.82666778564453,1867200
2019-04-01,27.03052520751953,27.97333335876465,28.00666618347168,27.74666786193848,27.8933334350586,1006650
2019-04-02,26.97254753112793,27.913333892822266,28.01333236694336,27.780000686645508,28.0,1131300
2019-04-03,27.15936851501465,28.106666564941406,28.26000022888184,27.96666717529297,28.020000457763672,736650
2019-04-04,26.863035202026367,27.799999237060547,28.13333320617676,27.63333320617676,28.1200008392334,908400
2019-04-05,26.888803482055664,27.82666778564453,27.940000534057617,27.700000762939453,27.85333251953125,1066200
2019-04-08,26.933897018432617,27.87333297729492,27.88666725158692,27.59333229064941,27.793333053588867,893850
2019-04-09,26.843713760375977,27.780000686645508,27.8933334350586,27.726667404174805,27.786666870117188,490200
2019-04-10,26.953224182128903,27.8933334350586,27.959999084472656,27.76666641235352,27.799999237060547,598650
2019-04-11,27.32041358947754,28.273332595825195,28.3933334350586,27.940000534057617,28.01333236694336,1404450
2019-04-12,27.6554012298584,28.6200008392334,28.64666748046875,28.286666870117188,28.33333206176757,1690800
2019-04-15,27.739147186279297,28.706666946411133,28.89999961853028,28.666667938232425,28.700000762939453,1094550
2019-04-16,27.7971248626709,28.76666641235352,28.85333251953125,28.67333221435547,28.80666732788086,809700
2019-04-17,27.66827964782715,28.63333320617676,28.8799991607666,28.540000915527344,28.80666732788086,832650
2019-04-18,27.89375114440918,28.86666679382324,28.933332443237305,28.600000381469727,28.600000381469727,1042950
2019-04-22,27.99038314819336,28.96666717529297,29.020000457763672,28.68666648864746,28.86666679382324,819450
2019-04-23,28.183643341064453,29.166667938232425,29.273332595825195,28.959999084472656,29.020000457763672,2023650
2019-04-24,25.34916877746582,26.233333587646484,27.933332443237305,26.07999992370605,27.89999961853028,7598850
2019-04-25,25.194562911987305,26.07333374023437,26.3799991607666,25.84666633605957,26.239999771118164,4557000
2019-04-26,25.18812561035156,26.06666755676269,26.233333587646484,25.89999961853028,26.226667404174805,2022900
2019-04-29,25.05928421020508,25.933332443237305,26.1200008392334,25.799999237060547,26.07333374023437,1738800
2019-04-30,24.911121368408203,25.780000686645508,26.0,25.65333366394043,25.979999542236328,2223750
2019-05-01,23.92549514770508,24.76000022888184,25.786666870117188,24.68666648864746,25.786666870117188,3028500
2019-05-02,24.170289993286133,25.01333236694336,25.166667938232425,24.59333229064941,24.773332595825195,5215200
2019-05-03,24.38931465148925,25.239999771118164,25.48666763305664,24.85333251953125,25.08666610717773,2401800
2019-05-06,24.20250129699707,25.046667098999023,25.1200008392334,24.81999969482422,24.920000076293945,1341600
2019-05-07,23.67426109313965,24.5,24.933332443237305,24.35333251953125,24.83333206176757,2516100
2019-05-08,23.661375045776367,24.48666763305664,24.65333366394043,24.3933334350586,24.453332901000977,2148000
2019-05-09,23.56769752502441,24.31999969482422,24.420000076293945,23.786666870117188,24.24666786193848,1963050
2019-05-10,23.541852951049805,24.293333053588867,24.36000061035156,23.85333251953125,24.233333587646484,1952100
2019-05-13,23.063779830932617,23.799999237060547,24.00666618347168,23.63999938964844,23.926666259765625,1581300
2019-05-14,23.34158134460449,24.08666610717773,24.239999771118164,23.89999961853028,23.89999961853028,1558500
2019-05-15,23.464332580566406,24.21333312988281,24.273332595825195,23.80666732788086,23.86000061035156,1082100
2019-05-16,23.83903694152832,24.600000381469727,24.61333274841309,24.253332138061523,24.280000686645508,1588950
2019-05-17,23.82611846923828,24.58666610717773,24.86000061035156,24.36666679382324,24.38666725158692,2189550
2019-05-20,23.91655921936035,24.68000030517578,24.706666946411133,24.49333381652832,24.49333381652832,1313700
2019-05-21,24.25250625610352,25.02666664123535,25.07333374023437,24.799999237060547,24.84000015258789,1135500
2019-05-22,24.22665977478028,25.0,25.273332595825195,24.926666259765625,25.00666618347168,1216500
2019-05-23,23.813196182250977,24.57333374023437,24.84666633605957,24.33333206176757,24.84666633605957,1586850
2019-05-24,23.92302131652832,24.68666648864746,24.85333251953125,24.553333282470703,24.74666786193848,833250
2019-05-28,23.632301330566406,24.38666725158692,24.86000061035156,24.31333351135254,24.76666641235352,2781450
2019-05-29,23.851953506469727,24.61333274841309,24.65333366394043,24.15999984741211,24.26000022888184,1608750
2019-05-30,24.375253677368164,25.15333366394043,25.18666648864746,24.64666748046875,24.666667938232425,1445100
2019-05-31,24.27188491821289,25.046667098999023,25.273332595825195,24.85333251953125,24.88666725158692,2027400
2019-06-03,24.1103744506836,24.8799991607666,25.293333053588867,24.753332138061523,25.01333236694336,2542500
2019-06-04,24.530303955078125,25.31333351135254,25.34000015258789,24.89999961853028,24.953332901000977,1231200
2019-06-05,24.543228149414062,25.32666778564453,25.47333335876465,25.06666755676269,25.440000534057617,1285350
2019-06-06,24.530303955078125,25.31333351135254,25.426666259765625,25.06666755676269,25.31999969482422,1112550
2019-06-07,24.866247177124023,25.65999984741211,25.87333297729492,25.32666778564453,25.47333335876465,1411050
2019-06-10,24.69181632995605,25.479999542236328,25.913333892822266,25.446666717529297,25.773332595825195,1144200
2019-06-11,24.25250625610352,25.02666664123535,25.553333282470703,24.89999961853028,25.52666664123535,1398150
2019-06-12,24.41401672363281,25.19333267211914,25.273332595825195,25.046667098999023,25.046667098999023,1222650
2019-06-13,24.38817405700684,25.166667938232425,25.37333297729492,25.06666755676269,25.26666641235352,822900
2019-06-14,24.323570251464844,25.100000381469727,25.18666648864746,24.920000076293945,25.13333320617676,1033200
2019-06-17,24.213741302490234,24.98666763305664,25.31333351135254,24.97333335876465,25.15333366394043,848400
2019-06-18,24.349414825439453,25.12666702270508,25.286666870117188,25.06666755676269,25.06666755676269,1528350
2019-06-19,24.452777862548828,25.233333587646484,25.286666870117188,25.00666618347168,25.11333274841309,1449750
2019-06-20,24.530303955078125,25.31333351135254,25.50666618347168,25.18666648864746,25.33333206176757,1913550
2019-06-21,24.27834701538086,25.053333282470703,25.24666786193848,25.00666618347168,25.233333587646484,2004600
2019-06-24,23.67752265930176,24.433332443237305,25.12666702270508,24.39999961853028,24.953332901000977,2004900
2019-06-25,23.671062469482425,24.426666259765625,24.57999992370605,24.233333587646484,24.446666717529297,2269950
2019-06-26,22.876428604125977,23.606666564941406,23.62666702270508,22.666667938232425,23.18666648864746,10637850
2019-06-27,23.66460227966309,24.420000076293945,24.57999992370605,23.600000381469727,23.606666564941406,6194550
2019-06-28,23.17361068725586,23.913333892822266,24.406667709350582,23.540000915527344,24.406667709350582,5452950
2019-07-01,23.412643432617188,24.15999984741211,24.3799991607666,24.00666618347168,24.07333374023437,1762500
2019-07-02,23.6969051361084,24.453332901000977,24.706666946411133,24.15333366394043,24.15333366394043,2799600
2019-07-03,23.942401885986328,24.706666946411133,24.82666778564453,24.553333282470703,24.56666755676269,1054350
2019-07-05,24.0263900756836,24.793333053588867,24.81333351135254,24.52666664123535,24.666667938232425,1191000
2019-07-08,23.942401885986328,24.706666946411133,24.799999237060547,24.479999542236328,24.726667404174805,1880550
2019-07-09,23.91655921936035,24.68000030517578,24.700000762939453,24.406667709350582,24.61333274841309,1126350
2019-07-10,24.052228927612305,24.81999969482422,25.0,24.65999984741211,24.65999984741211,1438050
2019-07-11,24.07807350158692,24.84666633605957,24.920000076293945,24.65999984741211,24.85333251953125,781200
2019-07-12,24.20081901550293,24.97333335876465,25.046667098999023,24.61333274841309,24.86666679382324,994050
2019-07-15,24.336488723754883,25.11333274841309,25.239999771118164,24.926666259765625,24.97333335876465,1036350
2019-07-16,24.40109634399414,25.18000030517578,25.39999961853028,25.08666610717773,25.08666610717773,1228350
2019-07-17,24.42047691345215,25.200000762939453,25.49333381652832,25.14666748046875,25.18666648864746,1259850
2019-07-18,24.485082626342773,25.26666641235352,25.39999961853028,25.13333320617676,25.18000030517578,945600
2019-07-19,24.43339729309082,25.21333312988281,25.39999961853028,25.18666648864746,25.3799991607666,1416450
2019-07-22,24.56906509399414,25.35333251953125,25.520000457763672,25.06666755676269,25.206666946411133,1729350
2019-07-23,24.646589279174805,25.433332443237305,25.559999465942383,25.18666648864746,25.49333381652832,2863800
2019-07-24,22.06887435913086,22.773332595825195,25.020000457763672,22.53333282470703,25.020000457763672,13406100
2019-07-25,21.97842788696289,22.68000030517578,23.106666564941406,22.040000915527344,22.459999084472656,3725850
2019-07-26,22.13347816467285,22.84000015258789,22.99333381652832,22.0,22.793333053588867,3811050
2019-07-29,21.887983322143555,22.58666610717773,23.12666702270508,22.479999542236328,22.84000015258789,1771500
2019-07-30,21.971967697143555,22.67333221435547,22.86000061035156,22.406667709350582,22.53333282470703,2447250
2019-07-31,21.661865234375,22.35333251953125,22.80666732788086,22.273332595825195,22.666667938232425,1479450
2019-08-01,21.36468505859375,22.046667098999023,22.71999931335449,22.00666618347168,22.3799991607666,2849550
2019-08-02,21.3259220123291,22.00666618347168,22.09333229064941,21.706666946411133,21.953332901000977,2752950
2019-08-05,20.770322799682617,21.433332443237305,21.82666778564453,21.24666786193848,21.67333221435547,3392100
2019-08-06,21.00290298461914,21.67333221435547,21.979999542236328,21.440000534057617,21.553333282470703,4066800
2019-08-07,21.138574600219727,21.81333351135254,21.89999961853028,21.206666946411133,21.479999542236328,3405750
2019-08-08,21.524208068847656,22.13999938964844,22.17333221435547,21.780000686645508,21.953332901000977,1849950
2019-08-09,21.342729568481445,21.953332901000977,22.253332138061523,21.946666717529297,22.15333366394043,1120650
2019-08-12,21.064037322998047,21.666667938232425,21.926666259765625,21.479999542236328,21.84666633605957,1506150
2019-08-13,21.102922439575195,21.706666946411133,21.913333892822266,21.50666618347168,21.53333282470703,1235850
2019-08-14,20.86959648132324,21.46666717529297,21.69333267211914,21.34666633605957,21.440000534057617,2311050
2019-08-15,21.0964412689209,21.700000762939453,21.739999771118164,21.420000076293945,21.559999465942383,1564650
2019-08-16,21.42050170898437,22.03333282470703,22.36000061035156,21.84000015258789,21.84000015258789,2212350
2019-08-19,21.55012893676757,22.166667938232425,22.31999969482422,21.979999542236328,22.253332138061523,1613700
2019-08-20,21.49180030822754,22.106666564941406,22.19333267211914,21.81333351135254,22.053333282470703,1998150
2019-08-21,21.53716468811035,22.15333366394043,22.31333351135254,22.046667098999023,22.286666870117188,1168050
2019-08-22,21.39457893371582,22.00666618347168,22.26666641235352,21.946666717529297,22.12666702270508,1267200
2019-08-23,20.72052955627441,21.31333351135254,21.920000076293945,21.21999931335449,21.84666633605957,1798050
2019-08-26,20.558502197265625,21.14666748046875,21.52666664123535,21.07999992370605,21.36000061035156,2066700
2019-08-27,20.435359954833984,21.020000457763672,21.71999931335449,20.99333381652832,21.34000015258789,1859850
2019-08-28,20.73349571228028,21.32666778564453,21.34000015258789,20.906667709350582,20.953332901000977,1414200
2019-08-29,21.1547794342041,21.76000022888184,21.799999237060547,21.540000915527344,21.540000915527344,1336650
2019-08-30,21.26495361328125,21.87333297729492,21.99333381652832,21.753332138061523,21.88666725158692,1785150
2019-09-03,21.478836059570312,22.09333229064941,22.11333274841309,21.700000762939453,21.706666946411133,2824950
2019-09-04,21.76401138305664,22.38666725158692,22.440000534057617,22.07333374023437,22.273332595825195,1968300
2019-09-05,22.165849685668945,22.799999237060547,23.08666610717773,22.553333282470703,22.6200008392334,3673800
2019-09-06,21.984375,22.61333274841309,22.913333892822266,22.52666664123535,22.80666732788086,1578750
2019-09-09,22.243623733520508,22.8799991607666,22.8933334350586,22.5,22.700000762939453,1716900
2019-09-10,22.39917182922364,23.040000915527344,23.17333221435547,22.57999992370605,22.81333351135254,2361450
2019-09-11,22.56120491027832,23.206666946411133,23.299999237060547,22.97333335876465,23.09333229064941,1790850
2019-09-12,22.50287437438965,23.14666748046875,23.24666786193848,23.046667098999023,23.200000762939453,1348200
2019-09-13,22.38620948791504,23.02666664123535,23.31333351135254,22.87333297729492,23.286666870117188,1443900
2019-09-16,22.45101928710937,23.09333229064941,23.166667938232425,22.86000061035156,22.913333892822266,1908150
2019-09-17,22.684345245361328,23.33333206176757,23.36000061035156,23.07333374023437,23.12666702270508,1978950
2019-09-18,22.40565490722656,23.046667098999023,23.32666778564453,22.81333351135254,23.32666778564453,2113050
2019-09-19,22.528797149658203,23.17333221435547,23.239999771118164,22.99333381652832,23.07999992370605,1530900
2019-09-20,22.392690658569336,23.03333282470703,23.3799991607666,23.02666664123535,23.233333587646484,4973550
2019-09-23,22.08807182312012,22.71999931335449,23.166667938232425,22.67333221435547,23.020000457763672,1962600
2019-09-24,22.09455680847168,22.726667404174805,22.85333251953125,22.546667098999023,22.786666870117188,1834800
2019-09-25,22.029741287231445,22.65999984741211,22.979999542236328,22.6200008392334,22.84000015258789,1735950
2019-09-26,21.91955947875977,22.546667098999023,22.76000022888184,22.479999542236328,22.666667938232425,1774200
2019-09-27,21.673274993896484,22.293333053588867,22.559999465942383,21.946666717529297,22.559999465942383,1912800
2019-09-30,22.081592559814453,22.71333312988281,22.780000686645508,22.280000686645508,22.31999969482422,3663750
2019-10-01,21.71216011047364,22.33333206176757,22.940000534057617,22.32666778564453,22.793333053588867,1709550
2019-10-02,21.653827667236328,22.273332595825195,22.3933334350586,22.046667098999023,22.166667938232425,2069850
2019-10-03,22.042705535888672,22.67333221435547,22.706666946411133,22.02666664123535,22.253332138061523,1382250
2019-10-04,22.334360122680664,22.97333335876465,23.11333274841309,22.706666946411133,22.76000022888184,1340700
2019-10-07,22.17881202697754,22.81333351135254,22.98666763305664,22.76666641235352,22.953332901000977,965250
2019-10-08,22.06863021850586,22.700000762939453,22.953332901000977,22.57999992370605,22.65333366394043,1740000
2019-10-09,22.35380172729492,22.99333381652832,23.08666610717773,22.780000686645508,22.88666725158692,1729500
2019-10-10,22.567686080932617,23.21333312988281,23.226667404174805,22.8933334350586,22.98666763305664,930300
2019-10-11,22.79452896118164,23.446666717529297,23.67333221435547,23.33333206176757,23.459999084472656,1886250
2019-10-14,22.723234176635746,23.37333297729492,23.440000534057617,23.24666786193848,23.36000061035156,1015050
2019-10-15,22.872303009033203,23.52666664123535,23.606666564941406,23.39999961853028,23.47333335876465,872400
2019-10-16,22.93711471557617,23.59333229064941,23.63999938964844,23.39999961853028,23.51333236694336,1234650
2019-10-17,23.092662811279297,23.753332138061523,23.86000061035156,23.606666564941406,23.68000030517578,2633400
2019-10-18,23.306549072265625,23.97333335876465,24.166667938232425,23.700000762939453,23.773332595825195,1252500
2019-10-21,23.73430824279785,24.413333892822266,24.420000076293945,23.953332901000977,24.100000381469727,1752000
2019-10-22,23.319509506225582,23.98666763305664,24.293333053588867,23.86000061035156,24.09333229064941,3043200
2019-10-23,24.972227096557617,25.68666648864746,26.71333312988281,24.83333206176757,24.83333206176757,5722350
2019-10-24,25.017593383789062,25.733333587646484,25.786666870117188,25.280000686645508,25.68666648864746,1708950
2019-10-25,24.87500762939453,25.58666610717773,25.84000015258789,25.426666259765625,25.68666648864746,1313700
2019-10-28,24.62871742248535,25.33333206176757,25.98666763305664,25.30666732788086,25.68000030517578,2809050
2019-10-29,24.738901138305664,25.446666717529297,25.5,25.206666946411133,25.293333053588867,1968000
2019-10-30,24.70649528503418,25.413333892822266,25.64666748046875,25.37333297729492,25.446666717529297,1212750
2019-10-31,24.700014114379883,25.406667709350582,25.606666564941406,25.239999771118164,25.37333297729492,1260450
2019-11-01,25.062965393066406,25.780000686645508,25.799999237060547,25.38666725158692,25.53333282470703,1460850
2019-11-04,25.037038803100582,25.753332138061523,25.99333381652832,25.50666618347168,25.913333892822266,1131150
2019-11-05,25.06944274902344,25.786666870117188,25.87333297729492,25.65999984741211,25.773332595825195,1079550
2019-11-06,24.90093040466309,25.61333274841309,26.059999465942383,25.58666610717773,26.01333236694336,1319250
2019-11-07,25.3011417388916,25.920000076293945,26.053333282470703,25.56666755676269,25.56666755676269,1680150
2019-11-08,25.170991897583008,25.786666870117188,25.979999542236328,25.706666946411133,25.86666679382324,1066200
2019-11-11,24.94973564147949,25.559999465942383,25.71999931335449,25.51333236694336,25.600000381469727,684750
2019-11-12,24.40310859680176,25.0,25.59333229064941,24.98666763305664,25.559999465942383,1673250
2019-11-13,24.364059448242188,24.959999084472656,25.21333312988281,24.87333297729492,24.87333297729492,3817800
2019-11-14,24.39009094238281,24.98666763305664,25.00666618347168,24.5,24.959999084472656,5553000
2019-11-15,23.86949157714844,24.453332901000977,25.21999931335449,24.440000534057617,25.09333229064941,4583400
2019-11-18,23.882509231567383,24.46666717529297,24.64666748046875,24.21333312988281,24.559999465942383,6826350
2019-11-19,23.83044815063477,24.413333892822266,24.71999931335449,24.34000015258789,24.58666610717773,2006400
2019-11-20,23.80441665649414,24.38666725158692,24.57999992370605,24.299999237060547,24.420000076293945,1572600
2019-11-21,23.27730941772461,23.84666633605957,24.459999084472656,23.793333053588867,24.453332901000977,1544250
2019-11-22,23.088592529296875,23.65333366394043,23.89999961853028,23.63333320617676,23.84000015258789,1640850
2019-11-25,22.97796440124512,23.540000915527344,23.793333053588867,23.53333282470703,23.773332595825195,2113650
2019-11-26,23.283815383911133,23.85333251953125,23.96666717529297,23.53333282470703,23.53333282470703,1988850
2019-11-27,23.34889030456543,23.920000076293945,24.0,23.799999237060547,23.953332901000977,1227300
2019-11-29,23.32936668395996,23.89999961853028,24.12666702270508,23.793333053588867,23.926666259765625,978150
2019-12-02,23.06256484985352,23.62666702270508,24.0,23.57999992370605,23.86000061035156,1884300
2019-12-03,23.003995895385746,23.56666755676269,23.69333267211914,23.34666633605957,23.426666259765625,2013600
2019-12-04,22.85432243347168,23.413333892822266,23.906667709350582,23.31999969482422,23.606666564941406,2270250
2019-12-05,22.405303955078125,22.953332901000977,23.426666259765625,22.89999961853028,23.3799991607666,2068050
2019-12-06,22.288169860839844,22.83333206176757,23.26000022888184,22.81333351135254,23.12666702270508,1891350
2019-12-09,22.52243995666504,23.07333374023437,23.34000015258789,22.76666641235352,22.80666732788086,2787150
2019-12-10,21.91724395751953,22.453332901000977,23.07333374023437,22.413333892822266,23.07333374023437,1902450
2019-12-11,21.78058433532715,22.31333351135254,22.48666763305664,22.26000022888184,22.420000076293945,1390050
2019-12-12,21.63091278076172,22.15999984741211,22.34000015258789,22.040000915527344,22.226667404174805,2250750
2019-12-13,21.442195892333984,21.96666717529297,22.14666748046875,21.86000061035156,22.1200008392334,2624550
2019-12-16,21.45520782470703,21.979999542236328,22.426666259765625,21.97333335876465,22.106666564941406,2028450
2019-12-17,21.46822738647461,21.99333381652832,22.13333320617676,21.81999969482422,22.053333282470703,2597700
2019-12-18,21.442195892333984,21.96666717529297,22.11333274841309,21.86666679382324,22.03333282470703,2298150
2019-12-19,21.31204605102539,21.83333206176757,22.059999465942383,21.753332138061523,21.959999084472656,2130150
2019-12-20,21.650434494018555,22.18000030517578,22.26666641235352,21.84000015258789,21.940000534057617,2958150
2019-12-23,21.722017288208008,22.253332138061523,22.36666679382324,22.07333374023437,22.26000022888184,1387650
2019-12-24,21.46171760559082,21.98666763305664,22.226667404174805,21.97333335876465,22.21333312988281,402300
2019-12-26,21.3706111907959,21.8933334350586,22.200000762939453,21.84000015258789,22.040000915527344,1402350
2019-12-27,21.253477096557617,21.773332595825195,22.053333282470703,21.76666641235352,21.940000534057617,2565000
2019-12-30,21.39664459228516,21.920000076293945,22.059999465942383,21.68000030517578,21.83333206176757,1485600
2019-12-31,21.578855514526367,22.106666564941406,22.12666702270508,21.8799991607666,21.926666259765625,1335300
2020-01-02,21.69598960876465,22.226667404174805,22.3933334350586,22.059999465942383,22.15999984741211,2978700
2020-01-03,21.624406814575195,22.15333366394043,22.17333221435547,21.84000015258789,21.99333381652832,1647300
2020-01-06,21.624406814575195,22.15333366394043,22.19333267211914,21.86666679382324,22.059999465942383,1316550
2020-01-07,21.637420654296875,22.166667938232425,22.26666641235352,21.933332443237305,22.106666564941406,2470050
2020-01-08,21.617900848388672,22.14666748046875,22.226667404174805,21.99333381652832,22.14666748046875,1995150
2020-01-09,21.96279525756836,22.5,22.58666610717773,22.14666748046875,22.18666648864746,1707000
2020-01-10,22.60053062438965,23.15333366394043,23.440000534057617,22.46666717529297,22.540000915527344,5502750
2020-01-13,22.76321601867676,23.31999969482422,23.3933334350586,23.15999984741211,23.15999984741211,1654500
2020-01-14,22.80876922607422,23.36666679382324,23.49333381652832,23.21999931335449,23.26666641235352,2960400
2020-01-15,22.93241310119629,23.49333381652832,23.52666664123535,23.31999969482422,23.38666725158692,1691550
2020-01-16,23.19271278381348,23.76000022888184,23.81999969482422,23.50666618347168,23.52666664123535,2113350
2020-01-17,23.33587646484375,23.906667709350582,23.97333335876465,23.773332595825195,23.85333251953125,2268600
2020-01-21,23.35540008544922,23.926666259765625,24.053333282470703,23.733333587646484,23.8933334350586,2556750
2020-01-22,23.479040145874023,24.053333282470703,24.200000762939453,23.97333335876465,24.02666664123535,1683600
2020-01-23,23.82394218444824,24.406667709350582,24.440000534057617,23.933332443237305,24.01333236694336,1600800
2020-01-24,23.82394218444824,24.406667709350582,24.606666564941406,24.273332595825195,24.453332901000977,2704800
2020-01-27,23.583160400390625,24.15999984741211,24.293333053588867,23.920000076293945,24.06666755676269,2022300
2020-01-28,23.902029037475582,24.48666763305664,24.49333381652832,24.21999931335449,24.286666870117188,2283750
2020-01-29,24.598331451416016,25.200000762939453,25.3933334350586,24.57333374023437,24.63999938964844,5422350
2020-01-30,24.871644973754883,25.479999542236328,25.49333381652832,25.00666618347168,25.17333221435547,2757450
2020-01-31,24.695941925048828,25.299999237060547,25.65999984741211,25.21333312988281,25.47333335876465,2701200
2020-02-03,25.04084205627441,25.65333366394043,25.959999084472656,25.31999969482422,25.33333206176757,3242550
2020-02-04,25.3662166595459,25.98666763305664,26.18000030517578,25.80666732788086,25.926666259765625,1597950
2020-02-05,25.3662166595459,25.98666763305664,26.32666778564453,25.8933334350586,26.21333312988281,1534050
2020-02-06,25.593975067138672,26.21999931335449,26.226667404174805,25.84666633605957,26.01333236694336,1768800
2020-02-07,25.189281463623047,25.726667404174805,26.15999984741211,25.68000030517578,26.12666702270508,1656000
2020-02-10,25.437318801879883,25.979999542236328,26.02666664123535,25.56666755676269,25.706666946411133,1005000
2020-02-11,25.78326988220215,26.33333206176757,26.37333297729492,25.933332443237305,26.053333282470703,1930050
2020-02-12,25.88770866394043,26.440000534057617,26.726667404174805,26.24666786193848,26.34000015258789,1711050
2020-02-13,25.98562431335449,26.540000915527344,26.64666748046875,26.26666641235352,26.33333206176757,871350
2020-02-14,25.992149353027344,26.546667098999023,26.76666641235352,26.48666763305664,26.58666610717773,815100
2020-02-18,25.71799659729004,26.26666641235352,26.53333282470703,26.233333587646484,26.51333236694336,1758000
2020-02-19,25.9268741607666,26.479999542236328,26.600000381469727,26.34666633605957,26.34666633605957,1067850
2020-02-20,26.090059280395508,26.64666748046875,26.71333312988281,26.35333251953125,26.453332901000977,1171800
2020-02-21,26.39031791687012,26.953332901000977,26.979999542236328,26.446666717529297,26.546667098999023,984150
2020-02-24,25.88770866394043,26.440000534057617,26.88666725158692,26.26000022888184,26.26000022888184,1747350
2020-02-25,25.23497009277344,25.773332595825195,26.559999465942383,25.739999771118164,26.46666717529297,1218300
2020-02-26,25.37204360961914,25.913333892822266,26.37333297729492,25.76666641235352,25.920000076293945,1432350
2020-02-27,24.58222770690918,25.106666564941406,25.99333381652832,25.100000381469727,25.57999992370605,1707600
2020-02-28,24.438623428344727,24.959999084472656,25.08666610717773,24.18000030517578,24.56666755676269,3349800
2020-03-02,25.528705596923828,26.07333374023437,26.1200008392334,24.62666702270508,25.02666664123535,3286050
2020-03-03,24.89554214477539,25.426666259765625,26.600000381469727,25.18000030517578,26.11333274841309,1642500
2020-03-04,26.161863327026367,26.71999931335449,26.733333587646484,25.76666641235352,25.940000534057617,1554750
2020-03-05,26.57961845397949,27.14666748046875,27.24666786193848,25.98666763305664,26.19333267211914,2376750
2020-03-06,25.946456909179688,26.5,26.97333335876465,25.706666946411133,26.58666610717773,2379300
2020-03-09,24.986927032470703,25.520000457763672,26.14666748046875,24.979999542236328,24.979999542236328,2218950
2020-03-10,26.33810234069824,26.89999961853028,26.920000076293945,25.81999969482422,26.106666564941406,2473500
2020-03-11,25.0848388671875,25.6200008392334,26.479999542236328,25.299999237060547,26.299999237060547,2064600
2020-03-12,22.434709548950195,22.913333892822266,25.39999961853028,22.71999931335449,23.99333381652832,3073350
2020-03-13,24.68666648864746,25.21333312988281,25.21333312988281,23.1200008392334,23.69333267211914,3148500
2020-03-16,23.335493087768555,23.83333206176757,24.58666610717773,22.040000915527344,23.30666732788086,2841450
2020-03-17,24.875961303710938,25.406667709350582,25.65999984741211,23.600000381469727,24.286666870117188,6031950
2020-03-18,24.16447639465332,24.68000030517578,24.81999969482422,23.69333267211914,23.933332443237305,4975200
2020-03-19,23.237585067749023,23.733333587646484,24.74666786193848,23.299999237060547,24.74666786193848,3336150
2020-03-20,22.845935821533203,23.33333206176757,24.12666702270508,22.86000061035156,23.933332443237305,5031450
2020-03-23,20.60703659057617,21.046667098999023,23.18666648864746,20.76666641235352,23.0,2560350
2020-03-24,22.069175720214844,22.540000915527344,23.18666648864746,21.57999992370605,21.739999771118164,2827800
2020-03-25,21.27283096313477,21.726667404174805,22.440000534057617,20.479999542236328,22.35333251953125,3593850
2020-03-26,21.990842819213867,22.459999084472656,22.67333221435547,21.46666717529297,21.89999961853028,2903700
2020-03-27,22.36290740966797,22.84000015258789,23.47333335876465,21.84666633605957,21.84666633605957,3028500
2020-03-30,23.39423942565918,23.8933334350586,24.546667098999023,23.03333282470703,23.293333053588867,4344750
2020-03-31,23.59006118774414,24.09333229064941,25.14666748046875,23.553333282470703,23.926666259765625,5964750
2020-04-01,22.950374603271484,23.440000534057617,23.80666732788086,22.58666610717773,23.46666717529297,2704650
2020-04-02,23.2898006439209,23.786666870117188,23.84666633605957,22.68000030517578,22.8799991607666,2916450
2020-04-03,23.53131675720215,24.03333282470703,24.48666763305664,23.546667098999023,23.546667098999023,2142900
2020-04-06,24.281965255737305,24.799999237060547,24.96666717529297,23.89999961853028,24.58666610717773,2659950
2020-04-07,23.459510803222656,23.959999084472656,25.15999984741211,23.933332443237305,24.959999084472656,1642200
2020-04-08,23.43993377685547,23.940000534057617,24.21999931335449,23.520000457763672,24.059999465942383,1173150
2020-04-09,23.511734008789062,24.01333236694336,24.299999237060547,23.84666633605957,23.96666717529297,2362950
2020-04-13,23.413822174072266,23.913333892822266,24.239999771118164,23.02666664123535,23.81999969482422,1205700
2020-04-14,24.53000831604004,25.053333282470703,25.18666648864746,24.11333274841309,24.36000061035156,1713000
2020-04-15,24.05350685119629,24.56666755676269,25.13999938964844,24.47333335876465,24.84000015258789,945450
2020-04-16,25.026092529296875,25.559999465942383,25.600000381469727,24.64666748046875,24.64666748046875,1864050
2020-04-17,25.4307918548584,25.97333335876465,26.36666679382324,25.71999931335449,26.020000457763672,1659750
2020-04-20,24.79110336303711,25.31999969482422,25.959999084472656,25.280000686645508,25.959999084472656,1825050
2020-04-21,24.190582275390625,24.706666946411133,25.200000762939453,24.459999084472656,25.200000762939453,1397550
2020-04-22,24.60833549499512,25.13333320617676,25.31333351135254,24.559999465942383,24.940000534057617,1369200
2020-04-23,24.510427474975582,25.03333282470703,25.286666870117188,24.8933334350586,25.08666610717773,1421850
2020-04-24,24.89554214477539,25.426666259765625,25.52666664123535,24.940000534057617,25.21999931335449,2697450
2020-04-27,25.776744842529297,26.32666778564453,26.446666717529297,25.546667098999023,25.61333274841309,2170050
2020-04-28,26.55350685119629,27.1200008392334,27.26000022888184,26.299999237060547,26.31999969482422,3357750
2020-04-29,26.181442260742188,26.739999771118164,27.293333053588867,26.020000457763672,27.253332138061523,2893800
2020-04-30,26.10964584350586,26.666667938232425,26.71999931335449,25.82666778564453,26.420000076293945,2675850
2020-05-01,26.10964584350586,26.666667938232425,26.76666641235352,26.11333274841309,26.30666732788086,1608600
2020-05-04,26.55350685119629,27.1200008392334,27.206666946411133,26.453332901000977,26.62666702270508,1714200
2020-05-05,27.049591064453125,27.62666702270508,27.88666725158692,27.293333053588867,27.33333206176757,2066250
2020-05-06,26.98431396484375,27.559999465942383,27.940000534057617,27.520000457763672,27.71999931335449,1227600
2020-05-07,27.225830078125,27.80666732788086,27.99333381652832,27.540000915527344,27.88666725158692,1756200
2020-05-08,27.65746116638184,28.19333267211914,28.31999969482422,27.87333297729492,28.0,1571250
2020-05-11,27.762102127075195,28.299999237060547,28.53333282470703,28.053333282470703,28.24666786193848,1924050
2020-05-12,26.91844940185547,27.440000534057617,28.459999084472656,27.3799991607666,28.35333251953125,3057150
2020-05-13,26.185970306396484,26.69333267211914,27.71333312988281,26.50666618347168,27.38666725158692,3942450
2020-05-14,26.32985496520996,26.84000015258789,26.84000015258789,25.84000015258789,26.47333335876465,5062950
2020-05-15,26.159814834594727,26.666667938232425,27.200000762939453,26.47333335876465,26.726667404174805,10401300
2020-05-18,25.77395439147949,26.273332595825195,27.33333206176757,26.15999984741211,27.253332138061523,5233950
2020-05-19,25.63661766052246,26.13333320617676,26.63999938964844,26.040000915527344,26.18666648864746,3070800
2020-05-20,25.58429718017578,26.07999992370605,26.64666748046875,25.780000686645508,26.64666748046875,2216400
2020-05-21,25.2703800201416,25.76000022888184,26.13333320617676,25.71999931335449,25.97333335876465,1473450
2020-05-22,25.32923889160156,25.81999969482422,25.89999961853028,25.520000457763672,25.74666786193848,1572750
2020-05-26,25.499277114868164,25.99333381652832,26.26666641235352,25.85333251953125,26.08666610717773,1960650
2020-05-27,25.976694107055664,26.479999542236328,26.48666763305664,25.68666648864746,26.03333282470703,1895250
2020-05-28,26.212133407592773,26.71999931335449,27.040000915527344,26.63333320617676,26.67333221435547,2510250
2020-05-29,27.33700561523437,27.86666679382324,27.926666259765625,26.56666755676269,26.666667938232425,5325750
2020-06-01,27.611684799194336,28.14666748046875,28.453332901000977,27.8799991607666,27.959999084472656,2388000
2020-06-02,28.056400299072266,28.600000381469727,28.63999938964844,27.926666259765625,28.293333053588867,2547000
2020-06-03,29.17473220825196,29.739999771118164,29.86666679382324,28.446666717529297,28.780000686645508,2686800
2020-06-04,28.461875915527344,29.01333236694336,31.299999237060547,27.84000015258789,29.51333236694336,8083050
2020-06-05,28.403017044067383,28.953332901000977,29.26000022888184,28.24666786193848,29.18666648864746,3662100
2020-06-08,29.14857292175293,29.71333312988281,29.726667404174805,28.65333366394043,28.706666946411133,1879950
2020-06-09,28.44879913330078,29.0,29.67333221435547,28.83333206176757,29.459999084472656,1556250
2020-06-10,28.43571662902832,28.98666763305664,29.420000076293945,28.700000762939453,29.12666702270508,1421550
2020-06-11,27.487424850463867,28.020000457763672,28.920000076293945,27.920000076293945,28.5,1524600
2020-06-12,27.08194732666016,27.606666564941406,28.49333381652832,27.226667404174805,28.479999542236328,1157550
2020-06-15,27.43510627746582,27.96666717529297,28.100000381469727,27.020000457763672,27.206666946411133,1028250
2020-06-16,27.70978546142578,28.24666786193848,28.700000762939453,28.03333282470703,28.520000457763672,1316400
2020-06-17,27.703245162963867,28.239999771118164,28.559999465942383,28.12666702270508,28.286666870117188,921450
2020-06-18,27.703245162963867,28.239999771118164,28.39999961853028,28.020000457763672,28.18666648864746,772350
2020-06-19,27.369705200195312,27.89999961853028,28.71333312988281,27.726667404174805,28.600000381469727,1813650
2020-06-22,27.41548538208008,27.946666717529297,28.0,27.700000762939453,27.89999961853028,878100
2020-06-23,27.26506805419922,27.793333053588867,28.233333587646484,27.739999771118164,28.233333587646484,762750
2020-06-24,26.879209518432617,27.39999961853028,27.86000061035156,27.30666732788086,27.666667938232425,1109850
2020-06-25,27.304304122924805,27.83333206176757,27.87333297729492,27.08666610717773,27.413333892822266,1553400
2020-06-26,27.003467559814453,27.52666664123535,28.15333366394043,27.5,27.926666259765625,3168000
2020-06-29,27.22582626342773,27.753332138061523,27.99333381652832,27.56666755676269,27.906667709350582,1083000
2020-06-30,27.722862243652344,28.26000022888184,28.34666633605957,27.773332595825195,27.84000015258789,1861950
2020-07-01,27.97138023376465,28.51333236694336,28.733333587646484,28.273332595825195,28.39999961853028,1577550
2020-07-02,28.161039352416992,28.706666946411133,28.89999961853028,28.520000457763672,28.67333221435547,924900
2020-07-06,27.95830345153809,28.5,29.13333320617676,28.406667709350582,28.953332901000977,1642950
2020-07-07,29.835268020629883,30.413333892822266,30.913333892822266,28.81333351135254,29.33333206176757,3475950
2020-07-08,29.40363121032715,29.97333335876465,30.433332443237305,29.906667709350582,30.26666641235352,2010150
2020-07-09,29.94644546508789,30.52666664123535,30.940000534057617,29.979999542236328,29.979999542236328,1886700
2020-07-10,29.364391326904297,29.933332443237305,30.546667098999023,29.920000076293945,30.52666664123535,1595550
2020-07-13,29.076629638671875,29.63999938964844,30.3933334350586,29.58666610717773,29.97333335876465,1209150
2020-07-14,29.65868759155273,30.233333587646484,30.24666786193848,29.48666763305664,29.63333320617676,1494150
2020-07-15,30.809720993041992,31.406667709350582,31.520000457763672,30.3933334350586,30.50666618347168,1714350
2020-07-16,30.73777961730957,31.33333206176757,31.540000915527344,31.166667938232425,31.440000534057617,868950
2020-07-17,31.24789428710937,31.85333251953125,31.97333335876465,31.453332901000977,31.520000457763672,2038950
2020-07-20,31.24789428710937,31.85333251953125,32.220001220703125,31.69333267211914,31.753332138061523,1091250
2020-07-21,31.110557556152344,31.71333312988281,32.08000183105469,31.57999992370605,31.96666717529297,1668600
2020-07-22,31.829954147338867,32.4466667175293,32.5533332824707,31.780000686645508,31.946666717529297,1006950
2020-07-23,31.888818740844727,32.50666809082031,33.03333282470703,32.43333435058594,32.52000045776367,1009950
2020-07-24,31.836498260498047,32.45333480834961,32.633331298828125,32.31999969482422,32.49333190917969,1245150
2020-07-27,32.22888946533203,32.85333251953125,32.959999084472656,32.64666748046875,32.77333450317383,1379250
2020-07-28,31.947673797607425,32.56666564941406,32.880001068115234,32.5533332824707,32.71333312988281,1303200
2020-07-29,33.51726531982422,34.16666793823242,34.61333465576172,32.720001220703125,32.720001220703125,2597250
2020-07-30,33.76577377319336,34.41999816894531,34.46666717529297,33.720001220703125,34.060001373291016,1239750
2020-07-31,34.26935577392578,34.93333435058594,34.96666717529297,34.30666732788086,34.41999816894531,1755750
2020-08-03,34.62250900268555,35.293331146240234,35.779998779296875,35.14666748046875,35.20000076293945,1735950
2020-08-04,34.98875427246094,35.66666793823242,35.76666641235352,35.16666793823242,35.18000030517578,1333200
2020-08-05,35.25035095214844,35.93333435058594,36.220001220703125,35.59333419799805,35.880001068115234,1201350
2020-08-06,35.073768615722656,35.75333404541016,35.939998626708984,35.47999954223633,35.880001068115234,1709250
2020-08-07,35.95864486694336,36.573333740234375,36.573333740234375,35.70000076293945,35.78666687011719,1574250
2020-08-10,35.90620803833008,36.52000045776367,36.7400016784668,35.959999084472656,36.41999816894531,1217400
2020-08-11,35.558815002441406,36.16666793823242,36.75333404541016,36.08000183105469,36.5,1789200
2020-08-12,35.7489013671875,36.36000061035156,36.59999847412109,36.18000030517578,36.21333312988281,1280700
2020-08-13,36.05040740966797,36.66666793823242,36.95333480834961,36.03333282470703,36.30666732788086,910500
2020-08-14,35.87343978881836,36.48666763305664,36.720001220703125,36.31333160400391,36.6533317565918,795300
2020-08-17,35.96520233154297,36.58000183105469,36.959999084472656,36.48666763305664,36.573333740234375,1260900
2020-08-18,35.73578643798828,36.3466682434082,36.68000030517578,36.24666595458984,36.54666519165039,1157400
2020-08-19,35.63091278076172,36.2400016784668,36.58000183105469,36.08666610717773,36.50666809082031,734100
2020-08-20,35.945533752441406,36.560001373291016,36.64666748046875,36.09333419799805,36.16666793823242,875400
2020-08-21,36.011085510253906,36.62666702270508,36.7599983215332,36.393333435058594,36.59333419799805,1332300
2020-08-24,36.24049377441406,36.86000061035156,36.96666717529297,36.56666564941406,36.78666687011719,780000
2020-08-25,35.87343978881836,36.48666763305664,36.93999862670898,36.36666870117188,36.93999862670898,1017300
2020-08-26,36.646881103515625,37.27333450317383,37.426666259765625,36.32666778564453,36.47999954223633,912750
2020-08-27,36.16839218139648,36.78666687011719,37.67333221435547,36.78666687011719,37.43333435058594,1034700
2020-08-28,36.06351852416992,36.68000030517578,36.99333190917969,36.58000183105469,36.79999923706055,1214100
2020-08-31,36.14217376708984,36.7599983215332,36.959999084472656,36.633331298828125,36.75333404541016,1834200
2020-09-01,36.52234649658203,37.14666748046875,37.3466682434082,36.633331298828125,36.77333450317383,1717650
2020-09-02,37.34822845458984,37.98666763305664,38.106666564941406,37.0533332824707,37.30666732788086,1565250
2020-09-03,35.742340087890625,36.35333251953125,37.79333114624024,36.106666564941406,37.78666687011719,1422450
2020-09-04,35.78166961669922,36.393333435058594,36.71333312988281,35.866668701171875,36.3466682434082,1707900
2020-09-08,35.296627044677734,35.900001525878906,36.34000015258789,35.720001220703125,36.2400016784668,2602500
2020-09-09,36.38469696044922,37.00666809082031,37.119998931884766,36.29999923706055,36.29999923706055,2061150
2020-09-10,35.45393753051758,36.060001373291016,37.2599983215332,36.040000915527344,37.06666564941406,1893150
2020-09-11,35.47360610961914,36.08000183105469,36.46666717529297,35.880001068115234,36.33333206176758,1400700
2020-09-14,35.58503341674805,36.19333267211914,36.526668548583984,36.01333236694336,36.25333404541016,1668600
2020-09-15,35.90620803833008,36.52000045776367,36.8466682434082,36.22666549682617,36.2400016784668,1631700
2020-09-16,35.13275909423828,35.733333587646484,36.706668853759766,35.633331298828125,36.573333740234375,1390500
2020-09-17,35.145877838134766,35.746665954589844,35.893333435058594,35.133331298828125,35.4466667175293,1503150
2020-09-18,34.359317779541016,34.9466667175293,36.22666549682617,34.866668701171875,35.66666793823242,4317450
2020-09-21,34.30687713623047,34.893333435058594,35.00666809082031,34.38666534423828,34.84000015258789,1655550
2020-09-22,34.6739387512207,35.26666641235352,35.37333297729492,34.813331604003906,34.880001068115234,1133400
2020-09-23,34.280662536621094,34.866668701171875,35.61333465576172,34.746665954589844,35.2400016784668,1282950
2020-09-24,34.70671463012695,35.29999923706055,35.53333282470703,34.75333404541016,35.060001373291016,895650
2020-09-25,35.16553497314453,35.76666641235352,35.893333435058594,35.09333419799805,35.09333419799805,1273950
2020-09-28,35.82754898071289,36.43999862670898,36.77999877929688,36.11333465576172,36.11333465576172,1075800
2020-09-29,35.72267532348633,36.33333206176758,36.66666793823242,36.31999969482422,36.43333435058594,981900
2020-09-30,35.51948547363281,36.12666702270508,36.59333419799805,35.913333892822266,36.5,2076150
2020-10-01,35.270408630371094,35.87333297729492,36.5,35.68000030517578,36.41999816894531,1363350
2020-10-02,35.7030143737793,36.31333160400391,36.70000076293945,35.54666519165039,35.606666564941406,1012800
2020-10-05,36.496124267578125,37.119998931884766,37.19333267211914,36.36000061035156,36.380001068115234,2379750
2020-10-06,36.70587158203125,37.33333206176758,37.97999954223633,36.67333221435547,37.106666564941406,1684350
2020-10-07,37.43343353271485,38.073333740234375,38.23333358764648,37.54666519165039,37.619998931884766,1596300
2020-10-08,37.37444305419922,38.01333236694336,38.21333312988281,37.70000076293945,38.1533317565918,733500
2020-10-09,37.66939926147461,38.31333160400391,38.35333251953125,37.79333114624024,38.23333358764648,898650
2020-10-12,38.292091369628906,38.9466667175293,38.98666763305664,38.34000015258789,38.45333480834961,1252800
2020-10-13,38.501834869384766,39.15999984741211,39.29999923706055,38.74666595458984,38.86666870117188,925200
2020-10-14,38.534610748291016,39.19333267211914,39.4466667175293,38.87333297729492,39.11333465576172,801750
2020-10-15,38.98031997680664,39.64666748046875,39.95333480834961,38.720001220703125,38.96666717529297,2472750
2020-10-16,39.17696380615234,39.8466682434082,40.47999954223633,39.70000076293945,39.81333160400391,1500000
2020-10-19,38.81645965576172,39.47999954223633,40.2400016784668,39.1533317565918,39.79999923706055,1716000
2020-10-20,39.163856506347656,39.83333206176758,40.31999969482422,39.59999847412109,39.62666702270508,1170750
2020-10-21,38.80990219116211,39.473331451416016,40.06666564941406,39.413333892822266,39.93333435058594,981600
2020-10-22,38.96721649169922,39.633331298828125,39.80666732788086,39.20000076293945,39.58000183105469,1317900
2020-10-23,39.45880889892578,40.133331298828125,40.35333251953125,39.47999954223633,39.65999984741211,1137900
2020-10-26,38.9999885559082,39.66666793823242,39.93999862670898,39.35333251953125,39.93999862670898,1679100
2020-10-27,38.862342834472656,39.526668548583984,39.893333435058594,39.29333114624024,39.77333450317383,1466250
2020-10-28,40.21915054321289,40.90666580200195,41.619998931884766,38.119998931884766,38.880001068115234,3656100
2020-10-29,38.80335235595703,39.46666717529297,41.14666748046875,39.46666717529297,41.14666748046875,3349950
2020-10-30,37.9184799194336,38.56666564941406,39.426666259765625,38.206668853759766,39.2599983215332,2415750
2020-11-02,38.115116119384766,38.76666641235352,39.29333114624024,38.58666610717773,38.78666687011719,2150100
2020-11-03,38.947547912597656,39.61333465576172,39.70000076293945,39.00666809082031,39.11333465576172,1962150
2020-11-04,40.19948196411133,40.88666534423828,41.2400016784668,39.573333740234375,39.78666687011719,1592400
2020-11-05,41.484188079833984,42.19333267211914,42.560001373291016,41.33333206176758,41.35333251953125,1665600
2020-11-06,41.39897918701172,42.106666564941406,42.58666610717773,41.93333435058594,42.2400016784668,939450
2020-11-09,37.50907516479492,37.959999084472656,43.0,37.959999084472656,42.633331298828125,2544450
2020-11-10,37.423439025878906,37.87333297729492,38.58000183105469,37.459999084472656,37.973331451416016,1852500
2020-11-11,39.12300491333008,39.59333419799805,39.75333404541016,37.926666259765625,38.06666564941406,1527900
2020-11-12,38.56307601928711,39.026668548583984,39.959999084472656,38.85333251953125,39.68000030517578,807750
2020-11-13,38.75410842895508,39.220001220703125,39.56666564941406,38.76666641235352,39.19333267211914,876900
2020-11-16,38.81998825073242,39.28666687011719,39.43999862670898,37.90666580200195,39.08000183105469,1276050
2020-11-17,38.20735168457031,38.66666793823242,39.70000076293945,38.459999084472656,39.16666793823242,1157250
2020-11-18,37.97019577026367,38.426666259765625,39.106666564941406,38.34000015258789,38.686668395996094,1243050
2020-11-19,38.66847229003906,39.133331298828125,39.30666732788086,38.220001220703125,38.67333221435547,1449150
2020-11-20,37.95702362060547,38.413333892822266,39.27999877929688,38.32666778564453,39.26666641235352,1353600
2020-11-23,37.60129928588867,38.0533332824707,38.76666641235352,37.81333160400391,38.633331298828125,1491600
2020-11-24,37.238990783691406,37.686668395996094,38.16666793823242,37.59333419799805,38.12666702270508,2351850
2020-11-25,36.85032272338867,37.29333114624024,38.00666809082031,37.1533317565918,37.686668395996094,1687650
2020-11-27,37.56836318969727,38.02000045776367,38.03333282470703,37.09999847412109,37.40666580200195,738000
2020-11-30,37.66717529296875,38.119998931884766,38.31333160400391,37.573333740234375,38.11333465576172,5461200
2020-12-01,37.90432357788086,38.36000061035156,38.77999877929688,37.913333892822266,37.959999084472656,1936650
2020-12-02,36.33650970458984,36.77333450317383,38.36000061035156,36.76666641235352,38.36000061035156,1429950
2020-12-03,36.32991790771485,36.76666641235352,37.3466682434082,36.65999984741211,36.65999984741211,1442400
2020-12-04,36.59341812133789,37.03333282470703,37.41999816894531,36.7599983215332,36.7599983215332,1101000
2020-12-07,36.89644241333008,37.34000015258789,37.606666564941406,36.86666870117188,37.03333282470703,1013550
2020-12-08,37.21923065185547,37.66666793823242,37.77333450317383,36.926666259765625,37.206668853759766,1837800
2020-12-09,35.94125747680664,36.37333297729492,38.01333236694336,36.33333206176758,37.77999877929688,1624350
2020-12-10,35.66458511352539,36.09333419799805,36.56666564941406,35.880001068115234,36.33333206176758,1430400
2020-12-11,36.2343978881836,36.66999816894531,37.150001525878906,35.9900016784668,36.2599983215332,1706800
2020-12-14,38.00313568115234,38.459999084472656,38.61000061035156,36.52000045776367,36.66999816894531,2180900
2020-12-15,38.467552185058594,38.93000030517578,39.38999938964844,38.20000076293945,38.7400016784668,1538900
2020-12-16,38.73434829711914,39.20000076293945,39.88999938964844,39.060001373291016,39.11000061035156,1489700
2020-12-17,39.73234939575195,40.209999084472656,40.2599983215332,39.130001068115234,39.290000915527344,1488500
2020-12-18,40.117713928222656,40.59999847412109,40.91999816894531,39.97999954223633,40.18000030517578,4273600
2020-12-21,39.29757308959961,39.77000045776367,40.2400016784668,38.810001373291016,40.0099983215332,1658300
2020-12-22,40.36474609375,40.84999847412109,40.93999862670898,39.77000045776367,39.86000061035156,1141000
2020-12-23,39.36674880981445,39.84000015258789,41.220001220703125,39.810001373291016,40.959999084472656,932900
2020-12-24,39.574249267578125,40.04999923706055,40.40999984741211,39.84000015258789,40.0099983215332,412000
2020-12-28,38.34898376464844,38.810001373291016,40.25,38.540000915527344,40.2400016784668,1315300
2020-12-29,37.66717529296875,38.119998931884766,39.13999938964844,37.93999862670898,39.04999923706055,1187100
2020-12-30,37.795631408691406,38.25,38.619998931884766,37.869998931884766,37.88999938964844,1059900
2020-12-31,38.60589599609375,39.06999969482422,39.130001068115234,37.84999847412109,38.27000045776367,2936500
2021-01-04,37.78575134277344,38.2400016784668,39.97999954223633,38.02000045776367,39.310001373291016,1628500
2021-01-05,38.40826416015625,38.869998931884766,38.93999862670898,38.02000045776367,38.06999969482422,1352200
2021-01-06,39.04066467285156,39.5099983215332,39.84000015258789,38.27000045776367,38.58000183105469,1378500
2021-01-07,39.69282150268555,40.16999816894531,40.2599983215332,39.400001525878906,39.650001525878906,1238100
2021-01-08,40.31534194946289,40.79999923706055,40.86000061035156,40.150001525878906,40.27000045776367,1179900
2021-01-11,40.42403411865234,40.90999984741211,41.22999954223633,40.5,40.5,797000
2021-01-12,41.01689910888672,41.5099983215332,41.7599983215332,40.900001525878906,41.0,981500
2021-01-13,39.386505126953125,39.86000061035156,41.83000183105469,39.810001373291016,41.83000183105469,1228200
2021-01-14,37.024898529052734,37.470001220703125,39.790000915527344,37.380001068115234,39.790000915527344,1741200
2021-01-15,36.797630310058594,37.2400016784668,38.0,37.02000045776367,37.470001220703125,2153100
2021-01-19,36.42214584350586,36.86000061035156,37.650001525878906,36.470001220703125,37.470001220703125,1671500
2021-01-20,37.31145477294922,37.7599983215332,37.959999084472656,36.619998931884766,37.0,1295300
2021-01-21,36.75811004638672,37.20000076293945,37.86000061035156,37.04999923706055,37.61000061035156,1161400
2021-01-22,36.58024215698242,37.02000045776367,37.27999877929688,36.2599983215332,37.209999084472656,1605600
2021-01-25,36.70870208740234,37.150001525878906,37.18999862670898,36.380001068115234,36.93999862670898,1474800
2021-01-26,36.60000991821289,37.040000915527344,37.36000061035156,35.689998626708984,37.2400016784668,2122600
2021-01-27,34.53483200073242,34.95000076293945,36.68999862670898,34.09000015258789,36.40999984741211,3657400
2021-01-28,35.55259704589844,35.97999954223633,36.400001525878906,34.650001525878906,35.29999923706055,1899200
2021-01-29,35.592124938964844,36.02000045776367,36.5099983215332,35.7400016784668,35.880001068115234,2705200
2021-02-01,35.78974914550781,36.220001220703125,36.75,35.88999938964844,36.59000015258789,2225900
2021-02-02,36.56048202514648,37.0,37.34999847412109,36.31999969482422,36.43000030517578,1466900
2021-02-03,36.17511367797852,36.61000061035156,37.470001220703125,36.18000030517578,36.9900016784668,1492300
2021-02-04,36.73834609985352,37.18000030517578,37.290000915527344,36.58000183105469,36.66999816894531,1347800
2021-02-05,37.103946685791016,37.54999923706055,37.59999847412109,37.18000030517578,37.459999084472656,1846900
2021-02-08,36.78774642944336,37.22999954223633,37.95000076293945,36.91999816894531,37.77999877929688,1310000
2021-02-09,37.55023956298828,37.91999816894531,37.97999954223633,37.130001068115234,37.34000015258789,1282400
2021-02-10,37.56014251708984,37.93000030517578,38.2400016784668,37.58000183105469,38.09999847412109,1354100
2021-02-11,37.28287506103516,37.650001525878906,38.31999969482422,37.45000076293945,38.060001373291016,1278400
2021-02-12,37.22345352172852,37.59000015258789,37.65999984741211,37.15999984741211,37.380001068115234,909500
2021-02-16,36.480770111083984,36.84000015258789,37.619998931884766,36.83000183105469,37.58000183105469,1384200
2021-02-17,36.24311065673828,36.59999847412109,36.7599983215332,36.060001373291016,36.65999984741211,1024600
2021-02-18,36.20349884033203,36.560001373291016,36.91999816894531,36.31999969482422,36.400001525878906,991800
2021-02-19,35.4608154296875,35.810001373291016,36.68000030517578,35.7599983215332,36.68000030517578,1798400
2021-02-22,34.73793411254883,35.08000183105469,35.7599983215332,35.0099983215332,35.70000076293945,1737400
2021-02-23,35.0449104309082,35.38999938964844,35.540000915527344,34.599998474121094,35.0,1220900
2021-02-24,35.114227294921875,35.459999084472656,35.88999938964844,34.810001373291016,35.34000015258789,1353900
2021-02-25,33.66846466064453,34.0,35.75,33.86000061035156,35.29999923706055,1473000
2021-02-26,32.846553802490234,33.16999816894531,34.18000030517578,33.130001068115234,34.040000915527344,2042400
2021-03-01,33.7377815246582,34.06999969482422,34.43000030517578,33.2599983215332,33.2599983215332,1370600
2021-03-02,33.17333984375,33.5,34.15999984741211,33.41999816894531,34.09000015258789,1142400
2021-03-03,32.14347839355469,32.459999084472656,33.5,32.45000076293945,33.5,1342000
2021-03-04,31.588939666748047,31.89999961853028,32.779998779296875,31.57999992370605,32.45000076293945,1175600
2021-03-05,32.618797302246094,32.939998626708984,33.040000915527344,31.440000534057617,32.15999984741211,1169400
2021-03-08,32.17319107055664,32.4900016784668,33.27000045776367,32.470001220703125,33.02000045776367,1096100
2021-03-09,32.59899139404297,32.91999816894531,33.59000015258789,32.7599983215332,32.959999084472656,1395600
2021-03-10,32.94558334350586,33.27000045776367,33.56999969482422,32.97999954223633,33.0099983215332,915800
2021-03-11,32.92577362060547,33.25,33.86000061035156,33.220001220703125,33.599998474121094,998400
2021-03-12,32.71782684326172,33.040000915527344,33.43000030517578,32.630001068115234,33.20000076293945,1072500
2021-03-15,33.29216766357422,33.619998931884766,33.790000915527344,32.56999969482422,33.029998779296875,1207100
2021-03-16,32.658409118652344,32.97999954223633,33.650001525878906,32.83000183105469,33.40999984741211,1179800
2021-03-17,32.35143280029297,32.66999816894531,33.08000183105469,32.58000183105469,32.88999938964844,1288900
2021-03-18,32.688114166259766,33.0099983215332,33.36000061035156,32.20000076293945,32.529998779296875,1452600
2021-03-19,33.45060729980469,33.779998779296875,34.0099983215332,32.36000061035156,33.040000915527344,7450000
2021-03-22,34.034854888916016,34.369998931884766,34.4900016784668,33.540000915527344,33.97999954223633,2130500
2021-03-23,33.62885284423828,33.959999084472656,34.650001525878906,33.900001525878906,34.31999969482422,1499700
2021-03-24,33.48031997680664,33.810001373291016,34.04999923706055,33.470001220703125,33.7400016784668,1226700
2021-03-25,33.579341888427734,33.90999984741211,34.06999969482422,33.310001373291016,33.810001373291016,1287200
2021-03-26,33.85661315917969,34.189998626708984,34.29999923706055,33.63999938964844,33.95000076293945,1172200
2021-03-29,33.846710205078125,34.18000030517578,34.43000030517578,33.93000030517578,34.119998931884766,1362700
2021-03-30,33.5892448425293,33.91999816894531,34.20000076293945,33.79999923706055,34.150001525878906,876800
2021-03-31,34.08436584472656,34.41999816894531,34.959999084472656,33.93000030517578,33.959999084472656,1885900
2021-04-01,34.49037551879883,34.83000183105469,35.16999816894531,34.5,34.7599983215332,1083600
2021-04-05,35.0449104309082,35.38999938964844,35.52000045776367,34.849998474121094,34.849998474121094,1151100
2021-04-06,34.94588851928711,35.290000915527344,35.70000076293945,35.0099983215332,35.36000061035156,1026500
2021-04-07,34.14377975463867,34.47999954223633,35.31999969482422,34.470001220703125,35.31999969482422,857800
2021-04-08,34.61910629272461,34.959999084472656,35.060001373291016,34.52000045776367,34.7400016784668,1574300
2021-04-09,35.08451843261719,35.43000030517578,35.5,34.83000183105469,34.95000076293945,721800
2021-04-12,35.27267074584961,35.619998931884766,35.630001068115234,35.20000076293945,35.400001525878906,982800
2021-04-13,34.5695915222168,34.90999984741211,35.47999954223633,34.810001373291016,35.290000915527344,2143800
2021-04-14,34.36163330078125,34.70000076293945,35.2400016784668,34.560001373291016,34.959999084472656,1365600
2021-04-15,34.88646697998047,35.22999954223633,35.2599983215332,34.7400016784668,34.88999938964844,934500
2021-04-16,34.926082611083984,35.27000045776367,35.400001525878906,35.0,35.400001525878906,913100
2021-04-19,34.47056579589844,34.810001373291016,35.400001525878906,34.650001525878906,35.29999923706055,1113000
2021-04-20,34.83695602416992,35.18000030517578,35.29999923706055,34.75,34.75,898200
2021-04-21,34.83695602416992,35.18000030517578,35.52000045776367,35.099998474121094,35.2400016784668,863600
2021-04-22,34.94588851928711,35.290000915527344,35.689998626708984,35.25,35.29999923706055,1468900
2021-04-23,35.45091247558594,35.79999923706055,35.9900016784668,35.29999923706055,35.38999938964844,1321400
2021-04-26,35.55984115600586,35.90999984741211,36.220001220703125,35.72999954223633,35.869998931884766,1742000
2021-04-27,35.56974029541016,35.91999816894531,36.27999877929688,35.5,36.04999923706055,1784600
2021-04-28,36.054962158203125,36.40999984741211,37.400001525878906,36.13999938964844,36.630001068115234,1577600
2021-04-29,36.995704650878906,37.36000061035156,37.5,36.25,36.650001525878906,1676500
2021-04-30,36.91647720336914,37.27999877929688,37.34000015258789,36.86000061035156,37.2599983215332,1784100
2021-05-03,37.38189697265625,37.75,38.11000061035156,37.45000076293945,37.5,1287100
2021-05-04,37.243263244628906,37.61000061035156,37.880001068115234,37.25,37.650001525878906,1214000
2021-05-05,36.73823547363281,37.09999847412109,38.08000183105469,37.02000045776367,37.90999984741211,1037500
2021-05-06,36.6095085144043,36.970001220703125,37.15999984741211,36.52999877929688,37.040000915527344,876600
2021-05-07,36.83775329589844,37.119998931884766,37.2400016784668,36.630001068115234,36.810001373291016,881000
2021-05-10,36.93699264526367,37.220001220703125,37.68999862670898,36.9900016784668,37.15999984741211,724700
2021-05-11,36.66904830932617,36.95000076293945,37.02000045776367,36.56999969482422,36.900001525878906,946200
2021-05-12,35.478172302246094,35.75,36.68999862670898,35.75,36.59999847412109,1159700
2021-05-13,36.06368637084961,36.34000015258789,36.540000915527344,35.72999954223633,35.880001068115234,882800
2021-05-14,36.63927459716797,36.91999816894531,37.09999847412109,36.22999954223633,36.45000076293945,959600
2021-05-17,35.82550811767578,36.09999847412109,36.93999862670898,35.91999816894531,36.630001068115234,1237700
2021-05-18,35.13083267211914,35.400001525878906,36.119998931884766,35.380001068115234,35.95000076293945,1303500
2021-05-19,34.6743278503418,34.939998626708984,35.119998931884766,34.38999938964844,35.0,1421600
2021-05-20,34.793418884277344,35.060001373291016,35.31999969482422,34.939998626708984,35.119998931884766,1497200
2021-05-21,34.78349304199219,35.04999923706055,35.439998626708984,34.900001525878906,35.189998626708984,4957400
2021-05-24,34.13843536376953,34.400001525878906,35.369998931884766,34.31999969482422,35.369998931884766,1942400
2021-05-25,33.77124786376953,34.029998779296875,34.52000045776367,33.849998474121094,34.52000045776367,1735400
2021-05-26,33.60254669189453,33.86000061035156,34.34000015258789,33.630001068115234,34.060001373291016,1681500
2021-05-27,33.60254669189453,33.86000061035156,34.29999923706055,33.72999954223633,33.939998626708984,2225800
2021-05-28,33.83079147338867,34.09000015258789,34.41999816894531,33.97999954223633,34.09000015258789,1245100
2021-06-01,33.503299713134766,33.7599983215332,34.40999984741211,33.65999984741211,34.27000045776367,853500
2021-06-02,33.662086486816406,33.91999816894531,34.0099983215332,33.56999969482422,33.7400016784668,1245400
2021-06-03,32.83839416503906,33.09000015258789,33.77000045776367,33.0099983215332,33.689998626708984,1273100
2021-06-04,32.9376335144043,33.189998626708984,33.400001525878906,33.11000061035156,33.22999954223633,713800
2021-06-07,32.55059814453125,32.79999923706055,33.290000915527344,32.65999984741211,33.209999084472656,1098700
2021-06-08,32.868167877197266,33.119998931884766,33.150001525878906,32.7599983215332,32.9900016784668,906000
2021-06-09,32.79869842529297,33.04999923706055,33.59000015258789,33.0099983215332,33.38999938964844,1274500
2021-06-10,32.9376335144043,33.189998626708984,33.279998779296875,33.0099983215332,33.08000183105469,1079500
2021-06-11,33.066646575927734,33.31999969482422,33.400001525878906,33.0,33.290000915527344,1090600
2021-06-14,33.384212493896484,33.63999938964844,33.66999816894531,33.2599983215332,33.36000061035156,910100
2021-06-15,33.533077239990234,33.790000915527344,33.790000915527344,33.45000076293945,33.72999954223633,1657800
2021-06-16,32.91778564453125,33.16999816894531,33.90999984741211,33.15999984741211,33.90999984741211,1131200
2021-06-17,33.11626434326172,33.369998931884766,33.4900016784668,32.90999984741211,32.97999954223633,999300
2021-06-18,32.83839416503906,33.09000015258789,33.40999984741211,33.040000915527344,33.13999938964844,2011400
2021-06-21,33.473533630371094,33.72999954223633,33.88999938964844,33.2599983215332,33.310001373291016,1185900
2021-06-22,33.68193435668945,33.939998626708984,34.0,33.65999984741211,33.790000915527344,1806000
2021-06-23,33.3643684387207,33.619998931884766,34.09000015258789,33.58000183105469,34.09000015258789,783100
2021-06-24,33.64223861694336,33.900001525878906,33.970001220703125,33.650001525878906,33.79999923706055,839000
2021-06-25,33.78116989135742,34.040000915527344,34.09000015258789,33.790000915527344,34.04999923706055,1463900
2021-06-28,33.71170425415039,33.970001220703125,34.34000015258789,33.709999084472656,34.18000030517578,1021900
2021-06-29,34.15827941894531,34.41999816894531,34.66999816894531,33.709999084472656,33.86000061035156,1109900
2021-06-30,33.93996047973633,34.20000076293945,34.650001525878906,33.9900016784668,34.400001525878906,1171400
2021-07-01,34.34683990478516,34.61000061035156,34.65999984741211,34.27000045776367,34.34000015258789,844400
2021-07-02,34.39645767211914,34.65999984741211,34.7599983215332,34.459999084472656,34.709999084472656,825500
2021-07-06,34.68425369262695,34.95000076293945,34.9900016784668,34.29999923706055,34.70000076293945,968400
2021-07-07,35.30946350097656,35.58000183105469,35.619998931884766,34.77000045776367,34.880001068115234,1295800
2021-07-08,34.74379348754883,35.0099983215332,35.36000061035156,34.91999816894531,35.18000030517578,840800
2021-07-09,35.120906829833984,35.38999938964844,35.47999954223633,35.099998474121094,35.22999954223633,700600
2021-07-12,35.09114074707031,35.36000061035156,35.459999084472656,35.16999816894531,35.369998931884766,865700
2021-07-13,35.0712890625,35.34000015258789,35.68000030517578,35.18000030517578,35.29999923706055,850500
2021-07-14,35.09114074707031,35.36000061035156,35.52000045776367,34.97999954223633,35.439998626708984,1069200
2021-07-15,35.25984191894531,35.529998779296875,35.56999969482422,35.119998931884766,35.130001068115234,760800
2021-07-16,35.69649887084961,35.970001220703125,36.41999816894531,35.619998931884766,35.689998626708984,1265200
2021-07-19,35.99421691894531,36.27000045776367,36.43000030517578,35.599998474121094,35.689998626708984,1855600
2021-07-20,37.03623580932617,37.31999969482422,37.36000061035156,36.380001068115234,36.43000030517578,1864600
2021-07-21,37.11562728881836,37.400001525878906,37.52999877929688,37.20000076293945,37.20000076293945,1357700
2021-07-22,37.35380172729492,37.63999938964844,37.869998931884766,37.2599983215332,37.45000076293945,750000
2021-07-23,37.6118278503418,37.900001525878906,38.040000915527344,37.72999954223633,37.75,753500
2021-07-26,37.08584976196289,37.369998931884766,37.83000183105469,37.09999847412109,37.77000045776367,1122500
2021-07-27,36.86752700805664,37.150001525878906,37.4900016784668,36.97999954223633,37.2599983215332,1407500
2021-07-28,36.55988311767578,36.84000015258789,37.2599983215332,35.900001525878906,36.63999938964844,2430600
2021-07-29,37.5423583984375,37.83000183105469,38.43999862670898,37.18999862670898,37.27999877929688,1926800
2021-07-30,38.03855514526367,38.33000183105469,38.470001220703125,37.68000030517578,37.84999847412109,1203400
2021-08-02,38.24695587158203,38.540000915527344,38.7400016784668,38.09000015258789,38.5,1013700
2021-08-03,38.69353485107422,38.9900016784668,39.02000045776367,38.459999084472656,38.540000915527344,1129100
2021-08-04,38.70345687866211,39.0,39.31999969482422,38.79999923706055,38.95000076293945,1194600
2021-08-05,38.117942810058594,38.40999984741211,39.13999938964844,38.130001068115234,39.13999938964844,1246200
2021-08-06,37.86984634399414,38.15999984741211,38.59000015258789,38.06999969482422,38.43999862670898,1038600
2021-08-09,37.47205352783203,37.68000030517578,38.33000183105469,37.47999954223633,38.22999954223633,1006600
2021-08-10,37.173709869384766,37.380001068115234,37.68999862670898,37.36000061035156,37.59999847412109,777000
2021-08-11,37.18365478515625,37.38999938964844,37.65999984741211,37.09000015258789,37.400001525878906,721200
2021-08-12,36.98475646972656,37.18999862670898,37.310001373291016,37.09999847412109,37.220001220703125,646000
2021-08-13,36.94498062133789,37.150001525878906,37.220001220703125,36.90999984741211,37.20000076293945,910800
2021-08-16,37.37260818481445,37.58000183105469,37.630001068115234,36.86000061035156,37.0099983215332,951200
2021-08-17,37.74056243896485,37.95000076293945,37.970001220703125,37.27000045776367,37.5099983215332,1358200
2021-08-18,37.6212272644043,37.83000183105469,38.150001525878906,37.7599983215332,37.88999938964844,1065100
2021-08-19,38.55603790283203,38.77000045776367,38.959999084472656,37.560001373291016,37.72999954223633,1087600
2021-08-20,39.11294937133789,39.33000183105469,39.4900016784668,38.72999954223633,38.84999847412109,872200
2021-08-23,38.168190002441406,38.380001068115234,39.38999938964844,38.380001068115234,39.34999847412109,862300
2021-08-24,37.84001159667969,38.04999923706055,38.52000045776367,37.97999954223633,38.47999954223633,823500
2021-08-25,38.00907516479492,38.220001220703125,38.45000076293945,37.86000061035156,37.95000076293945,654600
2021-08-26,38.12841033935547,38.34000015258789,38.400001525878906,38.040000915527344,38.18000030517578,564700
2021-08-27,38.39691925048828,38.61000061035156,38.91999816894531,38.310001373291016,38.5,752800
2021-08-30,38.943885803222656,39.15999984741211,39.18999862670898,38.59000015258789,38.77000045776367,822400
2021-08-31,38.70520782470703,38.91999816894531,39.36000061035156,38.7400016784668,39.220001220703125,1395300
2021-09-01,38.70520782470703,38.91999816894531,39.130001068115234,38.59000015258789,38.9900016784668,1115200
2021-09-02,39.37151336669922,39.59000015258789,39.61000061035156,38.97999954223633,39.02000045776367,852000
2021-09-03,39.490848541259766,39.709999084472656,40.11000061035156,39.369998931884766,39.43000030517578,903200
2021-09-07,38.347198486328125,38.560001373291016,39.93999862670898,38.52000045776367,39.869998931884766,1340900
2021-09-08,39.01350021362305,39.22999954223633,39.400001525878906,38.38999938964844,38.5,1740700
2021-09-09,38.36708831787109,38.58000183105469,39.59000015258789,38.47999954223633,39.310001373291016,1478200
2021-09-10,38.73504638671875,38.95000076293945,39.33000183105469,38.5,38.72999954223633,995400
2021-09-13,37.700782775878906,37.90999984741211,39.2599983215332,37.52000045776367,39.15999984741211,1489200
2021-09-14,37.52177810668945,37.72999954223633,38.220001220703125,37.650001525878906,38.04999923706055,1203100
2021-09-15,36.99470138549805,37.20000076293945,37.720001220703125,37.13999938964844,37.720001220703125,2002000
2021-09-16,37.44222259521485,37.650001525878906,37.83000183105469,37.220001220703125,37.27000045776367,1672100
2021-09-17,36.93503189086914,37.13999938964844,37.88999938964844,36.709999084472656,37.56999969482422,4880100
2021-09-20,36.8753662109375,37.08000183105469,37.18999862670898,36.5,36.77000045776367,1671200
2021-09-21,37.18365478515625,37.38999938964844,37.7400016784668,37.18999862670898,37.2400016784668,1638900
2021-09-22,37.33282470703125,37.540000915527344,37.72999954223633,37.22999954223633,37.52999877929688,1060500
2021-09-23,37.322879791259766,37.52999877929688,37.91999816894531,37.43999862670898,37.7599983215332,839000
2021-09-24,37.28310012817383,37.4900016784668,37.52999877929688,37.220001220703125,37.47999954223633,656200
2021-09-27,36.37812423706055,36.58000183105469,37.369998931884766,36.5099983215332,37.369998931884766,888900
2021-09-28,35.48309326171875,35.68000030517578,36.470001220703125,35.400001525878906,36.22999954223633,1202800
2021-09-29,35.85104751586914,36.04999923706055,36.220001220703125,35.7400016784668,35.779998779296875,807500
2021-09-30,35.1350212097168,35.33000183105469,36.310001373291016,35.310001373291016,36.15999984741211,1139500
2021-10-01,35.43336868286133,35.630001068115234,35.869998931884766,34.779998779296875,35.52000045776367,1140900
2021-10-04,35.26430130004883,35.459999084472656,35.810001373291016,35.04999923706055,35.59000015258789,1172500
2021-10-05,35.71181869506836,35.90999984741211,36.02000045776367,35.34000015258789,35.529998779296875,957800
2021-10-06,36.17922592163086,36.380001068115234,36.470001220703125,35.650001525878906,35.650001525878906,1059300
2021-10-07,36.5372428894043,36.7400016784668,37.33000183105469,36.65999984741211,36.68000030517578,909700
2021-10-08,36.48751449584961,36.68999862670898,36.84999847412109,36.29999923706055,36.66999816894531,652200
2021-10-11,35.91071701049805,36.11000061035156,36.810001373291016,36.08000183105469,36.630001068115234,477400
2021-10-12,35.841102600097656,36.040000915527344,36.34000015258789,35.959999084472656,36.22999954223633,544400
2021-10-13,36.37812423706055,36.58000183105469,36.59999847412109,35.84000015258789,36.15999984741211,1000400
2021-10-14,36.99470138549805,37.20000076293945,37.33000183105469,36.77999877929688,36.93999862670898,813400
2021-10-15,37.094146728515625,37.29999923706055,37.630001068115234,37.220001220703125,37.43000030517578,814600
2021-10-18,37.90962219238281,38.119998931884766,38.130001068115234,37.130001068115234,37.22999954223633,1098700
2021-10-19,38.1085205078125,38.31999969482422,38.36000061035156,37.93999862670898,38.29999923706055,619600
2021-10-20,38.21791458129883,38.43000030517578,38.66999816894531,38.33000183105469,38.47999954223633,721000
2021-10-21,38.37702941894531,38.59000015258789,38.65999984741211,38.15999984741211,38.52999877929688,928800
2021-10-22,38.874271392822266,39.09000015258789,39.15999984741211,38.5099983215332,38.61000061035156,836400
2021-10-25,39.03338623046875,39.25,39.400001525878906,38.79999923706055,39.02999877929688,968700
2021-10-26,39.11294937133789,39.33000183105469,39.70000076293945,39.20000076293945,39.43000030517578,1057200
2021-10-27,34.88640213012695,35.08000183105469,39.060001373291016,35.06999969482422,38.84000015258789,2064200
2021-10-28,34.62783432006836,34.81999969482422,35.279998779296875,34.63999938964844,34.790000915527344,1796100
2021-10-29,35.03557586669922,35.22999954223633,35.369998931884766,34.41999816894531,34.720001220703125,1995200
2021-11-01,34.011260986328125,34.20000076293945,35.36000061035156,34.040000915527344,35.2400016784668,1543200
2021-11-02,34.936126708984375,35.130001068115234,35.56999969482422,34.220001220703125,34.220001220703125,1923800
2021-11-03,34.926177978515625,35.119998931884766,35.209999084472656,34.27000045776367,35.099998474121094,1213500
2021-11-04,36.089725494384766,36.290000915527344,36.54999923706055,35.2400016784668,35.310001373291016,2060100
2021-11-05,35.6620979309082,35.86000061035156,36.5,35.709999084472656,36.380001068115234,1126100
2021-11-08,35.552703857421875,35.75,36.08000183105469,35.36000061035156,35.900001525878906,1264800
2021-11-09,35.33342742919922,35.45000076293945,35.790000915527344,35.2599983215332,35.560001373291016,1084700
2021-11-10,35.64240646362305,35.7599983215332,35.790000915527344,35.29999923706055,35.29999923706055,954500
2021-11-11,35.51283645629883,35.630001068115234,35.970001220703125,35.4900016784668,35.970001220703125,572400
2021-11-12,35.87165069580078,35.9900016784668,36.09999847412109,35.58000183105469,35.75,704200
2021-11-15,35.76201248168945,35.880001068115234,36.310001373291016,35.720001220703125,35.970001220703125,957600
2021-11-16,35.921485900878906,36.040000915527344,36.369998931884766,35.849998474121094,35.939998626708984,874600
2021-11-17,35.84174728393555,35.959999084472656,36.11000061035156,35.4900016784668,36.11000061035156,910300
2021-11-18,35.52280044555664,35.63999938964844,36.09000015258789,35.5,35.9900016784668,818900
2021-11-19,35.303524017333984,35.41999816894531,35.900001525878906,35.25,35.779998779296875,1930800
2021-11-22,35.12411880493164,35.2400016784668,35.880001068115234,35.09000015258789,35.41999816894531,1780700
2021-11-23,35.78194808959961,35.900001525878906,35.95000076293945,35.09000015258789,35.130001068115234,1293000
2021-11-24,35.88161849975586,36.0,36.34000015258789,35.79999923706055,35.86000061035156,1071500
2021-11-26,35.34339141845703,35.459999084472656,36.25,35.400001525878906,35.70000076293945,957300
2021-11-29,35.21382141113281,35.33000183105469,35.779998779296875,34.91999816894531,35.66999816894531,1639500
2021-11-30,33.170562744140625,33.279998779296875,35.20000076293945,33.2400016784668,35.20000076293945,6421000
2021-12-01,31.83496856689453,31.940000534057617,33.70000076293945,31.920000076293945,33.5,2084400
2021-12-02,32.16388320922852,32.27000045776367,32.810001373291016,32.09000015258789,32.09000015258789,1631900
2021-12-03,31.66552925109864,31.770000457763672,32.61000061035156,31.43000030517578,32.45000076293945,2026400
2021-12-06,32.08414459228516,32.189998626708984,32.41999816894531,31.56999969482422,32.11000061035156,2840100
2021-12-07,32.38316345214844,32.4900016784668,32.900001525878906,32.41999816894531,32.650001525878906,2413900
2021-12-08,32.96125411987305,33.06999969482422,33.099998474121094,32.279998779296875,32.40999984741211,2462200
2021-12-09,32.14394760131836,32.25,33.119998931884766,32.209999084472656,33.060001373291016,1245600
2021-12-10,31.80506706237793,31.90999984741211,32.380001068115234,31.739999771118164,32.290000915527344,1720600
2021-12-13,32.20375442504883,32.310001373291016,32.4900016784668,31.8700008392334,31.950000762939453,2105000
2021-12-14,32.2336540222168,32.34000015258789,32.790000915527344,32.15999984741211,32.22999954223633,3004100
2021-12-15,32.413063049316406,32.52000045776367,32.83000183105469,32.209999084472656,32.279998779296875,3581200
2021-12-16,32.83168029785156,32.939998626708984,33.08000183105469,32.45000076293945,32.650001525878906,2896700
2021-12-17,32.66223907470703,32.77000045776367,33.16999816894531,32.45000076293945,32.810001373291016,4845000
2021-12-20,32.064208984375,32.16999816894531,32.63999938964844,31.920000076293945,32.56999969482422,2654300
2021-12-21,32.47286605834961,32.58000183105469,32.720001220703125,32.119998931884766,32.41999816894531,2346200
2021-12-22,32.53266525268555,32.63999938964844,32.709999084472656,32.380001068115234,32.52000045776367,891600
2021-12-23,32.67220687866211,32.779998779296875,33.060001373291016,32.70000076293945,32.720001220703125,1037900
2021-12-27,32.991153717041016,33.099998474121094,33.16999816894531,32.66999816894531,32.900001525878906,940200
2021-12-28,33.40977478027344,33.52000045776367,33.709999084472656,33.119998931884766,33.349998474121094,2884900
2021-12-29,33.439674377441406,33.54999923706055,33.86000061035156,33.40999984741211,33.540000915527344,4301500
2021-12-30,33.52937698364258,33.63999938964844,33.77000045776367,33.20000076293945,33.45000076293945,1098600
2021-12-31,34.097503662109375,34.209999084472656,34.45000076293945,33.619998931884766,33.66999816894531,1288000
2022-01-03,33.48950958251953,33.599998474121094,34.40999984741211,33.08000183105469,34.220001220703125,1876400
2022-01-04,33.77855682373047,33.88999938964844,34.189998626708984,33.31999969482422,33.400001525878906,1781800
2022-01-05,32.79181289672852,32.900001525878906,33.959999084472656,32.880001068115234,33.849998474121094,2547000
2022-01-06,33.439674377441406,33.54999923706055,33.68000030517578,32.72999954223633,32.7400016784668,1697500
2022-01-07,33.5792121887207,33.689998626708984,33.88999938964844,33.5,33.599998474121094,2407600
2022-01-10,33.66891860961914,33.779998779296875,33.79999923706055,32.84000015258789,33.650001525878906,2549300
2022-01-11,33.48950958251953,33.599998474121094,33.90999984741211,33.04999923706055,33.72999954223633,2215400
2022-01-12,33.75862121582031,33.869998931884766,34.04999923706055,33.56999969482422,33.689998626708984,1855400
2022-01-13,33.38983917236328,33.5,34.130001068115234,33.220001220703125,33.90999984741211,1985800
2022-01-14,32.50276565551758,32.61000061035156,33.13999938964844,32.5,33.119998931884766,1673200
2022-01-18,31.6057243347168,31.709999084472656,32.20000076293945,31.40999984741211,31.8799991607666,1824100
2022-01-19,31.884803771972656,31.989999771118164,32.08000183105469,31.540000915527344,31.71999931335449,1882100
2022-01-20,31.5459213256836,31.64999961853028,32.529998779296875,31.6200008392334,32.15999984741211,1441900
2022-01-21,31.21700668334961,31.31999969482422,31.979999542236328,31.270000457763672,31.65999984741211,1685100
2022-01-24,31.79509925842285,31.89999961853028,31.93000030517578,30.40999984741211,30.959999084472656,2583100
2022-01-25,31.15720558166504,31.26000022888184,31.700000762939453,30.8700008392334,31.32999992370605,3328500
2022-01-26,29.60233497619629,29.700000762939453,30.479999542236328,29.34000015258789,30.020000457763672,10402900
2022-01-27,28.87473487854004,28.96999931335449,30.06999969482422,28.51000022888184,29.88999938964844,3361200
2022-01-28,29.861478805541992,29.959999084472656,29.96999931335449,28.549999237060547,28.989999771118164,2436800
2022-01-31,30.748554229736328,30.850000381469727,30.940000534057617,29.790000915527344,29.88999938964844,3883800
2022-02-01,30.927961349487305,31.030000686645508,31.170000076293945,30.6200008392334,31.020000457763672,1389400
2022-02-02,31.35654640197754,31.459999084472656,31.59000015258789,30.81999969482422,30.93000030517578,1506500
2022-02-03,30.618980407714844,30.71999931335449,31.38999938964844,30.670000076293945,31.21999931335449,1555600
2022-02-04,30.349868774414062,30.450000762939453,30.690000534057617,29.950000762939453,30.5,2403600
2022-02-07,30.38973617553711,30.489999771118164,30.770000457763672,30.350000381469727,30.549999237060547,2564600
2022-02-08,30.309999465942383,30.40999984741211,30.63999938964844,30.21999931335449,30.3799991607666,1422400
2022-02-09,31.350000381469727,31.350000381469727,31.3700008392334,30.57999992370605,30.57999992370605,1727400
2022-02-10,30.93000030517578,30.93000030517578,31.290000915527344,30.600000381469727,30.770000457763672,2243500
2022-02-11,30.729999542236328,30.729999542236328,31.299999237060547,30.459999084472656,30.989999771118164,2242100
2022-02-14,30.84000015258789,30.84000015258789,31.030000686645508,30.549999237060547,30.700000762939453,1705100
2022-02-15,31.299999237060547,31.299999237060547,31.350000381469727,30.8700008392334,31.270000457763672,2020800
2022-02-16,31.3700008392334,31.3700008392334,31.520000457763672,30.75,31.209999084472656,1262500
2022-02-17,31.190000534057617,31.190000534057617,31.459999084472656,31.07999992370605,31.25,1192900
2022-02-18,31.1299991607666,31.1299991607666,31.6200008392334,30.690000534057617,31.229999542236328,2978700
2022-02-22,30.989999771118164,30.989999771118164,31.32999992370605,30.770000457763672,30.96999931335449,2605300
2022-02-23,30.309999465942383,30.309999465942383,31.350000381469727,30.26000022888184,31.14999961853028,2033800
2022-02-24,31.600000381469727,31.600000381469727,31.670000076293945,29.81999969482422,29.940000534057617,2366400
2022-02-25,32.130001068115234,32.130001068115234,32.220001220703125,31.59000015258789,31.600000381469727,2477700
2022-02-28,32.630001068115234,32.630001068115234,32.70000076293945,31.8799991607666,31.88999938964844,2365600
2022-03-01,33.15999984741211,33.15999984741211,33.40999984741211,32.290000915527344,32.650001525878906,2437600
2022-03-02,34.08000183105469,34.08000183105469,34.22999954223633,33.18000030517578,33.209999084472656,2379000
2022-03-03,33.47999954223633,33.47999954223633,34.29999923706055,33.31999969482422,34.2599983215332,2788700
2022-03-04,34.0099983215332,34.0099983215332,34.09000015258789,32.88999938964844,33.31999969482422,1877600
2022-03-07,33.959999084472656,33.959999084472656,34.130001068115234,33.470001220703125,34.06999969482422,2155800
2022-03-08,32.56999969482422,32.56999969482422,33.84000015258789,32.43000030517578,33.630001068115234,3502400
2022-03-09,32.720001220703125,32.720001220703125,33.38999938964844,32.66999816894531,32.9900016784668,1401600
2022-03-10,32.599998474121094,32.599998474121094,32.619998931884766,32.16999816894531,32.33000183105469,1258700
2022-03-11,32.20000076293945,32.20000076293945,32.849998474121094,32.099998474121094,32.66999816894531,1965400
2022-03-14,33.36000061035156,33.36000061035156,33.470001220703125,32.220001220703125,32.459999084472656,1767300
2022-03-15,33.43000030517578,33.43000030517578,33.7599983215332,33.04999923706055,33.619998931884766,1395500
2022-03-16,33.7599983215332,33.7599983215332,33.91999816894531,33.13999938964844,33.439998626708984,1836800
2022-03-17,34.25,34.25,34.279998779296875,33.54999923706055,33.77000045776367,1449400
2022-03-18,34.20000076293945,34.20000076293945,34.369998931884766,33.84000015258789,34.34000015258789,2855700
2022-03-21,33.83000183105469,33.83000183105469,34.400001525878906,33.5,34.09000015258789,1458800
2022-03-22,33.709999084472656,33.709999084472656,34.04999923706055,33.619998931884766,33.84000015258789,1354700
2022-03-23,33.41999816894531,33.41999816894531,33.650001525878906,33.2400016784668,33.56999969482422,900700
2022-03-24,33.540000915527344,33.540000915527344,33.790000915527344,33.209999084472656,33.61000061035156,771100
2022-03-25,33.810001373291016,33.810001373291016,33.91999816894531,33.470001220703125,33.68000030517578,597800
2022-03-28,34.41999816894531,34.41999816894531,34.41999816894531,33.779998779296875,33.84000015258789,643900
2022-03-29,35.150001525878906,35.150001525878906,35.2599983215332,34.7400016784668,34.7400016784668,1103100
2022-03-30,35.439998626708984,35.439998626708984,35.439998626708984,34.95000076293945,35.130001068115234,835800
2022-03-31,35.04999923706055,35.04999923706055,35.70000076293945,35.040000915527344,35.5,1455300
2022-04-01,34.810001373291016,34.810001373291016,35.060001373291016,34.45000076293945,35.060001373291016,903500
2022-04-04,35.09000015258789,35.09000015258789,35.189998626708984,34.619998931884766,34.88999938964844,830200
2022-04-05,34.849998474121094,34.849998474121094,35.54999923706055,34.790000915527344,35.04999923706055,862700
2022-04-06,34.9900016784668,34.9900016784668,35.11000061035156,34.560001373291016,34.720001220703125,1352400
2022-04-07,35.540000915527344,35.540000915527344,35.66999816894531,34.849998474121094,34.9900016784668,1458000
2022-04-08,35.38999938964844,35.38999938964844,35.75,35.33000183105469,35.52000045776367,911200
2022-04-11,35.560001373291016,35.560001373291016,35.90999984741211,35.40999984741211,35.52000045776367,985400
2022-04-12,35.43000030517578,35.43000030517578,35.93000030517578,35.36000061035156,35.54999923706055,1063600
2022-04-13,35.47999954223633,35.47999954223633,35.7599983215332,35.369998931884766,35.369998931884766,708100
2022-04-14,34.900001525878906,34.900001525878906,35.7400016784668,34.86000061035156,35.599998474121094,919400
2022-04-18,34.290000915527344,34.290000915527344,35.02000045776367,34.060001373291016,34.84000015258789,831200
2022-04-19,34.59000015258789,34.59000015258789,34.779998779296875,34.290000915527344,34.34000015258789,1111800
2022-04-20,34.59000015258789,34.59000015258789,34.86000061035156,34.43000030517578,34.86000061035156,1508100
2022-04-21,34.5099983215332,34.5099983215332,34.9900016784668,34.400001525878906,34.81999969482422,930500
2022-04-22,33.58000183105469,33.58000183105469,34.5,33.540000915527344,34.380001068115234,1136000
2022-04-25,33.400001525878906,33.400001525878906,33.619998931884766,32.7599983215332,33.52000045776367,1366600
2022-04-26,32.720001220703125,32.720001220703125,33.38999938964844,32.689998626708984,33.31999969482422,2413900
2022-04-27,33.5099983215332,33.5099983215332,34.5099983215332,32.0,32.86000061035156,1839900
2022-04-28,34.43000030517578,34.43000030517578,34.630001068115234,33.52000045776367,33.7599983215332,1582900
2022-04-29,33.540000915527344,33.540000915527344,34.209999084472656,33.470001220703125,34.20000076293945,1810700
2022-05-02,33.20000076293945,33.20000076293945,34.02000045776367,32.88999938964844,33.52000045776367,1995900
2022-05-03,32.709999084472656,32.709999084472656,33.56999969482422,32.529998779296875,33.27000045776367,2316800
2022-05-04,34.06999969482422,34.06999969482422,34.130001068115234,32.58000183105469,32.63999938964844,1855100
2022-05-05,33.41999816894531,33.41999816894531,34.0,33.130001068115234,33.90999984741211,1466400
2022-05-06,34.029998779296875,34.029998779296875,34.130001068115234,32.90999984741211,33.310001373291016,1888900
2022-05-09,33.61000061035156,33.61000061035156,34.2400016784668,33.45000076293945,33.689998626708984,1833200
2022-05-10,32.880001068115234,32.880001068115234,34.220001220703125,32.4900016784668,33.90999984741211,1910300
2022-05-11,33.20000076293945,33.20000076293945,33.79999923706055,32.68000030517578,32.869998931884766,2199200
2022-05-12,33.22999954223633,33.22999954223633,33.5099983215332,32.81999969482422,33.060001373291016,1946700
2022-05-13,34.04999923706055,34.04999923706055,34.29999923706055,33.529998779296875,33.54999923706055,1100900
2022-05-16,34.810001373291016,34.810001373291016,34.91999816894531,33.75,33.970001220703125,1245600
2022-05-17,35.38999938964844,35.38999938964844,35.5,34.63999938964844,35.08000183105469,1313000
2022-05-18,34.400001525878906,34.400001525878906,35.13999938964844,34.29999923706055,35.0,1665800
2022-05-19,34.33000183105469,34.33000183105469,34.86000061035156,33.66999816894531,34.18000030517578,1362600
2022-05-20,35.279998779296875,35.279998779296875,35.29999923706055,34.459999084472656,34.58000183105469,1985200
2022-05-23,35.209999084472656,35.209999084472656,35.630001068115234,34.97999954223633,35.56999969482422,1223200
2022-05-24,35.20000076293945,35.20000076293945,35.4900016784668,34.470001220703125,35.13999938964844,2796300
2022-05-25,35.31999969482422,35.31999969482422,35.5099983215332,34.70000076293945,35.209999084472656,1818300
2022-05-26,36.25,36.25,36.36000061035156,35.65999984741211,35.709999084472656,1305100
2022-05-27,36.61000061035156,36.61000061035156,36.970001220703125,36.41999816894531,36.470001220703125,1472200
2022-05-31,35.459999084472656,35.459999084472656,36.2599983215332,35.27000045776367,36.2599983215332,6265400
2022-06-01,34.9900016784668,34.9900016784668,35.349998474121094,34.720001220703125,35.0099983215332,1765100
2022-06-02,34.790000915527344,34.790000915527344,35.31999969482422,34.40999984741211,35.13999938964844,2028800
2022-06-03,34.91999816894531,34.91999816894531,35.06999969482422,34.34000015258789,34.41999816894531,1258400
2022-06-06,35.040000915527344,35.040000915527344,35.43000030517578,34.9900016784668,35.15999984741211,1216300
2022-06-07,35.5,35.5,35.54999923706055,34.58000183105469,34.7599983215332,988400
2022-06-08,34.84000015258789,34.84000015258789,35.310001373291016,34.7400016784668,35.20000076293945,840500
2022-06-09,34.15999984741211,34.15999984741211,35.09000015258789,34.13999938964844,34.720001220703125,935400
2022-06-10,33.939998626708984,33.939998626708984,34.209999084472656,33.47999954223633,33.7400016784668,1281600
2022-06-13,32.97999954223633,32.97999954223633,33.61000061035156,32.81999969482422,33.310001373291016,1359700
2022-06-14,32.779998779296875,32.779998779296875,33.2400016784668,32.459999084472656,32.97999954223633,1470700
2022-06-15,32.77000045776367,32.77000045776367,33.16999816894531,32.5099983215332,33.04999923706055,1628000
2022-06-16,32.02000045776367,32.02000045776367,32.540000915527344,31.809999465942383,32.2400016784668,1355300
2022-06-17,31.780000686645508,31.780000686645508,32.189998626708984,31.43000030517578,31.86000061035156,2429300
2022-06-21,32.45000076293945,32.45000076293945,32.66999816894531,32.0,32.06999969482422,1341500
2022-06-22,33.04999923706055,33.04999923706055,33.11000061035156,32.099998474121094,32.189998626708984,1109800
2022-06-23,34.150001525878906,34.150001525878906,34.16999816894531,33.130001068115234,33.220001220703125,904700
2022-06-24,35.11000061035156,35.11000061035156,35.130001068115234,34.400001525878906,34.650001525878906,1744600
2022-06-27,35.279998779296875,35.279998779296875,35.38999938964844,34.68000030517578,35.150001525878906,1110200
2022-06-28,34.5099983215332,34.5099983215332,35.40999984741211,34.459999084472656,35.31999969482422,924400
2022-06-29,34.970001220703125,34.970001220703125,35.02000045776367,34.5,34.65999984741211,1115300
2022-06-30,34.91999816894531,34.91999816894531,35.029998779296875,34.599998474121094,34.810001373291016,2840200
2022-07-01,35.0,35.0,35.27000045776367,34.59000015258789,34.869998931884766,1677200
2022-07-05,34.97999954223633,34.97999954223633,35.0,34.02000045776367,34.720001220703125,1445500
2022-07-06,35.88999938964844,35.88999938964844,36.09000015258789,34.869998931884766,35.119998931884766,1891900
2022-07-07,36.59000015258789,36.59000015258789,36.75,35.7599983215332,35.79999923706055,1626900
2022-07-08,36.709999084472656,36.709999084472656,36.88999938964844,36.18000030517578,36.33000183105469,1321700
2022-07-11,36.95000076293945,36.95000076293945,37.0099983215332,36.59999847412109,36.650001525878906,1009500
2022-07-12,35.900001525878906,35.900001525878906,37.220001220703125,35.560001373291016,36.88999938964844,1681400
2022-07-13,35.33000183105469,35.33000183105469,35.849998474121094,35.22999954223633,35.45000076293945,1311700
2022-07-14,35.15999984741211,35.15999984741211,35.380001068115234,34.63999938964844,35.029998779296875,993600
2022-07-15,35.599998474121094,35.599998474121094,35.79999923706055,35.40999984741211,35.560001373291016,882400
2022-07-18,35.18000030517578,35.18000030517578,35.86000061035156,35.09000015258789,35.630001068115234,1059400
2022-07-19,36.43999862670898,36.43999862670898,36.52999877929688,35.38999938964844,35.5,1321700
2022-07-20,36.43999862670898,36.43999862670898,36.880001068115234,36.2400016784668,36.40999984741211,1652900
2022-07-21,36.560001373291016,36.560001373291016,36.58000183105469,36.15999984741211,36.5,657100
2022-07-22,36.470001220703125,36.470001220703125,37.02999877929688,36.22999954223633,36.619998931884766,1705700
2022-07-25,36.4900016784668,36.4900016784668,36.59999847412109,36.22999954223633,36.41999816894531,1021100
2022-07-26,36.220001220703125,36.220001220703125,36.66999816894531,35.880001068115234,36.310001373291016,1444600
2022-07-27,35.36000061035156,35.36000061035156,36.880001068115234,34.060001373291016,36.880001068115234,3418100
2022-07-28,38.56999969482422,38.56999969482422,39.20000076293945,35.560001373291016,35.689998626708984,3139500
2022-07-29,38.56999969482422,38.56999969482422,39.04999923706055,38.27000045776367,38.43000030517578,2636000
2022-08-01,39.09999847412109,39.09999847412109,39.150001525878906,38.209999084472656,38.459999084472656,1302100
2022-08-02,38.52999877929688,38.52999877929688,39.09999847412109,38.47999954223633,39.08000183105469,926000
2022-08-03,38.2599983215332,38.2599983215332,38.68999862670898,38.2400016784668,38.66999816894531,1631500
2022-08-04,37.7400016784668,37.7400016784668,38.27999877929688,37.369998931884766,38.16999816894531,1956100
2022-08-05,37.59999847412109,37.59999847412109,37.77000045776367,37.06999969482422,37.369998931884766,1008100
2022-08-08,37.77999877929688,37.77999877929688,38.04999923706055,37.59000015258789,37.81999969482422,1136500
2022-08-09,37.040000915527344,37.040000915527344,37.70000076293945,36.93999862670898,37.70000076293945,1085300
2022-08-10,37.33000183105469,37.33000183105469,37.709999084472656,36.97999954223633,37.59000015258789,1952900
2022-08-11,36.650001525878906,36.650001525878906,37.4900016784668,36.56999969482422,37.220001220703125,1160200
2022-08-12,36.970001220703125,36.970001220703125,37.09000015258789,36.45000076293945,36.68000030517578,1385500
2022-08-15,36.900001525878906,36.900001525878906,37.060001373291016,36.58000183105469,36.68999862670898,1113600
2022-08-16,37.4900016784668,37.4900016784668,37.880001068115234,36.56999969482422,36.56999969482422,1733500
2022-08-17,37.040000915527344,37.040000915527344,37.31999969482422,36.91999816894531,37.0,1681500
2022-08-18,37.18999862670898,37.18999862670898,37.2599983215332,37.0099983215332,37.130001068115234,1332300
2022-08-19,36.540000915527344,36.540000915527344,37.09999847412109,36.43000030517578,37.08000183105469,1327300
2022-08-22,36.400001525878906,36.400001525878906,36.7400016784668,36.08000183105469,36.22999954223633,1860100
2022-08-23,35.810001373291016,35.810001373291016,36.310001373291016,35.720001220703125,36.18000030517578,1120700
2022-08-24,35.59000015258789,35.59000015258789,36.0099983215332,35.279998779296875,35.9900016784668,1015300
2022-08-25,35.66999816894531,35.66999816894531,35.720001220703125,35.34000015258789,35.709999084472656,717000
2022-08-26,34.47999954223633,34.47999954223633,35.689998626708984,34.459999084472656,35.66999816894531,1099400
2022-08-29,34.040000915527344,34.040000915527344,34.380001068115234,34.02000045776367,34.20000076293945,1054600
2022-08-30,33.849998474121094,33.849998474121094,34.119998931884766,33.65999984741211,34.04999923706055,1024600
2022-08-31,33.7599983215332,33.7599983215332,33.95000076293945,33.560001373291016,33.95000076293945,2505800
2022-09-01,34.15999984741211,34.15999984741211,34.16999816894531,33.380001068115234,33.66999816894531,1356400
2022-09-02,33.7400016784668,33.7400016784668,34.5099983215332,33.560001373291016,34.5,942600
2022-09-06,35.779998779296875,35.779998779296875,36.09000015258789,34.439998626708984,34.72999954223633,3111900
2022-09-07,35.959999084472656,35.959999084472656,36.18000030517578,35.58000183105469,35.84000015258789,1800900
2022-09-08,36.22999954223633,36.22999954223633,36.27000045776367,35.66999816894531,35.7400016784668,1112100
2022-09-09,36.119998931884766,36.119998931884766,36.45000076293945,35.970001220703125,36.209999084472656,1096000
2022-09-12,36.2599983215332,36.2599983215332,36.40999984741211,36.060001373291016,36.150001525878906,902600
2022-09-13,35.93000030517578,35.93000030517578,36.38999938964844,35.56999969482422,35.72999954223633,1549900
2022-09-14,36.33000183105469,36.33000183105469,36.81999969482422,35.97999954223633,36.02000045776367,1368800
2022-09-15,35.79999923706055,35.79999923706055,36.27000045776367,35.689998626708984,36.2599983215332,1167100
2022-09-16,35.56999969482422,35.56999969482422,35.7400016784668,35.22999954223633,35.56999969482422,2346900
2022-09-19,36.22999954223633,36.22999954223633,36.25,35.290000915527344,35.38999938964844,977200
2022-09-20,35.7599983215332,35.7599983215332,36.16999816894531,35.4900016784668,36.040000915527344,833700
2022-09-21,35.5,35.5,36.34000015258789,35.45000076293945,36.0099983215332,691500
2022-09-22,34.900001525878906,34.900001525878906,35.40999984741211,34.83000183105469,35.34000015258789,576600
2022-09-23,34.779998779296875,34.779998779296875,34.97999954223633,34.290000915527344,34.70000076293945,857800
2022-09-26,34.630001068115234,34.630001068115234,35.040000915527344,34.41999816894531,34.77000045776367,832500
2022-09-27,34.34000015258789,34.34000015258789,35.0,34.20000076293945,34.91999816894531,737700
2022-09-28,34.900001525878906,34.900001525878906,35.06999969482422,34.25,34.59000015258789,905200
2022-09-29,35.13999938964844,35.13999938964844,35.25,34.689998626708984,34.779998779296875,888300
2022-09-30,34.68000030517578,34.68000030517578,35.61000061035156,34.63999938964844,35.13999938964844,1338000
2022-10-03,35.380001068115234,35.380001068115234,35.630001068115234,34.720001220703125,34.90999984741211,1308900
2022-10-04,37.09999847412109,37.09999847412109,37.119998931884766,35.599998474121094,35.75,1462500
2022-10-05,36.68000030517578,36.68000030517578,37.09999847412109,36.18000030517578,36.77999877929688,1000800
2022-10-06,37.130001068115234,37.130001068115234,37.18999862670898,36.45000076293945,36.630001068115234,1283100
2022-10-07,36.15999984741211,36.15999984741211,36.9900016784668,36.060001373291016,36.84000015258789,1153000
2022-10-10,36.45000076293945,36.45000076293945,36.630001068115234,36.0,36.31999969482422,759700
2022-10-11,36.36000061035156,36.36000061035156,36.619998931884766,36.02999877929688,36.40999984741211,1014200
2022-10-12,36.20000076293945,36.20000076293945,36.560001373291016,36.16999816894531,36.560001373291016,1175000
2022-10-13,36.060001373291016,36.060001373291016,36.36000061035156,34.529998779296875,35.47999954223633,1596500
2022-10-14,35.02000045776367,35.02000045776367,36.560001373291016,34.47999954223633,36.459999084472656,2380300
2022-10-17,36.13999938964844,36.13999938964844,36.25,35.400001525878906,35.400001525878906,1091200
2022-10-18,36.66999816894531,36.66999816894531,36.93999862670898,36.34999847412109,36.66999816894531,991800
2022-10-19,36.880001068115234,36.880001068115234,36.90999984741211,36.290000915527344,36.54999923706055,1036300
2022-10-20,35.9900016784668,35.9900016784668,37.08000183105469,35.650001525878906,36.900001525878906,1297000
2022-10-21,36.43000030517578,36.43000030517578,36.540000915527344,35.65999984741211,36.02999877929688,1169600
2022-10-24,36.27999877929688,36.27999877929688,37.20000076293945,36.27000045776367,36.93999862670898,1405700
2022-10-25,35.939998626708984,35.939998626708984,36.08000183105469,35.060001373291016,35.81999969482422,2005800
2022-10-26,39.54999923706055,39.54999923706055,39.88999938964844,36.970001220703125,37.65999984741211,3618100
2022-10-27,41.02000045776367,41.02000045776367,41.310001373291016,39.84000015258789,40.0,2531500
2022-10-28,41.869998931884766,41.869998931884766,41.900001525878906,41.0,41.04999923706055,1987000
2022-10-31,42.08000183105469,42.08000183105469,42.2400016784668,41.470001220703125,41.58000183105469,2158400
2022-11-01,42.20000076293945,42.20000076293945,42.59999847412109,41.65999984741211,42.2400016784668,1459900
2022-11-02,41.869998931884766,41.869998931884766,43.060001373291016,41.84999847412109,42.119998931884766,1602600
2022-11-03,42.290000915527344,42.290000915527344,42.7400016784668,41.5099983215332,41.56999969482422,1388300
2022-11-04,41.90999984741211,41.90999984741211,43.0,41.560001373291016,42.540000915527344,1509300
2022-11-07,41.75,41.75,42.0,41.54999923706055,41.90999984741211,1261000
2022-11-08,42.0,42.0,42.68999862670898,41.66999816894531,41.810001373291016,1455700
2022-11-09,41.54999923706055,41.54999923706055,42.06999969482422,41.4900016784668,41.75,1131900
2022-11-10,42.02000045776367,42.02000045776367,42.86000061035156,41.470001220703125,42.72999954223633,2134200
2022-11-11,41.59000015258789,41.59000015258789,42.20000076293945,41.2599983215332,42.20000076293945,2092700
2022-11-14,41.880001068115234,41.880001068115234,42.470001220703125,41.61000061035156,41.65999984741211,1500200
2022-11-15,41.470001220703125,41.470001220703125,42.209999084472656,41.36000061035156,42.040000915527344,1171500
2022-11-16,42.02999877929688,42.02999877929688,42.540000915527344,41.619998931884766,41.66999816894531,1020100
2022-11-17,41.84000015258789,41.84000015258789,41.84999847412109,41.02000045776367,41.77000045776367,1092100
2022-11-18,42.459999084472656,42.459999084472656,42.72999954223633,41.630001068115234,42.20000076293945,1616900
2022-11-21,42.119998931884766,42.119998931884766,42.65999984741211,41.93999862670898,42.59999847412109,1162700
2022-11-22,39.540000915527344,39.540000915527344,40.290000915527344,39.310001373291016,39.869998931884766,4804200
2022-11-23,39.720001220703125,39.720001220703125,39.97999954223633,39.52999877929688,39.72999954223633,1774700
2022-11-25,39.9900016784668,39.9900016784668,40.150001525878906,39.77999877929688,39.86000061035156,597200
2022-11-28,39.77999877929688,39.77999877929688,40.34000015258789,39.66999816894531,39.77999877929688,1751300
2022-11-29,39.83000183105469,39.83000183105469,39.93999862670898,39.34000015258789,39.77999877929688,1660900
2022-11-30,40.43999862670898,40.43999862670898,40.59000015258789,39.52999877929688,39.86000061035156,3007100
2022-12-01,40.38999938964844,40.38999938964844,40.7400016784668,39.84999847412109,40.68999862670898,1601100
2022-12-02,40.47999954223633,40.47999954223633,40.59000015258789,39.68000030517578,39.9900016784668,1221700
2022-12-05,39.59999847412109,39.59999847412109,40.16999816894531,39.25,40.0,1344200
2022-12-06,39.209999084472656,39.209999084472656,39.93999862670898,39.20000076293945,39.72999954223633,1581200
2022-12-07,39.47999954223633,39.47999954223633,39.63999938964844,39.150001525878906,39.150001525878906,1045000
2022-12-08,39.2400016784668,39.2400016784668,39.68000030517578,39.04999923706055,39.43999862670898,892400
2022-12-09,38.5099983215332,38.5099983215332,39.38999938964844,38.40999984741211,39.310001373291016,1899000
2022-12-12,38.34000015258789,38.34000015258789,38.93000030517578,38.15999984741211,38.810001373291016,2313500
2022-12-13,38.29999923706055,38.29999923706055,39.04999923706055,38.09999847412109,39.04999923706055,2313500
2022-12-14,38.130001068115234,38.130001068115234,38.66999816894531,37.88999938964844,38.40999984741211,2566300
2022-12-15,37.18999862670898,37.18999862670898,38.060001373291016,37.150001525878906,37.83000183105469,2591500
2022-12-16,36.7599983215332,36.7599983215332,37.04999923706055,36.5,36.93999862670898,4912000
2022-12-19,36.93999862670898,36.93999862670898,37.18000030517578,36.619998931884766,36.66999816894531,2142400
2022-12-20,37.119998931884766,37.119998931884766,37.33000183105469,36.83000183105469,36.90999984741211,1939700
2022-12-21,37.38999938964844,37.38999938964844,37.470001220703125,36.93000030517578,37.33000183105469,1198000
2022-12-22,36.970001220703125,36.970001220703125,37.04999923706055,36.52000045776367,37.04999923706055,1198700
2022-12-23,37.119998931884766,37.119998931884766,37.25,36.84999847412109,36.970001220703125,710800
2022-12-27,37.02000045776367,37.02000045776367,37.18000030517578,36.77000045776367,37.08000183105469,645100
2022-12-28,36.540000915527344,36.540000915527344,37.25,36.5099983215332,36.959999084472656,920400
2022-12-29,36.65999984741211,36.65999984741211,37.0099983215332,36.5099983215332,36.72999954223633,866900
2022-12-30,36.540000915527344,36.540000915527344,36.709999084472656,36.15999984741211,36.5,1142900
2023-01-03,36.54999923706055,36.54999923706055,36.83000183105469,36.220001220703125,36.61000061035156,1257500
2023-01-04,36.93999862670898,36.93999862670898,37.41999816894531,36.63999938964844,36.77000045776367,1516400
2023-01-05,36.310001373291016,36.310001373291016,36.83000183105469,36.2599983215332,36.7400016784668,1394100
2023-01-06,36.52999877929688,36.52999877929688,36.93999862670898,36.41999816894531,36.59999847412109,1344800
2023-01-09,36.52999877929688,36.52999877929688,36.93999862670898,36.34999847412109,36.540000915527344,1398400
2023-01-10,36.5,36.5,36.619998931884766,36.34000015258789,36.400001525878906,1037800
2023-01-11,37.720001220703125,37.720001220703125,37.810001373291016,36.68999862670898,36.68999862670898,1879900
2023-01-12,37.54999923706055,37.54999923706055,37.720001220703125,37.34000015258789,37.720001220703125,889100
2023-01-13,37.77999877929688,37.77999877929688,37.86000061035156,37.41999816894531,37.41999816894531,861500
2023-01-17,37.22999954223633,37.22999954223633,38.130001068115234,37.22999954223633,37.90999984741211,1231500
2023-01-18,36.68000030517578,36.68000030517578,37.470001220703125,36.619998931884766,37.470001220703125,1150700
2023-01-19,35.83000183105469,35.83000183105469,36.63999938964844,35.79999923706055,36.540000915527344,1231300
2023-01-20,36.11000061035156,36.11000061035156,36.25,35.61000061035156,35.810001373291016,1192200
2023-01-23,36.150001525878906,36.150001525878906,36.40999984741211,35.900001525878906,36.18000030517578,1012100
2023-01-24,36.31999969482422,36.31999969482422,36.41999816894531,35.79999923706055,36.2400016784668,1085300
2023-01-25,36.34000015258789,36.34000015258789,36.66999816894531,35.77000045776367,36.02999877929688,1232800
2023-01-26,36.13999938964844,36.13999938964844,36.709999084472656,35.91999816894531,36.52999877929688,1029400
2023-01-27,36.02000045776367,36.02000045776367,36.150001525878906,35.720001220703125,36.02999877929688,910900
2023-01-30,35.68000030517578,35.68000030517578,36.18000030517578,35.68000030517578,35.970001220703125,1025900
2023-01-31,36.400001525878906,36.400001525878906,36.400001525878906,35.619998931884766,35.81999969482422,1620200
2023-02-01,36.34000015258789,36.34000015258789,36.58000183105469,35.79999923706055,36.18000030517578,1202200
2023-02-02,36.11000061035156,36.11000061035156,36.75,36.060001373291016,36.470001220703125,1519200
2023-02-03,35.68000030517578,35.68000030517578,36.09000015258789,35.58000183105469,35.959999084472656,1487400
2023-02-06,35.65999984741211,35.65999984741211,36.13999938964844,35.36000061035156,35.540000915527344,1651500
2023-02-07,35.72999954223633,35.72999954223633,35.81999969482422,34.88999938964844,35.38999938964844,1350100
2023-02-08,35.540000915527344,35.540000915527344,35.86000061035156,35.41999816894531,35.54999923706055,1232100
2023-02-09,35.40999984741211,35.40999984741211,35.7599983215332,35.29999923706055,35.5,1322300
2023-02-10,35.939998626708984,35.939998626708984,36.060001373291016,35.369998931884766,35.369998931884766,1078600
2023-02-13,35.95000076293945,35.95000076293945,36.31999969482422,35.810001373291016,35.9900016784668,1784400
2023-02-14,35.63999938964844,35.63999938964844,35.9900016784668,35.47999954223633,35.939998626708984,1204600
2023-02-15,35.90999984741211,35.90999984741211,35.9900016784668,35.4900016784668,35.540000915527344,1223100
2023-02-16,36.18000030517578,36.18000030517578,36.22999954223633,35.20000076293945,35.4900016784668,1997200
2023-02-17,36.29999923706055,36.29999923706055,36.52999877929688,36.0,36.18000030517578,1835500
2023-02-21,35.380001068115234,35.380001068115234,36.20000076293945,35.220001220703125,36.119998931884766,2000600
2023-02-22,35.41999816894531,35.41999816894531,35.849998474121094,35.279998779296875,35.560001373291016,1468800
2023-02-23,35.290000915527344,35.290000915527344,35.79999923706055,34.959999084472656,35.59000015258789,1174100
2023-02-24,35.119998931884766,35.119998931884766,35.349998474121094,34.939998626708984,34.939998626708984,955700
2023-02-27,35.099998474121094,35.099998474121094,35.470001220703125,34.880001068115234,35.310001373291016,1020900
2023-02-28,35.20000076293945,35.20000076293945,35.33000183105469,35.0099983215332,35.06999969482422,1933000
2023-03-01,34.54999923706055,34.54999923706055,35.20000076293945,34.290000915527344,35.099998474121094,1273700
2023-03-02,34.959999084472656,34.959999084472656,35.040000915527344,34.38999938964844,34.5,948600
2023-03-03,35.31999969482422,35.31999969482422,35.459999084472656,34.97999954223633,35.060001373291016,1456100
2023-03-06,35.31999969482422,35.31999969482422,35.5,35.09000015258789,35.290000915527344,1336000
2023-03-07,35.11000061035156,35.11000061035156,35.41999816894531,34.790000915527344,35.380001068115234,1196700
2023-03-08,35.029998779296875,35.029998779296875,35.189998626708984,34.779998779296875,35.08000183105469,1390300
2023-03-09,34.810001373291016,34.810001373291016,35.33000183105469,34.77000045776367,35.20000076293945,1067600
2023-03-10,34.66999816894531,34.66999816894531,35.119998931884766,34.560001373291016,34.84000015258789,1550100
2023-03-13,35.040000915527344,35.040000915527344,35.33000183105469,34.5,34.540000915527344,1712800
2023-03-14,35.84000015258789,35.84000015258789,35.959999084472656,35.349998474121094,35.369998931884766,1693200
2023-03-15,36.150001525878906,36.150001525878906,36.25,35.310001373291016,35.61000061035156,2147500
2023-03-16,36.4900016784668,36.4900016784668,36.70000076293945,36.09000015258789,36.22999954223633,2115100
2023-03-17,36.06999969482422,36.06999969482422,36.63999938964844,35.849998474121094,36.56999969482422,2568100
2023-03-20,36.560001373291016,36.560001373291016,36.77999877929688,36.18999862670898,36.18999862670898,1424000
2023-03-21,36.77000045776367,36.77000045776367,36.83000183105469,36.52000045776367,36.72999954223633,1424500
2023-03-22,36.380001068115234,36.380001068115234,36.970001220703125,36.36000061035156,36.790000915527344,927700
2023-03-23,36.16999816894531,36.16999816894531,36.5,36.0099983215332,36.290000915527344,818300
2023-03-24,36.619998931884766,36.619998931884766,36.650001525878906,36.02999877929688,36.18999862670898,1057000
2023-03-27,36.7400016784668,36.7400016784668,37.02999877929688,36.630001068115234,36.75,931900
2023-03-28,36.84999847412109,36.84999847412109,37.0,36.65999984741211,36.68999862670898,756300
2023-03-29,37.0099983215332,37.0099983215332,37.18000030517578,36.83000183105469,36.97999954223633,826100
2023-03-30,37.20000076293945,37.20000076293945,37.290000915527344,37.0,37.09999847412109,905700
2023-03-31,37.52999877929688,37.52999877929688,37.58000183105469,37.220001220703125,37.290000915527344,2496800
2023-04-03,37.45000076293945,37.45000076293945,37.65999984741211,37.22999954223633,37.33000183105469,1391900
2023-04-04,37.52000045776367,37.52000045776367,37.58000183105469,37.2599983215332,37.52999877929688,1409200
2023-04-05,38.560001373291016,38.560001373291016,38.7400016784668,37.52999877929688,37.65999984741211,1669100
2023-04-06,38.77999877929688,38.77999877929688,38.88999938964844,38.459999084472656,38.459999084472656,1154300
2023-04-10,38.54999923706055,38.54999923706055,38.70000076293945,38.38999938964844,38.59999847412109,1235500
2023-04-11,38.70000076293945,38.70000076293945,38.959999084472656,38.52000045776367,38.68000030517578,1227700
2023-04-12,39.16999816894531,39.16999816894531,39.209999084472656,38.66999816894531,38.81999969482422,1552200
2023-04-13,39.29999923706055,39.29999923706055,39.40999984741211,38.810001373291016,39.220001220703125,1216500
2023-04-14,38.79999923706055,38.79999923706055,39.34000015258789,38.619998931884766,39.119998931884766,1081100
2023-04-17,38.970001220703125,38.970001220703125,39.130001068115234,38.66999816894531,38.95000076293945,961700
2023-04-18,39.20000076293945,39.20000076293945,39.290000915527344,38.869998931884766,39.02999877929688,1094500
2023-04-19,39.150001525878906,39.150001525878906,39.290000915527344,39.0,39.220001220703125,770800
2023-04-20,39.900001525878906,39.900001525878906,39.93000030517578,39.16999816894531,39.18000030517578,1208000
2023-04-21,39.630001068115234,39.630001068115234,40.27000045776367,39.52999877929688,40.02000045776367,1230800
2023-04-24,39.90999984741211,39.90999984741211,39.97999954223633,39.70000076293945,39.720001220703125,1266700
2023-04-25,39.720001220703125,39.720001220703125,39.95000076293945,39.54999923706055,39.869998931884766,1355400
2023-04-26,39.31999969482422,39.31999969482422,39.54999923706055,39.209999084472656,39.209999084472656,1324000
2023-04-27,41.59999847412109,41.59999847412109,41.90999984741211,39.77999877929688,39.84000015258789,2647600
2023-04-28,42.25,42.25,42.59000015258789,41.79999923706055,42.0,2049900
2023-05-01,41.27000045776367,41.27000045776367,42.2400016784668,41.15999984741211,42.22999954223633,2734200
2023-05-02,41.810001373291016,41.810001373291016,42.06999969482422,41.18000030517578,41.27000045776367,1700600
2023-05-03,41.650001525878906,41.650001525878906,42.2599983215332,41.59000015258789,41.880001068115234,1040600
2023-05-04,41.84000015258789,41.84000015258789,42.02000045776367,41.38999938964844,41.619998931884766,881800
2023-05-05,41.77000045776367,41.77000045776367,42.13999938964844,41.470001220703125,41.81999969482422,1163600
2023-05-08,41.66999816894531,41.66999816894531,41.880001068115234,41.5,41.68999862670898,1067100
2023-05-09,41.56999969482422,41.56999969482422,42.0,41.52999877929688,41.66999816894531,1173100
2023-05-10,42.27000045776367,42.27000045776367,42.43999862670898,41.65999984741211,41.68999862670898,1350000
2023-05-11,42.400001525878906,42.400001525878906,42.43000030517578,41.97999954223633,42.27999877929688,1271400
2023-05-12,42.58000183105469,42.58000183105469,42.81999969482422,42.34999847412109,42.560001373291016,1092600
2023-05-15,42.33000183105469,42.33000183105469,42.56999969482422,41.900001525878906,42.47999954223633,1573600
2023-05-16,41.97999954223633,41.97999954223633,42.220001220703125,41.709999084472656,42.18000030517578,1343900
2023-05-17,41.65999984741211,41.65999984741211,42.290000915527344,41.36000061035156,42.130001068115234,1392200
2023-05-18,41.15999984741211,41.15999984741211,41.650001525878906,40.83000183105469,41.59999847412109,1566800
2023-05-19,41.04999923706055,41.04999923706055,41.40999984741211,41.02999877929688,41.27000045776367,1253800
2023-05-22,40.68999862670898,40.68999862670898,41.16999816894531,40.52999877929688,40.95000076293945,1331700
2023-05-23,39.84000015258789,39.84000015258789,40.5,39.63999938964844,40.470001220703125,1722400
2023-05-24,39.900001525878906,39.900001525878906,40.13999938964844,39.709999084472656,40.02000045776367,1560200
2023-05-25,39.43999862670898,39.43999862670898,39.77999877929688,39.38999938964844,39.75,1297400
2023-05-26,39.33000183105469,39.33000183105469,39.66999816894531,39.2400016784668,39.43000030517578,1210000
2023-05-30,39.41999816894531,39.41999816894531,39.58000183105469,39.20000076293945,39.31999969482422,1389300
2023-05-31,39.31999969482422,39.31999969482422,39.720001220703125,38.90999984741211,39.5099983215332,7846200
2023-06-01,40.220001220703125,40.220001220703125,40.27999877929688,39.47999954223633,39.86000061035156,1882000
2023-06-02,40.630001068115234,40.630001068115234,40.7400016784668,40.15999984741211,40.220001220703125,1342800
2023-06-05,41.16999816894531,41.16999816894531,41.18999862670898,40.709999084472656,40.720001220703125,1433000
2023-06-06,41.38999938964844,41.38999938964844,41.41999816894531,40.959999084472656,41.150001525878906,1593600
2023-06-07,41.150001525878906,41.150001525878906,41.5099983215332,41.06999969482422,41.22999954223633,1565200
2023-06-08,41.11000061035156,41.11000061035156,41.52000045776367,40.9900016784668,41.060001373291016,1945700
2023-06-09,40.79999923706055,40.79999923706055,41.150001525878906,40.66999816894531,41.040000915527344,1403700
2023-06-12,40.959999084472656,40.959999084472656,41.0,40.290000915527344,40.900001525878906,1138300
2023-06-13,40.88999938964844,40.88999938964844,41.02000045776367,40.77000045776367,40.959999084472656,1062200
2023-06-14,40.88999938964844,40.88999938964844,40.95000076293945,40.560001373291016,40.709999084472656,1347700
2023-06-15,41.63999938964844,41.63999938964844,41.7599983215332,40.68999862670898,40.9900016784668,1594200
2023-06-16,41.09000015258789,41.09000015258789,41.88999938964844,40.93999862670898,41.650001525878906,2401200
2023-06-20,40.90999984741211,40.90999984741211,41.150001525878906,40.70000076293945,41.0,1515300
2023-06-21,41.220001220703125,41.220001220703125,41.290000915527344,40.400001525878906,40.93000030517578,1066600
2023-06-22,41.59999847412109,41.59999847412109,41.68999862670898,41.06999969482422,41.25,816300
2023-06-23,41.38999938964844,41.38999938964844,41.91999816894531,41.380001068115234,41.59999847412109,1894000
2023-06-26,41.66999816894531,41.66999816894531,41.84999847412109,41.310001373291016,41.5099983215332,1090000
2023-06-27,42.290000915527344,42.290000915527344,42.31999969482422,41.7400016784668,41.810001373291016,1143700
2023-06-28,42.369998931884766,42.369998931884766,42.5099983215332,42.15999984741211,42.380001068115234,1035800
2023-06-29,42.5,42.5,42.59000015258789,42.130001068115234,42.34000015258789,868400
2023-06-30,42.83000183105469,42.83000183105469,42.95000076293945,42.5,42.619998931884766,1397500
2023-07-03,42.31999969482422,42.31999969482422,42.7400016784668,42.0099983215332,42.54999923706055,835500
2023-07-05,43.02000045776367,43.02000045776367,43.06999969482422,42.400001525878906,42.709999084472656,1558000
2023-07-06,43.47999954223633,43.47999954223633,43.7400016784668,42.84999847412109,42.88999938964844,1871900
2023-07-07,43.15999984741211,43.15999984741211,43.470001220703125,42.91999816894531,43.209999084472656,1691400
2023-07-10,43.27999877929688,43.27999877929688,43.630001068115234,43.18000030517578,43.22999954223633,1323000
2023-07-11,43.70000076293945,43.70000076293945,43.75,42.959999084472656,43.22999954223633,1394200
2023-07-12,43.91999816894531,43.91999816894531,44.150001525878906,43.459999084472656,43.900001525878906,1486500
2023-07-13,44.02999877929688,44.02999877929688,44.15999984741211,43.65999984741211,43.95000076293945,1160000
2023-07-14,44.540000915527344,44.540000915527344,44.56999969482422,43.88999938964844,44.060001373291016,1108400
2023-07-17,44.59000015258789,44.59000015258789,44.83000183105469,44.34000015258789,44.43000030517578,968600
2023-07-18,44.47999954223633,44.47999954223633,44.65999984741211,44.20000076293945,44.5,1471500
2023-07-19,44.36000061035156,44.36000061035156,44.70000076293945,44.02999877929688,44.459999084472656,1142500
2023-07-20,44.369998931884766,44.369998931884766,44.380001068115234,43.75,44.34999847412109,1151200
2023-07-21,44.52000045776367,44.52000045776367,44.790000915527344,44.369998931884766,44.4900016784668,1564900
2023-07-24,44.75,44.75,44.84999847412109,44.4900016784668,44.619998931884766,1338400
2023-07-25,44.83000183105469,44.83000183105469,45.040000915527344,44.52000045776367,44.540000915527344,1062900
2023-07-26,44.79999923706055,44.79999923706055,44.869998931884766,44.43000030517578,44.59999847412109,1878400
2023-07-27,40.81999969482422,40.81999969482422,44.27000045776367,40.77000045776367,44.11000061035156,4083600
2023-07-28,40.630001068115234,40.630001068115234,41.2400016784668,40.29999923706055,41.13999938964844,2456300
2023-07-31,40.83000183105469,40.83000183105469,40.959999084472656,40.130001068115234,40.790000915527344,1948200
2023-08-01,40.630001068115234,40.630001068115234,41.040000915527344,40.459999084472656,40.790000915527344,1316100
2023-08-02,41.29999923706055,41.29999923706055,41.4900016784668,40.400001525878906,40.630001068115234,1892700
2023-08-03,40.68999862670898,40.68999862670898,41.18999862670898,40.52999877929688,41.09999847412109,1388300
2023-08-04,40.27999877929688,40.27999877929688,40.900001525878906,40.209999084472656,40.900001525878906,1044300
2023-08-07,40.41999816894531,40.41999816894531,40.4900016784668,40.0099983215332,40.31999969482422,848200
2023-08-08,40.45000076293945,40.45000076293945,40.540000915527344,40.02000045776367,40.43999862670898,1222400
2023-08-09,40.7599983215332,40.7599983215332,40.93999862670898,40.369998931884766,40.369998931884766,1034100
2023-08-10,40.77000045776367,40.77000045776367,41.060001373291016,40.47999954223633,40.72999954223633,914800
2023-08-11,41.02999877929688,41.02999877929688,41.04999923706055,40.54999923706055,40.650001525878906,1064200
2023-08-14,41.369998931884766,41.369998931884766,41.40999984741211,40.900001525878906,41.09000015258789,1019800
2023-08-15,40.93000030517578,40.93000030517578,41.36000061035156,40.90999984741211,41.18000030517578,1418900
2023-08-16,41.380001068115234,41.380001068115234,41.54999923706055,40.97999954223633,41.02000045776367,1632400
2023-08-17,40.33000183105469,40.33000183105469,41.400001525878906,40.31999969482422,41.34000015258789,1146500
2023-08-18,40.310001373291016,40.310001373291016,40.61000061035156,40.150001525878906,40.290000915527344,1091700
2023-08-21,39.86000061035156,39.86000061035156,40.2599983215332,39.59999847412109,40.11000061035156,1031600
2023-08-22,39.34000015258789,39.34000015258789,39.970001220703125,39.29999923706055,39.84999847412109,1519400
2023-08-23,39.61000061035156,39.61000061035156,39.63999938964844,39.25,39.47999954223633,1458600
2023-08-24,39.040000915527344,39.040000915527344,39.66999816894531,39.02000045776367,39.5099983215332,1072800
2023-08-25,39.369998931884766,39.369998931884766,39.4900016784668,39.09999847412109,39.18000030517578,1186300
2023-08-28,39.77999877929688,39.77999877929688,39.880001068115234,39.31999969482422,39.36000061035156,827200
2023-08-29,39.77999877929688,39.77999877929688,39.84999847412109,39.5,39.77999877929688,848200
2023-08-30,40.04999923706055,40.04999923706055,40.38999938964844,39.59999847412109,39.959999084472656,1188300
2023-08-31,39.56999969482422,39.56999969482422,40.2599983215332,39.54999923706055,40.09000015258789,2336000
2023-09-01,39.369998931884766,39.369998931884766,39.900001525878906,39.16999816894531,39.84000015258789,999100
2023-09-05,37.970001220703125,37.970001220703125,39.22999954223633,37.95000076293945,39.220001220703125,2129000
2023-09-06,38.08000183105469,38.08000183105469,38.380001068115234,37.88999938964844,38.02000045776367,1643000
2023-09-07,35.720001220703125,35.720001220703125,36.09999847412109,34.709999084472656,34.88999938964844,22378800
2023-09-08,36.11000061035156,36.11000061035156,36.34999847412109,35.7599983215332,36.02999877929688,6326100
2023-09-11,36.119998931884766,36.119998931884766,36.79999923706055,36.060001373291016,36.5,6062400
2023-09-12,36.02999877929688,36.02999877929688,36.220001220703125,35.77000045776367,36.02999877929688,3877300
2023-09-13,36.650001525878906,36.650001525878906,36.68999862670898,36.130001068115234,36.15999984741211,3928100
2023-09-14,37.06999969482422,37.06999969482422,37.400001525878906,36.630001068115234,36.790000915527344,3972900
2023-09-15,37.02999877929688,37.02999877929688,37.33000183105469,36.900001525878906,37.08000183105469,6595500
2023-09-18,38.20000076293945,38.20000076293945,38.40999984741211,37.06999969482422,37.06999969482422,4693900
2023-09-19,38.209999084472656,38.209999084472656,38.29999923706055,37.869998931884766,38.27000045776367,2896400
2023-09-20,38.68000030517578,38.68000030517578,38.970001220703125,38.36000061035156,38.47999954223633,2326900
2023-09-21,37.93999862670898,37.93999862670898,38.66999816894531,37.790000915527344,38.66999816894531,2452100
2023-09-22,37.43000030517578,37.43000030517578,38.52000045776367,37.40999984741211,37.95000076293945,9677800
2023-09-25,37.2599983215332,37.2599983215332,37.459999084472656,36.83000183105469,37.2400016784668,1892500
2023-09-26,37.15999984741211,37.15999984741211,37.34999847412109,36.9900016784668,37.27999877929688,2458200
2023-09-27,37.43999862670898,37.43999862670898,37.650001525878906,37.06999969482422,37.27999877929688,2609300
2023-09-28,37.650001525878906,37.650001525878906,37.84999847412109,37.29999923706055,37.68999862670898,2754100
2023-09-29,37.33000183105469,37.33000183105469,38.16999816894531,37.290000915527344,37.900001525878906,2537700
2023-10-02,36.619998931884766,36.619998931884766,37.470001220703125,36.25,37.290000915527344,3930600
2023-10-03,36.27000045776367,36.27000045776367,36.90999984741211,36.119998931884766,36.61000061035156,2643100
2023-10-04,35.959999084472656,35.959999084472656,35.9900016784668,34.93000030517578,35.189998626708984,4893100
2023-10-05,35.86000061035156,35.86000061035156,36.47999954223633,35.560001373291016,36.0,3517000
2023-10-06,36.08000183105469,36.08000183105469,36.16999816894531,35.27000045776367,35.65999984741211,2470800
2023-10-09,36.38999938964844,36.38999938964844,36.4900016784668,35.88999938964844,36.06999969482422,1418600
2023-10-10,36.619998931884766,36.619998931884766,36.720001220703125,36.02000045776367,36.470001220703125,1700600
2023-10-11,36.31999969482422,36.31999969482422,36.70000076293945,36.15999984741211,36.68999862670898,1572400
2023-10-12,35.7599983215332,35.7599983215332,36.540000915527344,35.619998931884766,36.459999084472656,1437000
2023-10-13,35.90999984741211,35.90999984741211,36.0,35.7599983215332,35.93000030517578,1738400
2023-10-16,36.43999862670898,36.43999862670898,36.54999923706055,35.810001373291016,36.150001525878906,2213500
2023-10-17,36.5099983215332,36.5099983215332,36.66999816894531,36.040000915527344,36.209999084472656,1743800
2023-10-18,35.91999816894531,35.91999816894531,36.41999816894531,35.84000015258789,36.40999984741211,1601100
2023-10-19,32.91999816894531,32.91999816894531,34.189998626708984,32.189998626708984,33.959999084472656,9196800
2023-10-20,33.04999923706055,33.04999923706055,33.63999938964844,32.849998474121094,33.5,2974900
2023-10-23,33.16999816894531,33.16999816894531,33.41999816894531,32.90999984741211,33.0099983215332,2747700
2023-10-24,33.65999984741211,33.65999984741211,33.70000076293945,32.939998626708984,33.279998779296875,3132100
2023-10-25,34.33000183105469,34.33000183105469,34.529998779296875,33.58000183105469,33.9900016784668,4509900
2023-10-26,35.709999084472656,35.709999084472656,38.0,35.540000915527344,36.77999877929688,4317300
2023-10-27,36.09999847412109,36.09999847412109,36.650001525878906,35.709999084472656,35.810001373291016,3010400
2023-10-30,36.84999847412109,36.84999847412109,37.09999847412109,36.15999984741211,36.25,2710200
2023-10-31,37.61000061035156,37.61000061035156,37.810001373291016,37.13999938964844,37.45000076293945,2751000
2023-11-01,37.220001220703125,37.220001220703125,37.59999847412109,36.83000183105469,37.59999847412109,2652200
2023-11-02,37.68999862670898,37.68999862670898,37.88999938964844,37.060001373291016,37.29999923706055,2587400
2023-11-03,38.119998931884766,38.119998931884766,38.36000061035156,37.81999969482422,38.02999877929688,1495400
2023-11-06,38.0,38.0,38.2400016784668,37.81999969482422,38.060001373291016,1201900
2023-11-07,38.209999084472656,38.209999084472656,38.31999969482422,37.880001068115234,37.88999938964844,1172400
2023-11-08,38.09000015258789,38.09000015258789,38.34000015258789,37.77000045776367,38.34000015258789,1689200
2023-11-09,37.86000061035156,37.86000061035156,38.11000061035156,37.61000061035156,38.09000015258789,1763200
2023-11-10,38.400001525878906,38.400001525878906,38.41999816894531,37.810001373291016,38.0,1552200
2023-11-13,38.72999954223633,38.72999954223633,38.75,38.22999954223633,38.290000915527344,1217100
2023-11-14,39.47999954223633,39.47999954223633,39.61000061035156,38.88999938964844,39.130001068115234,3910900
2023-11-15,39.02999877929688,39.02999877929688,39.59000015258789,38.95000076293945,39.56999969482422,1694200
2023-11-16,39.63999938964844,39.63999938964844,39.720001220703125,39.02999877929688,39.119998931884766,1668100
2023-11-17,39.43999862670898,39.43999862670898,39.83000183105469,39.209999084472656,39.77999877929688,1886900
2023-11-20,39.77000045776367,39.77000045776367,39.88999938964844,39.20000076293945,39.380001068115234,1345500
2023-11-21,40.08000183105469,40.08000183105469,40.33000183105469,39.7400016784668,39.7599983215332,1815000
2023-11-22,40.02000045776367,40.02000045776367,40.33000183105469,39.90999984741211,40.0,4002200
2023-11-24,40.130001068115234,40.130001068115234,40.27999877929688,39.619998931884766,39.86000061035156,781900
2023-11-27,40.27000045776367,40.27000045776367,40.459999084472656,39.869998931884766,40.08000183105469,1495300
2023-11-28,39.970001220703125,39.970001220703125,40.43000030517578,39.95000076293945,40.15999984741211,2297200
2023-11-29,40.18999862670898,40.18999862670898,40.220001220703125,39.720001220703125,39.93999862670898,2065700
2023-11-30,40.7400016784668,40.7400016784668,40.77999877929688,39.93999862670898,40.13999938964844,3993900
2023-12-01,40.90999984741211,40.90999984741211,40.970001220703125,40.5,40.7599983215332,1496800
2023-12-04,41.130001068115234,41.130001068115234,41.369998931884766,40.869998931884766,40.869998931884766,1421300
2023-12-05,40.9900016784668,40.9900016784668,41.119998931884766,40.77000045776367,41.11000061035156,974900
2023-12-06,41.34999847412109,41.34999847412109,41.52000045776367,41.09999847412109,41.18000030517578,1972400
2023-12-07,41.36000061035156,41.36000061035156,41.459999084472656,40.95000076293945,41.310001373291016,1685300
2023-12-08,41.43000030517578,41.43000030517578,41.61000061035156,41.27999877929688,41.40999984741211,1412700
2023-12-11,41.630001068115234,41.630001068115234,41.86000061035156,41.43999862670898,41.43999862670898,2155700
2023-12-12,42.04999923706055,42.04999923706055,42.06999969482422,41.459999084472656,41.720001220703125,1237800
2023-12-13,43.470001220703125,43.470001220703125,43.5,42.15999984741211,42.25,2287100
2023-12-14,42.7400016784668,42.7400016784668,43.90999984741211,42.41999816894531,43.880001068115234,2829400
2023-12-15,42.150001525878906,42.150001525878906,42.720001220703125,41.83000183105469,42.34999847412109,4866500
2023-12-18,42.63999938964844,42.63999938964844,42.84000015258789,42.25,42.380001068115234,1327000
2023-12-19,42.52000045776367,42.52000045776367,42.81999969482422,42.43999862670898,42.61000061035156,1616000
2023-12-20,42.34000015258789,42.34000015258789,43.02000045776367,42.06999969482422,42.25,1320800
2023-12-21,42.810001373291016,42.810001373291016,42.81999969482422,42.220001220703125,42.400001525878906,1622400
2023-12-22,42.97999954223633,42.97999954223633,43.06999969482422,42.709999084472656,42.959999084472656,1089600
2023-12-26,43.27000045776367,43.27000045776367,43.41999816894531,42.91999816894531,42.91999816894531,1189500
2023-12-27,43.63999938964844,43.63999938964844,43.70000076293945,43.02999877929688,43.09999847412109,1492700
2023-12-28,43.77000045776367,43.77000045776367,43.86000061035156,43.43999862670898,43.84999847412109,3541000
2023-12-29,43.66999816894531,43.66999816894531,43.97999954223633,43.63999938964844,43.84999847412109,1322400
2024-01-02,43.27000045776367,43.27000045776367,43.72999954223633,43.040000915527344,43.560001373291016,1743000
2024-01-03,42.2400016784668,42.2400016784668,43.34999847412109,42.2400016784668,43.310001373291016,1790000
2024-01-04,42.790000915527344,42.790000915527344,42.88999938964844,42.29999923706055,42.369998931884766,1959600
2024-01-05,42.70000076293945,42.70000076293945,42.880001068115234,42.52999877929688,42.58000183105469,1810800
2024-01-08,42.869998931884766,42.869998931884766,42.97999954223633,42.59000015258789,42.79999923706055,1365900
2024-01-09,43.060001373291016,43.060001373291016,43.11000061035156,42.59999847412109,42.7599983215332,1045100
2024-01-10,43.290000915527344,43.290000915527344,43.29999923706055,42.93999862670898,42.970001220703125,1575000
2024-01-11,43.84999847412109,43.84999847412109,43.93000030517578,43.34000015258789,43.369998931884766,1348200
2024-01-12,43.75,43.75,44.209999084472656,43.70000076293945,43.9900016784668,1350000
2024-01-16,43.68000030517578,43.68000030517578,43.810001373291016,43.5099983215332,43.560001373291016,1398700
2024-01-17,43.369998931884766,43.369998931884766,43.77999877929688,43.34000015258789,43.5,1723200
2024-01-18,43.720001220703125,43.720001220703125,43.77999877929688,43.33000183105469,43.369998931884766,952600
2024-01-19,44.130001068115234,44.130001068115234,44.13999938964844,43.470001220703125,43.91999816894531,1176200
2024-01-22,44.08000183105469,44.08000183105469,44.43000030517578,43.93999862670898,44.20000076293945,994500
2024-01-23,44.220001220703125,44.220001220703125,44.27000045776367,43.90999984741211,44.08000183105469,1044500
2024-01-24,43.290000915527344,43.290000915527344,44.2400016784668,43.27999877929688,44.220001220703125,2254600
2024-01-25,43.0099983215332,43.0099983215332,43.40999984741211,42.47999954223633,43.40999984741211,2617800
2024-01-26,43.22999954223633,43.22999954223633,43.31999969482422,42.75,43.11000061035156,1499300
2024-01-29,43.25,43.25,43.34000015258789,42.880001068115234,43.22999954223633,1699400
2024-01-30,43.54999923706055,43.54999923706055,43.68999862670898,43.0,43.310001373291016,1478100
2024-01-31,43.310001373291016,43.310001373291016,43.7400016784668,43.130001068115234,43.56999969482422,1902800
2024-02-01,44.2400016784668,44.2400016784668,44.25,42.77999877929688,43.2400016784668,1269000
2024-02-02,44.02000045776367,44.02000045776367,44.310001373291016,43.70000076293945,44.119998931884766,1134400
2024-02-05,43.52000045776367,43.52000045776367,43.95000076293945,43.290000915527344,43.88999938964844,1263600
2024-02-06,44.0099983215332,44.0099983215332,44.09999847412109,43.59000015258789,43.59000015258789,1230600
2024-02-07,44.20000076293945,44.20000076293945,44.29999923706055,43.619998931884766,44.13999938964844,1600300
2024-02-08,43.72999954223633,43.72999954223633,44.34000015258789,43.68999862670898,44.11000061035156,2406000
2024-02-09,43.47999954223633,43.47999954223633,44.119998931884766,43.20000076293945,43.7599983215332,1921300
2024-02-12,43.56999969482422,43.56999969482422,43.63999938964844,43.119998931884766,43.41999816894531,1849000
2024-02-13,43.84999847412109,43.84999847412109,44.0,43.33000183105469,43.459999084472656,2582700
2024-02-14,44.25,44.25,44.40999984741211,43.77999877929688,43.97999954223633,2541300
2024-02-15,41.720001220703125,41.720001220703125,42.790000915527344,41.33000183105469,42.09999847412109,5222300
2024-02-16,41.04999923706055,41.04999923706055,41.9900016784668,40.40999984741211,41.709999084472656,3789200
2024-02-20,40.95000076293945,40.95000076293945,41.54999923706055,40.7599983215332,40.880001068115234,4560000
2024-02-21,41.369998931884766,41.369998931884766,41.41999816894531,40.880001068115234,40.88999938964844,2759300
2024-02-22,41.83000183105469,41.83000183105469,42.02999877929688,41.29999923706055,41.29999923706055,4731600
2024-02-23,42.58000183105469,42.58000183105469,42.619998931884766,41.63999938964844,41.790000915527344,1439300
2024-02-26,42.93000030517578,42.93000030517578,43.380001068115234,42.54999923706055,42.66999816894531,3008000
2024-02-27,42.68999862670898,42.68999862670898,43.0,42.369998931884766,42.77999877929688,1701300
2024-02-28,43.470001220703125,43.470001220703125,43.5099983215332,42.77999877929688,43.11000061035156,1494100
2024-02-29,44.06999969482422,44.06999969482422,44.16999816894531,43.41999816894531,43.68000030517578,2870300
2024-03-01,44.0,44.0,44.02999877929688,43.119998931884766,43.31999969482422,2008700
2024-03-04,45.08000183105469,45.08000183105469,45.2400016784668,44.0099983215332,44.0099983215332,2590100
2024-03-05,44.27999877929688,44.27999877929688,45.150001525878906,44.18000030517578,45.150001525878906,1720700
2024-03-06,44.810001373291016,44.810001373291016,44.9900016784668,44.150001525878906,44.4900016784668,1656400
2024-03-07,45.2400016784668,45.2400016784668,45.59999847412109,44.970001220703125,45.59999847412109,1662600
2024-03-08,45.45000076293945,45.45000076293945,45.47999954223633,45.0099983215332,45.11000061035156,1561300
2024-03-11,45.72999954223633,45.72999954223633,45.93999862670898,44.77999877929688,45.40999984741211,1902200
2024-03-12,45.790000915527344,45.790000915527344,46.130001068115234,45.459999084472656,45.72999954223633,1928300
2024-03-13,46.27000045776367,46.27000045776367,46.38999938964844,45.650001525878906,45.79999923706055,1619300
2024-03-14,45.93999862670898,45.93999862670898,46.33000183105469,45.380001068115234,46.27000045776367,1820800
2024-03-15,46.34999847412109,46.34999847412109,46.400001525878906,45.4900016784668,45.4900016784668,2258900
2024-03-18,46.65999984741211,46.65999984741211,47.02999877929688,46.380001068115234,46.400001525878906,1565900
2024-03-19,47.0099983215332,47.0099983215332,47.08000183105469,46.5,46.84000015258789,1887700
2024-03-20,46.83000183105469,46.83000183105469,47.45000076293945,46.77000045776367,47.220001220703125,1752400
2024-03-21,46.52000045776367,46.52000045776367,46.9900016784668,46.41999816894531,46.79999923706055,2318500
2024-03-22,46.540000915527344,46.540000915527344,46.790000915527344,46.15999984741211,46.709999084472656,1149800
2024-03-25,45.900001525878906,45.900001525878906,46.5,45.900001525878906,46.5,1096800
2024-03-26,45.84000015258789,45.84000015258789,46.04999923706055,45.68999862670898,45.84000015258789,1884100
2024-03-27,46.70000076293945,46.70000076293945,46.81999969482422,46.130001068115234,46.18999862670898,3864600
2024-03-28,46.27000045776367,46.27000045776367,46.84999847412109,46.130001068115234,46.77999877929688,1365300
2024-04-01,45.720001220703125,45.720001220703125,46.34000015258789,45.650001525878906,46.290000915527344,1587600
2024-04-02,45.52999877929688,45.52999877929688,45.959999084472656,45.470001220703125,45.630001068115234,1663900
2024-04-03,45.470001220703125,45.470001220703125,45.86000061035156,45.38999938964844,45.5,1289000
2024-04-04,44.56999969482422,44.56999969482422,45.65999984741211,44.5,45.65999984741211,1662500
2024-04-05,45.369998931884766,45.369998931884766,45.47999954223633,44.619998931884766,44.68999862670898,1465500
2024-04-08,45.06999969482422,45.06999969482422,45.47999954223633,44.95000076293945,45.2599983215332,1475300
2024-04-09,45.0099983215332,45.0099983215332,45.400001525878906,44.7400016784668,45.209999084472656,1578500
2024-04-10,45.150001525878906,45.150001525878906,45.40999984741211,44.52000045776367,44.630001068115234,1420100
2024-04-11,44.63999938964844,44.63999938964844,45.130001068115234,44.630001068115234,45.130001068115234,1646200
2024-04-12,44.34999847412109,44.34999847412109,44.63999938964844,43.91999816894531,44.45000076293945,1820600
2024-04-15,43.27999877929688,43.27999877929688,44.27000045776367,43.18999862670898,44.119998931884766,1704700
2024-04-16,43.310001373291016,43.310001373291016,43.68999862670898,43.27000045776367,43.43999862670898,1747900
2024-04-17,43.0099983215332,43.0099983215332,43.5099983215332,42.810001373291016,43.41999816894531,1425400
2024-04-18,42.43999862670898,42.43999862670898,42.95000076293945,41.720001220703125,42.470001220703125,2055100
2024-04-19,42.5099983215332,42.5099983215332,42.72999954223633,42.18999862670898,42.58000183105469,2080600
2024-04-22,42.459999084472656,42.459999084472656,42.880001068115234,42.290000915527344,42.790000915527344,3352500
2024-04-23,42.650001525878906,42.650001525878906,42.7599983215332,42.25,42.59999847412109,2519700
2024-04-24,42.869998931884766,42.869998931884766,42.95000076293945,42.34000015258789,42.59000015258789,4283500
2024-04-25,44.27000045776367,44.27000045776367,44.75,43.18000030517578,43.59999847412109,2448400
2024-04-26,44.900001525878906,44.900001525878906,45.27999877929688,44.43999862670898,44.470001220703125,1688300
2024-04-29,44.77000045776367,44.77000045776367,45.130001068115234,44.58000183105469,45.0,1174400
2024-04-30,44.560001373291016,44.560001373291016,45.33000183105469,44.290000915527344,44.4900016784668,1463700
2024-05-01,44.68000030517578,44.68000030517578,45.0,44.290000915527344,44.54999923706055,2473100
2024-05-02,44.7400016784668,44.7400016784668,44.959999084472656,44.369998931884766,44.810001373291016,2119100
2024-05-03,46.119998931884766,46.119998931884766,46.22999954223633,44.84999847412109,45.04999923706055,1947300
2024-05-06,47.09999847412109,47.09999847412109,47.11000061035156,46.220001220703125,46.27999877929688,1629300
2024-05-07,47.20000076293945,47.20000076293945,47.619998931884766,46.97999954223633,47.33000183105469,1487100
2024-05-08,46.63999938964844,46.63999938964844,47.68999862670898,46.59999847412109,47.34000015258789,964800
2024-05-09,47.0099983215332,47.0099983215332,47.18000030517578,46.400001525878906,46.58000183105469,2841500
2024-05-10,46.630001068115234,46.630001068115234,47.20000076293945,46.540000915527344,47.18000030517578,1377600
2024-05-13,46.40999984741211,46.40999984741211,46.75,46.33000183105469,46.68000030517578,860900
2024-05-14,46.91999816894531,46.91999816894531,47.27000045776367,46.36000061035156,46.5099983215332,2172400
2024-05-15,47.16999816894531,47.16999816894531,47.40999984741211,46.93999862670898,47.040000915527344,1411700
2024-05-16,47.06999969482422,47.06999969482422,47.220001220703125,46.630001068115234,47.040000915527344,1443600
2024-05-17,46.130001068115234,46.130001068115234,47.18999862670898,46.09000015258789,46.970001220703125,1110200
2024-05-20,46.790000915527344,46.790000915527344,46.79999923706055,45.79999923706055,46.2599983215332,1317400
2024-05-21,46.5,46.5,46.91999816894531,46.310001373291016,46.79999923706055,1107300
2024-05-22,46.11000061035156,46.11000061035156,46.630001068115234,46.04999923706055,46.470001220703125,1177000
2024-05-23,45.380001068115234,45.380001068115234,46.130001068115234,45.2400016784668,46.11000061035156,1093800
2024-05-24,46.18999862670898,46.18999862670898,46.25,45.45000076293945,45.61000061035156,1216800
2024-05-28,46.15999984741211,46.15999984741211,46.650001525878906,45.70000076293945,46.2400016784668,1367700
2024-05-29,45.34999847412109,45.34999847412109,45.91999816894531,45.0,45.83000183105469,1220900
2024-05-30,45.86000061035156,45.86000061035156,45.9900016784668,45.29999923706055,45.540000915527344,2774100
2024-05-31,45.68999862670898,45.68999862670898,46.369998931884766,45.25,45.97999954223633,3002800
2024-06-03,46.040000915527344,46.040000915527344,46.22999954223633,45.4900016784668,45.66999816894531,1440500
2024-06-04,47.29999923706055,47.29999923706055,47.31999969482422,45.93999862670898,45.95000076293945,1501600
2024-06-05,47.45000076293945,47.45000076293945,47.66999816894531,47.060001373291016,47.43000030517578,1112800
2024-06-06,47.40999984741211,47.40999984741211,47.59000015258789,46.79999923706055,47.43000030517578,1361000
2024-06-07,46.56999969482422,46.56999969482422,47.40999984741211,46.56999969482422,47.20000076293945,1131700
2024-06-10,46.790000915527344,46.790000915527344,46.84000015258789,46.220001220703125,46.47999954223633,912200
2024-06-11,47.33000183105469,47.33000183105469,47.34000015258789,46.59999847412109,46.709999084472656,1083100
2024-06-12,47.91999816894531,47.91999816894531,48.02999877929688,47.369998931884766,47.58000183105469,1097800
2024-06-13,47.86000061035156,47.86000061035156,48.0099983215332,47.25,47.91999816894531,775900
2024-06-14,48.5,48.5,48.59000015258789,47.52000045776367,47.709999084472656,2086900
2024-06-17,49.25,49.25,49.560001373291016,48.130001068115234,48.40999984741211,1379400
2024-06-18,49.75,49.75,49.88999938964844,48.97999954223633,49.20000076293945,1415300
2024-06-20,49.34999847412109,49.34999847412109,50.09000015258789,49.09000015258789,49.58000183105469,1895600
2024-06-21,49.34999847412109,49.34999847412109,49.66999816894531,49.15999984741211,49.34999847412109,2621200
2024-06-24,49.91999816894531,49.91999816894531,50.08000183105469,49.31999969482422,49.34999847412109,1959400
2024-06-25,49.86000061035156,49.86000061035156,50.0,49.619998931884766,49.93000030517578,1261300
2024-06-26,49.43999862670898,49.43999862670898,49.790000915527344,49.34999847412109,49.65999984741211,901400
2024-06-27,49.34999847412109,49.34999847412109,49.650001525878906,49.18999862670898,49.61000061035156,1070100
2024-06-28,48.790000915527344,48.790000915527344,49.5,48.65999984741211,49.45000076293945,3590900
2024-07-01,48.31999969482422,48.31999969482422,49.09999847412109,48.02000045776367,49.02000045776367,1301300
2024-07-02,49.150001525878906,49.150001525878906,49.18999862670898,48.18000030517578,48.36000061035156,1148800
2024-07-03,50.290000915527344,50.290000915527344,50.310001373291016,49.34999847412109,49.4900016784668,1226600
2024-07-05,50.400001525878906,50.400001525878906,50.45000076293945,49.630001068115234,50.290000915527344,1474500
2024-07-08,49.91999816894531,49.91999816894531,50.83000183105469,49.790000915527344,50.4900016784668,1362900
2024-07-09,49.7400016784668,49.7400016784668,50.0,49.65999984741211,49.91999816894531,1118700
2024-07-10,49.59999847412109,49.59999847412109,50.02000045776367,49.5099983215332,49.880001068115234,1270700
2024-07-11,49.369998931884766,49.369998931884766,49.66999816894531,49.34999847412109,49.66999816894531,1288700
2024-07-12,49.40999984741211,49.40999984741211,49.59000015258789,49.040000915527344,49.369998931884766,2047500
2024-07-15,48.31999969482422,48.31999969482422,49.43000030517578,48.27000045776367,49.36000061035156,2157500
2024-07-16,49.2599983215332,49.2599983215332,49.290000915527344,48.34999847412109,48.470001220703125,1803000
2024-07-17,49.34000015258789,49.34000015258789,49.66999816894531,49.040000915527344,49.18000030517578,1388900
2024-07-18,49.25,49.25,49.72999954223633,49.0,49.34000015258789,1351400
2024-07-19,49.43999862670898,49.43999862670898,49.68000030517578,49.150001525878906,49.150001525878906,1127000
2024-07-22,50.650001525878906,50.650001525878906,50.65999984741211,49.459999084472656,49.59999847412109,1254800
2024-07-23,49.95000076293945,49.95000076293945,50.869998931884766,49.86000061035156,50.709999084472656,1281900
2024-07-24,49.95000076293945,49.95000076293945,50.540000915527344,49.810001373291016,50.119998931884766,1524300
2024-07-25,46.72999954223633,46.72999954223633,49.40999984741211,46.63999938964844,49.38999938964844,3335700
2024-07-26,45.93000030517578,45.93000030517578,46.7599983215332,45.58000183105469,46.72999954223633,2683800
2024-07-29,47.58000183105469,47.58000183105469,47.75,46.060001373291016,46.130001068115234,1984500
2024-07-30,47.970001220703125,47.970001220703125,48.09999847412109,47.40999984741211,47.56999969482422,2327500
2024-07-31,47.90999984741211,47.90999984741211,48.88999938964844,47.84999847412109,48.33000183105469,2318100
2024-08-01,47.400001525878906,47.400001525878906,48.220001220703125,47.38999938964844,47.88999938964844,2205900
2024-08-02,48.0099983215332,48.0099983215332,48.27999877929688,46.95000076293945,47.22999954223633,1614900
2024-08-05,47.630001068115234,47.630001068115234,48.59999847412109,47.43999862670898,48.220001220703125,2009300
2024-08-06,47.84999847412109,47.84999847412109,48.54999923706055,47.56999969482422,47.72999954223633,1611600
2024-08-07,47.38999938964844,47.38999938964844,48.540000915527344,47.38999938964844,48.13999938964844,2399500
2024-08-08,47.61000061035156,47.61000061035156,47.66999816894531,46.869998931884766,47.34999847412109,1017800
2024-08-09,47.790000915527344,47.790000915527344,48.06999969482422,47.43000030517578,47.61000061035156,1512700
2024-08-12,47.77999877929688,47.77999877929688,48.27000045776367,47.59000015258789,47.70000076293945,1734100
2024-08-13,48.47999954223633,48.47999954223633,48.68999862670898,47.5099983215332,48.33000183105469,1955300
2024-08-14,48.5,48.5,48.63999938964844,48.34999847412109,48.369998931884766,1190200
2024-08-15,49.04999923706055,49.04999923706055,49.08000183105469,48.5,48.709999084472656,1169900
2024-08-16,48.18000030517578,48.18000030517578,49.150001525878906,48.130001068115234,49.119998931884766,1742100
2024-08-19,49.130001068115234,49.130001068115234,49.13999938964844,48.060001373291016,48.18000030517578,852400
2024-08-20,49.5,49.5,49.59000015258789,48.75,49.08000183105469,1548800
2024-08-21,50.04999923706055,50.04999923706055,50.38999938964844,49.380001068115234,49.709999084472656,1471900
2024-08-22,50.25,50.25,50.41999816894531,50.0099983215332,50.13999938964844,985700
2024-08-23,50.13999938964844,50.13999938964844,50.45000076293945,49.869998931884766,50.34999847412109,1070900
2024-08-26,49.70000076293945,49.70000076293945,50.5,49.65999984741211,50.220001220703125,1220700
2024-08-27,49.560001373291016,49.560001373291016,49.93000030517578,49.18999862670898,49.63999938964844,1949900
2024-08-28,50.25,50.25,50.41999816894531,49.5099983215332,49.70000076293945,1250200
2024-08-29,50.09999847412109,50.09999847412109,50.86000061035156,50.02999877929688,50.31999969482422,1004000
2024-08-30,50.18000030517578,50.18000030517578,50.400001525878906,49.70000076293945,50.09999847412109,1340000
2024-09-03,50.4900016784668,50.4900016784668,51.27999877929688,50.25,50.40999984741211,1589500
2024-09-04,50.72999954223633,50.72999954223633,50.93999862670898,50.34999847412109,50.54999923706055,885900
2024-09-05,50.310001373291016,50.310001373291016,50.93999862670898,50.0099983215332,50.619998931884766,1323800
2024-09-06,49.59000015258789,49.59000015258789,50.75,49.459999084472656,50.400001525878906,1137400
2024-09-09,49.65999984741211,49.65999984741211,49.95000076293945,49.43000030517578,49.95000076293945,1725100
2024-09-10,51.130001068115234,51.130001068115234,51.150001525878906,49.709999084472656,49.709999084472656,1301300
2024-09-11,49.630001068115234,49.630001068115234,50.5,48.65999984741211,49.9900016784668,2972000
2024-09-12,50.150001525878906,50.150001525878906,50.22999954223633,49.02000045776367,49.61000061035156,1617300
2024-09-13,50.470001220703125,50.470001220703125,50.720001220703125,50.040000915527344,50.11000061035156,1644800
2024-09-16,50.90999984741211,50.90999984741211,51.04999923706055,50.59000015258789,50.720001220703125,815300
2024-09-17,51.400001525878906,51.400001525878906,51.900001525878906,50.88999938964844,50.88999938964844,1294300
2024-09-18,50.25,50.25,51.959999084472656,50.20000076293945,51.400001525878906,1241000
2024-09-19,50.09999847412109,50.09999847412109,50.86000061035156,49.90999984741211,50.86000061035156,1226600
2024-09-20,50.150001525878906,50.150001525878906,50.43000030517578,49.5099983215332,49.77000045776367,3254300
2024-09-23,50.5,50.5,50.720001220703125,49.90999984741211,50.27000045776367,852900
2024-09-24,50.72999954223633,50.72999954223633,50.79999923706055,50.27999877929688,50.47999954223633,1014600
2024-09-25,50.7599983215332,50.7599983215332,51.09999847412109,50.400001525878906,50.93000030517578,1586900
2024-09-26,50.04999923706055,50.04999923706055,51.0,49.970001220703125,50.77000045776367,948900
2024-09-27,49.95000076293945,49.95000076293945,50.41999816894531,49.720001220703125,50.20000076293945,1588100
2024-09-30,50.58000183105469,50.58000183105469,50.720001220703125,49.90999984741211,50.02000045776367,1949100
2024-10-01,50.5099983215332,50.5099983215332,51.08000183105469,50.18000030517578,50.619998931884766,1900100
2024-10-02,50.369998931884766,50.369998931884766,50.45000076293945,49.900001525878906,50.29999923706055,775100
2024-10-03,49.72999954223633,49.72999954223633,50.31999969482422,49.59000015258789,50.209999084472656,1514000
2024-10-04,49.81999969482422,49.81999969482422,50.0,49.209999084472656,49.650001525878906,1031200
2024-10-07,48.70000076293945,48.70000076293945,49.4900016784668,48.650001525878906,49.43999862670898,1073800
2024-10-08,49.29999923706055,49.29999923706055,49.56999969482422,49.13999938964844,49.29999923706055,1336000
2024-10-09,49.83000183105469,49.83000183105469,49.93000030517578,49.2599983215332,49.380001068115234,1068000
2024-10-10,49.25,49.25,49.90999984741211,49.209999084472656,49.7599983215332,979100
2024-10-11,49.65999984741211,49.65999984741211,49.66999816894531,49.18999862670898,49.380001068115234,1363800
2024-10-14,50.15999984741211,50.15999984741211,50.29999923706055,49.77999877929688,49.86000061035156,752600
2024-10-15,49.970001220703125,49.970001220703125,50.70000076293945,49.83000183105469,50.52000045776367,1166000
2024-10-16,49.150001525878906,49.150001525878906,50.2400016784668,49.11000061035156,49.91999816894531,1648300
2024-10-17,49.459999084472656,49.459999084472656,49.56999969482422,48.86000061035156,49.52000045776367,1217500
2024-10-18,50.13999938964844,50.13999938964844,50.18999862670898,49.33000183105469,49.650001525878906,1145700
2024-10-21,49.84000015258789,49.84000015258789,50.41999816894531,49.79999923706055,50.11000061035156,1374400
2024-10-22,49.52999877929688,49.52999877929688,49.77999877929688,48.83000183105469,49.619998931884766,809600
2024-10-23,49.75,49.75,49.93999862670898,49.38999938964844,49.63999938964844,1462100
2024-10-24,46.47999954223633,46.47999954223633,48.13999938964844,45.95000076293945,47.61000061035156,3481300
2024-10-25,46.540000915527344,46.540000915527344,47.560001373291016,46.34000015258789,47.060001373291016,1660700
2024-10-28,47.2599983215332,47.2599983215332,47.290000915527344,46.540000915527344,46.86000061035156,2341200
2024-10-29,47.31999969482422,47.31999969482422,47.79999923706055,47.20000076293945,47.2599983215332,1635500
2024-10-30,46.810001373291016,46.810001373291016,47.380001068115234,46.72999954223633,47.09999847412109,1491700
2024-10-31,47.13999938964844,47.13999938964844,47.27000045776367,46.540000915527344,46.75,2469800
2024-11-01,47.33000183105469,47.33000183105469,47.619998931884766,46.97999954223633,47.25,3123100
2024-11-04,47.86000061035156,47.86000061035156,47.900001525878906,47.209999084472656,47.29999923706055,1299300
2024-11-05,48.54999923706055,48.54999923706055,48.560001373291016,47.7599983215332,47.880001068115234,1402700
2024-11-06,48.619998931884766,48.619998931884766,49.470001220703125,47.650001525878906,49.18999862670898,2280500
2024-11-07,49.040000915527344,49.040000915527344,49.25,48.56999969482422,48.88999938964844,1504700
2024-11-08,50.18000030517578,50.18000030517578,50.45000076293945,49.27000045776367,49.400001525878906,1466700
2024-11-11,50.880001068115234,50.880001068115234,51.11000061035156,50.369998931884766,50.43999862670898,1879600
2024-11-12,51.08000183105469,51.08000183105469,51.38999938964844,50.66999816894531,50.880001068115234,1611200
2024-11-13,51.290000915527344,51.290000915527344,52.15999984741211,51.09999847412109,51.27000045776367,2016700
2024-11-14,50.11000061035156,50.11000061035156,51.290000915527344,49.93000030517578,51.040000915527344,1523400
2024-11-15,49.90999984741211,49.90999984741211,50.220001220703125,49.54999923706055,50.220001220703125,2461000
2024-11-18,50.04999923706055,50.04999923706055,50.540000915527344,49.88999938964844,49.9900016784668,1186200
2024-11-19,49.5099983215332,49.5099983215332,49.91999816894531,49.459999084472656,49.81999969482422,1196000
2024-11-20,49.43999862670898,49.43999862670898,49.61000061035156,48.869998931884766,49.54999923706055,1013800
2024-11-21,49.630001068115234,49.630001068115234,49.65999984741211,48.68000030517578,49.27999877929688,1359000
2024-11-22,50.630001068115234,50.630001068115234,50.68999862670898,49.77999877929688,49.86000061035156,763300
2024-11-25,51.22999954223633,51.22999954223633,51.52000045776367,50.880001068115234,50.959999084472656,1929200
2024-11-26,51.59000015258789,51.59000015258789,51.72999954223633,51.09999847412109,51.5099983215332,2523800
2024-11-27,51.15999984741211,51.15999984741211,52.060001373291016,51.13999938964844,51.75,2313300
2024-11-29,50.33000183105469,50.33000183105469,51.08000183105469,50.04999923706055,51.040000915527344,1521800
2024-12-02,49.86000061035156,49.86000061035156,50.33000183105469,49.41999816894531,50.27000045776367,2194900
2024-12-03,49.65999984741211,49.65999984741211,50.02000045776367,49.18999862670898,49.810001373291016,1389800
2024-12-04,49.65999984741211,49.65999984741211,49.84999847412109,49.310001373291016,49.459999084472656,1052600
2024-12-05,48.84999847412109,48.84999847412109,49.45000076293945,48.81999969482422,49.400001525878906,1532300
2024-12-06,49.41999816894531,49.41999816894531,49.77000045776367,49.150001525878906,49.220001220703125,1289500
2024-12-09,48.68000030517578,48.68000030517578,49.5,48.47999954223633,49.31999969482422,1384100
2024-12-10,49.130001068115234,49.130001068115234,49.400001525878906,48.380001068115234,48.68999862670898,1222400
2024-12-11,49.0099983215332,49.0099983215332,49.560001373291016,48.83000183105469,49.22999954223633,1242600
2024-12-12,48.77000045776367,48.77000045776367,49.459999084472656,48.61000061035156,49.34999847412109,1137500
2024-12-13,48.77000045776367,48.77000045776367,49.0099983215332,48.47999954223633,48.84999847412109,1745000
2024-12-16,48.54999923706055,48.54999923706055,49.68999862670898,48.4900016784668,48.95000076293945,2311500
2024-12-17,48.220001220703125,48.220001220703125,48.88999938964844,48.209999084472656,48.470001220703125,1313800
2024-12-18,47.18000030517578,47.18000030517578,48.459999084472656,47.150001525878906,48.09999847412109,1520200
2024-12-19,47.0099983215332,47.0099983215332,47.5,46.7400016784668,47.02999877929688,1757800
2024-12-20,46.91999816894531,46.91999816894531,47.380001068115234,46.72999954223633,46.7400016784668,4863300
2024-12-23,,46.540000915527344,46.650001525878906,46.18000030517578,46.59000015258789,1766100
2024-12-24,,46.59999847412109,46.68000030517578,46.41999816894531,46.470001220703125,691200
2024-12-26,,46.84999847412109,46.900001525878906,46.13999938964844,46.2400016784668,981200
2024-12-27,,46.68000030517578,46.90999984741211,46.369998931884766,46.56999969482422,1355600
2024-12-30,,46.40999984741211,46.650001525878906,46.04999923706055,46.2599983215332,1169300
2024-12-31,,46.34999847412109,46.54999923706055,46.18999862670898,46.41999816894531,1264900
2025-01-02,,46.040000915527344,46.65999984741211,45.880001068115234,46.58000183105469,1053100
2025-01-03,,46.16999816894531,46.34999847412109,45.95000076293945,46.0,1274000
2025-01-06,,45.650001525878906,46.15999984741211,45.52000045776367,45.9900016784668,1021500
2025-01-07,,45.75,46.130001068115234,45.34000015258789,45.77000045776367,2248700
2025-01-08,,46.34999847412109,46.45000076293945,45.54999923706055,45.900001525878906,2701400
