Price,Adj Close,Close,High,Low,Open,Volume
Ticker,CDW,CDW,CDW,CDW,CDW,CDW
Date,,,,,,
2018-09-24,86.14862823486328,88.9800033569336,89.12000274658203,87.66000366210938,88.87000274658203,1178100
2018-09-25,86.3422622680664,89.18000030517578,89.30999755859375,88.05000305175781,89.22000122070312,1579000
2018-09-26,85.82914733886719,88.6500015258789,89.91999816894531,88.4800033569336,89.36000061035156,542800
2018-09-27,85.58708190917969,88.4000015258789,89.19000244140625,88.27999877929688,88.97000122070312,515100
2018-09-28,86.09053802490234,88.91999816894531,89.16000366210938,88.08999633789062,88.20999908447266,648600
2018-10-01,85.17076110839844,87.97000122070312,89.2699966430664,87.81999969482422,89.2300033569336,667400
2018-10-02,84.68668365478516,87.47000122070312,88.31999969482422,87.27999877929688,87.7699966430664,681000
2018-10-03,85.49026489257812,88.30000305175781,88.3499984741211,87.06999969482422,87.51000213623047,879900
2018-10-04,83.65071868896484,86.4000015258789,88.18000030517578,86.18000030517578,88.18000030517578,775100
2018-10-05,82.94393920898438,85.66999816894531,87.30999755859375,84.98999786376953,86.31999969482422,807400
2018-10-08,81.08505249023438,83.75,85.30000305175781,82.87000274658203,85.08999633789062,1288400
2018-10-09,81.78213500976562,84.47000122070312,85.0,83.56999969482422,84.16000366210938,798800
2018-10-10,78.76139831542969,81.3499984741211,84.05999755859375,80.79000091552734,84.0,1223300
2018-10-11,77.81259155273438,80.37000274658203,82.19999694824219,80.30999755859375,81.05000305175781,926900
2018-10-12,79.74896240234375,82.37000274658203,83.4000015258789,80.86000061035156,82.05999755859375,674500
2018-10-15,79.2358169555664,81.83999633789062,82.69999694824219,81.61000061035156,82.1500015258789,658900
2018-10-16,81.77244567871094,84.45999908447266,84.58000183105469,81.93000030517578,82.51000213623047,553000
2018-10-17,81.23995208740234,83.91000366210938,84.87000274658203,83.11000061035156,84.87000274658203,602200
2018-10-18,80.6590576171875,83.30999755859375,84.4800033569336,82.54000091552734,83.7699966430664,538100
2018-10-19,78.1321029663086,80.69999694824219,83.75,80.37999725341797,83.37000274658203,1096800
2018-10-22,79.53595733642578,82.1500015258789,82.7699966430664,80.79000091552734,80.94000244140625,606600
2018-10-23,80.51380920410156,83.16000366210938,83.44000244140625,80.02999877929688,81.04000091552734,943100
2018-10-24,77.90941619873047,80.47000122070312,83.41999816894531,80.44000244140625,83.01000213623047,1680000
2018-10-25,78.4419174194336,81.0199966430664,81.80000305175781,80.26000213623047,81.12999725341797,772700
2018-10-26,77.13485717773438,79.66999816894531,80.91000366210938,78.73999786376953,79.93000030517578,833700
2018-10-29,76.15702056884766,78.66000366210938,81.94000244140625,77.75,80.43000030517578,956100
2018-10-30,77.70609283447266,80.26000213623047,80.9800033569336,78.61000061035156,78.83999633789062,1167300
2018-10-31,87.14584350585938,90.01000213623047,92.18000030517578,84.0,85.31999969482422,3432600
2018-11-01,86.39067077636719,89.2300033569336,92.02999877929688,89.02999877929688,89.51000213623047,1456600
2018-11-02,85.23853302001953,88.04000091552734,90.1500015258789,87.44999694824219,89.6500015258789,1355900
2018-11-05,84.91902160644531,87.70999908447266,88.33999633789062,86.66000366210938,88.16000366210938,1161500
2018-11-06,85.21916961669922,88.0199966430664,88.16999816894531,86.88999938964844,87.20999908447266,1313800
2018-11-07,87.32980346679688,90.1999969482422,90.3499984741211,87.98999786376953,88.80999755859375,1400800
2018-11-08,88.81111907958984,91.7300033569336,91.7699966430664,89.01000213623047,90.16000366210938,1170600
2018-11-09,88.18180084228516,91.08000183105467,91.48999786376952,90.06999969482422,90.61000061035156,752300
2018-11-12,86.35194396972656,89.19000244140625,91.23999786376952,88.52999877929688,90.13999938964844,631500
2018-11-13,86.7876205444336,89.63999938964844,90.18000030517578,88.77999877929688,89.3499984741211,752500
2018-11-14,84.45430755615234,87.2300033569336,90.54000091552734,87.19999694824219,90.13999938964844,1075100
2018-11-15,85.74197387695312,88.55999755859375,88.6500015258789,86.37999725341797,87.0999984741211,824500
2018-11-16,86.593994140625,89.44000244140625,90.0999984741211,87.25,87.83999633789062,629100
2018-11-19,85.06425476074219,87.86000061035156,89.9000015258789,87.45999908447266,89.33999633789062,591200
2018-11-20,83.26344299316406,86.0,87.41000366210938,85.19999694824219,86.0,836300
2018-11-21,83.97022247314453,86.7300033569336,88.98999786376953,85.47000122070312,86.79000091552734,1048200
2018-11-23,85.36428833007812,87.87000274658203,88.19000244140625,85.9000015258789,86.0199966430664,295400
2018-11-26,87.19068145751953,89.75,90.02999877929688,87.91000366210938,88.5,1419100
2018-11-27,86.23863220214844,88.7699966430664,89.76000213623047,88.62000274658203,89.43000030517578,1662400
2018-11-28,88.502197265625,91.0999984741211,91.91999816894533,89.0199966430664,89.31999969482422,984800
2018-11-29,89.75540924072266,92.38999938964844,93.08000183105467,90.80999755859376,91.4499969482422,859900
2018-11-30,90.0371322631836,92.68000030517578,93.91999816894533,92.33000183105467,92.5500030517578,1648700
2018-12-03,93.23332214355467,95.97000122070312,95.97000122070312,93.08999633789062,93.5,2039800
2018-12-04,91.17375946044922,93.8499984741211,96.75,93.69000244140624,95.55999755859376,1644600
2018-12-06,92.81558990478516,95.54000091552734,95.69000244140624,91.62999725341795,91.98999786376952,1273700
2018-12-07,88.87135314941406,91.4800033569336,95.9499969482422,91.05999755859376,95.83999633789062,1666000
2018-12-10,88.035888671875,90.62000274658205,92.55999755859376,90.22000122070312,90.75,1718600
2018-12-11,88.20104217529297,90.79000091552734,92.83999633789062,90.36000061035156,92.22000122070312,1161900
2018-12-12,88.93936157226562,91.5500030517578,93.23999786376952,90.95999908447266,91.66999816894533,1093300
2018-12-13,87.24897003173828,89.80999755859375,92.75,89.52999877929688,91.75,1235800
2018-12-14,85.20884704589844,87.70999908447266,91.4800033569336,87.6500015258789,89.44999694824219,1458400
2018-12-17,82.3138427734375,84.7300033569336,87.62999725341797,84.27999877929688,87.22000122070312,1239900
2018-12-18,82.614990234375,85.04000091552734,86.2699966430664,84.3499984741211,85.56999969482422,1046500
2018-12-19,81.84752655029297,84.25,86.4800033569336,83.22000122070312,84.6500015258789,1320800
2018-12-20,78.28218078613281,80.58000183105469,84.12000274658203,79.18000030517578,83.81999969482422,1409000
2018-12-21,75.10540771484375,77.30999755859375,81.06999969482422,76.86000061035156,80.56999969482422,2090300
2018-12-24,73.18189239501953,75.33000183105469,77.68000030517578,75.30999755859375,77.0,543600
2018-12-26,77.39812469482422,79.66999816894531,79.80999755859375,74.31999969482422,75.80000305175781,943400
2018-12-27,77.19409942626953,79.45999908447266,79.5,76.97000122070312,78.48999786376953,688400
2018-12-28,77.47583770751953,79.75,82.0,78.76000213623047,80.19000244140625,774600
2018-12-31,78.73878479003906,81.05000305175781,81.18000030517578,79.80999755859375,80.5,788500
2019-01-02,76.9123764038086,79.16999816894531,80.2300033569336,78.76000213623047,79.68000030517578,854200
2019-01-03,74.93055725097656,77.12999725341797,78.87000274658203,76.58999633789062,77.69999694824219,1096800
2019-01-04,75.65916442871094,77.87999725341797,78.7300033569336,76.06999969482422,78.1500015258789,1401400
2019-01-07,75.3580093383789,77.56999969482422,78.94999694824219,77.26000213623047,78.20999908447266,1360600
2019-01-08,77.98101806640625,80.2699966430664,80.5,78.12999725341797,78.19999694824219,1322000
2019-01-09,79.01078796386719,81.33000183105469,92.56999969482422,80.7699966430664,92.56999969482422,960300
2019-01-10,79.6033935546875,81.94000244140625,82.36000061035156,79.75,80.6500015258789,629200
2019-01-11,78.29187774658203,80.58999633789062,82.8499984741211,80.43000030517578,81.80000305175781,1192900
2019-01-14,76.98038482666016,79.23999786376953,80.58000183105469,79.22000122070312,80.31999969482422,1051600
2019-01-15,78.19474029541016,80.48999786376953,80.52999877929688,79.08000183105469,79.69000244140625,1418500
2019-01-16,78.23358917236328,80.52999877929688,81.66000366210938,80.44000244140625,80.93000030517578,753900
2019-01-17,78.45704650878906,80.76000213623047,81.08999633789062,79.9800033569336,79.9800033569336,809200
2019-01-18,79.36052703857422,81.69000244140625,82.13999938964844,80.7699966430664,81.2300033569336,913200
2019-01-22,78.03931427001953,80.33000183105469,81.83000183105469,79.7699966430664,81.47000122070312,813000
2019-01-23,79.06907653808594,81.38999938964844,82.2699966430664,80.01000213623047,80.81999969482422,955800
2019-01-24,78.84564208984375,81.16000366210938,82.31999969482422,81.11000061035156,81.4800033569336,719800
2019-01-25,79.62283325195312,81.95999908447266,82.58999633789062,81.12999725341797,81.95999908447266,832800
2019-01-28,79.72966766357422,82.06999969482422,82.37000274658203,80.8499984741211,80.87000274658203,1094100
2019-01-29,79.5839614868164,81.91999816894531,82.72000122070312,81.7300033569336,82.08999633789062,536600
2019-01-30,80.61373901367188,82.9800033569336,83.0999984741211,81.56999969482422,82.52999877929688,477400
2019-01-31,80.89546203613281,83.2699966430664,83.58999633789062,82.44000244140625,82.95999908447266,1083000
2019-02-01,81.16749572753906,83.55000305175781,84.01000213623047,82.76000213623047,83.55000305175781,667600
2019-02-04,81.78923797607422,84.19000244140625,84.4800033569336,83.30999755859375,83.9800033569336,625400
2019-02-05,83.09102630615234,85.52999877929688,85.72000122070312,84.27999877929688,84.44999694824219,1220800
2019-02-06,82.95501708984375,85.38999938964844,85.83999633789062,84.76000213623047,85.6500015258789,1004800
2019-02-07,88.4827651977539,91.08000183105467,91.20999908447266,87.0,87.0199966430664,1854700
2019-02-08,87.73471069335938,90.30999755859376,90.9000015258789,88.0199966430664,90.9000015258789,1148800
2019-02-11,87.92901611328125,90.51000213623048,91.5,90.0199966430664,90.1999969482422,897000
2019-02-12,90.07598876953124,92.72000122070312,92.86000061035156,90.69000244140624,90.69000244140624,1166600
2019-02-13,90.06627655029297,92.70999908447266,93.16000366210938,92.0,93.0,829500
2019-02-14,91.17375946044922,93.8499984741211,94.31999969482422,92.38999938964844,92.66000366210938,829200
2019-02-15,92.13552856445312,94.83999633789062,94.8499984741211,93.5,93.88999938964844,903800
2019-02-19,91.9801025390625,94.68000030517578,94.9800033569336,93.8499984741211,94.41000366210938,711600
2019-02-20,92.08696746826172,94.79000091552734,95.33000183105467,94.1500015258789,94.55999755859376,969600
2019-02-21,92.29097747802734,95.0,95.23999786376952,94.37999725341795,94.83000183105467,560300
2019-02-22,93.30933380126952,95.75,96.11000061035156,94.88999938964844,95.27999877929688,497200
2019-02-25,93.13394165039062,95.56999969482422,97.05999755859376,95.47000122070312,96.1999969482422,626600
2019-02-26,92.84158325195312,95.2699966430664,95.79000091552734,94.8499984741211,95.11000061035156,1291900
2019-02-27,92.51998138427734,94.94000244140624,95.16999816894533,94.05999755859376,94.70999908447266,428200
2019-02-28,91.49674987792967,93.88999938964844,94.87000274658205,93.8499984741211,94.87000274658205,555200
2019-03-01,92.41278839111328,94.83000183105467,94.9000015258789,93.55999755859376,94.25,589900
2019-03-04,91.8573226928711,94.26000213623048,95.5,93.3499984741211,95.0,527400
2019-03-05,91.4480209350586,93.83999633789062,94.93000030517578,93.6999969482422,94.43000030517578,628200
2019-03-06,90.8340835571289,93.20999908447266,94.33000183105467,93.20999908447266,93.9800033569336,609000
2019-03-07,89.39180755615234,91.7300033569336,92.83000183105467,91.16000366210938,92.83000183105467,678100
2019-03-08,89.94728088378906,92.3000030517578,92.36000061035156,90.52999877929688,90.8000030517578,478600
2019-03-11,92.29582977294922,94.70999908447266,94.76000213623048,92.37000274658205,92.55999755859376,893200
2019-03-12,93.54322052001952,95.98999786376952,96.12000274658205,94.62999725341795,95.06999969482422,697900
2019-03-13,94.49823760986328,96.97000122070312,97.4000015258789,96.16000366210938,96.3499984741211,823700
2019-03-14,94.15717315673828,96.62000274658205,97.0,96.0999984741211,96.77999877929688,580600
2019-03-15,95.32657623291016,97.81999969482422,97.81999969482422,96.4499969482422,96.87999725341795,1238400
2019-03-18,94.55671691894533,97.02999877929688,98.0199966430664,96.30999755859376,97.62000274658205,647800
2019-03-19,95.0634536743164,97.5500030517578,98.22000122070312,97.02999877929688,97.45999908447266,627500
2019-03-20,94.6931381225586,97.16999816894533,97.8000030517578,96.51000213623048,97.36000061035156,823100
2019-03-21,96.06721496582033,98.58000183105467,99.29000091552734,97.25,97.33000183105467,733900
2019-03-22,93.42627716064452,95.87000274658205,98.62000274658205,95.83999633789062,98.41999816894533,693500
2019-03-25,93.2216339111328,95.66000366210938,96.0,94.8000030517578,95.9800033569336,499800
2019-03-26,93.26060485839844,95.6999969482422,96.76000213623048,95.2300033569336,96.47000122070312,1037700
2019-03-27,91.79884338378906,94.1999969482422,96.0199966430664,93.7699966430664,96.0199966430664,569500
2019-03-28,92.6856460571289,95.11000061035156,95.5199966430664,93.73999786376952,94.72000122070312,624900
2019-03-29,93.9135284423828,96.37000274658205,96.66999816894533,95.48999786376952,95.83000183105467,1080100
2019-04-01,96.10618591308594,98.62000274658205,98.88999938964844,97.0500030517578,97.2699966430664,675300
2019-04-02,96.73960876464844,99.2699966430664,99.8000030517578,98.16999816894533,98.5999984741211,579000
2019-04-03,97.9382553100586,100.5,101.05999755859376,99.4499969482422,99.9800033569336,740300
2019-04-04,97.99673461914062,100.55999755859376,100.94000244140624,100.0500030517578,100.70999908447266,585800
2019-04-05,98.22087097167967,100.79000091552734,101.18000030517578,100.37000274658205,100.9499969482422,555900
2019-04-08,99.39027404785156,101.98999786376952,102.06999969482422,99.18000030517578,100.54000091552734,945100
2019-04-09,99.37079620361328,101.97000122070312,102.12000274658205,101.31999969482422,101.66999816894533,609300
2019-04-10,101.39777374267578,104.0500030517578,104.5199966430664,101.97000122070312,102.04000091552734,1007800
2019-04-11,103.980224609375,106.6999969482422,107.08999633789062,104.48999786376952,104.95999908447266,904400
2019-04-12,104.27257537841795,107.0,107.26000213623048,105.94000244140624,107.04000091552734,1201300
2019-04-15,105.38351440429688,108.13999938964844,108.27999877929688,106.70999908447266,107.41000366210938,1116200
2019-04-16,104.93523406982422,107.68000030517578,108.56999969482422,107.4499969482422,108.16999816894533,753700
2019-04-17,102.50872039794922,105.19000244140624,107.66999816894533,104.66000366210938,107.61000061035156,698900
2019-04-18,102.70362854003906,105.38999938964844,105.68000030517578,104.69000244140624,105.61000061035156,504700
2019-04-22,102.24559020996094,104.91999816894533,105.38999938964844,104.61000061035156,105.23999786376952,533900
2019-04-23,103.3955078125,106.0999984741211,106.4000015258789,104.8499984741211,105.04000091552734,738900
2019-04-24,103.66838836669922,106.37999725341795,106.9800033569336,106.25,106.25,503600
2019-04-25,102.5671844482422,105.25,106.52999877929688,104.6500015258789,106.52999877929688,523400
2019-04-26,102.60617065429688,105.29000091552734,105.3499984741211,104.04000091552734,104.45999908447266,542200
2019-04-29,102.19686889648438,104.87000274658205,105.5,104.37999725341795,105.12000274658205,512400
2019-04-30,102.90826416015624,105.5999984741211,105.72000122070312,104.0199966430664,104.87999725341795,836600
2019-05-01,104.62339782714844,107.36000061035156,111.58999633789062,107.33999633789062,110.45999908447266,721500
2019-05-02,104.9742202758789,107.72000122070312,108.80999755859376,106.41999816894533,107.30999755859376,594600
2019-05-03,106.3093032836914,109.08999633789062,109.41999816894533,107.76000213623048,108.45999908447266,523000
2019-05-06,106.27033233642578,109.0500030517578,109.20999908447266,106.6999969482422,106.95999908447266,375000
2019-05-07,104.0484390258789,106.7699966430664,108.33000183105467,105.81999969482422,108.0,593500
2019-05-08,102.94725036621094,105.63999938964844,107.0,105.52999877929688,106.27999877929688,625800
2019-05-09,102.70362854003906,105.38999938964844,105.5500030517578,103.37000274658205,104.8000030517578,809600
2019-05-10,103.83404541015624,106.5500030517578,106.86000061035156,104.0,105.0199966430664,836500
2019-05-13,99.43900299072266,102.04000091552734,105.13999938964844,101.87000274658205,104.29000091552734,747700
2019-05-14,100.62791442871094,103.26000213623048,103.9800033569336,102.27999877929688,102.54000091552734,856000
2019-05-15,101.45624542236328,104.11000061035156,104.70999908447266,102.83999633789062,102.86000061035156,593000
2019-05-16,103.13239288330078,105.83000183105467,106.18000030517578,104.58000183105467,104.58000183105467,755500
2019-05-17,101.68038177490234,104.33999633789062,106.72000122070312,104.20999908447266,105.04000091552734,708000
2019-05-20,101.67063903808594,104.33000183105467,104.87999725341795,102.93000030517578,103.41000366210938,545200
2019-05-21,103.60990142822266,106.31999969482422,106.62999725341795,105.31999969482422,105.31999969482422,749700
2019-05-22,103.38578033447266,106.08999633789062,106.55999755859376,105.25,106.11000061035156,558300
2019-05-23,99.97037506103516,102.3000030517578,105.36000061035156,102.12000274658205,104.62000274658205,768400
2019-05-24,100.84010314941406,103.19000244140624,103.5999984741211,101.91000366210938,103.06999969482422,397200
2019-05-28,100.63488006591795,102.9800033569336,104.5500030517578,102.75,103.63999938964844,992100
2019-05-29,100.62511444091795,102.97000122070312,103.5199966430664,101.77999877929688,102.62000274658205,665600
2019-05-30,100.17557525634766,102.51000213623048,104.3000030517578,102.08000183105467,103.25,536400
2019-05-31,96.1982650756836,98.44000244140624,101.72000122070312,97.93000030517578,101.5199966430664,1066300
2019-06-03,97.09732055664062,99.36000061035156,99.6999969482422,98.33999633789062,98.44000244140624,1135900
2019-06-04,100.14627838134766,102.4800033569336,102.55999755859376,100.0,100.13999938964844,818200
2019-06-05,100.83031463623048,103.18000030517578,103.75,101.51000213623048,103.45999908447266,350500
2019-06-06,101.8466339111328,104.22000122070312,104.6999969482422,103.16000366210938,104.05999755859376,528600
2019-06-07,102.4720687866211,104.86000061035156,106.0999984741211,104.55999755859376,104.87999725341795,448300
2019-06-10,103.95744323730467,106.37999725341795,107.55999755859376,105.69000244140624,105.9000015258789,565100
2019-06-11,103.43952178955078,105.8499984741211,107.97000122070312,105.69000244140624,107.41000366210938,506600
2019-06-12,102.970458984375,105.37000274658205,106.33000183105467,104.83000183105467,105.4499969482422,417700
2019-06-13,103.693603515625,106.11000061035156,106.30999755859376,105.41999816894533,106.0199966430664,646500
2019-06-14,101.8661880493164,104.23999786376952,106.4000015258789,104.18000030517578,105.94000244140624,426400
2019-06-17,101.8368682861328,104.20999908447266,104.9499969482422,103.4000015258789,104.22000122070312,649600
2019-06-18,101.75868225097656,104.12999725341795,106.19000244140624,104.0,105.5199966430664,630200
2019-06-19,102.62841796875,105.0199966430664,105.36000061035156,104.01000213623048,104.2699966430664,817700
2019-06-20,105.64806365966795,108.11000061035156,109.31999969482422,106.0999984741211,106.4800033569336,1037800
2019-06-21,106.11712646484376,108.58999633789062,109.87000274658205,106.76000213623048,107.79000091552734,1799900
2019-06-24,105.09103393554688,107.54000091552734,109.04000091552734,107.30999755859376,108.69000244140624,894000
2019-06-25,105.02263641357422,107.47000122070312,108.97000122070312,107.25,107.63999938964844,743000
2019-06-26,106.13665771484376,108.61000061035156,108.9499969482422,107.9800033569336,108.04000091552734,579400
2019-06-27,107.88589477539062,110.4000015258789,110.54000091552734,108.3499984741211,108.70999908447266,631300
2019-06-28,108.47224426269533,111.0,111.41999816894533,110.04000091552734,110.91000366210938,2185700
2019-07-01,109.9674072265625,112.52999877929688,113.58999633789062,111.41000366210938,112.9499969482422,786100
2019-07-02,110.162841796875,112.7300033569336,113.23999786376952,112.16000366210938,112.56999969482422,728800
2019-07-03,110.95439910888672,113.54000091552734,114.33999633789062,112.77999877929688,112.95999908447266,612500
2019-07-05,111.1987075805664,113.79000091552734,113.93000030517578,112.52999877929688,113.22000122070312,645600
2019-07-08,107.88589477539062,110.4000015258789,113.08999633789062,110.12000274658205,113.08999633789062,719800
2019-07-09,110.19215393066406,112.76000213623048,113.11000061035156,109.29000091552734,109.62999725341795,1241000
2019-07-10,109.89900207519533,112.45999908447266,113.7699966430664,111.72000122070312,113.13999938964844,827800
2019-07-11,110.98372650146484,113.56999969482422,113.83999633789062,111.13999938964844,112.69000244140624,660800
2019-07-12,113.57337188720705,116.22000122070312,116.33999633789062,113.6500015258789,113.75,655200
2019-07-15,113.28021240234376,115.91999816894533,116.47000122070312,115.0,116.22000122070312,985900
2019-07-16,111.75572204589844,114.36000061035156,115.91999816894533,114.0500030517578,115.56999969482422,867600
2019-07-17,110.89576721191406,113.4800033569336,114.5999984741211,113.37999725341795,114.13999938964844,650600
2019-07-18,109.85013580322266,112.41000366210938,113.41999816894533,111.3499984741211,113.19000244140624,1109600
2019-07-19,109.94786071777344,112.51000213623048,114.5500030517578,112.51000213623048,112.98999786376952,619200
2019-07-22,109.75241088867188,112.30999755859376,113.52999877929688,112.23999786376952,113.23999786376952,584200
2019-07-23,111.07166290283205,113.66000366210938,113.72000122070312,112.1500015258789,112.8000030517578,585300
2019-07-24,111.0130386352539,113.5999984741211,114.0500030517578,112.83000183105467,113.20999908447266,606800
2019-07-25,111.60913848876952,114.20999908447266,114.48999786376952,112.45999908447266,113.0,422000
2019-07-26,111.83390045166016,114.44000244140624,115.9800033569336,114.36000061035156,115.62999725341795,418400
2019-07-29,110.33875274658205,112.91000366210938,114.5199966430664,112.58999633789062,114.38999938964844,704600
2019-07-30,110.99349212646484,113.58000183105467,113.97000122070312,112.11000061035156,112.55999755859376,1370700
2019-07-31,115.46920013427734,118.16000366210938,119.72000122070312,115.1999969482422,115.1999969482422,1102800
2019-08-01,115.8209991455078,118.5199966430664,120.81999969482422,117.8000030517578,118.5,1312600
2019-08-02,113.69062042236328,116.33999633789062,117.62999725341795,113.77999877929688,117.44000244140624,795200
2019-08-05,105.08126068115234,107.52999877929688,111.83999633789062,106.8499984741211,111.69000244140624,978300
2019-08-06,105.87281036376952,108.33999633789062,109.25,107.83000183105467,108.02999877929688,804300
2019-08-07,106.1757583618164,108.6500015258789,109.1500015258789,105.98999786376952,106.72000122070312,633800
2019-08-08,110.13352966308594,112.6999969482422,113.06999969482422,109.5,109.95999908447266,1462600
2019-08-09,112.1173095703125,114.7300033569336,115.3499984741211,111.02999877929688,111.93000030517578,727100
2019-08-12,109.80127716064452,112.36000061035156,114.37999725341795,111.93000030517578,114.0,479200
2019-08-13,110.76873016357422,113.3499984741211,114.62999725341795,110.87999725341795,112.01000213623048,700000
2019-08-14,107.50479888916016,110.01000213623048,112.08999633789062,109.73999786376952,110.7300033569336,552300
2019-08-15,106.24417114257812,108.72000122070312,110.68000030517578,108.3499984741211,109.9000015258789,505700
2019-08-16,109.14653778076172,111.69000244140624,112.29000091552734,109.06999969482422,109.29000091552734,502200
2019-08-19,111.70686340332033,114.30999755859376,115.88999938964844,113.02999877929688,113.3499984741211,713100
2019-08-20,111.14006805419922,113.7300033569336,115.4000015258789,113.5999984741211,114.58999633789062,371400
2019-08-21,113.24111938476562,115.87999725341795,116.69000244140624,114.36000061035156,114.7699966430664,325100
2019-08-22,113.86653137207033,116.5199966430664,117.9499969482422,115.31999969482422,115.95999908447266,508000
2019-08-23,109.95259857177734,112.2300033569336,115.70999908447266,111.75,115.22000122070312,510000
2019-08-26,110.48163604736328,112.7699966430664,114.1500015258789,111.91000366210938,114.1500015258789,603400
2019-08-27,110.29549407958984,112.58000183105467,113.97000122070312,112.48999786376952,113.72000122070312,801900
2019-08-28,109.46275329589844,111.7300033569336,112.48999786376952,111.5,112.13999938964844,588300
2019-08-29,112.37248992919922,114.6999969482422,115.25,113.62999725341795,113.62999725341795,768100
2019-08-30,113.15625762939452,115.5,116.5,113.58999633789062,115.52999877929688,1099700
2019-09-03,113.66570281982422,116.0199966430664,116.33000183105467,113.9499969482422,115.5199966430664,709700
2019-09-04,115.664306640625,118.05999755859376,118.6500015258789,116.6999969482422,117.0199966430664,903200
2019-09-05,116.06598663330078,118.47000122070312,119.98999786376952,117.58999633789062,119.2699966430664,581700
2019-09-06,115.98760986328124,118.38999938964844,118.91000366210938,117.5500030517578,118.91000366210938,659700
2019-09-09,115.12545776367188,117.51000213623048,119.31999969482422,116.6500015258789,119.0,590400
2019-09-10,109.2374267578125,111.5,116.87000274658205,110.76000213623048,116.6500015258789,968300
2019-09-11,110.52084350585938,112.80999755859376,112.91999816894533,110.08999633789062,111.75,695600
2019-09-12,112.0001983642578,114.31999969482422,114.62000274658205,111.05999755859376,112.77999877929688,661000
2019-09-13,109.44316864013672,111.70999908447266,113.9800033569336,110.97000122070312,113.88999938964844,957400
2019-09-16,110.70697021484376,113.0,116.0199966430664,110.5199966430664,111.5999984741211,1174000
2019-09-17,111.4907455444336,113.8000030517578,114.62000274658205,111.0,112.68000030517578,739100
2019-09-18,117.93721771240234,120.37999725341795,122.1999969482422,118.79000091552734,121.0,7389300
2019-09-19,119.32840728759766,121.8000030517578,122.91000366210938,119.63999938964844,119.88999938964844,3147500
2019-09-20,118.60342407226562,121.05999755859376,122.38999938964844,118.83999633789062,122.06999969482422,24549400
2019-09-23,116.91832733154295,119.33999633789062,121.76000213623048,119.20999908447266,120.87999725341795,2503000
2019-09-24,116.25213623046876,118.66000366210938,120.47000122070312,117.26000213623048,119.56999969482422,2107000
2019-09-25,119.05409240722656,121.5199966430664,121.79000091552734,117.0500030517578,118.47000122070312,1658300
2019-09-26,120.89594268798828,123.4000015258789,124.33999633789062,120.12999725341795,121.5199966430664,1754100
2019-09-27,119.31861114501952,121.79000091552734,124.08000183105467,120.94000244140624,123.13999938964844,1727400
2019-09-30,120.73918914794922,123.23999786376952,123.5199966430664,121.6500015258789,122.41999816894533,1703500
2019-10-01,118.66221618652344,121.12000274658205,124.5199966430664,121.0999984741211,123.43000030517578,1302900
2019-10-02,117.38859558105467,119.81999969482422,121.3000030517578,118.9000015258789,121.29000091552734,1473800
2019-10-03,117.25142669677734,119.68000030517578,120.77999877929688,117.5500030517578,119.63999938964844,1171400
2019-10-04,119.91622924804688,122.4000015258789,122.61000061035156,119.83999633789062,120.01000213623048,1463000
2019-10-07,120.62162017822266,123.12000274658205,124.11000061035156,121.0500030517578,122.33999633789062,883900
2019-10-08,120.4942626953125,122.98999786376952,124.05999755859376,121.4499969482422,121.93000030517578,1864300
2019-10-09,119.32840728759766,121.8000030517578,123.86000061035156,120.91999816894533,123.86000061035156,1462400
2019-10-10,120.05340576171876,122.54000091552734,122.8499984741211,121.0,121.33999633789062,1359200
2019-10-11,121.88545989990234,124.41000366210938,125.41000366210938,123.23999786376952,123.97000122070312,790200
2019-10-14,120.8273696899414,123.33000183105467,124.4000015258789,123.1999969482422,123.62000274658205,941000
2019-10-15,120.85675811767578,123.36000061035156,124.33999633789062,123.0,123.33000183105467,954500
2019-10-16,121.16046905517578,123.66999816894533,124.93000030517578,123.01000213623048,123.37000274658205,802700
2019-10-17,121.45437622070312,123.97000122070312,124.75,122.77999877929688,123.91999816894533,641800
2019-10-18,121.39559173583984,123.91000366210938,125.0,122.6999969482422,124.43000030517578,761900
2019-10-21,121.54254913330078,124.05999755859376,125.22000122070312,123.93000030517578,124.36000061035156,727700
2019-10-22,119.9260482788086,122.41000366210938,124.9800033569336,122.20999908447266,124.88999938964844,812400
2019-10-23,120.54325103759766,123.04000091552734,123.26000213623048,121.75,122.0999984741211,837300
2019-10-24,121.92463684082033,124.4499969482422,124.51000213623048,122.94000244140624,124.02999877929688,773400
2019-10-25,122.32630920410156,124.86000061035156,125.05999755859376,123.54000091552734,123.8499984741211,751800
2019-10-28,123.43338012695312,125.98999786376952,127.01000213623048,125.6500015258789,126.08000183105467,1103300
2019-10-29,123.61953735351562,126.18000030517578,127.25,125.11000061035156,125.12000274658205,919800
2019-10-30,124.79517364501952,127.37999725341795,127.51000213623048,124.91000366210938,126.1500015258789,1030400
2019-10-31,125.31442260742188,127.91000366210938,132.35000610351562,127.41999816894533,131.5,1670600
2019-11-01,128.53765869140625,131.1999969482422,131.39999389648438,128.47000122070312,128.9600067138672,1063400
2019-11-04,129.12550354003906,131.8000030517578,133.44000244140625,131.41000366210938,132.33999633789062,1290200
2019-11-05,133.05409240722656,135.80999755859375,136.30999755859375,131.58999633789062,131.99000549316406,1201400
2019-11-06,130.261962890625,132.9600067138672,135.60000610351562,132.35000610351562,135.1999969482422,1284900
2019-11-07,130.2325439453125,132.92999267578125,134.0399932861328,132.41000366210938,132.80999755859375,1009400
2019-11-08,130.81060791015625,133.52000427246094,134.10000610351562,132.00999450683594,132.47999572753906,725900
2019-11-11,131.38864135742188,134.11000061035156,134.52999877929688,132.60000610351562,132.97999572753906,819100
2019-11-12,131.10450744628906,133.82000732421875,134.4499969482422,132.25,133.77000427246094,955500
2019-11-13,132.73081970214844,135.47999572753906,135.57000732421875,133.1300048828125,133.25,918200
2019-11-14,130.1248016357422,132.82000732421875,135.25,132.5500030517578,134.80999755859375,1054000
2019-11-15,133.7790985107422,136.5500030517578,136.6300048828125,133.39999389648438,134.19000244140625,1007000
2019-11-18,134.8470001220703,137.63999938964844,137.89999389648438,135.7100067138672,136.10000610351562,585500
2019-11-19,135.00372314453125,137.8000030517578,138.8800048828125,137.5500030517578,138.77999877929688,640600
2019-11-20,134.90577697753906,137.6999969482422,138.7899932861328,136.6999969482422,137.35000610351562,709500
2019-11-21,134.79800415039062,137.58999633789062,137.80999755859375,136.35000610351562,137.60000610351562,696700
2019-11-22,134.04153442382812,136.44000244140625,137.83999633789062,136.17999267578125,137.7899932861328,626600
2019-11-25,135.59376525878906,138.02000427246094,138.49000549316406,136.36000061035156,137.0399932861328,759500
2019-11-26,134.58187866210938,136.99000549316406,138.3800048828125,136.80999755859375,137.9199981689453,866100
2019-11-27,134.05137634277344,136.4499969482422,137.25,133.97999572753906,137.25,781200
2019-11-29,132.6759796142578,135.0500030517578,136.8800048828125,134.83999633789062,136.0399932861328,549000
2019-12-02,131.7230224609375,134.0800018310547,135.89999389648438,133.24000549316406,135.89999389648438,1265200
2019-12-03,130.79953002929688,133.13999938964844,133.4199981689453,130.82000732421875,132.27000427246094,801300
2019-12-04,132.95106506347656,135.3300018310547,135.91000366210938,134.2899932861328,134.47000122070312,630000
2019-12-05,132.05703735351562,134.4199981689453,135.83999633789062,134.27999877929688,135.5,474900
2019-12-06,134.25767517089844,136.66000366210938,136.88999938964844,135.0500030517578,135.32000732421875,699500
2019-12-09,131.97845458984375,134.33999633789062,136.58999633789062,134.1999969482422,136.3699951171875,710400
2019-12-10,133.36367797851562,135.75,135.82000732421875,134.0,134.16000366210938,540100
2019-12-11,133.27525329589844,135.66000366210938,135.9600067138672,134.99000549316406,135.74000549316406,533600
2019-12-12,134.3952178955078,136.8000030517578,137.64999389648438,135.25999450683594,135.8800048828125,507200
2019-12-13,135.34815979003906,137.77000427246094,137.8800048828125,135.92999267578125,136.75,562900
2019-12-16,138.21682739257812,140.69000244140625,141.75,139.07000732421875,139.07000732421875,1323300
2019-12-17,136.91021728515625,139.36000061035156,141.11000061035156,138.4600067138672,140.13999938964844,1272400
2019-12-18,138.1480712890625,140.6199951171875,140.91000366210938,139.24000549316406,139.36000061035156,957200
2019-12-19,139.74940490722656,142.25,142.41000366210938,140.22999572753906,140.75999450683594,984200
2019-12-20,141.39002990722656,143.9199981689453,144.2100067138672,141.72999572753906,143.3800048828125,5961600
2019-12-23,140.35850524902344,142.8699951171875,144.08999633789062,141.9600067138672,144.0,1208900
2019-12-24,140.45677185058594,142.97000122070312,143.4499969482422,142.5500030517578,143.07000732421875,292600
2019-12-26,142.0875701904297,144.6300048828125,144.72999572753906,143.0,143.05999755859375,469600
2019-12-27,141.42933654785156,143.9600067138672,144.9499969482422,143.52000427246094,144.77999877929688,420400
2019-12-30,140.27008056640625,142.77999877929688,143.89999389648438,142.10000610351562,143.8699951171875,505000
2019-12-31,140.32904052734375,142.83999633789062,143.16000366210938,141.94000244140625,142.2100067138672,547600
2020-01-02,141.35076904296875,143.8800048828125,144.49000549316406,141.77999877929688,144.49000549316406,1333700
2020-01-03,139.65115356445312,142.14999389648438,143.44000244140625,141.80999755859375,141.99000549316406,883200
2020-01-06,138.59994506835938,141.0800018310547,141.64999389648438,140.2899932861328,141.0,1014400
2020-01-07,138.44276428222656,140.9199981689453,141.77999877929688,140.66000366210938,141.19000244140625,801300
2020-01-08,138.2364959716797,140.7100067138672,141.83999633789062,140.32000732421875,141.00999450683594,1034200
2020-01-09,139.47433471679688,141.97000122070312,143.0,141.0500030517578,141.27999877929688,943900
2020-01-10,139.8574676513672,142.36000061035156,143.92999267578125,141.22999572753906,142.4199981689453,668400
2020-01-13,140.83006286621094,143.35000610351562,143.72000122070312,141.86000061035156,142.75999450683594,1364500
2020-01-14,141.42933654785156,143.9600067138672,145.05999755859375,142.7899932861328,143.35000610351562,863500
2020-01-15,142.05810546875,144.60000610351562,145.39999389648438,143.44000244140625,143.88999938964844,791300
2020-01-16,141.66513061523438,144.1999969482422,146.08999633789062,143.5800018310547,145.47999572753906,834300
2020-01-17,134.44435119628906,136.85000610351562,141.6199951171875,136.0800018310547,140.88999938964844,2357000
2020-01-21,133.6878662109375,136.0800018310547,138.1199951171875,135.8300018310547,136.13999938964844,1619600
2020-01-22,134.17906188964844,136.5800018310547,138.25,136.35000610351562,137.17999267578125,1131900
2020-01-23,136.29127502441406,138.72999572753906,138.85000610351562,135.47000122070312,136.5800018310547,1175400
2020-01-24,135.49551391601562,137.9199981689453,139.5,137.14999389648438,139.0399932861328,856900
2020-01-27,131.51670837402344,133.8699951171875,136.0500030517578,133.75999450683594,135.47999572753906,887100
2020-01-28,133.0787811279297,135.4600067138672,135.72999572753906,133.91000366210938,134.66000366210938,1180900
2020-01-29,132.4893035888672,134.86000061035156,136.47000122070312,134.33999633789062,135.89999389648438,746800
2020-01-30,131.4774169921875,133.8300018310547,134.72000122070312,132.72999572753906,133.24000549316406,975100
2020-01-31,128.15682983398438,130.4499969482422,133.72000122070312,129.9199981689453,133.38999938964844,1173000
2020-02-03,130.55393981933594,132.88999938964844,133.75999450683594,130.5399932861328,130.74000549316406,1618000
2020-02-04,133.75662231445312,136.14999389648438,136.24000549316406,133.99000549316406,134.47000122070312,1068800
2020-02-05,133.6485595703125,136.0399932861328,137.49000549316406,134.88999938964844,137.22000122070312,1124300
2020-02-06,132.27317810058594,134.63999938964844,138.4499969482422,133.67999267578125,134.50999450683594,1186700
2020-02-07,130.3280029296875,132.66000366210938,134.49000549316406,131.1699981689453,134.41000366210938,1354400
2020-02-10,131.6345977783203,133.99000549316406,134.07000732421875,132.5,132.7100067138672,920000
2020-02-11,133.5797882080078,135.97000122070312,136.17999267578125,133.3300018310547,134.30999755859375,1228300
2020-02-12,134.1889190673828,136.58999633789062,137.55999755859375,135.69000244140625,136.0,1028500
2020-02-13,134.86676025390625,137.27999877929688,137.30999755859375,134.88999938964844,135.3000030517578,1034100
2020-02-14,135.8590087890625,138.2899932861328,138.9600067138672,137.05999755859375,137.94000244140625,1292600
2020-02-18,132.4991455078125,134.8699951171875,137.66000366210938,133.3300018310547,137.47000122070312,1003200
2020-02-19,134.2281951904297,136.6300048828125,137.36000061035156,135.0800018310547,135.27000427246094,667000
2020-02-20,135.8098907470703,138.24000549316406,138.44000244140625,135.75999450683594,136.52999877929688,667900
2020-02-21,131.55601501464844,133.91000366210938,138.3000030517578,133.14999389648438,137.3699951171875,960100
2020-02-24,127.6249771118164,129.5399932861328,132.8699951171875,128.36000061035156,131.38999938964844,1441200
2020-02-25,123.29988861083984,125.1500015258789,131.07000732421875,124.75,130.33999633789062,1291700
2020-02-26,122.99446868896484,124.83999633789062,129.1699981689453,124.68000030517578,125.79000091552734,1319600
2020-02-27,114.36397552490234,116.08000183105467,121.9800033569336,116.04000091552734,121.73999786376952,1969100
2020-02-28,112.5314712524414,114.22000122070312,117.87000274658205,110.91999816894533,113.29000091552734,2984800
2020-03-02,118.2063217163086,119.9800033569336,119.9800033569336,113.12999725341795,115.36000061035156,2087700
2020-03-03,113.9009246826172,115.61000061035156,120.91000366210938,113.87000274658205,118.1500015258789,1656500
2020-03-04,117.42799377441406,119.19000244140624,119.26000213623048,115.94000244140624,117.80999755859376,1301800
2020-03-05,112.12753295898438,113.80999755859376,116.7699966430664,111.68000030517578,115.98999786376952,1623100
2020-03-06,109.93049621582033,111.58000183105467,112.01000213623048,108.31999969482422,108.95999908447266,1572900
2020-03-09,96.75814819335938,98.20999908447266,105.5199966430664,98.19000244140624,102.1500015258789,2728900
2020-03-10,102.5512237548828,104.08999633789062,104.08999633789062,99.08000183105467,102.18000030517578,2157500
2020-03-11,101.3492660522461,102.87000274658205,104.63999938964844,100.37000274658205,100.37000274658205,2858800
2020-03-12,90.1177749633789,91.47000122070312,101.37999725341795,91.25,96.01000213623048,2756300
2020-03-13,99.80247497558594,101.3000030517578,101.37999725341795,92.51000213623048,96.5199966430664,2292400
2020-03-16,85.68431091308594,86.97000122070312,91.58000183105467,85.01000213623047,88.05999755859375,2461000
2020-03-17,85.9897232055664,87.27999877929688,89.47000122070312,84.36000061035156,88.68000030517578,2125000
2020-03-18,83.14244842529297,84.38999938964844,88.58000183105469,75.19999694824219,80.98999786376953,2121300
2020-03-19,86.96509552001953,88.2699966430664,89.44999694824219,78.76000213623047,84.05999755859375,1873200
2020-03-20,78.38385009765625,79.55999755859375,91.02999877929688,79.33000183105469,89.66000366210938,1903500
2020-03-23,84.33455657958984,85.5999984741211,87.0,73.38999938964844,78.37999725341797,2204200
2020-03-24,92.44290161132812,93.83000183105467,95.4800033569336,88.80000305175781,90.23999786376952,2191100
2020-03-25,90.55127716064452,91.91000366210938,96.79000091552734,90.41000366210938,92.66000366210938,1747000
2020-03-26,99.5660171508789,101.05999755859376,101.9000015258789,90.01000213623047,91.5,1577400
2020-03-27,92.36408233642578,93.75,97.8000030517578,92.5199966430664,95.86000061035156,1361900
2020-03-30,95.47737121582033,96.91000366210938,97.75,91.81999969482422,92.01000213623048,932500
2020-03-31,91.89117431640624,93.2699966430664,98.41000366210938,92.45999908447266,96.44000244140624,2153500
2020-04-01,87.51681518554688,88.83000183105469,92.66999816894533,88.01000213623047,89.31999969482422,1531800
2020-04-02,86.6695327758789,87.97000122070312,89.29000091552734,85.77999877929688,86.62999725341797,1439900
2020-04-03,85.6054916381836,86.88999938964844,89.7699966430664,85.87999725341797,87.44000244140625,1125100
2020-04-06,94.42317962646484,95.83999633789062,96.29000091552734,91.3000030517578,92.63999938964844,1196300
2020-04-07,97.17193603515624,98.62999725341795,102.95999908447266,98.51000213623048,101.5199966430664,1273100
2020-04-08,100.75811767578124,102.2699966430664,103.29000091552734,98.5,99.52999877929688,1010500
2020-04-09,104.68914794921876,106.26000213623048,107.80999755859376,103.27999877929688,104.1999969482422,1318900
2020-04-13,102.34432983398438,103.87999725341795,107.0,101.58000183105467,105.91000366210938,832800
2020-04-14,105.17190551757812,106.75,107.23999786376952,104.66000366210938,104.66000366210938,967100
2020-04-15,102.14729309082033,103.68000030517578,105.3499984741211,102.41999816894533,102.43000030517578,698000
2020-04-16,102.7088623046875,104.25,105.69000244140624,101.0999984741211,103.83000183105467,1092000
2020-04-17,107.21129608154295,108.81999969482422,109.02999877929688,105.63999938964844,106.13999938964844,966000
2020-04-20,104.03890228271484,105.5999984741211,107.11000061035156,104.51000213623048,106.47000122070312,1066800
2020-04-21,97.38868713378906,98.8499984741211,103.75,98.12000274658205,102.6999969482422,1423200
2020-04-22,100.23596954345705,101.73999786376952,102.93000030517578,99.36000061035156,100.9000015258789,864700
2020-04-23,99.36897277832033,100.86000061035156,104.33999633789062,100.6999969482422,102.51000213623048,900200
2020-04-24,103.22116088867188,104.7699966430664,105.70999908447266,102.33999633789062,103.0500030517578,1068800
2020-04-27,104.70884704589844,106.27999877929688,107.04000091552734,104.5999984741211,104.7699966430664,734700
2020-04-28,105.5364227294922,107.12000274658205,109.05999755859376,106.18000030517578,108.62000274658205,1016700
2020-04-29,109.64479064941406,111.29000091552734,112.13999938964844,108.43000030517578,109.16999816894533,988000
2020-04-30,109.16203308105467,110.8000030517578,111.19000244140624,108.9499969482422,110.93000030517578,1144400
2020-05-01,105.2408676147461,106.81999969482422,108.69000244140624,106.18000030517578,108.22000122070312,823500
2020-05-04,106.5906219482422,108.19000244140624,108.33999633789062,104.45999908447266,106.22000122070312,724600
2020-05-05,108.36400604248048,109.98999786376952,111.01000213623048,107.62999725341795,107.83000183105467,813400
2020-05-06,105.1916046142578,106.7699966430664,111.3000030517578,104.66000366210938,110.61000061035156,1328900
2020-05-07,105.09308624267578,106.66999816894533,108.88999938964844,104.97000122070312,106.47000122070312,896800
2020-05-08,106.93543243408205,108.54000091552734,109.83000183105467,107.54000091552734,108.0500030517578,584000
2020-05-11,103.418212890625,104.97000122070312,107.30999755859376,104.97000122070312,106.97000122070312,770700
2020-05-12,100.47241973876952,101.9800033569336,106.31999969482422,101.95999908447266,105.37999725341795,858800
2020-05-13,96.56111145019533,98.01000213623048,102.7699966430664,96.5,100.98999786376952,958200
2020-05-14,98.22612762451172,99.6999969482422,99.83000183105467,93.75,95.2699966430664,1088100
2020-05-15,96.36406707763672,97.80999755859376,98.80999755859376,96.91000366210938,98.01000213623048,1288000
2020-05-18,104.93545532226562,106.51000213623048,107.18000030517578,101.48999786376952,102.4800033569336,1773200
2020-05-19,104.42313385009766,105.98999786376952,108.51000213623048,105.11000061035156,106.36000061035156,892100
2020-05-20,107.615234375,109.2300033569336,109.38999938964844,105.83000183105467,105.83000183105467,1008300
2020-05-21,105.99384307861328,107.20999908447266,109.95999908447266,107.01000213623048,108.44000244140624,754400
2020-05-22,104.54051971435548,105.73999786376952,106.6999969482422,105.41000366210938,106.2300033569336,624200
2020-05-26,106.78477478027344,108.01000213623048,110.5199966430664,107.97000122070312,108.55999755859376,940300
2020-05-27,109.08832550048828,110.33999633789062,110.37999725341795,107.11000061035156,109.61000061035156,821300
2020-05-28,108.40616607666016,109.6500015258789,111.66000366210938,108.38999938964844,110.0,766900
2020-05-29,109.65187072753906,110.91000366210938,111.5,108.33999633789062,110.41999816894533,1210500
2020-06-01,110.6405258178711,111.91000366210938,113.1999969482422,109.58000183105467,110.26000213623048,607100
2020-06-02,111.98509216308594,113.2699966430664,113.6500015258789,111.5999984741211,111.97000122070312,881800
2020-06-03,113.7844467163086,115.08999633789062,115.75,113.51000213623048,113.51000213623048,648200
2020-06-04,115.42562103271484,116.75,117.0,114.01000213623048,114.4000015258789,1101800
2020-06-05,123.91818237304688,125.33999633789062,126.0,119.31999969482422,119.33999633789062,2030900
2020-06-08,126.834716796875,128.2899932861328,129.22999572753906,125.3499984741211,126.4000015258789,1658300
2020-06-09,122.9987335205078,124.41000366210938,127.13999938964844,124.29000091552734,126.56999969482422,1328300
2020-06-10,120.32935333251952,121.70999908447266,124.5199966430664,121.4800033569336,124.11000061035156,911200
2020-06-11,109.28607177734376,110.54000091552734,120.5999984741211,110.52999877929688,120.23999786376952,994700
2020-06-12,112.80567932128906,114.0999984741211,116.0199966430664,111.02999877929688,113.9000015258789,923900
2020-06-15,112.60794830322266,113.9000015258789,114.08000183105467,108.63999938964844,111.0,897400
2020-06-16,118.01589965820312,119.37000274658205,120.6500015258789,115.8499984741211,118.04000091552734,1239300
2020-06-17,115.85074615478516,117.18000030517578,120.43000030517578,116.63999938964844,119.98999786376952,782700
2020-06-18,115.91006469726562,117.23999786376952,117.55999755859376,115.63999938964844,116.54000091552734,703200
2020-06-19,115.62335205078124,116.9499969482422,121.0,116.33000183105467,117.86000061035156,1426500
2020-06-22,114.8719711303711,116.19000244140624,116.58000183105467,114.63999938964844,115.98999786376952,856300
2020-06-23,114.63469696044922,115.9499969482422,117.98999786376952,115.5199966430664,117.98999786376952,1098400
2020-06-24,110.22528076171876,111.48999786376952,114.83999633789062,110.38999938964844,114.79000091552734,890500
2020-06-25,111.16451263427734,112.44000244140624,112.77999877929688,109.6999969482422,111.6999969482422,733500
2020-06-26,107.25931549072266,108.48999786376952,112.8000030517578,108.16000366210938,112.8000030517578,2005000
2020-06-29,112.7068099975586,114.0,115.16999816894533,111.5,112.6500015258789,1912400
2020-06-30,114.86209106445312,116.18000030517578,116.9000015258789,112.5,113.5999984741211,1006200
2020-07-01,114.2194595336914,115.52999877929688,117.91000366210938,115.16000366210938,116.02999877929688,880300
2020-07-02,115.7815399169922,117.11000061035156,118.76000213623048,116.5,116.77999877929688,894100
2020-07-06,116.216552734375,117.5500030517578,120.0,117.1999969482422,119.75,729500
2020-07-07,112.7661361694336,114.05999755859376,118.02999877929688,113.70999908447266,116.87000274658205,883900
2020-07-08,112.0938491821289,113.37999725341795,114.95999908447266,112.3000030517578,114.22000122070312,865200
2020-07-09,111.23371887207033,112.51000213623048,114.01000213623048,110.19000244140624,113.62000274658205,723900
2020-07-10,112.5486297607422,113.83999633789062,114.23999786376952,111.29000091552734,111.80999755859376,660500
2020-07-13,111.30292510986328,112.58000183105467,115.12000274658205,112.45999908447266,115.11000061035156,780500
2020-07-14,113.10227966308594,114.4000015258789,114.55999755859376,110.9800033569336,111.26000213623048,609900
2020-07-15,116.3648452758789,117.6999969482422,118.2699966430664,114.91999816894533,115.73999786376952,660600
2020-07-16,115.37619018554688,116.6999969482422,117.41000366210938,116.12999725341795,117.12000274658205,567100
2020-07-17,117.16565704345705,118.51000213623048,119.62000274658205,116.5500030517578,117.16000366210938,560600
2020-07-20,116.83939361572266,118.18000030517578,118.36000061035156,115.75,117.73999786376952,489700
2020-07-21,115.67278289794922,117.0,119.72000122070312,116.22000122070312,117.66999816894533,880200
2020-07-22,117.72919464111328,119.08000183105467,119.72000122070312,117.61000061035156,117.8000030517578,519100
2020-07-23,117.44248962402344,118.79000091552734,121.4800033569336,118.27999877929688,119.27999877929688,473000
2020-07-24,113.26046752929688,114.55999755859376,118.29000091552734,113.72000122070312,118.0199966430664,920700
2020-07-27,114.9807357788086,116.3000030517578,116.54000091552734,114.26000213623048,115.27999877929688,761300
2020-07-28,112.55851745605467,113.8499984741211,116.79000091552734,113.68000030517578,115.54000091552734,465200
2020-07-29,114.32821655273438,115.63999938964844,116.01000213623048,113.36000061035156,113.76000213623048,541700
2020-07-30,114.37765502929688,115.69000244140624,115.83999633789062,112.4000015258789,113.47000122070312,528800
2020-07-31,114.93128967285156,116.25,116.4000015258789,113.5500030517578,115.31999969482422,769300
2020-08-03,116.1275634765625,117.45999908447266,118.41999816894533,116.0500030517578,116.68000030517578,537300
2020-08-04,118.16419219970705,119.5199966430664,119.83000183105467,116.6999969482422,116.95999908447266,996400
2020-08-05,115.42562103271484,116.75,121.93000030517578,115.45999908447266,121.93000030517578,1293200
2020-08-06,113.48786163330078,114.79000091552734,117.9499969482422,114.41999816894533,115.9000015258789,784400
2020-08-07,113.46808624267578,114.7699966430664,114.8499984741211,112.8499984741211,113.73999786376952,678400
2020-08-10,111.7181625366211,113.0,115.01000213623048,112.9800033569336,114.2300033569336,675900
2020-08-11,115.88040161132812,117.20999908447266,119.9499969482422,113.91000366210938,114.41000366210938,1122900
2020-08-12,115.2872085571289,116.61000061035156,118.5,116.27999877929688,118.5,855900
2020-08-13,113.28024291992188,114.58000183105467,116.0199966430664,113.8000030517578,115.87000274658205,490800
2020-08-14,112.23226165771484,113.5199966430664,113.86000061035156,112.80999755859376,113.58999633789062,533100
2020-08-17,112.33113098144533,113.62000274658205,115.12000274658205,113.38999938964844,114.01000213623048,407900
2020-08-18,109.72107696533205,110.9800033569336,114.33000183105467,110.7699966430664,113.68000030517578,750200
2020-08-19,110.71961975097656,111.98999786376952,112.94000244140624,110.79000091552734,110.87000274658205,541000
2020-08-20,111.0458755493164,112.31999969482422,113.13999938964844,111.02999877929688,111.30999755859376,630200
2020-08-21,109.88915252685548,111.1500015258789,112.06999969482422,110.52999877929688,112.0,556500
2020-08-24,111.39706420898438,112.29000091552734,113.38999938964844,111.3499984741211,111.69000244140624,541000
2020-08-25,111.25817108154295,112.1500015258789,113.48999786376952,111.16000366210938,112.5199966430664,491900
2020-08-26,110.28596496582033,111.16999816894533,112.23999786376952,110.08999633789062,111.9800033569336,1026400
2020-08-27,113.92677307128906,114.83999633789062,115.55999755859376,111.83000183105467,112.5199966430664,1177800
2020-08-28,114.42279815673828,115.33999633789062,115.83999633789062,113.76000213623048,115.08999633789062,578500
2020-08-31,112.74624633789062,113.6500015258789,115.01000213623048,112.70999908447266,115.01000213623048,631200
2020-09-01,111.69467163085938,112.58999633789062,113.4800033569336,110.12999725341795,112.73999786376952,1097000
2020-09-02,116.59539031982422,117.52999877929688,117.86000061035156,112.9499969482422,113.93000030517578,1080800
2020-09-03,111.27800750732422,112.16999816894533,117.52999877929688,111.3000030517578,117.01000213623048,919000
2020-09-04,113.34146881103516,114.25,115.41999816894533,111.54000091552734,113.73999786376952,1383600
2020-09-08,110.8315887451172,111.72000122070312,114.16000366210938,111.58999633789062,112.13999938964844,1157200
2020-09-09,109.6708984375,110.5500030517578,112.79000091552734,109.5199966430664,112.47000122070312,637900
2020-09-10,109.2046356201172,110.08000183105467,112.0500030517578,109.36000061035156,111.0,1083300
2020-09-11,110.4347686767578,111.31999969482422,111.5500030517578,109.0500030517578,109.25,1073800
2020-09-14,112.2502212524414,113.1500015258789,114.81999969482422,111.86000061035156,112.36000061035156,764900
2020-09-15,113.27202606201172,114.18000030517578,115.51000213623048,113.1999969482422,113.31999969482422,468900
2020-09-16,113.00418090820312,113.91000366210938,116.6500015258789,113.63999938964844,115.11000061035156,894200
2020-09-17,113.3216323852539,114.2300033569336,114.4800033569336,111.76000213623048,112.06999969482422,908900
2020-09-18,111.92283630371094,112.81999969482422,115.26000213623048,112.16999816894533,115.0,1240200
2020-09-21,107.94473266601562,108.80999755859376,111.47000122070312,108.48999786376952,110.88999938964844,1031900
2020-09-22,109.2939224243164,110.16999816894533,110.30999755859376,105.87000274658205,108.33000183105467,847700
2020-09-23,108.34154510498048,109.20999908447266,112.12999725341795,108.01000213623048,111.01000213623048,946400
2020-09-24,109.55184936523438,110.43000030517578,111.9800033569336,108.13999938964844,108.62999725341795,911100
2020-09-25,111.84347534179688,112.73999786376952,112.86000061035156,109.66999816894533,110.25,688600
2020-09-28,115.5735855102539,116.5,116.72000122070312,113.11000061035156,114.44000244140624,1214900
2020-09-29,117.17078399658205,118.11000061035156,118.97000122070312,116.51000213623048,116.98999786376952,786200
2020-09-30,118.57948303222656,119.52999877929688,121.88999938964844,118.0999984741211,118.52999877929688,1013400
2020-10-01,122.51791381835938,123.5,124.52999877929688,120.4499969482422,120.4499969482422,1000800
2020-10-02,122.50799560546876,123.48999786376952,124.62000274658205,120.41999816894533,120.63999938964844,1128300
2020-10-05,124.87899017333984,125.87999725341795,126.43000030517578,124.05999755859376,124.3499984741211,653700
2020-10-06,122.09133911132812,123.06999969482422,127.23999786376952,122.5199966430664,126.12999725341795,985900
2020-10-07,124.92859649658205,125.93000030517578,126.23999786376952,124.3000030517578,124.68000030517578,497900
2020-10-08,125.19644927978516,126.1999969482422,127.16000366210938,125.56999969482422,126.7300033569336,404300
2020-10-09,124.98811340332033,125.98999786376952,127.83000183105467,125.62000274658205,127.25,506700
2020-10-12,128.97613525390625,130.00999450683594,130.80999755859375,126.4800033569336,127.86000061035156,596300
2020-10-13,128.8967742919922,129.92999267578125,131.22000122070312,129.69000244140625,130.52999877929688,688900
2020-10-14,128.49005126953125,129.52000427246094,131.1300048828125,129.38999938964844,130.3800048828125,673200
2020-10-15,128.767822265625,129.8000030517578,130.16000366210938,127.0,127.58000183105467,473900
2020-10-16,129.581298828125,130.6199951171875,131.75999450683594,129.3000030517578,130.75,393800
2020-10-19,127.83528137207033,128.86000061035156,132.25,128.1199951171875,130.2100067138672,482400
2020-10-20,128.29165649414062,129.32000732421875,131.38999938964844,128.91000366210938,130.72000122070312,422200
2020-10-21,127.81543731689452,128.83999633789062,130.3000030517578,128.08999633789062,129.75,468900
2020-10-22,128.4106903076172,129.44000244140625,129.8300018310547,127.31999969482422,128.52000427246094,337800
2020-10-23,128.9662322998047,130.0,130.5399932861328,128.6699981689453,130.3000030517578,310900
2020-10-26,124.670654296875,125.66999816894533,129.61000061035156,124.22000122070312,128.27000427246094,426500
2020-10-27,122.2996597290039,123.27999877929688,126.1999969482422,123.12000274658205,125.3499984741211,620100
2020-10-28,117.78585815429688,118.7300033569336,120.75,118.30999755859376,120.33000183105467,706900
2020-10-29,119.98818969726562,120.9499969482422,122.08999633789062,117.0199966430664,117.27999877929688,733100
2020-10-30,121.62507629394533,122.5999984741211,123.1999969482422,118.61000061035156,119.94000244140624,1147000
2020-11-02,125.44446563720705,126.4499969482422,129.4600067138672,123.22000122070312,125.16999816894533,1247600
2020-11-03,129.68051147460938,130.72000122070312,131.80999755859375,127.66000366210938,130.0500030517578,676900
2020-11-04,132.78561401367188,133.85000610351562,135.9499969482422,130.08999633789062,132.14999389648438,993800
2020-11-05,137.0811767578125,138.17999267578125,139.75,135.11000061035156,135.22000122070312,1322200
2020-11-06,136.9522247314453,138.0500030517578,139.49000549316406,137.11000061035156,138.3000030517578,676100
2020-11-09,142.8052978515625,143.9499969482422,146.9499969482422,141.08999633789062,141.08999633789062,1568900
2020-11-10,136.4363555908203,137.52999877929688,144.22000122070312,136.8699951171875,141.3300018310547,1310300
2020-11-11,137.5970458984375,138.6999969482422,139.33999633789062,136.8699951171875,138.32000732421875,582300
2020-11-12,134.4820098876953,135.55999755859375,139.22999572753906,135.25999450683594,138.4600067138672,456400
2020-11-13,136.49588012695312,137.58999633789062,138.42999267578125,136.82000732421875,136.99000549316406,1199500
2020-11-16,137.97402954101562,139.0800018310547,140.82000732421875,138.57000732421875,139.30999755859375,677900
2020-11-17,135.6923065185547,136.77999877929688,138.9600067138672,136.3300018310547,137.61000061035156,711400
2020-11-18,134.65065002441406,135.72999572753906,138.11000061035156,135.6699981689453,137.10000610351562,1481000
2020-11-19,131.72412109375,132.77999877929688,135.07000732421875,131.0500030517578,134.74000549316406,1418900
2020-11-20,130.90072631835938,131.9499969482422,133.60000610351562,131.9199981689453,132.4499969482422,783700
2020-11-23,130.17652893066406,131.22000122070312,132.69000244140625,130.22999572753906,132.25999450683594,1102800
2020-11-24,136.1470184326172,136.82000732421875,137.6699981689453,131.6699981689453,131.85000610351562,1970100
2020-11-25,131.291015625,131.94000244140625,136.33999633789062,131.3300018310547,136.24000549316406,786800
2020-11-27,131.57958984375,132.22999572753906,132.4199981689453,131.0800018310547,132.11000061035156,357100
2020-11-30,129.84815979003906,130.49000549316406,131.5,129.05999755859375,131.5,1082000
2020-12-01,131.37062072753906,132.02000427246094,133.10000610351562,131.02999877929688,131.92999267578125,985800
2020-12-02,130.5646209716797,131.2100067138672,132.27999877929688,130.61000061035156,131.97000122070312,587000
2020-12-03,130.6044158935547,131.25,132.9499969482422,130.74000549316406,130.80999755859375,610900
2020-12-04,132.84335327148438,133.5,134.3800048828125,131.35000610351562,131.5500030517578,925400
2020-12-07,132.28610229492188,132.94000244140625,134.75,132.0,133.25,742400
2020-12-08,132.28610229492188,132.94000244140625,134.32000732421875,132.32000732421875,133.60000610351562,1203400
2020-12-09,131.30096435546875,131.9499969482422,133.4600067138672,131.11000061035156,133.0,687800
2020-12-10,131.06216430664062,131.7100067138672,132.3699951171875,130.89999389648438,131.5,542600
2020-12-11,130.05711364746094,130.6999969482422,131.61000061035156,128.82000732421875,130.72000122070312,689100
2020-12-14,131.08204650878906,131.72999572753906,134.11000061035156,130.75,131.57000732421875,937000
2020-12-15,132.1766357421875,132.8300018310547,133.25999450683594,131.75999450683594,132.19000244140625,650100
2020-12-16,131.60943603515625,132.25999450683594,133.19000244140625,131.77000427246094,132.7100067138672,570100
2020-12-17,134.5747833251953,135.24000549316406,135.3800048828125,128.91000366210938,128.91000366210938,885700
2020-12-18,133.7090606689453,134.3699951171875,136.6300048828125,133.27000427246094,135.85000610351562,2098300
2020-12-21,130.34568786621094,130.99000549316406,132.1300048828125,129.3000030517578,131.75,1153600
2020-12-22,130.10687255859375,130.75,131.64999389648438,129.47000122070312,131.35000610351562,1207100
2020-12-23,129.2113037109375,129.85000610351562,132.58999633789062,129.6699981689453,131.41000366210938,782500
2020-12-24,128.59434509277344,129.22999572753906,130.52999877929688,128.25,130.4600067138672,392900
2020-12-28,130.41534423828125,131.05999755859375,131.50999450683594,129.6300048828125,130.75,954100
2020-12-29,128.83316040039062,129.47000122070312,133.88999938964844,128.83999633789062,132.00999450683594,740600
2020-12-30,129.36056518554688,130.0,131.47000122070312,129.0,129.3300018310547,483600
2020-12-31,131.14173889160156,131.7899932861328,132.1699981689453,129.39999389648438,129.82000732421875,493700
2021-01-04,126.53453063964844,127.16000366210938,132.80999755859375,125.45999908447266,131.75,1073800
2021-01-05,127.211181640625,127.83999633789062,128.3300018310547,125.66000366210938,126.19000244140624,1026200
2021-01-06,128.26596069335938,128.89999389648438,130.3699951171875,127.22000122070312,127.22000122070312,964200
2021-01-07,131.32086181640625,131.97000122070312,132.6199951171875,128.5800018310547,129.1199951171875,1482600
2021-01-08,133.927978515625,134.58999633789062,135.74000549316406,132.0,132.19000244140625,999400
2021-01-11,132.9925994873047,133.64999389648438,135.16000366210938,132.75999450683594,133.00999450683594,686400
2021-01-12,133.75881958007812,134.4199981689453,135.74000549316406,132.91000366210938,133.27999877929688,652400
2021-01-13,134.28619384765625,134.9499969482422,136.22999572753906,134.10000610351562,134.3800048828125,972700
2021-01-14,134.13694763183594,134.8000030517578,136.2100067138672,134.4499969482422,135.17999267578125,677700
2021-01-15,133.0025634765625,133.66000366210938,134.63999938964844,131.1699981689453,134.2100067138672,811000
2021-01-19,132.31594848632812,132.97000122070312,134.8800048828125,130.00999450683594,133.4499969482422,784300
2021-01-20,135.4803009033203,136.14999389648438,136.82000732421875,133.10000610351562,133.85000610351562,774600
2021-01-21,136.99282836914062,137.6699981689453,137.8000030517578,134.75999450683594,135.8300018310547,750200
2021-01-22,134.65440368652344,135.32000732421875,137.25,135.32000732421875,136.49000549316406,804800
2021-01-25,134.56483459472656,135.22999572753906,137.00999450683594,134.83999633789062,135.82000732421875,610100
2021-01-26,133.5797119140625,134.24000549316406,136.13999938964844,133.2100067138672,136.13999938964844,461300
2021-01-27,132.36572265625,133.02000427246094,134.2899932861328,130.35000610351562,132.9600067138672,963400
2021-01-28,133.8384246826172,134.5,136.41000366210938,132.64999389648438,133.6300048828125,986700
2021-01-29,131.0124053955078,131.66000366210938,134.41000366210938,130.22000122070312,133.25999450683594,1108800
2021-02-01,137.4804229736328,138.16000366210938,139.30999755859375,132.7100067138672,133.47000122070312,1230700
2021-02-02,140.74429321289062,141.44000244140625,142.39999389648438,138.3699951171875,138.74000549316406,713300
2021-02-03,140.29649353027344,140.99000549316406,141.9199981689453,139.3699951171875,140.52999877929688,768200
2021-02-04,149.24227905273438,149.97999572753906,149.99000549316406,144.82000732421875,145.7100067138672,1211700
2021-02-05,150.2274169921875,150.97000122070312,151.27000427246094,147.52000427246094,151.27000427246094,630900
2021-02-08,149.65025329589844,150.38999938964844,153.9499969482422,150.02000427246094,152.0800018310547,1436100
2021-02-09,150.81451416015625,151.55999755859375,151.75,149.27000427246094,150.38999938964844,754600
2021-02-10,156.56607055664062,157.33999633789062,157.94000244140625,154.30999755859375,155.25999450683594,1034200
2021-02-11,156.13819885253906,156.91000366210938,157.10000610351562,154.16000366210938,156.97999572753906,730400
2021-02-12,154.6356201171875,155.39999389648438,157.02000427246094,154.41000366210938,157.02000427246094,573700
2021-02-16,155.1630096435547,155.92999267578125,156.77000427246094,154.66000366210938,154.77999877929688,740000
2021-02-17,157.08352661132812,157.86000061035156,158.5800018310547,154.3000030517578,155.61000061035156,871300
2021-02-18,155.8794708251953,156.64999389648438,158.0800018310547,156.5500030517578,156.8000030517578,672200
2021-02-19,159.9593048095703,160.75,162.4199981689453,156.8000030517578,157.25,1035400
2021-02-22,158.53634643554688,159.32000732421875,160.77999877929688,158.32000732421875,158.60000610351562,638000
2021-02-23,156.4068603515625,157.17999267578125,158.4600067138672,154.42999267578125,158.4600067138672,772300
2021-02-24,161.71421813964844,162.10000610351562,162.72999572753906,154.00999450683594,154.6300048828125,701000
2021-02-25,156.5166015625,156.88999938964844,161.4199981689453,156.50999450683594,160.97000122070312,789300
2021-02-26,156.5166015625,156.88999938964844,159.7100067138672,155.6699981689453,158.36000061035156,954900
2021-03-01,160.18785095214844,160.57000732421875,161.86000061035156,158.6199951171875,160.10000610351562,786800
2021-03-02,156.7261199951172,157.10000610351562,160.80999755859375,156.83999633789062,160.0,701700
2021-03-03,155.28953552246094,155.66000366210938,157.0,154.3800048828125,156.49000549316406,961100
2021-03-04,151.07958984375,151.44000244140625,155.77999877929688,148.91000366210938,154.8800048828125,1072100
2021-03-05,154.11233520507812,154.47999572753906,155.25,149.22000122070312,153.82000732421875,891200
2021-03-08,154.77076721191406,155.13999938964844,157.1999969482422,152.91000366210938,154.07000732421875,774000
2021-03-09,154.1023712158203,154.47000122070312,157.32000732421875,154.1699981689453,155.8699951171875,849200
2021-03-10,156.06768798828125,156.44000244140625,158.27000427246094,154.2899932861328,155.6699981689453,684700
2021-03-11,159.60923767089844,159.99000549316406,161.00999450683594,156.17999267578125,157.11000061035156,703100
2021-03-12,159.67906188964844,160.05999755859375,162.0,158.99000549316406,161.02000427246094,639900
2021-03-15,160.8861846923828,161.27000427246094,161.33999633789062,158.5,159.69000244140625,504500
2021-03-16,160.58689880371094,160.97000122070312,162.1999969482422,160.02000427246094,162.1300048828125,524600
2021-03-17,160.01824951171875,160.39999389648438,160.6300048828125,157.57000732421875,160.14999389648438,715700
2021-03-18,156.7261199951172,157.10000610351562,159.9199981689453,156.58999633789062,157.3000030517578,766300
2021-03-19,157.65390014648438,158.02999877929688,159.4199981689453,154.74000549316406,156.27000427246094,1663400
2021-03-22,158.92088317871094,159.3000030517578,160.35000610351562,157.17999267578125,158.1999969482422,639600
2021-03-23,155.68858337402344,156.05999755859375,159.92999267578125,155.17999267578125,158.85000610351562,773300
2021-03-24,156.03775024414062,156.41000366210938,159.6300048828125,156.10000610351562,156.74000549316406,819000
2021-03-25,159.2401123046875,159.6199951171875,160.39999389648438,154.52999877929688,156.00999450683594,1004600
2021-03-26,167.50039672851562,167.89999389648438,168.02999877929688,158.58999633789062,158.75,1342600
2021-03-29,164.6671600341797,165.05999755859375,168.9600067138672,163.8000030517578,167.74000549316406,821700
2021-03-30,164.42774963378906,164.82000732421875,165.3300018310547,161.33999633789062,163.97000122070312,549400
2021-03-31,165.35552978515625,165.75,166.39999389648438,164.05999755859375,165.77000427246094,763400
2021-04-01,169.0367431640625,169.44000244140625,169.63999938964844,166.58999633789062,167.6300048828125,722800
2021-04-05,171.12176513671875,171.52999877929688,172.7899932861328,169.5,170.39999389648438,704400
2021-04-06,171.11180114746094,171.52000427246094,171.55999755859375,169.55999755859375,170.7899932861328,785700
2021-04-07,169.91465759277344,170.32000732421875,171.3000030517578,169.85000610351562,171.2899932861328,483700
2021-04-08,174.1744842529297,174.58999633789062,176.3300018310547,172.17999267578125,176.3300018310547,782800
2021-04-09,175.0224609375,175.44000244140625,175.67999267578125,172.6999969482422,173.8000030517578,855200
2021-04-12,173.83529663085938,174.25,175.55999755859375,173.32000732421875,175.44000244140625,777500
2021-04-13,175.4713897705078,175.88999938964844,176.17999267578125,173.58999633789062,174.0500030517578,577800
2021-04-14,177.70606994628906,178.1300048828125,178.92999267578125,175.44000244140625,176.99000549316406,1199600
2021-04-15,180.38966369628903,180.82000732421875,181.0399932861328,176.9199981689453,178.77999877929688,893700
2021-04-16,183.57205200195312,184.009994506836,184.5800018310547,181.5800018310547,184.5800018310547,965600
2021-04-19,181.7663726806641,182.1999969482422,184.0599975585937,181.9100036621093,183.1000061035156,856500
2021-04-20,180.3098602294922,180.7400054931641,183.6300048828125,179.72000122070312,181.3099975585937,784700
2021-04-21,181.39724731445312,181.8300018310547,182.6100006103516,180.8000030517578,181.3800048828125,816100
2021-04-22,180.4395294189453,180.8699951171875,183.1100006103516,180.259994506836,182.6699981689453,587800
2021-04-23,182.17539978027344,182.6100006103516,183.5200042724609,180.92999267578125,181.9100036621093,775200
2021-04-26,182.67420959472656,183.1100006103516,184.0,181.63999938964844,182.759994506836,613800
2021-04-27,183.0533142089844,183.4900054931641,183.72000122070312,181.6699981689453,183.009994506836,472300
2021-04-28,181.5967712402344,182.02999877929688,183.8500061035156,181.1100006103516,183.42999267578125,423200
2021-04-29,182.065658569336,182.5,184.0200042724609,181.9499969482422,183.22000122070312,515600
2021-04-30,177.90557861328125,178.3300018310547,181.4600067138672,177.86000061035156,181.4600067138672,863400
2021-05-03,178.7735137939453,179.1999969482422,180.7700042724609,177.50999450683594,180.259994506836,724600
2021-05-04,175.8804168701172,176.3000030517578,179.10000610351562,175.02000427246094,178.55999755859375,973400
2021-05-05,170.9920654296875,171.39999389648438,176.0,169.0399932861328,174.64999389648438,1464500
2021-05-06,172.18922424316406,172.60000610351562,172.9199981689453,166.41000366210938,171.05999755859375,1314500
2021-05-07,174.4538116455078,174.8699951171875,175.3800048828125,171.97000122070312,172.6699981689453,784500
2021-05-10,171.01202392578125,171.4199981689453,175.38999938964844,171.39999389648438,174.8699951171875,545600
2021-05-11,167.24102783203125,167.63999938964844,169.63999938964844,166.66000366210938,168.60000610351562,1497800
2021-05-12,163.09092712402344,163.47999572753906,166.42999267578125,162.57000732421875,164.6300048828125,1228100
2021-05-13,168.12890625,168.52999877929688,169.75999450683594,163.66000366210938,164.9499969482422,1242300
2021-05-14,169.0467071533203,169.4499969482422,170.05999755859375,166.35000610351562,169.8800048828125,878300
2021-05-17,168.73745727539062,169.13999938964844,169.27000427246094,166.6199951171875,167.88999938964844,642000
2021-05-18,167.47047424316406,167.8699951171875,169.83999633789062,167.8000030517578,169.55999755859375,736800
2021-05-19,167.63009643554688,168.02999877929688,168.24000549316406,164.35000610351562,164.9199981689453,569900
2021-05-20,167.66001892089844,168.05999755859375,168.75999450683594,166.86000061035156,168.02999877929688,847500
2021-05-21,167.67001342773438,168.07000732421875,169.75999450683594,167.07000732421875,168.52000427246094,772900
2021-05-24,168.55999755859375,168.55999755859375,169.97999572753906,168.02999877929688,169.22999572753906,471600
2021-05-25,166.72999572753906,166.72999572753906,169.85000610351562,166.36000061035156,169.58999633789062,450900
2021-05-26,166.0800018310547,166.0800018310547,167.3699951171875,164.9199981689453,166.8000030517578,1283500
2021-05-27,167.17999267578125,167.17999267578125,168.13999938964844,166.0399932861328,166.92999267578125,1271200
2021-05-28,165.4199981689453,165.4199981689453,168.0800018310547,162.94000244140625,167.30999755859375,948000
2021-06-01,163.8699951171875,163.8699951171875,166.94000244140625,163.4600067138672,165.9600067138672,817700
2021-06-02,164.9600067138672,164.9600067138672,165.9600067138672,164.36000061035156,164.58999633789062,641100
2021-06-03,165.27999877929688,165.27999877929688,166.1199951171875,162.47000122070312,163.0399932861328,780500
2021-06-04,167.49000549316406,167.49000549316406,168.22999572753906,165.50999450683594,165.75999450683594,622500
2021-06-07,165.75999450683594,165.75999450683594,167.82000732421875,165.36000061035156,167.07000732421875,682700
2021-06-08,166.47999572753906,166.47999572753906,167.49000549316406,165.7100067138672,166.5,432800
2021-06-09,165.80999755859375,165.80999755859375,167.2899932861328,165.69000244140625,167.0,456300
2021-06-10,167.41000366210938,167.41000366210938,167.44000244140625,165.2100067138672,166.1699981689453,385600
2021-06-11,168.66000366210938,168.66000366210938,168.75999450683594,166.97999572753906,168.49000549316406,588800
2021-06-14,169.3000030517578,169.3000030517578,169.6199951171875,167.9199981689453,168.67999267578125,650500
2021-06-15,170.92999267578125,170.92999267578125,172.0,168.97999572753906,169.61000061035156,853700
2021-06-16,171.72999572753906,171.72999572753906,173.2899932861328,169.89999389648438,170.9199981689453,1300100
2021-06-17,169.24000549316406,169.24000549316406,171.5399932861328,168.1999969482422,170.92999267578125,1079800
2021-06-18,165.77999877929688,165.77999877929688,169.41000366210938,164.6300048828125,168.19000244140625,1457900
2021-06-21,169.72999572753906,169.72999572753906,170.38999938964844,166.1199951171875,166.89999389648438,602800
2021-06-22,171.13999938964844,171.13999938964844,171.8300018310547,168.72000122070312,169.25,707200
2021-06-23,169.10000610351562,169.10000610351562,171.44000244140625,168.85000610351562,170.86000061035156,883600
2021-06-24,170.2899932861328,170.2899932861328,170.4499969482422,168.61000061035156,170.0,465400
2021-06-25,171.77000427246094,171.77000427246094,172.5800018310547,169.22000122070312,170.0,1102700
2021-06-28,173.7899932861328,173.7899932861328,173.97999572753906,171.8000030517578,172.24000549316406,803500
2021-06-29,176.3300018310547,176.3300018310547,176.49000549316406,173.30999755859375,173.30999755859375,617000
2021-06-30,174.64999389648438,174.64999389648438,176.99000549316406,174.3800048828125,176.08999633789062,594700
2021-07-01,175.8000030517578,175.8000030517578,176.69000244140625,173.42999267578125,174.86000061035156,537500
2021-07-02,176.88999938964844,176.88999938964844,177.67999267578125,176.1199951171875,176.52000427246094,409800
2021-07-06,175.97000122070312,175.97000122070312,176.97999572753906,173.9600067138672,176.64999389648438,955500
2021-07-07,178.8300018310547,178.8300018310547,178.9499969482422,175.22999572753906,176.64999389648438,620300
2021-07-08,176.8300018310547,176.8300018310547,179.57000732421875,176.0,176.77000427246094,664300
2021-07-09,177.97999572753906,177.97999572753906,178.61000061035156,176.07000732421875,176.27999877929688,775400
2021-07-12,176.3300018310547,176.3300018310547,178.5399932861328,175.75,177.6300048828125,627300
2021-07-13,174.16000366210938,174.16000366210938,177.02000427246094,173.8699951171875,175.58999633789062,653400
2021-07-14,176.0500030517578,176.0500030517578,176.77000427246094,174.99000549316406,175.19000244140625,705700
2021-07-15,175.36000061035156,175.36000061035156,175.66000366210938,173.97999572753906,175.52000427246094,436900
2021-07-16,174.44000244140625,174.44000244140625,177.41000366210938,174.3000030517578,176.07000732421875,446800
2021-07-19,172.42999267578125,172.42999267578125,173.9499969482422,171.3300018310547,172.1699981689453,600700
2021-07-20,176.24000549316406,176.24000549316406,177.75999450683594,172.58999633789062,173.32000732421875,626000
2021-07-21,177.25,177.25,177.94000244140625,175.9600067138672,176.66000366210938,545600
2021-07-22,177.4600067138672,177.4600067138672,177.94000244140625,176.63999938964844,177.52000427246094,458100
2021-07-23,180.9499969482422,180.9499969482422,181.0599975585937,177.9600067138672,178.57000732421875,367900
2021-07-26,181.5800018310547,181.5800018310547,182.3999938964844,180.22000122070312,180.22000122070312,453300
2021-07-27,181.3000030517578,181.3000030517578,182.4900054931641,178.8800048828125,180.75,534400
2021-07-28,180.32000732421875,180.32000732421875,182.1600036621093,179.55999755859375,181.57000732421875,544300
2021-07-29,183.1100006103516,183.1100006103516,183.77999877929688,180.8300018310547,180.83999633789065,412400
2021-07-30,183.3500061035156,183.3500061035156,183.4499969482422,181.52999877929688,182.7400054931641,670800
2021-08-02,183.6699981689453,183.6699981689453,185.4499969482422,183.27999877929688,184.8000030517578,575300
2021-08-03,185.2899932861328,185.2899932861328,185.4100036621093,182.3300018310547,184.509994506836,693500
2021-08-04,188.2400054931641,188.2400054931641,190.6699981689453,179.24000549316406,183.27999877929688,1219300
2021-08-05,190.6199951171875,190.6199951171875,191.0500030517578,187.32000732421875,190.009994506836,806600
2021-08-06,190.0500030517578,190.0500030517578,192.72000122070312,189.6699981689453,189.9499969482422,687000
2021-08-09,189.6300048828125,189.6300048828125,190.0399932861328,188.0,188.97000122070312,592200
2021-08-10,191.5200042724609,191.5200042724609,192.7700042724609,189.3800048828125,190.22000122070312,774900
2021-08-11,195.9600067138672,195.9600067138672,196.2400054931641,191.83999633789065,192.4499969482422,893000
2021-08-12,197.9100036621093,197.9100036621093,198.2899932861328,195.259994506836,195.8000030517578,622300
2021-08-13,198.32000732421875,198.32000732421875,198.5399932861328,191.33999633789065,191.33999633789065,651500
2021-08-16,199.0200042724609,199.0200042724609,199.0500030517578,196.7700042724609,198.1000061035156,804300
2021-08-17,196.69000244140625,196.69000244140625,198.97999572753903,194.9499969482422,198.97999572753903,612600
2021-08-18,195.2700042724609,195.2700042724609,197.8300018310547,195.0399932861328,196.38999938964844,424500
2021-08-19,194.3300018310547,194.3300018310547,195.1699981689453,192.0200042724609,193.3500061035156,633200
2021-08-20,195.7700042724609,195.7700042724609,196.52999877929688,194.1999969482422,194.6199951171875,520000
2021-08-23,196.8999938964844,196.8999938964844,197.3099975585937,195.42999267578125,196.33999633789065,390500
2021-08-24,196.9499969482422,196.9499969482422,198.22000122070312,196.5,196.75,494900
2021-08-25,198.3800048828125,198.3800048828125,199.1000061035156,196.3800048828125,196.6499938964844,542200
2021-08-26,198.07000732421875,198.07000732421875,199.1100006103516,197.25,198.3600006103516,540000
2021-08-27,199.25,199.25,199.4499969482422,196.8699951171875,197.8500061035156,781200
2021-08-30,200.7400054931641,200.7400054931641,201.3600006103516,198.6199951171875,199.7899932861328,654200
2021-08-31,200.6100006103516,200.6100006103516,201.3500061035156,199.32000732421875,200.759994506836,984600
2021-09-01,200.2899932861328,200.2899932861328,201.3600006103516,198.3999938964844,200.9499969482422,529000
2021-09-02,203.259994506836,203.259994506836,203.33999633789065,200.6699981689453,200.6699981689453,471300
2021-09-03,202.6999969482422,202.6999969482422,203.82000732421875,202.1600036621093,202.3600006103516,384400
2021-09-07,201.25,201.25,202.259994506836,200.2700042724609,201.8000030517578,512700
2021-09-08,200.38999938964844,200.38999938964844,200.6600036621093,198.5,200.38999938964844,658900
2021-09-09,199.5500030517578,199.5500030517578,202.1199951171875,199.3300018310547,200.07000732421875,632300
2021-09-10,197.9900054931641,197.9900054931641,201.9199981689453,197.7100067138672,200.4100036621093,541300
2021-09-13,196.7700042724609,196.7700042724609,200.08999633789065,195.3500061035156,199.8600006103516,603700
2021-09-14,193.47999572753903,193.47999572753903,198.6999969482422,192.509994506836,198.6999969482422,820400
2021-09-15,195.08999633789065,195.08999633789065,195.52999877929688,191.47999572753903,192.7100067138672,1130500
2021-09-16,194.33999633789065,194.33999633789065,195.8600006103516,193.75,194.22000122070312,801100
2021-09-17,191.13999938964844,191.13999938964844,193.67999267578125,190.1699981689453,192.8800048828125,1866800
2021-09-20,187.8000030517578,187.8000030517578,190.0,185.72000122070312,187.6000061035156,800800
2021-09-21,187.759994506836,187.759994506836,188.9900054931641,185.759994506836,188.3099975585937,656700
2021-09-22,189.6300048828125,189.6300048828125,190.88999938964844,188.5399932861328,188.5399932861328,490800
2021-09-23,192.5200042724609,192.5200042724609,194.3099975585937,189.07000732421875,189.1199951171875,401400
2021-09-24,193.0599975585937,193.0599975585937,193.6999969482422,191.1100006103516,191.5500030517578,439800
2021-09-27,192.2899932861328,192.2899932861328,193.759994506836,191.4499969482422,191.97999572753903,446400
2021-09-28,186.13999938964844,186.13999938964844,191.08999633789065,185.58999633789065,190.6499938964844,603400
2021-09-29,185.38999938964844,185.38999938964844,188.6699981689453,183.94000244140625,188.1199951171875,468300
2021-09-30,182.0200042724609,182.0200042724609,187.1000061035156,181.88999938964844,186.009994506836,919300
2021-10-01,185.7100067138672,185.7100067138672,186.4199981689453,180.25,182.6600036621093,850600
2021-10-04,182.6499938964844,182.6499938964844,187.47000122070312,182.22000122070312,185.2400054931641,1010600
2021-10-05,184.1300048828125,184.1300048828125,185.6699981689453,181.82000732421875,183.0599975585937,576800
2021-10-06,175.52999877929688,175.52999877929688,178.5500030517578,172.24000549316406,178.5500030517578,1253900
2021-10-07,177.4600067138672,177.4600067138672,178.77999877929688,176.5800018310547,177.27999877929688,817100
2021-10-08,176.8800048828125,176.8800048828125,178.0800018310547,176.1199951171875,178.02999877929688,558700
2021-10-11,174.57000732421875,174.57000732421875,176.49000549316406,174.3699951171875,175.60000610351562,593400
2021-10-12,173.61000061035156,173.61000061035156,175.8000030517578,173.14999389648438,175.5500030517578,613400
2021-10-13,174.02000427246094,174.02000427246094,175.6300048828125,172.8800048828125,174.5,761900
2021-10-14,177.52999877929688,177.52999877929688,178.22999572753906,174.63999938964844,175.80999755859375,716500
2021-10-15,177.72000122070312,177.72000122070312,179.13999938964844,177.11000061035156,177.7899932861328,709400
2021-10-18,186.22999572753903,186.22999572753903,190.72000122070312,178.9600067138672,178.97000122070312,1628800
2021-10-19,187.6300048828125,187.6300048828125,187.7700042724609,185.5599975585937,186.7400054931641,550400
2021-10-20,188.38999938964844,188.38999938964844,189.4900054931641,187.72000122070312,188.0599975585937,697500
2021-10-21,190.5500030517578,190.5500030517578,190.6699981689453,187.6499938964844,188.27999877929688,585200
2021-10-22,191.47000122070312,191.47000122070312,193.1100006103516,190.5500030517578,190.5500030517578,431700
2021-10-25,191.5399932861328,191.5399932861328,192.9199981689453,190.4100036621093,191.5800018310547,431000
2021-10-26,188.47000122070312,188.47000122070312,192.27999877929688,188.27999877929688,192.27999877929688,628500
2021-10-27,184.3699951171875,184.3699951171875,188.4600067138672,184.1300048828125,188.4600067138672,645700
2021-10-28,185.94000244140625,185.94000244140625,187.47000122070312,184.6699981689453,184.8500061035156,648300
2021-10-29,186.6499938964844,186.6499938964844,187.2700042724609,184.25,184.25,502900
2021-11-01,187.63999938964844,187.63999938964844,189.13999938964844,186.7899932861328,186.7899932861328,704900
2021-11-02,189.2100067138672,189.2100067138672,189.5500030517578,186.3699951171875,187.5500030517578,882600
2021-11-03,185.5399932861328,185.5399932861328,189.3800048828125,182.0200042724609,189.3800048828125,831100
2021-11-04,185.0,185.0,189.0500030517578,184.67999267578125,187.4900054931641,1136700
2021-11-05,187.07000732421875,187.07000732421875,189.82000732421875,185.22000122070312,185.8099975585937,1369600
2021-11-08,185.32000732421875,185.32000732421875,188.9499969482422,184.6000061035156,187.77999877929688,662200
2021-11-09,187.0200042724609,187.0200042724609,188.009994506836,185.2899932861328,185.6499938964844,744400
2021-11-10,188.8000030517578,188.8000030517578,191.4199981689453,185.759994506836,185.759994506836,950500
2021-11-11,188.32000732421875,188.32000732421875,190.8600006103516,186.3600006103516,188.69000244140625,511200
2021-11-12,191.0800018310547,191.0800018310547,191.72000122070312,188.17999267578125,189.6300048828125,384900
2021-11-15,190.8500061035156,190.8500061035156,192.75,190.3099975585937,191.47000122070312,532400
2021-11-16,194.97999572753903,194.97999572753903,195.6100006103516,189.94000244140625,190.3500061035156,914900
2021-11-17,195.2400054931641,195.2400054931641,195.7899932861328,194.2400054931641,195.13999938964844,681700
2021-11-18,195.22999572753903,195.22999572753903,195.7100067138672,192.6499938964844,195.2700042724609,596000
2021-11-19,196.0599975585937,196.0599975585937,198.1000061035156,194.8500061035156,195.38999938964844,748300
2021-11-22,196.1999969482422,196.1999969482422,200.52999877929688,195.0,196.88999938964844,660000
2021-11-23,195.83999633789065,195.83999633789065,197.0800018310547,192.67999267578125,195.32000732421875,603500
2021-11-24,199.7899932861328,199.7899932861328,199.9100036621093,194.83999633789065,194.83999633789065,515400
2021-11-26,191.1600036621093,191.1600036621093,199.92999267578125,190.009994506836,198.2899932861328,522500
2021-11-29,194.8000030517578,194.8000030517578,196.32000732421875,192.9499969482422,193.8600006103516,839300
2021-11-30,189.3600006103516,189.3600006103516,196.92999267578125,188.009994506836,194.3600006103516,1496800
2021-12-01,184.8099975585937,184.8099975585937,194.08999633789065,184.7100067138672,192.009994506836,1033100
2021-12-02,193.6199951171875,193.6199951171875,194.94000244140625,185.8800048828125,185.8800048828125,735300
2021-12-03,191.6699981689453,191.6699981689453,194.92999267578125,190.0500030517578,194.0200042724609,870600
2021-12-06,194.3800048828125,194.3800048828125,196.52999877929688,193.009994506836,193.02999877929688,658000
2021-12-07,198.2100067138672,198.2100067138672,198.8999938964844,194.83999633789065,196.3999938964844,546000
2021-12-08,198.82000732421875,198.82000732421875,200.3999938964844,197.67999267578125,199.27999877929688,522900
2021-12-09,194.69000244140625,194.69000244140625,198.38999938964844,194.6000061035156,197.8000030517578,556600
2021-12-10,194.8699951171875,194.8699951171875,196.63999938964844,192.9900054931641,196.5,639200
2021-12-13,191.75,191.75,194.07000732421875,190.5500030517578,193.8099975585937,912600
2021-12-14,189.69000244140625,189.69000244140625,192.5800018310547,187.5,191.2700042724609,878900
2021-12-15,192.1499938964844,192.1499938964844,192.2700042724609,185.9600067138672,189.9499969482422,966100
2021-12-16,187.8300018310547,187.8300018310547,193.6000061035156,187.1499938964844,193.6000061035156,1117000
2021-12-17,190.07000732421875,190.07000732421875,194.0200042724609,187.5399932861328,187.9900054931641,8374300
2021-12-20,186.7400054931641,186.7400054931641,187.3300018310547,182.0500030517578,186.88999938964844,967100
2021-12-21,193.3000030517578,193.3000030517578,193.7700042724609,187.6600036621093,188.69000244140625,621600
2021-12-22,198.8699951171875,198.8699951171875,198.9499969482422,193.1199951171875,193.82000732421875,606100
2021-12-23,202.759994506836,202.759994506836,203.8500061035156,198.07000732421875,198.07000732421875,637100
2021-12-27,207.0200042724609,207.0200042724609,207.19000244140625,203.1600036621093,203.4499969482422,461200
2021-12-28,205.6000061035156,205.6000061035156,207.6699981689453,205.08999633789065,207.6699981689453,291500
2021-12-29,206.8300018310547,206.8300018310547,207.47000122070312,205.3500061035156,205.6600036621093,331100
2021-12-30,203.97000122070312,203.97000122070312,207.5500030517578,203.8099975585937,207.1600036621093,315100
2021-12-31,204.77999877929688,204.77999877929688,205.69000244140625,202.63999938964844,203.5500030517578,386400
2022-01-03,205.009994506836,205.009994506836,206.9900054931641,203.3800048828125,205.33999633789065,850000
2022-01-04,208.1300048828125,208.1300048828125,208.7100067138672,205.6000061035156,205.6000061035156,804200
2022-01-05,203.52999877929688,203.52999877929688,208.1300048828125,203.25,207.6499938964844,841700
2022-01-06,206.2100067138672,206.2100067138672,206.6199951171875,202.6499938964844,203.6600036621093,1306500
2022-01-07,198.3800048828125,198.3800048828125,206.5399932861328,198.3300018310547,205.8999938964844,1122500
2022-01-10,200.2100067138672,200.2100067138672,200.6000061035156,192.2899932861328,196.3800048828125,1232700
2022-01-11,200.4199981689453,200.4199981689453,201.97999572753903,196.8300018310547,201.1100006103516,927000
2022-01-12,197.3999938964844,197.3999938964844,202.77999877929688,197.0599975585937,200.82000732421875,558000
2022-01-13,194.0500030517578,194.0500030517578,198.9199981689453,193.69000244140625,198.2400054931641,525600
2022-01-14,191.63999938964844,191.63999938964844,193.32000732421875,188.1600036621093,192.0800018310547,687500
2022-01-18,189.94000244140625,189.94000244140625,191.1600036621093,188.0800018310547,188.4900054931641,768500
2022-01-19,189.3999938964844,189.3999938964844,192.5800018310547,189.0500030517578,190.3699951171875,1075200
2022-01-20,188.97999572753903,188.97999572753903,194.47999572753903,188.4499969482422,190.72000122070312,831500
2022-01-21,184.6600036621093,184.6600036621093,189.6000061035156,184.3300018310547,188.63999938964844,696700
2022-01-24,185.1499938964844,185.1499938964844,185.67999267578125,177.39999389648438,182.3699951171875,1193100
2022-01-25,180.8500061035156,180.8500061035156,183.33999633789065,178.24000549316406,181.3300018310547,1017700
2022-01-26,182.4900054931641,182.4900054931641,188.22000122070312,179.88999938964844,182.3800048828125,1170500
2022-01-27,181.72999572753903,181.72999572753903,188.0399932861328,180.3099975585937,184.75,775700
2022-01-28,184.52999877929688,184.52999877929688,184.8600006103516,178.58999633789062,181.57000732421875,806900
2022-01-31,189.0500030517578,189.0500030517578,189.1499938964844,183.8000030517578,184.1600036621093,986200
2022-02-01,189.3999938964844,189.3999938964844,189.97999572753903,185.97000122070312,188.69000244140625,704600
2022-02-02,194.6000061035156,194.6000061035156,195.3099975585937,189.97000122070312,189.97000122070312,925400
2022-02-03,192.97000122070312,192.97000122070312,195.77999877929688,192.22000122070312,192.8099975585937,1473100
2022-02-04,192.3000030517578,192.3000030517578,194.3699951171875,189.8300018310547,192.5800018310547,691300
2022-02-07,191.3099975585937,191.3099975585937,193.5800018310547,189.3500061035156,192.5800018310547,638200
2022-02-08,194.759994506836,194.759994506836,195.2899932861328,190.72000122070312,191.8500061035156,786700
2022-02-09,189.9600067138672,189.9600067138672,199.7700042724609,188.6499938964844,198.5500030517578,2115400
2022-02-10,183.3699951171875,183.3699951171875,187.77999877929688,182.5500030517578,186.5399932861328,1700600
2022-02-11,178.75,178.75,184.0800018310547,178.27000427246094,183.6199951171875,1826000
2022-02-14,176.10000610351562,176.10000610351562,180.08999633789062,175.27999877929688,178.75,1506000
2022-02-15,183.6199951171875,183.6199951171875,184.4499969482422,178.1300048828125,179.72999572753906,1010300
2022-02-16,185.47999572753903,185.47999572753903,186.1100006103516,180.88999938964844,182.1000061035156,1023100
2022-02-17,182.27999877929688,182.27999877929688,184.2700042724609,181.5399932861328,183.75,816600
2022-02-18,181.759994506836,181.759994506836,183.9100036621093,180.8600006103516,182.1699981689453,690300
2022-02-22,177.99000549316406,177.99000549316406,183.69000244140625,177.50999450683594,180.44000244140625,920700
2022-02-23,169.10000610351562,169.10000610351562,179.97999572753906,168.89999389648438,178.72000122070312,1231200
2022-02-24,171.3000030517578,171.3000030517578,171.47000122070312,163.2899932861328,164.02999877929688,1208900
2022-02-25,177.52999877929688,177.52999877929688,177.6999969482422,170.35000610351562,171.94000244140625,986400
2022-02-28,172.4600067138672,172.4600067138672,174.92999267578125,169.85000610351562,174.5399932861328,1229800
2022-03-01,169.41000366210938,169.41000366210938,172.67999267578125,168.1699981689453,171.19000244140625,915700
2022-03-02,174.02000427246094,174.02000427246094,175.49000549316406,170.3699951171875,170.3800048828125,635600
2022-03-03,174.35000610351562,174.35000610351562,175.8800048828125,172.07000732421875,174.8300018310547,538900
2022-03-04,171.57000732421875,171.57000732421875,173.14999389648438,168.30999755859375,172.25,634100
2022-03-07,165.44000244140625,165.44000244140625,170.8699951171875,165.39999389648438,170.6199951171875,662400
2022-03-08,164.77999877929688,164.77999877929688,169.0399932861328,162.91000366210938,166.33999633789062,794300
2022-03-09,171.0,171.0,171.89999389648438,166.94000244140625,169.16000366210938,720200
2022-03-10,170.1199951171875,170.1199951171875,170.5500030517578,167.02999877929688,168.1999969482422,438600
2022-03-11,170.0,170.0,172.82000732421875,169.82000732421875,171.6300048828125,751400
2022-03-14,166.60000610351562,166.60000610351562,171.91000366210938,165.1999969482422,170.8800048828125,800200
2022-03-15,172.27999877929688,172.27999877929688,172.60000610351562,166.75,167.52000427246094,751400
2022-03-16,173.39999389648438,173.39999389648438,176.8000030517578,169.89999389648438,173.6300048828125,696100
2022-03-17,176.41000366210938,176.41000366210938,176.6699981689453,172.3300018310547,172.58999633789062,546500
2022-03-18,179.38999938964844,179.38999938964844,179.92999267578125,175.19000244140625,175.77000427246094,965800
2022-03-21,178.7899932861328,178.7899932861328,179.99000549316406,177.3000030517578,178.9600067138672,450200
2022-03-22,178.14999389648438,178.14999389648438,180.2899932861328,177.52000427246094,179.72999572753906,633800
2022-03-23,174.52999877929688,174.52999877929688,178.3300018310547,174.52000427246094,177.7100067138672,378000
2022-03-24,175.83999633789062,175.83999633789062,176.47000122070312,174.1999969482422,175.0,621200
2022-03-25,176.14999389648438,176.14999389648438,177.14999389648438,174.0800018310547,176.88999938964844,674600
2022-03-28,177.30999755859375,177.30999755859375,177.85000610351562,174.82000732421875,175.47000122070312,1151000
2022-03-29,180.9600067138672,180.9600067138672,182.8500061035156,179.05999755859375,179.6199951171875,1517600
2022-03-30,178.82000732421875,178.82000732421875,180.63999938964844,177.61000061035156,180.63999938964844,874100
2022-03-31,178.88999938964844,178.88999938964844,181.13999938964844,178.41000366210938,179.64999389648438,1371700
2022-04-01,177.8000030517578,177.8000030517578,180.1600036621093,175.0,179.89999389648438,858900
2022-04-04,178.8300018310547,178.8300018310547,179.72000122070312,176.7899932861328,177.75999450683594,650700
2022-04-05,176.80999755859375,176.80999755859375,179.4499969482422,176.1300048828125,178.14999389648438,589000
2022-04-06,176.3800048828125,176.3800048828125,177.36000061035156,174.02999877929688,175.1699981689453,868200
2022-04-07,177.32000732421875,177.32000732421875,178.27999877929688,174.92999267578125,175.8000030517578,736200
2022-04-08,175.5500030517578,175.5500030517578,177.50999450683594,174.91000366210938,177.4199981689453,646500
2022-04-11,172.2100067138672,172.2100067138672,175.69000244140625,171.86000061035156,174.94000244140625,576900
2022-04-12,171.64999389648438,171.64999389648438,175.8000030517578,170.64999389648438,173.25,734300
2022-04-13,170.97000122070312,170.97000122070312,172.24000549316406,170.02999877929688,171.33999633789062,789000
2022-04-14,172.97000122070312,172.97000122070312,176.75,172.6300048828125,174.1199951171875,1028600
2022-04-18,171.67999267578125,171.67999267578125,174.75,170.8699951171875,172.72000122070312,828100
2022-04-19,173.94000244140625,173.94000244140625,175.1999969482422,172.14999389648438,172.14999389648438,2277100
2022-04-20,179.0,179.0,181.0,175.60000610351562,176.0500030517578,962600
2022-04-21,176.41000366210938,176.41000366210938,181.0200042724609,175.8000030517578,179.9600067138672,514800
2022-04-22,169.5399932861328,169.5399932861328,175.39999389648438,169.27000427246094,175.39999389648438,806600
2022-04-25,170.64999389648438,170.64999389648438,170.8800048828125,165.3699951171875,169.1300048828125,810500
2022-04-26,163.1699981689453,163.1699981689453,169.9600067138672,163.02000427246094,169.52000427246094,1100000
2022-04-27,162.52999877929688,162.52999877929688,165.52000427246094,161.66000366210938,163.0399932861328,1273900
2022-04-28,168.63999938964844,168.63999938964844,168.99000549316406,163.5,164.0800018310547,1220600
2022-04-29,163.17999267578125,163.17999267578125,169.38999938964844,162.64999389648438,167.67999267578125,862400
2022-05-02,164.1300048828125,164.1300048828125,164.52000427246094,159.91000366210938,163.02000427246094,1215700
2022-05-03,167.67999267578125,167.67999267578125,168.6300048828125,163.8699951171875,164.80999755859375,1316500
2022-05-04,177.11000061035156,177.11000061035156,177.57000732421875,169.0,169.0,1625100
2022-05-05,171.2100067138672,171.2100067138672,176.6300048828125,168.6300048828125,175.14999389648438,1190500
2022-05-06,170.6199951171875,170.6199951171875,171.97000122070312,166.97000122070312,170.25,792400
2022-05-09,164.8000030517578,164.8000030517578,169.60000610351562,164.07000732421875,167.77999877929688,742600
2022-05-10,166.5500030517578,166.5500030517578,169.7100067138672,164.27999877929688,168.25999450683594,773400
2022-05-11,164.4499969482422,164.4499969482422,170.44000244140625,164.0399932861328,167.0,847000
2022-05-12,166.7899932861328,166.7899932861328,167.91000366210938,163.25,163.25,862300
2022-05-13,169.33999633789062,169.33999633789062,170.72999572753906,167.44000244140625,167.88999938964844,746200
2022-05-16,169.1699981689453,169.1699981689453,170.6699981689453,166.57000732421875,168.3699951171875,724600
2022-05-17,172.64999389648438,172.64999389648438,173.30999755859375,170.6199951171875,171.8000030517578,473900
2022-05-18,163.72999572753906,163.72999572753906,172.1699981689453,162.80999755859375,171.25,685800
2022-05-19,161.9499969482422,161.9499969482422,164.2100067138672,158.91000366210938,162.52000427246094,949400
2022-05-20,160.1999969482422,160.1999969482422,163.4199981689453,155.38999938964844,163.2100067138672,749700
2022-05-23,161.25,161.25,163.14999389648438,158.97999572753906,161.85000610351562,847400
2022-05-24,158.80999755859375,158.80999755859375,160.42999267578125,156.1199951171875,159.83999633789062,953400
2022-05-25,161.25999450683594,161.25999450683594,162.3800048828125,157.22000122070312,157.72999572753906,1361900
2022-05-26,166.52000427246094,166.52000427246094,167.22000122070312,161.9600067138672,163.07000732421875,777300
2022-05-27,171.10000610351562,171.10000610351562,171.10000610351562,168.27999877929688,168.33999633789062,506800
2022-05-31,169.86000061035156,169.86000061035156,171.7899932861328,168.00999450683594,170.22000122070312,2237300
2022-06-01,171.2100067138672,171.2100067138672,172.1199951171875,168.6699981689453,170.42999267578125,793800
2022-06-02,176.1300048828125,176.1300048828125,176.3000030517578,170.52999877929688,171.77000427246094,572400
2022-06-03,175.58999633789062,175.58999633789062,176.0399932861328,173.58999633789062,174.16000366210938,537200
2022-06-06,175.72999572753906,175.72999572753906,178.8800048828125,175.58999633789062,176.94000244140625,848400
2022-06-07,178.10000610351562,178.10000610351562,178.52000427246094,173.91000366210938,174.33999633789062,558900
2022-06-08,174.33999633789062,174.33999633789062,177.22999572753906,173.02000427246094,177.22999572753906,478700
2022-06-09,173.58999633789062,173.58999633789062,176.60000610351562,172.8699951171875,174.02999877929688,718900
2022-06-10,167.33999633789062,167.33999633789062,171.58999633789062,167.32000732421875,170.6999969482422,697700
2022-06-13,160.8800048828125,160.8800048828125,165.85000610351562,160.3800048828125,163.5,1041900
2022-06-14,162.5,162.5,162.85000610351562,160.3699951171875,161.16000366210938,760400
2022-06-15,163.85000610351562,163.85000610351562,166.69000244140625,161.5399932861328,163.3800048828125,582600
2022-06-16,155.94000244140625,155.94000244140625,160.25999450683594,154.72000122070312,160.0800018310547,763000
2022-06-17,156.1999969482422,156.1999969482422,158.2899932861328,154.1300048828125,157.36000061035156,1122200
2022-06-21,159.8300018310547,159.8300018310547,160.1699981689453,157.69000244140625,158.4199981689453,643500
2022-06-22,159.6300048828125,159.6300048828125,160.83999633789062,156.52000427246094,158.11000061035156,568600
2022-06-23,158.1199951171875,158.1199951171875,161.07000732421875,156.97999572753906,160.6300048828125,703100
2022-06-24,164.33999633789062,164.33999633789062,164.3699951171875,159.77000427246094,159.77000427246094,1191700
2022-06-27,165.77999877929688,165.77999877929688,166.36000061035156,162.82000732421875,165.0,532600
2022-06-28,159.3699951171875,159.3699951171875,166.83999633789062,159.1300048828125,165.72000122070312,680700
2022-06-29,158.0800018310547,158.0800018310547,159.3699951171875,156.38999938964844,159.3699951171875,550800
2022-06-30,157.55999755859375,157.55999755859375,158.83999633789062,154.80999755859375,156.00999450683594,797200
2022-07-01,157.0,157.0,159.1999969482422,154.22000122070312,156.39999389648438,798100
2022-07-05,157.75,157.75,157.8800048828125,152.14999389648438,153.80999755859375,701800
2022-07-06,158.16000366210938,158.16000366210938,159.5500030517578,157.0500030517578,158.47999572753906,465000
2022-07-07,159.82000732421875,159.82000732421875,160.97999572753906,159.25999450683594,159.5,590600
2022-07-08,161.52999877929688,161.52999877929688,161.69000244140625,158.27000427246094,159.1699981689453,410100
2022-07-11,158.58999633789062,158.58999633789062,160.9600067138672,158.44000244140625,160.82000732421875,374300
2022-07-12,158.1999969482422,158.1999969482422,161.05999755859375,157.3000030517578,159.17999267578125,470300
2022-07-13,158.3000030517578,158.3000030517578,158.83999633789062,154.61000061035156,155.8000030517578,485500
2022-07-14,158.77000427246094,158.77000427246094,159.55999755859375,155.55999755859375,157.72000122070312,512300
2022-07-15,161.50999450683594,161.50999450683594,161.69000244140625,159.58999633789062,160.0800018310547,511100
2022-07-18,159.6699981689453,159.6699981689453,163.52999877929688,159.11000061035156,161.69000244140625,461700
2022-07-19,167.52999877929688,167.52999877929688,167.75,162.0500030517578,162.0500030517578,639300
2022-07-20,169.2100067138672,169.2100067138672,169.64999389648438,166.27000427246094,167.19000244140625,454200
2022-07-21,171.25,171.25,171.4199981689453,168.55999755859375,169.0,456600
2022-07-22,170.10000610351562,170.10000610351562,171.75999450683594,168.5800018310547,171.27000427246094,710000
2022-07-25,170.44000244140625,170.44000244140625,171.24000549316406,169.1999969482422,171.0800018310547,272500
2022-07-26,170.10000610351562,170.10000610351562,171.1999969482422,169.4199981689453,170.77000427246094,623500
2022-07-27,174.8000030517578,174.8000030517578,175.6999969482422,170.41000366210938,170.92999267578125,538600
2022-07-28,178.14999389648438,178.14999389648438,178.44000244140625,174.3699951171875,175.33999633789062,707600
2022-07-29,181.52999877929688,181.52999877929688,182.0500030517578,177.83999633789062,178.5399932861328,963300
2022-08-01,181.509994506836,181.509994506836,182.77999877929688,179.44000244140625,180.00999450683594,766400
2022-08-02,180.3300018310547,180.3300018310547,182.38999938964844,179.42999267578125,181.19000244140625,939600
2022-08-03,181.9600067138672,181.9600067138672,182.72999572753903,177.72999572753906,180.3300018310547,1019300
2022-08-04,180.02000427246094,180.02000427246094,182.2400054931641,178.82000732421875,181.0399932861328,832500
2022-08-05,179.69000244140625,179.69000244140625,180.2700042724609,177.44000244140625,178.17999267578125,823700
2022-08-08,178.5800018310547,178.5800018310547,181.3000030517578,177.5,180.22999572753903,876000
2022-08-09,172.52000427246094,172.52000427246094,178.69000244140625,172.1199951171875,177.6999969482422,1401400
2022-08-10,176.00999450683594,176.00999450683594,176.57000732421875,174.36000061035156,175.8300018310547,733200
2022-08-11,175.7100067138672,175.7100067138672,178.61000061035156,175.33999633789062,178.16000366210938,613900
2022-08-12,180.2700042724609,180.2700042724609,180.6699981689453,175.30999755859375,176.8699951171875,571500
2022-08-15,181.6699981689453,181.6699981689453,181.8999938964844,177.82000732421875,178.8800048828125,1449100
2022-08-16,183.5500030517578,183.5500030517578,183.94000244140625,180.5,181.0399932861328,582400
2022-08-17,182.6199951171875,182.6199951171875,183.94000244140625,181.1300048828125,183.5500030517578,943000
2022-08-18,187.1100006103516,187.1100006103516,187.259994506836,183.0200042724609,183.17999267578125,1026500
2022-08-19,188.3699951171875,188.3699951171875,188.8999938964844,185.759994506836,186.3500061035156,1334900
2022-08-22,185.1100006103516,185.1100006103516,187.1999969482422,184.6600036621093,186.07000732421875,1243700
2022-08-23,184.8699951171875,184.8699951171875,186.25,184.52999877929688,185.2400054931641,863900
2022-08-24,184.3999938964844,184.3999938964844,185.47000122070312,183.3699951171875,184.3500061035156,683100
2022-08-25,187.8999938964844,187.8999938964844,187.9499969482422,184.67999267578125,184.67999267578125,522100
2022-08-26,179.69000244140625,179.69000244140625,187.8999938964844,179.3800048828125,187.8999938964844,986900
2022-08-29,178.0,178.0,179.2899932861328,176.8699951171875,177.8800048828125,858100
2022-08-30,175.07000732421875,175.07000732421875,178.13999938964844,174.5399932861328,178.0,817300
2022-08-31,170.6999969482422,170.6999969482422,175.8800048828125,170.3300018310547,175.67999267578125,1180700
2022-09-01,170.50999450683594,170.50999450683594,170.88999938964844,167.9499969482422,169.5,788500
2022-09-02,168.5,168.5,173.0399932861328,167.77999877929688,172.47999572753906,549000
2022-09-06,169.3699951171875,169.3699951171875,170.24000549316406,167.14999389648438,169.75,630200
2022-09-07,173.07000732421875,173.07000732421875,173.39999389648438,168.72000122070312,169.60000610351562,600500
2022-09-08,174.36000061035156,174.36000061035156,175.1999969482422,171.52999877929688,171.77000427246094,480100
2022-09-09,175.57000732421875,175.57000732421875,176.75,174.75,175.6999969482422,624500
2022-09-12,177.77999877929688,177.77999877929688,177.83999633789062,175.58999633789062,177.14999389648438,610100
2022-09-13,172.4499969482422,172.4499969482422,175.3300018310547,171.63999938964844,173.8800048828125,852500
2022-09-14,172.0399932861328,172.0399932861328,173.9199981689453,170.3000030517578,172.77000427246094,616900
2022-09-15,169.67999267578125,169.67999267578125,172.72999572753906,169.1300048828125,171.8800048828125,468900
2022-09-16,170.8300018310547,170.8300018310547,171.50999450683594,166.80999755859375,168.69000244140625,1267500
2022-09-19,170.67999267578125,170.67999267578125,170.94000244140625,168.0800018310547,169.27000427246094,465000
2022-09-20,168.25,168.25,170.1199951171875,166.8699951171875,169.92999267578125,474900
2022-09-21,165.39999389648438,165.39999389648438,170.60000610351562,165.39999389648438,168.9600067138672,523900
2022-09-22,162.63999938964844,162.63999938964844,165.08999633789062,161.25,165.0,606000
2022-09-23,159.91000366210938,159.91000366210938,161.83999633789062,157.6999969482422,161.83999633789062,543000
2022-09-26,158.3000030517578,158.3000030517578,161.4499969482422,158.02000427246094,159.52999877929688,409600
2022-09-27,157.72999572753906,157.72999572753906,160.7899932861328,156.07000732421875,159.52999877929688,424000
2022-09-28,161.4600067138672,161.4600067138672,162.38999938964844,157.2899932861328,158.1199951171875,901500
2022-09-29,158.97000122070312,158.97000122070312,161.5,158.19000244140625,159.9499969482422,712800
2022-09-30,156.0800018310547,156.0800018310547,160.35000610351562,155.88999938964844,159.1300048828125,717500
2022-10-03,159.91000366210938,159.91000366210938,161.1999969482422,156.8699951171875,157.05999755859375,734900
2022-10-04,166.33999633789062,166.33999633789062,166.41000366210938,162.86000061035156,162.91000366210938,600000
2022-10-05,166.5500030517578,166.5500030517578,167.7899932861328,163.89999389648438,164.82000732421875,351700
2022-10-06,165.0,165.0,167.72999572753906,164.4600067138672,166.61000061035156,539400
2022-10-07,159.6199951171875,159.6199951171875,162.7899932861328,158.9499969482422,162.7899932861328,750900
2022-10-10,158.42999267578125,158.42999267578125,160.25999450683594,156.74000549316406,160.25999450683594,576500
2022-10-11,152.60000610351562,152.60000610351562,158.67999267578125,151.82000732421875,158.67999267578125,1046100
2022-10-12,152.58999633789062,152.58999633789062,154.08999633789062,152.44000244140625,153.52999877929688,871900
2022-10-13,157.88999938964844,157.88999938964844,158.97999572753906,147.91000366210938,149.02000427246094,867600
2022-10-14,154.0800018310547,154.0800018310547,160.0,153.8000030517578,159.57000732421875,687900
2022-10-17,159.25999450683594,159.25999450683594,159.6699981689453,157.27999877929688,157.27999877929688,777100
2022-10-18,161.17999267578125,161.17999267578125,163.8800048828125,160.1199951171875,162.72000122070312,815800
2022-10-19,159.47000122070312,159.47000122070312,161.7100067138672,158.5399932861328,160.17999267578125,358400
2022-10-20,158.4199981689453,158.4199981689453,161.72000122070312,157.35000610351562,160.57000732421875,648400
2022-10-21,162.42999267578125,162.42999267578125,163.22000122070312,157.5,158.66000366210938,555800
2022-10-24,164.6999969482422,164.6999969482422,165.3800048828125,162.50999450683594,163.47000122070312,484000
2022-10-25,168.55999755859375,168.55999755859375,168.6699981689453,164.9600067138672,164.9600067138672,548800
2022-10-26,167.5800018310547,167.5800018310547,169.4499969482422,166.19000244140625,167.72000122070312,516200
2022-10-27,168.42999267578125,168.42999267578125,169.6699981689453,166.97999572753906,168.9600067138672,649100
2022-10-28,172.8800048828125,172.8800048828125,173.69000244140625,168.4199981689453,168.44000244140625,513300
2022-10-31,172.80999755859375,172.80999755859375,174.14999389648438,171.19000244140625,171.77000427246094,839800
2022-11-01,172.5800018310547,172.5800018310547,174.6999969482422,170.5,174.05999755859375,1006900
2022-11-02,172.39999389648438,172.39999389648438,179.25999450683594,167.60000610351562,169.32000732421875,1350900
2022-11-03,172.8300018310547,172.8300018310547,173.39999389648438,166.0,169.52999877929688,934700
2022-11-04,172.41000366210938,172.41000366210938,175.64999389648438,168.9600067138672,175.41000366210938,646600
2022-11-07,172.30999755859375,172.30999755859375,173.36000061035156,170.17999267578125,172.6699981689453,530000
2022-11-08,175.72000122070312,175.72000122070312,177.05999755859375,172.1999969482422,173.38999938964844,598900
2022-11-09,172.08999633789062,172.08999633789062,175.64999389648438,171.75,174.55999755859375,430300
2022-11-10,185.5,185.5,185.77999877929688,178.17999267578125,178.94000244140625,772900
2022-11-11,184.3500061035156,184.3500061035156,188.8699951171875,184.1000061035156,186.7100067138672,531800
2022-11-14,182.4900054931641,182.4900054931641,186.0599975585937,182.4199981689453,183.7400054931641,416800
2022-11-15,184.8300018310547,184.8300018310547,186.0800018310547,182.8600006103516,185.2700042724609,297700
2022-11-16,182.8800048828125,182.8800048828125,184.6499938964844,182.6000061035156,184.6499938964844,581500
2022-11-17,183.1999969482422,183.1999969482422,183.22999572753903,179.5,180.7899932861328,293600
2022-11-18,185.6000061035156,185.6000061035156,186.2400054931641,183.4600067138672,184.97000122070312,369300
2022-11-21,185.1199951171875,185.1199951171875,186.759994506836,183.9199981689453,185.5,479500
2022-11-22,188.5,188.5,189.33999633789065,185.3300018310547,186.3000030517578,452000
2022-11-23,189.2400054931641,189.2400054931641,190.7400054931641,187.7100067138672,188.33999633789065,320600
2022-11-25,188.1999969482422,188.1999969482422,189.42999267578125,188.0,188.77999877929688,231900
2022-11-28,185.3000030517578,185.3000030517578,188.1100006103516,184.6000061035156,187.17999267578125,977500
2022-11-29,184.0800018310547,184.0800018310547,185.83999633789065,182.32000732421875,185.1000061035156,703500
2022-11-30,188.63999938964844,188.63999938964844,188.92999267578125,182.88999938964844,183.82000732421875,1488300
2022-12-01,191.2100067138672,191.2100067138672,192.0,188.9499969482422,190.0,666100
2022-12-02,190.0200042724609,190.0200042724609,190.6999969482422,187.69000244140625,188.5,684800
2022-12-05,186.92999267578125,186.92999267578125,188.38999938964844,185.2100067138672,188.38999938964844,525400
2022-12-06,184.7400054931641,184.7400054931641,187.2700042724609,183.1199951171875,187.2700042724609,354200
2022-12-07,184.8500061035156,184.8500061035156,185.77999877929688,183.3999938964844,184.72000122070312,589900
2022-12-08,186.9499969482422,186.9499969482422,187.17999267578125,184.47999572753903,185.4900054931641,401000
2022-12-09,185.47999572753903,185.47999572753903,188.27999877929688,185.3500061035156,187.1999969482422,344900
2022-12-12,189.6199951171875,189.6199951171875,189.67999267578125,185.44000244140625,185.92999267578125,509500
2022-12-13,192.97999572753903,192.97999572753903,195.0,189.67999267578125,195.0,905500
2022-12-14,192.02999877929688,192.02999877929688,197.0,190.8600006103516,192.6100006103516,660200
2022-12-15,184.1999969482422,184.1999969482422,191.9900054931641,183.47000122070312,189.3300018310547,550000
2022-12-16,181.27999877929688,181.27999877929688,183.7700042724609,179.44000244140625,182.9100036621093,1176500
2022-12-19,178.3300018310547,178.3300018310547,181.08999633789065,177.83999633789062,180.6300048828125,458900
2022-12-20,178.94000244140625,178.94000244140625,179.1699981689453,177.4499969482422,178.39999389648438,496700
2022-12-21,181.08999633789065,181.08999633789065,183.1000061035156,179.7100067138672,180.6600036621093,572100
2022-12-22,177.82000732421875,177.82000732421875,180.8300018310547,175.5399932861328,179.47999572753906,576600
2022-12-23,178.13999938964844,178.13999938964844,178.61000061035156,176.39999389648438,177.33999633789062,350700
2022-12-27,178.99000549316406,178.99000549316406,180.10000610351562,177.60000610351562,179.0500030517578,567000
2022-12-28,175.47000122070312,175.47000122070312,179.69000244140625,175.33999633789062,179.16000366210938,396900
2022-12-29,179.86000061035156,179.86000061035156,180.6600036621093,176.11000061035156,176.72999572753906,387500
2022-12-30,178.5800018310547,178.5800018310547,178.6999969482422,176.47999572753906,178.5500030517578,337800
2023-01-03,179.50999450683594,179.50999450683594,181.0200042724609,178.0399932861328,179.39999389648438,515300
2023-01-04,181.1499938964844,181.1499938964844,182.97000122070312,179.8699951171875,181.5200042724609,630700
2023-01-05,178.05999755859375,178.05999755859375,180.5500030517578,177.61000061035156,179.60000610351562,635000
2023-01-06,183.22000122070312,183.22000122070312,183.7700042724609,179.47999572753906,180.3300018310547,443900
2023-01-09,183.9600067138672,183.9600067138672,186.8699951171875,183.19000244140625,183.8000030517578,567000
2023-01-10,186.3800048828125,186.3800048828125,186.4900054931641,182.8699951171875,183.4499969482422,348800
2023-01-11,190.5800018310547,190.5800018310547,190.6999969482422,186.7899932861328,186.9600067138672,506500
2023-01-12,193.38999938964844,193.38999938964844,193.6100006103516,189.27999877929688,190.88999938964844,686200
2023-01-13,194.8500061035156,194.8500061035156,195.3000030517578,192.0,192.009994506836,713700
2023-01-17,197.6199951171875,197.6199951171875,198.27999877929688,194.02999877929688,195.1499938964844,1108200
2023-01-18,198.08999633789065,198.08999633789065,201.0,197.38999938964844,199.0,1370200
2023-01-19,197.2899932861328,197.2899932861328,198.22999572753903,195.7400054931641,197.32000732421875,1432400
2023-01-20,198.759994506836,198.759994506836,199.1100006103516,196.759994506836,197.1600036621093,1139300
2023-01-23,199.97000122070312,199.97000122070312,201.77999877929688,197.8500061035156,198.94000244140625,691900
2023-01-24,197.13999938964844,197.13999938964844,199.6199951171875,196.5800018310547,199.6199951171875,754600
2023-01-25,192.1199951171875,192.1199951171875,194.97999572753903,189.3800048828125,194.6600036621093,862000
2023-01-26,194.3000030517578,194.3000030517578,195.07000732421875,191.88999938964844,193.6100006103516,753800
2023-01-27,193.2899932861328,193.2899932861328,194.4100036621093,192.8099975585937,193.1100006103516,758300
2023-01-30,194.02999877929688,194.02999877929688,194.94000244140625,192.259994506836,192.42999267578125,709000
2023-01-31,196.02999877929688,196.02999877929688,196.1199951171875,191.259994506836,194.5,871400
2023-02-01,199.17999267578125,199.17999267578125,200.4199981689453,194.7700042724609,194.7700042724609,722100
2023-02-02,202.0800018310547,202.0800018310547,203.3500061035156,200.27999877929688,200.5800018310547,1250900
2023-02-03,201.0800018310547,201.0800018310547,203.57000732421875,200.0800018310547,200.0800018310547,742100
2023-02-06,200.0599975585937,200.0599975585937,201.75,199.0200042724609,199.3300018310547,903900
2023-02-07,199.2899932861328,199.2899932861328,199.8000030517578,195.4100036621093,198.8699951171875,966000
2023-02-08,201.6600036621093,201.6600036621093,204.7700042724609,195.259994506836,200.4499969482422,1471000
2023-02-09,203.3600006103516,203.3600006103516,203.97999572753903,202.02999877929688,203.6999969482422,1579300
2023-02-10,205.63999938964844,205.63999938964844,205.7700042724609,201.97999572753903,203.0800018310547,1190200
2023-02-13,211.1999969482422,211.1999969482422,211.3999938964844,205.8099975585937,206.0,1442000
2023-02-14,208.08999633789065,208.08999633789065,210.72000122070312,206.32000732421875,209.67999267578125,902100
2023-02-15,212.6199951171875,212.6199951171875,212.6999969482422,206.509994506836,206.509994506836,954600
2023-02-16,214.25,214.25,214.9600067138672,210.9199981689453,211.8699951171875,1409000
2023-02-17,213.92999267578125,213.92999267578125,215.0,212.25,213.44000244140625,1073700
2023-02-21,205.5,205.5,213.0399932861328,204.9199981689453,213.0399932861328,1106200
2023-02-22,203.9900054931641,203.9900054931641,205.94000244140625,202.67999267578125,205.94000244140625,688700
2023-02-23,204.6199951171875,204.6199951171875,205.8000030517578,202.27999877929688,205.8000030517578,591400
2023-02-24,202.52999877929688,202.52999877929688,203.1999969482422,201.4499969482422,201.72000122070312,529500
2023-02-27,202.5200042724609,202.5200042724609,204.5500030517578,201.6300048828125,204.1199951171875,690400
2023-02-28,202.4199981689453,202.4199981689453,204.2899932861328,202.0599975585937,202.3300018310547,819100
2023-03-01,200.77999877929688,200.77999877929688,203.4499969482422,200.33999633789065,202.13999938964844,521200
2023-03-02,201.5200042724609,201.5200042724609,202.259994506836,199.1699981689453,199.8000030517578,517600
2023-03-03,201.6300048828125,201.6300048828125,202.57000732421875,200.8800048828125,202.2899932861328,658100
2023-03-06,202.9900054931641,202.9900054931641,203.67999267578125,201.9100036621093,201.9100036621093,625400
2023-03-07,199.3300018310547,199.3300018310547,203.3500061035156,198.67999267578125,202.97999572753903,469000
2023-03-08,199.97999572753903,199.97999572753903,200.4199981689453,198.5,199.3000030517578,568700
2023-03-09,196.2100067138672,196.2100067138672,201.6699981689453,196.1100006103516,200.7100067138672,582300
2023-03-10,190.47000122070312,190.47000122070312,194.6300048828125,189.1499938964844,194.6300048828125,699100
2023-03-13,188.4199981689453,188.4199981689453,191.6999969482422,188.0500030517578,188.8300018310547,729600
2023-03-14,191.3000030517578,191.3000030517578,193.5,189.4100036621093,190.47999572753903,872600
2023-03-15,188.6499938964844,188.6499938964844,190.88999938964844,185.13999938964844,187.97999572753903,926800
2023-03-16,193.5800018310547,193.5800018310547,193.7899932861328,186.5500030517578,187.1000061035156,932600
2023-03-17,188.0500030517578,188.0500030517578,193.5800018310547,186.5,193.5800018310547,1622300
2023-03-20,191.44000244140625,191.44000244140625,191.58999633789065,188.4100036621093,188.509994506836,615100
2023-03-21,194.4900054931641,194.4900054931641,195.0,192.3699951171875,192.67999267578125,620800
2023-03-22,190.67999267578125,190.67999267578125,195.6300048828125,190.6000061035156,194.02999877929688,574500
2023-03-23,191.1000061035156,191.1000061035156,193.7899932861328,189.4199981689453,191.1999969482422,689900
2023-03-24,191.7100067138672,191.7100067138672,191.7100067138672,187.57000732421875,190.3600006103516,580600
2023-03-27,191.6699981689453,191.6699981689453,194.17999267578125,191.2400054931641,192.6199951171875,768200
2023-03-28,185.82000732421875,185.82000732421875,191.2100067138672,184.33999633789065,190.88999938964844,955400
2023-03-29,188.3000030517578,188.3000030517578,188.6300048828125,186.4199981689453,187.25,585900
2023-03-30,190.07000732421875,190.07000732421875,190.8600006103516,189.1999969482422,190.0800018310547,695400
2023-03-31,194.88999938964844,194.88999938964844,195.0399932861328,190.1499938964844,190.4900054931641,945100
2023-04-03,193.69000244140625,193.69000244140625,195.47000122070312,193.47000122070312,194.08999633789065,738300
2023-04-04,189.2700042724609,189.2700042724609,194.13999938964844,187.83999633789065,194.13999938964844,627700
2023-04-05,187.97000122070312,187.97000122070312,189.3600006103516,187.3000030517578,188.4199981689453,634000
2023-04-06,185.5,185.5,187.259994506836,185.32000732421875,186.8600006103516,545200
2023-04-10,189.0399932861328,189.0399932861328,189.3000030517578,184.4499969482422,185.07000732421875,708400
2023-04-11,188.5,188.5,190.4600067138672,188.259994506836,189.72999572753903,529000
2023-04-12,188.08999633789065,188.08999633789065,190.5200042724609,187.3300018310547,190.0,547800
2023-04-13,189.2100067138672,189.2100067138672,189.3600006103516,185.83999633789065,188.5800018310547,455200
2023-04-14,186.9600067138672,186.9600067138672,190.42999267578125,185.13999938964844,188.8600006103516,840500
2023-04-17,188.9199981689453,188.9199981689453,188.94000244140625,186.82000732421875,187.2899932861328,559200
2023-04-18,190.2899932861328,190.2899932861328,191.5800018310547,188.88999938964844,190.4900054931641,690900
2023-04-19,165.1199951171875,165.1199951171875,167.0800018310547,160.66000366210938,163.69000244140625,5335800
2023-04-20,164.67999267578125,164.67999267578125,167.00999450683594,162.97999572753906,164.14999389648438,2186000
2023-04-21,163.1300048828125,163.1300048828125,164.9199981689453,161.52999877929688,164.66000366210938,1078600
2023-04-24,165.94000244140625,165.94000244140625,166.1199951171875,162.8000030517578,162.8000030517578,962000
2023-04-25,165.11000061035156,165.11000061035156,166.27999877929688,164.2899932861328,165.3699951171875,1122500
2023-04-26,165.1199951171875,165.1199951171875,165.75,163.72999572753906,164.8800048828125,1449500
2023-04-27,168.02999877929688,168.02999877929688,168.3300018310547,164.49000549316406,165.8300018310547,1128500
2023-04-28,169.58999633789062,169.58999633789062,169.7899932861328,168.08999633789062,168.50999450683594,1126300
2023-05-01,170.32000732421875,170.32000732421875,171.3699951171875,168.9199981689453,169.7100067138672,1349100
2023-05-02,167.86000061035156,167.86000061035156,170.27000427246094,165.24000549316406,169.47000122070312,1463100
2023-05-03,164.97000122070312,164.97000122070312,172.0,164.67999267578125,171.75999450683594,1103100
2023-05-04,163.86000061035156,163.86000061035156,165.92999267578125,162.58999633789062,163.2100067138672,1461500
2023-05-05,165.99000549316406,165.99000549316406,167.7100067138672,165.1999969482422,165.61000061035156,1088900
2023-05-08,166.1300048828125,166.1300048828125,166.97999572753906,165.10000610351562,165.2899932861328,1073300
2023-05-09,167.75999450683594,167.75999450683594,168.11000061035156,164.6199951171875,165.2100067138672,972500
2023-05-10,168.66000366210938,168.66000366210938,169.13999938964844,166.83999633789062,168.4499969482422,1043100
2023-05-11,167.5,167.5,167.9499969482422,166.3699951171875,167.5,792900
2023-05-12,170.24000549316406,170.24000549316406,170.27000427246094,167.80999755859375,168.63999938964844,545800
2023-05-15,171.41000366210938,171.41000366210938,171.44000244140625,168.64999389648438,170.5800018310547,767200
2023-05-16,170.02999877929688,170.02999877929688,171.3000030517578,169.86000061035156,170.41000366210938,731500
2023-05-17,173.25,173.25,173.6199951171875,169.92999267578125,170.8800048828125,1146500
2023-05-18,174.72999572753906,174.72999572753906,175.02999877929688,172.5399932861328,173.97999572753906,851800
2023-05-19,172.58999633789062,172.58999633789062,175.97000122070312,172.25999450683594,175.69000244140625,731700
2023-05-22,175.7100067138672,175.7100067138672,175.8800048828125,172.61000061035156,173.02999877929688,731600
2023-05-23,170.1999969482422,170.1999969482422,174.47000122070312,170.0,174.19000244140625,1123900
2023-05-24,167.74000549316406,167.74000549316406,169.86000061035156,167.57000732421875,169.86000061035156,829600
2023-05-25,170.63999938964844,170.63999938964844,171.6300048828125,168.3300018310547,168.3300018310547,655400
2023-05-26,174.22000122070312,174.22000122070312,174.91000366210938,171.0,171.0,879100
2023-05-30,174.61000061035156,174.61000061035156,176.13999938964844,173.91000366210938,175.19000244140625,693800
2023-05-31,171.69000244140625,171.69000244140625,173.6300048828125,171.27999877929688,172.99000549316406,1658600
2023-06-01,173.27999877929688,173.27999877929688,174.08999633789062,170.9600067138672,171.77999877929688,618200
2023-06-02,174.22000122070312,174.22000122070312,175.77000427246094,173.0500030517578,174.02000427246094,869800
2023-06-05,169.33999633789062,169.33999633789062,173.60000610351562,169.0399932861328,173.60000610351562,1398400
2023-06-06,169.05999755859375,169.05999755859375,170.58999633789062,167.72999572753906,168.8699951171875,951400
2023-06-07,172.22000122070312,172.22000122070312,172.24000549316406,169.44000244140625,169.91000366210938,659000
2023-06-08,170.05999755859375,170.05999755859375,171.8300018310547,168.49000549316406,171.47000122070312,1044300
2023-06-09,170.44000244140625,170.44000244140625,172.0,169.91000366210938,170.86000061035156,532900
2023-06-12,173.27000427246094,173.27000427246094,173.6300048828125,170.0399932861328,170.58999633789062,499000
2023-06-13,175.39999389648438,175.39999389648438,175.44000244140625,173.4600067138672,173.6300048828125,554200
2023-06-14,176.5800018310547,176.5800018310547,177.8800048828125,175.24000549316406,175.47999572753906,751200
2023-06-15,178.1999969482422,178.1999969482422,179.67999267578125,176.27000427246094,176.27000427246094,1154900
2023-06-16,178.14999389648438,178.14999389648438,180.32000732421875,177.1199951171875,179.49000549316406,1528400
2023-06-20,177.3000030517578,177.3000030517578,178.8800048828125,176.16000366210938,177.10000610351562,705600
2023-06-21,176.72000122070312,176.72000122070312,178.38999938964844,175.9199981689453,176.36000061035156,714800
2023-06-22,178.52999877929688,178.52999877929688,178.97000122070312,176.27999877929688,176.72000122070312,687000
2023-06-23,177.39999389648438,177.39999389648438,179.1199951171875,176.5399932861328,176.9199981689453,1065000
2023-06-26,176.9199981689453,176.9199981689453,179.50999450683594,176.4499969482422,177.39999389648438,906900
2023-06-27,177.66000366210938,177.66000366210938,177.94000244140625,170.9600067138672,173.77999877929688,1080400
2023-06-28,177.47999572753906,177.47999572753906,177.92999267578125,176.0500030517578,177.39999389648438,713100
2023-06-29,180.6499938964844,180.6499938964844,180.6699981689453,176.88999938964844,177.69000244140625,849600
2023-06-30,183.5,183.5,184.3800048828125,181.83999633789065,183.1199951171875,806900
2023-07-03,183.22000122070312,183.22000122070312,183.3999938964844,181.25,182.67999267578125,409400
2023-07-05,184.22999572753903,184.22999572753903,184.58999633789065,181.009994506836,182.759994506836,860700
2023-07-06,182.6999969482422,182.6999969482422,183.0,180.3800048828125,182.8300018310547,788500
2023-07-07,183.3300018310547,183.3300018310547,184.92999267578125,182.1999969482422,182.1999969482422,437400
2023-07-10,187.3800048828125,187.3800048828125,187.3999938964844,182.5,182.75,645400
2023-07-11,188.13999938964844,188.13999938964844,189.0500030517578,187.0,188.22999572753903,436000
2023-07-12,186.5399932861328,186.5399932861328,190.009994506836,186.3600006103516,189.7700042724609,719500
2023-07-13,188.17999267578125,188.17999267578125,188.6000061035156,186.5,186.9499969482422,435500
2023-07-14,186.38999938964844,186.38999938964844,187.92999267578125,185.5500030517578,187.4100036621093,324900
2023-07-17,189.6100006103516,189.6100006103516,190.1499938964844,186.3300018310547,186.82000732421875,452700
2023-07-18,188.2400054931641,188.2400054931641,190.42999267578125,187.4199981689453,188.75,583300
2023-07-19,189.75,189.75,190.6199951171875,188.9199981689453,189.0399932861328,484500
2023-07-20,188.4100036621093,188.4100036621093,190.2400054931641,187.67999267578125,189.75,485800
2023-07-21,188.5200042724609,188.5200042724609,190.0800018310547,188.3600006103516,189.83999633789065,478000
2023-07-24,189.9900054931641,189.9900054931641,190.9199981689453,188.72000122070312,189.6100006103516,461900
2023-07-25,190.94000244140625,190.94000244140625,191.52999877929688,189.0599975585937,190.0,441700
2023-07-26,189.6300048828125,189.6300048828125,191.57000732421875,189.0200042724609,190.5800018310547,428800
2023-07-27,188.07000732421875,188.07000732421875,191.3300018310547,187.77999877929688,190.8099975585937,462800
2023-07-28,186.27999877929688,186.27999877929688,189.58999633789065,185.44000244140625,189.47999572753903,593500
2023-07-31,187.07000732421875,187.07000732421875,187.1499938964844,184.9900054931641,186.22000122070312,1100500
2023-08-01,187.3300018310547,187.3300018310547,188.7100067138672,186.1300048828125,187.07000732421875,1056000
2023-08-02,197.0,197.0,201.1199951171875,185.13999938964844,187.38999938964844,2036600
2023-08-03,199.27999877929688,199.27999877929688,199.8999938964844,193.2700042724609,195.5599975585937,920100
2023-08-04,197.8699951171875,197.8699951171875,202.52999877929688,197.5800018310547,198.7100067138672,721100
2023-08-07,202.83999633789065,202.83999633789065,203.63999938964844,199.44000244140625,201.0,839400
2023-08-08,202.67999267578125,202.67999267578125,203.0200042724609,200.1600036621093,202.2899932861328,433800
2023-08-09,201.58999633789065,201.58999633789065,203.27999877929688,200.9100036621093,203.1000061035156,489600
2023-08-10,202.6600036621093,202.6600036621093,205.1300048828125,201.5500030517578,201.9499969482422,588800
2023-08-11,203.47999572753903,203.47999572753903,204.67999267578125,202.3099975585937,202.3099975585937,458600
2023-08-14,206.6199951171875,206.6199951171875,207.259994506836,203.72000122070312,204.0599975585937,514500
2023-08-15,204.67999267578125,204.67999267578125,206.2700042724609,204.509994506836,206.13999938964844,523200
2023-08-16,201.5399932861328,201.5399932861328,206.25,201.3699951171875,204.67999267578125,426200
2023-08-17,200.32000732421875,200.32000732421875,203.5399932861328,200.25,202.4900054931641,339400
2023-08-18,200.3000030517578,200.3000030517578,200.9199981689453,196.32000732421875,196.32000732421875,346800
2023-08-21,201.4199981689453,201.4199981689453,201.97999572753903,199.759994506836,200.6499938964844,350600
2023-08-22,202.8800048828125,202.8800048828125,203.5500030517578,201.97999572753903,202.1499938964844,593000
2023-08-23,204.8300018310547,204.8300018310547,205.2700042724609,202.4600067138672,203.0500030517578,473600
2023-08-24,201.27999877929688,201.27999877929688,205.7100067138672,201.2100067138672,205.1999969482422,360900
2023-08-25,204.0,204.0,204.5800018310547,201.1199951171875,202.92999267578125,300300
2023-08-28,206.8500061035156,206.8500061035156,207.0599975585937,204.1199951171875,204.6199951171875,338100
2023-08-29,207.5399932861328,207.5399932861328,208.72999572753903,206.3099975585937,206.8500061035156,431300
2023-08-30,208.1100006103516,208.1100006103516,208.52999877929688,207.08999633789065,207.3800048828125,487600
2023-08-31,211.1499938964844,211.1499938964844,212.4100036621093,209.1999969482422,209.1999969482422,784600
2023-09-01,213.17999267578125,213.17999267578125,214.27999877929688,212.07000732421875,212.5,486500
2023-09-05,212.63999938964844,212.63999938964844,214.8999938964844,212.509994506836,213.47000122070312,619000
2023-09-06,213.27999877929688,213.27999877929688,213.5200042724609,209.8999938964844,212.0,548100
2023-09-07,212.8999938964844,212.8999938964844,214.5800018310547,212.0800018310547,212.6300048828125,947600
2023-09-08,212.6699981689453,212.6699981689453,215.6999969482422,211.94000244140625,213.5200042724609,475300
2023-09-11,211.22000122070312,211.22000122070312,213.72000122070312,209.5599975585937,213.47000122070312,415500
2023-09-12,208.94000244140625,208.94000244140625,211.0599975585937,208.2400054931641,209.97999572753903,474800
2023-09-13,208.3300018310547,208.3300018310547,209.5399932861328,205.5200042724609,208.8500061035156,877800
2023-09-14,209.7899932861328,209.7899932861328,210.22000122070312,207.0,209.4900054931641,653000
2023-09-15,207.0,207.0,210.0200042724609,206.1300048828125,209.8699951171875,1189700
2023-09-18,208.69000244140625,208.69000244140625,209.97000122070312,206.8999938964844,206.8999938964844,503500
2023-09-19,208.6699981689453,208.6699981689453,209.009994506836,206.88999938964844,208.69000244140625,337500
2023-09-20,209.0,209.0,209.67999267578125,207.75,208.4900054931641,610700
2023-09-21,205.0399932861328,205.0399932861328,207.9499969482422,203.4900054931641,207.5399932861328,437400
2023-09-22,205.759994506836,205.759994506836,207.02999877929688,204.9199981689453,204.9199981689453,414000
2023-09-25,205.0,205.0,206.7700042724609,203.92999267578125,204.83999633789065,429400
2023-09-26,200.2400054931641,200.2400054931641,203.47999572753903,199.0800018310547,203.2400054931641,814800
2023-09-27,198.69000244140625,198.69000244140625,200.8800048828125,197.27999877929688,200.3800048828125,724800
2023-09-28,202.8800048828125,202.8800048828125,203.7100067138672,198.94000244140625,198.94000244140625,763500
2023-09-29,201.759994506836,201.759994506836,203.7100067138672,200.6199951171875,203.0,803300
2023-10-02,200.97999572753903,200.97999572753903,202.5,199.08999633789065,201.759994506836,935400
2023-10-03,201.7700042724609,201.7700042724609,208.77999877929688,201.07000732421875,204.0,979400
2023-10-04,205.4199981689453,205.4199981689453,205.92999267578125,202.1999969482422,202.27999877929688,704600
2023-10-05,203.0399932861328,203.0399932861328,206.0599975585937,202.0,204.5200042724609,627700
2023-10-06,205.6300048828125,205.6300048828125,206.67999267578125,202.57000732421875,202.57000732421875,1065400
2023-10-09,208.1199951171875,208.1199951171875,208.5800018310547,204.9900054931641,205.02999877929688,401600
2023-10-10,210.1499938964844,210.1499938964844,211.52999877929688,208.1600036621093,208.3000030517578,548100
2023-10-11,213.82000732421875,213.82000732421875,213.9499969482422,211.1499938964844,211.1499938964844,521700
2023-10-12,211.5800018310547,211.5800018310547,215.8099975585937,210.72999572753903,215.3300018310547,649700
2023-10-13,207.259994506836,207.259994506836,211.5800018310547,205.6999969482422,211.22999572753903,937100
2023-10-16,208.82000732421875,208.82000732421875,210.0200042724609,207.2899932861328,207.5500030517578,520200
2023-10-17,208.8999938964844,208.8999938964844,210.8699951171875,207.08999633789065,207.77999877929688,481700
2023-10-18,206.1600036621093,206.1600036621093,208.3500061035156,206.0,208.3500061035156,464800
2023-10-19,202.8500061035156,202.8500061035156,207.19000244140625,202.3500061035156,206.72999572753903,563600
2023-10-20,200.4199981689453,200.4199981689453,202.9900054931641,200.1699981689453,202.9900054931641,522100
2023-10-23,199.5500030517578,199.5500030517578,201.3500061035156,197.9900054931641,199.259994506836,555500
2023-10-24,199.88999938964844,199.88999938964844,201.8800048828125,197.9900054931641,200.19000244140625,569500
2023-10-25,198.6999969482422,198.6999969482422,202.5200042724609,198.02999877929688,199.4199981689453,548600
2023-10-26,198.4199981689453,198.4199981689453,200.22000122070312,198.0599975585937,198.5,589800
2023-10-27,198.8999938964844,198.8999938964844,199.83999633789065,196.69000244140625,197.6499938964844,645900
2023-10-30,197.0500030517578,197.0500030517578,200.1499938964844,194.83999633789065,199.58999633789065,1088700
2023-10-31,200.3999938964844,200.3999938964844,200.7899932861328,197.0399932861328,198.1000061035156,791200
2023-11-01,199.1600036621093,199.1600036621093,199.1999969482422,185.0399932861328,185.5500030517578,939400
2023-11-02,206.6699981689453,206.6699981689453,207.0599975585937,200.1199951171875,200.2100067138672,801100
2023-11-03,209.4600067138672,209.4600067138672,210.5800018310547,208.38999938964844,208.38999938964844,586200
2023-11-06,211.0399932861328,211.0399932861328,211.1999969482422,208.69000244140625,209.8800048828125,513300
2023-11-07,208.0,208.0,211.97000122070312,206.6699981689453,211.1999969482422,691800
2023-11-08,209.27999877929688,209.27999877929688,209.52999877929688,207.27999877929688,208.8699951171875,479200
2023-11-09,208.5,208.5,211.0,207.7700042724609,210.8800048828125,763400
2023-11-10,211.6699981689453,211.6699981689453,211.75,207.8000030517578,209.5,546400
2023-11-13,211.97000122070312,211.97000122070312,212.72000122070312,210.1300048828125,211.2400054931641,485500
2023-11-14,218.4600067138672,218.4600067138672,218.8600006103516,214.72999572753903,214.75,655000
2023-11-15,218.9199981689453,218.9199981689453,219.7100067138672,217.0800018310547,219.3000030517578,677500
2023-11-16,215.509994506836,215.509994506836,219.19000244140625,214.7100067138672,217.3999938964844,703300
2023-11-17,215.2899932861328,215.2899932861328,218.02999877929688,213.44000244140625,216.97000122070312,960000
2023-11-20,217.2400054931641,217.2400054931641,217.3699951171875,213.0200042724609,215.009994506836,922900
2023-11-21,216.83999633789065,216.83999633789065,217.97999572753903,216.0200042724609,216.97000122070312,708100
2023-11-22,217.0200042724609,217.0200042724609,218.5599975585937,215.8300018310547,216.8999938964844,655000
2023-11-24,216.69000244140625,216.69000244140625,217.759994506836,214.8999938964844,217.759994506836,246100
2023-11-27,214.8999938964844,214.8999938964844,217.1600036621093,214.8000030517578,216.259994506836,787900
2023-11-28,212.67999267578125,212.67999267578125,215.32000732421875,212.6300048828125,213.8300018310547,585300
2023-11-29,212.08999633789065,212.08999633789065,215.6000061035156,211.8099975585937,214.4600067138672,647600
2023-11-30,210.8800048828125,210.8800048828125,212.5800018310547,208.7899932861328,211.9900054931641,2377000
2023-12-01,212.5599975585937,212.5599975585937,212.7700042724609,208.3000030517578,210.7100067138672,873700
2023-12-04,212.6000061035156,212.6000061035156,213.44000244140625,210.6000061035156,210.8699951171875,601100
2023-12-05,210.4100036621093,210.4100036621093,212.1100006103516,208.97000122070312,212.0,481400
2023-12-06,209.58999633789065,209.58999633789065,211.97999572753903,208.8600006103516,211.58999633789065,670500
2023-12-07,212.5800018310547,212.5800018310547,213.3300018310547,210.7400054931641,211.8099975585937,807100
2023-12-08,213.19000244140625,213.19000244140625,213.6199951171875,210.0599975585937,211.6300048828125,497300
2023-12-11,215.72000122070312,215.72000122070312,219.6999969482422,215.22999572753903,215.22999572753903,1109100
2023-12-12,217.6199951171875,217.6199951171875,219.32000732421875,214.0200042724609,214.6499938964844,940700
2023-12-13,218.0200042724609,218.0200042724609,220.0500030517578,216.9499969482422,217.6199951171875,962700
2023-12-14,220.44000244140625,220.44000244140625,222.5,218.19000244140625,219.7899932861328,1622200
2023-12-15,223.22999572753903,223.22999572753903,223.4499969482422,219.8300018310547,220.4600067138672,9573400
2023-12-18,223.69000244140625,223.69000244140625,226.6600036621093,222.3999938964844,225.0,879400
2023-12-19,223.9499969482422,223.9499969482422,224.3999938964844,222.08999633789065,223.6999969482422,823500
2023-12-20,222.4100036621093,222.4100036621093,226.6600036621093,222.3000030517578,223.6100006103516,758000
2023-12-21,225.1000061035156,225.1000061035156,225.2899932861328,222.759994506836,223.7400054931641,526700
2023-12-22,226.6300048828125,226.6300048828125,226.8500061035156,225.1699981689453,226.5399932861328,524300
2023-12-26,228.72999572753903,228.72999572753903,228.8300018310547,226.1000061035156,227.3000030517578,468400
2023-12-27,228.5500030517578,228.5500030517578,229.4199981689453,227.9100036621093,229.2100067138672,565000
2023-12-28,228.6999969482422,228.6999969482422,229.1999969482422,227.57000732421875,229.1600036621093,381300
2023-12-29,227.32000732421875,227.32000732421875,229.3099975585937,226.6199951171875,228.5599975585937,564200
2024-01-02,220.6699981689453,220.6699981689453,226.3999938964844,219.77999877929688,226.17999267578125,999700
2024-01-03,217.3000030517578,217.3000030517578,220.42999267578125,217.2899932861328,220.1000061035156,795400
2024-01-04,215.0800018310547,215.0800018310547,216.9900054931641,214.9900054931641,216.6199951171875,911400
2024-01-05,214.0399932861328,214.0399932861328,215.4499969482422,213.1499938964844,214.509994506836,1080000
2024-01-08,218.2100067138672,218.2100067138672,218.6000061035156,212.72000122070312,214.0500030517578,966100
2024-01-09,218.17999267578125,218.17999267578125,218.259994506836,215.02999877929688,215.8000030517578,881900
2024-01-10,220.2700042724609,220.2700042724609,220.9900054931641,218.1300048828125,218.1300048828125,985200
2024-01-11,221.1699981689453,221.1699981689453,221.38999938964844,218.8000030517578,220.2700042724609,522800
2024-01-12,219.13999938964844,219.13999938964844,222.82000732421875,218.5500030517578,222.0599975585937,779600
2024-01-16,220.72000122070312,220.72000122070312,221.0800018310547,217.67999267578125,218.67999267578125,567600
2024-01-17,219.07000732421875,219.07000732421875,220.4499969482422,218.72999572753903,220.13999938964844,526500
2024-01-18,225.02999877929688,225.02999877929688,225.2700042724609,219.8300018310547,220.1999969482422,731000
2024-01-19,226.4600067138672,226.4600067138672,227.009994506836,224.8000030517578,225.7400054931641,615900
2024-01-22,226.9100036621093,226.9100036621093,228.27999877929688,226.6300048828125,227.5,563600
2024-01-23,224.8099975585937,224.8099975585937,228.0,224.509994506836,227.9499969482422,586500
2024-01-24,226.3300018310547,226.3300018310547,228.0800018310547,224.6499938964844,225.5399932861328,575300
2024-01-25,228.9900054931641,228.9900054931641,229.5200042724609,227.6100006103516,228.0,696600
2024-01-26,229.69000244140625,229.69000244140625,229.7899932861328,228.02999877929688,229.0,641500
2024-01-29,229.1100006103516,229.1100006103516,229.3699951171875,226.6199951171875,229.07000732421875,532900
2024-01-30,230.22000122070312,230.22000122070312,231.8099975585937,229.1199951171875,229.63999938964844,625900
2024-01-31,226.72000122070312,226.72000122070312,230.2700042724609,226.0599975585937,229.47999572753903,1083100
2024-02-01,230.0800018310547,230.0800018310547,230.19000244140625,225.3800048828125,227.5599975585937,651100
2024-02-02,232.6600036621093,232.6600036621093,233.4600067138672,228.0500030517578,228.69000244140625,697500
2024-02-05,230.72999572753903,230.72999572753903,231.94000244140625,229.17999267578125,231.17999267578125,599700
2024-02-06,230.5,230.5,231.82000732421875,229.38999938964844,230.8500061035156,761100
2024-02-07,237.6000061035156,237.6000061035156,247.6300048828125,233.69000244140625,234.83999633789065,2023700
2024-02-08,243.9600067138672,243.9600067138672,244.759994506836,237.07000732421875,237.6000061035156,1089400
2024-02-09,245.22999572753903,245.22999572753903,245.4100036621093,241.4900054931641,244.3000030517578,884800
2024-02-12,242.0,242.0,246.0399932861328,241.7899932861328,244.9499969482422,690200
2024-02-13,237.47000122070312,237.47000122070312,238.77999877929688,235.0399932861328,236.75,986400
2024-02-14,239.47999572753903,239.47999572753903,240.72000122070312,236.5800018310547,239.17999267578125,970200
2024-02-15,242.75,242.75,243.509994506836,240.32000732421875,240.3500061035156,520600
2024-02-16,241.3699951171875,241.3699951171875,244.1100006103516,240.5399932861328,243.6100006103516,859700
2024-02-20,241.7899932861328,241.7899932861328,242.47000122070312,238.3600006103516,239.6100006103516,641400
2024-02-21,241.33999633789065,241.33999633789065,241.72000122070312,238.82000732421875,241.17999267578125,534300
2024-02-22,247.5599975585937,247.5599975585937,248.0800018310547,244.32000732421875,244.5200042724609,698600
2024-02-23,247.1100006103516,247.1100006103516,248.0500030517578,245.3600006103516,247.0500030517578,463400
2024-02-26,246.22999572753903,246.22999572753903,248.17999267578125,245.2700042724609,247.13999938964844,449700
2024-02-27,244.2700042724609,244.2700042724609,246.4900054931641,243.5800018310547,246.4900054931641,407600
2024-02-28,244.9100036621093,244.9100036621093,245.9100036621093,243.47999572753903,243.6999969482422,399100
2024-02-29,246.2100067138672,246.2100067138672,247.47000122070312,243.9900054931641,246.63999938964844,809600
2024-03-01,247.32000732421875,247.32000732421875,248.8600006103516,246.25,247.1100006103516,691100
2024-03-04,246.6699981689453,246.6699981689453,248.6000061035156,245.6000061035156,247.67999267578125,742000
2024-03-05,244.97000122070312,244.97000122070312,246.4100036621093,243.72999572753903,245.3300018310547,688600
2024-03-06,247.19000244140625,247.19000244140625,248.8800048828125,245.6100006103516,246.759994506836,553400
2024-03-07,248.33999633789065,248.33999633789065,249.5,247.2700042724609,248.25,472700
2024-03-08,247.9499969482422,247.9499969482422,249.8699951171875,247.7899932861328,248.4900054931641,620200
2024-03-11,247.94000244140625,247.94000244140625,249.2400054931641,245.3000030517578,246.2100067138672,525000
2024-03-12,249.8699951171875,249.8699951171875,250.6300048828125,247.47000122070312,249.02999877929688,626200
2024-03-13,248.6300048828125,248.6300048828125,250.38999938964844,247.6100006103516,249.9499969482422,645100
2024-03-14,246.47999572753903,246.47999572753903,249.2700042724609,245.69000244140625,248.6300048828125,482400
2024-03-15,245.509994506836,245.509994506836,247.3999938964844,244.7700042724609,245.72999572753903,1531800
2024-03-18,245.0200042724609,245.0200042724609,248.3800048828125,244.83999633789065,246.8300018310547,676400
2024-03-19,248.0,248.0,248.33999633789065,244.83999633789065,245.1699981689453,815600
2024-03-20,250.8000030517578,250.8000030517578,251.0800018310547,246.9600067138672,247.3600006103516,611900
2024-03-21,254.8099975585937,254.8099975585937,255.1199951171875,252.5500030517578,253.0399932861328,688900
2024-03-22,255.6699981689453,255.6699981689453,256.4100036621094,254.3999938964844,255.3999938964844,516300
2024-03-25,253.8500061035156,253.8500061035156,254.69000244140625,252.9199981689453,254.52999877929688,422300
2024-03-26,254.1199951171875,254.1199951171875,257.07000732421875,253.94000244140625,253.9600067138672,486900
2024-03-27,257.8699951171875,257.8699951171875,258.010009765625,255.52999877929688,256.1499938964844,502900
2024-03-28,255.77999877929688,255.77999877929688,259.3800048828125,255.6000061035156,257.8900146484375,772300
2024-04-01,253.0599975585937,253.0599975585937,256.92999267578125,252.94000244140625,255.7899932861328,447800
2024-04-02,251.6300048828125,251.6300048828125,252.1300048828125,250.259994506836,250.8000030517578,477400
2024-04-03,255.759994506836,255.759994506836,256.57000732421875,250.6999969482422,250.6999969482422,479400
2024-04-04,252.5399932861328,252.5399932861328,263.3699951171875,252.3300018310547,261.3599853515625,658000
2024-04-05,255.19000244140625,255.19000244140625,256.44000244140625,252.52999877929688,253.77999877929688,984400
2024-04-08,254.259994506836,254.259994506836,257.3299865722656,254.0599975585937,255.509994506836,555500
2024-04-09,254.25,254.25,256.4200134277344,251.4499969482422,255.5200042724609,515600
2024-04-10,247.27999877929688,247.27999877929688,250.4199981689453,247.0500030517578,250.0,681100
2024-04-11,248.0,248.0,249.3300018310547,246.6699981689453,248.19000244140625,658200
2024-04-12,242.9100036621093,242.9100036621093,247.8000030517578,242.57000732421875,245.1699981689453,847800
2024-04-15,241.3800048828125,241.3800048828125,246.5500030517578,240.02999877929688,246.2700042724609,728700
2024-04-16,240.009994506836,240.009994506836,244.7100067138672,239.5500030517578,242.0800018310547,651700
2024-04-17,236.77999877929688,236.77999877929688,241.2700042724609,236.3699951171875,241.2700042724609,956500
2024-04-18,235.6999969482422,235.6999969482422,238.2899932861328,235.259994506836,237.5,411100
2024-04-19,235.77999877929688,235.77999877929688,237.3699951171875,234.4499969482422,235.6600036621093,593200
2024-04-22,237.63999938964844,237.63999938964844,239.3800048828125,234.7400054931641,236.8300018310547,526000
2024-04-23,240.47000122070312,240.47000122070312,241.42999267578125,237.8500061035156,237.92999267578125,478000
2024-04-24,240.69000244140625,240.69000244140625,242.3000030517578,239.6499938964844,240.6300048828125,450700
2024-04-25,243.4199981689453,243.4199981689453,244.5500030517578,238.5500030517578,240.2899932861328,753400
2024-04-26,242.259994506836,242.259994506836,244.4199981689453,242.1000061035156,242.42999267578125,424600
2024-04-29,245.94000244140625,245.94000244140625,246.0200042724609,242.72999572753903,242.72999572753903,531000
2024-04-30,241.8600006103516,241.8600006103516,248.1199951171875,241.8099975585937,245.9199981689453,938900
2024-05-01,214.6100006103516,214.6100006103516,226.72000122070312,213.44000244140625,224.0,2422000
2024-05-02,218.4100036621093,218.4100036621093,221.0399932861328,213.0399932861328,216.7700042724609,1265500
2024-05-03,219.5599975585937,219.5599975585937,223.1999969482422,218.08999633789065,219.9900054931641,805700
2024-05-06,221.82000732421875,221.82000732421875,222.5399932861328,219.6999969482422,220.08999633789065,675100
2024-05-07,220.67999267578125,220.67999267578125,223.6699981689453,220.0,222.2899932861328,766500
2024-05-08,220.32000732421875,220.32000732421875,221.75,219.9199981689453,220.67999267578125,753700
2024-05-09,222.97000122070312,222.97000122070312,223.3000030517578,220.4100036621093,220.8999938964844,713000
2024-05-10,222.4600067138672,222.4600067138672,224.1000061035156,221.47999572753903,223.6600036621093,676700
2024-05-13,222.0500030517578,222.0500030517578,223.4600067138672,221.259994506836,223.4600067138672,456000
2024-05-14,221.5800018310547,221.5800018310547,224.3800048828125,220.3999938964844,223.5399932861328,605800
2024-05-15,223.44000244140625,223.44000244140625,224.67999267578125,222.1999969482422,222.38999938964844,648900
2024-05-16,224.13999938964844,224.13999938964844,225.0,222.97999572753903,223.94000244140625,731000
2024-05-17,223.63999938964844,223.63999938964844,225.4600067138672,223.0500030517578,224.08999633789065,1299300
2024-05-20,228.2400054931641,228.2400054931641,228.5800018310547,223.1999969482422,223.7100067138672,827700
2024-05-21,230.3800048828125,230.3800048828125,230.94000244140625,227.1999969482422,227.5,973300
2024-05-22,236.2700042724609,236.2700042724609,236.52999877929688,231.4100036621093,231.4100036621093,1156000
2024-05-23,231.57000732421875,231.57000732421875,237.97000122070312,231.02999877929688,237.2400054931641,908000
2024-05-24,231.0599975585937,231.0599975585937,233.5,230.9100036621093,232.75,556700
2024-05-28,225.1999969482422,225.1999969482422,230.509994506836,224.5800018310547,229.0599975585937,840200
2024-05-29,220.7100067138672,220.7100067138672,224.44000244140625,220.2899932861328,223.72999572753903,1347000
2024-05-30,222.83999633789065,222.83999633789065,224.1199951171875,219.8500061035156,220.259994506836,861100
2024-05-31,223.6199951171875,223.6199951171875,224.6499938964844,220.1699981689453,222.47999572753903,1426100
2024-06-03,223.4900054931641,223.4900054931641,224.5200042724609,219.3300018310547,223.5200042724609,826600
2024-06-04,221.9100036621093,221.9100036621093,223.2100067138672,221.33999633789065,221.759994506836,584300
2024-06-05,222.92999267578125,222.92999267578125,223.4100036621093,221.0599975585937,222.25,839300
2024-06-06,221.8099975585937,221.8099975585937,223.4900054931641,221.22999572753903,222.92999267578125,949500
2024-06-07,224.2400054931641,224.2400054931641,225.47999572753903,222.58999633789065,223.2700042724609,819800
2024-06-10,223.8999938964844,223.8999938964844,224.13999938964844,221.63999938964844,222.6499938964844,611900
2024-06-11,224.3600006103516,224.3600006103516,224.44000244140625,221.88999938964844,223.72000122070312,637500
2024-06-12,226.3000030517578,226.3000030517578,226.5599975585937,223.58999633789065,226.0800018310547,716500
2024-06-13,225.1000061035156,225.1000061035156,225.44000244140625,223.1300048828125,224.57000732421875,557500
2024-06-14,223.19000244140625,223.19000244140625,224.4900054931641,221.0599975585937,223.58999633789065,578000
2024-06-17,226.3500061035156,226.3500061035156,227.6499938964844,223.19000244140625,223.58999633789065,809100
2024-06-18,230.5500030517578,230.5500030517578,230.9600067138672,226.5399932861328,226.8699951171875,1255200
2024-06-20,231.92999267578125,231.92999267578125,232.5200042724609,229.69000244140625,230.8699951171875,849600
2024-06-21,235.4900054931641,235.4900054931641,235.9100036621093,231.1199951171875,234.5399932861328,2325200
2024-06-24,231.6100006103516,231.6100006103516,236.4499969482422,231.47000122070312,233.77999877929688,707300
2024-06-25,224.6199951171875,224.6199951171875,231.8600006103516,224.3999938964844,231.8600006103516,1109400
2024-06-26,223.1300048828125,223.1300048828125,225.0500030517578,221.4100036621093,224.3699951171875,1062800
2024-06-27,224.0599975585937,224.0599975585937,224.8099975585937,222.3099975585937,222.3699951171875,1164300
2024-06-28,223.83999633789065,223.83999633789065,225.88999938964844,223.5,224.3999938964844,2054200
2024-07-01,219.19000244140625,219.19000244140625,224.7899932861328,218.22000122070312,224.4199981689453,935300
2024-07-02,219.1199951171875,219.1199951171875,219.44000244140625,217.1000061035156,218.6600036621093,971700
2024-07-03,218.1100006103516,218.1100006103516,219.9900054931641,216.5599975585937,219.6199951171875,646100
2024-07-05,216.3000030517578,216.3000030517578,217.9100036621093,214.5599975585937,217.57000732421875,753700
2024-07-08,216.8699951171875,216.8699951171875,217.92999267578125,214.6100006103516,216.6000061035156,1017500
2024-07-09,214.8000030517578,214.8000030517578,216.9100036621093,214.2100067138672,216.5399932861328,969800
2024-07-10,218.8699951171875,218.8699951171875,218.97000122070312,213.63999938964844,215.1999969482422,1166800
2024-07-11,223.82000732421875,223.82000732421875,224.2700042724609,218.759994506836,219.0,1006100
2024-07-12,228.5,228.5,230.009994506836,224.02999877929688,225.0,939400
2024-07-15,232.7700042724609,232.7700042724609,234.22000122070312,228.7100067138672,229.3300018310547,824900
2024-07-16,239.83999633789065,239.83999633789065,241.259994506836,232.7700042724609,232.7700042724609,1025400
2024-07-17,236.97999572753903,236.97999572753903,239.1699981689453,236.5,237.33999633789065,1041600
2024-07-18,233.6999969482422,233.6999969482422,239.47999572753903,232.4499969482422,236.5200042724609,610500
2024-07-19,228.83999633789065,228.83999633789065,235.2700042724609,228.2899932861328,234.72999572753903,645200
2024-07-22,232.5200042724609,232.5200042724609,232.8500061035156,229.3500061035156,230.83999633789065,512200
2024-07-23,230.1499938964844,230.1499938964844,232.22000122070312,229.9600067138672,230.7700042724609,417900
2024-07-24,229.2100067138672,229.2100067138672,230.63999938964844,226.4199981689453,229.5399932861328,1007200
2024-07-25,228.6199951171875,228.6199951171875,233.1600036621093,228.4600067138672,230.6000061035156,642200
2024-07-26,229.7400054931641,229.7400054931641,231.5200042724609,227.1600036621093,230.22999572753903,988600
2024-07-29,231.38999938964844,231.38999938964844,232.9100036621093,228.72999572753903,229.6300048828125,758800
2024-07-30,232.47000122070312,232.47000122070312,237.47999572753903,229.69000244140625,232.57000732421875,1472000
2024-07-31,218.1100006103516,218.1100006103516,223.92999267578125,216.47000122070312,221.5,1924800
2024-08-01,213.58999633789065,213.58999633789065,218.7400054931641,210.5,216.1499938964844,1603600
2024-08-02,209.8500061035156,209.8500061035156,214.4100036621093,207.6000061035156,214.4100036621093,1443300
2024-08-05,206.6699981689453,206.6699981689453,212.0800018310547,205.9199981689453,212.0800018310547,1354800
2024-08-06,208.4499969482422,208.4499969482422,213.6999969482422,207.08999633789065,207.6600036621093,1082400
2024-08-07,208.9900054931641,208.9900054931641,213.77999877929688,208.6499938964844,209.7100067138672,967200
2024-08-08,212.3099975585937,212.3099975585937,212.8099975585937,209.009994506836,209.75,758200
2024-08-09,213.72999572753903,213.72999572753903,213.97999572753903,210.759994506836,212.0,567400
2024-08-12,212.1000061035156,212.1000061035156,213.5800018310547,211.0500030517578,213.5399932861328,713800
2024-08-13,215.8999938964844,215.8999938964844,216.9499969482422,212.4900054931641,213.1999969482422,501100
2024-08-14,216.67999267578125,216.67999267578125,217.1000061035156,214.0800018310547,216.5500030517578,1091600
2024-08-15,221.8699951171875,221.8699951171875,222.77999877929688,217.63999938964844,217.63999938964844,1532400
2024-08-16,222.759994506836,222.759994506836,223.5,221.1199951171875,221.7100067138672,2287000
2024-08-19,219.1999969482422,219.1999969482422,224.83999633789065,217.6000061035156,223.4600067138672,630800
2024-08-20,221.1499938964844,221.1499938964844,223.0,218.1699981689453,218.2700042724609,1062700
2024-08-21,224.94000244140625,224.94000244140625,225.2899932861328,221.52999877929688,222.1600036621093,546000
2024-08-22,225.19000244140625,225.19000244140625,225.9600067138672,222.83999633789065,225.1699981689453,1171700
2024-08-23,229.7400054931641,229.7400054931641,231.0500030517578,226.509994506836,227.0399932861328,731800
2024-08-26,229.3099975585937,229.3099975585937,231.3800048828125,228.6300048828125,229.6000061035156,1508700
2024-08-27,226.9900054931641,226.9900054931641,230.3500061035156,226.2700042724609,228.8000030517578,951500
2024-08-28,224.5,224.5,228.38999938964844,223.94000244140625,227.2400054931641,784900
2024-08-29,223.1199951171875,223.1199951171875,225.9100036621093,221.77999877929688,225.33999633789065,793800
2024-08-30,225.63999938964844,225.63999938964844,226.63999938964844,223.08999633789065,224.47999572753903,1437100
2024-09-03,217.6699981689453,217.6699981689453,225.33999633789065,216.63999938964844,224.5200042724609,710700
2024-09-04,214.47999572753903,214.47999572753903,218.8300018310547,214.22999572753903,216.58999633789065,810300
2024-09-05,214.82000732421875,214.82000732421875,215.9499969482422,212.9900054931641,214.5,774400
2024-09-06,212.2100067138672,212.2100067138672,216.4499969482422,211.7100067138672,215.2899932861328,709000
2024-09-09,214.13999938964844,214.13999938964844,214.8999938964844,211.7700042724609,213.47000122070312,623100
2024-09-10,215.8600006103516,215.8600006103516,216.08999633789065,212.3099975585937,212.9100036621093,745800
2024-09-11,215.8000030517578,215.8000030517578,216.1600036621093,207.8099975585937,216.0200042724609,744100
2024-09-12,218.63999938964844,218.63999938964844,218.8000030517578,214.72000122070312,216.25,534600
2024-09-13,220.1499938964844,220.1499938964844,222.1699981689453,219.5,219.92999267578125,509700
2024-09-16,221.4499969482422,221.4499969482422,221.75,218.67999267578125,220.259994506836,535400
2024-09-17,223.32000732421875,223.32000732421875,225.57000732421875,220.7899932861328,221.4499969482422,556300
2024-09-18,221.6199951171875,221.6199951171875,225.83999633789065,221.3099975585937,224.13999938964844,528100
2024-09-19,227.8699951171875,227.8699951171875,228.5,223.2100067138672,226.7700042724609,643000
2024-09-20,225.3000030517578,225.3000030517578,230.8600006103516,223.52999877929688,230.8600006103516,1749900
2024-09-23,224.1100006103516,224.1100006103516,226.19000244140625,223.17999267578125,225.9600067138672,717500
2024-09-24,224.27999877929688,224.27999877929688,224.77999877929688,222.3000030517578,224.0599975585937,576900
2024-09-25,221.27999877929688,221.27999877929688,224.1699981689453,220.8999938964844,224.1699981689453,506900
2024-09-26,228.6300048828125,228.6300048828125,229.0200042724609,223.4199981689453,224.009994506836,1042500
2024-09-27,226.5500030517578,226.5500030517578,229.0,225.72999572753903,228.7899932861328,386800
2024-09-30,226.3000030517578,226.3000030517578,227.1499938964844,223.88999938964844,226.6600036621093,517800
2024-10-01,217.8099975585937,217.8099975585937,223.5,215.22000122070312,223.47999572753903,1181400
2024-10-02,219.3500061035156,219.3500061035156,220.8999938964844,215.8699951171875,217.5,502000
2024-10-03,218.259994506836,218.259994506836,220.4900054931641,216.75,217.8600006103516,316400
2024-10-04,221.69000244140625,221.69000244140625,222.4100036621093,218.52999877929688,221.75,499900
2024-10-07,220.4900054931641,220.4900054931641,221.5500030517578,218.8699951171875,219.6600036621093,416700
2024-10-08,223.6100006103516,223.6100006103516,224.0500030517578,219.58999633789065,220.67999267578125,668800
2024-10-09,225.6999969482422,225.6999969482422,226.7899932861328,223.3600006103516,223.8800048828125,422300
2024-10-10,221.69000244140625,221.69000244140625,225.3800048828125,221.4900054931641,223.8800048828125,992300
2024-10-11,222.0,222.0,223.1999969482422,219.259994506836,222.509994506836,930900
2024-10-14,223.47999572753903,223.47999572753903,224.5,220.44000244140625,221.6699981689453,738000
2024-10-15,220.1300048828125,220.1300048828125,224.3500061035156,219.1499938964844,223.1699981689453,959500
2024-10-16,220.1600036621093,220.1600036621093,221.72999572753903,219.63999938964844,220.97000122070312,820900
2024-10-17,221.17999267578125,221.17999267578125,222.33999633789065,219.97000122070312,222.0399932861328,1176500
2024-10-18,218.3099975585937,218.3099975585937,222.1699981689453,217.97000122070312,222.0399932861328,933600
2024-10-21,220.3500061035156,220.3500061035156,220.72000122070312,216.3699951171875,217.6499938964844,901700
2024-10-22,217.0800018310547,217.0800018310547,219.1100006103516,216.4499969482422,219.1100006103516,543500
2024-10-23,217.6499938964844,217.6499938964844,218.42999267578125,215.9199981689453,216.1199951171875,608600
2024-10-24,219.1600036621093,219.1600036621093,220.8000030517578,217.52999877929688,218.58999633789065,550600
2024-10-25,217.009994506836,217.009994506836,220.7100067138672,216.94000244140625,219.8999938964844,981400
2024-10-28,218.5,218.5,220.509994506836,215.3699951171875,215.3699951171875,1216700
2024-10-29,219.8999938964844,219.8999938964844,221.3800048828125,217.5,217.6999969482422,1922200
2024-10-30,195.0599975585937,195.0599975585937,210.97000122070312,194.47999572753903,200.2100067138672,3020400
2024-10-31,188.22999572753903,188.22999572753903,194.5800018310547,188.1199951171875,194.5800018310547,2077300
2024-11-01,188.3800048828125,188.3800048828125,190.75,187.72999572753903,188.0,1502600
2024-11-04,191.1000061035156,191.1000061035156,192.4499969482422,188.3300018310547,188.759994506836,1185500
2024-11-05,192.9900054931641,192.9900054931641,193.17999267578125,190.7700042724609,191.9100036621093,1205300
2024-11-06,202.7899932861328,202.7899932861328,204.2400054931641,196.6999969482422,201.8099975585937,1717000
2024-11-07,202.8999938964844,202.8999938964844,204.759994506836,202.22000122070312,202.3500061035156,1342200
2024-11-08,199.8699951171875,199.8699951171875,202.3800048828125,197.8500061035156,202.1100006103516,936000
2024-11-11,197.8099975585937,197.8099975585937,199.5599975585937,197.1600036621093,199.2700042724609,1813800
2024-11-12,191.9100036621093,191.9100036621093,196.759994506836,191.47000122070312,196.58999633789065,1424600
2024-11-13,186.009994506836,186.009994506836,191.4100036621093,185.6999969482422,190.97000122070312,2535000
2024-11-14,180.7700042724609,180.7700042724609,186.47000122070312,180.3500061035156,186.009994506836,2341100
2024-11-15,177.6300048828125,177.6300048828125,182.1699981689453,175.94000244140625,181.7100067138672,2703500
2024-11-18,178.07000732421875,178.07000732421875,180.17999267578125,176.61000061035156,178.13999938964844,1356400
2024-11-19,174.0500030517578,174.0500030517578,177.0800018310547,173.3699951171875,176.24000549316406,1841200
2024-11-20,175.99000549316406,175.99000549316406,176.1699981689453,172.9499969482422,174.49000549316406,1317600
2024-11-21,178.1699981689453,178.1699981689453,179.27999877929688,175.4199981689453,176.4499969482422,1503600
2024-11-22,178.9600067138672,178.9600067138672,180.0,177.27000427246094,178.0800018310547,1573600
2024-11-25,181.33999633789065,181.33999633789065,183.0,179.77999877929688,180.94000244140625,2267200
2024-11-26,177.8000030517578,177.8000030517578,181.72999572753903,177.36000061035156,180.7400054931641,1792800
2024-11-27,176.75,176.75,179.07000732421875,175.75999450683594,177.50999450683594,1655700
2024-11-29,175.92999267578125,175.92999267578125,178.16000366210938,175.80999755859375,177.27999877929688,958000
2024-12-02,180.6199951171875,180.6199951171875,181.1100006103516,175.57000732421875,175.7899932861328,1618200
2024-12-03,179.6300048828125,179.6300048828125,180.33999633789065,177.0500030517578,179.6999969482422,1264000
2024-12-04,178.27999877929688,178.27999877929688,180.77999877929688,177.69000244140625,180.509994506836,826400
2024-12-05,178.3000030517578,178.3000030517578,179.5800018310547,177.22000122070312,178.8000030517578,1366100
2024-12-06,180.05999755859375,180.05999755859375,180.7700042724609,178.32000732421875,179.42999267578125,970600
2024-12-09,182.4600067138672,182.4600067138672,183.1199951171875,179.91000366210938,180.6699981689453,1721100
2024-12-10,179.00999450683594,179.00999450683594,182.1199951171875,176.8699951171875,181.8800048828125,1448500
2024-12-11,178.25,178.25,180.4100036621093,175.99000549316406,180.25,1413400
2024-12-12,178.0500030517578,178.0500030517578,179.50999450683594,176.14999389648438,177.4499969482422,954800
2024-12-13,176.05999755859375,176.05999755859375,177.52999877929688,175.49000549316406,177.1999969482422,1392700
2024-12-16,177.7899932861328,177.7899932861328,180.9199981689453,175.0,175.88999938964844,1197400
2024-12-17,176.66000366210938,176.66000366210938,179.30999755859375,174.66000366210938,177.97000122070312,1443200
2024-12-18,171.49000549316406,171.49000549316406,178.00999450683594,170.67999267578125,177.13999938964844,1310800
2024-12-19,173.27999877929688,173.27999877929688,174.57000732421875,171.1999969482422,171.5,1279300
2024-12-20,174.52999877929688,174.52999877929688,176.1199951171875,172.0500030517578,172.0500030517578,2590500
2024-12-23,,175.55999755859375,175.72999572753906,173.5399932861328,173.8000030517578,854900
2024-12-24,,176.33999633789062,176.3800048828125,174.22999572753906,175.5,341000
2024-12-26,,177.1199951171875,177.4199981689453,174.2899932861328,174.2899932861328,944400
2024-12-27,,175.80999755859375,177.69000244140625,174.77000427246094,176.5500030517578,639300
2024-12-30,,173.35000610351562,174.58999633789062,171.0399932861328,174.58999633789062,774900
