Price,Adj Close,Close,High,Low,Open,Volume
Ticker,FI,FI,FI,FI,FI,FI
Date,,,,,,
2022-06-07,101.23999786376952,101.23999786376952,101.51000213623048,99.27999877929688,99.62000274658205,2050500
2022-06-08,100.12999725341795,100.12999725341795,101.4800033569336,99.75,101.04000091552734,1702700
2022-06-09,95.81999969482422,95.81999969482422,99.4000015258789,95.77999877929688,99.4000015258789,2637400
2022-06-10,94.33999633789062,94.33999633789062,95.2300033569336,93.0500030517578,94.01000213623048,3782600
2022-06-13,89.62000274658203,89.62000274658203,92.26000213623048,89.23999786376953,91.87999725341795,4766800
2022-06-14,89.88999938964844,89.88999938964844,91.20999908447266,88.97000122070312,90.36000061035156,3103600
2022-06-15,91.47000122070312,91.47000122070312,93.12999725341795,90.11000061035156,91.04000091552734,3244600
2022-06-16,88.37999725341797,88.37999725341797,89.87000274658203,87.02999877929688,89.87000274658203,4243600
2022-06-17,89.1500015258789,89.1500015258789,89.69999694824219,87.77999877929688,88.45999908447266,6498700
2022-06-21,89.26000213623047,89.26000213623047,90.56999969482422,89.04000091552734,90.0,3103100
2022-06-22,89.36000061035156,89.36000061035156,90.36000061035156,87.83000183105469,88.33999633789062,3491000
2022-06-23,89.7300033569336,89.7300033569336,90.87000274658205,88.70999908447266,89.9800033569336,2306000
2022-06-24,94.19000244140624,94.19000244140624,94.31999969482422,90.33000183105467,90.5500030517578,4527900
2022-06-27,93.08999633789062,93.08999633789062,94.08999633789062,92.54000091552734,93.4800033569336,2913000
2022-06-28,90.62000274658205,90.62000274658205,94.98999786376952,90.4000015258789,93.26000213623048,2606300
2022-06-29,90.9000015258789,90.9000015258789,91.04000091552734,89.18000030517578,90.62000274658205,1997300
2022-06-30,88.97000122070312,88.97000122070312,90.0199966430664,87.80000305175781,89.29000091552734,3400000
2022-07-01,92.58000183105467,92.58000183105467,92.9000015258789,88.7699966430664,88.7699966430664,3711300
2022-07-05,94.11000061035156,94.11000061035156,94.55999755859376,90.4000015258789,91.4499969482422,3718400
2022-07-06,93.86000061035156,93.86000061035156,94.9000015258789,93.16999816894533,93.8499984741211,3973700
2022-07-07,93.3499984741211,93.3499984741211,94.41999816894533,92.2300033569336,94.0199966430664,3192200
2022-07-08,93.05999755859376,93.05999755859376,93.79000091552734,92.0999984741211,93.3499984741211,3382200
2022-07-11,92.58999633789062,92.58999633789062,92.87000274658205,91.91000366210938,92.30999755859376,3298300
2022-07-12,92.58999633789062,92.58999633789062,94.11000061035156,92.20999908447266,92.4499969482422,3423300
2022-07-13,91.87000274658205,91.87000274658205,92.47000122070312,90.20999908447266,90.37000274658205,3139200
2022-07-14,91.66000366210938,91.66000366210938,91.91999816894533,89.26000213623047,90.06999969482422,2864300
2022-07-15,94.16000366210938,94.16000366210938,94.80999755859376,93.19000244140624,93.37000274658205,3658700
2022-07-18,93.97000122070312,93.97000122070312,95.4000015258789,93.4800033569336,94.87000274658205,2475500
2022-07-19,97.55999755859376,97.55999755859376,97.80999755859376,94.98999786376952,95.4000015258789,3564700
2022-07-20,97.8499984741211,97.8499984741211,98.02999877929688,96.58000183105467,97.55999755859376,2863600
2022-07-21,99.18000030517578,99.18000030517578,99.25,97.68000030517578,98.05999755859376,2444200
2022-07-22,99.87000274658205,99.87000274658205,100.81999969482422,98.93000030517578,99.79000091552734,3056500
2022-07-25,98.0500030517578,98.0500030517578,100.33999633789062,97.5199966430664,100.13999938964844,3482100
2022-07-26,102.22000122070312,102.22000122070312,103.94000244140624,97.93000030517578,99.93000030517578,7040200
2022-07-27,104.45999908447266,104.45999908447266,105.3499984741211,102.5199966430664,102.56999969482422,5105900
2022-07-28,105.68000030517578,105.68000030517578,105.91000366210938,103.4000015258789,104.62000274658205,3091500
2022-07-29,105.68000030517578,105.68000030517578,106.47000122070312,104.83000183105467,105.5199966430664,2883700
2022-08-01,106.12999725341795,106.12999725341795,106.91999816894533,103.86000061035156,105.0,2920000
2022-08-02,106.2300033569336,106.2300033569336,106.45999908447266,104.5500030517578,105.4000015258789,3213500
2022-08-03,108.16999816894533,108.16999816894533,108.56999969482422,106.54000091552734,106.8000030517578,2805500
2022-08-04,106.66000366210938,106.66000366210938,108.26000213623048,105.68000030517578,108.26000213623048,4693300
2022-08-05,106.08000183105467,106.08000183105467,106.9499969482422,104.48999786376952,104.5500030517578,2943700
2022-08-08,104.98999786376952,104.98999786376952,107.13999938964844,104.62000274658205,106.9499969482422,2674900
2022-08-09,105.9000015258789,105.9000015258789,106.04000091552734,104.19000244140624,104.5,2696000
2022-08-10,106.54000091552734,106.54000091552734,107.87000274658205,106.23999786376952,107.5,2597200
2022-08-11,107.95999908447266,107.95999908447266,108.79000091552734,107.41000366210938,108.06999969482422,3091000
2022-08-12,109.37000274658205,109.37000274658205,109.41000366210938,108.2300033569336,108.27999877929688,2959900
2022-08-15,110.16000366210938,110.16000366210938,110.88999938964844,108.61000061035156,108.61000061035156,2293800
2022-08-16,110.72000122070312,110.72000122070312,110.94000244140624,108.87999725341795,109.56999969482422,2917000
2022-08-17,108.72000122070312,108.72000122070312,110.19000244140624,108.37999725341795,109.68000030517578,2967900
2022-08-18,110.5500030517578,110.5500030517578,110.83999633789062,108.16000366210938,108.33999633789062,3654800
2022-08-19,109.4800033569336,109.4800033569336,110.45999908447266,109.20999908447266,109.47000122070312,3195200
2022-08-22,106.7699966430664,106.7699966430664,108.51000213623048,106.5199966430664,108.06999969482422,2751200
2022-08-23,106.01000213623048,106.01000213623048,107.5500030517578,105.9800033569336,106.5199966430664,2869500
2022-08-24,106.18000030517578,106.18000030517578,106.52999877929688,104.8000030517578,105.4000015258789,3061700
2022-08-25,107.2699966430664,107.2699966430664,107.3000030517578,105.76000213623048,106.55999755859376,2610100
2022-08-26,103.83000183105467,103.83000183105467,107.70999908447266,103.72000122070312,107.33999633789062,3142400
2022-08-29,103.16999816894533,103.16999816894533,103.9499969482422,102.83999633789062,102.94000244140624,2805700
2022-08-30,101.86000061035156,101.86000061035156,103.54000091552734,101.38999938964844,103.3000030517578,2757000
2022-08-31,101.19000244140624,101.19000244140624,102.9000015258789,100.68000030517578,102.7300033569336,4432600
2022-09-01,103.5,103.5,103.5999984741211,100.63999938964844,100.70999908447266,4327400
2022-09-02,101.44000244140624,101.44000244140624,105.0,100.83000183105467,104.4499969482422,3007100
2022-09-06,104.16000366210938,104.16000366210938,104.56999969482422,101.62000274658205,101.83999633789062,5486500
2022-09-07,105.75,105.75,106.11000061035156,104.0999984741211,104.23999786376952,3638100
2022-09-08,105.77999877929688,105.77999877929688,106.0199966430664,103.9000015258789,104.97000122070312,3056200
2022-09-09,106.45999908447266,106.45999908447266,106.68000030517578,105.23999786376952,105.62000274658205,3718700
2022-09-12,109.0500030517578,109.0500030517578,109.16000366210938,106.9800033569336,107.08999633789062,4722500
2022-09-13,105.91999816894533,105.91999816894533,108.27999877929688,105.6999969482422,106.77999877929688,5683100
2022-09-14,105.9000015258789,105.9000015258789,106.98999786376952,104.9499969482422,106.26000213623048,3756200
2022-09-15,104.58000183105467,104.58000183105467,106.87000274658205,104.0199966430664,105.16000366210938,3931200
2022-09-16,103.61000061035156,103.61000061035156,103.9499969482422,102.12000274658205,103.83999633789062,16562700
2022-09-19,103.6500015258789,103.6500015258789,103.79000091552734,101.95999908447266,102.5,3342000
2022-09-20,102.16999816894533,102.16999816894533,103.37999725341795,101.4800033569336,103.0999984741211,2416100
2022-09-21,99.58999633789062,99.58999633789062,103.22000122070312,99.56999969482422,102.76000213623048,4093200
2022-09-22,98.55999755859376,98.55999755859376,99.73999786376952,97.9499969482422,99.4000015258789,3930100
2022-09-23,97.9499969482422,97.9499969482422,98.22000122070312,96.68000030517578,98.06999969482422,3968700
2022-09-26,95.9000015258789,95.9000015258789,98.5199966430664,95.69000244140624,97.98999786376952,3515700
2022-09-27,95.13999938964844,95.13999938964844,97.38999938964844,94.01000213623048,96.56999969482422,3704100
2022-09-28,96.16999816894533,96.16999816894533,96.7699966430664,93.88999938964844,95.45999908447266,4449400
2022-09-29,94.8499984741211,94.8499984741211,96.27999877929688,93.97000122070312,95.27999877929688,4006800
2022-09-30,93.56999969482422,93.56999969482422,95.7699966430664,93.51000213623048,95.12000274658205,3934400
2022-10-03,95.41999816894533,95.41999816894533,95.98999786376952,93.20999908447266,94.33000183105467,3827100
2022-10-04,98.7300033569336,98.7300033569336,98.9800033569336,96.55999755859376,96.66000366210938,3416600
2022-10-05,100.5500030517578,100.5500030517578,101.02999877929688,97.77999877929688,97.94000244140624,2967300
2022-10-06,99.08000183105467,99.08000183105467,100.91999816894533,98.87000274658205,99.88999938964844,3548600
2022-10-07,98.6999969482422,98.6999969482422,99.04000091552734,97.58000183105467,98.33999633789062,3787200
2022-10-10,98.48999786376952,98.48999786376952,99.06999969482422,97.19000244140624,98.56999969482422,2966400
2022-10-11,95.4499969482422,95.4499969482422,98.33999633789062,94.56999969482422,98.2699966430664,4484000
2022-10-12,93.6999969482422,93.6999969482422,95.41000366210938,93.5999984741211,94.25,3231700
2022-10-13,95.6500015258789,95.6500015258789,96.08000183105467,91.5500030517578,91.72000122070312,3826600
2022-10-14,94.13999938964844,94.13999938964844,96.6500015258789,93.98999786376952,96.33000183105467,2966800
2022-10-17,97.37000274658205,97.37000274658205,97.5,96.20999908447266,96.45999908447266,4732700
2022-10-18,97.16999816894533,97.16999816894533,99.29000091552734,96.02999877929688,98.62000274658205,3227900
2022-10-19,96.2300033569336,96.2300033569336,96.83000183105467,95.08999633789062,95.3499984741211,2452900
2022-10-20,95.01000213623048,95.01000213623048,96.75,94.5,96.45999908447266,3610500
2022-10-21,96.73999786376952,96.73999786376952,96.88999938964844,93.93000030517578,94.5500030517578,5468100
2022-10-24,97.3499984741211,97.3499984741211,98.66999816894533,96.8000030517578,97.9000015258789,3421100
2022-10-25,100.08000183105467,100.08000183105467,100.61000061035156,97.63999938964844,97.70999908447266,5327400
2022-10-26,101.76000213623048,101.76000213623048,102.6500015258789,100.73999786376952,100.91000366210938,6248000
2022-10-27,98.80999755859376,98.80999755859376,100.2699966430664,95.3499984741211,95.9000015258789,7085000
2022-10-28,102.5999984741211,102.5999984741211,103.45999908447266,99.58999633789062,99.68000030517578,5654700
2022-10-31,102.73999786376952,102.73999786376952,103.47000122070312,100.91999816894533,102.72000122070312,5317700
2022-11-01,104.0199966430664,104.0199966430664,104.5,102.6999969482422,103.2699966430664,5207900
2022-11-02,100.55999755859376,100.55999755859376,104.98999786376952,100.43000030517578,103.80999755859376,6184700
2022-11-03,94.56999969482422,94.56999969482422,99.8000030517578,94.33999633789062,99.56999969482422,7059500
2022-11-04,94.31999969482422,94.31999969482422,95.9800033569336,92.83999633789062,95.9800033569336,6052700
2022-11-07,96.38999938964844,96.38999938964844,96.58999633789062,94.6999969482422,95.18000030517578,4086200
2022-11-08,98.4800033569336,98.4800033569336,99.9499969482422,95.9499969482422,96.3000030517578,3868800
2022-11-09,96.18000030517578,96.18000030517578,98.3000030517578,96.12999725341795,98.3000030517578,2858100
2022-11-10,101.0,101.0,101.98999786376952,99.88999938964844,101.43000030517578,5850200
2022-11-11,100.47000122070312,100.47000122070312,101.72000122070312,99.97000122070312,101.02999877929688,5989600
2022-11-14,100.01000213623048,100.01000213623048,102.44000244140624,99.4499969482422,100.5999984741211,3763300
2022-11-15,100.3499984741211,100.3499984741211,102.62999725341795,99.41000366210938,102.25,4595900
2022-11-16,99.9800033569336,99.9800033569336,101.26000213623048,99.62000274658205,100.97000122070312,4188600
2022-11-17,98.58999633789062,98.58999633789062,99.05999755859376,97.83999633789062,98.52999877929688,4352500
2022-11-18,99.86000061035156,99.86000061035156,100.87000274658205,98.38999938964844,99.7699966430664,3367600
2022-11-21,99.37999725341795,99.37999725341795,100.58000183105467,99.01000213623048,99.66999816894533,2720400
2022-11-22,100.98999786376952,100.98999786376952,101.11000061035156,98.9499969482422,99.8499984741211,2889200
2022-11-23,102.08000183105467,102.08000183105467,102.43000030517578,100.7699966430664,100.98999786376952,2259600
2022-11-25,102.48999786376952,102.48999786376952,103.4800033569336,101.87000274658205,102.08000183105467,1446700
2022-11-28,101.76000213623048,101.76000213623048,102.88999938964844,101.47000122070312,102.1500015258789,2867800
2022-11-29,101.5199966430664,101.5199966430664,102.75,101.20999908447266,101.73999786376952,3194500
2022-11-30,104.36000061035156,104.36000061035156,104.98999786376952,100.72000122070312,100.72000122070312,5573000
2022-12-01,105.02999877929688,105.02999877929688,105.5,103.9800033569336,104.36000061035156,3086900
2022-12-02,105.45999908447266,105.45999908447266,105.8499984741211,103.37000274658205,103.37000274658205,2881700
2022-12-05,102.19000244140624,102.19000244140624,104.75,101.62999725341795,104.75,3411800
2022-12-06,100.3499984741211,100.3499984741211,102.61000061035156,99.91000366210938,102.54000091552734,2342200
2022-12-07,100.48999786376952,100.48999786376952,101.1500015258789,99.55999755859376,100.61000061035156,2361700
2022-12-08,101.45999908447266,101.45999908447266,102.08000183105467,100.51000213623048,100.9800033569336,2063200
2022-12-09,100.63999938964844,100.63999938964844,101.86000061035156,100.56999969482422,101.04000091552734,1763300
2022-12-12,102.47000122070312,102.47000122070312,102.72000122070312,100.55999755859376,101.43000030517578,2212200
2022-12-13,101.55999755859376,101.55999755859376,106.2300033569336,100.5500030517578,106.22000122070312,3585700
2022-12-14,101.91000366210938,101.91000366210938,103.87999725341795,100.9800033569336,101.9000015258789,3456900
2022-12-15,98.47000122070312,98.47000122070312,101.16000366210938,98.13999938964844,100.43000030517578,3223000
2022-12-16,98.58000183105467,98.58000183105467,99.20999908447266,97.25,97.9000015258789,8253300
2022-12-19,98.66999816894533,98.66999816894533,100.2300033569336,98.26000213623048,98.9800033569336,3912400
2022-12-20,99.55999755859376,99.55999755859376,100.06999969482422,98.31999969482422,98.54000091552734,2942100
2022-12-21,101.13999938964844,101.13999938964844,101.95999908447266,99.9000015258789,100.04000091552734,2906300
2022-12-22,99.54000091552734,99.54000091552734,101.06999969482422,97.8000030517578,100.37999725341795,2258100
2022-12-23,100.45999908447266,100.45999908447266,100.66999816894533,98.81999969482422,99.37999725341795,1446700
2022-12-27,100.81999969482422,100.81999969482422,101.19000244140624,100.06999969482422,100.5,1560700
2022-12-28,99.91000366210938,99.91000366210938,101.81999969482422,99.87999725341795,100.98999786376952,1906500
2022-12-29,101.5,101.5,102.0199966430664,100.0500030517578,100.5,1943700
2022-12-30,101.06999969482422,101.06999969482422,101.0999984741211,99.75,100.69000244140624,1956000
2023-01-03,101.20999908447266,101.20999908447266,102.6999969482422,100.4000015258789,101.72000122070312,2269300
2023-01-04,102.05999755859376,102.05999755859376,103.0199966430664,101.0,102.11000061035156,3436500
2023-01-05,99.4000015258789,99.4000015258789,101.2699966430664,98.80999755859376,101.26000213623048,4282200
2023-01-06,102.18000030517578,102.18000030517578,102.75,99.8499984741211,100.02999877929688,3040900
2023-01-09,102.06999969482422,102.06999969482422,102.62999725341795,100.1999969482422,100.1999969482422,2811800
2023-01-10,101.04000091552734,101.04000091552734,102.18000030517578,100.13999938964844,101.79000091552734,2410800
2023-01-11,101.52999877929688,101.52999877929688,101.58999633789062,100.16999816894533,101.26000213623048,2355300
2023-01-12,102.41999816894533,102.41999816894533,102.5999984741211,101.0999984741211,101.1999969482422,2681200
2023-01-13,102.55999755859376,102.55999755859376,102.83000183105467,101.29000091552734,102.19000244140624,3881200
2023-01-17,104.01000213623048,104.01000213623048,104.11000061035156,102.83000183105467,102.95999908447266,3697100
2023-01-18,103.2300033569336,103.2300033569336,105.0999984741211,103.1999969482422,104.2300033569336,3269500
2023-01-19,102.18000030517578,102.18000030517578,103.56999969482422,101.91000366210938,102.9000015258789,2666600
2023-01-20,104.0500030517578,104.0500030517578,104.16000366210938,101.58000183105467,102.06999969482422,2444300
2023-01-23,105.5500030517578,105.5500030517578,106.3000030517578,104.08000183105467,104.33000183105467,2391300
2023-01-24,103.70999908447266,103.70999908447266,105.87000274658205,103.55999755859376,105.79000091552734,3218000
2023-01-25,104.4000015258789,104.4000015258789,104.51000213623048,101.72000122070312,102.56999969482422,1749100
2023-01-26,106.26000213623048,106.26000213623048,106.3000030517578,104.41000366210938,105.16999816894533,2030800
2023-01-27,106.48999786376952,106.48999786376952,107.1500015258789,105.94000244140624,106.04000091552734,2091600
2023-01-30,105.75,105.75,106.76000213623048,105.2300033569336,105.62000274658205,3116100
2023-01-31,106.68000030517578,106.68000030517578,106.69000244140624,105.80999755859376,106.16999816894533,2434200
2023-02-01,108.16000366210938,108.16000366210938,108.63999938964844,105.6500015258789,105.94000244140624,2906200
2023-02-02,107.5999984741211,107.5999984741211,110.0199966430664,107.20999908447266,108.77999877929688,3905000
2023-02-03,106.5999984741211,106.5999984741211,107.08000183105467,105.0999984741211,105.45999908447266,3451600
2023-02-06,106.4000015258789,106.4000015258789,106.5999984741211,105.5199966430664,105.88999938964844,3958900
2023-02-07,115.27999877929688,115.27999877929688,115.5,109.11000061035156,109.25,7774900
2023-02-08,115.9000015258789,115.9000015258789,117.1500015258789,114.9000015258789,115.27999877929688,4156800
2023-02-09,116.5,116.5,117.48999786376952,115.72000122070312,116.79000091552734,4673800
2023-02-10,115.63999938964844,115.63999938964844,116.68000030517578,114.83000183105467,116.20999908447266,3918300
2023-02-13,116.4499969482422,116.4499969482422,116.63999938964844,114.12000274658205,114.51000213623048,3467000
2023-02-14,116.01000213623048,116.01000213623048,117.1999969482422,115.05999755859376,116.0,2782400
2023-02-15,117.73999786376952,117.73999786376952,118.0199966430664,114.9800033569336,115.51000213623048,3246800
2023-02-16,115.9499969482422,115.9499969482422,118.0500030517578,115.86000061035156,116.19000244140624,2517900
2023-02-17,115.37000274658205,115.37000274658205,116.18000030517578,114.68000030517578,116.18000030517578,2820200
2023-02-21,113.81999969482422,113.81999969482422,115.31999969482422,113.72000122070312,114.6500015258789,2789600
2023-02-22,113.0999984741211,113.0999984741211,114.29000091552734,112.7300033569336,114.29000091552734,3227200
2023-02-23,116.54000091552734,116.54000091552734,116.98999786376952,114.12999725341795,114.70999908447266,5156400
2023-02-24,114.4499969482422,114.4499969482422,115.22000122070312,114.16999816894533,114.88999938964844,3880800
2023-02-27,114.70999908447266,114.70999908447266,116.5199966430664,114.37999725341795,116.5199966430664,3382200
2023-02-28,115.08999633789062,115.08999633789062,116.22000122070312,114.41999816894533,114.52999877929688,3172900
2023-03-01,115.80999755859376,115.80999755859376,115.9800033569336,113.91999816894533,114.73999786376952,3184200
2023-03-02,117.05999755859376,117.05999755859376,117.56999969482422,115.51000213623048,116.0,3733700
2023-03-03,118.26000213623048,118.26000213623048,118.29000091552734,117.04000091552734,117.1500015258789,3050600
2023-03-06,118.05999755859376,118.05999755859376,119.4800033569336,118.0,118.37999725341795,2237200
2023-03-07,117.25,117.25,118.77999877929688,116.86000061035156,118.16000366210938,2457600
2023-03-08,117.06999969482422,117.06999969482422,117.5999984741211,116.76000213623048,117.11000061035156,2476900
2023-03-09,115.41000366210938,115.41000366210938,118.47000122070312,115.3000030517578,116.91999816894533,2742700
2023-03-10,111.83000183105467,111.83000183105467,114.8499984741211,110.87999725341795,114.8499984741211,4708100
2023-03-13,104.25,104.25,110.5999984741211,103.98999786376952,110.5500030517578,9819900
2023-03-14,110.52999877929688,110.52999877929688,112.3000030517578,107.0,108.06999969482422,9400600
2023-03-15,109.26000213623048,109.26000213623048,109.66999816894533,107.12000274658205,109.16999816894533,5686500
2023-03-16,109.48999786376952,109.48999786376952,109.8000030517578,106.5199966430664,108.12999725341795,5951500
2023-03-17,108.16999816894533,108.16999816894533,110.08999633789062,107.76000213623048,109.06999969482422,8972200
2023-03-20,110.80999755859376,110.80999755859376,111.06999969482422,108.30999755859376,108.58000183105467,4695000
2023-03-21,113.04000091552734,113.04000091552734,114.26000213623048,111.7300033569336,112.91999816894533,4124000
2023-03-22,111.3499984741211,111.3499984741211,114.36000061035156,111.3000030517578,112.8000030517578,3848800
2023-03-23,111.0999984741211,111.0999984741211,113.36000061035156,110.37999725341795,110.9800033569336,3432200
2023-03-24,112.5199966430664,112.5199966430664,112.68000030517578,109.12999725341795,109.7699966430664,3377500
2023-03-27,111.7699966430664,111.7699966430664,114.08000183105467,111.6500015258789,113.5199966430664,3054300
2023-03-28,111.27999877929688,111.27999877929688,111.51000213623048,110.68000030517578,111.36000061035156,2762400
2023-03-29,111.83999633789062,111.83999633789062,112.5,111.22000122070312,112.20999908447266,2936100
2023-03-30,113.0,113.0,113.69000244140624,112.0,112.66000366210938,2222300
2023-03-31,113.02999877929688,113.02999877929688,113.9000015258789,112.5999984741211,113.79000091552734,3874100
2023-04-03,112.83000183105467,112.83000183105467,113.0999984741211,111.91000366210938,112.56999969482422,3303300
2023-04-04,111.58999633789062,111.58999633789062,113.3499984741211,111.08000183105467,113.06999969482422,2364700
2023-04-05,112.33999633789062,112.33999633789062,112.4499969482422,111.0999984741211,111.29000091552734,2376600
2023-04-06,113.01000213623048,113.01000213623048,113.38999938964844,111.9800033569336,112.33999633789062,2456900
2023-04-10,113.70999908447266,113.70999908447266,113.75,112.3499984741211,112.5500030517578,1749100
2023-04-11,114.83000183105467,114.83000183105467,115.27999877929688,113.86000061035156,114.31999969482422,3166400
2023-04-12,114.48999786376952,114.48999786376952,116.02999877929688,113.6999969482422,115.62000274658205,4208500
2023-04-13,115.72000122070312,115.72000122070312,115.97000122070312,114.3000030517578,114.7300033569336,2647500
2023-04-14,115.58999633789062,115.58999633789062,116.52999877929688,114.38999938964844,115.8499984741211,2327000
2023-04-17,117.11000061035156,117.11000061035156,117.1999969482422,115.37999725341795,115.58999633789062,2541600
2023-04-18,117.11000061035156,117.11000061035156,117.75,116.47000122070312,117.48999786376952,2561100
2023-04-19,117.08000183105467,117.08000183105467,117.5500030517578,116.25,117.3000030517578,2276300
2023-04-20,116.80999755859376,116.80999755859376,117.41000366210938,116.4800033569336,116.9000015258789,3019800
2023-04-21,116.95999908447266,116.95999908447266,117.12999725341795,116.18000030517578,116.5,2081300
2023-04-24,117.3000030517578,117.3000030517578,118.2300033569336,116.83000183105467,116.93000030517578,3926800
2023-04-25,120.08999633789062,120.08999633789062,122.38999938964844,118.16000366210938,118.22000122070312,7399200
2023-04-26,118.37999725341795,118.37999725341795,120.91999816894533,117.75,119.41999816894533,3457500
2023-04-27,119.5999984741211,119.5999984741211,120.04000091552734,118.58999633789062,119.4800033569336,3018700
2023-04-28,122.12000274658205,122.12000274658205,122.16999816894533,119.16000366210938,119.48999786376952,2767700
2023-05-01,121.44000244140624,121.44000244140624,122.36000061035156,121.30999755859376,121.66000366210938,2012500
2023-05-02,119.26000213623048,119.26000213623048,121.72000122070312,118.41999816894533,121.3000030517578,2543700
2023-05-03,119.33999633789062,119.33999633789062,121.16999816894533,118.95999908447266,119.6999969482422,1729200
2023-05-04,117.77999877929688,117.77999877929688,119.63999938964844,116.9499969482422,119.1999969482422,2523000
2023-05-05,120.3000030517578,120.3000030517578,120.62000274658205,118.22000122070312,118.58999633789062,2163200
2023-05-08,119.5,119.5,120.16000366210938,118.81999969482422,119.63999938964844,2189300
2023-05-09,119.38999938964844,119.38999938964844,119.63999938964844,118.0500030517578,118.98999786376952,2393500
2023-05-10,118.3499984741211,118.3499984741211,120.41000366210938,117.38999938964844,120.0999984741211,2434300
2023-05-11,119.3499984741211,119.3499984741211,119.75,117.45999908447266,118.22000122070312,1856900
2023-05-12,119.4499969482422,119.4499969482422,120.33000183105467,118.72000122070312,119.75,1711600
2023-05-15,119.72000122070312,119.72000122070312,119.8499984741211,119.04000091552734,119.4499969482422,1805000
2023-05-16,118.68000030517578,118.68000030517578,119.91000366210938,118.58000183105467,119.56999969482422,1752800
2023-05-17,119.69000244140624,119.69000244140624,120.31999969482422,118.75,118.8000030517578,2599000
2023-05-18,120.16000366210938,120.16000366210938,120.19000244140624,118.83000183105467,119.45999908447266,3212000
2023-05-19,119.54000091552734,119.54000091552734,120.83000183105467,119.29000091552734,120.48999786376952,3224600
2023-05-22,119.54000091552734,119.54000091552734,120.26000213623048,119.33000183105467,119.9800033569336,2042000
2023-05-23,118.2699966430664,118.2699966430664,119.83999633789062,117.75,118.41000366210938,2173400
2023-05-24,116.47000122070312,116.47000122070312,117.83999633789062,115.91999816894533,117.75,2623900
2023-05-25,112.80999755859376,112.80999755859376,116.0500030517578,112.48999786376952,115.37999725341795,5620400
2023-05-26,113.7699966430664,113.7699966430664,114.0,112.0999984741211,112.68000030517578,4027300
2023-05-30,112.95999908447266,112.95999908447266,113.83000183105467,111.37999725341795,113.7699966430664,4087400
2023-05-31,112.19000244140624,112.19000244140624,112.95999908447266,110.30999755859376,112.29000091552734,16398300
2023-06-01,112.75,112.75,113.2300033569336,111.5999984741211,112.0999984741211,4084300
2023-06-02,113.9000015258789,113.9000015258789,114.3499984741211,112.8499984741211,113.41000366210938,4526900
2023-06-05,112.2300033569336,112.2300033569336,114.29000091552734,111.7699966430664,113.9000015258789,5873100
2023-06-06,114.2300033569336,114.2300033569336,116.06999969482422,112.4800033569336,112.54000091552734,31735400
2023-06-07,115.77999877929688,115.77999877929688,116.0,113.56999969482422,115.5,3075700
2023-06-08,115.29000091552734,115.29000091552734,116.29000091552734,115.05999755859376,115.87000274658205,2963500
2023-06-09,116.81999969482422,116.81999969482422,117.25,115.0199966430664,115.80999755859376,2635900
2023-06-12,117.62999725341795,117.62999725341795,117.7699966430664,116.63999938964844,117.0500030517578,3573000
2023-06-13,118.76000213623048,118.76000213623048,119.01000213623048,117.66999816894533,117.91000366210938,3709500
2023-06-14,120.0,120.0,121.48999786376952,119.33000183105467,119.4499969482422,4561600
2023-06-15,120.3499984741211,120.3499984741211,120.94000244140624,118.4499969482422,118.86000061035156,3082900
2023-06-16,119.95999908447266,119.95999908447266,120.86000061035156,119.4000015258789,120.7300033569336,6419600
2023-06-20,119.56999969482422,119.56999969482422,120.29000091552734,118.9000015258789,118.91000366210938,2530300
2023-06-21,120.02999877929688,120.02999877929688,120.52999877929688,118.38999938964844,119.01000213623048,2227000
2023-06-22,120.54000091552734,120.54000091552734,120.5500030517578,119.1500015258789,119.8000030517578,1666200
2023-06-23,120.48999786376952,120.48999786376952,120.9000015258789,119.0,120.01000213623048,4278400
2023-06-26,120.16000366210938,120.16000366210938,121.72000122070312,119.69000244140624,120.02999877929688,2302100
2023-06-27,122.4000015258789,122.4000015258789,122.43000030517578,120.1500015258789,120.51000213623048,2593500
2023-06-28,122.9499969482422,122.9499969482422,123.80999755859376,122.5,122.72000122070312,2940200
2023-06-29,124.0500030517578,124.0500030517578,124.1500015258789,123.01000213623048,123.01000213623048,2561600
2023-06-30,126.1500015258789,126.1500015258789,126.5500030517578,124.68000030517578,124.91000366210938,3081700
2023-07-03,125.9499969482422,125.9499969482422,126.16000366210938,125.27999877929688,125.69000244140624,1395600
2023-07-05,124.9000015258789,124.9000015258789,125.94000244140624,124.16000366210938,125.27999877929688,3509000
2023-07-06,125.38999938964844,125.38999938964844,125.75,123.44000244140624,123.98999786376952,2260300
2023-07-07,125.1999969482422,125.1999969482422,125.83000183105467,124.5199966430664,124.66000366210938,2004600
2023-07-10,126.88999938964844,126.88999938964844,127.08999633789062,125.11000061035156,125.51000213623048,2588900
2023-07-11,126.98999786376952,126.98999786376952,127.66000366210938,126.52999877929688,126.93000030517578,1903500
2023-07-12,127.56999969482422,127.56999969482422,128.02999877929688,126.98999786376952,128.0,2212300
2023-07-13,128.67999267578125,128.67999267578125,128.85000610351562,127.4000015258789,127.4000015258789,2366100
2023-07-14,128.0,128.0,128.69000244140625,127.52999877929688,128.47999572753906,1829500
2023-07-17,128.50999450683594,128.50999450683594,129.14999389648438,127.27999877929688,127.9000015258789,1822700
2023-07-18,129.32000732421875,129.32000732421875,129.5,127.02999877929688,128.22000122070312,2063000
2023-07-19,127.62999725341795,127.62999725341795,129.38999938964844,127.5999984741211,129.24000549316406,3417700
2023-07-20,129.3800048828125,129.3800048828125,129.55999755859375,127.5999984741211,128.11000061035156,2625700
2023-07-21,128.52999877929688,128.52999877929688,130.25,128.5,129.74000549316406,2409000
2023-07-24,129.75,129.75,130.16000366210938,128.91000366210938,129.36000061035156,2706800
2023-07-25,130.05999755859375,130.05999755859375,130.74000549316406,128.82000732421875,129.4199981689453,3114400
2023-07-26,127.3000030517578,127.3000030517578,128.38999938964844,122.5999984741211,124.73999786376952,4829300
2023-07-27,123.51000213623048,123.51000213623048,128.07000732421875,122.93000030517578,128.07000732421875,3923900
2023-07-28,124.98999786376952,124.98999786376952,125.12999725341795,123.75,124.66999816894533,3294100
2023-07-31,126.20999908447266,126.20999908447266,126.54000091552734,125.36000061035156,125.66000366210938,2811200
2023-08-01,126.97000122070312,126.97000122070312,127.2300033569336,125.3000030517578,125.95999908447266,2064300
2023-08-02,124.55999755859376,124.55999755859376,126.88999938964844,124.43000030517578,126.1999969482422,2206000
2023-08-03,125.18000030517578,125.18000030517578,125.55999755859376,123.9499969482422,124.25,1784100
2023-08-04,124.81999969482422,124.81999969482422,125.6999969482422,124.0999984741211,124.9800033569336,1789100
2023-08-07,125.87999725341795,125.87999725341795,126.18000030517578,125.08000183105467,125.58000183105467,1493100
2023-08-08,125.1999969482422,125.1999969482422,125.48999786376952,124.30999755859376,124.81999969482422,1553100
2023-08-09,125.0500030517578,125.0500030517578,126.31999969482422,124.9499969482422,125.58999633789062,1681400
2023-08-10,126.01000213623048,126.01000213623048,126.9499969482422,125.72000122070312,126.01000213623048,1880100
2023-08-11,125.58999633789062,125.58999633789062,126.18000030517578,124.9800033569336,126.01000213623048,1338400
2023-08-14,124.47000122070312,124.47000122070312,126.3000030517578,124.20999908447266,125.5,2168800
2023-08-15,123.16999816894533,123.16999816894533,124.5500030517578,122.9499969482422,123.88999938964844,1950700
2023-08-16,121.77999877929688,121.77999877929688,123.4800033569336,121.61000061035156,123.4800033569336,1994800
2023-08-17,120.33000183105467,120.33000183105467,122.29000091552734,120.18000030517578,122.12999725341795,2428200
2023-08-18,120.08000183105467,120.08000183105467,120.8000030517578,119.31999969482422,119.31999969482422,2223700
2023-08-21,119.08999633789062,119.08999633789062,120.44000244140624,118.56999969482422,120.08999633789062,1767700
2023-08-22,119.26000213623048,119.26000213623048,119.6999969482422,118.9000015258789,119.5999984741211,1631800
2023-08-23,120.41000366210938,120.41000366210938,121.0199966430664,119.08999633789062,119.8000030517578,1673800
2023-08-24,120.66000366210938,120.66000366210938,121.3000030517578,120.20999908447266,120.41999816894533,2085900
2023-08-25,121.4800033569336,121.4800033569336,122.01000213623048,120.5500030517578,121.33999633789062,1894500
2023-08-28,122.73999786376952,122.73999786376952,122.83000183105467,121.79000091552734,122.05999755859376,1354200
2023-08-29,122.7300033569336,122.7300033569336,123.23999786376952,122.12000274658205,122.62999725341795,1457700
2023-08-30,122.58999633789062,122.58999633789062,122.97000122070312,121.87999725341795,122.51000213623048,1765700
2023-08-31,121.38999938964844,121.38999938964844,122.97000122070312,120.9800033569336,122.75,2869700
2023-09-01,122.80999755859376,122.80999755859376,123.02999877929688,121.51000213623048,122.22000122070312,1777200
2023-09-05,121.80999755859376,121.80999755859376,123.62999725341795,121.62000274658205,122.77999877929688,2119500
2023-09-06,122.5,122.5,122.9800033569336,121.72000122070312,121.9000015258789,1892400
2023-09-07,123.0999984741211,123.0999984741211,123.3499984741211,122.1500015258789,122.58000183105467,2346200
2023-09-08,121.5999984741211,121.5999984741211,123.73999786376952,121.26000213623048,123.26000213623048,2263800
2023-09-11,121.68000030517578,121.68000030517578,122.4499969482422,121.3499984741211,121.73999786376952,2075900
2023-09-12,121.6500015258789,121.6500015258789,122.36000061035156,120.9499969482422,121.51000213623048,2290700
2023-09-13,121.3000030517578,121.3000030517578,121.68000030517578,120.4800033569336,121.41000366210938,2596200
2023-09-14,122.1999969482422,122.1999969482422,122.5999984741211,121.26000213623048,121.95999908447266,1930900
2023-09-15,121.0500030517578,121.0500030517578,122.62000274658205,120.91999816894533,121.31999969482422,5493700
2023-09-18,121.1999969482422,121.1999969482422,121.37000274658205,120.16999816894533,121.0500030517578,2077100
2023-09-19,120.69000244140624,120.69000244140624,121.33999633789062,120.12999725341795,121.13999938964844,1702800
2023-09-20,119.69000244140624,119.69000244140624,121.26000213623048,119.56999969482422,120.76000213623048,1444400
2023-09-21,116.72000122070312,116.72000122070312,119.12999725341795,116.66000366210938,119.04000091552734,3260400
2023-09-22,116.08000183105467,116.08000183105467,116.9499969482422,115.63999938964844,116.73999786376952,2238600
2023-09-25,116.08999633789062,116.08999633789062,116.37999725341795,115.45999908447266,115.63999938964844,1513200
2023-09-26,114.55999755859376,114.55999755859376,115.95999908447266,114.5,115.27999877929688,2147800
2023-09-27,113.19000244140624,113.19000244140624,115.41000366210938,112.4000015258789,114.86000061035156,3084600
2023-09-28,113.5500030517578,113.5500030517578,113.91000366210938,113.01000213623048,113.25,2599700
2023-09-29,112.95999908447266,112.95999908447266,114.31999969482422,112.52999877929688,114.0,2376300
2023-10-02,112.8499984741211,112.8499984741211,113.36000061035156,111.79000091552734,112.08999633789062,2289800
2023-10-03,111.0500030517578,111.0500030517578,112.16999816894533,110.16000366210938,111.94000244140624,2696900
2023-10-04,112.97000122070312,112.97000122070312,113.08999633789062,110.41999816894533,111.27999877929688,3170600
2023-10-05,113.1500015258789,113.1500015258789,113.33999633789062,111.77999877929688,112.7300033569336,2613300
2023-10-06,114.05999755859376,114.05999755859376,114.9499969482422,112.76000213623048,113.25,2044500
2023-10-09,114.36000061035156,114.36000061035156,114.83000183105467,112.63999938964844,112.63999938964844,2041000
2023-10-10,114.6500015258789,114.6500015258789,115.18000030517578,113.91999816894533,114.5199966430664,1673700
2023-10-11,113.5500030517578,113.5500030517578,115.4800033569336,112.68000030517578,114.87000274658205,2313900
2023-10-12,112.68000030517578,112.68000030517578,113.95999908447266,111.9499969482422,113.27999877929688,1740500
2023-10-13,112.4800033569336,112.4800033569336,113.3499984741211,111.87000274658205,112.47000122070312,2067900
2023-10-16,113.58000183105467,113.58000183105467,114.12000274658205,112.8499984741211,113.91999816894533,2247700
2023-10-17,114.98999786376952,114.98999786376952,115.37999725341795,112.80999755859376,113.05999755859376,3164000
2023-10-18,113.08000183105467,113.08000183105467,114.87999725341795,112.9000015258789,114.8499984741211,1990200
2023-10-19,111.97000122070312,111.97000122070312,113.83000183105467,111.58000183105467,112.9000015258789,2760800
2023-10-20,110.5,110.5,113.2300033569336,110.26000213623048,112.86000061035156,3295100
2023-10-23,109.61000061035156,109.61000061035156,110.9800033569336,109.12000274658205,109.9000015258789,4488300
2023-10-24,115.4499969482422,115.4499969482422,116.79000091552734,112.41000366210938,113.13999938964844,6064100
2023-10-25,114.12000274658205,114.12000274658205,117.13999938964844,113.91999816894533,114.8499984741211,5210800
2023-10-26,114.26000213623048,114.26000213623048,115.3000030517578,113.0,114.08999633789062,4179800
2023-10-27,112.45999908447266,112.45999908447266,114.9000015258789,112.16999816894533,114.13999938964844,2952700
2023-10-30,112.94000244140624,112.94000244140624,113.61000061035156,111.52999877929688,113.2699966430664,2655700
2023-10-31,113.75,113.75,114.91999816894533,113.11000061035156,113.63999938964844,2978900
2023-11-01,114.93000030517578,114.93000030517578,115.22000122070312,113.58999633789062,114.08000183105467,2387300
2023-11-02,117.80999755859376,117.80999755859376,117.87000274658205,114.31999969482422,115.87999725341795,2807500
2023-11-03,119.54000091552734,119.54000091552734,120.11000061035156,118.7699966430664,119.30999755859376,2724800
2023-11-06,119.63999938964844,119.63999938964844,119.9800033569336,118.77999877929688,119.41999816894533,1947400
2023-11-07,119.20999908447266,119.20999908447266,119.94000244140624,118.98999786376952,119.77999877929688,2340300
2023-11-08,120.12999725341795,120.12999725341795,120.72000122070312,118.66000366210938,119.2300033569336,2737200
2023-11-09,119.37999725341795,119.37999725341795,119.91999816894533,118.41999816894533,119.66000366210938,2697600
2023-11-10,121.51000213623048,121.51000213623048,121.83999633789062,119.51000213623048,119.9499969482422,2093800
2023-11-13,121.55999755859376,121.55999755859376,122.1999969482422,121.06999969482422,121.33999633789062,2403600
2023-11-14,122.16000366210938,122.16000366210938,123.12000274658205,122.0,122.41000366210938,2674100
2023-11-15,125.23999786376952,125.23999786376952,125.68000030517578,122.1500015258789,123.18000030517578,4259300
2023-11-16,124.83000183105467,124.83000183105467,127.94000244140624,124.12000274658205,126.63999938964844,4478300
2023-11-17,124.08000183105467,124.08000183105467,125.51000213623048,123.68000030517578,125.2699966430664,5007200
2023-11-20,124.08000183105467,124.08000183105467,124.44000244140624,121.87000274658205,123.9800033569336,3367100
2023-11-21,125.08999633789062,125.08999633789062,125.33000183105467,124.11000061035156,124.5,2795300
2023-11-22,125.4499969482422,125.4499969482422,125.88999938964844,125.0500030517578,125.52999877929688,1843300
2023-11-24,125.8000030517578,125.8000030517578,126.2699966430664,125.4800033569336,125.5,1111200
2023-11-27,126.52999877929688,126.52999877929688,126.62999725341795,125.41999816894533,125.41999816894533,2334800
2023-11-28,127.47000122070312,127.47000122070312,127.97000122070312,126.68000030517578,127.0199966430664,3003100
2023-11-29,129.36000061035156,129.36000061035156,129.75999450683594,127.8000030517578,127.97000122070312,3277400
2023-11-30,130.61000061035156,130.61000061035156,130.6999969482422,128.42999267578125,129.22000122070312,4734000
2023-12-01,130.61000061035156,130.61000061035156,131.25,129.63999938964844,129.97000122070312,2516400
2023-12-04,130.35000610351562,130.35000610351562,131.4600067138672,129.8300018310547,130.11000061035156,2466600
2023-12-05,130.4499969482422,130.4499969482422,130.99000549316406,129.60000610351562,130.75999450683594,2291900
2023-12-06,131.08999633789062,131.08999633789062,131.72000122070312,130.08999633789062,131.0,2613500
2023-12-07,131.4199981689453,131.4199981689453,131.5500030517578,130.27000427246094,131.5,2634400
2023-12-08,132.36000061035156,132.36000061035156,132.5800018310547,131.4600067138672,131.5,2364500
2023-12-11,133.9199981689453,133.9199981689453,134.66000366210938,132.4499969482422,133.0,3122100
2023-12-12,134.49000549316406,134.49000549316406,134.67999267578125,133.57000732421875,134.00999450683594,3076500
2023-12-13,135.22000122070312,135.22000122070312,135.36000061035156,133.38999938964844,134.14999389648438,3265800
2023-12-14,135.00999450683594,135.00999450683594,136.49000549316406,134.25999450683594,135.2899932861328,5353100
2023-12-15,133.00999450683594,133.00999450683594,134.3300018310547,132.35000610351562,133.64999389648438,7200100
2023-12-18,134.49000549316406,134.49000549316406,135.27000427246094,132.58999633789062,133.60000610351562,4165000
2023-12-19,134.17999267578125,134.17999267578125,134.77000427246094,133.55999755859375,134.0800018310547,4221800
2023-12-20,132.74000549316406,132.74000549316406,134.8000030517578,132.67999267578125,133.4600067138672,2780600
2023-12-21,133.2100067138672,133.2100067138672,134.11000061035156,132.75,133.13999938964844,2036600
2023-12-22,133.61000061035156,133.61000061035156,134.1999969482422,133.1199951171875,134.0,2360100
2023-12-26,132.58999633789062,132.58999633789062,133.5800018310547,132.36000061035156,133.42999267578125,2149500
2023-12-27,133.00999450683594,133.00999450683594,133.25,132.47000122070312,132.47000122070312,1762900
2023-12-28,133.3800048828125,133.3800048828125,133.83999633789062,132.64999389648438,132.64999389648438,1636100
2023-12-29,132.83999633789062,132.83999633789062,133.80999755859375,132.22000122070312,133.41000366210938,2021800
2024-01-02,133.0800018310547,133.0800018310547,133.6699981689453,131.94000244140625,132.3300018310547,3227800
2024-01-03,131.75,131.75,133.00999450683594,131.41000366210938,133.00999450683594,3710700
2024-01-04,133.0,133.0,133.27999877929688,131.9499969482422,132.16000366210938,2839200
2024-01-05,132.57000732421875,132.57000732421875,133.6999969482422,132.14999389648438,133.2100067138672,2564900
2024-01-08,135.22999572753906,135.22999572753906,135.27000427246094,133.6699981689453,134.3000030517578,2453500
2024-01-09,135.10000610351562,135.10000610351562,135.27999877929688,134.33999633789062,134.33999633789062,2322700
2024-01-10,135.39999389648438,135.39999389648438,136.47999572753906,134.94000244140625,136.0,2008900
2024-01-11,136.38999938964844,136.38999938964844,136.5,135.1300048828125,136.5,2105000
2024-01-12,136.9199981689453,136.9199981689453,137.14999389648438,136.25,136.99000549316406,1963200
2024-01-16,137.0,137.0,137.25,135.97000122070312,136.3000030517578,2702900
2024-01-17,137.44000244140625,137.44000244140625,137.99000549316406,136.47999572753906,137.0,3139500
2024-01-18,137.80999755859375,137.80999755859375,138.7100067138672,136.92999267578125,138.0,2882800
2024-01-19,139.02000427246094,139.02000427246094,139.35000610351562,137.64999389648438,138.2100067138672,3054000
2024-01-22,140.52000427246094,140.52000427246094,140.63999938964844,139.52999877929688,139.52999877929688,2082100
2024-01-23,140.60000610351562,140.60000610351562,141.00999450683594,140.2100067138672,140.77999877929688,2242300
2024-01-24,140.0,140.0,141.69000244140625,139.74000549316406,141.05999755859375,2455200
2024-01-25,140.66000366210938,140.66000366210938,141.08999633789062,139.7899932861328,140.88999938964844,2130800
2024-01-26,141.33999633789062,141.33999633789062,141.75,140.1699981689453,140.55999755859375,1972700
2024-01-29,142.91000366210938,142.91000366210938,143.1199951171875,140.67999267578125,140.69000244140625,2080200
2024-01-30,144.0500030517578,144.0500030517578,144.1999969482422,142.6199951171875,143.35000610351562,2301700
2024-01-31,141.8699951171875,141.8699951171875,144.82000732421875,141.85000610351562,144.41000366210938,3091900
2024-02-01,143.94000244140625,143.94000244140625,143.97999572753906,141.8300018310547,142.1699981689453,2337200
2024-02-02,144.89999389648438,144.89999389648438,145.8699951171875,143.49000549316406,144.27000427246094,2565300
2024-02-05,144.14999389648438,144.14999389648438,145.27999877929688,143.60000610351562,144.4600067138672,3297400
2024-02-06,141.08999633789062,141.08999633789062,141.88999938964844,137.1300048828125,141.6199951171875,5105400
2024-02-07,142.7100067138672,142.7100067138672,143.77000427246094,140.25999450683594,141.11000061035156,2906400
2024-02-08,143.5500030517578,143.5500030517578,143.6699981689453,142.13999938964844,142.25,2283700
2024-02-09,144.22999572753906,144.22999572753906,144.33999633789062,142.74000549316406,143.3800048828125,2094900
2024-02-12,144.22999572753906,144.22999572753906,144.86000061035156,143.6999969482422,144.30999755859375,1689600
2024-02-13,143.5800018310547,143.5800018310547,144.35000610351562,142.47000122070312,143.6999969482422,2116000
2024-02-14,144.97999572753906,144.97999572753906,145.2100067138672,142.97999572753906,144.16000366210938,2234200
2024-02-15,148.00999450683594,148.00999450683594,148.07000732421875,145.44000244140625,145.72999572753906,2216200
2024-02-16,148.0399932861328,148.0399932861328,148.64999389648438,147.30999755859375,148.32000732421875,2207500
2024-02-20,147.92999267578125,147.92999267578125,149.16000366210938,147.58999633789062,147.9499969482422,2542000
2024-02-21,147.63999938964844,147.63999938964844,147.8800048828125,146.33999633789062,147.6300048828125,2162500
2024-02-22,150.11000061035156,150.11000061035156,150.44000244140625,148.57000732421875,148.9499969482422,1868900
2024-02-23,150.75999450683594,150.75999450683594,151.55999755859375,149.60000610351562,150.19000244140625,2178700
2024-02-26,150.9600067138672,150.9600067138672,151.72000122070312,149.64999389648438,149.92999267578125,2487700
2024-02-27,150.64999389648438,150.64999389648438,151.0800018310547,149.6699981689453,150.44000244140625,1858900
2024-02-28,147.9499969482422,147.9499969482422,151.97000122070312,146.00999450683594,150.7899932861328,5774600
2024-02-29,149.27000427246094,149.27000427246094,149.97000122070312,147.47000122070312,148.58999633789062,4807500
2024-03-01,150.35000610351562,150.35000610351562,151.13999938964844,149.3800048828125,149.60000610351562,2169700
2024-03-04,149.99000549316406,149.99000549316406,150.88999938964844,149.11000061035156,150.1300048828125,2162700
2024-03-05,149.9499969482422,149.9499969482422,151.36000061035156,149.66000366210938,150.2100067138672,2255400
2024-03-06,150.63999938964844,150.63999938964844,151.5,149.9199981689453,150.50999450683594,1918100
2024-03-07,150.27000427246094,150.27000427246094,152.19000244140625,149.86000061035156,151.3699951171875,2106200
2024-03-08,151.24000549316406,151.24000549316406,151.8000030517578,149.9499969482422,150.2100067138672,1919100
2024-03-11,149.74000549316406,149.74000549316406,151.82000732421875,149.13999938964844,151.4499969482422,2879500
2024-03-12,150.64999389648438,150.64999389648438,151.25999450683594,149.77999877929688,150.0800018310547,1937500
2024-03-13,151.0500030517578,151.0500030517578,151.72000122070312,149.75,150.3000030517578,2784800
2024-03-14,149.94000244140625,149.94000244140625,151.97000122070312,149.25999450683594,151.66000366210938,2703400
2024-03-15,149.6300048828125,149.6300048828125,150.75999450683594,148.19000244140625,148.3000030517578,3408100
2024-03-18,152.14999389648438,152.14999389648438,152.4199981689453,150.07000732421875,150.07000732421875,2211100
2024-03-19,154.30999755859375,154.30999755859375,154.52000427246094,152.0,152.3800048828125,3068900
2024-03-20,155.49000549316406,155.49000549316406,155.6199951171875,153.42999267578125,154.0,2296200
2024-03-21,156.36000061035156,156.36000061035156,156.86000061035156,155.47999572753906,155.97999572753906,3021200
2024-03-22,156.2899932861328,156.2899932861328,157.3300018310547,155.9600067138672,156.5,2533000
2024-03-25,156.77999877929688,156.77999877929688,156.91000366210938,155.66000366210938,156.24000549316406,2272200
2024-03-26,158.6699981689453,158.6699981689453,158.77999877929688,157.10000610351562,157.25999450683594,3465100
2024-03-27,159.3300018310547,159.3300018310547,159.89999389648438,157.8000030517578,159.25,2382900
2024-03-28,159.82000732421875,159.82000732421875,159.99000549316406,158.8800048828125,159.6699981689453,2751400
2024-04-01,158.57000732421875,158.57000732421875,159.9199981689453,158.41000366210938,159.74000549316406,1866000
2024-04-02,158.27000427246094,158.27000427246094,159.75,157.52999877929688,158.57000732421875,1920300
2024-04-03,157.67999267578125,157.67999267578125,159.35000610351562,157.67999267578125,158.47999572753906,2067000
2024-04-04,154.91000366210938,154.91000366210938,159.1300048828125,154.77000427246094,158.60000610351562,2600100
2024-04-05,157.3800048828125,157.3800048828125,157.83999633789062,155.1300048828125,155.86000061035156,1691800
2024-04-08,157.85000610351562,157.85000610351562,158.27000427246094,156.72000122070312,157.33999633789062,1998600
2024-04-09,155.3800048828125,155.3800048828125,158.38999938964844,154.36000061035156,158.22999572753906,1889100
2024-04-10,153.77999877929688,153.77999877929688,155.1300048828125,153.50999450683594,153.7100067138672,1733800
2024-04-11,153.58999633789062,153.58999633789062,154.4499969482422,152.00999450683594,153.60000610351562,1763400
2024-04-12,151.1999969482422,151.1999969482422,153.35000610351562,150.66000366210938,152.44000244140625,2118400
2024-04-15,148.19000244140625,148.19000244140625,153.00999450683594,148.16000366210938,152.72000122070312,2275600
2024-04-16,146.39999389648438,146.39999389648438,149.16000366210938,146.05999755859375,148.61000061035156,3294100
2024-04-17,147.10000610351562,147.10000610351562,148.74000549316406,146.92999267578125,147.60000610351562,2949200
2024-04-18,146.91000366210938,146.91000366210938,147.8800048828125,146.30999755859375,146.5,1989600
2024-04-19,148.6199951171875,148.6199951171875,148.66000366210938,145.97999572753906,147.00999450683594,2515100
2024-04-22,148.8000030517578,148.8000030517578,149.77000427246094,148.0,149.27999877929688,2773000
2024-04-23,155.38999938964844,155.38999938964844,159.55999755859375,153.52000427246094,159.22999572753906,5334800
2024-04-24,152.25,152.25,155.8800048828125,151.89999389648438,155.44000244140625,2487300
2024-04-25,153.2899932861328,153.2899932861328,153.52000427246094,150.32000732421875,151.63999938964844,3050000
2024-04-26,155.88999938964844,155.88999938964844,156.9199981689453,152.72000122070312,153.10000610351562,3196500
2024-04-29,154.32000732421875,154.32000732421875,156.3800048828125,153.44000244140625,156.0,1940800
2024-04-30,152.6699981689453,152.6699981689453,153.9499969482422,152.17999267578125,153.36000061035156,2730200
2024-05-01,148.86000061035156,148.86000061035156,152.66000366210938,148.75999450683594,152.10000610351562,3248200
2024-05-02,149.1699981689453,149.1699981689453,149.85000610351562,148.42999267578125,149.85000610351562,2572300
2024-05-03,149.22000122070312,149.22000122070312,149.50999450683594,147.72999572753906,149.00999450683594,2942800
2024-05-06,150.58999633789062,150.58999633789062,150.66000366210938,149.35000610351562,149.60000610351562,2132400
2024-05-07,153.0399932861328,153.0399932861328,153.13999938964844,150.61000061035156,150.7100067138672,1964300
2024-05-08,153.2899932861328,153.2899932861328,153.61000061035156,152.02999877929688,152.89999389648438,2221500
2024-05-09,154.6699981689453,154.6699981689453,154.77999877929688,153.13999938964844,153.19000244140625,2408000
2024-05-10,154.22000122070312,154.22000122070312,155.52999877929688,154.1999969482422,155.3800048828125,2055300
2024-05-13,153.22000122070312,153.22000122070312,155.22999572753906,152.39999389648438,154.85000610351562,2067400
2024-05-14,153.67999267578125,153.67999267578125,154.25,152.60000610351562,153.47999572753906,1993200
2024-05-15,155.00999450683594,155.00999450683594,155.66000366210938,153.72999572753906,153.72999572753906,1692600
2024-05-16,152.83999633789062,152.83999633789062,155.75,152.7100067138672,155.0,2914300
2024-05-17,152.7100067138672,152.7100067138672,153.5,151.92999267578125,153.5,3094000
2024-05-20,151.33999633789062,151.33999633789062,153.0500030517578,150.75999450683594,152.72000122070312,1777000
2024-05-21,152.77000427246094,152.77000427246094,153.25999450683594,150.27000427246094,151.0800018310547,2101300
2024-05-22,152.57000732421875,152.57000732421875,153.2100067138672,151.8699951171875,152.8800048828125,1446000
2024-05-23,150.1999969482422,150.1999969482422,152.9199981689453,149.89999389648438,152.8300018310547,1612900
2024-05-24,150.33999633789062,150.33999633789062,151.25999450683594,149.8300018310547,150.88999938964844,1579900
2024-05-28,148.4199981689453,148.4199981689453,150.75999450683594,147.57000732421875,149.77000427246094,2217600
2024-05-29,147.82000732421875,147.82000732421875,148.3000030517578,146.7100067138672,147.11000061035156,2252700
2024-05-30,147.8800048828125,147.8800048828125,148.67999267578125,146.8000030517578,147.97999572753906,1821100
2024-05-31,149.75999450683594,149.75999450683594,149.86000061035156,146.7899932861328,147.8000030517578,3582600
2024-06-03,148.47000122070312,148.47000122070312,150.0500030517578,146.75999450683594,149.47999572753906,2571900
2024-06-04,147.99000549316406,147.99000549316406,148.8000030517578,147.52000427246094,147.66000366210938,2111800
2024-06-05,149.30999755859375,149.30999755859375,150.02999877929688,147.83999633789062,148.74000549316406,1947300
2024-06-06,150.55999755859375,150.55999755859375,151.36000061035156,148.8800048828125,149.36000061035156,1771200
2024-06-07,151.4199981689453,151.4199981689453,152.17999267578125,150.4199981689453,150.7899932861328,1835500
2024-06-10,149.60000610351562,149.60000610351562,150.39999389648438,148.10000610351562,150.33999633789062,2375100
2024-06-11,148.0,148.0,149.14999389648438,147.3800048828125,149.0800018310547,2556700
2024-06-12,148.02000427246094,148.02000427246094,150.67999267578125,147.67999267578125,150.6199951171875,2420200
2024-06-13,148.25999450683594,148.25999450683594,148.30999755859375,146.25,147.66000366210938,2025900
2024-06-14,148.94000244140625,148.94000244140625,149.25,146.97000122070312,147.4499969482422,2359100
2024-06-17,149.72999572753906,149.72999572753906,150.0800018310547,147.4600067138672,148.27000427246094,2140700
2024-06-18,149.49000549316406,149.49000549316406,150.5800018310547,148.17999267578125,150.4600067138672,2461400
2024-06-20,149.94000244140625,149.94000244140625,150.55999755859375,148.4199981689453,148.99000549316406,2653400
2024-06-21,149.7899932861328,149.7899932861328,151.1199951171875,148.67999267578125,150.41000366210938,6957400
2024-06-24,150.27000427246094,150.27000427246094,151.82000732421875,149.10000610351562,149.6999969482422,2073300
2024-06-25,148.8800048828125,148.8800048828125,150.69000244140625,148.5399932861328,150.39999389648438,2333500
2024-06-26,149.75,149.75,150.0500030517578,147.74000549316406,147.74000549316406,2662000
2024-06-27,149.0800018310547,149.0800018310547,150.22999572753906,148.36000061035156,150.02000427246094,2330500
2024-06-28,149.0399932861328,149.0399932861328,149.63999938964844,147.94000244140625,149.63999938964844,3926000
2024-07-01,147.13999938964844,147.13999938964844,150.07000732421875,147.0500030517578,149.5500030517578,1572800
2024-07-02,149.38999938964844,149.38999938964844,149.4600067138672,146.77000427246094,146.77000427246094,1480400
2024-07-03,148.7899932861328,148.7899932861328,149.97000122070312,148.16000366210938,149.4199981689453,1142600
2024-07-05,150.50999450683594,150.50999450683594,150.57000732421875,148.1300048828125,149.0800018310547,1684500
2024-07-08,150.97999572753906,150.97999572753906,151.27999877929688,149.7100067138672,150.0,2461000
2024-07-09,151.08999633789062,151.08999633789062,151.97000122070312,150.17999267578125,150.9600067138672,1917900
2024-07-10,148.88999938964844,148.88999938964844,150.94000244140625,146.4600067138672,150.86000061035156,2571000
2024-07-11,151.25,151.25,151.4600067138672,148.5800018310547,149.24000549316406,2087300
2024-07-12,153.1999969482422,153.1999969482422,154.44000244140625,151.58999633789062,151.8800048828125,2657500
2024-07-15,155.38999938964844,155.38999938964844,155.75999450683594,153.77000427246094,154.19000244140625,1915100
2024-07-16,157.13999938964844,157.13999938964844,157.44000244140625,155.2899932861328,155.80999755859375,2261700
2024-07-17,157.9600067138672,157.9600067138672,158.6199951171875,157.0399932861328,157.05999755859375,3100400
2024-07-18,157.69000244140625,157.69000244140625,159.9499969482422,157.0500030517578,157.74000549316406,2965600
2024-07-19,156.0399932861328,156.0399932861328,158.80999755859375,155.5500030517578,158.38999938964844,2631300
2024-07-22,158.6300048828125,158.6300048828125,158.75999450683594,156.35000610351562,157.0399932861328,1916000
2024-07-23,157.22000122070312,157.22000122070312,159.2100067138672,157.1199951171875,158.1300048828125,3494200
2024-07-24,161.16000366210938,161.16000366210938,161.72999572753906,158.75999450683594,160.0,5170500
2024-07-25,156.00999450683594,156.00999450683594,162.47000122070312,155.9600067138672,161.60000610351562,5358200
2024-07-26,159.94000244140625,159.94000244140625,160.16000366210938,156.88999938964844,156.99000549316406,3345300
2024-07-29,162.7100067138672,162.7100067138672,163.91000366210938,160.2100067138672,160.5,2350400
2024-07-30,163.11000061035156,163.11000061035156,164.47000122070312,162.50999450683594,163.74000549316406,1660300
2024-07-31,163.57000732421875,163.57000732421875,164.5399932861328,162.97999572753906,163.5800018310547,2077100
2024-08-01,161.38999938964844,161.38999938964844,165.55999755859375,161.11000061035156,164.1699981689453,3070600
2024-08-02,158.9199981689453,158.9199981689453,161.00999450683594,157.5,160.07000732421875,3082200
2024-08-05,154.77000427246094,154.77000427246094,159.6699981689453,154.1699981689453,157.4600067138672,3614800
2024-08-06,157.33999633789062,157.33999633789062,159.38999938964844,154.63999938964844,155.49000549316406,2760900
2024-08-07,156.22000122070312,156.22000122070312,160.83999633789062,155.9600067138672,159.00999450683594,2318100
2024-08-08,160.14999389648438,160.14999389648438,160.44000244140625,156.41000366210938,156.88999938964844,1787100
2024-08-09,161.58999633789062,161.58999633789062,161.77000427246094,159.33999633789062,159.9499969482422,1576000
2024-08-12,161.10000610351562,161.10000610351562,162.9199981689453,160.49000549316406,162.0,2529900
2024-08-13,162.4600067138672,162.4600067138672,162.57000732421875,160.85000610351562,161.25,2203900
2024-08-14,164.02999877929688,164.02999877929688,164.35000610351562,162.02000427246094,162.25,1447600
2024-08-15,165.72000122070312,165.72000122070312,165.97999572753906,164.16000366210938,165.0,1902800
2024-08-16,167.32000732421875,167.32000732421875,167.42999267578125,165.0500030517578,165.47000122070312,3799300
2024-08-19,167.91000366210938,167.91000366210938,168.41000366210938,167.1300048828125,167.6300048828125,1370000
2024-08-20,168.0399932861328,168.0399932861328,169.77000427246094,167.02999877929688,169.75,1789900
2024-08-21,168.3300018310547,168.3300018310547,168.41000366210938,166.6999969482422,167.41000366210938,1819800
2024-08-22,168.7899932861328,168.7899932861328,169.2100067138672,168.05999755859375,168.3800048828125,1934100
2024-08-23,169.80999755859375,169.80999755859375,169.97000122070312,168.44000244140625,169.36000061035156,2427400
2024-08-26,169.85000610351562,169.85000610351562,171.1199951171875,169.57000732421875,170.0500030517578,1518900
2024-08-27,170.1699981689453,170.1699981689453,170.66000366210938,169.0,169.8300018310547,2005000
2024-08-28,171.8300018310547,171.8300018310547,172.60000610351562,169.8800048828125,170.39999389648438,1994300
2024-08-29,172.9499969482422,172.9499969482422,173.49000549316406,171.7100067138672,172.44000244140625,1999800
2024-08-30,174.60000610351562,174.60000610351562,174.80999755859375,172.7899932861328,173.30999755859375,2373600
2024-09-03,173.91000366210938,173.91000366210938,175.47000122070312,173.11000061035156,174.42999267578125,1972000
2024-09-04,173.6199951171875,173.6199951171875,174.58999633789062,172.6999969482422,174.1300048828125,2098100
2024-09-05,172.50999450683594,172.50999450683594,174.02999877929688,171.22999572753906,173.97999572753906,1893200
2024-09-06,170.02000427246094,170.02000427246094,173.50999450683594,169.86000061035156,172.50999450683594,2443900
2024-09-09,172.44000244140625,172.44000244140625,173.02000427246094,170.6699981689453,171.27000427246094,2245600
2024-09-10,172.39999389648438,172.39999389648438,173.4499969482422,170.80999755859375,172.85000610351562,1597500
2024-09-11,171.02000427246094,171.02000427246094,171.6699981689453,167.66000366210938,171.47999572753906,2275400
2024-09-12,173.6300048828125,173.6300048828125,173.8800048828125,171.35000610351562,171.5,2127500
2024-09-13,174.88999938964844,174.88999938964844,175.47999572753906,173.85000610351562,174.0,1844200
2024-09-16,175.35000610351562,175.35000610351562,176.47999572753906,174.60000610351562,175.55999755859375,1584400
2024-09-17,175.3000030517578,175.3000030517578,176.33999633789062,174.42999267578125,175.47000122070312,1568500
2024-09-18,175.22999572753906,175.22999572753906,176.75999450683594,174.61000061035156,175.61000061035156,1774900
2024-09-19,178.77999877929688,178.77999877929688,178.88999938964844,175.7100067138672,176.8800048828125,3140800
2024-09-20,177.61000061035156,177.61000061035156,178.25,176.1699981689453,178.17999267578125,6021100
2024-09-23,179.30999755859375,179.30999755859375,179.52999877929688,177.64999389648438,179.0,1822100
2024-09-24,177.35000610351562,177.35000610351562,178.9499969482422,176.00999450683594,178.22999572753906,2329300
2024-09-25,176.8000030517578,176.8000030517578,178.41000366210938,174.2100067138672,177.50999450683594,2311400
2024-09-26,177.39999389648438,177.39999389648438,177.7899932861328,175.97999572753906,177.14999389648438,2585000
2024-09-27,178.3800048828125,178.3800048828125,179.38999938964844,176.91000366210938,177.39999389648438,2950200
2024-09-30,179.64999389648438,179.64999389648438,179.9499969482422,177.52000427246094,178.0800018310547,2140800
2024-10-01,181.3099975585937,181.3099975585937,181.8800048828125,179.0,180.2400054931641,2140300
2024-10-02,182.4499969482422,182.4499969482422,182.5599975585937,180.6100006103516,181.6300048828125,2296500
2024-10-03,183.3600006103516,183.3600006103516,183.5599975585937,181.8699951171875,182.3099975585937,1974200
2024-10-04,185.4199981689453,185.4199981689453,185.509994506836,182.8699951171875,184.47000122070312,1859500
2024-10-07,184.97999572753903,184.97999572753903,186.259994506836,183.94000244140625,185.4199981689453,2579500
2024-10-08,187.94000244140625,187.94000244140625,188.8500061035156,185.72000122070312,186.63999938964844,2393800
2024-10-09,187.7400054931641,187.7400054931641,188.4199981689453,187.1499938964844,188.17999267578125,2426200
2024-10-10,187.9900054931641,187.9900054931641,188.5200042724609,187.1300048828125,187.6699981689453,1853600
2024-10-11,190.3500061035156,190.3500061035156,191.22999572753903,188.42999267578125,188.8500061035156,1970500
2024-10-14,193.22999572753903,193.22999572753903,193.38999938964844,190.6000061035156,191.22000122070312,2200800
2024-10-15,194.0200042724609,194.0200042724609,195.8300018310547,193.2899932861328,194.22999572753903,3223500
2024-10-16,197.6999969482422,197.6999969482422,197.88999938964844,193.0200042724609,193.9600067138672,2611700
2024-10-17,195.7400054931641,195.7400054931641,198.8600006103516,195.5200042724609,198.47000122070312,3687200
2024-10-18,197.2899932861328,197.2899932861328,198.32000732421875,195.52999877929688,197.1199951171875,3463300
2024-10-21,197.1699981689453,197.1699981689453,197.6699981689453,195.6499938964844,196.8800048828125,3012000
2024-10-22,199.6699981689453,199.6699981689453,199.8699951171875,188.94000244140625,191.92999267578125,4479200
2024-10-23,202.3600006103516,202.3600006103516,203.0,199.5800018310547,199.75,3577100
2024-10-24,203.2899932861328,203.2899932861328,204.5,202.009994506836,202.5200042724609,2032800
2024-10-25,199.5200042724609,199.5200042724609,203.6999969482422,199.22999572753903,203.42999267578125,2436500
2024-10-28,201.4199981689453,201.4199981689453,201.72000122070312,200.009994506836,200.44000244140625,1993600
2024-10-29,200.9100036621093,200.9100036621093,202.6600036621093,200.63999938964844,201.509994506836,1915400
2024-10-30,199.8099975585937,199.8099975585937,202.3699951171875,199.0399932861328,201.22000122070312,2719100
2024-10-31,197.8999938964844,197.8999938964844,201.6199951171875,197.88999938964844,199.8300018310547,2261300
2024-11-01,202.0500030517578,202.0500030517578,202.8800048828125,197.94000244140625,198.27999877929688,4239700
2024-11-04,200.82000732421875,200.82000732421875,202.9600067138672,200.3000030517578,202.4499969482422,2026600
2024-11-05,203.0200042724609,203.0200042724609,203.32000732421875,198.3500061035156,200.2899932861328,2719000
2024-11-06,211.1999969482422,211.1999969482422,211.97999572753903,204.8800048828125,210.3099975585937,3808900
2024-11-07,208.8699951171875,208.8699951171875,210.94000244140625,207.8000030517578,210.3500061035156,2084900
2024-11-08,210.6999969482422,210.6999969482422,212.83999633789065,209.17999267578125,210.3800048828125,1761500
2024-11-11,214.8600006103516,214.8600006103516,215.4499969482422,212.5599975585937,212.5599975585937,2353200
2024-11-12,214.0599975585937,214.0599975585937,215.25,213.5,214.47000122070312,1806000
2024-11-13,213.17999267578125,213.17999267578125,215.5,213.1300048828125,213.97000122070312,2096800
2024-11-14,210.8500061035156,210.8500061035156,214.4499969482422,210.1100006103516,213.1000061035156,2283500
2024-11-15,210.9199981689453,210.9199981689453,211.2400054931641,208.88999938964844,210.47000122070312,2279300
2024-11-18,212.7400054931641,212.7400054931641,213.27999877929688,210.57000732421875,211.009994506836,1748900
2024-11-19,215.1199951171875,215.1199951171875,216.92999267578125,211.6499938964844,212.0399932861328,2609500
2024-11-20,217.94000244140625,217.94000244140625,218.17999267578125,215.0599975585937,217.22000122070312,2827800
2024-11-21,217.4100036621093,217.4100036621093,219.1100006103516,217.2100067138672,218.3300018310547,2832300
2024-11-22,221.5599975585937,221.5599975585937,222.0500030517578,217.1499938964844,217.1499938964844,2876600
2024-11-25,221.759994506836,221.759994506836,223.22000122070312,219.77999877929688,221.1499938964844,4340600
2024-11-26,222.4499969482422,222.4499969482422,223.22999572753903,221.009994506836,222.0,1868400
2024-11-27,220.58999633789065,220.58999633789065,222.259994506836,219.3699951171875,219.8800048828125,2234400
2024-11-29,220.9600067138672,220.9600067138672,222.3500061035156,220.6999969482422,221.1000061035156,1543400
2024-12-02,218.509994506836,218.509994506836,222.19000244140625,217.7400054931641,222.0,2512700
2024-12-03,215.3800048828125,215.3800048828125,220.1300048828125,214.9100036621093,219.3600006103516,3949100
2024-12-04,215.8500061035156,215.8500061035156,216.3800048828125,213.2400054931641,215.27999877929688,3801500
2024-12-05,204.0,204.0,208.0,200.7100067138672,203.0,7613800
2024-12-06,207.27999877929688,207.27999877929688,207.5599975585937,204.69000244140625,205.2899932861328,3642600
2024-12-09,202.88999938964844,202.88999938964844,207.57000732421875,202.72000122070312,207.0599975585937,3985400
2024-12-10,201.5399932861328,201.5399932861328,203.27999877929688,200.5200042724609,203.27999877929688,3582100
2024-12-11,203.9600067138672,203.9600067138672,205.0399932861328,201.6499938964844,202.5,2720200
2024-12-12,204.8500061035156,204.8500061035156,205.22000122070312,203.17999267578125,204.3600006103516,2316300
2024-12-13,204.6600036621093,204.6600036621093,206.8500061035156,203.8600006103516,206.1699981689453,2536100
2024-12-16,203.3800048828125,203.3800048828125,206.25,202.92999267578125,205.6999969482422,3181300
2024-12-17,204.1499938964844,204.1499938964844,204.7100067138672,201.9499969482422,202.6999969482422,3547000
2024-12-18,201.759994506836,201.759994506836,208.27999877929688,201.6100006103516,205.1600036621093,3396400
2024-12-19,202.259994506836,202.259994506836,205.63999938964844,201.9900054931641,203.509994506836,3310500
2024-12-20,206.0500030517578,206.0500030517578,206.67999267578125,201.4499969482422,201.5200042724609,6792100
2024-12-23,,206.7100067138672,206.8500061035156,203.5800018310547,204.63999938964844,1586300
2024-12-24,,209.4499969482422,209.4499969482422,206.27999877929688,206.27999877929688,795800
2024-12-26,,210.2899932861328,210.42999267578125,208.3800048828125,208.3800048828125,1202700
2024-12-27,,207.9499969482422,209.36000061035156,206.1999969482422,208.67999267578125,1426800
