Price,Adj Close,Close,High,Low,Open,Volume
Ticker,BX,BX,BX,BX,BX,BX
Date,,,,,,
2022-09-19,95.1500015258789,95.1500015258789,95.1500015258789,90.54000091552734,90.87999725341795,3103900
2022-09-20,90.94000244140624,90.94000244140624,94.72000122070312,89.5199966430664,94.0,4239000
2022-09-21,88.7699966430664,88.7699966430664,94.0,88.7300033569336,91.93000030517578,3698200
2022-09-22,85.4000015258789,85.4000015258789,88.75,84.11000061035156,88.02999877929688,7492800
2022-09-23,83.5,83.5,84.16999816894531,82.22000122070312,83.7300033569336,6475200
2022-09-26,83.16000366210938,83.16000366210938,84.97000122070312,82.7300033569336,83.06999969482422,4251900
2022-09-27,81.94999694824219,81.94999694824219,86.16999816894531,81.83000183105469,84.98999786376953,6076900
2022-09-28,86.01000213623047,86.01000213623047,86.3499984741211,81.66000366210938,82.61000061035156,6560900
2022-09-29,84.45999908447266,84.45999908447266,85.13999938964844,83.22000122070312,84.3499984741211,4411800
2022-09-30,83.69999694824219,83.69999694824219,85.5999984741211,83.0,84.55000305175781,4828400
2022-10-03,86.48999786376953,86.48999786376953,87.0,84.37999725341797,85.08000183105469,3177500
2022-10-04,93.5199966430664,93.5199966430664,93.54000091552734,88.7300033569336,88.9000015258789,5885600
2022-10-05,92.04000091552734,92.04000091552734,92.70999908447266,90.22000122070312,91.16999816894533,3505100
2022-10-06,91.61000061035156,91.61000061035156,93.4000015258789,91.20999908447266,91.62999725341795,2753000
2022-10-07,86.37999725341797,86.37999725341797,89.97000122070312,85.80999755859375,89.4800033569336,4453500
2022-10-10,85.5,85.5,87.91000366210938,85.12000274658203,87.16000366210938,2798800
2022-10-11,83.44000244140625,83.44000244140625,85.58999633789062,82.05999755859375,84.91999816894531,5430400
2022-10-12,85.54000091552734,85.54000091552734,86.2300033569336,83.02999877929688,83.52999877929688,3774800
2022-10-13,86.30999755859375,86.30999755859375,86.8499984741211,79.55000305175781,81.18000030517578,5388700
2022-10-14,84.12000274658203,84.12000274658203,88.4000015258789,83.88999938964844,86.86000061035156,2900300
2022-10-17,88.2300033569336,88.2300033569336,88.41999816894531,86.12999725341797,86.16000366210938,3717200
2022-10-18,90.12000274658205,90.12000274658205,93.12999725341795,88.70999908447266,91.05999755859376,4703800
2022-10-19,87.73999786376953,87.73999786376953,90.05000305175781,86.8499984741211,89.87000274658203,4109900
2022-10-20,84.04000091552734,84.04000091552734,88.33999633789062,82.94999694824219,88.04000091552734,7805500
2022-10-21,85.43000030517578,85.43000030517578,85.69999694824219,82.5999984741211,84.19999694824219,5198100
2022-10-24,86.2699966430664,86.2699966430664,86.66000366210938,82.79000091552734,85.5199966430664,4166700
2022-10-25,91.5500030517578,91.5500030517578,91.5999984741211,86.26000213623047,86.30000305175781,5260100
2022-10-26,92.73999786376952,92.73999786376952,94.11000061035156,90.16000366210938,90.51000213623048,4396000
2022-10-27,93.4499969482422,93.4499969482422,95.26000213623048,92.68000030517578,94.0,4348600
2022-10-28,93.18000030517578,93.18000030517578,94.37999725341795,88.38999938964844,90.5199966430664,5431800
2022-10-31,91.13999938964844,91.13999938964844,93.06999969482422,91.12999725341795,92.22000122070312,3515400
2022-11-01,92.94000244140624,92.94000244140624,94.45999908447266,90.83999633789062,93.37000274658205,3675500
2022-11-02,92.3499984741211,92.3499984741211,95.5500030517578,90.77999877929688,92.0999984741211,6420800
2022-11-03,88.02999877929688,88.02999877929688,90.58000183105467,87.51000213623047,90.41999816894533,4766000
2022-11-04,90.04000091552734,90.04000091552734,91.73999786376952,88.81999969482422,89.76000213623047,3411500
2022-11-07,92.18000030517578,92.18000030517578,93.4000015258789,89.88999938964844,90.83000183105467,2870600
2022-11-08,92.9499969482422,92.9499969482422,94.20999908447266,90.87000274658205,92.2699966430664,2988900
2022-11-09,89.98999786376953,89.98999786376953,92.5500030517578,89.70999908447266,91.68000030517578,2461300
2022-11-10,103.5199966430664,103.5199966430664,103.58000183105467,95.9000015258789,95.9000015258789,9664700
2022-11-11,108.7699966430664,108.7699966430664,109.98999786376952,103.66999816894533,103.8000030517578,8565500
2022-11-14,101.41000366210938,101.41000366210938,107.33999633789062,101.41000366210938,106.4499969482422,5384400
2022-11-15,97.61000061035156,97.61000061035156,107.41000366210938,96.20999908447266,105.41000366210938,7166200
2022-11-16,94.04000091552734,94.04000091552734,97.23999786376952,92.83999633789062,96.98999786376952,4457500
2022-11-17,90.51000213623048,90.51000213623048,92.41999816894533,89.44999694824219,92.41999816894533,5243100
2022-11-18,91.68000030517578,91.68000030517578,92.77999877929688,89.97000122070312,92.02999877929688,3176000
2022-11-21,89.8499984741211,89.8499984741211,91.68000030517578,89.25,90.05999755859375,2953300
2022-11-22,87.80000305175781,87.80000305175781,88.44000244140625,85.0999984741211,86.12000274658203,6872200
2022-11-23,88.5199966430664,88.5199966430664,89.69999694824219,86.33999633789062,87.56999969482422,4510700
2022-11-25,90.0,90.0,90.37000274658205,88.04000091552734,88.2699966430664,1452100
2022-11-28,88.0999984741211,88.0999984741211,89.98999786376953,87.69999694824219,88.25,3608700
2022-11-29,88.20999908447266,88.20999908447266,89.08000183105469,87.54000091552734,88.5,3420800
2022-11-30,91.52999877929688,91.52999877929688,91.52999877929688,86.30999755859375,88.69999694824219,6910900
2022-12-01,85.04000091552734,85.04000091552734,88.5199966430664,82.4000015258789,87.91000366210938,15508100
2022-12-02,85.16000366210938,85.16000366210938,85.45999908447266,80.44000244140625,81.9000015258789,13587600
2022-12-05,81.97000122070312,81.97000122070312,84.94999694824219,80.56999969482422,83.31999969482422,8933600
2022-12-06,78.7300033569336,78.7300033569336,82.4000015258789,78.62999725341797,81.80999755859375,11687800
2022-12-07,77.63999938964844,77.63999938964844,79.4000015258789,77.1500015258789,78.0,9357600
2022-12-08,79.05000305175781,79.05000305175781,80.4000015258789,78.02999877929688,78.20999908447266,7577900
2022-12-09,78.4800033569336,78.4800033569336,79.9000015258789,78.02999877929688,78.58000183105469,4589000
2022-12-12,82.47000122070312,82.47000122070312,82.5,77.30000305175781,77.66000366210938,7352500
2022-12-13,83.44000244140625,83.44000244140625,88.1500015258789,81.44999694824219,87.56999969482422,12645000
2022-12-14,80.5999984741211,80.5999984741211,84.3499984741211,79.87999725341797,82.98999786376953,5051700
2022-12-15,77.4000015258789,77.4000015258789,80.41999816894531,76.94999694824219,79.30000305175781,6910200
2022-12-16,75.38999938964844,75.38999938964844,77.0999984741211,73.76000213623047,76.54000091552734,13108300
2022-12-19,73.4800033569336,73.4800033569336,75.83000183105469,72.83999633789062,74.93000030517578,4880600
2022-12-20,73.08999633789062,73.08999633789062,74.48999786376953,72.23999786376953,72.6500015258789,6076000
2022-12-21,75.83999633789062,75.83999633789062,75.87000274658203,73.87999725341797,74.0999984741211,4386200
2022-12-22,74.33999633789062,74.33999633789062,74.95999908447266,73.01000213623047,74.5,3546100
2022-12-23,74.91000366210938,74.91000366210938,75.97000122070312,73.83999633789062,74.33000183105469,2977100
2022-12-27,73.68000030517578,73.68000030517578,75.30999755859375,73.33999633789062,74.6500015258789,2773000
2022-12-28,72.16000366210938,72.16000366210938,74.33999633789062,71.72000122070312,73.44000244140625,3885800
2022-12-29,74.75,74.75,74.79000091552734,72.58999633789062,72.6500015258789,3148800
2022-12-30,74.19000244140625,74.19000244140625,74.75,73.06999969482422,73.58000183105469,3908400
2023-01-03,76.12999725341797,76.12999725341797,77.97000122070312,74.04000091552734,76.80000305175781,9366800
2023-01-04,78.01000213623047,78.01000213623047,78.31999969482422,75.8499984741211,77.19000244140625,4175700
2023-01-05,76.58999633789062,76.58999633789062,77.76000213623047,76.22000122070312,77.16000366210938,3821100
2023-01-06,79.22000122070312,79.22000122070312,79.7699966430664,76.31999969482422,77.58000183105469,4854300
2023-01-09,80.58000183105469,80.58000183105469,81.87999725341797,79.62999725341797,80.43000030517578,4242900
2023-01-10,80.52999877929688,80.52999877929688,81.36000061035156,79.72000122070312,80.01000213623047,3490500
2023-01-11,83.06999969482422,83.06999969482422,83.41000366210938,81.56999969482422,82.68000030517578,5295400
2023-01-12,85.05999755859375,85.05999755859375,85.05999755859375,82.26000213623047,83.77999877929688,4607800
2023-01-13,85.04000091552734,85.04000091552734,85.8499984741211,83.3499984741211,83.76000213623047,3684400
2023-01-17,85.87999725341797,85.87999725341797,86.61000061035156,85.01000213623047,85.2300033569336,2937100
2023-01-18,83.98999786376953,83.98999786376953,87.66999816894531,83.93000030517578,86.2300033569336,4980300
2023-01-19,80.5199966430664,80.5199966430664,82.62000274658203,80.08000183105469,82.1500015258789,5603600
2023-01-20,85.01000213623047,85.01000213623047,85.02999877929688,80.9000015258789,81.72000122070312,4188500
2023-01-23,87.83000183105469,87.83000183105469,88.3499984741211,85.4000015258789,85.4000015258789,5309200
2023-01-24,88.22000122070312,88.22000122070312,90.23999786376952,87.26000213623047,89.0,4567100
2023-01-25,88.86000061035156,88.86000061035156,89.0199966430664,85.58999633789062,86.61000061035156,3663600
2023-01-26,93.80999755859376,93.80999755859376,93.83999633789062,90.12999725341795,90.38999938964844,6988700
2023-01-27,95.86000061035156,95.86000061035156,96.1999969482422,92.9499969482422,93.5999984741211,4799800
2023-01-30,94.9000015258789,94.9000015258789,96.95999908447266,94.52999877929688,94.52999877929688,5402400
2023-01-31,95.95999908447266,95.95999908447266,96.0500030517578,94.12000274658205,94.2699966430664,2676000
2023-02-01,97.20999908447266,97.20999908447266,98.27999877929688,92.93000030517578,94.8499984741211,6406500
2023-02-02,100.02999877929688,100.02999877929688,102.04000091552734,99.3000030517578,99.75,8783200
2023-02-03,97.12999725341795,97.12999725341795,100.0199966430664,95.20999908447266,95.80999755859376,4966000
2023-02-06,95.72000122070312,95.72000122070312,95.83000183105467,93.83000183105467,95.5500030517578,3886700
2023-02-07,96.70999908447266,96.70999908447266,97.6999969482422,94.44000244140624,95.22000122070312,2684100
2023-02-08,94.62000274658205,94.62000274658205,97.08999633789062,94.51000213623048,95.70999908447266,2390200
2023-02-09,91.87000274658205,91.87000274658205,95.95999908447266,90.91999816894533,95.20999908447266,4294300
2023-02-10,93.12999725341795,93.12999725341795,93.16000366210938,89.83000183105469,90.5199966430664,3119600
2023-02-13,96.44000244140624,96.44000244140624,96.55999755859376,93.23999786376952,93.23999786376952,4705100
2023-02-14,96.7699966430664,96.7699966430664,97.95999908447266,94.63999938964844,94.9000015258789,3909800
2023-02-15,96.62999725341795,96.62999725341795,97.5,95.77999877929688,96.0,3884400
2023-02-16,94.44000244140624,94.44000244140624,95.97000122070312,92.91999816894533,94.66000366210938,2767500
2023-02-17,93.5199966430664,93.5199966430664,94.04000091552734,91.93000030517578,93.4499969482422,4751100
2023-02-21,90.7300033569336,90.7300033569336,92.0999984741211,90.04000091552734,91.5,3132600
2023-02-22,90.9000015258789,90.9000015258789,91.81999969482422,89.72000122070312,90.61000061035156,2566000
2023-02-23,91.0199966430664,91.0199966430664,92.38999938964844,89.47000122070312,91.88999938964844,3008700
2023-02-24,89.05999755859375,89.05999755859375,89.44999694824219,87.80000305175781,89.41999816894531,3455800
2023-02-27,89.93000030517578,89.93000030517578,91.22000122070312,89.3499984741211,90.76000213623048,2388700
2023-02-28,90.8000030517578,90.8000030517578,91.5199966430664,89.41000366210938,90.12000274658205,2755700
2023-03-01,89.77999877929688,89.77999877929688,91.55999755859376,89.54000091552734,90.8000030517578,3143600
2023-03-02,89.05999755859375,89.05999755859375,89.5199966430664,86.62000274658203,87.5999984741211,4109000
2023-03-03,91.22000122070312,91.22000122070312,91.2699966430664,87.3499984741211,89.56999969482422,3717800
2023-03-06,91.5199966430664,91.5199966430664,92.58000183105467,90.5,91.0,3156100
2023-03-07,89.47000122070312,89.47000122070312,91.75,89.37000274658203,91.05999755859376,3298700
2023-03-08,91.51000213623048,91.51000213623048,91.91000366210938,89.80000305175781,89.9000015258789,2224600
2023-03-09,84.98999786376953,84.98999786376953,91.69000244140624,84.72000122070312,90.66999816894533,7183300
2023-03-10,80.22000122070312,80.22000122070312,85.12999725341797,79.12999725341797,83.98999786376953,13967500
2023-03-13,83.4800033569336,83.4800033569336,84.30999755859375,76.19000244140625,77.38999938964844,12797800
2023-03-14,86.20999908447266,86.20999908447266,87.98999786376953,85.22000122070312,86.80999755859375,9053100
2023-03-15,86.66999816894531,86.66999816894531,87.22000122070312,83.4800033569336,84.45999908447266,7441000
2023-03-16,87.26000213623047,87.26000213623047,89.22000122070312,85.2300033569336,85.5,6025200
2023-03-17,84.88999938964844,84.88999938964844,88.66000366210938,82.80999755859375,87.9800033569336,33987900
2023-03-20,82.54000091552734,82.54000091552734,85.01000213623047,81.19999694824219,84.5999984741211,6972100
2023-03-21,86.87999725341797,86.87999725341797,87.04000091552734,84.33999633789062,84.56999969482422,4269100
2023-03-22,83.9800033569336,83.9800033569336,87.7699966430664,83.73999786376953,86.87999725341797,4297400
2023-03-23,84.44999694824219,84.44999694824219,87.41000366210938,83.26000213623047,85.04000091552734,4767600
2023-03-24,83.94000244140625,83.94000244140625,84.0199966430664,80.79000091552734,82.06999969482422,5206400
2023-03-27,84.19000244140625,84.19000244140625,86.01000213623047,82.8499984741211,86.0,3793200
2023-03-28,83.66000366210938,83.66000366210938,84.80999755859375,82.3499984741211,84.2300033569336,3021500
2023-03-29,85.18000030517578,85.18000030517578,85.5199966430664,83.76000213623047,85.0,2743200
2023-03-30,85.75,85.75,87.02999877929688,84.75,86.04000091552734,3645500
2023-03-31,87.83999633789062,87.83999633789062,88.27999877929688,86.20999908447266,86.93000030517578,3538200
2023-04-03,84.95999908447266,84.95999908447266,87.08999633789062,82.87000274658203,86.62000274658203,5448400
2023-04-04,81.19999694824219,81.19999694824219,85.30999755859375,80.97000122070312,85.30999755859375,6002900
2023-04-05,81.41000366210938,81.41000366210938,81.55000305175781,79.29000091552734,80.29000091552734,4717200
2023-04-06,82.19000244140625,82.19000244140625,82.54000091552734,81.05999755859375,81.23999786376953,2998300
2023-04-10,81.58999633789062,81.58999633789062,82.68000030517578,81.01000213623047,81.56999969482422,2890700
2023-04-11,83.4000015258789,83.4000015258789,84.51000213623047,81.91000366210938,81.98999786376953,3550200
2023-04-12,82.61000061035156,82.61000061035156,85.06999969482422,82.44000244140625,84.61000061035156,3491900
2023-04-13,84.30999755859375,84.30999755859375,84.86000061035156,82.33999633789062,84.01000213623047,3614500
2023-04-14,85.31999969482422,85.31999969482422,85.4000015258789,83.37000274658203,84.30999755859375,2865600
2023-04-17,87.2300033569336,87.2300033569336,87.25,84.45999908447266,85.08999633789062,3654700
2023-04-18,91.5,91.5,92.75,89.94999694824219,90.5,10293200
2023-04-19,92.5500030517578,92.5500030517578,93.23999786376952,90.27999877929688,90.5199966430664,6248000
2023-04-20,91.94000244140624,91.94000244140624,94.91000366210938,90.8000030517578,91.44000244140624,5709700
2023-04-21,89.44999694824219,89.44999694824219,91.9000015258789,89.26000213623047,91.62999725341795,4892800
2023-04-24,88.62000274658203,88.62000274658203,89.68000030517578,88.0,89.44999694824219,3518000
2023-04-25,86.43000030517578,86.43000030517578,88.63999938964844,86.0999984741211,88.63999938964844,3752200
2023-04-26,85.30999755859375,85.30999755859375,87.55000305175781,85.05000305175781,86.3499984741211,2912100
2023-04-27,87.13999938964844,87.13999938964844,87.43000030517578,85.41000366210938,85.91999816894531,3140600
2023-04-28,89.33000183105469,89.33000183105469,90.36000061035156,86.08000183105469,86.11000061035156,4964000
2023-05-01,88.75,88.75,91.37000274658205,88.55000305175781,89.98999786376953,4958800
2023-05-02,84.66000366210938,84.66000366210938,86.66999816894531,83.2300033569336,86.66000366210938,6351000
2023-05-03,83.02999877929688,83.02999877929688,85.79000091552734,82.87999725341797,84.8499984741211,4083700
2023-05-04,80.70999908447266,80.70999908447266,82.18000030517578,79.91999816894531,82.0,5669200
2023-05-05,82.16000366210938,82.16000366210938,83.23999786376953,81.12000274658203,82.0,3865200
2023-05-08,81.16999816894531,81.16999816894531,83.05999755859375,81.13999938964844,82.62000274658203,3139100
2023-05-09,81.62999725341797,81.62999725341797,82.76000213623047,80.05000305175781,80.30999755859375,3400500
2023-05-10,82.58000183105469,82.58000183105469,84.06999969482422,81.08000183105469,83.1500015258789,2879200
2023-05-11,83.27999877929688,83.27999877929688,83.30999755859375,81.47000122070312,82.13999938964844,3102800
2023-05-12,82.86000061035156,82.86000061035156,84.1500015258789,82.22000122070312,83.56999969482422,2598400
2023-05-15,83.12999725341797,83.12999725341797,83.47000122070312,81.9000015258789,82.58999633789062,2010400
2023-05-16,80.4000015258789,80.4000015258789,83.20999908447266,80.27999877929688,83.01000213623047,3545300
2023-05-17,83.72000122070312,83.72000122070312,84.63999938964844,80.81999969482422,81.0,3569000
2023-05-18,83.20999908447266,83.20999908447266,83.9800033569336,82.22000122070312,83.54000091552734,3055900
2023-05-19,83.08000183105469,83.08000183105469,84.37999725341797,81.66000366210938,84.12000274658203,3150100
2023-05-22,85.01000213623047,85.01000213623047,85.33999633789062,82.19999694824219,82.45999908447266,3183800
2023-05-23,83.7300033569336,83.7300033569336,85.80999755859375,83.33000183105469,84.58000183105469,2788800
2023-05-24,83.16000366210938,83.16000366210938,83.58000183105469,81.05999755859375,82.91000366210938,2593100
2023-05-25,83.52999877929688,83.52999877929688,84.19000244140625,81.94000244140625,83.69999694824219,2717900
2023-05-26,85.69999694824219,85.69999694824219,86.05999755859375,82.87999725341797,83.30000305175781,3153900
2023-05-30,86.4000015258789,86.4000015258789,86.93000030517578,85.06999969482422,86.58000183105469,3666400
2023-05-31,85.63999938964844,85.63999938964844,86.51000213623047,82.54000091552734,85.87999725341797,13707800
2023-06-01,87.13999938964844,87.13999938964844,87.9800033569336,84.11000061035156,86.06999969482422,4653800
2023-06-02,89.0,89.0,91.08999633789062,88.44999694824219,88.75,8032600
2023-06-05,85.5199966430664,85.5199966430664,86.69000244140625,83.43000030517578,85.16000366210938,5631300
2023-06-06,87.4000015258789,87.4000015258789,87.75,85.0999984741211,85.52999877929688,3778100
2023-06-07,87.30000305175781,87.30000305175781,88.33000183105469,86.87999725341797,87.9000015258789,2876400
2023-06-08,88.66000366210938,88.66000366210938,88.80000305175781,86.16999816894531,86.9800033569336,2963500
2023-06-09,88.19000244140625,88.19000244140625,89.43000030517578,87.61000061035156,88.8499984741211,2548400
2023-06-12,89.88999938964844,89.88999938964844,89.98999786376953,87.83000183105469,88.68000030517578,2896300
2023-06-13,90.66999816894533,90.66999816894533,91.87999725341795,89.68000030517578,90.11000061035156,3032700
2023-06-14,90.29000091552734,90.29000091552734,92.01000213623048,89.54000091552734,91.0,3023700
2023-06-15,92.6500015258789,92.6500015258789,93.16999816894533,89.9800033569336,90.0,3218300
2023-06-16,91.12999725341795,91.12999725341795,92.8000030517578,91.01000213623048,92.7699966430664,5653100
2023-06-20,90.62000274658205,90.62000274658205,90.9000015258789,89.0999984741211,90.22000122070312,2859400
2023-06-21,89.12999725341797,89.12999725341797,90.54000091552734,89.08999633789062,90.36000061035156,2163500
2023-06-22,89.13999938964844,89.13999938964844,89.41999816894531,87.4000015258789,88.63999938964844,2344400
2023-06-23,87.83999633789062,87.83999633789062,88.94999694824219,87.69999694824219,88.02999877929688,2865600
2023-06-26,88.77999877929688,88.77999877929688,91.37000274658205,87.58999633789062,87.58999633789062,2064800
2023-06-27,91.33000183105467,91.33000183105467,92.02999877929688,88.77999877929688,89.83000183105469,3022500
2023-06-28,91.29000091552734,91.29000091552734,91.51000213623048,90.18000030517578,90.94000244140624,2200000
2023-06-29,92.80999755859376,92.80999755859376,92.9499969482422,91.29000091552734,91.54000091552734,2761300
2023-06-30,92.97000122070312,92.97000122070312,94.1500015258789,92.95999908447266,93.22000122070312,3532800
2023-07-03,94.76000213623048,94.76000213623048,95.33000183105467,93.08000183105467,93.20999908447266,1975500
2023-07-05,92.91000366210938,92.91000366210938,94.12999725341795,92.4000015258789,93.98999786376952,2519000
2023-07-06,92.0199966430664,92.0199966430664,92.12999725341795,89.47000122070312,91.29000091552734,3347700
2023-07-07,91.91000366210938,91.91000366210938,92.87999725341795,91.12999725341795,91.20999908447266,1922400
2023-07-10,93.37000274658205,93.37000274658205,93.97000122070312,91.56999969482422,91.56999969482422,1984500
2023-07-11,98.47000122070312,98.47000122070312,98.86000061035156,93.5500030517578,93.8000030517578,7890200
2023-07-12,98.18000030517578,98.18000030517578,100.44000244140624,97.87000274658205,99.5999984741211,5033300
2023-07-13,102.73999786376952,102.73999786376952,102.76000213623048,99.11000061035156,99.19000244140624,5279700
2023-07-14,104.02999877929688,104.02999877929688,104.86000061035156,103.23999786376952,103.5,7979900
2023-07-17,104.38999938964844,104.38999938964844,106.83999633789062,103.4800033569336,104.63999938964844,6714700
2023-07-18,106.87999725341795,106.87999725341795,107.44000244140624,103.8000030517578,103.9800033569336,6504400
2023-07-19,108.16999816894533,108.16999816894533,108.7699966430664,105.19000244140624,105.23999786376952,6390100
2023-07-20,107.51000213623048,107.51000213623048,108.4800033569336,104.5500030517578,104.8000030517578,6547900
2023-07-21,104.88999938964844,104.88999938964844,107.69000244140624,104.37999725341795,107.27999877929688,4490800
2023-07-24,105.12999725341795,105.12999725341795,106.33000183105467,104.25,105.26000213623048,3026100
2023-07-25,104.4000015258789,104.4000015258789,105.7300033569336,104.33999633789062,105.0,2228600
2023-07-26,104.70999908447266,104.70999908447266,105.37000274658205,102.86000061035156,103.9499969482422,3588500
2023-07-27,103.27999877929688,103.27999877929688,106.5999984741211,103.16000366210938,105.41000366210938,3388300
2023-07-28,105.0500030517578,105.0500030517578,105.58999633789062,103.4499969482422,103.4800033569336,3679400
2023-07-31,104.79000091552734,104.79000091552734,105.27999877929688,104.05999755859376,104.9800033569336,2631400
2023-08-01,106.08000183105467,106.08000183105467,106.58000183105467,104.11000061035156,104.4000015258789,4241900
2023-08-02,102.88999938964844,102.88999938964844,104.47000122070312,102.54000091552734,103.8000030517578,3613700
2023-08-03,102.61000061035156,102.61000061035156,102.95999908447266,100.94000244140624,101.87000274658205,4667200
2023-08-04,102.7300033569336,102.7300033569336,104.4800033569336,102.2300033569336,103.18000030517578,2972100
2023-08-07,103.93000030517578,103.93000030517578,104.18000030517578,103.0,103.19000244140624,2093300
2023-08-08,103.7699966430664,103.7699966430664,104.26000213623048,101.66999816894533,102.52999877929688,2632000
2023-08-09,100.08999633789062,100.08999633789062,103.5500030517578,99.97000122070312,103.41000366210938,4689800
2023-08-10,100.1999969482422,100.1999969482422,102.36000061035156,99.4000015258789,101.0500030517578,4317600
2023-08-11,98.37000274658205,98.37000274658205,100.12000274658205,98.1500015258789,98.62000274658205,3713000
2023-08-14,98.04000091552734,98.04000091552734,99.04000091552734,97.25,98.0999984741211,4290600
2023-08-15,97.47000122070312,97.47000122070312,97.83000183105467,96.5,96.9800033569336,2015400
2023-08-16,96.9000015258789,96.9000015258789,98.08000183105467,96.83000183105467,97.23999786376952,2108100
2023-08-17,96.8000030517578,96.8000030517578,97.88999938964844,96.18000030517578,97.11000061035156,1649800
2023-08-18,98.72000122070312,98.72000122070312,99.12000274658205,95.18000030517578,95.6999969482422,3063600
2023-08-21,98.79000091552734,98.79000091552734,99.87000274658205,98.36000061035156,99.25,2283000
2023-08-22,98.26000213623048,98.26000213623048,99.33999633789062,97.94000244140624,99.1999969482422,1972600
2023-08-23,99.6999969482422,99.6999969482422,99.87999725341795,98.01000213623048,98.66999816894533,1796600
2023-08-24,99.0199966430664,99.0199966430664,101.05999755859376,98.55999755859376,100.0,2135900
2023-08-25,99.66000366210938,99.66000366210938,100.1500015258789,98.3000030517578,99.4499969482422,1742800
2023-08-28,100.87999725341795,100.87999725341795,101.56999969482422,100.20999908447266,100.37000274658205,2251600
2023-08-29,104.3000030517578,104.3000030517578,104.5999984741211,100.8000030517578,100.8000030517578,3323600
2023-08-30,104.88999938964844,104.88999938964844,105.27999877929688,103.62000274658205,104.44000244140624,2919300
2023-08-31,106.37000274658205,106.37000274658205,107.04000091552734,105.2300033569336,105.5,3984800
2023-09-01,104.48999786376952,104.48999786376952,107.36000061035156,104.16999816894533,107.1999969482422,4552400
2023-09-05,108.23999786376952,108.23999786376952,109.05999755859376,107.44000244140624,108.4000015258789,17225500
2023-09-06,107.9000015258789,107.9000015258789,108.87999725341795,107.06999969482422,107.19000244140624,7986500
2023-09-07,109.38999938964844,109.38999938964844,110.29000091552734,106.33999633789062,106.76000213623048,10221200
2023-09-08,112.66999816894533,112.66999816894533,112.83000183105467,109.66000366210938,109.79000091552734,11234900
2023-09-11,113.5,113.5,114.95999908447266,112.94000244140624,113.0199966430664,7250300
2023-09-12,112.54000091552734,112.54000091552734,114.23999786376952,112.47000122070312,113.41999816894533,5232600
2023-09-13,112.75,112.75,113.7300033569336,112.0199966430664,112.93000030517578,6834900
2023-09-14,112.70999908447266,112.70999908447266,113.9000015258789,112.05999755859376,113.87999725341795,6855300
2023-09-15,113.79000091552734,113.79000091552734,115.19000244140624,112.9000015258789,113.88999938964844,117349100
2023-09-18,114.37000274658205,114.37000274658205,115.22000122070312,113.0199966430664,113.5500030517578,8648200
2023-09-19,115.12000274658205,115.12000274658205,115.5199966430664,113.58000183105467,114.12000274658205,5627400
2023-09-20,114.22000122070312,114.22000122070312,116.77999877929688,113.6500015258789,115.56999969482422,5846500
2023-09-21,111.12999725341795,111.12999725341795,113.30999755859376,110.61000061035156,113.0,5835800
2023-09-22,111.18000030517578,111.18000030517578,112.1999969482422,110.41999816894533,111.5500030517578,3506100
2023-09-25,110.3000030517578,110.3000030517578,111.26000213623048,109.26000213623048,111.0,4804200
2023-09-26,105.94000244140624,105.94000244140624,109.86000061035156,105.3499984741211,109.45999908447266,5611100
2023-09-27,106.5500030517578,106.5500030517578,107.26000213623048,105.06999969482422,106.3000030517578,4350200
2023-09-28,108.2300033569336,108.2300033569336,109.33999633789062,105.73999786376952,106.0,3957600
2023-09-29,107.13999938964844,107.13999938964844,109.77999877929688,106.79000091552734,109.11000061035156,5117300
2023-10-02,107.16000366210938,107.16000366210938,108.11000061035156,106.25,106.62000274658205,2827000
2023-10-03,103.22000122070312,103.22000122070312,106.2300033569336,102.44000244140624,105.86000061035156,4536700
2023-10-04,104.23999786376952,104.23999786376952,104.63999938964844,102.41000366210938,103.48999786376952,3331200
2023-10-05,104.19000244140624,104.19000244140624,104.4499969482422,102.68000030517578,103.76000213623048,3250500
2023-10-06,105.12999725341795,105.12999725341795,105.95999908447266,101.9000015258789,102.73999786376952,3259400
2023-10-09,104.80999755859376,104.80999755859376,105.31999969482422,103.0500030517578,103.23999786376952,2354100
2023-10-10,105.29000091552734,105.29000091552734,106.77999877929688,105.0,105.12000274658205,2829600
2023-10-11,107.2699966430664,107.2699966430664,107.36000061035156,105.37999725341795,106.08999633789062,2442600
2023-10-12,104.86000061035156,104.86000061035156,107.5999984741211,104.0999984741211,107.55999755859376,2724400
2023-10-13,103.8000030517578,103.8000030517578,105.36000061035156,102.33000183105467,105.11000061035156,3470100
2023-10-16,104.54000091552734,104.54000091552734,106.36000061035156,103.69000244140624,105.0,3723800
2023-10-17,105.33000183105467,105.33000183105467,106.19000244140624,103.2300033569336,103.4000015258789,2918200
2023-10-18,102.3000030517578,102.3000030517578,104.16000366210938,101.62000274658205,104.12000274658205,5189400
2023-10-19,94.22000122070312,94.22000122070312,98.66000366210938,94.16000366210938,97.33999633789062,10102500
2023-10-20,94.41999816894533,94.41999816894533,94.9000015258789,92.27999877929688,93.16999816894533,5854700
2023-10-23,92.73999786376952,92.73999786376952,94.83999633789062,92.3000030517578,94.3000030517578,5017000
2023-10-24,95.16999816894533,95.16999816894533,95.38999938964844,93.0999984741211,93.69000244140624,3570700
2023-10-25,91.91000366210938,91.91000366210938,94.6999969482422,91.62999725341795,94.66000366210938,3506600
2023-10-26,92.3000030517578,92.3000030517578,94.1999969482422,91.56999969482422,91.9499969482422,3006700
2023-10-27,89.61000061035156,89.61000061035156,91.98999786376952,88.58999633789062,91.98999786376952,3367700
2023-10-30,92.37999725341795,92.37999725341795,92.94000244140624,90.44000244140624,90.62000274658205,4067900
2023-10-31,92.3499984741211,92.3499984741211,92.62999725341795,91.13999938964844,92.4499969482422,2809700
2023-11-01,94.75,94.75,94.9000015258789,91.76000213623048,92.72000122070312,3922800
2023-11-02,98.1999969482422,98.1999969482422,98.41000366210938,96.68000030517578,97.2300033569336,4178300
2023-11-03,100.9000015258789,100.9000015258789,101.5500030517578,99.47000122070312,99.58999633789062,4573300
2023-11-06,98.33000183105467,98.33000183105467,101.11000061035156,97.45999908447266,100.4000015258789,3150900
2023-11-07,98.93000030517578,98.93000030517578,100.87000274658205,98.25,98.4800033569336,3006600
2023-11-08,99.16000366210938,99.16000366210938,99.66000366210938,98.38999938964844,98.83000183105467,2064200
2023-11-09,96.8499984741211,96.8499984741211,100.0,96.1999969482422,99.83999633789062,2995500
2023-11-10,98.63999938964844,98.63999938964844,98.70999908447266,96.1500015258789,97.87999725341795,2407400
2023-11-13,97.7300033569336,97.7300033569336,98.2699966430664,96.93000030517578,97.7699966430664,2722500
2023-11-14,102.58999633789062,102.58999633789062,104.0500030517578,100.77999877929688,100.79000091552734,4280900
2023-11-15,104.27999877929688,104.27999877929688,104.62999725341795,102.58999633789062,102.58999633789062,3075300
2023-11-16,103.6999969482422,103.6999969482422,104.52999877929688,102.79000091552734,104.02999877929688,2719200
2023-11-17,104.95999908447266,104.95999908447266,105.4000015258789,103.06999969482422,104.16999816894533,2906800
2023-11-20,106.4499969482422,106.4499969482422,106.83000183105467,104.38999938964844,104.66999816894533,2780800
2023-11-21,105.77999877929688,105.77999877929688,106.81999969482422,105.47000122070312,106.0,2208400
2023-11-22,106.77999877929688,106.77999877929688,107.4499969482422,106.04000091552734,106.94000244140624,1906200
2023-11-24,107.0,107.0,107.0500030517578,106.0500030517578,106.6999969482422,975200
2023-11-27,106.75,106.75,107.11000061035156,105.51000213623048,106.52999877929688,2422100
2023-11-28,107.63999938964844,107.63999938964844,107.91999816894533,106.0,106.75,2295100
2023-11-29,111.37000274658205,111.37000274658205,112.66999816894533,108.5999984741211,108.9000015258789,4454000
2023-11-30,112.37000274658205,112.37000274658205,112.5199966430664,110.7699966430664,111.26000213623048,4248600
2023-12-01,114.27999877929688,114.27999877929688,114.43000030517578,112.1999969482422,112.5,3938200
2023-12-04,115.54000091552734,115.54000091552734,115.7699966430664,112.55999755859376,112.75,4724500
2023-12-05,115.27999877929688,115.27999877929688,116.0199966430664,114.56999969482422,115.12000274658205,2710100
2023-12-06,112.11000061035156,112.11000061035156,117.29000091552734,111.0500030517578,116.0,6180000
2023-12-07,113.86000061035156,113.86000061035156,114.4800033569336,112.11000061035156,112.52999877929688,2651700
2023-12-08,112.56999969482422,112.56999969482422,114.62999725341795,111.6999969482422,113.25,3436300
2023-12-11,112.98999786376952,112.98999786376952,113.2699966430664,112.33000183105467,112.6500015258789,3566800
2023-12-12,113.20999908447266,113.20999908447266,113.23999786376952,112.08999633789062,113.12000274658205,2392200
2023-12-13,119.75,119.75,119.98999786376952,112.44000244140624,113.1999969482422,4983600
2023-12-14,128.47000122070312,128.47000122070312,128.66000366210938,120.66999816894533,121.0,7687300
2023-12-15,129.3699951171875,129.3699951171875,130.41000366210938,127.04000091552734,127.69000244140624,7990000
2023-12-18,125.95999908447266,125.95999908447266,129.74000549316406,125.88999938964844,129.5,4605500
2023-12-19,128.2899932861328,128.2899932861328,129.30999755859375,125.04000091552734,125.55999755859376,5025500
2023-12-20,126.0999984741211,126.0999984741211,129.5399932861328,125.9499969482422,127.83000183105467,5627300
2023-12-21,129.13999938964844,129.13999938964844,129.2100067138672,126.75,127.4000015258789,3810900
2023-12-22,130.69000244140625,130.69000244140625,132.0800018310547,129.24000549316406,129.74000549316406,3342400
2023-12-26,131.3699951171875,131.3699951171875,132.00999450683594,130.33999633789062,130.6699981689453,2485000
2023-12-27,132.61000061035156,132.61000061035156,133.42999267578125,130.5800018310547,131.07000732421875,3561200
2023-12-28,133.1300048828125,133.1300048828125,133.52999877929688,132.0399932861328,132.5,2087900
2023-12-29,130.9199981689453,130.9199981689453,133.24000549316406,130.27999877929688,132.8699951171875,2049000
2024-01-02,128.27000427246094,128.27000427246094,129.75,126.7699966430664,129.1999969482422,4500900
2024-01-03,122.3499984741211,122.3499984741211,125.4499969482422,121.58000183105467,125.0500030517578,5391000
2024-01-04,122.9000015258789,122.9000015258789,124.19000244140624,121.5999984741211,122.25,3215700
2024-01-05,122.20999908447266,122.20999908447266,123.87999725341795,120.9800033569336,121.5,2747600
2024-01-08,122.33999633789062,122.33999633789062,122.93000030517578,121.22000122070312,122.58000183105467,4273200
2024-01-09,121.0,121.0,121.70999908447266,119.62000274658205,120.54000091552734,5883400
2024-01-10,121.52999877929688,121.52999877929688,122.0500030517578,120.0500030517578,120.83000183105467,4049300
2024-01-11,119.91999816894533,119.91999816894533,121.4800033569336,118.56999969482422,120.77999877929688,3875100
2024-01-12,119.33999633789062,119.33999633789062,121.3000030517578,118.4800033569336,120.4800033569336,2044800
2024-01-16,118.25,118.25,118.79000091552734,116.61000061035156,118.36000061035156,3007900
2024-01-17,116.9800033569336,116.9800033569336,117.16000366210938,114.87999725341795,115.9000015258789,3286500
2024-01-18,117.08999633789062,117.08999633789062,118.20999908447266,115.62999725341795,117.80999755859376,2334800
2024-01-19,119.08000183105467,119.08000183105467,119.25,116.33000183105467,117.41999816894533,4079300
2024-01-22,120.97000122070312,120.97000122070312,122.22000122070312,119.5999984741211,119.5999984741211,2973100
2024-01-23,118.9800033569336,118.9800033569336,121.62999725341795,118.3499984741211,121.08999633789062,2637400
2024-01-24,120.62999725341795,120.62999725341795,121.08999633789062,119.18000030517578,120.91000366210938,3753500
2024-01-25,123.48999786376952,123.48999786376952,125.20999908447266,119.91000366210938,125.08999633789062,6069800
2024-01-26,124.56999969482422,124.56999969482422,125.54000091552734,123.25,123.8499984741211,3715600
2024-01-29,127.83000183105467,127.83000183105467,127.88999938964844,124.56999969482422,124.7699966430664,4298900
2024-01-30,127.1999969482422,127.1999969482422,128.24000549316406,126.01000213623048,127.47000122070312,2495700
2024-01-31,124.4499969482422,124.4499969482422,127.29000091552734,124.33000183105467,125.9499969482422,3154600
2024-02-01,124.3000030517578,124.3000030517578,125.8000030517578,121.25,125.02999877929688,5190200
2024-02-02,124.36000061035156,124.36000061035156,124.93000030517578,120.55999755859376,122.2699966430664,3320400
2024-02-05,121.25,121.25,123.23999786376952,119.93000030517578,123.0,3604900
2024-02-06,123.55999755859376,123.55999755859376,123.66000366210938,121.0999984741211,121.63999938964844,3066100
2024-02-07,126.08999633789062,126.08999633789062,126.58000183105467,123.87000274658205,124.47000122070312,2731300
2024-02-08,127.83999633789062,127.83999633789062,128.5399932861328,125.0,125.75,3436000
2024-02-09,127.68000030517578,127.68000030517578,128.64999389648438,125.98999786376952,128.10000610351562,3181400
2024-02-12,130.0800018310547,130.0800018310547,131.2899932861328,127.0999984741211,127.31999969482422,3981900
2024-02-13,124.9499969482422,124.9499969482422,126.33999633789062,122.0199966430664,126.19000244140624,6448100
2024-02-14,127.9499969482422,127.9499969482422,128.3000030517578,125.95999908447266,126.62000274658205,3302800
2024-02-15,130.25,130.25,130.72999572753906,128.9199981689453,129.47000122070312,3542400
2024-02-16,127.88999938964844,127.88999938964844,129.75999450683594,127.77999877929688,128.88999938964844,3578300
2024-02-20,126.33000183105467,126.33000183105467,127.11000061035156,125.5999984741211,126.72000122070312,2982300
2024-02-21,126.19000244140624,126.19000244140624,126.37000274658205,125.0999984741211,125.91000366210938,2454600
2024-02-22,127.29000091552734,127.29000091552734,129.60000610351562,126.75,128.30999755859375,3162400
2024-02-23,125.11000061035156,125.11000061035156,128.3699951171875,124.75,127.95999908447266,3380400
2024-02-26,125.27999877929688,125.27999877929688,126.43000030517578,124.83999633789062,125.12000274658205,2623800
2024-02-27,126.75,126.75,126.91999816894533,125.5,126.12000274658205,2968400
2024-02-28,126.31999969482422,126.31999969482422,127.2699966430664,125.62000274658205,126.16999816894533,1986600
2024-02-29,127.81999969482422,127.81999969482422,128.3699951171875,126.20999908447266,127.61000061035156,3861500
2024-03-01,128.08999633789062,128.08999633789062,129.24000549316406,126.47000122070312,127.81999969482422,3673400
2024-03-04,126.5999984741211,126.5999984741211,127.80999755859376,124.06999969482422,125.68000030517578,5822500
2024-03-05,124.81999969482422,124.81999969482422,126.6999969482422,124.12000274658205,126.2699966430664,3856300
2024-03-06,123.3000030517578,123.3000030517578,127.4499969482422,122.19000244140624,126.6500015258789,3355600
2024-03-07,124.8000030517578,124.8000030517578,125.51000213623048,123.3000030517578,125.0,2913800
2024-03-08,125.98999786376952,125.98999786376952,127.7300033569336,125.33000183105467,125.33000183105467,3150700
2024-03-11,124.56999969482422,124.56999969482422,126.1999969482422,124.04000091552734,126.1999969482422,2958900
2024-03-12,123.68000030517578,123.68000030517578,125.48999786376952,123.0500030517578,124.87000274658205,2888500
2024-03-13,126.0999984741211,126.0999984741211,126.41000366210938,123.47000122070312,124.0,3584200
2024-03-14,124.8000030517578,124.8000030517578,127.29000091552734,123.22000122070312,126.0,5851200
2024-03-15,124.97000122070312,124.97000122070312,125.29000091552734,123.16999816894533,123.16999816894533,22840100
2024-03-18,123.43000030517578,123.43000030517578,126.68000030517578,123.16000366210938,125.83999633789062,3163200
2024-03-19,123.9800033569336,123.9800033569336,124.12000274658205,121.5,122.66000366210938,3459200
2024-03-20,127.76000213623048,127.76000213623048,128.47999572753906,123.37000274658205,123.70999908447266,3151200
2024-03-21,131.66000366210938,131.66000366210938,133.55999755859375,128.7100067138672,128.89999389648438,4003400
2024-03-22,127.86000061035156,127.86000061035156,131.3000030517578,127.79000091552734,131.0500030517578,2072600
2024-03-25,128.83999633789062,128.83999633789062,129.2899932861328,127.91000366210938,128.0,1792600
2024-03-26,127.87999725341795,127.87999725341795,130.0,127.63999938964844,129.75,1993000
2024-03-27,130.88999938964844,130.88999938964844,130.97999572753906,128.9199981689453,129.50999450683594,2146400
2024-03-28,131.3699951171875,131.3699951171875,131.75,130.4199981689453,131.00999450683594,3132500
2024-04-01,131.02999877929688,131.02999877929688,132.0,130.85000610351562,131.8000030517578,2478100
2024-04-02,126.30999755859376,126.30999755859376,128.1300048828125,124.66999816894533,128.0500030517578,3620900
2024-04-03,126.56999969482422,126.56999969482422,127.33000183105467,125.36000061035156,125.62999725341795,2101700
2024-04-04,126.01000213623048,126.01000213623048,129.14999389648438,125.66000366210938,128.0,2445100
2024-04-05,127.58000183105467,127.58000183105467,128.39999389648438,125.36000061035156,126.0,1906700
2024-04-08,129.32000732421875,129.32000732421875,129.92999267578125,126.83000183105467,127.48999786376952,2422400
2024-04-09,132.0,132.0,132.08999633789062,128.5,130.0,3258400
2024-04-10,126.08000183105467,126.08000183105467,128.57000732421875,125.70999908447266,128.05999755859375,3339700
2024-04-11,126.87000274658205,126.87000274658205,128.19000244140625,124.62999725341795,126.5,3429000
2024-04-12,123.47000122070312,123.47000122070312,125.98999786376952,122.66999816894533,125.6999969482422,4002800
2024-04-15,121.16999816894533,121.16999816894533,125.5,119.94000244140624,124.81999969482422,3350700
2024-04-16,121.87999725341795,121.87999725341795,122.86000061035156,119.69000244140624,120.62999725341795,3540100
2024-04-17,123.19000244140624,123.19000244140624,124.61000061035156,121.94000244140624,123.27999877929688,5150900
2024-04-18,120.31999969482422,120.31999969482422,123.4499969482422,119.05999755859376,121.12999725341795,5701700
2024-04-19,118.4000015258789,118.4000015258789,121.79000091552734,118.05999755859376,120.1500015258789,3988500
2024-04-22,122.08999633789062,122.08999633789062,123.0,117.76000213623048,119.5500030517578,3290800
2024-04-23,124.30999755859376,124.30999755859376,125.62000274658205,122.31999969482422,122.5999984741211,3379200
2024-04-24,123.77999877929688,123.77999877929688,124.80999755859376,122.55999755859376,123.9499969482422,2021500
2024-04-25,123.36000061035156,123.36000061035156,123.70999908447266,119.37000274658205,121.91999816894533,3620700
2024-04-26,122.48999786376952,122.48999786376952,123.38999938964844,122.01000213623048,122.91000366210938,2962700
2024-04-29,120.62000274658205,120.62000274658205,123.86000061035156,120.12000274658205,123.0500030517578,2291600
2024-04-30,116.61000061035156,116.61000061035156,120.11000061035156,116.4800033569336,119.12000274658205,4329200
2024-05-01,117.48999786376952,117.48999786376952,120.5500030517578,115.81999969482422,116.54000091552734,4141900
2024-05-02,118.98999786376952,118.98999786376952,119.88999938964844,116.38999938964844,118.62999725341795,3653000
2024-05-03,117.98999786376952,117.98999786376952,123.11000061035156,117.75,121.5,4437500
2024-05-06,121.20999908447266,121.20999908447266,121.7300033569336,118.66999816894533,119.19000244140624,3421900
2024-05-07,121.5,121.5,123.08999633789062,120.36000061035156,121.0,3233900
2024-05-08,119.8000030517578,119.8000030517578,120.5,118.69000244140624,120.1500015258789,2919600
2024-05-09,123.02999877929688,123.02999877929688,123.4800033569336,118.80999755859376,119.55999755859376,5938500
2024-05-10,124.04000091552734,124.04000091552734,124.33000183105467,120.0,124.33000183105467,2517800
2024-05-13,122.12999725341795,122.12999725341795,124.83000183105467,122.04000091552734,124.83000183105467,1826100
2024-05-14,125.97000122070312,125.97000122070312,126.13999938964844,122.69000244140624,122.69000244140624,2828900
2024-05-15,131.30999755859375,131.30999755859375,131.33999633789062,126.52999877929688,127.33999633789062,4480200
2024-05-16,127.87999725341795,127.87999725341795,130.83999633789062,127.7699966430664,130.5,4167700
2024-05-17,125.66999816894533,125.66999816894533,128.6199951171875,124.52999877929688,128.60000610351562,3954100
2024-05-20,125.66999816894533,125.66999816894533,126.12000274658205,124.62000274658205,125.01000213623048,3081900
2024-05-21,127.70999908447266,127.70999908447266,128.0399932861328,125.0199966430664,125.75,2960500
2024-05-22,126.68000030517578,126.68000030517578,128.3699951171875,125.6500015258789,128.0,2617500
2024-05-23,123.11000061035156,123.11000061035156,128.0,122.5999984741211,127.75,3498300
2024-05-24,123.63999938964844,123.63999938964844,124.12000274658205,122.81999969482422,123.1999969482422,1815000
2024-05-28,121.20999908447266,121.20999908447266,124.13999938964844,120.5500030517578,123.80999755859376,2927100
2024-05-29,116.12999725341795,116.12999725341795,119.54000091552734,115.9800033569336,119.0,4754300
2024-05-30,119.33000183105467,119.33000183105467,119.45999908447266,116.05999755859376,116.11000061035156,2680200
2024-05-31,120.5,120.5,121.20999908447266,117.8499984741211,119.7699966430664,3636400
2024-06-03,119.20999908447266,119.20999908447266,121.3499984741211,116.6999969482422,121.30999755859376,4056900
2024-06-04,119.08000183105467,119.08000183105467,119.80999755859376,117.88999938964844,118.13999938964844,2022600
2024-06-05,121.70999908447266,121.70999908447266,121.79000091552734,119.0999984741211,119.83000183105467,2800100
2024-06-06,119.16999816894533,119.16999816894533,122.48999786376952,119.01000213623048,121.45999908447266,3380300
2024-06-07,117.62000274658205,117.62000274658205,119.08000183105467,116.0,117.45999908447266,3200900
2024-06-10,119.6999969482422,119.6999969482422,119.97000122070312,117.08000183105467,117.3499984741211,2385100
2024-06-11,119.01000213623048,119.01000213623048,119.58999633789062,117.3499984741211,119.58999633789062,2613400
2024-06-12,123.43000030517578,123.43000030517578,126.0,122.8000030517578,123.43000030517578,3755000
2024-06-13,122.20999908447266,122.20999908447266,123.58999633789062,121.4800033569336,123.1500015258789,2015900
2024-06-14,121.25,121.25,121.56999969482422,120.16000366210938,121.0999984741211,1685500
2024-06-17,122.16000366210938,122.16000366210938,122.62999725341795,120.58000183105467,121.0,1756800
2024-06-18,122.9000015258789,122.9000015258789,123.08999633789062,121.72000122070312,122.33000183105467,2244700
2024-06-20,124.68000030517578,124.68000030517578,125.08000183105467,122.41999816894533,122.5,2629900
2024-06-21,124.12000274658205,124.12000274658205,124.77999877929688,123.1500015258789,124.75,5209800
2024-06-24,125.26000213623048,125.26000213623048,126.4499969482422,124.0199966430664,124.16999816894533,2289400
2024-06-25,124.41999816894533,124.41999816894533,124.8000030517578,123.43000030517578,124.19000244140624,1861100
2024-06-26,124.16000366210938,124.16000366210938,125.13999938964844,123.1999969482422,123.62000274658205,2121000
2024-06-27,124.12000274658205,124.12000274658205,124.38999938964844,122.87000274658205,123.5,2084100
2024-06-28,123.8000030517578,123.8000030517578,126.5500030517578,123.41000366210938,124.4000015258789,4058700
2024-07-01,122.2300033569336,122.2300033569336,125.58000183105467,121.41000366210938,124.38999938964844,3568600
2024-07-02,123.20999908447266,123.20999908447266,123.5199966430664,121.5199966430664,121.79000091552734,2292900
2024-07-03,123.4000015258789,123.4000015258789,124.0,122.2300033569336,123.20999908447266,2102500
2024-07-05,122.72000122070312,122.72000122070312,123.4800033569336,121.75,123.4800033569336,1957400
2024-07-08,120.7699966430664,120.7699966430664,122.91000366210938,120.5,122.29000091552734,2270500
2024-07-09,121.27999877929688,121.27999877929688,122.25,119.75,120.54000091552734,2495400
2024-07-10,124.26000213623048,124.26000213623048,124.37000274658205,121.30999755859376,121.79000091552734,1976400
2024-07-11,126.61000061035156,126.61000061035156,127.93000030517578,125.5199966430664,126.5,3406000
2024-07-12,129.32000732421875,129.32000732421875,129.86000061035156,126.87999725341795,127.04000091552734,3390900
2024-07-15,132.3699951171875,132.3699951171875,133.1699981689453,129.5399932861328,129.75,4505300
2024-07-16,137.00999450683594,137.00999450683594,137.36000061035156,133.11000061035156,133.4499969482422,6351500
2024-07-17,134.85000610351562,134.85000610351562,136.86000061035156,133.6199951171875,135.47000122070312,5851800
2024-07-18,136.41000366210938,136.41000366210938,140.42999267578125,131.82000732421875,132.25,7386200
2024-07-19,138.58999633789062,138.58999633789062,142.0399932861328,136.67999267578125,138.2899932861328,7353600
2024-07-22,141.17999267578125,141.17999267578125,141.8300018310547,138.72999572753906,140.0,4004200
2024-07-23,143.6199951171875,143.6199951171875,145.16000366210938,142.0399932861328,142.0500030517578,4640000
2024-07-24,137.6300048828125,137.6300048828125,143.10000610351562,137.47999572753906,142.5,4497500
2024-07-25,140.02000427246094,140.02000427246094,143.05999755859375,136.14999389648438,137.7100067138672,4412700
2024-07-26,142.0,142.0,142.89999389648438,140.2100067138672,142.39999389648438,3262800
2024-07-29,140.97999572753906,140.97999572753906,141.57000732421875,139.4600067138672,141.0,2325800
2024-07-30,141.33999633789062,141.33999633789062,142.86000061035156,139.9199981689453,141.72999572753906,2831400
2024-07-31,142.14999389648438,142.14999389648438,144.36000061035156,140.92999267578125,142.75999450683594,3617800
2024-08-01,137.02999877929688,137.02999877929688,142.22999572753906,135.63999938964844,141.9199981689453,4044800
2024-08-02,133.0500030517578,133.0500030517578,135.1999969482422,131.0800018310547,134.32000732421875,4695700
2024-08-05,129.50999450683594,129.50999450683594,132.19000244140625,124.4499969482422,126.8499984741211,6374300
2024-08-06,130.30999755859375,130.30999755859375,132.82000732421875,128.82000732421875,129.88999938964844,3288900
2024-08-07,127.58999633789062,127.58999633789062,133.83999633789062,127.33999633789062,133.6199951171875,2970500
2024-08-08,130.64999389648438,130.64999389648438,131.17999267578125,127.95999908447266,129.19000244140625,1975300
2024-08-09,130.92999267578125,130.92999267578125,131.8699951171875,129.10000610351562,130.55999755859375,1416000
2024-08-12,129.27999877929688,129.27999877929688,132.24000549316406,128.17999267578125,131.02999877929688,3100400
2024-08-13,133.35000610351562,133.35000610351562,133.6999969482422,130.11000061035156,130.67999267578125,3219300
2024-08-14,136.16000366210938,136.16000366210938,136.5,133.3699951171875,133.67999267578125,2970100
2024-08-15,136.27000427246094,136.27000427246094,138.25,135.5500030517578,137.86000061035156,3508900
2024-08-16,134.27999877929688,134.27999877929688,137.0,133.24000549316406,136.22999572753906,3727400
2024-08-19,134.64999389648438,134.64999389648438,135.0,133.50999450683594,134.0,2146200
2024-08-20,132.97999572753906,132.97999572753906,135.3000030517578,132.7100067138672,134.85000610351562,1811400
2024-08-21,134.75,134.75,135.0,131.72999572753906,133.27000427246094,1945200
2024-08-22,134.7899932861328,134.7899932861328,135.5,133.52000427246094,134.74000549316406,1795500
2024-08-23,139.27999877929688,139.27999877929688,140.69000244140625,135.72000122070312,135.9199981689453,4886900
2024-08-26,141.9600067138672,141.9600067138672,142.25,139.82000732421875,140.35000610351562,3795200
2024-08-27,141.25,141.25,142.3300018310547,140.57000732421875,140.6699981689453,3870800
2024-08-28,140.0800018310547,140.0800018310547,142.05999755859375,139.27000427246094,140.7899932861328,2548600
2024-08-29,140.5800018310547,140.5800018310547,141.5399932861328,139.72000122070312,140.52999877929688,2744900
2024-08-30,142.36000061035156,142.36000061035156,142.69000244140625,138.6199951171875,141.33999633789062,3421600
2024-09-03,138.13999938964844,138.13999938964844,141.9499969482422,136.97999572753906,141.42999267578125,2339700
2024-09-04,137.85000610351562,137.85000610351562,138.97000122070312,136.58999633789062,137.64999389648438,1703600
2024-09-05,138.27000427246094,138.27000427246094,140.88999938964844,137.72999572753906,138.6699981689453,2234600
2024-09-06,137.1199951171875,137.1199951171875,140.10000610351562,135.6300048828125,138.61000061035156,2577900
2024-09-09,139.77000427246094,139.77000427246094,140.77999877929688,138.4600067138672,138.72999572753906,2133700
2024-09-10,142.2100067138672,142.2100067138672,142.5,138.1699981689453,140.2899932861328,2684700
2024-09-11,143.27000427246094,143.27000427246094,143.42999267578125,138.24000549316406,141.88999938964844,3148600
2024-09-12,146.5,146.5,146.97999572753906,142.7100067138672,144.0500030517578,3543000
2024-09-13,151.19000244140625,151.19000244140625,151.8699951171875,147.75,148.0,4681200
2024-09-16,154.55999755859375,154.55999755859375,155.17999267578125,150.86000061035156,151.55999755859375,4426400
2024-09-17,155.0500030517578,155.0500030517578,156.4600067138672,153.72999572753906,155.35000610351562,3923400
2024-09-18,154.92999267578125,154.92999267578125,157.75999450683594,152.69000244140625,155.3000030517578,3921300
2024-09-19,159.66000366210938,159.66000366210938,160.24000549316406,155.9199981689453,159.8000030517578,4707700
2024-09-20,158.1199951171875,158.1199951171875,161.25,157.8300018310547,159.83999633789062,5540500
2024-09-23,157.2100067138672,157.2100067138672,160.2100067138672,156.5,158.9199981689453,3485300
2024-09-24,157.5500030517578,157.5500030517578,158.16000366210938,156.17999267578125,157.25,2227500
2024-09-25,152.77000427246094,152.77000427246094,157.91000366210938,152.22000122070312,156.89999389648438,3918400
2024-09-26,153.47000122070312,153.47000122070312,155.02999877929688,152.2100067138672,154.60000610351562,3155400
2024-09-27,154.94000244140625,154.94000244140625,155.86000061035156,153.63999938964844,154.24000549316406,2170600
2024-09-30,153.1300048828125,153.1300048828125,154.42999267578125,151.1999969482422,153.9199981689453,3110200
2024-10-01,151.85000610351562,151.85000610351562,153.11000061035156,149.8800048828125,153.11000061035156,2949700
2024-10-02,152.2100067138672,152.2100067138672,153.39999389648438,150.82000732421875,150.82000732421875,1862800
2024-10-03,151.1999969482422,151.1999969482422,152.5399932861328,149.7899932861328,151.72999572753906,2109500
2024-10-04,151.9199981689453,151.9199981689453,153.5500030517578,150.19000244140625,153.0500030517578,2073700
2024-10-07,149.07000732421875,149.07000732421875,151.8300018310547,148.3000030517578,151.1699981689453,2101100
2024-10-08,149.44000244140625,149.44000244140625,150.42999267578125,148.39999389648438,150.0399932861328,1578000
2024-10-09,148.4199981689453,148.4199981689453,149.5,146.97000122070312,148.0,2847300
2024-10-10,149.02999877929688,149.02999877929688,150.2100067138672,147.24000549316406,147.9499969482422,2460700
2024-10-11,153.0399932861328,153.0399932861328,153.4499969482422,149.77999877929688,150.02000427246094,2205400
2024-10-14,155.49000549316406,155.49000549316406,155.80999755859375,153.55999755859375,153.9499969482422,2576800
2024-10-15,156.32000732421875,156.32000732421875,157.5500030517578,155.11000061035156,156.5500030517578,2615800
2024-10-16,159.7100067138672,159.7100067138672,160.38999938964844,157.05999755859375,157.3800048828125,3962000
2024-10-17,169.72999572753906,169.72999572753906,172.25,164.2899932861328,164.35000610351562,9088800
2024-10-18,172.36000061035156,172.36000061035156,175.94000244140625,170.05999755859375,171.58999633789062,5749100
2024-10-21,170.77000427246094,170.77000427246094,174.16000366210938,170.39999389648438,171.5,3386700
2024-10-22,168.5,168.5,170.91000366210938,166.91000366210938,170.49000549316406,2926500
2024-10-23,166.9199981689453,166.9199981689453,170.4499969482422,165.0399932861328,168.3699951171875,3167400
2024-10-24,169.66000366210938,169.66000366210938,171.99000549316406,167.9600067138672,170.5399932861328,3531200
2024-10-25,167.5,167.5,171.1699981689453,167.0800018310547,170.5399932861328,2831000
2024-10-28,169.97000122070312,169.97000122070312,170.66000366210938,167.97000122070312,168.7100067138672,2141300
2024-10-29,169.80999755859375,169.80999755859375,169.92999267578125,168.14999389648438,168.91000366210938,2313600
2024-10-30,171.5399932861328,171.5399932861328,173.25999450683594,169.69000244140625,169.83999633789062,2500700
2024-10-31,167.75,167.75,171.25999450683594,167.58999633789062,170.49000549316406,3473000
2024-11-01,168.13999938964844,168.13999938964844,171.55999755859375,167.80999755859375,168.77999877929688,3453200
2024-11-04,167.0399932861328,167.0399932861328,169.0,166.6199951171875,167.89999389648438,2383500
2024-11-05,169.6199951171875,169.6199951171875,169.63999938964844,166.16000366210938,166.72999572753906,2609600
2024-11-06,176.3800048828125,176.3800048828125,178.3000030517578,172.5800018310547,175.0500030517578,6852200
2024-11-07,176.3000030517578,176.3000030517578,176.99000549316406,173.99000549316406,176.08999633789062,2865900
2024-11-08,177.4600067138672,177.4600067138672,178.6300048828125,175.8000030517578,176.1300048828125,2768300
2024-11-11,183.1600036621093,183.1600036621093,183.9600067138672,179.02999877929688,179.5,2998400
2024-11-12,180.6600036621093,180.6600036621093,182.63999938964844,178.02000427246094,182.1600036621093,2939600
2024-11-13,181.5599975585937,181.5599975585937,183.0,180.3999938964844,181.2700042724609,2728000
2024-11-14,181.2100067138672,181.2100067138672,184.33999633789065,180.6699981689453,182.08999633789065,2417200
2024-11-15,181.4100036621093,181.4100036621093,183.009994506836,179.77000427246094,180.13999938964844,2893600
2024-11-18,183.009994506836,183.009994506836,183.0800018310547,179.4600067138672,180.7400054931641,2083100
2024-11-19,184.9100036621093,184.9100036621093,186.32000732421875,180.8500061035156,181.0,2625500
2024-11-20,185.02999877929688,185.02999877929688,187.1199951171875,182.9199981689453,185.0,2828700
2024-11-21,194.009994506836,194.009994506836,194.63999938964844,185.0,186.5,4400600
2024-11-22,199.0500030517578,199.0500030517578,199.9499969482422,193.3099975585937,194.5800018310547,4504300
2024-11-25,193.1199951171875,193.1199951171875,200.9600067138672,193.0500030517578,200.0,6691800
2024-11-26,191.6600036621093,191.6600036621093,193.0500030517578,190.72000122070312,192.97999572753903,3205500
2024-11-27,189.0200042724609,189.0200042724609,194.22999572753903,188.5200042724609,192.9900054931641,2361300
2024-11-29,191.08999633789065,191.08999633789065,191.9499969482422,190.3999938964844,191.4900054931641,1460400
2024-12-02,187.0500030517578,187.0500030517578,192.509994506836,186.8099975585937,191.72000122070312,2712700
2024-12-03,186.1699981689453,186.1699981689453,188.5800018310547,185.1999969482422,187.32000732421875,2643800
2024-12-04,185.5,185.5,186.97000122070312,184.69000244140625,186.009994506836,2658200
2024-12-05,187.1999969482422,187.1999969482422,189.2100067138672,185.7700042724609,186.0,2264000
2024-12-06,187.0,187.0,188.9499969482422,186.6499938964844,187.52999877929688,2361100
2024-12-09,185.3500061035156,185.3500061035156,191.4900054931641,184.33999633789065,189.77999877929688,3376600
2024-12-10,189.57000732421875,189.57000732421875,191.6100006103516,184.97999572753903,185.5500030517578,3786600
2024-12-11,192.4100036621093,192.4100036621093,194.0,191.0399932861328,191.8500061035156,3556200
2024-12-12,190.3000030517578,190.3000030517578,191.3699951171875,187.7400054931641,191.0,2829500
2024-12-13,188.4199981689453,188.4199981689453,192.1699981689453,188.22999572753903,190.4900054931641,3658100
2024-12-16,188.4600067138672,188.4600067138672,189.6699981689453,187.8099975585937,189.2100067138672,2945500
2024-12-17,183.1100006103516,183.1100006103516,187.509994506836,182.9499969482422,187.13999938964844,4278200
2024-12-18,171.6999969482422,171.6999969482422,184.0,171.64999389648438,182.9100036621093,5063000
2024-12-19,168.91000366210938,168.91000366210938,174.58999633789062,168.5,174.25,7802700
2024-12-20,170.83999633789062,170.83999633789062,173.27000427246094,166.0500030517578,167.16000366210938,10913500
2024-12-23,,172.19000244140625,172.77999877929688,169.13999938964844,170.17999267578125,3299000
2024-12-24,,175.69000244140625,176.47999572753906,172.19000244140625,173.35000610351562,1584700
2024-12-26,,176.4600067138672,177.1300048828125,174.25,174.25,1438500
2024-12-27,,174.00999450683594,176.27999877929688,172.6699981689453,174.6699981689453,3124200
2024-12-30,,172.0500030517578,172.94000244140625,169.1999969482422,171.91000366210938,1899100
2024-12-31,,172.4199981689453,173.58999633789062,171.44000244140625,173.1300048828125,2181300
2025-01-02,,173.75,174.9600067138672,171.02000427246094,173.1199951171875,2393000
